method,probes,node_budget,explore_probability,seed,measurements,float_recall,binary_recall,ndcg,precision,relevance_recall,candidates,nodes,random_nodes,documents_scored,budget_exhausted,bitplane_words,routed_documents,selected_buckets,routing_float_recall,empty_result,fewer_than_k,candidate_fill_rate,retrieval_p50_ms,retrieval_p95_ms,core_p50_ms,core_p95_ms,native_p50_ms,native_p95_ms,routing_p50_ms,routing_p95_ms,rerank_p50_ms,rerank_p95_ms
ivf/branch,1,0,0.0,42,1944,0.4594135802469136,1.0,0.21482822517234965,0.05725308641975309,0.24307912166708465,100.0,255.570987654321,0.0,1065.0185185185185,0.0,2835.229938271605,1065.0185185185185,1.0,0.48750000000000004,0.0,0.0,1.0,0.11212518438696861,0.157356564886868,0.07018772885203362,0.11127213947474955,0.0681665,0.10874384999999999,0.00600004568696022,0.008750171400606632,0.03418745473027229,0.03998780157417058
ivf/branch,1,0,0.1,42,1944,0.4594135802469136,1.0,0.21482822517234965,0.05725308641975309,0.24307912166708465,100.0,255.570987654321,25.14351851851852,1065.0185185185185,0.0,2835.229938271605,1065.0185185185185,1.0,0.48750000000000004,0.0,0.0,1.0,0.11125020682811737,0.15268924180418253,0.07025012746453285,0.10978467762470245,0.068375,0.1077857,0.00583333894610405,0.007493793964385983,0.0338749960064888,0.03865468315780162
ivf/branch,1,0,0.1,43,1944,0.4594135802469136,1.0,0.21482822517234965,0.05725308641975309,0.24307912166708465,100.0,255.570987654321,25.123456790123456,1065.0185185185185,0.0,2835.229938271605,1065.0185185185185,1.0,0.48750000000000004,0.0,0.0,1.0,0.1124583650380373,0.15268931165337563,0.07095793262124062,0.11033418122678995,0.068854,0.1083277,0.00600004568696022,0.007667113095521927,0.0339169055223465,0.03904183395206928
ivf/branch,1,0,0.1,44,1944,0.4594135802469136,1.0,0.21482822517234965,0.05725308641975309,0.24307912166708465,100.0,255.570987654321,25.19753086419753,1065.0185185185185,0.0,2835.229938271605,1065.0185185185185,1.0,0.48750000000000004,0.0,0.0,1.0,0.11233310215175152,0.15665176324546334,0.07054186426103115,0.11263545602560042,0.068625,0.1106964,0.005916226655244827,0.00786851160228252,0.034207943826913834,0.039993692189455025
ivf/branch,1,16,0.0,42,1944,0.002160493827160494,0.002484567901234568,0.001753127048441266,0.000617283950617284,0.00257201646090535,0.6666666666666666,16.0,0.0,0.6666666666666666,1.0,272.92438271604937,1065.0185185185185,1.0,0.48750000000000004,0.9861111111111112,0.9861111111111112,0.006666666666666667,0.016459031030535698,0.021493900567293164,0.010207761079072952,0.012417254038155079,0.008417,0.01,0.0053746625781059265,0.006666872650384903,0.0006249174475669861,0.0008749775588512421
ivf/branch,1,16,0.1,42,1944,0.002160493827160494,0.004120370370370371,0.0026993418520916647,0.0007716049382716049,0.0033436213991769547,8.325617283950617,16.0,1.3302469135802468,8.325617283950617,1.0,258.27006172839504,1065.0185185185185,1.0,0.48750000000000004,0.39351851851851855,0.6990740740740741,0.08325617283950618,0.020792242139577866,0.03724375274032354,0.011000316590070724,0.015582889318466187,0.009167,0.013375,0.005499925464391708,0.007041729986667633,0.004083150997757912,0.014875014312565327
ivf/branch,1,16,0.1,43,1944,0.0023148148148148147,0.003425925925925926,0.0018881142615607227,0.0007716049382716049,0.002829218106995885,8.333333333333334,16.0,1.308641975308642,8.333333333333334,1.0,258.3395061728395,1065.0185185185185,1.0,0.48750000000000004,0.37037037037037035,0.6944444444444444,0.08333333333333333,0.020707957446575165,0.03491714596748352,0.010833144187927246,0.014750217087566853,0.009,0.012826849999999997,0.005458015948534012,0.0069998204708099365,0.004187459126114845,0.014416873455047607
ivf/branch,1,16,0.1,44,1944,0.002160493827160494,0.003425925925925926,0.0028893899915521048,0.000925925925925926,0.0037294238683127567,7.550925925925926,16.0,1.3148148148148149,7.550925925925926,1.0,258.84722222222223,1065.0185185185185,1.0,0.48750000000000004,0.4104938271604938,0.7191358024691358,0.07550925925925928,0.02079131081700325,0.03604218363761902,0.010999850928783417,0.015702005475759503,0.009125,0.013292,0.005540903657674789,0.007041729986667633,0.004041939973831177,0.014333054423332214
ivf/branch,1,32,0.0,42,1944,0.05077160493827161,0.06984567901234567,0.05263101311421624,0.01064814814814815,0.056189373897707236,16.12037037037037,32.0,0.0,16.641975308641975,1.0,531.0956790123457,1065.0185185185185,1.0,0.48750000000000004,0.6975308641975309,0.7052469135802469,0.1612037037037037,0.01895800232887268,0.05953588988631963,0.01237494871020317,0.02166714984923601,0.0105,0.019743699999999996,0.005417037755250931,0.006916932761669159,0.0006668269634246826,0.03283731639385221
ivf/branch,1,32,0.1,42,1944,0.03657407407407407,0.05408950617283951,0.03819805631767082,0.007870370370370371,0.041348838918283365,27.96604938271605,32.0,2.9104938271604937,28.61111111111111,1.0,504.766975308642,1065.0185185185185,1.0,0.48750000000000004,0.10030864197530864,0.31635802469135804,0.2796604938271605,0.03391713835299015,0.0669328263029456,0.016250181943178177,0.024244026280939576,0.014125,0.022034849999999998,0.005875248461961746,0.009570410475134843,0.010999850928783417,0.034784805029630654
ivf/branch,1,32,0.1,43,1944,0.034567901234567905,0.05121913580246913,0.028542894947292268,0.005709876543209877,0.03029835390946502,27.700617283950617,32.0,2.9027777777777777,28.46759259259259,1.0,505.45524691358025,1065.0185185185185,1.0,0.48750000000000004,0.09722222222222222,0.30092592592592593,0.2770061728395062,0.031458912417292595,0.06065980996936559,0.01491699367761612,0.022208248265087605,0.012958,0.020084,0.005708076059818268,0.007292255759239197,0.01004151999950409,0.0318268546834588
ivf/branch,1,32,0.1,44,1944,0.03580246913580246,0.05287037037037037,0.0388954706774667,0.0070987654320987656,0.04197530864197531,26.728395061728396,32.0,2.8858024691358026,27.364197530864196,1.0,505.7916666666667,1065.0185185185185,1.0,0.48750000000000004,0.1095679012345679,0.3117283950617284,0.2672839506172839,0.03060419112443924,0.05703575443476438,0.014500226825475693,0.021327193826436993,0.012583,0.01929185,0.005583278834819794,0.007207971066236496,0.009812414646148682,0.029458594508469105
ivf/branch,1,64,0.0,42,1944,0.30000000000000004,0.4397685185185185,0.18312387379024164,0.047839506172839504,0.19577422748719045,93.47839506172839,64.0,0.0,148.89969135802468,1.0,891.3966049382716,1065.0185185185185,1.0,0.48750000000000004,0.012345679012345678,0.012345679012345678,0.9347839506172838,0.06960448808968067,0.08200015872716904,0.029041897505521774,0.03641075454652309,0.0269585,0.033875,0.005790963768959045,0.007708091288805008,0.03395904786884785,0.03977965097874402
ivf/branch,1,64,0.1,42,1944,0.2728395061728395,0.40714506172839504,0.17413577613849057,0.04429012345679012,0.18627062666414518,94.79783950617283,64.0,6.1003086419753085,157.64506172839506,1.0,865.9135802469136,1065.0185185185185,1.0,0.48750000000000004,0.0,0.0030864197530864196,0.9479783950617283,0.0716252252459526,0.0931122340261936,0.030291732400655746,0.039618834853172295,0.028166,0.036284849999999993,0.006041955202817917,0.010660616680979725,0.03441702574491501,0.042125117033720016
ivf/branch,1,64,0.1,43,1944,0.2700617283950617,0.4073765432098766,0.17170506562863155,0.043055555555555555,0.18111557081464488,94.62191358024691,64.0,6.08179012345679,159.12037037037038,1.0,866.3842592592592,1065.0185185185185,1.0,0.48750000000000004,0.0,0.004629629629629629,0.9462191358024692,0.06820796988904476,0.0803625676780939,0.028042122721672058,0.03645881079137325,0.026042,0.0342027,0.005667097866535187,0.007166992872953415,0.033750198781490326,0.03841612488031387
ivf/branch,1,64,0.1,44,1944,0.27314814814814814,0.4079012345679012,0.1764478809811181,0.04413580246913581,0.18836865723439797,94.50617283950618,64.0,6.066358024691358,157.27623456790124,1.0,867.675925925926,1065.0185185185185,1.0,0.48750000000000004,0.0,0.0030864197530864196,0.9450617283950616,0.06845803000032902,0.07895170710980892,0.028792070224881172,0.03595869056880474,0.02675,0.033833850000000006,0.005749985575675964,0.0072089023888111115,0.033250078558921814,0.03753500059247016
ivf/branch,1,128,0.0,42,1944,0.39691358024691353,0.728996913580247,0.20315305794979582,0.05401234567901234,0.2280156785943823,100.0,127.51851851851852,0.0,398.4320987654321,0.9614197530864198,1666.594135802469,1065.0185185185185,1.0,0.48750000000000004,0.0,0.0,1.0,0.08491589687764645,0.09811872150748968,0.04424992948770523,0.05383370444178581,0.042083,0.05144554999999999,0.005792360752820969,0.007375073619186878,0.03400025889277458,0.03890963271260261
ivf/branch,1,128,0.1,42,1944,0.396141975308642,0.7272067901234567,0.20461114005134318,0.054629629629629625,0.22997041110467037,100.0,127.51851851851852,12.466049382716049,414.11574074074076,0.9614197530864198,1609.3086419753085,1065.0185185185185,1.0,0.48750000000000004,0.0,0.0,1.0,0.0868749339133501,0.10174978524446487,0.04591699689626694,0.05595190450549125,0.043708,0.0534107,0.005917157977819443,0.0077909789979457855,0.034125056117773056,0.0398625386878848
ivf/branch,1,128,0.1,43,1944,0.39567901234567904,0.7262345679012344,0.20257264090884314,0.05447530864197531,0.22692685829259904,100.0,127.51851851851852,12.42283950617284,414.1003086419753,0.9614197530864198,1611.8055555555557,1065.0185185185185,1.0,0.48750000000000004,0.0,0.0,1.0,0.08716713637113571,0.10657950770109886,0.045999884605407715,0.05718956235796212,0.043875,0.054159849999999995,0.0059157609939575195,0.008409749716520306,0.03454182296991348,0.0418687704950571
ivf/branch,1,128,0.1,44,1944,0.39490740740740743,0.7277777777777777,0.2038010670693606,0.05401234567901234,0.22827288024047282,100.0,127.51851851851852,12.432098765432098,416.15277777777777,0.9614197530864198,1607.3873456790122,1065.0185185185185,1.0,0.48750000000000004,0.0,0.0,1.0,0.0874795950949192,0.10245176963508129,0.04637520760297775,0.0561252236366272,0.044167,0.053701849999999995,0.005958136171102524,0.008159759454429146,0.034270575270056725,0.04070803988724947
ivf/branch,1,256,0.0,42,1944,0.45046296296296295,0.9640277777777778,0.2123185441968215,0.05648148148148148,0.2403270640539159,100.0,218.50617283950618,0.0,853.1265432098766,0.4182098765432099,2548.882716049383,1065.0185185185185,1.0,0.48750000000000004,0.0,0.0,1.0,0.10962504893541336,0.1344203250482678,0.06779143586754799,0.08427877910435198,0.06552050000000001,0.081625,0.006082933396100998,0.010475260205566867,0.03491714596748352,0.043159723281860345
ivf/branch,1,256,0.1,42,1944,0.44999999999999996,0.9623919753086421,0.20973021196413008,0.056018518518518516,0.2364690393625579,100.0,218.50617283950618,21.501543209876544,857.891975308642,0.4182098765432099,2521.5555555555557,1065.0185185185185,1.0,0.48750000000000004,0.0,0.0,1.0,0.11041644029319286,0.1312441425397992,0.06874999962747097,0.08462502155452967,0.066625,0.082083,0.00600004568696022,0.007958081550896168,0.034916214644908905,0.04183307755738497
ivf/branch,1,256,0.1,43,1944,0.4503086419753086,0.9621759259259258,0.20997584261818855,0.05617283950617284,0.2372406443008295,100.0,218.50617283950618,21.421296296296298,858.3487654320987,0.4182098765432099,2522.7746913580245,1065.0185185185185,1.0,0.48750000000000004,0.0,0.0,1.0,0.10791700333356857,0.1265296246856451,0.06718747317790985,0.08240370079874991,0.065104,0.08025,0.005875248461961746,0.007417052984237671,0.03420887514948845,0.038951542228460305
ivf/branch,1,256,0.1,44,1944,0.4503086419753086,0.9624691358024691,0.20972244291030395,0.056018518518518516,0.2364690393625579,100.0,218.50617283950618,21.515432098765434,857.9305555555555,0.4182098765432099,2522.83024691358,1065.0185185185185,1.0,0.48750000000000004,0.0,0.0,1.0,0.10733352974057198,0.12502344325184822,0.06685405969619751,0.0822919188067317,0.064688,0.07982054999999999,0.0058747828006744385,0.007292185910046101,0.0338749960064888,0.038493657484650605
ivf/branch,1,512,0.0,42,1944,0.4594135802469136,0.9999845679012346,0.21482822517234965,0.05725308641975309,0.24307912166708465,100.0,255.4814814814815,0.0,1064.5,0.004629629629629629,2835.1373456790125,1065.0185185185185,1.0,0.48750000000000004,0.0,0.0,1.0,0.11939601972699165,0.17361892387270927,0.07422943599522114,0.12140180915594098,0.07181299999999999,0.1185,0.0064158812165260315,0.012933090329170211,0.03604218363761902,0.04586840514093637
ivf/branch,1,512,0.1,42,1944,0.4594135802469136,1.0,0.21482822517234965,0.05725308641975309,0.24307912166708465,100.0,255.4814814814815,25.13425925925926,1064.466049382716,0.004629629629629629,2835.1836419753085,1065.0185185185185,1.0,0.48750000000000004,0.0,0.0,1.0,0.11558341793715954,0.16125012189149857,0.07277121767401695,0.11782790534198284,0.0706455,0.11548755,0.006041955202817917,0.00882029999047517,0.034624943509697914,0.041284970939159386
ivf/branch,1,512,0.1,43,1944,0.4594135802469136,0.9999845679012346,0.21482822517234965,0.05725308641975309,0.24307912166708465,100.0,255.4814814814815,25.118827160493826,1064.516975308642,0.004629629629629629,2835.1373456790125,1065.0185185185185,1.0,0.48750000000000004,0.0,0.0,1.0,0.11397944763302803,0.15556549187749624,0.07189554162323475,0.11290437541902064,0.06975,0.11062769999999995,0.005917157977819443,0.007832888513803482,0.03441609442234039,0.039999838918447495
ivf/branch,1,512,0.1,44,1944,0.4594135802469136,0.9999845679012346,0.21482822517234965,0.05725308641975309,0.24307912166708465,100.0,255.4814814814815,25.189814814814813,1064.5046296296296,0.004629629629629629,2835.1836419753085,1065.0185185185185,1.0,0.48750000000000004,0.0,0.0,1.0,0.11481205001473427,0.1632830128073692,0.07254187949001789,0.11617774143815039,0.0704375,0.1136544,0.006042420864105225,0.009125098586082458,0.03450014628469944,0.04149973392486572
ivf/branch,1,1024,0.0,42,1944,0.4594135802469136,1.0,0.21482822517234965,0.05725308641975309,0.24307912166708465,100.0,255.570987654321,0.0,1065.0185185185185,0.0,2835.229938271605,1065.0185185185185,1.0,0.48750000000000004,0.0,0.0,1.0,0.11570844799280167,0.1598623814061284,0.07224990986287594,0.11463600676506756,0.070125,0.1120357,0.006041955202817917,0.008368631824851033,0.03533298149704933,0.041868700645864
ivf/branch,1,1024,0.1,42,1944,0.4594135802469136,1.0,0.21482822517234965,0.05725308641975309,0.24307912166708465,100.0,255.570987654321,25.14351851851852,1065.0185185185185,0.0,2835.229938271605,1065.0185185185185,1.0,0.48750000000000004,0.0,0.0,1.0,0.11504162102937698,0.1610106788575649,0.07314607501029968,0.1172501826658845,0.071,0.114917,0.005958136171102524,0.009654555469751351,0.03408314660191536,0.04166101571172475
ivf/branch,1,1024,0.1,43,1944,0.4594135802469136,1.0,0.21482822517234965,0.05725308641975309,0.24307912166708465,100.0,255.570987654321,25.123456790123456,1065.0185185185185,0.0,2835.229938271605,1065.0185185185185,1.0,0.48750000000000004,0.0,0.0,1.0,0.1141249667853117,0.15643313527107236,0.07206248119473457,0.11348777916282414,0.0700625,0.11152854999999999,0.005958136171102524,0.0074999406933784485,0.034708064049482346,0.03944537602365016
ivf/branch,1,1024,0.1,44,1944,0.4594135802469136,1.0,0.21482822517234965,0.05725308641975309,0.24307912166708465,100.0,255.570987654321,25.19753086419753,1065.0185185185185,0.0,2835.229938271605,1065.0185185185185,1.0,0.48750000000000004,0.0,0.0,1.0,0.11825002729892731,0.1703623216599226,0.07427064701914787,0.12064180336892603,0.07175,0.11794374999999996,0.006209127604961395,0.012058694846928104,0.03539561294019222,0.04532691091299056
ivf/branch,1,2048,0.0,42,1944,0.4594135802469136,1.0,0.21482822517234965,0.05725308641975309,0.24307912166708465,100.0,255.570987654321,0.0,1065.0185185185185,0.0,2835.229938271605,1065.0185185185185,1.0,0.48750000000000004,0.0,0.0,1.0,0.11341646313667297,0.15698752831667662,0.07083406671881676,0.1133562996983528,0.0686665,0.11131424999999999,0.005957670509815216,0.007791770622134209,0.0344796571880579,0.04052929580211639
ivf/branch,1,2048,0.1,42,1944,0.4594135802469136,1.0,0.21482822517234965,0.05725308641975309,0.24307912166708465,100.0,255.570987654321,25.14351851851852,1065.0185185185185,0.0,2835.229938271605,1065.0185185185185,1.0,0.48750000000000004,0.0,0.0,1.0,0.11310447007417679,0.1549150329083204,0.07110461592674255,0.11277315206825732,0.069125,0.11080629999999995,0.005916692316532135,0.007534772157669064,0.03458419814705849,0.03895200788974761
ivf/branch,1,2048,0.1,43,1944,0.4594135802469136,1.0,0.21482822517234965,0.05725308641975309,0.24307912166708465,100.0,255.570987654321,25.123456790123456,1065.0185185185185,0.0,2835.229938271605,1065.0185185185185,1.0,0.48750000000000004,0.0,0.0,1.0,0.11218804866075516,0.155320530757308,0.07062498480081558,0.11240451131016015,0.06868750000000001,0.11034379999999998,0.0058747828006744385,0.007582828402519226,0.03404216840863228,0.039833527989685535
ivf/branch,1,2048,0.1,44,1944,0.4594135802469136,1.0,0.21482822517234965,0.05725308641975309,0.24307912166708465,100.0,255.570987654321,25.19753086419753,1065.0185185185185,0.0,2835.229938271605,1065.0185185185185,1.0,0.48750000000000004,0.0,0.0,1.0,0.11322880163788795,0.1568078529089689,0.07149996235966682,0.11383148375898597,0.069521,0.1116411,0.005875248461961746,0.007541710510849953,0.03437511622905731,0.03966689109802246
ivf/branch,1,4096,0.0,42,1944,0.4594135802469136,1.0,0.21482822517234965,0.05725308641975309,0.24307912166708465,100.0,255.570987654321,0.0,1065.0185185185185,0.0,2835.229938271605,1065.0185185185185,1.0,0.48750000000000004,0.0,0.0,1.0,0.11208350770175457,0.1555643742904067,0.07041660137474537,0.1132915960624814,0.06839600000000001,0.1112374,0.00600004568696022,0.007409579120576378,0.03408314660191536,0.039042369462549686
ivf/branch,1,4096,0.1,42,1944,0.4594135802469136,1.0,0.21482822517234965,0.05725308641975309,0.24307912166708465,100.0,255.570987654321,25.14351851851852,1065.0185185185185,0.0,2835.229938271605,1065.0185185185185,1.0,0.48750000000000004,0.0,0.0,1.0,0.1138544175773859,0.1567731611430645,0.07139565423130989,0.1130706164985895,0.069375,0.11102309999999999,0.00600004568696022,0.008577713742852208,0.03420887514948845,0.04128576256334781
ivf/branch,1,4096,0.1,43,1944,0.4594135802469136,1.0,0.21482822517234965,0.05725308641975309,0.24307912166708465,100.0,255.570987654321,25.123456790123456,1065.0185185185185,0.0,2835.229938271605,1065.0185185185185,1.0,0.48750000000000004,0.0,0.0,1.0,0.11095823720097542,0.15182502102106807,0.06937491707503796,0.10955191683024167,0.067354,0.10738494999999998,0.005791895091533661,0.007577077485620972,0.03400025889277458,0.03900006413459778
ivf/branch,1,4096,0.1,44,1944,0.4594135802469136,1.0,0.21482822517234965,0.05725308641975309,0.24307912166708465,100.0,255.570987654321,25.19753086419753,1065.0185185185185,0.0,2835.229938271605,1065.0185185185185,1.0,0.48750000000000004,0.0,0.0,1.0,0.11512497439980507,0.15898754354566336,0.07252092473208904,0.1142793335020542,0.0703755,0.112041,0.00600004568696022,0.007832888513803482,0.03470759838819504,0.041082967072725296
ivf/branch,2,0,0.0,42,1944,0.6063271604938273,1.0,0.27631715530637546,0.0742283950617284,0.321369983754243,100.0,496.875,0.0,2097.9706790123455,0.0,5419.378086419753,2097.9706790123455,2.0,0.6708333333333333,0.0,0.0,1.0,0.17141690477728844,0.22860607132315636,0.12872903607785702,0.18523111939430237,0.12658350000000002,0.18248574999999997,0.006250105798244476,0.008542090654373169,0.0349581241607666,0.04057749174535274
ivf/branch,2,0,0.1,42,1944,0.6063271604938273,1.0,0.27631715530637546,0.0742283950617284,0.321369983754243,100.0,496.875,49.42438271604938,2097.9706790123455,0.0,5419.378086419753,2097.9706790123455,2.0,0.6708333333333333,0.0,0.0,1.0,0.17281249165534973,0.2373919356614351,0.1305204350501299,0.1907314406707883,0.1283125,0.18778569999999997,0.006207730621099472,0.010499730706214905,0.034708064049482346,0.042397761717438684
ivf/branch,2,0,0.1,43,1944,0.6063271604938273,1.0,0.27631715530637546,0.0742283950617284,0.321369983754243,100.0,496.875,49.43981481481482,2097.9706790123455,0.0,5419.378086419753,2097.9706790123455,2.0,0.6708333333333333,0.0,0.0,1.0,0.18245819956064224,0.25952868163585663,0.13652071356773376,0.2054273150861263,0.1342915,0.20206425,0.006417278200387955,0.014434172771871074,0.03629131242632866,0.050397822633385644
ivf/branch,2,0,0.1,44,1944,0.6063271604938273,1.0,0.27631715530637546,0.0742283950617284,0.321369983754243,100.0,496.875,49.598765432098766,2097.9706790123455,0.0,5419.378086419753,2097.9706790123455,2.0,0.6708333333333333,0.0,0.0,1.0,0.17393706366419792,0.23688953369855875,0.13089599087834358,0.1888214610517025,0.12864599999999998,0.18659365,0.006292015314102173,0.008875038474798203,0.03470899537205696,0.04111244343221187
ivf/branch,2,16,0.0,42,1944,0.0,0.0,0.0,0.0,0.0,0.0,16.0,0.0,0.0,1.0,269.74074074074076,2097.9706790123455,2.0,0.6708333333333333,1.0,1.0,0.0,0.017458107322454453,0.02382057718932628,0.010834075510501862,0.012834090739488602,0.009,0.010084,0.005666166543960571,0.008563953451812255,0.0006668269634246826,0.0009997747838497162
ivf/branch,2,16,0.1,42,1944,0.000154320987654321,0.00037037037037037035,0.0,0.0,0.0,6.032407407407407,16.0,1.5848765432098766,6.032407407407407,1.0,259.02777777777777,2097.9706790123455,2.0,0.6708333333333333,0.5046296296296297,0.7700617283950617,0.06032407407407408,0.019208062440156937,0.03477931022644042,0.010895542800426483,0.015118997544050213,0.009042,0.013,0.005540903657674789,0.007083173841238022,0.0010211952030658722,0.013618636876344677
ivf/branch,2,16,0.1,43,1944,0.0,0.0003703703703703704,0.0,0.0,0.0,5.6157407407407405,16.0,1.5941358024691359,5.6157407407407405,1.0,258.55555555555554,2097.9706790123455,2.0,0.6708333333333333,0.4984567901234568,0.7839506172839507,0.05615740740740741,0.019749626517295837,0.034952373243868344,0.011084135621786118,0.014909915626049038,0.0092295,0.012833,0.005667097866535187,0.006750156171619892,0.003041233867406845,0.013898033648729312
ivf/branch,2,16,0.1,44,1944,0.0,0.0004166666666666667,0.0015486531524036423,0.000308641975308642,0.0011574074074074073,5.828703703703703,16.0,1.5740740740740742,5.828703703703703,1.0,259.2191358024691,2097.9706790123455,2.0,0.6708333333333333,0.5015432098765432,0.7808641975308642,0.05828703703703704,0.019770581275224686,0.03569666296243667,0.011041760444641113,0.015243794769048687,0.009167,0.013160699999999996,0.005604466423392296,0.0072089023888111115,0.0017706770449876785,0.01411875709891319
ivf/branch,2,32,0.0,42,1944,0.002777777777777778,0.0028240740740740743,0.0018166581441729271,0.000617283950617284,0.00257201646090535,1.0092592592592593,32.0,0.0,1.1512345679012346,1.0,538.7222222222222,2097.9706790123455,2.0,0.6708333333333333,0.9753086419753086,0.9753086419753086,0.010092592592592592,0.018499791622161865,0.022958824411034584,0.012124888598918915,0.014999881386756897,0.010208,0.012708849999999999,0.005458947271108627,0.0066672684624791145,0.0006249174475669861,0.0008330680429935455
ivf/branch,2,32,0.1,42,1944,0.002932098765432099,0.003256172839506173,0.0018166581441729271,0.000617283950617284,0.00257201646090535,15.344135802469136,32.0,3.134259259259259,15.429012345679013,1.0,513.5617283950618,2097.9706790123455,2.0,0.6708333333333333,0.21604938271604937,0.5154320987654321,0.15344135802469133,0.026333611458539963,0.04595261998474597,0.013957731425762177,0.019832979887723923,0.011917,0.0175,0.005708076059818268,0.007375143468379974,0.006145564839243889,0.019916659221053123
ivf/branch,2,32,0.1,43,1944,0.002777777777777778,0.0035339506172839506,0.0019516453572923842,0.0007716049382716049,0.002829218106995885,14.688271604938272,32.0,3.1358024691358026,14.766975308641975,1.0,512.4475308641976,2097.9706790123455,2.0,0.6708333333333333,0.18209876543209877,0.49228395061728397,0.14688271604938272,0.027583912014961243,0.04549354780465364,0.014479504898190498,0.01975002232939005,0.012459,0.017534849999999998,0.005791895091533661,0.007417052984237671,0.006895978003740311,0.01911849249154329
ivf/branch,2,32,0.1,44,1944,0.002623456790123457,0.003487654320987654,0.0033653112965765695,0.000925925925925926,0.003729423868312757,14.42283950617284,32.0,3.115740740740741,14.515432098765432,1.0,513.5493827160494,2097.9706790123455,2.0,0.6708333333333333,0.19444444444444445,0.5,0.14422839506172838,0.026416964828968048,0.042868545278906815,0.013916287571191788,0.018868828192353245,0.011916,0.016659849999999997,0.005667097866535187,0.007291790097951889,0.006145564839243889,0.018404261209070676
ivf/branch,2,64,0.0,42,1944,0.10540123456790124,0.10251543209876544,0.08408297186906893,0.018981481481481485,0.088055822778045,30.864197530864196,64.0,0.0,38.401234567901234,1.0,1045.0694444444443,2097.9706790123455,2.0,0.6708333333333333,0.5447530864197531,0.5478395061728395,0.30864197530864196,0.025667017325758934,0.07386908400803804,0.01770816743373871,0.03241680096834898,0.015417,0.03003485,0.00562518835067749,0.00733276829123497,0.0007913913577795029,0.03595175221562385
ivf/branch,2,64,0.1,42,1944,0.07530864197530864,0.07348765432098767,0.06239915089662324,0.012962962962962964,0.06759994121105233,50.07253086419753,64.0,6.316358024691358,58.65432098765432,1.0,998.5108024691358,2097.9706790123455,2.0,0.6708333333333333,0.016975308641975308,0.11265432098765432,0.5007253086419754,0.047270674258470535,0.07680824492126702,0.02285442315042019,0.03469563089311122,0.020459,0.0324107,0.005958136171102524,0.007541710510849953,0.0177919864654541,0.03607680555433034
ivf/branch,2,64,0.1,43,1944,0.07854938271604937,0.07541666666666666,0.058165380573201086,0.0125,0.06419936801881246,50.111111111111114,64.0,6.305555555555555,58.52469135802469,1.0,998.5308641975308,2097.9706790123455,2.0,0.6708333333333333,0.013888888888888888,0.09722222222222222,0.5011111111111111,0.045833876356482506,0.07516704499721527,0.021957792341709137,0.03308423329144716,0.019667,0.03090439999999999,0.006041955202817917,0.007541850209236145,0.01714564859867096,0.03570783883333206
ivf/branch,2,64,0.1,44,1944,0.07623456790123456,0.07483024691358024,0.06558508326290881,0.013117283950617283,0.06993680188124632,50.03703703703704,64.0,6.325617283950617,58.28858024691358,1.0,999.8858024691358,2097.9706790123455,2.0,0.6708333333333333,0.006172839506172839,0.09567901234567901,0.5003703703703704,0.04835380241274834,0.07874984294176102,0.022792024537920952,0.034208339639008045,0.020417,0.03160624999999999,0.0061248429119586945,0.008368631824851033,0.018229708075523376,0.03732056356966495
ivf/branch,2,128,0.0,42,1944,0.44382716049382714,0.5259567901234566,0.2489635511908713,0.06604938271604938,0.27590469372876775,99.84413580246914,128.0,0.0,307.68364197530866,1.0,1777.7206790123457,2097.9706790123455,2.0,0.6708333333333333,0.0,0.0,0.9984413580246914,0.08912477642297745,0.11714817956089972,0.04750024527311325,0.061125028878450394,0.0449795,0.05769555,0.0061248429119586945,0.011731241829693305,0.03491714596748352,0.043529481627047055
ivf/branch,2,128,0.1,42,1944,0.41929012345679006,0.4956944444444445,0.24055148740078133,0.06373456790123457,0.2668475214771511,99.75771604938272,128.0,12.726851851851851,327.14506172839504,1.0,1722.5200617283951,2097.9706790123455,2.0,0.6708333333333333,0.0,0.0,0.9975771604938272,0.0908123329281807,0.12698108330368996,0.04916684702038765,0.06663610693067311,0.046833,0.06184364999999998,0.0061248429119586945,0.01190416514873504,0.03491714596748352,0.047737406566739075
ivf/branch,2,128,0.1,43,1944,0.4182098765432099,0.4954320987654321,0.24060892795813044,0.06373456790123457,0.2655835591020776,99.58487654320987,128.0,12.731481481481481,325.95061728395063,1.0,1724.0447530864199,2097.9706790123455,2.0,0.6708333333333333,0.0,0.0,0.9958487654320987,0.085791340097785,0.10170172899961472,0.04512490704655647,0.05764830857515334,0.042854500000000004,0.05539824999999999,0.005916226655244827,0.00753484200686216,0.0338749960064888,0.03949403762817382
ivf/branch,2,128,0.1,44,1944,0.42083333333333334,0.4959722222222222,0.24056358792130703,0.06311728395061729,0.2636471981379389,99.71913580246914,128.0,12.760802469135802,324.42283950617286,1.0,1725.5694444444443,2097.9706790123455,2.0,0.6708333333333333,0.0,0.0,0.9971913580246914,0.08899997919797897,0.10605240240693091,0.047854380682110786,0.05900014657527208,0.045416,0.056291850000000004,0.006082933396100998,0.008333800360560417,0.034207943826913834,0.039993948303163045
ivf/branch,2,256,0.0,42,1944,0.5429012345679013,0.7746604938271605,0.2672332854107243,0.07175925925925926,0.305936047834196,100.0,255.7283950617284,0.0,799.2361111111111,0.9861111111111112,3380.1496913580245,2097.9706790123455,2.0,0.6708333333333333,0.0,0.0,1.0,0.11295825242996216,0.13095256872475147,0.07237493991851807,0.08724387735128403,0.06968750000000001,0.0845357,0.006041955202817917,0.007909629493951794,0.0337907113134861,0.038291653618216515
ivf/branch,2,256,0.1,42,1944,0.5401234567901234,0.7736882716049382,0.266357539443523,0.07191358024691359,0.3045104158530085,100.0,255.7283950617284,25.47530864197531,832.2515432098766,0.9861111111111112,3266.0046296296296,2097.9706790123455,2.0,0.6708333333333333,0.0,0.0,1.0,0.11466676369309425,0.13141706585884094,0.0744163990020752,0.08861261885613202,0.071875,0.08610009999999998,0.005917157977819443,0.007416913285851479,0.03366684541106224,0.038125086575746536
ivf/branch,2,256,0.1,43,1944,0.5430555555555556,0.7755246913580246,0.2668192133134255,0.07160493827160493,0.30384169157317303,100.0,255.7283950617284,25.462962962962962,832.3533950617284,0.9861111111111112,3266.473765432099,2097.9706790123455,2.0,0.6708333333333333,0.0,0.0,1.0,0.11502113193273544,0.13229104224592447,0.07479218766093254,0.08899997919797897,0.072209,0.08604184999999999,0.005958136171102524,0.007493863813579079,0.033833086490631104,0.03841605503112078
ivf/branch,2,256,0.1,44,1944,0.5405864197530864,0.7727469135802469,0.2675832652221264,0.07191358024691359,0.30615650638798786,100.0,255.7283950617284,25.45679012345679,829.7438271604939,0.9861111111111112,3267.2993827160494,2097.9706790123455,2.0,0.6708333333333333,0.0,0.0,1.0,0.11541694402694702,0.13661684934049842,0.07483316585421562,0.09111221879720686,0.07225,0.088041,0.005958136171102524,0.007667043246328831,0.0338749960064888,0.03983392380177975
ivf/branch,2,512,0.0,42,1944,0.6029320987654321,0.9842438271604939,0.27512081774463404,0.07407407407407407,0.3196210125608273,100.0,447.429012345679,0.0,1812.8873456790122,0.4182098765432099,5088.603395061728,2097.9706790123455,2.0,0.6708333333333333,0.0,0.0,1.0,0.1618328969925642,0.19245906732976437,0.12068753130733967,0.14710603281855583,0.118333,0.14440984999999998,0.006249640136957169,0.008534616790711876,0.034500379115343094,0.04066706169396639
ivf/branch,2,512,0.1,42,1944,0.6018518518518519,0.9833950617283952,0.2751257205200699,0.07407407407407407,0.3196210125608273,100.0,447.429012345679,44.66512345679013,1816.0725308641975,0.4182098765432099,5062.319444444444,2097.9706790123455,2.0,0.6708333333333333,0.0,0.0,1.0,0.16722921282052994,0.2034812467172742,0.12543704360723495,0.15452923253178596,0.1231875,0.15116069999999998,0.006292015314102173,0.010292045772075653,0.03479188308119774,0.04226674791425465
ivf/branch,2,512,0.1,43,1944,0.6020061728395063,0.9836265432098766,0.27489957447881247,0.07391975308641975,0.31949241173778214,100.0,447.429012345679,44.60493827160494,1816.3148148148148,0.4182098765432099,5062.563271604939,2097.9706790123455,2.0,0.6708333333333333,0.0,0.0,1.0,0.16122916713356972,0.19157668575644493,0.12060394510626793,0.14690442476421595,0.1182085,0.1439464,0.0061248429119586945,0.008160085417330262,0.034207943826913834,0.03983406350016594
ivf/branch,2,512,0.1,44,1944,0.6015432098765433,0.9835493827160494,0.2749410411606077,0.07391975308641975,0.31949241173778214,100.0,447.429012345679,44.67283950617284,1815.962962962963,0.4182098765432099,5064.166666666667,2097.9706790123455,2.0,0.6708333333333333,0.0,0.0,1.0,0.16227108426392078,0.1914874417707324,0.12147938832640648,0.14766089152544737,0.11914549999999999,0.14516069999999998,0.006125308573246002,0.007833284325897694,0.03416696563363075,0.03933301195502281
ivf/branch,2,1024,0.0,42,1944,0.6063271604938273,1.0,0.27631715530637546,0.0742283950617284,0.321369983754243,100.0,496.875,0.0,2097.9706790123455,0.0,5419.378086419753,2097.9706790123455,2.0,0.6708333333333333,0.0,0.0,1.0,0.17456244677305222,0.2529106568545103,0.13060448691248894,0.1966669224202633,0.1280415,0.19351079999999998,0.006416812539100647,0.013606459833681571,0.035250093787908554,0.04685614258050917
ivf/branch,2,1024,0.1,42,1944,0.6063271604938273,1.0,0.27631715530637546,0.0742283950617284,0.321369983754243,100.0,496.875,49.42438271604938,2097.9706790123455,0.0,5419.378086419753,2097.9706790123455,2.0,0.6708333333333333,0.0,0.0,1.0,0.1729368232190609,0.232834299094975,0.13083312660455704,0.18866711761802435,0.128708,0.18639825,0.006291083991527557,0.0086954329162836,0.03441609442234039,0.04079232458025217
ivf/branch,2,1024,0.1,43,1944,0.6063271604938273,1.0,0.27631715530637546,0.0742283950617284,0.321369983754243,100.0,496.875,49.43981481481482,2097.9706790123455,0.0,5419.378086419753,2097.9706790123455,2.0,0.6708333333333333,0.0,0.0,1.0,0.1810209359973669,0.2669580280780792,0.13633398339152336,0.2089205430820584,0.13374950000000002,0.2045518499999999,0.006459187716245651,0.01569022424519061,0.03574974834918976,0.050985766574740375
ivf/branch,2,1024,0.1,44,1944,0.6063271604938273,1.0,0.27631715530637546,0.0742283950617284,0.321369983754243,100.0,496.875,49.598765432098766,2097.9706790123455,0.0,5419.378086419753,2097.9706790123455,2.0,0.6708333333333333,0.0,0.0,1.0,0.17372891306877136,0.23278570733964443,0.13093743473291397,0.1899607246741652,0.128813,0.18755809999999998,0.006291782483458519,0.008459202945232391,0.034957658499479294,0.04061860963702201
ivf/branch,2,2048,0.0,42,1944,0.6063271604938273,1.0,0.27631715530637546,0.0742283950617284,0.321369983754243,100.0,496.875,0.0,2097.9706790123455,0.0,5419.378086419753,2097.9706790123455,2.0,0.6708333333333333,0.0,0.0,1.0,0.1706872135400772,0.22821249440312383,0.12785382568836212,0.183462374843657,0.1256875,0.18084365,0.006125308573246002,0.008451589383184906,0.0350000336766243,0.04195880610495806
ivf/branch,2,2048,0.1,42,1944,0.6063271604938273,1.0,0.27631715530637546,0.0742283950617284,0.321369983754243,100.0,496.875,49.42438271604938,2097.9706790123455,0.0,5419.378086419753,2097.9706790123455,2.0,0.6708333333333333,0.0,0.0,1.0,0.17654220573604107,0.23740357719361782,0.1335623674094677,0.19089186098426578,0.131354,0.18860624999999998,0.006332993507385254,0.009083189070224762,0.035249628126621246,0.042320368811488145
ivf/branch,2,2048,0.1,43,1944,0.6063271604938273,1.0,0.27631715530637546,0.0742283950617284,0.321369983754243,100.0,496.875,49.43981481481482,2097.9706790123455,0.0,5419.378086419753,2097.9706790123455,2.0,0.6708333333333333,0.0,0.0,1.0,0.17458293586969376,0.24182044435292482,0.13122940436005592,0.19446709193289274,0.12925,0.19058385,0.006333924829959869,0.009409594349563118,0.035665929317474365,0.04355194978415964
ivf/branch,2,2048,0.1,44,1944,0.6063271604938273,1.0,0.27631715530637546,0.0742283950617284,0.321369983754243,100.0,496.875,49.598765432098766,2097.9706790123455,0.0,5419.378086419753,2097.9706790123455,2.0,0.6708333333333333,0.0,0.0,1.0,0.17697899602353573,0.25012483820319176,0.13349996879696846,0.20052336622029543,0.130854,0.19725269999999995,0.0063749030232429504,0.012731086462736118,0.0350000336766243,0.045356247574090944
ivf/branch,2,4096,0.0,42,1944,0.6063271604938273,1.0,0.27631715530637546,0.0742283950617284,0.321369983754243,100.0,496.875,0.0,2097.9706790123455,0.0,5419.378086419753,2097.9706790123455,2.0,0.6708333333333333,0.0,0.0,1.0,0.16985461115837097,0.2286689588800072,0.12781284749507904,0.18290791194885966,0.12575,0.18071249999999997,0.00620819628238678,0.008250121027231216,0.03454228863120079,0.040292274206876755
ivf/branch,2,4096,0.1,42,1944,0.6063271604938273,1.0,0.27631715530637546,0.0742283950617284,0.321369983754243,100.0,496.875,49.42438271604938,2097.9706790123455,0.0,5419.378086419753,2097.9706790123455,2.0,0.6708333333333333,0.0,0.0,1.0,0.17950031906366348,0.2664043568074703,0.13527064584195614,0.20625006873160592,0.132709,0.20064725,0.006416812539100647,0.01561236567795276,0.03512483090162277,0.050612259656190865
ivf/branch,2,4096,0.1,43,1944,0.6063271604938273,1.0,0.27631715530637546,0.0742283950617284,0.321369983754243,100.0,496.875,49.43981481481482,2097.9706790123455,0.0,5419.378086419753,2097.9706790123455,2.0,0.6708333333333333,0.0,0.0,1.0,0.1762709580361843,0.23768304381519553,0.13312511146068573,0.1926688710227608,0.1309165,0.19007685,0.006292015314102173,0.009493809193372723,0.03558304160833359,0.04261862486600875
ivf/branch,2,4096,0.1,44,1944,0.6063271604938273,1.0,0.27631715530637546,0.0742283950617284,0.321369983754243,100.0,496.875,49.598765432098766,2097.9706790123455,0.0,5419.378086419753,2097.9706790123455,2.0,0.6708333333333333,0.0,0.0,1.0,0.17452100291848183,0.2376283053308725,0.13197911903262138,0.1936892280355095,0.1296875,0.18998755,0.006250105798244476,0.00895792618393898,0.035375356674194336,0.04190988838672637
ivf/branch,4,0,0.0,42,1944,0.7118827160493828,1.0,0.31386037952179,0.08611111111111111,0.36686754175180103,100.0,939.2469135802469,0.0,4047.307098765432,0.0,9878.935185185184,4047.307098765432,4.0,0.8183641975308642,0.0,0.0,1.0,0.29099988751113415,0.3789249109104275,0.24560466408729553,0.32836259342730045,0.243,0.32534199999999996,0.006832648068666458,0.01307118218392133,0.03654207102954388,0.04569541197270154
ivf/branch,4,0,0.1,42,1944,0.7118827160493828,1.0,0.31386037952179,0.08611111111111111,0.36686754175180103,100.0,939.2469135802469,93.62654320987654,4047.307098765432,0.0,9878.935185185184,4047.307098765432,4.0,0.8183641975308642,0.0,0.0,1.0,0.2977296244353056,0.3941292641684413,0.2522708382457495,0.336378556676209,0.24956250000000002,0.33347229999999994,0.006792135536670685,0.014099827967584118,0.03679096698760986,0.04795263521373271
ivf/branch,4,0,0.1,43,1944,0.7118827160493828,1.0,0.31386037952179,0.08611111111111111,0.36686754175180103,100.0,939.2469135802469,93.72376543209876,4047.307098765432,0.0,9878.935185185184,4047.307098765432,4.0,0.8183641975308642,0.0,0.0,1.0,0.2987293992191553,0.38803499191999435,0.2529788762331009,0.3337377216666937,0.250375,0.3306036,0.006916932761669159,0.01307700295001268,0.03662519156932831,0.047083012759685516
ivf/branch,4,0,0.1,44,1944,0.7118827160493828,1.0,0.31386037952179,0.08611111111111111,0.36686754175180103,100.0,939.2469135802469,93.48611111111111,4047.307098765432,0.0,9878.935185185184,4047.307098765432,4.0,0.8183641975308642,0.0,0.0,1.0,0.2893749624490738,0.3696419997140765,0.24554156698286533,0.3218624275177717,0.24297950000000001,0.31836255,0.006624963134527206,0.01028457190841436,0.035582808777689934,0.04216602537781
ivf/branch,4,16,0.0,42,1944,0.0,0.0,0.0,0.0,0.0,0.0,16.0,0.0,0.0,1.0,260.8333333333333,4047.307098765432,4.0,0.8183641975308642,1.0,1.0,0.0,0.016958918422460556,0.020041922107338905,0.010459218174219131,0.0122500816360116,0.008583,0.009875,0.005604466423392296,0.0067497603595256805,0.0006249174475669861,0.0007906928658485413
ivf/branch,4,16,0.1,42,1944,0.0,0.0001080246913580247,0.0,0.0,0.0,3.1944444444444446,16.0,1.5679012345679013,3.1944444444444446,1.0,255.50154320987653,4047.307098765432,4.0,0.8183641975308642,0.6898148148148148,0.8780864197530864,0.03194444444444444,0.0177919864654541,0.03286900464445352,0.01091696321964264,0.014291936531662941,0.008959,0.012083,0.005749985575675964,0.006792135536670685,0.0006668269634246826,0.012154364958405488
ivf/branch,4,16,0.1,43,1944,0.0,0.0,0.0,0.0,0.0,3.2376543209876543,16.0,1.5895061728395061,3.2376543209876543,1.0,254.85956790123456,4047.307098765432,4.0,0.8183641975308642,0.6790123456790124,0.8811728395061729,0.03237654320987654,0.01787487417459488,0.03391597419977188,0.010875053703784943,0.014570285566151135,0.008917,0.01225,0.00570761039853096,0.007000286132097244,0.0006668269634246826,0.01237494871020317
ivf/branch,4,16,0.1,44,1944,0.0,6.17283950617284e-05,0.0,0.0,0.0,3.197530864197531,16.0,1.5694444444444444,3.197530864197531,1.0,254.9969135802469,4047.307098765432,4.0,0.8183641975308642,0.6728395061728395,0.8734567901234568,0.03197530864197531,0.01808302477002144,0.03295810893177986,0.010916031897068024,0.014618271961808201,0.008958,0.012083,0.005790963768959045,0.007166992872953415,0.0007078051567077637,0.01211271155625581
ivf/branch,4,32,0.0,42,1944,0.0,9.259259259259259e-05,0.0,0.0,0.0,0.11419753086419752,32.0,0.0,0.11419753086419752,1.0,521.6172839506173,4047.307098765432,4.0,0.8183641975308642,0.9969135802469136,0.9969135802469136,0.0011419753086419754,0.01912470906972885,0.02224976196885109,0.012500211596488953,0.014743534848093983,0.010459,0.012375,0.005667097866535187,0.006624963134527206,0.0006249174475669861,0.0007920898497104645
ivf/branch,4,32,0.1,42,1944,0.000308641975308642,0.000462962962962963,0.0,0.0,0.0,10.37037037037037,32.0,3.162037037037037,10.37037037037037,1.0,503.7762345679012,4047.307098765432,4.0,0.8183641975308642,0.30401234567901236,0.6141975308641975,0.10370370370370371,0.025250017642974854,0.04061846993863582,0.014042016118764877,0.018583936616778374,0.011916,0.016284849999999997,0.005792360752820969,0.007207971066236496,0.005041947588324547,0.015910482034087178
ivf/branch,4,32,0.1,43,1944,0.0,0.0002160493827160494,0.0009462148036503987,0.000154320987654321,0.0007716049382716049,10.385802469135802,32.0,3.138888888888889,10.385802469135802,1.0,502.56944444444446,4047.307098765432,4.0,0.8183641975308642,0.2932098765432099,0.6188271604938271,0.10385802469135803,0.024707987904548645,0.04099379293620586,0.013791024684906006,0.018333084881305695,0.011667,0.016083,0.005790963768959045,0.007416121661663055,0.004875008016824722,0.015785684809088704
ivf/branch,4,32,0.1,44,1944,0.000154320987654321,0.0002777777777777778,0.0,0.0,0.0,10.810185185185185,32.0,3.1358024691358026,10.810185185185185,1.0,502.44444444444446,4047.307098765432,4.0,0.8183641975308642,0.2824074074074074,0.6064814814814815,0.10810185185185185,0.024708453565835953,0.04108429420739412,0.013667158782482147,0.01832693815231323,0.011583,0.015875,0.005749985575675964,0.007416517473757267,0.004916917532682419,0.01595159992575645
ivf/branch,4,64,0.0,42,1944,0.004475308641975308,0.0047067901234567906,0.003359868020716137,0.0007716049382716049,0.00411522633744856,2.925925925925926,64.0,0.0,3.5925925925925926,1.0,1041.763888888889,4047.307098765432,4.0,0.8183641975308642,0.9351851851851852,0.9351851851851852,0.02925925925925926,0.02304231747984886,0.04539107903838156,0.016416888684034348,0.022784783504903313,0.014042,0.01975,0.005708076059818268,0.007327017374336716,0.0006658956408500671,0.014903559349477284
ivf/branch,4,64,0.1,42,1944,0.003703703703703704,0.004475308641975308,0.0019516453572923842,0.0007716049382716049,0.002829218106995885,29.358024691358025,64.0,6.302469135802469,30.07253086419753,1.0,995.1666666666666,4047.307098765432,4.0,0.8183641975308642,0.04938271604938271,0.22839506172839505,0.29358024691358026,0.03922940231859684,0.06245893891900778,0.0208334531635046,0.028125010430812836,0.018417,0.0255,0.005958136171102524,0.007458031177520752,0.011958181858062744,0.02822480164468287
ivf/branch,4,64,0.1,43,1944,0.004012345679012346,0.003888888888888889,0.00490852117311978,0.001080246913580247,0.005272633744855967,28.885802469135804,64.0,6.307098765432099,29.72067901234568,1.0,993.7638888888889,4047.307098765432,4.0,0.8183641975308642,0.043209876543209874,0.2330246913580247,0.288858024691358,0.03895815461874008,0.06251584272831677,0.02054218202829361,0.02782768569886684,0.018167,0.025201849999999998,0.005958834663033485,0.0074999406933784485,0.011770520359277725,0.028326478786766526
ivf/branch,4,64,0.1,44,1944,0.003703703703703704,0.004645061728395062,0.003574460890331532,0.000925925925925926,0.0045010288065843625,29.86111111111111,64.0,6.310185185185185,30.64351851851852,1.0,994.2947530864197,4047.307098765432,4.0,0.8183641975308642,0.046296296296296294,0.21296296296296297,0.2986111111111111,0.03885454498231411,0.06311875768005848,0.020124949514865875,0.027737719938158982,0.017687500000000002,0.024910699999999997,0.006084097549319267,0.007708091288805008,0.012124888598918915,0.027439137920737256
ivf/branch,4,128,0.0,42,1944,0.1697530864197531,0.153179012345679,0.12830445231069482,0.031018518518518518,0.13662467933301267,50.8287037037037,128.0,0.0,97.57561728395062,1.0,2011.6682098765432,4047.307098765432,4.0,0.8183641975308642,0.3256172839506173,0.3317901234567901,0.508287037037037,0.056541990488767624,0.09698132053017615,0.031270552426576614,0.05433328915387392,0.0283545,0.05165439999999999,0.00600004568696022,0.007667113095521927,0.019437633454799652,0.03736861981451511
ivf/branch,4,128,0.1,42,1944,0.12391975308641977,0.11087962962962963,0.09224776637583179,0.021450617283950615,0.0993028833306611,80.03395061728395,128.0,12.739197530864198,131.11574074074073,1.0,1929.5586419753085,4047.307098765432,4.0,0.8183641975308642,0.0,0.007716049382716049,0.8003395061728396,0.07506250403821468,0.09736246429383753,0.03633368760347366,0.0541952671483159,0.0335,0.051243849999999994,0.006125308573246002,0.007832888513803482,0.03245798870921135,0.03787502646446228
ivf/branch,4,128,0.1,43,1944,0.12623456790123455,0.11080246913580247,0.09082661212594165,0.022222222222222223,0.0947375541125541,80.23302469135803,128.0,12.75925925925926,130.55864197530863,1.0,1928.2422839506173,4047.307098765432,4.0,0.8183641975308642,0.0,0.009259259259259259,0.8023302469135802,0.07643760181963444,0.10028551332652569,0.03745872527360916,0.05628485232591628,0.034375,0.05341504999999997,0.006291083991527557,0.008415896445512772,0.03266683779656887,0.03833277150988579
ivf/branch,4,128,0.1,44,1944,0.12608024691358025,0.11385802469135803,0.09532537583077778,0.022067901234567904,0.1004988709849821,81.40123456790124,128.0,12.743827160493828,131.53858024691357,1.0,1928.8487654320988,4047.307098765432,4.0,0.8183641975308642,0.0,0.0030864197530864196,0.8140123456790123,0.07818732410669327,0.10579579975455997,0.038207974284887314,0.05814803298562764,0.035208500000000004,0.0551187,0.006332993507385254,0.010106153786182391,0.03320816904306412,0.04079192876815796
ivf/branch,4,256,0.0,42,1944,0.5637345679012347,0.6028086419753086,0.2852269912326735,0.07669753086419755,0.3210042015597572,100.0,256.0,0.0,651.9475308641976,1.0,3467.026234567901,4047.307098765432,4.0,0.8183641975308642,0.0,0.0,1.0,0.11754152365028858,0.13978341594338414,0.07629161700606346,0.09389817714691161,0.0732295,0.09035624999999999,0.00620819628238678,0.008291099220514297,0.03437511622905731,0.03977965097874402
ivf/branch,4,256,0.1,42,1944,0.548148148148148,0.5821604938271604,0.2842742669364314,0.07654320987654321,0.32083518333518335,100.0,256.0,25.5,688.324074074074,1.0,3354.0524691358023,4047.307098765432,4.0,0.8183641975308642,0.0,0.0,1.0,0.1221662387251854,0.14983422588557005,0.08079130202531815,0.10105180554091929,0.0777085,0.0975294,0.00620819628238678,0.009070360101759427,0.03466568887233734,0.04124385304749011
ivf/branch,4,256,0.1,43,1944,0.5487654320987654,0.581358024691358,0.2830302877702048,0.0763888888888889,0.3168614179030846,100.0,256.0,25.479938271604937,686.6280864197531,1.0,3354.1574074074074,4047.307098765432,4.0,0.8183641975308642,0.0,0.0,1.0,0.12524984776973724,0.14786864630877972,0.08295802399516106,0.10124966502189636,0.079792,0.09765984999999999,0.006332993507385254,0.008653523400425904,0.035041943192481995,0.040951557457447045
ivf/branch,4,256,0.1,44,1944,0.5501543209876543,0.5832716049382716,0.28300569267283626,0.07669753086419755,0.3177230434174878,100.0,256.0,25.483024691358025,686.9891975308642,1.0,3352.4953703703704,4047.307098765432,4.0,0.8183641975308642,0.0,0.0,1.0,0.12512505054473877,0.1500768819823861,0.0829789787530899,0.10246245656162498,0.079875,0.09869554999999999,0.0063749030232429504,0.009785639122128483,0.03504101186990738,0.04140976816415786
ivf/branch,4,512,0.0,42,1944,0.6546296296296297,0.825787037037037,0.3040713024615111,0.08333333333333333,0.35281392133243983,100.0,511.7608024691358,0.0,1643.0586419753085,0.9938271604938271,6616.461419753086,4047.307098765432,4.0,0.8183641975308642,0.0,0.0,1.0,0.16920804046094418,0.19828500226140022,0.1284999307245016,0.15537487342953682,0.125083,0.1519044,0.006207730621099472,0.007916172035038471,0.03383401781320572,0.038375076837837696
ivf/branch,4,512,0.1,42,1944,0.6550925925925926,0.8250308641975309,0.30403110099681235,0.08348765432098766,0.3546143328550736,100.0,511.7608024691358,51.126543209876544,1708.2067901234568,0.9938271604938271,6410.677469135802,4047.307098765432,4.0,0.8183641975308642,0.0,0.0,1.0,0.18593762069940567,0.21590988617390394,0.1432914286851883,0.16865970101207495,0.139625,0.1646358,0.006541609764099121,0.009368406608700749,0.03504101186990738,0.04177298396825789
ivf/branch,4,512,0.1,43,1944,0.6558641975308643,0.8243827160493826,0.30429468346807714,0.08348765432098766,0.3537141270937567,100.0,511.7608024691358,51.1712962962963,1704.307098765432,0.9938271604938271,6413.871913580247,4047.307098765432,4.0,0.8183641975308642,0.0,0.0,1.0,0.18754112534224987,0.22428552620112896,0.14408351853489876,0.17323102802038193,0.1406045,0.16911869999999998,0.006582587957382202,0.012368801981210705,0.035375356674194336,0.0438750721514225
ivf/branch,4,512,0.1,44,1944,0.6561728395061729,0.8244598765432098,0.30590505423727254,0.08410493827160494,0.3559260612501353,100.0,511.7608024691358,51.06635802469136,1705.695987654321,0.9938271604938271,6410.282407407408,4047.307098765432,4.0,0.8183641975308642,0.0,0.0,1.0,0.17810449935495853,0.2087793778628111,0.1366669312119484,0.16345286276191473,0.133083,0.16007685,0.006292015314102173,0.007917173206806183,0.03445800393819809,0.039624981582164764
ivf/branch,4,1024,0.0,42,1944,0.7104938271604939,0.9960648148148148,0.31392800876691174,0.08611111111111111,0.36686754175180103,100.0,893.841049382716,0.0,3787.766975308642,0.3101851851851852,9616.466049382716,4047.307098765432,4.0,0.8183641975308642,0.0,0.0,1.0,0.2821250818669796,0.3333411877974867,0.23827049881219864,0.28337491676211357,0.2354585,0.2801537,0.0066659413278102875,0.012118997983634468,0.03591692075133324,0.04457044415175914
ivf/branch,4,1024,0.1,42,1944,0.7104938271604938,0.9955555555555556,0.31409224421807835,0.08626543209876544,0.36717618372710964,100.0,893.841049382716,89.14351851851852,3789.9938271604938,0.3101851851851852,9595.055555555555,4047.307098765432,4.0,0.8183641975308642,0.0,0.0,1.0,0.2751038409769535,0.3423688467592001,0.23266649805009365,0.2899044891819358,0.230125,0.28548755,0.006500165909528732,0.01111882738769054,0.03491668030619621,0.04403470084071159
ivf/branch,4,1024,0.1,43,1944,0.7101851851851851,0.9956635802469137,0.31409224421807835,0.08626543209876544,0.36717618372710964,100.0,893.841049382716,89.16820987654322,3788.8086419753085,0.3101851851851852,9595.217592592593,4047.307098765432,4.0,0.8183641975308642,0.0,0.0,1.0,0.28358306735754013,0.3306481521576643,0.24031242355704308,0.2835357328876853,0.23762499999999998,0.28011255,0.006624963134527206,0.010666903108358383,0.03558304160833359,0.04204222932457924
ivf/branch,4,1024,0.1,44,1944,0.7101851851851851,0.995679012345679,0.31409224421807835,0.08626543209876544,0.36717618372710964,100.0,893.841049382716,89.01851851851852,3789.7361111111113,0.3101851851851852,9595.845679012345,4047.307098765432,4.0,0.8183641975308642,0.0,0.0,1.0,0.27908338233828545,0.35299367737025017,0.2371249720454216,0.2963938051834702,0.234125,0.29185264999999994,0.006541144102811813,0.013064639642834653,0.0350000336766243,0.04975968040525911
ivf/branch,4,2048,0.0,42,1944,0.7118827160493828,1.0,0.31386037952179,0.08611111111111111,0.36686754175180103,100.0,939.2469135802469,0.0,4047.307098765432,0.0,9878.935185185184,4047.307098765432,4.0,0.8183641975308642,0.0,0.0,1.0,0.2881039399653673,0.37427283823490143,0.24389591999351978,0.32365971710532904,0.2415,0.32045185000000004,0.006707850843667984,0.011701975017786023,0.03587501123547554,0.044195516966283314
ivf/branch,4,2048,0.1,42,1944,0.7118827160493828,1.0,0.31386037952179,0.08611111111111111,0.36686754175180103,100.0,939.2469135802469,93.62654320987654,4047.307098765432,0.0,9878.935185185184,4047.307098765432,4.0,0.8183641975308642,0.0,0.0,1.0,0.287145609036088,0.36191062536090607,0.24410453625023365,0.316315027885139,0.2417705,0.3130669499999999,0.0064997002482414246,0.0090351328253746,0.035457778722047806,0.04086245317012071
ivf/branch,4,2048,0.1,43,1944,0.7118827160493828,1.0,0.31386037952179,0.08611111111111111,0.36686754175180103,100.0,939.2469135802469,93.72376543209876,4047.307098765432,0.0,9878.935185185184,4047.307098765432,4.0,0.8183641975308642,0.0,0.0,1.0,0.28139608912169933,0.35521080717444414,0.2390625886619091,0.3116357373073697,0.23681249999999998,0.308542,0.006416346877813339,0.008416688069701195,0.03462517634034157,0.03979208413511515
ivf/branch,4,2048,0.1,44,1944,0.7118827160493828,1.0,0.31386037952179,0.08611111111111111,0.36686754175180103,100.0,939.2469135802469,93.48611111111111,4047.307098765432,0.0,9878.935185185184,4047.307098765432,4.0,0.8183641975308642,0.0,0.0,1.0,0.29404181987047195,0.3762962995097041,0.24966709315776825,0.32689832150936127,0.246875,0.32406244999999995,0.006687594577670097,0.01157671213150024,0.03604218363761902,0.045493617653846734
ivf/branch,4,4096,0.0,42,1944,0.7118827160493828,1.0,0.31386037952179,0.08611111111111111,0.36686754175180103,100.0,939.2469135802469,0.0,4047.307098765432,0.0,9878.935185185184,4047.307098765432,4.0,0.8183641975308642,0.0,0.0,1.0,0.28993748128414154,0.37889841478317965,0.24491711519658566,0.3279974916949868,0.242584,0.32440889999999994,0.006707850843667984,0.01352932304143905,0.03618770278990269,0.04699358250945806
ivf/branch,4,4096,0.1,42,1944,0.7118827160493828,1.0,0.31386037952179,0.08611111111111111,0.36686754175180103,100.0,939.2469135802469,93.62654320987654,4047.307098765432,0.0,9878.935185185184,4047.307098765432,4.0,0.8183641975308642,0.0,0.0,1.0,0.2976665273308754,0.39220619946718216,0.25256257504224777,0.3385518677532672,0.250042,0.33477955,0.006916932761669159,0.014076847583055493,0.036125071346759796,0.04675006493926048
ivf/branch,4,4096,0.1,43,1944,0.7118827160493828,1.0,0.31386037952179,0.08611111111111111,0.36686754175180103,100.0,939.2469135802469,93.72376543209876,4047.307098765432,0.0,9878.935185185184,4047.307098765432,4.0,0.8183641975308642,0.0,0.0,1.0,0.30597951263189316,0.4325609887018797,0.2583540044724941,0.36752708256244654,0.25547949999999997,0.3588294999999998,0.007125083357095718,0.01816670410335064,0.037582824006676674,0.058542005717754364
ivf/branch,4,4096,0.1,44,1944,0.7118827160493828,1.0,0.31386037952179,0.08611111111111111,0.36686754175180103,100.0,939.2469135802469,93.48611111111111,4047.307098765432,0.0,9878.935185185184,4047.307098765432,4.0,0.8183641975308642,0.0,0.0,1.0,0.28893700800836086,0.386468437500298,0.245729461312294,0.3361770883202553,0.243583,0.33226429999999996,0.006541609764099121,0.01374736893922088,0.035457778722047806,0.04730271175503729
ivf/branch,8,0,0.0,42,1944,0.771141975308642,1.0,0.34610075987796096,0.09459876543209877,0.4011329248597767,100.0,1782.4027777777778,0.0,7878.538580246914,0.0,18160.385802469136,7878.538580246914,8.0,0.9157407407407407,0.0,0.0,1.0,0.503187533468008,0.612445711158216,0.4583960399031639,0.5631900858134031,0.4550835,0.5598026500000001,0.007207971066236496,0.011369027197360989,0.036833807826042175,0.04386892542243003
ivf/branch,8,0,0.1,42,1944,0.771141975308642,1.0,0.34610075987796096,0.09459876543209877,0.4011329248597767,100.0,1782.4027777777778,177.64043209876544,7878.538580246914,0.0,18160.385802469136,7878.538580246914,8.0,0.9157407407407407,0.0,0.0,1.0,0.509082805365324,0.6416545482352375,0.4645001608878374,0.5841524340212345,0.461625,0.5803749999999998,0.0072908587753772736,0.014326907694339749,0.03662519156932831,0.04828597884625196
ivf/branch,8,0,0.1,43,1944,0.771141975308642,1.0,0.34610075987796096,0.09459876543209877,0.4011329248597767,100.0,1782.4027777777778,177.47685185185185,7878.538580246914,0.0,18160.385802469136,7878.538580246914,8.0,0.9157407407407407,0.0,0.0,1.0,0.5314163863658905,0.6575464038178325,0.48283347859978676,0.603701826184988,0.47943749999999996,0.5989937,0.007583294063806534,0.015523587353527534,0.03862520679831505,0.050522433593869195
ivf/branch,8,0,0.1,44,1944,0.771141975308642,1.0,0.34610075987796096,0.09459876543209877,0.4011329248597767,100.0,1782.4027777777778,177.54475308641975,7878.538580246914,0.0,18160.385802469136,7878.538580246914,8.0,0.9157407407407407,0.0,0.0,1.0,0.5179163999855518,0.6343269720673561,0.4713961388915777,0.5827374523505569,0.468479,0.57787935,0.007374677807092667,0.01323120668530463,0.03783288411796093,0.04724357277154922
ivf/branch,8,16,0.0,42,1944,0.0,0.0,0.0,0.0,0.0,0.0,16.0,0.0,0.0,1.0,254.32716049382717,7878.538580246914,8.0,0.9157407407407407,1.0,1.0,0.0,0.01733331009745598,0.019375234842300415,0.010624993592500687,0.011791009455919266,0.008542,0.009375,0.005832873284816742,0.0067087821662425995,0.0006249174475669861,0.0007501803338527679
ivf/branch,8,16,0.1,42,1944,0.0,0.0,0.0,0.0,0.0,0.8842592592592593,16.0,1.5787037037037037,0.8842592592592593,1.0,252.94135802469137,7878.538580246914,8.0,0.9157407407407407,0.8827160493827161,0.9691358024691358,0.008842592592592593,0.01729186624288559,0.024500233121216297,0.010541640222072601,0.012784707359969612,0.008458,0.010333,0.005790963768959045,0.006959238089621067,0.0006249174475669861,0.005737412720918648
ivf/branch,8,16,0.1,43,1944,0.0,0.0,0.0,0.0,0.0,1.1666666666666667,16.0,1.5817901234567902,1.1666666666666667,1.0,252.74382716049382,7878.538580246914,8.0,0.9157407407407407,0.8626543209876543,0.9598765432098766,0.011666666666666669,0.01750001683831215,0.02758377231657505,0.01070881262421608,0.013368506915867325,0.008625,0.010826849999999997,0.005791895091533661,0.006909854710102078,0.0006249174475669861,0.007207971066236496
ivf/branch,8,16,0.1,44,1944,0.0,0.0,0.0,0.0,0.0,1.2237654320987654,16.0,1.5756172839506173,1.2237654320987654,1.0,252.70987654320987,7878.538580246914,8.0,0.9157407407407407,0.8703703703703703,0.9537037037037037,0.012237654320987654,0.017375219613313675,0.027003441937267756,0.010624993592500687,0.01320187002420425,0.008583,0.010708,0.005791895091533661,0.007000286132097244,0.0006249174475669861,0.007416051812469959
ivf/branch,8,32,0.0,42,1944,0.0,0.0,0.0,0.0,0.0,0.0,32.0,0.0,0.0,1.0,508.65432098765433,7878.538580246914,8.0,0.9157407407407407,1.0,1.0,0.0,0.019334256649017334,0.024160603061318394,0.01258309930562973,0.01520882360637188,0.010333499999999999,0.012243849999999997,0.0058747828006744385,0.007451884448528286,0.0006249174475669861,0.0009159557521343231
ivf/branch,8,32,0.1,42,1944,0.0,4.6296296296296294e-05,0.0009462148036503987,0.000154320987654321,0.0007716049382716049,5.783950617283951,32.0,3.1589506172839505,5.783950617283951,1.0,498.62345679012344,7878.538580246914,8.0,0.9157407407407407,0.49537037037037035,0.7731481481481481,0.05783950617283951,0.022291438654065132,0.0377921387553215,0.013417098671197891,0.01766711939126253,0.011125,0.015167,0.005958136171102524,0.007333164103329182,0.003041699528694153,0.013743760064244267
ivf/branch,8,32,0.1,43,1944,0.0,1.54320987654321e-05,0.0,0.0,0.0,6.566358024691358,32.0,3.1481481481481484,6.566358024691358,1.0,497.195987654321,7878.538580246914,8.0,0.9157407407407407,0.4398148148148148,0.7654320987654321,0.06566358024691359,0.022416003048419952,0.03779199905693531,0.013208948075771332,0.017459038645029068,0.010958,0.015034849999999997,0.0059157609939575195,0.007584225386381149,0.0033332034945487976,0.014375359751284122
ivf/branch,8,32,0.1,44,1944,0.0,6.17283950617284e-05,0.0,0.0,0.0,6.436728395061729,32.0,3.1419753086419755,6.436728395061729,1.0,497.65432098765433,7878.538580246914,8.0,0.9157407407407407,0.45524691358024694,0.7577160493827161,0.06436728395061729,0.022729625925421715,0.0385160557925701,0.013499986380338669,0.017743394710123536,0.011167,0.015159849999999997,0.005959067493677139,0.007541850209236145,0.0033960677683353424,0.013910932466387745
ivf/branch,8,64,0.0,42,1944,0.000154320987654321,0.00023148148148148152,0.0,0.0,0.0,0.4305555555555556,64.0,0.0,0.4305555555555556,1.0,1017.1481481481482,7878.538580246914,8.0,0.9157407407407407,0.9876543209876543,0.9876543209876543,0.0043055555555555555,0.022416934370994568,0.02775008324533701,0.015832949429750443,0.019459053874015808,0.013375,0.016576849999999997,0.005749985575675964,0.0069998204708099365,0.0006249174475669861,0.000791158527135849
ivf/branch,8,64,0.1,42,1944,0.000154320987654321,0.0003549382716049383,0.0009462148036503987,0.000154320987654321,0.0007716049382716049,20.05246913580247,64.0,6.359567901234568,20.12037037037037,1.0,983.0802469135803,7878.538580246914,8.0,0.9157407407407407,0.10802469135802469,0.37962962962962965,0.20052469135802473,0.03489549271762371,0.055999960750341415,0.01987488940358162,0.02618916332721709,0.01725,0.023159849999999996,0.006083864718675613,0.007833819836378098,0.008333707228302956,0.02298736944794654
ivf/branch,8,64,0.1,43,1944,0.000308641975308642,0.0003395061728395062,0.0,0.0,0.0,21.567901234567902,64.0,6.33641975308642,21.567901234567902,1.0,981.550925925926,7878.538580246914,8.0,0.9157407407407407,0.1111111111111111,0.375,0.215679012345679,0.03595789894461632,0.05974993109703064,0.019958941265940666,0.02736246678978204,0.017375,0.024375,0.006167218089103699,0.007958151400089264,0.009082956239581108,0.024368497543036934
ivf/branch,8,64,0.1,44,1944,0.000154320987654321,0.000478395061728395,0.0,0.0,0.0,20.300925925925927,64.0,6.294753086419753,20.308641975308642,1.0,982.5354938271605,7878.538580246914,8.0,0.9157407407407407,0.11265432098765432,0.37037037037037035,0.20300925925925925,0.03589596599340439,0.0583216780796647,0.020250212401151657,0.026791682466864586,0.017584,0.023910699999999997,0.006207730621099472,0.007832888513803482,0.008790753781795502,0.0233751954510808
ivf/branch,8,128,0.0,42,1944,0.008179012345679013,0.00794753086419753,0.0066811850642704024,0.001388888888888889,0.007458847736625514,7.236111111111111,128.0,0.0,10.74537037037037,1.0,2028.75,7878.538580246914,8.0,0.9157407407407407,0.8719135802469136,0.8734567901234568,0.07236111111111113,0.03108382225036621,0.07136706262826917,0.024166889488697052,0.0362315448001027,0.021167,0.03223739999999999,0.0058747828006744385,0.0074936542659997905,0.0006253831088542938,0.027793715707957696
ivf/branch,8,128,0.1,42,1944,0.005401234567901234,0.005895061728395062,0.004395957638807655,0.001234567901234568,0.0051440329218107,53.56172839506173,128.0,12.790123456790123,59.4212962962963,1.0,1942.2283950617284,7878.538580246914,8.0,0.9157407407407407,0.0015432098765432098,0.033950617283950615,0.5356172839506173,0.057999975979328156,0.08710015099495648,0.03137486055493355,0.043945526704192155,0.028333,0.040272399999999986,0.006624963134527206,0.008291960693895817,0.019208528101444244,0.03550015389919281
ivf/branch,8,128,0.1,43,1944,0.005864197530864198,0.005447530864197531,0.005137975187727191,0.001234567901234568,0.0059156378600823045,56.617283950617285,128.0,12.787037037037036,61.96604938271605,1.0,1941.2175925925926,7878.538580246914,8.0,0.9157407407407407,0.0030864197530864196,0.04938271604938271,0.5661728395061728,0.0633124727755785,0.09332681074738503,0.034833094105124474,0.04745172336697578,0.0315625,0.0440357,0.0064997002482414246,0.008618831634521481,0.0213750172406435,0.037653651088476174
ivf/branch,8,128,0.1,44,1944,0.006172839506172839,0.006111111111111111,0.006115066539540882,0.0015432098765432098,0.007073045267489712,55.59413580246913,128.0,12.746913580246913,61.324074074074076,1.0,1942.0077160493827,7878.538580246914,8.0,0.9157407407407407,0.007716049382716049,0.043209876543209874,0.5559413580246914,0.060499878600239754,0.08749379776418209,0.03295810893177986,0.04425032529979944,0.029875,0.04107685,0.0064158812165260315,0.008034892380237576,0.02045789733529091,0.035993661731481545
ivf/branch,8,256,0.0,42,1944,0.25787037037037036,0.23214506172839505,0.17931849006662898,0.043209876543209874,0.18976621372454708,75.94598765432099,256.0,0.0,248.53703703703704,1.0,3896.787037037037,7878.538580246914,8.0,0.9157407407407407,0.12345679012345678,0.12654320987654322,0.7594598765432098,0.09691668674349785,0.12804195284843445,0.056437449529767036,0.08532714564353228,0.052375,0.0817794,0.006207730621099472,0.00800006091594696,0.03304099664092064,0.037250109016895294
ivf/branch,8,256,0.1,42,1944,0.18966049382716052,0.1677932098765432,0.13889759684010677,0.032561728395061725,0.14844309497087274,98.6358024691358,256.0,25.52469135802469,299.0941358024691,1.0,3748.1435185185187,7878.538580246914,8.0,0.9157407407407407,0.0,0.0,0.986358024691358,0.10854192078113556,0.1419339561834931,0.06629154086112976,0.09694648906588553,0.06225,0.0931187,0.006417278200387955,0.008487352170050137,0.03454182296991348,0.040285522118210786
ivf/branch,8,256,0.1,43,1944,0.18950617283950616,0.16878086419753088,0.13513553826117355,0.03225308641975309,0.14439216904494684,97.92901234567901,256.0,25.5,301.6466049382716,1.0,3747.0756172839506,7878.538580246914,8.0,0.9157407407407407,0.0,0.0,0.97929012345679,0.10262476280331612,0.1329752383753657,0.06208289414644241,0.08985623717308043,0.058333,0.0862787,0.006207730621099472,0.007701548747718331,0.033624935895204544,0.03766673617064953
ivf/branch,8,256,0.1,44,1944,0.1919753086419753,0.1698611111111111,0.13663079191595373,0.032561728395061725,0.14615400032066697,98.55555555555556,256.0,25.501543209876544,302.11265432098764,1.0,3746.0231481481483,7878.538580246914,8.0,0.9157407407407407,0.0,0.0,0.9855555555555556,0.1085624098777771,0.1404684968292713,0.06685452535748482,0.09599351324141026,0.062771,0.09229019999999998,0.006416812539100647,0.00841093715280294,0.03416580148041248,0.03928574733436107
ivf/branch,8,512,0.0,42,1944,0.6367283950617285,0.6656327160493827,0.3257667789803824,0.08688271604938272,0.3670261494335569,100.0,512.0,0.0,1367.554012345679,1.0,6779.708333333333,7878.538580246914,8.0,0.9157407407407407,0.0,0.0,1.0,0.17362507060170174,0.20591099746525288,0.132082961499691,0.16096255276352164,0.127583,0.15657669999999999,0.0064997002482414246,0.008416827768087387,0.03420887514948845,0.03937492147088051
ivf/branch,8,512,0.1,42,1944,0.6322530864197531,0.6546759259259259,0.3210307502060171,0.08611111111111111,0.3607761494335568,100.0,512.0,51.21296296296296,1450.8641975308642,1.0,6539.12037037037,7878.538580246914,8.0,0.9157407407407407,0.0,0.0,1.0,0.18191710114479065,0.21049357019364834,0.1400208566337824,0.1666670897975564,0.135792,0.16214194999999998,0.006416812539100647,0.008208607323467731,0.034582801163196564,0.03920814488083124
ivf/branch,8,512,0.1,43,1944,0.630246913580247,0.6546450617283951,0.3221366691227764,0.08626543209876544,0.3625122605446679,100.0,512.0,51.20216049382716,1450.5478395061727,1.0,6538.058641975309,7878.538580246914,8.0,0.9157407407407407,0.0,0.0,1.0,0.18970901146531105,0.2217310480773449,0.14674989506602287,0.17415995243936777,0.1425205,0.16959994999999997,0.006666872650384903,0.00940999016165733,0.034875236451625824,0.041153957135975354
ivf/branch,8,512,0.1,44,1944,0.6316358024691359,0.6543827160493827,0.3218653214192302,0.08611111111111112,0.3617406556063963,100.0,512.0,51.175925925925924,1449.8641975308642,1.0,6536.418209876543,7878.538580246914,8.0,0.9157407407407407,0.0,0.0,1.0,0.18699956126511097,0.24597751908004278,0.14439597725868225,0.18877333495765924,0.140083,0.18265009999999993,0.006708316504955292,0.012451689690351483,0.034833792597055435,0.04599413368850946
ivf/branch,8,1024,0.0,42,1944,0.7280864197530864,0.8718672839506172,0.3417040868066971,0.0933641975308642,0.3968309211364767,100.0,1023.7361111111111,0.0,3431.328703703704,0.9969135802469136,12865.714506172839,7878.538580246914,8.0,0.9157407407407407,0.0,0.0,1.0,0.3090833779424429,0.3679517423734069,0.26439549401402473,0.31664189882576466,0.258917,0.31003569999999997,0.007000286132097244,0.011785654351115223,0.03616604954004288,0.044077867642045014
ivf/branch,8,1024,0.1,42,1944,0.7250000000000001,0.8662037037037037,0.3410779685962735,0.09305555555555557,0.3953648717537606,100.0,1023.7361111111111,102.27623456790124,3525.6481481481483,0.9969135802469136,12522.70061728395,7878.538580246914,8.0,0.9157407407407407,0.0,0.0,1.0,0.32183295115828514,0.3921079915016889,0.27652084827423096,0.3333605825901031,0.271042,0.32738134999999996,0.007166992872953415,0.015160767361521717,0.036874786019325256,0.0480583170428872
ivf/branch,8,1024,0.1,43,1944,0.7256172839506172,0.8667746913580248,0.34150510887268526,0.0933641975308642,0.3971009828648717,100.0,1023.7361111111111,102.24074074074075,3527.1234567901233,0.9969135802469136,12520.223765432098,7878.538580246914,8.0,0.9157407407407407,0.0,0.0,1.0,0.32837502658367157,0.4566000541672109,0.28191646561026573,0.38611229974776506,0.27625,0.37841254999999996,0.0074999406933784485,0.01854216679930687,0.037457793951034546,0.05444015841931103
ivf/branch,8,1024,0.1,44,1944,0.724074074074074,0.8662191358024691,0.34142148211221335,0.0933641975308642,0.3970624026179581,100.0,1023.7361111111111,102.19598765432099,3526.45524691358,0.9969135802469136,12522.807098765432,7878.538580246914,8.0,0.9157407407407407,0.0,0.0,1.0,0.3040421288460493,0.36424554418772453,0.2615004777908325,0.3146606031805277,0.25635450000000004,0.30944374999999996,0.006791204214096069,0.010459148325026035,0.0350000336766243,0.042868545278906815
ivf/branch,8,2048,0.0,42,1944,0.7712962962962964,0.999243827160494,0.34610075987796096,0.09459876543209877,0.4011329248597767,100.0,1751.716049382716,0.0,7699.75462962963,0.17901234567901234,18009.87962962963,7878.538580246914,8.0,0.9157407407407407,0.0,0.0,1.0,0.5034171044826508,0.5937091540545225,0.4582079127430916,0.5434953374788165,0.455354,0.5399625,0.0072498805820941925,0.013375119306147099,0.03674998879432678,0.04665334708988666
ivf/branch,8,2048,0.1,42,1944,0.7712962962962964,0.9991975308641975,0.34610075987796096,0.09459876543209877,0.4011329248597767,100.0,1751.716049382716,174.65432098765433,7702.385802469136,0.17901234567901234,17990.21450617284,7878.538580246914,8.0,0.9157407407407407,0.0,0.0,1.0,0.545603921636939,0.8757499279454348,0.49518770538270473,0.7695456733927131,0.4916875,0.7537517999999995,0.008250121027231216,0.031284894794225686,0.04029180854558945,0.07675627712160342
ivf/branch,8,2048,0.1,43,1944,0.7712962962962964,0.9991975308641976,0.34610075987796096,0.09459876543209877,0.4011329248597767,100.0,1751.716049382716,174.50462962962962,7702.115740740741,0.17901234567901234,17992.14814814815,7878.538580246914,8.0,0.9157407407407407,0.0,0.0,1.0,0.5061249248683453,0.6179786520078778,0.46114553697407246,0.5616937996819615,0.457979,0.55558385,0.007125083357095718,0.01457754988223314,0.03624986857175827,0.048856087960302816
ivf/branch,8,2048,0.1,44,1944,0.7712962962962964,0.9991512345679012,0.34610075987796096,0.09459876543209877,0.4011329248597767,100.0,1751.716049382716,174.5108024691358,7702.695987654321,0.17901234567901234,17988.31635802469,7878.538580246914,8.0,0.9157407407407407,0.0,0.0,1.0,0.510937999933958,0.6126186344772577,0.4645208828151226,0.5556955700740218,0.461792,0.5510643,0.007333233952522278,0.013856124132871616,0.03729201853275299,0.048118480481207364
ivf/branch,8,4096,0.0,42,1944,0.771141975308642,1.0,0.34610075987796096,0.09459876543209877,0.4011329248597767,100.0,1782.4027777777778,0.0,7878.538580246914,0.0,18160.385802469136,7878.538580246914,8.0,0.9157407407407407,0.0,0.0,1.0,0.5150209181010723,0.6427163491025566,0.46818749979138374,0.5881529301404953,0.4650835,0.5841187,0.007375143468379974,0.015035504475235936,0.0377921387553215,0.048709032125771046
ivf/branch,8,4096,0.1,42,1944,0.771141975308642,1.0,0.34610075987796096,0.09459876543209877,0.4011329248597767,100.0,1782.4027777777778,177.64043209876544,7878.538580246914,0.0,18160.385802469136,7878.538580246914,8.0,0.9157407407407407,0.0,0.0,1.0,0.5353540182113647,0.6626714020967484,0.4859999753534794,0.6032769568264484,0.482583,0.5981232,0.0077500008046627045,0.01769566442817449,0.03875000402331352,0.05166069604456424
ivf/branch,8,4096,0.1,43,1944,0.771141975308642,1.0,0.34610075987796096,0.09459876543209877,0.4011329248597767,100.0,1782.4027777777778,177.47685185185185,7878.538580246914,0.0,18160.385802469136,7878.538580246914,8.0,0.9157407407407407,0.0,0.0,1.0,0.5146670155227184,0.6233501015231013,0.468916492536664,0.5718770204111934,0.465417,0.5688536,0.0072089023888111115,0.013070716522634022,0.03716722130775452,0.047250185161828995
ivf/branch,8,4096,0.1,44,1944,0.771141975308642,1.0,0.34610075987796096,0.09459876543209877,0.4011329248597767,100.0,1782.4027777777778,177.54475308641975,7878.538580246914,0.0,18160.385802469136,7878.538580246914,8.0,0.9157407407407407,0.0,0.0,1.0,0.521812355145812,0.6791544146835804,0.47416682355105877,0.6195099093019962,0.471125,0.61509365,0.007458031177520752,0.018041906878352165,0.03766687586903572,0.05419566296041011
ivf/branch,16,0,0.0,42,1944,0.7933641975308643,1.0,0.35425023923909316,0.09675925925925927,0.4107798237427867,100.0,3399.1481481481483,0.0,15501.618827160493,0.0,33865.299382716046,15501.618827160493,16.0,0.9682098765432098,0.0,0.0,1.0,0.941666541621089,1.1217015795409677,0.8938955143094063,1.0678461752831936,0.8898125,1.06075,0.008083879947662354,0.01515361946076154,0.038833823055028915,0.049743638373911374
ivf/branch,16,0,0.1,42,1944,0.7933641975308643,1.0,0.35425023923909316,0.09675925925925927,0.4107798237427867,100.0,3399.1481481481483,339.20524691358025,15501.618827160493,0.0,33865.299382716046,15501.618827160493,16.0,0.9682098765432098,0.0,0.0,1.0,0.9672085288912058,1.1775525286793709,0.9172083809971809,1.115302462130785,0.912563,1.1078187499999999,0.008624978363513947,0.019112345762550824,0.040207989513874054,0.053625088185071945
ivf/branch,16,0,0.1,43,1944,0.7933641975308643,1.0,0.35425023923909316,0.09675925925925927,0.4107798237427867,100.0,3399.1481481481483,339.77777777777777,15501.618827160493,0.0,33865.299382716046,15501.618827160493,16.0,0.9682098765432098,0.0,0.0,1.0,0.950958114117384,1.1272563133388755,0.9029584471136332,1.0763579746708272,0.8996455,1.07132045,0.008166534826159477,0.015832949429750443,0.03866618499159813,0.04899385385215282
ivf/branch,16,0,0.1,44,1944,0.7933641975308643,1.0,0.35425023923909316,0.09675925925925927,0.4107798237427867,100.0,3399.1481481481483,339.46604938271605,15501.618827160493,0.0,33865.299382716046,15501.618827160493,16.0,0.9682098765432098,0.0,0.0,1.0,0.9874375537037849,1.171735697425902,0.9347919840365648,1.1112249689176676,0.9299165,1.104,0.008834060281515121,0.018666964024305344,0.04087481647729874,0.05357682239264249
ivf/branch,16,16,0.0,42,1944,0.0,0.0,0.0,0.0,0.0,0.0,16.0,0.0,0.0,1.0,250.32253086419752,15501.618827160493,16.0,0.9682098765432098,1.0,1.0,0.0,0.01754099503159523,0.0200001522898674,0.010624993592500687,0.01195911318063736,0.008291,0.009167,0.006041955202817917,0.007118540816009041,0.0006249174475669861,0.0007501803338527679
ivf/branch,16,16,0.1,42,1944,0.0,0.0,0.0,0.0,0.0,0.06481481481481481,16.0,1.5679012345679013,0.06481481481481481,1.0,250.52623456790124,15501.618827160493,16.0,0.9682098765432098,0.9907407407407407,0.9969135802469136,0.0006481481481481481,0.017791055142879486,0.021458463743329048,0.010834075510501862,0.013118586502969262,0.008458,0.010125,0.006082933396100998,0.0074999406933784485,0.0006249174475669861,0.0007920898497104645
ivf/branch,16,16,0.1,43,1944,0.0,0.0,0.0,0.0,0.0,0.09104938271604938,16.0,1.5709876543209877,0.09104938271604938,1.0,250.8719135802469,15501.618827160493,16.0,0.9682098765432098,0.9876543209876543,0.9969135802469136,0.0009104938271604938,0.017958227545022964,0.022916914895176888,0.01091696321964264,0.013064569793641555,0.0085,0.00975,0.006125308573246002,0.007458822801709175,0.0006249174475669861,0.0008330680429935455
ivf/branch,16,16,0.1,44,1944,0.0,0.0,0.0,0.0,0.0,0.06018518518518518,16.0,1.5679012345679013,0.06018518518518518,1.0,250.80092592592592,15501.618827160493,16.0,0.9682098765432098,0.9922839506172839,0.9984567901234568,0.0006018518518518519,0.017791055142879486,0.019701570272445675,0.010792165994644165,0.011791940778493881,0.008417,0.009076849999999997,0.006083864718675613,0.006666802801191807,0.0006249174475669861,0.0007501803338527679
ivf/branch,16,32,0.0,42,1944,0.0,0.0,0.0,0.0,0.0,0.0,32.0,0.0,0.0,1.0,500.64506172839504,15501.618827160493,16.0,0.9682098765432098,1.0,1.0,0.0,0.01962529495358467,0.022875075228512287,0.012625008821487427,0.014666933566331863,0.010104499999999999,0.011792,0.006083864718675613,0.007375073619186878,0.0006249174475669861,0.000791158527135849
ivf/branch,16,32,0.1,42,1944,0.0,4.6296296296296294e-05,0.0,0.0,0.0,2.587962962962963,32.0,3.146604938271605,2.587962962962963,1.0,497.12808641975306,15501.618827160493,16.0,0.9682098765432098,0.7762345679012346,0.8981481481481481,0.02587962962962963,0.020500272512435913,0.034958915784955025,0.013208016753196716,0.016785063780844208,0.0106045,0.01383385,0.00620819628238678,0.007708882912993431,0.0006658956408500671,0.011417083442211151
ivf/branch,16,32,0.1,43,1944,0.0,0.0,0.0,0.0,0.0,2.2746913580246915,32.0,3.1481481481481484,2.2746913580246915,1.0,497.6666666666667,15501.618827160493,16.0,0.9682098765432098,0.7592592592592593,0.9166666666666666,0.022746913580246914,0.020791776478290558,0.03515358548611402,0.01333281397819519,0.01728478819131851,0.010708,0.014368699999999996,0.006249640136957169,0.007833284325897694,0.0006663613021373749,0.010951794683933255
ivf/branch,16,32,0.1,44,1944,0.0,0.0,0.0,0.0,0.0,2.2824074074074074,32.0,3.1527777777777777,2.2824074074074074,1.0,497.92438271604937,15501.618827160493,16.0,0.9682098765432098,0.7577160493827161,0.9104938271604939,0.022824074074074076,0.021374784409999847,0.041618850082159035,0.013667158782482147,0.01915451139211654,0.011,0.015326849999999996,0.006416812539100647,0.009826617315411564,0.0007078051567077637,0.012125284411013126
ivf/branch,16,64,0.0,42,1944,0.0,3.08641975308642e-05,0.0,0.0,0.0,0.13117283950617284,64.0,0.0,0.13117283950617284,1.0,1001.2145061728395,15501.618827160493,16.0,0.9682098765432098,0.9938271604938271,0.9938271604938271,0.0013117283950617284,0.023250002413988113,0.027326773852109906,0.016333069652318954,0.0195767730474472,0.013583,0.016410699999999997,0.006041023880243301,0.006916932761669159,0.0006249174475669861,0.000791158527135849
ivf/branch,16,64,0.1,42,1944,0.0,6.17283950617284e-05,0.0,0.0,0.0,13.657407407407407,64.0,6.33179012345679,13.657407407407407,1.0,979.4398148148148,15501.618827160493,16.0,0.9682098765432098,0.24382716049382716,0.5432098765432098,0.13657407407407407,0.031145522370934486,0.04991067107766866,0.018707942217588425,0.024499837309122086,0.015791,0.02104185,0.006332993507385254,0.008159759454429146,0.005707843229174614,0.018493970856070515
ivf/branch,16,64,0.1,43,1944,0.0,6.17283950617284e-05,0.0,0.0,0.0,13.131172839506172,64.0,6.322530864197531,13.131172839506172,1.0,980.6527777777778,15501.618827160493,16.0,0.9682098765432098,0.25925925925925924,0.5462962962962963,0.13131172839506175,0.03187498077750206,0.05326627288013695,0.01929188147187233,0.025696516968309872,0.016333,0.02248754999999999,0.006416812539100647,0.008118781261146065,0.0058335717767477036,0.020545255392789816
ivf/branch,16,64,0.1,44,1944,0.000308641975308642,7.71604938271605e-05,0.0,0.0,0.0,12.628086419753087,64.0,6.328703703703703,12.628086419753087,1.0,980.9768518518518,15501.618827160493,16.0,0.9682098765432098,0.2623456790123457,0.5648148148148148,0.12628086419753087,0.031645642593503,0.05062522832304239,0.0191456638276577,0.025452673435211178,0.016209,0.022035699999999995,0.006416812539100647,0.008291099220514297,0.005666166543960571,0.01774393022060394
ivf/branch,16,128,0.0,42,1944,0.000154320987654321,0.00038580246913580245,0.0,0.0,0.0,1.4552469135802468,128.0,0.0,1.6604938271604939,1.0,2001.5586419753085,15501.618827160493,16.0,0.9682098765432098,0.9691358024691358,0.9691358024691358,0.014552469135802468,0.03187498077750206,0.03902874886989593,0.024792272597551346,0.03011219669133424,0.021458,0.026243849999999996,0.006125308573246002,0.007458031177520752,0.0006253831088542938,0.0009167473763227462
ivf/branch,16,128,0.1,42,1944,0.000308641975308642,0.00044753086419753094,0.0,0.0,0.0,42.55864197530864,128.0,12.746913580246913,43.22993827160494,1.0,1934.162037037037,15501.618827160493,16.0,0.9682098765432098,0.016975308641975308,0.09567901234567901,0.4255864197530864,0.056541990488767624,0.08794665336608885,0.03283284604549408,0.043993978761136525,0.029187499999999998,0.0395357,0.006791204214096069,0.009826757013797757,0.016208039596676826,0.03512483090162277
ivf/branch,16,128,0.1,43,1944,0.000308641975308642,0.0004320987654320988,0.0,0.0,0.0,41.38425925925926,128.0,12.76388888888889,42.48765432098765,1.0,1935.6342592592594,15501.618827160493,16.0,0.9682098765432098,0.016975308641975308,0.12037037037037036,0.4138425925925926,0.0555417500436306,0.08495135698467493,0.03229151479899883,0.042750034481287,0.02875,0.039083,0.0066659413278102875,0.008584000170230865,0.015833182260394096,0.03474408295005559
ivf/branch,16,128,0.1,44,1944,0.0006172839506172839,0.0005092592592592592,0.0,0.0,0.0,41.65432098765432,128.0,12.780864197530864,42.44135802469136,1.0,1935.682098765432,15501.618827160493,16.0,0.9682098765432098,0.013888888888888888,0.1111111111111111,0.4165432098765432,0.0561252236366272,0.08393279276788233,0.03258301876485348,0.041618850082159035,0.029,0.0375,0.0067497603595256805,0.008792011067271233,0.016207806766033173,0.034076930023729794
ivf/branch,16,256,0.0,42,1944,0.011882716049382716,0.01182098765432099,0.007870497897316971,0.0029320987654320985,0.009058174335952114,16.537037037037038,256.0,0.0,31.041666666666668,1.0,3988.3024691358023,15501.618827160493,16.0,0.9682098765432098,0.7469135802469136,0.7469135802469136,0.1653703703703704,0.05024997517466545,0.11015450581908225,0.04249997437000275,0.06546915974467991,0.037959,0.06114194999999999,0.0063749030232429504,0.00800006091594696,0.0007078051567077637,0.03711855970323085
ivf/branch,16,256,0.1,42,1944,0.007716049382716049,0.007962962962962963,0.005730613943592479,0.001388888888888889,0.006687242798353909,89.54938271604938,256.0,25.47685185185185,129.0108024691358,1.0,3820.3256172839506,15501.618827160493,16.0,0.9682098765432098,0.0,0.0015432098765432098,0.8954938271604939,0.10224990546703339,0.14262946788221595,0.0608125701546669,0.08576696272939442,0.05625,0.07895255,0.00695791095495224,0.011874828487634659,0.03416696563363075,0.04479221533983946
ivf/branch,16,256,0.1,43,1944,0.007870370370370371,0.00816358024691358,0.004834602869125462,0.001234567901234568,0.0059156378600823045,88.78395061728395,256.0,25.530864197530864,128.1358024691358,1.0,3823.2453703703704,15501.618827160493,16.0,0.9682098765432098,0.0,0.0030864197530864196,0.8878395061728396,0.09725010022521019,0.12145261280238628,0.05758320912718773,0.07607685402035713,0.053104,0.07049819999999997,0.006666872650384903,0.008451729081571099,0.03320816904306412,0.03870849031955004
ivf/branch,16,256,0.1,44,1944,0.008333333333333335,0.00830246913580247,0.004834602869125462,0.001234567901234568,0.0059156378600823045,88.2824074074074,256.0,25.479938271604937,125.8503086419753,1.0,3826.9043209876545,15501.618827160493,16.0,0.9682098765432098,0.0,0.0030864197530864196,0.882824074074074,0.10112510062754154,0.12371244374662635,0.05970802158117294,0.07704179733991623,0.055208,0.072,0.006832648068666458,0.008784607052803036,0.0338749960064888,0.03940982278436422
ivf/branch,16,512,0.0,42,1944,0.36141975308641977,0.3329320987654321,0.22331328920086627,0.05416666666666667,0.2431055484296225,93.40123456790124,512.0,0.0,646.3595679012345,1.0,7544.867283950617,15501.618827160493,16.0,0.9682098765432098,0.021604938271604937,0.021604938271604937,0.9340123456790124,0.17016706988215446,0.22416701540350914,0.1266461331397295,0.17811846919357777,0.11997949999999999,0.17255179999999998,0.007042195647954941,0.01091696321964264,0.0349581241607666,0.04166730213910341
ivf/branch,16,512,0.1,42,1944,0.2762345679012346,0.25058641975308643,0.17460529786939152,0.042283950617283954,0.185419505905617,100.0,512.0,51.13425925925926,727.0030864197531,1.0,7293.253086419753,15501.618827160493,16.0,0.9682098765432098,0.0,0.0,1.0,0.1743328757584095,0.22186259739100933,0.13091671280562878,0.17632045783102512,0.125125,0.16990174999999996,0.0069588422775268555,0.01057640183717012,0.03512483090162277,0.04157673101872205
ivf/branch,16,512,0.1,43,1944,0.2768518518518518,0.2504475308641975,0.17115911337408146,0.04151234567901234,0.18403061701672813,100.0,512.0,51.25617283950617,724.033950617284,1.0,7297.456790123457,15501.618827160493,16.0,0.9682098765432098,0.0,0.0,1.0,0.16679149121046066,0.2151413122192025,0.12475019320845604,0.16886896919459105,0.118875,0.16331259999999995,0.00695791095495224,0.00924367923289537,0.03437511622905731,0.04024375230073928
ivf/branch,16,512,0.1,44,1944,0.2736111111111111,0.24705246913580245,0.1680153957276809,0.0404320987654321,0.17978495270161937,100.0,512.0,51.214506172839506,721.699074074074,1.0,7298.447530864198,15501.618827160493,16.0,0.9682098765432098,0.0,0.0,1.0,0.1748749054968357,0.22295848466455936,0.13118796050548553,0.17773746512830257,0.124917,0.17223739999999998,0.006958609446883202,0.009750016033649445,0.035250093787908554,0.04120201338082551
ivf/branch,16,1024,0.0,42,1944,0.678395061728395,0.7186574074074075,0.3382589796501007,0.09074074074074075,0.3849978082616971,100.0,1024.0,0.0,2897.152777777778,1.0,13307.91512345679,15501.618827160493,16.0,0.9682098765432098,0.0,0.0,1.0,0.31527038663625717,0.38254535757005215,0.2700414042919874,0.3283980069682002,0.2628545,0.3201831,0.007375143468379974,0.012195413000881665,0.03654090687632561,0.04429176915436983
ivf/branch,16,1024,0.1,42,1944,0.6762345679012345,0.711466049382716,0.3361612120270863,0.09043209876543211,0.3851006889201333,100.0,1024.0,102.24228395061728,3045.9074074074074,1.0,12845.069444444445,15501.618827160493,16.0,0.9682098765432098,0.0,0.0,1.0,0.3303124103695154,0.4003331996500492,0.2845209091901779,0.344058102928102,0.2778545,0.33557755,0.0074999406933784485,0.013868953101336953,0.03700004890561104,0.04644645377993583
ivf/branch,16,1024,0.1,43,1944,0.6763888888888889,0.710925925925926,0.3370262701748459,0.09058641975308643,0.38548649138926916,100.0,1024.0,102.41512345679013,3046.864197530864,1.0,12848.49537037037,15501.618827160493,16.0,0.9682098765432098,0.0,0.0,1.0,0.32685394398868084,0.40497945155948395,0.28127036057412624,0.3477644175291061,0.27447900000000003,0.33982489999999993,0.007375143468379974,0.013285549357533451,0.036916229873895645,0.04820262547582387
ivf/branch,16,1024,0.1,44,1944,0.6753086419753086,0.7123148148148148,0.3366034833468748,0.09058641975308641,0.38615521566910455,100.0,1024.0,102.30864197530865,3039.8533950617284,1.0,12851.524691358025,15501.618827160493,16.0,0.9682098765432098,0.0,0.0,1.0,0.3517712466418743,0.4829938989132643,0.30291639268398285,0.41284025646746153,0.2959585,0.3977188,0.008082948625087738,0.019653514027595513,0.03912532702088356,0.056118541397154324
ivf/branch,16,2048,0.0,42,1944,0.7617283950617284,0.9119135802469136,0.3500542007396634,0.09567901234567901,0.4083364081049266,100.0,2047.9521604938273,0.0,7223.609567901234,0.9984567901234568,24988.087962962964,15501.618827160493,16.0,0.9682098765432098,0.0,0.0,1.0,0.583333196118474,0.6900981068611145,0.5349577404558659,0.635029817931354,0.5255209999999999,0.6266124,0.007874798029661179,0.014417129568755627,0.038499943912029266,0.04824381321668624
ivf/branch,16,2048,0.1,42,1944,0.7614197530864198,0.90695987654321,0.3507709524606771,0.09583333333333334,0.4075905233312641,100.0,2047.9521604938273,204.33024691358025,7376.180555555556,0.9984567901234568,24433.248456790123,15501.618827160493,16.0,0.9682098765432098,0.0,0.0,1.0,0.5691878031939268,0.682177790440619,0.5237290170043707,0.6284437142312526,0.5149165,0.61827775,0.0074999406933784485,0.013326667249202725,0.03691716119647026,0.04739777650684117
ivf/branch,16,2048,0.1,43,1944,0.7623456790123457,0.9077777777777778,0.3501249495315927,0.0955246913580247,0.4074619225082188,100.0,2047.9521604938273,204.5216049382716,7377.367283950617,0.9984567901234568,24431.145061728395,15501.618827160493,16.0,0.9682098765432098,0.0,0.0,1.0,0.5894789937883615,0.8085768902674316,0.541583402082324,0.7297729607671499,0.532937,0.7133330499999999,0.00800006091594696,0.021815206855535497,0.03833300434052944,0.05836861673742532
ivf/branch,16,2048,0.1,44,1944,0.7628086419753087,0.9075462962962962,0.3506810461638556,0.09583333333333334,0.4085825868233276,100.0,2047.9521604938273,204.4537037037037,7378.925925925926,0.9984567901234568,24431.537037037036,15501.618827160493,16.0,0.9682098765432098,0.0,0.0,1.0,0.5552293732762337,0.6487410282716155,0.5113543011248112,0.5984202027320862,0.502875,0.5904937,0.007458031177520752,0.011201715096831318,0.03550015389919281,0.042750034481287
ivf/branch,16,4096,0.0,42,1944,0.7933641975308643,0.9999691358024692,0.35425023923909316,0.09675925925925927,0.4107798237427867,100.0,3382.75,0.0,15407.233024691359,0.06327160493827161,33800.24845679013,15501.618827160493,16.0,0.9682098765432098,0.0,0.0,1.0,0.9609167464077473,1.1402671923860908,0.9100204333662987,1.0761377401649952,0.906125,1.0698081,0.008624978363513947,0.01917651388794182,0.03989553079009056,0.05391438025981185
ivf/branch,16,4096,0.1,42,1944,0.7933641975308643,0.9999537037037037,0.35425023923909316,0.09675925925925927,0.4107798237427867,100.0,3382.75,337.6512345679012,15408.367283950618,0.06327160493827161,33789.81018518518,15501.618827160493,16.0,0.9682098765432098,0.0,0.0,1.0,0.9691249579191208,1.163050322793424,0.9168537799268961,1.0931829921901226,0.9125205000000001,1.08716685,0.008666887879371643,0.020743720233440396,0.040125101804733276,0.0546409050002694
ivf/branch,16,4096,0.1,43,1944,0.7933641975308643,0.9999537037037037,0.35425023923909316,0.09675925925925927,0.4107798237427867,100.0,3382.75,338.1666666666667,15409.148148148148,0.06327160493827161,33789.5262345679,15501.618827160493,16.0,0.9682098765432098,0.0,0.0,1.0,0.9575001895427704,1.1116184759885073,0.9082499891519547,1.0567347286269069,0.9041455,1.05122495,0.008249655365943909,0.01504125539213419,0.039457809180021286,0.049076741561293595
ivf/branch,16,4096,0.1,44,1944,0.7933641975308643,0.9999537037037037,0.35425023923909316,0.09675925925925927,0.4107798237427867,100.0,3382.75,337.7824074074074,15409.08487654321,0.06327160493827161,33788.14506172839,15501.618827160493,16.0,0.9682098765432098,0.0,0.0,1.0,0.9822084102779627,1.136425300501287,0.9295421186834574,1.0770587949082255,0.9252085,1.07086705,0.008750008419156075,0.016744085587561127,0.040833838284015656,0.05157033447176217
ivf/branch,32,0,0.0,42,1944,0.8016975308641975,1.0,0.3569803321258386,0.0978395061728395,0.41422203910629835,100.0,6410.691358024691,0.0,30325.621913580246,0.0,62464.12037037037,30325.85648148148,32.0,0.9919753086419754,0.0,0.0,1.0,1.8362293485552073,2.3768733255565166,1.7759373877197504,2.278984221629798,1.7691875,2.2623061499999992,0.011479482054710388,0.03452938981354236,0.04412513226270676,0.07184981368482111
ivf/branch,32,0,0.1,42,1944,0.8016975308641975,1.0,0.3569803321258386,0.0978395061728395,0.41422203910629835,100.0,6410.691358024691,641.2407407407408,30325.621913580246,0.0,62464.12037037037,30325.85648148148,32.0,0.9919753086419754,0.0,0.0,1.0,1.8986875656992197,2.301991800777614,1.8352705519646406,2.2162890061736107,1.828208,2.19993755,0.012749806046485901,0.027702888473868367,0.046645523980259895,0.0649042660370469
ivf/branch,32,0,0.1,43,1944,0.8016975308641975,1.0,0.3569803321258386,0.0978395061728395,0.41422203910629835,100.0,6410.691358024691,641.25,30325.621913580246,0.0,62464.12037037037,30325.85648148148,32.0,0.9919753086419754,0.0,0.0,1.0,1.824979204684496,2.1389874164015055,1.7682085745036602,2.069223253056407,1.7620835000000001,2.0613080499999996,0.010833144187927246,0.02180931624025105,0.04291720688343048,0.05748113617300986
ivf/branch,32,0,0.1,44,1944,0.8016975308641975,1.0,0.3569803321258386,0.0978395061728395,0.41422203910629835,100.0,6410.691358024691,641.1774691358024,30325.621913580246,0.0,62464.12037037037,30325.85648148148,32.0,0.9919753086419754,0.0,0.0,1.0,1.903521129861474,2.2642601281404495,1.8409786280244589,2.178714284673333,1.8332915,2.1639625000000002,0.012625008821487427,0.02872499171644448,0.046479515731334686,0.06561882328242064
ivf/branch,32,16,0.0,42,1944,0.0,0.0,0.0,0.0,0.0,0.0,16.0,0.0,0.0,1.0,250.32253086419752,30325.85648148148,32.0,0.9919753086419754,1.0,1.0,0.0,0.019249971956014633,0.022208248265087605,0.011958181858062744,0.013458007015287876,0.008792,0.009625,0.006457790732383728,0.007619056850671765,0.0006249174475669861,0.000791158527135849
ivf/branch,32,16,0.1,42,1944,0.0,0.0,0.0,0.0,0.0,0.033950617283950615,16.0,1.5756172839506173,0.033950617283950615,1.0,250.42746913580248,30325.85648148148,32.0,0.9919753086419754,0.9953703703703703,0.9984567901234568,0.0003395061728395062,0.019374769181013107,0.021666288375854492,0.01195911318063736,0.013208016753196716,0.008833,0.009625,0.006458256393671036,0.007416913285851479,0.0006249174475669861,0.000791158527135849
ivf/branch,32,16,0.1,43,1944,0.0,0.0,0.0,0.0,0.0,0.033950617283950615,16.0,1.5740740740740742,0.033950617283950615,1.0,250.179012345679,30325.85648148148,32.0,0.9919753086419754,0.9984567901234568,0.9984567901234568,0.0003395061728395062,0.01954101026058197,0.022773072123527516,0.012083910405635834,0.013708928599953651,0.008916,0.009833,0.006541144102811813,0.007874798029661179,0.0006249174475669861,0.0007920898497104645
ivf/branch,32,16,0.1,44,1944,0.0,0.0,0.0,0.0,0.0,0.05246913580246913,16.0,1.5694444444444444,0.05246913580246913,1.0,250.1219135802469,30325.85648148148,32.0,0.9919753086419754,0.9969135802469136,0.9984567901234568,0.0005246913580246914,0.01950003206729889,0.0222501577809453,0.012083910405635834,0.013785669580101963,0.008917,0.009917,0.006500165909528732,0.0075409188866615295,0.0006249174475669861,0.0007915543392300606
ivf/branch,32,32,0.0,42,1944,0.0,0.0,0.0,0.0,0.0,0.0,32.0,0.0,0.0,1.0,489.7345679012346,30325.85648148148,32.0,0.9919753086419754,1.0,1.0,0.0,0.02054218202829361,0.023250002413988113,0.013167038559913635,0.014785910025238987,0.01,0.010916849999999999,0.0064997002482414246,0.0074999406933784485,0.0006249174475669861,0.0007920898497104645
ivf/branch,32,32,0.1,42,1944,0.0,0.0,0.0,0.0,0.0,0.14814814814814814,32.0,3.1435185185185186,0.14814814814814814,1.0,490.4675925925926,30325.85648148148,32.0,0.9919753086419754,0.9722222222222222,0.9953703703703703,0.0014814814814814814,0.020833220332860947,0.02593942917883395,0.013458076864480972,0.015249941498041153,0.010291,0.011410699999999996,0.0064997002482414246,0.007493793964385983,0.0006253831088542938,0.0008749775588512421
ivf/branch,32,32,0.1,43,1944,0.0,0.0,0.0,0.0,0.0,0.1728395061728395,32.0,3.1435185185185186,0.1728395061728395,1.0,490.733024691358,30325.85648148148,32.0,0.9919753086419754,0.9768518518518519,0.9953703703703703,0.0017283950617283952,0.021082814782857895,0.028974912129342542,0.013541895896196365,0.01654154621064663,0.010375,0.012159849999999996,0.006583984941244125,0.008333008736371994,0.0006658956408500671,0.0010001705959439278
ivf/branch,32,32,0.1,44,1944,0.0,0.0,0.0,0.0,0.0,0.2006172839506173,32.0,3.134259259259259,0.2006172839506173,1.0,490.98148148148147,30325.85648148148,32.0,0.9919753086419754,0.9799382716049383,0.9907407407407407,0.002006172839506173,0.020790845155715942,0.024237600155174725,0.013417098671197891,0.014868937432765957,0.01025,0.011167,0.0064997002482414246,0.007375143468379974,0.0006253831088542938,0.0007920898497104645
ivf/branch,32,64,0.0,42,1944,0.0,0.0,0.0,0.0,0.0,0.0,64.0,0.0,0.0,1.0,979.4691358024692,30325.85648148148,32.0,0.9919753086419754,1.0,1.0,0.0,0.024291686713695526,0.028667040169239044,0.016791513189673424,0.02037500962615013,0.013292,0.016584,0.006541144102811813,0.007701944559812542,0.0006253831088542938,0.0008326023817062378
ivf/branch,32,64,0.1,42,1944,0.0,1.54320987654321e-05,0.0,0.0,0.0,4.097222222222222,64.0,6.341049382716049,4.097222222222222,1.0,973.9984567901234,30325.85648148148,32.0,0.9919753086419754,0.6234567901234568,0.8472222222222222,0.04097222222222222,0.026874709874391556,0.04207659512758254,0.018124934285879135,0.02245791256427765,0.014583,0.018409849999999995,0.006624963134527206,0.0077500008046627045,0.0007078051567077637,0.012659840285778042
ivf/branch,32,64,0.1,43,1944,0.0,0.0,0.0,0.0,0.0,4.583333333333333,64.0,6.33179012345679,4.583333333333333,1.0,974.4691358024692,30325.85648148148,32.0,0.9919753086419754,0.6157407407407407,0.8101851851851852,0.04583333333333334,0.026416033506393433,0.04247529432177542,0.017624814063310623,0.022416934370994568,0.0141455,0.018541,0.006624963134527206,0.008375383913516998,0.0007082708179950714,0.01258309930562973
ivf/branch,32,64,0.1,44,1944,0.000154320987654321,1.54320987654321e-05,0.0,0.0,0.0,4.570987654320987,64.0,6.320987654320987,4.570987654320987,1.0,973.3441358024692,30325.85648148148,32.0,0.9919753086419754,0.5895061728395061,0.8287037037037037,0.04570987654320988,0.02654222771525383,0.04407158121466636,0.017541926354169846,0.02277856692671775,0.014083,0.018702699999999996,0.00658305361866951,0.008416292257606983,0.0007501803338527679,0.01366669312119484
ivf/branch,32,128,0.0,42,1944,0.0,7.716049382716049e-05,0.0,0.0,0.0,0.49537037037037035,128.0,0.0,0.5895061728395061,1.0,1958.4938271604938,30325.85648148148,32.0,0.9919753086419754,0.9876543209876543,0.9891975308641975,0.004953703703703703,0.033041927963495255,0.041082967072725296,0.02545909956097603,0.031541893258690834,0.0214795,0.02691685,0.006541144102811813,0.008125253953039646,0.0006658956408500671,0.0008749775588512421
ivf/branch,32,128,0.1,42,1944,0.000154320987654321,0.0001234567901234568,0.0,0.0,0.0,26.00925925925926,128.0,12.768518518518519,26.15740740740741,1.0,1921.0972222222222,30325.85648148148,32.0,0.9919753086419754,0.07561728395061729,0.2762345679012346,0.2600925925925926,0.04918733611702919,0.07395283319056034,0.030458904802799225,0.03916663117706776,0.026333,0.03458385,0.006875023245811462,0.008708261884748936,0.011167023330926895,0.027196481823921197
ivf/branch,32,128,0.1,43,1944,0.0,7.716049382716049e-05,0.0,0.0,0.0,26.526234567901234,128.0,12.770061728395062,26.828703703703702,1.0,1922.0756172839506,30325.85648148148,32.0,0.9919753086419754,0.06327160493827161,0.2700617283950617,0.2652623456790123,0.0477079302072525,0.07245175074785948,0.02954108640551567,0.03848751075565814,0.025458,0.0339107,0.006833113729953766,0.008792150765657425,0.010624993592500687,0.027327029965817925
ivf/branch,32,128,0.1,44,1944,0.000154320987654321,9.259259259259259e-05,0.0,0.0,0.0,26.77932098765432,128.0,12.723765432098766,26.862654320987655,1.0,1918.3595679012346,30325.85648148148,32.0,0.9919753086419754,0.0787037037037037,0.24537037037037038,0.2677932098765432,0.04874984733760357,0.0727916369214654,0.029979506507515907,0.03795176744461059,0.025917,0.0333687,0.0069588422775268555,0.00895792618393898,0.011395895853638649,0.02710605040192603
ivf/branch,32,256,0.0,42,1944,0.000154320987654321,0.0007098765432098766,0.0,0.0,0.0,3.632716049382716,256.0,0.0,6.052469135802469,1.0,3914.699074074074,30325.85648148148,32.0,0.9919753086419754,0.9382716049382716,0.9398148148148148,0.036327160493827164,0.051999930292367935,0.08549739141017196,0.04389556124806404,0.05814842879772185,0.038625,0.05121879999999998,0.006875023245811462,0.009458768181502819,0.0007082708179950714,0.0167311169207096
ivf/branch,32,256,0.1,42,1944,0.000308641975308642,0.0006481481481481482,0.0,0.0,0.0,75.17129629629629,256.0,25.469135802469136,87.58796296296296,1.0,3791.722222222222,30325.85648148148,32.0,0.9919753086419754,0.0,0.004629629629629629,0.751712962962963,0.09191641584038734,0.11454196646809578,0.05520787090063095,0.06993268616497515,0.050208,0.064125,0.0070410314947366714,0.008791615255177021,0.029374845325946808,0.03787502646446228
ivf/branch,32,256,0.1,43,1944,0.000462962962962963,0.0007407407407407407,0.0,0.0,0.0,74.40277777777777,256.0,25.50462962962963,87.72993827160494,1.0,3794.496913580247,30325.85648148148,32.0,0.9919753086419754,0.0,0.012345679012345678,0.7440277777777778,0.08864537812769413,0.10932679288089275,0.05250005051493645,0.0657438300549984,0.047542,0.060612549999999994,0.007040798664093018,0.008875038474798203,0.02879137173295021,0.036834063939750195
ivf/branch,32,256,0.1,44,1944,0.000462962962962963,0.0007870370370370369,0.0009462148036503987,0.000154320987654321,0.0007716049382716049,74.55864197530865,256.0,25.449074074074073,86.5,1.0,3793.0185185185187,30325.85648148148,32.0,0.9919753086419754,0.0015432098765432098,0.007716049382716049,0.7455864197530865,0.09287474676966667,0.11440969537943602,0.05620787851512432,0.06974365096539259,0.051125,0.06415984999999999,0.0070838723331689835,0.008833128958940506,0.02931244671344757,0.03745872527360916
ivf/branch,32,512,0.0,42,1944,0.022839506172839506,0.022175925925925925,0.013364926565363354,0.004475308641975308,0.01507669285447063,34.66975308641975,512.0,0.0,106.03703703703704,1.0,7790.299382716049,30325.85648148148,32.0,0.9919753086419754,0.5169753086419753,0.5169753086419753,0.3466975308641975,0.09433343075215816,0.17583942972123615,0.07975008338689804,0.13093117158859963,0.072417,0.12278934999999998,0.006875023245811462,0.008875038474798203,0.0011459924280643463,0.03828590270131826
ivf/branch,32,512,0.1,42,1944,0.013888888888888888,0.01476851851851852,0.009801791260194254,0.0037037037037037034,0.01057566404788627,99.84413580246914,512.0,51.199074074074076,289.858024691358,1.0,7477.729938271605,30325.85648148148,32.0,0.9919753086419754,0.0,0.0,0.9984413580246914,0.1550843007862568,0.20764027722179884,0.11120783165097237,0.15427845064550638,0.1041455,0.14552774999999996,0.007417052984237671,0.013076607137918469,0.03533391281962395,0.044493703171610825
ivf/branch,32,512,0.1,43,1944,0.015123456790123457,0.014814814814814815,0.009270171013429637,0.0033950617283950617,0.009469696969696968,99.73148148148148,512.0,51.226851851851855,287.4675925925926,1.0,7483.623456790124,30325.85648148148,32.0,0.9919753086419754,0.0,0.0,0.9973148148148147,0.15391595661640167,0.20013097673654548,0.11014589108526707,0.14936090447008607,0.103083,0.14105179999999998,0.0072498805820941925,0.010416703298687935,0.03529200330376625,0.04270276986062526
ivf/branch,32,512,0.1,44,1944,0.01404320987654321,0.014567901234567901,0.009860485884876907,0.0035493827160493823,0.010241301907968573,99.92438271604938,512.0,51.19135802469136,287.0354938271605,1.0,7480.807098765432,30325.85648148148,32.0,0.9919753086419754,0.0,0.0,0.9992438271604938,0.14887494035065174,0.1876546535640955,0.10600010864436626,0.13909353874623773,0.099042,0.1315294,0.007207971066236496,0.00940999016165733,0.034708064049482346,0.04029087722301483
ivf/branch,32,1024,0.0,42,1944,0.48518518518518516,0.4596296296296296,0.27005915449987244,0.06959876543209877,0.3014474551511589,99.26851851851852,1024.0,0.0,1654.2546296296296,1.0,14452.313271604939,30325.85648148148,32.0,0.9919753086419754,0.006172839506172839,0.006172839506172839,0.9926851851851852,0.3006665501743555,0.4059983417391777,0.2547288313508034,0.3446604358032346,0.24483349999999998,0.33464379999999994,0.007792375981807709,0.016208598390221596,0.037020305171608925,0.04830784164369105
ivf/branch,32,1024,0.1,42,1944,0.39675925925925926,0.3714197530864197,0.22377487240059607,0.05632716049382716,0.24544975771827623,100.0,1024.0,102.33641975308642,1753.7577160493827,1.0,14082.44598765432,30325.85648148148,32.0,0.9919753086419754,0.0,0.0,1.0,0.30335457995533943,0.4027577582746743,0.2575002145022154,0.3495103679597378,0.247729,0.33815805,0.0077500008046627045,0.014618737623095509,0.03641610965132713,0.04594633355736732
ivf/branch,32,1024,0.1,43,1944,0.3953703703703703,0.36956790123456795,0.21803825653446937,0.05447530864197531,0.23769941478274814,100.0,1024.0,102.39043209876543,1760.1543209876543,1.0,14078.462962962964,30325.85648148148,32.0,0.9919753086419754,0.0,0.0,1.0,0.3053126856684685,0.4236670210957527,0.26008300483226776,0.365051720291376,0.250875,0.3528536499999999,0.007666647434234619,0.014951825141906735,0.036333221942186356,0.047243433073163026
ivf/branch,32,1024,0.1,44,1944,0.395679012345679,0.37163580246913575,0.21863194777931144,0.05478395061728395,0.23969701423405126,100.0,1024.0,102.3425925925926,1759.70987654321,1.0,14077.402777777777,30325.85648148148,32.0,0.9919753086419754,0.0,0.0,1.0,0.29218755662441254,0.37371248472481966,0.24804146960377693,0.3262436017394066,0.23860399999999998,0.31757769999999996,0.007624737918376923,0.011112214997410767,0.03579212352633476,0.042375107295811176
ivf/branch,32,2048,0.0,42,1944,0.7013888888888888,0.7563734567901235,0.3459224486880068,0.09320987654320988,0.39597603185566144,100.0,2048.0,0.0,6148.58487654321,1.0,26029.311728395063,30325.85648148148,32.0,0.9919753086419754,0.0,0.0,1.0,0.5914580542594194,0.8063874440267681,0.5425624549388885,0.7307309657335281,0.5300205,0.7082579999999999,0.008625444024801254,0.020743976347148415,0.03900006413459778,0.05473094061017035
ivf/branch,32,2048,0.1,42,1944,0.7030864197530864,0.7544907407407407,0.3461209415580187,0.09367283950617285,0.3976907094962651,100.0,2048.0,204.50154320987653,6447.205246913581,1.0,25159.947530864196,30325.85648148148,32.0,0.9919753086419754,0.0,0.0,1.0,0.6193954031914473,0.760449911467731,0.5694583524018526,0.6926125613972545,0.5576665000000001,0.6774331,0.009041279554367065,0.01857692841440439,0.03970833495259285,0.05224999040365219
ivf/branch,32,2048,0.1,43,1944,0.7030864197530865,0.7559567901234567,0.34724068044027745,0.09398148148148149,0.4001341251341251,100.0,2048.0,204.56635802469137,6452.916666666667,1.0,25159.61574074074,30325.85648148148,32.0,0.9919753086419754,0.0,0.0,1.0,0.6024788599461317,0.7836900185793637,0.5551041103899479,0.7134456885978578,0.5437289999999999,0.6991919999999998,0.008500181138515472,0.019618682563304898,0.03875000402331352,0.05374988541007042
ivf/branch,32,2048,0.1,44,1944,0.703395061728395,0.7552006172839506,0.34671743131909,0.09382716049382718,0.3966251598196043,100.0,2048.0,204.5570987654321,6454.293209876543,1.0,25159.98302469136,30325.85648148148,32.0,0.9919753086419754,0.0,0.0,1.0,0.6075417622923851,0.7879917742684484,0.5576671101152897,0.7161624729633331,0.5461875,0.6967000499999999,0.008541857823729515,0.019374769181013107,0.03908388316631317,0.05250005051493645
ivf/branch,32,4096,0.0,42,1944,0.785030864197531,0.9465123456790123,0.3539834506588766,0.09722222222222222,0.41022684020369204,100.0,4096.0,0.0,15547.285493827161,1.0,47990.33487654321,30325.85648148148,32.0,0.9919753086419754,0.0,0.0,1.0,1.1612079106271267,1.4460875885561109,1.1057502124458551,1.3777500716969364,1.0899999999999999,1.3554517499999998,0.010041054338216782,0.023624859750270844,0.04241638816893101,0.05744551308453082
ivf/branch,32,4096,0.1,42,1944,0.783641975308642,0.9404475308641975,0.35412300802379243,0.09722222222222222,0.40919803361932994,100.0,4096.0,409.7638888888889,15731.322530864198,1.0,47174.85493827161,30325.85648148148,32.0,0.9919753086419754,0.0,0.0,1.0,1.1364372912794352,1.3381749857217073,1.0846040677279234,1.2755653820931911,1.071437,1.2626160999999998,0.009249895811080933,0.017334031872451305,0.04089553840458393,0.05216696299612522
ivf/branch,32,4096,0.1,43,1944,0.782716049382716,0.9411574074074075,0.3539408308000174,0.0970679012345679,0.4098410377345562,100.0,4096.0,409.62654320987656,15727.358024691359,1.0,47182.9537037037,30325.85648148148,32.0,0.9919753086419754,0.0,0.0,1.0,1.1382084339857101,1.3253000564873216,1.0865000076591969,1.2655562022700906,1.071396,1.25233125,0.009417068213224411,0.017070746980607503,0.04033418372273445,0.05129158962517977
ivf/branch,32,4096,0.1,44,1944,0.7820987654320988,0.9402932098765431,0.3543822938097212,0.09722222222222222,0.41022684020369204,100.0,4096.0,409.75308641975306,15728.95061728395,1.0,47171.88271604938,30325.85648148148,32.0,0.9919753086419754,0.0,0.0,1.0,1.1729164980351925,1.417670748196542,1.1189794167876244,1.347720785997808,1.104125,1.3316044999999999,0.010084360837936401,0.022445479407906525,0.04237517714500427,0.057731196284294115
ivf/branch,64,0,0.0,42,1944,0.803858024691358,1.0,0.3580897769913867,0.0978395061728395,0.4138619568017716,100.0,11713.606481481482,0.0,57600.0,0.0,110173.99845679013,57638.0,64.0,1.0,0.0,0.0,1.0,3.485541557893157,4.773960774764418,3.4099374897778034,4.646606626920401,3.397187,4.618091999999999,0.019667204469442368,0.04315422847867011,0.053999945521354675,0.07987527642399073
ivf/branch,64,0,0.1,42,1944,0.803858024691358,1.0,0.3580897769913867,0.0978395061728395,0.4138619568017716,100.0,11713.608024691359,1167.8194444444443,57600.0,0.0,110174.00925925926,57638.0,64.0,1.0,0.0,0.0,1.0,3.5522296093404293,4.224066063761711,3.472083481028676,4.122160910628736,3.459521,4.10020175,0.020875129848718643,0.03723131958395241,0.05595851689577103,0.07477856706827878
ivf/branch,64,0,0.1,43,1944,0.803858024691358,1.0,0.3580897769913867,0.0978395061728395,0.4138619568017716,100.0,11713.606481481482,1167.429012345679,57600.0,0.0,110173.99845679013,57638.0,64.0,1.0,0.0,0.0,1.0,3.4686250146478415,3.9920642739161845,3.391979029402137,3.8921626983210444,3.3796045,3.8765143,0.01824973151087761,0.03300001844763756,0.052749644964933395,0.0694393878802657
ivf/branch,64,0,0.1,44,1944,0.803858024691358,1.0,0.3580897769913867,0.0978395061728395,0.4138619568017716,100.0,11713.606481481482,1168.0077160493827,57600.0,0.0,110173.99845679013,57638.0,64.0,1.0,0.0,0.0,1.0,3.5210000351071358,4.107081354595721,3.441729350015521,4.008228750899434,3.4289794999999996,3.9852482,0.020124949514865875,0.03620628267526624,0.05554221570491791,0.07265354506671427
ivf/branch,64,16,0.0,42,1944,0.0,0.0,0.0,0.0,0.0,0.0,16.0,0.0,0.0,1.0,250.32253086419752,57638.0,64.0,1.0,1.0,1.0,0.0,0.020958948880434036,0.022999942302703857,0.013459008187055588,0.014534662477672097,0.009458,0.010076849999999997,0.006666872650384903,0.007534772157669064,0.0006249174475669861,0.0007087364792823792
ivf/branch,64,16,0.1,42,1944,0.0,0.0,0.0,0.0,0.0,0.047839506172839504,16.0,1.5756172839506173,0.047839506172839504,1.0,249.1033950617284,57638.0,64.0,1.0,0.9969135802469136,0.9984567901234568,0.00047839506172839513,0.021624844521284103,0.024541746824979782,0.013874843716621399,0.015541911125183105,0.009667,0.010708,0.006874557584524155,0.00790969934314489,0.0006253831088542938,0.0007920898497104645
ivf/branch,64,16,0.1,43,1944,0.0,0.0,0.0,0.0,0.0,0.016975308641975308,16.0,1.5740740740740742,0.016975308641975308,1.0,248.59876543209876,57638.0,64.0,1.0,0.9984567901234568,0.9984567901234568,0.0001697530864197531,0.021645566448569298,0.024618883617222306,0.013874843716621399,0.015493854880332943,0.009667,0.010583,0.006875023245811462,0.00800006091594696,0.0006253831088542938,0.0007920898497104645
ivf/branch,64,16,0.1,44,1944,0.0,0.0,0.0,0.0,0.0,0.0,16.0,1.5679012345679013,0.0,1.0,249.2993827160494,57638.0,64.0,1.0,1.0,1.0,0.0,0.021167099475860596,0.02424977719783783,0.01362524926662445,0.015576742589473721,0.009541,0.0105,0.006666872650384903,0.0077500008046627045,0.0006249174475669861,0.0007501803338527679
ivf/branch,64,32,0.0,42,1944,0.0,0.0,0.0,0.0,0.0,0.0,32.0,0.0,0.0,1.0,489.7345679012346,57638.0,64.0,1.0,1.0,1.0,0.0,0.02237502485513687,0.024500302970409393,0.014833174645900726,0.01591583713889122,0.010708,0.01145885,0.006707850843667984,0.007416051812469959,0.0006249174475669861,0.0007497146725654602
ivf/branch,64,32,0.1,42,1944,0.0,0.0,0.0,0.0,0.0,0.11882716049382716,32.0,3.1558641975308643,0.11882716049382716,1.0,489.3009259259259,57638.0,64.0,1.0,0.9922839506172839,0.9953703703703703,0.0011882716049382716,0.022625084966421127,0.02520803827792406,0.015041790902614594,0.01633400097489357,0.010916,0.01183385,0.006707850843667984,0.00762520357966423,0.0006249174475669861,0.0007501803338527679
ivf/branch,64,32,0.1,43,1944,0.0,0.0,0.0,0.0,0.0,0.06944444444444445,32.0,3.1527777777777777,0.06944444444444445,1.0,488.98148148148147,57638.0,64.0,1.0,0.9938271604938271,0.9969135802469136,0.0006944444444444445,0.02270820550620556,0.025791837833821774,0.015042256563901901,0.016868347302079197,0.010917,0.011993849999999997,0.006750226020812988,0.007708091288805008,0.0006249174475669861,0.0007906928658485413
ivf/branch,64,32,0.1,44,1944,0.0,0.0,0.0,0.0,0.0,0.023148148148148147,32.0,3.146604938271605,0.023148148148148147,1.0,488.93518518518516,57638.0,64.0,1.0,0.9953703703703703,0.9984567901234568,0.00023148148148148152,0.022874679416418076,0.026654521934688084,0.015167053788900375,0.017369003035128113,0.011,0.012326849999999997,0.006792135536670685,0.008082948625087738,0.0006249174475669861,0.0007920898497104645
ivf/branch,64,64,0.0,42,1944,0.0,0.0,0.0,0.0,0.0,0.0,64.0,0.0,0.0,1.0,932.0,57638.0,64.0,1.0,1.0,1.0,0.0,0.025250017642974854,0.029826769605278965,0.01750001683831215,0.02011880278587341,0.013375,0.014833849999999999,0.006834045052528381,0.00845212489366531,0.0006658956408500671,0.0008326023817062378
ivf/branch,64,64,0.1,42,1944,0.0,0.0,0.0,0.0,0.0,0.43209876543209874,64.0,6.333333333333333,0.43209876543209874,1.0,948.9722222222222,57638.0,64.0,1.0,0.9567901234567902,0.9845679012345679,0.004320987654320988,0.025792047381401062,0.03132680431008338,0.01808302477002144,0.020076893270015713,0.013875,0.015209,0.006792135536670685,0.0077500008046627045,0.0006658956408500671,0.0011545140296220704
ivf/branch,64,64,0.1,43,1944,0.0,0.0,0.0,0.0,0.0,0.4984567901234568,64.0,6.334876543209877,0.4984567901234568,1.0,948.3348765432099,57638.0,64.0,1.0,0.9583333333333334,0.9783950617283951,0.0049845679012345675,0.025750137865543365,0.03194622695446014,0.01800013706088066,0.020535825751721856,0.013875,0.01575,0.006833113729953766,0.0077500008046627045,0.0006658956408500671,0.0011184951290488206
ivf/branch,64,64,0.1,44,1944,0.0,0.0,0.0,0.0,0.0,0.11419753086419752,64.0,6.316358024691358,0.11419753086419752,1.0,948.5154320987655,57638.0,64.0,1.0,0.970679012345679,0.9953703703703703,0.0011419753086419754,0.025792047381401062,0.030897394753992547,0.018042046576738358,0.020201690495014187,0.0138335,0.015285699999999996,0.006833113729953766,0.00837491825222969,0.0006658956408500671,0.0009997747838497162
ivf/branch,64,128,0.0,42,1944,0.0,0.0,0.0,0.0,0.0,0.0,128.0,0.0,0.0,1.0,1864.0,57638.0,64.0,1.0,1.0,1.0,0.0,0.031624920666217804,0.03858369309455156,0.0238749198615551,0.030243676155805584,0.019209,0.025326849999999998,0.006791669875383377,0.007834145799279213,0.0006249174475669861,0.0007906928658485413
ivf/branch,64,128,0.1,42,1944,0.0,0.0,0.0,0.0,0.0,9.305555555555555,128.0,12.74537037037037,9.305555555555555,1.0,1871.0925925925926,57638.0,64.0,1.0,0.39814814814814814,0.6589506172839507,0.09305555555555556,0.03875000402331352,0.05700020119547844,0.02712523564696312,0.03404170274734497,0.022333,0.028792,0.007000286132097244,0.008750241249799728,0.00437488779425621,0.01652296632528304
ivf/branch,64,128,0.1,43,1944,0.0,3.08641975308642e-05,0.0,0.0,0.0,9.270061728395062,128.0,12.776234567901234,9.270061728395062,1.0,1871.5725308641975,57638.0,64.0,1.0,0.3765432098765432,0.6512345679012346,0.09270061728395061,0.03854208625853062,0.056368927471339696,0.02683280035853386,0.03333389759063721,0.022,0.028278549999999993,0.007040798664093018,0.00895792618393898,0.004417262971401215,0.015862286090850823
ivf/branch,64,128,0.1,44,1944,0.0,3.08641975308642e-05,0.0,0.0,0.0,9.007716049382717,128.0,12.748456790123457,9.007716049382717,1.0,1870.7993827160494,57638.0,64.0,1.0,0.3950617283950617,0.6774691358024691,0.09007716049382716,0.03824988380074501,0.058189337141811834,0.026541994884610176,0.03390982747077941,0.02175,0.028743699999999997,0.006959307938814163,0.008875038474798203,0.0042084138840436935,0.016576843336224552
ivf/branch,64,256,0.0,42,1944,0.0,9.259259259259259e-05,0.0,0.0,0.0,3.2299382716049383,256.0,0.0,4.845679012345679,1.0,3725.8086419753085,57638.0,64.0,1.0,0.8996913580246914,0.9089506172839507,0.03229938271604939,0.05212519317865372,0.0806480413302779,0.04354212433099747,0.05969638004899024,0.037709,0.052445549999999994,0.007083173841238022,0.00974365975707769,0.0007078051567077637,0.013499986380338669
ivf/branch,64,256,0.1,42,1944,0.0,0.0001234567901234568,0.0,0.0,0.0,52.85030864197531,256.0,25.469135802469136,56.842592592592595,1.0,3673.259259259259,57638.0,64.0,1.0,0.018518518518518517,0.06172839506172839,0.528503086419753,0.07681199349462986,0.10636229999363421,0.04983274266123772,0.06358365062624216,0.044042,0.057458,0.007458031177520752,0.009250291623175144,0.01927092671394348,0.035368814133107655
ivf/branch,64,256,0.1,43,1944,0.0,0.0001388888888888889,0.0,0.0,0.0,51.64043209876543,256.0,25.506172839506174,54.80555555555556,1.0,3674.598765432099,57638.0,64.0,1.0,0.020061728395061727,0.06018518518518518,0.5164043209876543,0.08025020360946655,0.11241708416491747,0.05237525328993797,0.06745187565684319,0.046417,0.0605767,0.007542315870523453,0.010160170495510098,0.019750092178583145,0.036320323124527924
ivf/branch,64,256,0.1,44,1944,0.000154320987654321,0.0001697530864197531,0.00013498721311945713,0.000154320987654321,0.000257201646090535,51.01543209876543,256.0,25.48148148148148,54.035493827160494,1.0,3674.561728395062,57638.0,64.0,1.0,0.020061728395061727,0.08796296296296297,0.5101543209876543,0.07895845919847488,0.10774354450404644,0.051958486437797546,0.06404193118214607,0.0460835,0.0577437,0.007416587322950363,0.00940999016165733,0.01931237056851387,0.03602835349738597
ivf/branch,64,512,0.0,42,1944,0.001388888888888889,0.002006172839506173,0.0,0.0,0.0,19.50462962962963,512.0,0.0,36.800925925925924,1.0,7452.947530864198,57638.0,64.0,1.0,0.5030864197530864,0.5432098765432098,0.19504629629629627,0.0947294756770134,0.15703565441071987,0.08175009861588478,0.11138569097965954,0.073708,0.10093925,0.007375143468379974,0.009791925549507141,0.0035420525819063187,0.038951938040554517
ivf/branch,64,512,0.1,42,1944,0.001080246913580247,0.001388888888888889,0.0004652129303023701,0.000308641975308642,0.000565843621399177,98.05555555555556,512.0,51.21141975308642,193.66512345679013,1.0,7238.217592592592,57638.0,64.0,1.0,0.0,0.0,0.9805555555555557,0.1441454514861107,0.17480798996984956,0.10154186747968197,0.12758106458932159,0.0937085,0.11879184999999999,0.007541850209236145,0.0100000761449337,0.03429083153605461,0.03982651978731155
ivf/branch,64,512,0.1,43,1944,0.0007716049382716049,0.0016820987654320987,0.0,0.0,0.0,98.05555555555556,512.0,51.22530864197531,191.69907407407408,1.0,7243.401234567901,57638.0,64.0,1.0,0.0,0.0015432098765432098,0.9805555555555556,0.14675036072731018,0.17482684925198555,0.10337494313716888,0.1281952951103449,0.0957085,0.11947509999999999,0.007541384547948837,0.010124873369932175,0.0346663873642683,0.04024361260235309
ivf/branch,64,512,0.1,44,1944,0.000462962962962963,0.0013117283950617284,0.0012324972109540489,0.00046296296296296303,0.001337448559670782,97.9104938271605,512.0,51.19753086419753,189.64969135802468,1.0,7242.436728395061,57638.0,64.0,1.0,0.0,0.0,0.9791049382716049,0.14770799316465855,0.1942027360200882,0.10408367961645126,0.13905281666666267,0.0961455,0.12790889999999996,0.0077500008046627045,0.013093906454741936,0.034645432606339455,0.04402960184961557
ivf/branch,64,1024,0.0,42,1944,0.04922839506172839,0.04645061728395061,0.028597892521980525,0.0070987654320987656,0.03123263053818609,73.74537037037037,1024.0,0.0,408.53395061728395,1.0,14847.956790123457,57638.0,64.0,1.0,0.026234567901234566,0.05246913580246913,0.7374537037037038,0.2118125557899475,0.3481952706351875,0.1707295887172222,0.30065772589296075,0.15777049999999998,0.28827939999999996,0.007834052667021751,0.011951429769396778,0.03400025889277458,0.04151591565459965
ivf/branch,64,1024,0.1,42,1944,0.035493827160493825,0.03220679012345679,0.023402284934902713,0.006172839506172839,0.02553377692266581,100.0,1024.0,102.3395061728395,725.2438271604939,1.0,14289.288580246914,57638.0,64.0,1.0,0.0,0.0,1.0,0.240229070186615,0.3279794007539748,0.1966038253158331,0.2803107257932424,0.1849165,0.26911704999999997,0.007708091288805008,0.010743504390120503,0.034499913454055786,0.04066084511578082
ivf/branch,64,1024,0.1,43,1944,0.0345679012345679,0.03245370370370371,0.024321946200710525,0.006172839506172839,0.02573953823953824,100.0,1024.0,102.36265432098766,724.1311728395061,1.0,14291.753086419752,57638.0,64.0,1.0,0.0,0.0,1.0,0.23547885939478874,0.31687458977103233,0.19264593720436096,0.27048741467297077,0.1810415,0.2583375,0.007667113095521927,0.010292045772075653,0.03433274105191231,0.04036901518702506
ivf/branch,64,1024,0.1,44,1944,0.03503086419753087,0.03185185185185185,0.023252056716323494,0.006172839506172839,0.02522513494735717,100.0,1024.0,102.34104938271605,723.091049382716,1.0,14289.890432098766,57638.0,64.0,1.0,0.0,0.0,1.0,0.2407706342637539,0.33384987618774176,0.1965411938726902,0.2836684696376323,0.18491649999999998,0.26734379999999996,0.007832888513803482,0.012250151485204697,0.03462471067905426,0.04332689568400382
ivf/branch,64,2048,0.0,42,1944,0.6157407407407407,0.608425925925926,0.3191106402522027,0.08503086419753086,0.3567172625042996,100.0,2048.0,0.0,4282.976851851852,1.0,27138.024691358023,57638.0,64.0,1.0,0.0,0.0,1.0,0.5553956143558025,0.6917293183505534,0.5062918644398451,0.632135896012187,0.49054149999999996,0.6165642499999999,0.008707866072654724,0.015606475062668311,0.0388328917324543,0.048118620179593556
ivf/branch,64,2048,0.1,42,1944,0.5473765432098765,0.53554012345679,0.29215559117588863,0.07546296296296295,0.32679736244551055,100.0,2048.0,204.34722222222223,4410.87037037037,1.0,26496.444444444445,57638.0,64.0,1.0,0.0,0.0,1.0,0.5564375314861536,0.6897516548633575,0.5096038803458214,0.6352672353386879,0.493917,0.6198686999999999,0.008999835699796677,0.014826818369328972,0.037687597796320915,0.04645888693630695
ivf/branch,64,2048,0.1,43,1944,0.546141975308642,0.5336574074074074,0.28992631236402855,0.07500000000000001,0.32521373516743884,100.0,2048.0,204.41666666666666,4403.109567901234,1.0,26509.89197530864,57638.0,64.0,1.0,0.0,0.0,1.0,0.5873329937458038,0.7777123712003231,0.5369577556848526,0.7096667308360338,0.5208545,0.69123755,0.009084120392799377,0.019077118486165997,0.03945850767195225,0.05276622250676154
ivf/branch,64,2048,0.1,44,1944,0.5455246913580247,0.5347067901234568,0.2906362559732298,0.07561728395061729,0.3251365746736117,100.0,2048.0,204.33024691358025,4409.859567901234,1.0,26503.25,57638.0,64.0,1.0,0.0,0.0,1.0,0.5503334105014801,0.6732315057888627,0.5018748342990875,0.6185644771903753,0.486813,0.60372495,0.008500181138515472,0.01323749311268329,0.03787502646446228,0.04533398896455765
ivf/branch,64,4096,0.0,42,1944,0.7185185185185187,0.793888888888889,0.34963897073703826,0.0947530864197531,0.40189166971574375,100.0,4096.0,0.0,13056.00462962963,1.0,50278.291666666664,57638.0,64.0,1.0,0.0,0.0,1.0,1.1079164687544107,1.4196689706295726,1.0538124479353428,1.3457250781357286,1.03125,1.3108705499999997,0.010187504813075066,0.023618969134986397,0.04158308729529381,0.057564023882150636
ivf/branch,64,4096,0.1,42,1944,0.7188271604938272,0.7942592592592592,0.349213840404022,0.09506172839506173,0.4041550442013405,100.0,4096.0,409.8425925925926,13647.11574074074,1.0,48691.19598765432,57638.0,64.0,1.0,0.0,0.0,1.0,1.1120419949293137,1.3539097039029002,1.0615626815706491,1.2845668010413647,1.0415005000000002,1.25922765,0.009790994226932526,0.019042217172682285,0.03979215398430824,0.05257686134427785
ivf/branch,64,4096,0.1,43,1944,0.719753086419753,0.7960956790123458,0.3499873425914206,0.09490740740740741,0.40302519411315707,100.0,4096.0,409.84104938271605,13643.225308641975,1.0,48697.21141975309,57638.0,64.0,1.0,0.0,0.0,1.0,1.1418750509619713,1.523816888220608,1.0881666094064713,1.4313986059278248,1.0682085,1.3948812,0.010707881301641464,0.02657030709087848,0.04174979403614998,0.062141311354935155
ivf/branch,64,4096,0.1,44,1944,0.7199074074074074,0.7951543209876543,0.3514620959564174,0.09475308641975311,0.4038206820614228,100.0,4096.0,409.6203703703704,13655.95061728395,1.0,48684.40895061728,57638.0,64.0,1.0,0.0,0.0,1.0,1.1488751042634249,1.5443065436556933,1.093957806006074,1.45900456700474,1.073271,1.4274044499999994,0.010999850928783417,0.027825008146464793,0.042062485590577126,0.06177234463393687
ivf/float,1,0,0.0,42,1944,0.48750000000000004,,0.21627077543127812,0.058024691358024696,0.24533147322499174,100.0,0.0,0.0,,0.0,0.0,1065.0185185185185,1.0,0.48750000000000004,0.0,0.0,1.0,0.06729201413691044,0.07974340114742517,0.032708048820495605,0.04511922597885131,,,,,0.033791642636060715,0.037993676960468285
ivf/float,2,0,0.0,42,1944,0.6706790123456791,,0.2784672192807408,0.07577160493827159,0.3248054628841666,100.0,0.0,0.0,,0.0,0.0,2097.9706790123455,2.0,0.6708333333333333,0.0,0.0,1.0,0.08420785889029503,0.13939086347818372,0.048708636313676834,0.07885638624429701,,,,,0.034374650567770004,0.05256421864032744
ivf/float,4,0,0.0,42,1944,0.816820987654321,,0.31691604825374203,0.08796296296296297,0.3735462111619519,100.0,0.0,0.0,,0.0,0.0,4047.307098765432,4.0,0.8183641975308642,0.0,0.0,1.0,0.11254101991653442,0.13469625264406204,0.0766250304877758,0.09553497657179832,,,,,0.03522937186062336,0.04181435797363518
ivf/float,8,0,0.0,42,1944,0.9126543209876543,,0.3533936062538494,0.09861111111111112,0.41770283471672365,100.0,0.0,0.0,,0.0,0.0,7878.538580246914,8.0,0.9157407407407407,0.0,0.0,1.0,0.16608298756182194,0.19417779985815284,0.12904196046292782,0.15328489243984222,,,,,0.03637513145804405,0.042708124965429306
ivf/float,16,0,0.0,42,1944,0.9640432098765431,,0.3654304012429996,0.1013888888888889,0.4326738076738077,100.0,0.0,0.0,,0.0,0.0,15501.618827160493,16.0,0.9682098765432098,0.0,0.0,1.0,0.27504097670316696,0.321606476791203,0.23527094163000584,0.27533413376659155,,,,,0.039458973333239555,0.04833284765481949
ivf/float,32,0,0.0,42,1944,0.9868827160493827,,0.3725578299873553,0.10385802469135805,0.443643457879569,100.0,0.0,0.0,,0.0,0.0,30325.85648148148,32.0,0.9919753086419754,0.0,0.0,1.0,0.48418762162327766,0.5799784325063229,0.439999857917428,0.5208330461755394,,,,,0.04329206421971321,0.05591071676462888
ivf/float,64,0,0.0,42,1944,0.9938271604938271,,0.37458039646024266,0.10385802469135803,0.44505806693306693,100.0,0.0,0.0,,0.0,0.0,57638.0,64.0,1.0,0.0,0.0,1.0,0.8629164658486843,1.009862381033599,0.8142499718815088,0.944929360412061,,,,,0.04810444079339504,0.06427485495805735
ivf/scan,1,0,0.0,42,1944,0.4594135802469136,1.0,0.21482822517234965,0.05725308641975309,0.24307912166708465,100.0,0.0,0.0,1065.0185185185185,0.0,0.0,1065.0185185185185,1.0,0.48750000000000004,0.0,0.0,1.0,0.08487515151500702,0.10879198089241982,0.04370789974927902,0.06728589069098234,0.042333,0.06593394999999999,0.0058747828006744385,0.00720182433724403,0.03408314660191536,0.03882681485265493
ivf/scan,2,0,0.0,42,1944,0.6063271604938273,1.0,0.27631715530637546,0.0742283950617284,0.321369983754243,100.0,0.0,0.0,2097.9706790123455,0.0,0.0,2097.9706790123455,2.0,0.6708333333333333,0.0,0.0,1.0,0.11595850810408592,0.14486899599432945,0.07506203837692738,0.10356397833675145,0.073583,0.10195884999999999,0.006084330379962921,0.007993378676474091,0.0339169055223465,0.03953462000936269
ivf/scan,4,0,0.0,42,1944,0.7118827160493828,1.0,0.31386037952179,0.08611111111111111,0.36686754175180103,100.0,0.0,0.0,4047.307098765432,0.0,0.0,4047.307098765432,4.0,0.8183641975308642,0.0,0.0,1.0,0.17033377662301064,0.205010874196887,0.1276666298508644,0.1580358250066638,0.1259165,0.1552794,0.0063749030232429504,0.010106153786182391,0.03529200330376625,0.04175018984824419
ivf/scan,8,0,0.0,42,1944,0.771141975308642,1.0,0.34610075987796096,0.09459876543209877,0.4011329248597767,100.0,0.0,0.0,7878.538580246914,0.0,0.0,7878.538580246914,8.0,0.9157407407407407,0.0,0.0,1.0,0.2739168703556061,0.3172962926328182,0.22947904653847218,0.2690348541364074,0.227438,0.26701064999999996,0.006770482286810875,0.012606289237737643,0.03633275628089905,0.04399358294904231
ivf/scan,16,0,0.0,42,1944,0.7933641975308643,1.0,0.35425023923909316,0.09675925925925927,0.4107798237427867,100.0,0.0,0.0,15501.618827160493,0.0,0.0,15501.618827160493,16.0,0.9682098765432098,0.0,0.0,1.0,0.46837516129016876,0.524945231154561,0.42424979619681835,0.4793338943272829,0.42204200000000003,0.476916,0.007000286132097244,0.011243624612689015,0.0352498609572649,0.0421660952270031
ivf/scan,32,0,0.0,42,1944,0.8016975308641975,1.0,0.3569803321258386,0.0978395061728395,0.41422203910629835,100.0,0.0,0.0,30325.85648148148,0.0,0.0,30325.85648148148,32.0,0.9919753086419754,0.0,0.0,1.0,0.8680624887347221,0.9357308968901634,0.8171875961124897,0.8844455238431692,0.8135835,0.879458,0.00833394005894661,0.016868812963366505,0.039750244468450546,0.049999915063381195
ivf/scan,64,0,0.0,42,1944,0.803858024691358,1.0,0.3580897769913867,0.0978395061728395,0.4138619568017716,100.0,0.0,0.0,57638.0,0.0,0.0,57638.0,64.0,1.0,0.0,0.0,1.0,1.5860632993280888,1.737410109490156,1.5227710828185081,1.6430670628324149,1.5156040000000002,1.62869025,0.011583324521780014,0.03024982288479805,0.04524970427155495,0.06782673299312592
sign/branch,1,0,0.0,42,1944,0.15108024691358027,1.0,0.0902970695436332,0.02283950617283951,0.09629592372647927,95.79475308641975,447.9675925925926,0.0,2300.2484567901233,0.0,15501.421296296296,2300.2484567901233,1.0,0.1558641975308642,0.0,0.015432098765432098,1.0,0.14652102254331112,0.3965688403695821,0.1016668975353241,0.35289216320961714,0.099667,0.35076694999999997,0.007084105163812637,0.009910436347126957,0.03483286127448082,0.04295203834772109
sign/branch,1,0,0.1,42,1944,0.15108024691358027,1.0,0.0902970695436332,0.02283950617283951,0.09629592372647927,95.79475308641975,447.9675925925926,44.367283950617285,2300.2484567901233,0.0,15501.421296296296,2300.2484567901233,1.0,0.1558641975308642,0.0,0.015432098765432098,1.0,0.14424999244511127,0.3890160471200943,0.10147900320589542,0.3445231355726719,0.099521,0.34257055000000003,0.00691576860845089,0.008791615255177021,0.03445800393819809,0.03983385395258665
sign/branch,1,0,0.1,43,1944,0.15108024691358027,1.0,0.0902970695436332,0.02283950617283951,0.09629592372647927,95.79475308641975,447.9675925925926,44.15586419753087,2300.2484567901233,0.0,15501.421296296296,2300.2484567901233,1.0,0.1558641975308642,0.0,0.015432098765432098,1.0,0.15395856462419033,0.4080582642927766,0.10589603334665298,0.3598874900490045,0.1041665,0.3566894,0.007207971066236496,0.012535834684967991,0.03545801155269146,0.04778553266078233
sign/branch,1,0,0.1,44,1944,0.15108024691358027,1.0,0.0902970695436332,0.02283950617283951,0.09629592372647927,95.79475308641975,447.9675925925926,44.4320987654321,2300.2484567901233,0.0,15501.421296296296,2300.2484567901233,1.0,0.1558641975308642,0.0,0.015432098765432098,1.0,0.14241691678762436,0.38065349217504263,0.09979191236197948,0.33886232413351536,0.09777050000000001,0.336875,0.00695791095495224,0.008951779454946514,0.033833086490631104,0.038534845225512974
sign/branch,1,16,0.0,42,1944,0.0037037037037037043,0.07977347618198341,0.0027746551968464133,0.0012345679012345679,0.0021277590722035165,4.612654320987654,15.310185185185185,0.0,4.612654320987654,0.9382716049382716,580.645061728395,2300.2484567901233,1.0,0.1558641975308642,0.8688271604938271,0.8858024691358025,0.0875666860585266,0.017999671399593353,0.03841076977550983,0.010604504495859146,0.014499761164188385,0.008875,0.012333,0.006375368684530258,0.0077500008046627045,0.0006249174475669861,0.016772886738181104
sign/branch,1,16,0.1,42,1944,0.0030864197530864196,0.08007381999824484,0.0027746551968464133,0.0012345679012345679,0.0021277590722035165,9.851851851851851,15.310185185185185,1.3070987654320987,9.851851851851851,0.9382716049382716,566.6496913580247,2300.2484567901233,1.0,0.1558641975308642,0.5138888888888888,0.691358024691358,0.13990406691182505,0.0208334531635046,0.04207692109048366,0.01133279874920845,0.01637497916817665,0.0095,0.014417,0.006417278200387955,0.008125253953039646,0.0008749775588512421,0.019577564671635624
sign/branch,1,16,0.1,43,1944,0.003240740740740741,0.080460708836177,0.0027746551968464133,0.0012345679012345679,0.0021277590722035165,10.621913580246913,15.310185185185185,1.287037037037037,10.621913580246913,0.9382716049382716,564.4567901234568,2300.2484567901233,1.0,0.1558641975308642,0.4737654320987654,0.6697530864197531,0.14762120266333753,0.02145860344171524,0.04239161498844622,0.011458061635494232,0.016451720148324963,0.009625,0.014409849999999997,0.0064997002482414246,0.007625133730471134,0.003687571734189987,0.019118818454444405
sign/branch,1,16,0.1,44,1944,0.003395061728395062,0.0797280150095827,0.0027746551968464133,0.0012345679012345679,0.0021277590722035165,9.729938271604938,15.310185185185185,1.2824074074074074,9.729938271604938,0.9382716049382716,566.283950617284,2300.2484567901233,1.0,0.1558641975308642,0.4984567901234568,0.691358024691358,0.13869406439229873,0.02079131081700325,0.04252931103110313,0.011290889233350754,0.016368622891604897,0.009458,0.014368849999999997,0.006416812539100647,0.00820821151137352,0.0029369257390499115,0.018541701138019562
sign/branch,1,32,0.0,42,1944,0.028703703703703703,0.2228725749559083,0.027188942973722974,0.006790123456790124,0.023995410453743787,32.06481481481482,30.26851851851852,0.0,35.0787037037037,0.9274691358024691,1120.8688271604938,2300.2484567901233,1.0,0.1558641975308642,0.45524691358024694,0.47530864197530864,0.36223985890652555,0.02854154445230961,0.06445895414799452,0.014499761164188385,0.023951730690896508,0.012541,0.022035699999999995,0.006458256393671036,0.008082948625087738,0.008396105840802193,0.03445800393819809
sign/branch,1,32,0.1,42,1944,0.021604938271604937,0.1963447971781305,0.019622781469172297,0.0052469135802469145,0.01769397012452568,36.84722222222222,30.26851851851852,2.7962962962962963,39.916666666666664,0.9274691358024691,1100.2222222222222,2300.2484567901233,1.0,0.1558641975308642,0.18364197530864199,0.3148148148148148,0.4100639329805997,0.03674998879432678,0.06715990602970123,0.017062528058886528,0.025118608027696606,0.015042,0.023,0.006625428795814514,0.00837491825222969,0.01237494871020317,0.03558304160833359
sign/branch,1,32,0.1,43,1944,0.020524691358024694,0.19495590828924161,0.016956705593080216,0.004629629629629629,0.015709843140398697,37.02006172839506,30.26851851851852,2.7453703703703702,40.19598765432099,0.9274691358024691,1099.5324074074074,2300.2484567901233,1.0,0.1558641975308642,0.15895061728395063,0.28703703703703703,0.41179232804232807,0.03624986857175827,0.06666537374258039,0.01674983650445938,0.02466687001287937,0.014667,0.02257054999999999,0.006624963134527206,0.008375314064323902,0.01237494871020317,0.03545156214386224
sign/branch,1,32,0.1,44,1944,0.02021604938271605,0.19419973544973546,0.017533635634100663,0.004629629629629629,0.01596704478648923,35.28703703703704,30.26851851851852,2.7546296296296298,38.351851851851855,0.9274691358024691,1102.3533950617284,2300.2484567901233,1.0,0.1558641975308642,0.18055555555555555,0.33641975308641975,0.39446208112874775,0.03791693598031998,0.07408298552036285,0.017374753952026367,0.027070823125541203,0.015209,0.024487549999999993,0.006916932761669159,0.010754261165857293,0.01258309930562973,0.039391824975609765
sign/branch,1,64,0.0,42,1944,0.11064814814814816,0.5541997354497356,0.08384286227925966,0.020216049382716053,0.08274507128673796,93.91666666666667,58.62808641975309,0.0,174.7314814814815,0.8364197530864198,1874.817901234568,2300.2484567901233,1.0,0.1558641975308642,0.0015432098765432098,0.016975308641975308,0.9807583774250442,0.07287506014108658,0.08772506844252347,0.03172946162521839,0.04240451380610465,0.0296665,0.0400357,0.00658305361866951,0.008499715477228165,0.03383355215191841,0.03925005439668894
sign/branch,1,64,0.1,42,1944,0.10617283950617286,0.5353725749559083,0.08291526826737089,0.01990740740740741,0.08167584730084729,93.00462962962963,58.62808641975309,5.609567901234568,176.45987654320987,0.8364197530864198,1864.358024691358,2300.2484567901233,1.0,0.1558641975308642,0.0,0.015432098765432098,0.9716380070546737,0.07393723353743553,0.08922510314732789,0.03262516111135483,0.04427926614880561,0.0305835,0.041708850000000006,0.006709247827529907,0.008665956556797028,0.03383401781320572,0.03903568722307681
sign/branch,1,64,0.1,43,1944,0.10679012345679013,0.5357892416225749,0.08197214794724361,0.01944444444444444,0.0811442972322602,93.54320987654322,58.62808641975309,5.561728395061729,178.5493827160494,0.8364197530864198,1860.141975308642,2300.2484567901233,1.0,0.1558641975308642,0.0015432098765432098,0.016975308641975308,0.9770238095238095,0.07570907473564148,0.0934514682739973,0.03368733450770378,0.045452173799276345,0.0315,0.0428687,0.006875023245811462,0.009958166629076004,0.03433413803577423,0.04093958996236323
sign/branch,1,64,0.1,44,1944,0.10570987654320987,0.5332275132275133,0.08184106153356886,0.019753086419753086,0.08043025647192312,93.30092592592592,58.62808641975309,5.566358024691358,176.95524691358025,0.8364197530864198,1862.7623456790122,2300.2484567901233,1.0,0.1558641975308642,0.0,0.015432098765432098,0.9746009700176367,0.07458264008164406,0.08879168890416622,0.033082906156778336,0.04449384286999702,0.0309795,0.042190099999999994,0.0067497603595256805,0.00866674818098545,0.034125056117773056,0.038708094507455826
sign/branch,1,128,0.0,42,1944,0.12669753086419755,0.7174867724867725,0.08474027201617751,0.021296296296296296,0.08586823413212302,95.73611111111111,108.30401234567901,0.0,360.2283950617284,0.7345679012345679,3714.742283950617,2300.2484567901233,1.0,0.1558641975308642,0.0,0.015432098765432098,0.9989528218694885,0.0855419784784317,0.10458326432853937,0.045103952288627625,0.06070190574973821,0.042917,0.0579517,0.0064587220549583435,0.008416757918894291,0.03358302637934685,0.03828557673841714
sign/branch,1,128,0.1,42,1944,0.12608024691358025,0.7167768959435626,0.08435564414728422,0.020987654320987655,0.08516092960537405,95.73611111111111,108.30401234567901,10.549382716049383,375.35493827160496,0.7345679012345679,3593.1311728395062,2300.2484567901233,1.0,0.1558641975308642,0.0,0.015432098765432098,0.9989528218694885,0.09572925046086311,0.14615471009165049,0.0521873589605093,0.07703471928834915,0.049792,0.0724937,0.007082708179950714,0.014821533113718026,0.03531249240040779,0.04816707223653793
sign/branch,1,128,0.1,43,1944,0.12638888888888888,0.7165145502645504,0.08456545931012581,0.021141975308641977,0.08567533289755512,95.73611111111111,108.30401234567901,10.594135802469136,376.50925925925924,0.7345679012345679,3590.865740740741,2300.2484567901233,1.0,0.1558641975308642,0.0,0.015432098765432098,0.9989528218694885,0.0902081374078989,0.11462485417723656,0.04872959107160568,0.06732072215527295,0.0465415,0.06452324999999999,0.006791669875383377,0.009034737013280388,0.03408314660191536,0.0402440084144473
sign/branch,1,128,0.1,44,1944,0.12669753086419755,0.7179188712522047,0.08491218655002324,0.0212962962962963,0.08582965388520944,95.73611111111111,108.30401234567901,10.510802469135802,376.054012345679,0.7345679012345679,3590.192901234568,2300.2484567901233,1.0,0.1558641975308642,0.0,0.015432098765432098,0.9989528218694885,0.09235390461981297,0.1192251918837428,0.05037523806095123,0.07016723975539207,0.0480835,0.06725,0.006792135536670685,0.010124873369932175,0.03433274105191231,0.04266046453267335
sign/branch,1,256,0.0,42,1944,0.13827160493827162,0.8687522045855379,0.08671342448266328,0.02191358024691358,0.09021494195105306,95.73611111111111,191.56635802469137,0.0,717.9722222222222,0.5771604938271605,6929.026234567901,2300.2484567901233,1.0,0.1558641975308642,0.0,0.015432098765432098,0.9989528218694885,0.11358363553881645,0.1430777832865715,0.07237517274916172,0.09923754259943961,0.069875,0.09586884999999999,0.0067497603595256805,0.008576526306569573,0.034041935577988625,0.038667116314172745
sign/branch,1,256,0.1,42,1944,0.13904320987654326,0.8673478835978835,0.0868803789146977,0.02191358024691358,0.09021494195105306,95.73611111111111,191.56635802469137,18.87037037037037,737.425925925926,0.5771604938271605,6723.0787037037035,2300.2484567901233,1.0,0.1558641975308642,0.0,0.015432098765432098,0.9989528218694885,0.11645769700407982,0.14586863107979298,0.0749579630792141,0.10191674809902906,0.072459,0.09886885,0.006833113729953766,0.008875038474798203,0.034125056117773056,0.03958300221711397
sign/branch,1,256,0.1,43,1944,0.1382716049382716,0.866576278659612,0.08671896101576103,0.02191358024691358,0.09021494195105306,95.73611111111111,191.56635802469137,18.84567901234568,736.4768518518518,0.5771604938271605,6725.081790123457,2300.2484567901233,1.0,0.1558641975308642,0.0,0.015432098765432098,0.9989528218694885,0.11904118582606316,0.14882665127515793,0.07787486538290977,0.10424377396702766,0.0751665,0.10120185,0.006833113729953766,0.008792150765657425,0.03437511622905731,0.038993451744318
sign/branch,1,256,0.1,44,1944,0.13904320987654326,0.8674867724867724,0.08784465084997123,0.022376543209876542,0.09152667034611478,95.73611111111111,191.56635802469137,18.76388888888889,736.0895061728395,0.5771604938271605,6731.25,2300.2484567901233,1.0,0.1558641975308642,0.0,0.015432098765432098,0.9989528218694885,0.12052059173583984,0.15330808237195012,0.07841619662940502,0.1067313365638256,0.0758125,0.10315369999999999,0.006916932761669159,0.010167178697884083,0.034604454413056374,0.04089840222150086
sign/branch,1,512,0.0,42,1944,0.14907407407407408,0.9719444444444445,0.09089426867368369,0.023148148148148147,0.09613057981113536,95.79475308641975,311.108024691358,0.0,1399.7206790123457,0.38271604938271603,11148.108024691359,2300.2484567901233,1.0,0.1558641975308642,0.0,0.015432098765432098,1.0,0.14087441377341747,0.22020796313881874,0.09827036410570145,0.17588576301932332,0.0960625,0.1725,0.006791669875383377,0.00858306884765625,0.03437511622905731,0.038917106576263905
sign/branch,1,512,0.1,42,1944,0.14891975308641975,0.9707716049382717,0.09090804876038135,0.023148148148148147,0.09613057981113536,95.79475308641975,311.108024691358,30.694444444444443,1408.0895061728395,0.38271604938271603,11017.618827160493,2300.2484567901233,1.0,0.1558641975308642,0.0,0.015432098765432098,1.0,0.14670821838080883,0.22657043300569057,0.1032915897667408,0.18252958543598652,0.10102050000000001,0.17917049999999998,0.006916932761669159,0.00920183956623077,0.034499913454055786,0.041333818808197975
sign/branch,1,512,0.1,43,1944,0.1493827160493827,0.9709567901234568,0.09070750391564021,0.022993827160493828,0.09574477734199957,95.79475308641975,311.108024691358,30.674382716049383,1410.6913580246915,0.38271604938271603,11003.256172839507,2300.2484567901233,1.0,0.1558641975308642,0.0,0.015432098765432098,1.0,0.1432080753147602,0.2182378200814128,0.10029179975390434,0.17357687465846539,0.09847900000000001,0.17020269999999998,0.006750226020812988,0.008659809827804562,0.033999793231487274,0.03862513694912195
sign/branch,1,512,0.1,44,1944,0.1490740740740741,0.970925925925926,0.09093024218255903,0.023148148148148147,0.09613057981113536,95.79475308641975,311.108024691358,30.756172839506174,1407.9027777777778,0.38271604938271603,11010.151234567902,2300.2484567901233,1.0,0.1558641975308642,0.0,0.015432098765432098,1.0,0.1410206314176321,0.21661848295480013,0.09808293543756008,0.17247456125915048,0.09614600000000001,0.16958749999999997,0.0067497603595256805,0.008500181138515472,0.033750198781490326,0.038326694630086415
sign/branch,1,1024,0.0,42,1944,0.15108024691358027,0.9994135802469136,0.0902970695436332,0.02283950617283951,0.09629592372647927,95.79475308641975,432.25771604938274,0.0,2188.08024691358,0.11882716049382716,15209.069444444445,2300.2484567901233,1.0,0.1558641975308642,0.0,0.015432098765432098,1.0,0.14118733815848827,0.347147136926651,0.09820843115448952,0.30497475527226925,0.09635450000000001,0.30164825,0.006834045052528381,0.009035924449563023,0.0341455452144146,0.03915976267307996
sign/branch,1,1024,0.1,42,1944,0.15108024691358027,0.9993827160493828,0.0902970695436332,0.02283950617283951,0.09629592372647927,95.79475308641975,432.25771604938274,42.77006172839506,2189.061728395062,0.11882716049382716,15180.916666666666,2300.2484567901233,1.0,0.1558641975308642,0.0,0.015432098765432098,1.0,0.15010405331850052,0.37867038045078516,0.10479195043444633,0.3311526728793978,0.10200000000000001,0.32800984999999994,0.007125083357095718,0.010707881301641464,0.035041943192481995,0.04278565756976604
sign/branch,1,1024,0.1,43,1944,0.15108024691358027,0.9993518518518519,0.0902970695436332,0.02283950617283951,0.09629592372647927,95.79475308641975,432.25771604938274,42.617283950617285,2189.5555555555557,0.11882716049382716,15179.722222222223,2300.2484567901233,1.0,0.1558641975308642,0.0,0.015432098765432098,1.0,0.1491669099777937,0.37109958939254284,0.10341638699173927,0.32635629177093506,0.1012085,0.32367064999999995,0.007124617695808411,0.009582843631505966,0.03550015389919281,0.04212504718452692
sign/branch,1,1024,0.1,44,1944,0.15108024691358027,0.9993672839506172,0.0902970695436332,0.02283950617283951,0.09629592372647927,95.79475308641975,432.25771604938274,42.885802469135804,2188.989197530864,0.11882716049382716,15178.717592592593,2300.2484567901233,1.0,0.1558641975308642,0.0,0.015432098765432098,1.0,0.1440832857042551,0.3639624686911702,0.1010834239423275,0.31648147851228714,0.0992085,0.31416069999999996,0.007083173841238022,0.009993393905460831,0.034125056117773056,0.04120776429772377
sign/branch,1,2048,0.0,42,1944,0.15108024691358027,1.0,0.0902970695436332,0.02283950617283951,0.09629592372647927,95.79475308641975,447.9675925925926,0.0,2300.2484567901233,0.0,15501.421296296296,2300.2484567901233,1.0,0.1558641975308642,0.0,0.015432098765432098,1.0,0.14908285811543465,0.40929552633315325,0.10489602573215961,0.3614454995840788,0.101958,0.35815805,0.007292255759239197,0.012320140376687043,0.035458244383335114,0.0442598247900605
sign/branch,1,2048,0.1,42,1944,0.15108024691358027,1.0,0.0902970695436332,0.02283950617283951,0.09629592372647927,95.79475308641975,447.9675925925926,44.367283950617285,2300.2484567901233,0.0,15501.421296296296,2300.2484567901233,1.0,0.1558641975308642,0.0,0.015432098765432098,1.0,0.15566661022603512,0.41044563986361027,0.1080420333892107,0.36334998439997435,0.10527049999999999,0.36114725,0.007207971066236496,0.012118602171540257,0.0354996882379055,0.045702559873461716
sign/branch,1,2048,0.1,43,1944,0.15108024691358027,1.0,0.0902970695436332,0.02283950617283951,0.09629592372647927,95.79475308641975,447.9675925925926,44.15586419753087,2300.2484567901233,0.0,15501.421296296296,2300.2484567901233,1.0,0.1558641975308642,0.0,0.015432098765432098,1.0,0.1482916995882988,0.3977597691118716,0.10358355939388275,0.35335004795342684,0.101604,0.3512724,0.007042195647954941,0.009333575144410133,0.03474997356534004,0.04215452354401349
sign/branch,1,2048,0.1,44,1944,0.15108024691358027,1.0,0.0902970695436332,0.02283950617283951,0.09629592372647927,95.79475308641975,447.9675925925926,44.4320987654321,2300.2484567901233,0.0,15501.421296296296,2300.2484567901233,1.0,0.1558641975308642,0.0,0.015432098765432098,1.0,0.14345836825668812,0.3838565433397889,0.09922939352691174,0.34072308335453266,0.09739600000000001,0.33887054999999994,0.006916932761669159,0.009202631190419194,0.034040771424770355,0.03929203376173973
sign/branch,1,4096,0.0,42,1944,0.15108024691358027,1.0,0.0902970695436332,0.02283950617283951,0.09629592372647927,95.79475308641975,447.9675925925926,0.0,2300.2484567901233,0.0,15501.421296296296,2300.2484567901233,1.0,0.1558641975308642,0.0,0.015432098765432098,1.0,0.1479999627918005,0.3990467870607972,0.10208296589553356,0.3551159752532839,0.0992915,0.352959,0.007166992872953415,0.009868922643363472,0.03512529656291008,0.042285537347197526
sign/branch,1,4096,0.1,42,1944,0.15108024691358027,1.0,0.0902970695436332,0.02283950617283951,0.09629592372647927,95.79475308641975,447.9675925925926,44.367283950617285,2300.2484567901233,0.0,15501.421296296296,2300.2484567901233,1.0,0.1558641975308642,0.0,0.015432098765432098,1.0,0.14672940596938133,0.39514647796750063,0.10368740186095238,0.34993381705135107,0.1011045,0.34741419999999995,0.007000286132097244,0.009291665628552437,0.034499913454055786,0.04075001925230026
sign/branch,1,4096,0.1,43,1944,0.15108024691358027,1.0,0.0902970695436332,0.02283950617283951,0.09629592372647927,95.79475308641975,447.9675925925926,44.15586419753087,2300.2484567901233,0.0,15501.421296296296,2300.2484567901233,1.0,0.1558641975308642,0.0,0.015432098765432098,1.0,0.16164546832442284,0.4492187639698386,0.11150003410875797,0.38834747392684205,0.1082915,0.38194639999999996,0.007125083357095718,0.018455996178090545,0.03566686064004898,0.05946643650531764
sign/branch,1,4096,0.1,44,1944,0.15108024691358027,1.0,0.0902970695436332,0.02283950617283951,0.09629592372647927,95.79475308641975,447.9675925925926,44.4320987654321,2300.2484567901233,0.0,15501.421296296296,2300.2484567901233,1.0,0.1558641975308642,0.0,0.015432098765432098,1.0,0.15752040781080723,0.41634559165686363,0.10843761265277863,0.36631515249609947,0.10527149999999999,0.36406259999999996,0.007166992872953415,0.015583820641040802,0.03512483090162277,0.051945587620139115
sign/branch,2,0,0.0,42,1944,0.2558641975308642,1.0,0.15374040111175438,0.040586419753086425,0.16873866017384534,97.85185185185185,865.0956790123457,0.0,4459.751543209876,0.0,29391.14814814815,4459.810185185185,2.0,0.26990740740740743,0.0,0.004629629629629629,1.0,0.26995851658284664,0.6447501946240661,0.22883340716362,0.5998311564326285,0.2266665,0.5977704999999999,0.007125083357095718,0.010000006295740604,0.0350000336766243,0.04249997437000275
sign/branch,2,0,0.1,42,1944,0.2558641975308642,1.0,0.15374040111175438,0.040586419753086425,0.16873866017384534,97.85185185185185,865.0956790123457,85.94135802469135,4459.751543209876,0.0,29391.14814814815,4459.810185185185,2.0,0.26990740740740743,0.0,0.004629629629629629,1.0,0.28793769888579845,0.6891731172800063,0.24060392752289772,0.6388560635969043,0.2377085,0.6348187499999999,0.0075409188866615295,0.011701579205691811,0.03691716119647026,0.0462088268250227
sign/branch,2,0,0.1,43,1944,0.2558641975308642,1.0,0.15374040111175438,0.040586419753086425,0.16873866017384534,97.85185185185185,865.0956790123457,85.91512345679013,4459.751543209876,0.0,29391.14814814815,4459.810185185185,2.0,0.26990740740740743,0.0,0.004629629629629629,1.0,0.281020300462842,0.6791874300688505,0.23677083663642406,0.6272726692259312,0.2345625,0.6225518,0.007416354492306709,0.011660065501928326,0.0363329891115427,0.044910865835845463
sign/branch,2,0,0.1,44,1944,0.2558641975308642,1.0,0.15374040111175438,0.040586419753086425,0.16873866017384534,97.85185185185185,865.0956790123457,86.39506172839506,4459.751543209876,0.0,29391.14814814815,4459.810185185185,2.0,0.26990740740740743,0.0,0.004629629629629629,1.0,0.27808290906250477,0.6812097737565637,0.23335381411015987,0.6326231872662902,0.2309795,0.6289812499999999,0.00733276829123497,0.012792111374437809,0.03591598942875862,0.04708748310804365
sign/branch,2,16,0.0,42,1944,0.001388888888888889,0.04393209293590607,0.00016511285859145645,0.000154320987654321,0.000308641975308642,3.2546296296296298,15.626543209876543,0.0,3.287037037037037,0.9691358024691358,568.3456790123457,4459.810185185185,2.0,0.26990740740740743,0.9104938271604939,0.9182098765432098,0.053623450960597424,0.017749611288309097,0.03252348396927117,0.01058308407664299,0.013125059194862843,0.0087705,0.011084,0.006250105798244476,0.0072498805820941925,0.0006249174475669861,0.0128563493490219
sign/branch,2,16,0.1,42,1944,0.001388888888888889,0.04457828127678677,0.00016511285859145645,0.000154320987654321,0.000308641975308642,7.947530864197531,15.626543209876543,1.5493827160493827,7.979938271604938,0.9691358024691358,555.2731481481482,4459.810185185185,2.0,0.26990740740740743,0.5709876543209876,0.7361111111111112,0.10056593559777444,0.01933285966515541,0.037898146547377096,0.011208001524209976,0.015583354979753494,0.009334,0.013625,0.006333924829959869,0.007833680137991905,0.0006672926247119904,0.015917024575173855
sign/branch,2,16,0.1,43,1944,0.001234567901234568,0.044043546982545305,0.00016511285859145645,0.000154320987654321,0.000308641975308642,7.817901234567901,15.626543209876543,1.5478395061728396,7.8503086419753085,0.9691358024691358,558.1820987654321,4459.810185185185,2.0,0.26990740740740743,0.5864197530864198,0.7314814814814815,0.0992750284640268,0.019832979887723923,0.04149752203375098,0.011583790183067322,0.01641060225665569,0.009708,0.014167,0.0064587220549583435,0.008292030543088913,0.0007082708179950714,0.016903178766369813
sign/branch,2,16,0.1,44,1944,0.001080246913580247,0.042901425743891365,0.00016511285859145645,0.000154320987654321,0.000308641975308642,7.290123456790123,15.626543209876543,1.5200617283950617,7.322530864197531,0.9691358024691358,559.2145061728395,4459.810185185185,2.0,0.26990740740740743,0.5864197530864198,0.7623456790123457,0.09390451216364445,0.019750092178583145,0.03891049418598413,0.011437339708209038,0.016041891649365425,0.009583,0.013833,0.006416812539100647,0.008076801896095272,0.0007078051567077637,0.01574999187141657
sign/branch,2,32,0.0,42,1944,0.007253086419753087,0.07738091947669062,0.0061533883004814115,0.0020061728395061726,0.005265619154508043,9.695987654320987,31.02777777777778,0.0,10.969135802469136,0.9583333333333334,1140.0833333333333,4459.810185185185,2.0,0.26990740740740743,0.8024691358024691,0.808641975308642,0.11815252441496223,0.02083275467157364,0.0571548705920577,0.013374723494052887,0.020666979253292084,0.011375,0.018391949999999983,0.006375368684530258,0.007833284325897694,0.0006249174475669861,0.02914168871939181
sign/branch,2,32,0.1,42,1944,0.005864197530864198,0.07417104293348074,0.00448297793198108,0.0016975308641975309,0.003979610924055368,19.96141975308642,31.02777777777778,3.0694444444444446,21.328703703703702,0.9583333333333334,1110.307098765432,4459.810185185185,2.0,0.26990740740740743,0.2700617283950617,0.4861111111111111,0.22080684540261655,0.02839602530002594,0.05811848677694797,0.01491699367761612,0.021957792341709137,0.0128545,0.019708,0.0064997002482414246,0.008333008736371994,0.006645452231168747,0.030487449839711182
sign/branch,2,32,0.1,43,1944,0.006327160493827161,0.07151672194582642,0.003536763128330681,0.0015432098765432098,0.003208005985783763,18.83179012345679,31.02777777777778,3.0262345679012346,20.128086419753085,0.9583333333333334,1115.2916666666667,4459.810185185185,2.0,0.26990740740740743,0.31790123456790126,0.5092592592592593,0.20951054910632025,0.028895679861307144,0.0627608736976981,0.015249941498041153,0.023410422727465626,0.013167,0.020701849999999997,0.006583984941244125,0.009118951857089993,0.006395624950528145,0.03174396697431802
sign/branch,2,32,0.1,44,1944,0.006790123456790124,0.074001289847061,0.005429192735631478,0.0018518518518518517,0.0047512158623269725,18.125,31.02777777777778,3.009259259259259,19.441358024691358,0.9583333333333334,1117.2222222222222,4459.810185185185,2.0,0.26990740740740743,0.3256172839506173,0.5246913580246914,0.20244264787175234,0.026833033189177513,0.05496842786669729,0.014250166714191437,0.020292121917009354,0.012166,0.017993699999999994,0.006417278200387955,0.00833394005894661,0.005667097866535187,0.028729322366416416
sign/branch,2,64,0.0,42,1944,0.06682098765432097,0.2481833886124931,0.060379628178755695,0.014197530864197531,0.055630043824488266,50.31018518518518,61.370370370370374,0.0,75.81635802469135,0.9351851851851852,2244.9845679012346,4459.810185185185,2.0,0.26990740740740743,0.32253086419753085,0.3287037037037037,0.5242944997236042,0.050062546506524086,0.08336235769093035,0.02452055923640728,0.039434130303561674,0.0221045,0.036875,0.006707850843667984,0.008451729081571099,0.017832964658737183,0.03753500059247016
sign/branch,2,64,0.1,42,1944,0.049537037037037046,0.21430993182236965,0.04490796129940043,0.011111111111111112,0.04186975575864464,58.699074074074076,61.370370370370374,6.092592592592593,84.67438271604938,0.9351851851851852,2193.83024691358,4459.810185185185,2.0,0.26990740740740743,0.05092592592592592,0.13734567901234568,0.6081833886124931,0.05510379560291767,0.08145812898874283,0.025374814867973328,0.037814467214047895,0.023,0.035618699999999996,0.006667338311672211,0.008583860471844673,0.021916348487138748,0.036909687332808964
sign/branch,2,64,0.1,43,1944,0.04814814814814815,0.2134765984890363,0.044674188771205416,0.010802469135802469,0.04168604029715141,57.776234567901234,61.370370370370374,6.033950617283951,83.31944444444444,0.9351851851851852,2198.5246913580245,4459.810185185185,2.0,0.26990740740740743,0.06018518518518518,0.12345679012345678,0.5989549935507646,0.05231238901615143,0.07870185654610395,0.024145469069480896,0.03629084676504135,0.021834,0.03399385,0.006666406989097595,0.008457805961370468,0.020562438294291496,0.03594665322452783
sign/branch,2,64,0.1,44,1944,0.049845679012345684,0.21532845034088816,0.044305195266350884,0.010493827160493827,0.04168604029715141,57.43672839506173,61.370370370370374,6.010802469135802,83.5108024691358,0.9351851851851852,2198.598765432099,4459.810185185185,2.0,0.26990740740740743,0.046296296296296294,0.13734567901234568,0.5955599318223697,0.05337502807378769,0.08073742501437663,0.0249580480158329,0.03766058944165706,0.022459,0.03532139999999999,0.006729504093527794,0.008451729081571099,0.021249987185001373,0.036667101085186005
sign/branch,2,128,0.0,42,1944,0.1932098765432099,0.5934920305878018,0.13183413052222304,0.033950617283950615,0.1357396889804297,97.59876543209876,119.59413580246914,0.0,352.7762345679012,0.8734567901234568,3990.6558641975307,4459.810185185185,2.0,0.26990740740740743,0.0,0.004629629629629629,0.99718030219274,0.09177089668810368,0.11036887299269438,0.05060387775301933,0.06654199678450823,0.0481455,0.06365984999999999,0.006667338311672211,0.008493638597428795,0.0339169055223465,0.03841612488031387
sign/branch,2,128,0.1,42,1944,0.1895061728395062,0.5770259812050856,0.1304178450400851,0.033179012345679014,0.13427363959771368,97.37037037037037,119.59413580246914,11.916666666666666,357.7824074074074,0.8734567901234568,3925.996913580247,4459.810185185185,2.0,0.26990740740740743,0.0,0.004629629629629629,0.994896351575456,0.09600003249943256,0.12005171738564967,0.053812284022569656,0.0721546122804284,0.051167,0.068792,0.006875023245811462,0.009369011968374249,0.03429176285862923,0.04150019958615303
sign/branch,2,128,0.1,43,1944,0.18842592592592597,0.5744796849087894,0.12957242865700516,0.03271604938271605,0.133459167718427,97.55401234567901,119.59413580246914,11.907407407407407,356.75308641975306,0.8734567901234568,3929.6774691358023,4459.810185185185,2.0,0.26990740740740743,0.0,0.004629629629629629,0.9967327713285425,0.0960836187005043,0.11861873790621758,0.05370890721678734,0.07157709915190935,0.051167,0.06889195,0.006875023245811462,0.009167008101940155,0.0344796571880579,0.040784850716590874
sign/branch,2,128,0.1,44,1944,0.18873456790123458,0.5757605491063202,0.12911352654808644,0.03271604938271605,0.13275614988577952,97.54629629629629,119.59413580246914,11.834876543209877,356.47993827160496,0.8734567901234568,3929.7006172839506,4459.810185185185,2.0,0.26990740740740743,0.0,0.004629629629629629,0.9966556108347153,0.09300000965595245,0.1157018356025219,0.051416922360658646,0.06958409212529659,0.048917,0.0665294,0.006707850843667984,0.008707866072654724,0.03404170274734497,0.04061232320964336
sign/branch,2,256,0.0,42,1944,0.22330246913580248,0.7531370923161969,0.1434308209591564,0.037654320987654324,0.15258639679935979,97.79320987654322,225.3070987654321,0.0,746.0956790123457,0.7824074074074074,8038.71450617284,4459.810185185185,2.0,0.26990740740740743,0.0,0.004629629629629629,0.9991247466371845,0.11922884732484818,0.14635017141699788,0.07839547470211983,0.10228592436760664,0.075625,0.0985644,0.006707850843667984,0.008582998998463154,0.03366684541106224,0.038000219501554966
sign/branch,2,256,0.1,42,1944,0.22283950617283954,0.7547265984890363,0.14187560869766264,0.037191358024691354,0.15052878363063546,97.79320987654322,225.3070987654321,22.45216049382716,779.6481481481482,0.7824074074074074,7768.648148148148,4459.810185185185,2.0,0.26990740740740743,0.0,0.004629629629629629,0.9991247466371845,0.12366636656224728,0.16236233059316874,0.08218735456466675,0.11171721853315826,0.079417,0.10798124999999999,0.006832648068666458,0.010499730706214905,0.03404170274734497,0.042951572686433785
sign/branch,2,256,0.1,43,1944,0.2222222222222222,0.7537389441680487,0.1420748568896904,0.037191358024691354,0.15052878363063546,97.79320987654322,225.3070987654321,22.444444444444443,777.9320987654321,0.7824074074074074,7771.313271604939,4459.810185185185,2.0,0.26990740740740743,0.0,0.004629629629629629,0.9991247466371845,0.1254160888493061,0.1512015936896205,0.0835624523460865,0.10695899836719036,0.080625,0.10319554999999998,0.006792135536670685,0.008743698708713051,0.03408384509384632,0.039500114507973194
sign/branch,2,256,0.1,44,1944,0.22253086419753088,0.754433388612493,0.1420099118218273,0.037191358024691354,0.15052878363063546,97.79320987654322,225.3070987654321,22.375,778.800925925926,0.7824074074074074,7763.662037037037,4459.810185185185,2.0,0.26990740740740743,0.0,0.004629629629629629,0.9991247466371845,0.12268754653632641,0.1504045445472002,0.08150003850460052,0.10653294157236812,0.0787705,0.10275,0.0067087821662425995,0.008618831634521481,0.0338749960064888,0.03865342587232589
sign/branch,2,512,0.0,42,1944,0.24413580246913583,0.9051234567901234,0.14851776862683308,0.03966049382716049,0.16205141737549145,97.85185185185185,407.12345679012344,0.0,1571.516975308642,0.625,14872.307098765432,4459.810185185185,2.0,0.26990740740740743,0.0,0.004629629629629629,1.0,0.19249995239078999,0.29016863554716105,0.14839600771665573,0.22517323959618799,0.14435399999999998,0.2182608,0.007334165275096893,0.016868417151272293,0.036084093153476715,0.05554819945245974
sign/branch,2,512,0.1,42,1944,0.24351851851851852,0.9020679012345678,0.14813690805093865,0.03950617283950617,0.1618970963878371,97.85185185185185,407.12345679012344,40.541666666666664,1605.2515432098764,0.625,14492.336419753086,4459.810185185185,2.0,0.26990740740740743,0.0,0.004629629629629629,1.0,0.18783332780003548,0.23228290956467387,0.14529190957546234,0.18519589211791754,0.141917,0.18029185,0.007082708179950714,0.010576471686363217,0.03450014628469944,0.04086859989911317
sign/branch,2,512,0.1,43,1944,0.24320987654320989,0.9021141975308642,0.14822909617290012,0.03950617283950617,0.1618970963878371,97.85185185185185,407.12345679012344,40.51543209876543,1607.2746913580247,0.625,14488.708333333334,4459.810185185185,2.0,0.26990740740740743,0.0,0.004629629629629629,1.0,0.18629198893904686,0.22956400644034147,0.14408351853489876,0.1847185660153627,0.1408545,0.1801544,0.006916932761669159,0.008993688970804211,0.03456254489719868,0.04016601014882326
sign/branch,2,512,0.1,44,1944,0.24413580246913583,0.9020679012345678,0.14924785631179605,0.03966049382716049,0.16266870132610872,97.85185185185185,407.12345679012344,40.625,1607.6728395061727,0.625,14485.237654320988,4459.810185185185,2.0,0.26990740740740743,0.0,0.004629629629629629,1.0,0.18481211736798286,0.23615406826138496,0.1427917741239071,0.18832054920494556,0.139333,0.1834331,0.0069998204708099365,0.009791925549507141,0.03483286127448082,0.041827000677585595
sign/branch,2,1024,0.0,42,1944,0.25385802469135804,0.9882407407407406,0.15342036932325423,0.040586419753086425,0.1686100593508001,97.85185185185185,661.5293209876543,0.0,3084.4166666666665,0.3765432098765432,23549.436728395063,4459.810185185185,2.0,0.26990740740740743,0.0,0.004629629629629629,1.0,0.27491687797009945,0.383718847297132,0.2306452952325344,0.33854166977107525,0.2285625,0.33355894999999997,0.007125083357095718,0.009375158697366714,0.03491668030619621,0.0407856423407793
sign/branch,2,1024,0.1,42,1944,0.2537037037037037,0.9877006172839506,0.15342036932325423,0.040586419753086425,0.1686100593508001,97.85185185185185,661.5293209876543,65.85648148148148,3096.9814814814813,0.3765432098765432,23304.21759259259,4459.810185185185,2.0,0.26990740740740743,0.0,0.004629629629629629,1.0,0.27747894637286663,0.391785753890872,0.23166672326624393,0.34521850757300854,0.2295005,0.34011605,0.007207971066236496,0.009826757013797757,0.03520771861076355,0.04177847877144813
sign/branch,2,1024,0.1,43,1944,0.2540123456790124,0.9877006172839505,0.15342036932325423,0.040586419753086425,0.1686100593508001,97.85185185185185,661.5293209876543,65.85339506172839,3097.060185185185,0.3765432098765432,23311.524691358023,4459.810185185185,2.0,0.26990740740740743,0.0,0.004629629629629629,1.0,0.28533325530588627,0.4083684179931879,0.23895828053355217,0.36237498279660935,0.236583,0.35453485,0.00733276829123497,0.0117848627269268,0.03587501123547554,0.04412506241351366
sign/branch,2,1024,0.1,44,1944,0.2540123456790124,0.9877006172839506,0.15321982447851312,0.0404320987654321,0.16822425688166429,97.85185185185185,661.5293209876543,66.06944444444444,3097.9104938271603,0.3765432098765432,23307.05864197531,4459.810185185185,2.0,0.26990740740740743,0.0,0.004629629629629629,1.0,0.2907710149884224,0.4141088109463453,0.24641654454171658,0.3659455804154277,0.243333,0.360458,0.0074999406933784485,0.011416152119636536,0.036999816074967384,0.045332987792789936
sign/branch,2,2048,0.0,42,1944,0.2558641975308642,0.9999691358024692,0.15374040111175438,0.040586419753086425,0.16873866017384534,97.85185185185185,856.1944444444445,0.0,4399.516975308642,0.040123456790123455,29245.29475308642,4459.810185185185,2.0,0.26990740740740743,0.0,0.004629629629629629,1.0,0.2830829471349716,0.6608025403693318,0.2391459420323372,0.6101518403738737,0.2369795,0.6058018,0.007457565516233444,0.01290361396968364,0.036665936931967735,0.04665413871407508
sign/branch,2,2048,0.1,42,1944,0.2558641975308642,0.9999691358024692,0.15374040111175438,0.040586419753086425,0.16873866017384534,97.85185185185185,856.1944444444445,85.08487654320987,4399.635802469136,0.040123456790123455,29227.572530864196,4459.810185185185,2.0,0.26990740740740743,0.0,0.004629629629629629,1.0,0.2830422017723322,0.6637126673012971,0.23745838552713394,0.6105981534346938,0.234313,0.6062561999999999,0.007375143468379974,0.01351113896816967,0.03593764267861843,0.04998748190701007
sign/branch,2,2048,0.1,43,1944,0.2558641975308642,0.9999691358024692,0.15374040111175438,0.040586419753086425,0.16873866017384534,97.85185185185185,856.1944444444445,85.0108024691358,4400.484567901234,0.040123456790123455,29226.83024691358,4459.810185185185,2.0,0.26990740740740743,0.0,0.004629629629629629,1.0,0.27079135179519653,0.6236547138541937,0.22924994118511677,0.5763660883530974,0.227375,0.57185625,0.007083173841238022,0.00974365975707769,0.03474997356534004,0.041076680645346635
sign/branch,2,2048,0.1,44,1944,0.2558641975308642,0.9999691358024692,0.15374040111175438,0.040586419753086425,0.16873866017384534,97.85185185185185,856.1944444444445,85.44753086419753,4400.342592592592,0.040123456790123455,29227.774691358023,4459.810185185185,2.0,0.26990740740740743,0.0,0.004629629629629629,1.0,0.2799159847199917,0.6467561703175304,0.2368544228374958,0.6004187278449535,0.234417,0.5967901499999998,0.007291324436664581,0.010667298920452595,0.03595789894461632,0.04316051490604877
sign/branch,2,4096,0.0,42,1944,0.2558641975308642,1.0,0.15374040111175438,0.040586419753086425,0.16873866017384534,97.85185185185185,865.0956790123457,0.0,4459.751543209876,0.0,29391.14814814815,4459.810185185185,2.0,0.26990740740740743,0.0,0.004629629629629629,1.0,0.29216636903584003,0.7087339414283632,0.24583283811807632,0.6522607523947953,0.243063,0.6485875,0.007833819836378098,0.016570300795137875,0.037499936297535896,0.05245900247246027
sign/branch,2,4096,0.1,42,1944,0.2558641975308642,1.0,0.15374040111175438,0.040586419753086425,0.16873866017384534,97.85185185185185,865.0956790123457,85.94135802469135,4459.751543209876,0.0,29391.14814814815,4459.810185185185,2.0,0.26990740740740743,0.0,0.004629629629629629,1.0,0.27825008146464825,0.6815316155552862,0.23204158060252666,0.634516729041934,0.229479,0.6304125499999998,0.007145339623093605,0.012718653306364994,0.03516674041748047,0.04711248911917209
sign/branch,2,4096,0.1,43,1944,0.2558641975308642,1.0,0.15374040111175438,0.040586419753086425,0.16873866017384534,97.85185185185185,865.0956790123457,85.91512345679013,4459.751543209876,0.0,29391.14814814815,4459.810185185185,2.0,0.26990740740740743,0.0,0.004629629629629629,1.0,0.2778752241283655,0.6662607658654451,0.2329584676772356,0.621231086552143,0.2311665,0.6187938499999999,0.007207971066236496,0.00965998042374849,0.03591692075133324,0.04252945072948932
sign/branch,2,4096,0.1,44,1944,0.2558641975308642,1.0,0.15374040111175438,0.040586419753086425,0.16873866017384534,97.85185185185185,865.0956790123457,86.39506172839506,4459.751543209876,0.0,29391.14814814815,4459.810185185185,2.0,0.26990740740740743,0.0,0.004629629629629629,1.0,0.28097908943891525,0.6672831950709222,0.23510446771979332,0.6173559464514256,0.2327295,0.6150875,0.007292255759239197,0.011308328248560413,0.036207959055900574,0.0450837891548872
sign/branch,4,0,0.0,42,1944,0.3912037037037037,1.0,0.21999296364763324,0.05648148148148148,0.24183343662510332,99.54938271604938,1619.3626543209878,0.0,8362.212962962964,0.0,54135.8024691358,8362.447530864198,4.0,0.42484567901234566,0.0,0.0,1.0,0.49779145047068596,1.19071863591671,0.449812738224864,1.1390211991965769,0.4468335,1.13243925,0.0077909789979457855,0.016103521920740566,0.03804103471338749,0.05221248138695953
sign/branch,4,0,0.1,42,1944,0.3912037037037037,1.0,0.21999296364763324,0.05648148148148148,0.24183343662510332,99.54938271604938,1619.3626543209878,161.36882716049382,8362.212962962964,0.0,54135.8024691358,8362.447530864198,4.0,0.42484567901234566,0.0,0.0,1.0,0.4959995858371258,1.178260869346559,0.4435623995959759,1.128160860389471,0.440583,1.12449735,0.007666880264878273,0.015690363943576802,0.03729085437953472,0.05183275789022446
sign/branch,4,0,0.1,43,1944,0.3912037037037037,1.0,0.21999296364763324,0.05648148148148148,0.24183343662510332,99.54938271604938,1619.3626543209878,161.37345679012347,8362.212962962964,0.0,54135.8024691358,8362.447530864198,4.0,0.42484567901234566,0.0,0.0,1.0,0.49347919411957264,1.1693874141201377,0.4457295872271061,1.1185875395312905,0.443229,1.11591435,0.0077500008046627045,0.012910622172057625,0.0378340482711792,0.04737498238682747
sign/branch,4,0,0.1,44,1944,0.3912037037037037,1.0,0.21999296364763324,0.05648148148148148,0.24183343662510332,99.54938271604938,1619.3626543209878,161.76697530864197,8362.212962962964,0.0,54135.8024691358,8362.447530864198,4.0,0.42484567901234566,0.0,0.0,1.0,0.4743959289044142,1.1347434716299167,0.43089641258120537,1.0850888909772036,0.428521,1.0806687499999996,0.007415656000375748,0.010576937347650524,0.036499928683042526,0.04428476095199584
sign/branch,4,16,0.0,42,1944,0.000462962962962963,0.012237654320987654,0.00016511285859145645,0.000154320987654321,0.000308641975308642,3.4058641975308643,15.907407407407407,0.0,3.424382716049383,0.9922839506172839,538.6867283950618,8362.447530864198,4.0,0.42484567901234566,0.8796296296296297,0.8950617283950617,0.038564814814814816,0.01804158091545105,0.0327499583363533,0.010832678526639938,0.013625179417431355,0.008916,0.011458,0.006292015314102173,0.0075837597250938416,0.0006249174475669861,0.012403493747115128
sign/branch,4,16,0.1,42,1944,0.000462962962962963,0.011990740740740741,0.00016511285859145645,0.000154320987654321,0.000308641975308642,6.175925925925926,15.907407407407407,1.5709876543209877,6.195987654320987,0.9922839506172839,533.0524691358024,8362.447530864198,4.0,0.42484567901234566,0.6496913580246914,0.7932098765432098,0.06626543209876543,0.019165687263011932,0.035910634323954575,0.01129182055592537,0.014993734657764431,0.009292,0.012743699999999995,0.0064158812165260315,0.00800006091594696,0.0006658956408500671,0.014451704919338223
sign/branch,4,16,0.1,43,1944,0.000462962962962963,0.012299382716049382,0.00016511285859145645,0.000154320987654321,0.000308641975308642,6.2592592592592595,15.907407407407407,1.5540123456790123,6.283950617283951,0.9922839506172839,534.7422839506173,8362.447530864198,4.0,0.42484567901234566,0.654320987654321,0.7916666666666666,0.06709876543209876,0.01904158852994442,0.03716454375535247,0.011416617780923843,0.015410757623612877,0.009458,0.013125,0.006416346877813339,0.007660430856049057,0.0006658956408500671,0.0148626510053873
sign/branch,4,16,0.1,44,1944,0.000462962962962963,0.012237654320987654,0.00016511285859145645,0.000154320987654321,0.000308641975308642,6.277777777777778,15.907407407407407,1.5493827160493827,6.299382716049383,0.9922839506172839,535.6620370370371,8362.447530864198,4.0,0.42484567901234566,0.6635802469135802,0.7901234567901234,0.06728395061728396,0.01895800232887268,0.03641697112470865,0.01125037670135498,0.014834105968475342,0.00925,0.012666849999999999,0.0063749030232429504,0.007917173206806183,0.0006658956408500671,0.014791591092944145
sign/branch,4,32,0.0,42,1944,0.0030864197530864196,0.025262345679012345,0.002665573266385533,0.000617283950617284,0.002752057613168724,7.16358024691358,31.75925925925926,0.0,7.671296296296297,0.9876543209876543,1083.9938271604938,8362.447530864198,4.0,0.42484567901234566,0.8287037037037037,0.8395061728395061,0.07614197530864196,0.020687468349933624,0.04595797508955002,0.013249926269054413,0.018499791622161865,0.011125,0.016125,0.0063749030232429504,0.007832888513803482,0.0006249174475669861,0.020576408132910725
sign/branch,4,32,0.1,42,1944,0.0030864197530864196,0.02385802469135802,0.002658018116317088,0.000617283950617284,0.002752057613168724,15.429012345679013,31.75925925925926,3.1358024691358026,15.950617283950617,0.9876543209876543,1067.0324074074074,8362.447530864198,4.0,0.42484567901234566,0.35802469135802467,0.5524691358024691,0.15879629629629632,0.027166912332177162,0.05211844108998775,0.014792196452617645,0.021076528355479237,0.012583,0.018701849999999996,0.006500165909528732,0.008209142833948135,0.005375128239393234,0.024372362531721564
sign/branch,4,32,0.1,43,1944,0.002469135802469136,0.024212962962962964,0.0019413777015356002,0.000462962962962963,0.002237654320987654,15.228395061728396,31.75925925925926,3.125,15.800925925925926,0.9876543209876543,1064.969135802469,8362.447530864198,4.0,0.42484567901234566,0.3533950617283951,0.5709876543209876,0.1567901234567901,0.0269163865596056,0.05224999040365219,0.014916062355041504,0.02090996131300926,0.012708,0.018583,0.0064997002482414246,0.00824357848614454,0.005125068128108978,0.024683121591806398
sign/branch,4,32,0.1,44,1944,0.002777777777777778,0.023950617283950617,0.002665573266385533,0.000617283950617284,0.002752057613168724,15.239197530864198,31.75925925925926,3.103395061728395,15.779320987654321,0.9876543209876543,1067.6944444444443,8362.447530864198,4.0,0.42484567901234566,0.39814814814814814,0.5817901234567902,0.15689814814814815,0.025499612092971802,0.0496411696076393,0.014291377738118172,0.019750092178583145,0.012083,0.017451849999999998,0.006457790732383728,0.008201668970286843,0.004499917849898338,0.02311270218342542
sign/branch,4,64,0.0,42,1944,0.0183641975308642,0.06973765432098765,0.016427711875228228,0.004475308641975308,0.0163112607557052,18.878086419753085,63.276234567901234,0.0,27.425925925925927,0.9845679012345679,2193.489197530864,8362.447530864198,4.0,0.42484567901234566,0.6651234567901234,0.6712962962962963,0.19328703703703703,0.026667024940252304,0.07389094680547713,0.018770573660731316,0.031702709384262555,0.016209,0.029576699999999997,0.006458256393671036,0.00820821151137352,0.0006668269634246826,0.03495905548334122
sign/branch,4,64,0.1,42,1944,0.015277777777777779,0.06375,0.013745238748932397,0.004012345679012346,0.013482042648709317,36.90895061728395,63.276234567901234,6.256172839506172,45.983024691358025,0.9845679012345679,2135.8966049382716,8362.447530864198,4.0,0.42484567901234566,0.10339506172839506,0.2222222222222222,0.3735956790123457,0.04395912401378155,0.07977942004799841,0.02312520518898964,0.03518331795930861,0.0204585,0.032083850000000004,0.006875023245811462,0.009375158697366714,0.013249926269054413,0.03662512172013521
sign/branch,4,64,0.1,43,1944,0.015123456790123457,0.06404320987654322,0.013155798826108032,0.0038580246913580245,0.012710437710437712,36.19598765432099,63.276234567901234,6.239197530864198,45.339506172839506,0.9845679012345679,2141.688271604938,8362.447530864198,4.0,0.42484567901234566,0.1095679012345679,0.24074074074074073,0.3664660493827161,0.042541418224573135,0.07606428116559981,0.022666994482278824,0.03277235664427279,0.02,0.03023754999999999,0.006708316504955292,0.008500111289322376,0.01270882785320282,0.035368814133107655
sign/branch,4,64,0.1,44,1944,0.015123456790123457,0.06399691358024691,0.012044969095847747,0.0035493827160493828,0.01219603441825664,36.37191358024691,63.276234567901234,6.217592592592593,45.5679012345679,0.9845679012345679,2142.328703703704,8362.447530864198,4.0,0.42484567901234566,0.11419753086419752,0.2515432098765432,0.3682253086419753,0.04237517714500427,0.07526047993451356,0.02245791256427765,0.03316672518849373,0.019834,0.030708,0.006707850843667984,0.008457805961370468,0.012666452676057816,0.034833792597055435
sign/branch,4,128,0.0,42,1944,0.14382716049382718,0.30126543209876544,0.1163413166629855,0.02808641975308642,0.11779681224125668,69.7391975308642,125.54938271604938,0.0,182.05092592592592,0.9583333333333334,4426.270061728395,8362.447530864198,4.0,0.42484567901234566,0.17592592592592593,0.17746913580246915,0.7018981481481482,0.08366722613573074,0.10686714667826888,0.04268740303814411,0.0634815078228712,0.0400415,0.060445549999999994,0.006667338311672211,0.00837491825222969,0.033250078558921814,0.03754207864403725
sign/branch,4,128,0.1,42,1944,0.1132716049382716,0.2574074074074074,0.09095515754995523,0.022685185185185187,0.09348645181978515,82.83641975308642,125.54938271604938,12.50462962962963,197.29166666666666,0.9583333333333334,4306.58487654321,8362.447530864198,4.0,0.42484567901234566,0.0015432098765432098,0.013888888888888888,0.8328703703703704,0.08320785127580166,0.10832040570676325,0.042708590626716614,0.06452940870076417,0.0396455,0.06098124999999999,0.006791204214096069,0.008666887879371643,0.03312528133392334,0.038375076837837696
sign/branch,4,128,0.1,43,1944,0.1125,0.2556635802469136,0.08967631609122888,0.022222222222222223,0.09195426487093153,82.05555555555556,125.54938271604938,12.544753086419753,196.2006172839506,0.9583333333333334,4311.1126543209875,8362.447530864198,4.0,0.42484567901234566,0.0030864197530864196,0.021604938271604937,0.8250617283950618,0.08404185064136982,0.10991073213517666,0.043082982301712036,0.06469539366662501,0.0401045,0.06145885,0.0067497603595256805,0.008666887879371643,0.03333296626806259,0.03862474113702774
sign/branch,4,128,0.1,44,1944,0.11080246913580248,0.257608024691358,0.08810238101592423,0.021604938271604937,0.08971661054994388,83.1604938271605,125.54938271604938,12.501543209876543,198.48611111111111,0.9583333333333334,4305.743827160494,8362.447530864198,4.0,0.42484567901234566,0.006172839506172839,0.013888888888888888,0.8361111111111111,0.08704164065420628,0.11303499341011047,0.04520895890891552,0.06714826449751853,0.0421045,0.0644037,0.006916932761669159,0.00878579448908567,0.03366614691913128,0.03970258403569459
sign/branch,4,256,0.0,42,1944,0.31527777777777777,0.6451543209876542,0.1911658117637981,0.04876543209876544,0.20372472606268902,99.54938271604938,246.08179012345678,0.0,732.729938271605,0.9182098765432098,8334.327160493827,8362.447530864198,4.0,0.42484567901234566,0.0,0.0,1.0,0.1277080737054348,0.15960624441504478,0.08558295667171478,0.11252872645854949,0.082125,0.10844554999999999,0.006833113729953766,0.008999835699796677,0.03462471067905426,0.04141591489315033
sign/branch,4,256,0.1,42,1944,0.3100308641975309,0.6309104938271605,0.19001300923894723,0.04876543209876543,0.20151891575502684,99.54938271604938,246.08179012345678,24.46141975308642,754.2484567901234,0.9182098765432098,8115.560185185185,8362.447530864198,4.0,0.42484567901234566,0.0,0.0,1.0,0.130457803606987,0.16312527004629374,0.08858297951519489,0.11621885932981967,0.085167,0.112167,0.006875023245811462,0.009284727275371548,0.034499913454055786,0.04086238332092761
sign/branch,4,256,0.1,43,1944,0.3106481481481482,0.6307870370370371,0.1924325544945229,0.049074074074074076,0.2039194644518719,99.54938271604938,246.08179012345678,24.584876543209877,755.9861111111111,0.9182098765432098,8102.086419753086,8362.447530864198,4.0,0.42484567901234566,0.0,0.0,1.0,0.13002101331949234,0.171182956546545,0.08808309212327003,0.12203562073409557,0.0847085,0.11780809999999999,0.006875023245811462,0.00978484749794006,0.03435439430177212,0.04195179790258407
sign/branch,4,256,0.1,44,1944,0.3108024691358025,0.632283950617284,0.19127342965398994,0.049074074074074076,0.20280492398547953,99.54938271604938,246.08179012345678,24.50925925925926,755.0941358024692,0.9182098765432098,8105.79012345679,8362.447530864198,4.0,0.42484567901234566,0.0,0.0,1.0,0.13633305206894875,0.18175872974097723,0.09335414506494999,0.12737764045596117,0.08972949999999999,0.12235359999999997,0.007042195647954941,0.011737458407878869,0.034833094105124474,0.045154383406043046
sign/branch,4,512,0.0,42,1944,0.35478395061728396,0.8012808641975309,0.21022742840264716,0.05339506172839507,0.2257840539090539,99.54938271604938,469.3317901234568,0.0,1588.087962962963,0.8271604938271605,16927.742283950618,8362.447530864198,4.0,0.42484567901234566,0.0,0.0,1.0,0.20789634436368942,0.2722902921959758,0.16362499445676804,0.2172435401007533,0.1585205,0.21039739999999998,0.007458962500095367,0.012208241969347,0.03645848482847214,0.04694035742431878
sign/branch,4,512,0.1,42,1944,0.35478395061728396,0.8000771604938272,0.21155909144358917,0.053858024691358024,0.22725010329176995,99.54938271604938,469.3317901234568,46.833333333333336,1658.0555555555557,0.8271604938271605,16362.641975308641,8362.447530864198,4.0,0.42484567901234566,0.0,0.0,1.0,0.19629159942269325,0.2560329623520374,0.15318742953240871,0.20361226052045822,0.14902100000000001,0.19781425,0.007041729986667633,0.01104122493416071,0.0350000336766243,0.04454189911484718
sign/branch,4,512,0.1,43,1944,0.35370370370370363,0.7987654320987654,0.21017121846599465,0.05339506172839506,0.22532109094609096,99.54938271604938,469.3317901234568,46.93055555555556,1652.7685185185185,0.8271604938271605,16362.336419753086,8362.447530864198,4.0,0.42484567901234566,0.0,0.0,1.0,0.20827120169997215,0.336394109763205,0.16399985179305077,0.2520293928682804,0.159333,0.2414982499999999,0.007416820153594017,0.01691700890660286,0.03616698086261749,0.05495629739016284
sign/branch,4,512,0.1,44,1944,0.3552469135802469,0.8005246913580247,0.21103423389459255,0.053703703703703705,0.22809886872386873,99.54938271604938,469.3317901234568,46.885802469135804,1656.983024691358,0.8271604938271605,16350.302469135802,8362.447530864198,4.0,0.42484567901234566,0.0,0.0,1.0,0.19875029101967812,0.3011839697137474,0.15543727204203606,0.23852703161537636,0.1506875,0.2283277,0.0071660615503787994,0.014409795403480526,0.03554113209247589,0.05305190570652483
sign/branch,4,1024,0.0,42,1944,0.3783950617283951,0.9373148148148148,0.21529057213073383,0.05555555555555555,0.2342459880654325,99.54938271604938,847.2623456790124,0.0,3410.7916666666665,0.6496913580246914,30808.83487654321,8362.447530864198,4.0,0.42484567901234566,0.0,0.0,1.0,0.33570826053619385,0.41257659904658794,0.29047904536128044,0.3632912412285805,0.283667,0.35577325,0.007541850209236145,0.012416718527674675,0.036665936931967735,0.04458380863070488
sign/branch,4,1024,0.1,42,1944,0.3782407407407407,0.9341666666666667,0.21575726399697778,0.055709876543209885,0.2352490744851856,99.54938271604938,847.2623456790124,84.3395061728395,3466.104938271605,0.6496913580246914,30169.788580246914,8362.447530864198,4.0,0.42484567901234566,0.0,0.0,1.0,0.33385399729013443,0.46737664379179455,0.29012560844421387,0.39041065610945225,0.2834795,0.38223129999999994,0.007541850209236145,0.016153464093804352,0.03550015389919281,0.050516938790678964
sign/branch,4,1024,0.1,43,1944,0.3783950617283951,0.9345370370370372,0.21535839110590688,0.05555555555555555,0.2342459880654325,99.54938271604938,847.2623456790124,84.53703703703704,3467.4614197530864,0.6496913580246914,30175.99074074074,8362.447530864198,4.0,0.42484567901234566,0.0,0.0,1.0,0.31954143196344376,0.4062609048560262,0.2767289988696575,0.3558158176019787,0.270833,0.34990985,0.007166992872953415,0.011439085938036431,0.035082921385765076,0.04349392838776111
sign/branch,4,1024,0.1,44,1944,0.3783950617283951,0.9344753086419754,0.21595874850880165,0.0558641975308642,0.236406481892593,99.54938271604938,847.2623456790124,84.56481481481481,3467.1944444444443,0.6496913580246914,30158.07561728395,8362.447530864198,4.0,0.42484567901234566,0.0,0.0,1.0,0.3296250943094492,0.4196837544441223,0.28547970578074455,0.3677356289699673,0.2801045,0.3597437499999999,0.007417052984237671,0.012660631909966465,0.035709235817193985,0.045993737876415246
sign/branch,4,2048,0.0,42,1944,0.3899691358024691,0.9944135802469135,0.2200221903878761,0.05648148148148148,0.24183343662510332,99.54938271604938,1344.4367283950617,0.0,6476.723765432099,0.3410493827160494,47044.09413580247,8362.447530864198,4.0,0.42484567901234566,0.0,0.0,1.0,0.5023539997637272,0.7954980013892055,0.45541650615632534,0.735329557210207,0.452646,0.7274518499999998,0.0077500008046627045,0.017147487960755815,0.03825034946203232,0.05520605482161042
sign/branch,4,2048,0.1,42,1944,0.39012345679012345,0.9939351851851852,0.21999296364763324,0.05648148148148148,0.24183343662510332,99.54938271604938,1344.4367283950617,133.7685185185185,6495.7037037037035,0.3410493827160494,46708.2237654321,8362.447530864198,4.0,0.42484567901234566,0.0,0.0,1.0,0.4974585026502609,0.7576578063890338,0.4475833848118782,0.7069984450936315,0.443625,0.6967625,0.00762520357966423,0.014076847583055493,0.0366666354238987,0.04818318411707877
sign/branch,4,2048,0.1,43,1944,0.3904320987654321,0.9941820987654322,0.22000372829109055,0.05648148148148148,0.24183343662510332,99.54938271604938,1344.4367283950617,133.9537037037037,6497.351851851852,0.3410493827160494,46682.28703703704,8362.447530864198,4.0,0.42484567901234566,0.0,0.0,1.0,0.49731251783668995,0.7616748334839939,0.4474795423448086,0.7075724890455602,0.4443125,0.6984331,0.007624737918376923,0.013993820175528523,0.03737490624189377,0.04945173859596252
sign/branch,4,2048,0.1,44,1944,0.3902777777777777,0.9940740740740741,0.21999296364763324,0.05648148148148148,0.24183343662510332,99.54938271604938,1344.4367283950617,134.28858024691357,6495.300925925926,0.3410493827160494,46704.5462962963,8362.447530864198,4.0,0.42484567901234566,0.0,0.0,1.0,0.4752916283905506,0.7187298499047756,0.4297294653952122,0.6713019451126456,0.42752049999999997,0.66392135,0.0074999406933784485,0.01164206769317387,0.035479431971907616,0.04332689568400382
sign/branch,4,4096,0.0,42,1944,0.3912037037037037,1.0,0.21999296364763324,0.05648148148148148,0.24183343662510332,99.54938271604938,1618.9753086419753,0.0,8359.689814814816,0.007716049382716049,54131.07716049383,8362.447530864198,4.0,0.42484567901234566,0.0,0.0,1.0,0.4821871407330036,1.1391714913770556,0.4324789624661207,1.0914027690887451,0.429,1.0879268,0.0074999406933784485,0.011701975017786023,0.037041958421468735,0.04479181952774525
sign/branch,4,4096,0.1,42,1944,0.3912037037037037,1.0,0.21999296364763324,0.05648148148148148,0.24183343662510332,99.54938271604938,1618.9753086419753,161.32716049382717,8359.621913580248,0.007716049382716049,54131.220679012345,8362.447530864198,4.0,0.42484567901234566,0.0,0.0,1.0,0.4805000498890877,1.1550999712198973,0.4357290454208851,1.0999466758221386,0.4329585,1.0944124499999996,0.007458031177520752,0.012326752766966816,0.036708079278469086,0.046558282338082776
sign/branch,4,4096,0.1,43,1944,0.3912037037037037,1.0,0.21999296364763324,0.05648148148148148,0.24183343662510332,99.54938271604938,1618.9753086419753,161.34567901234567,8359.671296296296,0.007716049382716049,54131.07716049383,8362.447530864198,4.0,0.42484567901234566,0.0,0.0,1.0,0.4977704957127571,1.1909937020391226,0.44872891157865524,1.1412794701755047,0.446312,1.13539645,0.007624737918376923,0.015958142466843128,0.03712484613060951,0.05190381780266761
sign/branch,4,4096,0.1,44,1944,0.3912037037037037,1.0,0.21999296364763324,0.05648148148148148,0.24183343662510332,99.54938271604938,1618.9753086419753,161.73456790123456,8359.638888888889,0.007716049382716049,54131.07716049383,8362.447530864198,4.0,0.42484567901234566,0.0,0.0,1.0,0.5005835555493832,1.1786936549469822,0.4516672343015671,1.1271561961621042,0.447875,1.1186873999999998,0.0077500008046627045,0.013292301446199417,0.03816699609160423,0.04886866081506013
sign/branch,8,0,0.0,42,1944,0.5459876543209876,1.0,0.28754858501274067,0.07376543209876543,0.3228776753082309,99.88888888888889,2898.953703703704,0.0,14962.618827160493,0.0,93812.26080246913,14963.20524691358,8.0,0.6172839506172839,0.0,0.0,1.0,0.9736043866723776,1.9082267768681047,0.919208163395524,1.8446963978931308,0.9145829999999999,1.8385143999999998,0.009333016350865364,0.020522857084870328,0.041624996811151505,0.062112370505928986
sign/branch,8,0,0.1,42,1944,0.5459876543209876,1.0,0.28754858501274067,0.07376543209876543,0.3228776753082309,99.88888888888889,2898.953703703704,290.00308641975306,14962.618827160493,0.0,93812.26080246913,14963.20524691358,8.0,0.6172839506172839,0.0,0.0,1.0,0.9328953456133604,1.79769042879343,0.8821040391921997,1.740462426096201,0.878583,1.73422685,0.008125090971589088,0.015917164273560047,0.03945850767195225,0.05385596305131911
sign/branch,8,0,0.1,43,1944,0.5459876543209876,1.0,0.28754858501274067,0.07376543209876543,0.3228776753082309,99.88888888888889,2898.953703703704,289.4274691358025,14962.618827160493,0.0,93812.26080246913,14963.20524691358,8.0,0.6172839506172839,0.0,0.0,1.0,0.9654788300395012,1.812331285327673,0.9064378682523966,1.7513589467853306,0.9013125,1.7464286999999996,0.008624978363513947,0.017577549442648884,0.04112487658858299,0.0571123557165265
sign/branch,8,0,0.1,44,1944,0.5459876543209876,1.0,0.28754858501274067,0.07376543209876543,0.3228776753082309,99.88888888888889,2898.953703703704,289.483024691358,14962.618827160493,0.0,93812.26080246913,14963.20524691358,8.0,0.6172839506172839,0.0,0.0,1.0,0.9465415496379137,1.8075672211125493,0.8962915744632483,1.7482422990724442,0.891229,1.7388938,0.008582836017012596,0.0171126564964652,0.04079192876815796,0.054660486057400696
sign/branch,8,16,0.0,42,1944,0.0010802469135802472,0.007746913580246914,0.0033787331036349982,0.000617283950617284,0.0031378600823045266,7.356481481481482,15.983024691358025,0.0,7.479938271604938,0.9969135802469136,485.087962962963,14963.20524691358,8.0,0.6172839506172839,0.7947530864197531,0.8117283950617284,0.07467592592592592,0.01895800232887268,0.05255925934761761,0.011416152119636536,0.018916884437203407,0.009270500000000001,0.015292,0.0064997002482414246,0.012391852214932426,0.0006658956408500671,0.019445619545876973
sign/branch,8,16,0.1,42,1944,0.0010802469135802472,0.007746913580246914,0.0033787331036349982,0.000617283950617284,0.0031378600823045266,8.282407407407407,15.983024691358025,1.5895061728395061,8.433641975308642,0.9969135802469136,485.6203703703704,14963.20524691358,8.0,0.6172839506172839,0.7129629629629629,0.7839506172839507,0.0839351851851852,0.018833205103874207,0.040125101804733276,0.011312542483210564,0.015785684809088704,0.009208,0.013334,0.006416812539100647,0.007667043246328831,0.0006658956408500671,0.016868812963366505
sign/branch,8,16,0.1,43,1944,0.0010802469135802472,0.007793209876543211,0.0033787331036349982,0.000617283950617284,0.0031378600823045266,8.62037037037037,15.983024691358025,1.5771604938271604,8.770061728395062,0.9969135802469136,487.766975308642,14963.20524691358,8.0,0.6172839506172839,0.7006172839506173,0.7669753086419753,0.08731481481481482,0.0189170241355896,0.040565454401075826,0.011417083442211151,0.016041495837271214,0.009292,0.013667,0.006416812539100647,0.007708021439611912,0.0006253831088542938,0.017243670299649235
sign/branch,8,16,0.1,44,1944,0.0010802469135802472,0.0071913580246913585,0.0033787331036349982,0.000617283950617284,0.0031378600823045266,8.29320987654321,15.983024691358025,1.5632716049382716,8.472222222222221,0.9969135802469136,486.5617283950617,14963.20524691358,8.0,0.6172839506172839,0.7145061728395061,0.7746913580246914,0.0840432098765432,0.019333092495799065,0.043910695239901536,0.01162523403763771,0.016743550077080723,0.009458,0.014,0.006542075425386429,0.00837491825222969,0.0006668269634246826,0.018529524095356457
sign/branch,8,32,0.0,42,1944,0.001851851851851852,0.009675925925925926,0.0033787331036349982,0.000617283950617284,0.0031378600823045266,9.114197530864198,31.915123456790123,0.0,9.447530864197532,0.9953703703703703,980.3364197530864,14963.20524691358,8.0,0.6172839506172839,0.7654320987654321,0.779320987654321,0.09225308641975309,0.020625069737434387,0.041856337338685976,0.013208948075771332,0.017856154590845098,0.010917,0.015292,0.006292015314102173,0.008084275759756565,0.0006249174475669861,0.016641942784190164
sign/branch,8,32,0.1,42,1944,0.001851851851851852,0.009351851851851853,0.0033787331036349982,0.000617283950617284,0.0031378600823045266,15.00462962962963,31.915123456790123,3.1558641975308643,15.41358024691358,0.9953703703703703,976.070987654321,14963.20524691358,8.0,0.6172839506172839,0.4398148148148148,0.595679012345679,0.1511574074074074,0.025957822799682617,0.052369106560945504,0.014832708984613419,0.021458067931234837,0.012417,0.018660699999999995,0.006500165909528732,0.008326466195285317,0.0045211054384708405,0.023028883151710026
sign/branch,8,32,0.1,43,1944,0.0015432098765432098,0.009058641975308644,0.0033787331036349982,0.000617283950617284,0.0031378600823045266,14.75462962962963,31.915123456790123,3.1296296296296298,15.158950617283951,0.9953703703703703,976.1851851851852,14963.20524691358,8.0,0.6172839506172839,0.4367283950617284,0.6003086419753086,0.1486574074074074,0.025291461497545242,0.04823117051273583,0.014250166714191437,0.01974394544959068,0.011917,0.017201849999999998,0.0063749030232429504,0.00820821151137352,0.004332978278398514,0.021516950801014886
sign/branch,8,32,0.1,44,1944,0.0015432098765432098,0.009629629629629629,0.003364915439227735,0.000617283950617284,0.0031378600823045266,15.030864197530864,31.915123456790123,3.132716049382716,15.473765432098766,0.9953703703703703,976.8256172839506,14963.20524691358,8.0,0.6172839506172839,0.42901234567901236,0.5879629629629629,0.15141975308641975,0.02570892684161663,0.05002310499548911,0.014416873455047607,0.020416919142007828,0.0120625,0.017542,0.006459187716245651,0.008409819565713402,0.00437488779425621,0.021987338550388806
sign/branch,8,64,0.0,42,1944,0.007716049382716049,0.01953703703703704,0.009889563872614703,0.003240740740740741,0.009006734006734006,15.564814814814815,63.766975308641975,0.0,17.578703703703702,0.9953703703703703,1984.1666666666667,14963.20524691358,8.0,0.6172839506172839,0.6790123456790124,0.6898148148148148,0.15675925925925926,0.026124995201826096,0.059177540242671946,0.01824973151087761,0.025326758623123165,0.0155,0.02236254999999999,0.0064158812165260315,0.00829189084470272,0.0006668269634246826,0.02815984189510345
sign/branch,8,64,0.1,42,1944,0.005709876543209877,0.018564814814814815,0.005342791908571783,0.0012345679012345679,0.005066872427983539,32.367283950617285,63.766975308641975,6.324074074074074,35.391975308641975,0.9953703703703703,1954.2700617283951,14963.20524691358,8.0,0.6172839506172839,0.12962962962962962,0.279320987654321,0.32478395061728393,0.0391877256333828,0.06691103335469961,0.021249987185001373,0.029445299878716462,0.018459,0.0265,0.006624963134527206,0.008458667434751987,0.010999850928783417,0.03158301115036011
sign/branch,8,64,0.1,43,1944,0.005401234567901234,0.018055555555555557,0.007125482557265422,0.0015432098765432098,0.006224279835390946,31.708333333333332,63.766975308641975,6.282407407407407,34.5679012345679,0.9953703703703703,1956.9336419753085,14963.20524691358,8.0,0.6172839506172839,0.1419753086419753,0.2854938271604938,0.3181944444444444,0.04033278673887253,0.07070298306643963,0.021832995116710663,0.030790921300649643,0.0190205,0.027542,0.006750226020812988,0.008500181138515472,0.011103926226496696,0.0327499583363533
sign/branch,8,64,0.1,44,1944,0.004938271604938272,0.01799382716049383,0.005209622258714714,0.0010802469135802472,0.004512719790497568,31.459876543209877,63.766975308641975,6.279320987654321,34.57716049382716,0.9953703703703703,1954.283950617284,14963.20524691358,8.0,0.6172839506172839,0.15432098765432098,0.29012345679012347,0.3157098765432098,0.04024989902973175,0.07203570567071438,0.021812506020069122,0.03191682044416666,0.019,0.028410699999999997,0.006708316504955292,0.008785468526184555,0.011124648153781891,0.033792038448154926
sign/branch,8,128,0.0,42,1944,0.035493827160493825,0.07248456790123457,0.03524168650621393,0.008487654320987654,0.03619478515311849,34.9212962962963,127.45524691358025,0.0,63.22067901234568,0.9922839506172839,4078.7206790123455,14963.20524691358,8.0,0.6172839506172839,0.49228395061728397,0.49537037037037035,0.3503240740740741,0.04352047108113766,0.09685030672699212,0.029750168323516846,0.05366071127355098,0.026208,0.05007685,0.006541609764099121,0.008333008736371994,0.007562572136521339,0.03699390217661857
sign/branch,8,128,0.1,42,1944,0.02808641975308642,0.06191358024691359,0.02893616681209671,0.007253086419753087,0.029287083800972693,66.68055555555556,127.45524691358025,12.705246913580247,101.9891975308642,0.9922839506172839,3971.5046296296296,14963.20524691358,8.0,0.6172839506172839,0.016975308641975308,0.04938271604938271,0.6679166666666667,0.072915805503726,0.10319573339074849,0.0377921387553215,0.05779222119599581,0.0342085,0.05409994999999999,0.006937654688954353,0.009284727275371548,0.02697855234146118,0.03819554112851619
sign/branch,8,128,0.1,43,1944,0.02854938271604938,0.060987654320987655,0.032024272685314416,0.007561728395061728,0.03263070520014964,66.17592592592592,127.45524691358025,12.697530864197532,99.82407407407408,0.9922839506172839,3978.4845679012346,14963.20524691358,8.0,0.6172839506172839,0.010802469135802469,0.06172839506172839,0.6628703703703704,0.07079169154167175,0.09841076098382473,0.03750016912817955,0.05439838860183953,0.033875,0.05049385,0.006875023245811462,0.008624978363513947,0.02629193477332592,0.03711855970323085
sign/branch,8,128,0.1,44,1944,0.027777777777777776,0.061358024691358024,0.03022906104976988,0.0070987654320987656,0.02980148709315376,65.68364197530865,127.45524691358025,12.677469135802468,100.49691358024691,0.9922839506172839,3977.192901234568,14963.20524691358,8.0,0.6172839506172839,0.013888888888888888,0.06327160493827161,0.6579475308641977,0.06674998439848423,0.09348769672214984,0.03462517634034157,0.05131431389600037,0.03125,0.04813564999999998,0.006707850843667984,0.008499715477228165,0.025103799998760223,0.03603470977395772
sign/branch,8,256,0.0,42,1944,0.2574074074074074,0.3649537037037037,0.1874091041346703,0.04398148148148148,0.1981594665622443,87.00617283950618,253.50925925925927,0.0,414.01234567901236,0.9814814814814815,8576.060185185184,14963.20524691358,8.0,0.6172839506172839,0.05246913580246913,0.05246913580246913,0.8711728395061729,0.12052059173583984,0.1534937648102641,0.07887464016675949,0.1095769926905632,0.074792,0.10524384999999999,0.0068747904151678085,0.00866735354065895,0.033750198781490326,0.0389165710657835
sign/branch,8,256,0.1,42,1944,0.21311728395061733,0.31087962962962956,0.1676040533566117,0.03827160493827161,0.17464275693442363,98.01543209876543,253.50925925925927,25.25462962962963,443.14814814814815,0.9814814814814815,8293.489197530864,14963.20524691358,8.0,0.6172839506172839,0.0,0.0,0.9812654320987655,0.12225005775690079,0.17446882557123897,0.07958360947668552,0.12191869318485254,0.0752085,0.116375,0.006875023245811462,0.010618707165122029,0.03429176285862923,0.04403588827699422
sign/branch,8,256,0.1,43,1944,0.21311728395061733,0.3112654320987654,0.16630680095658645,0.03842592592592592,0.17341186334241887,97.7391975308642,253.50925925925927,25.22530864197531,443.1651234567901,0.9814814814814815,8292.202160493827,14963.20524691358,8.0,0.6172839506172839,0.0,0.0,0.9785030864197531,0.12658280320465565,0.17203404568135736,0.0830208882689476,0.12062489986419678,0.0786665,0.11584379999999998,0.00695791095495224,0.011249911040067673,0.034916214644908905,0.042201858013868325
sign/branch,8,256,0.1,44,1944,0.21250000000000002,0.3119135802469135,0.16716984952448824,0.03811728395061728,0.17446271578216022,97.9891975308642,253.50925925925927,25.14969135802469,441.87345679012344,0.9814814814814815,8298.501543209877,14963.20524691358,8.0,0.6172839506172839,0.0,0.0,0.9810030864197532,0.12168707326054573,0.157696264795959,0.07933401502668858,0.1130706164985895,0.075041,0.1088687,0.006875023245811462,0.00895792618393898,0.03437511622905731,0.04028480034321546
sign/branch,8,512,0.0,42,1944,0.45956790123456787,0.6926697530864199,0.26301507422239406,0.06651234567901235,0.2878578340383896,99.88888888888889,500.4737654320988,0.0,1501.8240740740741,0.9459876543209876,17139.163580246914,14963.20524691358,8.0,0.6172839506172839,0.0,0.0,1.0,0.2005628775805235,0.27484986931085587,0.1575842034071684,0.21870192140340805,0.1520415,0.21043129999999996,0.0072503462433815,0.011625164188444614,0.03491714596748352,0.04698748234659433
sign/branch,8,512,0.1,42,1944,0.4549382716049382,0.6822685185185184,0.2602204986739267,0.06558641975308642,0.2830977664310998,99.88888888888889,500.4737654320988,49.983024691358025,1562.3641975308642,0.9459876543209876,16550.61111111111,14963.20524691358,8.0,0.6172839506172839,0.0,0.0,1.0,0.18754228949546814,0.22930898703634736,0.14627049677073956,0.18377273809164762,0.1415,0.1788088,0.006708316504955292,0.008792150765657425,0.0338749960064888,0.03836886025965213
sign/branch,8,512,0.1,43,1944,0.45524691358024694,0.6820524691358024,0.26059911513138206,0.06589506172839506,0.28478427436760767,99.88888888888889,500.4737654320988,49.95679012345679,1561.6851851851852,0.9459876543209876,16541.541666666668,14963.20524691358,8.0,0.6172839506172839,0.0,0.0,1.0,0.21039601415395737,0.26232018135488033,0.16691582277417183,0.20914166234433648,0.161708,0.20315455,0.007292022928595543,0.011993339285254475,0.03516674041748047,0.04325008485466242
sign/branch,8,512,0.1,44,1944,0.45401234567901233,0.6825308641975308,0.2605601217323562,0.06558641975308642,0.2838693713693714,99.88888888888889,500.4737654320988,50.00617283950617,1564.2237654320988,0.9459876543209876,16532.600308641977,14963.20524691358,8.0,0.6172839506172839,0.0,0.0,1.0,0.21512480452656746,0.26296875439584255,0.17066672444343567,0.2119454089552164,0.165396,0.20553485,0.007291790097951889,0.011619087308645245,0.036207959055900574,0.04437519237399101
sign/branch,8,1024,0.0,42,1944,0.5058641975308642,0.8425154320987653,0.2800211188089184,0.0720679012345679,0.31276965061687284,99.88888888888889,965.4058641975308,0.0,3337.760802469136,0.8672839506172839,34970.22222222222,14963.20524691358,8.0,0.6172839506172839,0.0,0.0,1.0,0.3229374997317791,0.38012489676475525,0.2795211039483547,0.33362535759806633,0.27227049999999997,0.32623739999999996,0.007166992872953415,0.00966705847531557,0.0349581241607666,0.04120776429772377
sign/branch,8,1024,0.1,42,1944,0.5070987654320988,0.841003086419753,0.27894326861529717,0.07145061728395063,0.30991471234526785,99.88888888888889,965.4058641975308,96.33641975308642,3467.759259259259,0.8672839506172839,33840.16203703704,14963.20524691358,8.0,0.6172839506172839,0.0,0.0,1.0,0.3520206082612276,0.4149000393226742,0.30687497928738594,0.36349797155708075,0.29881250000000004,0.3553687,0.007458031177520752,0.01095794141292572,0.03674998879432678,0.043195812031626694
sign/branch,8,1024,0.1,43,1944,0.5061728395061728,0.8416820987654321,0.2803298403286813,0.07191358024691359,0.3137727370366259,99.88888888888889,965.4058641975308,96.23765432098766,3473.0663580246915,0.8672839506172839,33819.174382716046,14963.20524691358,8.0,0.6172839506172839,0.0,0.0,1.0,0.3527090884745121,0.4129527835175395,0.30741654336452484,0.36286250688135624,0.299875,0.35546685,0.007458031177520752,0.011125113815069199,0.03681262023746967,0.04379204474389553
sign/branch,8,1024,0.1,44,1944,0.5054012345679012,0.8407870370370372,0.27923440231405505,0.07145061728395062,0.30991471234526785,99.88888888888889,965.4058641975308,96.40123456790124,3469.0925925925926,0.8672839506172839,33819.71759259259,14963.20524691358,8.0,0.6172839506172839,0.0,0.0,1.0,0.35624997690320015,0.4997410578653216,0.31008291989564896,0.4225437762215733,0.3025,0.40754549999999995,0.007834285497665405,0.017451960593461987,0.03741658292710781,0.052314298227429376
sign/branch,8,2048,0.0,42,1944,0.5364197530864198,0.965246913580247,0.28702211573659275,0.07376543209876543,0.3220803502053502,99.88888888888889,1763.1774691358025,0.0,7505.108024691358,0.6820987654320988,62731.996913580246,14963.20524691358,8.0,0.6172839506172839,0.0,0.0,1.0,0.6075000856071711,0.7443089503794909,0.5626250058412552,0.693090888671577,0.552146,0.6822312999999999,0.00758306123316288,0.011708121746778488,0.037041958421468735,0.04583410918712616
sign/branch,8,2048,0.1,42,1944,0.5334876543209877,0.9625617283950617,0.28505304117762126,0.07361111111111111,0.3191482514399181,99.88888888888889,1763.1774691358025,175.8641975308642,7581.126543209876,0.6820987654320988,61715.85648148148,14963.20524691358,8.0,0.6172839506172839,0.0,0.0,1.0,0.6447085179388523,0.9583292296156284,0.5967495962977409,0.8711797185242174,0.5872085,0.8520249999999996,0.007958151400089264,0.020035705529153344,0.03939541056752205,0.060941651463508544
sign/branch,8,2048,0.1,43,1944,0.5342592592592592,0.962854938271605,0.2850546598142403,0.07361111111111111,0.3191482514399181,99.88888888888889,1763.1774691358025,175.76697530864197,7581.425925925926,0.6820987654320988,61723.99074074074,14963.20524691358,8.0,0.6172839506172839,0.0,0.0,1.0,0.6310828030109406,0.8614141959697007,0.5837506614625454,0.7933161687105892,0.574104,0.7785938,0.00800006091594696,0.016725366003811346,0.03841705620288849,0.05440334789454936
sign/branch,8,2048,0.1,44,1944,0.5342592592592593,0.9624537037037035,0.28505220134790604,0.07361111111111111,0.3191482514399181,99.88888888888889,1763.1774691358025,175.7577160493827,7582.941358024691,0.6820987654320988,61715.049382716046,14963.20524691358,8.0,0.6172839506172839,0.0,0.0,1.0,0.6226454861462116,0.7530546281486749,0.577020924538374,0.6982163526117802,0.567437,0.6904043999999999,0.007708091288805008,0.012749806046485901,0.03737490624189377,0.04652233328670262
sign/branch,8,4096,0.0,42,1944,0.546141975308642,0.9989197530864198,0.28754858501274067,0.07376543209876543,0.3228776753082309,99.88888888888889,2700.6913580246915,0.0,13566.027777777777,0.2515432098765432,90039.66049382716,14963.20524691358,8.0,0.6172839506172839,0.0,0.0,1.0,0.9130833204835653,1.3940457487478852,0.8653125260025263,1.3412456959486008,0.862687,1.3323963499999998,0.007791910320520401,0.012958352454006672,0.038374681025743484,0.04849184770137069
sign/branch,8,4096,0.1,42,1944,0.546141975308642,0.9988117283950617,0.28754858501274067,0.07376543209876543,0.3228776753082309,99.88888888888889,2700.6913580246915,270.06635802469134,13583.047839506173,0.2515432098765432,89738.93981481482,14963.20524691358,8.0,0.6172839506172839,0.0,0.0,1.0,0.9515625424683094,1.5537189086899161,0.8978333789855242,1.4690875308588147,0.8936045,1.4607061499999994,0.00837491825222969,0.021487614139914506,0.039791688323020935,0.06083305925130844
sign/branch,8,4096,0.1,43,1944,0.546141975308642,0.998827160493827,0.28754858501274067,0.07376543209876543,0.3228776753082309,99.88888888888889,2700.6913580246915,269.59722222222223,13587.868827160493,0.2515432098765432,89733.04629629629,14963.20524691358,8.0,0.6172839506172839,0.0,0.0,1.0,0.9294163901358843,1.422182936221361,0.8793545421212912,1.361226662993431,0.8766875000000001,1.3523580999999996,0.00795908272266388,0.014695478603243821,0.03854208625853062,0.05103452131152152
sign/branch,8,4096,0.1,44,1944,0.546141975308642,0.9988117283950617,0.28754858501274067,0.07376543209876543,0.3228776753082309,99.88888888888889,2700.6913580246915,269.62808641975306,13586.021604938273,0.2515432098765432,89741.79629629629,14963.20524691358,8.0,0.6172839506172839,0.0,0.0,1.0,0.9417496621608734,1.5214215964078903,0.8908545132726431,1.4533292967826126,0.8856250000000001,1.43827325,0.008415896445512772,0.019529508426785462,0.03816699609160423,0.05764830857515334
sign/branch,16,0,0.0,42,1944,0.6783950617283951,1.0,0.33405890023873375,0.08935185185185186,0.3805875066291733,100.0,4840.260802469136,0.0,24987.202160493827,0.0,148704.66666666666,24989.020061728395,16.0,0.7979938271604938,0.0,0.0,1.0,1.5675215981900692,2.557216840796172,1.5140625182539225,2.499240171164274,1.510292,2.4933606999999998,0.00900006853044033,0.018528732471168034,0.04112487658858299,0.056833820417523384
sign/branch,16,0,0.1,42,1944,0.6783950617283951,1.0,0.33405890023873375,0.08935185185185186,0.3805875066291733,100.0,4840.260802469136,483.5817901234568,24987.202160493827,0.0,148704.66666666666,24989.020061728395,16.0,0.7979938271604938,0.0,0.0,1.0,1.584978774189949,2.612862852402031,1.5268332790583372,2.5449470384046435,1.5225625,2.5356544,0.008999835699796677,0.019708904437720776,0.04095863550901413,0.059404480271041386
sign/branch,16,0,0.1,43,1944,0.6783950617283951,1.0,0.33405890023873375,0.08935185185185186,0.3805875066291733,100.0,4840.260802469136,483.8240740740741,24987.202160493827,0.0,148704.66666666666,24989.020061728395,16.0,0.7979938271604938,0.0,0.0,1.0,1.577374991029501,2.5848938152194023,1.5233748126775026,2.5170484324917197,1.5167915,2.5051999499999997,0.008874805644154549,0.020951870828866955,0.03974977880716324,0.06299389060586691
sign/branch,16,0,0.1,44,1944,0.6783950617283951,1.0,0.33405890023873375,0.08935185185185186,0.3805875066291733,100.0,4840.260802469136,483.8858024691358,24987.202160493827,0.0,148704.66666666666,24989.020061728395,16.0,0.7979938271604938,0.0,0.0,1.0,1.6322708688676357,2.7049002237617965,1.5680831857025623,2.6334188180044293,1.562937,2.62129545,0.010333023965358734,0.02011880278587341,0.04391605034470558,0.061541260220110416
sign/branch,16,16,0.0,42,1944,0.0026234567901234573,0.0038734567901234566,0.005149285120577608,0.001080246913580247,0.0049382716049382715,19.433641975308642,16.0,0.0,20.140432098765434,1.0,396.8811728395062,24989.020061728395,16.0,0.7979938271604938,0.5540123456790124,0.5833333333333334,0.1943364197530864,0.020041363313794136,0.047945557162165635,0.011541880667209625,0.018535018898546692,0.009,0.01595885,0.006582587957382202,0.008082948625087738,0.0007497146725654602,0.021909736096858975
sign/branch,16,16,0.1,42,1944,0.0026234567901234573,0.0037962962962962967,0.005149285120577608,0.001080246913580247,0.0049382716049382715,18.084876543209877,16.0,1.5802469135802468,18.734567901234566,1.0,405.33641975308643,24989.020061728395,16.0,0.7979938271604938,0.5694444444444444,0.6095679012345679,0.18084876543209877,0.019999919459223747,0.04482679069042205,0.011541880667209625,0.017952010966837403,0.009083,0.015493699999999996,0.006375368684530258,0.008159759454429146,0.0006672926247119904,0.019914587028324576
sign/branch,16,16,0.1,43,1944,0.002469135802469136,0.0038117283950617285,0.005149285120577608,0.001080246913580247,0.0049382716049382715,18.15740740740741,16.0,1.5725308641975309,18.72067901234568,1.0,404.7175925925926,24989.020061728395,16.0,0.7979938271604938,0.5709876543209876,0.6095679012345679,0.18157407407407408,0.019958242774009705,0.04595182836055755,0.01170765608549118,0.01824365463107824,0.009166500000000001,0.01575,0.0064997002482414246,0.008082948625087738,0.0007087364792823792,0.02041063271462917
sign/branch,16,16,0.1,44,1944,0.0026234567901234573,0.00382716049382716,0.005149285120577608,0.001080246913580247,0.0049382716049382715,18.40432098765432,16.0,1.5709876543209877,18.98611111111111,1.0,406.1867283950617,24989.020061728395,16.0,0.7979938271604938,0.5694444444444444,0.6033950617283951,0.18404320987654318,0.020124949514865875,0.04395167343318462,0.011582858860492706,0.017993780784308907,0.0091045,0.015493849999999997,0.006375368684530258,0.008125323802232742,0.0007078051567077637,0.019218749366700632
sign/branch,16,32,0.0,42,1944,0.0026234567901234573,0.005030864197530864,0.005149285120577608,0.001080246913580247,0.0049382716049382715,19.487654320987655,31.993827160493826,0.0,20.765432098765434,0.9984567901234568,829.3070987654321,24989.020061728395,16.0,0.7979938271604938,0.5540123456790124,0.5833333333333334,0.19487654320987655,0.023437198251485825,0.05230172537267206,0.014416873455047607,0.022292067296802998,0.01175,0.019284849999999996,0.006500165909528732,0.008542090654373169,0.0007920898497104645,0.021957792341709137
sign/branch,16,32,0.1,42,1944,0.0026234567901234573,0.004953703703703705,0.005149285120577608,0.001080246913580247,0.0049382716049382715,21.853395061728396,31.993827160493826,3.154320987654321,22.973765432098766,0.9984567901234568,835.4907407407408,24989.020061728395,16.0,0.7979938271604938,0.4367283950617284,0.5246913580246914,0.21853395061728398,0.027208123356103897,0.05577923730015754,0.015042023733258247,0.022701686248183247,0.012292,0.019743849999999997,0.006624963134527206,0.008333800360560417,0.005395617336034775,0.025118677876889702
sign/branch,16,32,0.1,43,1944,0.0026234567901234573,0.005030864197530864,0.005149285120577608,0.001080246913580247,0.0049382716049382715,21.632716049382715,31.993827160493826,3.1558641975308643,22.896604938271604,0.9984567901234568,832.570987654321,24989.020061728395,16.0,0.7979938271604938,0.4521604938271605,0.5370370370370371,0.21632716049382714,0.026625115424394608,0.05221248138695953,0.014792196452617645,0.022167270071804523,0.012084,0.019375,0.006500165909528732,0.008250121027231216,0.004917150363326073,0.02261893823742866
sign/branch,16,32,0.1,44,1944,0.0026234567901234573,0.005154320987654321,0.005149285120577608,0.001080246913580247,0.0049382716049382715,21.307098765432098,31.993827160493826,3.140432098765432,22.58179012345679,0.9984567901234568,835.4737654320987,24989.020061728395,16.0,0.7979938271604938,0.4444444444444444,0.5401234567901234,0.213070987654321,0.025374814867973328,0.04765358753502368,0.014083925634622574,0.02058316022157669,0.011458,0.018034849999999998,0.0064158812165260315,0.008250121027231216,0.004770467057824135,0.019195629283785813
sign/branch,16,64,0.0,42,1944,0.004475308641975308,0.008641975308641976,0.007041714727878405,0.001388888888888889,0.006481481481481481,24.72530864197531,63.91358024691358,0.0,27.771604938271604,0.9953703703703703,1692.6003086419753,24989.020061728395,16.0,0.7979938271604938,0.5,0.5200617283950617,0.24725308641975308,0.030521070584654808,0.0610640039667487,0.019458122551441193,0.0280358362942934,0.016375,0.024451849999999997,0.006500165909528732,0.008333008736371994,0.003937631845474243,0.025792047381401062
sign/branch,16,64,0.1,42,1944,0.0038580246913580245,0.008117283950617284,0.006089237409889188,0.001234567901234568,0.005709876543209877,35.489197530864196,63.91358024691358,6.33641975308642,39.34104938271605,0.9953703703703703,1689.5740740740741,24989.020061728395,16.0,0.7979938271604938,0.15432098765432098,0.2993827160493827,0.35489197530864197,0.04027038812637329,0.06683389656245708,0.02158316783607006,0.02979193814098835,0.018417,0.02658385,0.006624963134527206,0.008458271622657776,0.011333031579852104,0.029784929938614365
sign/branch,16,64,0.1,43,1944,0.0038580246913580245,0.00814814814814815,0.007041714727878405,0.001388888888888889,0.006481481481481481,36.0570987654321,63.91358024691358,6.320987654320987,39.949074074074076,0.9953703703703703,1681.0740740740741,24989.020061728395,16.0,0.7979938271604938,0.15895061728395063,0.2993827160493827,0.360570987654321,0.04066643305122852,0.07066675461828709,0.02200016751885414,0.031243916600942608,0.018875,0.027785699999999997,0.006791204214096069,0.008826912380754944,0.011208001524209976,0.031624920666217804
sign/branch,16,64,0.1,44,1944,0.0038580246913580245,0.008024691358024692,0.0060954999242280065,0.001234567901234568,0.005709876543209877,34.583333333333336,63.91358024691358,6.327160493827161,38.285493827160494,0.9953703703703703,1687.6882716049383,24989.020061728395,16.0,0.7979938271604938,0.16203703703703703,0.2978395061728395,0.3458333333333333,0.041603809222579,0.06975361611694095,0.02229074016213417,0.030749943107366562,0.019125,0.02733385,0.006792135536670685,0.009266799315810188,0.011499971151351929,0.03040984738618135
sign/branch,16,128,0.0,42,1944,0.011882716049382716,0.017947530864197533,0.012536549080293976,0.003703703703703704,0.011964552936775159,36.40432098765432,127.61728395061728,0.0,46.92901234567901,0.9953703703703703,3473.151234567901,24989.020061728395,16.0,0.7979938271604938,0.4027777777777778,0.41203703703703703,0.3640432098765432,0.04475004971027374,0.0795348547399044,0.028916867449879646,0.04070904105901718,0.025083,0.0366187,0.006707850843667984,0.008375383913516998,0.009146053344011307,0.032791332341730595
sign/branch,16,128,0.1,42,1944,0.008487654320987654,0.01600308641975309,0.009597446096004523,0.0023148148148148147,0.0084221848110737,64.05864197530865,127.61728395061728,12.742283950617283,83.55555555555556,0.9953703703703703,3420.527777777778,24989.020061728395,16.0,0.7979938271604938,0.016975308641975308,0.07098765432098765,0.6405864197530864,0.06512505933642387,0.08845166303217411,0.03470852971076965,0.046326755546033375,0.0309585,0.04240985,0.006832648068666458,0.008583860471844673,0.022979453206062317,0.03474997356534004
sign/branch,16,128,0.1,43,1944,0.010030864197530864,0.016712962962962964,0.011328576444688354,0.0030864197530864196,0.010292742237186682,65.54938271604938,127.61728395061728,12.725308641975309,84.38117283950618,0.9953703703703703,3410.354938271605,24989.020061728395,16.0,0.7979938271604938,0.012345679012345678,0.06172839506172839,0.655493827160494,0.07047923281788826,0.09635004680603741,0.03750016912817955,0.05062522832304239,0.033458,0.046125,0.0069588422775268555,0.009832903742790222,0.025083310902118683,0.037618819624185555
sign/branch,16,128,0.1,44,1944,0.009722222222222224,0.016296296296296295,0.012128787134729303,0.0033950617283950617,0.010807145529367752,64.16820987654322,127.61728395061728,12.708333333333334,82.99382716049382,0.9953703703703703,3418.7438271604938,24989.020061728395,16.0,0.7979938271604938,0.020061728395061727,0.05864197530864197,0.6416820987654321,0.06739562377333641,0.09108367376029491,0.03591692075133324,0.04827314987778662,0.032042,0.044148249999999986,0.006832648068666458,0.00874977558851242,0.0238749198615551,0.035417196340858936
sign/branch,16,256,0.0,42,1944,0.07222222222222222,0.09083333333333334,0.06038026367429443,0.014506172839506174,0.06273983218427662,63.00925925925926,255.02006172839506,0.0,162.78240740740742,0.9938271604938271,7333.600308641975,24989.020061728395,16.0,0.7979938271604938,0.19444444444444445,0.19598765432098766,0.6300925925925925,0.08689612150192261,0.14130163472145793,0.05324976518750191,0.09716046042740345,0.047834,0.09300449999999998,0.006790738552808762,0.008624978363513947,0.026771100237965584,0.03699383232742547
sign/branch,16,256,0.1,42,1944,0.0566358024691358,0.07401234567901234,0.04760569479886863,0.011728395061728396,0.05077995564106676,93.8858024691358,255.02006172839506,25.387345679012345,235.53858024691357,0.9938271604938271,7106.891975308642,24989.020061728395,16.0,0.7979938271604938,0.0,0.004629629629629629,0.9388580246913579,0.10733306407928467,0.1711062155663967,0.06620818749070168,0.11429348960518831,0.060917,0.10596249999999997,0.006875023245811462,0.013375189155340195,0.03358302637934685,0.04998727235943078
sign/branch,16,256,0.1,43,1944,0.05694444444444444,0.07442901234567902,0.04651102069188877,0.011574074074074073,0.04923674576452355,94.47839506172839,255.02006172839506,25.444444444444443,238.19444444444446,0.9938271604938271,7093.316358024691,24989.020061728395,16.0,0.7979938271604938,0.0,0.0015432098765432098,0.9447839506172839,0.11008279398083687,0.17418928910046816,0.06854161620140076,0.11501032859086989,0.063041,0.10816685,0.007082708179950714,0.013292231597006321,0.03350013867020607,0.04520171787589788
sign/branch,16,256,0.1,44,1944,0.05771604938271605,0.0735648148148148,0.04530288831975596,0.011265432098765434,0.04743633424188979,93.92901234567901,255.02006172839506,25.348765432098766,233.80246913580248,0.9938271604938271,7100.731481481482,24989.020061728395,16.0,0.7979938271604938,0.0,0.0,0.9392901234567901,0.1040829811245203,0.1377918291836977,0.06393739022314548,0.09511592797935006,0.0587705,0.09035624999999999,0.006792135536670685,0.008665956556797028,0.03283307887613773,0.03778459504246711
sign/branch,16,512,0.0,42,1944,0.4223765432098765,0.47072530864197526,0.2489091954146039,0.06311728395061729,0.269582526526971,98.3070987654321,509.0432098765432,0.0,992.0277777777778,0.9891975308641975,16124.489197530864,24989.020061728395,16.0,0.7979938271604938,0.004629629629629629,0.004629629629629629,0.983070987654321,0.18858304247260094,0.23726667277514932,0.14604185707867146,0.19011266995221376,0.1397085,0.18420185,0.007000286132097244,0.009167008101940155,0.03470899537205696,0.04045804962515831
sign/branch,16,512,0.1,42,1944,0.3666666666666667,0.41268518518518515,0.2270948012088234,0.05555555555555555,0.24267556003667115,100.0,509.0432098765432,50.973765432098766,1040.7654320987654,0.9891975308641975,15493.501543209877,24989.020061728395,16.0,0.7979938271604938,0.0,0.0,1.0,0.2052921336144209,0.27683582156896586,0.16087479889392853,0.22221866529434917,0.154396,0.21427325,0.0072498805820941925,0.012587499804794766,0.03616604954004288,0.047689932398498044
sign/branch,16,512,0.1,43,1944,0.36234567901234566,0.41104938271604935,0.2239272295868068,0.05447530864197531,0.2415787787315565,100.0,509.0432098765432,50.95216049382716,1045.70987654321,0.9891975308641975,15484.16975308642,24989.020061728395,16.0,0.7979938271604938,0.0,0.0,1.0,0.18147914670407772,0.24157764855772257,0.13993773609399796,0.19469624385237694,0.13389600000000002,0.18895004999999998,0.006791204214096069,0.009084120392799377,0.03402051515877247,0.04041700158268213
sign/branch,16,512,0.1,44,1944,0.36311728395061726,0.41162037037037036,0.22808478484620437,0.05601851851851852,0.2452714595075706,100.0,509.0432098765432,50.842592592592595,1040.8225308641975,0.9891975308641975,15487.032407407407,24989.020061728395,16.0,0.7979938271604938,0.0,0.0,1.0,0.19366666674613953,0.2730732550844549,0.1508123241364956,0.21668758708983657,0.144896,0.20872944999999996,0.007082708179950714,0.011891731992363914,0.0349581241607666,0.04489135462790726
sign/branch,16,1024,0.0,42,1944,0.6007716049382715,0.7504938271604938,0.3165256696510361,0.08503086419753086,0.3591025957924106,100.0,1011.0570987654321,0.0,3118.412037037037,0.9722222222222222,34032.25771604938,24989.020061728395,16.0,0.7979938271604938,0.0,0.0,1.0,0.3442913293838501,0.4305517999455331,0.29939599335193634,0.3753794124349952,0.29052100000000003,0.36357759999999995,0.007417052984237671,0.01215972006320953,0.03645801916718483,0.04537496715784073
sign/branch,16,1024,0.1,42,1944,0.5989197530864196,0.7429783950617284,0.3163430024746207,0.0845679012345679,0.3582795505249209,100.0,1011.0570987654321,100.9753086419753,3255.033950617284,0.9722222222222222,32705.60648148148,24989.020061728395,16.0,0.7979938271604938,0.0,0.0,1.0,0.341958599165082,0.41927027050405735,0.29787514358758926,0.3664689604192972,0.2895835,0.35462864999999993,0.007291790097951889,0.012070941738784306,0.03558304160833359,0.04352875985205173
sign/branch,16,1024,0.1,43,1944,0.5989197530864198,0.742716049382716,0.3146710954229992,0.08456790123456791,0.3574565052574312,100.0,1011.0570987654321,101.06944444444444,3255.3904320987654,0.9722222222222222,32692.33487654321,24989.020061728395,16.0,0.7979938271604938,0.0,0.0,1.0,0.3431455697864294,0.41180888656526804,0.29908400028944016,0.3616407513618469,0.29093749999999996,0.352042,0.007292255759239197,0.011083204299211502,0.03566686064004898,0.04382655024528503
sign/branch,16,1024,0.1,44,1944,0.5995370370370371,0.7431635802469136,0.3156152862158909,0.08472222222222223,0.35789374805578505,100.0,1011.0570987654321,100.91820987654322,3254.1003086419755,0.9722222222222222,32690.9737654321,24989.020061728395,16.0,0.7979938271604938,0.0,0.0,1.0,0.35833357833325863,0.44233398512005806,0.3131453413516283,0.3869034117087722,0.3043955,0.37595005,0.007458031177520752,0.01291697844862938,0.036957673728466034,0.04729209467768669
sign/branch,16,2048,0.0,42,1944,0.6481481481481481,0.8929938271604938,0.3294741210820347,0.08873456790123457,0.37427749291175216,100.0,1972.7175925925926,0.0,7132.992283950617,0.8966049382716049,69118.72530864198,24989.020061728395,16.0,0.7979938271604938,0.0,0.0,1.0,0.6132288835942745,0.7801282219588757,0.5660625174641609,0.7149581797420979,0.5530415,0.70107325,0.0077500008046627045,0.015000277198851109,0.03766641020774841,0.04977958742529153
sign/branch,16,2048,0.1,42,1944,0.6478395061728396,0.8885185185185185,0.32901779206090975,0.08842592592592591,0.37435465340557933,100.0,1972.7175925925926,197.04320987654322,7353.686728395061,0.8966049382716049,67092.16666666667,24989.020061728395,16.0,0.7979938271604938,0.0,0.0,1.0,0.6361664272844791,0.7590998895466328,0.589604489505291,0.7059521274641156,0.5771875,0.69339015,0.0077500008046627045,0.0122919213026762,0.037999823689460754,0.046660425141453736
sign/branch,16,2048,0.1,43,1944,0.6492283950617284,0.8891358024691358,0.32888044536987293,0.08858024691358025,0.3743375066291733,100.0,1972.7175925925926,196.79320987654322,7359.20987654321,0.8966049382716049,67087.92129629629,24989.020061728395,16.0,0.7979938271604938,0.0,0.0,1.0,0.6127920933067799,0.7420623442158103,0.5669374950230122,0.6885019596666098,0.5551045,0.6736411,0.007667113095521927,0.011916272342205048,0.036582816392183304,0.04532691091299056
sign/branch,16,2048,0.1,44,1944,0.6487654320987655,0.8893055555555556,0.32771424640943636,0.08811728395061728,0.3720398385907645,100.0,1972.7175925925926,196.83179012345678,7360.222222222223,0.8966049382716049,67093.81327160494,24989.020061728395,16.0,0.7979938271604938,0.0,0.0,1.0,0.6331871263682842,0.8269186131656169,0.5875211209058762,0.7596184965223072,0.5746045,0.7381232499999999,0.007833819836378098,0.017202692106366154,0.03804173320531845,0.052606128156185136
sign/branch,16,4096,0.0,42,1944,0.675,0.987175925925926,0.3340699591482646,0.08935185185185185,0.38071610745221857,100.0,3564.578703703704,0.0,16405.987654320987,0.6358024691358025,118742.88425925926,24989.020061728395,16.0,0.7979938271604938,0.0,0.0,1.0,1.2680627405643463,1.6521628480404613,1.2149373069405556,1.5667169587686658,1.199208,1.54366605,0.009541865438222885,0.020891963504254804,0.04289555363357067,0.06195155438035726
sign/branch,16,4096,0.1,42,1944,0.6751543209876543,0.9863117283950616,0.3340807237917219,0.08935185185185185,0.38071610745221857,100.0,3564.578703703704,356.3441358024691,16487.203703703704,0.6358024691358025,117440.36728395062,24989.020061728395,16.0,0.7979938271604938,0.0,0.0,1.0,1.2433337979018688,1.6136232763528824,1.1930624023079872,1.5341248363256452,1.179417,1.5129222999999998,0.00870879739522934,0.02017118968069551,0.040916260331869125,0.062106084078550325
sign/branch,16,4096,0.1,43,1944,0.6746913580246913,0.9862037037037037,0.3340699591482646,0.08935185185185185,0.38071610745221857,100.0,3564.578703703704,356.26234567901236,16490.765432098764,0.6358024691358025,117434.86574074074,24989.020061728395,16.0,0.7979938271604938,0.0,0.0,1.0,1.2521459721028805,1.5083795646205544,1.1996047105640173,1.4479229459539054,1.1854369999999999,1.4283624,0.008833128958940506,0.016417354345321655,0.04077097401022911,0.05374373868107795
sign/branch,16,4096,0.1,44,1944,0.6754629629629629,0.9862808641975308,0.3340699591482646,0.08935185185185185,0.38071610745221857,100.0,3564.578703703704,356.2716049382716,16487.555555555555,0.6358024691358025,117430.43055555556,24989.020061728395,16.0,0.7979938271604938,0.0,0.0,1.0,1.2717710342258215,1.5339890262112017,1.2208130210638046,1.4641558984294534,1.2067505,1.4489589499999997,0.009083887562155724,0.017648260109126557,0.042083440348505974,0.056868861429393285
sign/branch,32,0,0.0,42,1944,0.7617283950617285,1.0,0.35195445340239756,0.09583333333333334,0.40688321880451506,100.0,7252.195987654321,0.0,37459.52160493827,0.0,206255.5601851852,37465.91358024691,32.0,0.9271604938271606,0.0,0.0,1.0,2.413771115243435,3.368695406243205,2.353895688429475,3.2889654394239187,2.3442084999999997,3.2726482,0.01095794141292572,0.023243855684995648,0.04462478682398796,0.06520205643028021
sign/branch,32,0,0.1,42,1944,0.7617283950617285,1.0,0.35195445340239756,0.09583333333333334,0.40688321880451506,100.0,7252.195987654321,724.6481481481482,37459.52160493827,0.0,206255.5601851852,37465.91358024691,32.0,0.9271604938271606,0.0,0.0,1.0,2.4568545632064342,3.383535658940673,2.397896023467183,3.320137597620487,2.3911875,3.30980625,0.011000316590070724,0.023243715986609455,0.04433421418070793,0.0650421716272831
sign/branch,32,0,0.1,43,1944,0.7617283950617285,1.0,0.35195445340239756,0.09583333333333334,0.40688321880451506,100.0,7252.195987654321,724.5138888888889,37459.52160493827,0.0,206255.5601851852,37465.91358024691,32.0,0.9271604938271606,0.0,0.0,1.0,2.474874956533313,3.3936464460566635,2.4180205073207617,3.318384732119739,2.4110005,3.30599565,0.011791940778493881,0.023279874585568898,0.04570791497826576,0.06557665765285492
sign/branch,32,0,0.1,44,1944,0.7617283950617285,1.0,0.35195445340239756,0.09583333333333334,0.40688321880451506,100.0,7252.195987654321,725.3132716049382,37459.52160493827,0.0,206255.5601851852,37465.91358024691,32.0,0.9271604938271606,0.0,0.0,1.0,2.6135831139981747,3.766467119567096,2.545249881222844,3.6703560734167695,2.5316454999999998,3.646633149999999,0.014104647561907768,0.02919642720371484,0.05095871165394783,0.07511891890317202
sign/branch,32,16,0.0,42,1944,0.0026234567901234573,0.001851851851851852,0.005149285120577608,0.001080246913580247,0.0049382716049382715,19.433641975308642,16.0,0.0,20.140432098765434,1.0,396.8811728395062,37465.91358024691,32.0,0.9271604938271606,0.5540123456790124,0.5833333333333334,0.1943364197530864,0.021374784409999847,0.048368866555392735,0.012916512787342072,0.01979186199605465,0.009542,0.016493849999999997,0.0064997002482414246,0.008034892380237576,0.0007497146725654602,0.021618697792291638
sign/branch,32,16,0.1,42,1944,0.0026234567901234573,0.0018672839506172839,0.005156840270646052,0.001080246913580247,0.0049382716049382715,19.483024691358025,16.0,1.5740740740740742,20.34259259259259,1.0,397.97222222222223,37465.91358024691,32.0,0.9271604938271606,0.5185185185185185,0.5740740740740741,0.19483024691358025,0.022666994482278824,0.04879184998571873,0.013042241334915161,0.01986860297620296,0.0097915,0.016576699999999996,0.006541144102811813,0.00824357848614454,0.000833999365568161,0.02174375113099813
sign/branch,32,16,0.1,43,1944,0.0023148148148148147,0.0017746913580246912,0.005149285120577608,0.001080246913580247,0.0049382716049382715,19.487654320987655,16.0,1.5740740740740742,20.10185185185185,1.0,396.6975308641975,37465.91358024691,32.0,0.9271604938271606,0.5262345679012346,0.5679012345679012,0.19487654320987652,0.022166408598423004,0.045410590246319764,0.012834090739488602,0.01933285966515541,0.009584,0.016159849999999996,0.006416346877813339,0.008207745850086212,0.0007501803338527679,0.018583075143396854
sign/branch,32,16,0.1,44,1944,0.0026234567901234573,0.0018981481481481484,0.005873480685427541,0.001234567901234568,0.005452674897119342,19.739197530864196,16.0,1.5679012345679013,20.51388888888889,1.0,396.3240740740741,37465.91358024691,32.0,0.9271604938271606,0.5200617283950617,0.5679012345679012,0.197391975308642,0.022854655981063843,0.047208601608872414,0.012999866157770157,0.019541941583156586,0.009708,0.016237549999999993,0.006457790732383728,0.008292030543088913,0.0007920898497104645,0.02065950538963079
sign/branch,32,32,0.0,42,1944,0.0038580246913580245,0.0034413580246913577,0.00728667452225512,0.0015432098765432098,0.006481481481481481,53.59413580246913,32.0,0.0,65.37191358024691,1.0,596.8780864197531,37465.91358024691,32.0,0.9271604938271606,0.2006172839506173,0.2175925925925926,0.5359413580246913,0.03781262785196304,0.054368656128644936,0.0177919864654541,0.025945389643311494,0.014583,0.022667,0.006624963134527206,0.008292030543088913,0.013062497600913048,0.023320456966757767
sign/branch,32,32,0.1,42,1944,0.003703703703703704,0.003395061728395062,0.00728667452225512,0.0015432098765432098,0.006481481481481481,50.31172839506173,32.0,3.146604938271605,60.78395061728395,1.0,617.8595679012345,37465.91358024691,32.0,0.9271604938271606,0.22839506172839505,0.24382716049382716,0.5031172839506173,0.037084100767970085,0.055416952818632126,0.017832964658737183,0.02603542525321245,0.0145,0.022792,0.006583984941244125,0.008415896445512772,0.012124888598918915,0.023125135339796543
sign/branch,32,32,0.1,43,1944,0.003703703703703704,0.0033796296296296296,0.00728667452225512,0.0015432098765432098,0.006481481481481481,50.51234567901235,32.0,3.140432098765432,60.489197530864196,1.0,621.7515432098766,37465.91358024691,32.0,0.9271604938271606,0.22376543209876543,0.24382716049382716,0.5051234567901235,0.03589596599340439,0.05202940665185451,0.017541460692882538,0.02499367110431194,0.014292,0.021660699999999995,0.006542075425386429,0.008333800360560417,0.011291122063994408,0.02091703936457634
sign/branch,32,32,0.1,44,1944,0.003703703703703704,0.003395061728395062,0.00728667452225512,0.0015432098765432098,0.006481481481481481,50.16358024691358,32.0,3.1358024691358026,60.50925925925926,1.0,616.5293209876543,37465.91358024691,32.0,0.9271604938271606,0.22993827160493827,0.24691358024691357,0.5016358024691359,0.035603996366262436,0.05278573371469974,0.017374753952026367,0.02507669851183891,0.014083,0.021659849999999998,0.006583984941244125,0.008500181138515472,0.011125113815069199,0.021403329446911805
sign/branch,32,64,0.0,42,1944,0.0038580246913580245,0.004320987654320988,0.00728667452225512,0.0015432098765432098,0.006481481481481481,53.6712962962963,64.0,0.0,66.77777777777777,1.0,1320.932098765432,37465.91358024691,32.0,0.9271604938271606,0.2006172839506173,0.2175925925925926,0.5367129629629629,0.04268740303814411,0.06227875128388404,0.02243742346763611,0.031446106731891625,0.018667,0.027625,0.006707850843667984,0.008541624993085861,0.013041077181696892,0.02429161686450243
sign/branch,32,64,0.1,42,1944,0.0038580246913580245,0.004104938271604939,0.00728667452225512,0.0015432098765432098,0.006481481481481481,57.208333333333336,64.0,6.325617283950617,72.12345679012346,1.0,1316.3935185185185,37465.91358024691,32.0,0.9271604938271606,0.12808641975308643,0.1712962962962963,0.5720833333333334,0.04616705700755119,0.06432682275772095,0.023667002096772194,0.03299387171864509,0.019958,0.029202699999999995,0.006667338311672211,0.008416827768087387,0.015395693480968475,0.025624874979257584
sign/branch,32,64,0.1,43,1944,0.0038580246913580245,0.004135802469135802,0.00728667452225512,0.0015432098765432098,0.006481481481481481,57.339506172839506,64.0,6.339506172839506,71.88425925925925,1.0,1316.9027777777778,37465.91358024691,32.0,0.9271604938271606,0.14969135802469136,0.18055555555555555,0.5733950617283949,0.046958448365330696,0.06604234222322702,0.023792032152414322,0.033084163442254066,0.020084,0.02924385,0.006708316504955292,0.008499715477228165,0.015750061720609665,0.02707696985453367
sign/branch,32,64,0.1,44,1944,0.0038580246913580245,0.004320987654320988,0.00728667452225512,0.0015432098765432098,0.006481481481481481,56.851851851851855,64.0,6.344135802469136,71.82407407407408,1.0,1317.2222222222222,37465.91358024691,32.0,0.9271604938271606,0.13734567901234568,0.17746913580246915,0.5685185185185185,0.046292319893836975,0.0652784015983343,0.023645581677556038,0.03320202231407165,0.02,0.029208849999999998,0.006707850843667984,0.00837491825222969,0.015416881069540977,0.026785931549966332
sign/branch,32,128,0.0,42,1944,0.006635802469135803,0.0075925925925925935,0.009554079963648264,0.002006172839506173,0.00853909465020576,62.46141975308642,127.92438271604938,0.0,86.16820987654322,0.9984567901234568,2740.135802469136,37465.91358024691,32.0,0.9271604938271606,0.15895061728395063,0.16820987654320987,0.6246141975308642,0.055937329307198524,0.07632481865584848,0.03224983811378479,0.04319653380662202,0.027875,0.038667,0.006666872650384903,0.008417223580181599,0.01637497916817665,0.027826754376292225
sign/branch,32,128,0.1,42,1944,0.005864197530864197,0.006913580246913581,0.009554079963648264,0.002006172839506173,0.00853909465020576,74.93055555555556,127.92438271604938,12.729938271604938,109.76543209876543,0.9984567901234568,2713.9814814814813,37465.91358024691,32.0,0.9271604938271606,0.016975308641975308,0.05092592592592592,0.7493055555555556,0.06737513467669487,0.08520195260643959,0.036750221624970436,0.048577412962913506,0.032354,0.044076849999999994,0.006792135536670685,0.00858306884765625,0.022416934370994568,0.032667070627212524
sign/branch,32,128,0.1,43,1944,0.0060185185185185185,0.007253086419753087,0.009554079963648264,0.002006172839506173,0.00853909465020576,74.33024691358025,127.92438271604938,12.765432098765432,109.34104938271605,0.9984567901234568,2710.5324074074074,37465.91358024691,32.0,0.9271604938271606,0.021604938271604937,0.06944444444444445,0.7433024691358024,0.06958306767046452,0.08836870547384024,0.03783358260989189,0.04949371796101331,0.033292,0.04475,0.006833113729953766,0.008583860471844673,0.023250002413988113,0.03336858935654163
sign/branch,32,128,0.1,44,1944,0.006172839506172839,0.007175925925925926,0.009554079963648264,0.002006172839506173,0.00853909465020576,75.67438271604938,127.92438271604938,12.692901234567902,109.5925925925926,0.9984567901234568,2708.645061728395,37465.91358024691,32.0,0.9271604938271606,0.018518518518518517,0.04938271604938271,0.7567438271604939,0.06881263107061386,0.08798730559647082,0.03758305683732033,0.04910621792078017,0.033167,0.04417679999999998,0.006875023245811462,0.009167008101940155,0.02291589044034481,0.032987585291266434
sign/branch,32,256,0.0,42,1944,0.018981481481481485,0.019722222222222224,0.01577564084796786,0.004938271604938272,0.015978735770402437,76.23302469135803,255.72685185185185,0.0,143.179012345679,0.9984567901234568,5713.783950617284,37465.91358024691,32.0,0.9271604938271606,0.09876543209876543,0.10185185185185185,0.7623302469135803,0.08910405449569225,0.12426578905433415,0.05687493830919266,0.07920002099126575,0.0507295,0.07186884999999998,0.006875023245811462,0.008999835699796677,0.024416483938694,0.03595869056880474
sign/branch,32,256,0.1,42,1944,0.016512345679012348,0.0170679012345679,0.014460954971437154,0.004475308641975308,0.014049723424723425,94.54166666666667,255.72685185185185,25.40277777777778,215.34413580246914,0.9984567901234568,5601.847222222223,37465.91358024691,32.0,0.9271604938271606,0.0,0.0015432098765432098,0.9454166666666666,0.10245805606245995,0.12415822129696605,0.06475020200014114,0.081391679123044,0.058875,0.074875,0.0069160014390945435,0.008708261884748936,0.03022933378815651,0.03629177808761597
sign/branch,32,256,0.1,43,1944,0.01682098765432099,0.017361111111111112,0.015407169775087553,0.004629629629629629,0.01482132836299503,94.66358024691358,255.72685185185185,25.49074074074074,214.83487654320987,0.9984567901234568,5602.058641975309,37465.91358024691,32.0,0.9271604938271606,0.0015432098765432098,0.0030864197530864196,0.9466358024691358,0.10127038694918156,0.13824389316141605,0.06395787931978703,0.08722501806914805,0.058083,0.0799464,0.006875023245811462,0.01037493348121643,0.03002048470079899,0.04003546200692653
sign/branch,32,256,0.1,44,1944,0.01589506172839506,0.017098765432098765,0.014522096421174082,0.004629629629629629,0.01430692507081396,94.97839506172839,255.72685185185185,25.41820987654321,216.05092592592592,0.9984567901234568,5591.733024691358,37465.91358024691,32.0,0.9271604938271606,0.0,0.0030864197530864196,0.949783950617284,0.09979121387004852,0.12785017024725673,0.06316741928458214,0.08307700045406818,0.057333,0.07700979999999998,0.006833113729953766,0.008999835699796677,0.029540620744228363,0.03733392804861069
sign/branch,32,512,0.0,42,1944,0.14891975308641975,0.14384259259259258,0.10825894117837831,0.026080246913580248,0.11677422371866816,93.54166666666667,511.0262345679012,0.0,479.61574074074076,0.9953703703703703,12778.348765432098,37465.91358024691,32.0,0.9271604938271606,0.020061728395061727,0.020061728395061727,0.9354166666666668,0.15456229448318481,0.24549413938075304,0.11197896674275398,0.1995161175727844,0.10275,0.19089825,0.007000286132097244,0.00986852683126926,0.034040771424770355,0.04097481723874806
sign/branch,32,512,0.1,42,1944,0.11373456790123458,0.11194444444444444,0.08288738790675593,0.020524691358024694,0.08959903265458821,99.99228395061728,511.0262345679012,51.07253086419753,607.7592592592592,0.9953703703703703,12237.104938271605,37465.91358024691,32.0,0.9271604938271606,0.0,0.0,0.9999228395061728,0.16929209232330322,0.24996881838887927,0.12620864436030388,0.19996261689811942,0.1175,0.18998574999999995,0.007166992872953415,0.011084065772593021,0.03474997356534004,0.04304179456084967
sign/branch,32,512,0.1,43,1944,0.11219135802469136,0.11137345679012345,0.07987381604572125,0.02021604938271605,0.08607537010314788,99.95370370370371,511.0262345679012,51.111111111111114,605.7283950617284,0.9953703703703703,12232.807098765432,37465.91358024691,32.0,0.9271604938271606,0.0,0.0,0.999537037037037,0.16385409981012344,0.23785007651895282,0.12187520042061806,0.19099353812634945,0.11356250000000001,0.1825644,0.007041264325380325,0.009666918776929379,0.03416603431105614,0.041076680645346635
sign/branch,32,512,0.1,44,1944,0.11311728395061728,0.1116820987654321,0.08396200524596974,0.0212962962962963,0.09127084335417669,99.98302469135803,511.0262345679012,51.08641975308642,609.9645061728395,0.9953703703703703,12225.592592592593,37465.91358024691,32.0,0.9271604938271606,0.0,0.0,0.9998302469135802,0.15435414388775826,0.21611072588711974,0.11447956785559654,0.1718269195407629,0.1063125,0.16580794999999998,0.006707850843667984,0.008500111289322376,0.03285449929535389,0.038291653618216515
sign/branch,32,1024,0.0,42,1944,0.6070987654320988,0.6276234567901234,0.3135654042401314,0.08364197530864198,0.3541287116518598,99.93981481481481,1020.6558641975308,0.0,2484.8395061728397,0.9953703703703703,29680.57561728395,37465.91358024691,32.0,0.9271604938271606,0.0,0.0,0.9993981481481481,0.3460210282355547,0.4519375972449779,0.30070869252085686,0.39382807444781065,0.289896,0.3794731499999999,0.00762520357966423,0.013826647773385044,0.03681262023746967,0.047785462811589234
sign/branch,32,1024,0.1,42,1944,0.5685185185185185,0.5810956790123457,0.2977248223060838,0.079320987654321,0.33669307801252246,100.0,1020.6558641975308,101.93518518518519,2577.5,0.9953703703703703,28300.14197530864,37465.91358024691,32.0,0.9271604938271606,0.0,0.0,1.0,0.34483359195291996,0.4288779571652412,0.2998535055667162,0.3754393197596073,0.2895835,0.3635767,0.0075409188866615295,0.012153433635830872,0.03624986857175827,0.0452025095000863
sign/branch,32,1024,0.1,43,1944,0.5679012345679012,0.582037037037037,0.2985888924102479,0.07916666666666666,0.3353765447515447,100.0,1020.6558641975308,101.9753086419753,2575.8873456790125,0.9953703703703703,28291.373456790123,37465.91358024691,32.0,0.9271604938271606,0.0,0.0,1.0,0.3589796833693981,0.6588560529053209,0.31333346851170063,0.567397847771644,0.30256249999999996,0.5305670499999998,0.007791910320520401,0.020999927073717117,0.03737490624189377,0.0701626762747764
sign/branch,32,1024,0.1,44,1944,0.5706790123456791,0.5815432098765432,0.30045155383970773,0.08040123456790124,0.33836192100080986,100.0,1020.6558641975308,101.97839506172839,2579.128086419753,0.9953703703703703,28274.668209876545,37465.91358024691,32.0,0.9271604938271606,0.0,0.0,1.0,0.33858371898531914,0.4273276077583432,0.29460457153618336,0.37470911629498005,0.28429150000000003,0.36209379999999997,0.007458031177520752,0.011834106408059597,0.035750214010477066,0.04420895129442215
sign/branch,32,2048,0.0,42,1944,0.7006172839506173,0.8053086419753086,0.3447297725450144,0.09367283950617285,0.3951952411443152,100.0,2035.9243827160494,0.0,6552.567901234568,0.9814814814814815,64788.956790123455,37465.91358024691,32.0,0.9271604938271606,0.0,0.0,1.0,0.6255831103771925,0.7518876111134886,0.5781881045550108,0.6934794364497066,0.5623955,0.6750938,0.00793742947280407,0.013284757733345028,0.03837514668703079,0.047625042498111725
sign/branch,32,2048,0.1,42,1944,0.6993827160493826,0.8042283950617284,0.34600777023100143,0.09382716049382717,0.3967384510208584,100.0,2035.9243827160494,203.26543209876544,6867.229938271605,0.9814814814814815,62184.68672839506,37465.91358024691,32.0,0.9271604938271606,0.0,0.0,1.0,0.6461665034294128,0.7908771280199286,0.5984161980450153,0.7273410446941851,0.5836875,0.7070295499999999,0.008041970431804657,0.016016955487430082,0.03862520679831505,0.05127843469381332
sign/branch,32,2048,0.1,43,1944,0.7007716049382716,0.8033333333333332,0.3436650802170498,0.09367283950617285,0.3944236362060436,100.0,2035.9243827160494,203.3395061728395,6862.853395061728,0.9814814814814815,62219.19135802469,37465.91358024691,32.0,0.9271604938271606,0.0,0.0,1.0,0.6565414369106293,0.8218847680836916,0.6075827404856682,0.7561125326901673,0.592271,0.73881875,0.008207745850086212,0.016625039279460907,0.039165839552879333,0.05153503734618425
sign/branch,32,2048,0.1,44,1944,0.6979938271604939,0.8024228395061729,0.3436557315958613,0.0933641975308642,0.3928804263295004,100.0,2035.9243827160494,203.2006172839506,6862.304012345679,0.9814814814814815,62203.503086419754,37465.91358024691,32.0,0.9271604938271606,0.0,0.0,1.0,0.6125001236796379,0.7343171397224068,0.5660001188516617,0.6812792271375656,0.551417,0.66368745,0.0075837597250938416,0.011667143553495407,0.03700004890561104,0.045417132787406445
sign/branch,32,4096,0.0,42,1944,0.7478395061728396,0.9517592592592594,0.3515525253120332,0.09629629629629631,0.40724330110904183,100.0,3992.4228395061727,0.0,16071.087962962964,0.9089506172839507,128002.74691358025,37465.91358024691,32.0,0.9271604938271606,0.0,0.0,1.0,1.3257293030619621,1.669466821476817,1.268249936401844,1.5897209988906977,1.244125,1.5574937,0.01072930172085762,0.022362591698765748,0.044958898797631264,0.0630777794867754
sign/branch,32,4096,0.1,42,1944,0.7452160493827161,0.9475771604938272,0.35048831555556453,0.0962962962962963,0.40608589370163445,100.0,3992.4228395061727,399.2546296296296,16308.237654320988,0.9089506172839507,125425.64197530864,37465.91358024691,32.0,0.9271604938271606,0.0,0.0,1.0,1.246979460120201,1.4987912727519868,1.1956878006458282,1.432972820475697,1.175875,1.41243295,0.00879121944308281,0.01645158044993877,0.041291117668151855,0.0539169879630208
sign/branch,32,4096,0.1,43,1944,0.7459876543209877,0.947746913580247,0.3511944784801893,0.09645061728395062,0.4076291035781777,100.0,3992.4228395061727,399.35185185185185,16309.837962962964,0.9089506172839507,125438.31944444444,37465.91358024691,32.0,0.9271604938271606,0.0,0.0,1.0,1.256186980754137,1.477000000886619,1.2035835534334183,1.4155520824715495,1.1833535,1.3945169499999999,0.008875038474798203,0.0157439149916172,0.04141731187701225,0.05261895712465047
sign/branch,32,4096,0.1,44,1944,0.7459876543209878,0.9472685185185186,0.3505385192847479,0.0962962962962963,0.40608589370163445,100.0,3992.4228395061727,399.28858024691357,16312.952160493827,0.9089506172839507,125461.40895061729,37465.91358024691,32.0,0.9271604938271606,0.0,0.0,1.0,1.2691456358879805,1.5681313816457985,1.2173124123364687,1.4996040146797893,1.196021,1.4725330999999997,0.009416136890649796,0.01819538883864879,0.04220893606543541,0.05737505853176117
sign/branch,64,0,0.0,42,1944,0.7979938271604938,1.0,0.3587062424747039,0.09814814814814815,0.4153280061844877,100.0,9812.655864197532,0.0,50681.61111111111,0.0,256257.4799382716,50700.904320987655,64.0,0.9890432098765433,0.0,0.0,1.0,3.178312676027417,3.8767810445278883,3.1149170827120543,3.7909333826974034,3.105188,3.7721188,0.01295795664191246,0.024558254517614828,0.047833193093538284,0.06774370558559895
sign/branch,64,0,0.1,42,1944,0.7979938271604938,1.0,0.3587062424747039,0.09814814814814815,0.4153280061844877,100.0,9812.655864197532,979.6836419753087,50681.61111111111,0.0,256257.4799382716,50700.904320987655,64.0,0.9890432098765433,0.0,0.0,1.0,3.3153335098177195,4.26207329146564,3.244374878704548,4.16136251296848,3.2330205000000003,4.13627765,0.015624798834323883,0.029070442542433732,0.05362485535442829,0.07466678507626057
sign/branch,64,0,0.1,43,1944,0.7979938271604938,1.0,0.3587062424747039,0.09814814814814815,0.4153280061844877,100.0,9812.655864197532,979.1373456790124,50681.61111111111,0.0,256257.4799382716,50700.904320987655,64.0,0.9890432098765433,0.0,0.0,1.0,3.3953958190977573,4.632833157666027,3.3241459168493748,4.520293441601096,3.3079165,4.488981299999999,0.016709091141819954,0.03183307126164436,0.05499972030520439,0.07865373045206069
sign/branch,64,0,0.1,44,1944,0.7979938271604938,1.0,0.3587062424747039,0.09814814814814815,0.4153280061844877,100.0,9812.655864197532,979.304012345679,50681.61111111111,0.0,256257.4799382716,50700.904320987655,64.0,0.9890432098765433,0.0,0.0,1.0,3.362333169206977,4.210141976363956,3.2846874091774225,4.107623384334146,3.2738750000000003,4.093382999999998,0.016541453078389168,0.028820778243243687,0.05462532863020897,0.07583373226225376
sign/branch,64,16,0.0,42,1944,0.0026234567901234573,0.0011728395061728397,0.005149285120577608,0.001080246913580247,0.0049382716049382715,19.433641975308642,16.0,0.0,20.140432098765434,1.0,396.8811728395062,50700.904320987655,64.0,0.9890432098765433,0.5540123456790124,0.5833333333333334,0.1943364197530864,0.023792032152414322,0.050016748718917356,0.015124678611755371,0.022165942937135696,0.010292,0.017118849999999998,0.006542075425386429,0.008207745850086212,0.0007497146725654602,0.021035620011389252
sign/branch,64,16,0.1,42,1944,0.0026234567901234573,0.0011574074074074073,0.005149285120577608,0.001080246913580247,0.0049382716049382715,21.67746913580247,16.0,1.5709876543209877,22.487654320987655,1.0,390.93364197530866,50700.904320987655,64.0,0.9890432098765433,0.4166666666666667,0.5123456790123457,0.21677469135802468,0.02858322113752365,0.055474974215030656,0.015916768461465836,0.02365969121456146,0.011020499999999999,0.01820885,0.006624963134527206,0.008833128958940506,0.00537489540874958,0.02286878880113363
sign/branch,64,16,0.1,43,1944,0.002160493827160494,0.0011265432098765433,0.004699923741377741,0.000925925925925926,0.004423868312757201,21.27932098765432,16.0,1.5756172839506173,21.864197530864196,1.0,387.625,50700.904320987655,64.0,0.9890432098765433,0.43209876543209874,0.4984567901234568,0.21279320987654318,0.02729194238781929,0.04765987396240234,0.015395460650324821,0.021541817113757133,0.010625,0.016542,0.006417278200387955,0.008291099220514297,0.005083158612251282,0.01879215706139803
sign/branch,64,16,0.1,44,1944,0.002469135802469136,0.0011574074074074073,0.005149285120577608,0.001080246913580247,0.0049382716049382715,21.753086419753085,16.0,1.5679012345679013,22.421296296296298,1.0,387.66975308641975,50700.904320987655,64.0,0.9890432098765433,0.41975308641975306,0.49537037037037035,0.21753086419753087,0.027416273951530457,0.04645809531211853,0.015374738723039627,0.021125120110809803,0.010625,0.016493699999999997,0.006417278200387955,0.008333008736371994,0.005125068128108978,0.018201675266027447
sign/branch,64,32,0.0,42,1944,0.0038580246913580245,0.002006172839506173,0.00728667452225512,0.0015432098765432098,0.006481481481481481,53.59413580246913,32.0,0.0,65.37191358024691,1.0,596.8780864197531,50700.904320987655,64.0,0.9890432098765433,0.2006172839506173,0.2175925925925926,0.5359413580246913,0.041103921830654144,0.057993829250335686,0.020333100110292435,0.028458749875426292,0.0155205,0.023625,0.006708316504955292,0.008583860471844673,0.01308368518948555,0.02391093876212835
sign/branch,64,32,0.1,42,1944,0.003703703703703704,0.0019444444444444446,0.00728667452225512,0.0015432098765432098,0.006481481481481481,53.54320987654321,32.0,3.146604938271605,64.50154320987654,1.0,603.9521604938271,50700.904320987655,64.0,0.9890432098765433,0.16049382716049382,0.19907407407407407,0.5354320987654322,0.040854327380657196,0.05920201074331998,0.02043740823864937,0.028917030431330204,0.015625,0.0235,0.006750226020812988,0.008584000170230865,0.01314561814069748,0.023987749591469758
sign/branch,64,32,0.1,43,1944,0.0038580246913580245,0.002006172839506173,0.00728667452225512,0.0015432098765432098,0.006481481481481481,53.43827160493827,32.0,3.1512345679012346,64.60493827160494,1.0,600.2114197530864,50700.904320987655,64.0,0.9890432098765433,0.16203703703703703,0.18981481481481483,0.5343827160493828,0.03975001163780689,0.055993674322962754,0.02020876854658127,0.02787495031952858,0.015458,0.02283385,0.00658305361866951,0.00837491825222969,0.01237494871020317,0.02237502485513687
sign/branch,64,32,0.1,44,1944,0.0038580246913580245,0.001990740740740741,0.00728667452225512,0.0015432098765432098,0.006481481481481481,53.15586419753087,32.0,3.146604938271605,63.976851851851855,1.0,602.3595679012345,50700.904320987655,64.0,0.9890432098765433,0.16358024691358025,0.19598765432098766,0.5315586419753086,0.040687620639801025,0.05974993109703064,0.020479317754507065,0.02870252355933189,0.015583,0.023659849999999996,0.0067497603595256805,0.008542090654373169,0.013125129044055939,0.025125150568783283
sign/branch,64,64,0.0,42,1944,0.005401234567901234,0.002947530864197531,0.008279456548118947,0.001851851851851852,0.007060185185185185,96.88117283950618,64.0,0.0,199.37037037037038,1.0,811.0354938271605,50700.904320987655,64.0,0.9890432098765433,0.0,0.0,0.9688117283950618,0.05579134449362755,0.0641608377918601,0.030562514439225197,0.036910083144903176,0.025979,0.0322017,0.006667338311672211,0.008159759454429146,0.01770816743373871,0.022500217892229557
sign/branch,64,64,0.1,42,1944,0.005401234567901234,0.0028549382716049386,0.008279456548118947,0.001851851851851852,0.007060185185185185,94.80401234567901,64.0,6.348765432098766,185.51697530864197,1.0,855.7916666666666,50700.904320987655,64.0,0.9890432098765433,0.0015432098765432098,0.0015432098765432098,0.9480401234567901,0.05793757736682892,0.07123732939362525,0.031167175620794296,0.03894651308655738,0.026458,0.033292,0.006792135536670685,0.009000301361083984,0.019082799553871155,0.025534909218549725
sign/branch,64,64,0.1,43,1944,0.005246913580246914,0.002839506172839506,0.008279456548118947,0.001851851851851852,0.007060185185185185,95.07716049382717,64.0,6.342592592592593,186.1064814814815,1.0,854.283950617284,50700.904320987655,64.0,0.9890432098765433,0.004629629629629629,0.006172839506172839,0.9507716049382716,0.05733408033847809,0.06599996704608202,0.030959025025367737,0.03729201853275299,0.02625,0.0325,0.006750226020812988,0.008124858140945435,0.018625054508447647,0.02395820338279009
sign/branch,64,64,0.1,44,1944,0.005246913580246914,0.002854938271604938,0.008279456548118947,0.001851851851851852,0.007060185185185185,94.81327160493827,64.0,6.334876543209877,185.18364197530863,1.0,860.141975308642,50700.904320987655,64.0,0.9890432098765433,0.0030864197530864196,0.004629629629629629,0.9481327160493828,0.0577499158680439,0.07029550615698096,0.03108382225036621,0.03854231908917427,0.026375,0.0335,0.006792135536670685,0.008916947990655899,0.018708407878875732,0.025417120195925236
sign/branch,64,128,0.0,42,1944,0.005709876543209877,0.0031790123456790125,0.008876451621011756,0.002006172839506173,0.00783179012345679,96.88117283950618,128.0,0.0,203.32407407407408,1.0,2020.219135802469,50700.904320987655,64.0,0.9890432098765433,0.0,0.0,0.9688117283950618,0.06675021722912788,0.07841675542294979,0.04024989902973175,0.04907688125967979,0.034812499999999996,0.04324384999999999,0.0067087821662425995,0.008375383913516998,0.018999911844730377,0.02453513443470001
sign/branch,64,128,0.1,42,1944,0.005709876543209877,0.003148148148148148,0.008876451621011756,0.002006172839506173,0.00783179012345679,97.49382716049382,128.0,12.768518518518519,213.10956790123456,1.0,1974.0432098765432,50700.904320987655,64.0,0.9890432098765433,0.0,0.0,0.9749382716049383,0.0700000673532486,0.08482041303068398,0.04200008697807789,0.05130816716700791,0.036417,0.0452437,0.006833113729953766,0.008624978363513947,0.020541716367006302,0.027278717607259743
sign/branch,64,128,0.1,43,1944,0.005709876543209877,0.0031944444444444446,0.008876451621011756,0.002006172839506173,0.00783179012345679,97.32561728395062,128.0,12.799382716049383,214.695987654321,1.0,1968.8024691358025,50700.904320987655,64.0,0.9890432098765433,0.0,0.0,0.9732561728395063,0.07122941315174103,0.11319352779537437,0.04262477159500122,0.059416843578219414,0.037125,0.050791,0.006875023245811462,0.01311844680458307,0.021208077669143677,0.03729360178112979
sign/branch,64,128,0.1,44,1944,0.0060185185185185185,0.0032407407407407406,0.008876451621011756,0.002006172839506173,0.00783179012345679,97.33487654320987,128.0,12.777777777777779,214.53086419753086,1.0,1972.9259259259259,50700.904320987655,64.0,0.9890432098765433,0.0,0.0,0.9733487654320988,0.06941589526832104,0.08516705129295588,0.041687628254294395,0.05182032473385333,0.03625,0.045875,0.006834045052528381,0.009320420213043683,0.019917264580726624,0.026542157866060734
sign/branch,64,256,0.0,42,1944,0.008641975308641976,0.005123456790123457,0.010374513922660424,0.0023148148148148147,0.009117798353909464,98.52932098765432,256.0,0.0,263.0740740740741,1.0,4224.655864197531,50700.904320987655,64.0,0.9890432098765433,0.0,0.0,0.9852932098765431,0.09041698649525642,0.11010637972503899,0.06145937368273735,0.07466678507626057,0.054625,0.06699385,0.006834045052528381,0.008833524771034718,0.021415995433926582,0.029534939676523205
sign/branch,64,256,0.1,42,1944,0.008487654320987654,0.004999999999999999,0.010374513922660424,0.0023148148148148147,0.009117798353909464,99.64351851851852,256.0,25.50462962962963,314.412037037037,1.0,4179.145061728395,50700.904320987655,64.0,0.9890432098765433,0.0,0.0,0.9964351851851853,0.09479187428951263,0.11432673782110214,0.06450014188885689,0.07827873341739176,0.057875,0.07076694999999998,0.0067497603595256805,0.008410145528614518,0.023082830011844635,0.03040377050638198
sign/branch,64,256,0.1,43,1944,0.008641975308641976,0.005123456790123457,0.010546861989512088,0.0023148148148148147,0.009117798353909464,99.44598765432099,256.0,25.48611111111111,314.24845679012344,1.0,4160.682098765432,50700.904320987655,64.0,0.9890432098765433,0.0,0.0,0.9944598765432099,0.09143725037574768,0.1096187625080347,0.06270827725529671,0.07516604382544756,0.0561455,0.06816685,0.006624963134527206,0.008326862007379528,0.022042077034711838,0.02920199185609817
sign/branch,64,256,0.1,44,1944,0.008487654320987654,0.005015432098765432,0.010546861989512088,0.0023148148148148147,0.009117798353909464,99.50925925925925,256.0,25.39814814814815,314.1388888888889,1.0,4174.990740740741,50700.904320987655,64.0,0.9890432098765433,0.0,0.0,0.9950925925925926,0.1024375669658184,0.1357436878606677,0.0693327747285366,0.08702676277607677,0.062292,0.0778687,0.0069998204708099365,0.01211913768202066,0.025750137865543365,0.036868499591946595
sign/branch,64,512,0.0,42,1944,0.030864197530864196,0.025401234567901235,0.018793070435255008,0.006172839506172839,0.020222562930896266,99.96604938271605,512.0,0.0,443.11574074074076,1.0,9315.586419753086,50700.904320987655,64.0,0.9890432098765433,0.0,0.0,0.9996604938271606,0.1355418935418129,0.18106233328580845,0.10249996557831764,0.13642041012644765,0.09275,0.12633119999999995,0.006792135536670685,0.008459063246846199,0.025958986952900887,0.035189394839107976
sign/branch,64,512,0.1,42,1944,0.02592592592592593,0.020925925925925924,0.016893567070241998,0.005401234567901234,0.016943241943241944,100.0,512.0,51.18672839506173,595.2191358024692,1.0,9025.106481481482,50700.904320987655,64.0,0.9890432098765433,0.0,0.0,1.0,0.15645800158381462,0.2022144151851534,0.11924980208277702,0.15121842734515664,0.109583,0.14082685,0.00708363950252533,0.01025006640702486,0.029833056032657623,0.037779170088469975
sign/branch,64,512,0.1,43,1944,0.025617283950617284,0.0212962962962963,0.017377610571475126,0.005401234567901234,0.01765054646999091,100.0,512.0,51.223765432098766,592.8163580246913,1.0,9012.87037037037,50700.904320987655,64.0,0.9890432098765433,0.0,0.0,1.0,0.15291664749383926,0.1879518385976553,0.11608283966779709,0.14394535683095455,0.10675,0.13264194999999998,0.0069160014390945435,0.008875038474798203,0.0294586643576622,0.03657038323581218
sign/branch,64,512,0.1,44,1944,0.024691358024691357,0.020385802469135805,0.015684567765223863,0.004938271604938272,0.015978735770402437,100.0,512.0,51.117283950617285,594.733024691358,1.0,9025.927469135802,50700.904320987655,64.0,0.9890432098765433,0.0,0.0,1.0,0.15187496319413185,0.19334112294018263,0.11564581654965878,0.1467230031266808,0.1059165,0.13586255,0.007000286132097244,0.00949366949498653,0.0289171002805233,0.03666041884571313
sign/branch,64,1024,0.0,42,1944,0.36342592592592593,0.3257407407407407,0.20910330331915775,0.05077160493827161,0.2316537629037629,100.0,1024.0,0.0,1624.8719135802469,1.0,23435.527777777777,50700.904320987655,64.0,0.9890432098765433,0.0,0.0,1.0,0.29795849695801735,0.4284232156351208,0.2528333570808172,0.3763726446777582,0.237292,0.36032059999999994,0.007416121661663055,0.013201800175011155,0.03558304160833359,0.04594018682837485
sign/branch,64,1024,0.1,42,1944,0.2990740740740741,0.2627160493827161,0.17448840250667355,0.04182098765432098,0.19455496920774695,100.0,1024.0,102.29783950617283,1801.0324074074074,1.0,22007.824074074073,50700.904320987655,64.0,0.9890432098765433,0.0,0.0,1.0,0.3066461067646742,0.4285705741494894,0.25995844043791294,0.38008110132068396,0.244458,0.36766435,0.007417052984237671,0.012124888598918915,0.03641704097390175,0.04529193975031376
sign/branch,64,1024,0.1,43,1944,0.2970679012345679,0.261929012345679,0.1716833844813355,0.04151234567901234,0.1930025735581291,100.0,1024.0,102.30864197530865,1803.1219135802469,1.0,21983.50462962963,50700.904320987655,64.0,0.9890432098765433,0.0,0.0,1.0,0.3079583402723074,0.4295105114579201,0.26008347049355507,0.3797599347308278,0.244979,0.36411874999999994,0.007416121661663055,0.012487778440117829,0.03629084676504135,0.046118465252220624
sign/branch,64,1024,0.1,44,1944,0.2978395061728395,0.2625462962962963,0.17452093218620812,0.042283950617283954,0.1954055717944607,100.0,1024.0,102.25,1801.358024691358,1.0,22012.73611111111,50700.904320987655,64.0,0.9890432098765433,0.0,0.0,1.0,0.3066249191761017,0.4278857493773103,0.25985389947891235,0.37942046765238036,0.2453955,0.36563134999999997,0.007416121661663055,0.010624993592500687,0.03645801916718483,0.04360629245638846
sign/branch,64,2048,0.0,42,1944,0.7061728395061729,0.7396141975308642,0.3455269296669566,0.09459876543209879,0.3967127308562494,100.0,2047.7052469135801,0.0,6002.515432098766,0.9984567901234568,56452.01851851852,50700.904320987655,64.0,0.9890432098765433,0.0,0.0,1.0,0.6466037593781948,0.8116285782307385,0.5973123479634523,0.7494645426049827,0.5781455,0.7263160999999999,0.008250121027231216,0.015750061720609665,0.03949971869587898,0.05165454931557178
sign/branch,64,2048,0.1,42,1944,0.6996913580246914,0.7304938271604938,0.34523773881631886,0.09459876543209879,0.3944236362060436,100.0,2047.7052469135801,204.4506172839506,6311.399691358025,0.9984567901234568,53628.233024691355,50700.904320987655,64.0,0.9890432098765433,0.0,0.0,1.0,0.6250834558159113,0.7922747172415255,0.5786039400845766,0.7326902588829398,0.561271,0.7121294499999998,0.007958151400089264,0.014195824041962617,0.037750229239463806,0.049625057727098465
sign/branch,64,2048,0.1,43,1944,0.6992283950617285,0.730648148148148,0.34454949755977854,0.09429012345679012,0.3961297404584441,100.0,2047.7052469135801,204.38734567901236,6313.635802469136,0.9984567901234568,53628.904320987655,50700.904320987655,64.0,0.9890432098765433,0.0,0.0,1.0,0.6205001845955849,0.8570143952965736,0.5737913306802511,0.793214398436248,0.556792,0.7657213999999998,0.00800006091594696,0.01654215157032013,0.037624966353178024,0.053356308490037904
sign/branch,64,2048,0.1,44,1944,0.6993827160493826,0.7303549382716049,0.3443690704174106,0.09398148148148147,0.3940721272897199,100.0,2047.7052469135801,204.39197530864197,6311.7376543209875,0.9984567901234568,53645.65277777778,50700.904320987655,64.0,0.9890432098765433,0.0,0.0,1.0,0.680229626595974,0.9113061707466841,0.629103509709239,0.837393570691347,0.6109795,0.8084563499999999,0.008916947990655899,0.018875044770538807,0.04041707143187523,0.05641719326376915
sign/branch,64,4096,0.0,42,1944,0.7628086419753087,0.8867746913580247,0.3543772242478402,0.09768518518518521,0.41009823938064677,100.0,4089.114197530864,0.0,14413.57098765432,0.9938271604938271,120190.51388888889,50700.904320987655,64.0,0.9890432098765433,0.0,0.0,1.0,1.213729614391923,1.5460060210898516,1.1601669248193502,1.4634357532486317,1.132125,1.4232214499999998,0.009333482012152672,0.019362336024641984,0.04187505692243576,0.058689061552286134
sign/branch,64,4096,0.1,42,1944,0.7623456790123457,0.8818518518518519,0.354090175329302,0.09783950617283951,0.41025256036830116,100.0,4089.114197530864,409.2237654320988,14900.493827160493,0.9938271604938271,116380.79320987655,50700.904320987655,64.0,0.9890432098765433,0.0,0.0,1.0,1.240187557414174,1.5289439354091883,1.1852507013827562,1.4616328757256267,1.158271,1.4276143499999998,0.009375158697366714,0.018785940483212468,0.042667146772146225,0.05824374966323375
sign/branch,64,4096,0.1,43,1944,0.7621913580246914,0.8820987654320988,0.35417172988903695,0.0976851851851852,0.41009823938064677,100.0,4089.114197530864,408.9182098765432,14897.41512345679,0.9938271604938271,116365.35030864198,50700.904320987655,64.0,0.9890432098765433,0.0,0.0,1.0,1.2019381392747164,1.4603063929826021,1.1509996838867664,1.3956356095150113,1.1259995,1.36861255,0.008645467460155487,0.01566042192280292,0.04083407111465931,0.05295150913298129
sign/branch,64,4096,0.1,44,1944,0.7635802469135803,0.8825308641975308,0.35414192439201797,0.0976851851851852,0.41048404184978254,100.0,4089.114197530864,409.02777777777777,14901.591049382716,0.9938271604938271,116324.81944444444,50700.904320987655,64.0,0.9890432098765433,0.0,0.0,1.0,1.2595830485224724,1.4968375908210874,1.2052711099386215,1.4296871377155185,1.178354,1.4006973999999999,0.009750016033649445,0.016708322800695896,0.04329206421971321,0.05470814649015665
sign/branch,120,0,0.0,42,1944,0.803858024691358,1.0,0.3580897769913867,0.0978395061728395,0.4138619568017716,100.0,11154.805555555555,0.0,57600.0,0.0,273886.76697530865,57638.0,120.0,1.0,0.0,0.0,1.0,3.5592501517385244,4.3591188499703994,3.4890000242739916,4.259995277971029,3.476104,4.23836705,0.015333760529756546,0.028451811522245404,0.051979441195726395,0.07502841763198374
sign/scan,1,0,0.0,42,1944,0.15108024691358027,1.0,0.0902970695436332,0.02283950617283951,0.09629592372647927,95.79475308641975,0.0,0.0,2300.2484567901233,0.0,0.0,2300.2484567901233,1.0,0.1558641975308642,0.0,0.015432098765432098,1.0,0.10635401122272015,0.22258323151618242,0.0616670586168766,0.18002302385866642,0.060208,0.1785357,0.006792135536670685,0.00870879739522934,0.03404170274734497,0.03979215398430824
sign/scan,2,0,0.0,42,1944,0.2558641975308642,1.0,0.15374040111175438,0.040586419753086425,0.16873866017384534,97.85185185185185,0.0,0.0,4459.810185185185,0.0,0.0,4459.810185185185,2.0,0.26990740740740743,0.0,0.004629629629629629,1.0,0.17660437151789665,0.3382605966180563,0.13339589349925518,0.292583298869431,0.13195849999999998,0.29073125,0.006959307938814163,0.009868596680462357,0.034874770790338516,0.0422503100708127
sign/scan,4,0,0.0,42,1944,0.3912037037037037,1.0,0.21999296364763324,0.05648148148148148,0.24183343662510332,99.54938271604938,0.0,0.0,8362.447530864198,0.0,0.0,8362.447530864198,4.0,0.42484567901234566,0.0,0.0,1.0,0.26489561423659325,0.5509561160579324,0.22002100013196468,0.5086543969810009,0.21860400000000002,0.5070018499999999,0.0069998204708099365,0.009708106517791748,0.03518746234476566,0.04306440241634844
sign/scan,8,0,0.0,42,1944,0.5459876543209876,1.0,0.28754858501274067,0.07376543209876543,0.3228776753082309,99.88888888888889,0.0,0.0,14963.20524691358,0.0,0.0,14963.20524691358,8.0,0.6172839506172839,0.0,0.0,1.0,0.4774164408445358,0.8332733064889908,0.4275417886674404,0.7749104406684637,0.424708,0.7707188,0.007624737918376923,0.017042201943695545,0.038125086575746536,0.054493779316544526
sign/scan,16,0,0.0,42,1944,0.6783950617283951,1.0,0.33405890023873375,0.08935185185185186,0.3805875066291733,100.0,0.0,0.0,24989.020061728395,0.0,0.0,24989.020061728395,16.0,0.7979938271604938,0.0,0.0,1.0,0.7524369284510612,1.14443760830909,0.7001250050961971,1.0905042989179492,0.697021,1.08677855,0.007917173206806183,0.015458092093467712,0.03900006413459778,0.05160635337233542
sign/scan,32,0,0.0,42,1944,0.7617283950617285,1.0,0.35195445340239756,0.09583333333333334,0.40688321880451506,100.0,0.0,0.0,37465.91358024691,0.0,0.0,37465.91358024691,32.0,0.9271604938271606,0.0,0.0,1.0,1.1073334608227015,1.40449742320925,1.0549165308475494,1.355387340299785,1.050021,1.35169375,0.007957685738801956,0.015076692216098305,0.03916677087545395,0.05190956871956586
sign/scan,64,0,0.0,42,1944,0.7979938271604938,1.0,0.3587062424747039,0.09814814814814815,0.4153280061844877,100.0,0.0,0.0,50700.904320987655,0.0,0.0,50700.904320987655,64.0,0.9890432098765433,0.0,0.0,1.0,1.4598332345485687,1.598354708403349,1.4020835515111685,1.5385706443339586,1.3950835000000001,1.53117865,0.00929180532693863,0.019446411170065396,0.04341662861406803,0.06107776425778865
sign/scan,120,0,0.0,42,1944,0.803858024691358,1.0,0.3580897769913867,0.0978395061728395,0.4138619568017716,100.0,0.0,0.0,57638.0,0.0,0.0,57638.0,120.0,1.0,0.0,0.0,1.0,1.5958747826516628,1.7525873146951199,1.5365825966000557,1.6617419896647334,1.528604,1.6478893,0.00966666266322136,0.022833957336843014,0.04349998198449612,0.06641719955950975
