query,depth,top_k,matched_rows,balanced_rows,reference_matches,neighbor_survival
0,1,1,307769,261465.5,1,1.0
1,1,1,215162,261465.5,0,0.0
2,1,1,307769,261465.5,1,1.0
3,1,1,215162,261465.5,1,1.0
4,1,1,215162,261465.5,1,1.0
5,1,1,215162,261465.5,1,1.0
6,1,1,215162,261465.5,1,1.0
7,1,1,215162,261465.5,1,1.0
8,1,1,215162,261465.5,1,1.0
9,1,1,215162,261465.5,1,1.0
10,1,1,307769,261465.5,1,1.0
11,1,1,307769,261465.5,0,0.0
12,1,1,215162,261465.5,1,1.0
13,1,1,307769,261465.5,1,1.0
14,1,1,215162,261465.5,1,1.0
15,1,1,215162,261465.5,1,1.0
16,1,1,307769,261465.5,1,1.0
17,1,1,307769,261465.5,1,1.0
18,1,1,215162,261465.5,1,1.0
19,1,1,307769,261465.5,1,1.0
20,1,1,215162,261465.5,1,1.0
21,1,1,307769,261465.5,1,1.0
22,1,1,215162,261465.5,1,1.0
23,1,1,307769,261465.5,1,1.0
24,1,1,307769,261465.5,1,1.0
25,1,1,215162,261465.5,1,1.0
26,1,1,215162,261465.5,1,1.0
27,1,1,215162,261465.5,1,1.0
28,1,1,307769,261465.5,1,1.0
29,1,1,307769,261465.5,1,1.0
30,1,1,215162,261465.5,1,1.0
31,1,1,215162,261465.5,0,0.0
32,1,1,307769,261465.5,1,1.0
33,1,1,215162,261465.5,1,1.0
34,1,1,307769,261465.5,1,1.0
35,1,1,307769,261465.5,1,1.0
36,1,1,307769,261465.5,1,1.0
37,1,1,307769,261465.5,1,1.0
38,1,1,215162,261465.5,1,1.0
39,1,1,215162,261465.5,1,1.0
40,1,1,307769,261465.5,1,1.0
41,1,1,215162,261465.5,1,1.0
42,1,1,307769,261465.5,1,1.0
43,1,1,215162,261465.5,1,1.0
44,1,1,307769,261465.5,1,1.0
45,1,1,215162,261465.5,1,1.0
46,1,1,307769,261465.5,1,1.0
47,1,1,215162,261465.5,1,1.0
48,1,1,307769,261465.5,1,1.0
49,1,1,215162,261465.5,1,1.0
50,1,1,307769,261465.5,1,1.0
51,1,1,307769,261465.5,1,1.0
52,1,1,307769,261465.5,1,1.0
53,1,1,307769,261465.5,1,1.0
54,1,1,307769,261465.5,1,1.0
55,1,1,307769,261465.5,1,1.0
56,1,1,215162,261465.5,1,1.0
57,1,1,307769,261465.5,1,1.0
58,1,1,215162,261465.5,1,1.0
59,1,1,307769,261465.5,1,1.0
60,1,1,215162,261465.5,1,1.0
61,1,1,307769,261465.5,1,1.0
62,1,1,307769,261465.5,0,0.0
63,1,1,307769,261465.5,0,0.0
64,1,1,307769,261465.5,1,1.0
65,1,1,215162,261465.5,1,1.0
66,1,1,215162,261465.5,1,1.0
67,1,1,307769,261465.5,1,1.0
68,1,1,307769,261465.5,1,1.0
69,1,1,307769,261465.5,1,1.0
70,1,1,215162,261465.5,1,1.0
71,1,1,215162,261465.5,0,0.0
72,1,1,307769,261465.5,1,1.0
73,1,1,215162,261465.5,1,1.0
74,1,1,307769,261465.5,1,1.0
75,1,1,215162,261465.5,1,1.0
76,1,1,307769,261465.5,1,1.0
77,1,1,215162,261465.5,1,1.0
78,1,1,215162,261465.5,1,1.0
79,1,1,215162,261465.5,1,1.0
80,1,1,215162,261465.5,1,1.0
81,1,1,307769,261465.5,1,1.0
82,1,1,307769,261465.5,1,1.0
83,1,1,307769,261465.5,1,1.0
84,1,1,307769,261465.5,1,1.0
85,1,1,307769,261465.5,1,1.0
86,1,1,307769,261465.5,1,1.0
87,1,1,307769,261465.5,1,1.0
88,1,1,307769,261465.5,1,1.0
89,1,1,215162,261465.5,1,1.0
90,1,1,307769,261465.5,1,1.0
91,1,1,307769,261465.5,1,1.0
92,1,1,215162,261465.5,1,1.0
93,1,1,307769,261465.5,1,1.0
94,1,1,307769,261465.5,1,1.0
95,1,1,215162,261465.5,1,1.0
96,1,1,215162,261465.5,1,1.0
97,1,1,307769,261465.5,1,1.0
98,1,1,307769,261465.5,1,1.0
99,1,1,307769,261465.5,1,1.0
100,1,1,307769,261465.5,1,1.0
101,1,1,215162,261465.5,1,1.0
102,1,1,215162,261465.5,1,1.0
103,1,1,215162,261465.5,0,0.0
104,1,1,307769,261465.5,1,1.0
105,1,1,307769,261465.5,1,1.0
106,1,1,307769,261465.5,1,1.0
107,1,1,215162,261465.5,1,1.0
108,1,1,307769,261465.5,1,1.0
109,1,1,215162,261465.5,1,1.0
110,1,1,215162,261465.5,1,1.0
111,1,1,215162,261465.5,1,1.0
112,1,1,215162,261465.5,0,0.0
113,1,1,307769,261465.5,1,1.0
114,1,1,215162,261465.5,1,1.0
115,1,1,215162,261465.5,0,0.0
116,1,1,215162,261465.5,1,1.0
117,1,1,215162,261465.5,0,0.0
118,1,1,215162,261465.5,1,1.0
119,1,1,215162,261465.5,1,1.0
120,1,1,215162,261465.5,1,1.0
121,1,1,307769,261465.5,1,1.0
122,1,1,307769,261465.5,1,1.0
123,1,1,307769,261465.5,1,1.0
124,1,1,307769,261465.5,1,1.0
125,1,1,215162,261465.5,0,0.0
126,1,1,307769,261465.5,1,1.0
127,1,1,215162,261465.5,1,1.0
128,1,1,215162,261465.5,1,1.0
129,1,1,215162,261465.5,1,1.0
130,1,1,307769,261465.5,1,1.0
131,1,1,307769,261465.5,1,1.0
132,1,1,215162,261465.5,1,1.0
133,1,1,215162,261465.5,1,1.0
134,1,1,307769,261465.5,1,1.0
135,1,1,215162,261465.5,1,1.0
136,1,1,307769,261465.5,0,0.0
137,1,1,215162,261465.5,0,0.0
138,1,1,215162,261465.5,1,1.0
139,1,1,307769,261465.5,1,1.0
140,1,1,215162,261465.5,0,0.0
141,1,1,215162,261465.5,1,1.0
142,1,1,307769,261465.5,1,1.0
143,1,1,215162,261465.5,1,1.0
144,1,1,215162,261465.5,1,1.0
145,1,1,307769,261465.5,1,1.0
146,1,1,307769,261465.5,1,1.0
147,1,1,307769,261465.5,1,1.0
148,1,1,215162,261465.5,0,0.0
149,1,1,307769,261465.5,1,1.0
150,1,1,307769,261465.5,1,1.0
151,1,1,215162,261465.5,0,0.0
152,1,1,215162,261465.5,1,1.0
153,1,1,307769,261465.5,1,1.0
154,1,1,307769,261465.5,1,1.0
155,1,1,215162,261465.5,0,0.0
156,1,1,307769,261465.5,1,1.0
157,1,1,215162,261465.5,1,1.0
158,1,1,307769,261465.5,1,1.0
159,1,1,307769,261465.5,1,1.0
160,1,1,307769,261465.5,1,1.0
161,1,1,307769,261465.5,1,1.0
162,1,1,215162,261465.5,1,1.0
163,1,1,307769,261465.5,1,1.0
164,1,1,307769,261465.5,1,1.0
165,1,1,307769,261465.5,1,1.0
166,1,1,215162,261465.5,1,1.0
167,1,1,215162,261465.5,0,0.0
168,1,1,307769,261465.5,1,1.0
169,1,1,215162,261465.5,1,1.0
170,1,1,307769,261465.5,1,1.0
171,1,1,307769,261465.5,1,1.0
172,1,1,215162,261465.5,1,1.0
173,1,1,215162,261465.5,0,0.0
174,1,1,307769,261465.5,0,0.0
175,1,1,307769,261465.5,1,1.0
176,1,1,307769,261465.5,0,0.0
177,1,1,215162,261465.5,1,1.0
178,1,1,307769,261465.5,1,1.0
179,1,1,307769,261465.5,1,1.0
180,1,1,307769,261465.5,0,0.0
181,1,1,215162,261465.5,1,1.0
182,1,1,307769,261465.5,1,1.0
183,1,1,215162,261465.5,1,1.0
184,1,1,215162,261465.5,1,1.0
185,1,1,307769,261465.5,1,1.0
186,1,1,307769,261465.5,1,1.0
187,1,1,215162,261465.5,1,1.0
188,1,1,307769,261465.5,1,1.0
189,1,1,215162,261465.5,1,1.0
190,1,1,307769,261465.5,1,1.0
191,1,1,215162,261465.5,0,0.0
192,1,1,307769,261465.5,0,0.0
193,1,1,307769,261465.5,0,0.0
194,1,1,307769,261465.5,1,1.0
195,1,1,307769,261465.5,1,1.0
196,1,1,307769,261465.5,1,1.0
197,1,1,215162,261465.5,1,1.0
198,1,1,215162,261465.5,1,1.0
199,1,1,215162,261465.5,1,1.0
200,1,1,307769,261465.5,0,0.0
201,1,1,307769,261465.5,1,1.0
202,1,1,307769,261465.5,1,1.0
203,1,1,215162,261465.5,0,0.0
204,1,1,215162,261465.5,0,0.0
205,1,1,307769,261465.5,1,1.0
206,1,1,215162,261465.5,1,1.0
207,1,1,215162,261465.5,1,1.0
208,1,1,307769,261465.5,0,0.0
209,1,1,307769,261465.5,1,1.0
210,1,1,307769,261465.5,1,1.0
211,1,1,307769,261465.5,1,1.0
212,1,1,307769,261465.5,1,1.0
213,1,1,307769,261465.5,1,1.0
214,1,1,307769,261465.5,1,1.0
215,1,1,307769,261465.5,1,1.0
216,1,1,307769,261465.5,1,1.0
217,1,1,307769,261465.5,1,1.0
218,1,1,215162,261465.5,1,1.0
219,1,1,307769,261465.5,1,1.0
220,1,1,307769,261465.5,1,1.0
221,1,1,307769,261465.5,1,1.0
222,1,1,307769,261465.5,1,1.0
223,1,1,307769,261465.5,1,1.0
224,1,1,307769,261465.5,1,1.0
225,1,1,215162,261465.5,1,1.0
226,1,1,307769,261465.5,1,1.0
227,1,1,215162,261465.5,1,1.0
228,1,1,307769,261465.5,1,1.0
229,1,1,307769,261465.5,1,1.0
230,1,1,215162,261465.5,0,0.0
231,1,1,215162,261465.5,1,1.0
232,1,1,307769,261465.5,0,0.0
233,1,1,215162,261465.5,1,1.0
234,1,1,215162,261465.5,1,1.0
235,1,1,307769,261465.5,0,0.0
236,1,1,307769,261465.5,1,1.0
237,1,1,215162,261465.5,0,0.0
238,1,1,307769,261465.5,1,1.0
239,1,1,215162,261465.5,0,0.0
240,1,1,307769,261465.5,0,0.0
241,1,1,215162,261465.5,1,1.0
242,1,1,307769,261465.5,1,1.0
243,1,1,307769,261465.5,1,1.0
244,1,1,307769,261465.5,1,1.0
245,1,1,215162,261465.5,1,1.0
246,1,1,215162,261465.5,1,1.0
247,1,1,307769,261465.5,1,1.0
248,1,1,307769,261465.5,1,1.0
249,1,1,307769,261465.5,1,1.0
250,1,1,307769,261465.5,1,1.0
251,1,1,215162,261465.5,1,1.0
252,1,1,307769,261465.5,1,1.0
253,1,1,307769,261465.5,1,1.0
254,1,1,307769,261465.5,1,1.0
255,1,1,307769,261465.5,1,1.0
256,1,1,307769,261465.5,1,1.0
257,1,1,307769,261465.5,1,1.0
258,1,1,215162,261465.5,1,1.0
259,1,1,215162,261465.5,1,1.0
260,1,1,307769,261465.5,0,0.0
261,1,1,215162,261465.5,1,1.0
262,1,1,215162,261465.5,1,1.0
263,1,1,215162,261465.5,0,0.0
264,1,1,307769,261465.5,0,0.0
265,1,1,307769,261465.5,1,1.0
266,1,1,215162,261465.5,0,0.0
267,1,1,307769,261465.5,1,1.0
268,1,1,215162,261465.5,1,1.0
269,1,1,307769,261465.5,1,1.0
270,1,1,215162,261465.5,0,0.0
271,1,1,215162,261465.5,1,1.0
272,1,1,215162,261465.5,1,1.0
273,1,1,307769,261465.5,1,1.0
274,1,1,215162,261465.5,1,1.0
275,1,1,307769,261465.5,1,1.0
276,1,1,215162,261465.5,1,1.0
277,1,1,215162,261465.5,1,1.0
278,1,1,307769,261465.5,1,1.0
279,1,1,307769,261465.5,1,1.0
280,1,1,307769,261465.5,1,1.0
281,1,1,215162,261465.5,1,1.0
282,1,1,307769,261465.5,1,1.0
283,1,1,307769,261465.5,1,1.0
284,1,1,307769,261465.5,1,1.0
285,1,1,215162,261465.5,1,1.0
286,1,1,215162,261465.5,1,1.0
287,1,1,215162,261465.5,1,1.0
288,1,1,215162,261465.5,1,1.0
289,1,1,215162,261465.5,1,1.0
290,1,1,215162,261465.5,1,1.0
291,1,1,215162,261465.5,1,1.0
292,1,1,215162,261465.5,1,1.0
293,1,1,307769,261465.5,1,1.0
294,1,1,215162,261465.5,1,1.0
295,1,1,215162,261465.5,1,1.0
296,1,1,215162,261465.5,1,1.0
297,1,1,215162,261465.5,0,0.0
298,1,1,307769,261465.5,1,1.0
299,1,1,307769,261465.5,1,1.0
300,1,1,307769,261465.5,1,1.0
301,1,1,307769,261465.5,1,1.0
302,1,1,307769,261465.5,1,1.0
303,1,1,307769,261465.5,1,1.0
304,1,1,307769,261465.5,1,1.0
305,1,1,215162,261465.5,1,1.0
306,1,1,307769,261465.5,1,1.0
307,1,1,307769,261465.5,1,1.0
308,1,1,215162,261465.5,1,1.0
309,1,1,307769,261465.5,1,1.0
310,1,1,215162,261465.5,0,0.0
311,1,1,215162,261465.5,1,1.0
312,1,1,215162,261465.5,1,1.0
313,1,1,307769,261465.5,1,1.0
314,1,1,307769,261465.5,0,0.0
315,1,1,215162,261465.5,0,0.0
316,1,1,215162,261465.5,1,1.0
317,1,1,215162,261465.5,1,1.0
318,1,1,307769,261465.5,1,1.0
319,1,1,215162,261465.5,1,1.0
320,1,1,215162,261465.5,1,1.0
321,1,1,307769,261465.5,1,1.0
322,1,1,307769,261465.5,1,1.0
323,1,1,307769,261465.5,1,1.0
324,1,1,307769,261465.5,0,0.0
325,1,1,215162,261465.5,0,0.0
326,1,1,215162,261465.5,1,1.0
327,1,1,215162,261465.5,1,1.0
328,1,1,307769,261465.5,1,1.0
329,1,1,215162,261465.5,0,0.0
330,1,1,307769,261465.5,1,1.0
331,1,1,307769,261465.5,1,1.0
332,1,1,307769,261465.5,1,1.0
333,1,1,215162,261465.5,1,1.0
334,1,1,307769,261465.5,1,1.0
335,1,1,307769,261465.5,1,1.0
336,1,1,215162,261465.5,1,1.0
337,1,1,215162,261465.5,0,0.0
338,1,1,307769,261465.5,1,1.0
339,1,1,215162,261465.5,0,0.0
340,1,1,307769,261465.5,1,1.0
341,1,1,215162,261465.5,1,1.0
342,1,1,307769,261465.5,1,1.0
343,1,1,307769,261465.5,1,1.0
344,1,1,215162,261465.5,1,1.0
345,1,1,307769,261465.5,1,1.0
346,1,1,307769,261465.5,1,1.0
347,1,1,307769,261465.5,1,1.0
348,1,1,307769,261465.5,1,1.0
349,1,1,307769,261465.5,1,1.0
350,1,1,307769,261465.5,1,1.0
351,1,1,307769,261465.5,1,1.0
352,1,1,307769,261465.5,1,1.0
353,1,1,215162,261465.5,1,1.0
354,1,1,307769,261465.5,1,1.0
355,1,1,307769,261465.5,1,1.0
356,1,1,215162,261465.5,0,0.0
357,1,1,307769,261465.5,1,1.0
358,1,1,215162,261465.5,1,1.0
359,1,1,307769,261465.5,1,1.0
360,1,1,307769,261465.5,1,1.0
361,1,1,215162,261465.5,1,1.0
362,1,1,215162,261465.5,1,1.0
363,1,1,307769,261465.5,1,1.0
364,1,1,215162,261465.5,0,0.0
365,1,1,215162,261465.5,1,1.0
366,1,1,307769,261465.5,0,0.0
367,1,1,215162,261465.5,0,0.0
368,1,1,215162,261465.5,1,1.0
369,1,1,215162,261465.5,1,1.0
370,1,1,307769,261465.5,0,0.0
371,1,1,215162,261465.5,1,1.0
372,1,1,307769,261465.5,1,1.0
373,1,1,215162,261465.5,0,0.0
374,1,1,215162,261465.5,1,1.0
375,1,1,215162,261465.5,1,1.0
376,1,1,215162,261465.5,1,1.0
377,1,1,307769,261465.5,1,1.0
378,1,1,307769,261465.5,1,1.0
379,1,1,307769,261465.5,1,1.0
380,1,1,307769,261465.5,1,1.0
381,1,1,307769,261465.5,0,0.0
382,1,1,215162,261465.5,1,1.0
383,1,1,307769,261465.5,1,1.0
384,1,1,307769,261465.5,1,1.0
385,1,1,307769,261465.5,1,1.0
386,1,1,307769,261465.5,1,1.0
387,1,1,215162,261465.5,1,1.0
388,1,1,307769,261465.5,1,1.0
389,1,1,215162,261465.5,0,0.0
390,1,1,307769,261465.5,1,1.0
391,1,1,215162,261465.5,1,1.0
392,1,1,307769,261465.5,1,1.0
393,1,1,307769,261465.5,1,1.0
394,1,1,215162,261465.5,0,0.0
395,1,1,215162,261465.5,1,1.0
396,1,1,307769,261465.5,1,1.0
397,1,1,307769,261465.5,1,1.0
398,1,1,307769,261465.5,1,1.0
399,1,1,307769,261465.5,1,1.0
400,1,1,215162,261465.5,1,1.0
401,1,1,307769,261465.5,1,1.0
402,1,1,215162,261465.5,1,1.0
403,1,1,215162,261465.5,0,0.0
404,1,1,215162,261465.5,1,1.0
405,1,1,215162,261465.5,1,1.0
406,1,1,307769,261465.5,1,1.0
407,1,1,215162,261465.5,1,1.0
408,1,1,215162,261465.5,1,1.0
409,1,1,215162,261465.5,1,1.0
410,1,1,215162,261465.5,1,1.0
411,1,1,307769,261465.5,0,0.0
412,1,1,307769,261465.5,1,1.0
413,1,1,307769,261465.5,1,1.0
414,1,1,215162,261465.5,1,1.0
415,1,1,215162,261465.5,0,0.0
416,1,1,215162,261465.5,1,1.0
417,1,1,215162,261465.5,1,1.0
418,1,1,307769,261465.5,1,1.0
419,1,1,215162,261465.5,1,1.0
420,1,1,307769,261465.5,1,1.0
421,1,1,307769,261465.5,1,1.0
422,1,1,215162,261465.5,1,1.0
423,1,1,215162,261465.5,1,1.0
424,1,1,307769,261465.5,0,0.0
425,1,1,215162,261465.5,1,1.0
426,1,1,307769,261465.5,1,1.0
427,1,1,307769,261465.5,0,0.0
428,1,1,215162,261465.5,1,1.0
429,1,1,307769,261465.5,1,1.0
430,1,1,307769,261465.5,1,1.0
431,1,1,307769,261465.5,1,1.0
432,1,1,307769,261465.5,1,1.0
433,1,1,215162,261465.5,1,1.0
434,1,1,307769,261465.5,1,1.0
435,1,1,307769,261465.5,0,0.0
436,1,1,307769,261465.5,0,0.0
437,1,1,215162,261465.5,1,1.0
438,1,1,307769,261465.5,1,1.0
439,1,1,307769,261465.5,1,1.0
440,1,1,215162,261465.5,1,1.0
441,1,1,307769,261465.5,0,0.0
442,1,1,215162,261465.5,0,0.0
443,1,1,215162,261465.5,1,1.0
444,1,1,215162,261465.5,1,1.0
445,1,1,307769,261465.5,1,1.0
446,1,1,307769,261465.5,1,1.0
447,1,1,215162,261465.5,1,1.0
448,1,1,307769,261465.5,0,0.0
449,1,1,215162,261465.5,1,1.0
450,1,1,307769,261465.5,0,0.0
451,1,1,307769,261465.5,1,1.0
452,1,1,215162,261465.5,1,1.0
453,1,1,215162,261465.5,1,1.0
454,1,1,215162,261465.5,0,0.0
455,1,1,307769,261465.5,1,1.0
456,1,1,307769,261465.5,1,1.0
457,1,1,307769,261465.5,1,1.0
458,1,1,307769,261465.5,1,1.0
459,1,1,307769,261465.5,1,1.0
460,1,1,307769,261465.5,1,1.0
461,1,1,215162,261465.5,1,1.0
462,1,1,307769,261465.5,1,1.0
463,1,1,215162,261465.5,1,1.0
464,1,1,215162,261465.5,1,1.0
465,1,1,215162,261465.5,1,1.0
466,1,1,307769,261465.5,0,0.0
467,1,1,215162,261465.5,1,1.0
468,1,1,215162,261465.5,1,1.0
469,1,1,215162,261465.5,1,1.0
470,1,1,307769,261465.5,1,1.0
471,1,1,215162,261465.5,1,1.0
472,1,1,307769,261465.5,0,0.0
473,1,1,307769,261465.5,1,1.0
474,1,1,307769,261465.5,1,1.0
475,1,1,307769,261465.5,1,1.0
476,1,1,215162,261465.5,1,1.0
477,1,1,215162,261465.5,1,1.0
478,1,1,307769,261465.5,1,1.0
479,1,1,307769,261465.5,1,1.0
480,1,1,215162,261465.5,1,1.0
481,1,1,215162,261465.5,1,1.0
482,1,1,307769,261465.5,1,1.0
483,1,1,215162,261465.5,1,1.0
484,1,1,307769,261465.5,1,1.0
485,1,1,215162,261465.5,1,1.0
486,1,1,215162,261465.5,1,1.0
487,1,1,307769,261465.5,1,1.0
488,1,1,307769,261465.5,1,1.0
489,1,1,307769,261465.5,1,1.0
490,1,1,307769,261465.5,1,1.0
491,1,1,307769,261465.5,1,1.0
492,1,1,215162,261465.5,1,1.0
493,1,1,307769,261465.5,1,1.0
494,1,1,307769,261465.5,1,1.0
495,1,1,215162,261465.5,0,0.0
496,1,1,307769,261465.5,1,1.0
497,1,1,307769,261465.5,1,1.0
498,1,1,215162,261465.5,1,1.0
499,1,1,307769,261465.5,0,0.0
500,1,1,307769,261465.5,1,1.0
501,1,1,307769,261465.5,1,1.0
502,1,1,307769,261465.5,0,0.0
503,1,1,215162,261465.5,1,1.0
504,1,1,215162,261465.5,0,0.0
505,1,1,307769,261465.5,1,1.0
506,1,1,215162,261465.5,0,0.0
507,1,1,215162,261465.5,1,1.0
508,1,1,215162,261465.5,1,1.0
509,1,1,307769,261465.5,1,1.0
510,1,1,215162,261465.5,1,1.0
511,1,1,307769,261465.5,1,1.0
512,1,1,307769,261465.5,1,1.0
513,1,1,307769,261465.5,1,1.0
514,1,1,215162,261465.5,1,1.0
515,1,1,307769,261465.5,1,1.0
516,1,1,307769,261465.5,1,1.0
517,1,1,307769,261465.5,1,1.0
518,1,1,215162,261465.5,1,1.0
519,1,1,215162,261465.5,1,1.0
520,1,1,215162,261465.5,1,1.0
521,1,1,307769,261465.5,1,1.0
522,1,1,215162,261465.5,1,1.0
523,1,1,307769,261465.5,1,1.0
524,1,1,307769,261465.5,1,1.0
525,1,1,215162,261465.5,1,1.0
526,1,1,215162,261465.5,1,1.0
527,1,1,307769,261465.5,1,1.0
528,1,1,307769,261465.5,1,1.0
529,1,1,307769,261465.5,1,1.0
530,1,1,307769,261465.5,1,1.0
531,1,1,215162,261465.5,1,1.0
532,1,1,215162,261465.5,0,0.0
533,1,1,215162,261465.5,1,1.0
534,1,1,307769,261465.5,1,1.0
535,1,1,215162,261465.5,1,1.0
536,1,1,307769,261465.5,1,1.0
537,1,1,307769,261465.5,1,1.0
538,1,1,307769,261465.5,0,0.0
539,1,1,215162,261465.5,0,0.0
540,1,1,307769,261465.5,1,1.0
541,1,1,307769,261465.5,1,1.0
542,1,1,307769,261465.5,1,1.0
543,1,1,307769,261465.5,1,1.0
544,1,1,215162,261465.5,0,0.0
545,1,1,215162,261465.5,1,1.0
546,1,1,215162,261465.5,1,1.0
547,1,1,215162,261465.5,1,1.0
548,1,1,307769,261465.5,1,1.0
549,1,1,215162,261465.5,1,1.0
550,1,1,215162,261465.5,1,1.0
551,1,1,307769,261465.5,1,1.0
552,1,1,307769,261465.5,1,1.0
553,1,1,307769,261465.5,1,1.0
554,1,1,307769,261465.5,0,0.0
555,1,1,215162,261465.5,0,0.0
556,1,1,215162,261465.5,1,1.0
557,1,1,307769,261465.5,1,1.0
558,1,1,307769,261465.5,1,1.0
559,1,1,215162,261465.5,1,1.0
560,1,1,215162,261465.5,1,1.0
561,1,1,307769,261465.5,0,0.0
562,1,1,307769,261465.5,1,1.0
563,1,1,215162,261465.5,1,1.0
564,1,1,215162,261465.5,0,0.0
565,1,1,215162,261465.5,1,1.0
566,1,1,215162,261465.5,1,1.0
567,1,1,307769,261465.5,1,1.0
568,1,1,215162,261465.5,1,1.0
569,1,1,215162,261465.5,0,0.0
570,1,1,307769,261465.5,1,1.0
571,1,1,215162,261465.5,1,1.0
572,1,1,307769,261465.5,1,1.0
573,1,1,215162,261465.5,1,1.0
574,1,1,307769,261465.5,1,1.0
575,1,1,215162,261465.5,1,1.0
576,1,1,215162,261465.5,1,1.0
577,1,1,215162,261465.5,1,1.0
578,1,1,215162,261465.5,0,0.0
579,1,1,215162,261465.5,1,1.0
580,1,1,215162,261465.5,1,1.0
581,1,1,307769,261465.5,1,1.0
582,1,1,307769,261465.5,1,1.0
583,1,1,307769,261465.5,1,1.0
584,1,1,307769,261465.5,1,1.0
585,1,1,215162,261465.5,1,1.0
586,1,1,215162,261465.5,1,1.0
587,1,1,215162,261465.5,1,1.0
588,1,1,307769,261465.5,1,1.0
589,1,1,307769,261465.5,1,1.0
590,1,1,215162,261465.5,1,1.0
591,1,1,215162,261465.5,1,1.0
592,1,1,215162,261465.5,1,1.0
593,1,1,307769,261465.5,1,1.0
594,1,1,215162,261465.5,1,1.0
595,1,1,307769,261465.5,1,1.0
596,1,1,307769,261465.5,1,1.0
597,1,1,215162,261465.5,0,0.0
598,1,1,215162,261465.5,1,1.0
599,1,1,307769,261465.5,1,1.0
600,1,1,215162,261465.5,1,1.0
601,1,1,307769,261465.5,1,1.0
602,1,1,307769,261465.5,1,1.0
603,1,1,307769,261465.5,1,1.0
604,1,1,307769,261465.5,1,1.0
605,1,1,307769,261465.5,1,1.0
606,1,1,307769,261465.5,1,1.0
607,1,1,307769,261465.5,1,1.0
608,1,1,215162,261465.5,0,0.0
609,1,1,215162,261465.5,1,1.0
610,1,1,307769,261465.5,1,1.0
611,1,1,215162,261465.5,1,1.0
612,1,1,215162,261465.5,1,1.0
613,1,1,215162,261465.5,1,1.0
614,1,1,307769,261465.5,1,1.0
615,1,1,307769,261465.5,1,1.0
616,1,1,307769,261465.5,1,1.0
617,1,1,215162,261465.5,1,1.0
618,1,1,215162,261465.5,1,1.0
619,1,1,215162,261465.5,1,1.0
620,1,1,215162,261465.5,0,0.0
621,1,1,215162,261465.5,1,1.0
622,1,1,215162,261465.5,1,1.0
623,1,1,307769,261465.5,1,1.0
624,1,1,307769,261465.5,1,1.0
625,1,1,215162,261465.5,0,0.0
626,1,1,215162,261465.5,1,1.0
627,1,1,215162,261465.5,1,1.0
628,1,1,215162,261465.5,1,1.0
629,1,1,307769,261465.5,1,1.0
630,1,1,307769,261465.5,1,1.0
631,1,1,215162,261465.5,1,1.0
632,1,1,215162,261465.5,1,1.0
633,1,1,215162,261465.5,1,1.0
634,1,1,307769,261465.5,1,1.0
635,1,1,307769,261465.5,1,1.0
636,1,1,215162,261465.5,1,1.0
637,1,1,307769,261465.5,1,1.0
638,1,1,215162,261465.5,1,1.0
639,1,1,307769,261465.5,1,1.0
640,1,1,215162,261465.5,1,1.0
641,1,1,215162,261465.5,1,1.0
642,1,1,307769,261465.5,1,1.0
643,1,1,307769,261465.5,1,1.0
644,1,1,307769,261465.5,1,1.0
645,1,1,215162,261465.5,1,1.0
646,1,1,215162,261465.5,1,1.0
647,1,1,307769,261465.5,1,1.0
648,1,1,215162,261465.5,1,1.0
649,1,1,215162,261465.5,0,0.0
650,1,1,307769,261465.5,1,1.0
651,1,1,307769,261465.5,1,1.0
652,1,1,307769,261465.5,1,1.0
653,1,1,307769,261465.5,0,0.0
654,1,1,215162,261465.5,1,1.0
655,1,1,215162,261465.5,1,1.0
656,1,1,307769,261465.5,1,1.0
657,1,1,215162,261465.5,1,1.0
658,1,1,215162,261465.5,1,1.0
659,1,1,307769,261465.5,1,1.0
660,1,1,215162,261465.5,1,1.0
661,1,1,307769,261465.5,1,1.0
662,1,1,307769,261465.5,1,1.0
663,1,1,307769,261465.5,1,1.0
664,1,1,307769,261465.5,1,1.0
665,1,1,307769,261465.5,1,1.0
666,1,1,307769,261465.5,1,1.0
667,1,1,307769,261465.5,0,0.0
668,1,1,307769,261465.5,1,1.0
669,1,1,307769,261465.5,1,1.0
670,1,1,215162,261465.5,1,1.0
671,1,1,215162,261465.5,1,1.0
672,1,1,215162,261465.5,1,1.0
673,1,1,307769,261465.5,1,1.0
674,1,1,307769,261465.5,1,1.0
675,1,1,307769,261465.5,1,1.0
676,1,1,215162,261465.5,1,1.0
677,1,1,307769,261465.5,1,1.0
678,1,1,215162,261465.5,1,1.0
679,1,1,307769,261465.5,1,1.0
680,1,1,215162,261465.5,1,1.0
681,1,1,215162,261465.5,0,0.0
682,1,1,307769,261465.5,0,0.0
683,1,1,307769,261465.5,1,1.0
684,1,1,307769,261465.5,1,1.0
685,1,1,307769,261465.5,1,1.0
686,1,1,215162,261465.5,1,1.0
687,1,1,215162,261465.5,1,1.0
688,1,1,215162,261465.5,1,1.0
689,1,1,307769,261465.5,0,0.0
690,1,1,215162,261465.5,1,1.0
691,1,1,307769,261465.5,1,1.0
692,1,1,215162,261465.5,1,1.0
693,1,1,307769,261465.5,1,1.0
694,1,1,215162,261465.5,1,1.0
695,1,1,215162,261465.5,1,1.0
696,1,1,307769,261465.5,1,1.0
697,1,1,307769,261465.5,1,1.0
698,1,1,215162,261465.5,1,1.0
699,1,1,307769,261465.5,1,1.0
700,1,1,215162,261465.5,1,1.0
701,1,1,307769,261465.5,1,1.0
702,1,1,307769,261465.5,1,1.0
703,1,1,215162,261465.5,1,1.0
704,1,1,307769,261465.5,1,1.0
705,1,1,307769,261465.5,0,0.0
706,1,1,215162,261465.5,0,0.0
707,1,1,215162,261465.5,1,1.0
708,1,1,307769,261465.5,1,1.0
709,1,1,307769,261465.5,1,1.0
710,1,1,307769,261465.5,0,0.0
711,1,1,307769,261465.5,1,1.0
712,1,1,215162,261465.5,1,1.0
713,1,1,215162,261465.5,1,1.0
714,1,1,307769,261465.5,1,1.0
715,1,1,307769,261465.5,1,1.0
716,1,1,307769,261465.5,1,1.0
717,1,1,307769,261465.5,1,1.0
718,1,1,215162,261465.5,1,1.0
719,1,1,307769,261465.5,1,1.0
720,1,1,215162,261465.5,1,1.0
721,1,1,215162,261465.5,1,1.0
722,1,1,307769,261465.5,1,1.0
723,1,1,307769,261465.5,1,1.0
724,1,1,307769,261465.5,0,0.0
725,1,1,215162,261465.5,1,1.0
726,1,1,307769,261465.5,1,1.0
727,1,1,307769,261465.5,1,1.0
728,1,1,215162,261465.5,1,1.0
729,1,1,307769,261465.5,1,1.0
730,1,1,307769,261465.5,1,1.0
731,1,1,307769,261465.5,1,1.0
732,1,1,307769,261465.5,1,1.0
733,1,1,307769,261465.5,1,1.0
734,1,1,307769,261465.5,1,1.0
735,1,1,307769,261465.5,1,1.0
736,1,1,215162,261465.5,0,0.0
737,1,1,215162,261465.5,1,1.0
738,1,1,307769,261465.5,1,1.0
739,1,1,215162,261465.5,0,0.0
740,1,1,307769,261465.5,1,1.0
741,1,1,215162,261465.5,1,1.0
742,1,1,215162,261465.5,1,1.0
743,1,1,215162,261465.5,1,1.0
744,1,1,215162,261465.5,1,1.0
745,1,1,307769,261465.5,1,1.0
746,1,1,307769,261465.5,1,1.0
747,1,1,307769,261465.5,1,1.0
748,1,1,215162,261465.5,1,1.0
749,1,1,307769,261465.5,1,1.0
750,1,1,215162,261465.5,1,1.0
751,1,1,215162,261465.5,1,1.0
752,1,1,215162,261465.5,1,1.0
753,1,1,307769,261465.5,1,1.0
754,1,1,215162,261465.5,1,1.0
755,1,1,215162,261465.5,1,1.0
756,1,1,215162,261465.5,1,1.0
757,1,1,307769,261465.5,1,1.0
758,1,1,215162,261465.5,0,0.0
759,1,1,307769,261465.5,0,0.0
760,1,1,307769,261465.5,1,1.0
761,1,1,215162,261465.5,1,1.0
762,1,1,215162,261465.5,1,1.0
763,1,1,215162,261465.5,1,1.0
764,1,1,215162,261465.5,0,0.0
765,1,1,307769,261465.5,1,1.0
766,1,1,215162,261465.5,1,1.0
767,1,1,307769,261465.5,1,1.0
768,1,1,215162,261465.5,0,0.0
769,1,1,215162,261465.5,0,0.0
770,1,1,307769,261465.5,1,1.0
771,1,1,215162,261465.5,1,1.0
772,1,1,307769,261465.5,1,1.0
773,1,1,307769,261465.5,1,1.0
774,1,1,307769,261465.5,1,1.0
775,1,1,307769,261465.5,1,1.0
776,1,1,307769,261465.5,1,1.0
777,1,1,307769,261465.5,1,1.0
778,1,1,215162,261465.5,0,0.0
779,1,1,215162,261465.5,1,1.0
780,1,1,307769,261465.5,0,0.0
781,1,1,215162,261465.5,0,0.0
782,1,1,307769,261465.5,1,1.0
783,1,1,307769,261465.5,1,1.0
784,1,1,215162,261465.5,0,0.0
785,1,1,307769,261465.5,1,1.0
786,1,1,215162,261465.5,0,0.0
787,1,1,307769,261465.5,1,1.0
788,1,1,307769,261465.5,1,1.0
789,1,1,215162,261465.5,1,1.0
790,1,1,215162,261465.5,1,1.0
791,1,1,215162,261465.5,1,1.0
792,1,1,307769,261465.5,1,1.0
793,1,1,307769,261465.5,1,1.0
794,1,1,307769,261465.5,1,1.0
795,1,1,215162,261465.5,1,1.0
796,1,1,307769,261465.5,1,1.0
797,1,1,307769,261465.5,1,1.0
798,1,1,215162,261465.5,1,1.0
799,1,1,307769,261465.5,1,1.0
800,1,1,215162,261465.5,0,0.0
801,1,1,307769,261465.5,1,1.0
802,1,1,307769,261465.5,1,1.0
803,1,1,215162,261465.5,1,1.0
804,1,1,215162,261465.5,1,1.0
805,1,1,215162,261465.5,1,1.0
806,1,1,215162,261465.5,1,1.0
807,1,1,307769,261465.5,1,1.0
808,1,1,215162,261465.5,1,1.0
809,1,1,307769,261465.5,1,1.0
810,1,1,307769,261465.5,1,1.0
811,1,1,307769,261465.5,1,1.0
812,1,1,307769,261465.5,1,1.0
813,1,1,307769,261465.5,1,1.0
814,1,1,215162,261465.5,1,1.0
815,1,1,215162,261465.5,1,1.0
816,1,1,307769,261465.5,1,1.0
817,1,1,215162,261465.5,1,1.0
818,1,1,215162,261465.5,1,1.0
819,1,1,307769,261465.5,1,1.0
820,1,1,215162,261465.5,1,1.0
821,1,1,215162,261465.5,0,0.0
822,1,1,307769,261465.5,1,1.0
823,1,1,215162,261465.5,1,1.0
824,1,1,307769,261465.5,1,1.0
825,1,1,215162,261465.5,1,1.0
826,1,1,307769,261465.5,1,1.0
827,1,1,307769,261465.5,1,1.0
828,1,1,215162,261465.5,1,1.0
829,1,1,307769,261465.5,1,1.0
830,1,1,215162,261465.5,1,1.0
831,1,1,307769,261465.5,1,1.0
832,1,1,215162,261465.5,1,1.0
833,1,1,307769,261465.5,1,1.0
834,1,1,307769,261465.5,0,0.0
835,1,1,307769,261465.5,1,1.0
836,1,1,215162,261465.5,1,1.0
837,1,1,215162,261465.5,1,1.0
838,1,1,307769,261465.5,1,1.0
839,1,1,215162,261465.5,1,1.0
840,1,1,307769,261465.5,1,1.0
841,1,1,307769,261465.5,1,1.0
842,1,1,215162,261465.5,1,1.0
843,1,1,307769,261465.5,1,1.0
844,1,1,215162,261465.5,1,1.0
845,1,1,307769,261465.5,1,1.0
846,1,1,215162,261465.5,1,1.0
847,1,1,215162,261465.5,1,1.0
848,1,1,215162,261465.5,1,1.0
849,1,1,307769,261465.5,1,1.0
850,1,1,307769,261465.5,1,1.0
851,1,1,215162,261465.5,1,1.0
852,1,1,307769,261465.5,1,1.0
853,1,1,307769,261465.5,0,0.0
854,1,1,215162,261465.5,1,1.0
855,1,1,307769,261465.5,1,1.0
856,1,1,215162,261465.5,1,1.0
857,1,1,307769,261465.5,1,1.0
858,1,1,215162,261465.5,1,1.0
859,1,1,215162,261465.5,1,1.0
860,1,1,307769,261465.5,1,1.0
861,1,1,215162,261465.5,0,0.0
862,1,1,307769,261465.5,1,1.0
863,1,1,307769,261465.5,1,1.0
864,1,1,215162,261465.5,1,1.0
865,1,1,215162,261465.5,1,1.0
866,1,1,307769,261465.5,1,1.0
867,1,1,307769,261465.5,1,1.0
868,1,1,307769,261465.5,1,1.0
869,1,1,307769,261465.5,1,1.0
870,1,1,215162,261465.5,1,1.0
871,1,1,215162,261465.5,1,1.0
872,1,1,307769,261465.5,1,1.0
873,1,1,215162,261465.5,1,1.0
874,1,1,307769,261465.5,1,1.0
875,1,1,307769,261465.5,1,1.0
876,1,1,307769,261465.5,1,1.0
877,1,1,215162,261465.5,1,1.0
878,1,1,307769,261465.5,1,1.0
879,1,1,215162,261465.5,1,1.0
880,1,1,307769,261465.5,1,1.0
881,1,1,307769,261465.5,1,1.0
882,1,1,307769,261465.5,1,1.0
883,1,1,215162,261465.5,1,1.0
884,1,1,215162,261465.5,1,1.0
885,1,1,307769,261465.5,1,1.0
886,1,1,307769,261465.5,1,1.0
887,1,1,215162,261465.5,1,1.0
888,1,1,307769,261465.5,1,1.0
889,1,1,307769,261465.5,1,1.0
890,1,1,307769,261465.5,1,1.0
891,1,1,215162,261465.5,0,0.0
892,1,1,215162,261465.5,1,1.0
893,1,1,215162,261465.5,0,0.0
894,1,1,215162,261465.5,1,1.0
895,1,1,307769,261465.5,1,1.0
896,1,1,307769,261465.5,1,1.0
897,1,1,307769,261465.5,1,1.0
898,1,1,307769,261465.5,1,1.0
899,1,1,307769,261465.5,1,1.0
900,1,1,307769,261465.5,1,1.0
901,1,1,307769,261465.5,1,1.0
902,1,1,215162,261465.5,1,1.0
903,1,1,307769,261465.5,1,1.0
904,1,1,215162,261465.5,0,0.0
905,1,1,215162,261465.5,1,1.0
906,1,1,307769,261465.5,1,1.0
907,1,1,215162,261465.5,1,1.0
908,1,1,307769,261465.5,1,1.0
909,1,1,215162,261465.5,1,1.0
910,1,1,307769,261465.5,1,1.0
911,1,1,307769,261465.5,1,1.0
912,1,1,215162,261465.5,0,0.0
913,1,1,215162,261465.5,1,1.0
914,1,1,215162,261465.5,0,0.0
915,1,1,215162,261465.5,1,1.0
916,1,1,307769,261465.5,1,1.0
917,1,1,307769,261465.5,1,1.0
918,1,1,307769,261465.5,1,1.0
919,1,1,215162,261465.5,0,0.0
920,1,1,307769,261465.5,1,1.0
921,1,1,215162,261465.5,1,1.0
922,1,1,307769,261465.5,1,1.0
923,1,1,307769,261465.5,1,1.0
924,1,1,307769,261465.5,1,1.0
925,1,1,307769,261465.5,1,1.0
926,1,1,307769,261465.5,1,1.0
927,1,1,215162,261465.5,1,1.0
928,1,1,215162,261465.5,1,1.0
929,1,1,307769,261465.5,1,1.0
930,1,1,307769,261465.5,1,1.0
931,1,1,215162,261465.5,1,1.0
932,1,1,215162,261465.5,0,0.0
933,1,1,307769,261465.5,1,1.0
934,1,1,215162,261465.5,1,1.0
935,1,1,307769,261465.5,1,1.0
936,1,1,215162,261465.5,1,1.0
937,1,1,307769,261465.5,1,1.0
938,1,1,307769,261465.5,1,1.0
939,1,1,307769,261465.5,1,1.0
940,1,1,307769,261465.5,1,1.0
941,1,1,215162,261465.5,1,1.0
942,1,1,307769,261465.5,1,1.0
943,1,1,215162,261465.5,1,1.0
944,1,1,307769,261465.5,0,0.0
945,1,1,215162,261465.5,1,1.0
946,1,1,307769,261465.5,1,1.0
947,1,1,307769,261465.5,1,1.0
948,1,1,215162,261465.5,1,1.0
949,1,1,307769,261465.5,1,1.0
950,1,1,215162,261465.5,1,1.0
951,1,1,307769,261465.5,0,0.0
952,1,1,307769,261465.5,1,1.0
953,1,1,215162,261465.5,0,0.0
954,1,1,307769,261465.5,1,1.0
955,1,1,215162,261465.5,1,1.0
956,1,1,307769,261465.5,1,1.0
957,1,1,307769,261465.5,1,1.0
958,1,1,307769,261465.5,1,1.0
959,1,1,215162,261465.5,1,1.0
960,1,1,307769,261465.5,1,1.0
961,1,1,307769,261465.5,1,1.0
962,1,1,215162,261465.5,1,1.0
963,1,1,307769,261465.5,1,1.0
964,1,1,215162,261465.5,1,1.0
965,1,1,215162,261465.5,0,0.0
966,1,1,215162,261465.5,1,1.0
967,1,1,215162,261465.5,1,1.0
968,1,1,215162,261465.5,1,1.0
969,1,1,307769,261465.5,1,1.0
970,1,1,215162,261465.5,0,0.0
971,1,1,307769,261465.5,1,1.0
972,1,1,307769,261465.5,1,1.0
973,1,1,215162,261465.5,0,0.0
974,1,1,215162,261465.5,1,1.0
975,1,1,307769,261465.5,1,1.0
976,1,1,215162,261465.5,1,1.0
977,1,1,307769,261465.5,1,1.0
978,1,1,215162,261465.5,0,0.0
979,1,1,307769,261465.5,1,1.0
980,1,1,215162,261465.5,1,1.0
981,1,1,307769,261465.5,1,1.0
982,1,1,307769,261465.5,1,1.0
983,1,1,307769,261465.5,1,1.0
984,1,1,307769,261465.5,1,1.0
985,1,1,307769,261465.5,1,1.0
986,1,1,307769,261465.5,1,1.0
987,1,1,307769,261465.5,1,1.0
988,1,1,215162,261465.5,1,1.0
989,1,1,215162,261465.5,1,1.0
990,1,1,307769,261465.5,1,1.0
991,1,1,307769,261465.5,1,1.0
992,1,1,307769,261465.5,1,1.0
993,1,1,215162,261465.5,1,1.0
994,1,1,307769,261465.5,1,1.0
995,1,1,215162,261465.5,0,0.0
996,1,1,215162,261465.5,1,1.0
997,1,1,215162,261465.5,1,1.0
998,1,1,215162,261465.5,0,0.0
999,1,1,307769,261465.5,1,1.0
0,1,10,307769,261465.5,10,1.0
1,1,10,215162,261465.5,3,0.3
2,1,10,307769,261465.5,7,0.7
3,1,10,215162,261465.5,10,1.0
4,1,10,215162,261465.5,10,1.0
5,1,10,215162,261465.5,10,1.0
6,1,10,215162,261465.5,8,0.8
7,1,10,215162,261465.5,8,0.8
8,1,10,215162,261465.5,10,1.0
9,1,10,215162,261465.5,10,1.0
10,1,10,307769,261465.5,5,0.5
11,1,10,307769,261465.5,6,0.6
12,1,10,215162,261465.5,10,1.0
13,1,10,307769,261465.5,10,1.0
14,1,10,215162,261465.5,10,1.0
15,1,10,215162,261465.5,10,1.0
16,1,10,307769,261465.5,7,0.7
17,1,10,307769,261465.5,10,1.0
18,1,10,215162,261465.5,10,1.0
19,1,10,307769,261465.5,10,1.0
20,1,10,215162,261465.5,3,0.3
21,1,10,307769,261465.5,10,1.0
22,1,10,215162,261465.5,4,0.4
23,1,10,307769,261465.5,10,1.0
24,1,10,307769,261465.5,10,1.0
25,1,10,215162,261465.5,10,1.0
26,1,10,215162,261465.5,10,1.0
27,1,10,215162,261465.5,10,1.0
28,1,10,307769,261465.5,10,1.0
29,1,10,307769,261465.5,10,1.0
30,1,10,215162,261465.5,10,1.0
31,1,10,215162,261465.5,7,0.7
32,1,10,307769,261465.5,8,0.8
33,1,10,215162,261465.5,10,1.0
34,1,10,307769,261465.5,9,0.9
35,1,10,307769,261465.5,8,0.8
36,1,10,307769,261465.5,8,0.8
37,1,10,307769,261465.5,10,1.0
38,1,10,215162,261465.5,10,1.0
39,1,10,215162,261465.5,10,1.0
40,1,10,307769,261465.5,8,0.8
41,1,10,215162,261465.5,10,1.0
42,1,10,307769,261465.5,4,0.4
43,1,10,215162,261465.5,10,1.0
44,1,10,307769,261465.5,10,1.0
45,1,10,215162,261465.5,6,0.6
46,1,10,307769,261465.5,6,0.6
47,1,10,215162,261465.5,10,1.0
48,1,10,307769,261465.5,10,1.0
49,1,10,215162,261465.5,8,0.8
50,1,10,307769,261465.5,8,0.8
51,1,10,307769,261465.5,10,1.0
52,1,10,307769,261465.5,8,0.8
53,1,10,307769,261465.5,10,1.0
54,1,10,307769,261465.5,7,0.7
55,1,10,307769,261465.5,8,0.8
56,1,10,215162,261465.5,10,1.0
57,1,10,307769,261465.5,10,1.0
58,1,10,215162,261465.5,9,0.9
59,1,10,307769,261465.5,8,0.8
60,1,10,215162,261465.5,10,1.0
61,1,10,307769,261465.5,9,0.9
62,1,10,307769,261465.5,4,0.4
63,1,10,307769,261465.5,6,0.6
64,1,10,307769,261465.5,10,1.0
65,1,10,215162,261465.5,10,1.0
66,1,10,215162,261465.5,8,0.8
67,1,10,307769,261465.5,5,0.5
68,1,10,307769,261465.5,6,0.6
69,1,10,307769,261465.5,7,0.7
70,1,10,215162,261465.5,2,0.2
71,1,10,215162,261465.5,0,0.0
72,1,10,307769,261465.5,6,0.6
73,1,10,215162,261465.5,10,1.0
74,1,10,307769,261465.5,10,1.0
75,1,10,215162,261465.5,8,0.8
76,1,10,307769,261465.5,8,0.8
77,1,10,215162,261465.5,10,1.0
78,1,10,215162,261465.5,10,1.0
79,1,10,215162,261465.5,9,0.9
80,1,10,215162,261465.5,7,0.7
81,1,10,307769,261465.5,9,0.9
82,1,10,307769,261465.5,10,1.0
83,1,10,307769,261465.5,4,0.4
84,1,10,307769,261465.5,10,1.0
85,1,10,307769,261465.5,10,1.0
86,1,10,307769,261465.5,9,0.9
87,1,10,307769,261465.5,5,0.5
88,1,10,307769,261465.5,10,1.0
89,1,10,215162,261465.5,4,0.4
90,1,10,307769,261465.5,9,0.9
91,1,10,307769,261465.5,10,1.0
92,1,10,215162,261465.5,4,0.4
93,1,10,307769,261465.5,10,1.0
94,1,10,307769,261465.5,10,1.0
95,1,10,215162,261465.5,7,0.7
96,1,10,215162,261465.5,9,0.9
97,1,10,307769,261465.5,9,0.9
98,1,10,307769,261465.5,5,0.5
99,1,10,307769,261465.5,4,0.4
100,1,10,307769,261465.5,10,1.0
101,1,10,215162,261465.5,6,0.6
102,1,10,215162,261465.5,7,0.7
103,1,10,215162,261465.5,8,0.8
104,1,10,307769,261465.5,8,0.8
105,1,10,307769,261465.5,10,1.0
106,1,10,307769,261465.5,4,0.4
107,1,10,215162,261465.5,10,1.0
108,1,10,307769,261465.5,9,0.9
109,1,10,215162,261465.5,10,1.0
110,1,10,215162,261465.5,7,0.7
111,1,10,215162,261465.5,9,0.9
112,1,10,215162,261465.5,2,0.2
113,1,10,307769,261465.5,10,1.0
114,1,10,215162,261465.5,6,0.6
115,1,10,215162,261465.5,3,0.3
116,1,10,215162,261465.5,10,1.0
117,1,10,215162,261465.5,5,0.5
118,1,10,215162,261465.5,8,0.8
119,1,10,215162,261465.5,9,0.9
120,1,10,215162,261465.5,7,0.7
121,1,10,307769,261465.5,10,1.0
122,1,10,307769,261465.5,10,1.0
123,1,10,307769,261465.5,9,0.9
124,1,10,307769,261465.5,7,0.7
125,1,10,215162,261465.5,2,0.2
126,1,10,307769,261465.5,9,0.9
127,1,10,215162,261465.5,7,0.7
128,1,10,215162,261465.5,8,0.8
129,1,10,215162,261465.5,10,1.0
130,1,10,307769,261465.5,8,0.8
131,1,10,307769,261465.5,9,0.9
132,1,10,215162,261465.5,4,0.4
133,1,10,215162,261465.5,7,0.7
134,1,10,307769,261465.5,10,1.0
135,1,10,215162,261465.5,10,1.0
136,1,10,307769,261465.5,8,0.8
137,1,10,215162,261465.5,3,0.3
138,1,10,215162,261465.5,8,0.8
139,1,10,307769,261465.5,10,1.0
140,1,10,215162,261465.5,5,0.5
141,1,10,215162,261465.5,10,1.0
142,1,10,307769,261465.5,10,1.0
143,1,10,215162,261465.5,9,0.9
144,1,10,215162,261465.5,9,0.9
145,1,10,307769,261465.5,10,1.0
146,1,10,307769,261465.5,9,0.9
147,1,10,307769,261465.5,10,1.0
148,1,10,215162,261465.5,3,0.3
149,1,10,307769,261465.5,8,0.8
150,1,10,307769,261465.5,10,1.0
151,1,10,215162,261465.5,9,0.9
152,1,10,215162,261465.5,10,1.0
153,1,10,307769,261465.5,9,0.9
154,1,10,307769,261465.5,8,0.8
155,1,10,215162,261465.5,0,0.0
156,1,10,307769,261465.5,6,0.6
157,1,10,215162,261465.5,7,0.7
158,1,10,307769,261465.5,10,1.0
159,1,10,307769,261465.5,8,0.8
160,1,10,307769,261465.5,6,0.6
161,1,10,307769,261465.5,9,0.9
162,1,10,215162,261465.5,9,0.9
163,1,10,307769,261465.5,10,1.0
164,1,10,307769,261465.5,10,1.0
165,1,10,307769,261465.5,9,0.9
166,1,10,215162,261465.5,10,1.0
167,1,10,215162,261465.5,7,0.7
168,1,10,307769,261465.5,7,0.7
169,1,10,215162,261465.5,3,0.3
170,1,10,307769,261465.5,10,1.0
171,1,10,307769,261465.5,9,0.9
172,1,10,215162,261465.5,5,0.5
173,1,10,215162,261465.5,5,0.5
174,1,10,307769,261465.5,3,0.3
175,1,10,307769,261465.5,10,1.0
176,1,10,307769,261465.5,5,0.5
177,1,10,215162,261465.5,4,0.4
178,1,10,307769,261465.5,10,1.0
179,1,10,307769,261465.5,10,1.0
180,1,10,307769,261465.5,9,0.9
181,1,10,215162,261465.5,7,0.7
182,1,10,307769,261465.5,9,0.9
183,1,10,215162,261465.5,4,0.4
184,1,10,215162,261465.5,7,0.7
185,1,10,307769,261465.5,10,1.0
186,1,10,307769,261465.5,10,1.0
187,1,10,215162,261465.5,9,0.9
188,1,10,307769,261465.5,7,0.7
189,1,10,215162,261465.5,8,0.8
190,1,10,307769,261465.5,10,1.0
191,1,10,215162,261465.5,2,0.2
192,1,10,307769,261465.5,4,0.4
193,1,10,307769,261465.5,2,0.2
194,1,10,307769,261465.5,9,0.9
195,1,10,307769,261465.5,10,1.0
196,1,10,307769,261465.5,6,0.6
197,1,10,215162,261465.5,10,1.0
198,1,10,215162,261465.5,10,1.0
199,1,10,215162,261465.5,8,0.8
200,1,10,307769,261465.5,6,0.6
201,1,10,307769,261465.5,10,1.0
202,1,10,307769,261465.5,10,1.0
203,1,10,215162,261465.5,1,0.1
204,1,10,215162,261465.5,9,0.9
205,1,10,307769,261465.5,10,1.0
206,1,10,215162,261465.5,9,0.9
207,1,10,215162,261465.5,10,1.0
208,1,10,307769,261465.5,9,0.9
209,1,10,307769,261465.5,10,1.0
210,1,10,307769,261465.5,10,1.0
211,1,10,307769,261465.5,8,0.8
212,1,10,307769,261465.5,10,1.0
213,1,10,307769,261465.5,10,1.0
214,1,10,307769,261465.5,9,0.9
215,1,10,307769,261465.5,8,0.8
216,1,10,307769,261465.5,5,0.5
217,1,10,307769,261465.5,4,0.4
218,1,10,215162,261465.5,10,1.0
219,1,10,307769,261465.5,10,1.0
220,1,10,307769,261465.5,10,1.0
221,1,10,307769,261465.5,9,0.9
222,1,10,307769,261465.5,10,1.0
223,1,10,307769,261465.5,10,1.0
224,1,10,307769,261465.5,9,0.9
225,1,10,215162,261465.5,5,0.5
226,1,10,307769,261465.5,10,1.0
227,1,10,215162,261465.5,7,0.7
228,1,10,307769,261465.5,10,1.0
229,1,10,307769,261465.5,10,1.0
230,1,10,215162,261465.5,3,0.3
231,1,10,215162,261465.5,4,0.4
232,1,10,307769,261465.5,6,0.6
233,1,10,215162,261465.5,7,0.7
234,1,10,215162,261465.5,7,0.7
235,1,10,307769,261465.5,7,0.7
236,1,10,307769,261465.5,10,1.0
237,1,10,215162,261465.5,6,0.6
238,1,10,307769,261465.5,10,1.0
239,1,10,215162,261465.5,4,0.4
240,1,10,307769,261465.5,6,0.6
241,1,10,215162,261465.5,9,0.9
242,1,10,307769,261465.5,10,1.0
243,1,10,307769,261465.5,10,1.0
244,1,10,307769,261465.5,7,0.7
245,1,10,215162,261465.5,9,0.9
246,1,10,215162,261465.5,6,0.6
247,1,10,307769,261465.5,10,1.0
248,1,10,307769,261465.5,10,1.0
249,1,10,307769,261465.5,9,0.9
250,1,10,307769,261465.5,10,1.0
251,1,10,215162,261465.5,9,0.9
252,1,10,307769,261465.5,10,1.0
253,1,10,307769,261465.5,6,0.6
254,1,10,307769,261465.5,10,1.0
255,1,10,307769,261465.5,9,0.9
256,1,10,307769,261465.5,8,0.8
257,1,10,307769,261465.5,10,1.0
258,1,10,215162,261465.5,10,1.0
259,1,10,215162,261465.5,8,0.8
260,1,10,307769,261465.5,4,0.4
261,1,10,215162,261465.5,7,0.7
262,1,10,215162,261465.5,10,1.0
263,1,10,215162,261465.5,0,0.0
264,1,10,307769,261465.5,6,0.6
265,1,10,307769,261465.5,9,0.9
266,1,10,215162,261465.5,4,0.4
267,1,10,307769,261465.5,10,1.0
268,1,10,215162,261465.5,9,0.9
269,1,10,307769,261465.5,10,1.0
270,1,10,215162,261465.5,7,0.7
271,1,10,215162,261465.5,10,1.0
272,1,10,215162,261465.5,9,0.9
273,1,10,307769,261465.5,3,0.3
274,1,10,215162,261465.5,10,1.0
275,1,10,307769,261465.5,9,0.9
276,1,10,215162,261465.5,9,0.9
277,1,10,215162,261465.5,9,0.9
278,1,10,307769,261465.5,9,0.9
279,1,10,307769,261465.5,5,0.5
280,1,10,307769,261465.5,10,1.0
281,1,10,215162,261465.5,7,0.7
282,1,10,307769,261465.5,7,0.7
283,1,10,307769,261465.5,7,0.7
284,1,10,307769,261465.5,6,0.6
285,1,10,215162,261465.5,8,0.8
286,1,10,215162,261465.5,5,0.5
287,1,10,215162,261465.5,10,1.0
288,1,10,215162,261465.5,7,0.7
289,1,10,215162,261465.5,10,1.0
290,1,10,215162,261465.5,9,0.9
291,1,10,215162,261465.5,7,0.7
292,1,10,215162,261465.5,4,0.4
293,1,10,307769,261465.5,10,1.0
294,1,10,215162,261465.5,7,0.7
295,1,10,215162,261465.5,10,1.0
296,1,10,215162,261465.5,10,1.0
297,1,10,215162,261465.5,6,0.6
298,1,10,307769,261465.5,6,0.6
299,1,10,307769,261465.5,10,1.0
300,1,10,307769,261465.5,10,1.0
301,1,10,307769,261465.5,8,0.8
302,1,10,307769,261465.5,10,1.0
303,1,10,307769,261465.5,10,1.0
304,1,10,307769,261465.5,9,0.9
305,1,10,215162,261465.5,9,0.9
306,1,10,307769,261465.5,9,0.9
307,1,10,307769,261465.5,8,0.8
308,1,10,215162,261465.5,10,1.0
309,1,10,307769,261465.5,10,1.0
310,1,10,215162,261465.5,0,0.0
311,1,10,215162,261465.5,10,1.0
312,1,10,215162,261465.5,6,0.6
313,1,10,307769,261465.5,3,0.3
314,1,10,307769,261465.5,4,0.4
315,1,10,215162,261465.5,9,0.9
316,1,10,215162,261465.5,10,1.0
317,1,10,215162,261465.5,7,0.7
318,1,10,307769,261465.5,7,0.7
319,1,10,215162,261465.5,10,1.0
320,1,10,215162,261465.5,8,0.8
321,1,10,307769,261465.5,4,0.4
322,1,10,307769,261465.5,10,1.0
323,1,10,307769,261465.5,9,0.9
324,1,10,307769,261465.5,6,0.6
325,1,10,215162,261465.5,2,0.2
326,1,10,215162,261465.5,7,0.7
327,1,10,215162,261465.5,3,0.3
328,1,10,307769,261465.5,9,0.9
329,1,10,215162,261465.5,3,0.3
330,1,10,307769,261465.5,10,1.0
331,1,10,307769,261465.5,10,1.0
332,1,10,307769,261465.5,10,1.0
333,1,10,215162,261465.5,6,0.6
334,1,10,307769,261465.5,10,1.0
335,1,10,307769,261465.5,5,0.5
336,1,10,215162,261465.5,1,0.1
337,1,10,215162,261465.5,7,0.7
338,1,10,307769,261465.5,5,0.5
339,1,10,215162,261465.5,4,0.4
340,1,10,307769,261465.5,10,1.0
341,1,10,215162,261465.5,9,0.9
342,1,10,307769,261465.5,10,1.0
343,1,10,307769,261465.5,10,1.0
344,1,10,215162,261465.5,6,0.6
345,1,10,307769,261465.5,6,0.6
346,1,10,307769,261465.5,10,1.0
347,1,10,307769,261465.5,10,1.0
348,1,10,307769,261465.5,10,1.0
349,1,10,307769,261465.5,10,1.0
350,1,10,307769,261465.5,10,1.0
351,1,10,307769,261465.5,10,1.0
352,1,10,307769,261465.5,10,1.0
353,1,10,215162,261465.5,9,0.9
354,1,10,307769,261465.5,9,0.9
355,1,10,307769,261465.5,10,1.0
356,1,10,215162,261465.5,2,0.2
357,1,10,307769,261465.5,7,0.7
358,1,10,215162,261465.5,9,0.9
359,1,10,307769,261465.5,10,1.0
360,1,10,307769,261465.5,8,0.8
361,1,10,215162,261465.5,9,0.9
362,1,10,215162,261465.5,10,1.0
363,1,10,307769,261465.5,9,0.9
364,1,10,215162,261465.5,5,0.5
365,1,10,215162,261465.5,6,0.6
366,1,10,307769,261465.5,3,0.3
367,1,10,215162,261465.5,2,0.2
368,1,10,215162,261465.5,7,0.7
369,1,10,215162,261465.5,7,0.7
370,1,10,307769,261465.5,6,0.6
371,1,10,215162,261465.5,8,0.8
372,1,10,307769,261465.5,9,0.9
373,1,10,215162,261465.5,9,0.9
374,1,10,215162,261465.5,9,0.9
375,1,10,215162,261465.5,9,0.9
376,1,10,215162,261465.5,9,0.9
377,1,10,307769,261465.5,10,1.0
378,1,10,307769,261465.5,10,1.0
379,1,10,307769,261465.5,10,1.0
380,1,10,307769,261465.5,2,0.2
381,1,10,307769,261465.5,6,0.6
382,1,10,215162,261465.5,9,0.9
383,1,10,307769,261465.5,9,0.9
384,1,10,307769,261465.5,2,0.2
385,1,10,307769,261465.5,3,0.3
386,1,10,307769,261465.5,10,1.0
387,1,10,215162,261465.5,10,1.0
388,1,10,307769,261465.5,6,0.6
389,1,10,215162,261465.5,6,0.6
390,1,10,307769,261465.5,9,0.9
391,1,10,215162,261465.5,9,0.9
392,1,10,307769,261465.5,10,1.0
393,1,10,307769,261465.5,4,0.4
394,1,10,215162,261465.5,7,0.7
395,1,10,215162,261465.5,10,1.0
396,1,10,307769,261465.5,7,0.7
397,1,10,307769,261465.5,8,0.8
398,1,10,307769,261465.5,8,0.8
399,1,10,307769,261465.5,3,0.3
400,1,10,215162,261465.5,8,0.8
401,1,10,307769,261465.5,8,0.8
402,1,10,215162,261465.5,10,1.0
403,1,10,215162,261465.5,2,0.2
404,1,10,215162,261465.5,4,0.4
405,1,10,215162,261465.5,8,0.8
406,1,10,307769,261465.5,9,0.9
407,1,10,215162,261465.5,9,0.9
408,1,10,215162,261465.5,9,0.9
409,1,10,215162,261465.5,10,1.0
410,1,10,215162,261465.5,9,0.9
411,1,10,307769,261465.5,3,0.3
412,1,10,307769,261465.5,8,0.8
413,1,10,307769,261465.5,9,0.9
414,1,10,215162,261465.5,3,0.3
415,1,10,215162,261465.5,2,0.2
416,1,10,215162,261465.5,8,0.8
417,1,10,215162,261465.5,10,1.0
418,1,10,307769,261465.5,10,1.0
419,1,10,215162,261465.5,8,0.8
420,1,10,307769,261465.5,10,1.0
421,1,10,307769,261465.5,9,0.9
422,1,10,215162,261465.5,7,0.7
423,1,10,215162,261465.5,7,0.7
424,1,10,307769,261465.5,7,0.7
425,1,10,215162,261465.5,6,0.6
426,1,10,307769,261465.5,10,1.0
427,1,10,307769,261465.5,4,0.4
428,1,10,215162,261465.5,9,0.9
429,1,10,307769,261465.5,10,1.0
430,1,10,307769,261465.5,10,1.0
431,1,10,307769,261465.5,10,1.0
432,1,10,307769,261465.5,7,0.7
433,1,10,215162,261465.5,8,0.8
434,1,10,307769,261465.5,8,0.8
435,1,10,307769,261465.5,2,0.2
436,1,10,307769,261465.5,0,0.0
437,1,10,215162,261465.5,10,1.0
438,1,10,307769,261465.5,9,0.9
439,1,10,307769,261465.5,10,1.0
440,1,10,215162,261465.5,10,1.0
441,1,10,307769,261465.5,8,0.8
442,1,10,215162,261465.5,2,0.2
443,1,10,215162,261465.5,10,1.0
444,1,10,215162,261465.5,8,0.8
445,1,10,307769,261465.5,10,1.0
446,1,10,307769,261465.5,9,0.9
447,1,10,215162,261465.5,10,1.0
448,1,10,307769,261465.5,9,0.9
449,1,10,215162,261465.5,10,1.0
450,1,10,307769,261465.5,5,0.5
451,1,10,307769,261465.5,10,1.0
452,1,10,215162,261465.5,9,0.9
453,1,10,215162,261465.5,9,0.9
454,1,10,215162,261465.5,7,0.7
455,1,10,307769,261465.5,8,0.8
456,1,10,307769,261465.5,10,1.0
457,1,10,307769,261465.5,10,1.0
458,1,10,307769,261465.5,10,1.0
459,1,10,307769,261465.5,10,1.0
460,1,10,307769,261465.5,9,0.9
461,1,10,215162,261465.5,3,0.3
462,1,10,307769,261465.5,5,0.5
463,1,10,215162,261465.5,7,0.7
464,1,10,215162,261465.5,10,1.0
465,1,10,215162,261465.5,6,0.6
466,1,10,307769,261465.5,5,0.5
467,1,10,215162,261465.5,8,0.8
468,1,10,215162,261465.5,8,0.8
469,1,10,215162,261465.5,7,0.7
470,1,10,307769,261465.5,10,1.0
471,1,10,215162,261465.5,10,1.0
472,1,10,307769,261465.5,9,0.9
473,1,10,307769,261465.5,7,0.7
474,1,10,307769,261465.5,7,0.7
475,1,10,307769,261465.5,7,0.7
476,1,10,215162,261465.5,8,0.8
477,1,10,215162,261465.5,9,0.9
478,1,10,307769,261465.5,9,0.9
479,1,10,307769,261465.5,8,0.8
480,1,10,215162,261465.5,10,1.0
481,1,10,215162,261465.5,8,0.8
482,1,10,307769,261465.5,10,1.0
483,1,10,215162,261465.5,6,0.6
484,1,10,307769,261465.5,8,0.8
485,1,10,215162,261465.5,10,1.0
486,1,10,215162,261465.5,10,1.0
487,1,10,307769,261465.5,10,1.0
488,1,10,307769,261465.5,8,0.8
489,1,10,307769,261465.5,9,0.9
490,1,10,307769,261465.5,10,1.0
491,1,10,307769,261465.5,10,1.0
492,1,10,215162,261465.5,10,1.0
493,1,10,307769,261465.5,6,0.6
494,1,10,307769,261465.5,9,0.9
495,1,10,215162,261465.5,1,0.1
496,1,10,307769,261465.5,3,0.3
497,1,10,307769,261465.5,9,0.9
498,1,10,215162,261465.5,8,0.8
499,1,10,307769,261465.5,1,0.1
500,1,10,307769,261465.5,7,0.7
501,1,10,307769,261465.5,9,0.9
502,1,10,307769,261465.5,3,0.3
503,1,10,215162,261465.5,6,0.6
504,1,10,215162,261465.5,2,0.2
505,1,10,307769,261465.5,10,1.0
506,1,10,215162,261465.5,1,0.1
507,1,10,215162,261465.5,10,1.0
508,1,10,215162,261465.5,3,0.3
509,1,10,307769,261465.5,10,1.0
510,1,10,215162,261465.5,9,0.9
511,1,10,307769,261465.5,10,1.0
512,1,10,307769,261465.5,10,1.0
513,1,10,307769,261465.5,7,0.7
514,1,10,215162,261465.5,7,0.7
515,1,10,307769,261465.5,8,0.8
516,1,10,307769,261465.5,10,1.0
517,1,10,307769,261465.5,10,1.0
518,1,10,215162,261465.5,10,1.0
519,1,10,215162,261465.5,10,1.0
520,1,10,215162,261465.5,8,0.8
521,1,10,307769,261465.5,10,1.0
522,1,10,215162,261465.5,8,0.8
523,1,10,307769,261465.5,7,0.7
524,1,10,307769,261465.5,7,0.7
525,1,10,215162,261465.5,10,1.0
526,1,10,215162,261465.5,10,1.0
527,1,10,307769,261465.5,2,0.2
528,1,10,307769,261465.5,10,1.0
529,1,10,307769,261465.5,10,1.0
530,1,10,307769,261465.5,6,0.6
531,1,10,215162,261465.5,5,0.5
532,1,10,215162,261465.5,6,0.6
533,1,10,215162,261465.5,10,1.0
534,1,10,307769,261465.5,10,1.0
535,1,10,215162,261465.5,7,0.7
536,1,10,307769,261465.5,10,1.0
537,1,10,307769,261465.5,10,1.0
538,1,10,307769,261465.5,5,0.5
539,1,10,215162,261465.5,3,0.3
540,1,10,307769,261465.5,3,0.3
541,1,10,307769,261465.5,10,1.0
542,1,10,307769,261465.5,10,1.0
543,1,10,307769,261465.5,9,0.9
544,1,10,215162,261465.5,3,0.3
545,1,10,215162,261465.5,5,0.5
546,1,10,215162,261465.5,10,1.0
547,1,10,215162,261465.5,8,0.8
548,1,10,307769,261465.5,10,1.0
549,1,10,215162,261465.5,6,0.6
550,1,10,215162,261465.5,10,1.0
551,1,10,307769,261465.5,10,1.0
552,1,10,307769,261465.5,10,1.0
553,1,10,307769,261465.5,8,0.8
554,1,10,307769,261465.5,3,0.3
555,1,10,215162,261465.5,3,0.3
556,1,10,215162,261465.5,10,1.0
557,1,10,307769,261465.5,8,0.8
558,1,10,307769,261465.5,5,0.5
559,1,10,215162,261465.5,10,1.0
560,1,10,215162,261465.5,9,0.9
561,1,10,307769,261465.5,6,0.6
562,1,10,307769,261465.5,6,0.6
563,1,10,215162,261465.5,10,1.0
564,1,10,215162,261465.5,4,0.4
565,1,10,215162,261465.5,2,0.2
566,1,10,215162,261465.5,9,0.9
567,1,10,307769,261465.5,2,0.2
568,1,10,215162,261465.5,6,0.6
569,1,10,215162,261465.5,3,0.3
570,1,10,307769,261465.5,10,1.0
571,1,10,215162,261465.5,8,0.8
572,1,10,307769,261465.5,7,0.7
573,1,10,215162,261465.5,8,0.8
574,1,10,307769,261465.5,10,1.0
575,1,10,215162,261465.5,10,1.0
576,1,10,215162,261465.5,9,0.9
577,1,10,215162,261465.5,10,1.0
578,1,10,215162,261465.5,2,0.2
579,1,10,215162,261465.5,4,0.4
580,1,10,215162,261465.5,5,0.5
581,1,10,307769,261465.5,9,0.9
582,1,10,307769,261465.5,3,0.3
583,1,10,307769,261465.5,6,0.6
584,1,10,307769,261465.5,9,0.9
585,1,10,215162,261465.5,6,0.6
586,1,10,215162,261465.5,10,1.0
587,1,10,215162,261465.5,10,1.0
588,1,10,307769,261465.5,6,0.6
589,1,10,307769,261465.5,5,0.5
590,1,10,215162,261465.5,8,0.8
591,1,10,215162,261465.5,5,0.5
592,1,10,215162,261465.5,8,0.8
593,1,10,307769,261465.5,9,0.9
594,1,10,215162,261465.5,10,1.0
595,1,10,307769,261465.5,10,1.0
596,1,10,307769,261465.5,10,1.0
597,1,10,215162,261465.5,5,0.5
598,1,10,215162,261465.5,7,0.7
599,1,10,307769,261465.5,8,0.8
600,1,10,215162,261465.5,10,1.0
601,1,10,307769,261465.5,10,1.0
602,1,10,307769,261465.5,4,0.4
603,1,10,307769,261465.5,9,0.9
604,1,10,307769,261465.5,8,0.8
605,1,10,307769,261465.5,7,0.7
606,1,10,307769,261465.5,10,1.0
607,1,10,307769,261465.5,10,1.0
608,1,10,215162,261465.5,0,0.0
609,1,10,215162,261465.5,9,0.9
610,1,10,307769,261465.5,10,1.0
611,1,10,215162,261465.5,10,1.0
612,1,10,215162,261465.5,9,0.9
613,1,10,215162,261465.5,5,0.5
614,1,10,307769,261465.5,7,0.7
615,1,10,307769,261465.5,7,0.7
616,1,10,307769,261465.5,10,1.0
617,1,10,215162,261465.5,5,0.5
618,1,10,215162,261465.5,5,0.5
619,1,10,215162,261465.5,8,0.8
620,1,10,215162,261465.5,5,0.5
621,1,10,215162,261465.5,10,1.0
622,1,10,215162,261465.5,8,0.8
623,1,10,307769,261465.5,8,0.8
624,1,10,307769,261465.5,10,1.0
625,1,10,215162,261465.5,3,0.3
626,1,10,215162,261465.5,8,0.8
627,1,10,215162,261465.5,9,0.9
628,1,10,215162,261465.5,4,0.4
629,1,10,307769,261465.5,4,0.4
630,1,10,307769,261465.5,10,1.0
631,1,10,215162,261465.5,10,1.0
632,1,10,215162,261465.5,5,0.5
633,1,10,215162,261465.5,7,0.7
634,1,10,307769,261465.5,10,1.0
635,1,10,307769,261465.5,10,1.0
636,1,10,215162,261465.5,8,0.8
637,1,10,307769,261465.5,10,1.0
638,1,10,215162,261465.5,7,0.7
639,1,10,307769,261465.5,10,1.0
640,1,10,215162,261465.5,10,1.0
641,1,10,215162,261465.5,10,1.0
642,1,10,307769,261465.5,10,1.0
643,1,10,307769,261465.5,5,0.5
644,1,10,307769,261465.5,5,0.5
645,1,10,215162,261465.5,2,0.2
646,1,10,215162,261465.5,10,1.0
647,1,10,307769,261465.5,10,1.0
648,1,10,215162,261465.5,10,1.0
649,1,10,215162,261465.5,1,0.1
650,1,10,307769,261465.5,10,1.0
651,1,10,307769,261465.5,10,1.0
652,1,10,307769,261465.5,9,0.9
653,1,10,307769,261465.5,1,0.1
654,1,10,215162,261465.5,10,1.0
655,1,10,215162,261465.5,10,1.0
656,1,10,307769,261465.5,10,1.0
657,1,10,215162,261465.5,4,0.4
658,1,10,215162,261465.5,7,0.7
659,1,10,307769,261465.5,9,0.9
660,1,10,215162,261465.5,7,0.7
661,1,10,307769,261465.5,5,0.5
662,1,10,307769,261465.5,7,0.7
663,1,10,307769,261465.5,7,0.7
664,1,10,307769,261465.5,9,0.9
665,1,10,307769,261465.5,10,1.0
666,1,10,307769,261465.5,5,0.5
667,1,10,307769,261465.5,0,0.0
668,1,10,307769,261465.5,7,0.7
669,1,10,307769,261465.5,10,1.0
670,1,10,215162,261465.5,10,1.0
671,1,10,215162,261465.5,10,1.0
672,1,10,215162,261465.5,3,0.3
673,1,10,307769,261465.5,10,1.0
674,1,10,307769,261465.5,10,1.0
675,1,10,307769,261465.5,7,0.7
676,1,10,215162,261465.5,4,0.4
677,1,10,307769,261465.5,6,0.6
678,1,10,215162,261465.5,6,0.6
679,1,10,307769,261465.5,9,0.9
680,1,10,215162,261465.5,9,0.9
681,1,10,215162,261465.5,4,0.4
682,1,10,307769,261465.5,7,0.7
683,1,10,307769,261465.5,10,1.0
684,1,10,307769,261465.5,10,1.0
685,1,10,307769,261465.5,8,0.8
686,1,10,215162,261465.5,9,0.9
687,1,10,215162,261465.5,9,0.9
688,1,10,215162,261465.5,8,0.8
689,1,10,307769,261465.5,3,0.3
690,1,10,215162,261465.5,8,0.8
691,1,10,307769,261465.5,6,0.6
692,1,10,215162,261465.5,7,0.7
693,1,10,307769,261465.5,6,0.6
694,1,10,215162,261465.5,10,1.0
695,1,10,215162,261465.5,10,1.0
696,1,10,307769,261465.5,10,1.0
697,1,10,307769,261465.5,10,1.0
698,1,10,215162,261465.5,10,1.0
699,1,10,307769,261465.5,10,1.0
700,1,10,215162,261465.5,7,0.7
701,1,10,307769,261465.5,10,1.0
702,1,10,307769,261465.5,9,0.9
703,1,10,215162,261465.5,9,0.9
704,1,10,307769,261465.5,10,1.0
705,1,10,307769,261465.5,3,0.3
706,1,10,215162,261465.5,4,0.4
707,1,10,215162,261465.5,5,0.5
708,1,10,307769,261465.5,7,0.7
709,1,10,307769,261465.5,8,0.8
710,1,10,307769,261465.5,6,0.6
711,1,10,307769,261465.5,10,1.0
712,1,10,215162,261465.5,8,0.8
713,1,10,215162,261465.5,10,1.0
714,1,10,307769,261465.5,9,0.9
715,1,10,307769,261465.5,10,1.0
716,1,10,307769,261465.5,7,0.7
717,1,10,307769,261465.5,4,0.4
718,1,10,215162,261465.5,10,1.0
719,1,10,307769,261465.5,8,0.8
720,1,10,215162,261465.5,9,0.9
721,1,10,215162,261465.5,10,1.0
722,1,10,307769,261465.5,10,1.0
723,1,10,307769,261465.5,10,1.0
724,1,10,307769,261465.5,0,0.0
725,1,10,215162,261465.5,2,0.2
726,1,10,307769,261465.5,10,1.0
727,1,10,307769,261465.5,9,0.9
728,1,10,215162,261465.5,10,1.0
729,1,10,307769,261465.5,7,0.7
730,1,10,307769,261465.5,10,1.0
731,1,10,307769,261465.5,10,1.0
732,1,10,307769,261465.5,10,1.0
733,1,10,307769,261465.5,7,0.7
734,1,10,307769,261465.5,10,1.0
735,1,10,307769,261465.5,9,0.9
736,1,10,215162,261465.5,6,0.6
737,1,10,215162,261465.5,10,1.0
738,1,10,307769,261465.5,8,0.8
739,1,10,215162,261465.5,6,0.6
740,1,10,307769,261465.5,10,1.0
741,1,10,215162,261465.5,10,1.0
742,1,10,215162,261465.5,2,0.2
743,1,10,215162,261465.5,9,0.9
744,1,10,215162,261465.5,8,0.8
745,1,10,307769,261465.5,8,0.8
746,1,10,307769,261465.5,8,0.8
747,1,10,307769,261465.5,10,1.0
748,1,10,215162,261465.5,8,0.8
749,1,10,307769,261465.5,10,1.0
750,1,10,215162,261465.5,9,0.9
751,1,10,215162,261465.5,10,1.0
752,1,10,215162,261465.5,10,1.0
753,1,10,307769,261465.5,8,0.8
754,1,10,215162,261465.5,10,1.0
755,1,10,215162,261465.5,8,0.8
756,1,10,215162,261465.5,10,1.0
757,1,10,307769,261465.5,9,0.9
758,1,10,215162,261465.5,5,0.5
759,1,10,307769,261465.5,4,0.4
760,1,10,307769,261465.5,10,1.0
761,1,10,215162,261465.5,6,0.6
762,1,10,215162,261465.5,10,1.0
763,1,10,215162,261465.5,6,0.6
764,1,10,215162,261465.5,1,0.1
765,1,10,307769,261465.5,8,0.8
766,1,10,215162,261465.5,8,0.8
767,1,10,307769,261465.5,10,1.0
768,1,10,215162,261465.5,5,0.5
769,1,10,215162,261465.5,4,0.4
770,1,10,307769,261465.5,8,0.8
771,1,10,215162,261465.5,6,0.6
772,1,10,307769,261465.5,7,0.7
773,1,10,307769,261465.5,10,1.0
774,1,10,307769,261465.5,10,1.0
775,1,10,307769,261465.5,7,0.7
776,1,10,307769,261465.5,7,0.7
777,1,10,307769,261465.5,9,0.9
778,1,10,215162,261465.5,3,0.3
779,1,10,215162,261465.5,8,0.8
780,1,10,307769,261465.5,7,0.7
781,1,10,215162,261465.5,2,0.2
782,1,10,307769,261465.5,10,1.0
783,1,10,307769,261465.5,8,0.8
784,1,10,215162,261465.5,3,0.3
785,1,10,307769,261465.5,10,1.0
786,1,10,215162,261465.5,0,0.0
787,1,10,307769,261465.5,8,0.8
788,1,10,307769,261465.5,10,1.0
789,1,10,215162,261465.5,4,0.4
790,1,10,215162,261465.5,6,0.6
791,1,10,215162,261465.5,9,0.9
792,1,10,307769,261465.5,10,1.0
793,1,10,307769,261465.5,10,1.0
794,1,10,307769,261465.5,9,0.9
795,1,10,215162,261465.5,10,1.0
796,1,10,307769,261465.5,7,0.7
797,1,10,307769,261465.5,9,0.9
798,1,10,215162,261465.5,5,0.5
799,1,10,307769,261465.5,10,1.0
800,1,10,215162,261465.5,2,0.2
801,1,10,307769,261465.5,9,0.9
802,1,10,307769,261465.5,10,1.0
803,1,10,215162,261465.5,10,1.0
804,1,10,215162,261465.5,10,1.0
805,1,10,215162,261465.5,9,0.9
806,1,10,215162,261465.5,7,0.7
807,1,10,307769,261465.5,10,1.0
808,1,10,215162,261465.5,6,0.6
809,1,10,307769,261465.5,6,0.6
810,1,10,307769,261465.5,10,1.0
811,1,10,307769,261465.5,10,1.0
812,1,10,307769,261465.5,10,1.0
813,1,10,307769,261465.5,10,1.0
814,1,10,215162,261465.5,10,1.0
815,1,10,215162,261465.5,4,0.4
816,1,10,307769,261465.5,10,1.0
817,1,10,215162,261465.5,7,0.7
818,1,10,215162,261465.5,7,0.7
819,1,10,307769,261465.5,10,1.0
820,1,10,215162,261465.5,9,0.9
821,1,10,215162,261465.5,2,0.2
822,1,10,307769,261465.5,10,1.0
823,1,10,215162,261465.5,10,1.0
824,1,10,307769,261465.5,7,0.7
825,1,10,215162,261465.5,3,0.3
826,1,10,307769,261465.5,10,1.0
827,1,10,307769,261465.5,5,0.5
828,1,10,215162,261465.5,10,1.0
829,1,10,307769,261465.5,10,1.0
830,1,10,215162,261465.5,10,1.0
831,1,10,307769,261465.5,5,0.5
832,1,10,215162,261465.5,7,0.7
833,1,10,307769,261465.5,10,1.0
834,1,10,307769,261465.5,5,0.5
835,1,10,307769,261465.5,9,0.9
836,1,10,215162,261465.5,10,1.0
837,1,10,215162,261465.5,10,1.0
838,1,10,307769,261465.5,9,0.9
839,1,10,215162,261465.5,10,1.0
840,1,10,307769,261465.5,7,0.7
841,1,10,307769,261465.5,8,0.8
842,1,10,215162,261465.5,10,1.0
843,1,10,307769,261465.5,10,1.0
844,1,10,215162,261465.5,10,1.0
845,1,10,307769,261465.5,10,1.0
846,1,10,215162,261465.5,7,0.7
847,1,10,215162,261465.5,9,0.9
848,1,10,215162,261465.5,10,1.0
849,1,10,307769,261465.5,10,1.0
850,1,10,307769,261465.5,9,0.9
851,1,10,215162,261465.5,10,1.0
852,1,10,307769,261465.5,6,0.6
853,1,10,307769,261465.5,3,0.3
854,1,10,215162,261465.5,10,1.0
855,1,10,307769,261465.5,9,0.9
856,1,10,215162,261465.5,9,0.9
857,1,10,307769,261465.5,10,1.0
858,1,10,215162,261465.5,9,0.9
859,1,10,215162,261465.5,4,0.4
860,1,10,307769,261465.5,7,0.7
861,1,10,215162,261465.5,4,0.4
862,1,10,307769,261465.5,10,1.0
863,1,10,307769,261465.5,10,1.0
864,1,10,215162,261465.5,5,0.5
865,1,10,215162,261465.5,10,1.0
866,1,10,307769,261465.5,3,0.3
867,1,10,307769,261465.5,9,0.9
868,1,10,307769,261465.5,10,1.0
869,1,10,307769,261465.5,10,1.0
870,1,10,215162,261465.5,10,1.0
871,1,10,215162,261465.5,10,1.0
872,1,10,307769,261465.5,10,1.0
873,1,10,215162,261465.5,9,0.9
874,1,10,307769,261465.5,9,0.9
875,1,10,307769,261465.5,4,0.4
876,1,10,307769,261465.5,10,1.0
877,1,10,215162,261465.5,9,0.9
878,1,10,307769,261465.5,6,0.6
879,1,10,215162,261465.5,6,0.6
880,1,10,307769,261465.5,8,0.8
881,1,10,307769,261465.5,10,1.0
882,1,10,307769,261465.5,10,1.0
883,1,10,215162,261465.5,10,1.0
884,1,10,215162,261465.5,8,0.8
885,1,10,307769,261465.5,9,0.9
886,1,10,307769,261465.5,10,1.0
887,1,10,215162,261465.5,9,0.9
888,1,10,307769,261465.5,9,0.9
889,1,10,307769,261465.5,6,0.6
890,1,10,307769,261465.5,9,0.9
891,1,10,215162,261465.5,2,0.2
892,1,10,215162,261465.5,9,0.9
893,1,10,215162,261465.5,4,0.4
894,1,10,215162,261465.5,9,0.9
895,1,10,307769,261465.5,10,1.0
896,1,10,307769,261465.5,10,1.0
897,1,10,307769,261465.5,8,0.8
898,1,10,307769,261465.5,10,1.0
899,1,10,307769,261465.5,10,1.0
900,1,10,307769,261465.5,7,0.7
901,1,10,307769,261465.5,10,1.0
902,1,10,215162,261465.5,7,0.7
903,1,10,307769,261465.5,10,1.0
904,1,10,215162,261465.5,1,0.1
905,1,10,215162,261465.5,9,0.9
906,1,10,307769,261465.5,4,0.4
907,1,10,215162,261465.5,9,0.9
908,1,10,307769,261465.5,10,1.0
909,1,10,215162,261465.5,8,0.8
910,1,10,307769,261465.5,10,1.0
911,1,10,307769,261465.5,10,1.0
912,1,10,215162,261465.5,4,0.4
913,1,10,215162,261465.5,8,0.8
914,1,10,215162,261465.5,5,0.5
915,1,10,215162,261465.5,9,0.9
916,1,10,307769,261465.5,8,0.8
917,1,10,307769,261465.5,10,1.0
918,1,10,307769,261465.5,10,1.0
919,1,10,215162,261465.5,3,0.3
920,1,10,307769,261465.5,10,1.0
921,1,10,215162,261465.5,7,0.7
922,1,10,307769,261465.5,10,1.0
923,1,10,307769,261465.5,9,0.9
924,1,10,307769,261465.5,10,1.0
925,1,10,307769,261465.5,7,0.7
926,1,10,307769,261465.5,10,1.0
927,1,10,215162,261465.5,9,0.9
928,1,10,215162,261465.5,10,1.0
929,1,10,307769,261465.5,8,0.8
930,1,10,307769,261465.5,10,1.0
931,1,10,215162,261465.5,9,0.9
932,1,10,215162,261465.5,2,0.2
933,1,10,307769,261465.5,4,0.4
934,1,10,215162,261465.5,8,0.8
935,1,10,307769,261465.5,10,1.0
936,1,10,215162,261465.5,10,1.0
937,1,10,307769,261465.5,5,0.5
938,1,10,307769,261465.5,9,0.9
939,1,10,307769,261465.5,9,0.9
940,1,10,307769,261465.5,10,1.0
941,1,10,215162,261465.5,10,1.0
942,1,10,307769,261465.5,8,0.8
943,1,10,215162,261465.5,9,0.9
944,1,10,307769,261465.5,2,0.2
945,1,10,215162,261465.5,10,1.0
946,1,10,307769,261465.5,10,1.0
947,1,10,307769,261465.5,7,0.7
948,1,10,215162,261465.5,9,0.9
949,1,10,307769,261465.5,9,0.9
950,1,10,215162,261465.5,10,1.0
951,1,10,307769,261465.5,2,0.2
952,1,10,307769,261465.5,6,0.6
953,1,10,215162,261465.5,8,0.8
954,1,10,307769,261465.5,3,0.3
955,1,10,215162,261465.5,10,1.0
956,1,10,307769,261465.5,10,1.0
957,1,10,307769,261465.5,10,1.0
958,1,10,307769,261465.5,9,0.9
959,1,10,215162,261465.5,5,0.5
960,1,10,307769,261465.5,9,0.9
961,1,10,307769,261465.5,9,0.9
962,1,10,215162,261465.5,10,1.0
963,1,10,307769,261465.5,7,0.7
964,1,10,215162,261465.5,6,0.6
965,1,10,215162,261465.5,2,0.2
966,1,10,215162,261465.5,10,1.0
967,1,10,215162,261465.5,2,0.2
968,1,10,215162,261465.5,10,1.0
969,1,10,307769,261465.5,8,0.8
970,1,10,215162,261465.5,5,0.5
971,1,10,307769,261465.5,9,0.9
972,1,10,307769,261465.5,6,0.6
973,1,10,215162,261465.5,2,0.2
974,1,10,215162,261465.5,10,1.0
975,1,10,307769,261465.5,6,0.6
976,1,10,215162,261465.5,8,0.8
977,1,10,307769,261465.5,10,1.0
978,1,10,215162,261465.5,7,0.7
979,1,10,307769,261465.5,10,1.0
980,1,10,215162,261465.5,6,0.6
981,1,10,307769,261465.5,8,0.8
982,1,10,307769,261465.5,7,0.7
983,1,10,307769,261465.5,7,0.7
984,1,10,307769,261465.5,10,1.0
985,1,10,307769,261465.5,10,1.0
986,1,10,307769,261465.5,6,0.6
987,1,10,307769,261465.5,9,0.9
988,1,10,215162,261465.5,7,0.7
989,1,10,215162,261465.5,10,1.0
990,1,10,307769,261465.5,10,1.0
991,1,10,307769,261465.5,10,1.0
992,1,10,307769,261465.5,9,0.9
993,1,10,215162,261465.5,10,1.0
994,1,10,307769,261465.5,7,0.7
995,1,10,215162,261465.5,2,0.2
996,1,10,215162,261465.5,9,0.9
997,1,10,215162,261465.5,8,0.8
998,1,10,215162,261465.5,2,0.2
999,1,10,307769,261465.5,10,1.0
0,1,100,307769,261465.5,100,1.0
1,1,100,215162,261465.5,57,0.57
2,1,100,307769,261465.5,70,0.7
3,1,100,215162,261465.5,97,0.97
4,1,100,215162,261465.5,87,0.87
5,1,100,215162,261465.5,91,0.91
6,1,100,215162,261465.5,74,0.74
7,1,100,215162,261465.5,60,0.6
8,1,100,215162,261465.5,91,0.91
9,1,100,215162,261465.5,73,0.73
10,1,100,307769,261465.5,54,0.54
11,1,100,307769,261465.5,50,0.5
12,1,100,215162,261465.5,94,0.94
13,1,100,307769,261465.5,95,0.95
14,1,100,215162,261465.5,86,0.86
15,1,100,215162,261465.5,97,0.97
16,1,100,307769,261465.5,60,0.6
17,1,100,307769,261465.5,94,0.94
18,1,100,215162,261465.5,92,0.92
19,1,100,307769,261465.5,93,0.93
20,1,100,215162,261465.5,57,0.57
21,1,100,307769,261465.5,88,0.88
22,1,100,215162,261465.5,52,0.52
23,1,100,307769,261465.5,93,0.93
24,1,100,307769,261465.5,99,0.99
25,1,100,215162,261465.5,35,0.35
26,1,100,215162,261465.5,71,0.71
27,1,100,215162,261465.5,91,0.91
28,1,100,307769,261465.5,99,0.99
29,1,100,307769,261465.5,94,0.94
30,1,100,215162,261465.5,83,0.83
31,1,100,215162,261465.5,70,0.7
32,1,100,307769,261465.5,67,0.67
33,1,100,215162,261465.5,92,0.92
34,1,100,307769,261465.5,95,0.95
35,1,100,307769,261465.5,87,0.87
36,1,100,307769,261465.5,54,0.54
37,1,100,307769,261465.5,94,0.94
38,1,100,215162,261465.5,75,0.75
39,1,100,215162,261465.5,93,0.93
40,1,100,307769,261465.5,81,0.81
41,1,100,215162,261465.5,64,0.64
42,1,100,307769,261465.5,58,0.58
43,1,100,215162,261465.5,88,0.88
44,1,100,307769,261465.5,95,0.95
45,1,100,215162,261465.5,45,0.45
46,1,100,307769,261465.5,46,0.46
47,1,100,215162,261465.5,67,0.67
48,1,100,307769,261465.5,91,0.91
49,1,100,215162,261465.5,65,0.65
50,1,100,307769,261465.5,62,0.62
51,1,100,307769,261465.5,90,0.9
52,1,100,307769,261465.5,81,0.81
53,1,100,307769,261465.5,100,1.0
54,1,100,307769,261465.5,55,0.55
55,1,100,307769,261465.5,80,0.8
56,1,100,215162,261465.5,49,0.49
57,1,100,307769,261465.5,100,1.0
58,1,100,215162,261465.5,68,0.68
59,1,100,307769,261465.5,62,0.62
60,1,100,215162,261465.5,94,0.94
61,1,100,307769,261465.5,88,0.88
62,1,100,307769,261465.5,44,0.44
63,1,100,307769,261465.5,50,0.5
64,1,100,307769,261465.5,84,0.84
65,1,100,215162,261465.5,85,0.85
66,1,100,215162,261465.5,55,0.55
67,1,100,307769,261465.5,70,0.7
68,1,100,307769,261465.5,57,0.57
69,1,100,307769,261465.5,72,0.72
70,1,100,215162,261465.5,39,0.39
71,1,100,215162,261465.5,11,0.11
72,1,100,307769,261465.5,73,0.73
73,1,100,215162,261465.5,97,0.97
74,1,100,307769,261465.5,74,0.74
75,1,100,215162,261465.5,67,0.67
76,1,100,307769,261465.5,52,0.52
77,1,100,215162,261465.5,86,0.86
78,1,100,215162,261465.5,91,0.91
79,1,100,215162,261465.5,84,0.84
80,1,100,215162,261465.5,43,0.43
81,1,100,307769,261465.5,66,0.66
82,1,100,307769,261465.5,89,0.89
83,1,100,307769,261465.5,23,0.23
84,1,100,307769,261465.5,98,0.98
85,1,100,307769,261465.5,98,0.98
86,1,100,307769,261465.5,88,0.88
87,1,100,307769,261465.5,42,0.42
88,1,100,307769,261465.5,99,0.99
89,1,100,215162,261465.5,71,0.71
90,1,100,307769,261465.5,75,0.75
91,1,100,307769,261465.5,89,0.89
92,1,100,215162,261465.5,57,0.57
93,1,100,307769,261465.5,93,0.93
94,1,100,307769,261465.5,94,0.94
95,1,100,215162,261465.5,58,0.58
96,1,100,215162,261465.5,86,0.86
97,1,100,307769,261465.5,93,0.93
98,1,100,307769,261465.5,63,0.63
99,1,100,307769,261465.5,39,0.39
100,1,100,307769,261465.5,99,0.99
101,1,100,215162,261465.5,23,0.23
102,1,100,215162,261465.5,65,0.65
103,1,100,215162,261465.5,49,0.49
104,1,100,307769,261465.5,66,0.66
105,1,100,307769,261465.5,92,0.92
106,1,100,307769,261465.5,76,0.76
107,1,100,215162,261465.5,99,0.99
108,1,100,307769,261465.5,70,0.7
109,1,100,215162,261465.5,89,0.89
110,1,100,215162,261465.5,47,0.47
111,1,100,215162,261465.5,57,0.57
112,1,100,215162,261465.5,48,0.48
113,1,100,307769,261465.5,98,0.98
114,1,100,215162,261465.5,40,0.4
115,1,100,215162,261465.5,36,0.36
116,1,100,215162,261465.5,98,0.98
117,1,100,215162,261465.5,65,0.65
118,1,100,215162,261465.5,73,0.73
119,1,100,215162,261465.5,90,0.9
120,1,100,215162,261465.5,80,0.8
121,1,100,307769,261465.5,97,0.97
122,1,100,307769,261465.5,94,0.94
123,1,100,307769,261465.5,89,0.89
124,1,100,307769,261465.5,62,0.62
125,1,100,215162,261465.5,39,0.39
126,1,100,307769,261465.5,55,0.55
127,1,100,215162,261465.5,70,0.7
128,1,100,215162,261465.5,64,0.64
129,1,100,215162,261465.5,91,0.91
130,1,100,307769,261465.5,57,0.57
131,1,100,307769,261465.5,88,0.88
132,1,100,215162,261465.5,29,0.29
133,1,100,215162,261465.5,24,0.24
134,1,100,307769,261465.5,96,0.96
135,1,100,215162,261465.5,85,0.85
136,1,100,307769,261465.5,72,0.72
137,1,100,215162,261465.5,42,0.42
138,1,100,215162,261465.5,75,0.75
139,1,100,307769,261465.5,92,0.92
140,1,100,215162,261465.5,29,0.29
141,1,100,215162,261465.5,81,0.81
142,1,100,307769,261465.5,100,1.0
143,1,100,215162,261465.5,97,0.97
144,1,100,215162,261465.5,73,0.73
145,1,100,307769,261465.5,97,0.97
146,1,100,307769,261465.5,63,0.63
147,1,100,307769,261465.5,100,1.0
148,1,100,215162,261465.5,31,0.31
149,1,100,307769,261465.5,67,0.67
150,1,100,307769,261465.5,82,0.82
151,1,100,215162,261465.5,72,0.72
152,1,100,215162,261465.5,100,1.0
153,1,100,307769,261465.5,95,0.95
154,1,100,307769,261465.5,93,0.93
155,1,100,215162,261465.5,14,0.14
156,1,100,307769,261465.5,75,0.75
157,1,100,215162,261465.5,57,0.57
158,1,100,307769,261465.5,57,0.57
159,1,100,307769,261465.5,57,0.57
160,1,100,307769,261465.5,73,0.73
161,1,100,307769,261465.5,49,0.49
162,1,100,215162,261465.5,62,0.62
163,1,100,307769,261465.5,91,0.91
164,1,100,307769,261465.5,93,0.93
165,1,100,307769,261465.5,56,0.56
166,1,100,215162,261465.5,78,0.78
167,1,100,215162,261465.5,86,0.86
168,1,100,307769,261465.5,93,0.93
169,1,100,215162,261465.5,35,0.35
170,1,100,307769,261465.5,98,0.98
171,1,100,307769,261465.5,72,0.72
172,1,100,215162,261465.5,56,0.56
173,1,100,215162,261465.5,46,0.46
174,1,100,307769,261465.5,49,0.49
175,1,100,307769,261465.5,100,1.0
176,1,100,307769,261465.5,54,0.54
177,1,100,215162,261465.5,50,0.5
178,1,100,307769,261465.5,88,0.88
179,1,100,307769,261465.5,98,0.98
180,1,100,307769,261465.5,94,0.94
181,1,100,215162,261465.5,54,0.54
182,1,100,307769,261465.5,83,0.83
183,1,100,215162,261465.5,61,0.61
184,1,100,215162,261465.5,73,0.73
185,1,100,307769,261465.5,95,0.95
186,1,100,307769,261465.5,89,0.89
187,1,100,215162,261465.5,77,0.77
188,1,100,307769,261465.5,51,0.51
189,1,100,215162,261465.5,64,0.64
190,1,100,307769,261465.5,100,1.0
191,1,100,215162,261465.5,40,0.4
192,1,100,307769,261465.5,41,0.41
193,1,100,307769,261465.5,34,0.34
194,1,100,307769,261465.5,56,0.56
195,1,100,307769,261465.5,98,0.98
196,1,100,307769,261465.5,47,0.47
197,1,100,215162,261465.5,89,0.89
198,1,100,215162,261465.5,67,0.67
199,1,100,215162,261465.5,57,0.57
200,1,100,307769,261465.5,54,0.54
201,1,100,307769,261465.5,100,1.0
202,1,100,307769,261465.5,81,0.81
203,1,100,215162,261465.5,38,0.38
204,1,100,215162,261465.5,93,0.93
205,1,100,307769,261465.5,98,0.98
206,1,100,215162,261465.5,63,0.63
207,1,100,215162,261465.5,87,0.87
208,1,100,307769,261465.5,72,0.72
209,1,100,307769,261465.5,97,0.97
210,1,100,307769,261465.5,88,0.88
211,1,100,307769,261465.5,81,0.81
212,1,100,307769,261465.5,97,0.97
213,1,100,307769,261465.5,94,0.94
214,1,100,307769,261465.5,90,0.9
215,1,100,307769,261465.5,76,0.76
216,1,100,307769,261465.5,67,0.67
217,1,100,307769,261465.5,38,0.38
218,1,100,215162,261465.5,97,0.97
219,1,100,307769,261465.5,77,0.77
220,1,100,307769,261465.5,99,0.99
221,1,100,307769,261465.5,82,0.82
222,1,100,307769,261465.5,85,0.85
223,1,100,307769,261465.5,76,0.76
224,1,100,307769,261465.5,73,0.73
225,1,100,215162,261465.5,53,0.53
226,1,100,307769,261465.5,95,0.95
227,1,100,215162,261465.5,60,0.6
228,1,100,307769,261465.5,100,1.0
229,1,100,307769,261465.5,59,0.59
230,1,100,215162,261465.5,37,0.37
231,1,100,215162,261465.5,37,0.37
232,1,100,307769,261465.5,62,0.62
233,1,100,215162,261465.5,77,0.77
234,1,100,215162,261465.5,37,0.37
235,1,100,307769,261465.5,64,0.64
236,1,100,307769,261465.5,93,0.93
237,1,100,215162,261465.5,61,0.61
238,1,100,307769,261465.5,99,0.99
239,1,100,215162,261465.5,66,0.66
240,1,100,307769,261465.5,72,0.72
241,1,100,215162,261465.5,89,0.89
242,1,100,307769,261465.5,98,0.98
243,1,100,307769,261465.5,93,0.93
244,1,100,307769,261465.5,59,0.59
245,1,100,215162,261465.5,79,0.79
246,1,100,215162,261465.5,70,0.7
247,1,100,307769,261465.5,92,0.92
248,1,100,307769,261465.5,96,0.96
249,1,100,307769,261465.5,68,0.68
250,1,100,307769,261465.5,97,0.97
251,1,100,215162,261465.5,86,0.86
252,1,100,307769,261465.5,93,0.93
253,1,100,307769,261465.5,65,0.65
254,1,100,307769,261465.5,98,0.98
255,1,100,307769,261465.5,84,0.84
256,1,100,307769,261465.5,56,0.56
257,1,100,307769,261465.5,98,0.98
258,1,100,215162,261465.5,76,0.76
259,1,100,215162,261465.5,57,0.57
260,1,100,307769,261465.5,48,0.48
261,1,100,215162,261465.5,39,0.39
262,1,100,215162,261465.5,63,0.63
263,1,100,215162,261465.5,37,0.37
264,1,100,307769,261465.5,66,0.66
265,1,100,307769,261465.5,92,0.92
266,1,100,215162,261465.5,40,0.4
267,1,100,307769,261465.5,91,0.91
268,1,100,215162,261465.5,65,0.65
269,1,100,307769,261465.5,80,0.8
270,1,100,215162,261465.5,58,0.58
271,1,100,215162,261465.5,95,0.95
272,1,100,215162,261465.5,73,0.73
273,1,100,307769,261465.5,51,0.51
274,1,100,215162,261465.5,60,0.6
275,1,100,307769,261465.5,82,0.82
276,1,100,215162,261465.5,94,0.94
277,1,100,215162,261465.5,60,0.6
278,1,100,307769,261465.5,77,0.77
279,1,100,307769,261465.5,62,0.62
280,1,100,307769,261465.5,99,0.99
281,1,100,215162,261465.5,48,0.48
282,1,100,307769,261465.5,82,0.82
283,1,100,307769,261465.5,68,0.68
284,1,100,307769,261465.5,42,0.42
285,1,100,215162,261465.5,41,0.41
286,1,100,215162,261465.5,59,0.59
287,1,100,215162,261465.5,98,0.98
288,1,100,215162,261465.5,37,0.37
289,1,100,215162,261465.5,94,0.94
290,1,100,215162,261465.5,79,0.79
291,1,100,215162,261465.5,61,0.61
292,1,100,215162,261465.5,41,0.41
293,1,100,307769,261465.5,99,0.99
294,1,100,215162,261465.5,53,0.53
295,1,100,215162,261465.5,88,0.88
296,1,100,215162,261465.5,68,0.68
297,1,100,215162,261465.5,65,0.65
298,1,100,307769,261465.5,71,0.71
299,1,100,307769,261465.5,80,0.8
300,1,100,307769,261465.5,94,0.94
301,1,100,307769,261465.5,72,0.72
302,1,100,307769,261465.5,83,0.83
303,1,100,307769,261465.5,100,1.0
304,1,100,307769,261465.5,64,0.64
305,1,100,215162,261465.5,76,0.76
306,1,100,307769,261465.5,55,0.55
307,1,100,307769,261465.5,72,0.72
308,1,100,215162,261465.5,93,0.93
309,1,100,307769,261465.5,100,1.0
310,1,100,215162,261465.5,33,0.33
311,1,100,215162,261465.5,86,0.86
312,1,100,215162,261465.5,74,0.74
313,1,100,307769,261465.5,62,0.62
314,1,100,307769,261465.5,55,0.55
315,1,100,215162,261465.5,66,0.66
316,1,100,215162,261465.5,96,0.96
317,1,100,215162,261465.5,68,0.68
318,1,100,307769,261465.5,52,0.52
319,1,100,215162,261465.5,86,0.86
320,1,100,215162,261465.5,42,0.42
321,1,100,307769,261465.5,81,0.81
322,1,100,307769,261465.5,92,0.92
323,1,100,307769,261465.5,89,0.89
324,1,100,307769,261465.5,90,0.9
325,1,100,215162,261465.5,54,0.54
326,1,100,215162,261465.5,69,0.69
327,1,100,215162,261465.5,29,0.29
328,1,100,307769,261465.5,93,0.93
329,1,100,215162,261465.5,45,0.45
330,1,100,307769,261465.5,95,0.95
331,1,100,307769,261465.5,94,0.94
332,1,100,307769,261465.5,84,0.84
333,1,100,215162,261465.5,49,0.49
334,1,100,307769,261465.5,94,0.94
335,1,100,307769,261465.5,67,0.67
336,1,100,215162,261465.5,48,0.48
337,1,100,215162,261465.5,33,0.33
338,1,100,307769,261465.5,37,0.37
339,1,100,215162,261465.5,25,0.25
340,1,100,307769,261465.5,86,0.86
341,1,100,215162,261465.5,75,0.75
342,1,100,307769,261465.5,99,0.99
343,1,100,307769,261465.5,92,0.92
344,1,100,215162,261465.5,46,0.46
345,1,100,307769,261465.5,30,0.3
346,1,100,307769,261465.5,100,1.0
347,1,100,307769,261465.5,97,0.97
348,1,100,307769,261465.5,81,0.81
349,1,100,307769,261465.5,97,0.97
350,1,100,307769,261465.5,93,0.93
351,1,100,307769,261465.5,71,0.71
352,1,100,307769,261465.5,78,0.78
353,1,100,215162,261465.5,70,0.7
354,1,100,307769,261465.5,68,0.68
355,1,100,307769,261465.5,89,0.89
356,1,100,215162,261465.5,69,0.69
357,1,100,307769,261465.5,68,0.68
358,1,100,215162,261465.5,91,0.91
359,1,100,307769,261465.5,100,1.0
360,1,100,307769,261465.5,73,0.73
361,1,100,215162,261465.5,64,0.64
362,1,100,215162,261465.5,89,0.89
363,1,100,307769,261465.5,94,0.94
364,1,100,215162,261465.5,62,0.62
365,1,100,215162,261465.5,61,0.61
366,1,100,307769,261465.5,40,0.4
367,1,100,215162,261465.5,37,0.37
368,1,100,215162,261465.5,61,0.61
369,1,100,215162,261465.5,56,0.56
370,1,100,307769,261465.5,63,0.63
371,1,100,215162,261465.5,80,0.8
372,1,100,307769,261465.5,89,0.89
373,1,100,215162,261465.5,70,0.7
374,1,100,215162,261465.5,55,0.55
375,1,100,215162,261465.5,64,0.64
376,1,100,215162,261465.5,69,0.69
377,1,100,307769,261465.5,99,0.99
378,1,100,307769,261465.5,99,0.99
379,1,100,307769,261465.5,97,0.97
380,1,100,307769,261465.5,28,0.28
381,1,100,307769,261465.5,48,0.48
382,1,100,215162,261465.5,66,0.66
383,1,100,307769,261465.5,76,0.76
384,1,100,307769,261465.5,41,0.41
385,1,100,307769,261465.5,49,0.49
386,1,100,307769,261465.5,93,0.93
387,1,100,215162,261465.5,90,0.9
388,1,100,307769,261465.5,72,0.72
389,1,100,215162,261465.5,60,0.6
390,1,100,307769,261465.5,79,0.79
391,1,100,215162,261465.5,71,0.71
392,1,100,307769,261465.5,97,0.97
393,1,100,307769,261465.5,49,0.49
394,1,100,215162,261465.5,45,0.45
395,1,100,215162,261465.5,90,0.9
396,1,100,307769,261465.5,79,0.79
397,1,100,307769,261465.5,48,0.48
398,1,100,307769,261465.5,91,0.91
399,1,100,307769,261465.5,36,0.36
400,1,100,215162,261465.5,68,0.68
401,1,100,307769,261465.5,83,0.83
402,1,100,215162,261465.5,91,0.91
403,1,100,215162,261465.5,37,0.37
404,1,100,215162,261465.5,41,0.41
405,1,100,215162,261465.5,71,0.71
406,1,100,307769,261465.5,77,0.77
407,1,100,215162,261465.5,56,0.56
408,1,100,215162,261465.5,75,0.75
409,1,100,215162,261465.5,76,0.76
410,1,100,215162,261465.5,84,0.84
411,1,100,307769,261465.5,29,0.29
412,1,100,307769,261465.5,98,0.98
413,1,100,307769,261465.5,88,0.88
414,1,100,215162,261465.5,52,0.52
415,1,100,215162,261465.5,15,0.15
416,1,100,215162,261465.5,84,0.84
417,1,100,215162,261465.5,100,1.0
418,1,100,307769,261465.5,94,0.94
419,1,100,215162,261465.5,60,0.6
420,1,100,307769,261465.5,84,0.84
421,1,100,307769,261465.5,75,0.75
422,1,100,215162,261465.5,57,0.57
423,1,100,215162,261465.5,54,0.54
424,1,100,307769,261465.5,75,0.75
425,1,100,215162,261465.5,49,0.49
426,1,100,307769,261465.5,90,0.9
427,1,100,307769,261465.5,38,0.38
428,1,100,215162,261465.5,72,0.72
429,1,100,307769,261465.5,78,0.78
430,1,100,307769,261465.5,97,0.97
431,1,100,307769,261465.5,97,0.97
432,1,100,307769,261465.5,78,0.78
433,1,100,215162,261465.5,65,0.65
434,1,100,307769,261465.5,83,0.83
435,1,100,307769,261465.5,38,0.38
436,1,100,307769,261465.5,23,0.23
437,1,100,215162,261465.5,99,0.99
438,1,100,307769,261465.5,80,0.8
439,1,100,307769,261465.5,96,0.96
440,1,100,215162,261465.5,85,0.85
441,1,100,307769,261465.5,72,0.72
442,1,100,215162,261465.5,41,0.41
443,1,100,215162,261465.5,69,0.69
444,1,100,215162,261465.5,56,0.56
445,1,100,307769,261465.5,87,0.87
446,1,100,307769,261465.5,86,0.86
447,1,100,215162,261465.5,81,0.81
448,1,100,307769,261465.5,87,0.87
449,1,100,215162,261465.5,66,0.66
450,1,100,307769,261465.5,82,0.82
451,1,100,307769,261465.5,97,0.97
452,1,100,215162,261465.5,77,0.77
453,1,100,215162,261465.5,76,0.76
454,1,100,215162,261465.5,38,0.38
455,1,100,307769,261465.5,78,0.78
456,1,100,307769,261465.5,90,0.9
457,1,100,307769,261465.5,94,0.94
458,1,100,307769,261465.5,89,0.89
459,1,100,307769,261465.5,97,0.97
460,1,100,307769,261465.5,80,0.8
461,1,100,215162,261465.5,51,0.51
462,1,100,307769,261465.5,50,0.5
463,1,100,215162,261465.5,59,0.59
464,1,100,215162,261465.5,74,0.74
465,1,100,215162,261465.5,36,0.36
466,1,100,307769,261465.5,37,0.37
467,1,100,215162,261465.5,52,0.52
468,1,100,215162,261465.5,88,0.88
469,1,100,215162,261465.5,58,0.58
470,1,100,307769,261465.5,89,0.89
471,1,100,215162,261465.5,99,0.99
472,1,100,307769,261465.5,81,0.81
473,1,100,307769,261465.5,85,0.85
474,1,100,307769,261465.5,80,0.8
475,1,100,307769,261465.5,63,0.63
476,1,100,215162,261465.5,88,0.88
477,1,100,215162,261465.5,67,0.67
478,1,100,307769,261465.5,63,0.63
479,1,100,307769,261465.5,48,0.48
480,1,100,215162,261465.5,96,0.96
481,1,100,215162,261465.5,69,0.69
482,1,100,307769,261465.5,88,0.88
483,1,100,215162,261465.5,49,0.49
484,1,100,307769,261465.5,71,0.71
485,1,100,215162,261465.5,85,0.85
486,1,100,215162,261465.5,81,0.81
487,1,100,307769,261465.5,85,0.85
488,1,100,307769,261465.5,71,0.71
489,1,100,307769,261465.5,80,0.8
490,1,100,307769,261465.5,89,0.89
491,1,100,307769,261465.5,100,1.0
492,1,100,215162,261465.5,67,0.67
493,1,100,307769,261465.5,83,0.83
494,1,100,307769,261465.5,90,0.9
495,1,100,215162,261465.5,40,0.4
496,1,100,307769,261465.5,30,0.3
497,1,100,307769,261465.5,79,0.79
498,1,100,215162,261465.5,77,0.77
499,1,100,307769,261465.5,10,0.1
500,1,100,307769,261465.5,64,0.64
501,1,100,307769,261465.5,68,0.68
502,1,100,307769,261465.5,37,0.37
503,1,100,215162,261465.5,74,0.74
504,1,100,215162,261465.5,18,0.18
505,1,100,307769,261465.5,87,0.87
506,1,100,215162,261465.5,38,0.38
507,1,100,215162,261465.5,88,0.88
508,1,100,215162,261465.5,44,0.44
509,1,100,307769,261465.5,88,0.88
510,1,100,215162,261465.5,66,0.66
511,1,100,307769,261465.5,84,0.84
512,1,100,307769,261465.5,94,0.94
513,1,100,307769,261465.5,66,0.66
514,1,100,215162,261465.5,75,0.75
515,1,100,307769,261465.5,62,0.62
516,1,100,307769,261465.5,95,0.95
517,1,100,307769,261465.5,96,0.96
518,1,100,215162,261465.5,83,0.83
519,1,100,215162,261465.5,98,0.98
520,1,100,215162,261465.5,46,0.46
521,1,100,307769,261465.5,53,0.53
522,1,100,215162,261465.5,64,0.64
523,1,100,307769,261465.5,72,0.72
524,1,100,307769,261465.5,76,0.76
525,1,100,215162,261465.5,79,0.79
526,1,100,215162,261465.5,59,0.59
527,1,100,307769,261465.5,38,0.38
528,1,100,307769,261465.5,98,0.98
529,1,100,307769,261465.5,93,0.93
530,1,100,307769,261465.5,63,0.63
531,1,100,215162,261465.5,60,0.6
532,1,100,215162,261465.5,67,0.67
533,1,100,215162,261465.5,75,0.75
534,1,100,307769,261465.5,61,0.61
535,1,100,215162,261465.5,70,0.7
536,1,100,307769,261465.5,96,0.96
537,1,100,307769,261465.5,87,0.87
538,1,100,307769,261465.5,62,0.62
539,1,100,215162,261465.5,31,0.31
540,1,100,307769,261465.5,69,0.69
541,1,100,307769,261465.5,90,0.9
542,1,100,307769,261465.5,98,0.98
543,1,100,307769,261465.5,46,0.46
544,1,100,215162,261465.5,48,0.48
545,1,100,215162,261465.5,52,0.52
546,1,100,215162,261465.5,93,0.93
547,1,100,215162,261465.5,72,0.72
548,1,100,307769,261465.5,98,0.98
549,1,100,215162,261465.5,50,0.5
550,1,100,215162,261465.5,77,0.77
551,1,100,307769,261465.5,78,0.78
552,1,100,307769,261465.5,99,0.99
553,1,100,307769,261465.5,64,0.64
554,1,100,307769,261465.5,35,0.35
555,1,100,215162,261465.5,55,0.55
556,1,100,215162,261465.5,89,0.89
557,1,100,307769,261465.5,71,0.71
558,1,100,307769,261465.5,55,0.55
559,1,100,215162,261465.5,84,0.84
560,1,100,215162,261465.5,89,0.89
561,1,100,307769,261465.5,72,0.72
562,1,100,307769,261465.5,55,0.55
563,1,100,215162,261465.5,92,0.92
564,1,100,215162,261465.5,28,0.28
565,1,100,215162,261465.5,35,0.35
566,1,100,215162,261465.5,53,0.53
567,1,100,307769,261465.5,57,0.57
568,1,100,215162,261465.5,49,0.49
569,1,100,215162,261465.5,69,0.69
570,1,100,307769,261465.5,100,1.0
571,1,100,215162,261465.5,47,0.47
572,1,100,307769,261465.5,52,0.52
573,1,100,215162,261465.5,70,0.7
574,1,100,307769,261465.5,61,0.61
575,1,100,215162,261465.5,53,0.53
576,1,100,215162,261465.5,68,0.68
577,1,100,215162,261465.5,96,0.96
578,1,100,215162,261465.5,26,0.26
579,1,100,215162,261465.5,34,0.34
580,1,100,215162,261465.5,54,0.54
581,1,100,307769,261465.5,85,0.85
582,1,100,307769,261465.5,27,0.27
583,1,100,307769,261465.5,83,0.83
584,1,100,307769,261465.5,83,0.83
585,1,100,215162,261465.5,54,0.54
586,1,100,215162,261465.5,98,0.98
587,1,100,215162,261465.5,91,0.91
588,1,100,307769,261465.5,54,0.54
589,1,100,307769,261465.5,66,0.66
590,1,100,215162,261465.5,92,0.92
591,1,100,215162,261465.5,47,0.47
592,1,100,215162,261465.5,59,0.59
593,1,100,307769,261465.5,83,0.83
594,1,100,215162,261465.5,100,1.0
595,1,100,307769,261465.5,96,0.96
596,1,100,307769,261465.5,67,0.67
597,1,100,215162,261465.5,33,0.33
598,1,100,215162,261465.5,62,0.62
599,1,100,307769,261465.5,79,0.79
600,1,100,215162,261465.5,79,0.79
601,1,100,307769,261465.5,97,0.97
602,1,100,307769,261465.5,34,0.34
603,1,100,307769,261465.5,93,0.93
604,1,100,307769,261465.5,88,0.88
605,1,100,307769,261465.5,65,0.65
606,1,100,307769,261465.5,65,0.65
607,1,100,307769,261465.5,89,0.89
608,1,100,215162,261465.5,42,0.42
609,1,100,215162,261465.5,87,0.87
610,1,100,307769,261465.5,87,0.87
611,1,100,215162,261465.5,72,0.72
612,1,100,215162,261465.5,80,0.8
613,1,100,215162,261465.5,29,0.29
614,1,100,307769,261465.5,55,0.55
615,1,100,307769,261465.5,64,0.64
616,1,100,307769,261465.5,92,0.92
617,1,100,215162,261465.5,60,0.6
618,1,100,215162,261465.5,37,0.37
619,1,100,215162,261465.5,59,0.59
620,1,100,215162,261465.5,70,0.7
621,1,100,215162,261465.5,75,0.75
622,1,100,215162,261465.5,55,0.55
623,1,100,307769,261465.5,75,0.75
624,1,100,307769,261465.5,96,0.96
625,1,100,215162,261465.5,36,0.36
626,1,100,215162,261465.5,54,0.54
627,1,100,215162,261465.5,67,0.67
628,1,100,215162,261465.5,24,0.24
629,1,100,307769,261465.5,55,0.55
630,1,100,307769,261465.5,85,0.85
631,1,100,215162,261465.5,65,0.65
632,1,100,215162,261465.5,70,0.7
633,1,100,215162,261465.5,39,0.39
634,1,100,307769,261465.5,96,0.96
635,1,100,307769,261465.5,99,0.99
636,1,100,215162,261465.5,50,0.5
637,1,100,307769,261465.5,70,0.7
638,1,100,215162,261465.5,36,0.36
639,1,100,307769,261465.5,74,0.74
640,1,100,215162,261465.5,85,0.85
641,1,100,215162,261465.5,74,0.74
642,1,100,307769,261465.5,87,0.87
643,1,100,307769,261465.5,87,0.87
644,1,100,307769,261465.5,33,0.33
645,1,100,215162,261465.5,17,0.17
646,1,100,215162,261465.5,76,0.76
647,1,100,307769,261465.5,94,0.94
648,1,100,215162,261465.5,91,0.91
649,1,100,215162,261465.5,27,0.27
650,1,100,307769,261465.5,79,0.79
651,1,100,307769,261465.5,95,0.95
652,1,100,307769,261465.5,90,0.9
653,1,100,307769,261465.5,32,0.32
654,1,100,215162,261465.5,54,0.54
655,1,100,215162,261465.5,93,0.93
656,1,100,307769,261465.5,100,1.0
657,1,100,215162,261465.5,44,0.44
658,1,100,215162,261465.5,42,0.42
659,1,100,307769,261465.5,56,0.56
660,1,100,215162,261465.5,72,0.72
661,1,100,307769,261465.5,46,0.46
662,1,100,307769,261465.5,68,0.68
663,1,100,307769,261465.5,46,0.46
664,1,100,307769,261465.5,75,0.75
665,1,100,307769,261465.5,93,0.93
666,1,100,307769,261465.5,60,0.6
667,1,100,307769,261465.5,33,0.33
668,1,100,307769,261465.5,77,0.77
669,1,100,307769,261465.5,89,0.89
670,1,100,215162,261465.5,68,0.68
671,1,100,215162,261465.5,81,0.81
672,1,100,215162,261465.5,51,0.51
673,1,100,307769,261465.5,87,0.87
674,1,100,307769,261465.5,78,0.78
675,1,100,307769,261465.5,64,0.64
676,1,100,215162,261465.5,30,0.3
677,1,100,307769,261465.5,63,0.63
678,1,100,215162,261465.5,79,0.79
679,1,100,307769,261465.5,85,0.85
680,1,100,215162,261465.5,73,0.73
681,1,100,215162,261465.5,44,0.44
682,1,100,307769,261465.5,55,0.55
683,1,100,307769,261465.5,99,0.99
684,1,100,307769,261465.5,89,0.89
685,1,100,307769,261465.5,51,0.51
686,1,100,215162,261465.5,83,0.83
687,1,100,215162,261465.5,76,0.76
688,1,100,215162,261465.5,52,0.52
689,1,100,307769,261465.5,18,0.18
690,1,100,215162,261465.5,59,0.59
691,1,100,307769,261465.5,66,0.66
692,1,100,215162,261465.5,38,0.38
693,1,100,307769,261465.5,72,0.72
694,1,100,215162,261465.5,100,1.0
695,1,100,215162,261465.5,95,0.95
696,1,100,307769,261465.5,88,0.88
697,1,100,307769,261465.5,75,0.75
698,1,100,215162,261465.5,93,0.93
699,1,100,307769,261465.5,91,0.91
700,1,100,215162,261465.5,70,0.7
701,1,100,307769,261465.5,94,0.94
702,1,100,307769,261465.5,93,0.93
703,1,100,215162,261465.5,89,0.89
704,1,100,307769,261465.5,94,0.94
705,1,100,307769,261465.5,47,0.47
706,1,100,215162,261465.5,29,0.29
707,1,100,215162,261465.5,58,0.58
708,1,100,307769,261465.5,83,0.83
709,1,100,307769,261465.5,47,0.47
710,1,100,307769,261465.5,49,0.49
711,1,100,307769,261465.5,92,0.92
712,1,100,215162,261465.5,64,0.64
713,1,100,215162,261465.5,70,0.7
714,1,100,307769,261465.5,79,0.79
715,1,100,307769,261465.5,96,0.96
716,1,100,307769,261465.5,22,0.22
717,1,100,307769,261465.5,51,0.51
718,1,100,215162,261465.5,93,0.93
719,1,100,307769,261465.5,73,0.73
720,1,100,215162,261465.5,84,0.84
721,1,100,215162,261465.5,67,0.67
722,1,100,307769,261465.5,98,0.98
723,1,100,307769,261465.5,99,0.99
724,1,100,307769,261465.5,9,0.09
725,1,100,215162,261465.5,44,0.44
726,1,100,307769,261465.5,98,0.98
727,1,100,307769,261465.5,80,0.8
728,1,100,215162,261465.5,91,0.91
729,1,100,307769,261465.5,58,0.58
730,1,100,307769,261465.5,99,0.99
731,1,100,307769,261465.5,94,0.94
732,1,100,307769,261465.5,100,1.0
733,1,100,307769,261465.5,77,0.77
734,1,100,307769,261465.5,92,0.92
735,1,100,307769,261465.5,90,0.9
736,1,100,215162,261465.5,32,0.32
737,1,100,215162,261465.5,100,1.0
738,1,100,307769,261465.5,78,0.78
739,1,100,215162,261465.5,52,0.52
740,1,100,307769,261465.5,95,0.95
741,1,100,215162,261465.5,100,1.0
742,1,100,215162,261465.5,41,0.41
743,1,100,215162,261465.5,57,0.57
744,1,100,215162,261465.5,54,0.54
745,1,100,307769,261465.5,91,0.91
746,1,100,307769,261465.5,88,0.88
747,1,100,307769,261465.5,92,0.92
748,1,100,215162,261465.5,64,0.64
749,1,100,307769,261465.5,100,1.0
750,1,100,215162,261465.5,72,0.72
751,1,100,215162,261465.5,98,0.98
752,1,100,215162,261465.5,96,0.96
753,1,100,307769,261465.5,62,0.62
754,1,100,215162,261465.5,82,0.82
755,1,100,215162,261465.5,56,0.56
756,1,100,215162,261465.5,85,0.85
757,1,100,307769,261465.5,65,0.65
758,1,100,215162,261465.5,26,0.26
759,1,100,307769,261465.5,61,0.61
760,1,100,307769,261465.5,78,0.78
761,1,100,215162,261465.5,40,0.4
762,1,100,215162,261465.5,53,0.53
763,1,100,215162,261465.5,45,0.45
764,1,100,215162,261465.5,60,0.6
765,1,100,307769,261465.5,83,0.83
766,1,100,215162,261465.5,81,0.81
767,1,100,307769,261465.5,71,0.71
768,1,100,215162,261465.5,55,0.55
769,1,100,215162,261465.5,13,0.13
770,1,100,307769,261465.5,50,0.5
771,1,100,215162,261465.5,48,0.48
772,1,100,307769,261465.5,50,0.5
773,1,100,307769,261465.5,99,0.99
774,1,100,307769,261465.5,82,0.82
775,1,100,307769,261465.5,82,0.82
776,1,100,307769,261465.5,62,0.62
777,1,100,307769,261465.5,88,0.88
778,1,100,215162,261465.5,36,0.36
779,1,100,215162,261465.5,77,0.77
780,1,100,307769,261465.5,70,0.7
781,1,100,215162,261465.5,25,0.25
782,1,100,307769,261465.5,100,1.0
783,1,100,307769,261465.5,48,0.48
784,1,100,215162,261465.5,24,0.24
785,1,100,307769,261465.5,100,1.0
786,1,100,215162,261465.5,14,0.14
787,1,100,307769,261465.5,86,0.86
788,1,100,307769,261465.5,91,0.91
789,1,100,215162,261465.5,30,0.3
790,1,100,215162,261465.5,52,0.52
791,1,100,215162,261465.5,67,0.67
792,1,100,307769,261465.5,100,1.0
793,1,100,307769,261465.5,93,0.93
794,1,100,307769,261465.5,98,0.98
795,1,100,215162,261465.5,91,0.91
796,1,100,307769,261465.5,67,0.67
797,1,100,307769,261465.5,92,0.92
798,1,100,215162,261465.5,61,0.61
799,1,100,307769,261465.5,96,0.96
800,1,100,215162,261465.5,38,0.38
801,1,100,307769,261465.5,70,0.7
802,1,100,307769,261465.5,65,0.65
803,1,100,215162,261465.5,93,0.93
804,1,100,215162,261465.5,93,0.93
805,1,100,215162,261465.5,66,0.66
806,1,100,215162,261465.5,65,0.65
807,1,100,307769,261465.5,94,0.94
808,1,100,215162,261465.5,57,0.57
809,1,100,307769,261465.5,84,0.84
810,1,100,307769,261465.5,97,0.97
811,1,100,307769,261465.5,86,0.86
812,1,100,307769,261465.5,90,0.9
813,1,100,307769,261465.5,100,1.0
814,1,100,215162,261465.5,98,0.98
815,1,100,215162,261465.5,37,0.37
816,1,100,307769,261465.5,97,0.97
817,1,100,215162,261465.5,52,0.52
818,1,100,215162,261465.5,67,0.67
819,1,100,307769,261465.5,85,0.85
820,1,100,215162,261465.5,84,0.84
821,1,100,215162,261465.5,46,0.46
822,1,100,307769,261465.5,90,0.9
823,1,100,215162,261465.5,93,0.93
824,1,100,307769,261465.5,77,0.77
825,1,100,215162,261465.5,69,0.69
826,1,100,307769,261465.5,86,0.86
827,1,100,307769,261465.5,68,0.68
828,1,100,215162,261465.5,98,0.98
829,1,100,307769,261465.5,97,0.97
830,1,100,215162,261465.5,100,1.0
831,1,100,307769,261465.5,40,0.4
832,1,100,215162,261465.5,52,0.52
833,1,100,307769,261465.5,79,0.79
834,1,100,307769,261465.5,32,0.32
835,1,100,307769,261465.5,68,0.68
836,1,100,215162,261465.5,92,0.92
837,1,100,215162,261465.5,78,0.78
838,1,100,307769,261465.5,76,0.76
839,1,100,215162,261465.5,78,0.78
840,1,100,307769,261465.5,56,0.56
841,1,100,307769,261465.5,72,0.72
842,1,100,215162,261465.5,86,0.86
843,1,100,307769,261465.5,80,0.8
844,1,100,215162,261465.5,91,0.91
845,1,100,307769,261465.5,80,0.8
846,1,100,215162,261465.5,46,0.46
847,1,100,215162,261465.5,67,0.67
848,1,100,215162,261465.5,85,0.85
849,1,100,307769,261465.5,96,0.96
850,1,100,307769,261465.5,93,0.93
851,1,100,215162,261465.5,93,0.93
852,1,100,307769,261465.5,57,0.57
853,1,100,307769,261465.5,55,0.55
854,1,100,215162,261465.5,98,0.98
855,1,100,307769,261465.5,68,0.68
856,1,100,215162,261465.5,85,0.85
857,1,100,307769,261465.5,99,0.99
858,1,100,215162,261465.5,71,0.71
859,1,100,215162,261465.5,42,0.42
860,1,100,307769,261465.5,77,0.77
861,1,100,215162,261465.5,47,0.47
862,1,100,307769,261465.5,84,0.84
863,1,100,307769,261465.5,86,0.86
864,1,100,215162,261465.5,53,0.53
865,1,100,215162,261465.5,71,0.71
866,1,100,307769,261465.5,51,0.51
867,1,100,307769,261465.5,76,0.76
868,1,100,307769,261465.5,85,0.85
869,1,100,307769,261465.5,91,0.91
870,1,100,215162,261465.5,82,0.82
871,1,100,215162,261465.5,99,0.99
872,1,100,307769,261465.5,94,0.94
873,1,100,215162,261465.5,61,0.61
874,1,100,307769,261465.5,93,0.93
875,1,100,307769,261465.5,46,0.46
876,1,100,307769,261465.5,94,0.94
877,1,100,215162,261465.5,62,0.62
878,1,100,307769,261465.5,31,0.31
879,1,100,215162,261465.5,58,0.58
880,1,100,307769,261465.5,78,0.78
881,1,100,307769,261465.5,88,0.88
882,1,100,307769,261465.5,90,0.9
883,1,100,215162,261465.5,93,0.93
884,1,100,215162,261465.5,59,0.59
885,1,100,307769,261465.5,79,0.79
886,1,100,307769,261465.5,99,0.99
887,1,100,215162,261465.5,92,0.92
888,1,100,307769,261465.5,77,0.77
889,1,100,307769,261465.5,69,0.69
890,1,100,307769,261465.5,78,0.78
891,1,100,215162,261465.5,38,0.38
892,1,100,215162,261465.5,75,0.75
893,1,100,215162,261465.5,21,0.21
894,1,100,215162,261465.5,84,0.84
895,1,100,307769,261465.5,51,0.51
896,1,100,307769,261465.5,95,0.95
897,1,100,307769,261465.5,95,0.95
898,1,100,307769,261465.5,89,0.89
899,1,100,307769,261465.5,91,0.91
900,1,100,307769,261465.5,75,0.75
901,1,100,307769,261465.5,97,0.97
902,1,100,215162,261465.5,57,0.57
903,1,100,307769,261465.5,95,0.95
904,1,100,215162,261465.5,21,0.21
905,1,100,215162,261465.5,83,0.83
906,1,100,307769,261465.5,49,0.49
907,1,100,215162,261465.5,88,0.88
908,1,100,307769,261465.5,94,0.94
909,1,100,215162,261465.5,54,0.54
910,1,100,307769,261465.5,98,0.98
911,1,100,307769,261465.5,100,1.0
912,1,100,215162,261465.5,61,0.61
913,1,100,215162,261465.5,74,0.74
914,1,100,215162,261465.5,44,0.44
915,1,100,215162,261465.5,64,0.64
916,1,100,307769,261465.5,85,0.85
917,1,100,307769,261465.5,98,0.98
918,1,100,307769,261465.5,96,0.96
919,1,100,215162,261465.5,34,0.34
920,1,100,307769,261465.5,88,0.88
921,1,100,215162,261465.5,79,0.79
922,1,100,307769,261465.5,93,0.93
923,1,100,307769,261465.5,46,0.46
924,1,100,307769,261465.5,99,0.99
925,1,100,307769,261465.5,87,0.87
926,1,100,307769,261465.5,81,0.81
927,1,100,215162,261465.5,63,0.63
928,1,100,215162,261465.5,93,0.93
929,1,100,307769,261465.5,81,0.81
930,1,100,307769,261465.5,82,0.82
931,1,100,215162,261465.5,73,0.73
932,1,100,215162,261465.5,11,0.11
933,1,100,307769,261465.5,38,0.38
934,1,100,215162,261465.5,61,0.61
935,1,100,307769,261465.5,88,0.88
936,1,100,215162,261465.5,92,0.92
937,1,100,307769,261465.5,64,0.64
938,1,100,307769,261465.5,90,0.9
939,1,100,307769,261465.5,79,0.79
940,1,100,307769,261465.5,89,0.89
941,1,100,215162,261465.5,96,0.96
942,1,100,307769,261465.5,68,0.68
943,1,100,215162,261465.5,57,0.57
944,1,100,307769,261465.5,28,0.28
945,1,100,215162,261465.5,77,0.77
946,1,100,307769,261465.5,74,0.74
947,1,100,307769,261465.5,63,0.63
948,1,100,215162,261465.5,94,0.94
949,1,100,307769,261465.5,85,0.85
950,1,100,215162,261465.5,84,0.84
951,1,100,307769,261465.5,44,0.44
952,1,100,307769,261465.5,54,0.54
953,1,100,215162,261465.5,42,0.42
954,1,100,307769,261465.5,50,0.5
955,1,100,215162,261465.5,81,0.81
956,1,100,307769,261465.5,100,1.0
957,1,100,307769,261465.5,97,0.97
958,1,100,307769,261465.5,68,0.68
959,1,100,215162,261465.5,56,0.56
960,1,100,307769,261465.5,91,0.91
961,1,100,307769,261465.5,86,0.86
962,1,100,215162,261465.5,93,0.93
963,1,100,307769,261465.5,81,0.81
964,1,100,215162,261465.5,61,0.61
965,1,100,215162,261465.5,37,0.37
966,1,100,215162,261465.5,96,0.96
967,1,100,215162,261465.5,8,0.08
968,1,100,215162,261465.5,80,0.8
969,1,100,307769,261465.5,95,0.95
970,1,100,215162,261465.5,27,0.27
971,1,100,307769,261465.5,55,0.55
972,1,100,307769,261465.5,66,0.66
973,1,100,215162,261465.5,51,0.51
974,1,100,215162,261465.5,61,0.61
975,1,100,307769,261465.5,60,0.6
976,1,100,215162,261465.5,65,0.65
977,1,100,307769,261465.5,71,0.71
978,1,100,215162,261465.5,44,0.44
979,1,100,307769,261465.5,75,0.75
980,1,100,215162,261465.5,53,0.53
981,1,100,307769,261465.5,60,0.6
982,1,100,307769,261465.5,48,0.48
983,1,100,307769,261465.5,95,0.95
984,1,100,307769,261465.5,94,0.94
985,1,100,307769,261465.5,81,0.81
986,1,100,307769,261465.5,65,0.65
987,1,100,307769,261465.5,94,0.94
988,1,100,215162,261465.5,52,0.52
989,1,100,215162,261465.5,94,0.94
990,1,100,307769,261465.5,97,0.97
991,1,100,307769,261465.5,94,0.94
992,1,100,307769,261465.5,89,0.89
993,1,100,215162,261465.5,81,0.81
994,1,100,307769,261465.5,74,0.74
995,1,100,215162,261465.5,24,0.24
996,1,100,215162,261465.5,86,0.86
997,1,100,215162,261465.5,63,0.63
998,1,100,215162,261465.5,63,0.63
999,1,100,307769,261465.5,97,0.97
0,2,1,61512,130732.75,0,0.0
1,2,1,181469,130732.75,0,0.0
2,2,1,246257,130732.75,1,1.0
3,2,1,181469,130732.75,1,1.0
4,2,1,181469,130732.75,1,1.0
5,2,1,33693,130732.75,0,0.0
6,2,1,33693,130732.75,1,1.0
7,2,1,181469,130732.75,1,1.0
8,2,1,181469,130732.75,1,1.0
9,2,1,181469,130732.75,1,1.0
10,2,1,246257,130732.75,1,1.0
11,2,1,61512,130732.75,0,0.0
12,2,1,33693,130732.75,1,1.0
13,2,1,61512,130732.75,1,1.0
14,2,1,181469,130732.75,1,1.0
15,2,1,181469,130732.75,1,1.0
16,2,1,246257,130732.75,1,1.0
17,2,1,246257,130732.75,1,1.0
18,2,1,181469,130732.75,1,1.0
19,2,1,246257,130732.75,1,1.0
20,2,1,181469,130732.75,1,1.0
21,2,1,246257,130732.75,1,1.0
22,2,1,33693,130732.75,0,0.0
23,2,1,246257,130732.75,1,1.0
24,2,1,61512,130732.75,1,1.0
25,2,1,33693,130732.75,1,1.0
26,2,1,181469,130732.75,1,1.0
27,2,1,33693,130732.75,0,0.0
28,2,1,246257,130732.75,1,1.0
29,2,1,61512,130732.75,1,1.0
30,2,1,33693,130732.75,1,1.0
31,2,1,33693,130732.75,0,0.0
32,2,1,61512,130732.75,0,0.0
33,2,1,33693,130732.75,0,0.0
34,2,1,246257,130732.75,1,1.0
35,2,1,246257,130732.75,1,1.0
36,2,1,61512,130732.75,0,0.0
37,2,1,61512,130732.75,1,1.0
38,2,1,181469,130732.75,1,1.0
39,2,1,181469,130732.75,1,1.0
40,2,1,246257,130732.75,1,1.0
41,2,1,33693,130732.75,0,0.0
42,2,1,246257,130732.75,1,1.0
43,2,1,33693,130732.75,1,1.0
44,2,1,246257,130732.75,1,1.0
45,2,1,181469,130732.75,1,1.0
46,2,1,246257,130732.75,1,1.0
47,2,1,33693,130732.75,1,1.0
48,2,1,61512,130732.75,1,1.0
49,2,1,33693,130732.75,1,1.0
50,2,1,246257,130732.75,1,1.0
51,2,1,61512,130732.75,0,0.0
52,2,1,246257,130732.75,1,1.0
53,2,1,246257,130732.75,0,0.0
54,2,1,61512,130732.75,1,1.0
55,2,1,246257,130732.75,1,1.0
56,2,1,33693,130732.75,1,1.0
57,2,1,246257,130732.75,1,1.0
58,2,1,33693,130732.75,0,0.0
59,2,1,246257,130732.75,1,1.0
60,2,1,181469,130732.75,1,1.0
61,2,1,246257,130732.75,1,1.0
62,2,1,246257,130732.75,0,0.0
63,2,1,246257,130732.75,0,0.0
64,2,1,246257,130732.75,1,1.0
65,2,1,33693,130732.75,0,0.0
66,2,1,181469,130732.75,1,1.0
67,2,1,246257,130732.75,1,1.0
68,2,1,61512,130732.75,1,1.0
69,2,1,246257,130732.75,1,1.0
70,2,1,181469,130732.75,1,1.0
71,2,1,181469,130732.75,0,0.0
72,2,1,246257,130732.75,1,1.0
73,2,1,181469,130732.75,1,1.0
74,2,1,61512,130732.75,1,1.0
75,2,1,181469,130732.75,1,1.0
76,2,1,246257,130732.75,1,1.0
77,2,1,181469,130732.75,1,1.0
78,2,1,181469,130732.75,1,1.0
79,2,1,181469,130732.75,1,1.0
80,2,1,181469,130732.75,1,1.0
81,2,1,246257,130732.75,1,1.0
82,2,1,246257,130732.75,1,1.0
83,2,1,61512,130732.75,0,0.0
84,2,1,246257,130732.75,1,1.0
85,2,1,246257,130732.75,1,1.0
86,2,1,246257,130732.75,1,1.0
87,2,1,61512,130732.75,0,0.0
88,2,1,61512,130732.75,1,1.0
89,2,1,181469,130732.75,1,1.0
90,2,1,246257,130732.75,1,1.0
91,2,1,61512,130732.75,0,0.0
92,2,1,181469,130732.75,1,1.0
93,2,1,246257,130732.75,1,1.0
94,2,1,246257,130732.75,1,1.0
95,2,1,181469,130732.75,1,1.0
96,2,1,181469,130732.75,1,1.0
97,2,1,61512,130732.75,1,1.0
98,2,1,61512,130732.75,0,0.0
99,2,1,246257,130732.75,1,1.0
100,2,1,246257,130732.75,1,1.0
101,2,1,181469,130732.75,1,1.0
102,2,1,181469,130732.75,1,1.0
103,2,1,33693,130732.75,0,0.0
104,2,1,61512,130732.75,0,0.0
105,2,1,246257,130732.75,1,1.0
106,2,1,246257,130732.75,1,1.0
107,2,1,181469,130732.75,1,1.0
108,2,1,61512,130732.75,0,0.0
109,2,1,181469,130732.75,1,1.0
110,2,1,33693,130732.75,1,1.0
111,2,1,181469,130732.75,1,1.0
112,2,1,181469,130732.75,0,0.0
113,2,1,246257,130732.75,1,1.0
114,2,1,33693,130732.75,0,0.0
115,2,1,181469,130732.75,0,0.0
116,2,1,33693,130732.75,1,1.0
117,2,1,181469,130732.75,0,0.0
118,2,1,181469,130732.75,1,1.0
119,2,1,181469,130732.75,1,1.0
120,2,1,181469,130732.75,1,1.0
121,2,1,61512,130732.75,1,1.0
122,2,1,246257,130732.75,1,1.0
123,2,1,246257,130732.75,1,1.0
124,2,1,61512,130732.75,0,0.0
125,2,1,181469,130732.75,0,0.0
126,2,1,246257,130732.75,1,1.0
127,2,1,33693,130732.75,1,1.0
128,2,1,181469,130732.75,1,1.0
129,2,1,181469,130732.75,1,1.0
130,2,1,61512,130732.75,1,1.0
131,2,1,246257,130732.75,1,1.0
132,2,1,33693,130732.75,0,0.0
133,2,1,33693,130732.75,1,1.0
134,2,1,246257,130732.75,1,1.0
135,2,1,181469,130732.75,1,1.0
136,2,1,246257,130732.75,0,0.0
137,2,1,181469,130732.75,0,0.0
138,2,1,181469,130732.75,1,1.0
139,2,1,61512,130732.75,0,0.0
140,2,1,33693,130732.75,0,0.0
141,2,1,33693,130732.75,0,0.0
142,2,1,61512,130732.75,1,1.0
143,2,1,181469,130732.75,1,1.0
144,2,1,181469,130732.75,1,1.0
145,2,1,246257,130732.75,1,1.0
146,2,1,246257,130732.75,1,1.0
147,2,1,246257,130732.75,1,1.0
148,2,1,181469,130732.75,0,0.0
149,2,1,61512,130732.75,1,1.0
150,2,1,61512,130732.75,1,1.0
151,2,1,181469,130732.75,0,0.0
152,2,1,181469,130732.75,1,1.0
153,2,1,246257,130732.75,1,1.0
154,2,1,246257,130732.75,1,1.0
155,2,1,33693,130732.75,0,0.0
156,2,1,246257,130732.75,1,1.0
157,2,1,33693,130732.75,1,1.0
158,2,1,61512,130732.75,1,1.0
159,2,1,61512,130732.75,0,0.0
160,2,1,246257,130732.75,1,1.0
161,2,1,246257,130732.75,1,1.0
162,2,1,181469,130732.75,1,1.0
163,2,1,246257,130732.75,1,1.0
164,2,1,61512,130732.75,1,1.0
165,2,1,61512,130732.75,0,0.0
166,2,1,181469,130732.75,1,1.0
167,2,1,181469,130732.75,0,0.0
168,2,1,61512,130732.75,1,1.0
169,2,1,181469,130732.75,1,1.0
170,2,1,246257,130732.75,1,1.0
171,2,1,246257,130732.75,1,1.0
172,2,1,181469,130732.75,1,1.0
173,2,1,181469,130732.75,0,0.0
174,2,1,246257,130732.75,0,0.0
175,2,1,246257,130732.75,1,1.0
176,2,1,246257,130732.75,0,0.0
177,2,1,181469,130732.75,1,1.0
178,2,1,61512,130732.75,1,1.0
179,2,1,61512,130732.75,0,0.0
180,2,1,246257,130732.75,0,0.0
181,2,1,181469,130732.75,1,1.0
182,2,1,246257,130732.75,1,1.0
183,2,1,33693,130732.75,0,0.0
184,2,1,181469,130732.75,1,1.0
185,2,1,246257,130732.75,1,1.0
186,2,1,61512,130732.75,1,1.0
187,2,1,181469,130732.75,1,1.0
188,2,1,246257,130732.75,1,1.0
189,2,1,181469,130732.75,1,1.0
190,2,1,61512,130732.75,1,1.0
191,2,1,181469,130732.75,0,0.0
192,2,1,246257,130732.75,0,0.0
193,2,1,61512,130732.75,0,0.0
194,2,1,246257,130732.75,1,1.0
195,2,1,246257,130732.75,1,1.0
196,2,1,61512,130732.75,0,0.0
197,2,1,33693,130732.75,0,0.0
198,2,1,181469,130732.75,1,1.0
199,2,1,33693,130732.75,1,1.0
200,2,1,246257,130732.75,0,0.0
201,2,1,61512,130732.75,1,1.0
202,2,1,246257,130732.75,1,1.0
203,2,1,181469,130732.75,0,0.0
204,2,1,33693,130732.75,0,0.0
205,2,1,246257,130732.75,1,1.0
206,2,1,33693,130732.75,0,0.0
207,2,1,181469,130732.75,1,1.0
208,2,1,246257,130732.75,0,0.0
209,2,1,246257,130732.75,1,1.0
210,2,1,246257,130732.75,1,1.0
211,2,1,246257,130732.75,1,1.0
212,2,1,61512,130732.75,0,0.0
213,2,1,246257,130732.75,1,1.0
214,2,1,61512,130732.75,1,1.0
215,2,1,246257,130732.75,1,1.0
216,2,1,246257,130732.75,1,1.0
217,2,1,246257,130732.75,1,1.0
218,2,1,33693,130732.75,1,1.0
219,2,1,246257,130732.75,1,1.0
220,2,1,61512,130732.75,0,0.0
221,2,1,246257,130732.75,1,1.0
222,2,1,246257,130732.75,1,1.0
223,2,1,246257,130732.75,1,1.0
224,2,1,246257,130732.75,1,1.0
225,2,1,181469,130732.75,1,1.0
226,2,1,246257,130732.75,1,1.0
227,2,1,181469,130732.75,1,1.0
228,2,1,61512,130732.75,0,0.0
229,2,1,246257,130732.75,1,1.0
230,2,1,181469,130732.75,0,0.0
231,2,1,33693,130732.75,0,0.0
232,2,1,246257,130732.75,0,0.0
233,2,1,181469,130732.75,1,1.0
234,2,1,33693,130732.75,1,1.0
235,2,1,246257,130732.75,0,0.0
236,2,1,246257,130732.75,1,1.0
237,2,1,33693,130732.75,0,0.0
238,2,1,61512,130732.75,1,1.0
239,2,1,181469,130732.75,0,0.0
240,2,1,246257,130732.75,0,0.0
241,2,1,181469,130732.75,1,1.0
242,2,1,246257,130732.75,1,1.0
243,2,1,61512,130732.75,0,0.0
244,2,1,61512,130732.75,0,0.0
245,2,1,181469,130732.75,1,1.0
246,2,1,181469,130732.75,1,1.0
247,2,1,246257,130732.75,1,1.0
248,2,1,246257,130732.75,1,1.0
249,2,1,246257,130732.75,1,1.0
250,2,1,246257,130732.75,1,1.0
251,2,1,33693,130732.75,0,0.0
252,2,1,246257,130732.75,1,1.0
253,2,1,246257,130732.75,1,1.0
254,2,1,246257,130732.75,1,1.0
255,2,1,246257,130732.75,1,1.0
256,2,1,61512,130732.75,0,0.0
257,2,1,61512,130732.75,1,1.0
258,2,1,181469,130732.75,1,1.0
259,2,1,181469,130732.75,1,1.0
260,2,1,246257,130732.75,0,0.0
261,2,1,33693,130732.75,0,0.0
262,2,1,181469,130732.75,1,1.0
263,2,1,181469,130732.75,0,0.0
264,2,1,246257,130732.75,0,0.0
265,2,1,61512,130732.75,0,0.0
266,2,1,181469,130732.75,0,0.0
267,2,1,61512,130732.75,0,0.0
268,2,1,33693,130732.75,0,0.0
269,2,1,246257,130732.75,1,1.0
270,2,1,181469,130732.75,0,0.0
271,2,1,181469,130732.75,1,1.0
272,2,1,33693,130732.75,0,0.0
273,2,1,246257,130732.75,1,1.0
274,2,1,33693,130732.75,1,1.0
275,2,1,246257,130732.75,1,1.0
276,2,1,181469,130732.75,1,1.0
277,2,1,181469,130732.75,1,1.0
278,2,1,246257,130732.75,1,1.0
279,2,1,61512,130732.75,0,0.0
280,2,1,246257,130732.75,1,1.0
281,2,1,181469,130732.75,1,1.0
282,2,1,246257,130732.75,1,1.0
283,2,1,246257,130732.75,1,1.0
284,2,1,61512,130732.75,0,0.0
285,2,1,181469,130732.75,1,1.0
286,2,1,181469,130732.75,1,1.0
287,2,1,181469,130732.75,1,1.0
288,2,1,181469,130732.75,1,1.0
289,2,1,33693,130732.75,0,0.0
290,2,1,181469,130732.75,1,1.0
291,2,1,33693,130732.75,1,1.0
292,2,1,181469,130732.75,1,1.0
293,2,1,61512,130732.75,0,0.0
294,2,1,33693,130732.75,1,1.0
295,2,1,181469,130732.75,1,1.0
296,2,1,181469,130732.75,1,1.0
297,2,1,33693,130732.75,0,0.0
298,2,1,61512,130732.75,1,1.0
299,2,1,246257,130732.75,1,1.0
300,2,1,246257,130732.75,1,1.0
301,2,1,246257,130732.75,1,1.0
302,2,1,246257,130732.75,1,1.0
303,2,1,61512,130732.75,1,1.0
304,2,1,61512,130732.75,1,1.0
305,2,1,181469,130732.75,1,1.0
306,2,1,61512,130732.75,0,0.0
307,2,1,61512,130732.75,1,1.0
308,2,1,181469,130732.75,1,1.0
309,2,1,246257,130732.75,1,1.0
310,2,1,181469,130732.75,0,0.0
311,2,1,33693,130732.75,0,0.0
312,2,1,33693,130732.75,1,1.0
313,2,1,61512,130732.75,0,0.0
314,2,1,61512,130732.75,0,0.0
315,2,1,181469,130732.75,0,0.0
316,2,1,33693,130732.75,0,0.0
317,2,1,33693,130732.75,1,1.0
318,2,1,61512,130732.75,1,1.0
319,2,1,33693,130732.75,0,0.0
320,2,1,33693,130732.75,0,0.0
321,2,1,61512,130732.75,1,1.0
322,2,1,246257,130732.75,1,1.0
323,2,1,246257,130732.75,1,1.0
324,2,1,61512,130732.75,0,0.0
325,2,1,181469,130732.75,0,0.0
326,2,1,181469,130732.75,1,1.0
327,2,1,33693,130732.75,0,0.0
328,2,1,246257,130732.75,1,1.0
329,2,1,181469,130732.75,0,0.0
330,2,1,246257,130732.75,1,1.0
331,2,1,246257,130732.75,1,1.0
332,2,1,61512,130732.75,0,0.0
333,2,1,181469,130732.75,1,1.0
334,2,1,61512,130732.75,1,1.0
335,2,1,61512,130732.75,1,1.0
336,2,1,181469,130732.75,1,1.0
337,2,1,33693,130732.75,0,0.0
338,2,1,246257,130732.75,1,1.0
339,2,1,181469,130732.75,0,0.0
340,2,1,246257,130732.75,1,1.0
341,2,1,181469,130732.75,1,1.0
342,2,1,246257,130732.75,1,1.0
343,2,1,246257,130732.75,1,1.0
344,2,1,181469,130732.75,1,1.0
345,2,1,246257,130732.75,1,1.0
346,2,1,61512,130732.75,1,1.0
347,2,1,61512,130732.75,1,1.0
348,2,1,61512,130732.75,1,1.0
349,2,1,61512,130732.75,1,1.0
350,2,1,61512,130732.75,1,1.0
351,2,1,61512,130732.75,1,1.0
352,2,1,61512,130732.75,0,0.0
353,2,1,181469,130732.75,1,1.0
354,2,1,61512,130732.75,1,1.0
355,2,1,246257,130732.75,1,1.0
356,2,1,33693,130732.75,0,0.0
357,2,1,246257,130732.75,1,1.0
358,2,1,181469,130732.75,1,1.0
359,2,1,246257,130732.75,1,1.0
360,2,1,61512,130732.75,0,0.0
361,2,1,33693,130732.75,0,0.0
362,2,1,33693,130732.75,1,1.0
363,2,1,246257,130732.75,1,1.0
364,2,1,33693,130732.75,0,0.0
365,2,1,33693,130732.75,0,0.0
366,2,1,61512,130732.75,0,0.0
367,2,1,181469,130732.75,0,0.0
368,2,1,33693,130732.75,1,1.0
369,2,1,33693,130732.75,0,0.0
370,2,1,246257,130732.75,0,0.0
371,2,1,181469,130732.75,1,1.0
372,2,1,246257,130732.75,1,1.0
373,2,1,181469,130732.75,0,0.0
374,2,1,181469,130732.75,1,1.0
375,2,1,33693,130732.75,1,1.0
376,2,1,181469,130732.75,1,1.0
377,2,1,246257,130732.75,1,1.0
378,2,1,61512,130732.75,0,0.0
379,2,1,246257,130732.75,1,1.0
380,2,1,246257,130732.75,1,1.0
381,2,1,246257,130732.75,0,0.0
382,2,1,181469,130732.75,1,1.0
383,2,1,246257,130732.75,1,1.0
384,2,1,246257,130732.75,1,1.0
385,2,1,246257,130732.75,1,1.0
386,2,1,61512,130732.75,0,0.0
387,2,1,181469,130732.75,1,1.0
388,2,1,246257,130732.75,1,1.0
389,2,1,181469,130732.75,0,0.0
390,2,1,246257,130732.75,1,1.0
391,2,1,181469,130732.75,1,1.0
392,2,1,61512,130732.75,0,0.0
393,2,1,246257,130732.75,1,1.0
394,2,1,181469,130732.75,0,0.0
395,2,1,181469,130732.75,1,1.0
396,2,1,61512,130732.75,0,0.0
397,2,1,61512,130732.75,1,1.0
398,2,1,61512,130732.75,1,1.0
399,2,1,61512,130732.75,0,0.0
400,2,1,181469,130732.75,1,1.0
401,2,1,246257,130732.75,1,1.0
402,2,1,181469,130732.75,1,1.0
403,2,1,181469,130732.75,0,0.0
404,2,1,33693,130732.75,0,0.0
405,2,1,33693,130732.75,1,1.0
406,2,1,246257,130732.75,1,1.0
407,2,1,181469,130732.75,1,1.0
408,2,1,33693,130732.75,1,1.0
409,2,1,181469,130732.75,1,1.0
410,2,1,181469,130732.75,1,1.0
411,2,1,61512,130732.75,0,0.0
412,2,1,61512,130732.75,0,0.0
413,2,1,61512,130732.75,0,0.0
414,2,1,181469,130732.75,1,1.0
415,2,1,181469,130732.75,0,0.0
416,2,1,33693,130732.75,1,1.0
417,2,1,181469,130732.75,1,1.0
418,2,1,61512,130732.75,1,1.0
419,2,1,181469,130732.75,0,0.0
420,2,1,61512,130732.75,0,0.0
421,2,1,246257,130732.75,1,1.0
422,2,1,181469,130732.75,1,1.0
423,2,1,181469,130732.75,1,1.0
424,2,1,61512,130732.75,0,0.0
425,2,1,181469,130732.75,1,1.0
426,2,1,246257,130732.75,1,1.0
427,2,1,246257,130732.75,0,0.0
428,2,1,181469,130732.75,1,1.0
429,2,1,246257,130732.75,1,1.0
430,2,1,246257,130732.75,1,1.0
431,2,1,246257,130732.75,1,1.0
432,2,1,246257,130732.75,0,0.0
433,2,1,181469,130732.75,1,1.0
434,2,1,61512,130732.75,0,0.0
435,2,1,61512,130732.75,0,0.0
436,2,1,61512,130732.75,0,0.0
437,2,1,181469,130732.75,1,1.0
438,2,1,246257,130732.75,1,1.0
439,2,1,246257,130732.75,1,1.0
440,2,1,181469,130732.75,1,1.0
441,2,1,246257,130732.75,0,0.0
442,2,1,181469,130732.75,0,0.0
443,2,1,181469,130732.75,1,1.0
444,2,1,181469,130732.75,1,1.0
445,2,1,246257,130732.75,1,1.0
446,2,1,61512,130732.75,0,0.0
447,2,1,181469,130732.75,1,1.0
448,2,1,246257,130732.75,0,0.0
449,2,1,33693,130732.75,1,1.0
450,2,1,246257,130732.75,0,0.0
451,2,1,61512,130732.75,0,0.0
452,2,1,33693,130732.75,1,1.0
453,2,1,181469,130732.75,1,1.0
454,2,1,33693,130732.75,0,0.0
455,2,1,246257,130732.75,1,1.0
456,2,1,246257,130732.75,1,1.0
457,2,1,61512,130732.75,0,0.0
458,2,1,246257,130732.75,1,1.0
459,2,1,246257,130732.75,1,1.0
460,2,1,61512,130732.75,0,0.0
461,2,1,181469,130732.75,1,1.0
462,2,1,246257,130732.75,1,1.0
463,2,1,181469,130732.75,1,1.0
464,2,1,33693,130732.75,0,0.0
465,2,1,33693,130732.75,1,1.0
466,2,1,61512,130732.75,0,0.0
467,2,1,181469,130732.75,1,1.0
468,2,1,33693,130732.75,0,0.0
469,2,1,33693,130732.75,1,1.0
470,2,1,61512,130732.75,1,1.0
471,2,1,181469,130732.75,1,1.0
472,2,1,246257,130732.75,0,0.0
473,2,1,246257,130732.75,1,1.0
474,2,1,61512,130732.75,1,1.0
475,2,1,61512,130732.75,1,1.0
476,2,1,181469,130732.75,1,1.0
477,2,1,181469,130732.75,1,1.0
478,2,1,246257,130732.75,1,1.0
479,2,1,61512,130732.75,0,0.0
480,2,1,33693,130732.75,1,1.0
481,2,1,181469,130732.75,1,1.0
482,2,1,246257,130732.75,1,1.0
483,2,1,181469,130732.75,1,1.0
484,2,1,246257,130732.75,1,1.0
485,2,1,181469,130732.75,1,1.0
486,2,1,33693,130732.75,1,1.0
487,2,1,61512,130732.75,0,0.0
488,2,1,246257,130732.75,0,0.0
489,2,1,61512,130732.75,0,0.0
490,2,1,246257,130732.75,1,1.0
491,2,1,246257,130732.75,1,1.0
492,2,1,33693,130732.75,1,1.0
493,2,1,246257,130732.75,1,1.0
494,2,1,61512,130732.75,1,1.0
495,2,1,33693,130732.75,0,0.0
496,2,1,246257,130732.75,1,1.0
497,2,1,246257,130732.75,1,1.0
498,2,1,181469,130732.75,1,1.0
499,2,1,246257,130732.75,0,0.0
500,2,1,246257,130732.75,1,1.0
501,2,1,61512,130732.75,1,1.0
502,2,1,61512,130732.75,0,0.0
503,2,1,33693,130732.75,0,0.0
504,2,1,33693,130732.75,0,0.0
505,2,1,246257,130732.75,1,1.0
506,2,1,33693,130732.75,0,0.0
507,2,1,33693,130732.75,1,1.0
508,2,1,33693,130732.75,0,0.0
509,2,1,61512,130732.75,0,0.0
510,2,1,33693,130732.75,1,1.0
511,2,1,61512,130732.75,1,1.0
512,2,1,61512,130732.75,0,0.0
513,2,1,246257,130732.75,1,1.0
514,2,1,181469,130732.75,1,1.0
515,2,1,246257,130732.75,1,1.0
516,2,1,246257,130732.75,1,1.0
517,2,1,246257,130732.75,1,1.0
518,2,1,181469,130732.75,1,1.0
519,2,1,33693,130732.75,0,0.0
520,2,1,181469,130732.75,1,1.0
521,2,1,246257,130732.75,1,1.0
522,2,1,33693,130732.75,0,0.0
523,2,1,61512,130732.75,0,0.0
524,2,1,246257,130732.75,1,1.0
525,2,1,181469,130732.75,1,1.0
526,2,1,33693,130732.75,0,0.0
527,2,1,61512,130732.75,0,0.0
528,2,1,61512,130732.75,0,0.0
529,2,1,246257,130732.75,1,1.0
530,2,1,61512,130732.75,0,0.0
531,2,1,181469,130732.75,1,1.0
532,2,1,181469,130732.75,0,0.0
533,2,1,33693,130732.75,0,0.0
534,2,1,246257,130732.75,1,1.0
535,2,1,181469,130732.75,1,1.0
536,2,1,61512,130732.75,1,1.0
537,2,1,246257,130732.75,1,1.0
538,2,1,61512,130732.75,0,0.0
539,2,1,33693,130732.75,0,0.0
540,2,1,61512,130732.75,0,0.0
541,2,1,246257,130732.75,1,1.0
542,2,1,61512,130732.75,1,1.0
543,2,1,61512,130732.75,1,1.0
544,2,1,181469,130732.75,0,0.0
545,2,1,33693,130732.75,0,0.0
546,2,1,181469,130732.75,1,1.0
547,2,1,181469,130732.75,1,1.0
548,2,1,61512,130732.75,1,1.0
549,2,1,181469,130732.75,1,1.0
550,2,1,33693,130732.75,0,0.0
551,2,1,246257,130732.75,1,1.0
552,2,1,246257,130732.75,1,1.0
553,2,1,246257,130732.75,1,1.0
554,2,1,246257,130732.75,0,0.0
555,2,1,33693,130732.75,0,0.0
556,2,1,181469,130732.75,1,1.0
557,2,1,61512,130732.75,0,0.0
558,2,1,246257,130732.75,1,1.0
559,2,1,181469,130732.75,1,1.0
560,2,1,181469,130732.75,1,1.0
561,2,1,246257,130732.75,0,0.0
562,2,1,246257,130732.75,1,1.0
563,2,1,181469,130732.75,1,1.0
564,2,1,181469,130732.75,0,0.0
565,2,1,181469,130732.75,1,1.0
566,2,1,181469,130732.75,1,1.0
567,2,1,246257,130732.75,1,1.0
568,2,1,33693,130732.75,0,0.0
569,2,1,181469,130732.75,0,0.0
570,2,1,61512,130732.75,0,0.0
571,2,1,33693,130732.75,1,1.0
572,2,1,246257,130732.75,1,1.0
573,2,1,33693,130732.75,0,0.0
574,2,1,246257,130732.75,1,1.0
575,2,1,33693,130732.75,0,0.0
576,2,1,181469,130732.75,1,1.0
577,2,1,181469,130732.75,1,1.0
578,2,1,33693,130732.75,0,0.0
579,2,1,181469,130732.75,1,1.0
580,2,1,181469,130732.75,1,1.0
581,2,1,246257,130732.75,1,1.0
582,2,1,246257,130732.75,1,1.0
583,2,1,246257,130732.75,1,1.0
584,2,1,61512,130732.75,0,0.0
585,2,1,181469,130732.75,1,1.0
586,2,1,33693,130732.75,1,1.0
587,2,1,181469,130732.75,1,1.0
588,2,1,61512,130732.75,1,1.0
589,2,1,246257,130732.75,1,1.0
590,2,1,33693,130732.75,1,1.0
591,2,1,181469,130732.75,1,1.0
592,2,1,181469,130732.75,1,1.0
593,2,1,246257,130732.75,1,1.0
594,2,1,181469,130732.75,1,1.0
595,2,1,246257,130732.75,1,1.0
596,2,1,246257,130732.75,1,1.0
597,2,1,181469,130732.75,0,0.0
598,2,1,181469,130732.75,1,1.0
599,2,1,61512,130732.75,1,1.0
600,2,1,33693,130732.75,1,1.0
601,2,1,61512,130732.75,1,1.0
602,2,1,61512,130732.75,0,0.0
603,2,1,61512,130732.75,1,1.0
604,2,1,246257,130732.75,1,1.0
605,2,1,246257,130732.75,1,1.0
606,2,1,246257,130732.75,0,0.0
607,2,1,61512,130732.75,1,1.0
608,2,1,181469,130732.75,0,0.0
609,2,1,181469,130732.75,1,1.0
610,2,1,61512,130732.75,1,1.0
611,2,1,181469,130732.75,1,1.0
612,2,1,33693,130732.75,1,1.0
613,2,1,181469,130732.75,1,1.0
614,2,1,246257,130732.75,1,1.0
615,2,1,61512,130732.75,1,1.0
616,2,1,246257,130732.75,1,1.0
617,2,1,181469,130732.75,1,1.0
618,2,1,181469,130732.75,1,1.0
619,2,1,33693,130732.75,1,1.0
620,2,1,33693,130732.75,0,0.0
621,2,1,33693,130732.75,0,0.0
622,2,1,181469,130732.75,1,1.0
623,2,1,246257,130732.75,1,1.0
624,2,1,61512,130732.75,0,0.0
625,2,1,181469,130732.75,0,0.0
626,2,1,181469,130732.75,1,1.0
627,2,1,33693,130732.75,0,0.0
628,2,1,181469,130732.75,1,1.0
629,2,1,246257,130732.75,1,1.0
630,2,1,246257,130732.75,1,1.0
631,2,1,181469,130732.75,0,0.0
632,2,1,33693,130732.75,0,0.0
633,2,1,181469,130732.75,1,1.0
634,2,1,246257,130732.75,1,1.0
635,2,1,246257,130732.75,1,1.0
636,2,1,33693,130732.75,0,0.0
637,2,1,246257,130732.75,1,1.0
638,2,1,181469,130732.75,1,1.0
639,2,1,61512,130732.75,0,0.0
640,2,1,181469,130732.75,1,1.0
641,2,1,181469,130732.75,1,1.0
642,2,1,61512,130732.75,0,0.0
643,2,1,246257,130732.75,1,1.0
644,2,1,246257,130732.75,1,1.0
645,2,1,33693,130732.75,1,1.0
646,2,1,33693,130732.75,0,0.0
647,2,1,61512,130732.75,1,1.0
648,2,1,33693,130732.75,0,0.0
649,2,1,33693,130732.75,0,0.0
650,2,1,246257,130732.75,1,1.0
651,2,1,246257,130732.75,1,1.0
652,2,1,61512,130732.75,1,1.0
653,2,1,246257,130732.75,0,0.0
654,2,1,33693,130732.75,1,1.0
655,2,1,181469,130732.75,1,1.0
656,2,1,246257,130732.75,1,1.0
657,2,1,181469,130732.75,1,1.0
658,2,1,181469,130732.75,1,1.0
659,2,1,246257,130732.75,1,1.0
660,2,1,181469,130732.75,1,1.0
661,2,1,246257,130732.75,1,1.0
662,2,1,246257,130732.75,1,1.0
663,2,1,246257,130732.75,1,1.0
664,2,1,246257,130732.75,1,1.0
665,2,1,61512,130732.75,1,1.0
666,2,1,61512,130732.75,1,1.0
667,2,1,61512,130732.75,0,0.0
668,2,1,61512,130732.75,1,1.0
669,2,1,61512,130732.75,0,0.0
670,2,1,181469,130732.75,1,1.0
671,2,1,181469,130732.75,1,1.0
672,2,1,181469,130732.75,1,1.0
673,2,1,61512,130732.75,0,0.0
674,2,1,61512,130732.75,0,0.0
675,2,1,246257,130732.75,1,1.0
676,2,1,33693,130732.75,0,0.0
677,2,1,246257,130732.75,1,1.0
678,2,1,181469,130732.75,1,1.0
679,2,1,246257,130732.75,1,1.0
680,2,1,181469,130732.75,1,1.0
681,2,1,33693,130732.75,0,0.0
682,2,1,246257,130732.75,0,0.0
683,2,1,246257,130732.75,1,1.0
684,2,1,61512,130732.75,0,0.0
685,2,1,61512,130732.75,1,1.0
686,2,1,181469,130732.75,1,1.0
687,2,1,181469,130732.75,1,1.0
688,2,1,181469,130732.75,1,1.0
689,2,1,246257,130732.75,0,0.0
690,2,1,181469,130732.75,1,1.0
691,2,1,246257,130732.75,1,1.0
692,2,1,181469,130732.75,1,1.0
693,2,1,61512,130732.75,0,0.0
694,2,1,181469,130732.75,1,1.0
695,2,1,33693,130732.75,0,0.0
696,2,1,246257,130732.75,1,1.0
697,2,1,246257,130732.75,1,1.0
698,2,1,33693,130732.75,0,0.0
699,2,1,246257,130732.75,1,1.0
700,2,1,33693,130732.75,1,1.0
701,2,1,61512,130732.75,1,1.0
702,2,1,246257,130732.75,1,1.0
703,2,1,33693,130732.75,0,0.0
704,2,1,61512,130732.75,0,0.0
705,2,1,246257,130732.75,0,0.0
706,2,1,181469,130732.75,0,0.0
707,2,1,33693,130732.75,1,1.0
708,2,1,246257,130732.75,1,1.0
709,2,1,61512,130732.75,0,0.0
710,2,1,246257,130732.75,0,0.0
711,2,1,246257,130732.75,1,1.0
712,2,1,181469,130732.75,1,1.0
713,2,1,33693,130732.75,0,0.0
714,2,1,61512,130732.75,0,0.0
715,2,1,246257,130732.75,1,1.0
716,2,1,246257,130732.75,1,1.0
717,2,1,61512,130732.75,0,0.0
718,2,1,181469,130732.75,1,1.0
719,2,1,246257,130732.75,1,1.0
720,2,1,181469,130732.75,1,1.0
721,2,1,181469,130732.75,1,1.0
722,2,1,61512,130732.75,0,0.0
723,2,1,246257,130732.75,1,1.0
724,2,1,246257,130732.75,0,0.0
725,2,1,181469,130732.75,1,1.0
726,2,1,246257,130732.75,1,1.0
727,2,1,61512,130732.75,0,0.0
728,2,1,181469,130732.75,1,1.0
729,2,1,246257,130732.75,1,1.0
730,2,1,246257,130732.75,1,1.0
731,2,1,246257,130732.75,1,1.0
732,2,1,246257,130732.75,1,1.0
733,2,1,246257,130732.75,1,1.0
734,2,1,246257,130732.75,1,1.0
735,2,1,246257,130732.75,1,1.0
736,2,1,181469,130732.75,0,0.0
737,2,1,33693,130732.75,1,1.0
738,2,1,246257,130732.75,1,1.0
739,2,1,181469,130732.75,0,0.0
740,2,1,61512,130732.75,0,0.0
741,2,1,181469,130732.75,1,1.0
742,2,1,181469,130732.75,1,1.0
743,2,1,181469,130732.75,1,1.0
744,2,1,181469,130732.75,1,1.0
745,2,1,246257,130732.75,1,1.0
746,2,1,246257,130732.75,1,1.0
747,2,1,246257,130732.75,1,1.0
748,2,1,33693,130732.75,1,1.0
749,2,1,246257,130732.75,1,1.0
750,2,1,33693,130732.75,0,0.0
751,2,1,181469,130732.75,1,1.0
752,2,1,181469,130732.75,1,1.0
753,2,1,61512,130732.75,0,0.0
754,2,1,181469,130732.75,1,1.0
755,2,1,181469,130732.75,1,1.0
756,2,1,181469,130732.75,1,1.0
757,2,1,246257,130732.75,1,1.0
758,2,1,33693,130732.75,0,0.0
759,2,1,61512,130732.75,0,0.0
760,2,1,246257,130732.75,0,0.0
761,2,1,181469,130732.75,1,1.0
762,2,1,33693,130732.75,0,0.0
763,2,1,33693,130732.75,1,1.0
764,2,1,181469,130732.75,0,0.0
765,2,1,246257,130732.75,1,1.0
766,2,1,181469,130732.75,1,1.0
767,2,1,61512,130732.75,0,0.0
768,2,1,181469,130732.75,0,0.0
769,2,1,33693,130732.75,0,0.0
770,2,1,61512,130732.75,1,1.0
771,2,1,181469,130732.75,1,1.0
772,2,1,61512,130732.75,0,0.0
773,2,1,61512,130732.75,1,1.0
774,2,1,61512,130732.75,1,1.0
775,2,1,246257,130732.75,1,1.0
776,2,1,246257,130732.75,1,1.0
777,2,1,61512,130732.75,0,0.0
778,2,1,181469,130732.75,0,0.0
779,2,1,33693,130732.75,0,0.0
780,2,1,246257,130732.75,0,0.0
781,2,1,181469,130732.75,0,0.0
782,2,1,246257,130732.75,1,1.0
783,2,1,246257,130732.75,1,1.0
784,2,1,181469,130732.75,0,0.0
785,2,1,246257,130732.75,1,1.0
786,2,1,181469,130732.75,0,0.0
787,2,1,61512,130732.75,0,0.0
788,2,1,246257,130732.75,1,1.0
789,2,1,33693,130732.75,0,0.0
790,2,1,181469,130732.75,1,1.0
791,2,1,33693,130732.75,0,0.0
792,2,1,246257,130732.75,1,1.0
793,2,1,246257,130732.75,1,1.0
794,2,1,61512,130732.75,1,1.0
795,2,1,33693,130732.75,0,0.0
796,2,1,61512,130732.75,0,0.0
797,2,1,246257,130732.75,1,1.0
798,2,1,181469,130732.75,1,1.0
799,2,1,61512,130732.75,0,0.0
800,2,1,181469,130732.75,0,0.0
801,2,1,246257,130732.75,1,1.0
802,2,1,61512,130732.75,1,1.0
803,2,1,181469,130732.75,1,1.0
804,2,1,181469,130732.75,1,1.0
805,2,1,181469,130732.75,1,1.0
806,2,1,33693,130732.75,0,0.0
807,2,1,61512,130732.75,0,0.0
808,2,1,181469,130732.75,1,1.0
809,2,1,246257,130732.75,1,1.0
810,2,1,61512,130732.75,1,1.0
811,2,1,246257,130732.75,1,1.0
812,2,1,246257,130732.75,1,1.0
813,2,1,246257,130732.75,1,1.0
814,2,1,181469,130732.75,1,1.0
815,2,1,181469,130732.75,1,1.0
816,2,1,246257,130732.75,1,1.0
817,2,1,181469,130732.75,1,1.0
818,2,1,181469,130732.75,1,1.0
819,2,1,246257,130732.75,1,1.0
820,2,1,33693,130732.75,0,0.0
821,2,1,181469,130732.75,0,0.0
822,2,1,246257,130732.75,1,1.0
823,2,1,181469,130732.75,1,1.0
824,2,1,61512,130732.75,0,0.0
825,2,1,33693,130732.75,1,1.0
826,2,1,61512,130732.75,0,0.0
827,2,1,61512,130732.75,0,0.0
828,2,1,181469,130732.75,1,1.0
829,2,1,61512,130732.75,1,1.0
830,2,1,181469,130732.75,1,1.0
831,2,1,246257,130732.75,0,0.0
832,2,1,181469,130732.75,1,1.0
833,2,1,246257,130732.75,1,1.0
834,2,1,246257,130732.75,0,0.0
835,2,1,61512,130732.75,0,0.0
836,2,1,33693,130732.75,0,0.0
837,2,1,181469,130732.75,0,0.0
838,2,1,61512,130732.75,1,1.0
839,2,1,181469,130732.75,1,1.0
840,2,1,61512,130732.75,1,1.0
841,2,1,61512,130732.75,0,0.0
842,2,1,33693,130732.75,0,0.0
843,2,1,61512,130732.75,0,0.0
844,2,1,181469,130732.75,1,1.0
845,2,1,61512,130732.75,1,1.0
846,2,1,181469,130732.75,1,1.0
847,2,1,181469,130732.75,1,1.0
848,2,1,33693,130732.75,1,1.0
849,2,1,246257,130732.75,1,1.0
850,2,1,246257,130732.75,1,1.0
851,2,1,181469,130732.75,1,1.0
852,2,1,246257,130732.75,1,1.0
853,2,1,246257,130732.75,0,0.0
854,2,1,181469,130732.75,1,1.0
855,2,1,61512,130732.75,1,1.0
856,2,1,181469,130732.75,1,1.0
857,2,1,61512,130732.75,1,1.0
858,2,1,181469,130732.75,1,1.0
859,2,1,181469,130732.75,1,1.0
860,2,1,246257,130732.75,1,1.0
861,2,1,181469,130732.75,0,0.0
862,2,1,246257,130732.75,1,1.0
863,2,1,246257,130732.75,1,1.0
864,2,1,33693,130732.75,0,0.0
865,2,1,33693,130732.75,1,1.0
866,2,1,61512,130732.75,0,0.0
867,2,1,246257,130732.75,1,1.0
868,2,1,61512,130732.75,0,0.0
869,2,1,246257,130732.75,1,1.0
870,2,1,181469,130732.75,1,1.0
871,2,1,181469,130732.75,1,1.0
872,2,1,61512,130732.75,1,1.0
873,2,1,181469,130732.75,1,1.0
874,2,1,246257,130732.75,1,1.0
875,2,1,246257,130732.75,1,1.0
876,2,1,246257,130732.75,1,1.0
877,2,1,181469,130732.75,1,1.0
878,2,1,61512,130732.75,1,1.0
879,2,1,33693,130732.75,1,1.0
880,2,1,61512,130732.75,1,1.0
881,2,1,61512,130732.75,0,0.0
882,2,1,246257,130732.75,1,1.0
883,2,1,181469,130732.75,1,1.0
884,2,1,33693,130732.75,0,0.0
885,2,1,246257,130732.75,1,1.0
886,2,1,246257,130732.75,0,0.0
887,2,1,33693,130732.75,0,0.0
888,2,1,61512,130732.75,1,1.0
889,2,1,246257,130732.75,1,1.0
890,2,1,61512,130732.75,0,0.0
891,2,1,181469,130732.75,0,0.0
892,2,1,181469,130732.75,1,1.0
893,2,1,181469,130732.75,0,0.0
894,2,1,181469,130732.75,1,1.0
895,2,1,246257,130732.75,1,1.0
896,2,1,246257,130732.75,1,1.0
897,2,1,246257,130732.75,1,1.0
898,2,1,61512,130732.75,0,0.0
899,2,1,61512,130732.75,1,1.0
900,2,1,61512,130732.75,1,1.0
901,2,1,246257,130732.75,1,1.0
902,2,1,181469,130732.75,1,1.0
903,2,1,246257,130732.75,1,1.0
904,2,1,33693,130732.75,0,0.0
905,2,1,181469,130732.75,1,1.0
906,2,1,61512,130732.75,0,0.0
907,2,1,33693,130732.75,1,1.0
908,2,1,246257,130732.75,1,1.0
909,2,1,181469,130732.75,1,1.0
910,2,1,246257,130732.75,1,1.0
911,2,1,246257,130732.75,1,1.0
912,2,1,181469,130732.75,0,0.0
913,2,1,33693,130732.75,1,1.0
914,2,1,181469,130732.75,0,0.0
915,2,1,181469,130732.75,1,1.0
916,2,1,246257,130732.75,1,1.0
917,2,1,246257,130732.75,1,1.0
918,2,1,61512,130732.75,1,1.0
919,2,1,181469,130732.75,0,0.0
920,2,1,246257,130732.75,1,1.0
921,2,1,181469,130732.75,0,0.0
922,2,1,246257,130732.75,1,1.0
923,2,1,246257,130732.75,1,1.0
924,2,1,246257,130732.75,1,1.0
925,2,1,61512,130732.75,1,1.0
926,2,1,246257,130732.75,1,1.0
927,2,1,181469,130732.75,1,1.0
928,2,1,181469,130732.75,1,1.0
929,2,1,246257,130732.75,1,1.0
930,2,1,246257,130732.75,1,1.0
931,2,1,181469,130732.75,1,1.0
932,2,1,181469,130732.75,0,0.0
933,2,1,246257,130732.75,1,1.0
934,2,1,181469,130732.75,1,1.0
935,2,1,246257,130732.75,1,1.0
936,2,1,33693,130732.75,1,1.0
937,2,1,246257,130732.75,1,1.0
938,2,1,246257,130732.75,1,1.0
939,2,1,246257,130732.75,1,1.0
940,2,1,246257,130732.75,1,1.0
941,2,1,181469,130732.75,1,1.0
942,2,1,61512,130732.75,1,1.0
943,2,1,33693,130732.75,1,1.0
944,2,1,61512,130732.75,0,0.0
945,2,1,33693,130732.75,0,0.0
946,2,1,246257,130732.75,1,1.0
947,2,1,246257,130732.75,1,1.0
948,2,1,181469,130732.75,1,1.0
949,2,1,246257,130732.75,1,1.0
950,2,1,181469,130732.75,1,1.0
951,2,1,246257,130732.75,0,0.0
952,2,1,246257,130732.75,1,1.0
953,2,1,181469,130732.75,0,0.0
954,2,1,61512,130732.75,0,0.0
955,2,1,181469,130732.75,1,1.0
956,2,1,246257,130732.75,1,1.0
957,2,1,61512,130732.75,0,0.0
958,2,1,246257,130732.75,1,1.0
959,2,1,181469,130732.75,1,1.0
960,2,1,61512,130732.75,0,0.0
961,2,1,246257,130732.75,1,1.0
962,2,1,181469,130732.75,1,1.0
963,2,1,246257,130732.75,1,1.0
964,2,1,181469,130732.75,1,1.0
965,2,1,181469,130732.75,0,0.0
966,2,1,181469,130732.75,1,1.0
967,2,1,33693,130732.75,1,1.0
968,2,1,181469,130732.75,1,1.0
969,2,1,61512,130732.75,1,1.0
970,2,1,33693,130732.75,0,0.0
971,2,1,61512,130732.75,0,0.0
972,2,1,246257,130732.75,1,1.0
973,2,1,181469,130732.75,0,0.0
974,2,1,181469,130732.75,1,1.0
975,2,1,246257,130732.75,1,1.0
976,2,1,33693,130732.75,0,0.0
977,2,1,246257,130732.75,1,1.0
978,2,1,181469,130732.75,0,0.0
979,2,1,246257,130732.75,1,1.0
980,2,1,33693,130732.75,1,1.0
981,2,1,246257,130732.75,1,1.0
982,2,1,246257,130732.75,1,1.0
983,2,1,61512,130732.75,1,1.0
984,2,1,246257,130732.75,1,1.0
985,2,1,61512,130732.75,0,0.0
986,2,1,246257,130732.75,1,1.0
987,2,1,61512,130732.75,0,0.0
988,2,1,33693,130732.75,1,1.0
989,2,1,33693,130732.75,1,1.0
990,2,1,246257,130732.75,1,1.0
991,2,1,61512,130732.75,1,1.0
992,2,1,246257,130732.75,1,1.0
993,2,1,33693,130732.75,1,1.0
994,2,1,246257,130732.75,1,1.0
995,2,1,181469,130732.75,0,0.0
996,2,1,181469,130732.75,1,1.0
997,2,1,33693,130732.75,0,0.0
998,2,1,33693,130732.75,0,0.0
999,2,1,246257,130732.75,1,1.0
0,2,10,61512,130732.75,1,0.1
1,2,10,181469,130732.75,3,0.3
2,2,10,246257,130732.75,5,0.5
3,2,10,181469,130732.75,10,1.0
4,2,10,181469,130732.75,10,1.0
5,2,10,33693,130732.75,3,0.3
6,2,10,33693,130732.75,2,0.2
7,2,10,181469,130732.75,8,0.8
8,2,10,181469,130732.75,10,1.0
9,2,10,181469,130732.75,10,1.0
10,2,10,246257,130732.75,5,0.5
11,2,10,61512,130732.75,4,0.4
12,2,10,33693,130732.75,8,0.8
13,2,10,61512,130732.75,2,0.2
14,2,10,181469,130732.75,10,1.0
15,2,10,181469,130732.75,10,1.0
16,2,10,246257,130732.75,7,0.7
17,2,10,246257,130732.75,10,1.0
18,2,10,181469,130732.75,10,1.0
19,2,10,246257,130732.75,9,0.9
20,2,10,181469,130732.75,3,0.3
21,2,10,246257,130732.75,10,1.0
22,2,10,33693,130732.75,1,0.1
23,2,10,246257,130732.75,10,1.0
24,2,10,61512,130732.75,5,0.5
25,2,10,33693,130732.75,8,0.8
26,2,10,181469,130732.75,10,1.0
27,2,10,33693,130732.75,0,0.0
28,2,10,246257,130732.75,7,0.7
29,2,10,61512,130732.75,3,0.3
30,2,10,33693,130732.75,9,0.9
31,2,10,33693,130732.75,7,0.7
32,2,10,61512,130732.75,1,0.1
33,2,10,33693,130732.75,0,0.0
34,2,10,246257,130732.75,9,0.9
35,2,10,246257,130732.75,7,0.7
36,2,10,61512,130732.75,0,0.0
37,2,10,61512,130732.75,9,0.9
38,2,10,181469,130732.75,7,0.7
39,2,10,181469,130732.75,10,1.0
40,2,10,246257,130732.75,8,0.8
41,2,10,33693,130732.75,8,0.8
42,2,10,246257,130732.75,4,0.4
43,2,10,33693,130732.75,9,0.9
44,2,10,246257,130732.75,10,1.0
45,2,10,181469,130732.75,4,0.4
46,2,10,246257,130732.75,6,0.6
47,2,10,33693,130732.75,8,0.8
48,2,10,61512,130732.75,7,0.7
49,2,10,33693,130732.75,3,0.3
50,2,10,246257,130732.75,8,0.8
51,2,10,61512,130732.75,3,0.3
52,2,10,246257,130732.75,7,0.7
53,2,10,246257,130732.75,3,0.3
54,2,10,61512,130732.75,5,0.5
55,2,10,246257,130732.75,7,0.7
56,2,10,33693,130732.75,7,0.7
57,2,10,246257,130732.75,10,1.0
58,2,10,33693,130732.75,0,0.0
59,2,10,246257,130732.75,8,0.8
60,2,10,181469,130732.75,6,0.6
61,2,10,246257,130732.75,9,0.9
62,2,10,246257,130732.75,3,0.3
63,2,10,246257,130732.75,6,0.6
64,2,10,246257,130732.75,9,0.9
65,2,10,33693,130732.75,0,0.0
66,2,10,181469,130732.75,7,0.7
67,2,10,246257,130732.75,5,0.5
68,2,10,61512,130732.75,5,0.5
69,2,10,246257,130732.75,7,0.7
70,2,10,181469,130732.75,1,0.1
71,2,10,181469,130732.75,0,0.0
72,2,10,246257,130732.75,6,0.6
73,2,10,181469,130732.75,10,1.0
74,2,10,61512,130732.75,1,0.1
75,2,10,181469,130732.75,8,0.8
76,2,10,246257,130732.75,8,0.8
77,2,10,181469,130732.75,10,1.0
78,2,10,181469,130732.75,10,1.0
79,2,10,181469,130732.75,9,0.9
80,2,10,181469,130732.75,7,0.7
81,2,10,246257,130732.75,8,0.8
82,2,10,246257,130732.75,9,0.9
83,2,10,61512,130732.75,0,0.0
84,2,10,246257,130732.75,3,0.3
85,2,10,246257,130732.75,10,1.0
86,2,10,246257,130732.75,9,0.9
87,2,10,61512,130732.75,1,0.1
88,2,10,61512,130732.75,1,0.1
89,2,10,181469,130732.75,4,0.4
90,2,10,246257,130732.75,9,0.9
91,2,10,61512,130732.75,4,0.4
92,2,10,181469,130732.75,4,0.4
93,2,10,246257,130732.75,7,0.7
94,2,10,246257,130732.75,10,1.0
95,2,10,181469,130732.75,7,0.7
96,2,10,181469,130732.75,9,0.9
97,2,10,61512,130732.75,8,0.8
98,2,10,61512,130732.75,0,0.0
99,2,10,246257,130732.75,4,0.4
100,2,10,246257,130732.75,8,0.8
101,2,10,181469,130732.75,6,0.6
102,2,10,181469,130732.75,7,0.7
103,2,10,33693,130732.75,2,0.2
104,2,10,61512,130732.75,1,0.1
105,2,10,246257,130732.75,10,1.0
106,2,10,246257,130732.75,4,0.4
107,2,10,181469,130732.75,10,1.0
108,2,10,61512,130732.75,0,0.0
109,2,10,181469,130732.75,10,1.0
110,2,10,33693,130732.75,3,0.3
111,2,10,181469,130732.75,9,0.9
112,2,10,181469,130732.75,2,0.2
113,2,10,246257,130732.75,9,0.9
114,2,10,33693,130732.75,2,0.2
115,2,10,181469,130732.75,3,0.3
116,2,10,33693,130732.75,9,0.9
117,2,10,181469,130732.75,5,0.5
118,2,10,181469,130732.75,8,0.8
119,2,10,181469,130732.75,9,0.9
120,2,10,181469,130732.75,7,0.7
121,2,10,61512,130732.75,10,1.0
122,2,10,246257,130732.75,10,1.0
123,2,10,246257,130732.75,9,0.9
124,2,10,61512,130732.75,2,0.2
125,2,10,181469,130732.75,2,0.2
126,2,10,246257,130732.75,9,0.9
127,2,10,33693,130732.75,7,0.7
128,2,10,181469,130732.75,8,0.8
129,2,10,181469,130732.75,10,1.0
130,2,10,61512,130732.75,8,0.8
131,2,10,246257,130732.75,9,0.9
132,2,10,33693,130732.75,0,0.0
133,2,10,33693,130732.75,3,0.3
134,2,10,246257,130732.75,9,0.9
135,2,10,181469,130732.75,10,1.0
136,2,10,246257,130732.75,8,0.8
137,2,10,181469,130732.75,2,0.2
138,2,10,181469,130732.75,7,0.7
139,2,10,61512,130732.75,1,0.1
140,2,10,33693,130732.75,1,0.1
141,2,10,33693,130732.75,1,0.1
142,2,10,61512,130732.75,9,0.9
143,2,10,181469,130732.75,9,0.9
144,2,10,181469,130732.75,5,0.5
145,2,10,246257,130732.75,10,1.0
146,2,10,246257,130732.75,9,0.9
147,2,10,246257,130732.75,10,1.0
148,2,10,181469,130732.75,3,0.3
149,2,10,61512,130732.75,7,0.7
150,2,10,61512,130732.75,8,0.8
151,2,10,181469,130732.75,9,0.9
152,2,10,181469,130732.75,10,1.0
153,2,10,246257,130732.75,6,0.6
154,2,10,246257,130732.75,8,0.8
155,2,10,33693,130732.75,0,0.0
156,2,10,246257,130732.75,6,0.6
157,2,10,33693,130732.75,4,0.4
158,2,10,61512,130732.75,8,0.8
159,2,10,61512,130732.75,2,0.2
160,2,10,246257,130732.75,6,0.6
161,2,10,246257,130732.75,9,0.9
162,2,10,181469,130732.75,9,0.9
163,2,10,246257,130732.75,10,1.0
164,2,10,61512,130732.75,7,0.7
165,2,10,61512,130732.75,3,0.3
166,2,10,181469,130732.75,10,1.0
167,2,10,181469,130732.75,7,0.7
168,2,10,61512,130732.75,5,0.5
169,2,10,181469,130732.75,3,0.3
170,2,10,246257,130732.75,10,1.0
171,2,10,246257,130732.75,9,0.9
172,2,10,181469,130732.75,5,0.5
173,2,10,181469,130732.75,5,0.5
174,2,10,246257,130732.75,3,0.3
175,2,10,246257,130732.75,9,0.9
176,2,10,246257,130732.75,5,0.5
177,2,10,181469,130732.75,4,0.4
178,2,10,61512,130732.75,10,1.0
179,2,10,61512,130732.75,1,0.1
180,2,10,246257,130732.75,9,0.9
181,2,10,181469,130732.75,7,0.7
182,2,10,246257,130732.75,9,0.9
183,2,10,33693,130732.75,3,0.3
184,2,10,181469,130732.75,7,0.7
185,2,10,246257,130732.75,9,0.9
186,2,10,61512,130732.75,1,0.1
187,2,10,181469,130732.75,9,0.9
188,2,10,246257,130732.75,7,0.7
189,2,10,181469,130732.75,8,0.8
190,2,10,61512,130732.75,7,0.7
191,2,10,181469,130732.75,2,0.2
192,2,10,246257,130732.75,4,0.4
193,2,10,61512,130732.75,0,0.0
194,2,10,246257,130732.75,9,0.9
195,2,10,246257,130732.75,10,1.0
196,2,10,61512,130732.75,5,0.5
197,2,10,33693,130732.75,3,0.3
198,2,10,181469,130732.75,10,1.0
199,2,10,33693,130732.75,1,0.1
200,2,10,246257,130732.75,6,0.6
201,2,10,61512,130732.75,8,0.8
202,2,10,246257,130732.75,10,1.0
203,2,10,181469,130732.75,1,0.1
204,2,10,33693,130732.75,8,0.8
205,2,10,246257,130732.75,8,0.8
206,2,10,33693,130732.75,1,0.1
207,2,10,181469,130732.75,8,0.8
208,2,10,246257,130732.75,9,0.9
209,2,10,246257,130732.75,10,1.0
210,2,10,246257,130732.75,10,1.0
211,2,10,246257,130732.75,8,0.8
212,2,10,61512,130732.75,0,0.0
213,2,10,246257,130732.75,10,1.0
214,2,10,61512,130732.75,8,0.8
215,2,10,246257,130732.75,7,0.7
216,2,10,246257,130732.75,5,0.5
217,2,10,246257,130732.75,4,0.4
218,2,10,33693,130732.75,10,1.0
219,2,10,246257,130732.75,10,1.0
220,2,10,61512,130732.75,5,0.5
221,2,10,246257,130732.75,8,0.8
222,2,10,246257,130732.75,10,1.0
223,2,10,246257,130732.75,10,1.0
224,2,10,246257,130732.75,9,0.9
225,2,10,181469,130732.75,5,0.5
226,2,10,246257,130732.75,10,1.0
227,2,10,181469,130732.75,7,0.7
228,2,10,61512,130732.75,2,0.2
229,2,10,246257,130732.75,10,1.0
230,2,10,181469,130732.75,3,0.3
231,2,10,33693,130732.75,1,0.1
232,2,10,246257,130732.75,5,0.5
233,2,10,181469,130732.75,7,0.7
234,2,10,33693,130732.75,7,0.7
235,2,10,246257,130732.75,6,0.6
236,2,10,246257,130732.75,10,1.0
237,2,10,33693,130732.75,0,0.0
238,2,10,61512,130732.75,4,0.4
239,2,10,181469,130732.75,4,0.4
240,2,10,246257,130732.75,6,0.6
241,2,10,181469,130732.75,9,0.9
242,2,10,246257,130732.75,10,1.0
243,2,10,61512,130732.75,6,0.6
244,2,10,61512,130732.75,0,0.0
245,2,10,181469,130732.75,9,0.9
246,2,10,181469,130732.75,6,0.6
247,2,10,246257,130732.75,10,1.0
248,2,10,246257,130732.75,10,1.0
249,2,10,246257,130732.75,9,0.9
250,2,10,246257,130732.75,10,1.0
251,2,10,33693,130732.75,2,0.2
252,2,10,246257,130732.75,10,1.0
253,2,10,246257,130732.75,6,0.6
254,2,10,246257,130732.75,10,1.0
255,2,10,246257,130732.75,9,0.9
256,2,10,61512,130732.75,2,0.2
257,2,10,61512,130732.75,2,0.2
258,2,10,181469,130732.75,10,1.0
259,2,10,181469,130732.75,8,0.8
260,2,10,246257,130732.75,4,0.4
261,2,10,33693,130732.75,0,0.0
262,2,10,181469,130732.75,10,1.0
263,2,10,181469,130732.75,0,0.0
264,2,10,246257,130732.75,6,0.6
265,2,10,61512,130732.75,2,0.2
266,2,10,181469,130732.75,3,0.3
267,2,10,61512,130732.75,1,0.1
268,2,10,33693,130732.75,1,0.1
269,2,10,246257,130732.75,10,1.0
270,2,10,181469,130732.75,6,0.6
271,2,10,181469,130732.75,10,1.0
272,2,10,33693,130732.75,6,0.6
273,2,10,246257,130732.75,3,0.3
274,2,10,33693,130732.75,10,1.0
275,2,10,246257,130732.75,9,0.9
276,2,10,181469,130732.75,9,0.9
277,2,10,181469,130732.75,9,0.9
278,2,10,246257,130732.75,9,0.9
279,2,10,61512,130732.75,1,0.1
280,2,10,246257,130732.75,10,1.0
281,2,10,181469,130732.75,7,0.7
282,2,10,246257,130732.75,7,0.7
283,2,10,246257,130732.75,7,0.7
284,2,10,61512,130732.75,5,0.5
285,2,10,181469,130732.75,8,0.8
286,2,10,181469,130732.75,5,0.5
287,2,10,181469,130732.75,10,1.0
288,2,10,181469,130732.75,7,0.7
289,2,10,33693,130732.75,3,0.3
290,2,10,181469,130732.75,9,0.9
291,2,10,33693,130732.75,7,0.7
292,2,10,181469,130732.75,4,0.4
293,2,10,61512,130732.75,4,0.4
294,2,10,33693,130732.75,7,0.7
295,2,10,181469,130732.75,10,1.0
296,2,10,181469,130732.75,10,1.0
297,2,10,33693,130732.75,5,0.5
298,2,10,61512,130732.75,6,0.6
299,2,10,246257,130732.75,7,0.7
300,2,10,246257,130732.75,9,0.9
301,2,10,246257,130732.75,8,0.8
302,2,10,246257,130732.75,9,0.9
303,2,10,61512,130732.75,6,0.6
304,2,10,61512,130732.75,6,0.6
305,2,10,181469,130732.75,9,0.9
306,2,10,61512,130732.75,1,0.1
307,2,10,61512,130732.75,8,0.8
308,2,10,181469,130732.75,10,1.0
309,2,10,246257,130732.75,10,1.0
310,2,10,181469,130732.75,0,0.0
311,2,10,33693,130732.75,0,0.0
312,2,10,33693,130732.75,3,0.3
313,2,10,61512,130732.75,1,0.1
314,2,10,61512,130732.75,1,0.1
315,2,10,181469,130732.75,9,0.9
316,2,10,33693,130732.75,2,0.2
317,2,10,33693,130732.75,3,0.3
318,2,10,61512,130732.75,7,0.7
319,2,10,33693,130732.75,2,0.2
320,2,10,33693,130732.75,2,0.2
321,2,10,61512,130732.75,3,0.3
322,2,10,246257,130732.75,10,1.0
323,2,10,246257,130732.75,9,0.9
324,2,10,61512,130732.75,0,0.0
325,2,10,181469,130732.75,2,0.2
326,2,10,181469,130732.75,6,0.6
327,2,10,33693,130732.75,1,0.1
328,2,10,246257,130732.75,9,0.9
329,2,10,181469,130732.75,3,0.3
330,2,10,246257,130732.75,10,1.0
331,2,10,246257,130732.75,8,0.8
332,2,10,61512,130732.75,4,0.4
333,2,10,181469,130732.75,6,0.6
334,2,10,61512,130732.75,10,1.0
335,2,10,61512,130732.75,3,0.3
336,2,10,181469,130732.75,1,0.1
337,2,10,33693,130732.75,2,0.2
338,2,10,246257,130732.75,5,0.5
339,2,10,181469,130732.75,4,0.4
340,2,10,246257,130732.75,10,1.0
341,2,10,181469,130732.75,9,0.9
342,2,10,246257,130732.75,10,1.0
343,2,10,246257,130732.75,9,0.9
344,2,10,181469,130732.75,6,0.6
345,2,10,246257,130732.75,6,0.6
346,2,10,61512,130732.75,10,1.0
347,2,10,61512,130732.75,10,1.0
348,2,10,61512,130732.75,10,1.0
349,2,10,61512,130732.75,9,0.9
350,2,10,61512,130732.75,7,0.7
351,2,10,61512,130732.75,8,0.8
352,2,10,61512,130732.75,0,0.0
353,2,10,181469,130732.75,9,0.9
354,2,10,61512,130732.75,5,0.5
355,2,10,246257,130732.75,10,1.0
356,2,10,33693,130732.75,0,0.0
357,2,10,246257,130732.75,5,0.5
358,2,10,181469,130732.75,4,0.4
359,2,10,246257,130732.75,10,1.0
360,2,10,61512,130732.75,3,0.3
361,2,10,33693,130732.75,0,0.0
362,2,10,33693,130732.75,9,0.9
363,2,10,246257,130732.75,9,0.9
364,2,10,33693,130732.75,2,0.2
365,2,10,33693,130732.75,2,0.2
366,2,10,61512,130732.75,0,0.0
367,2,10,181469,130732.75,2,0.2
368,2,10,33693,130732.75,7,0.7
369,2,10,33693,130732.75,0,0.0
370,2,10,246257,130732.75,6,0.6
371,2,10,181469,130732.75,8,0.8
372,2,10,246257,130732.75,9,0.9
373,2,10,181469,130732.75,9,0.9
374,2,10,181469,130732.75,9,0.9
375,2,10,33693,130732.75,4,0.4
376,2,10,181469,130732.75,9,0.9
377,2,10,246257,130732.75,10,1.0
378,2,10,61512,130732.75,4,0.4
379,2,10,246257,130732.75,10,1.0
380,2,10,246257,130732.75,2,0.2
381,2,10,246257,130732.75,6,0.6
382,2,10,181469,130732.75,9,0.9
383,2,10,246257,130732.75,8,0.8
384,2,10,246257,130732.75,2,0.2
385,2,10,246257,130732.75,3,0.3
386,2,10,61512,130732.75,7,0.7
387,2,10,181469,130732.75,10,1.0
388,2,10,246257,130732.75,6,0.6
389,2,10,181469,130732.75,6,0.6
390,2,10,246257,130732.75,8,0.8
391,2,10,181469,130732.75,7,0.7
392,2,10,61512,130732.75,3,0.3
393,2,10,246257,130732.75,4,0.4
394,2,10,181469,130732.75,7,0.7
395,2,10,181469,130732.75,10,1.0
396,2,10,61512,130732.75,2,0.2
397,2,10,61512,130732.75,5,0.5
398,2,10,61512,130732.75,8,0.8
399,2,10,61512,130732.75,1,0.1
400,2,10,181469,130732.75,8,0.8
401,2,10,246257,130732.75,8,0.8
402,2,10,181469,130732.75,10,1.0
403,2,10,181469,130732.75,2,0.2
404,2,10,33693,130732.75,0,0.0
405,2,10,33693,130732.75,3,0.3
406,2,10,246257,130732.75,9,0.9
407,2,10,181469,130732.75,8,0.8
408,2,10,33693,130732.75,7,0.7
409,2,10,181469,130732.75,10,1.0
410,2,10,181469,130732.75,9,0.9
411,2,10,61512,130732.75,1,0.1
412,2,10,61512,130732.75,3,0.3
413,2,10,61512,130732.75,0,0.0
414,2,10,181469,130732.75,3,0.3
415,2,10,181469,130732.75,2,0.2
416,2,10,33693,130732.75,8,0.8
417,2,10,181469,130732.75,10,1.0
418,2,10,61512,130732.75,6,0.6
419,2,10,181469,130732.75,6,0.6
420,2,10,61512,130732.75,0,0.0
421,2,10,246257,130732.75,9,0.9
422,2,10,181469,130732.75,6,0.6
423,2,10,181469,130732.75,6,0.6
424,2,10,61512,130732.75,2,0.2
425,2,10,181469,130732.75,6,0.6
426,2,10,246257,130732.75,10,1.0
427,2,10,246257,130732.75,4,0.4
428,2,10,181469,130732.75,9,0.9
429,2,10,246257,130732.75,10,1.0
430,2,10,246257,130732.75,10,1.0
431,2,10,246257,130732.75,10,1.0
432,2,10,246257,130732.75,4,0.4
433,2,10,181469,130732.75,6,0.6
434,2,10,61512,130732.75,1,0.1
435,2,10,61512,130732.75,1,0.1
436,2,10,61512,130732.75,0,0.0
437,2,10,181469,130732.75,10,1.0
438,2,10,246257,130732.75,9,0.9
439,2,10,246257,130732.75,10,1.0
440,2,10,181469,130732.75,10,1.0
441,2,10,246257,130732.75,8,0.8
442,2,10,181469,130732.75,2,0.2
443,2,10,181469,130732.75,10,1.0
444,2,10,181469,130732.75,8,0.8
445,2,10,246257,130732.75,9,0.9
446,2,10,61512,130732.75,4,0.4
447,2,10,181469,130732.75,10,1.0
448,2,10,246257,130732.75,9,0.9
449,2,10,33693,130732.75,2,0.2
450,2,10,246257,130732.75,4,0.4
451,2,10,61512,130732.75,7,0.7
452,2,10,33693,130732.75,2,0.2
453,2,10,181469,130732.75,9,0.9
454,2,10,33693,130732.75,6,0.6
455,2,10,246257,130732.75,6,0.6
456,2,10,246257,130732.75,10,1.0
457,2,10,61512,130732.75,6,0.6
458,2,10,246257,130732.75,10,1.0
459,2,10,246257,130732.75,10,1.0
460,2,10,61512,130732.75,1,0.1
461,2,10,181469,130732.75,3,0.3
462,2,10,246257,130732.75,5,0.5
463,2,10,181469,130732.75,7,0.7
464,2,10,33693,130732.75,4,0.4
465,2,10,33693,130732.75,4,0.4
466,2,10,61512,130732.75,5,0.5
467,2,10,181469,130732.75,7,0.7
468,2,10,33693,130732.75,5,0.5
469,2,10,33693,130732.75,7,0.7
470,2,10,61512,130732.75,10,1.0
471,2,10,181469,130732.75,9,0.9
472,2,10,246257,130732.75,9,0.9
473,2,10,246257,130732.75,7,0.7
474,2,10,61512,130732.75,7,0.7
475,2,10,61512,130732.75,1,0.1
476,2,10,181469,130732.75,8,0.8
477,2,10,181469,130732.75,9,0.9
478,2,10,246257,130732.75,9,0.9
479,2,10,61512,130732.75,2,0.2
480,2,10,33693,130732.75,6,0.6
481,2,10,181469,130732.75,8,0.8
482,2,10,246257,130732.75,10,1.0
483,2,10,181469,130732.75,6,0.6
484,2,10,246257,130732.75,8,0.8
485,2,10,181469,130732.75,4,0.4
486,2,10,33693,130732.75,6,0.6
487,2,10,61512,130732.75,1,0.1
488,2,10,246257,130732.75,3,0.3
489,2,10,61512,130732.75,1,0.1
490,2,10,246257,130732.75,10,1.0
491,2,10,246257,130732.75,9,0.9
492,2,10,33693,130732.75,10,1.0
493,2,10,246257,130732.75,6,0.6
494,2,10,61512,130732.75,8,0.8
495,2,10,33693,130732.75,0,0.0
496,2,10,246257,130732.75,3,0.3
497,2,10,246257,130732.75,9,0.9
498,2,10,181469,130732.75,8,0.8
499,2,10,246257,130732.75,1,0.1
500,2,10,246257,130732.75,6,0.6
501,2,10,61512,130732.75,9,0.9
502,2,10,61512,130732.75,0,0.0
503,2,10,33693,130732.75,3,0.3
504,2,10,33693,130732.75,0,0.0
505,2,10,246257,130732.75,10,1.0
506,2,10,33693,130732.75,1,0.1
507,2,10,33693,130732.75,8,0.8
508,2,10,33693,130732.75,0,0.0
509,2,10,61512,130732.75,1,0.1
510,2,10,33693,130732.75,9,0.9
511,2,10,61512,130732.75,4,0.4
512,2,10,61512,130732.75,1,0.1
513,2,10,246257,130732.75,6,0.6
514,2,10,181469,130732.75,7,0.7
515,2,10,246257,130732.75,6,0.6
516,2,10,246257,130732.75,10,1.0
517,2,10,246257,130732.75,10,1.0
518,2,10,181469,130732.75,10,1.0
519,2,10,33693,130732.75,1,0.1
520,2,10,181469,130732.75,8,0.8
521,2,10,246257,130732.75,9,0.9
522,2,10,33693,130732.75,1,0.1
523,2,10,61512,130732.75,2,0.2
524,2,10,246257,130732.75,7,0.7
525,2,10,181469,130732.75,10,1.0
526,2,10,33693,130732.75,4,0.4
527,2,10,61512,130732.75,0,0.0
528,2,10,61512,130732.75,0,0.0
529,2,10,246257,130732.75,10,1.0
530,2,10,61512,130732.75,2,0.2
531,2,10,181469,130732.75,5,0.5
532,2,10,181469,130732.75,5,0.5
533,2,10,33693,130732.75,0,0.0
534,2,10,246257,130732.75,10,1.0
535,2,10,181469,130732.75,7,0.7
536,2,10,61512,130732.75,8,0.8
537,2,10,246257,130732.75,10,1.0
538,2,10,61512,130732.75,0,0.0
539,2,10,33693,130732.75,1,0.1
540,2,10,61512,130732.75,1,0.1
541,2,10,246257,130732.75,10,1.0
542,2,10,61512,130732.75,10,1.0
543,2,10,61512,130732.75,9,0.9
544,2,10,181469,130732.75,3,0.3
545,2,10,33693,130732.75,0,0.0
546,2,10,181469,130732.75,10,1.0
547,2,10,181469,130732.75,5,0.5
548,2,10,61512,130732.75,7,0.7
549,2,10,181469,130732.75,6,0.6
550,2,10,33693,130732.75,1,0.1
551,2,10,246257,130732.75,10,1.0
552,2,10,246257,130732.75,10,1.0
553,2,10,246257,130732.75,7,0.7
554,2,10,246257,130732.75,3,0.3
555,2,10,33693,130732.75,3,0.3
556,2,10,181469,130732.75,10,1.0
557,2,10,61512,130732.75,0,0.0
558,2,10,246257,130732.75,4,0.4
559,2,10,181469,130732.75,10,1.0
560,2,10,181469,130732.75,9,0.9
561,2,10,246257,130732.75,6,0.6
562,2,10,246257,130732.75,6,0.6
563,2,10,181469,130732.75,10,1.0
564,2,10,181469,130732.75,3,0.3
565,2,10,181469,130732.75,2,0.2
566,2,10,181469,130732.75,6,0.6
567,2,10,246257,130732.75,2,0.2
568,2,10,33693,130732.75,0,0.0
569,2,10,181469,130732.75,3,0.3
570,2,10,61512,130732.75,1,0.1
571,2,10,33693,130732.75,3,0.3
572,2,10,246257,130732.75,7,0.7
573,2,10,33693,130732.75,0,0.0
574,2,10,246257,130732.75,10,1.0
575,2,10,33693,130732.75,0,0.0
576,2,10,181469,130732.75,9,0.9
577,2,10,181469,130732.75,10,1.0
578,2,10,33693,130732.75,1,0.1
579,2,10,181469,130732.75,3,0.3
580,2,10,181469,130732.75,5,0.5
581,2,10,246257,130732.75,9,0.9
582,2,10,246257,130732.75,3,0.3
583,2,10,246257,130732.75,6,0.6
584,2,10,61512,130732.75,3,0.3
585,2,10,181469,130732.75,6,0.6
586,2,10,33693,130732.75,4,0.4
587,2,10,181469,130732.75,10,1.0
588,2,10,61512,130732.75,3,0.3
589,2,10,246257,130732.75,5,0.5
590,2,10,33693,130732.75,5,0.5
591,2,10,181469,130732.75,5,0.5
592,2,10,181469,130732.75,8,0.8
593,2,10,246257,130732.75,7,0.7
594,2,10,181469,130732.75,10,1.0
595,2,10,246257,130732.75,9,0.9
596,2,10,246257,130732.75,10,1.0
597,2,10,181469,130732.75,5,0.5
598,2,10,181469,130732.75,7,0.7
599,2,10,61512,130732.75,7,0.7
600,2,10,33693,130732.75,8,0.8
601,2,10,61512,130732.75,8,0.8
602,2,10,61512,130732.75,0,0.0
603,2,10,61512,130732.75,2,0.2
604,2,10,246257,130732.75,8,0.8
605,2,10,246257,130732.75,7,0.7
606,2,10,246257,130732.75,5,0.5
607,2,10,61512,130732.75,7,0.7
608,2,10,181469,130732.75,0,0.0
609,2,10,181469,130732.75,9,0.9
610,2,10,61512,130732.75,6,0.6
611,2,10,181469,130732.75,9,0.9
612,2,10,33693,130732.75,5,0.5
613,2,10,181469,130732.75,5,0.5
614,2,10,246257,130732.75,7,0.7
615,2,10,61512,130732.75,4,0.4
616,2,10,246257,130732.75,10,1.0
617,2,10,181469,130732.75,5,0.5
618,2,10,181469,130732.75,5,0.5
619,2,10,33693,130732.75,6,0.6
620,2,10,33693,130732.75,0,0.0
621,2,10,33693,130732.75,0,0.0
622,2,10,181469,130732.75,7,0.7
623,2,10,246257,130732.75,8,0.8
624,2,10,61512,130732.75,2,0.2
625,2,10,181469,130732.75,2,0.2
626,2,10,181469,130732.75,8,0.8
627,2,10,33693,130732.75,1,0.1
628,2,10,181469,130732.75,2,0.2
629,2,10,246257,130732.75,4,0.4
630,2,10,246257,130732.75,10,1.0
631,2,10,181469,130732.75,7,0.7
632,2,10,33693,130732.75,1,0.1
633,2,10,181469,130732.75,7,0.7
634,2,10,246257,130732.75,10,1.0
635,2,10,246257,130732.75,10,1.0
636,2,10,33693,130732.75,1,0.1
637,2,10,246257,130732.75,10,1.0
638,2,10,181469,130732.75,7,0.7
639,2,10,61512,130732.75,0,0.0
640,2,10,181469,130732.75,10,1.0
641,2,10,181469,130732.75,10,1.0
642,2,10,61512,130732.75,3,0.3
643,2,10,246257,130732.75,5,0.5
644,2,10,246257,130732.75,5,0.5
645,2,10,33693,130732.75,2,0.2
646,2,10,33693,130732.75,5,0.5
647,2,10,61512,130732.75,5,0.5
648,2,10,33693,130732.75,0,0.0
649,2,10,33693,130732.75,1,0.1
650,2,10,246257,130732.75,10,1.0
651,2,10,246257,130732.75,10,1.0
652,2,10,61512,130732.75,3,0.3
653,2,10,246257,130732.75,1,0.1
654,2,10,33693,130732.75,6,0.6
655,2,10,181469,130732.75,10,1.0
656,2,10,246257,130732.75,10,1.0
657,2,10,181469,130732.75,4,0.4
658,2,10,181469,130732.75,7,0.7
659,2,10,246257,130732.75,9,0.9
660,2,10,181469,130732.75,7,0.7
661,2,10,246257,130732.75,5,0.5
662,2,10,246257,130732.75,7,0.7
663,2,10,246257,130732.75,7,0.7
664,2,10,246257,130732.75,9,0.9
665,2,10,61512,130732.75,5,0.5
666,2,10,61512,130732.75,4,0.4
667,2,10,61512,130732.75,0,0.0
668,2,10,61512,130732.75,7,0.7
669,2,10,61512,130732.75,4,0.4
670,2,10,181469,130732.75,10,1.0
671,2,10,181469,130732.75,10,1.0
672,2,10,181469,130732.75,3,0.3
673,2,10,61512,130732.75,2,0.2
674,2,10,61512,130732.75,5,0.5
675,2,10,246257,130732.75,6,0.6
676,2,10,33693,130732.75,0,0.0
677,2,10,246257,130732.75,6,0.6
678,2,10,181469,130732.75,5,0.5
679,2,10,246257,130732.75,6,0.6
680,2,10,181469,130732.75,9,0.9
681,2,10,33693,130732.75,4,0.4
682,2,10,246257,130732.75,7,0.7
683,2,10,246257,130732.75,7,0.7
684,2,10,61512,130732.75,0,0.0
685,2,10,61512,130732.75,8,0.8
686,2,10,181469,130732.75,9,0.9
687,2,10,181469,130732.75,8,0.8
688,2,10,181469,130732.75,8,0.8
689,2,10,246257,130732.75,3,0.3
690,2,10,181469,130732.75,8,0.8
691,2,10,246257,130732.75,6,0.6
692,2,10,181469,130732.75,7,0.7
693,2,10,61512,130732.75,0,0.0
694,2,10,181469,130732.75,10,1.0
695,2,10,33693,130732.75,1,0.1
696,2,10,246257,130732.75,9,0.9
697,2,10,246257,130732.75,10,1.0
698,2,10,33693,130732.75,0,0.0
699,2,10,246257,130732.75,10,1.0
700,2,10,33693,130732.75,6,0.6
701,2,10,61512,130732.75,10,1.0
702,2,10,246257,130732.75,8,0.8
703,2,10,33693,130732.75,1,0.1
704,2,10,61512,130732.75,5,0.5
705,2,10,246257,130732.75,3,0.3
706,2,10,181469,130732.75,4,0.4
707,2,10,33693,130732.75,5,0.5
708,2,10,246257,130732.75,7,0.7
709,2,10,61512,130732.75,1,0.1
710,2,10,246257,130732.75,6,0.6
711,2,10,246257,130732.75,10,1.0
712,2,10,181469,130732.75,7,0.7
713,2,10,33693,130732.75,0,0.0
714,2,10,61512,130732.75,2,0.2
715,2,10,246257,130732.75,10,1.0
716,2,10,246257,130732.75,7,0.7
717,2,10,61512,130732.75,0,0.0
718,2,10,181469,130732.75,8,0.8
719,2,10,246257,130732.75,8,0.8
720,2,10,181469,130732.75,9,0.9
721,2,10,181469,130732.75,10,1.0
722,2,10,61512,130732.75,2,0.2
723,2,10,246257,130732.75,9,0.9
724,2,10,246257,130732.75,0,0.0
725,2,10,181469,130732.75,2,0.2
726,2,10,246257,130732.75,10,1.0
727,2,10,61512,130732.75,0,0.0
728,2,10,181469,130732.75,10,1.0
729,2,10,246257,130732.75,7,0.7
730,2,10,246257,130732.75,5,0.5
731,2,10,246257,130732.75,10,1.0
732,2,10,246257,130732.75,10,1.0
733,2,10,246257,130732.75,7,0.7
734,2,10,246257,130732.75,10,1.0
735,2,10,246257,130732.75,6,0.6
736,2,10,181469,130732.75,6,0.6
737,2,10,33693,130732.75,8,0.8
738,2,10,246257,130732.75,8,0.8
739,2,10,181469,130732.75,5,0.5
740,2,10,61512,130732.75,2,0.2
741,2,10,181469,130732.75,3,0.3
742,2,10,181469,130732.75,2,0.2
743,2,10,181469,130732.75,9,0.9
744,2,10,181469,130732.75,8,0.8
745,2,10,246257,130732.75,8,0.8
746,2,10,246257,130732.75,8,0.8
747,2,10,246257,130732.75,10,1.0
748,2,10,33693,130732.75,1,0.1
749,2,10,246257,130732.75,10,1.0
750,2,10,33693,130732.75,2,0.2
751,2,10,181469,130732.75,10,1.0
752,2,10,181469,130732.75,10,1.0
753,2,10,61512,130732.75,0,0.0
754,2,10,181469,130732.75,10,1.0
755,2,10,181469,130732.75,8,0.8
756,2,10,181469,130732.75,10,1.0
757,2,10,246257,130732.75,9,0.9
758,2,10,33693,130732.75,3,0.3
759,2,10,61512,130732.75,0,0.0
760,2,10,246257,130732.75,4,0.4
761,2,10,181469,130732.75,5,0.5
762,2,10,33693,130732.75,2,0.2
763,2,10,33693,130732.75,4,0.4
764,2,10,181469,130732.75,1,0.1
765,2,10,246257,130732.75,5,0.5
766,2,10,181469,130732.75,6,0.6
767,2,10,61512,130732.75,5,0.5
768,2,10,181469,130732.75,2,0.2
769,2,10,33693,130732.75,1,0.1
770,2,10,61512,130732.75,7,0.7
771,2,10,181469,130732.75,6,0.6
772,2,10,61512,130732.75,4,0.4
773,2,10,61512,130732.75,7,0.7
774,2,10,61512,130732.75,1,0.1
775,2,10,246257,130732.75,7,0.7
776,2,10,246257,130732.75,7,0.7
777,2,10,61512,130732.75,5,0.5
778,2,10,181469,130732.75,3,0.3
779,2,10,33693,130732.75,3,0.3
780,2,10,246257,130732.75,7,0.7
781,2,10,181469,130732.75,2,0.2
782,2,10,246257,130732.75,9,0.9
783,2,10,246257,130732.75,8,0.8
784,2,10,181469,130732.75,3,0.3
785,2,10,246257,130732.75,9,0.9
786,2,10,181469,130732.75,0,0.0
787,2,10,61512,130732.75,2,0.2
788,2,10,246257,130732.75,10,1.0
789,2,10,33693,130732.75,1,0.1
790,2,10,181469,130732.75,6,0.6
791,2,10,33693,130732.75,0,0.0
792,2,10,246257,130732.75,10,1.0
793,2,10,246257,130732.75,10,1.0
794,2,10,61512,130732.75,1,0.1
795,2,10,33693,130732.75,1,0.1
796,2,10,61512,130732.75,1,0.1
797,2,10,246257,130732.75,9,0.9
798,2,10,181469,130732.75,5,0.5
799,2,10,61512,130732.75,6,0.6
800,2,10,181469,130732.75,2,0.2
801,2,10,246257,130732.75,8,0.8
802,2,10,61512,130732.75,10,1.0
803,2,10,181469,130732.75,10,1.0
804,2,10,181469,130732.75,10,1.0
805,2,10,181469,130732.75,9,0.9
806,2,10,33693,130732.75,3,0.3
807,2,10,61512,130732.75,2,0.2
808,2,10,181469,130732.75,6,0.6
809,2,10,246257,130732.75,6,0.6
810,2,10,61512,130732.75,5,0.5
811,2,10,246257,130732.75,10,1.0
812,2,10,246257,130732.75,10,1.0
813,2,10,246257,130732.75,10,1.0
814,2,10,181469,130732.75,10,1.0
815,2,10,181469,130732.75,4,0.4
816,2,10,246257,130732.75,10,1.0
817,2,10,181469,130732.75,7,0.7
818,2,10,181469,130732.75,7,0.7
819,2,10,246257,130732.75,10,1.0
820,2,10,33693,130732.75,0,0.0
821,2,10,181469,130732.75,2,0.2
822,2,10,246257,130732.75,10,1.0
823,2,10,181469,130732.75,10,1.0
824,2,10,61512,130732.75,0,0.0
825,2,10,33693,130732.75,1,0.1
826,2,10,61512,130732.75,4,0.4
827,2,10,61512,130732.75,0,0.0
828,2,10,181469,130732.75,8,0.8
829,2,10,61512,130732.75,9,0.9
830,2,10,181469,130732.75,10,1.0
831,2,10,246257,130732.75,4,0.4
832,2,10,181469,130732.75,7,0.7
833,2,10,246257,130732.75,10,1.0
834,2,10,246257,130732.75,5,0.5
835,2,10,61512,130732.75,1,0.1
836,2,10,33693,130732.75,0,0.0
837,2,10,181469,130732.75,7,0.7
838,2,10,61512,130732.75,7,0.7
839,2,10,181469,130732.75,8,0.8
840,2,10,61512,130732.75,7,0.7
841,2,10,61512,130732.75,1,0.1
842,2,10,33693,130732.75,2,0.2
843,2,10,61512,130732.75,2,0.2
844,2,10,181469,130732.75,10,1.0
845,2,10,61512,130732.75,3,0.3
846,2,10,181469,130732.75,7,0.7
847,2,10,181469,130732.75,9,0.9
848,2,10,33693,130732.75,4,0.4
849,2,10,246257,130732.75,9,0.9
850,2,10,246257,130732.75,9,0.9
851,2,10,181469,130732.75,10,1.0
852,2,10,246257,130732.75,6,0.6
853,2,10,246257,130732.75,3,0.3
854,2,10,181469,130732.75,10,1.0
855,2,10,61512,130732.75,2,0.2
856,2,10,181469,130732.75,9,0.9
857,2,10,61512,130732.75,9,0.9
858,2,10,181469,130732.75,7,0.7
859,2,10,181469,130732.75,4,0.4
860,2,10,246257,130732.75,7,0.7
861,2,10,181469,130732.75,2,0.2
862,2,10,246257,130732.75,10,1.0
863,2,10,246257,130732.75,8,0.8
864,2,10,33693,130732.75,1,0.1
865,2,10,33693,130732.75,10,1.0
866,2,10,61512,130732.75,0,0.0
867,2,10,246257,130732.75,9,0.9
868,2,10,61512,130732.75,4,0.4
869,2,10,246257,130732.75,10,1.0
870,2,10,181469,130732.75,10,1.0
871,2,10,181469,130732.75,10,1.0
872,2,10,61512,130732.75,9,0.9
873,2,10,181469,130732.75,9,0.9
874,2,10,246257,130732.75,9,0.9
875,2,10,246257,130732.75,4,0.4
876,2,10,246257,130732.75,10,1.0
877,2,10,181469,130732.75,9,0.9
878,2,10,61512,130732.75,2,0.2
879,2,10,33693,130732.75,6,0.6
880,2,10,61512,130732.75,3,0.3
881,2,10,61512,130732.75,0,0.0
882,2,10,246257,130732.75,7,0.7
883,2,10,181469,130732.75,10,1.0
884,2,10,33693,130732.75,0,0.0
885,2,10,246257,130732.75,9,0.9
886,2,10,246257,130732.75,9,0.9
887,2,10,33693,130732.75,1,0.1
888,2,10,61512,130732.75,9,0.9
889,2,10,246257,130732.75,6,0.6
890,2,10,61512,130732.75,2,0.2
891,2,10,181469,130732.75,2,0.2
892,2,10,181469,130732.75,9,0.9
893,2,10,181469,130732.75,4,0.4
894,2,10,181469,130732.75,8,0.8
895,2,10,246257,130732.75,10,1.0
896,2,10,246257,130732.75,10,1.0
897,2,10,246257,130732.75,7,0.7
898,2,10,61512,130732.75,0,0.0
899,2,10,61512,130732.75,3,0.3
900,2,10,61512,130732.75,7,0.7
901,2,10,246257,130732.75,10,1.0
902,2,10,181469,130732.75,7,0.7
903,2,10,246257,130732.75,9,0.9
904,2,10,33693,130732.75,0,0.0
905,2,10,181469,130732.75,9,0.9
906,2,10,61512,130732.75,0,0.0
907,2,10,33693,130732.75,1,0.1
908,2,10,246257,130732.75,10,1.0
909,2,10,181469,130732.75,8,0.8
910,2,10,246257,130732.75,10,1.0
911,2,10,246257,130732.75,10,1.0
912,2,10,181469,130732.75,4,0.4
913,2,10,33693,130732.75,3,0.3
914,2,10,181469,130732.75,5,0.5
915,2,10,181469,130732.75,9,0.9
916,2,10,246257,130732.75,8,0.8
917,2,10,246257,130732.75,9,0.9
918,2,10,61512,130732.75,6,0.6
919,2,10,181469,130732.75,3,0.3
920,2,10,246257,130732.75,10,1.0
921,2,10,181469,130732.75,4,0.4
922,2,10,246257,130732.75,10,1.0
923,2,10,246257,130732.75,9,0.9
924,2,10,246257,130732.75,10,1.0
925,2,10,61512,130732.75,3,0.3
926,2,10,246257,130732.75,7,0.7
927,2,10,181469,130732.75,7,0.7
928,2,10,181469,130732.75,10,1.0
929,2,10,246257,130732.75,8,0.8
930,2,10,246257,130732.75,9,0.9
931,2,10,181469,130732.75,9,0.9
932,2,10,181469,130732.75,2,0.2
933,2,10,246257,130732.75,3,0.3
934,2,10,181469,130732.75,8,0.8
935,2,10,246257,130732.75,10,1.0
936,2,10,33693,130732.75,5,0.5
937,2,10,246257,130732.75,5,0.5
938,2,10,246257,130732.75,8,0.8
939,2,10,246257,130732.75,9,0.9
940,2,10,246257,130732.75,10,1.0
941,2,10,181469,130732.75,9,0.9
942,2,10,61512,130732.75,8,0.8
943,2,10,33693,130732.75,9,0.9
944,2,10,61512,130732.75,2,0.2
945,2,10,33693,130732.75,5,0.5
946,2,10,246257,130732.75,10,1.0
947,2,10,246257,130732.75,7,0.7
948,2,10,181469,130732.75,7,0.7
949,2,10,246257,130732.75,8,0.8
950,2,10,181469,130732.75,10,1.0
951,2,10,246257,130732.75,2,0.2
952,2,10,246257,130732.75,6,0.6
953,2,10,181469,130732.75,8,0.8
954,2,10,61512,130732.75,0,0.0
955,2,10,181469,130732.75,10,1.0
956,2,10,246257,130732.75,10,1.0
957,2,10,61512,130732.75,8,0.8
958,2,10,246257,130732.75,9,0.9
959,2,10,181469,130732.75,5,0.5
960,2,10,61512,130732.75,2,0.2
961,2,10,246257,130732.75,9,0.9
962,2,10,181469,130732.75,10,1.0
963,2,10,246257,130732.75,7,0.7
964,2,10,181469,130732.75,6,0.6
965,2,10,181469,130732.75,2,0.2
966,2,10,181469,130732.75,10,1.0
967,2,10,33693,130732.75,2,0.2
968,2,10,181469,130732.75,10,1.0
969,2,10,61512,130732.75,7,0.7
970,2,10,33693,130732.75,1,0.1
971,2,10,61512,130732.75,1,0.1
972,2,10,246257,130732.75,6,0.6
973,2,10,181469,130732.75,2,0.2
974,2,10,181469,130732.75,10,1.0
975,2,10,246257,130732.75,6,0.6
976,2,10,33693,130732.75,1,0.1
977,2,10,246257,130732.75,9,0.9
978,2,10,181469,130732.75,5,0.5
979,2,10,246257,130732.75,10,1.0
980,2,10,33693,130732.75,5,0.5
981,2,10,246257,130732.75,8,0.8
982,2,10,246257,130732.75,7,0.7
983,2,10,61512,130732.75,7,0.7
984,2,10,246257,130732.75,5,0.5
985,2,10,61512,130732.75,2,0.2
986,2,10,246257,130732.75,6,0.6
987,2,10,61512,130732.75,5,0.5
988,2,10,33693,130732.75,7,0.7
989,2,10,33693,130732.75,5,0.5
990,2,10,246257,130732.75,10,1.0
991,2,10,61512,130732.75,2,0.2
992,2,10,246257,130732.75,9,0.9
993,2,10,33693,130732.75,5,0.5
994,2,10,246257,130732.75,7,0.7
995,2,10,181469,130732.75,2,0.2
996,2,10,181469,130732.75,8,0.8
997,2,10,33693,130732.75,2,0.2
998,2,10,33693,130732.75,1,0.1
999,2,10,246257,130732.75,8,0.8
0,2,100,61512,130732.75,18,0.18
1,2,100,181469,130732.75,53,0.53
2,2,100,246257,130732.75,40,0.4
3,2,100,181469,130732.75,96,0.96
4,2,100,181469,130732.75,82,0.82
5,2,100,33693,130732.75,32,0.32
6,2,100,33693,130732.75,22,0.22
7,2,100,181469,130732.75,52,0.52
8,2,100,181469,130732.75,85,0.85
9,2,100,181469,130732.75,73,0.73
10,2,100,246257,130732.75,42,0.42
11,2,100,61512,130732.75,26,0.26
12,2,100,33693,130732.75,34,0.34
13,2,100,61512,130732.75,34,0.34
14,2,100,181469,130732.75,86,0.86
15,2,100,181469,130732.75,97,0.97
16,2,100,246257,130732.75,54,0.54
17,2,100,246257,130732.75,94,0.94
18,2,100,181469,130732.75,91,0.91
19,2,100,246257,130732.75,81,0.81
20,2,100,181469,130732.75,57,0.57
21,2,100,246257,130732.75,78,0.78
22,2,100,33693,130732.75,18,0.18
23,2,100,246257,130732.75,93,0.93
24,2,100,61512,130732.75,25,0.25
25,2,100,33693,130732.75,21,0.21
26,2,100,181469,130732.75,71,0.71
27,2,100,33693,130732.75,12,0.12
28,2,100,246257,130732.75,66,0.66
29,2,100,61512,130732.75,40,0.4
30,2,100,33693,130732.75,77,0.77
31,2,100,33693,130732.75,58,0.58
32,2,100,61512,130732.75,27,0.27
33,2,100,33693,130732.75,3,0.03
34,2,100,246257,130732.75,91,0.91
35,2,100,246257,130732.75,82,0.82
36,2,100,61512,130732.75,3,0.03
37,2,100,61512,130732.75,76,0.76
38,2,100,181469,130732.75,49,0.49
39,2,100,181469,130732.75,93,0.93
40,2,100,246257,130732.75,63,0.63
41,2,100,33693,130732.75,36,0.36
42,2,100,246257,130732.75,58,0.58
43,2,100,33693,130732.75,68,0.68
44,2,100,246257,130732.75,95,0.95
45,2,100,181469,130732.75,39,0.39
46,2,100,246257,130732.75,46,0.46
47,2,100,33693,130732.75,23,0.23
48,2,100,61512,130732.75,53,0.53
49,2,100,33693,130732.75,21,0.21
50,2,100,246257,130732.75,61,0.61
51,2,100,61512,130732.75,22,0.22
52,2,100,246257,130732.75,70,0.7
53,2,100,246257,130732.75,50,0.5
54,2,100,61512,130732.75,28,0.28
55,2,100,246257,130732.75,72,0.72
56,2,100,33693,130732.75,33,0.33
57,2,100,246257,130732.75,100,1.0
58,2,100,33693,130732.75,9,0.09
59,2,100,246257,130732.75,56,0.56
60,2,100,181469,130732.75,73,0.73
61,2,100,246257,130732.75,60,0.6
62,2,100,246257,130732.75,43,0.43
63,2,100,246257,130732.75,46,0.46
64,2,100,246257,130732.75,78,0.78
65,2,100,33693,130732.75,14,0.14
66,2,100,181469,130732.75,35,0.35
67,2,100,246257,130732.75,64,0.64
68,2,100,61512,130732.75,31,0.31
69,2,100,246257,130732.75,72,0.72
70,2,100,181469,130732.75,19,0.19
71,2,100,181469,130732.75,10,0.1
72,2,100,246257,130732.75,64,0.64
73,2,100,181469,130732.75,86,0.86
74,2,100,61512,130732.75,4,0.04
75,2,100,181469,130732.75,60,0.6
76,2,100,246257,130732.75,50,0.5
77,2,100,181469,130732.75,45,0.45
78,2,100,181469,130732.75,91,0.91
79,2,100,181469,130732.75,84,0.84
80,2,100,181469,130732.75,41,0.41
81,2,100,246257,130732.75,58,0.58
82,2,100,246257,130732.75,71,0.71
83,2,100,61512,130732.75,0,0.0
84,2,100,246257,130732.75,46,0.46
85,2,100,246257,130732.75,95,0.95
86,2,100,246257,130732.75,77,0.77
87,2,100,61512,130732.75,5,0.05
88,2,100,61512,130732.75,8,0.08
89,2,100,181469,130732.75,65,0.65
90,2,100,246257,130732.75,67,0.67
91,2,100,61512,130732.75,40,0.4
92,2,100,181469,130732.75,54,0.54
93,2,100,246257,130732.75,66,0.66
94,2,100,246257,130732.75,94,0.94
95,2,100,181469,130732.75,56,0.56
96,2,100,181469,130732.75,86,0.86
97,2,100,61512,130732.75,52,0.52
98,2,100,61512,130732.75,17,0.17
99,2,100,246257,130732.75,37,0.37
100,2,100,246257,130732.75,77,0.77
101,2,100,181469,130732.75,23,0.23
102,2,100,181469,130732.75,64,0.64
103,2,100,33693,130732.75,16,0.16
104,2,100,61512,130732.75,11,0.11
105,2,100,246257,130732.75,90,0.9
106,2,100,246257,130732.75,76,0.76
107,2,100,181469,130732.75,99,0.99
108,2,100,61512,130732.75,1,0.01
109,2,100,181469,130732.75,85,0.85
110,2,100,33693,130732.75,23,0.23
111,2,100,181469,130732.75,55,0.55
112,2,100,181469,130732.75,43,0.43
113,2,100,246257,130732.75,90,0.9
114,2,100,33693,130732.75,5,0.05
115,2,100,181469,130732.75,36,0.36
116,2,100,33693,130732.75,58,0.58
117,2,100,181469,130732.75,65,0.65
118,2,100,181469,130732.75,73,0.73
119,2,100,181469,130732.75,89,0.89
120,2,100,181469,130732.75,80,0.8
121,2,100,61512,130732.75,68,0.68
122,2,100,246257,130732.75,93,0.93
123,2,100,246257,130732.75,89,0.89
124,2,100,61512,130732.75,20,0.2
125,2,100,181469,130732.75,39,0.39
126,2,100,246257,130732.75,54,0.54
127,2,100,33693,130732.75,35,0.35
128,2,100,181469,130732.75,60,0.6
129,2,100,181469,130732.75,87,0.87
130,2,100,61512,130732.75,38,0.38
131,2,100,246257,130732.75,79,0.79
132,2,100,33693,130732.75,4,0.04
133,2,100,33693,130732.75,8,0.08
134,2,100,246257,130732.75,91,0.91
135,2,100,181469,130732.75,85,0.85
136,2,100,246257,130732.75,71,0.71
137,2,100,181469,130732.75,41,0.41
138,2,100,181469,130732.75,72,0.72
139,2,100,61512,130732.75,12,0.12
140,2,100,33693,130732.75,4,0.04
141,2,100,33693,130732.75,23,0.23
142,2,100,61512,130732.75,69,0.69
143,2,100,181469,130732.75,90,0.9
144,2,100,181469,130732.75,43,0.43
145,2,100,246257,130732.75,86,0.86
146,2,100,246257,130732.75,63,0.63
147,2,100,246257,130732.75,100,1.0
148,2,100,181469,130732.75,28,0.28
149,2,100,61512,130732.75,43,0.43
150,2,100,61512,130732.75,65,0.65
151,2,100,181469,130732.75,70,0.7
152,2,100,181469,130732.75,100,1.0
153,2,100,246257,130732.75,68,0.68
154,2,100,246257,130732.75,87,0.87
155,2,100,33693,130732.75,5,0.05
156,2,100,246257,130732.75,75,0.75
157,2,100,33693,130732.75,33,0.33
158,2,100,61512,130732.75,36,0.36
159,2,100,61512,130732.75,12,0.12
160,2,100,246257,130732.75,73,0.73
161,2,100,246257,130732.75,49,0.49
162,2,100,181469,130732.75,55,0.55
163,2,100,246257,130732.75,91,0.91
164,2,100,61512,130732.75,53,0.53
165,2,100,61512,130732.75,22,0.22
166,2,100,181469,130732.75,75,0.75
167,2,100,181469,130732.75,77,0.77
168,2,100,61512,130732.75,28,0.28
169,2,100,181469,130732.75,35,0.35
170,2,100,246257,130732.75,96,0.96
171,2,100,246257,130732.75,67,0.67
172,2,100,181469,130732.75,56,0.56
173,2,100,181469,130732.75,43,0.43
174,2,100,246257,130732.75,47,0.47
175,2,100,246257,130732.75,62,0.62
176,2,100,246257,130732.75,51,0.51
177,2,100,181469,130732.75,50,0.5
178,2,100,61512,130732.75,86,0.86
179,2,100,61512,130732.75,27,0.27
180,2,100,246257,130732.75,94,0.94
181,2,100,181469,130732.75,52,0.52
182,2,100,246257,130732.75,71,0.71
183,2,100,33693,130732.75,17,0.17
184,2,100,181469,130732.75,73,0.73
185,2,100,246257,130732.75,78,0.78
186,2,100,61512,130732.75,25,0.25
187,2,100,181469,130732.75,72,0.72
188,2,100,246257,130732.75,49,0.49
189,2,100,181469,130732.75,62,0.62
190,2,100,61512,130732.75,44,0.44
191,2,100,181469,130732.75,38,0.38
192,2,100,246257,130732.75,41,0.41
193,2,100,61512,130732.75,11,0.11
194,2,100,246257,130732.75,54,0.54
195,2,100,246257,130732.75,94,0.94
196,2,100,61512,130732.75,29,0.29
197,2,100,33693,130732.75,22,0.22
198,2,100,181469,130732.75,66,0.66
199,2,100,33693,130732.75,5,0.05
200,2,100,246257,130732.75,54,0.54
201,2,100,61512,130732.75,58,0.58
202,2,100,246257,130732.75,71,0.71
203,2,100,181469,130732.75,38,0.38
204,2,100,33693,130732.75,74,0.74
205,2,100,246257,130732.75,95,0.95
206,2,100,33693,130732.75,17,0.17
207,2,100,181469,130732.75,85,0.85
208,2,100,246257,130732.75,68,0.68
209,2,100,246257,130732.75,97,0.97
210,2,100,246257,130732.75,83,0.83
211,2,100,246257,130732.75,77,0.77
212,2,100,61512,130732.75,5,0.05
213,2,100,246257,130732.75,94,0.94
214,2,100,61512,130732.75,68,0.68
215,2,100,246257,130732.75,72,0.72
216,2,100,246257,130732.75,65,0.65
217,2,100,246257,130732.75,38,0.38
218,2,100,33693,130732.75,93,0.93
219,2,100,246257,130732.75,77,0.77
220,2,100,61512,130732.75,40,0.4
221,2,100,246257,130732.75,72,0.72
222,2,100,246257,130732.75,85,0.85
223,2,100,246257,130732.75,74,0.74
224,2,100,246257,130732.75,73,0.73
225,2,100,181469,130732.75,52,0.52
226,2,100,246257,130732.75,95,0.95
227,2,100,181469,130732.75,58,0.58
228,2,100,61512,130732.75,31,0.31
229,2,100,246257,130732.75,54,0.54
230,2,100,181469,130732.75,35,0.35
231,2,100,33693,130732.75,12,0.12
232,2,100,246257,130732.75,55,0.55
233,2,100,181469,130732.75,77,0.77
234,2,100,33693,130732.75,32,0.32
235,2,100,246257,130732.75,53,0.53
236,2,100,246257,130732.75,69,0.69
237,2,100,33693,130732.75,6,0.06
238,2,100,61512,130732.75,53,0.53
239,2,100,181469,130732.75,66,0.66
240,2,100,246257,130732.75,67,0.67
241,2,100,181469,130732.75,89,0.89
242,2,100,246257,130732.75,98,0.98
243,2,100,61512,130732.75,34,0.34
244,2,100,61512,130732.75,14,0.14
245,2,100,181469,130732.75,71,0.71
246,2,100,181469,130732.75,70,0.7
247,2,100,246257,130732.75,81,0.81
248,2,100,246257,130732.75,96,0.96
249,2,100,246257,130732.75,68,0.68
250,2,100,246257,130732.75,94,0.94
251,2,100,33693,130732.75,12,0.12
252,2,100,246257,130732.75,81,0.81
253,2,100,246257,130732.75,64,0.64
254,2,100,246257,130732.75,92,0.92
255,2,100,246257,130732.75,84,0.84
256,2,100,61512,130732.75,8,0.08
257,2,100,61512,130732.75,15,0.15
258,2,100,181469,130732.75,76,0.76
259,2,100,181469,130732.75,46,0.46
260,2,100,246257,130732.75,48,0.48
261,2,100,33693,130732.75,3,0.03
262,2,100,181469,130732.75,61,0.61
263,2,100,181469,130732.75,37,0.37
264,2,100,246257,130732.75,66,0.66
265,2,100,61512,130732.75,28,0.28
266,2,100,181469,130732.75,32,0.32
267,2,100,61512,130732.75,16,0.16
268,2,100,33693,130732.75,12,0.12
269,2,100,246257,130732.75,72,0.72
270,2,100,181469,130732.75,46,0.46
271,2,100,181469,130732.75,95,0.95
272,2,100,33693,130732.75,57,0.57
273,2,100,246257,130732.75,51,0.51
274,2,100,33693,130732.75,43,0.43
275,2,100,246257,130732.75,80,0.8
276,2,100,181469,130732.75,94,0.94
277,2,100,181469,130732.75,58,0.58
278,2,100,246257,130732.75,77,0.77
279,2,100,61512,130732.75,20,0.2
280,2,100,246257,130732.75,89,0.89
281,2,100,181469,130732.75,46,0.46
282,2,100,246257,130732.75,80,0.8
283,2,100,246257,130732.75,67,0.67
284,2,100,61512,130732.75,32,0.32
285,2,100,181469,130732.75,40,0.4
286,2,100,181469,130732.75,55,0.55
287,2,100,181469,130732.75,98,0.98
288,2,100,181469,130732.75,37,0.37
289,2,100,33693,130732.75,17,0.17
290,2,100,181469,130732.75,79,0.79
291,2,100,33693,130732.75,53,0.53
292,2,100,181469,130732.75,34,0.34
293,2,100,61512,130732.75,51,0.51
294,2,100,33693,130732.75,25,0.25
295,2,100,181469,130732.75,88,0.88
296,2,100,181469,130732.75,68,0.68
297,2,100,33693,130732.75,25,0.25
298,2,100,61512,130732.75,38,0.38
299,2,100,246257,130732.75,63,0.63
300,2,100,246257,130732.75,67,0.67
301,2,100,246257,130732.75,63,0.63
302,2,100,246257,130732.75,80,0.8
303,2,100,61512,130732.75,58,0.58
304,2,100,61512,130732.75,26,0.26
305,2,100,181469,130732.75,76,0.76
306,2,100,61512,130732.75,11,0.11
307,2,100,61512,130732.75,46,0.46
308,2,100,181469,130732.75,93,0.93
309,2,100,246257,130732.75,100,1.0
310,2,100,181469,130732.75,33,0.33
311,2,100,33693,130732.75,3,0.03
312,2,100,33693,130732.75,40,0.4
313,2,100,61512,130732.75,11,0.11
314,2,100,61512,130732.75,2,0.02
315,2,100,181469,130732.75,66,0.66
316,2,100,33693,130732.75,5,0.05
317,2,100,33693,130732.75,41,0.41
318,2,100,61512,130732.75,30,0.3
319,2,100,33693,130732.75,10,0.1
320,2,100,33693,130732.75,9,0.09
321,2,100,61512,130732.75,27,0.27
322,2,100,246257,130732.75,89,0.89
323,2,100,246257,130732.75,89,0.89
324,2,100,61512,130732.75,6,0.06
325,2,100,181469,130732.75,51,0.51
326,2,100,181469,130732.75,56,0.56
327,2,100,33693,130732.75,6,0.06
328,2,100,246257,130732.75,90,0.9
329,2,100,181469,130732.75,44,0.44
330,2,100,246257,130732.75,93,0.93
331,2,100,246257,130732.75,72,0.72
332,2,100,61512,130732.75,16,0.16
333,2,100,181469,130732.75,45,0.45
334,2,100,61512,130732.75,60,0.6
335,2,100,61512,130732.75,46,0.46
336,2,100,181469,130732.75,48,0.48
337,2,100,33693,130732.75,9,0.09
338,2,100,246257,130732.75,36,0.36
339,2,100,181469,130732.75,25,0.25
340,2,100,246257,130732.75,79,0.79
341,2,100,181469,130732.75,73,0.73
342,2,100,246257,130732.75,99,0.99
343,2,100,246257,130732.75,80,0.8
344,2,100,181469,130732.75,46,0.46
345,2,100,246257,130732.75,29,0.29
346,2,100,61512,130732.75,71,0.71
347,2,100,61512,130732.75,84,0.84
348,2,100,61512,130732.75,57,0.57
349,2,100,61512,130732.75,66,0.66
350,2,100,61512,130732.75,42,0.42
351,2,100,61512,130732.75,49,0.49
352,2,100,61512,130732.75,18,0.18
353,2,100,181469,130732.75,66,0.66
354,2,100,61512,130732.75,25,0.25
355,2,100,246257,130732.75,81,0.81
356,2,100,33693,130732.75,3,0.03
357,2,100,246257,130732.75,36,0.36
358,2,100,181469,130732.75,75,0.75
359,2,100,246257,130732.75,99,0.99
360,2,100,61512,130732.75,19,0.19
361,2,100,33693,130732.75,7,0.07
362,2,100,33693,130732.75,61,0.61
363,2,100,246257,130732.75,94,0.94
364,2,100,33693,130732.75,2,0.02
365,2,100,33693,130732.75,10,0.1
366,2,100,61512,130732.75,7,0.07
367,2,100,181469,130732.75,35,0.35
368,2,100,33693,130732.75,48,0.48
369,2,100,33693,130732.75,1,0.01
370,2,100,246257,130732.75,63,0.63
371,2,100,181469,130732.75,74,0.74
372,2,100,246257,130732.75,86,0.86
373,2,100,181469,130732.75,67,0.67
374,2,100,181469,130732.75,44,0.44
375,2,100,33693,130732.75,27,0.27
376,2,100,181469,130732.75,69,0.69
377,2,100,246257,130732.75,99,0.99
378,2,100,61512,130732.75,36,0.36
379,2,100,246257,130732.75,97,0.97
380,2,100,246257,130732.75,28,0.28
381,2,100,246257,130732.75,45,0.45
382,2,100,181469,130732.75,66,0.66
383,2,100,246257,130732.75,71,0.71
384,2,100,246257,130732.75,40,0.4
385,2,100,246257,130732.75,49,0.49
386,2,100,61512,130732.75,36,0.36
387,2,100,181469,130732.75,81,0.81
388,2,100,246257,130732.75,69,0.69
389,2,100,181469,130732.75,57,0.57
390,2,100,246257,130732.75,65,0.65
391,2,100,181469,130732.75,64,0.64
392,2,100,61512,130732.75,29,0.29
393,2,100,246257,130732.75,48,0.48
394,2,100,181469,130732.75,34,0.34
395,2,100,181469,130732.75,90,0.9
396,2,100,61512,130732.75,24,0.24
397,2,100,61512,130732.75,12,0.12
398,2,100,61512,130732.75,59,0.59
399,2,100,61512,130732.75,13,0.13
400,2,100,181469,130732.75,68,0.68
401,2,100,246257,130732.75,83,0.83
402,2,100,181469,130732.75,89,0.89
403,2,100,181469,130732.75,32,0.32
404,2,100,33693,130732.75,4,0.04
405,2,100,33693,130732.75,16,0.16
406,2,100,246257,130732.75,75,0.75
407,2,100,181469,130732.75,52,0.52
408,2,100,33693,130732.75,33,0.33
409,2,100,181469,130732.75,76,0.76
410,2,100,181469,130732.75,83,0.83
411,2,100,61512,130732.75,7,0.07
412,2,100,61512,130732.75,40,0.4
413,2,100,61512,130732.75,4,0.04
414,2,100,181469,130732.75,51,0.51
415,2,100,181469,130732.75,15,0.15
416,2,100,33693,130732.75,45,0.45
417,2,100,181469,130732.75,96,0.96
418,2,100,61512,130732.75,53,0.53
419,2,100,181469,130732.75,48,0.48
420,2,100,61512,130732.75,16,0.16
421,2,100,246257,130732.75,75,0.75
422,2,100,181469,130732.75,50,0.5
423,2,100,181469,130732.75,45,0.45
424,2,100,61512,130732.75,39,0.39
425,2,100,181469,130732.75,47,0.47
426,2,100,246257,130732.75,90,0.9
427,2,100,246257,130732.75,37,0.37
428,2,100,181469,130732.75,72,0.72
429,2,100,246257,130732.75,78,0.78
430,2,100,246257,130732.75,86,0.86
431,2,100,246257,130732.75,91,0.91
432,2,100,246257,130732.75,66,0.66
433,2,100,181469,130732.75,52,0.52
434,2,100,61512,130732.75,28,0.28
435,2,100,61512,130732.75,23,0.23
436,2,100,61512,130732.75,18,0.18
437,2,100,181469,130732.75,99,0.99
438,2,100,246257,130732.75,73,0.73
439,2,100,246257,130732.75,96,0.96
440,2,100,181469,130732.75,77,0.77
441,2,100,246257,130732.75,72,0.72
442,2,100,181469,130732.75,38,0.38
443,2,100,181469,130732.75,64,0.64
444,2,100,181469,130732.75,56,0.56
445,2,100,246257,130732.75,69,0.69
446,2,100,61512,130732.75,12,0.12
447,2,100,181469,130732.75,81,0.81
448,2,100,246257,130732.75,80,0.8
449,2,100,33693,130732.75,10,0.1
450,2,100,246257,130732.75,60,0.6
451,2,100,61512,130732.75,55,0.55
452,2,100,33693,130732.75,19,0.19
453,2,100,181469,130732.75,73,0.73
454,2,100,33693,130732.75,22,0.22
455,2,100,246257,130732.75,66,0.66
456,2,100,246257,130732.75,90,0.9
457,2,100,61512,130732.75,25,0.25
458,2,100,246257,130732.75,82,0.82
459,2,100,246257,130732.75,97,0.97
460,2,100,61512,130732.75,11,0.11
461,2,100,181469,130732.75,50,0.5
462,2,100,246257,130732.75,48,0.48
463,2,100,181469,130732.75,59,0.59
464,2,100,33693,130732.75,20,0.2
465,2,100,33693,130732.75,25,0.25
466,2,100,61512,130732.75,21,0.21
467,2,100,181469,130732.75,42,0.42
468,2,100,33693,130732.75,48,0.48
469,2,100,33693,130732.75,32,0.32
470,2,100,61512,130732.75,47,0.47
471,2,100,181469,130732.75,98,0.98
472,2,100,246257,130732.75,71,0.71
473,2,100,246257,130732.75,85,0.85
474,2,100,61512,130732.75,27,0.27
475,2,100,61512,130732.75,15,0.15
476,2,100,181469,130732.75,88,0.88
477,2,100,181469,130732.75,67,0.67
478,2,100,246257,130732.75,49,0.49
479,2,100,61512,130732.75,11,0.11
480,2,100,33693,130732.75,38,0.38
481,2,100,181469,130732.75,59,0.59
482,2,100,246257,130732.75,87,0.87
483,2,100,181469,130732.75,47,0.47
484,2,100,246257,130732.75,71,0.71
485,2,100,181469,130732.75,59,0.59
486,2,100,33693,130732.75,47,0.47
487,2,100,61512,130732.75,14,0.14
488,2,100,246257,130732.75,52,0.52
489,2,100,61512,130732.75,10,0.1
490,2,100,246257,130732.75,64,0.64
491,2,100,246257,130732.75,92,0.92
492,2,100,33693,130732.75,60,0.6
493,2,100,246257,130732.75,75,0.75
494,2,100,61512,130732.75,49,0.49
495,2,100,33693,130732.75,4,0.04
496,2,100,246257,130732.75,29,0.29
497,2,100,246257,130732.75,73,0.73
498,2,100,181469,130732.75,77,0.77
499,2,100,246257,130732.75,10,0.1
500,2,100,246257,130732.75,60,0.6
501,2,100,61512,130732.75,53,0.53
502,2,100,61512,130732.75,16,0.16
503,2,100,33693,130732.75,36,0.36
504,2,100,33693,130732.75,9,0.09
505,2,100,246257,130732.75,86,0.86
506,2,100,33693,130732.75,33,0.33
507,2,100,33693,130732.75,60,0.6
508,2,100,33693,130732.75,4,0.04
509,2,100,61512,130732.75,27,0.27
510,2,100,33693,130732.75,42,0.42
511,2,100,61512,130732.75,33,0.33
512,2,100,61512,130732.75,26,0.26
513,2,100,246257,130732.75,53,0.53
514,2,100,181469,130732.75,72,0.72
515,2,100,246257,130732.75,47,0.47
516,2,100,246257,130732.75,94,0.94
517,2,100,246257,130732.75,87,0.87
518,2,100,181469,130732.75,83,0.83
519,2,100,33693,130732.75,18,0.18
520,2,100,181469,130732.75,45,0.45
521,2,100,246257,130732.75,52,0.52
522,2,100,33693,130732.75,11,0.11
523,2,100,61512,130732.75,34,0.34
524,2,100,246257,130732.75,72,0.72
525,2,100,181469,130732.75,72,0.72
526,2,100,33693,130732.75,42,0.42
527,2,100,61512,130732.75,14,0.14
528,2,100,61512,130732.75,1,0.01
529,2,100,246257,130732.75,93,0.93
530,2,100,61512,130732.75,7,0.07
531,2,100,181469,130732.75,54,0.54
532,2,100,181469,130732.75,65,0.65
533,2,100,33693,130732.75,0,0.0
534,2,100,246257,130732.75,60,0.6
535,2,100,181469,130732.75,65,0.65
536,2,100,61512,130732.75,81,0.81
537,2,100,246257,130732.75,87,0.87
538,2,100,61512,130732.75,23,0.23
539,2,100,33693,130732.75,6,0.06
540,2,100,61512,130732.75,17,0.17
541,2,100,246257,130732.75,90,0.9
542,2,100,61512,130732.75,83,0.83
543,2,100,61512,130732.75,31,0.31
544,2,100,181469,130732.75,48,0.48
545,2,100,33693,130732.75,11,0.11
546,2,100,181469,130732.75,93,0.93
547,2,100,181469,130732.75,20,0.2
548,2,100,61512,130732.75,38,0.38
549,2,100,181469,130732.75,50,0.5
550,2,100,33693,130732.75,5,0.05
551,2,100,246257,130732.75,76,0.76
552,2,100,246257,130732.75,98,0.98
553,2,100,246257,130732.75,51,0.51
554,2,100,246257,130732.75,35,0.35
555,2,100,33693,130732.75,23,0.23
556,2,100,181469,130732.75,63,0.63
557,2,100,61512,130732.75,1,0.01
558,2,100,246257,130732.75,37,0.37
559,2,100,181469,130732.75,79,0.79
560,2,100,181469,130732.75,88,0.88
561,2,100,246257,130732.75,65,0.65
562,2,100,246257,130732.75,55,0.55
563,2,100,181469,130732.75,90,0.9
564,2,100,181469,130732.75,26,0.26
565,2,100,181469,130732.75,34,0.34
566,2,100,181469,130732.75,41,0.41
567,2,100,246257,130732.75,56,0.56
568,2,100,33693,130732.75,0,0.0
569,2,100,181469,130732.75,67,0.67
570,2,100,61512,130732.75,25,0.25
571,2,100,33693,130732.75,18,0.18
572,2,100,246257,130732.75,52,0.52
573,2,100,33693,130732.75,7,0.07
574,2,100,246257,130732.75,60,0.6
575,2,100,33693,130732.75,8,0.08
576,2,100,181469,130732.75,66,0.66
577,2,100,181469,130732.75,90,0.9
578,2,100,33693,130732.75,9,0.09
579,2,100,181469,130732.75,30,0.3
580,2,100,181469,130732.75,46,0.46
581,2,100,246257,130732.75,85,0.85
582,2,100,246257,130732.75,26,0.26
583,2,100,246257,130732.75,74,0.74
584,2,100,61512,130732.75,40,0.4
585,2,100,181469,130732.75,54,0.54
586,2,100,33693,130732.75,16,0.16
587,2,100,181469,130732.75,91,0.91
588,2,100,61512,130732.75,34,0.34
589,2,100,246257,130732.75,66,0.66
590,2,100,33693,130732.75,46,0.46
591,2,100,181469,130732.75,47,0.47
592,2,100,181469,130732.75,54,0.54
593,2,100,246257,130732.75,59,0.59
594,2,100,181469,130732.75,97,0.97
595,2,100,246257,130732.75,73,0.73
596,2,100,246257,130732.75,66,0.66
597,2,100,181469,130732.75,32,0.32
598,2,100,181469,130732.75,60,0.6
599,2,100,61512,130732.75,62,0.62
600,2,100,33693,130732.75,70,0.7
601,2,100,61512,130732.75,78,0.78
602,2,100,61512,130732.75,3,0.03
603,2,100,61512,130732.75,38,0.38
604,2,100,246257,130732.75,70,0.7
605,2,100,246257,130732.75,57,0.57
606,2,100,246257,130732.75,25,0.25
607,2,100,61512,130732.75,62,0.62
608,2,100,181469,130732.75,41,0.41
609,2,100,181469,130732.75,87,0.87
610,2,100,61512,130732.75,45,0.45
611,2,100,181469,130732.75,47,0.47
612,2,100,33693,130732.75,41,0.41
613,2,100,181469,130732.75,27,0.27
614,2,100,246257,130732.75,49,0.49
615,2,100,61512,130732.75,31,0.31
616,2,100,246257,130732.75,92,0.92
617,2,100,181469,130732.75,58,0.58
618,2,100,181469,130732.75,37,0.37
619,2,100,33693,130732.75,18,0.18
620,2,100,33693,130732.75,2,0.02
621,2,100,33693,130732.75,16,0.16
622,2,100,181469,130732.75,45,0.45
623,2,100,246257,130732.75,72,0.72
624,2,100,61512,130732.75,37,0.37
625,2,100,181469,130732.75,31,0.31
626,2,100,181469,130732.75,43,0.43
627,2,100,33693,130732.75,1,0.01
628,2,100,181469,130732.75,18,0.18
629,2,100,246257,130732.75,49,0.49
630,2,100,246257,130732.75,85,0.85
631,2,100,181469,130732.75,36,0.36
632,2,100,33693,130732.75,42,0.42
633,2,100,181469,130732.75,38,0.38
634,2,100,246257,130732.75,96,0.96
635,2,100,246257,130732.75,95,0.95
636,2,100,33693,130732.75,10,0.1
637,2,100,246257,130732.75,69,0.69
638,2,100,181469,130732.75,36,0.36
639,2,100,61512,130732.75,27,0.27
640,2,100,181469,130732.75,83,0.83
641,2,100,181469,130732.75,69,0.69
642,2,100,61512,130732.75,37,0.37
643,2,100,246257,130732.75,69,0.69
644,2,100,246257,130732.75,33,0.33
645,2,100,33693,130732.75,15,0.15
646,2,100,33693,130732.75,38,0.38
647,2,100,61512,130732.75,33,0.33
648,2,100,33693,130732.75,19,0.19
649,2,100,33693,130732.75,10,0.1
650,2,100,246257,130732.75,75,0.75
651,2,100,246257,130732.75,95,0.95
652,2,100,61512,130732.75,31,0.31
653,2,100,246257,130732.75,32,0.32
654,2,100,33693,130732.75,22,0.22
655,2,100,181469,130732.75,89,0.89
656,2,100,246257,130732.75,100,1.0
657,2,100,181469,130732.75,44,0.44
658,2,100,181469,130732.75,40,0.4
659,2,100,246257,130732.75,55,0.55
660,2,100,181469,130732.75,72,0.72
661,2,100,246257,130732.75,44,0.44
662,2,100,246257,130732.75,68,0.68
663,2,100,246257,130732.75,43,0.43
664,2,100,246257,130732.75,72,0.72
665,2,100,61512,130732.75,33,0.33
666,2,100,61512,130732.75,34,0.34
667,2,100,61512,130732.75,11,0.11
668,2,100,61512,130732.75,58,0.58
669,2,100,61512,130732.75,24,0.24
670,2,100,181469,130732.75,67,0.67
671,2,100,181469,130732.75,77,0.77
672,2,100,181469,130732.75,41,0.41
673,2,100,61512,130732.75,44,0.44
674,2,100,61512,130732.75,27,0.27
675,2,100,246257,130732.75,41,0.41
676,2,100,33693,130732.75,3,0.03
677,2,100,246257,130732.75,63,0.63
678,2,100,181469,130732.75,74,0.74
679,2,100,246257,130732.75,58,0.58
680,2,100,181469,130732.75,68,0.68
681,2,100,33693,130732.75,34,0.34
682,2,100,246257,130732.75,55,0.55
683,2,100,246257,130732.75,67,0.67
684,2,100,61512,130732.75,10,0.1
685,2,100,61512,130732.75,38,0.38
686,2,100,181469,130732.75,83,0.83
687,2,100,181469,130732.75,72,0.72
688,2,100,181469,130732.75,52,0.52
689,2,100,246257,130732.75,18,0.18
690,2,100,181469,130732.75,58,0.58
691,2,100,246257,130732.75,66,0.66
692,2,100,181469,130732.75,37,0.37
693,2,100,61512,130732.75,11,0.11
694,2,100,181469,130732.75,100,1.0
695,2,100,33693,130732.75,4,0.04
696,2,100,246257,130732.75,79,0.79
697,2,100,246257,130732.75,68,0.68
698,2,100,33693,130732.75,12,0.12
699,2,100,246257,130732.75,91,0.91
700,2,100,33693,130732.75,38,0.38
701,2,100,61512,130732.75,69,0.69
702,2,100,246257,130732.75,83,0.83
703,2,100,33693,130732.75,10,0.1
704,2,100,61512,130732.75,42,0.42
705,2,100,246257,130732.75,47,0.47
706,2,100,181469,130732.75,29,0.29
707,2,100,33693,130732.75,40,0.4
708,2,100,246257,130732.75,78,0.78
709,2,100,61512,130732.75,5,0.05
710,2,100,246257,130732.75,45,0.45
711,2,100,246257,130732.75,91,0.91
712,2,100,181469,130732.75,54,0.54
713,2,100,33693,130732.75,19,0.19
714,2,100,61512,130732.75,21,0.21
715,2,100,246257,130732.75,94,0.94
716,2,100,246257,130732.75,14,0.14
717,2,100,61512,130732.75,9,0.09
718,2,100,181469,130732.75,74,0.74
719,2,100,246257,130732.75,73,0.73
720,2,100,181469,130732.75,84,0.84
721,2,100,181469,130732.75,65,0.65
722,2,100,61512,130732.75,19,0.19
723,2,100,246257,130732.75,78,0.78
724,2,100,246257,130732.75,6,0.06
725,2,100,181469,130732.75,30,0.3
726,2,100,246257,130732.75,97,0.97
727,2,100,61512,130732.75,4,0.04
728,2,100,181469,130732.75,79,0.79
729,2,100,246257,130732.75,56,0.56
730,2,100,246257,130732.75,55,0.55
731,2,100,246257,130732.75,79,0.79
732,2,100,246257,130732.75,100,1.0
733,2,100,246257,130732.75,71,0.71
734,2,100,246257,130732.75,92,0.92
735,2,100,246257,130732.75,63,0.63
736,2,100,181469,130732.75,30,0.3
737,2,100,33693,130732.75,55,0.55
738,2,100,246257,130732.75,77,0.77
739,2,100,181469,130732.75,42,0.42
740,2,100,61512,130732.75,23,0.23
741,2,100,181469,130732.75,47,0.47
742,2,100,181469,130732.75,36,0.36
743,2,100,181469,130732.75,46,0.46
744,2,100,181469,130732.75,54,0.54
745,2,100,246257,130732.75,84,0.84
746,2,100,246257,130732.75,85,0.85
747,2,100,246257,130732.75,92,0.92
748,2,100,33693,130732.75,29,0.29
749,2,100,246257,130732.75,99,0.99
750,2,100,33693,130732.75,14,0.14
751,2,100,181469,130732.75,92,0.92
752,2,100,181469,130732.75,94,0.94
753,2,100,61512,130732.75,25,0.25
754,2,100,181469,130732.75,82,0.82
755,2,100,181469,130732.75,56,0.56
756,2,100,181469,130732.75,85,0.85
757,2,100,246257,130732.75,60,0.6
758,2,100,33693,130732.75,16,0.16
759,2,100,61512,130732.75,11,0.11
760,2,100,246257,130732.75,35,0.35
761,2,100,181469,130732.75,35,0.35
762,2,100,33693,130732.75,19,0.19
763,2,100,33693,130732.75,19,0.19
764,2,100,181469,130732.75,57,0.57
765,2,100,246257,130732.75,61,0.61
766,2,100,181469,130732.75,59,0.59
767,2,100,61512,130732.75,36,0.36
768,2,100,181469,130732.75,38,0.38
769,2,100,33693,130732.75,2,0.02
770,2,100,61512,130732.75,36,0.36
771,2,100,181469,130732.75,27,0.27
772,2,100,61512,130732.75,32,0.32
773,2,100,61512,130732.75,36,0.36
774,2,100,61512,130732.75,20,0.2
775,2,100,246257,130732.75,81,0.81
776,2,100,246257,130732.75,61,0.61
777,2,100,61512,130732.75,44,0.44
778,2,100,181469,130732.75,36,0.36
779,2,100,33693,130732.75,32,0.32
780,2,100,246257,130732.75,67,0.67
781,2,100,181469,130732.75,20,0.2
782,2,100,246257,130732.75,89,0.89
783,2,100,246257,130732.75,45,0.45
784,2,100,181469,130732.75,24,0.24
785,2,100,246257,130732.75,81,0.81
786,2,100,181469,130732.75,14,0.14
787,2,100,61512,130732.75,33,0.33
788,2,100,246257,130732.75,78,0.78
789,2,100,33693,130732.75,3,0.03
790,2,100,181469,130732.75,52,0.52
791,2,100,33693,130732.75,6,0.06
792,2,100,246257,130732.75,100,1.0
793,2,100,246257,130732.75,92,0.92
794,2,100,61512,130732.75,10,0.1
795,2,100,33693,130732.75,11,0.11
796,2,100,61512,130732.75,19,0.19
797,2,100,246257,130732.75,78,0.78
798,2,100,181469,130732.75,52,0.52
799,2,100,61512,130732.75,46,0.46
800,2,100,181469,130732.75,37,0.37
801,2,100,246257,130732.75,62,0.62
802,2,100,61512,130732.75,61,0.61
803,2,100,181469,130732.75,92,0.92
804,2,100,181469,130732.75,93,0.93
805,2,100,181469,130732.75,63,0.63
806,2,100,33693,130732.75,29,0.29
807,2,100,61512,130732.75,25,0.25
808,2,100,181469,130732.75,52,0.52
809,2,100,246257,130732.75,80,0.8
810,2,100,61512,130732.75,29,0.29
811,2,100,246257,130732.75,83,0.83
812,2,100,246257,130732.75,85,0.85
813,2,100,246257,130732.75,98,0.98
814,2,100,181469,130732.75,98,0.98
815,2,100,181469,130732.75,37,0.37
816,2,100,246257,130732.75,94,0.94
817,2,100,181469,130732.75,51,0.51
818,2,100,181469,130732.75,62,0.62
819,2,100,246257,130732.75,78,0.78
820,2,100,33693,130732.75,3,0.03
821,2,100,181469,130732.75,46,0.46
822,2,100,246257,130732.75,88,0.88
823,2,100,181469,130732.75,93,0.93
824,2,100,61512,130732.75,9,0.09
825,2,100,33693,130732.75,51,0.51
826,2,100,61512,130732.75,57,0.57
827,2,100,61512,130732.75,3,0.03
828,2,100,181469,130732.75,92,0.92
829,2,100,61512,130732.75,75,0.75
830,2,100,181469,130732.75,99,0.99
831,2,100,246257,130732.75,36,0.36
832,2,100,181469,130732.75,47,0.47
833,2,100,246257,130732.75,77,0.77
834,2,100,246257,130732.75,30,0.3
835,2,100,61512,130732.75,13,0.13
836,2,100,33693,130732.75,28,0.28
837,2,100,181469,130732.75,65,0.65
838,2,100,61512,130732.75,51,0.51
839,2,100,181469,130732.75,65,0.65
840,2,100,61512,130732.75,46,0.46
841,2,100,61512,130732.75,13,0.13
842,2,100,33693,130732.75,7,0.07
843,2,100,61512,130732.75,10,0.1
844,2,100,181469,130732.75,85,0.85
845,2,100,61512,130732.75,47,0.47
846,2,100,181469,130732.75,46,0.46
847,2,100,181469,130732.75,67,0.67
848,2,100,33693,130732.75,50,0.5
849,2,100,246257,130732.75,72,0.72
850,2,100,246257,130732.75,78,0.78
851,2,100,181469,130732.75,93,0.93
852,2,100,246257,130732.75,56,0.56
853,2,100,246257,130732.75,46,0.46
854,2,100,181469,130732.75,93,0.93
855,2,100,61512,130732.75,14,0.14
856,2,100,181469,130732.75,85,0.85
857,2,100,61512,130732.75,65,0.65
858,2,100,181469,130732.75,34,0.34
859,2,100,181469,130732.75,42,0.42
860,2,100,246257,130732.75,71,0.71
861,2,100,181469,130732.75,22,0.22
862,2,100,246257,130732.75,83,0.83
863,2,100,246257,130732.75,60,0.6
864,2,100,33693,130732.75,21,0.21
865,2,100,33693,130732.75,64,0.64
866,2,100,61512,130732.75,10,0.1
867,2,100,246257,130732.75,66,0.66
868,2,100,61512,130732.75,49,0.49
869,2,100,246257,130732.75,90,0.9
870,2,100,181469,130732.75,82,0.82
871,2,100,181469,130732.75,98,0.98
872,2,100,61512,130732.75,66,0.66
873,2,100,181469,130732.75,59,0.59
874,2,100,246257,130732.75,92,0.92
875,2,100,246257,130732.75,45,0.45
876,2,100,246257,130732.75,92,0.92
877,2,100,181469,130732.75,62,0.62
878,2,100,61512,130732.75,8,0.08
879,2,100,33693,130732.75,48,0.48
880,2,100,61512,130732.75,46,0.46
881,2,100,61512,130732.75,9,0.09
882,2,100,246257,130732.75,75,0.75
883,2,100,181469,130732.75,93,0.93
884,2,100,33693,130732.75,11,0.11
885,2,100,246257,130732.75,79,0.79
886,2,100,246257,130732.75,91,0.91
887,2,100,33693,130732.75,16,0.16
888,2,100,61512,130732.75,71,0.71
889,2,100,246257,130732.75,66,0.66
890,2,100,61512,130732.75,19,0.19
891,2,100,181469,130732.75,37,0.37
892,2,100,181469,130732.75,75,0.75
893,2,100,181469,130732.75,21,0.21
894,2,100,181469,130732.75,80,0.8
895,2,100,246257,130732.75,50,0.5
896,2,100,246257,130732.75,85,0.85
897,2,100,246257,130732.75,93,0.93
898,2,100,61512,130732.75,26,0.26
899,2,100,61512,130732.75,11,0.11
900,2,100,61512,130732.75,66,0.66
901,2,100,246257,130732.75,95,0.95
902,2,100,181469,130732.75,57,0.57
903,2,100,246257,130732.75,73,0.73
904,2,100,33693,130732.75,5,0.05
905,2,100,181469,130732.75,83,0.83
906,2,100,61512,130732.75,5,0.05
907,2,100,33693,130732.75,2,0.02
908,2,100,246257,130732.75,94,0.94
909,2,100,181469,130732.75,48,0.48
910,2,100,246257,130732.75,70,0.7
911,2,100,246257,130732.75,99,0.99
912,2,100,181469,130732.75,61,0.61
913,2,100,33693,130732.75,22,0.22
914,2,100,181469,130732.75,41,0.41
915,2,100,181469,130732.75,64,0.64
916,2,100,246257,130732.75,81,0.81
917,2,100,246257,130732.75,87,0.87
918,2,100,61512,130732.75,58,0.58
919,2,100,181469,130732.75,31,0.31
920,2,100,246257,130732.75,85,0.85
921,2,100,181469,130732.75,51,0.51
922,2,100,246257,130732.75,93,0.93
923,2,100,246257,130732.75,44,0.44
924,2,100,246257,130732.75,93,0.93
925,2,100,61512,130732.75,39,0.39
926,2,100,246257,130732.75,51,0.51
927,2,100,181469,130732.75,55,0.55
928,2,100,181469,130732.75,93,0.93
929,2,100,246257,130732.75,75,0.75
930,2,100,246257,130732.75,75,0.75
931,2,100,181469,130732.75,73,0.73
932,2,100,181469,130732.75,9,0.09
933,2,100,246257,130732.75,35,0.35
934,2,100,181469,130732.75,59,0.59
935,2,100,246257,130732.75,88,0.88
936,2,100,33693,130732.75,73,0.73
937,2,100,246257,130732.75,64,0.64
938,2,100,246257,130732.75,75,0.75
939,2,100,246257,130732.75,79,0.79
940,2,100,246257,130732.75,89,0.89
941,2,100,181469,130732.75,93,0.93
942,2,100,61512,130732.75,48,0.48
943,2,100,33693,130732.75,50,0.5
944,2,100,61512,130732.75,23,0.23
945,2,100,33693,130732.75,66,0.66
946,2,100,246257,130732.75,74,0.74
947,2,100,246257,130732.75,63,0.63
948,2,100,181469,130732.75,79,0.79
949,2,100,246257,130732.75,58,0.58
950,2,100,181469,130732.75,84,0.84
951,2,100,246257,130732.75,42,0.42
952,2,100,246257,130732.75,51,0.51
953,2,100,181469,130732.75,41,0.41
954,2,100,61512,130732.75,2,0.02
955,2,100,181469,130732.75,80,0.8
956,2,100,246257,130732.75,97,0.97
957,2,100,61512,130732.75,50,0.5
958,2,100,246257,130732.75,63,0.63
959,2,100,181469,130732.75,56,0.56
960,2,100,61512,130732.75,18,0.18
961,2,100,246257,130732.75,80,0.8
962,2,100,181469,130732.75,89,0.89
963,2,100,246257,130732.75,80,0.8
964,2,100,181469,130732.75,61,0.61
965,2,100,181469,130732.75,36,0.36
966,2,100,181469,130732.75,95,0.95
967,2,100,33693,130732.75,6,0.06
968,2,100,181469,130732.75,75,0.75
969,2,100,61512,130732.75,64,0.64
970,2,100,33693,130732.75,2,0.02
971,2,100,61512,130732.75,14,0.14
972,2,100,246257,130732.75,62,0.62
973,2,100,181469,130732.75,50,0.5
974,2,100,181469,130732.75,59,0.59
975,2,100,246257,130732.75,60,0.6
976,2,100,33693,130732.75,13,0.13
977,2,100,246257,130732.75,60,0.6
978,2,100,181469,130732.75,35,0.35
979,2,100,246257,130732.75,72,0.72
980,2,100,33693,130732.75,35,0.35
981,2,100,246257,130732.75,60,0.6
982,2,100,246257,130732.75,42,0.42
983,2,100,61512,130732.75,52,0.52
984,2,100,246257,130732.75,67,0.67
985,2,100,61512,130732.75,22,0.22
986,2,100,246257,130732.75,64,0.64
987,2,100,61512,130732.75,29,0.29
988,2,100,33693,130732.75,17,0.17
989,2,100,33693,130732.75,23,0.23
990,2,100,246257,130732.75,91,0.91
991,2,100,61512,130732.75,60,0.6
992,2,100,246257,130732.75,88,0.88
993,2,100,33693,130732.75,37,0.37
994,2,100,246257,130732.75,73,0.73
995,2,100,181469,130732.75,22,0.22
996,2,100,181469,130732.75,81,0.81
997,2,100,33693,130732.75,20,0.2
998,2,100,33693,130732.75,16,0.16
999,2,100,246257,130732.75,88,0.88
0,4,1,32041,32683.1875,0,0.0
1,4,1,74669,32683.1875,0,0.0
2,4,1,110659,32683.1875,0,0.0
3,4,1,74669,32683.1875,1,1.0
4,4,1,310,32683.1875,0,0.0
5,4,1,16907,32683.1875,0,0.0
6,4,1,16907,32683.1875,1,1.0
7,4,1,74669,32683.1875,1,1.0
8,4,1,74669,32683.1875,1,1.0
9,4,1,106242,32683.1875,1,1.0
10,4,1,110659,32683.1875,1,1.0
11,4,1,28812,32683.1875,0,0.0
12,4,1,16907,32683.1875,0,0.0
13,4,1,32041,32683.1875,0,0.0
14,4,1,74669,32683.1875,0,0.0
15,4,1,74669,32683.1875,1,1.0
16,4,1,110659,32683.1875,0,0.0
17,4,1,110659,32683.1875,1,1.0
18,4,1,74669,32683.1875,0,0.0
19,4,1,110659,32683.1875,1,1.0
20,4,1,248,32683.1875,0,0.0
21,4,1,110659,32683.1875,0,0.0
22,4,1,16467,32683.1875,0,0.0
23,4,1,110659,32683.1875,1,1.0
24,4,1,32041,32683.1875,1,1.0
25,4,1,16907,32683.1875,1,1.0
26,4,1,74669,32683.1875,1,1.0
27,4,1,16907,32683.1875,0,0.0
28,4,1,110659,32683.1875,1,1.0
29,4,1,32041,32683.1875,1,1.0
30,4,1,16907,32683.1875,1,1.0
31,4,1,16907,32683.1875,0,0.0
32,4,1,351,32683.1875,0,0.0
33,4,1,16907,32683.1875,0,0.0
34,4,1,110659,32683.1875,1,1.0
35,4,1,134349,32683.1875,1,1.0
36,4,1,32041,32683.1875,0,0.0
37,4,1,32041,32683.1875,1,1.0
38,4,1,74669,32683.1875,1,1.0
39,4,1,106242,32683.1875,1,1.0
40,4,1,110659,32683.1875,1,1.0
41,4,1,16907,32683.1875,0,0.0
42,4,1,134349,32683.1875,1,1.0
43,4,1,164,32683.1875,1,1.0
44,4,1,110659,32683.1875,1,1.0
45,4,1,74669,32683.1875,1,1.0
46,4,1,110659,32683.1875,0,0.0
47,4,1,16467,32683.1875,1,1.0
48,4,1,32041,32683.1875,1,1.0
49,4,1,16907,32683.1875,1,1.0
50,4,1,110659,32683.1875,1,1.0
51,4,1,32041,32683.1875,0,0.0
52,4,1,134349,32683.1875,1,1.0
53,4,1,110659,32683.1875,0,0.0
54,4,1,32041,32683.1875,1,1.0
55,4,1,134349,32683.1875,1,1.0
56,4,1,16907,32683.1875,1,1.0
57,4,1,110659,32683.1875,1,1.0
58,4,1,16907,32683.1875,0,0.0
59,4,1,110659,32683.1875,1,1.0
60,4,1,106242,32683.1875,1,1.0
61,4,1,110659,32683.1875,1,1.0
62,4,1,110659,32683.1875,0,0.0
63,4,1,134349,32683.1875,0,0.0
64,4,1,110659,32683.1875,1,1.0
65,4,1,16907,32683.1875,0,0.0
66,4,1,106242,32683.1875,1,1.0
67,4,1,134349,32683.1875,1,1.0
68,4,1,32041,32683.1875,1,1.0
69,4,1,134349,32683.1875,1,1.0
70,4,1,74669,32683.1875,1,1.0
71,4,1,74669,32683.1875,0,0.0
72,4,1,539,32683.1875,0,0.0
73,4,1,106242,32683.1875,1,1.0
74,4,1,32041,32683.1875,1,1.0
75,4,1,74669,32683.1875,1,1.0
76,4,1,134349,32683.1875,1,1.0
77,4,1,74669,32683.1875,1,1.0
78,4,1,74669,32683.1875,1,1.0
79,4,1,74669,32683.1875,0,0.0
80,4,1,106242,32683.1875,1,1.0
81,4,1,110659,32683.1875,0,0.0
82,4,1,110659,32683.1875,0,0.0
83,4,1,28812,32683.1875,0,0.0
84,4,1,110659,32683.1875,1,1.0
85,4,1,134349,32683.1875,1,1.0
86,4,1,134349,32683.1875,1,1.0
87,4,1,32041,32683.1875,0,0.0
88,4,1,32041,32683.1875,1,1.0
89,4,1,74669,32683.1875,1,1.0
90,4,1,110659,32683.1875,1,1.0
91,4,1,28812,32683.1875,0,0.0
92,4,1,74669,32683.1875,0,0.0
93,4,1,134349,32683.1875,1,1.0
94,4,1,134349,32683.1875,1,1.0
95,4,1,106242,32683.1875,1,1.0
96,4,1,74669,32683.1875,1,1.0
97,4,1,32041,32683.1875,1,1.0
98,4,1,32041,32683.1875,0,0.0
99,4,1,710,32683.1875,0,0.0
100,4,1,110659,32683.1875,1,1.0
101,4,1,74669,32683.1875,1,1.0
102,4,1,74669,32683.1875,1,1.0
103,4,1,16907,32683.1875,0,0.0
104,4,1,28812,32683.1875,0,0.0
105,4,1,110659,32683.1875,1,1.0
106,4,1,110659,32683.1875,0,0.0
107,4,1,106242,32683.1875,1,1.0
108,4,1,32041,32683.1875,0,0.0
109,4,1,74669,32683.1875,1,1.0
110,4,1,16907,32683.1875,1,1.0
111,4,1,74669,32683.1875,1,1.0
112,4,1,74669,32683.1875,0,0.0
113,4,1,110659,32683.1875,1,1.0
114,4,1,16907,32683.1875,0,0.0
115,4,1,74669,32683.1875,0,0.0
116,4,1,16467,32683.1875,1,1.0
117,4,1,106242,32683.1875,0,0.0
118,4,1,74669,32683.1875,1,1.0
119,4,1,106242,32683.1875,1,1.0
120,4,1,106242,32683.1875,1,1.0
121,4,1,308,32683.1875,0,0.0
122,4,1,110659,32683.1875,0,0.0
123,4,1,134349,32683.1875,1,1.0
124,4,1,308,32683.1875,0,0.0
125,4,1,74669,32683.1875,0,0.0
126,4,1,134349,32683.1875,1,1.0
127,4,1,16907,32683.1875,1,1.0
128,4,1,74669,32683.1875,1,1.0
129,4,1,74669,32683.1875,0,0.0
130,4,1,32041,32683.1875,1,1.0
131,4,1,134349,32683.1875,1,1.0
132,4,1,16467,32683.1875,0,0.0
133,4,1,16467,32683.1875,1,1.0
134,4,1,110659,32683.1875,0,0.0
135,4,1,74669,32683.1875,1,1.0
136,4,1,110659,32683.1875,0,0.0
137,4,1,74669,32683.1875,0,0.0
138,4,1,74669,32683.1875,0,0.0
139,4,1,32041,32683.1875,0,0.0
140,4,1,155,32683.1875,0,0.0
141,4,1,16907,32683.1875,0,0.0
142,4,1,28812,32683.1875,1,1.0
143,4,1,74669,32683.1875,1,1.0
144,4,1,106242,32683.1875,1,1.0
145,4,1,134349,32683.1875,1,1.0
146,4,1,110659,32683.1875,1,1.0
147,4,1,110659,32683.1875,1,1.0
148,4,1,74669,32683.1875,0,0.0
149,4,1,32041,32683.1875,1,1.0
150,4,1,32041,32683.1875,1,1.0
151,4,1,106242,32683.1875,0,0.0
152,4,1,74669,32683.1875,1,1.0
153,4,1,110659,32683.1875,0,0.0
154,4,1,110659,32683.1875,1,1.0
155,4,1,16907,32683.1875,0,0.0
156,4,1,134349,32683.1875,1,1.0
157,4,1,16907,32683.1875,1,1.0
158,4,1,32041,32683.1875,0,0.0
159,4,1,28812,32683.1875,0,0.0
160,4,1,134349,32683.1875,1,1.0
161,4,1,110659,32683.1875,1,1.0
162,4,1,106242,32683.1875,1,1.0
163,4,1,110659,32683.1875,0,0.0
164,4,1,32041,32683.1875,0,0.0
165,4,1,32041,32683.1875,0,0.0
166,4,1,74669,32683.1875,1,1.0
167,4,1,74669,32683.1875,0,0.0
168,4,1,32041,32683.1875,1,1.0
169,4,1,106242,32683.1875,1,1.0
170,4,1,710,32683.1875,0,0.0
171,4,1,110659,32683.1875,0,0.0
172,4,1,74669,32683.1875,0,0.0
173,4,1,74669,32683.1875,0,0.0
174,4,1,134349,32683.1875,0,0.0
175,4,1,110659,32683.1875,1,1.0
176,4,1,110659,32683.1875,0,0.0
177,4,1,74669,32683.1875,1,1.0
178,4,1,32041,32683.1875,1,1.0
179,4,1,32041,32683.1875,0,0.0
180,4,1,134349,32683.1875,0,0.0
181,4,1,106242,32683.1875,1,1.0
182,4,1,110659,32683.1875,1,1.0
183,4,1,16907,32683.1875,0,0.0
184,4,1,74669,32683.1875,0,0.0
185,4,1,110659,32683.1875,1,1.0
186,4,1,32041,32683.1875,0,0.0
187,4,1,106242,32683.1875,0,0.0
188,4,1,134349,32683.1875,1,1.0
189,4,1,106242,32683.1875,1,1.0
190,4,1,32041,32683.1875,1,1.0
191,4,1,74669,32683.1875,0,0.0
192,4,1,110659,32683.1875,0,0.0
193,4,1,32041,32683.1875,0,0.0
194,4,1,110659,32683.1875,1,1.0
195,4,1,134349,32683.1875,1,1.0
196,4,1,32041,32683.1875,0,0.0
197,4,1,16907,32683.1875,0,0.0
198,4,1,106242,32683.1875,1,1.0
199,4,1,16907,32683.1875,1,1.0
200,4,1,110659,32683.1875,0,0.0
201,4,1,28812,32683.1875,1,1.0
202,4,1,110659,32683.1875,0,0.0
203,4,1,106242,32683.1875,0,0.0
204,4,1,155,32683.1875,0,0.0
205,4,1,134349,32683.1875,1,1.0
206,4,1,16907,32683.1875,0,0.0
207,4,1,74669,32683.1875,1,1.0
208,4,1,110659,32683.1875,0,0.0
209,4,1,110659,32683.1875,1,1.0
210,4,1,134349,32683.1875,1,1.0
211,4,1,110659,32683.1875,1,1.0
212,4,1,308,32683.1875,0,0.0
213,4,1,134349,32683.1875,1,1.0
214,4,1,32041,32683.1875,1,1.0
215,4,1,134349,32683.1875,1,1.0
216,4,1,110659,32683.1875,1,1.0
217,4,1,110659,32683.1875,1,1.0
218,4,1,16907,32683.1875,1,1.0
219,4,1,110659,32683.1875,0,0.0
220,4,1,32041,32683.1875,0,0.0
221,4,1,110659,32683.1875,1,1.0
222,4,1,134349,32683.1875,1,1.0
223,4,1,134349,32683.1875,1,1.0
224,4,1,134349,32683.1875,1,1.0
225,4,1,106242,32683.1875,1,1.0
226,4,1,110659,32683.1875,1,1.0
227,4,1,74669,32683.1875,1,1.0
228,4,1,32041,32683.1875,0,0.0
229,4,1,110659,32683.1875,0,0.0
230,4,1,74669,32683.1875,0,0.0
231,4,1,16467,32683.1875,0,0.0
232,4,1,110659,32683.1875,0,0.0
233,4,1,74669,32683.1875,1,1.0
234,4,1,16907,32683.1875,0,0.0
235,4,1,134349,32683.1875,0,0.0
236,4,1,110659,32683.1875,1,1.0
237,4,1,16467,32683.1875,0,0.0
238,4,1,32041,32683.1875,1,1.0
239,4,1,106242,32683.1875,0,0.0
240,4,1,110659,32683.1875,0,0.0
241,4,1,74669,32683.1875,1,1.0
242,4,1,539,32683.1875,0,0.0
243,4,1,32041,32683.1875,0,0.0
244,4,1,32041,32683.1875,0,0.0
245,4,1,74669,32683.1875,1,1.0
246,4,1,74669,32683.1875,1,1.0
247,4,1,110659,32683.1875,1,1.0
248,4,1,110659,32683.1875,0,0.0
249,4,1,110659,32683.1875,0,0.0
250,4,1,134349,32683.1875,1,1.0
251,4,1,16907,32683.1875,0,0.0
252,4,1,110659,32683.1875,1,1.0
253,4,1,110659,32683.1875,0,0.0
254,4,1,134349,32683.1875,1,1.0
255,4,1,134349,32683.1875,1,1.0
256,4,1,32041,32683.1875,0,0.0
257,4,1,28812,32683.1875,1,1.0
258,4,1,106242,32683.1875,1,1.0
259,4,1,74669,32683.1875,0,0.0
260,4,1,134349,32683.1875,0,0.0
261,4,1,16467,32683.1875,0,0.0
262,4,1,106242,32683.1875,1,1.0
263,4,1,106242,32683.1875,0,0.0
264,4,1,134349,32683.1875,0,0.0
265,4,1,32041,32683.1875,0,0.0
266,4,1,106242,32683.1875,0,0.0
267,4,1,32041,32683.1875,0,0.0
268,4,1,16467,32683.1875,0,0.0
269,4,1,110659,32683.1875,1,1.0
270,4,1,106242,32683.1875,0,0.0
271,4,1,74669,32683.1875,0,0.0
272,4,1,16907,32683.1875,0,0.0
273,4,1,134349,32683.1875,1,1.0
274,4,1,16907,32683.1875,1,1.0
275,4,1,110659,32683.1875,1,1.0
276,4,1,106242,32683.1875,1,1.0
277,4,1,106242,32683.1875,1,1.0
278,4,1,134349,32683.1875,1,1.0
279,4,1,32041,32683.1875,0,0.0
280,4,1,110659,32683.1875,1,1.0
281,4,1,106242,32683.1875,1,1.0
282,4,1,134349,32683.1875,1,1.0
283,4,1,110659,32683.1875,1,1.0
284,4,1,32041,32683.1875,0,0.0
285,4,1,74669,32683.1875,1,1.0
286,4,1,106242,32683.1875,1,1.0
287,4,1,74669,32683.1875,1,1.0
288,4,1,106242,32683.1875,1,1.0
289,4,1,16907,32683.1875,0,0.0
290,4,1,106242,32683.1875,1,1.0
291,4,1,16907,32683.1875,1,1.0
292,4,1,106242,32683.1875,1,1.0
293,4,1,32041,32683.1875,0,0.0
294,4,1,16907,32683.1875,1,1.0
295,4,1,106242,32683.1875,1,1.0
296,4,1,106242,32683.1875,1,1.0
297,4,1,16907,32683.1875,0,0.0
298,4,1,32041,32683.1875,1,1.0
299,4,1,110659,32683.1875,1,1.0
300,4,1,710,32683.1875,0,0.0
301,4,1,110659,32683.1875,1,1.0
302,4,1,110659,32683.1875,0,0.0
303,4,1,351,32683.1875,0,0.0
304,4,1,28812,32683.1875,1,1.0
305,4,1,106242,32683.1875,0,0.0
306,4,1,32041,32683.1875,0,0.0
307,4,1,28812,32683.1875,1,1.0
308,4,1,74669,32683.1875,1,1.0
309,4,1,134349,32683.1875,1,1.0
310,4,1,106242,32683.1875,0,0.0
311,4,1,16907,32683.1875,0,0.0
312,4,1,16907,32683.1875,1,1.0
313,4,1,28812,32683.1875,0,0.0
314,4,1,32041,32683.1875,0,0.0
315,4,1,106242,32683.1875,0,0.0
316,4,1,16467,32683.1875,0,0.0
317,4,1,16907,32683.1875,1,1.0
318,4,1,351,32683.1875,1,1.0
319,4,1,16907,32683.1875,0,0.0
320,4,1,16907,32683.1875,0,0.0
321,4,1,28812,32683.1875,1,1.0
322,4,1,134349,32683.1875,1,1.0
323,4,1,134349,32683.1875,1,1.0
324,4,1,32041,32683.1875,0,0.0
325,4,1,106242,32683.1875,0,0.0
326,4,1,74669,32683.1875,1,1.0
327,4,1,16907,32683.1875,0,0.0
328,4,1,110659,32683.1875,1,1.0
329,4,1,106242,32683.1875,0,0.0
330,4,1,134349,32683.1875,1,1.0
331,4,1,710,32683.1875,0,0.0
332,4,1,32041,32683.1875,0,0.0
333,4,1,74669,32683.1875,1,1.0
334,4,1,32041,32683.1875,0,0.0
335,4,1,32041,32683.1875,0,0.0
336,4,1,74669,32683.1875,1,1.0
337,4,1,16907,32683.1875,0,0.0
338,4,1,134349,32683.1875,1,1.0
339,4,1,106242,32683.1875,0,0.0
340,4,1,134349,32683.1875,1,1.0
341,4,1,74669,32683.1875,1,1.0
342,4,1,134349,32683.1875,1,1.0
343,4,1,110659,32683.1875,0,0.0
344,4,1,74669,32683.1875,1,1.0
345,4,1,134349,32683.1875,1,1.0
346,4,1,351,32683.1875,0,0.0
347,4,1,32041,32683.1875,1,1.0
348,4,1,28812,32683.1875,1,1.0
349,4,1,351,32683.1875,0,0.0
350,4,1,32041,32683.1875,1,1.0
351,4,1,32041,32683.1875,1,1.0
352,4,1,32041,32683.1875,0,0.0
353,4,1,74669,32683.1875,1,1.0
354,4,1,32041,32683.1875,1,1.0
355,4,1,134349,32683.1875,1,1.0
356,4,1,16467,32683.1875,0,0.0
357,4,1,134349,32683.1875,1,1.0
358,4,1,106242,32683.1875,1,1.0
359,4,1,110659,32683.1875,1,1.0
360,4,1,308,32683.1875,0,0.0
361,4,1,16907,32683.1875,0,0.0
362,4,1,16467,32683.1875,0,0.0
363,4,1,710,32683.1875,0,0.0
364,4,1,16907,32683.1875,0,0.0
365,4,1,16907,32683.1875,0,0.0
366,4,1,28812,32683.1875,0,0.0
367,4,1,74669,32683.1875,0,0.0
368,4,1,16907,32683.1875,1,1.0
369,4,1,155,32683.1875,0,0.0
370,4,1,110659,32683.1875,0,0.0
371,4,1,106242,32683.1875,1,1.0
372,4,1,110659,32683.1875,1,1.0
373,4,1,106242,32683.1875,0,0.0
374,4,1,74669,32683.1875,1,1.0
375,4,1,16907,32683.1875,1,1.0
376,4,1,74669,32683.1875,1,1.0
377,4,1,134349,32683.1875,1,1.0
378,4,1,32041,32683.1875,0,0.0
379,4,1,110659,32683.1875,1,1.0
380,4,1,134349,32683.1875,1,1.0
381,4,1,110659,32683.1875,0,0.0
382,4,1,74669,32683.1875,0,0.0
383,4,1,110659,32683.1875,1,1.0
384,4,1,134349,32683.1875,0,0.0
385,4,1,134349,32683.1875,1,1.0
386,4,1,32041,32683.1875,0,0.0
387,4,1,74669,32683.1875,1,1.0
388,4,1,134349,32683.1875,1,1.0
389,4,1,74669,32683.1875,0,0.0
390,4,1,110659,32683.1875,1,1.0
391,4,1,74669,32683.1875,1,1.0
392,4,1,32041,32683.1875,0,0.0
393,4,1,710,32683.1875,0,0.0
394,4,1,74669,32683.1875,0,0.0
395,4,1,106242,32683.1875,1,1.0
396,4,1,32041,32683.1875,0,0.0
397,4,1,32041,32683.1875,0,0.0
398,4,1,308,32683.1875,0,0.0
399,4,1,32041,32683.1875,0,0.0
400,4,1,74669,32683.1875,1,1.0
401,4,1,134349,32683.1875,1,1.0
402,4,1,106242,32683.1875,1,1.0
403,4,1,106242,32683.1875,0,0.0
404,4,1,16907,32683.1875,0,0.0
405,4,1,16467,32683.1875,1,1.0
406,4,1,134349,32683.1875,1,1.0
407,4,1,74669,32683.1875,1,1.0
408,4,1,16907,32683.1875,0,0.0
409,4,1,74669,32683.1875,1,1.0
410,4,1,106242,32683.1875,1,1.0
411,4,1,32041,32683.1875,0,0.0
412,4,1,28812,32683.1875,0,0.0
413,4,1,32041,32683.1875,0,0.0
414,4,1,74669,32683.1875,1,1.0
415,4,1,106242,32683.1875,0,0.0
416,4,1,16907,32683.1875,1,1.0
417,4,1,74669,32683.1875,1,1.0
418,4,1,351,32683.1875,0,0.0
419,4,1,106242,32683.1875,0,0.0
420,4,1,32041,32683.1875,0,0.0
421,4,1,134349,32683.1875,1,1.0
422,4,1,106242,32683.1875,0,0.0
423,4,1,106242,32683.1875,1,1.0
424,4,1,32041,32683.1875,0,0.0
425,4,1,74669,32683.1875,1,1.0
426,4,1,110659,32683.1875,1,1.0
427,4,1,134349,32683.1875,0,0.0
428,4,1,74669,32683.1875,0,0.0
429,4,1,110659,32683.1875,0,0.0
430,4,1,110659,32683.1875,1,1.0
431,4,1,134349,32683.1875,1,1.0
432,4,1,110659,32683.1875,0,0.0
433,4,1,74669,32683.1875,1,1.0
434,4,1,32041,32683.1875,0,0.0
435,4,1,32041,32683.1875,0,0.0
436,4,1,32041,32683.1875,0,0.0
437,4,1,74669,32683.1875,1,1.0
438,4,1,134349,32683.1875,1,1.0
439,4,1,110659,32683.1875,1,1.0
440,4,1,74669,32683.1875,0,0.0
441,4,1,134349,32683.1875,0,0.0
442,4,1,74669,32683.1875,0,0.0
443,4,1,106242,32683.1875,1,1.0
444,4,1,74669,32683.1875,1,1.0
445,4,1,110659,32683.1875,1,1.0
446,4,1,28812,32683.1875,0,0.0
447,4,1,74669,32683.1875,0,0.0
448,4,1,110659,32683.1875,0,0.0
449,4,1,16907,32683.1875,1,1.0
450,4,1,134349,32683.1875,0,0.0
451,4,1,28812,32683.1875,0,0.0
452,4,1,16907,32683.1875,1,1.0
453,4,1,74669,32683.1875,1,1.0
454,4,1,16907,32683.1875,0,0.0
455,4,1,110659,32683.1875,1,1.0
456,4,1,110659,32683.1875,0,0.0
457,4,1,28812,32683.1875,0,0.0
458,4,1,110659,32683.1875,0,0.0
459,4,1,539,32683.1875,0,0.0
460,4,1,28812,32683.1875,0,0.0
461,4,1,106242,32683.1875,1,1.0
462,4,1,134349,32683.1875,1,1.0
463,4,1,106242,32683.1875,1,1.0
464,4,1,16907,32683.1875,0,0.0
465,4,1,16907,32683.1875,1,1.0
466,4,1,32041,32683.1875,0,0.0
467,4,1,74669,32683.1875,0,0.0
468,4,1,16907,32683.1875,0,0.0
469,4,1,16907,32683.1875,1,1.0
470,4,1,32041,32683.1875,0,0.0
471,4,1,74669,32683.1875,0,0.0
472,4,1,134349,32683.1875,0,0.0
473,4,1,134349,32683.1875,1,1.0
474,4,1,32041,32683.1875,1,1.0
475,4,1,28812,32683.1875,1,1.0
476,4,1,74669,32683.1875,1,1.0
477,4,1,106242,32683.1875,1,1.0
478,4,1,110659,32683.1875,0,0.0
479,4,1,28812,32683.1875,0,0.0
480,4,1,16467,32683.1875,1,1.0
481,4,1,74669,32683.1875,1,1.0
482,4,1,134349,32683.1875,1,1.0
483,4,1,74669,32683.1875,1,1.0
484,4,1,110659,32683.1875,1,1.0
485,4,1,74669,32683.1875,0,0.0
486,4,1,16907,32683.1875,1,1.0
487,4,1,32041,32683.1875,0,0.0
488,4,1,110659,32683.1875,0,0.0
489,4,1,28812,32683.1875,0,0.0
490,4,1,110659,32683.1875,1,1.0
491,4,1,110659,32683.1875,1,1.0
492,4,1,16907,32683.1875,1,1.0
493,4,1,134349,32683.1875,1,1.0
494,4,1,32041,32683.1875,0,0.0
495,4,1,16907,32683.1875,0,0.0
496,4,1,110659,32683.1875,1,1.0
497,4,1,134349,32683.1875,1,1.0
498,4,1,106242,32683.1875,1,1.0
499,4,1,134349,32683.1875,0,0.0
500,4,1,110659,32683.1875,1,1.0
501,4,1,351,32683.1875,0,0.0
502,4,1,32041,32683.1875,0,0.0
503,4,1,16907,32683.1875,0,0.0
504,4,1,16467,32683.1875,0,0.0
505,4,1,110659,32683.1875,1,1.0
506,4,1,16907,32683.1875,0,0.0
507,4,1,16907,32683.1875,1,1.0
508,4,1,16907,32683.1875,0,0.0
509,4,1,32041,32683.1875,0,0.0
510,4,1,16907,32683.1875,0,0.0
511,4,1,32041,32683.1875,1,1.0
512,4,1,32041,32683.1875,0,0.0
513,4,1,134349,32683.1875,1,1.0
514,4,1,74669,32683.1875,1,1.0
515,4,1,134349,32683.1875,1,1.0
516,4,1,134349,32683.1875,1,1.0
517,4,1,134349,32683.1875,1,1.0
518,4,1,74669,32683.1875,1,1.0
519,4,1,16907,32683.1875,0,0.0
520,4,1,74669,32683.1875,0,0.0
521,4,1,134349,32683.1875,1,1.0
522,4,1,16467,32683.1875,0,0.0
523,4,1,32041,32683.1875,0,0.0
524,4,1,110659,32683.1875,1,1.0
525,4,1,74669,32683.1875,1,1.0
526,4,1,155,32683.1875,0,0.0
527,4,1,32041,32683.1875,0,0.0
528,4,1,28812,32683.1875,0,0.0
529,4,1,110659,32683.1875,0,0.0
530,4,1,28812,32683.1875,0,0.0
531,4,1,106242,32683.1875,1,1.0
532,4,1,74669,32683.1875,0,0.0
533,4,1,16907,32683.1875,0,0.0
534,4,1,134349,32683.1875,1,1.0
535,4,1,310,32683.1875,0,0.0
536,4,1,32041,32683.1875,1,1.0
537,4,1,110659,32683.1875,1,1.0
538,4,1,32041,32683.1875,0,0.0
539,4,1,16907,32683.1875,0,0.0
540,4,1,32041,32683.1875,0,0.0
541,4,1,134349,32683.1875,1,1.0
542,4,1,32041,32683.1875,1,1.0
543,4,1,32041,32683.1875,0,0.0
544,4,1,74669,32683.1875,0,0.0
545,4,1,16907,32683.1875,0,0.0
546,4,1,74669,32683.1875,1,1.0
547,4,1,74669,32683.1875,1,1.0
548,4,1,32041,32683.1875,1,1.0
549,4,1,74669,32683.1875,1,1.0
550,4,1,155,32683.1875,0,0.0
551,4,1,134349,32683.1875,1,1.0
552,4,1,134349,32683.1875,1,1.0
553,4,1,110659,32683.1875,1,1.0
554,4,1,134349,32683.1875,0,0.0
555,4,1,16907,32683.1875,0,0.0
556,4,1,106242,32683.1875,1,1.0
557,4,1,308,32683.1875,0,0.0
558,4,1,110659,32683.1875,1,1.0
559,4,1,106242,32683.1875,1,1.0
560,4,1,106242,32683.1875,1,1.0
561,4,1,110659,32683.1875,0,0.0
562,4,1,134349,32683.1875,1,1.0
563,4,1,106242,32683.1875,1,1.0
564,4,1,106242,32683.1875,0,0.0
565,4,1,106242,32683.1875,1,1.0
566,4,1,74669,32683.1875,1,1.0
567,4,1,110659,32683.1875,1,1.0
568,4,1,16467,32683.1875,0,0.0
569,4,1,74669,32683.1875,0,0.0
570,4,1,32041,32683.1875,0,0.0
571,4,1,16907,32683.1875,1,1.0
572,4,1,134349,32683.1875,1,1.0
573,4,1,16907,32683.1875,0,0.0
574,4,1,134349,32683.1875,0,0.0
575,4,1,16907,32683.1875,0,0.0
576,4,1,106242,32683.1875,1,1.0
577,4,1,74669,32683.1875,0,0.0
578,4,1,16907,32683.1875,0,0.0
579,4,1,74669,32683.1875,1,1.0
580,4,1,106242,32683.1875,1,1.0
581,4,1,110659,32683.1875,0,0.0
582,4,1,110659,32683.1875,1,1.0
583,4,1,110659,32683.1875,1,1.0
584,4,1,32041,32683.1875,0,0.0
585,4,1,248,32683.1875,0,0.0
586,4,1,16467,32683.1875,1,1.0
587,4,1,106242,32683.1875,1,1.0
588,4,1,32041,32683.1875,0,0.0
589,4,1,110659,32683.1875,0,0.0
590,4,1,16467,32683.1875,1,1.0
591,4,1,74669,32683.1875,1,1.0
592,4,1,74669,32683.1875,1,1.0
593,4,1,134349,32683.1875,1,1.0
594,4,1,106242,32683.1875,1,1.0
595,4,1,110659,32683.1875,1,1.0
596,4,1,134349,32683.1875,1,1.0
597,4,1,74669,32683.1875,0,0.0
598,4,1,74669,32683.1875,1,1.0
599,4,1,32041,32683.1875,1,1.0
600,4,1,16907,32683.1875,1,1.0
601,4,1,32041,32683.1875,1,1.0
602,4,1,32041,32683.1875,0,0.0
603,4,1,28812,32683.1875,1,1.0
604,4,1,110659,32683.1875,1,1.0
605,4,1,110659,32683.1875,0,0.0
606,4,1,134349,32683.1875,0,0.0
607,4,1,28812,32683.1875,1,1.0
608,4,1,248,32683.1875,0,0.0
609,4,1,74669,32683.1875,1,1.0
610,4,1,32041,32683.1875,1,1.0
611,4,1,74669,32683.1875,1,1.0
612,4,1,16907,32683.1875,1,1.0
613,4,1,74669,32683.1875,0,0.0
614,4,1,110659,32683.1875,1,1.0
615,4,1,32041,32683.1875,1,1.0
616,4,1,134349,32683.1875,1,1.0
617,4,1,106242,32683.1875,1,1.0
618,4,1,74669,32683.1875,0,0.0
619,4,1,16907,32683.1875,0,0.0
620,4,1,16907,32683.1875,0,0.0
621,4,1,16907,32683.1875,0,0.0
622,4,1,106242,32683.1875,1,1.0
623,4,1,134349,32683.1875,1,1.0
624,4,1,32041,32683.1875,0,0.0
625,4,1,106242,32683.1875,0,0.0
626,4,1,106242,32683.1875,1,1.0
627,4,1,164,32683.1875,0,0.0
628,4,1,106242,32683.1875,1,1.0
629,4,1,110659,32683.1875,1,1.0
630,4,1,110659,32683.1875,1,1.0
631,4,1,74669,32683.1875,0,0.0
632,4,1,16907,32683.1875,0,0.0
633,4,1,74669,32683.1875,1,1.0
634,4,1,110659,32683.1875,0,0.0
635,4,1,110659,32683.1875,1,1.0
636,4,1,16907,32683.1875,0,0.0
637,4,1,110659,32683.1875,1,1.0
638,4,1,74669,32683.1875,1,1.0
639,4,1,351,32683.1875,0,0.0
640,4,1,74669,32683.1875,1,1.0
641,4,1,106242,32683.1875,1,1.0
642,4,1,32041,32683.1875,0,0.0
643,4,1,110659,32683.1875,1,1.0
644,4,1,134349,32683.1875,1,1.0
645,4,1,16467,32683.1875,1,1.0
646,4,1,16907,32683.1875,0,0.0
647,4,1,32041,32683.1875,1,1.0
648,4,1,16467,32683.1875,0,0.0
649,4,1,155,32683.1875,0,0.0
650,4,1,110659,32683.1875,1,1.0
651,4,1,539,32683.1875,0,0.0
652,4,1,32041,32683.1875,1,1.0
653,4,1,110659,32683.1875,0,0.0
654,4,1,16907,32683.1875,1,1.0
655,4,1,74669,32683.1875,1,1.0
656,4,1,110659,32683.1875,1,1.0
657,4,1,106242,32683.1875,1,1.0
658,4,1,74669,32683.1875,1,1.0
659,4,1,134349,32683.1875,1,1.0
660,4,1,106242,32683.1875,1,1.0
661,4,1,134349,32683.1875,1,1.0
662,4,1,110659,32683.1875,0,0.0
663,4,1,134349,32683.1875,1,1.0
664,4,1,110659,32683.1875,1,1.0
665,4,1,28812,32683.1875,1,1.0
666,4,1,32041,32683.1875,1,1.0
667,4,1,32041,32683.1875,0,0.0
668,4,1,28812,32683.1875,1,1.0
669,4,1,32041,32683.1875,0,0.0
670,4,1,74669,32683.1875,1,1.0
671,4,1,106242,32683.1875,1,1.0
672,4,1,74669,32683.1875,1,1.0
673,4,1,32041,32683.1875,0,0.0
674,4,1,28812,32683.1875,0,0.0
675,4,1,134349,32683.1875,1,1.0
676,4,1,16907,32683.1875,0,0.0
677,4,1,110659,32683.1875,1,1.0
678,4,1,74669,32683.1875,1,1.0
679,4,1,110659,32683.1875,1,1.0
680,4,1,106242,32683.1875,1,1.0
681,4,1,16907,32683.1875,0,0.0
682,4,1,110659,32683.1875,0,0.0
683,4,1,110659,32683.1875,1,1.0
684,4,1,32041,32683.1875,0,0.0
685,4,1,32041,32683.1875,1,1.0
686,4,1,74669,32683.1875,1,1.0
687,4,1,248,32683.1875,0,0.0
688,4,1,106242,32683.1875,1,1.0
689,4,1,134349,32683.1875,0,0.0
690,4,1,106242,32683.1875,1,1.0
691,4,1,110659,32683.1875,1,1.0
692,4,1,74669,32683.1875,1,1.0
693,4,1,32041,32683.1875,0,0.0
694,4,1,74669,32683.1875,1,1.0
695,4,1,16467,32683.1875,0,0.0
696,4,1,110659,32683.1875,1,1.0
697,4,1,539,32683.1875,0,0.0
698,4,1,16907,32683.1875,0,0.0
699,4,1,110659,32683.1875,1,1.0
700,4,1,16907,32683.1875,1,1.0
701,4,1,32041,32683.1875,1,1.0
702,4,1,110659,32683.1875,0,0.0
703,4,1,16467,32683.1875,0,0.0
704,4,1,308,32683.1875,0,0.0
705,4,1,110659,32683.1875,0,0.0
706,4,1,106242,32683.1875,0,0.0
707,4,1,155,32683.1875,0,0.0
708,4,1,110659,32683.1875,1,1.0
709,4,1,32041,32683.1875,0,0.0
710,4,1,134349,32683.1875,0,0.0
711,4,1,134349,32683.1875,1,1.0
712,4,1,74669,32683.1875,1,1.0
713,4,1,16907,32683.1875,0,0.0
714,4,1,32041,32683.1875,0,0.0
715,4,1,110659,32683.1875,0,0.0
716,4,1,110659,32683.1875,0,0.0
717,4,1,28812,32683.1875,0,0.0
718,4,1,106242,32683.1875,1,1.0
719,4,1,134349,32683.1875,1,1.0
720,4,1,106242,32683.1875,1,1.0
721,4,1,74669,32683.1875,1,1.0
722,4,1,28812,32683.1875,0,0.0
723,4,1,110659,32683.1875,1,1.0
724,4,1,110659,32683.1875,0,0.0
725,4,1,106242,32683.1875,1,1.0
726,4,1,110659,32683.1875,0,0.0
727,4,1,32041,32683.1875,0,0.0
728,4,1,74669,32683.1875,1,1.0
729,4,1,110659,32683.1875,1,1.0
730,4,1,110659,32683.1875,1,1.0
731,4,1,134349,32683.1875,1,1.0
732,4,1,110659,32683.1875,0,0.0
733,4,1,110659,32683.1875,1,1.0
734,4,1,539,32683.1875,0,0.0
735,4,1,110659,32683.1875,1,1.0
736,4,1,74669,32683.1875,0,0.0
737,4,1,16907,32683.1875,1,1.0
738,4,1,134349,32683.1875,1,1.0
739,4,1,74669,32683.1875,0,0.0
740,4,1,28812,32683.1875,0,0.0
741,4,1,74669,32683.1875,1,1.0
742,4,1,310,32683.1875,0,0.0
743,4,1,74669,32683.1875,1,1.0
744,4,1,74669,32683.1875,1,1.0
745,4,1,110659,32683.1875,1,1.0
746,4,1,134349,32683.1875,1,1.0
747,4,1,110659,32683.1875,1,1.0
748,4,1,155,32683.1875,0,0.0
749,4,1,134349,32683.1875,1,1.0
750,4,1,16907,32683.1875,0,0.0
751,4,1,106242,32683.1875,1,1.0
752,4,1,106242,32683.1875,1,1.0
753,4,1,32041,32683.1875,0,0.0
754,4,1,106242,32683.1875,1,1.0
755,4,1,106242,32683.1875,1,1.0
756,4,1,74669,32683.1875,0,0.0
757,4,1,134349,32683.1875,1,1.0
758,4,1,16467,32683.1875,0,0.0
759,4,1,351,32683.1875,0,0.0
760,4,1,134349,32683.1875,0,0.0
761,4,1,74669,32683.1875,1,1.0
762,4,1,16907,32683.1875,0,0.0
763,4,1,16907,32683.1875,0,0.0
764,4,1,106242,32683.1875,0,0.0
765,4,1,110659,32683.1875,1,1.0
766,4,1,74669,32683.1875,0,0.0
767,4,1,32041,32683.1875,0,0.0
768,4,1,74669,32683.1875,0,0.0
769,4,1,16907,32683.1875,0,0.0
770,4,1,32041,32683.1875,0,0.0
771,4,1,74669,32683.1875,1,1.0
772,4,1,32041,32683.1875,0,0.0
773,4,1,32041,32683.1875,1,1.0
774,4,1,32041,32683.1875,1,1.0
775,4,1,134349,32683.1875,1,1.0
776,4,1,110659,32683.1875,1,1.0
777,4,1,32041,32683.1875,0,0.0
778,4,1,106242,32683.1875,0,0.0
779,4,1,16467,32683.1875,0,0.0
780,4,1,110659,32683.1875,0,0.0
781,4,1,74669,32683.1875,0,0.0
782,4,1,110659,32683.1875,1,1.0
783,4,1,110659,32683.1875,0,0.0
784,4,1,74669,32683.1875,0,0.0
785,4,1,110659,32683.1875,0,0.0
786,4,1,106242,32683.1875,0,0.0
787,4,1,28812,32683.1875,0,0.0
788,4,1,110659,32683.1875,1,1.0
789,4,1,16467,32683.1875,0,0.0
790,4,1,74669,32683.1875,1,1.0
791,4,1,16467,32683.1875,0,0.0
792,4,1,110659,32683.1875,1,1.0
793,4,1,134349,32683.1875,1,1.0
794,4,1,32041,32683.1875,1,1.0
795,4,1,16907,32683.1875,0,0.0
796,4,1,32041,32683.1875,0,0.0
797,4,1,134349,32683.1875,1,1.0
798,4,1,74669,32683.1875,1,1.0
799,4,1,32041,32683.1875,0,0.0
800,4,1,74669,32683.1875,0,0.0
801,4,1,134349,32683.1875,1,1.0
802,4,1,32041,32683.1875,1,1.0
803,4,1,74669,32683.1875,1,1.0
804,4,1,74669,32683.1875,1,1.0
805,4,1,106242,32683.1875,1,1.0
806,4,1,16907,32683.1875,0,0.0
807,4,1,28812,32683.1875,0,0.0
808,4,1,106242,32683.1875,1,1.0
809,4,1,110659,32683.1875,1,1.0
810,4,1,28812,32683.1875,1,1.0
811,4,1,134349,32683.1875,1,1.0
812,4,1,110659,32683.1875,1,1.0
813,4,1,110659,32683.1875,1,1.0
814,4,1,74669,32683.1875,0,0.0
815,4,1,106242,32683.1875,1,1.0
816,4,1,134349,32683.1875,1,1.0
817,4,1,74669,32683.1875,0,0.0
818,4,1,106242,32683.1875,1,1.0
819,4,1,134349,32683.1875,1,1.0
820,4,1,16907,32683.1875,0,0.0
821,4,1,106242,32683.1875,0,0.0
822,4,1,710,32683.1875,0,0.0
823,4,1,74669,32683.1875,1,1.0
824,4,1,28812,32683.1875,0,0.0
825,4,1,16907,32683.1875,1,1.0
826,4,1,32041,32683.1875,0,0.0
827,4,1,32041,32683.1875,0,0.0
828,4,1,74669,32683.1875,1,1.0
829,4,1,32041,32683.1875,0,0.0
830,4,1,106242,32683.1875,1,1.0
831,4,1,110659,32683.1875,0,0.0
832,4,1,310,32683.1875,0,0.0
833,4,1,134349,32683.1875,1,1.0
834,4,1,134349,32683.1875,0,0.0
835,4,1,32041,32683.1875,0,0.0
836,4,1,16907,32683.1875,0,0.0
837,4,1,106242,32683.1875,0,0.0
838,4,1,32041,32683.1875,1,1.0
839,4,1,106242,32683.1875,1,1.0
840,4,1,351,32683.1875,0,0.0
841,4,1,32041,32683.1875,0,0.0
842,4,1,16467,32683.1875,0,0.0
843,4,1,32041,32683.1875,0,0.0
844,4,1,106242,32683.1875,1,1.0
845,4,1,32041,32683.1875,1,1.0
846,4,1,74669,32683.1875,1,1.0
847,4,1,74669,32683.1875,1,1.0
848,4,1,16907,32683.1875,1,1.0
849,4,1,110659,32683.1875,0,0.0
850,4,1,110659,32683.1875,1,1.0
851,4,1,74669,32683.1875,0,0.0
852,4,1,110659,32683.1875,1,1.0
853,4,1,110659,32683.1875,0,0.0
854,4,1,74669,32683.1875,1,1.0
855,4,1,32041,32683.1875,1,1.0
856,4,1,106242,32683.1875,1,1.0
857,4,1,28812,32683.1875,0,0.0
858,4,1,74669,32683.1875,1,1.0
859,4,1,74669,32683.1875,0,0.0
860,4,1,110659,32683.1875,1,1.0
861,4,1,106242,32683.1875,0,0.0
862,4,1,110659,32683.1875,1,1.0
863,4,1,110659,32683.1875,1,1.0
864,4,1,16907,32683.1875,0,0.0
865,4,1,16907,32683.1875,1,1.0
866,4,1,32041,32683.1875,0,0.0
867,4,1,110659,32683.1875,1,1.0
868,4,1,308,32683.1875,0,0.0
869,4,1,710,32683.1875,1,1.0
870,4,1,74669,32683.1875,1,1.0
871,4,1,106242,32683.1875,1,1.0
872,4,1,32041,32683.1875,1,1.0
873,4,1,106242,32683.1875,1,1.0
874,4,1,110659,32683.1875,1,1.0
875,4,1,110659,32683.1875,1,1.0
876,4,1,134349,32683.1875,1,1.0
877,4,1,106242,32683.1875,1,1.0
878,4,1,351,32683.1875,0,0.0
879,4,1,16907,32683.1875,1,1.0
880,4,1,32041,32683.1875,0,0.0
881,4,1,28812,32683.1875,0,0.0
882,4,1,134349,32683.1875,1,1.0
883,4,1,74669,32683.1875,1,1.0
884,4,1,16907,32683.1875,0,0.0
885,4,1,134349,32683.1875,1,1.0
886,4,1,134349,32683.1875,0,0.0
887,4,1,16907,32683.1875,0,0.0
888,4,1,351,32683.1875,0,0.0
889,4,1,110659,32683.1875,1,1.0
890,4,1,32041,32683.1875,0,0.0
891,4,1,106242,32683.1875,0,0.0
892,4,1,74669,32683.1875,1,1.0
893,4,1,106242,32683.1875,0,0.0
894,4,1,106242,32683.1875,1,1.0
895,4,1,134349,32683.1875,1,1.0
896,4,1,110659,32683.1875,1,1.0
897,4,1,134349,32683.1875,1,1.0
898,4,1,32041,32683.1875,0,0.0
899,4,1,32041,32683.1875,1,1.0
900,4,1,351,32683.1875,0,0.0
901,4,1,134349,32683.1875,1,1.0
902,4,1,248,32683.1875,0,0.0
903,4,1,110659,32683.1875,1,1.0
904,4,1,16907,32683.1875,0,0.0
905,4,1,106242,32683.1875,0,0.0
906,4,1,32041,32683.1875,0,0.0
907,4,1,16467,32683.1875,1,1.0
908,4,1,110659,32683.1875,1,1.0
909,4,1,74669,32683.1875,1,1.0
910,4,1,110659,32683.1875,1,1.0
911,4,1,134349,32683.1875,1,1.0
912,4,1,106242,32683.1875,0,0.0
913,4,1,16907,32683.1875,1,1.0
914,4,1,106242,32683.1875,0,0.0
915,4,1,74669,32683.1875,1,1.0
916,4,1,134349,32683.1875,1,1.0
917,4,1,134349,32683.1875,1,1.0
918,4,1,28812,32683.1875,1,1.0
919,4,1,74669,32683.1875,0,0.0
920,4,1,110659,32683.1875,0,0.0
921,4,1,106242,32683.1875,0,0.0
922,4,1,110659,32683.1875,1,1.0
923,4,1,110659,32683.1875,0,0.0
924,4,1,110659,32683.1875,1,1.0
925,4,1,32041,32683.1875,1,1.0
926,4,1,110659,32683.1875,1,1.0
927,4,1,106242,32683.1875,1,1.0
928,4,1,106242,32683.1875,1,1.0
929,4,1,110659,32683.1875,1,1.0
930,4,1,134349,32683.1875,1,1.0
931,4,1,74669,32683.1875,1,1.0
932,4,1,74669,32683.1875,0,0.0
933,4,1,134349,32683.1875,1,1.0
934,4,1,74669,32683.1875,1,1.0
935,4,1,110659,32683.1875,1,1.0
936,4,1,16467,32683.1875,1,1.0
937,4,1,134349,32683.1875,1,1.0
938,4,1,110659,32683.1875,0,0.0
939,4,1,110659,32683.1875,1,1.0
940,4,1,110659,32683.1875,1,1.0
941,4,1,74669,32683.1875,1,1.0
942,4,1,32041,32683.1875,1,1.0
943,4,1,16907,32683.1875,1,1.0
944,4,1,32041,32683.1875,0,0.0
945,4,1,16907,32683.1875,0,0.0
946,4,1,110659,32683.1875,1,1.0
947,4,1,134349,32683.1875,1,1.0
948,4,1,74669,32683.1875,0,0.0
949,4,1,110659,32683.1875,1,1.0
950,4,1,74669,32683.1875,1,1.0
951,4,1,110659,32683.1875,0,0.0
952,4,1,110659,32683.1875,1,1.0
953,4,1,106242,32683.1875,0,0.0
954,4,1,28812,32683.1875,0,0.0
955,4,1,106242,32683.1875,1,1.0
956,4,1,110659,32683.1875,1,1.0
957,4,1,32041,32683.1875,0,0.0
958,4,1,110659,32683.1875,1,1.0
959,4,1,74669,32683.1875,1,1.0
960,4,1,28812,32683.1875,0,0.0
961,4,1,110659,32683.1875,1,1.0
962,4,1,74669,32683.1875,0,0.0
963,4,1,134349,32683.1875,1,1.0
964,4,1,106242,32683.1875,1,1.0
965,4,1,74669,32683.1875,0,0.0
966,4,1,74669,32683.1875,1,1.0
967,4,1,16907,32683.1875,1,1.0
968,4,1,74669,32683.1875,0,0.0
969,4,1,32041,32683.1875,1,1.0
970,4,1,16907,32683.1875,0,0.0
971,4,1,28812,32683.1875,0,0.0
972,4,1,110659,32683.1875,1,1.0
973,4,1,74669,32683.1875,0,0.0
974,4,1,74669,32683.1875,1,1.0
975,4,1,134349,32683.1875,1,1.0
976,4,1,16467,32683.1875,0,0.0
977,4,1,134349,32683.1875,1,1.0
978,4,1,74669,32683.1875,0,0.0
979,4,1,110659,32683.1875,1,1.0
980,4,1,16907,32683.1875,1,1.0
981,4,1,134349,32683.1875,1,1.0
982,4,1,110659,32683.1875,1,1.0
983,4,1,351,32683.1875,0,0.0
984,4,1,110659,32683.1875,1,1.0
985,4,1,32041,32683.1875,0,0.0
986,4,1,134349,32683.1875,1,1.0
987,4,1,28812,32683.1875,0,0.0
988,4,1,16907,32683.1875,1,1.0
989,4,1,16467,32683.1875,1,1.0
990,4,1,110659,32683.1875,1,1.0
991,4,1,32041,32683.1875,1,1.0
992,4,1,134349,32683.1875,1,1.0
993,4,1,16907,32683.1875,1,1.0
994,4,1,110659,32683.1875,1,1.0
995,4,1,106242,32683.1875,0,0.0
996,4,1,106242,32683.1875,1,1.0
997,4,1,16907,32683.1875,0,0.0
998,4,1,16907,32683.1875,0,0.0
999,4,1,110659,32683.1875,1,1.0
0,4,10,32041,32683.1875,1,0.1
1,4,10,74669,32683.1875,1,0.1
2,4,10,110659,32683.1875,2,0.2
3,4,10,74669,32683.1875,10,1.0
4,4,10,310,32683.1875,0,0.0
5,4,10,16907,32683.1875,3,0.3
6,4,10,16907,32683.1875,2,0.2
7,4,10,74669,32683.1875,5,0.5
8,4,10,74669,32683.1875,10,1.0
9,4,10,106242,32683.1875,10,1.0
10,4,10,110659,32683.1875,3,0.3
11,4,10,28812,32683.1875,4,0.4
12,4,10,16907,32683.1875,0,0.0
13,4,10,32041,32683.1875,1,0.1
14,4,10,74669,32683.1875,4,0.4
15,4,10,74669,32683.1875,9,0.9
16,4,10,110659,32683.1875,3,0.3
17,4,10,110659,32683.1875,10,1.0
18,4,10,74669,32683.1875,6,0.6
19,4,10,110659,32683.1875,9,0.9
20,4,10,248,32683.1875,0,0.0
21,4,10,110659,32683.1875,5,0.5
22,4,10,16467,32683.1875,1,0.1
23,4,10,110659,32683.1875,10,1.0
24,4,10,32041,32683.1875,4,0.4
25,4,10,16907,32683.1875,5,0.5
26,4,10,74669,32683.1875,10,1.0
27,4,10,16907,32683.1875,0,0.0
28,4,10,110659,32683.1875,7,0.7
29,4,10,32041,32683.1875,3,0.3
30,4,10,16907,32683.1875,9,0.9
31,4,10,16907,32683.1875,7,0.7
32,4,10,351,32683.1875,0,0.0
33,4,10,16907,32683.1875,0,0.0
34,4,10,110659,32683.1875,9,0.9
35,4,10,134349,32683.1875,7,0.7
36,4,10,32041,32683.1875,0,0.0
37,4,10,32041,32683.1875,9,0.9
38,4,10,74669,32683.1875,7,0.7
39,4,10,106242,32683.1875,10,1.0
40,4,10,110659,32683.1875,4,0.4
41,4,10,16907,32683.1875,8,0.8
42,4,10,134349,32683.1875,3,0.3
43,4,10,164,32683.1875,1,0.1
44,4,10,110659,32683.1875,10,1.0
45,4,10,74669,32683.1875,2,0.2
46,4,10,110659,32683.1875,0,0.0
47,4,10,16467,32683.1875,7,0.7
48,4,10,32041,32683.1875,5,0.5
49,4,10,16907,32683.1875,2,0.2
50,4,10,110659,32683.1875,4,0.4
51,4,10,32041,32683.1875,3,0.3
52,4,10,134349,32683.1875,7,0.7
53,4,10,110659,32683.1875,2,0.2
54,4,10,32041,32683.1875,4,0.4
55,4,10,134349,32683.1875,7,0.7
56,4,10,16907,32683.1875,7,0.7
57,4,10,110659,32683.1875,10,1.0
58,4,10,16907,32683.1875,0,0.0
59,4,10,110659,32683.1875,8,0.8
60,4,10,106242,32683.1875,6,0.6
61,4,10,110659,32683.1875,5,0.5
62,4,10,110659,32683.1875,1,0.1
63,4,10,134349,32683.1875,6,0.6
64,4,10,110659,32683.1875,4,0.4
65,4,10,16907,32683.1875,0,0.0
66,4,10,106242,32683.1875,7,0.7
67,4,10,134349,32683.1875,5,0.5
68,4,10,32041,32683.1875,4,0.4
69,4,10,134349,32683.1875,7,0.7
70,4,10,74669,32683.1875,1,0.1
71,4,10,74669,32683.1875,0,0.0
72,4,10,539,32683.1875,0,0.0
73,4,10,106242,32683.1875,8,0.8
74,4,10,32041,32683.1875,1,0.1
75,4,10,74669,32683.1875,8,0.8
76,4,10,134349,32683.1875,8,0.8
77,4,10,74669,32683.1875,10,1.0
78,4,10,74669,32683.1875,7,0.7
79,4,10,74669,32683.1875,0,0.0
80,4,10,106242,32683.1875,3,0.3
81,4,10,110659,32683.1875,3,0.3
82,4,10,110659,32683.1875,1,0.1
83,4,10,28812,32683.1875,0,0.0
84,4,10,110659,32683.1875,3,0.3
85,4,10,134349,32683.1875,10,1.0
86,4,10,134349,32683.1875,9,0.9
87,4,10,32041,32683.1875,1,0.1
88,4,10,32041,32683.1875,1,0.1
89,4,10,74669,32683.1875,4,0.4
90,4,10,110659,32683.1875,9,0.9
91,4,10,28812,32683.1875,3,0.3
92,4,10,74669,32683.1875,3,0.3
93,4,10,134349,32683.1875,7,0.7
94,4,10,134349,32683.1875,8,0.8
95,4,10,106242,32683.1875,7,0.7
96,4,10,74669,32683.1875,9,0.9
97,4,10,32041,32683.1875,8,0.8
98,4,10,32041,32683.1875,0,0.0
99,4,10,710,32683.1875,0,0.0
100,4,10,110659,32683.1875,8,0.8
101,4,10,74669,32683.1875,6,0.6
102,4,10,74669,32683.1875,6,0.6
103,4,10,16907,32683.1875,1,0.1
104,4,10,28812,32683.1875,1,0.1
105,4,10,110659,32683.1875,10,1.0
106,4,10,110659,32683.1875,3,0.3
107,4,10,106242,32683.1875,10,1.0
108,4,10,32041,32683.1875,0,0.0
109,4,10,74669,32683.1875,10,1.0
110,4,10,16907,32683.1875,1,0.1
111,4,10,74669,32683.1875,9,0.9
112,4,10,74669,32683.1875,2,0.2
113,4,10,110659,32683.1875,8,0.8
114,4,10,16907,32683.1875,2,0.2
115,4,10,74669,32683.1875,3,0.3
116,4,10,16467,32683.1875,9,0.9
117,4,10,106242,32683.1875,5,0.5
118,4,10,74669,32683.1875,5,0.5
119,4,10,106242,32683.1875,9,0.9
120,4,10,106242,32683.1875,4,0.4
121,4,10,308,32683.1875,1,0.1
122,4,10,110659,32683.1875,3,0.3
123,4,10,134349,32683.1875,7,0.7
124,4,10,308,32683.1875,0,0.0
125,4,10,74669,32683.1875,0,0.0
126,4,10,134349,32683.1875,6,0.6
127,4,10,16907,32683.1875,6,0.6
128,4,10,74669,32683.1875,6,0.6
129,4,10,74669,32683.1875,4,0.4
130,4,10,32041,32683.1875,8,0.8
131,4,10,134349,32683.1875,6,0.6
132,4,10,16467,32683.1875,0,0.0
133,4,10,16467,32683.1875,3,0.3
134,4,10,110659,32683.1875,1,0.1
135,4,10,74669,32683.1875,1,0.1
136,4,10,110659,32683.1875,4,0.4
137,4,10,74669,32683.1875,0,0.0
138,4,10,74669,32683.1875,5,0.5
139,4,10,32041,32683.1875,1,0.1
140,4,10,155,32683.1875,0,0.0
141,4,10,16907,32683.1875,0,0.0
142,4,10,28812,32683.1875,7,0.7
143,4,10,74669,32683.1875,9,0.9
144,4,10,106242,32683.1875,3,0.3
145,4,10,134349,32683.1875,9,0.9
146,4,10,110659,32683.1875,5,0.5
147,4,10,110659,32683.1875,5,0.5
148,4,10,74669,32683.1875,0,0.0
149,4,10,32041,32683.1875,7,0.7
150,4,10,32041,32683.1875,8,0.8
151,4,10,106242,32683.1875,8,0.8
152,4,10,74669,32683.1875,7,0.7
153,4,10,110659,32683.1875,4,0.4
154,4,10,110659,32683.1875,5,0.5
155,4,10,16907,32683.1875,0,0.0
156,4,10,134349,32683.1875,6,0.6
157,4,10,16907,32683.1875,4,0.4
158,4,10,32041,32683.1875,4,0.4
159,4,10,28812,32683.1875,2,0.2
160,4,10,134349,32683.1875,4,0.4
161,4,10,110659,32683.1875,9,0.9
162,4,10,106242,32683.1875,9,0.9
163,4,10,110659,32683.1875,0,0.0
164,4,10,32041,32683.1875,2,0.2
165,4,10,32041,32683.1875,3,0.3
166,4,10,74669,32683.1875,9,0.9
167,4,10,74669,32683.1875,5,0.5
168,4,10,32041,32683.1875,5,0.5
169,4,10,106242,32683.1875,2,0.2
170,4,10,710,32683.1875,3,0.3
171,4,10,110659,32683.1875,4,0.4
172,4,10,74669,32683.1875,3,0.3
173,4,10,74669,32683.1875,2,0.2
174,4,10,134349,32683.1875,2,0.2
175,4,10,110659,32683.1875,5,0.5
176,4,10,110659,32683.1875,1,0.1
177,4,10,74669,32683.1875,2,0.2
178,4,10,32041,32683.1875,9,0.9
179,4,10,32041,32683.1875,1,0.1
180,4,10,134349,32683.1875,9,0.9
181,4,10,106242,32683.1875,7,0.7
182,4,10,110659,32683.1875,5,0.5
183,4,10,16907,32683.1875,3,0.3
184,4,10,74669,32683.1875,2,0.2
185,4,10,110659,32683.1875,8,0.8
186,4,10,32041,32683.1875,0,0.0
187,4,10,106242,32683.1875,4,0.4
188,4,10,134349,32683.1875,5,0.5
189,4,10,106242,32683.1875,8,0.8
190,4,10,32041,32683.1875,7,0.7
191,4,10,74669,32683.1875,1,0.1
192,4,10,110659,32683.1875,1,0.1
193,4,10,32041,32683.1875,0,0.0
194,4,10,110659,32683.1875,8,0.8
195,4,10,134349,32683.1875,10,1.0
196,4,10,32041,32683.1875,4,0.4
197,4,10,16907,32683.1875,0,0.0
198,4,10,106242,32683.1875,10,1.0
199,4,10,16907,32683.1875,1,0.1
200,4,10,110659,32683.1875,1,0.1
201,4,10,28812,32683.1875,7,0.7
202,4,10,110659,32683.1875,2,0.2
203,4,10,106242,32683.1875,1,0.1
204,4,10,155,32683.1875,0,0.0
205,4,10,134349,32683.1875,7,0.7
206,4,10,16907,32683.1875,1,0.1
207,4,10,74669,32683.1875,3,0.3
208,4,10,110659,32683.1875,8,0.8
209,4,10,110659,32683.1875,1,0.1
210,4,10,134349,32683.1875,7,0.7
211,4,10,110659,32683.1875,8,0.8
212,4,10,308,32683.1875,0,0.0
213,4,10,134349,32683.1875,10,1.0
214,4,10,32041,32683.1875,8,0.8
215,4,10,134349,32683.1875,7,0.7
216,4,10,110659,32683.1875,4,0.4
217,4,10,110659,32683.1875,4,0.4
218,4,10,16907,32683.1875,10,1.0
219,4,10,110659,32683.1875,1,0.1
220,4,10,32041,32683.1875,3,0.3
221,4,10,110659,32683.1875,8,0.8
222,4,10,134349,32683.1875,10,1.0
223,4,10,134349,32683.1875,10,1.0
224,4,10,134349,32683.1875,8,0.8
225,4,10,106242,32683.1875,3,0.3
226,4,10,110659,32683.1875,6,0.6
227,4,10,74669,32683.1875,5,0.5
228,4,10,32041,32683.1875,2,0.2
229,4,10,110659,32683.1875,5,0.5
230,4,10,74669,32683.1875,2,0.2
231,4,10,16467,32683.1875,1,0.1
232,4,10,110659,32683.1875,5,0.5
233,4,10,74669,32683.1875,7,0.7
234,4,10,16907,32683.1875,2,0.2
235,4,10,134349,32683.1875,6,0.6
236,4,10,110659,32683.1875,10,1.0
237,4,10,16467,32683.1875,0,0.0
238,4,10,32041,32683.1875,4,0.4
239,4,10,106242,32683.1875,4,0.4
240,4,10,110659,32683.1875,6,0.6
241,4,10,74669,32683.1875,9,0.9
242,4,10,539,32683.1875,0,0.0
243,4,10,32041,32683.1875,6,0.6
244,4,10,32041,32683.1875,0,0.0
245,4,10,74669,32683.1875,3,0.3
246,4,10,74669,32683.1875,3,0.3
247,4,10,110659,32683.1875,9,0.9
248,4,10,110659,32683.1875,8,0.8
249,4,10,110659,32683.1875,0,0.0
250,4,10,134349,32683.1875,10,1.0
251,4,10,16907,32683.1875,0,0.0
252,4,10,110659,32683.1875,6,0.6
253,4,10,110659,32683.1875,1,0.1
254,4,10,134349,32683.1875,10,1.0
255,4,10,134349,32683.1875,8,0.8
256,4,10,32041,32683.1875,1,0.1
257,4,10,28812,32683.1875,2,0.2
258,4,10,106242,32683.1875,8,0.8
259,4,10,74669,32683.1875,6,0.6
260,4,10,134349,32683.1875,4,0.4
261,4,10,16467,32683.1875,0,0.0
262,4,10,106242,32683.1875,10,1.0
263,4,10,106242,32683.1875,0,0.0
264,4,10,134349,32683.1875,6,0.6
265,4,10,32041,32683.1875,2,0.2
266,4,10,106242,32683.1875,3,0.3
267,4,10,32041,32683.1875,0,0.0
268,4,10,16467,32683.1875,1,0.1
269,4,10,110659,32683.1875,9,0.9
270,4,10,106242,32683.1875,5,0.5
271,4,10,74669,32683.1875,3,0.3
272,4,10,16907,32683.1875,6,0.6
273,4,10,134349,32683.1875,3,0.3
274,4,10,16907,32683.1875,9,0.9
275,4,10,110659,32683.1875,9,0.9
276,4,10,106242,32683.1875,8,0.8
277,4,10,106242,32683.1875,9,0.9
278,4,10,134349,32683.1875,9,0.9
279,4,10,32041,32683.1875,1,0.1
280,4,10,110659,32683.1875,5,0.5
281,4,10,106242,32683.1875,3,0.3
282,4,10,134349,32683.1875,7,0.7
283,4,10,110659,32683.1875,7,0.7
284,4,10,32041,32683.1875,4,0.4
285,4,10,74669,32683.1875,7,0.7
286,4,10,106242,32683.1875,5,0.5
287,4,10,74669,32683.1875,9,0.9
288,4,10,106242,32683.1875,7,0.7
289,4,10,16907,32683.1875,2,0.2
290,4,10,106242,32683.1875,5,0.5
291,4,10,16907,32683.1875,7,0.7
292,4,10,106242,32683.1875,4,0.4
293,4,10,32041,32683.1875,2,0.2
294,4,10,16907,32683.1875,5,0.5
295,4,10,106242,32683.1875,10,1.0
296,4,10,106242,32683.1875,5,0.5
297,4,10,16907,32683.1875,2,0.2
298,4,10,32041,32683.1875,3,0.3
299,4,10,110659,32683.1875,6,0.6
300,4,10,710,32683.1875,0,0.0
301,4,10,110659,32683.1875,8,0.8
302,4,10,110659,32683.1875,4,0.4
303,4,10,351,32683.1875,0,0.0
304,4,10,28812,32683.1875,6,0.6
305,4,10,106242,32683.1875,6,0.6
306,4,10,32041,32683.1875,1,0.1
307,4,10,28812,32683.1875,4,0.4
308,4,10,74669,32683.1875,10,1.0
309,4,10,134349,32683.1875,10,1.0
310,4,10,106242,32683.1875,0,0.0
311,4,10,16907,32683.1875,0,0.0
312,4,10,16907,32683.1875,3,0.3
313,4,10,28812,32683.1875,1,0.1
314,4,10,32041,32683.1875,1,0.1
315,4,10,106242,32683.1875,9,0.9
316,4,10,16467,32683.1875,2,0.2
317,4,10,16907,32683.1875,3,0.3
318,4,10,351,32683.1875,2,0.2
319,4,10,16907,32683.1875,0,0.0
320,4,10,16907,32683.1875,1,0.1
321,4,10,28812,32683.1875,2,0.2
322,4,10,134349,32683.1875,10,1.0
323,4,10,134349,32683.1875,9,0.9
324,4,10,32041,32683.1875,0,0.0
325,4,10,106242,32683.1875,2,0.2
326,4,10,74669,32683.1875,5,0.5
327,4,10,16907,32683.1875,0,0.0
328,4,10,110659,32683.1875,6,0.6
329,4,10,106242,32683.1875,2,0.2
330,4,10,134349,32683.1875,9,0.9
331,4,10,710,32683.1875,0,0.0
332,4,10,32041,32683.1875,4,0.4
333,4,10,74669,32683.1875,4,0.4
334,4,10,32041,32683.1875,2,0.2
335,4,10,32041,32683.1875,1,0.1
336,4,10,74669,32683.1875,1,0.1
337,4,10,16907,32683.1875,2,0.2
338,4,10,134349,32683.1875,5,0.5
339,4,10,106242,32683.1875,3,0.3
340,4,10,134349,32683.1875,4,0.4
341,4,10,74669,32683.1875,8,0.8
342,4,10,134349,32683.1875,10,1.0
343,4,10,110659,32683.1875,4,0.4
344,4,10,74669,32683.1875,6,0.6
345,4,10,134349,32683.1875,6,0.6
346,4,10,351,32683.1875,0,0.0
347,4,10,32041,32683.1875,10,1.0
348,4,10,28812,32683.1875,10,1.0
349,4,10,351,32683.1875,2,0.2
350,4,10,32041,32683.1875,7,0.7
351,4,10,32041,32683.1875,8,0.8
352,4,10,32041,32683.1875,0,0.0
353,4,10,74669,32683.1875,9,0.9
354,4,10,32041,32683.1875,5,0.5
355,4,10,134349,32683.1875,10,1.0
356,4,10,16467,32683.1875,0,0.0
357,4,10,134349,32683.1875,5,0.5
358,4,10,106242,32683.1875,4,0.4
359,4,10,110659,32683.1875,10,1.0
360,4,10,308,32683.1875,0,0.0
361,4,10,16907,32683.1875,0,0.0
362,4,10,16467,32683.1875,3,0.3
363,4,10,710,32683.1875,0,0.0
364,4,10,16907,32683.1875,1,0.1
365,4,10,16907,32683.1875,0,0.0
366,4,10,28812,32683.1875,0,0.0
367,4,10,74669,32683.1875,0,0.0
368,4,10,16907,32683.1875,3,0.3
369,4,10,155,32683.1875,0,0.0
370,4,10,110659,32683.1875,6,0.6
371,4,10,106242,32683.1875,8,0.8
372,4,10,110659,32683.1875,9,0.9
373,4,10,106242,32683.1875,9,0.9
374,4,10,74669,32683.1875,7,0.7
375,4,10,16907,32683.1875,4,0.4
376,4,10,74669,32683.1875,9,0.9
377,4,10,134349,32683.1875,8,0.8
378,4,10,32041,32683.1875,0,0.0
379,4,10,110659,32683.1875,8,0.8
380,4,10,134349,32683.1875,1,0.1
381,4,10,110659,32683.1875,6,0.6
382,4,10,74669,32683.1875,7,0.7
383,4,10,110659,32683.1875,7,0.7
384,4,10,134349,32683.1875,0,0.0
385,4,10,134349,32683.1875,3,0.3
386,4,10,32041,32683.1875,7,0.7
387,4,10,74669,32683.1875,9,0.9
388,4,10,134349,32683.1875,6,0.6
389,4,10,74669,32683.1875,5,0.5
390,4,10,110659,32683.1875,8,0.8
391,4,10,74669,32683.1875,6,0.6
392,4,10,32041,32683.1875,3,0.3
393,4,10,710,32683.1875,0,0.0
394,4,10,74669,32683.1875,6,0.6
395,4,10,106242,32683.1875,10,1.0
396,4,10,32041,32683.1875,2,0.2
397,4,10,32041,32683.1875,0,0.0
398,4,10,308,32683.1875,0,0.0
399,4,10,32041,32683.1875,1,0.1
400,4,10,74669,32683.1875,8,0.8
401,4,10,134349,32683.1875,8,0.8
402,4,10,106242,32683.1875,10,1.0
403,4,10,106242,32683.1875,2,0.2
404,4,10,16907,32683.1875,0,0.0
405,4,10,16467,32683.1875,3,0.3
406,4,10,134349,32683.1875,9,0.9
407,4,10,74669,32683.1875,4,0.4
408,4,10,16907,32683.1875,1,0.1
409,4,10,74669,32683.1875,10,1.0
410,4,10,106242,32683.1875,9,0.9
411,4,10,32041,32683.1875,1,0.1
412,4,10,28812,32683.1875,3,0.3
413,4,10,32041,32683.1875,0,0.0
414,4,10,74669,32683.1875,3,0.3
415,4,10,106242,32683.1875,2,0.2
416,4,10,16907,32683.1875,6,0.6
417,4,10,74669,32683.1875,8,0.8
418,4,10,351,32683.1875,0,0.0
419,4,10,106242,32683.1875,5,0.5
420,4,10,32041,32683.1875,0,0.0
421,4,10,134349,32683.1875,6,0.6
422,4,10,106242,32683.1875,3,0.3
423,4,10,106242,32683.1875,6,0.6
424,4,10,32041,32683.1875,2,0.2
425,4,10,74669,32683.1875,2,0.2
426,4,10,110659,32683.1875,9,0.9
427,4,10,134349,32683.1875,2,0.2
428,4,10,74669,32683.1875,4,0.4
429,4,10,110659,32683.1875,4,0.4
430,4,10,110659,32683.1875,9,0.9
431,4,10,134349,32683.1875,10,1.0
432,4,10,110659,32683.1875,4,0.4
433,4,10,74669,32683.1875,5,0.5
434,4,10,32041,32683.1875,0,0.0
435,4,10,32041,32683.1875,1,0.1
436,4,10,32041,32683.1875,0,0.0
437,4,10,74669,32683.1875,10,1.0
438,4,10,134349,32683.1875,9,0.9
439,4,10,110659,32683.1875,2,0.2
440,4,10,74669,32683.1875,3,0.3
441,4,10,134349,32683.1875,8,0.8
442,4,10,74669,32683.1875,2,0.2
443,4,10,106242,32683.1875,5,0.5
444,4,10,74669,32683.1875,8,0.8
445,4,10,110659,32683.1875,7,0.7
446,4,10,28812,32683.1875,4,0.4
447,4,10,74669,32683.1875,1,0.1
448,4,10,110659,32683.1875,1,0.1
449,4,10,16907,32683.1875,1,0.1
450,4,10,134349,32683.1875,4,0.4
451,4,10,28812,32683.1875,7,0.7
452,4,10,16907,32683.1875,1,0.1
453,4,10,74669,32683.1875,9,0.9
454,4,10,16907,32683.1875,6,0.6
455,4,10,110659,32683.1875,5,0.5
456,4,10,110659,32683.1875,3,0.3
457,4,10,28812,32683.1875,6,0.6
458,4,10,110659,32683.1875,4,0.4
459,4,10,539,32683.1875,1,0.1
460,4,10,28812,32683.1875,1,0.1
461,4,10,106242,32683.1875,2,0.2
462,4,10,134349,32683.1875,5,0.5
463,4,10,106242,32683.1875,7,0.7
464,4,10,16907,32683.1875,3,0.3
465,4,10,16907,32683.1875,4,0.4
466,4,10,32041,32683.1875,2,0.2
467,4,10,74669,32683.1875,4,0.4
468,4,10,16907,32683.1875,5,0.5
469,4,10,16907,32683.1875,7,0.7
470,4,10,32041,32683.1875,0,0.0
471,4,10,74669,32683.1875,0,0.0
472,4,10,134349,32683.1875,9,0.9
473,4,10,134349,32683.1875,7,0.7
474,4,10,32041,32683.1875,6,0.6
475,4,10,28812,32683.1875,1,0.1
476,4,10,74669,32683.1875,8,0.8
477,4,10,106242,32683.1875,9,0.9
478,4,10,110659,32683.1875,8,0.8
479,4,10,28812,32683.1875,2,0.2
480,4,10,16467,32683.1875,6,0.6
481,4,10,74669,32683.1875,5,0.5
482,4,10,134349,32683.1875,10,1.0
483,4,10,74669,32683.1875,6,0.6
484,4,10,110659,32683.1875,2,0.2
485,4,10,74669,32683.1875,1,0.1
486,4,10,16907,32683.1875,6,0.6
487,4,10,32041,32683.1875,1,0.1
488,4,10,110659,32683.1875,3,0.3
489,4,10,28812,32683.1875,1,0.1
490,4,10,110659,32683.1875,9,0.9
491,4,10,110659,32683.1875,9,0.9
492,4,10,16907,32683.1875,10,1.0
493,4,10,134349,32683.1875,6,0.6
494,4,10,32041,32683.1875,2,0.2
495,4,10,16907,32683.1875,0,0.0
496,4,10,110659,32683.1875,2,0.2
497,4,10,134349,32683.1875,9,0.9
498,4,10,106242,32683.1875,8,0.8
499,4,10,134349,32683.1875,1,0.1
500,4,10,110659,32683.1875,6,0.6
501,4,10,351,32683.1875,0,0.0
502,4,10,32041,32683.1875,0,0.0
503,4,10,16907,32683.1875,3,0.3
504,4,10,16467,32683.1875,0,0.0
505,4,10,110659,32683.1875,7,0.7
506,4,10,16907,32683.1875,1,0.1
507,4,10,16907,32683.1875,7,0.7
508,4,10,16907,32683.1875,0,0.0
509,4,10,32041,32683.1875,1,0.1
510,4,10,16907,32683.1875,1,0.1
511,4,10,32041,32683.1875,3,0.3
512,4,10,32041,32683.1875,1,0.1
513,4,10,134349,32683.1875,3,0.3
514,4,10,74669,32683.1875,6,0.6
515,4,10,134349,32683.1875,6,0.6
516,4,10,134349,32683.1875,10,1.0
517,4,10,134349,32683.1875,10,1.0
518,4,10,74669,32683.1875,10,1.0
519,4,10,16907,32683.1875,1,0.1
520,4,10,74669,32683.1875,0,0.0
521,4,10,134349,32683.1875,8,0.8
522,4,10,16467,32683.1875,1,0.1
523,4,10,32041,32683.1875,2,0.2
524,4,10,110659,32683.1875,7,0.7
525,4,10,74669,32683.1875,2,0.2
526,4,10,155,32683.1875,0,0.0
527,4,10,32041,32683.1875,0,0.0
528,4,10,28812,32683.1875,0,0.0
529,4,10,110659,32683.1875,3,0.3
530,4,10,28812,32683.1875,2,0.2
531,4,10,106242,32683.1875,5,0.5
532,4,10,74669,32683.1875,3,0.3
533,4,10,16907,32683.1875,0,0.0
534,4,10,134349,32683.1875,10,1.0
535,4,10,310,32683.1875,1,0.1
536,4,10,32041,32683.1875,8,0.8
537,4,10,110659,32683.1875,10,1.0
538,4,10,32041,32683.1875,0,0.0
539,4,10,16907,32683.1875,1,0.1
540,4,10,32041,32683.1875,1,0.1
541,4,10,134349,32683.1875,10,1.0
542,4,10,32041,32683.1875,9,0.9
543,4,10,32041,32683.1875,0,0.0
544,4,10,74669,32683.1875,0,0.0
545,4,10,16907,32683.1875,0,0.0
546,4,10,74669,32683.1875,7,0.7
547,4,10,74669,32683.1875,5,0.5
548,4,10,32041,32683.1875,6,0.6
549,4,10,74669,32683.1875,5,0.5
550,4,10,155,32683.1875,0,0.0
551,4,10,134349,32683.1875,10,1.0
552,4,10,134349,32683.1875,10,1.0
553,4,10,110659,32683.1875,5,0.5
554,4,10,134349,32683.1875,3,0.3
555,4,10,16907,32683.1875,2,0.2
556,4,10,106242,32683.1875,10,1.0
557,4,10,308,32683.1875,0,0.0
558,4,10,110659,32683.1875,4,0.4
559,4,10,106242,32683.1875,10,1.0
560,4,10,106242,32683.1875,9,0.9
561,4,10,110659,32683.1875,6,0.6
562,4,10,134349,32683.1875,5,0.5
563,4,10,106242,32683.1875,10,1.0
564,4,10,106242,32683.1875,3,0.3
565,4,10,106242,32683.1875,2,0.2
566,4,10,74669,32683.1875,6,0.6
567,4,10,110659,32683.1875,2,0.2
568,4,10,16467,32683.1875,0,0.0
569,4,10,74669,32683.1875,3,0.3
570,4,10,32041,32683.1875,1,0.1
571,4,10,16907,32683.1875,3,0.3
572,4,10,134349,32683.1875,7,0.7
573,4,10,16907,32683.1875,0,0.0
574,4,10,134349,32683.1875,6,0.6
575,4,10,16907,32683.1875,0,0.0
576,4,10,106242,32683.1875,9,0.9
577,4,10,74669,32683.1875,2,0.2
578,4,10,16907,32683.1875,1,0.1
579,4,10,74669,32683.1875,2,0.2
580,4,10,106242,32683.1875,5,0.5
581,4,10,110659,32683.1875,3,0.3
582,4,10,110659,32683.1875,3,0.3
583,4,10,110659,32683.1875,5,0.5
584,4,10,32041,32683.1875,3,0.3
585,4,10,248,32683.1875,0,0.0
586,4,10,16467,32683.1875,4,0.4
587,4,10,106242,32683.1875,10,1.0
588,4,10,32041,32683.1875,1,0.1
589,4,10,110659,32683.1875,2,0.2
590,4,10,16467,32683.1875,5,0.5
591,4,10,74669,32683.1875,4,0.4
592,4,10,74669,32683.1875,8,0.8
593,4,10,134349,32683.1875,6,0.6
594,4,10,106242,32683.1875,10,1.0
595,4,10,110659,32683.1875,9,0.9
596,4,10,134349,32683.1875,10,1.0
597,4,10,74669,32683.1875,1,0.1
598,4,10,74669,32683.1875,7,0.7
599,4,10,32041,32683.1875,7,0.7
600,4,10,16907,32683.1875,8,0.8
601,4,10,32041,32683.1875,8,0.8
602,4,10,32041,32683.1875,0,0.0
603,4,10,28812,32683.1875,2,0.2
604,4,10,110659,32683.1875,7,0.7
605,4,10,110659,32683.1875,5,0.5
606,4,10,134349,32683.1875,5,0.5
607,4,10,28812,32683.1875,2,0.2
608,4,10,248,32683.1875,0,0.0
609,4,10,74669,32683.1875,8,0.8
610,4,10,32041,32683.1875,5,0.5
611,4,10,74669,32683.1875,9,0.9
612,4,10,16907,32683.1875,5,0.5
613,4,10,74669,32683.1875,0,0.0
614,4,10,110659,32683.1875,6,0.6
615,4,10,32041,32683.1875,4,0.4
616,4,10,134349,32683.1875,10,1.0
617,4,10,106242,32683.1875,5,0.5
618,4,10,74669,32683.1875,0,0.0
619,4,10,16907,32683.1875,1,0.1
620,4,10,16907,32683.1875,0,0.0
621,4,10,16907,32683.1875,0,0.0
622,4,10,106242,32683.1875,7,0.7
623,4,10,134349,32683.1875,8,0.8
624,4,10,32041,32683.1875,1,0.1
625,4,10,106242,32683.1875,2,0.2
626,4,10,106242,32683.1875,8,0.8
627,4,10,164,32683.1875,0,0.0
628,4,10,106242,32683.1875,2,0.2
629,4,10,110659,32683.1875,4,0.4
630,4,10,110659,32683.1875,10,1.0
631,4,10,74669,32683.1875,6,0.6
632,4,10,16907,32683.1875,1,0.1
633,4,10,74669,32683.1875,5,0.5
634,4,10,110659,32683.1875,4,0.4
635,4,10,110659,32683.1875,10,1.0
636,4,10,16907,32683.1875,0,0.0
637,4,10,110659,32683.1875,7,0.7
638,4,10,74669,32683.1875,7,0.7
639,4,10,351,32683.1875,0,0.0
640,4,10,74669,32683.1875,7,0.7
641,4,10,106242,32683.1875,5,0.5
642,4,10,32041,32683.1875,3,0.3
643,4,10,110659,32683.1875,5,0.5
644,4,10,134349,32683.1875,5,0.5
645,4,10,16467,32683.1875,2,0.2
646,4,10,16907,32683.1875,3,0.3
647,4,10,32041,32683.1875,2,0.2
648,4,10,16467,32683.1875,0,0.0
649,4,10,155,32683.1875,0,0.0
650,4,10,110659,32683.1875,9,0.9
651,4,10,539,32683.1875,0,0.0
652,4,10,32041,32683.1875,3,0.3
653,4,10,110659,32683.1875,1,0.1
654,4,10,16907,32683.1875,6,0.6
655,4,10,74669,32683.1875,5,0.5
656,4,10,110659,32683.1875,7,0.7
657,4,10,106242,32683.1875,4,0.4
658,4,10,74669,32683.1875,5,0.5
659,4,10,134349,32683.1875,9,0.9
660,4,10,106242,32683.1875,7,0.7
661,4,10,134349,32683.1875,5,0.5
662,4,10,110659,32683.1875,1,0.1
663,4,10,134349,32683.1875,3,0.3
664,4,10,110659,32683.1875,9,0.9
665,4,10,28812,32683.1875,5,0.5
666,4,10,32041,32683.1875,4,0.4
667,4,10,32041,32683.1875,0,0.0
668,4,10,28812,32683.1875,7,0.7
669,4,10,32041,32683.1875,2,0.2
670,4,10,74669,32683.1875,10,1.0
671,4,10,106242,32683.1875,5,0.5
672,4,10,74669,32683.1875,3,0.3
673,4,10,32041,32683.1875,2,0.2
674,4,10,28812,32683.1875,5,0.5
675,4,10,134349,32683.1875,6,0.6
676,4,10,16907,32683.1875,0,0.0
677,4,10,110659,32683.1875,6,0.6
678,4,10,74669,32683.1875,4,0.4
679,4,10,110659,32683.1875,6,0.6
680,4,10,106242,32683.1875,9,0.9
681,4,10,16907,32683.1875,1,0.1
682,4,10,110659,32683.1875,1,0.1
683,4,10,110659,32683.1875,7,0.7
684,4,10,32041,32683.1875,0,0.0
685,4,10,32041,32683.1875,6,0.6
686,4,10,74669,32683.1875,9,0.9
687,4,10,248,32683.1875,0,0.0
688,4,10,106242,32683.1875,8,0.8
689,4,10,134349,32683.1875,3,0.3
690,4,10,106242,32683.1875,6,0.6
691,4,10,110659,32683.1875,6,0.6
692,4,10,74669,32683.1875,7,0.7
693,4,10,32041,32683.1875,0,0.0
694,4,10,74669,32683.1875,8,0.8
695,4,10,16467,32683.1875,1,0.1
696,4,10,110659,32683.1875,6,0.6
697,4,10,539,32683.1875,0,0.0
698,4,10,16907,32683.1875,0,0.0
699,4,10,110659,32683.1875,9,0.9
700,4,10,16907,32683.1875,4,0.4
701,4,10,32041,32683.1875,10,1.0
702,4,10,110659,32683.1875,1,0.1
703,4,10,16467,32683.1875,0,0.0
704,4,10,308,32683.1875,0,0.0
705,4,10,110659,32683.1875,3,0.3
706,4,10,106242,32683.1875,3,0.3
707,4,10,155,32683.1875,0,0.0
708,4,10,110659,32683.1875,7,0.7
709,4,10,32041,32683.1875,1,0.1
710,4,10,134349,32683.1875,3,0.3
711,4,10,134349,32683.1875,7,0.7
712,4,10,74669,32683.1875,2,0.2
713,4,10,16907,32683.1875,0,0.0
714,4,10,32041,32683.1875,2,0.2
715,4,10,110659,32683.1875,0,0.0
716,4,10,110659,32683.1875,0,0.0
717,4,10,28812,32683.1875,0,0.0
718,4,10,106242,32683.1875,4,0.4
719,4,10,134349,32683.1875,7,0.7
720,4,10,106242,32683.1875,9,0.9
721,4,10,74669,32683.1875,10,1.0
722,4,10,28812,32683.1875,2,0.2
723,4,10,110659,32683.1875,9,0.9
724,4,10,110659,32683.1875,0,0.0
725,4,10,106242,32683.1875,2,0.2
726,4,10,110659,32683.1875,1,0.1
727,4,10,32041,32683.1875,0,0.0
728,4,10,74669,32683.1875,10,1.0
729,4,10,110659,32683.1875,7,0.7
730,4,10,110659,32683.1875,5,0.5
731,4,10,134349,32683.1875,9,0.9
732,4,10,110659,32683.1875,2,0.2
733,4,10,110659,32683.1875,5,0.5
734,4,10,539,32683.1875,0,0.0
735,4,10,110659,32683.1875,4,0.4
736,4,10,74669,32683.1875,5,0.5
737,4,10,16907,32683.1875,5,0.5
738,4,10,134349,32683.1875,8,0.8
739,4,10,74669,32683.1875,5,0.5
740,4,10,28812,32683.1875,2,0.2
741,4,10,74669,32683.1875,1,0.1
742,4,10,310,32683.1875,0,0.0
743,4,10,74669,32683.1875,6,0.6
744,4,10,74669,32683.1875,3,0.3
745,4,10,110659,32683.1875,5,0.5
746,4,10,134349,32683.1875,7,0.7
747,4,10,110659,32683.1875,10,1.0
748,4,10,155,32683.1875,0,0.0
749,4,10,134349,32683.1875,8,0.8
750,4,10,16907,32683.1875,1,0.1
751,4,10,106242,32683.1875,8,0.8
752,4,10,106242,32683.1875,10,1.0
753,4,10,32041,32683.1875,0,0.0
754,4,10,106242,32683.1875,9,0.9
755,4,10,106242,32683.1875,8,0.8
756,4,10,74669,32683.1875,6,0.6
757,4,10,134349,32683.1875,9,0.9
758,4,10,16467,32683.1875,3,0.3
759,4,10,351,32683.1875,0,0.0
760,4,10,134349,32683.1875,4,0.4
761,4,10,74669,32683.1875,4,0.4
762,4,10,16907,32683.1875,2,0.2
763,4,10,16907,32683.1875,0,0.0
764,4,10,106242,32683.1875,1,0.1
765,4,10,110659,32683.1875,5,0.5
766,4,10,74669,32683.1875,3,0.3
767,4,10,32041,32683.1875,4,0.4
768,4,10,74669,32683.1875,0,0.0
769,4,10,16907,32683.1875,1,0.1
770,4,10,32041,32683.1875,3,0.3
771,4,10,74669,32683.1875,6,0.6
772,4,10,32041,32683.1875,4,0.4
773,4,10,32041,32683.1875,7,0.7
774,4,10,32041,32683.1875,1,0.1
775,4,10,134349,32683.1875,7,0.7
776,4,10,110659,32683.1875,7,0.7
777,4,10,32041,32683.1875,5,0.5
778,4,10,106242,32683.1875,3,0.3
779,4,10,16467,32683.1875,2,0.2
780,4,10,110659,32683.1875,1,0.1
781,4,10,74669,32683.1875,2,0.2
782,4,10,110659,32683.1875,9,0.9
783,4,10,110659,32683.1875,4,0.4
784,4,10,74669,32683.1875,3,0.3
785,4,10,110659,32683.1875,7,0.7
786,4,10,106242,32683.1875,0,0.0
787,4,10,28812,32683.1875,2,0.2
788,4,10,110659,32683.1875,10,1.0
789,4,10,16467,32683.1875,1,0.1
790,4,10,74669,32683.1875,4,0.4
791,4,10,16467,32683.1875,0,0.0
792,4,10,110659,32683.1875,4,0.4
793,4,10,134349,32683.1875,8,0.8
794,4,10,32041,32683.1875,1,0.1
795,4,10,16907,32683.1875,1,0.1
796,4,10,32041,32683.1875,1,0.1
797,4,10,134349,32683.1875,9,0.9
798,4,10,74669,32683.1875,2,0.2
799,4,10,32041,32683.1875,6,0.6
800,4,10,74669,32683.1875,2,0.2
801,4,10,134349,32683.1875,8,0.8
802,4,10,32041,32683.1875,10,1.0
803,4,10,74669,32683.1875,10,1.0
804,4,10,74669,32683.1875,6,0.6
805,4,10,106242,32683.1875,8,0.8
806,4,10,16907,32683.1875,1,0.1
807,4,10,28812,32683.1875,2,0.2
808,4,10,106242,32683.1875,6,0.6
809,4,10,110659,32683.1875,6,0.6
810,4,10,28812,32683.1875,5,0.5
811,4,10,134349,32683.1875,7,0.7
812,4,10,110659,32683.1875,7,0.7
813,4,10,110659,32683.1875,9,0.9
814,4,10,74669,32683.1875,2,0.2
815,4,10,106242,32683.1875,4,0.4
816,4,10,134349,32683.1875,4,0.4
817,4,10,74669,32683.1875,0,0.0
818,4,10,106242,32683.1875,6,0.6
819,4,10,134349,32683.1875,10,1.0
820,4,10,16907,32683.1875,0,0.0
821,4,10,106242,32683.1875,2,0.2
822,4,10,710,32683.1875,0,0.0
823,4,10,74669,32683.1875,9,0.9
824,4,10,28812,32683.1875,0,0.0
825,4,10,16907,32683.1875,1,0.1
826,4,10,32041,32683.1875,4,0.4
827,4,10,32041,32683.1875,0,0.0
828,4,10,74669,32683.1875,7,0.7
829,4,10,32041,32683.1875,0,0.0
830,4,10,106242,32683.1875,9,0.9
831,4,10,110659,32683.1875,4,0.4
832,4,10,310,32683.1875,0,0.0
833,4,10,134349,32683.1875,10,1.0
834,4,10,134349,32683.1875,5,0.5
835,4,10,32041,32683.1875,1,0.1
836,4,10,16907,32683.1875,0,0.0
837,4,10,106242,32683.1875,7,0.7
838,4,10,32041,32683.1875,7,0.7
839,4,10,106242,32683.1875,6,0.6
840,4,10,351,32683.1875,0,0.0
841,4,10,32041,32683.1875,0,0.0
842,4,10,16467,32683.1875,2,0.2
843,4,10,32041,32683.1875,2,0.2
844,4,10,106242,32683.1875,9,0.9
845,4,10,32041,32683.1875,3,0.3
846,4,10,74669,32683.1875,3,0.3
847,4,10,74669,32683.1875,8,0.8
848,4,10,16907,32683.1875,2,0.2
849,4,10,110659,32683.1875,3,0.3
850,4,10,110659,32683.1875,8,0.8
851,4,10,74669,32683.1875,2,0.2
852,4,10,110659,32683.1875,6,0.6
853,4,10,110659,32683.1875,3,0.3
854,4,10,74669,32683.1875,10,1.0
855,4,10,32041,32683.1875,2,0.2
856,4,10,106242,32683.1875,9,0.9
857,4,10,28812,32683.1875,7,0.7
858,4,10,74669,32683.1875,7,0.7
859,4,10,74669,32683.1875,0,0.0
860,4,10,110659,32683.1875,5,0.5
861,4,10,106242,32683.1875,2,0.2
862,4,10,110659,32683.1875,10,1.0
863,4,10,110659,32683.1875,6,0.6
864,4,10,16907,32683.1875,1,0.1
865,4,10,16907,32683.1875,10,1.0
866,4,10,32041,32683.1875,0,0.0
867,4,10,110659,32683.1875,9,0.9
868,4,10,308,32683.1875,0,0.0
869,4,10,710,32683.1875,2,0.2
870,4,10,74669,32683.1875,10,1.0
871,4,10,106242,32683.1875,10,1.0
872,4,10,32041,32683.1875,8,0.8
873,4,10,106242,32683.1875,8,0.8
874,4,10,110659,32683.1875,8,0.8
875,4,10,110659,32683.1875,4,0.4
876,4,10,134349,32683.1875,9,0.9
877,4,10,106242,32683.1875,9,0.9
878,4,10,351,32683.1875,1,0.1
879,4,10,16907,32683.1875,6,0.6
880,4,10,32041,32683.1875,1,0.1
881,4,10,28812,32683.1875,0,0.0
882,4,10,134349,32683.1875,7,0.7
883,4,10,74669,32683.1875,10,1.0
884,4,10,16907,32683.1875,0,0.0
885,4,10,134349,32683.1875,9,0.9
886,4,10,134349,32683.1875,9,0.9
887,4,10,16907,32683.1875,1,0.1
888,4,10,351,32683.1875,0,0.0
889,4,10,110659,32683.1875,6,0.6
890,4,10,32041,32683.1875,1,0.1
891,4,10,106242,32683.1875,2,0.2
892,4,10,74669,32683.1875,9,0.9
893,4,10,106242,32683.1875,4,0.4
894,4,10,106242,32683.1875,8,0.8
895,4,10,134349,32683.1875,7,0.7
896,4,10,110659,32683.1875,10,1.0
897,4,10,134349,32683.1875,7,0.7
898,4,10,32041,32683.1875,0,0.0
899,4,10,32041,32683.1875,3,0.3
900,4,10,351,32683.1875,0,0.0
901,4,10,134349,32683.1875,7,0.7
902,4,10,248,32683.1875,0,0.0
903,4,10,110659,32683.1875,3,0.3
904,4,10,16907,32683.1875,0,0.0
905,4,10,106242,32683.1875,5,0.5
906,4,10,32041,32683.1875,0,0.0
907,4,10,16467,32683.1875,1,0.1
908,4,10,110659,32683.1875,8,0.8
909,4,10,74669,32683.1875,3,0.3
910,4,10,110659,32683.1875,7,0.7
911,4,10,134349,32683.1875,10,1.0
912,4,10,106242,32683.1875,4,0.4
913,4,10,16907,32683.1875,2,0.2
914,4,10,106242,32683.1875,4,0.4
915,4,10,74669,32683.1875,9,0.9
916,4,10,134349,32683.1875,7,0.7
917,4,10,134349,32683.1875,9,0.9
918,4,10,28812,32683.1875,6,0.6
919,4,10,74669,32683.1875,1,0.1
920,4,10,110659,32683.1875,9,0.9
921,4,10,106242,32683.1875,1,0.1
922,4,10,110659,32683.1875,3,0.3
923,4,10,110659,32683.1875,5,0.5
924,4,10,110659,32683.1875,4,0.4
925,4,10,32041,32683.1875,3,0.3
926,4,10,110659,32683.1875,6,0.6
927,4,10,106242,32683.1875,7,0.7
928,4,10,106242,32683.1875,10,1.0
929,4,10,110659,32683.1875,8,0.8
930,4,10,134349,32683.1875,9,0.9
931,4,10,74669,32683.1875,9,0.9
932,4,10,74669,32683.1875,2,0.2
933,4,10,134349,32683.1875,3,0.3
934,4,10,74669,32683.1875,8,0.8
935,4,10,110659,32683.1875,10,1.0
936,4,10,16467,32683.1875,5,0.5
937,4,10,134349,32683.1875,5,0.5
938,4,10,110659,32683.1875,3,0.3
939,4,10,110659,32683.1875,9,0.9
940,4,10,110659,32683.1875,10,1.0
941,4,10,74669,32683.1875,8,0.8
942,4,10,32041,32683.1875,8,0.8
943,4,10,16907,32683.1875,9,0.9
944,4,10,32041,32683.1875,2,0.2
945,4,10,16907,32683.1875,4,0.4
946,4,10,110659,32683.1875,3,0.3
947,4,10,134349,32683.1875,7,0.7
948,4,10,74669,32683.1875,3,0.3
949,4,10,110659,32683.1875,8,0.8
950,4,10,74669,32683.1875,10,1.0
951,4,10,110659,32683.1875,2,0.2
952,4,10,110659,32683.1875,6,0.6
953,4,10,106242,32683.1875,4,0.4
954,4,10,28812,32683.1875,0,0.0
955,4,10,106242,32683.1875,10,1.0
956,4,10,110659,32683.1875,8,0.8
957,4,10,32041,32683.1875,8,0.8
958,4,10,110659,32683.1875,7,0.7
959,4,10,74669,32683.1875,3,0.3
960,4,10,28812,32683.1875,2,0.2
961,4,10,110659,32683.1875,9,0.9
962,4,10,74669,32683.1875,0,0.0
963,4,10,134349,32683.1875,4,0.4
964,4,10,106242,32683.1875,6,0.6
965,4,10,74669,32683.1875,2,0.2
966,4,10,74669,32683.1875,10,1.0
967,4,10,16907,32683.1875,1,0.1
968,4,10,74669,32683.1875,0,0.0
969,4,10,32041,32683.1875,5,0.5
970,4,10,16907,32683.1875,1,0.1
971,4,10,28812,32683.1875,1,0.1
972,4,10,110659,32683.1875,6,0.6
973,4,10,74669,32683.1875,2,0.2
974,4,10,74669,32683.1875,7,0.7
975,4,10,134349,32683.1875,6,0.6
976,4,10,16467,32683.1875,1,0.1
977,4,10,134349,32683.1875,2,0.2
978,4,10,74669,32683.1875,5,0.5
979,4,10,110659,32683.1875,5,0.5
980,4,10,16907,32683.1875,4,0.4
981,4,10,134349,32683.1875,8,0.8
982,4,10,110659,32683.1875,4,0.4
983,4,10,351,32683.1875,0,0.0
984,4,10,110659,32683.1875,4,0.4
985,4,10,32041,32683.1875,1,0.1
986,4,10,134349,32683.1875,5,0.5
987,4,10,28812,32683.1875,5,0.5
988,4,10,16907,32683.1875,5,0.5
989,4,10,16467,32683.1875,5,0.5
990,4,10,110659,32683.1875,7,0.7
991,4,10,32041,32683.1875,2,0.2
992,4,10,134349,32683.1875,9,0.9
993,4,10,16907,32683.1875,5,0.5
994,4,10,110659,32683.1875,6,0.6
995,4,10,106242,32683.1875,2,0.2
996,4,10,106242,32683.1875,8,0.8
997,4,10,16907,32683.1875,1,0.1
998,4,10,16907,32683.1875,1,0.1
999,4,10,110659,32683.1875,7,0.7
0,4,100,32041,32683.1875,8,0.08
1,4,100,74669,32683.1875,18,0.18
2,4,100,110659,32683.1875,4,0.04
3,4,100,74669,32683.1875,93,0.93
4,4,100,310,32683.1875,0,0.0
5,4,100,16907,32683.1875,32,0.32
6,4,100,16907,32683.1875,19,0.19
7,4,100,74669,32683.1875,41,0.41
8,4,100,74669,32683.1875,79,0.79
9,4,100,106242,32683.1875,73,0.73
10,4,100,110659,32683.1875,26,0.26
11,4,100,28812,32683.1875,26,0.26
12,4,100,16907,32683.1875,3,0.03
13,4,100,32041,32683.1875,16,0.16
14,4,100,74669,32683.1875,36,0.36
15,4,100,74669,32683.1875,79,0.79
16,4,100,110659,32683.1875,32,0.32
17,4,100,110659,32683.1875,92,0.92
18,4,100,74669,32683.1875,30,0.3
19,4,100,110659,32683.1875,76,0.76
20,4,100,248,32683.1875,1,0.01
21,4,100,110659,32683.1875,40,0.4
22,4,100,16467,32683.1875,10,0.1
23,4,100,110659,32683.1875,92,0.92
24,4,100,32041,32683.1875,23,0.23
25,4,100,16907,32683.1875,15,0.15
26,4,100,74669,32683.1875,71,0.71
27,4,100,16907,32683.1875,6,0.06
28,4,100,110659,32683.1875,62,0.62
29,4,100,32041,32683.1875,36,0.36
30,4,100,16907,32683.1875,76,0.76
31,4,100,16907,32683.1875,43,0.43
32,4,100,351,32683.1875,2,0.02
33,4,100,16907,32683.1875,3,0.03
34,4,100,110659,32683.1875,81,0.81
35,4,100,134349,32683.1875,68,0.68
36,4,100,32041,32683.1875,2,0.02
37,4,100,32041,32683.1875,51,0.51
38,4,100,74669,32683.1875,46,0.46
39,4,100,106242,32683.1875,93,0.93
40,4,100,110659,32683.1875,41,0.41
41,4,100,16907,32683.1875,34,0.34
42,4,100,134349,32683.1875,39,0.39
43,4,100,164,32683.1875,7,0.07
44,4,100,110659,32683.1875,95,0.95
45,4,100,74669,32683.1875,30,0.3
46,4,100,110659,32683.1875,5,0.05
47,4,100,16467,32683.1875,16,0.16
48,4,100,32041,32683.1875,22,0.22
49,4,100,16907,32683.1875,13,0.13
50,4,100,110659,32683.1875,28,0.28
51,4,100,32041,32683.1875,21,0.21
52,4,100,134349,32683.1875,67,0.67
53,4,100,110659,32683.1875,34,0.34
54,4,100,32041,32683.1875,20,0.2
55,4,100,134349,32683.1875,66,0.66
56,4,100,16907,32683.1875,27,0.27
57,4,100,110659,32683.1875,88,0.88
58,4,100,16907,32683.1875,0,0.0
59,4,100,110659,32683.1875,46,0.46
60,4,100,106242,32683.1875,67,0.67
61,4,100,110659,32683.1875,28,0.28
62,4,100,110659,32683.1875,30,0.3
63,4,100,134349,32683.1875,43,0.43
64,4,100,110659,32683.1875,45,0.45
65,4,100,16907,32683.1875,12,0.12
66,4,100,106242,32683.1875,32,0.32
67,4,100,134349,32683.1875,48,0.48
68,4,100,32041,32683.1875,27,0.27
69,4,100,134349,32683.1875,71,0.71
70,4,100,74669,32683.1875,17,0.17
71,4,100,74669,32683.1875,7,0.07
72,4,100,539,32683.1875,0,0.0
73,4,100,106242,32683.1875,36,0.36
74,4,100,32041,32683.1875,4,0.04
75,4,100,74669,32683.1875,58,0.58
76,4,100,134349,32683.1875,28,0.28
77,4,100,74669,32683.1875,43,0.43
78,4,100,74669,32683.1875,59,0.59
79,4,100,74669,32683.1875,26,0.26
80,4,100,106242,32683.1875,13,0.13
81,4,100,110659,32683.1875,7,0.07
82,4,100,110659,32683.1875,12,0.12
83,4,100,28812,32683.1875,0,0.0
84,4,100,110659,32683.1875,45,0.45
85,4,100,134349,32683.1875,94,0.94
86,4,100,134349,32683.1875,76,0.76
87,4,100,32041,32683.1875,4,0.04
88,4,100,32041,32683.1875,8,0.08
89,4,100,74669,32683.1875,61,0.61
90,4,100,110659,32683.1875,67,0.67
91,4,100,28812,32683.1875,32,0.32
92,4,100,74669,32683.1875,46,0.46
93,4,100,134349,32683.1875,66,0.66
94,4,100,134349,32683.1875,83,0.83
95,4,100,106242,32683.1875,52,0.52
96,4,100,74669,32683.1875,84,0.84
97,4,100,32041,32683.1875,44,0.44
98,4,100,32041,32683.1875,5,0.05
99,4,100,710,32683.1875,0,0.0
100,4,100,110659,32683.1875,76,0.76
101,4,100,74669,32683.1875,23,0.23
102,4,100,74669,32683.1875,53,0.53
103,4,100,16907,32683.1875,14,0.14
104,4,100,28812,32683.1875,11,0.11
105,4,100,110659,32683.1875,89,0.89
106,4,100,110659,32683.1875,59,0.59
107,4,100,106242,32683.1875,89,0.89
108,4,100,32041,32683.1875,1,0.01
109,4,100,74669,32683.1875,73,0.73
110,4,100,16907,32683.1875,10,0.1
111,4,100,74669,32683.1875,49,0.49
112,4,100,74669,32683.1875,42,0.42
113,4,100,110659,32683.1875,85,0.85
114,4,100,16907,32683.1875,5,0.05
115,4,100,74669,32683.1875,31,0.31
116,4,100,16467,32683.1875,58,0.58
117,4,100,106242,32683.1875,64,0.64
118,4,100,74669,32683.1875,31,0.31
119,4,100,106242,32683.1875,84,0.84
120,4,100,106242,32683.1875,68,0.68
121,4,100,308,32683.1875,1,0.01
122,4,100,110659,32683.1875,35,0.35
123,4,100,134349,32683.1875,56,0.56
124,4,100,308,32683.1875,0,0.0
125,4,100,74669,32683.1875,1,0.01
126,4,100,134349,32683.1875,35,0.35
127,4,100,16907,32683.1875,27,0.27
128,4,100,74669,32683.1875,49,0.49
129,4,100,74669,32683.1875,24,0.24
130,4,100,32041,32683.1875,38,0.38
131,4,100,134349,32683.1875,49,0.49
132,4,100,16467,32683.1875,4,0.04
133,4,100,16467,32683.1875,7,0.07
134,4,100,110659,32683.1875,45,0.45
135,4,100,74669,32683.1875,8,0.08
136,4,100,110659,32683.1875,31,0.31
137,4,100,74669,32683.1875,27,0.27
138,4,100,74669,32683.1875,58,0.58
139,4,100,32041,32683.1875,10,0.1
140,4,100,155,32683.1875,0,0.0
141,4,100,16907,32683.1875,10,0.1
142,4,100,28812,32683.1875,35,0.35
143,4,100,74669,32683.1875,81,0.81
144,4,100,106242,32683.1875,26,0.26
145,4,100,134349,32683.1875,78,0.78
146,4,100,110659,32683.1875,15,0.15
147,4,100,110659,32683.1875,41,0.41
148,4,100,74669,32683.1875,7,0.07
149,4,100,32041,32683.1875,16,0.16
150,4,100,32041,32683.1875,64,0.64
151,4,100,106242,32683.1875,67,0.67
152,4,100,74669,32683.1875,54,0.54
153,4,100,110659,32683.1875,50,0.5
154,4,100,110659,32683.1875,58,0.58
155,4,100,16907,32683.1875,3,0.03
156,4,100,134349,32683.1875,59,0.59
157,4,100,16907,32683.1875,32,0.32
158,4,100,32041,32683.1875,31,0.31
159,4,100,28812,32683.1875,12,0.12
160,4,100,134349,32683.1875,42,0.42
161,4,100,110659,32683.1875,41,0.41
162,4,100,106242,32683.1875,55,0.55
163,4,100,110659,32683.1875,6,0.06
164,4,100,32041,32683.1875,25,0.25
165,4,100,32041,32683.1875,21,0.21
166,4,100,74669,32683.1875,50,0.5
167,4,100,74669,32683.1875,46,0.46
168,4,100,32041,32683.1875,26,0.26
169,4,100,106242,32683.1875,24,0.24
170,4,100,710,32683.1875,4,0.04
171,4,100,110659,32683.1875,34,0.34
172,4,100,74669,32683.1875,13,0.13
173,4,100,74669,32683.1875,12,0.12
174,4,100,134349,32683.1875,34,0.34
175,4,100,110659,32683.1875,33,0.33
176,4,100,110659,32683.1875,23,0.23
177,4,100,74669,32683.1875,33,0.33
178,4,100,32041,32683.1875,77,0.77
179,4,100,32041,32683.1875,24,0.24
180,4,100,134349,32683.1875,94,0.94
181,4,100,106242,32683.1875,46,0.46
182,4,100,110659,32683.1875,37,0.37
183,4,100,16907,32683.1875,16,0.16
184,4,100,74669,32683.1875,19,0.19
185,4,100,110659,32683.1875,66,0.66
186,4,100,32041,32683.1875,13,0.13
187,4,100,106242,32683.1875,23,0.23
188,4,100,134349,32683.1875,26,0.26
189,4,100,106242,32683.1875,54,0.54
190,4,100,32041,32683.1875,38,0.38
191,4,100,74669,32683.1875,21,0.21
192,4,100,110659,32683.1875,7,0.07
193,4,100,32041,32683.1875,11,0.11
194,4,100,110659,32683.1875,38,0.38
195,4,100,134349,32683.1875,87,0.87
196,4,100,32041,32683.1875,14,0.14
197,4,100,16907,32683.1875,2,0.02
198,4,100,106242,32683.1875,63,0.63
199,4,100,16907,32683.1875,4,0.04
200,4,100,110659,32683.1875,39,0.39
201,4,100,28812,32683.1875,47,0.47
202,4,100,110659,32683.1875,19,0.19
203,4,100,106242,32683.1875,36,0.36
204,4,100,155,32683.1875,1,0.01
205,4,100,134349,32683.1875,77,0.77
206,4,100,16907,32683.1875,16,0.16
207,4,100,74669,32683.1875,25,0.25
208,4,100,110659,32683.1875,65,0.65
209,4,100,110659,32683.1875,18,0.18
210,4,100,134349,32683.1875,51,0.51
211,4,100,110659,32683.1875,57,0.57
212,4,100,308,32683.1875,2,0.02
213,4,100,134349,32683.1875,41,0.41
214,4,100,32041,32683.1875,66,0.66
215,4,100,134349,32683.1875,55,0.55
216,4,100,110659,32683.1875,56,0.56
217,4,100,110659,32683.1875,26,0.26
218,4,100,16907,32683.1875,83,0.83
219,4,100,110659,32683.1875,10,0.1
220,4,100,32041,32683.1875,27,0.27
221,4,100,110659,32683.1875,64,0.64
222,4,100,134349,32683.1875,74,0.74
223,4,100,134349,32683.1875,67,0.67
224,4,100,134349,32683.1875,51,0.51
225,4,100,106242,32683.1875,32,0.32
226,4,100,110659,32683.1875,72,0.72
227,4,100,74669,32683.1875,31,0.31
228,4,100,32041,32683.1875,27,0.27
229,4,100,110659,32683.1875,21,0.21
230,4,100,74669,32683.1875,23,0.23
231,4,100,16467,32683.1875,8,0.08
232,4,100,110659,32683.1875,55,0.55
233,4,100,74669,32683.1875,72,0.72
234,4,100,16907,32683.1875,9,0.09
235,4,100,134349,32683.1875,53,0.53
236,4,100,110659,32683.1875,61,0.61
237,4,100,16467,32683.1875,6,0.06
238,4,100,32041,32683.1875,41,0.41
239,4,100,106242,32683.1875,64,0.64
240,4,100,110659,32683.1875,56,0.56
241,4,100,74669,32683.1875,71,0.71
242,4,100,539,32683.1875,7,0.07
243,4,100,32041,32683.1875,34,0.34
244,4,100,32041,32683.1875,11,0.11
245,4,100,74669,32683.1875,22,0.22
246,4,100,74669,32683.1875,18,0.18
247,4,100,110659,32683.1875,67,0.67
248,4,100,110659,32683.1875,67,0.67
249,4,100,110659,32683.1875,11,0.11
250,4,100,134349,32683.1875,72,0.72
251,4,100,16907,32683.1875,2,0.02
252,4,100,110659,32683.1875,65,0.65
253,4,100,110659,32683.1875,36,0.36
254,4,100,134349,32683.1875,63,0.63
255,4,100,134349,32683.1875,70,0.7
256,4,100,32041,32683.1875,4,0.04
257,4,100,28812,32683.1875,14,0.14
258,4,100,106242,32683.1875,64,0.64
259,4,100,74669,32683.1875,36,0.36
260,4,100,134349,32683.1875,47,0.47
261,4,100,16467,32683.1875,2,0.02
262,4,100,106242,32683.1875,61,0.61
263,4,100,106242,32683.1875,36,0.36
264,4,100,134349,32683.1875,62,0.62
265,4,100,32041,32683.1875,23,0.23
266,4,100,106242,32683.1875,32,0.32
267,4,100,32041,32683.1875,8,0.08
268,4,100,16467,32683.1875,12,0.12
269,4,100,110659,32683.1875,55,0.55
270,4,100,106242,32683.1875,29,0.29
271,4,100,74669,32683.1875,50,0.5
272,4,100,16907,32683.1875,54,0.54
273,4,100,134349,32683.1875,51,0.51
274,4,100,16907,32683.1875,30,0.3
275,4,100,110659,32683.1875,79,0.79
276,4,100,106242,32683.1875,72,0.72
277,4,100,106242,32683.1875,58,0.58
278,4,100,134349,32683.1875,74,0.74
279,4,100,32041,32683.1875,20,0.2
280,4,100,110659,32683.1875,40,0.4
281,4,100,106242,32683.1875,23,0.23
282,4,100,134349,32683.1875,79,0.79
283,4,100,110659,32683.1875,57,0.57
284,4,100,32041,32683.1875,25,0.25
285,4,100,74669,32683.1875,35,0.35
286,4,100,106242,32683.1875,37,0.37
287,4,100,74669,32683.1875,78,0.78
288,4,100,106242,32683.1875,35,0.35
289,4,100,16907,32683.1875,11,0.11
290,4,100,106242,32683.1875,28,0.28
291,4,100,16907,32683.1875,48,0.48
292,4,100,106242,32683.1875,34,0.34
293,4,100,32041,32683.1875,30,0.3
294,4,100,16907,32683.1875,18,0.18
295,4,100,106242,32683.1875,85,0.85
296,4,100,106242,32683.1875,29,0.29
297,4,100,16907,32683.1875,18,0.18
298,4,100,32041,32683.1875,30,0.3
299,4,100,110659,32683.1875,55,0.55
300,4,100,710,32683.1875,0,0.0
301,4,100,110659,32683.1875,63,0.63
302,4,100,110659,32683.1875,30,0.3
303,4,100,351,32683.1875,0,0.0
304,4,100,28812,32683.1875,26,0.26
305,4,100,106242,32683.1875,52,0.52
306,4,100,32041,32683.1875,11,0.11
307,4,100,28812,32683.1875,30,0.3
308,4,100,74669,32683.1875,89,0.89
309,4,100,134349,32683.1875,100,1.0
310,4,100,106242,32683.1875,30,0.3
311,4,100,16907,32683.1875,1,0.01
312,4,100,16907,32683.1875,39,0.39
313,4,100,28812,32683.1875,8,0.08
314,4,100,32041,32683.1875,2,0.02
315,4,100,106242,32683.1875,62,0.62
316,4,100,16467,32683.1875,4,0.04
317,4,100,16907,32683.1875,41,0.41
318,4,100,351,32683.1875,4,0.04
319,4,100,16907,32683.1875,2,0.02
320,4,100,16907,32683.1875,6,0.06
321,4,100,28812,32683.1875,25,0.25
322,4,100,134349,32683.1875,85,0.85
323,4,100,134349,32683.1875,85,0.85
324,4,100,32041,32683.1875,5,0.05
325,4,100,106242,32683.1875,49,0.49
326,4,100,74669,32683.1875,31,0.31
327,4,100,16907,32683.1875,3,0.03
328,4,100,110659,32683.1875,52,0.52
329,4,100,106242,32683.1875,35,0.35
330,4,100,134349,32683.1875,88,0.88
331,4,100,710,32683.1875,3,0.03
332,4,100,32041,32683.1875,16,0.16
333,4,100,74669,32683.1875,25,0.25
334,4,100,32041,32683.1875,11,0.11
335,4,100,32041,32683.1875,25,0.25
336,4,100,74669,32683.1875,42,0.42
337,4,100,16907,32683.1875,4,0.04
338,4,100,134349,32683.1875,34,0.34
339,4,100,106242,32683.1875,17,0.17
340,4,100,134349,32683.1875,42,0.42
341,4,100,74669,32683.1875,57,0.57
342,4,100,134349,32683.1875,99,0.99
343,4,100,110659,32683.1875,24,0.24
344,4,100,74669,32683.1875,40,0.4
345,4,100,134349,32683.1875,28,0.28
346,4,100,351,32683.1875,2,0.02
347,4,100,32041,32683.1875,65,0.65
348,4,100,28812,32683.1875,57,0.57
349,4,100,351,32683.1875,4,0.04
350,4,100,32041,32683.1875,35,0.35
351,4,100,32041,32683.1875,49,0.49
352,4,100,32041,32683.1875,18,0.18
353,4,100,74669,32683.1875,61,0.61
354,4,100,32041,32683.1875,25,0.25
355,4,100,134349,32683.1875,73,0.73
356,4,100,16467,32683.1875,3,0.03
357,4,100,134349,32683.1875,24,0.24
358,4,100,106242,32683.1875,74,0.74
359,4,100,110659,32683.1875,99,0.99
360,4,100,308,32683.1875,0,0.0
361,4,100,16907,32683.1875,4,0.04
362,4,100,16467,32683.1875,10,0.1
363,4,100,710,32683.1875,0,0.0
364,4,100,16907,32683.1875,1,0.01
365,4,100,16907,32683.1875,3,0.03
366,4,100,28812,32683.1875,6,0.06
367,4,100,74669,32683.1875,8,0.08
368,4,100,16907,32683.1875,27,0.27
369,4,100,155,32683.1875,0,0.0
370,4,100,110659,32683.1875,57,0.57
371,4,100,106242,32683.1875,74,0.74
372,4,100,110659,32683.1875,82,0.82
373,4,100,106242,32683.1875,66,0.66
374,4,100,74669,32683.1875,30,0.3
375,4,100,16907,32683.1875,27,0.27
376,4,100,74669,32683.1875,59,0.59
377,4,100,134349,32683.1875,80,0.8
378,4,100,32041,32683.1875,12,0.12
379,4,100,110659,32683.1875,94,0.94
380,4,100,134349,32683.1875,24,0.24
381,4,100,110659,32683.1875,37,0.37
382,4,100,74669,32683.1875,54,0.54
383,4,100,110659,32683.1875,41,0.41
384,4,100,134349,32683.1875,17,0.17
385,4,100,134349,32683.1875,31,0.31
386,4,100,32041,32683.1875,33,0.33
387,4,100,74669,32683.1875,73,0.73
388,4,100,134349,32683.1875,52,0.52
389,4,100,74669,32683.1875,50,0.5
390,4,100,110659,32683.1875,59,0.59
391,4,100,74669,32683.1875,56,0.56
392,4,100,32041,32683.1875,28,0.28
393,4,100,710,32683.1875,1,0.01
394,4,100,74669,32683.1875,14,0.14
395,4,100,106242,32683.1875,81,0.81
396,4,100,32041,32683.1875,21,0.21
397,4,100,32041,32683.1875,7,0.07
398,4,100,308,32683.1875,0,0.0
399,4,100,32041,32683.1875,13,0.13
400,4,100,74669,32683.1875,53,0.53
401,4,100,134349,32683.1875,74,0.74
402,4,100,106242,32683.1875,88,0.88
403,4,100,106242,32683.1875,31,0.31
404,4,100,16907,32683.1875,4,0.04
405,4,100,16467,32683.1875,16,0.16
406,4,100,134349,32683.1875,66,0.66
407,4,100,74669,32683.1875,22,0.22
408,4,100,16907,32683.1875,1,0.01
409,4,100,74669,32683.1875,75,0.75
410,4,100,106242,32683.1875,83,0.83
411,4,100,32041,32683.1875,6,0.06
412,4,100,28812,32683.1875,40,0.4
413,4,100,32041,32683.1875,2,0.02
414,4,100,74669,32683.1875,36,0.36
415,4,100,106242,32683.1875,13,0.13
416,4,100,16907,32683.1875,38,0.38
417,4,100,74669,32683.1875,68,0.68
418,4,100,351,32683.1875,0,0.0
419,4,100,106242,32683.1875,31,0.31
420,4,100,32041,32683.1875,14,0.14
421,4,100,134349,32683.1875,58,0.58
422,4,100,106242,32683.1875,40,0.4
423,4,100,106242,32683.1875,29,0.29
424,4,100,32041,32683.1875,30,0.3
425,4,100,74669,32683.1875,26,0.26
426,4,100,110659,32683.1875,28,0.28
427,4,100,134349,32683.1875,27,0.27
428,4,100,74669,32683.1875,37,0.37
429,4,100,110659,32683.1875,38,0.38
430,4,100,110659,32683.1875,56,0.56
431,4,100,134349,32683.1875,88,0.88
432,4,100,110659,32683.1875,64,0.64
433,4,100,74669,32683.1875,34,0.34
434,4,100,32041,32683.1875,4,0.04
435,4,100,32041,32683.1875,15,0.15
436,4,100,32041,32683.1875,17,0.17
437,4,100,74669,32683.1875,66,0.66
438,4,100,134349,32683.1875,69,0.69
439,4,100,110659,32683.1875,30,0.3
440,4,100,74669,32683.1875,33,0.33
441,4,100,134349,32683.1875,72,0.72
442,4,100,74669,32683.1875,29,0.29
443,4,100,106242,32683.1875,24,0.24
444,4,100,74669,32683.1875,49,0.49
445,4,100,110659,32683.1875,48,0.48
446,4,100,28812,32683.1875,12,0.12
447,4,100,74669,32683.1875,23,0.23
448,4,100,110659,32683.1875,41,0.41
449,4,100,16907,32683.1875,7,0.07
450,4,100,134349,32683.1875,60,0.6
451,4,100,28812,32683.1875,54,0.54
452,4,100,16907,32683.1875,16,0.16
453,4,100,74669,32683.1875,53,0.53
454,4,100,16907,32683.1875,20,0.2
455,4,100,110659,32683.1875,57,0.57
456,4,100,110659,32683.1875,20,0.2
457,4,100,28812,32683.1875,25,0.25
458,4,100,110659,32683.1875,37,0.37
459,4,100,539,32683.1875,1,0.01
460,4,100,28812,32683.1875,9,0.09
461,4,100,106242,32683.1875,41,0.41
462,4,100,134349,32683.1875,46,0.46
463,4,100,106242,32683.1875,58,0.58
464,4,100,16907,32683.1875,16,0.16
465,4,100,16907,32683.1875,22,0.22
466,4,100,32041,32683.1875,7,0.07
467,4,100,74669,32683.1875,33,0.33
468,4,100,16907,32683.1875,45,0.45
469,4,100,16907,32683.1875,25,0.25
470,4,100,32041,32683.1875,4,0.04
471,4,100,74669,32683.1875,8,0.08
472,4,100,134349,32683.1875,69,0.69
473,4,100,134349,32683.1875,84,0.84
474,4,100,32041,32683.1875,25,0.25
475,4,100,28812,32683.1875,12,0.12
476,4,100,74669,32683.1875,77,0.77
477,4,100,106242,32683.1875,65,0.65
478,4,100,110659,32683.1875,31,0.31
479,4,100,28812,32683.1875,10,0.1
480,4,100,16467,32683.1875,38,0.38
481,4,100,74669,32683.1875,28,0.28
482,4,100,134349,32683.1875,80,0.8
483,4,100,74669,32683.1875,43,0.43
484,4,100,110659,32683.1875,12,0.12
485,4,100,74669,32683.1875,23,0.23
486,4,100,16907,32683.1875,44,0.44
487,4,100,32041,32683.1875,11,0.11
488,4,100,110659,32683.1875,39,0.39
489,4,100,28812,32683.1875,4,0.04
490,4,100,110659,32683.1875,61,0.61
491,4,100,110659,32683.1875,57,0.57
492,4,100,16907,32683.1875,58,0.58
493,4,100,134349,32683.1875,74,0.74
494,4,100,32041,32683.1875,26,0.26
495,4,100,16907,32683.1875,3,0.03
496,4,100,110659,32683.1875,18,0.18
497,4,100,134349,32683.1875,73,0.73
498,4,100,106242,32683.1875,77,0.77
499,4,100,134349,32683.1875,10,0.1
500,4,100,110659,32683.1875,31,0.31
501,4,100,351,32683.1875,1,0.01
502,4,100,32041,32683.1875,15,0.15
503,4,100,16907,32683.1875,33,0.33
504,4,100,16467,32683.1875,9,0.09
505,4,100,110659,32683.1875,50,0.5
506,4,100,16907,32683.1875,33,0.33
507,4,100,16907,32683.1875,50,0.5
508,4,100,16907,32683.1875,3,0.03
509,4,100,32041,32683.1875,22,0.22
510,4,100,16907,32683.1875,6,0.06
511,4,100,32041,32683.1875,14,0.14
512,4,100,32041,32683.1875,15,0.15
513,4,100,134349,32683.1875,30,0.3
514,4,100,74669,32683.1875,61,0.61
515,4,100,134349,32683.1875,47,0.47
516,4,100,134349,32683.1875,80,0.8
517,4,100,134349,32683.1875,83,0.83
518,4,100,74669,32683.1875,64,0.64
519,4,100,16907,32683.1875,9,0.09
520,4,100,74669,32683.1875,2,0.02
521,4,100,134349,32683.1875,44,0.44
522,4,100,16467,32683.1875,8,0.08
523,4,100,32041,32683.1875,18,0.18
524,4,100,110659,32683.1875,69,0.69
525,4,100,74669,32683.1875,24,0.24
526,4,100,155,32683.1875,0,0.0
527,4,100,32041,32683.1875,12,0.12
528,4,100,28812,32683.1875,1,0.01
529,4,100,110659,32683.1875,26,0.26
530,4,100,28812,32683.1875,7,0.07
531,4,100,106242,32683.1875,52,0.52
532,4,100,74669,32683.1875,40,0.4
533,4,100,16907,32683.1875,0,0.0
534,4,100,134349,32683.1875,58,0.58
535,4,100,310,32683.1875,2,0.02
536,4,100,32041,32683.1875,66,0.66
537,4,100,110659,32683.1875,78,0.78
538,4,100,32041,32683.1875,23,0.23
539,4,100,16907,32683.1875,5,0.05
540,4,100,32041,32683.1875,17,0.17
541,4,100,134349,32683.1875,90,0.9
542,4,100,32041,32683.1875,72,0.72
543,4,100,32041,32683.1875,12,0.12
544,4,100,74669,32683.1875,18,0.18
545,4,100,16907,32683.1875,8,0.08
546,4,100,74669,32683.1875,55,0.55
547,4,100,74669,32683.1875,16,0.16
548,4,100,32041,32683.1875,29,0.29
549,4,100,74669,32683.1875,37,0.37
550,4,100,155,32683.1875,0,0.0
551,4,100,134349,32683.1875,67,0.67
552,4,100,134349,32683.1875,80,0.8
553,4,100,110659,32683.1875,32,0.32
554,4,100,134349,32683.1875,35,0.35
555,4,100,16907,32683.1875,21,0.21
556,4,100,106242,32683.1875,61,0.61
557,4,100,308,32683.1875,0,0.0
558,4,100,110659,32683.1875,31,0.31
559,4,100,106242,32683.1875,58,0.58
560,4,100,106242,32683.1875,88,0.88
561,4,100,110659,32683.1875,65,0.65
562,4,100,134349,32683.1875,51,0.51
563,4,100,106242,32683.1875,87,0.87
564,4,100,106242,32683.1875,20,0.2
565,4,100,106242,32683.1875,31,0.31
566,4,100,74669,32683.1875,38,0.38
567,4,100,110659,32683.1875,34,0.34
568,4,100,16467,32683.1875,0,0.0
569,4,100,74669,32683.1875,65,0.65
570,4,100,32041,32683.1875,23,0.23
571,4,100,16907,32683.1875,10,0.1
572,4,100,134349,32683.1875,52,0.52
573,4,100,16907,32683.1875,1,0.01
574,4,100,134349,32683.1875,43,0.43
575,4,100,16907,32683.1875,3,0.03
576,4,100,106242,32683.1875,66,0.66
577,4,100,74669,32683.1875,7,0.07
578,4,100,16907,32683.1875,9,0.09
579,4,100,74669,32683.1875,22,0.22
580,4,100,106242,32683.1875,42,0.42
581,4,100,110659,32683.1875,43,0.43
582,4,100,110659,32683.1875,22,0.22
583,4,100,110659,32683.1875,35,0.35
584,4,100,32041,32683.1875,40,0.4
585,4,100,248,32683.1875,0,0.0
586,4,100,16467,32683.1875,16,0.16
587,4,100,106242,32683.1875,91,0.91
588,4,100,32041,32683.1875,29,0.29
589,4,100,110659,32683.1875,49,0.49
590,4,100,16467,32683.1875,46,0.46
591,4,100,74669,32683.1875,41,0.41
592,4,100,74669,32683.1875,54,0.54
593,4,100,134349,32683.1875,32,0.32
594,4,100,106242,32683.1875,95,0.95
595,4,100,110659,32683.1875,70,0.7
596,4,100,134349,32683.1875,58,0.58
597,4,100,74669,32683.1875,10,0.1
598,4,100,74669,32683.1875,45,0.45
599,4,100,32041,32683.1875,52,0.52
600,4,100,16907,32683.1875,68,0.68
601,4,100,32041,32683.1875,77,0.77
602,4,100,32041,32683.1875,0,0.0
603,4,100,28812,32683.1875,35,0.35
604,4,100,110659,32683.1875,63,0.63
605,4,100,110659,32683.1875,42,0.42
606,4,100,134349,32683.1875,23,0.23
607,4,100,28812,32683.1875,23,0.23
608,4,100,248,32683.1875,0,0.0
609,4,100,74669,32683.1875,68,0.68
610,4,100,32041,32683.1875,43,0.43
611,4,100,74669,32683.1875,31,0.31
612,4,100,16907,32683.1875,39,0.39
613,4,100,74669,32683.1875,0,0.0
614,4,100,110659,32683.1875,28,0.28
615,4,100,32041,32683.1875,30,0.3
616,4,100,134349,32683.1875,92,0.92
617,4,100,106242,32683.1875,58,0.58
618,4,100,74669,32683.1875,15,0.15
619,4,100,16907,32683.1875,9,0.09
620,4,100,16907,32683.1875,2,0.02
621,4,100,16907,32683.1875,16,0.16
622,4,100,106242,32683.1875,45,0.45
623,4,100,134349,32683.1875,72,0.72
624,4,100,32041,32683.1875,34,0.34
625,4,100,106242,32683.1875,15,0.15
626,4,100,106242,32683.1875,43,0.43
627,4,100,164,32683.1875,0,0.0
628,4,100,106242,32683.1875,18,0.18
629,4,100,110659,32683.1875,35,0.35
630,4,100,110659,32683.1875,68,0.68
631,4,100,74669,32683.1875,20,0.2
632,4,100,16907,32683.1875,40,0.4
633,4,100,74669,32683.1875,28,0.28
634,4,100,110659,32683.1875,48,0.48
635,4,100,110659,32683.1875,70,0.7
636,4,100,16907,32683.1875,0,0.0
637,4,100,110659,32683.1875,43,0.43
638,4,100,74669,32683.1875,36,0.36
639,4,100,351,32683.1875,2,0.02
640,4,100,74669,32683.1875,60,0.6
641,4,100,106242,32683.1875,24,0.24
642,4,100,32041,32683.1875,34,0.34
643,4,100,110659,32683.1875,54,0.54
644,4,100,134349,32683.1875,32,0.32
645,4,100,16467,32683.1875,12,0.12
646,4,100,16907,32683.1875,25,0.25
647,4,100,32041,32683.1875,12,0.12
648,4,100,16467,32683.1875,12,0.12
649,4,100,155,32683.1875,0,0.0
650,4,100,110659,32683.1875,47,0.47
651,4,100,539,32683.1875,0,0.0
652,4,100,32041,32683.1875,27,0.27
653,4,100,110659,32683.1875,20,0.2
654,4,100,16907,32683.1875,22,0.22
655,4,100,74669,32683.1875,32,0.32
656,4,100,110659,32683.1875,63,0.63
657,4,100,106242,32683.1875,31,0.31
658,4,100,74669,32683.1875,18,0.18
659,4,100,134349,32683.1875,52,0.52
660,4,100,106242,32683.1875,69,0.69
661,4,100,134349,32683.1875,41,0.41
662,4,100,110659,32683.1875,11,0.11
663,4,100,134349,32683.1875,32,0.32
664,4,100,110659,32683.1875,49,0.49
665,4,100,28812,32683.1875,28,0.28
666,4,100,32041,32683.1875,22,0.22
667,4,100,32041,32683.1875,4,0.04
668,4,100,28812,32683.1875,55,0.55
669,4,100,32041,32683.1875,20,0.2
670,4,100,74669,32683.1875,65,0.65
671,4,100,106242,32683.1875,38,0.38
672,4,100,74669,32683.1875,41,0.41
673,4,100,32041,32683.1875,36,0.36
674,4,100,28812,32683.1875,23,0.23
675,4,100,134349,32683.1875,34,0.34
676,4,100,16907,32683.1875,3,0.03
677,4,100,110659,32683.1875,62,0.62
678,4,100,74669,32683.1875,44,0.44
679,4,100,110659,32683.1875,55,0.55
680,4,100,106242,32683.1875,65,0.65
681,4,100,16907,32683.1875,2,0.02
682,4,100,110659,32683.1875,11,0.11
683,4,100,110659,32683.1875,66,0.66
684,4,100,32041,32683.1875,9,0.09
685,4,100,32041,32683.1875,30,0.3
686,4,100,74669,32683.1875,63,0.63
687,4,100,248,32683.1875,1,0.01
688,4,100,106242,32683.1875,49,0.49
689,4,100,134349,32683.1875,18,0.18
690,4,100,106242,32683.1875,28,0.28
691,4,100,110659,32683.1875,64,0.64
692,4,100,74669,32683.1875,37,0.37
693,4,100,32041,32683.1875,2,0.02
694,4,100,74669,32683.1875,54,0.54
695,4,100,16467,32683.1875,4,0.04
696,4,100,110659,32683.1875,58,0.58
697,4,100,539,32683.1875,0,0.0
698,4,100,16907,32683.1875,6,0.06
699,4,100,110659,32683.1875,59,0.59
700,4,100,16907,32683.1875,23,0.23
701,4,100,32041,32683.1875,61,0.61
702,4,100,110659,32683.1875,9,0.09
703,4,100,16467,32683.1875,7,0.07
704,4,100,308,32683.1875,0,0.0
705,4,100,110659,32683.1875,40,0.4
706,4,100,106242,32683.1875,18,0.18
707,4,100,155,32683.1875,0,0.0
708,4,100,110659,32683.1875,65,0.65
709,4,100,32041,32683.1875,5,0.05
710,4,100,134349,32683.1875,26,0.26
711,4,100,134349,32683.1875,68,0.68
712,4,100,74669,32683.1875,17,0.17
713,4,100,16907,32683.1875,16,0.16
714,4,100,32041,32683.1875,20,0.2
715,4,100,110659,32683.1875,35,0.35
716,4,100,110659,32683.1875,5,0.05
717,4,100,28812,32683.1875,9,0.09
718,4,100,106242,32683.1875,47,0.47
719,4,100,134349,32683.1875,52,0.52
720,4,100,106242,32683.1875,81,0.81
721,4,100,74669,32683.1875,64,0.64
722,4,100,28812,32683.1875,13,0.13
723,4,100,110659,32683.1875,77,0.77
724,4,100,110659,32683.1875,3,0.03
725,4,100,106242,32683.1875,27,0.27
726,4,100,110659,32683.1875,19,0.19
727,4,100,32041,32683.1875,4,0.04
728,4,100,74669,32683.1875,76,0.76
729,4,100,110659,32683.1875,48,0.48
730,4,100,110659,32683.1875,52,0.52
731,4,100,134349,32683.1875,63,0.63
732,4,100,110659,32683.1875,19,0.19
733,4,100,110659,32683.1875,44,0.44
734,4,100,539,32683.1875,0,0.0
735,4,100,110659,32683.1875,40,0.4
736,4,100,74669,32683.1875,26,0.26
737,4,100,16907,32683.1875,37,0.37
738,4,100,134349,32683.1875,77,0.77
739,4,100,74669,32683.1875,42,0.42
740,4,100,28812,32683.1875,23,0.23
741,4,100,74669,32683.1875,15,0.15
742,4,100,310,32683.1875,0,0.0
743,4,100,74669,32683.1875,30,0.3
744,4,100,74669,32683.1875,34,0.34
745,4,100,110659,32683.1875,47,0.47
746,4,100,134349,32683.1875,55,0.55
747,4,100,110659,32683.1875,85,0.85
748,4,100,155,32683.1875,0,0.0
749,4,100,134349,32683.1875,68,0.68
750,4,100,16907,32683.1875,6,0.06
751,4,100,106242,32683.1875,50,0.5
752,4,100,106242,32683.1875,94,0.94
753,4,100,32041,32683.1875,25,0.25
754,4,100,106242,32683.1875,80,0.8
755,4,100,106242,32683.1875,53,0.53
756,4,100,74669,32683.1875,46,0.46
757,4,100,134349,32683.1875,51,0.51
758,4,100,16467,32683.1875,16,0.16
759,4,100,351,32683.1875,0,0.0
760,4,100,134349,32683.1875,35,0.35
761,4,100,74669,32683.1875,23,0.23
762,4,100,16907,32683.1875,15,0.15
763,4,100,16907,32683.1875,1,0.01
764,4,100,106242,32683.1875,54,0.54
765,4,100,110659,32683.1875,55,0.55
766,4,100,74669,32683.1875,35,0.35
767,4,100,32041,32683.1875,22,0.22
768,4,100,74669,32683.1875,21,0.21
769,4,100,16907,32683.1875,1,0.01
770,4,100,32041,32683.1875,19,0.19
771,4,100,74669,32683.1875,26,0.26
772,4,100,32041,32683.1875,30,0.3
773,4,100,32041,32683.1875,27,0.27
774,4,100,32041,32683.1875,11,0.11
775,4,100,134349,32683.1875,80,0.8
776,4,100,110659,32683.1875,60,0.6
777,4,100,32041,32683.1875,39,0.39
778,4,100,106242,32683.1875,36,0.36
779,4,100,16467,32683.1875,17,0.17
780,4,100,110659,32683.1875,26,0.26
781,4,100,74669,32683.1875,16,0.16
782,4,100,110659,32683.1875,64,0.64
783,4,100,110659,32683.1875,27,0.27
784,4,100,74669,32683.1875,23,0.23
785,4,100,110659,32683.1875,66,0.66
786,4,100,106242,32683.1875,14,0.14
787,4,100,28812,32683.1875,29,0.29
788,4,100,110659,32683.1875,66,0.66
789,4,100,16467,32683.1875,3,0.03
790,4,100,74669,32683.1875,48,0.48
791,4,100,16467,32683.1875,4,0.04
792,4,100,110659,32683.1875,44,0.44
793,4,100,134349,32683.1875,70,0.7
794,4,100,32041,32683.1875,8,0.08
795,4,100,16907,32683.1875,3,0.03
796,4,100,32041,32683.1875,17,0.17
797,4,100,134349,32683.1875,63,0.63
798,4,100,74669,32683.1875,23,0.23
799,4,100,32041,32683.1875,42,0.42
800,4,100,74669,32683.1875,34,0.34
801,4,100,134349,32683.1875,58,0.58
802,4,100,32041,32683.1875,59,0.59
803,4,100,74669,32683.1875,92,0.92
804,4,100,74669,32683.1875,32,0.32
805,4,100,106242,32683.1875,50,0.5
806,4,100,16907,32683.1875,14,0.14
807,4,100,28812,32683.1875,19,0.19
808,4,100,106242,32683.1875,51,0.51
809,4,100,110659,32683.1875,73,0.73
810,4,100,28812,32683.1875,25,0.25
811,4,100,134349,32683.1875,36,0.36
812,4,100,110659,32683.1875,40,0.4
813,4,100,110659,32683.1875,62,0.62
814,4,100,74669,32683.1875,13,0.13
815,4,100,106242,32683.1875,34,0.34
816,4,100,134349,32683.1875,38,0.38
817,4,100,74669,32683.1875,21,0.21
818,4,100,106242,32683.1875,49,0.49
819,4,100,134349,32683.1875,71,0.71
820,4,100,16907,32683.1875,0,0.0
821,4,100,106242,32683.1875,41,0.41
822,4,100,710,32683.1875,0,0.0
823,4,100,74669,32683.1875,54,0.54
824,4,100,28812,32683.1875,7,0.07
825,4,100,16907,32683.1875,34,0.34
826,4,100,32041,32683.1875,40,0.4
827,4,100,32041,32683.1875,3,0.03
828,4,100,74669,32683.1875,82,0.82
829,4,100,32041,32683.1875,10,0.1
830,4,100,106242,32683.1875,73,0.73
831,4,100,110659,32683.1875,25,0.25
832,4,100,310,32683.1875,0,0.0
833,4,100,134349,32683.1875,76,0.76
834,4,100,134349,32683.1875,25,0.25
835,4,100,32041,32683.1875,13,0.13
836,4,100,16907,32683.1875,28,0.28
837,4,100,106242,32683.1875,57,0.57
838,4,100,32041,32683.1875,45,0.45
839,4,100,106242,32683.1875,35,0.35
840,4,100,351,32683.1875,2,0.02
841,4,100,32041,32683.1875,7,0.07
842,4,100,16467,32683.1875,7,0.07
843,4,100,32041,32683.1875,10,0.1
844,4,100,106242,32683.1875,47,0.47
845,4,100,32041,32683.1875,40,0.4
846,4,100,74669,32683.1875,31,0.31
847,4,100,74669,32683.1875,63,0.63
848,4,100,16907,32683.1875,21,0.21
849,4,100,110659,32683.1875,25,0.25
850,4,100,110659,32683.1875,47,0.47
851,4,100,74669,32683.1875,23,0.23
852,4,100,110659,32683.1875,56,0.56
853,4,100,110659,32683.1875,35,0.35
854,4,100,74669,32683.1875,56,0.56
855,4,100,32041,32683.1875,10,0.1
856,4,100,106242,32683.1875,85,0.85
857,4,100,28812,32683.1875,52,0.52
858,4,100,74669,32683.1875,32,0.32
859,4,100,74669,32683.1875,19,0.19
860,4,100,110659,32683.1875,48,0.48
861,4,100,106242,32683.1875,21,0.21
862,4,100,110659,32683.1875,76,0.76
863,4,100,110659,32683.1875,30,0.3
864,4,100,16907,32683.1875,20,0.2
865,4,100,16907,32683.1875,64,0.64
866,4,100,32041,32683.1875,3,0.03
867,4,100,110659,32683.1875,55,0.55
868,4,100,308,32683.1875,2,0.02
869,4,100,710,32683.1875,2,0.02
870,4,100,74669,32683.1875,68,0.68
871,4,100,106242,32683.1875,77,0.77
872,4,100,32041,32683.1875,54,0.54
873,4,100,106242,32683.1875,51,0.51
874,4,100,110659,32683.1875,80,0.8
875,4,100,110659,32683.1875,42,0.42
876,4,100,134349,32683.1875,44,0.44
877,4,100,106242,32683.1875,62,0.62
878,4,100,351,32683.1875,1,0.01
879,4,100,16907,32683.1875,42,0.42
880,4,100,32041,32683.1875,17,0.17
881,4,100,28812,32683.1875,9,0.09
882,4,100,134349,32683.1875,72,0.72
883,4,100,74669,32683.1875,82,0.82
884,4,100,16907,32683.1875,10,0.1
885,4,100,134349,32683.1875,72,0.72
886,4,100,134349,32683.1875,91,0.91
887,4,100,16907,32683.1875,14,0.14
888,4,100,351,32683.1875,2,0.02
889,4,100,110659,32683.1875,66,0.66
890,4,100,32041,32683.1875,7,0.07
891,4,100,106242,32683.1875,30,0.3
892,4,100,74669,32683.1875,74,0.74
893,4,100,106242,32683.1875,20,0.2
894,4,100,106242,32683.1875,80,0.8
895,4,100,134349,32683.1875,33,0.33
896,4,100,110659,32683.1875,84,0.84
897,4,100,134349,32683.1875,90,0.9
898,4,100,32041,32683.1875,22,0.22
899,4,100,32041,32683.1875,11,0.11
900,4,100,351,32683.1875,3,0.03
901,4,100,134349,32683.1875,57,0.57
902,4,100,248,32683.1875,3,0.03
903,4,100,110659,32683.1875,36,0.36
904,4,100,16907,32683.1875,4,0.04
905,4,100,106242,32683.1875,38,0.38
906,4,100,32041,32683.1875,5,0.05
907,4,100,16467,32683.1875,2,0.02
908,4,100,110659,32683.1875,65,0.65
909,4,100,74669,32683.1875,24,0.24
910,4,100,110659,32683.1875,57,0.57
911,4,100,134349,32683.1875,50,0.5
912,4,100,106242,32683.1875,53,0.53
913,4,100,16907,32683.1875,15,0.15
914,4,100,106242,32683.1875,37,0.37
915,4,100,74669,32683.1875,54,0.54
916,4,100,134349,32683.1875,55,0.55
917,4,100,134349,32683.1875,87,0.87
918,4,100,28812,32683.1875,49,0.49
919,4,100,74669,32683.1875,3,0.03
920,4,100,110659,32683.1875,69,0.69
921,4,100,106242,32683.1875,19,0.19
922,4,100,110659,32683.1875,36,0.36
923,4,100,110659,32683.1875,27,0.27
924,4,100,110659,32683.1875,43,0.43
925,4,100,32041,32683.1875,38,0.38
926,4,100,110659,32683.1875,28,0.28
927,4,100,106242,32683.1875,55,0.55
928,4,100,106242,32683.1875,87,0.87
929,4,100,110659,32683.1875,75,0.75
930,4,100,134349,32683.1875,42,0.42
931,4,100,74669,32683.1875,68,0.68
932,4,100,74669,32683.1875,6,0.06
933,4,100,134349,32683.1875,9,0.09
934,4,100,74669,32683.1875,52,0.52
935,4,100,110659,32683.1875,64,0.64
936,4,100,16467,32683.1875,72,0.72
937,4,100,134349,32683.1875,63,0.63
938,4,100,110659,32683.1875,43,0.43
939,4,100,110659,32683.1875,79,0.79
940,4,100,110659,32683.1875,89,0.89
941,4,100,74669,32683.1875,81,0.81
942,4,100,32041,32683.1875,30,0.3
943,4,100,16907,32683.1875,49,0.49
944,4,100,32041,32683.1875,21,0.21
945,4,100,16907,32683.1875,53,0.53
946,4,100,110659,32683.1875,31,0.31
947,4,100,134349,32683.1875,62,0.62
948,4,100,74669,32683.1875,42,0.42
949,4,100,110659,32683.1875,46,0.46
950,4,100,74669,32683.1875,79,0.79
951,4,100,110659,32683.1875,40,0.4
952,4,100,110659,32683.1875,38,0.38
953,4,100,106242,32683.1875,27,0.27
954,4,100,28812,32683.1875,2,0.02
955,4,100,106242,32683.1875,80,0.8
956,4,100,110659,32683.1875,62,0.62
957,4,100,32041,32683.1875,44,0.44
958,4,100,110659,32683.1875,38,0.38
959,4,100,74669,32683.1875,16,0.16
960,4,100,28812,32683.1875,18,0.18
961,4,100,110659,32683.1875,75,0.75
962,4,100,74669,32683.1875,17,0.17
963,4,100,134349,32683.1875,60,0.6
964,4,100,106242,32683.1875,42,0.42
965,4,100,74669,32683.1875,30,0.3
966,4,100,74669,32683.1875,74,0.74
967,4,100,16907,32683.1875,5,0.05
968,4,100,74669,32683.1875,11,0.11
969,4,100,32041,32683.1875,22,0.22
970,4,100,16907,32683.1875,2,0.02
971,4,100,28812,32683.1875,13,0.13
972,4,100,110659,32683.1875,55,0.55
973,4,100,74669,32683.1875,35,0.35
974,4,100,74669,32683.1875,24,0.24
975,4,100,134349,32683.1875,37,0.37
976,4,100,16467,32683.1875,13,0.13
977,4,100,134349,32683.1875,28,0.28
978,4,100,74669,32683.1875,35,0.35
979,4,100,110659,32683.1875,35,0.35
980,4,100,16907,32683.1875,32,0.32
981,4,100,134349,32683.1875,45,0.45
982,4,100,110659,32683.1875,22,0.22
983,4,100,351,32683.1875,0,0.0
984,4,100,110659,32683.1875,51,0.51
985,4,100,32041,32683.1875,15,0.15
986,4,100,134349,32683.1875,54,0.54
987,4,100,28812,32683.1875,29,0.29
988,4,100,16907,32683.1875,12,0.12
989,4,100,16467,32683.1875,20,0.2
990,4,100,110659,32683.1875,56,0.56
991,4,100,32041,32683.1875,59,0.59
992,4,100,134349,32683.1875,71,0.71
993,4,100,16907,32683.1875,34,0.34
994,4,100,110659,32683.1875,62,0.62
995,4,100,106242,32683.1875,21,0.21
996,4,100,106242,32683.1875,81,0.81
997,4,100,16907,32683.1875,9,0.09
998,4,100,16907,32683.1875,10,0.1
999,4,100,110659,32683.1875,66,0.66
0,8,1,4283,2042.69921875,0,0.0
1,8,1,13638,2042.69921875,0,0.0
2,8,1,3104,2042.69921875,0,0.0
3,8,1,2923,2042.69921875,0,0.0
4,8,1,21,2042.69921875,0,0.0
5,8,1,986,2042.69921875,0,0.0
6,8,1,2994,2042.69921875,1,1.0
7,8,1,12134,2042.69921875,1,1.0
8,8,1,12134,2042.69921875,1,1.0
9,8,1,3408,2042.69921875,0,0.0
10,8,1,3104,2042.69921875,1,1.0
11,8,1,6018,2042.69921875,0,0.0
12,8,1,2050,2042.69921875,0,0.0
13,8,1,4283,2042.69921875,0,0.0
14,8,1,2126,2042.69921875,0,0.0
15,8,1,5333,2042.69921875,0,0.0
16,8,1,4660,2042.69921875,0,0.0
17,8,1,4563,2042.69921875,0,0.0
18,8,1,2923,2042.69921875,0,0.0
19,8,1,8341,2042.69921875,0,0.0
20,8,1,18,2042.69921875,0,0.0
21,8,1,8341,2042.69921875,0,0.0
22,8,1,2852,2042.69921875,0,0.0
23,8,1,11776,2042.69921875,1,1.0
24,8,1,4283,2042.69921875,0,0.0
25,8,1,2994,2042.69921875,1,1.0
26,8,1,9186,2042.69921875,1,1.0
27,8,1,706,2042.69921875,0,0.0
28,8,1,4563,2042.69921875,1,1.0
29,8,1,3675,2042.69921875,1,1.0
30,8,1,2037,2042.69921875,0,0.0
31,8,1,1797,2042.69921875,0,0.0
32,8,1,13,2042.69921875,0,0.0
33,8,1,706,2042.69921875,0,0.0
34,8,1,20518,2042.69921875,1,1.0
35,8,1,5246,2042.69921875,1,1.0
36,8,1,4283,2042.69921875,0,0.0
37,8,1,1010,2042.69921875,0,0.0
38,8,1,8890,2042.69921875,1,1.0
39,8,1,14352,2042.69921875,1,1.0
40,8,1,1088,2042.69921875,0,0.0
41,8,1,2050,2042.69921875,0,0.0
42,8,1,21431,2042.69921875,1,1.0
43,8,1,18,2042.69921875,1,1.0
44,8,1,6228,2042.69921875,1,1.0
45,8,1,2923,2042.69921875,1,1.0
46,8,1,20518,2042.69921875,0,0.0
47,8,1,398,2042.69921875,0,0.0
48,8,1,1146,2042.69921875,0,0.0
49,8,1,2994,2042.69921875,1,1.0
50,8,1,3104,2042.69921875,1,1.0
51,8,1,1785,2042.69921875,0,0.0
52,8,1,21431,2042.69921875,0,0.0
53,8,1,6228,2042.69921875,0,0.0
54,8,1,4950,2042.69921875,1,1.0
55,8,1,22661,2042.69921875,1,1.0
56,8,1,2994,2042.69921875,1,1.0
57,8,1,20518,2042.69921875,1,1.0
58,8,1,706,2042.69921875,0,0.0
59,8,1,3104,2042.69921875,0,0.0
60,8,1,13218,2042.69921875,1,1.0
61,8,1,12911,2042.69921875,1,1.0
62,8,1,4660,2042.69921875,0,0.0
63,8,1,22661,2042.69921875,0,0.0
64,8,1,18293,2042.69921875,1,1.0
65,8,1,528,2042.69921875,0,0.0
66,8,1,6960,2042.69921875,1,1.0
67,8,1,1171,2042.69921875,0,0.0
68,8,1,1706,2042.69921875,1,1.0
69,8,1,15906,2042.69921875,1,1.0
70,8,1,2715,2042.69921875,0,0.0
71,8,1,13638,2042.69921875,0,0.0
72,8,1,13,2042.69921875,0,0.0
73,8,1,14352,2042.69921875,1,1.0
74,8,1,1146,2042.69921875,0,0.0
75,8,1,5333,2042.69921875,1,1.0
76,8,1,9992,2042.69921875,0,0.0
77,8,1,12134,2042.69921875,0,0.0
78,8,1,13638,2042.69921875,0,0.0
79,8,1,12134,2042.69921875,0,0.0
80,8,1,1640,2042.69921875,0,0.0
81,8,1,8341,2042.69921875,0,0.0
82,8,1,3611,2042.69921875,0,0.0
83,8,1,1300,2042.69921875,0,0.0
84,8,1,1692,2042.69921875,0,0.0
85,8,1,15906,2042.69921875,1,1.0
86,8,1,21431,2042.69921875,1,1.0
87,8,1,4416,2042.69921875,0,0.0
88,8,1,527,2042.69921875,1,1.0
89,8,1,1277,2042.69921875,1,1.0
90,8,1,18293,2042.69921875,0,0.0
91,8,1,6018,2042.69921875,0,0.0
92,8,1,5333,2042.69921875,0,0.0
93,8,1,22661,2042.69921875,1,1.0
94,8,1,21431,2042.69921875,1,1.0
95,8,1,2396,2042.69921875,0,0.0
96,8,1,8890,2042.69921875,0,0.0
97,8,1,4283,2042.69921875,1,1.0
98,8,1,4283,2042.69921875,0,0.0
99,8,1,20,2042.69921875,0,0.0
100,8,1,8341,2042.69921875,0,0.0
101,8,1,8890,2042.69921875,1,1.0
102,8,1,12134,2042.69921875,1,1.0
103,8,1,645,2042.69921875,0,0.0
104,8,1,3446,2042.69921875,0,0.0
105,8,1,1511,2042.69921875,0,0.0
106,8,1,20518,2042.69921875,0,0.0
107,8,1,3784,2042.69921875,0,0.0
108,8,1,4416,2042.69921875,0,0.0
109,8,1,1679,2042.69921875,0,0.0
110,8,1,317,2042.69921875,0,0.0
111,8,1,8890,2042.69921875,1,1.0
112,8,1,13638,2042.69921875,0,0.0
113,8,1,1692,2042.69921875,0,0.0
114,8,1,986,2042.69921875,0,0.0
115,8,1,13638,2042.69921875,0,0.0
116,8,1,819,2042.69921875,0,0.0
117,8,1,16744,2042.69921875,0,0.0
118,8,1,2923,2042.69921875,1,1.0
119,8,1,19270,2042.69921875,1,1.0
120,8,1,14352,2042.69921875,1,1.0
121,8,1,23,2042.69921875,0,0.0
122,8,1,4660,2042.69921875,0,0.0
123,8,1,21431,2042.69921875,0,0.0
124,8,1,7,2042.69921875,0,0.0
125,8,1,8890,2042.69921875,0,0.0
126,8,1,17429,2042.69921875,1,1.0
127,8,1,645,2042.69921875,1,1.0
128,8,1,5333,2042.69921875,0,0.0
129,8,1,9186,2042.69921875,0,0.0
130,8,1,3675,2042.69921875,1,1.0
131,8,1,5244,2042.69921875,0,0.0
132,8,1,2067,2042.69921875,0,0.0
133,8,1,147,2042.69921875,0,0.0
134,8,1,1692,2042.69921875,0,0.0
135,8,1,9186,2042.69921875,1,1.0
136,8,1,4660,2042.69921875,0,0.0
137,8,1,8890,2042.69921875,0,0.0
138,8,1,13638,2042.69921875,0,0.0
139,8,1,4283,2042.69921875,0,0.0
140,8,1,2,2042.69921875,0,0.0
141,8,1,986,2042.69921875,0,0.0
142,8,1,331,2042.69921875,1,1.0
143,8,1,5333,2042.69921875,0,0.0
144,8,1,3852,2042.69921875,0,0.0
145,8,1,15906,2042.69921875,1,1.0
146,8,1,18293,2042.69921875,1,1.0
147,8,1,4563,2042.69921875,0,0.0
148,8,1,9186,2042.69921875,0,0.0
149,8,1,4283,2042.69921875,1,1.0
150,8,1,4950,2042.69921875,0,0.0
151,8,1,6524,2042.69921875,0,0.0
152,8,1,2923,2042.69921875,1,1.0
153,8,1,20518,2042.69921875,0,0.0
154,8,1,20518,2042.69921875,1,1.0
155,8,1,645,2042.69921875,0,0.0
156,8,1,22661,2042.69921875,0,0.0
157,8,1,745,2042.69921875,0,0.0
158,8,1,4283,2042.69921875,0,0.0
159,8,1,3163,2042.69921875,0,0.0
160,8,1,4505,2042.69921875,0,0.0
161,8,1,18293,2042.69921875,1,1.0
162,8,1,16744,2042.69921875,1,1.0
163,8,1,1511,2042.69921875,0,0.0
164,8,1,1010,2042.69921875,0,0.0
165,8,1,1747,2042.69921875,0,0.0
166,8,1,3905,2042.69921875,1,1.0
167,8,1,12134,2042.69921875,0,0.0
168,8,1,1614,2042.69921875,0,0.0
169,8,1,14352,2042.69921875,1,1.0
170,8,1,17,2042.69921875,0,0.0
171,8,1,11776,2042.69921875,0,0.0
172,8,1,2923,2042.69921875,0,0.0
173,8,1,12134,2042.69921875,0,0.0
174,8,1,5244,2042.69921875,0,0.0
175,8,1,12911,2042.69921875,0,0.0
176,8,1,18293,2042.69921875,0,0.0
177,8,1,2923,2042.69921875,0,0.0
178,8,1,1184,2042.69921875,1,1.0
179,8,1,4950,2042.69921875,0,0.0
180,8,1,15906,2042.69921875,0,0.0
181,8,1,4456,2042.69921875,1,1.0
182,8,1,11776,2042.69921875,1,1.0
183,8,1,2149,2042.69921875,0,0.0
184,8,1,4461,2042.69921875,0,0.0
185,8,1,8341,2042.69921875,0,0.0
186,8,1,1010,2042.69921875,0,0.0
187,8,1,3408,2042.69921875,0,0.0
188,8,1,5244,2042.69921875,1,1.0
189,8,1,19270,2042.69921875,1,1.0
190,8,1,4283,2042.69921875,1,1.0
191,8,1,2923,2042.69921875,0,0.0
192,8,1,1692,2042.69921875,0,0.0
193,8,1,4416,2042.69921875,0,0.0
194,8,1,11776,2042.69921875,1,1.0
195,8,1,21431,2042.69921875,1,1.0
196,8,1,1010,2042.69921875,0,0.0
197,8,1,2149,2042.69921875,0,0.0
198,8,1,16744,2042.69921875,0,0.0
199,8,1,2994,2042.69921875,1,1.0
200,8,1,18293,2042.69921875,0,0.0
201,8,1,3163,2042.69921875,1,1.0
202,8,1,20518,2042.69921875,0,0.0
203,8,1,1640,2042.69921875,0,0.0
204,8,1,28,2042.69921875,0,0.0
205,8,1,5244,2042.69921875,0,0.0
206,8,1,2149,2042.69921875,0,0.0
207,8,1,13638,2042.69921875,0,0.0
208,8,1,3104,2042.69921875,0,0.0
209,8,1,4660,2042.69921875,0,0.0
210,8,1,15906,2042.69921875,1,1.0
211,8,1,11776,2042.69921875,1,1.0
212,8,1,26,2042.69921875,0,0.0
213,8,1,9992,2042.69921875,1,1.0
214,8,1,1614,2042.69921875,0,0.0
215,8,1,4505,2042.69921875,0,0.0
216,8,1,4660,2042.69921875,1,1.0
217,8,1,20518,2042.69921875,0,0.0
218,8,1,2050,2042.69921875,1,1.0
219,8,1,18293,2042.69921875,0,0.0
220,8,1,1706,2042.69921875,0,0.0
221,8,1,4563,2042.69921875,1,1.0
222,8,1,21431,2042.69921875,1,1.0
223,8,1,22661,2042.69921875,1,1.0
224,8,1,4505,2042.69921875,0,0.0
225,8,1,14352,2042.69921875,1,1.0
226,8,1,6228,2042.69921875,0,0.0
227,8,1,5333,2042.69921875,1,1.0
228,8,1,4950,2042.69921875,0,0.0
229,8,1,18293,2042.69921875,0,0.0
230,8,1,4461,2042.69921875,0,0.0
231,8,1,147,2042.69921875,0,0.0
232,8,1,11776,2042.69921875,0,0.0
233,8,1,5333,2042.69921875,0,0.0
234,8,1,528,2042.69921875,0,0.0
235,8,1,4505,2042.69921875,0,0.0
236,8,1,4660,2042.69921875,1,1.0
237,8,1,756,2042.69921875,0,0.0
238,8,1,567,2042.69921875,0,0.0
239,8,1,1305,2042.69921875,0,0.0
240,8,1,11776,2042.69921875,0,0.0
241,8,1,12134,2042.69921875,1,1.0
242,8,1,88,2042.69921875,0,0.0
243,8,1,1785,2042.69921875,0,0.0
244,8,1,4416,2042.69921875,0,0.0
245,8,1,12134,2042.69921875,1,1.0
246,8,1,13638,2042.69921875,1,1.0
247,8,1,20518,2042.69921875,1,1.0
248,8,1,1511,2042.69921875,0,0.0
249,8,1,18293,2042.69921875,0,0.0
250,8,1,21431,2042.69921875,0,0.0
251,8,1,317,2042.69921875,0,0.0
252,8,1,2656,2042.69921875,0,0.0
253,8,1,5499,2042.69921875,0,0.0
254,8,1,5220,2042.69921875,0,0.0
255,8,1,4505,2042.69921875,0,0.0
256,8,1,1785,2042.69921875,0,0.0
257,8,1,6018,2042.69921875,1,1.0
258,8,1,19270,2042.69921875,0,0.0
259,8,1,5333,2042.69921875,0,0.0
260,8,1,15906,2042.69921875,0,0.0
261,8,1,223,2042.69921875,0,0.0
262,8,1,13218,2042.69921875,1,1.0
263,8,1,13218,2042.69921875,0,0.0
264,8,1,9992,2042.69921875,0,0.0
265,8,1,4416,2042.69921875,0,0.0
266,8,1,3784,2042.69921875,0,0.0
267,8,1,1785,2042.69921875,0,0.0
268,8,1,2852,2042.69921875,0,0.0
269,8,1,12911,2042.69921875,1,1.0
270,8,1,14352,2042.69921875,0,0.0
271,8,1,2715,2042.69921875,0,0.0
272,8,1,654,2042.69921875,0,0.0
273,8,1,2434,2042.69921875,0,0.0
274,8,1,2050,2042.69921875,1,1.0
275,8,1,3611,2042.69921875,0,0.0
276,8,1,3784,2042.69921875,0,0.0
277,8,1,1305,2042.69921875,0,0.0
278,8,1,15906,2042.69921875,1,1.0
279,8,1,1998,2042.69921875,0,0.0
280,8,1,6228,2042.69921875,1,1.0
281,8,1,3852,2042.69921875,0,0.0
282,8,1,1705,2042.69921875,0,0.0
283,8,1,4563,2042.69921875,1,1.0
284,8,1,1998,2042.69921875,0,0.0
285,8,1,590,2042.69921875,1,1.0
286,8,1,3852,2042.69921875,1,1.0
287,8,1,13638,2042.69921875,1,1.0
288,8,1,13218,2042.69921875,1,1.0
289,8,1,986,2042.69921875,0,0.0
290,8,1,4056,2042.69921875,0,0.0
291,8,1,2050,2042.69921875,0,0.0
292,8,1,16744,2042.69921875,0,0.0
293,8,1,3675,2042.69921875,0,0.0
294,8,1,2149,2042.69921875,1,1.0
295,8,1,19270,2042.69921875,1,1.0
296,8,1,1640,2042.69921875,0,0.0
297,8,1,2037,2042.69921875,0,0.0
298,8,1,3675,2042.69921875,1,1.0
299,8,1,4660,2042.69921875,0,0.0
300,8,1,9,2042.69921875,0,0.0
301,8,1,18293,2042.69921875,1,1.0
302,8,1,11776,2042.69921875,0,0.0
303,8,1,50,2042.69921875,0,0.0
304,8,1,6018,2042.69921875,1,1.0
305,8,1,19270,2042.69921875,0,0.0
306,8,1,1184,2042.69921875,0,0.0
307,8,1,6018,2042.69921875,1,1.0
308,8,1,5333,2042.69921875,0,0.0
309,8,1,6426,2042.69921875,1,1.0
310,8,1,19270,2042.69921875,0,0.0
311,8,1,2149,2042.69921875,0,0.0
312,8,1,2994,2042.69921875,1,1.0
313,8,1,499,2042.69921875,0,0.0
314,8,1,744,2042.69921875,0,0.0
315,8,1,14352,2042.69921875,0,0.0
316,8,1,2067,2042.69921875,0,0.0
317,8,1,2037,2042.69921875,1,1.0
318,8,1,17,2042.69921875,0,0.0
319,8,1,986,2042.69921875,0,0.0
320,8,1,2050,2042.69921875,0,0.0
321,8,1,1335,2042.69921875,1,1.0
322,8,1,17429,2042.69921875,1,1.0
323,8,1,9992,2042.69921875,1,1.0
324,8,1,4416,2042.69921875,0,0.0
325,8,1,1305,2042.69921875,0,0.0
326,8,1,2990,2042.69921875,0,0.0
327,8,1,1797,2042.69921875,0,0.0
328,8,1,5499,2042.69921875,1,1.0
329,8,1,16744,2042.69921875,0,0.0
330,8,1,9167,2042.69921875,0,0.0
331,8,1,20,2042.69921875,0,0.0
332,8,1,4950,2042.69921875,0,0.0
333,8,1,2041,2042.69921875,1,1.0
334,8,1,4950,2042.69921875,0,0.0
335,8,1,744,2042.69921875,0,0.0
336,8,1,4461,2042.69921875,0,0.0
337,8,1,317,2042.69921875,0,0.0
338,8,1,22661,2042.69921875,1,1.0
339,8,1,16744,2042.69921875,0,0.0
340,8,1,5220,2042.69921875,1,1.0
341,8,1,8890,2042.69921875,0,0.0
342,8,1,4505,2042.69921875,1,1.0
343,8,1,8341,2042.69921875,0,0.0
344,8,1,2923,2042.69921875,1,1.0
345,8,1,22661,2042.69921875,0,0.0
346,8,1,26,2042.69921875,0,0.0
347,8,1,1998,2042.69921875,1,1.0
348,8,1,3446,2042.69921875,1,1.0
349,8,1,41,2042.69921875,0,0.0
350,8,1,1706,2042.69921875,1,1.0
351,8,1,4283,2042.69921875,0,0.0
352,8,1,4416,2042.69921875,0,0.0
353,8,1,8890,2042.69921875,0,0.0
354,8,1,1010,2042.69921875,0,0.0
355,8,1,22661,2042.69921875,1,1.0
356,8,1,2312,2042.69921875,0,0.0
357,8,1,22661,2042.69921875,1,1.0
358,8,1,14352,2042.69921875,1,1.0
359,8,1,12911,2042.69921875,1,1.0
360,8,1,30,2042.69921875,0,0.0
361,8,1,581,2042.69921875,0,0.0
362,8,1,689,2042.69921875,0,0.0
363,8,1,27,2042.69921875,0,0.0
364,8,1,2994,2042.69921875,0,0.0
365,8,1,528,2042.69921875,0,0.0
366,8,1,4594,2042.69921875,0,0.0
367,8,1,8890,2042.69921875,0,0.0
368,8,1,317,2042.69921875,0,0.0
369,8,1,49,2042.69921875,0,0.0
370,8,1,11776,2042.69921875,0,0.0
371,8,1,13218,2042.69921875,0,0.0
372,8,1,11776,2042.69921875,1,1.0
373,8,1,6960,2042.69921875,0,0.0
374,8,1,9186,2042.69921875,0,0.0
375,8,1,2994,2042.69921875,0,0.0
376,8,1,5333,2042.69921875,0,0.0
377,8,1,22661,2042.69921875,1,1.0
378,8,1,4950,2042.69921875,0,0.0
379,8,1,4660,2042.69921875,1,1.0
380,8,1,21431,2042.69921875,0,0.0
381,8,1,20518,2042.69921875,0,0.0
382,8,1,2923,2042.69921875,0,0.0
383,8,1,12911,2042.69921875,1,1.0
384,8,1,5220,2042.69921875,0,0.0
385,8,1,21431,2042.69921875,0,0.0
386,8,1,1706,2042.69921875,0,0.0
387,8,1,2990,2042.69921875,1,1.0
388,8,1,6426,2042.69921875,0,0.0
389,8,1,3905,2042.69921875,0,0.0
390,8,1,1511,2042.69921875,0,0.0
391,8,1,5333,2042.69921875,1,1.0
392,8,1,1747,2042.69921875,0,0.0
393,8,1,100,2042.69921875,0,0.0
394,8,1,12134,2042.69921875,0,0.0
395,8,1,4456,2042.69921875,0,0.0
396,8,1,1706,2042.69921875,0,0.0
397,8,1,744,2042.69921875,0,0.0
398,8,1,21,2042.69921875,0,0.0
399,8,1,1184,2042.69921875,0,0.0
400,8,1,5333,2042.69921875,0,0.0
401,8,1,5244,2042.69921875,0,0.0
402,8,1,13218,2042.69921875,1,1.0
403,8,1,14352,2042.69921875,0,0.0
404,8,1,2149,2042.69921875,0,0.0
405,8,1,2067,2042.69921875,0,0.0
406,8,1,4505,2042.69921875,1,1.0
407,8,1,8890,2042.69921875,1,1.0
408,8,1,654,2042.69921875,0,0.0
409,8,1,9186,2042.69921875,0,0.0
410,8,1,19270,2042.69921875,1,1.0
411,8,1,1184,2042.69921875,0,0.0
412,8,1,6018,2042.69921875,0,0.0
413,8,1,4950,2042.69921875,0,0.0
414,8,1,3905,2042.69921875,0,0.0
415,8,1,4056,2042.69921875,0,0.0
416,8,1,645,2042.69921875,1,1.0
417,8,1,3905,2042.69921875,1,1.0
418,8,1,25,2042.69921875,0,0.0
419,8,1,19270,2042.69921875,0,0.0
420,8,1,1747,2042.69921875,0,0.0
421,8,1,2434,2042.69921875,0,0.0
422,8,1,13218,2042.69921875,0,0.0
423,8,1,1640,2042.69921875,1,1.0
424,8,1,689,2042.69921875,0,0.0
425,8,1,13638,2042.69921875,1,1.0
426,8,1,18293,2042.69921875,0,0.0
427,8,1,22661,2042.69921875,0,0.0
428,8,1,2041,2042.69921875,0,0.0
429,8,1,18293,2042.69921875,0,0.0
430,8,1,18293,2042.69921875,1,1.0
431,8,1,22661,2042.69921875,0,0.0
432,8,1,20518,2042.69921875,0,0.0
433,8,1,3905,2042.69921875,0,0.0
434,8,1,4950,2042.69921875,0,0.0
435,8,1,1146,2042.69921875,0,0.0
436,8,1,3675,2042.69921875,0,0.0
437,8,1,1277,2042.69921875,0,0.0
438,8,1,21431,2042.69921875,1,1.0
439,8,1,8341,2042.69921875,1,1.0
440,8,1,2715,2042.69921875,0,0.0
441,8,1,5246,2042.69921875,0,0.0
442,8,1,13638,2042.69921875,0,0.0
443,8,1,13218,2042.69921875,1,1.0
444,8,1,12134,2042.69921875,1,1.0
445,8,1,6228,2042.69921875,0,0.0
446,8,1,3163,2042.69921875,0,0.0
447,8,1,1679,2042.69921875,0,0.0
448,8,1,11776,2042.69921875,0,0.0
449,8,1,645,2042.69921875,1,1.0
450,8,1,21431,2042.69921875,0,0.0
451,8,1,1071,2042.69921875,0,0.0
452,8,1,986,2042.69921875,0,0.0
453,8,1,9186,2042.69921875,1,1.0
454,8,1,2994,2042.69921875,0,0.0
455,8,1,6228,2042.69921875,1,1.0
456,8,1,18293,2042.69921875,0,0.0
457,8,1,6018,2042.69921875,0,0.0
458,8,1,18293,2042.69921875,0,0.0
459,8,1,13,2042.69921875,0,0.0
460,8,1,6018,2042.69921875,0,0.0
461,8,1,19270,2042.69921875,0,0.0
462,8,1,21431,2042.69921875,1,1.0
463,8,1,13218,2042.69921875,0,0.0
464,8,1,645,2042.69921875,0,0.0
465,8,1,2050,2042.69921875,1,1.0
466,8,1,4416,2042.69921875,0,0.0
467,8,1,13638,2042.69921875,0,0.0
468,8,1,581,2042.69921875,0,0.0
469,8,1,645,2042.69921875,0,0.0
470,8,1,4283,2042.69921875,0,0.0
471,8,1,8890,2042.69921875,0,0.0
472,8,1,1171,2042.69921875,0,0.0
473,8,1,9992,2042.69921875,1,1.0
474,8,1,4416,2042.69921875,0,0.0
475,8,1,4594,2042.69921875,1,1.0
476,8,1,13638,2042.69921875,1,1.0
477,8,1,16744,2042.69921875,1,1.0
478,8,1,20518,2042.69921875,0,0.0
479,8,1,331,2042.69921875,0,0.0
480,8,1,756,2042.69921875,0,0.0
481,8,1,2126,2042.69921875,1,1.0
482,8,1,21431,2042.69921875,1,1.0
483,8,1,12134,2042.69921875,1,1.0
484,8,1,20518,2042.69921875,0,0.0
485,8,1,2126,2042.69921875,0,0.0
486,8,1,1797,2042.69921875,0,0.0
487,8,1,1184,2042.69921875,0,0.0
488,8,1,11776,2042.69921875,0,0.0
489,8,1,1587,2042.69921875,0,0.0
490,8,1,6228,2042.69921875,0,0.0
491,8,1,11776,2042.69921875,1,1.0
492,8,1,202,2042.69921875,0,0.0
493,8,1,1705,2042.69921875,0,0.0
494,8,1,1146,2042.69921875,0,0.0
495,8,1,2050,2042.69921875,0,0.0
496,8,1,4208,2042.69921875,1,1.0
497,8,1,17429,2042.69921875,1,1.0
498,8,1,16744,2042.69921875,1,1.0
499,8,1,22661,2042.69921875,0,0.0
500,8,1,18293,2042.69921875,1,1.0
501,8,1,58,2042.69921875,0,0.0
502,8,1,1184,2042.69921875,0,0.0
503,8,1,986,2042.69921875,0,0.0
504,8,1,2852,2042.69921875,0,0.0
505,8,1,20518,2042.69921875,1,1.0
506,8,1,581,2042.69921875,0,0.0
507,8,1,2149,2042.69921875,1,1.0
508,8,1,1797,2042.69921875,0,0.0
509,8,1,1785,2042.69921875,0,0.0
510,8,1,2037,2042.69921875,0,0.0
511,8,1,1747,2042.69921875,1,1.0
512,8,1,4283,2042.69921875,0,0.0
513,8,1,1705,2042.69921875,0,0.0
514,8,1,5333,2042.69921875,1,1.0
515,8,1,4505,2042.69921875,0,0.0
516,8,1,17429,2042.69921875,0,0.0
517,8,1,22661,2042.69921875,1,1.0
518,8,1,4461,2042.69921875,1,1.0
519,8,1,745,2042.69921875,0,0.0
520,8,1,4461,2042.69921875,0,0.0
521,8,1,21431,2042.69921875,1,1.0
522,8,1,754,2042.69921875,0,0.0
523,8,1,3675,2042.69921875,0,0.0
524,8,1,3611,2042.69921875,0,0.0
525,8,1,2126,2042.69921875,1,1.0
526,8,1,5,2042.69921875,0,0.0
527,8,1,4416,2042.69921875,0,0.0
528,8,1,6018,2042.69921875,0,0.0
529,8,1,2656,2042.69921875,0,0.0
530,8,1,3446,2042.69921875,0,0.0
531,8,1,16744,2042.69921875,1,1.0
532,8,1,2990,2042.69921875,0,0.0
533,8,1,2149,2042.69921875,0,0.0
534,8,1,22661,2042.69921875,0,0.0
535,8,1,28,2042.69921875,0,0.0
536,8,1,1706,2042.69921875,0,0.0
537,8,1,4208,2042.69921875,0,0.0
538,8,1,1184,2042.69921875,0,0.0
539,8,1,2149,2042.69921875,0,0.0
540,8,1,4950,2042.69921875,0,0.0
541,8,1,15906,2042.69921875,0,0.0
542,8,1,1998,2042.69921875,1,1.0
543,8,1,1706,2042.69921875,0,0.0
544,8,1,12134,2042.69921875,0,0.0
545,8,1,2050,2042.69921875,0,0.0
546,8,1,781,2042.69921875,0,0.0
547,8,1,12134,2042.69921875,1,1.0
548,8,1,4950,2042.69921875,1,1.0
549,8,1,13638,2042.69921875,1,1.0
550,8,1,11,2042.69921875,0,0.0
551,8,1,15906,2042.69921875,1,1.0
552,8,1,4505,2042.69921875,1,1.0
553,8,1,2656,2042.69921875,1,1.0
554,8,1,17429,2042.69921875,0,0.0
555,8,1,2149,2042.69921875,0,0.0
556,8,1,13218,2042.69921875,1,1.0
557,8,1,40,2042.69921875,0,0.0
558,8,1,18293,2042.69921875,1,1.0
559,8,1,14352,2042.69921875,1,1.0
560,8,1,13218,2042.69921875,0,0.0
561,8,1,18293,2042.69921875,0,0.0
562,8,1,17429,2042.69921875,0,0.0
563,8,1,14352,2042.69921875,1,1.0
564,8,1,2396,2042.69921875,0,0.0
565,8,1,19270,2042.69921875,1,1.0
566,8,1,12134,2042.69921875,1,1.0
567,8,1,20518,2042.69921875,1,1.0
568,8,1,2067,2042.69921875,0,0.0
569,8,1,5333,2042.69921875,0,0.0
570,8,1,4950,2042.69921875,0,0.0
571,8,1,645,2042.69921875,0,0.0
572,8,1,5220,2042.69921875,0,0.0
573,8,1,986,2042.69921875,0,0.0
574,8,1,17429,2042.69921875,0,0.0
575,8,1,2994,2042.69921875,0,0.0
576,8,1,6524,2042.69921875,0,0.0
577,8,1,1679,2042.69921875,0,0.0
578,8,1,2037,2042.69921875,0,0.0
579,8,1,1679,2042.69921875,0,0.0
580,8,1,19270,2042.69921875,1,1.0
581,8,1,18293,2042.69921875,0,0.0
582,8,1,12911,2042.69921875,1,1.0
583,8,1,11776,2042.69921875,1,1.0
584,8,1,4283,2042.69921875,0,0.0
585,8,1,6,2042.69921875,0,0.0
586,8,1,2852,2042.69921875,1,1.0
587,8,1,6960,2042.69921875,1,1.0
588,8,1,527,2042.69921875,0,0.0
589,8,1,12911,2042.69921875,0,0.0
590,8,1,2067,2042.69921875,0,0.0
591,8,1,13638,2042.69921875,0,0.0
592,8,1,8890,2042.69921875,1,1.0
593,8,1,9992,2042.69921875,1,1.0
594,8,1,13218,2042.69921875,1,1.0
595,8,1,4660,2042.69921875,1,1.0
596,8,1,5244,2042.69921875,1,1.0
597,8,1,12134,2042.69921875,0,0.0
598,8,1,9186,2042.69921875,1,1.0
599,8,1,4416,2042.69921875,1,1.0
600,8,1,2037,2042.69921875,0,0.0
601,8,1,4950,2042.69921875,1,1.0
602,8,1,1184,2042.69921875,0,0.0
603,8,1,1561,2042.69921875,0,0.0
604,8,1,3104,2042.69921875,1,1.0
605,8,1,4660,2042.69921875,0,0.0
606,8,1,15906,2042.69921875,0,0.0
607,8,1,499,2042.69921875,1,1.0
608,8,1,21,2042.69921875,0,0.0
609,8,1,12134,2042.69921875,1,1.0
610,8,1,1614,2042.69921875,1,1.0
611,8,1,4461,2042.69921875,1,1.0
612,8,1,986,2042.69921875,0,0.0
613,8,1,1679,2042.69921875,0,0.0
614,8,1,11776,2042.69921875,1,1.0
615,8,1,4416,2042.69921875,0,0.0
616,8,1,15906,2042.69921875,0,0.0
617,8,1,3408,2042.69921875,1,1.0
618,8,1,3905,2042.69921875,0,0.0
619,8,1,2050,2042.69921875,0,0.0
620,8,1,745,2042.69921875,0,0.0
621,8,1,2037,2042.69921875,0,0.0
622,8,1,16744,2042.69921875,1,1.0
623,8,1,22661,2042.69921875,0,0.0
624,8,1,1010,2042.69921875,0,0.0
625,8,1,4056,2042.69921875,0,0.0
626,8,1,13218,2042.69921875,1,1.0
627,8,1,18,2042.69921875,0,0.0
628,8,1,4056,2042.69921875,1,1.0
629,8,1,20518,2042.69921875,1,1.0
630,8,1,20518,2042.69921875,0,0.0
631,8,1,590,2042.69921875,0,0.0
632,8,1,986,2042.69921875,0,0.0
633,8,1,2041,2042.69921875,1,1.0
634,8,1,18293,2042.69921875,0,0.0
635,8,1,18293,2042.69921875,0,0.0
636,8,1,2037,2042.69921875,0,0.0
637,8,1,2656,2042.69921875,0,0.0
638,8,1,13638,2042.69921875,1,1.0
639,8,1,50,2042.69921875,0,0.0
640,8,1,5333,2042.69921875,1,1.0
641,8,1,14352,2042.69921875,1,1.0
642,8,1,3675,2042.69921875,0,0.0
643,8,1,1692,2042.69921875,0,0.0
644,8,1,22661,2042.69921875,1,1.0
645,8,1,689,2042.69921875,1,1.0
646,8,1,2149,2042.69921875,0,0.0
647,8,1,4416,2042.69921875,0,0.0
648,8,1,223,2042.69921875,0,0.0
649,8,1,28,2042.69921875,0,0.0
650,8,1,6228,2042.69921875,0,0.0
651,8,1,10,2042.69921875,0,0.0
652,8,1,4416,2042.69921875,0,0.0
653,8,1,20518,2042.69921875,0,0.0
654,8,1,581,2042.69921875,1,1.0
655,8,1,9186,2042.69921875,1,1.0
656,8,1,20518,2042.69921875,1,1.0
657,8,1,2396,2042.69921875,0,0.0
658,8,1,5333,2042.69921875,1,1.0
659,8,1,21431,2042.69921875,0,0.0
660,8,1,14352,2042.69921875,1,1.0
661,8,1,1705,2042.69921875,0,0.0
662,8,1,18293,2042.69921875,0,0.0
663,8,1,21431,2042.69921875,1,1.0
664,8,1,4563,2042.69921875,0,0.0
665,8,1,4594,2042.69921875,1,1.0
666,8,1,4283,2042.69921875,1,1.0
667,8,1,1614,2042.69921875,0,0.0
668,8,1,1300,2042.69921875,1,1.0
669,8,1,567,2042.69921875,0,0.0
670,8,1,12134,2042.69921875,0,0.0
671,8,1,2396,2042.69921875,1,1.0
672,8,1,13638,2042.69921875,1,1.0
673,8,1,527,2042.69921875,0,0.0
674,8,1,309,2042.69921875,0,0.0
675,8,1,2434,2042.69921875,1,1.0
676,8,1,2037,2042.69921875,0,0.0
677,8,1,20518,2042.69921875,1,1.0
678,8,1,5333,2042.69921875,1,1.0
679,8,1,12911,2042.69921875,0,0.0
680,8,1,1305,2042.69921875,0,0.0
681,8,1,2037,2042.69921875,0,0.0
682,8,1,2656,2042.69921875,0,0.0
683,8,1,4563,2042.69921875,1,1.0
684,8,1,4283,2042.69921875,0,0.0
685,8,1,1146,2042.69921875,0,0.0
686,8,1,12134,2042.69921875,1,1.0
687,8,1,5,2042.69921875,0,0.0
688,8,1,3408,2042.69921875,0,0.0
689,8,1,21431,2042.69921875,0,0.0
690,8,1,14352,2042.69921875,0,0.0
691,8,1,11776,2042.69921875,0,0.0
692,8,1,2923,2042.69921875,0,0.0
693,8,1,744,2042.69921875,0,0.0
694,8,1,1679,2042.69921875,0,0.0
695,8,1,754,2042.69921875,0,0.0
696,8,1,18293,2042.69921875,0,0.0
697,8,1,13,2042.69921875,0,0.0
698,8,1,2050,2042.69921875,0,0.0
699,8,1,11776,2042.69921875,1,1.0
700,8,1,2994,2042.69921875,0,0.0
701,8,1,1614,2042.69921875,0,0.0
702,8,1,12911,2042.69921875,0,0.0
703,8,1,2417,2042.69921875,0,0.0
704,8,1,47,2042.69921875,0,0.0
705,8,1,20518,2042.69921875,0,0.0
706,8,1,13218,2042.69921875,0,0.0
707,8,1,1,2042.69921875,0,0.0
708,8,1,8341,2042.69921875,1,1.0
709,8,1,1706,2042.69921875,0,0.0
710,8,1,17429,2042.69921875,0,0.0
711,8,1,9167,2042.69921875,0,0.0
712,8,1,8890,2042.69921875,1,1.0
713,8,1,2149,2042.69921875,0,0.0
714,8,1,1706,2042.69921875,0,0.0
715,8,1,8341,2042.69921875,0,0.0
716,8,1,20518,2042.69921875,0,0.0
717,8,1,1335,2042.69921875,0,0.0
718,8,1,14352,2042.69921875,1,1.0
719,8,1,5220,2042.69921875,0,0.0
720,8,1,16744,2042.69921875,0,0.0
721,8,1,8890,2042.69921875,0,0.0
722,8,1,1587,2042.69921875,0,0.0
723,8,1,4660,2042.69921875,0,0.0
724,8,1,18293,2042.69921875,0,0.0
725,8,1,16744,2042.69921875,1,1.0
726,8,1,20518,2042.69921875,0,0.0
727,8,1,1614,2042.69921875,0,0.0
728,8,1,2990,2042.69921875,1,1.0
729,8,1,6228,2042.69921875,0,0.0
730,8,1,4208,2042.69921875,0,0.0
731,8,1,9167,2042.69921875,1,1.0
732,8,1,18293,2042.69921875,0,0.0
733,8,1,8341,2042.69921875,0,0.0
734,8,1,10,2042.69921875,0,0.0
735,8,1,6228,2042.69921875,1,1.0
736,8,1,12134,2042.69921875,0,0.0
737,8,1,1797,2042.69921875,1,1.0
738,8,1,9992,2042.69921875,1,1.0
739,8,1,9186,2042.69921875,0,0.0
740,8,1,6018,2042.69921875,0,0.0
741,8,1,2041,2042.69921875,0,0.0
742,8,1,28,2042.69921875,0,0.0
743,8,1,2041,2042.69921875,0,0.0
744,8,1,13638,2042.69921875,1,1.0
745,8,1,3611,2042.69921875,0,0.0
746,8,1,9167,2042.69921875,1,1.0
747,8,1,20518,2042.69921875,0,0.0
748,8,1,3,2042.69921875,0,0.0
749,8,1,21431,2042.69921875,0,0.0
750,8,1,1797,2042.69921875,0,0.0
751,8,1,1305,2042.69921875,0,0.0
752,8,1,19270,2042.69921875,1,1.0
753,8,1,1706,2042.69921875,0,0.0
754,8,1,13218,2042.69921875,0,0.0
755,8,1,16744,2042.69921875,1,1.0
756,8,1,1277,2042.69921875,0,0.0
757,8,1,15906,2042.69921875,1,1.0
758,8,1,2067,2042.69921875,0,0.0
759,8,1,27,2042.69921875,0,0.0
760,8,1,15906,2042.69921875,0,0.0
761,8,1,2715,2042.69921875,1,1.0
762,8,1,2050,2042.69921875,0,0.0
763,8,1,2050,2042.69921875,0,0.0
764,8,1,19270,2042.69921875,0,0.0
765,8,1,12911,2042.69921875,0,0.0
766,8,1,13638,2042.69921875,0,0.0
767,8,1,3675,2042.69921875,0,0.0
768,8,1,3905,2042.69921875,0,0.0
769,8,1,706,2042.69921875,0,0.0
770,8,1,4416,2042.69921875,0,0.0
771,8,1,13638,2042.69921875,0,0.0
772,8,1,744,2042.69921875,0,0.0
773,8,1,4416,2042.69921875,1,1.0
774,8,1,1010,2042.69921875,1,1.0
775,8,1,1171,2042.69921875,0,0.0
776,8,1,11776,2042.69921875,1,1.0
777,8,1,1010,2042.69921875,0,0.0
778,8,1,2396,2042.69921875,0,0.0
779,8,1,2852,2042.69921875,0,0.0
780,8,1,20518,2042.69921875,0,0.0
781,8,1,13638,2042.69921875,0,0.0
782,8,1,18293,2042.69921875,1,1.0
783,8,1,12911,2042.69921875,0,0.0
784,8,1,4461,2042.69921875,0,0.0
785,8,1,2656,2042.69921875,0,0.0
786,8,1,19270,2042.69921875,0,0.0
787,8,1,3446,2042.69921875,0,0.0
788,8,1,5499,2042.69921875,0,0.0
789,8,1,996,2042.69921875,0,0.0
790,8,1,9186,2042.69921875,0,0.0
791,8,1,2312,2042.69921875,0,0.0
792,8,1,18293,2042.69921875,0,0.0
793,8,1,9992,2042.69921875,0,0.0
794,8,1,1706,2042.69921875,0,0.0
795,8,1,645,2042.69921875,0,0.0
796,8,1,4950,2042.69921875,0,0.0
797,8,1,4505,2042.69921875,1,1.0
798,8,1,3905,2042.69921875,0,0.0
799,8,1,1146,2042.69921875,0,0.0
800,8,1,12134,2042.69921875,0,0.0
801,8,1,22661,2042.69921875,1,1.0
802,8,1,4416,2042.69921875,1,1.0
803,8,1,9186,2042.69921875,1,1.0
804,8,1,12134,2042.69921875,1,1.0
805,8,1,19270,2042.69921875,0,0.0
806,8,1,2149,2042.69921875,0,0.0
807,8,1,6018,2042.69921875,0,0.0
808,8,1,6960,2042.69921875,0,0.0
809,8,1,1511,2042.69921875,1,1.0
810,8,1,4594,2042.69921875,1,1.0
811,8,1,9167,2042.69921875,0,0.0
812,8,1,18293,2042.69921875,1,1.0
813,8,1,18293,2042.69921875,0,0.0
814,8,1,13638,2042.69921875,0,0.0
815,8,1,16744,2042.69921875,1,1.0
816,8,1,21431,2042.69921875,0,0.0
817,8,1,2041,2042.69921875,0,0.0
818,8,1,14352,2042.69921875,1,1.0
819,8,1,17429,2042.69921875,0,0.0
820,8,1,2050,2042.69921875,0,0.0
821,8,1,1640,2042.69921875,0,0.0
822,8,1,77,2042.69921875,0,0.0
823,8,1,8890,2042.69921875,1,1.0
824,8,1,3163,2042.69921875,0,0.0
825,8,1,1797,2042.69921875,0,0.0
826,8,1,689,2042.69921875,0,0.0
827,8,1,4283,2042.69921875,0,0.0
828,8,1,5333,2042.69921875,0,0.0
829,8,1,4950,2042.69921875,0,0.0
830,8,1,2396,2042.69921875,1,1.0
831,8,1,20518,2042.69921875,0,0.0
832,8,1,21,2042.69921875,0,0.0
833,8,1,4505,2042.69921875,0,0.0
834,8,1,4505,2042.69921875,0,0.0
835,8,1,4416,2042.69921875,0,0.0
836,8,1,2994,2042.69921875,0,0.0
837,8,1,19270,2042.69921875,0,0.0
838,8,1,4950,2042.69921875,1,1.0
839,8,1,3852,2042.69921875,0,0.0
840,8,1,41,2042.69921875,0,0.0
841,8,1,4416,2042.69921875,0,0.0
842,8,1,2417,2042.69921875,0,0.0
843,8,1,4950,2042.69921875,0,0.0
844,8,1,19270,2042.69921875,1,1.0
845,8,1,1184,2042.69921875,1,1.0
846,8,1,13638,2042.69921875,1,1.0
847,8,1,13638,2042.69921875,0,0.0
848,8,1,645,2042.69921875,0,0.0
849,8,1,1692,2042.69921875,0,0.0
850,8,1,20518,2042.69921875,1,1.0
851,8,1,781,2042.69921875,0,0.0
852,8,1,1088,2042.69921875,0,0.0
853,8,1,11776,2042.69921875,0,0.0
854,8,1,12134,2042.69921875,0,0.0
855,8,1,4950,2042.69921875,1,1.0
856,8,1,16744,2042.69921875,1,1.0
857,8,1,1561,2042.69921875,0,0.0
858,8,1,12134,2042.69921875,0,0.0
859,8,1,9186,2042.69921875,0,0.0
860,8,1,4660,2042.69921875,1,1.0
861,8,1,13218,2042.69921875,0,0.0
862,8,1,20518,2042.69921875,1,1.0
863,8,1,4208,2042.69921875,1,1.0
864,8,1,706,2042.69921875,0,0.0
865,8,1,654,2042.69921875,1,1.0
866,8,1,4283,2042.69921875,0,0.0
867,8,1,4660,2042.69921875,0,0.0
868,8,1,27,2042.69921875,0,0.0
869,8,1,100,2042.69921875,1,1.0
870,8,1,2923,2042.69921875,1,1.0
871,8,1,4056,2042.69921875,0,0.0
872,8,1,4950,2042.69921875,1,1.0
873,8,1,6960,2042.69921875,0,0.0
874,8,1,20518,2042.69921875,1,1.0
875,8,1,6228,2042.69921875,1,1.0
876,8,1,1171,2042.69921875,1,1.0
877,8,1,13218,2042.69921875,1,1.0
878,8,1,58,2042.69921875,0,0.0
879,8,1,2994,2042.69921875,0,0.0
880,8,1,4950,2042.69921875,0,0.0
881,8,1,3446,2042.69921875,0,0.0
882,8,1,5220,2042.69921875,1,1.0
883,8,1,1679,2042.69921875,0,0.0
884,8,1,1797,2042.69921875,0,0.0
885,8,1,21431,2042.69921875,1,1.0
886,8,1,22661,2042.69921875,0,0.0
887,8,1,2050,2042.69921875,0,0.0
888,8,1,50,2042.69921875,0,0.0
889,8,1,8341,2042.69921875,1,1.0
890,8,1,1184,2042.69921875,0,0.0
891,8,1,1640,2042.69921875,0,0.0
892,8,1,5333,2042.69921875,0,0.0
893,8,1,14352,2042.69921875,0,0.0
894,8,1,3476,2042.69921875,0,0.0
895,8,1,21431,2042.69921875,1,1.0
896,8,1,5499,2042.69921875,0,0.0
897,8,1,9992,2042.69921875,1,1.0
898,8,1,4950,2042.69921875,0,0.0
899,8,1,4950,2042.69921875,1,1.0
900,8,1,41,2042.69921875,0,0.0
901,8,1,21431,2042.69921875,1,1.0
902,8,1,36,2042.69921875,0,0.0
903,8,1,18293,2042.69921875,1,1.0
904,8,1,528,2042.69921875,0,0.0
905,8,1,13218,2042.69921875,0,0.0
906,8,1,3675,2042.69921875,0,0.0
907,8,1,2067,2042.69921875,1,1.0
908,8,1,4208,2042.69921875,1,1.0
909,8,1,2923,2042.69921875,1,1.0
910,8,1,20518,2042.69921875,1,1.0
911,8,1,15906,2042.69921875,1,1.0
912,8,1,3784,2042.69921875,0,0.0
913,8,1,528,2042.69921875,0,0.0
914,8,1,19270,2042.69921875,0,0.0
915,8,1,12134,2042.69921875,1,1.0
916,8,1,21431,2042.69921875,0,0.0
917,8,1,17429,2042.69921875,1,1.0
918,8,1,4594,2042.69921875,0,0.0
919,8,1,2923,2042.69921875,0,0.0
920,8,1,18293,2042.69921875,0,0.0
921,8,1,16744,2042.69921875,0,0.0
922,8,1,8341,2042.69921875,0,0.0
923,8,1,4660,2042.69921875,0,0.0
924,8,1,18293,2042.69921875,1,1.0
925,8,1,1747,2042.69921875,0,0.0
926,8,1,20518,2042.69921875,1,1.0
927,8,1,16744,2042.69921875,1,1.0
928,8,1,16744,2042.69921875,1,1.0
929,8,1,18293,2042.69921875,1,1.0
930,8,1,9167,2042.69921875,1,1.0
931,8,1,13638,2042.69921875,1,1.0
932,8,1,8890,2042.69921875,0,0.0
933,8,1,4505,2042.69921875,1,1.0
934,8,1,12134,2042.69921875,0,0.0
935,8,1,20518,2042.69921875,1,1.0
936,8,1,756,2042.69921875,1,1.0
937,8,1,15906,2042.69921875,1,1.0
938,8,1,3104,2042.69921875,0,0.0
939,8,1,4208,2042.69921875,0,0.0
940,8,1,4660,2042.69921875,0,0.0
941,8,1,8890,2042.69921875,0,0.0
942,8,1,4950,2042.69921875,0,0.0
943,8,1,1797,2042.69921875,1,1.0
944,8,1,4283,2042.69921875,0,0.0
945,8,1,2994,2042.69921875,0,0.0
946,8,1,5499,2042.69921875,1,1.0
947,8,1,22661,2042.69921875,0,0.0
948,8,1,2715,2042.69921875,0,0.0
949,8,1,1511,2042.69921875,0,0.0
950,8,1,13638,2042.69921875,1,1.0
951,8,1,4208,2042.69921875,0,0.0
952,8,1,11776,2042.69921875,1,1.0
953,8,1,19270,2042.69921875,0,0.0
954,8,1,6018,2042.69921875,0,0.0
955,8,1,3476,2042.69921875,1,1.0
956,8,1,20518,2042.69921875,1,1.0
957,8,1,4950,2042.69921875,0,0.0
958,8,1,12911,2042.69921875,1,1.0
959,8,1,2990,2042.69921875,1,1.0
960,8,1,1491,2042.69921875,0,0.0
961,8,1,18293,2042.69921875,1,1.0
962,8,1,2126,2042.69921875,0,0.0
963,8,1,22661,2042.69921875,1,1.0
964,8,1,16744,2042.69921875,1,1.0
965,8,1,9186,2042.69921875,0,0.0
966,8,1,12134,2042.69921875,1,1.0
967,8,1,2050,2042.69921875,1,1.0
968,8,1,2923,2042.69921875,0,0.0
969,8,1,3675,2042.69921875,1,1.0
970,8,1,528,2042.69921875,0,0.0
971,8,1,4594,2042.69921875,0,0.0
972,8,1,18293,2042.69921875,1,1.0
973,8,1,2126,2042.69921875,0,0.0
974,8,1,2923,2042.69921875,0,0.0
975,8,1,4505,2042.69921875,0,0.0
976,8,1,398,2042.69921875,0,0.0
977,8,1,15906,2042.69921875,1,1.0
978,8,1,9186,2042.69921875,0,0.0
979,8,1,2656,2042.69921875,1,1.0
980,8,1,1797,2042.69921875,1,1.0
981,8,1,21431,2042.69921875,1,1.0
982,8,1,11776,2042.69921875,1,1.0
983,8,1,10,2042.69921875,0,0.0
984,8,1,18293,2042.69921875,1,1.0
985,8,1,1184,2042.69921875,0,0.0
986,8,1,15906,2042.69921875,1,1.0
987,8,1,1335,2042.69921875,0,0.0
988,8,1,528,2042.69921875,0,0.0
989,8,1,2852,2042.69921875,1,1.0
990,8,1,5499,2042.69921875,0,0.0
991,8,1,4950,2042.69921875,1,1.0
992,8,1,5246,2042.69921875,1,1.0
993,8,1,1797,2042.69921875,1,1.0
994,8,1,11776,2042.69921875,0,0.0
995,8,1,1640,2042.69921875,0,0.0
996,8,1,2396,2042.69921875,0,0.0
997,8,1,2149,2042.69921875,0,0.0
998,8,1,202,2042.69921875,0,0.0
999,8,1,18293,2042.69921875,1,1.0
0,8,10,4283,2042.69921875,0,0.0
1,8,10,13638,2042.69921875,0,0.0
2,8,10,3104,2042.69921875,0,0.0
3,8,10,2923,2042.69921875,1,0.1
4,8,10,21,2042.69921875,0,0.0
5,8,10,986,2042.69921875,0,0.0
6,8,10,2994,2042.69921875,1,0.1
7,8,10,12134,2042.69921875,4,0.4
8,8,10,12134,2042.69921875,4,0.4
9,8,10,3408,2042.69921875,0,0.0
10,8,10,3104,2042.69921875,1,0.1
11,8,10,6018,2042.69921875,3,0.3
12,8,10,2050,2042.69921875,0,0.0
13,8,10,4283,2042.69921875,0,0.0
14,8,10,2126,2042.69921875,3,0.3
15,8,10,5333,2042.69921875,0,0.0
16,8,10,4660,2042.69921875,0,0.0
17,8,10,4563,2042.69921875,3,0.3
18,8,10,2923,2042.69921875,1,0.1
19,8,10,8341,2042.69921875,3,0.3
20,8,10,18,2042.69921875,0,0.0
21,8,10,8341,2042.69921875,3,0.3
22,8,10,2852,2042.69921875,1,0.1
23,8,10,11776,2042.69921875,3,0.3
24,8,10,4283,2042.69921875,0,0.0
25,8,10,2994,2042.69921875,1,0.1
26,8,10,9186,2042.69921875,9,0.9
27,8,10,706,2042.69921875,0,0.0
28,8,10,4563,2042.69921875,3,0.3
29,8,10,3675,2042.69921875,2,0.2
30,8,10,2037,2042.69921875,0,0.0
31,8,10,1797,2042.69921875,3,0.3
32,8,10,13,2042.69921875,0,0.0
33,8,10,706,2042.69921875,0,0.0
34,8,10,20518,2042.69921875,3,0.3
35,8,10,5246,2042.69921875,4,0.4
36,8,10,4283,2042.69921875,0,0.0
37,8,10,1010,2042.69921875,0,0.0
38,8,10,8890,2042.69921875,6,0.6
39,8,10,14352,2042.69921875,5,0.5
40,8,10,1088,2042.69921875,0,0.0
41,8,10,2050,2042.69921875,4,0.4
42,8,10,21431,2042.69921875,2,0.2
43,8,10,18,2042.69921875,1,0.1
44,8,10,6228,2042.69921875,5,0.5
45,8,10,2923,2042.69921875,1,0.1
46,8,10,20518,2042.69921875,0,0.0
47,8,10,398,2042.69921875,0,0.0
48,8,10,1146,2042.69921875,2,0.2
49,8,10,2994,2042.69921875,2,0.2
50,8,10,3104,2042.69921875,4,0.4
51,8,10,1785,2042.69921875,0,0.0
52,8,10,21431,2042.69921875,2,0.2
53,8,10,6228,2042.69921875,2,0.2
54,8,10,4950,2042.69921875,2,0.2
55,8,10,22661,2042.69921875,3,0.3
56,8,10,2994,2042.69921875,3,0.3
57,8,10,20518,2042.69921875,8,0.8
58,8,10,706,2042.69921875,0,0.0
59,8,10,3104,2042.69921875,3,0.3
60,8,10,13218,2042.69921875,6,0.6
61,8,10,12911,2042.69921875,3,0.3
62,8,10,4660,2042.69921875,0,0.0
63,8,10,22661,2042.69921875,2,0.2
64,8,10,18293,2042.69921875,4,0.4
65,8,10,528,2042.69921875,0,0.0
66,8,10,6960,2042.69921875,6,0.6
67,8,10,1171,2042.69921875,0,0.0
68,8,10,1706,2042.69921875,2,0.2
69,8,10,15906,2042.69921875,2,0.2
70,8,10,2715,2042.69921875,0,0.0
71,8,10,13638,2042.69921875,0,0.0
72,8,10,13,2042.69921875,0,0.0
73,8,10,14352,2042.69921875,2,0.2
74,8,10,1146,2042.69921875,0,0.0
75,8,10,5333,2042.69921875,2,0.2
76,8,10,9992,2042.69921875,0,0.0
77,8,10,12134,2042.69921875,0,0.0
78,8,10,13638,2042.69921875,4,0.4
79,8,10,12134,2042.69921875,0,0.0
80,8,10,1640,2042.69921875,0,0.0
81,8,10,8341,2042.69921875,2,0.2
82,8,10,3611,2042.69921875,0,0.0
83,8,10,1300,2042.69921875,0,0.0
84,8,10,1692,2042.69921875,0,0.0
85,8,10,15906,2042.69921875,10,1.0
86,8,10,21431,2042.69921875,4,0.4
87,8,10,4416,2042.69921875,1,0.1
88,8,10,527,2042.69921875,1,0.1
89,8,10,1277,2042.69921875,1,0.1
90,8,10,18293,2042.69921875,4,0.4
91,8,10,6018,2042.69921875,1,0.1
92,8,10,5333,2042.69921875,3,0.3
93,8,10,22661,2042.69921875,6,0.6
94,8,10,21431,2042.69921875,8,0.8
95,8,10,2396,2042.69921875,3,0.3
96,8,10,8890,2042.69921875,5,0.5
97,8,10,4283,2042.69921875,4,0.4
98,8,10,4283,2042.69921875,0,0.0
99,8,10,20,2042.69921875,0,0.0
100,8,10,8341,2042.69921875,5,0.5
101,8,10,8890,2042.69921875,6,0.6
102,8,10,12134,2042.69921875,2,0.2
103,8,10,645,2042.69921875,0,0.0
104,8,10,3446,2042.69921875,0,0.0
105,8,10,1511,2042.69921875,0,0.0
106,8,10,20518,2042.69921875,0,0.0
107,8,10,3784,2042.69921875,0,0.0
108,8,10,4416,2042.69921875,0,0.0
109,8,10,1679,2042.69921875,0,0.0
110,8,10,317,2042.69921875,0,0.0
111,8,10,8890,2042.69921875,6,0.6
112,8,10,13638,2042.69921875,1,0.1
113,8,10,1692,2042.69921875,1,0.1
114,8,10,986,2042.69921875,2,0.2
115,8,10,13638,2042.69921875,2,0.2
116,8,10,819,2042.69921875,5,0.5
117,8,10,16744,2042.69921875,5,0.5
118,8,10,2923,2042.69921875,4,0.4
119,8,10,19270,2042.69921875,9,0.9
120,8,10,14352,2042.69921875,3,0.3
121,8,10,23,2042.69921875,1,0.1
122,8,10,4660,2042.69921875,1,0.1
123,8,10,21431,2042.69921875,0,0.0
124,8,10,7,2042.69921875,0,0.0
125,8,10,8890,2042.69921875,0,0.0
126,8,10,17429,2042.69921875,3,0.3
127,8,10,645,2042.69921875,5,0.5
128,8,10,5333,2042.69921875,0,0.0
129,8,10,9186,2042.69921875,0,0.0
130,8,10,3675,2042.69921875,4,0.4
131,8,10,5244,2042.69921875,2,0.2
132,8,10,2067,2042.69921875,0,0.0
133,8,10,147,2042.69921875,1,0.1
134,8,10,1692,2042.69921875,0,0.0
135,8,10,9186,2042.69921875,1,0.1
136,8,10,4660,2042.69921875,2,0.2
137,8,10,8890,2042.69921875,0,0.0
138,8,10,13638,2042.69921875,3,0.3
139,8,10,4283,2042.69921875,1,0.1
140,8,10,2,2042.69921875,0,0.0
141,8,10,986,2042.69921875,0,0.0
142,8,10,331,2042.69921875,5,0.5
143,8,10,5333,2042.69921875,1,0.1
144,8,10,3852,2042.69921875,0,0.0
145,8,10,15906,2042.69921875,7,0.7
146,8,10,18293,2042.69921875,5,0.5
147,8,10,4563,2042.69921875,2,0.2
148,8,10,9186,2042.69921875,0,0.0
149,8,10,4283,2042.69921875,7,0.7
150,8,10,4950,2042.69921875,2,0.2
151,8,10,6524,2042.69921875,5,0.5
152,8,10,2923,2042.69921875,5,0.5
153,8,10,20518,2042.69921875,4,0.4
154,8,10,20518,2042.69921875,4,0.4
155,8,10,645,2042.69921875,0,0.0
156,8,10,22661,2042.69921875,3,0.3
157,8,10,745,2042.69921875,1,0.1
158,8,10,4283,2042.69921875,1,0.1
159,8,10,3163,2042.69921875,1,0.1
160,8,10,4505,2042.69921875,0,0.0
161,8,10,18293,2042.69921875,7,0.7
162,8,10,16744,2042.69921875,7,0.7
163,8,10,1511,2042.69921875,0,0.0
164,8,10,1010,2042.69921875,1,0.1
165,8,10,1747,2042.69921875,1,0.1
166,8,10,3905,2042.69921875,4,0.4
167,8,10,12134,2042.69921875,3,0.3
168,8,10,1614,2042.69921875,0,0.0
169,8,10,14352,2042.69921875,2,0.2
170,8,10,17,2042.69921875,0,0.0
171,8,10,11776,2042.69921875,4,0.4
172,8,10,2923,2042.69921875,0,0.0
173,8,10,12134,2042.69921875,1,0.1
174,8,10,5244,2042.69921875,0,0.0
175,8,10,12911,2042.69921875,2,0.2
176,8,10,18293,2042.69921875,0,0.0
177,8,10,2923,2042.69921875,0,0.0
178,8,10,1184,2042.69921875,1,0.1
179,8,10,4950,2042.69921875,0,0.0
180,8,10,15906,2042.69921875,4,0.4
181,8,10,4456,2042.69921875,1,0.1
182,8,10,11776,2042.69921875,3,0.3
183,8,10,2149,2042.69921875,3,0.3
184,8,10,4461,2042.69921875,1,0.1
185,8,10,8341,2042.69921875,0,0.0
186,8,10,1010,2042.69921875,0,0.0
187,8,10,3408,2042.69921875,1,0.1
188,8,10,5244,2042.69921875,3,0.3
189,8,10,19270,2042.69921875,5,0.5
190,8,10,4283,2042.69921875,3,0.3
191,8,10,2923,2042.69921875,0,0.0
192,8,10,1692,2042.69921875,0,0.0
193,8,10,4416,2042.69921875,0,0.0
194,8,10,11776,2042.69921875,7,0.7
195,8,10,21431,2042.69921875,4,0.4
196,8,10,1010,2042.69921875,0,0.0
197,8,10,2149,2042.69921875,0,0.0
198,8,10,16744,2042.69921875,7,0.7
199,8,10,2994,2042.69921875,1,0.1
200,8,10,18293,2042.69921875,1,0.1
201,8,10,3163,2042.69921875,4,0.4
202,8,10,20518,2042.69921875,2,0.2
203,8,10,1640,2042.69921875,1,0.1
204,8,10,28,2042.69921875,0,0.0
205,8,10,5244,2042.69921875,1,0.1
206,8,10,2149,2042.69921875,0,0.0
207,8,10,13638,2042.69921875,1,0.1
208,8,10,3104,2042.69921875,0,0.0
209,8,10,4660,2042.69921875,0,0.0
210,8,10,15906,2042.69921875,4,0.4
211,8,10,11776,2042.69921875,6,0.6
212,8,10,26,2042.69921875,0,0.0
213,8,10,9992,2042.69921875,10,1.0
214,8,10,1614,2042.69921875,2,0.2
215,8,10,4505,2042.69921875,0,0.0
216,8,10,4660,2042.69921875,2,0.2
217,8,10,20518,2042.69921875,3,0.3
218,8,10,2050,2042.69921875,4,0.4
219,8,10,18293,2042.69921875,0,0.0
220,8,10,1706,2042.69921875,1,0.1
221,8,10,4563,2042.69921875,2,0.2
222,8,10,21431,2042.69921875,5,0.5
223,8,10,22661,2042.69921875,8,0.8
224,8,10,4505,2042.69921875,1,0.1
225,8,10,14352,2042.69921875,3,0.3
226,8,10,6228,2042.69921875,0,0.0
227,8,10,5333,2042.69921875,4,0.4
228,8,10,4950,2042.69921875,0,0.0
229,8,10,18293,2042.69921875,0,0.0
230,8,10,4461,2042.69921875,2,0.2
231,8,10,147,2042.69921875,0,0.0
232,8,10,11776,2042.69921875,3,0.3
233,8,10,5333,2042.69921875,0,0.0
234,8,10,528,2042.69921875,1,0.1
235,8,10,4505,2042.69921875,2,0.2
236,8,10,4660,2042.69921875,5,0.5
237,8,10,756,2042.69921875,0,0.0
238,8,10,567,2042.69921875,0,0.0
239,8,10,1305,2042.69921875,0,0.0
240,8,10,11776,2042.69921875,1,0.1
241,8,10,12134,2042.69921875,8,0.8
242,8,10,88,2042.69921875,0,0.0
243,8,10,1785,2042.69921875,3,0.3
244,8,10,4416,2042.69921875,0,0.0
245,8,10,12134,2042.69921875,2,0.2
246,8,10,13638,2042.69921875,1,0.1
247,8,10,20518,2042.69921875,9,0.9
248,8,10,1511,2042.69921875,1,0.1
249,8,10,18293,2042.69921875,0,0.0
250,8,10,21431,2042.69921875,0,0.0
251,8,10,317,2042.69921875,0,0.0
252,8,10,2656,2042.69921875,0,0.0
253,8,10,5499,2042.69921875,0,0.0
254,8,10,5220,2042.69921875,4,0.4
255,8,10,4505,2042.69921875,0,0.0
256,8,10,1785,2042.69921875,1,0.1
257,8,10,6018,2042.69921875,1,0.1
258,8,10,19270,2042.69921875,5,0.5
259,8,10,5333,2042.69921875,5,0.5
260,8,10,15906,2042.69921875,0,0.0
261,8,10,223,2042.69921875,0,0.0
262,8,10,13218,2042.69921875,5,0.5
263,8,10,13218,2042.69921875,0,0.0
264,8,10,9992,2042.69921875,1,0.1
265,8,10,4416,2042.69921875,1,0.1
266,8,10,3784,2042.69921875,3,0.3
267,8,10,1785,2042.69921875,0,0.0
268,8,10,2852,2042.69921875,1,0.1
269,8,10,12911,2042.69921875,8,0.8
270,8,10,14352,2042.69921875,3,0.3
271,8,10,2715,2042.69921875,0,0.0
272,8,10,654,2042.69921875,1,0.1
273,8,10,2434,2042.69921875,1,0.1
274,8,10,2050,2042.69921875,7,0.7
275,8,10,3611,2042.69921875,0,0.0
276,8,10,3784,2042.69921875,1,0.1
277,8,10,1305,2042.69921875,0,0.0
278,8,10,15906,2042.69921875,1,0.1
279,8,10,1998,2042.69921875,1,0.1
280,8,10,6228,2042.69921875,2,0.2
281,8,10,3852,2042.69921875,2,0.2
282,8,10,1705,2042.69921875,1,0.1
283,8,10,4563,2042.69921875,3,0.3
284,8,10,1998,2042.69921875,0,0.0
285,8,10,590,2042.69921875,1,0.1
286,8,10,3852,2042.69921875,2,0.2
287,8,10,13638,2042.69921875,5,0.5
288,8,10,13218,2042.69921875,2,0.2
289,8,10,986,2042.69921875,0,0.0
290,8,10,4056,2042.69921875,2,0.2
291,8,10,2050,2042.69921875,1,0.1
292,8,10,16744,2042.69921875,0,0.0
293,8,10,3675,2042.69921875,1,0.1
294,8,10,2149,2042.69921875,4,0.4
295,8,10,19270,2042.69921875,3,0.3
296,8,10,1640,2042.69921875,0,0.0
297,8,10,2037,2042.69921875,0,0.0
298,8,10,3675,2042.69921875,3,0.3
299,8,10,4660,2042.69921875,0,0.0
300,8,10,9,2042.69921875,0,0.0
301,8,10,18293,2042.69921875,8,0.8
302,8,10,11776,2042.69921875,1,0.1
303,8,10,50,2042.69921875,0,0.0
304,8,10,6018,2042.69921875,3,0.3
305,8,10,19270,2042.69921875,4,0.4
306,8,10,1184,2042.69921875,0,0.0
307,8,10,6018,2042.69921875,3,0.3
308,8,10,5333,2042.69921875,0,0.0
309,8,10,6426,2042.69921875,4,0.4
310,8,10,19270,2042.69921875,0,0.0
311,8,10,2149,2042.69921875,0,0.0
312,8,10,2994,2042.69921875,3,0.3
313,8,10,499,2042.69921875,0,0.0
314,8,10,744,2042.69921875,0,0.0
315,8,10,14352,2042.69921875,3,0.3
316,8,10,2067,2042.69921875,1,0.1
317,8,10,2037,2042.69921875,3,0.3
318,8,10,17,2042.69921875,0,0.0
319,8,10,986,2042.69921875,0,0.0
320,8,10,2050,2042.69921875,0,0.0
321,8,10,1335,2042.69921875,2,0.2
322,8,10,17429,2042.69921875,6,0.6
323,8,10,9992,2042.69921875,8,0.8
324,8,10,4416,2042.69921875,0,0.0
325,8,10,1305,2042.69921875,1,0.1
326,8,10,2990,2042.69921875,1,0.1
327,8,10,1797,2042.69921875,0,0.0
328,8,10,5499,2042.69921875,3,0.3
329,8,10,16744,2042.69921875,1,0.1
330,8,10,9167,2042.69921875,0,0.0
331,8,10,20,2042.69921875,0,0.0
332,8,10,4950,2042.69921875,3,0.3
333,8,10,2041,2042.69921875,3,0.3
334,8,10,4950,2042.69921875,2,0.2
335,8,10,744,2042.69921875,1,0.1
336,8,10,4461,2042.69921875,0,0.0
337,8,10,317,2042.69921875,1,0.1
338,8,10,22661,2042.69921875,1,0.1
339,8,10,16744,2042.69921875,0,0.0
340,8,10,5220,2042.69921875,4,0.4
341,8,10,8890,2042.69921875,0,0.0
342,8,10,4505,2042.69921875,3,0.3
343,8,10,8341,2042.69921875,3,0.3
344,8,10,2923,2042.69921875,5,0.5
345,8,10,22661,2042.69921875,3,0.3
346,8,10,26,2042.69921875,0,0.0
347,8,10,1998,2042.69921875,7,0.7
348,8,10,3446,2042.69921875,7,0.7
349,8,10,41,2042.69921875,1,0.1
350,8,10,1706,2042.69921875,1,0.1
351,8,10,4283,2042.69921875,5,0.5
352,8,10,4416,2042.69921875,0,0.0
353,8,10,8890,2042.69921875,0,0.0
354,8,10,1010,2042.69921875,0,0.0
355,8,10,22661,2042.69921875,8,0.8
356,8,10,2312,2042.69921875,0,0.0
357,8,10,22661,2042.69921875,4,0.4
358,8,10,14352,2042.69921875,4,0.4
359,8,10,12911,2042.69921875,9,0.9
360,8,10,30,2042.69921875,0,0.0
361,8,10,581,2042.69921875,0,0.0
362,8,10,689,2042.69921875,0,0.0
363,8,10,27,2042.69921875,0,0.0
364,8,10,2994,2042.69921875,0,0.0
365,8,10,528,2042.69921875,0,0.0
366,8,10,4594,2042.69921875,0,0.0
367,8,10,8890,2042.69921875,0,0.0
368,8,10,317,2042.69921875,0,0.0
369,8,10,49,2042.69921875,0,0.0
370,8,10,11776,2042.69921875,5,0.5
371,8,10,13218,2042.69921875,0,0.0
372,8,10,11776,2042.69921875,7,0.7
373,8,10,6960,2042.69921875,6,0.6
374,8,10,9186,2042.69921875,4,0.4
375,8,10,2994,2042.69921875,3,0.3
376,8,10,5333,2042.69921875,1,0.1
377,8,10,22661,2042.69921875,5,0.5
378,8,10,4950,2042.69921875,0,0.0
379,8,10,4660,2042.69921875,7,0.7
380,8,10,21431,2042.69921875,0,0.0
381,8,10,20518,2042.69921875,2,0.2
382,8,10,2923,2042.69921875,1,0.1
383,8,10,12911,2042.69921875,7,0.7
384,8,10,5220,2042.69921875,0,0.0
385,8,10,21431,2042.69921875,1,0.1
386,8,10,1706,2042.69921875,2,0.2
387,8,10,2990,2042.69921875,7,0.7
388,8,10,6426,2042.69921875,3,0.3
389,8,10,3905,2042.69921875,1,0.1
390,8,10,1511,2042.69921875,0,0.0
391,8,10,5333,2042.69921875,4,0.4
392,8,10,1747,2042.69921875,0,0.0
393,8,10,100,2042.69921875,0,0.0
394,8,10,12134,2042.69921875,4,0.4
395,8,10,4456,2042.69921875,1,0.1
396,8,10,1706,2042.69921875,0,0.0
397,8,10,744,2042.69921875,0,0.0
398,8,10,21,2042.69921875,0,0.0
399,8,10,1184,2042.69921875,0,0.0
400,8,10,5333,2042.69921875,3,0.3
401,8,10,5244,2042.69921875,0,0.0
402,8,10,13218,2042.69921875,6,0.6
403,8,10,14352,2042.69921875,2,0.2
404,8,10,2149,2042.69921875,0,0.0
405,8,10,2067,2042.69921875,2,0.2
406,8,10,4505,2042.69921875,5,0.5
407,8,10,8890,2042.69921875,1,0.1
408,8,10,654,2042.69921875,1,0.1
409,8,10,9186,2042.69921875,0,0.0
410,8,10,19270,2042.69921875,6,0.6
411,8,10,1184,2042.69921875,0,0.0
412,8,10,6018,2042.69921875,3,0.3
413,8,10,4950,2042.69921875,0,0.0
414,8,10,3905,2042.69921875,0,0.0
415,8,10,4056,2042.69921875,0,0.0
416,8,10,645,2042.69921875,3,0.3
417,8,10,3905,2042.69921875,5,0.5
418,8,10,25,2042.69921875,0,0.0
419,8,10,19270,2042.69921875,3,0.3
420,8,10,1747,2042.69921875,0,0.0
421,8,10,2434,2042.69921875,2,0.2
422,8,10,13218,2042.69921875,1,0.1
423,8,10,1640,2042.69921875,2,0.2
424,8,10,689,2042.69921875,0,0.0
425,8,10,13638,2042.69921875,2,0.2
426,8,10,18293,2042.69921875,8,0.8
427,8,10,22661,2042.69921875,2,0.2
428,8,10,2041,2042.69921875,1,0.1
429,8,10,18293,2042.69921875,2,0.2
430,8,10,18293,2042.69921875,3,0.3
431,8,10,22661,2042.69921875,8,0.8
432,8,10,20518,2042.69921875,3,0.3
433,8,10,3905,2042.69921875,0,0.0
434,8,10,4950,2042.69921875,0,0.0
435,8,10,1146,2042.69921875,0,0.0
436,8,10,3675,2042.69921875,0,0.0
437,8,10,1277,2042.69921875,6,0.6
438,8,10,21431,2042.69921875,8,0.8
439,8,10,8341,2042.69921875,1,0.1
440,8,10,2715,2042.69921875,1,0.1
441,8,10,5246,2042.69921875,5,0.5
442,8,10,13638,2042.69921875,2,0.2
443,8,10,13218,2042.69921875,5,0.5
444,8,10,12134,2042.69921875,8,0.8
445,8,10,6228,2042.69921875,3,0.3
446,8,10,3163,2042.69921875,2,0.2
447,8,10,1679,2042.69921875,0,0.0
448,8,10,11776,2042.69921875,0,0.0
449,8,10,645,2042.69921875,1,0.1
450,8,10,21431,2042.69921875,0,0.0
451,8,10,1071,2042.69921875,0,0.0
452,8,10,986,2042.69921875,0,0.0
453,8,10,9186,2042.69921875,6,0.6
454,8,10,2994,2042.69921875,3,0.3
455,8,10,6228,2042.69921875,3,0.3
456,8,10,18293,2042.69921875,1,0.1
457,8,10,6018,2042.69921875,5,0.5
458,8,10,18293,2042.69921875,0,0.0
459,8,10,13,2042.69921875,1,0.1
460,8,10,6018,2042.69921875,1,0.1
461,8,10,19270,2042.69921875,0,0.0
462,8,10,21431,2042.69921875,4,0.4
463,8,10,13218,2042.69921875,1,0.1
464,8,10,645,2042.69921875,1,0.1
465,8,10,2050,2042.69921875,3,0.3
466,8,10,4416,2042.69921875,0,0.0
467,8,10,13638,2042.69921875,2,0.2
468,8,10,581,2042.69921875,2,0.2
469,8,10,645,2042.69921875,0,0.0
470,8,10,4283,2042.69921875,0,0.0
471,8,10,8890,2042.69921875,0,0.0
472,8,10,1171,2042.69921875,0,0.0
473,8,10,9992,2042.69921875,4,0.4
474,8,10,4416,2042.69921875,0,0.0
475,8,10,4594,2042.69921875,1,0.1
476,8,10,13638,2042.69921875,4,0.4
477,8,10,16744,2042.69921875,7,0.7
478,8,10,20518,2042.69921875,0,0.0
479,8,10,331,2042.69921875,0,0.0
480,8,10,756,2042.69921875,0,0.0
481,8,10,2126,2042.69921875,3,0.3
482,8,10,21431,2042.69921875,8,0.8
483,8,10,12134,2042.69921875,4,0.4
484,8,10,20518,2042.69921875,0,0.0
485,8,10,2126,2042.69921875,0,0.0
486,8,10,1797,2042.69921875,5,0.5
487,8,10,1184,2042.69921875,1,0.1
488,8,10,11776,2042.69921875,0,0.0
489,8,10,1587,2042.69921875,0,0.0
490,8,10,6228,2042.69921875,2,0.2
491,8,10,11776,2042.69921875,5,0.5
492,8,10,202,2042.69921875,0,0.0
493,8,10,1705,2042.69921875,1,0.1
494,8,10,1146,2042.69921875,0,0.0
495,8,10,2050,2042.69921875,0,0.0
496,8,10,4208,2042.69921875,1,0.1
497,8,10,17429,2042.69921875,6,0.6
498,8,10,16744,2042.69921875,8,0.8
499,8,10,22661,2042.69921875,1,0.1
500,8,10,18293,2042.69921875,3,0.3
501,8,10,58,2042.69921875,0,0.0
502,8,10,1184,2042.69921875,0,0.0
503,8,10,986,2042.69921875,0,0.0
504,8,10,2852,2042.69921875,0,0.0
505,8,10,20518,2042.69921875,3,0.3
506,8,10,581,2042.69921875,1,0.1
507,8,10,2149,2042.69921875,7,0.7
508,8,10,1797,2042.69921875,0,0.0
509,8,10,1785,2042.69921875,0,0.0
510,8,10,2037,2042.69921875,1,0.1
511,8,10,1747,2042.69921875,2,0.2
512,8,10,4283,2042.69921875,1,0.1
513,8,10,1705,2042.69921875,0,0.0
514,8,10,5333,2042.69921875,2,0.2
515,8,10,4505,2042.69921875,0,0.0
516,8,10,17429,2042.69921875,3,0.3
517,8,10,22661,2042.69921875,10,1.0
518,8,10,4461,2042.69921875,5,0.5
519,8,10,745,2042.69921875,0,0.0
520,8,10,4461,2042.69921875,0,0.0
521,8,10,21431,2042.69921875,2,0.2
522,8,10,754,2042.69921875,1,0.1
523,8,10,3675,2042.69921875,1,0.1
524,8,10,3611,2042.69921875,0,0.0
525,8,10,2126,2042.69921875,1,0.1
526,8,10,5,2042.69921875,0,0.0
527,8,10,4416,2042.69921875,0,0.0
528,8,10,6018,2042.69921875,0,0.0
529,8,10,2656,2042.69921875,1,0.1
530,8,10,3446,2042.69921875,0,0.0
531,8,10,16744,2042.69921875,5,0.5
532,8,10,2990,2042.69921875,1,0.1
533,8,10,2149,2042.69921875,0,0.0
534,8,10,22661,2042.69921875,6,0.6
535,8,10,28,2042.69921875,1,0.1
536,8,10,1706,2042.69921875,0,0.0
537,8,10,4208,2042.69921875,3,0.3
538,8,10,1184,2042.69921875,0,0.0
539,8,10,2149,2042.69921875,1,0.1
540,8,10,4950,2042.69921875,1,0.1
541,8,10,15906,2042.69921875,4,0.4
542,8,10,1998,2042.69921875,2,0.2
543,8,10,1706,2042.69921875,0,0.0
544,8,10,12134,2042.69921875,0,0.0
545,8,10,2050,2042.69921875,0,0.0
546,8,10,781,2042.69921875,0,0.0
547,8,10,12134,2042.69921875,5,0.5
548,8,10,4950,2042.69921875,2,0.2
549,8,10,13638,2042.69921875,3,0.3
550,8,10,11,2042.69921875,0,0.0
551,8,10,15906,2042.69921875,9,0.9
552,8,10,4505,2042.69921875,6,0.6
553,8,10,2656,2042.69921875,1,0.1
554,8,10,17429,2042.69921875,2,0.2
555,8,10,2149,2042.69921875,1,0.1
556,8,10,13218,2042.69921875,3,0.3
557,8,10,40,2042.69921875,0,0.0
558,8,10,18293,2042.69921875,2,0.2
559,8,10,14352,2042.69921875,7,0.7
560,8,10,13218,2042.69921875,0,0.0
561,8,10,18293,2042.69921875,0,0.0
562,8,10,17429,2042.69921875,2,0.2
563,8,10,14352,2042.69921875,8,0.8
564,8,10,2396,2042.69921875,0,0.0
565,8,10,19270,2042.69921875,2,0.2
566,8,10,12134,2042.69921875,6,0.6
567,8,10,20518,2042.69921875,1,0.1
568,8,10,2067,2042.69921875,0,0.0
569,8,10,5333,2042.69921875,0,0.0
570,8,10,4950,2042.69921875,1,0.1
571,8,10,645,2042.69921875,1,0.1
572,8,10,5220,2042.69921875,0,0.0
573,8,10,986,2042.69921875,0,0.0
574,8,10,17429,2042.69921875,0,0.0
575,8,10,2994,2042.69921875,0,0.0
576,8,10,6524,2042.69921875,0,0.0
577,8,10,1679,2042.69921875,1,0.1
578,8,10,2037,2042.69921875,1,0.1
579,8,10,1679,2042.69921875,0,0.0
580,8,10,19270,2042.69921875,3,0.3
581,8,10,18293,2042.69921875,1,0.1
582,8,10,12911,2042.69921875,3,0.3
583,8,10,11776,2042.69921875,2,0.2
584,8,10,4283,2042.69921875,0,0.0
585,8,10,6,2042.69921875,0,0.0
586,8,10,2852,2042.69921875,2,0.2
587,8,10,6960,2042.69921875,2,0.2
588,8,10,527,2042.69921875,0,0.0
589,8,10,12911,2042.69921875,2,0.2
590,8,10,2067,2042.69921875,1,0.1
591,8,10,13638,2042.69921875,2,0.2
592,8,10,8890,2042.69921875,5,0.5
593,8,10,9992,2042.69921875,4,0.4
594,8,10,13218,2042.69921875,5,0.5
595,8,10,4660,2042.69921875,1,0.1
596,8,10,5244,2042.69921875,2,0.2
597,8,10,12134,2042.69921875,1,0.1
598,8,10,9186,2042.69921875,6,0.6
599,8,10,4416,2042.69921875,6,0.6
600,8,10,2037,2042.69921875,2,0.2
601,8,10,4950,2042.69921875,1,0.1
602,8,10,1184,2042.69921875,0,0.0
603,8,10,1561,2042.69921875,0,0.0
604,8,10,3104,2042.69921875,2,0.2
605,8,10,4660,2042.69921875,1,0.1
606,8,10,15906,2042.69921875,5,0.5
607,8,10,499,2042.69921875,1,0.1
608,8,10,21,2042.69921875,0,0.0
609,8,10,12134,2042.69921875,6,0.6
610,8,10,1614,2042.69921875,3,0.3
611,8,10,4461,2042.69921875,8,0.8
612,8,10,986,2042.69921875,0,0.0
613,8,10,1679,2042.69921875,0,0.0
614,8,10,11776,2042.69921875,1,0.1
615,8,10,4416,2042.69921875,2,0.2
616,8,10,15906,2042.69921875,0,0.0
617,8,10,3408,2042.69921875,4,0.4
618,8,10,3905,2042.69921875,0,0.0
619,8,10,2050,2042.69921875,1,0.1
620,8,10,745,2042.69921875,0,0.0
621,8,10,2037,2042.69921875,0,0.0
622,8,10,16744,2042.69921875,4,0.4
623,8,10,22661,2042.69921875,4,0.4
624,8,10,1010,2042.69921875,0,0.0
625,8,10,4056,2042.69921875,2,0.2
626,8,10,13218,2042.69921875,4,0.4
627,8,10,18,2042.69921875,0,0.0
628,8,10,4056,2042.69921875,1,0.1
629,8,10,20518,2042.69921875,1,0.1
630,8,10,20518,2042.69921875,0,0.0
631,8,10,590,2042.69921875,0,0.0
632,8,10,986,2042.69921875,0,0.0
633,8,10,2041,2042.69921875,2,0.2
634,8,10,18293,2042.69921875,2,0.2
635,8,10,18293,2042.69921875,0,0.0
636,8,10,2037,2042.69921875,0,0.0
637,8,10,2656,2042.69921875,0,0.0
638,8,10,13638,2042.69921875,3,0.3
639,8,10,50,2042.69921875,0,0.0
640,8,10,5333,2042.69921875,2,0.2
641,8,10,14352,2042.69921875,3,0.3
642,8,10,3675,2042.69921875,0,0.0
643,8,10,1692,2042.69921875,1,0.1
644,8,10,22661,2042.69921875,4,0.4
645,8,10,689,2042.69921875,1,0.1
646,8,10,2149,2042.69921875,2,0.2
647,8,10,4416,2042.69921875,0,0.0
648,8,10,223,2042.69921875,0,0.0
649,8,10,28,2042.69921875,0,0.0
650,8,10,6228,2042.69921875,1,0.1
651,8,10,10,2042.69921875,0,0.0
652,8,10,4416,2042.69921875,1,0.1
653,8,10,20518,2042.69921875,1,0.1
654,8,10,581,2042.69921875,5,0.5
655,8,10,9186,2042.69921875,3,0.3
656,8,10,20518,2042.69921875,6,0.6
657,8,10,2396,2042.69921875,0,0.0
658,8,10,5333,2042.69921875,3,0.3
659,8,10,21431,2042.69921875,0,0.0
660,8,10,14352,2042.69921875,4,0.4
661,8,10,1705,2042.69921875,1,0.1
662,8,10,18293,2042.69921875,1,0.1
663,8,10,21431,2042.69921875,3,0.3
664,8,10,4563,2042.69921875,2,0.2
665,8,10,4594,2042.69921875,3,0.3
666,8,10,4283,2042.69921875,2,0.2
667,8,10,1614,2042.69921875,0,0.0
668,8,10,1300,2042.69921875,4,0.4
669,8,10,567,2042.69921875,1,0.1
670,8,10,12134,2042.69921875,3,0.3
671,8,10,2396,2042.69921875,3,0.3
672,8,10,13638,2042.69921875,3,0.3
673,8,10,527,2042.69921875,1,0.1
674,8,10,309,2042.69921875,2,0.2
675,8,10,2434,2042.69921875,2,0.2
676,8,10,2037,2042.69921875,0,0.0
677,8,10,20518,2042.69921875,3,0.3
678,8,10,5333,2042.69921875,3,0.3
679,8,10,12911,2042.69921875,2,0.2
680,8,10,1305,2042.69921875,0,0.0
681,8,10,2037,2042.69921875,1,0.1
682,8,10,2656,2042.69921875,1,0.1
683,8,10,4563,2042.69921875,4,0.4
684,8,10,4283,2042.69921875,0,0.0
685,8,10,1146,2042.69921875,2,0.2
686,8,10,12134,2042.69921875,7,0.7
687,8,10,5,2042.69921875,0,0.0
688,8,10,3408,2042.69921875,0,0.0
689,8,10,21431,2042.69921875,2,0.2
690,8,10,14352,2042.69921875,1,0.1
691,8,10,11776,2042.69921875,3,0.3
692,8,10,2923,2042.69921875,0,0.0
693,8,10,744,2042.69921875,0,0.0
694,8,10,1679,2042.69921875,2,0.2
695,8,10,754,2042.69921875,0,0.0
696,8,10,18293,2042.69921875,3,0.3
697,8,10,13,2042.69921875,0,0.0
698,8,10,2050,2042.69921875,0,0.0
699,8,10,11776,2042.69921875,5,0.5
700,8,10,2994,2042.69921875,0,0.0
701,8,10,1614,2042.69921875,3,0.3
702,8,10,12911,2042.69921875,1,0.1
703,8,10,2417,2042.69921875,0,0.0
704,8,10,47,2042.69921875,0,0.0
705,8,10,20518,2042.69921875,1,0.1
706,8,10,13218,2042.69921875,3,0.3
707,8,10,1,2042.69921875,0,0.0
708,8,10,8341,2042.69921875,7,0.7
709,8,10,1706,2042.69921875,1,0.1
710,8,10,17429,2042.69921875,1,0.1
711,8,10,9167,2042.69921875,4,0.4
712,8,10,8890,2042.69921875,1,0.1
713,8,10,2149,2042.69921875,0,0.0
714,8,10,1706,2042.69921875,0,0.0
715,8,10,8341,2042.69921875,0,0.0
716,8,10,20518,2042.69921875,0,0.0
717,8,10,1335,2042.69921875,0,0.0
718,8,10,14352,2042.69921875,3,0.3
719,8,10,5220,2042.69921875,1,0.1
720,8,10,16744,2042.69921875,2,0.2
721,8,10,8890,2042.69921875,2,0.2
722,8,10,1587,2042.69921875,1,0.1
723,8,10,4660,2042.69921875,2,0.2
724,8,10,18293,2042.69921875,0,0.0
725,8,10,16744,2042.69921875,2,0.2
726,8,10,20518,2042.69921875,1,0.1
727,8,10,1614,2042.69921875,0,0.0
728,8,10,2990,2042.69921875,8,0.8
729,8,10,6228,2042.69921875,2,0.2
730,8,10,4208,2042.69921875,0,0.0
731,8,10,9167,2042.69921875,6,0.6
732,8,10,18293,2042.69921875,0,0.0
733,8,10,8341,2042.69921875,2,0.2
734,8,10,10,2042.69921875,0,0.0
735,8,10,6228,2042.69921875,2,0.2
736,8,10,12134,2042.69921875,1,0.1
737,8,10,1797,2042.69921875,4,0.4
738,8,10,9992,2042.69921875,5,0.5
739,8,10,9186,2042.69921875,1,0.1
740,8,10,6018,2042.69921875,0,0.0
741,8,10,2041,2042.69921875,0,0.0
742,8,10,28,2042.69921875,0,0.0
743,8,10,2041,2042.69921875,0,0.0
744,8,10,13638,2042.69921875,1,0.1
745,8,10,3611,2042.69921875,0,0.0
746,8,10,9167,2042.69921875,5,0.5
747,8,10,20518,2042.69921875,1,0.1
748,8,10,3,2042.69921875,0,0.0
749,8,10,21431,2042.69921875,1,0.1
750,8,10,1797,2042.69921875,0,0.0
751,8,10,1305,2042.69921875,3,0.3
752,8,10,19270,2042.69921875,9,0.9
753,8,10,1706,2042.69921875,0,0.0
754,8,10,13218,2042.69921875,7,0.7
755,8,10,16744,2042.69921875,5,0.5
756,8,10,1277,2042.69921875,2,0.2
757,8,10,15906,2042.69921875,6,0.6
758,8,10,2067,2042.69921875,0,0.0
759,8,10,27,2042.69921875,0,0.0
760,8,10,15906,2042.69921875,2,0.2
761,8,10,2715,2042.69921875,2,0.2
762,8,10,2050,2042.69921875,2,0.2
763,8,10,2050,2042.69921875,0,0.0
764,8,10,19270,2042.69921875,1,0.1
765,8,10,12911,2042.69921875,1,0.1
766,8,10,13638,2042.69921875,1,0.1
767,8,10,3675,2042.69921875,3,0.3
768,8,10,3905,2042.69921875,0,0.0
769,8,10,706,2042.69921875,1,0.1
770,8,10,4416,2042.69921875,0,0.0
771,8,10,13638,2042.69921875,4,0.4
772,8,10,744,2042.69921875,1,0.1
773,8,10,4416,2042.69921875,3,0.3
774,8,10,1010,2042.69921875,1,0.1
775,8,10,1171,2042.69921875,0,0.0
776,8,10,11776,2042.69921875,2,0.2
777,8,10,1010,2042.69921875,0,0.0
778,8,10,2396,2042.69921875,0,0.0
779,8,10,2852,2042.69921875,2,0.2
780,8,10,20518,2042.69921875,1,0.1
781,8,10,13638,2042.69921875,0,0.0
782,8,10,18293,2042.69921875,4,0.4
783,8,10,12911,2042.69921875,2,0.2
784,8,10,4461,2042.69921875,3,0.3
785,8,10,2656,2042.69921875,6,0.6
786,8,10,19270,2042.69921875,0,0.0
787,8,10,3446,2042.69921875,0,0.0
788,8,10,5499,2042.69921875,3,0.3
789,8,10,996,2042.69921875,1,0.1
790,8,10,9186,2042.69921875,2,0.2
791,8,10,2312,2042.69921875,0,0.0
792,8,10,18293,2042.69921875,0,0.0
793,8,10,9992,2042.69921875,1,0.1
794,8,10,1706,2042.69921875,0,0.0
795,8,10,645,2042.69921875,1,0.1
796,8,10,4950,2042.69921875,1,0.1
797,8,10,4505,2042.69921875,4,0.4
798,8,10,3905,2042.69921875,0,0.0
799,8,10,1146,2042.69921875,3,0.3
800,8,10,12134,2042.69921875,1,0.1
801,8,10,22661,2042.69921875,5,0.5
802,8,10,4416,2042.69921875,10,1.0
803,8,10,9186,2042.69921875,9,0.9
804,8,10,12134,2042.69921875,1,0.1
805,8,10,19270,2042.69921875,0,0.0
806,8,10,2149,2042.69921875,1,0.1
807,8,10,6018,2042.69921875,2,0.2
808,8,10,6960,2042.69921875,1,0.1
809,8,10,1511,2042.69921875,6,0.6
810,8,10,4594,2042.69921875,4,0.4
811,8,10,9167,2042.69921875,0,0.0
812,8,10,18293,2042.69921875,5,0.5
813,8,10,18293,2042.69921875,4,0.4
814,8,10,13638,2042.69921875,2,0.2
815,8,10,16744,2042.69921875,3,0.3
816,8,10,21431,2042.69921875,0,0.0
817,8,10,2041,2042.69921875,0,0.0
818,8,10,14352,2042.69921875,5,0.5
819,8,10,17429,2042.69921875,0,0.0
820,8,10,2050,2042.69921875,0,0.0
821,8,10,1640,2042.69921875,0,0.0
822,8,10,77,2042.69921875,0,0.0
823,8,10,8890,2042.69921875,7,0.7
824,8,10,3163,2042.69921875,0,0.0
825,8,10,1797,2042.69921875,0,0.0
826,8,10,689,2042.69921875,4,0.4
827,8,10,4283,2042.69921875,0,0.0
828,8,10,5333,2042.69921875,4,0.4
829,8,10,4950,2042.69921875,0,0.0
830,8,10,2396,2042.69921875,4,0.4
831,8,10,20518,2042.69921875,3,0.3
832,8,10,21,2042.69921875,0,0.0
833,8,10,4505,2042.69921875,0,0.0
834,8,10,4505,2042.69921875,0,0.0
835,8,10,4416,2042.69921875,1,0.1
836,8,10,2994,2042.69921875,0,0.0
837,8,10,19270,2042.69921875,1,0.1
838,8,10,4950,2042.69921875,5,0.5
839,8,10,3852,2042.69921875,2,0.2
840,8,10,41,2042.69921875,0,0.0
841,8,10,4416,2042.69921875,0,0.0
842,8,10,2417,2042.69921875,2,0.2
843,8,10,4950,2042.69921875,1,0.1
844,8,10,19270,2042.69921875,6,0.6
845,8,10,1184,2042.69921875,1,0.1
846,8,10,13638,2042.69921875,1,0.1
847,8,10,13638,2042.69921875,7,0.7
848,8,10,645,2042.69921875,0,0.0
849,8,10,1692,2042.69921875,0,0.0
850,8,10,20518,2042.69921875,1,0.1
851,8,10,781,2042.69921875,0,0.0
852,8,10,1088,2042.69921875,0,0.0
853,8,10,11776,2042.69921875,1,0.1
854,8,10,12134,2042.69921875,4,0.4
855,8,10,4950,2042.69921875,2,0.2
856,8,10,16744,2042.69921875,4,0.4
857,8,10,1561,2042.69921875,5,0.5
858,8,10,12134,2042.69921875,0,0.0
859,8,10,9186,2042.69921875,0,0.0
860,8,10,4660,2042.69921875,1,0.1
861,8,10,13218,2042.69921875,2,0.2
862,8,10,20518,2042.69921875,9,0.9
863,8,10,4208,2042.69921875,3,0.3
864,8,10,706,2042.69921875,1,0.1
865,8,10,654,2042.69921875,3,0.3
866,8,10,4283,2042.69921875,0,0.0
867,8,10,4660,2042.69921875,1,0.1
868,8,10,27,2042.69921875,0,0.0
869,8,10,100,2042.69921875,1,0.1
870,8,10,2923,2042.69921875,9,0.9
871,8,10,4056,2042.69921875,2,0.2
872,8,10,4950,2042.69921875,7,0.7
873,8,10,6960,2042.69921875,3,0.3
874,8,10,20518,2042.69921875,6,0.6
875,8,10,6228,2042.69921875,2,0.2
876,8,10,1171,2042.69921875,3,0.3
877,8,10,13218,2042.69921875,5,0.5
878,8,10,58,2042.69921875,0,0.0
879,8,10,2994,2042.69921875,1,0.1
880,8,10,4950,2042.69921875,1,0.1
881,8,10,3446,2042.69921875,0,0.0
882,8,10,5220,2042.69921875,1,0.1
883,8,10,1679,2042.69921875,0,0.0
884,8,10,1797,2042.69921875,0,0.0
885,8,10,21431,2042.69921875,5,0.5
886,8,10,22661,2042.69921875,3,0.3
887,8,10,2050,2042.69921875,0,0.0
888,8,10,50,2042.69921875,0,0.0
889,8,10,8341,2042.69921875,3,0.3
890,8,10,1184,2042.69921875,0,0.0
891,8,10,1640,2042.69921875,1,0.1
892,8,10,5333,2042.69921875,3,0.3
893,8,10,14352,2042.69921875,2,0.2
894,8,10,3476,2042.69921875,0,0.0
895,8,10,21431,2042.69921875,7,0.7
896,8,10,5499,2042.69921875,8,0.8
897,8,10,9992,2042.69921875,2,0.2
898,8,10,4950,2042.69921875,0,0.0
899,8,10,4950,2042.69921875,1,0.1
900,8,10,41,2042.69921875,0,0.0
901,8,10,21431,2042.69921875,7,0.7
902,8,10,36,2042.69921875,0,0.0
903,8,10,18293,2042.69921875,3,0.3
904,8,10,528,2042.69921875,0,0.0
905,8,10,13218,2042.69921875,3,0.3
906,8,10,3675,2042.69921875,0,0.0
907,8,10,2067,2042.69921875,1,0.1
908,8,10,4208,2042.69921875,5,0.5
909,8,10,2923,2042.69921875,2,0.2
910,8,10,20518,2042.69921875,7,0.7
911,8,10,15906,2042.69921875,5,0.5
912,8,10,3784,2042.69921875,2,0.2
913,8,10,528,2042.69921875,0,0.0
914,8,10,19270,2042.69921875,2,0.2
915,8,10,12134,2042.69921875,2,0.2
916,8,10,21431,2042.69921875,2,0.2
917,8,10,17429,2042.69921875,2,0.2
918,8,10,4594,2042.69921875,2,0.2
919,8,10,2923,2042.69921875,1,0.1
920,8,10,18293,2042.69921875,1,0.1
921,8,10,16744,2042.69921875,1,0.1
922,8,10,8341,2042.69921875,1,0.1
923,8,10,4660,2042.69921875,0,0.0
924,8,10,18293,2042.69921875,3,0.3
925,8,10,1747,2042.69921875,1,0.1
926,8,10,20518,2042.69921875,4,0.4
927,8,10,16744,2042.69921875,3,0.3
928,8,10,16744,2042.69921875,10,1.0
929,8,10,18293,2042.69921875,3,0.3
930,8,10,9167,2042.69921875,9,0.9
931,8,10,13638,2042.69921875,7,0.7
932,8,10,8890,2042.69921875,2,0.2
933,8,10,4505,2042.69921875,3,0.3
934,8,10,12134,2042.69921875,0,0.0
935,8,10,20518,2042.69921875,1,0.1
936,8,10,756,2042.69921875,3,0.3
937,8,10,15906,2042.69921875,4,0.4
938,8,10,3104,2042.69921875,1,0.1
939,8,10,4208,2042.69921875,2,0.2
940,8,10,4660,2042.69921875,7,0.7
941,8,10,8890,2042.69921875,0,0.0
942,8,10,4950,2042.69921875,6,0.6
943,8,10,1797,2042.69921875,4,0.4
944,8,10,4283,2042.69921875,2,0.2
945,8,10,2994,2042.69921875,4,0.4
946,8,10,5499,2042.69921875,1,0.1
947,8,10,22661,2042.69921875,6,0.6
948,8,10,2715,2042.69921875,0,0.0
949,8,10,1511,2042.69921875,2,0.2
950,8,10,13638,2042.69921875,8,0.8
951,8,10,4208,2042.69921875,0,0.0
952,8,10,11776,2042.69921875,4,0.4
953,8,10,19270,2042.69921875,0,0.0
954,8,10,6018,2042.69921875,0,0.0
955,8,10,3476,2042.69921875,4,0.4
956,8,10,20518,2042.69921875,8,0.8
957,8,10,4950,2042.69921875,3,0.3
958,8,10,12911,2042.69921875,6,0.6
959,8,10,2990,2042.69921875,2,0.2
960,8,10,1491,2042.69921875,0,0.0
961,8,10,18293,2042.69921875,7,0.7
962,8,10,2126,2042.69921875,0,0.0
963,8,10,22661,2042.69921875,4,0.4
964,8,10,16744,2042.69921875,1,0.1
965,8,10,9186,2042.69921875,2,0.2
966,8,10,12134,2042.69921875,9,0.9
967,8,10,2050,2042.69921875,1,0.1
968,8,10,2923,2042.69921875,0,0.0
969,8,10,3675,2042.69921875,2,0.2
970,8,10,528,2042.69921875,0,0.0
971,8,10,4594,2042.69921875,0,0.0
972,8,10,18293,2042.69921875,5,0.5
973,8,10,2126,2042.69921875,0,0.0
974,8,10,2923,2042.69921875,0,0.0
975,8,10,4505,2042.69921875,0,0.0
976,8,10,398,2042.69921875,0,0.0
977,8,10,15906,2042.69921875,1,0.1
978,8,10,9186,2042.69921875,2,0.2
979,8,10,2656,2042.69921875,5,0.5
980,8,10,1797,2042.69921875,2,0.2
981,8,10,21431,2042.69921875,7,0.7
982,8,10,11776,2042.69921875,3,0.3
983,8,10,10,2042.69921875,0,0.0
984,8,10,18293,2042.69921875,4,0.4
985,8,10,1184,2042.69921875,0,0.0
986,8,10,15906,2042.69921875,2,0.2
987,8,10,1335,2042.69921875,3,0.3
988,8,10,528,2042.69921875,1,0.1
989,8,10,2852,2042.69921875,2,0.2
990,8,10,5499,2042.69921875,0,0.0
991,8,10,4950,2042.69921875,1,0.1
992,8,10,5246,2042.69921875,7,0.7
993,8,10,1797,2042.69921875,2,0.2
994,8,10,11776,2042.69921875,0,0.0
995,8,10,1640,2042.69921875,0,0.0
996,8,10,2396,2042.69921875,3,0.3
997,8,10,2149,2042.69921875,0,0.0
998,8,10,202,2042.69921875,0,0.0
999,8,10,18293,2042.69921875,6,0.6
0,8,100,4283,2042.69921875,0,0.0
1,8,100,13638,2042.69921875,9,0.09
2,8,100,3104,2042.69921875,0,0.0
3,8,100,2923,2042.69921875,10,0.1
4,8,100,21,2042.69921875,0,0.0
5,8,100,986,2042.69921875,0,0.0
6,8,100,2994,2042.69921875,13,0.13
7,8,100,12134,2042.69921875,18,0.18
8,8,100,12134,2042.69921875,28,0.28
9,8,100,3408,2042.69921875,0,0.0
10,8,100,3104,2042.69921875,4,0.04
11,8,100,6018,2042.69921875,11,0.11
12,8,100,2050,2042.69921875,0,0.0
13,8,100,4283,2042.69921875,3,0.03
14,8,100,2126,2042.69921875,10,0.1
15,8,100,5333,2042.69921875,8,0.08
16,8,100,4660,2042.69921875,3,0.03
17,8,100,4563,2042.69921875,11,0.11
18,8,100,2923,2042.69921875,5,0.05
19,8,100,8341,2042.69921875,24,0.24
20,8,100,18,2042.69921875,0,0.0
21,8,100,8341,2042.69921875,21,0.21
22,8,100,2852,2042.69921875,5,0.05
23,8,100,11776,2042.69921875,20,0.2
24,8,100,4283,2042.69921875,4,0.04
25,8,100,2994,2042.69921875,1,0.01
26,8,100,9186,2042.69921875,28,0.28
27,8,100,706,2042.69921875,3,0.03
28,8,100,4563,2042.69921875,13,0.13
29,8,100,3675,2042.69921875,33,0.33
30,8,100,2037,2042.69921875,3,0.03
31,8,100,1797,2042.69921875,18,0.18
32,8,100,13,2042.69921875,0,0.0
33,8,100,706,2042.69921875,0,0.0
34,8,100,20518,2042.69921875,26,0.26
35,8,100,5246,2042.69921875,34,0.34
36,8,100,4283,2042.69921875,1,0.01
37,8,100,1010,2042.69921875,1,0.01
38,8,100,8890,2042.69921875,35,0.35
39,8,100,14352,2042.69921875,18,0.18
40,8,100,1088,2042.69921875,0,0.0
41,8,100,2050,2042.69921875,13,0.13
42,8,100,21431,2042.69921875,10,0.1
43,8,100,18,2042.69921875,6,0.06
44,8,100,6228,2042.69921875,13,0.13
45,8,100,2923,2042.69921875,13,0.13
46,8,100,20518,2042.69921875,2,0.02
47,8,100,398,2042.69921875,1,0.01
48,8,100,1146,2042.69921875,3,0.03
49,8,100,2994,2042.69921875,9,0.09
50,8,100,3104,2042.69921875,12,0.12
51,8,100,1785,2042.69921875,0,0.0
52,8,100,21431,2042.69921875,31,0.31
53,8,100,6228,2042.69921875,17,0.17
54,8,100,4950,2042.69921875,8,0.08
55,8,100,22661,2042.69921875,28,0.28
56,8,100,2994,2042.69921875,13,0.13
57,8,100,20518,2042.69921875,71,0.71
58,8,100,706,2042.69921875,0,0.0
59,8,100,3104,2042.69921875,8,0.08
60,8,100,13218,2042.69921875,41,0.41
61,8,100,12911,2042.69921875,8,0.08
62,8,100,4660,2042.69921875,1,0.01
63,8,100,22661,2042.69921875,17,0.17
64,8,100,18293,2042.69921875,38,0.38
65,8,100,528,2042.69921875,2,0.02
66,8,100,6960,2042.69921875,20,0.2
67,8,100,1171,2042.69921875,1,0.01
68,8,100,1706,2042.69921875,17,0.17
69,8,100,15906,2042.69921875,19,0.19
70,8,100,2715,2042.69921875,0,0.0
71,8,100,13638,2042.69921875,3,0.03
72,8,100,13,2042.69921875,0,0.0
73,8,100,14352,2042.69921875,13,0.13
74,8,100,1146,2042.69921875,1,0.01
75,8,100,5333,2042.69921875,17,0.17
76,8,100,9992,2042.69921875,6,0.06
77,8,100,12134,2042.69921875,2,0.02
78,8,100,13638,2042.69921875,22,0.22
79,8,100,12134,2042.69921875,22,0.22
80,8,100,1640,2042.69921875,0,0.0
81,8,100,8341,2042.69921875,4,0.04
82,8,100,3611,2042.69921875,1,0.01
83,8,100,1300,2042.69921875,0,0.0
84,8,100,1692,2042.69921875,7,0.07
85,8,100,15906,2042.69921875,56,0.56
86,8,100,21431,2042.69921875,12,0.12
87,8,100,4416,2042.69921875,2,0.02
88,8,100,527,2042.69921875,5,0.05
89,8,100,1277,2042.69921875,21,0.21
90,8,100,18293,2042.69921875,40,0.4
91,8,100,6018,2042.69921875,16,0.16
92,8,100,5333,2042.69921875,20,0.2
93,8,100,22661,2042.69921875,52,0.52
94,8,100,21431,2042.69921875,49,0.49
95,8,100,2396,2042.69921875,4,0.04
96,8,100,8890,2042.69921875,28,0.28
97,8,100,4283,2042.69921875,15,0.15
98,8,100,4283,2042.69921875,1,0.01
99,8,100,20,2042.69921875,0,0.0
100,8,100,8341,2042.69921875,26,0.26
101,8,100,8890,2042.69921875,15,0.15
102,8,100,12134,2042.69921875,19,0.19
103,8,100,645,2042.69921875,0,0.0
104,8,100,3446,2042.69921875,1,0.01
105,8,100,1511,2042.69921875,7,0.07
106,8,100,20518,2042.69921875,6,0.06
107,8,100,3784,2042.69921875,8,0.08
108,8,100,4416,2042.69921875,0,0.0
109,8,100,1679,2042.69921875,2,0.02
110,8,100,317,2042.69921875,0,0.0
111,8,100,8890,2042.69921875,18,0.18
112,8,100,13638,2042.69921875,18,0.18
113,8,100,1692,2042.69921875,8,0.08
114,8,100,986,2042.69921875,2,0.02
115,8,100,13638,2042.69921875,20,0.2
116,8,100,819,2042.69921875,14,0.14
117,8,100,16744,2042.69921875,48,0.48
118,8,100,2923,2042.69921875,15,0.15
119,8,100,19270,2042.69921875,66,0.66
120,8,100,14352,2042.69921875,30,0.3
121,8,100,23,2042.69921875,1,0.01
122,8,100,4660,2042.69921875,7,0.07
123,8,100,21431,2042.69921875,1,0.01
124,8,100,7,2042.69921875,0,0.0
125,8,100,8890,2042.69921875,1,0.01
126,8,100,17429,2042.69921875,13,0.13
127,8,100,645,2042.69921875,14,0.14
128,8,100,5333,2042.69921875,5,0.05
129,8,100,9186,2042.69921875,5,0.05
130,8,100,3675,2042.69921875,8,0.08
131,8,100,5244,2042.69921875,11,0.11
132,8,100,2067,2042.69921875,0,0.0
133,8,100,147,2042.69921875,2,0.02
134,8,100,1692,2042.69921875,0,0.0
135,8,100,9186,2042.69921875,5,0.05
136,8,100,4660,2042.69921875,10,0.1
137,8,100,8890,2042.69921875,5,0.05
138,8,100,13638,2042.69921875,35,0.35
139,8,100,4283,2042.69921875,6,0.06
140,8,100,2,2042.69921875,0,0.0
141,8,100,986,2042.69921875,1,0.01
142,8,100,331,2042.69921875,7,0.07
143,8,100,5333,2042.69921875,3,0.03
144,8,100,3852,2042.69921875,1,0.01
145,8,100,15906,2042.69921875,31,0.31
146,8,100,18293,2042.69921875,9,0.09
147,8,100,4563,2042.69921875,14,0.14
148,8,100,9186,2042.69921875,3,0.03
149,8,100,4283,2042.69921875,14,0.14
150,8,100,4950,2042.69921875,10,0.1
151,8,100,6524,2042.69921875,15,0.15
152,8,100,2923,2042.69921875,32,0.32
153,8,100,20518,2042.69921875,45,0.45
154,8,100,20518,2042.69921875,33,0.33
155,8,100,645,2042.69921875,0,0.0
156,8,100,22661,2042.69921875,21,0.21
157,8,100,745,2042.69921875,6,0.06
158,8,100,4283,2042.69921875,6,0.06
159,8,100,3163,2042.69921875,4,0.04
160,8,100,4505,2042.69921875,6,0.06
161,8,100,18293,2042.69921875,20,0.2
162,8,100,16744,2042.69921875,39,0.39
163,8,100,1511,2042.69921875,0,0.0
164,8,100,1010,2042.69921875,6,0.06
165,8,100,1747,2042.69921875,2,0.02
166,8,100,3905,2042.69921875,13,0.13
167,8,100,12134,2042.69921875,26,0.26
168,8,100,1614,2042.69921875,1,0.01
169,8,100,14352,2042.69921875,22,0.22
170,8,100,17,2042.69921875,0,0.0
171,8,100,11776,2042.69921875,13,0.13
172,8,100,2923,2042.69921875,1,0.01
173,8,100,12134,2042.69921875,2,0.02
174,8,100,5244,2042.69921875,4,0.04
175,8,100,12911,2042.69921875,8,0.08
176,8,100,18293,2042.69921875,6,0.06
177,8,100,2923,2042.69921875,4,0.04
178,8,100,1184,2042.69921875,5,0.05
179,8,100,4950,2042.69921875,3,0.03
180,8,100,15906,2042.69921875,34,0.34
181,8,100,4456,2042.69921875,4,0.04
182,8,100,11776,2042.69921875,27,0.27
183,8,100,2149,2042.69921875,14,0.14
184,8,100,4461,2042.69921875,7,0.07
185,8,100,8341,2042.69921875,7,0.07
186,8,100,1010,2042.69921875,2,0.02
187,8,100,3408,2042.69921875,1,0.01
188,8,100,5244,2042.69921875,11,0.11
189,8,100,19270,2042.69921875,25,0.25
190,8,100,4283,2042.69921875,10,0.1
191,8,100,2923,2042.69921875,2,0.02
192,8,100,1692,2042.69921875,0,0.0
193,8,100,4416,2042.69921875,5,0.05
194,8,100,11776,2042.69921875,12,0.12
195,8,100,21431,2042.69921875,39,0.39
196,8,100,1010,2042.69921875,0,0.0
197,8,100,2149,2042.69921875,1,0.01
198,8,100,16744,2042.69921875,25,0.25
199,8,100,2994,2042.69921875,2,0.02
200,8,100,18293,2042.69921875,14,0.14
201,8,100,3163,2042.69921875,18,0.18
202,8,100,20518,2042.69921875,11,0.11
203,8,100,1640,2042.69921875,3,0.03
204,8,100,28,2042.69921875,1,0.01
205,8,100,5244,2042.69921875,3,0.03
206,8,100,2149,2042.69921875,7,0.07
207,8,100,13638,2042.69921875,5,0.05
208,8,100,3104,2042.69921875,8,0.08
209,8,100,4660,2042.69921875,2,0.02
210,8,100,15906,2042.69921875,33,0.33
211,8,100,11776,2042.69921875,29,0.29
212,8,100,26,2042.69921875,0,0.0
213,8,100,9992,2042.69921875,27,0.27
214,8,100,1614,2042.69921875,18,0.18
215,8,100,4505,2042.69921875,2,0.02
216,8,100,4660,2042.69921875,13,0.13
217,8,100,20518,2042.69921875,8,0.08
218,8,100,2050,2042.69921875,27,0.27
219,8,100,18293,2042.69921875,1,0.01
220,8,100,1706,2042.69921875,2,0.02
221,8,100,4563,2042.69921875,10,0.1
222,8,100,21431,2042.69921875,40,0.4
223,8,100,22661,2042.69921875,18,0.18
224,8,100,4505,2042.69921875,6,0.06
225,8,100,14352,2042.69921875,26,0.26
226,8,100,6228,2042.69921875,9,0.09
227,8,100,5333,2042.69921875,12,0.12
228,8,100,4950,2042.69921875,19,0.19
229,8,100,18293,2042.69921875,9,0.09
230,8,100,4461,2042.69921875,7,0.07
231,8,100,147,2042.69921875,2,0.02
232,8,100,11776,2042.69921875,24,0.24
233,8,100,5333,2042.69921875,1,0.01
234,8,100,528,2042.69921875,1,0.01
235,8,100,4505,2042.69921875,14,0.14
236,8,100,4660,2042.69921875,12,0.12
237,8,100,756,2042.69921875,0,0.0
238,8,100,567,2042.69921875,1,0.01
239,8,100,1305,2042.69921875,11,0.11
240,8,100,11776,2042.69921875,20,0.2
241,8,100,12134,2042.69921875,52,0.52
242,8,100,88,2042.69921875,5,0.05
243,8,100,1785,2042.69921875,9,0.09
244,8,100,4416,2042.69921875,1,0.01
245,8,100,12134,2042.69921875,3,0.03
246,8,100,13638,2042.69921875,3,0.03
247,8,100,20518,2042.69921875,55,0.55
248,8,100,1511,2042.69921875,12,0.12
249,8,100,18293,2042.69921875,5,0.05
250,8,100,21431,2042.69921875,21,0.21
251,8,100,317,2042.69921875,0,0.0
252,8,100,2656,2042.69921875,4,0.04
253,8,100,5499,2042.69921875,1,0.01
254,8,100,5220,2042.69921875,18,0.18
255,8,100,4505,2042.69921875,3,0.03
256,8,100,1785,2042.69921875,1,0.01
257,8,100,6018,2042.69921875,10,0.1
258,8,100,19270,2042.69921875,21,0.21
259,8,100,5333,2042.69921875,24,0.24
260,8,100,15906,2042.69921875,9,0.09
261,8,100,223,2042.69921875,0,0.0
262,8,100,13218,2042.69921875,26,0.26
263,8,100,13218,2042.69921875,10,0.1
264,8,100,9992,2042.69921875,15,0.15
265,8,100,4416,2042.69921875,2,0.02
266,8,100,3784,2042.69921875,6,0.06
267,8,100,1785,2042.69921875,2,0.02
268,8,100,2852,2042.69921875,3,0.03
269,8,100,12911,2042.69921875,23,0.23
270,8,100,14352,2042.69921875,18,0.18
271,8,100,2715,2042.69921875,1,0.01
272,8,100,654,2042.69921875,9,0.09
273,8,100,2434,2042.69921875,12,0.12
274,8,100,2050,2042.69921875,17,0.17
275,8,100,3611,2042.69921875,2,0.02
276,8,100,3784,2042.69921875,5,0.05
277,8,100,1305,2042.69921875,9,0.09
278,8,100,15906,2042.69921875,3,0.03
279,8,100,1998,2042.69921875,11,0.11
280,8,100,6228,2042.69921875,24,0.24
281,8,100,3852,2042.69921875,4,0.04
282,8,100,1705,2042.69921875,1,0.01
283,8,100,4563,2042.69921875,18,0.18
284,8,100,1998,2042.69921875,0,0.0
285,8,100,590,2042.69921875,1,0.01
286,8,100,3852,2042.69921875,16,0.16
287,8,100,13638,2042.69921875,18,0.18
288,8,100,13218,2042.69921875,4,0.04
289,8,100,986,2042.69921875,2,0.02
290,8,100,4056,2042.69921875,14,0.14
291,8,100,2050,2042.69921875,5,0.05
292,8,100,16744,2042.69921875,5,0.05
293,8,100,3675,2042.69921875,5,0.05
294,8,100,2149,2042.69921875,13,0.13
295,8,100,19270,2042.69921875,34,0.34
296,8,100,1640,2042.69921875,0,0.0
297,8,100,2037,2042.69921875,2,0.02
298,8,100,3675,2042.69921875,12,0.12
299,8,100,4660,2042.69921875,6,0.06
300,8,100,9,2042.69921875,0,0.0
301,8,100,18293,2042.69921875,61,0.61
302,8,100,11776,2042.69921875,6,0.06
303,8,100,50,2042.69921875,0,0.0
304,8,100,6018,2042.69921875,18,0.18
305,8,100,19270,2042.69921875,31,0.31
306,8,100,1184,2042.69921875,2,0.02
307,8,100,6018,2042.69921875,15,0.15
308,8,100,5333,2042.69921875,1,0.01
309,8,100,6426,2042.69921875,31,0.31
310,8,100,19270,2042.69921875,16,0.16
311,8,100,2149,2042.69921875,1,0.01
312,8,100,2994,2042.69921875,17,0.17
313,8,100,499,2042.69921875,4,0.04
314,8,100,744,2042.69921875,0,0.0
315,8,100,14352,2042.69921875,15,0.15
316,8,100,2067,2042.69921875,1,0.01
317,8,100,2037,2042.69921875,4,0.04
318,8,100,17,2042.69921875,0,0.0
319,8,100,986,2042.69921875,0,0.0
320,8,100,2050,2042.69921875,1,0.01
321,8,100,1335,2042.69921875,14,0.14
322,8,100,17429,2042.69921875,43,0.43
323,8,100,9992,2042.69921875,36,0.36
324,8,100,4416,2042.69921875,3,0.03
325,8,100,1305,2042.69921875,27,0.27
326,8,100,2990,2042.69921875,9,0.09
327,8,100,1797,2042.69921875,0,0.0
328,8,100,5499,2042.69921875,12,0.12
329,8,100,16744,2042.69921875,12,0.12
330,8,100,9167,2042.69921875,8,0.08
331,8,100,20,2042.69921875,0,0.0
332,8,100,4950,2042.69921875,12,0.12
333,8,100,2041,2042.69921875,9,0.09
334,8,100,4950,2042.69921875,6,0.06
335,8,100,744,2042.69921875,3,0.03
336,8,100,4461,2042.69921875,14,0.14
337,8,100,317,2042.69921875,3,0.03
338,8,100,22661,2042.69921875,18,0.18
339,8,100,16744,2042.69921875,6,0.06
340,8,100,5220,2042.69921875,6,0.06
341,8,100,8890,2042.69921875,13,0.13
342,8,100,4505,2042.69921875,13,0.13
343,8,100,8341,2042.69921875,18,0.18
344,8,100,2923,2042.69921875,12,0.12
345,8,100,22661,2042.69921875,10,0.1
346,8,100,26,2042.69921875,0,0.0
347,8,100,1998,2042.69921875,29,0.29
348,8,100,3446,2042.69921875,25,0.25
349,8,100,41,2042.69921875,2,0.02
350,8,100,1706,2042.69921875,3,0.03
351,8,100,4283,2042.69921875,12,0.12
352,8,100,4416,2042.69921875,17,0.17
353,8,100,8890,2042.69921875,23,0.23
354,8,100,1010,2042.69921875,2,0.02
355,8,100,22661,2042.69921875,55,0.55
356,8,100,2312,2042.69921875,2,0.02
357,8,100,22661,2042.69921875,9,0.09
358,8,100,14352,2042.69921875,49,0.49
359,8,100,12911,2042.69921875,35,0.35
360,8,100,30,2042.69921875,0,0.0
361,8,100,581,2042.69921875,0,0.0
362,8,100,689,2042.69921875,0,0.0
363,8,100,27,2042.69921875,0,0.0
364,8,100,2994,2042.69921875,0,0.0
365,8,100,528,2042.69921875,0,0.0
366,8,100,4594,2042.69921875,4,0.04
367,8,100,8890,2042.69921875,0,0.0
368,8,100,317,2042.69921875,2,0.02
369,8,100,49,2042.69921875,0,0.0
370,8,100,11776,2042.69921875,41,0.41
371,8,100,13218,2042.69921875,8,0.08
372,8,100,11776,2042.69921875,21,0.21
373,8,100,6960,2042.69921875,22,0.22
374,8,100,9186,2042.69921875,16,0.16
375,8,100,2994,2042.69921875,21,0.21
376,8,100,5333,2042.69921875,5,0.05
377,8,100,22661,2042.69921875,28,0.28
378,8,100,4950,2042.69921875,8,0.08
379,8,100,4660,2042.69921875,61,0.61
380,8,100,21431,2042.69921875,1,0.01
381,8,100,20518,2042.69921875,8,0.08
382,8,100,2923,2042.69921875,5,0.05
383,8,100,12911,2042.69921875,25,0.25
384,8,100,5220,2042.69921875,3,0.03
385,8,100,21431,2042.69921875,12,0.12
386,8,100,1706,2042.69921875,4,0.04
387,8,100,2990,2042.69921875,21,0.21
388,8,100,6426,2042.69921875,5,0.05
389,8,100,3905,2042.69921875,6,0.06
390,8,100,1511,2042.69921875,1,0.01
391,8,100,5333,2042.69921875,28,0.28
392,8,100,1747,2042.69921875,3,0.03
393,8,100,100,2042.69921875,1,0.01
394,8,100,12134,2042.69921875,7,0.07
395,8,100,4456,2042.69921875,4,0.04
396,8,100,1706,2042.69921875,1,0.01
397,8,100,744,2042.69921875,2,0.02
398,8,100,21,2042.69921875,0,0.0
399,8,100,1184,2042.69921875,2,0.02
400,8,100,5333,2042.69921875,16,0.16
401,8,100,5244,2042.69921875,5,0.05
402,8,100,13218,2042.69921875,58,0.58
403,8,100,14352,2042.69921875,13,0.13
404,8,100,2149,2042.69921875,2,0.02
405,8,100,2067,2042.69921875,7,0.07
406,8,100,4505,2042.69921875,29,0.29
407,8,100,8890,2042.69921875,10,0.1
408,8,100,654,2042.69921875,1,0.01
409,8,100,9186,2042.69921875,22,0.22
410,8,100,19270,2042.69921875,55,0.55
411,8,100,1184,2042.69921875,0,0.0
412,8,100,6018,2042.69921875,32,0.32
413,8,100,4950,2042.69921875,1,0.01
414,8,100,3905,2042.69921875,13,0.13
415,8,100,4056,2042.69921875,3,0.03
416,8,100,645,2042.69921875,8,0.08
417,8,100,3905,2042.69921875,32,0.32
418,8,100,25,2042.69921875,0,0.0
419,8,100,19270,2042.69921875,14,0.14
420,8,100,1747,2042.69921875,3,0.03
421,8,100,2434,2042.69921875,9,0.09
422,8,100,13218,2042.69921875,6,0.06
423,8,100,1640,2042.69921875,6,0.06
424,8,100,689,2042.69921875,0,0.0
425,8,100,13638,2042.69921875,12,0.12
426,8,100,18293,2042.69921875,24,0.24
427,8,100,22661,2042.69921875,26,0.26
428,8,100,2041,2042.69921875,10,0.1
429,8,100,18293,2042.69921875,19,0.19
430,8,100,18293,2042.69921875,17,0.17
431,8,100,22661,2042.69921875,76,0.76
432,8,100,20518,2042.69921875,29,0.29
433,8,100,3905,2042.69921875,0,0.0
434,8,100,4950,2042.69921875,2,0.02
435,8,100,1146,2042.69921875,3,0.03
436,8,100,3675,2042.69921875,6,0.06
437,8,100,1277,2042.69921875,16,0.16
438,8,100,21431,2042.69921875,30,0.3
439,8,100,8341,2042.69921875,21,0.21
440,8,100,2715,2042.69921875,7,0.07
441,8,100,5246,2042.69921875,10,0.1
442,8,100,13638,2042.69921875,27,0.27
443,8,100,13218,2042.69921875,14,0.14
444,8,100,12134,2042.69921875,41,0.41
445,8,100,6228,2042.69921875,15,0.15
446,8,100,3163,2042.69921875,4,0.04
447,8,100,1679,2042.69921875,8,0.08
448,8,100,11776,2042.69921875,19,0.19
449,8,100,645,2042.69921875,3,0.03
450,8,100,21431,2042.69921875,1,0.01
451,8,100,1071,2042.69921875,2,0.02
452,8,100,986,2042.69921875,1,0.01
453,8,100,9186,2042.69921875,36,0.36
454,8,100,2994,2042.69921875,6,0.06
455,8,100,6228,2042.69921875,27,0.27
456,8,100,18293,2042.69921875,4,0.04
457,8,100,6018,2042.69921875,23,0.23
458,8,100,18293,2042.69921875,0,0.0
459,8,100,13,2042.69921875,1,0.01
460,8,100,6018,2042.69921875,9,0.09
461,8,100,19270,2042.69921875,5,0.05
462,8,100,21431,2042.69921875,11,0.11
463,8,100,13218,2042.69921875,14,0.14
464,8,100,645,2042.69921875,1,0.01
465,8,100,2050,2042.69921875,8,0.08
466,8,100,4416,2042.69921875,0,0.0
467,8,100,13638,2042.69921875,17,0.17
468,8,100,581,2042.69921875,9,0.09
469,8,100,645,2042.69921875,2,0.02
470,8,100,4283,2042.69921875,2,0.02
471,8,100,8890,2042.69921875,1,0.01
472,8,100,1171,2042.69921875,5,0.05
473,8,100,9992,2042.69921875,32,0.32
474,8,100,4416,2042.69921875,1,0.01
475,8,100,4594,2042.69921875,3,0.03
476,8,100,13638,2042.69921875,48,0.48
477,8,100,16744,2042.69921875,34,0.34
478,8,100,20518,2042.69921875,1,0.01
479,8,100,331,2042.69921875,1,0.01
480,8,100,756,2042.69921875,0,0.0
481,8,100,2126,2042.69921875,10,0.1
482,8,100,21431,2042.69921875,33,0.33
483,8,100,12134,2042.69921875,17,0.17
484,8,100,20518,2042.69921875,1,0.01
485,8,100,2126,2042.69921875,6,0.06
486,8,100,1797,2042.69921875,30,0.3
487,8,100,1184,2042.69921875,3,0.03
488,8,100,11776,2042.69921875,8,0.08
489,8,100,1587,2042.69921875,2,0.02
490,8,100,6228,2042.69921875,27,0.27
491,8,100,11776,2042.69921875,22,0.22
492,8,100,202,2042.69921875,2,0.02
493,8,100,1705,2042.69921875,3,0.03
494,8,100,1146,2042.69921875,0,0.0
495,8,100,2050,2042.69921875,0,0.0
496,8,100,4208,2042.69921875,2,0.02
497,8,100,17429,2042.69921875,46,0.46
498,8,100,16744,2042.69921875,39,0.39
499,8,100,22661,2042.69921875,6,0.06
500,8,100,18293,2042.69921875,23,0.23
501,8,100,58,2042.69921875,0,0.0
502,8,100,1184,2042.69921875,0,0.0
503,8,100,986,2042.69921875,4,0.04
504,8,100,2852,2042.69921875,4,0.04
505,8,100,20518,2042.69921875,31,0.31
506,8,100,581,2042.69921875,8,0.08
507,8,100,2149,2042.69921875,45,0.45
508,8,100,1797,2042.69921875,1,0.01
509,8,100,1785,2042.69921875,2,0.02
510,8,100,2037,2042.69921875,2,0.02
511,8,100,1747,2042.69921875,3,0.03
512,8,100,4283,2042.69921875,11,0.11
513,8,100,1705,2042.69921875,2,0.02
514,8,100,5333,2042.69921875,17,0.17
515,8,100,4505,2042.69921875,4,0.04
516,8,100,17429,2042.69921875,39,0.39
517,8,100,22661,2042.69921875,58,0.58
518,8,100,4461,2042.69921875,15,0.15
519,8,100,745,2042.69921875,1,0.01
520,8,100,4461,2042.69921875,1,0.01
521,8,100,21431,2042.69921875,8,0.08
522,8,100,754,2042.69921875,1,0.01
523,8,100,3675,2042.69921875,1,0.01
524,8,100,3611,2042.69921875,6,0.06
525,8,100,2126,2042.69921875,2,0.02
526,8,100,5,2042.69921875,0,0.0
527,8,100,4416,2042.69921875,1,0.01
528,8,100,6018,2042.69921875,0,0.0
529,8,100,2656,2042.69921875,6,0.06
530,8,100,3446,2042.69921875,0,0.0
531,8,100,16744,2042.69921875,38,0.38
532,8,100,2990,2042.69921875,1,0.01
533,8,100,2149,2042.69921875,0,0.0
534,8,100,22661,2042.69921875,15,0.15
535,8,100,28,2042.69921875,1,0.01
536,8,100,1706,2042.69921875,2,0.02
537,8,100,4208,2042.69921875,28,0.28
538,8,100,1184,2042.69921875,1,0.01
539,8,100,2149,2042.69921875,5,0.05
540,8,100,4950,2042.69921875,16,0.16
541,8,100,15906,2042.69921875,12,0.12
542,8,100,1998,2042.69921875,8,0.08
543,8,100,1706,2042.69921875,6,0.06
544,8,100,12134,2042.69921875,9,0.09
545,8,100,2050,2042.69921875,2,0.02
546,8,100,781,2042.69921875,1,0.01
547,8,100,12134,2042.69921875,12,0.12
548,8,100,4950,2042.69921875,13,0.13
549,8,100,13638,2042.69921875,17,0.17
550,8,100,11,2042.69921875,0,0.0
551,8,100,15906,2042.69921875,36,0.36
552,8,100,4505,2042.69921875,26,0.26
553,8,100,2656,2042.69921875,4,0.04
554,8,100,17429,2042.69921875,17,0.17
555,8,100,2149,2042.69921875,12,0.12
556,8,100,13218,2042.69921875,17,0.17
557,8,100,40,2042.69921875,0,0.0
558,8,100,18293,2042.69921875,16,0.16
559,8,100,14352,2042.69921875,20,0.2
560,8,100,13218,2042.69921875,1,0.01
561,8,100,18293,2042.69921875,5,0.05
562,8,100,17429,2042.69921875,16,0.16
563,8,100,14352,2042.69921875,29,0.29
564,8,100,2396,2042.69921875,1,0.01
565,8,100,19270,2042.69921875,7,0.07
566,8,100,12134,2042.69921875,26,0.26
567,8,100,20518,2042.69921875,7,0.07
568,8,100,2067,2042.69921875,0,0.0
569,8,100,5333,2042.69921875,7,0.07
570,8,100,4950,2042.69921875,13,0.13
571,8,100,645,2042.69921875,1,0.01
572,8,100,5220,2042.69921875,12,0.12
573,8,100,986,2042.69921875,0,0.0
574,8,100,17429,2042.69921875,2,0.02
575,8,100,2994,2042.69921875,0,0.0
576,8,100,6524,2042.69921875,4,0.04
577,8,100,1679,2042.69921875,2,0.02
578,8,100,2037,2042.69921875,3,0.03
579,8,100,1679,2042.69921875,1,0.01
580,8,100,19270,2042.69921875,8,0.08
581,8,100,18293,2042.69921875,23,0.23
582,8,100,12911,2042.69921875,11,0.11
583,8,100,11776,2042.69921875,6,0.06
584,8,100,4283,2042.69921875,5,0.05
585,8,100,6,2042.69921875,0,0.0
586,8,100,2852,2042.69921875,5,0.05
587,8,100,6960,2042.69921875,5,0.05
588,8,100,527,2042.69921875,9,0.09
589,8,100,12911,2042.69921875,30,0.3
590,8,100,2067,2042.69921875,13,0.13
591,8,100,13638,2042.69921875,10,0.1
592,8,100,8890,2042.69921875,15,0.15
593,8,100,9992,2042.69921875,16,0.16
594,8,100,13218,2042.69921875,17,0.17
595,8,100,4660,2042.69921875,5,0.05
596,8,100,5244,2042.69921875,13,0.13
597,8,100,12134,2042.69921875,3,0.03
598,8,100,9186,2042.69921875,23,0.23
599,8,100,4416,2042.69921875,35,0.35
600,8,100,2037,2042.69921875,24,0.24
601,8,100,4950,2042.69921875,29,0.29
602,8,100,1184,2042.69921875,0,0.0
603,8,100,1561,2042.69921875,0,0.0
604,8,100,3104,2042.69921875,12,0.12
605,8,100,4660,2042.69921875,2,0.02
606,8,100,15906,2042.69921875,8,0.08
607,8,100,499,2042.69921875,2,0.02
608,8,100,21,2042.69921875,0,0.0
609,8,100,12134,2042.69921875,30,0.3
610,8,100,1614,2042.69921875,11,0.11
611,8,100,4461,2042.69921875,13,0.13
612,8,100,986,2042.69921875,9,0.09
613,8,100,1679,2042.69921875,0,0.0
614,8,100,11776,2042.69921875,3,0.03
615,8,100,4416,2042.69921875,14,0.14
616,8,100,15906,2042.69921875,16,0.16
617,8,100,3408,2042.69921875,24,0.24
618,8,100,3905,2042.69921875,10,0.1
619,8,100,2050,2042.69921875,4,0.04
620,8,100,745,2042.69921875,0,0.0
621,8,100,2037,2042.69921875,5,0.05
622,8,100,16744,2042.69921875,14,0.14
623,8,100,22661,2042.69921875,40,0.4
624,8,100,1010,2042.69921875,9,0.09
625,8,100,4056,2042.69921875,3,0.03
626,8,100,13218,2042.69921875,13,0.13
627,8,100,18,2042.69921875,0,0.0
628,8,100,4056,2042.69921875,2,0.02
629,8,100,20518,2042.69921875,9,0.09
630,8,100,20518,2042.69921875,10,0.1
631,8,100,590,2042.69921875,0,0.0
632,8,100,986,2042.69921875,14,0.14
633,8,100,2041,2042.69921875,6,0.06
634,8,100,18293,2042.69921875,22,0.22
635,8,100,18293,2042.69921875,10,0.1
636,8,100,2037,2042.69921875,0,0.0
637,8,100,2656,2042.69921875,8,0.08
638,8,100,13638,2042.69921875,15,0.15
639,8,100,50,2042.69921875,0,0.0
640,8,100,5333,2042.69921875,32,0.32
641,8,100,14352,2042.69921875,9,0.09
642,8,100,3675,2042.69921875,6,0.06
643,8,100,1692,2042.69921875,17,0.17
644,8,100,22661,2042.69921875,19,0.19
645,8,100,689,2042.69921875,2,0.02
646,8,100,2149,2042.69921875,23,0.23
647,8,100,4416,2042.69921875,0,0.0
648,8,100,223,2042.69921875,3,0.03
649,8,100,28,2042.69921875,0,0.0
650,8,100,6228,2042.69921875,6,0.06
651,8,100,10,2042.69921875,0,0.0
652,8,100,4416,2042.69921875,11,0.11
653,8,100,20518,2042.69921875,8,0.08
654,8,100,581,2042.69921875,5,0.05
655,8,100,9186,2042.69921875,19,0.19
656,8,100,20518,2042.69921875,52,0.52
657,8,100,2396,2042.69921875,4,0.04
658,8,100,5333,2042.69921875,9,0.09
659,8,100,21431,2042.69921875,14,0.14
660,8,100,14352,2042.69921875,32,0.32
661,8,100,1705,2042.69921875,10,0.1
662,8,100,18293,2042.69921875,5,0.05
663,8,100,21431,2042.69921875,25,0.25
664,8,100,4563,2042.69921875,9,0.09
665,8,100,4594,2042.69921875,15,0.15
666,8,100,4283,2042.69921875,6,0.06
667,8,100,1614,2042.69921875,0,0.0
668,8,100,1300,2042.69921875,18,0.18
669,8,100,567,2042.69921875,5,0.05
670,8,100,12134,2042.69921875,23,0.23
671,8,100,2396,2042.69921875,22,0.22
672,8,100,13638,2042.69921875,34,0.34
673,8,100,527,2042.69921875,9,0.09
674,8,100,309,2042.69921875,2,0.02
675,8,100,2434,2042.69921875,6,0.06
676,8,100,2037,2042.69921875,0,0.0
677,8,100,20518,2042.69921875,24,0.24
678,8,100,5333,2042.69921875,22,0.22
679,8,100,12911,2042.69921875,10,0.1
680,8,100,1305,2042.69921875,1,0.01
681,8,100,2037,2042.69921875,2,0.02
682,8,100,2656,2042.69921875,3,0.03
683,8,100,4563,2042.69921875,17,0.17
684,8,100,4283,2042.69921875,4,0.04
685,8,100,1146,2042.69921875,3,0.03
686,8,100,12134,2042.69921875,41,0.41
687,8,100,5,2042.69921875,0,0.0
688,8,100,3408,2042.69921875,1,0.01
689,8,100,21431,2042.69921875,13,0.13
690,8,100,14352,2042.69921875,5,0.05
691,8,100,11776,2042.69921875,24,0.24
692,8,100,2923,2042.69921875,0,0.0
693,8,100,744,2042.69921875,0,0.0
694,8,100,1679,2042.69921875,8,0.08
695,8,100,754,2042.69921875,0,0.0
696,8,100,18293,2042.69921875,15,0.15
697,8,100,13,2042.69921875,0,0.0
698,8,100,2050,2042.69921875,0,0.0
699,8,100,11776,2042.69921875,16,0.16
700,8,100,2994,2042.69921875,2,0.02
701,8,100,1614,2042.69921875,7,0.07
702,8,100,12911,2042.69921875,3,0.03
703,8,100,2417,2042.69921875,3,0.03
704,8,100,47,2042.69921875,0,0.0
705,8,100,20518,2042.69921875,8,0.08
706,8,100,13218,2042.69921875,15,0.15
707,8,100,1,2042.69921875,0,0.0
708,8,100,8341,2042.69921875,52,0.52
709,8,100,1706,2042.69921875,2,0.02
710,8,100,17429,2042.69921875,7,0.07
711,8,100,9167,2042.69921875,23,0.23
712,8,100,8890,2042.69921875,13,0.13
713,8,100,2149,2042.69921875,12,0.12
714,8,100,1706,2042.69921875,0,0.0
715,8,100,8341,2042.69921875,3,0.03
716,8,100,20518,2042.69921875,3,0.03
717,8,100,1335,2042.69921875,2,0.02
718,8,100,14352,2042.69921875,28,0.28
719,8,100,5220,2042.69921875,3,0.03
720,8,100,16744,2042.69921875,25,0.25
721,8,100,8890,2042.69921875,20,0.2
722,8,100,1587,2042.69921875,5,0.05
723,8,100,4660,2042.69921875,8,0.08
724,8,100,18293,2042.69921875,3,0.03
725,8,100,16744,2042.69921875,6,0.06
726,8,100,20518,2042.69921875,8,0.08
727,8,100,1614,2042.69921875,0,0.0
728,8,100,2990,2042.69921875,25,0.25
729,8,100,6228,2042.69921875,6,0.06
730,8,100,4208,2042.69921875,3,0.03
731,8,100,9167,2042.69921875,29,0.29
732,8,100,18293,2042.69921875,9,0.09
733,8,100,8341,2042.69921875,18,0.18
734,8,100,10,2042.69921875,0,0.0
735,8,100,6228,2042.69921875,14,0.14
736,8,100,12134,2042.69921875,4,0.04
737,8,100,1797,2042.69921875,27,0.27
738,8,100,9992,2042.69921875,8,0.08
739,8,100,9186,2042.69921875,5,0.05
740,8,100,6018,2042.69921875,7,0.07
741,8,100,2041,2042.69921875,2,0.02
742,8,100,28,2042.69921875,0,0.0
743,8,100,2041,2042.69921875,2,0.02
744,8,100,13638,2042.69921875,4,0.04
745,8,100,3611,2042.69921875,2,0.02
746,8,100,9167,2042.69921875,37,0.37
747,8,100,20518,2042.69921875,31,0.31
748,8,100,3,2042.69921875,0,0.0
749,8,100,21431,2042.69921875,8,0.08
750,8,100,1797,2042.69921875,1,0.01
751,8,100,1305,2042.69921875,6,0.06
752,8,100,19270,2042.69921875,69,0.69
753,8,100,1706,2042.69921875,0,0.0
754,8,100,13218,2042.69921875,54,0.54
755,8,100,16744,2042.69921875,32,0.32
756,8,100,1277,2042.69921875,15,0.15
757,8,100,15906,2042.69921875,28,0.28
758,8,100,2067,2042.69921875,3,0.03
759,8,100,27,2042.69921875,0,0.0
760,8,100,15906,2042.69921875,15,0.15
761,8,100,2715,2042.69921875,7,0.07
762,8,100,2050,2042.69921875,9,0.09
763,8,100,2050,2042.69921875,0,0.0
764,8,100,19270,2042.69921875,37,0.37
765,8,100,12911,2042.69921875,7,0.07
766,8,100,13638,2042.69921875,17,0.17
767,8,100,3675,2042.69921875,8,0.08
768,8,100,3905,2042.69921875,7,0.07
769,8,100,706,2042.69921875,1,0.01
770,8,100,4416,2042.69921875,1,0.01
771,8,100,13638,2042.69921875,12,0.12
772,8,100,744,2042.69921875,4,0.04
773,8,100,4416,2042.69921875,8,0.08
774,8,100,1010,2042.69921875,4,0.04
775,8,100,1171,2042.69921875,1,0.01
776,8,100,11776,2042.69921875,8,0.08
777,8,100,1010,2042.69921875,4,0.04
778,8,100,2396,2042.69921875,0,0.0
779,8,100,2852,2042.69921875,5,0.05
780,8,100,20518,2042.69921875,13,0.13
781,8,100,13638,2042.69921875,7,0.07
782,8,100,18293,2042.69921875,22,0.22
783,8,100,12911,2042.69921875,10,0.1
784,8,100,4461,2042.69921875,19,0.19
785,8,100,2656,2042.69921875,34,0.34
786,8,100,19270,2042.69921875,6,0.06
787,8,100,3446,2042.69921875,7,0.07
788,8,100,5499,2042.69921875,18,0.18
789,8,100,996,2042.69921875,1,0.01
790,8,100,9186,2042.69921875,19,0.19
791,8,100,2312,2042.69921875,0,0.0
792,8,100,18293,2042.69921875,3,0.03
793,8,100,9992,2042.69921875,9,0.09
794,8,100,1706,2042.69921875,5,0.05
795,8,100,645,2042.69921875,2,0.02
796,8,100,4950,2042.69921875,8,0.08
797,8,100,4505,2042.69921875,9,0.09
798,8,100,3905,2042.69921875,2,0.02
799,8,100,1146,2042.69921875,8,0.08
800,8,100,12134,2042.69921875,20,0.2
801,8,100,22661,2042.69921875,36,0.36
802,8,100,4416,2042.69921875,33,0.33
803,8,100,9186,2042.69921875,44,0.44
804,8,100,12134,2042.69921875,3,0.03
805,8,100,19270,2042.69921875,14,0.14
806,8,100,2149,2042.69921875,3,0.03
807,8,100,6018,2042.69921875,14,0.14
808,8,100,6960,2042.69921875,3,0.03
809,8,100,1511,2042.69921875,34,0.34
810,8,100,4594,2042.69921875,5,0.05
811,8,100,9167,2042.69921875,6,0.06
812,8,100,18293,2042.69921875,22,0.22
813,8,100,18293,2042.69921875,31,0.31
814,8,100,13638,2042.69921875,2,0.02
815,8,100,16744,2042.69921875,9,0.09
816,8,100,21431,2042.69921875,9,0.09
817,8,100,2041,2042.69921875,0,0.0
818,8,100,14352,2042.69921875,31,0.31
819,8,100,17429,2042.69921875,5,0.05
820,8,100,2050,2042.69921875,0,0.0
821,8,100,1640,2042.69921875,3,0.03
822,8,100,77,2042.69921875,0,0.0
823,8,100,8890,2042.69921875,23,0.23
824,8,100,3163,2042.69921875,6,0.06
825,8,100,1797,2042.69921875,2,0.02
826,8,100,689,2042.69921875,6,0.06
827,8,100,4283,2042.69921875,1,0.01
828,8,100,5333,2042.69921875,40,0.4
829,8,100,4950,2042.69921875,7,0.07
830,8,100,2396,2042.69921875,9,0.09
831,8,100,20518,2042.69921875,9,0.09
832,8,100,21,2042.69921875,0,0.0
833,8,100,4505,2042.69921875,15,0.15
834,8,100,4505,2042.69921875,1,0.01
835,8,100,4416,2042.69921875,7,0.07
836,8,100,2994,2042.69921875,18,0.18
837,8,100,19270,2042.69921875,17,0.17
838,8,100,4950,2042.69921875,18,0.18
839,8,100,3852,2042.69921875,10,0.1
840,8,100,41,2042.69921875,0,0.0
841,8,100,4416,2042.69921875,3,0.03
842,8,100,2417,2042.69921875,5,0.05
843,8,100,4950,2042.69921875,4,0.04
844,8,100,19270,2042.69921875,23,0.23
845,8,100,1184,2042.69921875,9,0.09
846,8,100,13638,2042.69921875,16,0.16
847,8,100,13638,2042.69921875,49,0.49
848,8,100,645,2042.69921875,0,0.0
849,8,100,1692,2042.69921875,0,0.0
850,8,100,20518,2042.69921875,18,0.18
851,8,100,781,2042.69921875,4,0.04
852,8,100,1088,2042.69921875,6,0.06
853,8,100,11776,2042.69921875,15,0.15
854,8,100,12134,2042.69921875,33,0.33
855,8,100,4950,2042.69921875,8,0.08
856,8,100,16744,2042.69921875,35,0.35
857,8,100,1561,2042.69921875,16,0.16
858,8,100,12134,2042.69921875,1,0.01
859,8,100,9186,2042.69921875,4,0.04
860,8,100,4660,2042.69921875,10,0.1
861,8,100,13218,2042.69921875,10,0.1
862,8,100,20518,2042.69921875,51,0.51
863,8,100,4208,2042.69921875,8,0.08
864,8,100,706,2042.69921875,5,0.05
865,8,100,654,2042.69921875,9,0.09
866,8,100,4283,2042.69921875,1,0.01
867,8,100,4660,2042.69921875,3,0.03
868,8,100,27,2042.69921875,0,0.0
869,8,100,100,2042.69921875,1,0.01
870,8,100,2923,2042.69921875,37,0.37
871,8,100,4056,2042.69921875,4,0.04
872,8,100,4950,2042.69921875,37,0.37
873,8,100,6960,2042.69921875,15,0.15
874,8,100,20518,2042.69921875,38,0.38
875,8,100,6228,2042.69921875,7,0.07
876,8,100,1171,2042.69921875,7,0.07
877,8,100,13218,2042.69921875,18,0.18
878,8,100,58,2042.69921875,0,0.0
879,8,100,2994,2042.69921875,11,0.11
880,8,100,4950,2042.69921875,10,0.1
881,8,100,3446,2042.69921875,7,0.07
882,8,100,5220,2042.69921875,4,0.04
883,8,100,1679,2042.69921875,4,0.04
884,8,100,1797,2042.69921875,5,0.05
885,8,100,21431,2042.69921875,18,0.18
886,8,100,22661,2042.69921875,50,0.5
887,8,100,2050,2042.69921875,3,0.03
888,8,100,50,2042.69921875,1,0.01
889,8,100,8341,2042.69921875,18,0.18
890,8,100,1184,2042.69921875,0,0.0
891,8,100,1640,2042.69921875,3,0.03
892,8,100,5333,2042.69921875,14,0.14
893,8,100,14352,2042.69921875,7,0.07
894,8,100,3476,2042.69921875,11,0.11
895,8,100,21431,2042.69921875,28,0.28
896,8,100,5499,2042.69921875,27,0.27
897,8,100,9992,2042.69921875,27,0.27
898,8,100,4950,2042.69921875,4,0.04
899,8,100,4950,2042.69921875,2,0.02
900,8,100,41,2042.69921875,1,0.01
901,8,100,21431,2042.69921875,51,0.51
902,8,100,36,2042.69921875,1,0.01
903,8,100,18293,2042.69921875,23,0.23
904,8,100,528,2042.69921875,0,0.0
905,8,100,13218,2042.69921875,23,0.23
906,8,100,3675,2042.69921875,0,0.0
907,8,100,2067,2042.69921875,1,0.01
908,8,100,4208,2042.69921875,39,0.39
909,8,100,2923,2042.69921875,15,0.15
910,8,100,20518,2042.69921875,45,0.45
911,8,100,15906,2042.69921875,13,0.13
912,8,100,3784,2042.69921875,10,0.1
913,8,100,528,2042.69921875,2,0.02
914,8,100,19270,2042.69921875,8,0.08
915,8,100,12134,2042.69921875,11,0.11
916,8,100,21431,2042.69921875,11,0.11
917,8,100,17429,2042.69921875,5,0.05
918,8,100,4594,2042.69921875,24,0.24
919,8,100,2923,2042.69921875,2,0.02
920,8,100,18293,2042.69921875,16,0.16
921,8,100,16744,2042.69921875,6,0.06
922,8,100,8341,2042.69921875,10,0.1
923,8,100,4660,2042.69921875,4,0.04
924,8,100,18293,2042.69921875,23,0.23
925,8,100,1747,2042.69921875,7,0.07
926,8,100,20518,2042.69921875,10,0.1
927,8,100,16744,2042.69921875,17,0.17
928,8,100,16744,2042.69921875,58,0.58
929,8,100,18293,2042.69921875,32,0.32
930,8,100,9167,2042.69921875,20,0.2
931,8,100,13638,2042.69921875,26,0.26
932,8,100,8890,2042.69921875,4,0.04
933,8,100,4505,2042.69921875,4,0.04
934,8,100,12134,2042.69921875,16,0.16
935,8,100,20518,2042.69921875,14,0.14
936,8,100,756,2042.69921875,18,0.18
937,8,100,15906,2042.69921875,24,0.24
938,8,100,3104,2042.69921875,5,0.05
939,8,100,4208,2042.69921875,4,0.04
940,8,100,4660,2042.69921875,26,0.26
941,8,100,8890,2042.69921875,9,0.09
942,8,100,4950,2042.69921875,19,0.19
943,8,100,1797,2042.69921875,23,0.23
944,8,100,4283,2042.69921875,6,0.06
945,8,100,2994,2042.69921875,36,0.36
946,8,100,5499,2042.69921875,8,0.08
947,8,100,22661,2042.69921875,42,0.42
948,8,100,2715,2042.69921875,18,0.18
949,8,100,1511,2042.69921875,8,0.08
950,8,100,13638,2042.69921875,52,0.52
951,8,100,4208,2042.69921875,7,0.07
952,8,100,11776,2042.69921875,8,0.08
953,8,100,19270,2042.69921875,5,0.05
954,8,100,6018,2042.69921875,2,0.02
955,8,100,3476,2042.69921875,11,0.11
956,8,100,20518,2042.69921875,53,0.53
957,8,100,4950,2042.69921875,12,0.12
958,8,100,12911,2042.69921875,32,0.32
959,8,100,2990,2042.69921875,8,0.08
960,8,100,1491,2042.69921875,1,0.01
961,8,100,18293,2042.69921875,46,0.46
962,8,100,2126,2042.69921875,0,0.0
963,8,100,22661,2042.69921875,32,0.32
964,8,100,16744,2042.69921875,12,0.12
965,8,100,9186,2042.69921875,13,0.13
966,8,100,12134,2042.69921875,46,0.46
967,8,100,2050,2042.69921875,1,0.01
968,8,100,2923,2042.69921875,1,0.01
969,8,100,3675,2042.69921875,5,0.05
970,8,100,528,2042.69921875,0,0.0
971,8,100,4594,2042.69921875,5,0.05
972,8,100,18293,2042.69921875,43,0.43
973,8,100,2126,2042.69921875,5,0.05
974,8,100,2923,2042.69921875,3,0.03
975,8,100,4505,2042.69921875,6,0.06
976,8,100,398,2042.69921875,0,0.0
977,8,100,15906,2042.69921875,13,0.13
978,8,100,9186,2042.69921875,18,0.18
979,8,100,2656,2042.69921875,14,0.14
980,8,100,1797,2042.69921875,13,0.13
981,8,100,21431,2042.69921875,42,0.42
982,8,100,11776,2042.69921875,10,0.1
983,8,100,10,2042.69921875,0,0.0
984,8,100,18293,2042.69921875,19,0.19
985,8,100,1184,2042.69921875,4,0.04
986,8,100,15906,2042.69921875,12,0.12
987,8,100,1335,2042.69921875,12,0.12
988,8,100,528,2042.69921875,1,0.01
989,8,100,2852,2042.69921875,9,0.09
990,8,100,5499,2042.69921875,8,0.08
991,8,100,4950,2042.69921875,11,0.11
992,8,100,5246,2042.69921875,34,0.34
993,8,100,1797,2042.69921875,6,0.06
994,8,100,11776,2042.69921875,13,0.13
995,8,100,1640,2042.69921875,1,0.01
996,8,100,2396,2042.69921875,46,0.46
997,8,100,2149,2042.69921875,2,0.02
998,8,100,202,2042.69921875,2,0.02
999,8,100,18293,2042.69921875,31,0.31
0,16,1,375,7.9792938232421875,0,0.0
1,16,1,1477,7.9792938232421875,0,0.0
2,16,1,3,7.9792938232421875,0,0.0
3,16,1,36,7.9792938232421875,0,0.0
4,16,1,1,7.9792938232421875,0,0.0
5,16,1,21,7.9792938232421875,0,0.0
6,16,1,23,7.9792938232421875,0,0.0
7,16,1,90,7.9792938232421875,0,0.0
8,16,1,12,7.9792938232421875,0,0.0
9,16,1,27,7.9792938232421875,0,0.0
10,16,1,260,7.9792938232421875,1,1.0
11,16,1,446,7.9792938232421875,0,0.0
12,16,1,16,7.9792938232421875,0,0.0
13,16,1,40,7.9792938232421875,0,0.0
14,16,1,105,7.9792938232421875,0,0.0
15,16,1,30,7.9792938232421875,0,0.0
16,16,1,192,7.9792938232421875,0,0.0
17,16,1,34,7.9792938232421875,0,0.0
18,16,1,34,7.9792938232421875,0,0.0
19,16,1,48,7.9792938232421875,0,0.0
20,16,1,0,7.9792938232421875,0,0.0
21,16,1,345,7.9792938232421875,0,0.0
22,16,1,284,7.9792938232421875,0,0.0
23,16,1,28,7.9792938232421875,0,0.0
24,16,1,126,7.9792938232421875,0,0.0
25,16,1,94,7.9792938232421875,0,0.0
26,16,1,42,7.9792938232421875,1,1.0
27,16,1,78,7.9792938232421875,0,0.0
28,16,1,12,7.9792938232421875,1,1.0
29,16,1,42,7.9792938232421875,0,0.0
30,16,1,115,7.9792938232421875,0,0.0
31,16,1,24,7.9792938232421875,0,0.0
32,16,1,0,7.9792938232421875,0,0.0
33,16,1,125,7.9792938232421875,0,0.0
34,16,1,44,7.9792938232421875,1,1.0
35,16,1,914,7.9792938232421875,1,1.0
36,16,1,83,7.9792938232421875,0,0.0
37,16,1,56,7.9792938232421875,0,0.0
38,16,1,476,7.9792938232421875,0,0.0
39,16,1,88,7.9792938232421875,0,0.0
40,16,1,51,7.9792938232421875,0,0.0
41,16,1,57,7.9792938232421875,0,0.0
42,16,1,85,7.9792938232421875,0,0.0
43,16,1,2,7.9792938232421875,0,0.0
44,16,1,411,7.9792938232421875,0,0.0
45,16,1,121,7.9792938232421875,1,1.0
46,16,1,261,7.9792938232421875,0,0.0
47,16,1,5,7.9792938232421875,0,0.0
48,16,1,193,7.9792938232421875,0,0.0
49,16,1,66,7.9792938232421875,0,0.0
50,16,1,8,7.9792938232421875,0,0.0
51,16,1,108,7.9792938232421875,0,0.0
52,16,1,1471,7.9792938232421875,0,0.0
53,16,1,49,7.9792938232421875,0,0.0
54,16,1,522,7.9792938232421875,1,1.0
55,16,1,65,7.9792938232421875,0,0.0
56,16,1,15,7.9792938232421875,0,0.0
57,16,1,474,7.9792938232421875,1,1.0
58,16,1,19,7.9792938232421875,0,0.0
59,16,1,150,7.9792938232421875,0,0.0
60,16,1,613,7.9792938232421875,0,0.0
61,16,1,141,7.9792938232421875,0,0.0
62,16,1,375,7.9792938232421875,0,0.0
63,16,1,59,7.9792938232421875,0,0.0
64,16,1,245,7.9792938232421875,1,1.0
65,16,1,8,7.9792938232421875,0,0.0
66,16,1,95,7.9792938232421875,0,0.0
67,16,1,193,7.9792938232421875,0,0.0
68,16,1,31,7.9792938232421875,0,0.0
69,16,1,1347,7.9792938232421875,0,0.0
70,16,1,127,7.9792938232421875,0,0.0
71,16,1,240,7.9792938232421875,0,0.0
72,16,1,0,7.9792938232421875,0,0.0
73,16,1,2353,7.9792938232421875,1,1.0
74,16,1,19,7.9792938232421875,0,0.0
75,16,1,723,7.9792938232421875,0,0.0
76,16,1,417,7.9792938232421875,0,0.0
77,16,1,458,7.9792938232421875,0,0.0
78,16,1,155,7.9792938232421875,0,0.0
79,16,1,272,7.9792938232421875,0,0.0
80,16,1,3,7.9792938232421875,0,0.0
81,16,1,185,7.9792938232421875,0,0.0
82,16,1,4,7.9792938232421875,0,0.0
83,16,1,0,7.9792938232421875,0,0.0
84,16,1,38,7.9792938232421875,0,0.0
85,16,1,914,7.9792938232421875,0,0.0
86,16,1,619,7.9792938232421875,1,1.0
87,16,1,43,7.9792938232421875,0,0.0
88,16,1,2,7.9792938232421875,1,1.0
89,16,1,60,7.9792938232421875,0,0.0
90,16,1,518,7.9792938232421875,0,0.0
91,16,1,328,7.9792938232421875,0,0.0
92,16,1,304,7.9792938232421875,0,0.0
93,16,1,529,7.9792938232421875,0,0.0
94,16,1,606,7.9792938232421875,1,1.0
95,16,1,429,7.9792938232421875,0,0.0
96,16,1,248,7.9792938232421875,0,0.0
97,16,1,81,7.9792938232421875,0,0.0
98,16,1,15,7.9792938232421875,0,0.0
99,16,1,1,7.9792938232421875,0,0.0
100,16,1,658,7.9792938232421875,0,0.0
101,16,1,124,7.9792938232421875,0,0.0
102,16,1,470,7.9792938232421875,0,0.0
103,16,1,112,7.9792938232421875,0,0.0
104,16,1,481,7.9792938232421875,0,0.0
105,16,1,53,7.9792938232421875,0,0.0
106,16,1,1900,7.9792938232421875,0,0.0
107,16,1,24,7.9792938232421875,0,0.0
108,16,1,14,7.9792938232421875,0,0.0
109,16,1,108,7.9792938232421875,0,0.0
110,16,1,2,7.9792938232421875,0,0.0
111,16,1,876,7.9792938232421875,0,0.0
112,16,1,126,7.9792938232421875,0,0.0
113,16,1,16,7.9792938232421875,0,0.0
114,16,1,16,7.9792938232421875,0,0.0
115,16,1,68,7.9792938232421875,0,0.0
116,16,1,134,7.9792938232421875,0,0.0
117,16,1,334,7.9792938232421875,0,0.0
118,16,1,20,7.9792938232421875,0,0.0
119,16,1,170,7.9792938232421875,1,1.0
120,16,1,93,7.9792938232421875,1,1.0
121,16,1,0,7.9792938232421875,0,0.0
122,16,1,140,7.9792938232421875,0,0.0
123,16,1,2330,7.9792938232421875,0,0.0
124,16,1,1,7.9792938232421875,0,0.0
125,16,1,248,7.9792938232421875,0,0.0
126,16,1,126,7.9792938232421875,1,1.0
127,16,1,16,7.9792938232421875,1,1.0
128,16,1,50,7.9792938232421875,0,0.0
129,16,1,418,7.9792938232421875,0,0.0
130,16,1,22,7.9792938232421875,0,0.0
131,16,1,186,7.9792938232421875,0,0.0
132,16,1,0,7.9792938232421875,0,0.0
133,16,1,7,7.9792938232421875,0,0.0
134,16,1,42,7.9792938232421875,0,0.0
135,16,1,101,7.9792938232421875,0,0.0
136,16,1,37,7.9792938232421875,0,0.0
137,16,1,38,7.9792938232421875,0,0.0
138,16,1,187,7.9792938232421875,0,0.0
139,16,1,375,7.9792938232421875,0,0.0
140,16,1,0,7.9792938232421875,0,0.0
141,16,1,70,7.9792938232421875,0,0.0
142,16,1,54,7.9792938232421875,1,1.0
143,16,1,71,7.9792938232421875,0,0.0
144,16,1,120,7.9792938232421875,0,0.0
145,16,1,1469,7.9792938232421875,1,1.0
146,16,1,1645,7.9792938232421875,0,0.0
147,16,1,24,7.9792938232421875,0,0.0
148,16,1,22,7.9792938232421875,0,0.0
149,16,1,22,7.9792938232421875,0,0.0
150,16,1,121,7.9792938232421875,0,0.0
151,16,1,335,7.9792938232421875,0,0.0
152,16,1,188,7.9792938232421875,1,1.0
153,16,1,1301,7.9792938232421875,0,0.0
154,16,1,1712,7.9792938232421875,1,1.0
155,16,1,66,7.9792938232421875,0,0.0
156,16,1,10,7.9792938232421875,0,0.0
157,16,1,20,7.9792938232421875,0,0.0
158,16,1,95,7.9792938232421875,0,0.0
159,16,1,67,7.9792938232421875,0,0.0
160,16,1,555,7.9792938232421875,0,0.0
161,16,1,224,7.9792938232421875,0,0.0
162,16,1,109,7.9792938232421875,1,1.0
163,16,1,101,7.9792938232421875,0,0.0
164,16,1,31,7.9792938232421875,0,0.0
165,16,1,295,7.9792938232421875,0,0.0
166,16,1,140,7.9792938232421875,0,0.0
167,16,1,78,7.9792938232421875,0,0.0
168,16,1,5,7.9792938232421875,0,0.0
169,16,1,161,7.9792938232421875,0,0.0
170,16,1,0,7.9792938232421875,0,0.0
171,16,1,399,7.9792938232421875,0,0.0
172,16,1,85,7.9792938232421875,0,0.0
173,16,1,1166,7.9792938232421875,0,0.0
174,16,1,221,7.9792938232421875,0,0.0
175,16,1,1650,7.9792938232421875,0,0.0
176,16,1,212,7.9792938232421875,0,0.0
177,16,1,34,7.9792938232421875,0,0.0
178,16,1,23,7.9792938232421875,1,1.0
179,16,1,292,7.9792938232421875,0,0.0
180,16,1,321,7.9792938232421875,0,0.0
181,16,1,452,7.9792938232421875,1,1.0
182,16,1,119,7.9792938232421875,0,0.0
183,16,1,120,7.9792938232421875,0,0.0
184,16,1,10,7.9792938232421875,0,0.0
185,16,1,278,7.9792938232421875,0,0.0
186,16,1,56,7.9792938232421875,0,0.0
187,16,1,552,7.9792938232421875,0,0.0
188,16,1,448,7.9792938232421875,0,0.0
189,16,1,1018,7.9792938232421875,0,0.0
190,16,1,42,7.9792938232421875,0,0.0
191,16,1,10,7.9792938232421875,0,0.0
192,16,1,134,7.9792938232421875,0,0.0
193,16,1,711,7.9792938232421875,0,0.0
194,16,1,501,7.9792938232421875,0,0.0
195,16,1,39,7.9792938232421875,0,0.0
196,16,1,5,7.9792938232421875,0,0.0
197,16,1,2,7.9792938232421875,0,0.0
198,16,1,58,7.9792938232421875,0,0.0
199,16,1,41,7.9792938232421875,0,0.0
200,16,1,174,7.9792938232421875,0,0.0
201,16,1,84,7.9792938232421875,0,0.0
202,16,1,1301,7.9792938232421875,0,0.0
203,16,1,263,7.9792938232421875,0,0.0
204,16,1,0,7.9792938232421875,0,0.0
205,16,1,59,7.9792938232421875,0,0.0
206,16,1,54,7.9792938232421875,0,0.0
207,16,1,65,7.9792938232421875,0,0.0
208,16,1,43,7.9792938232421875,0,0.0
209,16,1,24,7.9792938232421875,0,0.0
210,16,1,1347,7.9792938232421875,1,1.0
211,16,1,477,7.9792938232421875,0,0.0
212,16,1,0,7.9792938232421875,0,0.0
213,16,1,443,7.9792938232421875,1,1.0
214,16,1,4,7.9792938232421875,0,0.0
215,16,1,38,7.9792938232421875,0,0.0
216,16,1,192,7.9792938232421875,1,1.0
217,16,1,75,7.9792938232421875,0,0.0
218,16,1,378,7.9792938232421875,1,1.0
219,16,1,526,7.9792938232421875,0,0.0
220,16,1,114,7.9792938232421875,0,0.0
221,16,1,16,7.9792938232421875,1,1.0
222,16,1,241,7.9792938232421875,0,0.0
223,16,1,2313,7.9792938232421875,1,1.0
224,16,1,4,7.9792938232421875,0,0.0
225,16,1,296,7.9792938232421875,0,0.0
226,16,1,6,7.9792938232421875,0,0.0
227,16,1,216,7.9792938232421875,0,0.0
228,16,1,38,7.9792938232421875,0,0.0
229,16,1,1645,7.9792938232421875,0,0.0
230,16,1,457,7.9792938232421875,0,0.0
231,16,1,22,7.9792938232421875,0,0.0
232,16,1,399,7.9792938232421875,0,0.0
233,16,1,220,7.9792938232421875,0,0.0
234,16,1,14,7.9792938232421875,0,0.0
235,16,1,555,7.9792938232421875,0,0.0
236,16,1,559,7.9792938232421875,1,1.0
237,16,1,13,7.9792938232421875,0,0.0
238,16,1,160,7.9792938232421875,0,0.0
239,16,1,0,7.9792938232421875,0,0.0
240,16,1,179,7.9792938232421875,0,0.0
241,16,1,272,7.9792938232421875,0,0.0
242,16,1,2,7.9792938232421875,0,0.0
243,16,1,96,7.9792938232421875,0,0.0
244,16,1,77,7.9792938232421875,0,0.0
245,16,1,418,7.9792938232421875,1,1.0
246,16,1,244,7.9792938232421875,0,0.0
247,16,1,62,7.9792938232421875,1,1.0
248,16,1,127,7.9792938232421875,0,0.0
249,16,1,220,7.9792938232421875,0,0.0
250,16,1,165,7.9792938232421875,0,0.0
251,16,1,41,7.9792938232421875,0,0.0
252,16,1,219,7.9792938232421875,0,0.0
253,16,1,165,7.9792938232421875,0,0.0
254,16,1,690,7.9792938232421875,0,0.0
255,16,1,82,7.9792938232421875,0,0.0
256,16,1,6,7.9792938232421875,0,0.0
257,16,1,163,7.9792938232421875,1,1.0
258,16,1,144,7.9792938232421875,0,0.0
259,16,1,221,7.9792938232421875,0,0.0
260,16,1,40,7.9792938232421875,0,0.0
261,16,1,21,7.9792938232421875,0,0.0
262,16,1,20,7.9792938232421875,0,0.0
263,16,1,613,7.9792938232421875,0,0.0
264,16,1,116,7.9792938232421875,0,0.0
265,16,1,259,7.9792938232421875,0,0.0
266,16,1,194,7.9792938232421875,0,0.0
267,16,1,96,7.9792938232421875,0,0.0
268,16,1,64,7.9792938232421875,0,0.0
269,16,1,275,7.9792938232421875,1,1.0
270,16,1,334,7.9792938232421875,0,0.0
271,16,1,19,7.9792938232421875,0,0.0
272,16,1,1,7.9792938232421875,0,0.0
273,16,1,48,7.9792938232421875,0,0.0
274,16,1,34,7.9792938232421875,1,1.0
275,16,1,35,7.9792938232421875,0,0.0
276,16,1,33,7.9792938232421875,0,0.0
277,16,1,9,7.9792938232421875,0,0.0
278,16,1,1795,7.9792938232421875,1,1.0
279,16,1,56,7.9792938232421875,0,0.0
280,16,1,73,7.9792938232421875,0,0.0
281,16,1,178,7.9792938232421875,0,0.0
282,16,1,276,7.9792938232421875,0,0.0
283,16,1,20,7.9792938232421875,0,0.0
284,16,1,28,7.9792938232421875,0,0.0
285,16,1,47,7.9792938232421875,1,1.0
286,16,1,10,7.9792938232421875,1,1.0
287,16,1,51,7.9792938232421875,1,1.0
288,16,1,95,7.9792938232421875,1,1.0
289,16,1,68,7.9792938232421875,0,0.0
290,16,1,40,7.9792938232421875,0,0.0
291,16,1,24,7.9792938232421875,0,0.0
292,16,1,140,7.9792938232421875,0,0.0
293,16,1,98,7.9792938232421875,0,0.0
294,16,1,126,7.9792938232421875,1,1.0
295,16,1,248,7.9792938232421875,0,0.0
296,16,1,25,7.9792938232421875,0,0.0
297,16,1,358,7.9792938232421875,0,0.0
298,16,1,590,7.9792938232421875,0,0.0
299,16,1,135,7.9792938232421875,0,0.0
300,16,1,1,7.9792938232421875,0,0.0
301,16,1,224,7.9792938232421875,0,0.0
302,16,1,183,7.9792938232421875,0,0.0
303,16,1,0,7.9792938232421875,0,0.0
304,16,1,121,7.9792938232421875,0,0.0
305,16,1,44,7.9792938232421875,0,0.0
306,16,1,27,7.9792938232421875,0,0.0
307,16,1,63,7.9792938232421875,0,0.0
308,16,1,7,7.9792938232421875,0,0.0
309,16,1,15,7.9792938232421875,0,0.0
310,16,1,1977,7.9792938232421875,0,0.0
311,16,1,32,7.9792938232421875,0,0.0
312,16,1,237,7.9792938232421875,1,1.0
313,16,1,47,7.9792938232421875,0,0.0
314,16,1,22,7.9792938232421875,0,0.0
315,16,1,80,7.9792938232421875,0,0.0
316,16,1,179,7.9792938232421875,0,0.0
317,16,1,19,7.9792938232421875,0,0.0
318,16,1,0,7.9792938232421875,0,0.0
319,16,1,36,7.9792938232421875,0,0.0
320,16,1,161,7.9792938232421875,0,0.0
321,16,1,70,7.9792938232421875,1,1.0
322,16,1,348,7.9792938232421875,1,1.0
323,16,1,482,7.9792938232421875,1,1.0
324,16,1,188,7.9792938232421875,0,0.0
325,16,1,6,7.9792938232421875,0,0.0
326,16,1,14,7.9792938232421875,0,0.0
327,16,1,215,7.9792938232421875,0,0.0
328,16,1,51,7.9792938232421875,1,1.0
329,16,1,406,7.9792938232421875,0,0.0
330,16,1,639,7.9792938232421875,0,0.0
331,16,1,0,7.9792938232421875,0,0.0
332,16,1,34,7.9792938232421875,0,0.0
333,16,1,28,7.9792938232421875,1,1.0
334,16,1,522,7.9792938232421875,0,0.0
335,16,1,88,7.9792938232421875,0,0.0
336,16,1,26,7.9792938232421875,0,0.0
337,16,1,47,7.9792938232421875,0,0.0
338,16,1,615,7.9792938232421875,0,0.0
339,16,1,172,7.9792938232421875,0,0.0
340,16,1,63,7.9792938232421875,0,0.0
341,16,1,248,7.9792938232421875,0,0.0
342,16,1,39,7.9792938232421875,0,0.0
343,16,1,491,7.9792938232421875,0,0.0
344,16,1,21,7.9792938232421875,0,0.0
345,16,1,509,7.9792938232421875,0,0.0
346,16,1,0,7.9792938232421875,0,0.0
347,16,1,21,7.9792938232421875,1,1.0
348,16,1,26,7.9792938232421875,0,0.0
349,16,1,1,7.9792938232421875,0,0.0
350,16,1,174,7.9792938232421875,1,1.0
351,16,1,172,7.9792938232421875,0,0.0
352,16,1,65,7.9792938232421875,0,0.0
353,16,1,432,7.9792938232421875,0,0.0
354,16,1,20,7.9792938232421875,0,0.0
355,16,1,65,7.9792938232421875,0,0.0
356,16,1,55,7.9792938232421875,0,0.0
357,16,1,2497,7.9792938232421875,1,1.0
358,16,1,255,7.9792938232421875,0,0.0
359,16,1,161,7.9792938232421875,0,0.0
360,16,1,0,7.9792938232421875,0,0.0
361,16,1,3,7.9792938232421875,0,0.0
362,16,1,33,7.9792938232421875,0,0.0
363,16,1,1,7.9792938232421875,0,0.0
364,16,1,330,7.9792938232421875,0,0.0
365,16,1,0,7.9792938232421875,0,0.0
366,16,1,155,7.9792938232421875,0,0.0
367,16,1,87,7.9792938232421875,0,0.0
368,16,1,47,7.9792938232421875,0,0.0
369,16,1,2,7.9792938232421875,0,0.0
370,16,1,399,7.9792938232421875,0,0.0
371,16,1,57,7.9792938232421875,0,0.0
372,16,1,141,7.9792938232421875,0,0.0
373,16,1,52,7.9792938232421875,0,0.0
374,16,1,1492,7.9792938232421875,0,0.0
375,16,1,4,7.9792938232421875,0,0.0
376,16,1,39,7.9792938232421875,0,0.0
377,16,1,738,7.9792938232421875,1,1.0
378,16,1,427,7.9792938232421875,0,0.0
379,16,1,65,7.9792938232421875,0,0.0
380,16,1,462,7.9792938232421875,0,0.0
381,16,1,119,7.9792938232421875,0,0.0
382,16,1,50,7.9792938232421875,0,0.0
383,16,1,519,7.9792938232421875,0,0.0
384,16,1,26,7.9792938232421875,0,0.0
385,16,1,438,7.9792938232421875,0,0.0
386,16,1,146,7.9792938232421875,0,0.0
387,16,1,10,7.9792938232421875,0,0.0
388,16,1,170,7.9792938232421875,0,0.0
389,16,1,140,7.9792938232421875,0,0.0
390,16,1,0,7.9792938232421875,0,0.0
391,16,1,2,7.9792938232421875,0,0.0
392,16,1,38,7.9792938232421875,0,0.0
393,16,1,0,7.9792938232421875,0,0.0
394,16,1,420,7.9792938232421875,0,0.0
395,16,1,267,7.9792938232421875,0,0.0
396,16,1,68,7.9792938232421875,0,0.0
397,16,1,72,7.9792938232421875,0,0.0
398,16,1,1,7.9792938232421875,0,0.0
399,16,1,69,7.9792938232421875,0,0.0
400,16,1,216,7.9792938232421875,0,0.0
401,16,1,16,7.9792938232421875,0,0.0
402,16,1,65,7.9792938232421875,0,0.0
403,16,1,366,7.9792938232421875,0,0.0
404,16,1,31,7.9792938232421875,0,0.0
405,16,1,6,7.9792938232421875,0,0.0
406,16,1,38,7.9792938232421875,0,0.0
407,16,1,61,7.9792938232421875,0,0.0
408,16,1,23,7.9792938232421875,0,0.0
409,16,1,85,7.9792938232421875,0,0.0
410,16,1,279,7.9792938232421875,1,1.0
411,16,1,21,7.9792938232421875,0,0.0
412,16,1,47,7.9792938232421875,0,0.0
413,16,1,93,7.9792938232421875,0,0.0
414,16,1,71,7.9792938232421875,0,0.0
415,16,1,3,7.9792938232421875,0,0.0
416,16,1,66,7.9792938232421875,1,1.0
417,16,1,128,7.9792938232421875,0,0.0
418,16,1,1,7.9792938232421875,0,0.0
419,16,1,719,7.9792938232421875,0,0.0
420,16,1,18,7.9792938232421875,0,0.0
421,16,1,4,7.9792938232421875,0,0.0
422,16,1,613,7.9792938232421875,0,0.0
423,16,1,1,7.9792938232421875,0,0.0
424,16,1,71,7.9792938232421875,0,0.0
425,16,1,121,7.9792938232421875,0,0.0
426,16,1,194,7.9792938232421875,0,0.0
427,16,1,205,7.9792938232421875,0,0.0
428,16,1,53,7.9792938232421875,0,0.0
429,16,1,260,7.9792938232421875,0,0.0
430,16,1,550,7.9792938232421875,1,1.0
431,16,1,1482,7.9792938232421875,0,0.0
432,16,1,1712,7.9792938232421875,0,0.0
433,16,1,37,7.9792938232421875,0,0.0
434,16,1,121,7.9792938232421875,0,0.0
435,16,1,8,7.9792938232421875,0,0.0
436,16,1,94,7.9792938232421875,0,0.0
437,16,1,48,7.9792938232421875,0,0.0
438,16,1,643,7.9792938232421875,1,1.0
439,16,1,0,7.9792938232421875,0,0.0
440,16,1,50,7.9792938232421875,0,0.0
441,16,1,240,7.9792938232421875,0,0.0
442,16,1,35,7.9792938232421875,0,0.0
443,16,1,65,7.9792938232421875,0,0.0
444,16,1,112,7.9792938232421875,0,0.0
445,16,1,675,7.9792938232421875,0,0.0
446,16,1,208,7.9792938232421875,0,0.0
447,16,1,14,7.9792938232421875,0,0.0
448,16,1,229,7.9792938232421875,0,0.0
449,16,1,30,7.9792938232421875,0,0.0
450,16,1,197,7.9792938232421875,0,0.0
451,16,1,62,7.9792938232421875,0,0.0
452,16,1,21,7.9792938232421875,0,0.0
453,16,1,101,7.9792938232421875,0,0.0
454,16,1,72,7.9792938232421875,0,0.0
455,16,1,126,7.9792938232421875,1,1.0
456,16,1,220,7.9792938232421875,0,0.0
457,16,1,125,7.9792938232421875,0,0.0
458,16,1,95,7.9792938232421875,0,0.0
459,16,1,0,7.9792938232421875,0,0.0
460,16,1,235,7.9792938232421875,0,0.0
461,16,1,21,7.9792938232421875,0,0.0
462,16,1,2353,7.9792938232421875,1,1.0
463,16,1,559,7.9792938232421875,0,0.0
464,16,1,0,7.9792938232421875,0,0.0
465,16,1,161,7.9792938232421875,1,1.0
466,16,1,70,7.9792938232421875,0,0.0
467,16,1,1477,7.9792938232421875,0,0.0
468,16,1,34,7.9792938232421875,0,0.0
469,16,1,112,7.9792938232421875,0,0.0
470,16,1,81,7.9792938232421875,0,0.0
471,16,1,876,7.9792938232421875,0,0.0
472,16,1,146,7.9792938232421875,0,0.0
473,16,1,471,7.9792938232421875,0,0.0
474,16,1,711,7.9792938232421875,0,0.0
475,16,1,157,7.9792938232421875,0,0.0
476,16,1,286,7.9792938232421875,1,1.0
477,16,1,334,7.9792938232421875,0,0.0
478,16,1,389,7.9792938232421875,0,0.0
479,16,1,15,7.9792938232421875,0,0.0
480,16,1,8,7.9792938232421875,0,0.0
481,16,1,77,7.9792938232421875,0,0.0
482,16,1,26,7.9792938232421875,0,0.0
483,16,1,418,7.9792938232421875,0,0.0
484,16,1,596,7.9792938232421875,0,0.0
485,16,1,12,7.9792938232421875,0,0.0
486,16,1,252,7.9792938232421875,0,0.0
487,16,1,16,7.9792938232421875,0,0.0
488,16,1,37,7.9792938232421875,0,0.0
489,16,1,217,7.9792938232421875,0,0.0
490,16,1,108,7.9792938232421875,0,0.0
491,16,1,23,7.9792938232421875,0,0.0
492,16,1,0,7.9792938232421875,0,0.0
493,16,1,27,7.9792938232421875,0,0.0
494,16,1,106,7.9792938232421875,0,0.0
495,16,1,42,7.9792938232421875,0,0.0
496,16,1,121,7.9792938232421875,1,1.0
497,16,1,150,7.9792938232421875,0,0.0
498,16,1,228,7.9792938232421875,0,0.0
499,16,1,384,7.9792938232421875,0,0.0
500,16,1,152,7.9792938232421875,1,1.0
501,16,1,2,7.9792938232421875,0,0.0
502,16,1,23,7.9792938232421875,0,0.0
503,16,1,70,7.9792938232421875,0,0.0
504,16,1,102,7.9792938232421875,0,0.0
505,16,1,1301,7.9792938232421875,0,0.0
506,16,1,116,7.9792938232421875,0,0.0
507,16,1,27,7.9792938232421875,0,0.0
508,16,1,20,7.9792938232421875,0,0.0
509,16,1,5,7.9792938232421875,0,0.0
510,16,1,32,7.9792938232421875,0,0.0
511,16,1,295,7.9792938232421875,1,1.0
512,16,1,31,7.9792938232421875,0,0.0
513,16,1,47,7.9792938232421875,0,0.0
514,16,1,265,7.9792938232421875,1,1.0
515,16,1,555,7.9792938232421875,0,0.0
516,16,1,567,7.9792938232421875,0,0.0
517,16,1,548,7.9792938232421875,1,1.0
518,16,1,110,7.9792938232421875,1,1.0
519,16,1,67,7.9792938232421875,0,0.0
520,16,1,134,7.9792938232421875,0,0.0
521,16,1,532,7.9792938232421875,0,0.0
522,16,1,4,7.9792938232421875,0,0.0
523,16,1,152,7.9792938232421875,0,0.0
524,16,1,536,7.9792938232421875,0,0.0
525,16,1,92,7.9792938232421875,1,1.0
526,16,1,0,7.9792938232421875,0,0.0
527,16,1,58,7.9792938232421875,0,0.0
528,16,1,7,7.9792938232421875,0,0.0
529,16,1,210,7.9792938232421875,0,0.0
530,16,1,123,7.9792938232421875,0,0.0
531,16,1,11,7.9792938232421875,0,0.0
532,16,1,12,7.9792938232421875,0,0.0
533,16,1,21,7.9792938232421875,0,0.0
534,16,1,72,7.9792938232421875,0,0.0
535,16,1,1,7.9792938232421875,0,0.0
536,16,1,14,7.9792938232421875,0,0.0
537,16,1,282,7.9792938232421875,0,0.0
538,16,1,16,7.9792938232421875,0,0.0
539,16,1,4,7.9792938232421875,0,0.0
540,16,1,5,7.9792938232421875,0,0.0
541,16,1,957,7.9792938232421875,0,0.0
542,16,1,8,7.9792938232421875,1,1.0
543,16,1,3,7.9792938232421875,0,0.0
544,16,1,61,7.9792938232421875,0,0.0
545,16,1,378,7.9792938232421875,0,0.0
546,16,1,109,7.9792938232421875,0,0.0
547,16,1,278,7.9792938232421875,0,0.0
548,16,1,14,7.9792938232421875,0,0.0
549,16,1,419,7.9792938232421875,0,0.0
550,16,1,0,7.9792938232421875,0,0.0
551,16,1,49,7.9792938232421875,0,0.0
552,16,1,73,7.9792938232421875,0,0.0
553,16,1,219,7.9792938232421875,0,0.0
554,16,1,650,7.9792938232421875,0,0.0
555,16,1,409,7.9792938232421875,0,0.0
556,16,1,207,7.9792938232421875,0,0.0
557,16,1,0,7.9792938232421875,0,0.0
558,16,1,1645,7.9792938232421875,0,0.0
559,16,1,80,7.9792938232421875,0,0.0
560,16,1,2011,7.9792938232421875,0,0.0
561,16,1,1645,7.9792938232421875,0,0.0
562,16,1,157,7.9792938232421875,0,0.0
563,16,1,1473,7.9792938232421875,1,1.0
564,16,1,34,7.9792938232421875,0,0.0
565,16,1,61,7.9792938232421875,1,1.0
566,16,1,1796,7.9792938232421875,0,0.0
567,16,1,221,7.9792938232421875,0,0.0
568,16,1,266,7.9792938232421875,0,0.0
569,16,1,75,7.9792938232421875,0,0.0
570,16,1,427,7.9792938232421875,0,0.0
571,16,1,4,7.9792938232421875,0,0.0
572,16,1,38,7.9792938232421875,0,0.0
573,16,1,36,7.9792938232421875,0,0.0
574,16,1,148,7.9792938232421875,0,0.0
575,16,1,189,7.9792938232421875,0,0.0
576,16,1,25,7.9792938232421875,0,0.0
577,16,1,250,7.9792938232421875,0,0.0
578,16,1,8,7.9792938232421875,0,0.0
579,16,1,18,7.9792938232421875,0,0.0
580,16,1,949,7.9792938232421875,0,0.0
581,16,1,221,7.9792938232421875,0,0.0
582,16,1,275,7.9792938232421875,0,0.0
583,16,1,56,7.9792938232421875,0,0.0
584,16,1,283,7.9792938232421875,0,0.0
585,16,1,0,7.9792938232421875,0,0.0
586,16,1,213,7.9792938232421875,0,0.0
587,16,1,861,7.9792938232421875,1,1.0
588,16,1,97,7.9792938232421875,0,0.0
589,16,1,275,7.9792938232421875,0,0.0
590,16,1,117,7.9792938232421875,0,0.0
591,16,1,1477,7.9792938232421875,0,0.0
592,16,1,147,7.9792938232421875,1,1.0
593,16,1,443,7.9792938232421875,0,0.0
594,16,1,2011,7.9792938232421875,0,0.0
595,16,1,30,7.9792938232421875,0,0.0
596,16,1,143,7.9792938232421875,1,1.0
597,16,1,17,7.9792938232421875,0,0.0
598,16,1,43,7.9792938232421875,1,1.0
599,16,1,223,7.9792938232421875,1,1.0
600,16,1,209,7.9792938232421875,0,0.0
601,16,1,62,7.9792938232421875,1,1.0
602,16,1,69,7.9792938232421875,0,0.0
603,16,1,31,7.9792938232421875,0,0.0
604,16,1,74,7.9792938232421875,0,0.0
605,16,1,283,7.9792938232421875,0,0.0
606,16,1,851,7.9792938232421875,0,0.0
607,16,1,15,7.9792938232421875,0,0.0
608,16,1,2,7.9792938232421875,0,0.0
609,16,1,345,7.9792938232421875,1,1.0
610,16,1,82,7.9792938232421875,1,1.0
611,16,1,225,7.9792938232421875,1,1.0
612,16,1,11,7.9792938232421875,0,0.0
613,16,1,51,7.9792938232421875,0,0.0
614,16,1,74,7.9792938232421875,0,0.0
615,16,1,259,7.9792938232421875,0,0.0
616,16,1,1469,7.9792938232421875,0,0.0
617,16,1,182,7.9792938232421875,0,0.0
618,16,1,416,7.9792938232421875,0,0.0
619,16,1,161,7.9792938232421875,0,0.0
620,16,1,3,7.9792938232421875,0,0.0
621,16,1,19,7.9792938232421875,0,0.0
622,16,1,582,7.9792938232421875,1,1.0
623,16,1,145,7.9792938232421875,0,0.0
624,16,1,188,7.9792938232421875,0,0.0
625,16,1,42,7.9792938232421875,0,0.0
626,16,1,1254,7.9792938232421875,1,1.0
627,16,1,0,7.9792938232421875,0,0.0
628,16,1,59,7.9792938232421875,0,0.0
629,16,1,610,7.9792938232421875,0,0.0
630,16,1,556,7.9792938232421875,0,0.0
631,16,1,7,7.9792938232421875,0,0.0
632,16,1,1,7.9792938232421875,0,0.0
633,16,1,21,7.9792938232421875,1,1.0
634,16,1,206,7.9792938232421875,0,0.0
635,16,1,416,7.9792938232421875,0,0.0
636,16,1,84,7.9792938232421875,0,0.0
637,16,1,103,7.9792938232421875,0,0.0
638,16,1,3,7.9792938232421875,0,0.0
639,16,1,9,7.9792938232421875,0,0.0
640,16,1,14,7.9792938232421875,0,0.0
641,16,1,645,7.9792938232421875,0,0.0
642,16,1,18,7.9792938232421875,0,0.0
643,16,1,9,7.9792938232421875,0,0.0
644,16,1,145,7.9792938232421875,1,1.0
645,16,1,1,7.9792938232421875,0,0.0
646,16,1,97,7.9792938232421875,0,0.0
647,16,1,711,7.9792938232421875,0,0.0
648,16,1,0,7.9792938232421875,0,0.0
649,16,1,2,7.9792938232421875,0,0.0
650,16,1,675,7.9792938232421875,0,0.0
651,16,1,0,7.9792938232421875,0,0.0
652,16,1,711,7.9792938232421875,0,0.0
653,16,1,199,7.9792938232421875,0,0.0
654,16,1,7,7.9792938232421875,0,0.0
655,16,1,66,7.9792938232421875,0,0.0
656,16,1,684,7.9792938232421875,0,0.0
657,16,1,35,7.9792938232421875,0,0.0
658,16,1,539,7.9792938232421875,1,1.0
659,16,1,824,7.9792938232421875,0,0.0
660,16,1,47,7.9792938232421875,0,0.0
661,16,1,66,7.9792938232421875,0,0.0
662,16,1,163,7.9792938232421875,0,0.0
663,16,1,619,7.9792938232421875,1,1.0
664,16,1,37,7.9792938232421875,0,0.0
665,16,1,155,7.9792938232421875,0,0.0
666,16,1,1,7.9792938232421875,0,0.0
667,16,1,5,7.9792938232421875,0,0.0
668,16,1,98,7.9792938232421875,0,0.0
669,16,1,160,7.9792938232421875,0,0.0
670,16,1,52,7.9792938232421875,0,0.0
671,16,1,91,7.9792938232421875,1,1.0
672,16,1,187,7.9792938232421875,0,0.0
673,16,1,97,7.9792938232421875,0,0.0
674,16,1,5,7.9792938232421875,0,0.0
675,16,1,44,7.9792938232421875,0,0.0
676,16,1,27,7.9792938232421875,0,0.0
677,16,1,251,7.9792938232421875,0,0.0
678,16,1,117,7.9792938232421875,1,1.0
679,16,1,0,7.9792938232421875,0,0.0
680,16,1,226,7.9792938232421875,0,0.0
681,16,1,5,7.9792938232421875,0,0.0
682,16,1,67,7.9792938232421875,0,0.0
683,16,1,75,7.9792938232421875,1,1.0
684,16,1,81,7.9792938232421875,0,0.0
685,16,1,106,7.9792938232421875,0,0.0
686,16,1,386,7.9792938232421875,0,0.0
687,16,1,0,7.9792938232421875,0,0.0
688,16,1,140,7.9792938232421875,0,0.0
689,16,1,2330,7.9792938232421875,0,0.0
690,16,1,52,7.9792938232421875,0,0.0
691,16,1,207,7.9792938232421875,0,0.0
692,16,1,126,7.9792938232421875,0,0.0
693,16,1,8,7.9792938232421875,0,0.0
694,16,1,196,7.9792938232421875,0,0.0
695,16,1,105,7.9792938232421875,0,0.0
696,16,1,51,7.9792938232421875,0,0.0
697,16,1,0,7.9792938232421875,0,0.0
698,16,1,378,7.9792938232421875,0,0.0
699,16,1,603,7.9792938232421875,1,1.0
700,16,1,3,7.9792938232421875,0,0.0
701,16,1,4,7.9792938232421875,0,0.0
702,16,1,1011,7.9792938232421875,0,0.0
703,16,1,257,7.9792938232421875,0,0.0
704,16,1,0,7.9792938232421875,0,0.0
705,16,1,57,7.9792938232421875,0,0.0
706,16,1,7,7.9792938232421875,0,0.0
707,16,1,0,7.9792938232421875,0,0.0
708,16,1,414,7.9792938232421875,0,0.0
709,16,1,25,7.9792938232421875,0,0.0
710,16,1,1882,7.9792938232421875,0,0.0
711,16,1,720,7.9792938232421875,0,0.0
712,16,1,219,7.9792938232421875,1,1.0
713,16,1,120,7.9792938232421875,0,0.0
714,16,1,44,7.9792938232421875,0,0.0
715,16,1,1040,7.9792938232421875,0,0.0
716,16,1,119,7.9792938232421875,0,0.0
717,16,1,70,7.9792938232421875,0,0.0
718,16,1,161,7.9792938232421875,0,0.0
719,16,1,690,7.9792938232421875,0,0.0
720,16,1,912,7.9792938232421875,0,0.0
721,16,1,22,7.9792938232421875,0,0.0
722,16,1,44,7.9792938232421875,0,0.0
723,16,1,21,7.9792938232421875,0,0.0
724,16,1,263,7.9792938232421875,0,0.0
725,16,1,334,7.9792938232421875,0,0.0
726,16,1,684,7.9792938232421875,0,0.0
727,16,1,5,7.9792938232421875,0,0.0
728,16,1,160,7.9792938232421875,0,0.0
729,16,1,148,7.9792938232421875,0,0.0
730,16,1,399,7.9792938232421875,0,0.0
731,16,1,19,7.9792938232421875,0,0.0
732,16,1,590,7.9792938232421875,0,0.0
733,16,1,190,7.9792938232421875,0,0.0
734,16,1,0,7.9792938232421875,0,0.0
735,16,1,61,7.9792938232421875,0,0.0
736,16,1,64,7.9792938232421875,0,0.0
737,16,1,9,7.9792938232421875,0,0.0
738,16,1,482,7.9792938232421875,0,0.0
739,16,1,418,7.9792938232421875,0,0.0
740,16,1,116,7.9792938232421875,0,0.0
741,16,1,145,7.9792938232421875,0,0.0
742,16,1,0,7.9792938232421875,0,0.0
743,16,1,101,7.9792938232421875,0,0.0
744,16,1,1823,7.9792938232421875,1,1.0
745,16,1,60,7.9792938232421875,0,0.0
746,16,1,1374,7.9792938232421875,0,0.0
747,16,1,212,7.9792938232421875,0,0.0
748,16,1,0,7.9792938232421875,0,0.0
749,16,1,93,7.9792938232421875,0,0.0
750,16,1,4,7.9792938232421875,0,0.0
751,16,1,7,7.9792938232421875,0,0.0
752,16,1,1977,7.9792938232421875,0,0.0
753,16,1,68,7.9792938232421875,0,0.0
754,16,1,613,7.9792938232421875,0,0.0
755,16,1,80,7.9792938232421875,0,0.0
756,16,1,58,7.9792938232421875,0,0.0
757,16,1,206,7.9792938232421875,0,0.0
758,16,1,16,7.9792938232421875,0,0.0
759,16,1,0,7.9792938232421875,0,0.0
760,16,1,574,7.9792938232421875,0,0.0
761,16,1,377,7.9792938232421875,1,1.0
762,16,1,10,7.9792938232421875,0,0.0
763,16,1,109,7.9792938232421875,0,0.0
764,16,1,1977,7.9792938232421875,0,0.0
765,16,1,55,7.9792938232421875,0,0.0
766,16,1,671,7.9792938232421875,0,0.0
767,16,1,204,7.9792938232421875,0,0.0
768,16,1,416,7.9792938232421875,0,0.0
769,16,1,8,7.9792938232421875,0,0.0
770,16,1,81,7.9792938232421875,0,0.0
771,16,1,248,7.9792938232421875,0,0.0
772,16,1,10,7.9792938232421875,0,0.0
773,16,1,56,7.9792938232421875,0,0.0
774,16,1,2,7.9792938232421875,0,0.0
775,16,1,146,7.9792938232421875,0,0.0
776,16,1,399,7.9792938232421875,0,0.0
777,16,1,21,7.9792938232421875,0,0.0
778,16,1,33,7.9792938232421875,0,0.0
779,16,1,149,7.9792938232421875,0,0.0
780,16,1,1900,7.9792938232421875,0,0.0
781,16,1,295,7.9792938232421875,0,0.0
782,16,1,174,7.9792938232421875,0,0.0
783,16,1,27,7.9792938232421875,0,0.0
784,16,1,563,7.9792938232421875,0,0.0
785,16,1,130,7.9792938232421875,0,0.0
786,16,1,496,7.9792938232421875,0,0.0
787,16,1,48,7.9792938232421875,0,0.0
788,16,1,114,7.9792938232421875,0,0.0
789,16,1,19,7.9792938232421875,0,0.0
790,16,1,39,7.9792938232421875,0,0.0
791,16,1,146,7.9792938232421875,0,0.0
792,16,1,220,7.9792938232421875,0,0.0
793,16,1,26,7.9792938232421875,0,0.0
794,16,1,21,7.9792938232421875,0,0.0
795,16,1,30,7.9792938232421875,0,0.0
796,16,1,93,7.9792938232421875,0,0.0
797,16,1,555,7.9792938232421875,0,0.0
798,16,1,140,7.9792938232421875,0,0.0
799,16,1,193,7.9792938232421875,0,0.0
800,16,1,1166,7.9792938232421875,0,0.0
801,16,1,631,7.9792938232421875,1,1.0
802,16,1,711,7.9792938232421875,0,0.0
803,16,1,419,7.9792938232421875,0,0.0
804,16,1,278,7.9792938232421875,0,0.0
805,16,1,701,7.9792938232421875,0,0.0
806,16,1,43,7.9792938232421875,0,0.0
807,16,1,235,7.9792938232421875,0,0.0
808,16,1,95,7.9792938232421875,0,0.0
809,16,1,53,7.9792938232421875,0,0.0
810,16,1,368,7.9792938232421875,0,0.0
811,16,1,720,7.9792938232421875,0,0.0
812,16,1,590,7.9792938232421875,1,1.0
813,16,1,449,7.9792938232421875,0,0.0
814,16,1,334,7.9792938232421875,0,0.0
815,16,1,35,7.9792938232421875,0,0.0
816,16,1,2353,7.9792938232421875,0,0.0
817,16,1,165,7.9792938232421875,0,0.0
818,16,1,532,7.9792938232421875,0,0.0
819,16,1,31,7.9792938232421875,0,0.0
820,16,1,19,7.9792938232421875,0,0.0
821,16,1,72,7.9792938232421875,0,0.0
822,16,1,8,7.9792938232421875,0,0.0
823,16,1,1328,7.9792938232421875,0,0.0
824,16,1,209,7.9792938232421875,0,0.0
825,16,1,34,7.9792938232421875,0,0.0
826,16,1,7,7.9792938232421875,0,0.0
827,16,1,804,7.9792938232421875,0,0.0
828,16,1,50,7.9792938232421875,0,0.0
829,16,1,130,7.9792938232421875,0,0.0
830,16,1,365,7.9792938232421875,1,1.0
831,16,1,346,7.9792938232421875,0,0.0
832,16,1,0,7.9792938232421875,0,0.0
833,16,1,3,7.9792938232421875,0,0.0
834,16,1,174,7.9792938232421875,0,0.0
835,16,1,81,7.9792938232421875,0,0.0
836,16,1,94,7.9792938232421875,0,0.0
837,16,1,701,7.9792938232421875,0,0.0
838,16,1,129,7.9792938232421875,1,1.0
839,16,1,123,7.9792938232421875,0,0.0
840,16,1,2,7.9792938232421875,0,0.0
841,16,1,81,7.9792938232421875,0,0.0
842,16,1,65,7.9792938232421875,0,0.0
843,16,1,28,7.9792938232421875,0,0.0
844,16,1,30,7.9792938232421875,0,0.0
845,16,1,78,7.9792938232421875,0,0.0
846,16,1,500,7.9792938232421875,0,0.0
847,16,1,295,7.9792938232421875,0,0.0
848,16,1,66,7.9792938232421875,0,0.0
849,16,1,16,7.9792938232421875,0,0.0
850,16,1,554,7.9792938232421875,1,1.0
851,16,1,82,7.9792938232421875,0,0.0
852,16,1,117,7.9792938232421875,0,0.0
853,16,1,1321,7.9792938232421875,0,0.0
854,16,1,204,7.9792938232421875,0,0.0
855,16,1,292,7.9792938232421875,0,0.0
856,16,1,1332,7.9792938232421875,0,0.0
857,16,1,0,7.9792938232421875,0,0.0
858,16,1,175,7.9792938232421875,0,0.0
859,16,1,136,7.9792938232421875,0,0.0
860,16,1,30,7.9792938232421875,0,0.0
861,16,1,151,7.9792938232421875,0,0.0
862,16,1,554,7.9792938232421875,1,1.0
863,16,1,727,7.9792938232421875,1,1.0
864,16,1,2,7.9792938232421875,0,0.0
865,16,1,0,7.9792938232421875,0,0.0
866,16,1,2,7.9792938232421875,0,0.0
867,16,1,155,7.9792938232421875,0,0.0
868,16,1,1,7.9792938232421875,0,0.0
869,16,1,14,7.9792938232421875,1,1.0
870,16,1,42,7.9792938232421875,0,0.0
871,16,1,10,7.9792938232421875,0,0.0
872,16,1,49,7.9792938232421875,0,0.0
873,16,1,1339,7.9792938232421875,0,0.0
874,16,1,397,7.9792938232421875,1,1.0
875,16,1,248,7.9792938232421875,0,0.0
876,16,1,146,7.9792938232421875,0,0.0
877,16,1,20,7.9792938232421875,0,0.0
878,16,1,1,7.9792938232421875,0,0.0
879,16,1,34,7.9792938232421875,0,0.0
880,16,1,87,7.9792938232421875,0,0.0
881,16,1,299,7.9792938232421875,0,0.0
882,16,1,224,7.9792938232421875,1,1.0
883,16,1,68,7.9792938232421875,0,0.0
884,16,1,54,7.9792938232421875,0,0.0
885,16,1,643,7.9792938232421875,1,1.0
886,16,1,216,7.9792938232421875,0,0.0
887,16,1,15,7.9792938232421875,0,0.0
888,16,1,0,7.9792938232421875,0,0.0
889,16,1,328,7.9792938232421875,1,1.0
890,16,1,23,7.9792938232421875,0,0.0
891,16,1,38,7.9792938232421875,0,0.0
892,16,1,50,7.9792938232421875,0,0.0
893,16,1,103,7.9792938232421875,0,0.0
894,16,1,606,7.9792938232421875,0,0.0
895,16,1,110,7.9792938232421875,0,0.0
896,16,1,114,7.9792938232421875,0,0.0
897,16,1,626,7.9792938232421875,0,0.0
898,16,1,292,7.9792938232421875,0,0.0
899,16,1,55,7.9792938232421875,0,0.0
900,16,1,2,7.9792938232421875,0,0.0
901,16,1,176,7.9792938232421875,1,1.0
902,16,1,4,7.9792938232421875,0,0.0
903,16,1,347,7.9792938232421875,1,1.0
904,16,1,0,7.9792938232421875,0,0.0
905,16,1,152,7.9792938232421875,0,0.0
906,16,1,30,7.9792938232421875,0,0.0
907,16,1,53,7.9792938232421875,0,0.0
908,16,1,149,7.9792938232421875,1,1.0
909,16,1,109,7.9792938232421875,1,1.0
910,16,1,460,7.9792938232421875,1,1.0
911,16,1,126,7.9792938232421875,0,0.0
912,16,1,75,7.9792938232421875,0,0.0
913,16,1,53,7.9792938232421875,0,0.0
914,16,1,1018,7.9792938232421875,0,0.0
915,16,1,175,7.9792938232421875,0,0.0
916,16,1,705,7.9792938232421875,0,0.0
917,16,1,157,7.9792938232421875,0,0.0
918,16,1,146,7.9792938232421875,0,0.0
919,16,1,270,7.9792938232421875,0,0.0
920,16,1,590,7.9792938232421875,0,0.0
921,16,1,2121,7.9792938232421875,0,0.0
922,16,1,393,7.9792938232421875,0,0.0
923,16,1,155,7.9792938232421875,0,0.0
924,16,1,550,7.9792938232421875,0,0.0
925,16,1,60,7.9792938232421875,0,0.0
926,16,1,589,7.9792938232421875,1,1.0
927,16,1,405,7.9792938232421875,1,1.0
928,16,1,68,7.9792938232421875,0,0.0
929,16,1,646,7.9792938232421875,0,0.0
930,16,1,179,7.9792938232421875,0,0.0
931,16,1,65,7.9792938232421875,0,0.0
932,16,1,82,7.9792938232421875,0,0.0
933,16,1,548,7.9792938232421875,1,1.0
934,16,1,110,7.9792938232421875,0,0.0
935,16,1,556,7.9792938232421875,1,1.0
936,16,1,4,7.9792938232421875,0,0.0
937,16,1,456,7.9792938232421875,0,0.0
938,16,1,74,7.9792938232421875,0,0.0
939,16,1,104,7.9792938232421875,0,0.0
940,16,1,140,7.9792938232421875,0,0.0
941,16,1,18,7.9792938232421875,0,0.0
942,16,1,121,7.9792938232421875,0,0.0
943,16,1,90,7.9792938232421875,0,0.0
944,16,1,283,7.9792938232421875,0,0.0
945,16,1,191,7.9792938232421875,0,0.0
946,16,1,155,7.9792938232421875,1,1.0
947,16,1,10,7.9792938232421875,0,0.0
948,16,1,36,7.9792938232421875,0,0.0
949,16,1,0,7.9792938232421875,0,0.0
950,16,1,34,7.9792938232421875,0,0.0
951,16,1,57,7.9792938232421875,0,0.0
952,16,1,1061,7.9792938232421875,1,1.0
953,16,1,185,7.9792938232421875,0,0.0
954,16,1,0,7.9792938232421875,0,0.0
955,16,1,174,7.9792938232421875,1,1.0
956,16,1,44,7.9792938232421875,0,0.0
957,16,1,427,7.9792938232421875,0,0.0
958,16,1,275,7.9792938232421875,0,0.0
959,16,1,64,7.9792938232421875,0,0.0
960,16,1,1,7.9792938232421875,0,0.0
961,16,1,206,7.9792938232421875,0,0.0
962,16,1,39,7.9792938232421875,0,0.0
963,16,1,72,7.9792938232421875,0,0.0
964,16,1,337,7.9792938232421875,1,1.0
965,16,1,125,7.9792938232421875,0,0.0
966,16,1,1166,7.9792938232421875,1,1.0
967,16,1,20,7.9792938232421875,1,1.0
968,16,1,445,7.9792938232421875,0,0.0
969,16,1,189,7.9792938232421875,1,1.0
970,16,1,7,7.9792938232421875,0,0.0
971,16,1,573,7.9792938232421875,0,0.0
972,16,1,95,7.9792938232421875,0,0.0
973,16,1,0,7.9792938232421875,0,0.0
974,16,1,34,7.9792938232421875,0,0.0
975,16,1,291,7.9792938232421875,0,0.0
976,16,1,7,7.9792938232421875,0,0.0
977,16,1,574,7.9792938232421875,1,1.0
978,16,1,243,7.9792938232421875,0,0.0
979,16,1,47,7.9792938232421875,0,0.0
980,16,1,2,7.9792938232421875,0,0.0
981,16,1,606,7.9792938232421875,0,0.0
982,16,1,1061,7.9792938232421875,1,1.0
983,16,1,0,7.9792938232421875,0,0.0
984,16,1,863,7.9792938232421875,0,0.0
985,16,1,63,7.9792938232421875,0,0.0
986,16,1,206,7.9792938232421875,0,0.0
987,16,1,151,7.9792938232421875,0,0.0
988,16,1,53,7.9792938232421875,0,0.0
989,16,1,0,7.9792938232421875,0,0.0
990,16,1,137,7.9792938232421875,0,0.0
991,16,1,121,7.9792938232421875,1,1.0
992,16,1,914,7.9792938232421875,1,1.0
993,16,1,257,7.9792938232421875,0,0.0
994,16,1,1061,7.9792938232421875,0,0.0
995,16,1,9,7.9792938232421875,0,0.0
996,16,1,309,7.9792938232421875,0,0.0
997,16,1,198,7.9792938232421875,0,0.0
998,16,1,4,7.9792938232421875,0,0.0
999,16,1,216,7.9792938232421875,0,0.0
0,16,10,375,7.9792938232421875,0,0.0
1,16,10,1477,7.9792938232421875,0,0.0
2,16,10,3,7.9792938232421875,0,0.0
3,16,10,36,7.9792938232421875,0,0.0
4,16,10,1,7.9792938232421875,0,0.0
5,16,10,21,7.9792938232421875,0,0.0
6,16,10,23,7.9792938232421875,0,0.0
7,16,10,90,7.9792938232421875,0,0.0
8,16,10,12,7.9792938232421875,0,0.0
9,16,10,27,7.9792938232421875,0,0.0
10,16,10,260,7.9792938232421875,1,0.1
11,16,10,446,7.9792938232421875,0,0.0
12,16,10,16,7.9792938232421875,0,0.0
13,16,10,40,7.9792938232421875,0,0.0
14,16,10,105,7.9792938232421875,0,0.0
15,16,10,30,7.9792938232421875,0,0.0
16,16,10,192,7.9792938232421875,0,0.0
17,16,10,34,7.9792938232421875,0,0.0
18,16,10,34,7.9792938232421875,0,0.0
19,16,10,48,7.9792938232421875,0,0.0
20,16,10,0,7.9792938232421875,0,0.0
21,16,10,345,7.9792938232421875,3,0.3
22,16,10,284,7.9792938232421875,1,0.1
23,16,10,28,7.9792938232421875,0,0.0
24,16,10,126,7.9792938232421875,0,0.0
25,16,10,94,7.9792938232421875,0,0.0
26,16,10,42,7.9792938232421875,2,0.2
27,16,10,78,7.9792938232421875,0,0.0
28,16,10,12,7.9792938232421875,1,0.1
29,16,10,42,7.9792938232421875,0,0.0
30,16,10,115,7.9792938232421875,0,0.0
31,16,10,24,7.9792938232421875,1,0.1
32,16,10,0,7.9792938232421875,0,0.0
33,16,10,125,7.9792938232421875,0,0.0
34,16,10,44,7.9792938232421875,1,0.1
35,16,10,914,7.9792938232421875,4,0.4
36,16,10,83,7.9792938232421875,0,0.0
37,16,10,56,7.9792938232421875,0,0.0
38,16,10,476,7.9792938232421875,0,0.0
39,16,10,88,7.9792938232421875,0,0.0
40,16,10,51,7.9792938232421875,0,0.0
41,16,10,57,7.9792938232421875,2,0.2
42,16,10,85,7.9792938232421875,0,0.0
43,16,10,2,7.9792938232421875,0,0.0
44,16,10,411,7.9792938232421875,2,0.2
45,16,10,121,7.9792938232421875,1,0.1
46,16,10,261,7.9792938232421875,0,0.0
47,16,10,5,7.9792938232421875,0,0.0
48,16,10,193,7.9792938232421875,2,0.2
49,16,10,66,7.9792938232421875,0,0.0
50,16,10,8,7.9792938232421875,0,0.0
51,16,10,108,7.9792938232421875,0,0.0
52,16,10,1471,7.9792938232421875,0,0.0
53,16,10,49,7.9792938232421875,1,0.1
54,16,10,522,7.9792938232421875,2,0.2
55,16,10,65,7.9792938232421875,1,0.1
56,16,10,15,7.9792938232421875,0,0.0
57,16,10,474,7.9792938232421875,7,0.7
58,16,10,19,7.9792938232421875,0,0.0
59,16,10,150,7.9792938232421875,0,0.0
60,16,10,613,7.9792938232421875,2,0.2
61,16,10,141,7.9792938232421875,0,0.0
62,16,10,375,7.9792938232421875,0,0.0
63,16,10,59,7.9792938232421875,0,0.0
64,16,10,245,7.9792938232421875,3,0.3
65,16,10,8,7.9792938232421875,0,0.0
66,16,10,95,7.9792938232421875,0,0.0
67,16,10,193,7.9792938232421875,0,0.0
68,16,10,31,7.9792938232421875,1,0.1
69,16,10,1347,7.9792938232421875,1,0.1
70,16,10,127,7.9792938232421875,0,0.0
71,16,10,240,7.9792938232421875,0,0.0
72,16,10,0,7.9792938232421875,0,0.0
73,16,10,2353,7.9792938232421875,2,0.2
74,16,10,19,7.9792938232421875,0,0.0
75,16,10,723,7.9792938232421875,0,0.0
76,16,10,417,7.9792938232421875,0,0.0
77,16,10,458,7.9792938232421875,0,0.0
78,16,10,155,7.9792938232421875,0,0.0
79,16,10,272,7.9792938232421875,0,0.0
80,16,10,3,7.9792938232421875,0,0.0
81,16,10,185,7.9792938232421875,2,0.2
82,16,10,4,7.9792938232421875,0,0.0
83,16,10,0,7.9792938232421875,0,0.0
84,16,10,38,7.9792938232421875,0,0.0
85,16,10,914,7.9792938232421875,6,0.6
86,16,10,619,7.9792938232421875,3,0.3
87,16,10,43,7.9792938232421875,0,0.0
88,16,10,2,7.9792938232421875,1,0.1
89,16,10,60,7.9792938232421875,0,0.0
90,16,10,518,7.9792938232421875,2,0.2
91,16,10,328,7.9792938232421875,1,0.1
92,16,10,304,7.9792938232421875,0,0.0
93,16,10,529,7.9792938232421875,1,0.1
94,16,10,606,7.9792938232421875,3,0.3
95,16,10,429,7.9792938232421875,1,0.1
96,16,10,248,7.9792938232421875,2,0.2
97,16,10,81,7.9792938232421875,0,0.0
98,16,10,15,7.9792938232421875,0,0.0
99,16,10,1,7.9792938232421875,0,0.0
100,16,10,658,7.9792938232421875,4,0.4
101,16,10,124,7.9792938232421875,1,0.1
102,16,10,470,7.9792938232421875,0,0.0
103,16,10,112,7.9792938232421875,0,0.0
104,16,10,481,7.9792938232421875,0,0.0
105,16,10,53,7.9792938232421875,0,0.0
106,16,10,1900,7.9792938232421875,0,0.0
107,16,10,24,7.9792938232421875,0,0.0
108,16,10,14,7.9792938232421875,0,0.0
109,16,10,108,7.9792938232421875,0,0.0
110,16,10,2,7.9792938232421875,0,0.0
111,16,10,876,7.9792938232421875,5,0.5
112,16,10,126,7.9792938232421875,0,0.0
113,16,10,16,7.9792938232421875,0,0.0
114,16,10,16,7.9792938232421875,0,0.0
115,16,10,68,7.9792938232421875,0,0.0
116,16,10,134,7.9792938232421875,4,0.4
117,16,10,334,7.9792938232421875,0,0.0
118,16,10,20,7.9792938232421875,0,0.0
119,16,10,170,7.9792938232421875,3,0.3
120,16,10,93,7.9792938232421875,2,0.2
121,16,10,0,7.9792938232421875,0,0.0
122,16,10,140,7.9792938232421875,0,0.0
123,16,10,2330,7.9792938232421875,0,0.0
124,16,10,1,7.9792938232421875,0,0.0
125,16,10,248,7.9792938232421875,0,0.0
126,16,10,126,7.9792938232421875,1,0.1
127,16,10,16,7.9792938232421875,5,0.5
128,16,10,50,7.9792938232421875,0,0.0
129,16,10,418,7.9792938232421875,0,0.0
130,16,10,22,7.9792938232421875,0,0.0
131,16,10,186,7.9792938232421875,0,0.0
132,16,10,0,7.9792938232421875,0,0.0
133,16,10,7,7.9792938232421875,1,0.1
134,16,10,42,7.9792938232421875,0,0.0
135,16,10,101,7.9792938232421875,0,0.0
136,16,10,37,7.9792938232421875,0,0.0
137,16,10,38,7.9792938232421875,0,0.0
138,16,10,187,7.9792938232421875,1,0.1
139,16,10,375,7.9792938232421875,0,0.0
140,16,10,0,7.9792938232421875,0,0.0
141,16,10,70,7.9792938232421875,0,0.0
142,16,10,54,7.9792938232421875,2,0.2
143,16,10,71,7.9792938232421875,0,0.0
144,16,10,120,7.9792938232421875,0,0.0
145,16,10,1469,7.9792938232421875,6,0.6
146,16,10,1645,7.9792938232421875,0,0.0
147,16,10,24,7.9792938232421875,0,0.0
148,16,10,22,7.9792938232421875,0,0.0
149,16,10,22,7.9792938232421875,0,0.0
150,16,10,121,7.9792938232421875,1,0.1
151,16,10,335,7.9792938232421875,3,0.3
152,16,10,188,7.9792938232421875,1,0.1
153,16,10,1301,7.9792938232421875,2,0.2
154,16,10,1712,7.9792938232421875,3,0.3
155,16,10,66,7.9792938232421875,0,0.0
156,16,10,10,7.9792938232421875,0,0.0
157,16,10,20,7.9792938232421875,0,0.0
158,16,10,95,7.9792938232421875,0,0.0
159,16,10,67,7.9792938232421875,0,0.0
160,16,10,555,7.9792938232421875,0,0.0
161,16,10,224,7.9792938232421875,0,0.0
162,16,10,109,7.9792938232421875,2,0.2
163,16,10,101,7.9792938232421875,0,0.0
164,16,10,31,7.9792938232421875,0,0.0
165,16,10,295,7.9792938232421875,1,0.1
166,16,10,140,7.9792938232421875,2,0.2
167,16,10,78,7.9792938232421875,0,0.0
168,16,10,5,7.9792938232421875,0,0.0
169,16,10,161,7.9792938232421875,0,0.0
170,16,10,0,7.9792938232421875,0,0.0
171,16,10,399,7.9792938232421875,0,0.0
172,16,10,85,7.9792938232421875,0,0.0
173,16,10,1166,7.9792938232421875,1,0.1
174,16,10,221,7.9792938232421875,0,0.0
175,16,10,1650,7.9792938232421875,1,0.1
176,16,10,212,7.9792938232421875,0,0.0
177,16,10,34,7.9792938232421875,0,0.0
178,16,10,23,7.9792938232421875,1,0.1
179,16,10,292,7.9792938232421875,0,0.0
180,16,10,321,7.9792938232421875,0,0.0
181,16,10,452,7.9792938232421875,1,0.1
182,16,10,119,7.9792938232421875,0,0.0
183,16,10,120,7.9792938232421875,1,0.1
184,16,10,10,7.9792938232421875,0,0.0
185,16,10,278,7.9792938232421875,0,0.0
186,16,10,56,7.9792938232421875,0,0.0
187,16,10,552,7.9792938232421875,1,0.1
188,16,10,448,7.9792938232421875,2,0.2
189,16,10,1018,7.9792938232421875,4,0.4
190,16,10,42,7.9792938232421875,0,0.0
191,16,10,10,7.9792938232421875,0,0.0
192,16,10,134,7.9792938232421875,0,0.0
193,16,10,711,7.9792938232421875,0,0.0
194,16,10,501,7.9792938232421875,0,0.0
195,16,10,39,7.9792938232421875,0,0.0
196,16,10,5,7.9792938232421875,0,0.0
197,16,10,2,7.9792938232421875,0,0.0
198,16,10,58,7.9792938232421875,2,0.2
199,16,10,41,7.9792938232421875,0,0.0
200,16,10,174,7.9792938232421875,0,0.0
201,16,10,84,7.9792938232421875,0,0.0
202,16,10,1301,7.9792938232421875,2,0.2
203,16,10,263,7.9792938232421875,0,0.0
204,16,10,0,7.9792938232421875,0,0.0
205,16,10,59,7.9792938232421875,1,0.1
206,16,10,54,7.9792938232421875,0,0.0
207,16,10,65,7.9792938232421875,0,0.0
208,16,10,43,7.9792938232421875,0,0.0
209,16,10,24,7.9792938232421875,0,0.0
210,16,10,1347,7.9792938232421875,2,0.2
211,16,10,477,7.9792938232421875,0,0.0
212,16,10,0,7.9792938232421875,0,0.0
213,16,10,443,7.9792938232421875,1,0.1
214,16,10,4,7.9792938232421875,0,0.0
215,16,10,38,7.9792938232421875,0,0.0
216,16,10,192,7.9792938232421875,1,0.1
217,16,10,75,7.9792938232421875,0,0.0
218,16,10,378,7.9792938232421875,1,0.1
219,16,10,526,7.9792938232421875,0,0.0
220,16,10,114,7.9792938232421875,1,0.1
221,16,10,16,7.9792938232421875,1,0.1
222,16,10,241,7.9792938232421875,0,0.0
223,16,10,2313,7.9792938232421875,7,0.7
224,16,10,4,7.9792938232421875,0,0.0
225,16,10,296,7.9792938232421875,0,0.0
226,16,10,6,7.9792938232421875,0,0.0
227,16,10,216,7.9792938232421875,2,0.2
228,16,10,38,7.9792938232421875,0,0.0
229,16,10,1645,7.9792938232421875,0,0.0
230,16,10,457,7.9792938232421875,2,0.2
231,16,10,22,7.9792938232421875,0,0.0
232,16,10,399,7.9792938232421875,0,0.0
233,16,10,220,7.9792938232421875,0,0.0
234,16,10,14,7.9792938232421875,1,0.1
235,16,10,555,7.9792938232421875,1,0.1
236,16,10,559,7.9792938232421875,3,0.3
237,16,10,13,7.9792938232421875,0,0.0
238,16,10,160,7.9792938232421875,0,0.0
239,16,10,0,7.9792938232421875,0,0.0
240,16,10,179,7.9792938232421875,0,0.0
241,16,10,272,7.9792938232421875,1,0.1
242,16,10,2,7.9792938232421875,0,0.0
243,16,10,96,7.9792938232421875,2,0.2
244,16,10,77,7.9792938232421875,0,0.0
245,16,10,418,7.9792938232421875,1,0.1
246,16,10,244,7.9792938232421875,0,0.0
247,16,10,62,7.9792938232421875,1,0.1
248,16,10,127,7.9792938232421875,0,0.0
249,16,10,220,7.9792938232421875,0,0.0
250,16,10,165,7.9792938232421875,0,0.0
251,16,10,41,7.9792938232421875,0,0.0
252,16,10,219,7.9792938232421875,0,0.0
253,16,10,165,7.9792938232421875,0,0.0
254,16,10,690,7.9792938232421875,4,0.4
255,16,10,82,7.9792938232421875,0,0.0
256,16,10,6,7.9792938232421875,0,0.0
257,16,10,163,7.9792938232421875,1,0.1
258,16,10,144,7.9792938232421875,1,0.1
259,16,10,221,7.9792938232421875,2,0.2
260,16,10,40,7.9792938232421875,0,0.0
261,16,10,21,7.9792938232421875,0,0.0
262,16,10,20,7.9792938232421875,0,0.0
263,16,10,613,7.9792938232421875,0,0.0
264,16,10,116,7.9792938232421875,0,0.0
265,16,10,259,7.9792938232421875,0,0.0
266,16,10,194,7.9792938232421875,0,0.0
267,16,10,96,7.9792938232421875,0,0.0
268,16,10,64,7.9792938232421875,0,0.0
269,16,10,275,7.9792938232421875,1,0.1
270,16,10,334,7.9792938232421875,0,0.0
271,16,10,19,7.9792938232421875,0,0.0
272,16,10,1,7.9792938232421875,0,0.0
273,16,10,48,7.9792938232421875,0,0.0
274,16,10,34,7.9792938232421875,7,0.7
275,16,10,35,7.9792938232421875,0,0.0
276,16,10,33,7.9792938232421875,0,0.0
277,16,10,9,7.9792938232421875,0,0.0
278,16,10,1795,7.9792938232421875,1,0.1
279,16,10,56,7.9792938232421875,0,0.0
280,16,10,73,7.9792938232421875,0,0.0
281,16,10,178,7.9792938232421875,0,0.0
282,16,10,276,7.9792938232421875,0,0.0
283,16,10,20,7.9792938232421875,0,0.0
284,16,10,28,7.9792938232421875,0,0.0
285,16,10,47,7.9792938232421875,1,0.1
286,16,10,10,7.9792938232421875,1,0.1
287,16,10,51,7.9792938232421875,2,0.2
288,16,10,95,7.9792938232421875,1,0.1
289,16,10,68,7.9792938232421875,0,0.0
290,16,10,40,7.9792938232421875,0,0.0
291,16,10,24,7.9792938232421875,0,0.0
292,16,10,140,7.9792938232421875,0,0.0
293,16,10,98,7.9792938232421875,0,0.0
294,16,10,126,7.9792938232421875,4,0.4
295,16,10,248,7.9792938232421875,0,0.0
296,16,10,25,7.9792938232421875,0,0.0
297,16,10,358,7.9792938232421875,0,0.0
298,16,10,590,7.9792938232421875,0,0.0
299,16,10,135,7.9792938232421875,0,0.0
300,16,10,1,7.9792938232421875,0,0.0
301,16,10,224,7.9792938232421875,3,0.3
302,16,10,183,7.9792938232421875,0,0.0
303,16,10,0,7.9792938232421875,0,0.0
304,16,10,121,7.9792938232421875,1,0.1
305,16,10,44,7.9792938232421875,0,0.0
306,16,10,27,7.9792938232421875,0,0.0
307,16,10,63,7.9792938232421875,0,0.0
308,16,10,7,7.9792938232421875,0,0.0
309,16,10,15,7.9792938232421875,0,0.0
310,16,10,1977,7.9792938232421875,0,0.0
311,16,10,32,7.9792938232421875,0,0.0
312,16,10,237,7.9792938232421875,1,0.1
313,16,10,47,7.9792938232421875,0,0.0
314,16,10,22,7.9792938232421875,0,0.0
315,16,10,80,7.9792938232421875,0,0.0
316,16,10,179,7.9792938232421875,0,0.0
317,16,10,19,7.9792938232421875,0,0.0
318,16,10,0,7.9792938232421875,0,0.0
319,16,10,36,7.9792938232421875,0,0.0
320,16,10,161,7.9792938232421875,0,0.0
321,16,10,70,7.9792938232421875,1,0.1
322,16,10,348,7.9792938232421875,4,0.4
323,16,10,482,7.9792938232421875,6,0.6
324,16,10,188,7.9792938232421875,0,0.0
325,16,10,6,7.9792938232421875,0,0.0
326,16,10,14,7.9792938232421875,1,0.1
327,16,10,215,7.9792938232421875,0,0.0
328,16,10,51,7.9792938232421875,3,0.3
329,16,10,406,7.9792938232421875,0,0.0
330,16,10,639,7.9792938232421875,0,0.0
331,16,10,0,7.9792938232421875,0,0.0
332,16,10,34,7.9792938232421875,0,0.0
333,16,10,28,7.9792938232421875,2,0.2
334,16,10,522,7.9792938232421875,1,0.1
335,16,10,88,7.9792938232421875,0,0.0
336,16,10,26,7.9792938232421875,0,0.0
337,16,10,47,7.9792938232421875,0,0.0
338,16,10,615,7.9792938232421875,0,0.0
339,16,10,172,7.9792938232421875,0,0.0
340,16,10,63,7.9792938232421875,0,0.0
341,16,10,248,7.9792938232421875,0,0.0
342,16,10,39,7.9792938232421875,0,0.0
343,16,10,491,7.9792938232421875,0,0.0
344,16,10,21,7.9792938232421875,0,0.0
345,16,10,509,7.9792938232421875,0,0.0
346,16,10,0,7.9792938232421875,0,0.0
347,16,10,21,7.9792938232421875,1,0.1
348,16,10,26,7.9792938232421875,0,0.0
349,16,10,1,7.9792938232421875,0,0.0
350,16,10,174,7.9792938232421875,1,0.1
351,16,10,172,7.9792938232421875,1,0.1
352,16,10,65,7.9792938232421875,0,0.0
353,16,10,432,7.9792938232421875,0,0.0
354,16,10,20,7.9792938232421875,0,0.0
355,16,10,65,7.9792938232421875,2,0.2
356,16,10,55,7.9792938232421875,0,0.0
357,16,10,2497,7.9792938232421875,4,0.4
358,16,10,255,7.9792938232421875,0,0.0
359,16,10,161,7.9792938232421875,2,0.2
360,16,10,0,7.9792938232421875,0,0.0
361,16,10,3,7.9792938232421875,0,0.0
362,16,10,33,7.9792938232421875,0,0.0
363,16,10,1,7.9792938232421875,0,0.0
364,16,10,330,7.9792938232421875,0,0.0
365,16,10,0,7.9792938232421875,0,0.0
366,16,10,155,7.9792938232421875,0,0.0
367,16,10,87,7.9792938232421875,0,0.0
368,16,10,47,7.9792938232421875,0,0.0
369,16,10,2,7.9792938232421875,0,0.0
370,16,10,399,7.9792938232421875,2,0.2
371,16,10,57,7.9792938232421875,0,0.0
372,16,10,141,7.9792938232421875,0,0.0
373,16,10,52,7.9792938232421875,1,0.1
374,16,10,1492,7.9792938232421875,2,0.2
375,16,10,4,7.9792938232421875,0,0.0
376,16,10,39,7.9792938232421875,0,0.0
377,16,10,738,7.9792938232421875,2,0.2
378,16,10,427,7.9792938232421875,0,0.0
379,16,10,65,7.9792938232421875,1,0.1
380,16,10,462,7.9792938232421875,0,0.0
381,16,10,119,7.9792938232421875,0,0.0
382,16,10,50,7.9792938232421875,0,0.0
383,16,10,519,7.9792938232421875,1,0.1
384,16,10,26,7.9792938232421875,0,0.0
385,16,10,438,7.9792938232421875,0,0.0
386,16,10,146,7.9792938232421875,0,0.0
387,16,10,10,7.9792938232421875,0,0.0
388,16,10,170,7.9792938232421875,0,0.0
389,16,10,140,7.9792938232421875,0,0.0
390,16,10,0,7.9792938232421875,0,0.0
391,16,10,2,7.9792938232421875,0,0.0
392,16,10,38,7.9792938232421875,0,0.0
393,16,10,0,7.9792938232421875,0,0.0
394,16,10,420,7.9792938232421875,0,0.0
395,16,10,267,7.9792938232421875,0,0.0
396,16,10,68,7.9792938232421875,0,0.0
397,16,10,72,7.9792938232421875,0,0.0
398,16,10,1,7.9792938232421875,0,0.0
399,16,10,69,7.9792938232421875,0,0.0
400,16,10,216,7.9792938232421875,2,0.2
401,16,10,16,7.9792938232421875,0,0.0
402,16,10,65,7.9792938232421875,0,0.0
403,16,10,366,7.9792938232421875,0,0.0
404,16,10,31,7.9792938232421875,0,0.0
405,16,10,6,7.9792938232421875,0,0.0
406,16,10,38,7.9792938232421875,0,0.0
407,16,10,61,7.9792938232421875,0,0.0
408,16,10,23,7.9792938232421875,0,0.0
409,16,10,85,7.9792938232421875,0,0.0
410,16,10,279,7.9792938232421875,4,0.4
411,16,10,21,7.9792938232421875,0,0.0
412,16,10,47,7.9792938232421875,0,0.0
413,16,10,93,7.9792938232421875,0,0.0
414,16,10,71,7.9792938232421875,0,0.0
415,16,10,3,7.9792938232421875,0,0.0
416,16,10,66,7.9792938232421875,2,0.2
417,16,10,128,7.9792938232421875,1,0.1
418,16,10,1,7.9792938232421875,0,0.0
419,16,10,719,7.9792938232421875,2,0.2
420,16,10,18,7.9792938232421875,0,0.0
421,16,10,4,7.9792938232421875,0,0.0
422,16,10,613,7.9792938232421875,0,0.0
423,16,10,1,7.9792938232421875,1,0.1
424,16,10,71,7.9792938232421875,0,0.0
425,16,10,121,7.9792938232421875,0,0.0
426,16,10,194,7.9792938232421875,0,0.0
427,16,10,205,7.9792938232421875,0,0.0
428,16,10,53,7.9792938232421875,0,0.0
429,16,10,260,7.9792938232421875,1,0.1
430,16,10,550,7.9792938232421875,3,0.3
431,16,10,1482,7.9792938232421875,4,0.4
432,16,10,1712,7.9792938232421875,1,0.1
433,16,10,37,7.9792938232421875,0,0.0
434,16,10,121,7.9792938232421875,0,0.0
435,16,10,8,7.9792938232421875,0,0.0
436,16,10,94,7.9792938232421875,0,0.0
437,16,10,48,7.9792938232421875,1,0.1
438,16,10,643,7.9792938232421875,8,0.8
439,16,10,0,7.9792938232421875,0,0.0
440,16,10,50,7.9792938232421875,0,0.0
441,16,10,240,7.9792938232421875,0,0.0
442,16,10,35,7.9792938232421875,0,0.0
443,16,10,65,7.9792938232421875,1,0.1
444,16,10,112,7.9792938232421875,0,0.0
445,16,10,675,7.9792938232421875,1,0.1
446,16,10,208,7.9792938232421875,2,0.2
447,16,10,14,7.9792938232421875,0,0.0
448,16,10,229,7.9792938232421875,0,0.0
449,16,10,30,7.9792938232421875,0,0.0
450,16,10,197,7.9792938232421875,0,0.0
451,16,10,62,7.9792938232421875,0,0.0
452,16,10,21,7.9792938232421875,0,0.0
453,16,10,101,7.9792938232421875,1,0.1
454,16,10,72,7.9792938232421875,0,0.0
455,16,10,126,7.9792938232421875,2,0.2
456,16,10,220,7.9792938232421875,0,0.0
457,16,10,125,7.9792938232421875,2,0.2
458,16,10,95,7.9792938232421875,0,0.0
459,16,10,0,7.9792938232421875,0,0.0
460,16,10,235,7.9792938232421875,0,0.0
461,16,10,21,7.9792938232421875,0,0.0
462,16,10,2353,7.9792938232421875,1,0.1
463,16,10,559,7.9792938232421875,0,0.0
464,16,10,0,7.9792938232421875,0,0.0
465,16,10,161,7.9792938232421875,2,0.2
466,16,10,70,7.9792938232421875,0,0.0
467,16,10,1477,7.9792938232421875,0,0.0
468,16,10,34,7.9792938232421875,1,0.1
469,16,10,112,7.9792938232421875,0,0.0
470,16,10,81,7.9792938232421875,0,0.0
471,16,10,876,7.9792938232421875,0,0.0
472,16,10,146,7.9792938232421875,0,0.0
473,16,10,471,7.9792938232421875,0,0.0
474,16,10,711,7.9792938232421875,0,0.0
475,16,10,157,7.9792938232421875,0,0.0
476,16,10,286,7.9792938232421875,1,0.1
477,16,10,334,7.9792938232421875,2,0.2
478,16,10,389,7.9792938232421875,0,0.0
479,16,10,15,7.9792938232421875,0,0.0
480,16,10,8,7.9792938232421875,0,0.0
481,16,10,77,7.9792938232421875,0,0.0
482,16,10,26,7.9792938232421875,0,0.0
483,16,10,418,7.9792938232421875,0,0.0
484,16,10,596,7.9792938232421875,0,0.0
485,16,10,12,7.9792938232421875,0,0.0
486,16,10,252,7.9792938232421875,1,0.1
487,16,10,16,7.9792938232421875,0,0.0
488,16,10,37,7.9792938232421875,0,0.0
489,16,10,217,7.9792938232421875,0,0.0
490,16,10,108,7.9792938232421875,0,0.0
491,16,10,23,7.9792938232421875,0,0.0
492,16,10,0,7.9792938232421875,0,0.0
493,16,10,27,7.9792938232421875,0,0.0
494,16,10,106,7.9792938232421875,0,0.0
495,16,10,42,7.9792938232421875,0,0.0
496,16,10,121,7.9792938232421875,1,0.1
497,16,10,150,7.9792938232421875,1,0.1
498,16,10,228,7.9792938232421875,2,0.2
499,16,10,384,7.9792938232421875,0,0.0
500,16,10,152,7.9792938232421875,1,0.1
501,16,10,2,7.9792938232421875,0,0.0
502,16,10,23,7.9792938232421875,0,0.0
503,16,10,70,7.9792938232421875,0,0.0
504,16,10,102,7.9792938232421875,0,0.0
505,16,10,1301,7.9792938232421875,0,0.0
506,16,10,116,7.9792938232421875,1,0.1
507,16,10,27,7.9792938232421875,0,0.0
508,16,10,20,7.9792938232421875,0,0.0
509,16,10,5,7.9792938232421875,0,0.0
510,16,10,32,7.9792938232421875,0,0.0
511,16,10,295,7.9792938232421875,2,0.2
512,16,10,31,7.9792938232421875,0,0.0
513,16,10,47,7.9792938232421875,0,0.0
514,16,10,265,7.9792938232421875,1,0.1
515,16,10,555,7.9792938232421875,0,0.0
516,16,10,567,7.9792938232421875,2,0.2
517,16,10,548,7.9792938232421875,5,0.5
518,16,10,110,7.9792938232421875,1,0.1
519,16,10,67,7.9792938232421875,0,0.0
520,16,10,134,7.9792938232421875,0,0.0
521,16,10,532,7.9792938232421875,1,0.1
522,16,10,4,7.9792938232421875,1,0.1
523,16,10,152,7.9792938232421875,0,0.0
524,16,10,536,7.9792938232421875,0,0.0
525,16,10,92,7.9792938232421875,1,0.1
526,16,10,0,7.9792938232421875,0,0.0
527,16,10,58,7.9792938232421875,0,0.0
528,16,10,7,7.9792938232421875,0,0.0
529,16,10,210,7.9792938232421875,1,0.1
530,16,10,123,7.9792938232421875,0,0.0
531,16,10,11,7.9792938232421875,0,0.0
532,16,10,12,7.9792938232421875,0,0.0
533,16,10,21,7.9792938232421875,0,0.0
534,16,10,72,7.9792938232421875,0,0.0
535,16,10,1,7.9792938232421875,0,0.0
536,16,10,14,7.9792938232421875,0,0.0
537,16,10,282,7.9792938232421875,0,0.0
538,16,10,16,7.9792938232421875,0,0.0
539,16,10,4,7.9792938232421875,0,0.0
540,16,10,5,7.9792938232421875,0,0.0
541,16,10,957,7.9792938232421875,0,0.0
542,16,10,8,7.9792938232421875,1,0.1
543,16,10,3,7.9792938232421875,0,0.0
544,16,10,61,7.9792938232421875,0,0.0
545,16,10,378,7.9792938232421875,0,0.0
546,16,10,109,7.9792938232421875,0,0.0
547,16,10,278,7.9792938232421875,0,0.0
548,16,10,14,7.9792938232421875,0,0.0
549,16,10,419,7.9792938232421875,0,0.0
550,16,10,0,7.9792938232421875,0,0.0
551,16,10,49,7.9792938232421875,0,0.0
552,16,10,73,7.9792938232421875,4,0.4
553,16,10,219,7.9792938232421875,0,0.0
554,16,10,650,7.9792938232421875,0,0.0
555,16,10,409,7.9792938232421875,0,0.0
556,16,10,207,7.9792938232421875,0,0.0
557,16,10,0,7.9792938232421875,0,0.0
558,16,10,1645,7.9792938232421875,0,0.0
559,16,10,80,7.9792938232421875,0,0.0
560,16,10,2011,7.9792938232421875,0,0.0
561,16,10,1645,7.9792938232421875,0,0.0
562,16,10,157,7.9792938232421875,0,0.0
563,16,10,1473,7.9792938232421875,5,0.5
564,16,10,34,7.9792938232421875,0,0.0
565,16,10,61,7.9792938232421875,1,0.1
566,16,10,1796,7.9792938232421875,2,0.2
567,16,10,221,7.9792938232421875,0,0.0
568,16,10,266,7.9792938232421875,0,0.0
569,16,10,75,7.9792938232421875,0,0.0
570,16,10,427,7.9792938232421875,0,0.0
571,16,10,4,7.9792938232421875,0,0.0
572,16,10,38,7.9792938232421875,0,0.0
573,16,10,36,7.9792938232421875,0,0.0
574,16,10,148,7.9792938232421875,0,0.0
575,16,10,189,7.9792938232421875,0,0.0
576,16,10,25,7.9792938232421875,0,0.0
577,16,10,250,7.9792938232421875,1,0.1
578,16,10,8,7.9792938232421875,1,0.1
579,16,10,18,7.9792938232421875,0,0.0
580,16,10,949,7.9792938232421875,1,0.1
581,16,10,221,7.9792938232421875,0,0.0
582,16,10,275,7.9792938232421875,1,0.1
583,16,10,56,7.9792938232421875,0,0.0
584,16,10,283,7.9792938232421875,0,0.0
585,16,10,0,7.9792938232421875,0,0.0
586,16,10,213,7.9792938232421875,0,0.0
587,16,10,861,7.9792938232421875,1,0.1
588,16,10,97,7.9792938232421875,0,0.0
589,16,10,275,7.9792938232421875,0,0.0
590,16,10,117,7.9792938232421875,0,0.0
591,16,10,1477,7.9792938232421875,2,0.2
592,16,10,147,7.9792938232421875,2,0.2
593,16,10,443,7.9792938232421875,0,0.0
594,16,10,2011,7.9792938232421875,4,0.4
595,16,10,30,7.9792938232421875,0,0.0
596,16,10,143,7.9792938232421875,1,0.1
597,16,10,17,7.9792938232421875,0,0.0
598,16,10,43,7.9792938232421875,1,0.1
599,16,10,223,7.9792938232421875,3,0.3
600,16,10,209,7.9792938232421875,1,0.1
601,16,10,62,7.9792938232421875,1,0.1
602,16,10,69,7.9792938232421875,0,0.0
603,16,10,31,7.9792938232421875,0,0.0
604,16,10,74,7.9792938232421875,0,0.0
605,16,10,283,7.9792938232421875,0,0.0
606,16,10,851,7.9792938232421875,3,0.3
607,16,10,15,7.9792938232421875,0,0.0
608,16,10,2,7.9792938232421875,0,0.0
609,16,10,345,7.9792938232421875,4,0.4
610,16,10,82,7.9792938232421875,3,0.3
611,16,10,225,7.9792938232421875,4,0.4
612,16,10,11,7.9792938232421875,0,0.0
613,16,10,51,7.9792938232421875,0,0.0
614,16,10,74,7.9792938232421875,0,0.0
615,16,10,259,7.9792938232421875,0,0.0
616,16,10,1469,7.9792938232421875,0,0.0
617,16,10,182,7.9792938232421875,0,0.0
618,16,10,416,7.9792938232421875,0,0.0
619,16,10,161,7.9792938232421875,0,0.0
620,16,10,3,7.9792938232421875,0,0.0
621,16,10,19,7.9792938232421875,0,0.0
622,16,10,582,7.9792938232421875,2,0.2
623,16,10,145,7.9792938232421875,0,0.0
624,16,10,188,7.9792938232421875,0,0.0
625,16,10,42,7.9792938232421875,0,0.0
626,16,10,1254,7.9792938232421875,1,0.1
627,16,10,0,7.9792938232421875,0,0.0
628,16,10,59,7.9792938232421875,0,0.0
629,16,10,610,7.9792938232421875,0,0.0
630,16,10,556,7.9792938232421875,0,0.0
631,16,10,7,7.9792938232421875,0,0.0
632,16,10,1,7.9792938232421875,0,0.0
633,16,10,21,7.9792938232421875,1,0.1
634,16,10,206,7.9792938232421875,0,0.0
635,16,10,416,7.9792938232421875,0,0.0
636,16,10,84,7.9792938232421875,0,0.0
637,16,10,103,7.9792938232421875,0,0.0
638,16,10,3,7.9792938232421875,0,0.0
639,16,10,9,7.9792938232421875,0,0.0
640,16,10,14,7.9792938232421875,0,0.0
641,16,10,645,7.9792938232421875,0,0.0
642,16,10,18,7.9792938232421875,0,0.0
643,16,10,9,7.9792938232421875,0,0.0
644,16,10,145,7.9792938232421875,1,0.1
645,16,10,1,7.9792938232421875,0,0.0
646,16,10,97,7.9792938232421875,2,0.2
647,16,10,711,7.9792938232421875,0,0.0
648,16,10,0,7.9792938232421875,0,0.0
649,16,10,2,7.9792938232421875,0,0.0
650,16,10,675,7.9792938232421875,0,0.0
651,16,10,0,7.9792938232421875,0,0.0
652,16,10,711,7.9792938232421875,0,0.0
653,16,10,199,7.9792938232421875,0,0.0
654,16,10,7,7.9792938232421875,1,0.1
655,16,10,66,7.9792938232421875,0,0.0
656,16,10,684,7.9792938232421875,4,0.4
657,16,10,35,7.9792938232421875,0,0.0
658,16,10,539,7.9792938232421875,2,0.2
659,16,10,824,7.9792938232421875,0,0.0
660,16,10,47,7.9792938232421875,0,0.0
661,16,10,66,7.9792938232421875,0,0.0
662,16,10,163,7.9792938232421875,0,0.0
663,16,10,619,7.9792938232421875,1,0.1
664,16,10,37,7.9792938232421875,1,0.1
665,16,10,155,7.9792938232421875,0,0.0
666,16,10,1,7.9792938232421875,0,0.0
667,16,10,5,7.9792938232421875,0,0.0
668,16,10,98,7.9792938232421875,1,0.1
669,16,10,160,7.9792938232421875,1,0.1
670,16,10,52,7.9792938232421875,0,0.0
671,16,10,91,7.9792938232421875,2,0.2
672,16,10,187,7.9792938232421875,0,0.0
673,16,10,97,7.9792938232421875,0,0.0
674,16,10,5,7.9792938232421875,2,0.2
675,16,10,44,7.9792938232421875,0,0.0
676,16,10,27,7.9792938232421875,0,0.0
677,16,10,251,7.9792938232421875,0,0.0
678,16,10,117,7.9792938232421875,1,0.1
679,16,10,0,7.9792938232421875,0,0.0
680,16,10,226,7.9792938232421875,0,0.0
681,16,10,5,7.9792938232421875,1,0.1
682,16,10,67,7.9792938232421875,0,0.0
683,16,10,75,7.9792938232421875,3,0.3
684,16,10,81,7.9792938232421875,0,0.0
685,16,10,106,7.9792938232421875,1,0.1
686,16,10,386,7.9792938232421875,1,0.1
687,16,10,0,7.9792938232421875,0,0.0
688,16,10,140,7.9792938232421875,0,0.0
689,16,10,2330,7.9792938232421875,0,0.0
690,16,10,52,7.9792938232421875,0,0.0
691,16,10,207,7.9792938232421875,0,0.0
692,16,10,126,7.9792938232421875,0,0.0
693,16,10,8,7.9792938232421875,0,0.0
694,16,10,196,7.9792938232421875,2,0.2
695,16,10,105,7.9792938232421875,0,0.0
696,16,10,51,7.9792938232421875,0,0.0
697,16,10,0,7.9792938232421875,0,0.0
698,16,10,378,7.9792938232421875,0,0.0
699,16,10,603,7.9792938232421875,2,0.2
700,16,10,3,7.9792938232421875,0,0.0
701,16,10,4,7.9792938232421875,0,0.0
702,16,10,1011,7.9792938232421875,1,0.1
703,16,10,257,7.9792938232421875,0,0.0
704,16,10,0,7.9792938232421875,0,0.0
705,16,10,57,7.9792938232421875,0,0.0
706,16,10,7,7.9792938232421875,0,0.0
707,16,10,0,7.9792938232421875,0,0.0
708,16,10,414,7.9792938232421875,4,0.4
709,16,10,25,7.9792938232421875,0,0.0
710,16,10,1882,7.9792938232421875,0,0.0
711,16,10,720,7.9792938232421875,0,0.0
712,16,10,219,7.9792938232421875,1,0.1
713,16,10,120,7.9792938232421875,0,0.0
714,16,10,44,7.9792938232421875,0,0.0
715,16,10,1040,7.9792938232421875,0,0.0
716,16,10,119,7.9792938232421875,0,0.0
717,16,10,70,7.9792938232421875,0,0.0
718,16,10,161,7.9792938232421875,0,0.0
719,16,10,690,7.9792938232421875,1,0.1
720,16,10,912,7.9792938232421875,1,0.1
721,16,10,22,7.9792938232421875,0,0.0
722,16,10,44,7.9792938232421875,0,0.0
723,16,10,21,7.9792938232421875,0,0.0
724,16,10,263,7.9792938232421875,0,0.0
725,16,10,334,7.9792938232421875,0,0.0
726,16,10,684,7.9792938232421875,1,0.1
727,16,10,5,7.9792938232421875,0,0.0
728,16,10,160,7.9792938232421875,0,0.0
729,16,10,148,7.9792938232421875,0,0.0
730,16,10,399,7.9792938232421875,0,0.0
731,16,10,19,7.9792938232421875,0,0.0
732,16,10,590,7.9792938232421875,0,0.0
733,16,10,190,7.9792938232421875,1,0.1
734,16,10,0,7.9792938232421875,0,0.0
735,16,10,61,7.9792938232421875,0,0.0
736,16,10,64,7.9792938232421875,1,0.1
737,16,10,9,7.9792938232421875,0,0.0
738,16,10,482,7.9792938232421875,0,0.0
739,16,10,418,7.9792938232421875,1,0.1
740,16,10,116,7.9792938232421875,0,0.0
741,16,10,145,7.9792938232421875,0,0.0
742,16,10,0,7.9792938232421875,0,0.0
743,16,10,101,7.9792938232421875,0,0.0
744,16,10,1823,7.9792938232421875,1,0.1
745,16,10,60,7.9792938232421875,0,0.0
746,16,10,1374,7.9792938232421875,1,0.1
747,16,10,212,7.9792938232421875,0,0.0
748,16,10,0,7.9792938232421875,0,0.0
749,16,10,93,7.9792938232421875,0,0.0
750,16,10,4,7.9792938232421875,0,0.0
751,16,10,7,7.9792938232421875,1,0.1
752,16,10,1977,7.9792938232421875,5,0.5
753,16,10,68,7.9792938232421875,0,0.0
754,16,10,613,7.9792938232421875,3,0.3
755,16,10,80,7.9792938232421875,0,0.0
756,16,10,58,7.9792938232421875,2,0.2
757,16,10,206,7.9792938232421875,4,0.4
758,16,10,16,7.9792938232421875,0,0.0
759,16,10,0,7.9792938232421875,0,0.0
760,16,10,574,7.9792938232421875,2,0.2
761,16,10,377,7.9792938232421875,1,0.1
762,16,10,10,7.9792938232421875,0,0.0
763,16,10,109,7.9792938232421875,0,0.0
764,16,10,1977,7.9792938232421875,0,0.0
765,16,10,55,7.9792938232421875,0,0.0
766,16,10,671,7.9792938232421875,0,0.0
767,16,10,204,7.9792938232421875,1,0.1
768,16,10,416,7.9792938232421875,0,0.0
769,16,10,8,7.9792938232421875,1,0.1
770,16,10,81,7.9792938232421875,0,0.0
771,16,10,248,7.9792938232421875,2,0.2
772,16,10,10,7.9792938232421875,0,0.0
773,16,10,56,7.9792938232421875,0,0.0
774,16,10,2,7.9792938232421875,0,0.0
775,16,10,146,7.9792938232421875,0,0.0
776,16,10,399,7.9792938232421875,0,0.0
777,16,10,21,7.9792938232421875,0,0.0
778,16,10,33,7.9792938232421875,0,0.0
779,16,10,149,7.9792938232421875,0,0.0
780,16,10,1900,7.9792938232421875,1,0.1
781,16,10,295,7.9792938232421875,0,0.0
782,16,10,174,7.9792938232421875,1,0.1
783,16,10,27,7.9792938232421875,0,0.0
784,16,10,563,7.9792938232421875,3,0.3
785,16,10,130,7.9792938232421875,1,0.1
786,16,10,496,7.9792938232421875,0,0.0
787,16,10,48,7.9792938232421875,0,0.0
788,16,10,114,7.9792938232421875,2,0.2
789,16,10,19,7.9792938232421875,0,0.0
790,16,10,39,7.9792938232421875,0,0.0
791,16,10,146,7.9792938232421875,0,0.0
792,16,10,220,7.9792938232421875,0,0.0
793,16,10,26,7.9792938232421875,0,0.0
794,16,10,21,7.9792938232421875,0,0.0
795,16,10,30,7.9792938232421875,0,0.0
796,16,10,93,7.9792938232421875,1,0.1
797,16,10,555,7.9792938232421875,0,0.0
798,16,10,140,7.9792938232421875,0,0.0
799,16,10,193,7.9792938232421875,2,0.2
800,16,10,1166,7.9792938232421875,1,0.1
801,16,10,631,7.9792938232421875,2,0.2
802,16,10,711,7.9792938232421875,0,0.0
803,16,10,419,7.9792938232421875,1,0.1
804,16,10,278,7.9792938232421875,0,0.0
805,16,10,701,7.9792938232421875,0,0.0
806,16,10,43,7.9792938232421875,0,0.0
807,16,10,235,7.9792938232421875,0,0.0
808,16,10,95,7.9792938232421875,0,0.0
809,16,10,53,7.9792938232421875,2,0.2
810,16,10,368,7.9792938232421875,2,0.2
811,16,10,720,7.9792938232421875,0,0.0
812,16,10,590,7.9792938232421875,3,0.3
813,16,10,449,7.9792938232421875,4,0.4
814,16,10,334,7.9792938232421875,0,0.0
815,16,10,35,7.9792938232421875,0,0.0
816,16,10,2353,7.9792938232421875,0,0.0
817,16,10,165,7.9792938232421875,0,0.0
818,16,10,532,7.9792938232421875,1,0.1
819,16,10,31,7.9792938232421875,0,0.0
820,16,10,19,7.9792938232421875,0,0.0
821,16,10,72,7.9792938232421875,0,0.0
822,16,10,8,7.9792938232421875,0,0.0
823,16,10,1328,7.9792938232421875,2,0.2
824,16,10,209,7.9792938232421875,0,0.0
825,16,10,34,7.9792938232421875,0,0.0
826,16,10,7,7.9792938232421875,0,0.0
827,16,10,804,7.9792938232421875,0,0.0
828,16,10,50,7.9792938232421875,2,0.2
829,16,10,130,7.9792938232421875,0,0.0
830,16,10,365,7.9792938232421875,4,0.4
831,16,10,346,7.9792938232421875,0,0.0
832,16,10,0,7.9792938232421875,0,0.0
833,16,10,3,7.9792938232421875,0,0.0
834,16,10,174,7.9792938232421875,0,0.0
835,16,10,81,7.9792938232421875,0,0.0
836,16,10,94,7.9792938232421875,0,0.0
837,16,10,701,7.9792938232421875,0,0.0
838,16,10,129,7.9792938232421875,5,0.5
839,16,10,123,7.9792938232421875,1,0.1
840,16,10,2,7.9792938232421875,0,0.0
841,16,10,81,7.9792938232421875,0,0.0
842,16,10,65,7.9792938232421875,0,0.0
843,16,10,28,7.9792938232421875,1,0.1
844,16,10,30,7.9792938232421875,0,0.0
845,16,10,78,7.9792938232421875,0,0.0
846,16,10,500,7.9792938232421875,0,0.0
847,16,10,295,7.9792938232421875,0,0.0
848,16,10,66,7.9792938232421875,0,0.0
849,16,10,16,7.9792938232421875,0,0.0
850,16,10,554,7.9792938232421875,1,0.1
851,16,10,82,7.9792938232421875,0,0.0
852,16,10,117,7.9792938232421875,0,0.0
853,16,10,1321,7.9792938232421875,1,0.1
854,16,10,204,7.9792938232421875,3,0.3
855,16,10,292,7.9792938232421875,0,0.0
856,16,10,1332,7.9792938232421875,0,0.0
857,16,10,0,7.9792938232421875,0,0.0
858,16,10,175,7.9792938232421875,0,0.0
859,16,10,136,7.9792938232421875,0,0.0
860,16,10,30,7.9792938232421875,0,0.0
861,16,10,151,7.9792938232421875,0,0.0
862,16,10,554,7.9792938232421875,3,0.3
863,16,10,727,7.9792938232421875,3,0.3
864,16,10,2,7.9792938232421875,0,0.0
865,16,10,0,7.9792938232421875,0,0.0
866,16,10,2,7.9792938232421875,0,0.0
867,16,10,155,7.9792938232421875,0,0.0
868,16,10,1,7.9792938232421875,0,0.0
869,16,10,14,7.9792938232421875,1,0.1
870,16,10,42,7.9792938232421875,4,0.4
871,16,10,10,7.9792938232421875,0,0.0
872,16,10,49,7.9792938232421875,0,0.0
873,16,10,1339,7.9792938232421875,1,0.1
874,16,10,397,7.9792938232421875,1,0.1
875,16,10,248,7.9792938232421875,1,0.1
876,16,10,146,7.9792938232421875,2,0.2
877,16,10,20,7.9792938232421875,0,0.0
878,16,10,1,7.9792938232421875,0,0.0
879,16,10,34,7.9792938232421875,0,0.0
880,16,10,87,7.9792938232421875,1,0.1
881,16,10,299,7.9792938232421875,0,0.0
882,16,10,224,7.9792938232421875,1,0.1
883,16,10,68,7.9792938232421875,0,0.0
884,16,10,54,7.9792938232421875,0,0.0
885,16,10,643,7.9792938232421875,1,0.1
886,16,10,216,7.9792938232421875,2,0.2
887,16,10,15,7.9792938232421875,0,0.0
888,16,10,0,7.9792938232421875,0,0.0
889,16,10,328,7.9792938232421875,1,0.1
890,16,10,23,7.9792938232421875,0,0.0
891,16,10,38,7.9792938232421875,0,0.0
892,16,10,50,7.9792938232421875,0,0.0
893,16,10,103,7.9792938232421875,0,0.0
894,16,10,606,7.9792938232421875,0,0.0
895,16,10,110,7.9792938232421875,0,0.0
896,16,10,114,7.9792938232421875,2,0.2
897,16,10,626,7.9792938232421875,0,0.0
898,16,10,292,7.9792938232421875,0,0.0
899,16,10,55,7.9792938232421875,0,0.0
900,16,10,2,7.9792938232421875,0,0.0
901,16,10,176,7.9792938232421875,5,0.5
902,16,10,4,7.9792938232421875,0,0.0
903,16,10,347,7.9792938232421875,2,0.2
904,16,10,0,7.9792938232421875,0,0.0
905,16,10,152,7.9792938232421875,0,0.0
906,16,10,30,7.9792938232421875,0,0.0
907,16,10,53,7.9792938232421875,0,0.0
908,16,10,149,7.9792938232421875,2,0.2
909,16,10,109,7.9792938232421875,1,0.1
910,16,10,460,7.9792938232421875,5,0.5
911,16,10,126,7.9792938232421875,2,0.2
912,16,10,75,7.9792938232421875,0,0.0
913,16,10,53,7.9792938232421875,0,0.0
914,16,10,1018,7.9792938232421875,2,0.2
915,16,10,175,7.9792938232421875,0,0.0
916,16,10,705,7.9792938232421875,0,0.0
917,16,10,157,7.9792938232421875,0,0.0
918,16,10,146,7.9792938232421875,2,0.2
919,16,10,270,7.9792938232421875,0,0.0
920,16,10,590,7.9792938232421875,0,0.0
921,16,10,2121,7.9792938232421875,0,0.0
922,16,10,393,7.9792938232421875,0,0.0
923,16,10,155,7.9792938232421875,0,0.0
924,16,10,550,7.9792938232421875,0,0.0
925,16,10,60,7.9792938232421875,0,0.0
926,16,10,589,7.9792938232421875,4,0.4
927,16,10,405,7.9792938232421875,2,0.2
928,16,10,68,7.9792938232421875,0,0.0
929,16,10,646,7.9792938232421875,0,0.0
930,16,10,179,7.9792938232421875,1,0.1
931,16,10,65,7.9792938232421875,0,0.0
932,16,10,82,7.9792938232421875,0,0.0
933,16,10,548,7.9792938232421875,2,0.2
934,16,10,110,7.9792938232421875,0,0.0
935,16,10,556,7.9792938232421875,1,0.1
936,16,10,4,7.9792938232421875,0,0.0
937,16,10,456,7.9792938232421875,0,0.0
938,16,10,74,7.9792938232421875,0,0.0
939,16,10,104,7.9792938232421875,0,0.0
940,16,10,140,7.9792938232421875,1,0.1
941,16,10,18,7.9792938232421875,0,0.0
942,16,10,121,7.9792938232421875,0,0.0
943,16,10,90,7.9792938232421875,1,0.1
944,16,10,283,7.9792938232421875,2,0.2
945,16,10,191,7.9792938232421875,0,0.0
946,16,10,155,7.9792938232421875,1,0.1
947,16,10,10,7.9792938232421875,1,0.1
948,16,10,36,7.9792938232421875,0,0.0
949,16,10,0,7.9792938232421875,0,0.0
950,16,10,34,7.9792938232421875,1,0.1
951,16,10,57,7.9792938232421875,0,0.0
952,16,10,1061,7.9792938232421875,2,0.2
953,16,10,185,7.9792938232421875,0,0.0
954,16,10,0,7.9792938232421875,0,0.0
955,16,10,174,7.9792938232421875,1,0.1
956,16,10,44,7.9792938232421875,1,0.1
957,16,10,427,7.9792938232421875,0,0.0
958,16,10,275,7.9792938232421875,2,0.2
959,16,10,64,7.9792938232421875,0,0.0
960,16,10,1,7.9792938232421875,0,0.0
961,16,10,206,7.9792938232421875,0,0.0
962,16,10,39,7.9792938232421875,0,0.0
963,16,10,72,7.9792938232421875,0,0.0
964,16,10,337,7.9792938232421875,1,0.1
965,16,10,125,7.9792938232421875,2,0.2
966,16,10,1166,7.9792938232421875,4,0.4
967,16,10,20,7.9792938232421875,1,0.1
968,16,10,445,7.9792938232421875,0,0.0
969,16,10,189,7.9792938232421875,2,0.2
970,16,10,7,7.9792938232421875,0,0.0
971,16,10,573,7.9792938232421875,0,0.0
972,16,10,95,7.9792938232421875,0,0.0
973,16,10,0,7.9792938232421875,0,0.0
974,16,10,34,7.9792938232421875,0,0.0
975,16,10,291,7.9792938232421875,0,0.0
976,16,10,7,7.9792938232421875,0,0.0
977,16,10,574,7.9792938232421875,1,0.1
978,16,10,243,7.9792938232421875,1,0.1
979,16,10,47,7.9792938232421875,1,0.1
980,16,10,2,7.9792938232421875,1,0.1
981,16,10,606,7.9792938232421875,2,0.2
982,16,10,1061,7.9792938232421875,1,0.1
983,16,10,0,7.9792938232421875,0,0.0
984,16,10,863,7.9792938232421875,1,0.1
985,16,10,63,7.9792938232421875,0,0.0
986,16,10,206,7.9792938232421875,0,0.0
987,16,10,151,7.9792938232421875,3,0.3
988,16,10,53,7.9792938232421875,0,0.0
989,16,10,0,7.9792938232421875,0,0.0
990,16,10,137,7.9792938232421875,0,0.0
991,16,10,121,7.9792938232421875,1,0.1
992,16,10,914,7.9792938232421875,7,0.7
993,16,10,257,7.9792938232421875,1,0.1
994,16,10,1061,7.9792938232421875,0,0.0
995,16,10,9,7.9792938232421875,0,0.0
996,16,10,309,7.9792938232421875,1,0.1
997,16,10,198,7.9792938232421875,0,0.0
998,16,10,4,7.9792938232421875,0,0.0
999,16,10,216,7.9792938232421875,0,0.0
0,16,100,375,7.9792938232421875,0,0.0
1,16,100,1477,7.9792938232421875,3,0.03
2,16,100,3,7.9792938232421875,0,0.0
3,16,100,36,7.9792938232421875,0,0.0
4,16,100,1,7.9792938232421875,0,0.0
5,16,100,21,7.9792938232421875,0,0.0
6,16,100,23,7.9792938232421875,0,0.0
7,16,100,90,7.9792938232421875,1,0.01
8,16,100,12,7.9792938232421875,0,0.0
9,16,100,27,7.9792938232421875,0,0.0
10,16,100,260,7.9792938232421875,3,0.03
11,16,100,446,7.9792938232421875,1,0.01
12,16,100,16,7.9792938232421875,0,0.0
13,16,100,40,7.9792938232421875,0,0.0
14,16,100,105,7.9792938232421875,1,0.01
15,16,100,30,7.9792938232421875,1,0.01
16,16,100,192,7.9792938232421875,1,0.01
17,16,100,34,7.9792938232421875,0,0.0
18,16,100,34,7.9792938232421875,0,0.0
19,16,100,48,7.9792938232421875,5,0.05
20,16,100,0,7.9792938232421875,0,0.0
21,16,100,345,7.9792938232421875,16,0.16
22,16,100,284,7.9792938232421875,2,0.02
23,16,100,28,7.9792938232421875,0,0.0
24,16,100,126,7.9792938232421875,1,0.01
25,16,100,94,7.9792938232421875,0,0.0
26,16,100,42,7.9792938232421875,4,0.04
27,16,100,78,7.9792938232421875,0,0.0
28,16,100,12,7.9792938232421875,2,0.02
29,16,100,42,7.9792938232421875,10,0.1
30,16,100,115,7.9792938232421875,3,0.03
31,16,100,24,7.9792938232421875,2,0.02
32,16,100,0,7.9792938232421875,0,0.0
33,16,100,125,7.9792938232421875,0,0.0
34,16,100,44,7.9792938232421875,2,0.02
35,16,100,914,7.9792938232421875,31,0.31
36,16,100,83,7.9792938232421875,0,0.0
37,16,100,56,7.9792938232421875,1,0.01
38,16,100,476,7.9792938232421875,0,0.0
39,16,100,88,7.9792938232421875,0,0.0
40,16,100,51,7.9792938232421875,0,0.0
41,16,100,57,7.9792938232421875,4,0.04
42,16,100,85,7.9792938232421875,0,0.0
43,16,100,2,7.9792938232421875,2,0.02
44,16,100,411,7.9792938232421875,5,0.05
45,16,100,121,7.9792938232421875,4,0.04
46,16,100,261,7.9792938232421875,0,0.0
47,16,100,5,7.9792938232421875,0,0.0
48,16,100,193,7.9792938232421875,3,0.03
49,16,100,66,7.9792938232421875,0,0.0
50,16,100,8,7.9792938232421875,1,0.01
51,16,100,108,7.9792938232421875,0,0.0
52,16,100,1471,7.9792938232421875,9,0.09
53,16,100,49,7.9792938232421875,6,0.06
54,16,100,522,7.9792938232421875,3,0.03
55,16,100,65,7.9792938232421875,4,0.04
56,16,100,15,7.9792938232421875,0,0.0
57,16,100,474,7.9792938232421875,34,0.34
58,16,100,19,7.9792938232421875,0,0.0
59,16,100,150,7.9792938232421875,0,0.0
60,16,100,613,7.9792938232421875,11,0.11
61,16,100,141,7.9792938232421875,0,0.0
62,16,100,375,7.9792938232421875,0,0.0
63,16,100,59,7.9792938232421875,0,0.0
64,16,100,245,7.9792938232421875,9,0.09
65,16,100,8,7.9792938232421875,0,0.0
66,16,100,95,7.9792938232421875,0,0.0
67,16,100,193,7.9792938232421875,1,0.01
68,16,100,31,7.9792938232421875,4,0.04
69,16,100,1347,7.9792938232421875,14,0.14
70,16,100,127,7.9792938232421875,0,0.0
71,16,100,240,7.9792938232421875,0,0.0
72,16,100,0,7.9792938232421875,0,0.0
73,16,100,2353,7.9792938232421875,6,0.06
74,16,100,19,7.9792938232421875,0,0.0
75,16,100,723,7.9792938232421875,3,0.03
76,16,100,417,7.9792938232421875,1,0.01
77,16,100,458,7.9792938232421875,0,0.0
78,16,100,155,7.9792938232421875,1,0.01
79,16,100,272,7.9792938232421875,5,0.05
80,16,100,3,7.9792938232421875,0,0.0
81,16,100,185,7.9792938232421875,2,0.02
82,16,100,4,7.9792938232421875,0,0.0
83,16,100,0,7.9792938232421875,0,0.0
84,16,100,38,7.9792938232421875,1,0.01
85,16,100,914,7.9792938232421875,23,0.23
86,16,100,619,7.9792938232421875,8,0.08
87,16,100,43,7.9792938232421875,0,0.0
88,16,100,2,7.9792938232421875,1,0.01
89,16,100,60,7.9792938232421875,5,0.05
90,16,100,518,7.9792938232421875,17,0.17
91,16,100,328,7.9792938232421875,2,0.02
92,16,100,304,7.9792938232421875,4,0.04
93,16,100,529,7.9792938232421875,10,0.1
94,16,100,606,7.9792938232421875,3,0.03
95,16,100,429,7.9792938232421875,2,0.02
96,16,100,248,7.9792938232421875,8,0.08
97,16,100,81,7.9792938232421875,0,0.0
98,16,100,15,7.9792938232421875,0,0.0
99,16,100,1,7.9792938232421875,0,0.0
100,16,100,658,7.9792938232421875,15,0.15
101,16,100,124,7.9792938232421875,1,0.01
102,16,100,470,7.9792938232421875,0,0.0
103,16,100,112,7.9792938232421875,0,0.0
104,16,100,481,7.9792938232421875,0,0.0
105,16,100,53,7.9792938232421875,2,0.02
106,16,100,1900,7.9792938232421875,1,0.01
107,16,100,24,7.9792938232421875,1,0.01
108,16,100,14,7.9792938232421875,0,0.0
109,16,100,108,7.9792938232421875,0,0.0
110,16,100,2,7.9792938232421875,0,0.0
111,16,100,876,7.9792938232421875,10,0.1
112,16,100,126,7.9792938232421875,0,0.0
113,16,100,16,7.9792938232421875,2,0.02
114,16,100,16,7.9792938232421875,0,0.0
115,16,100,68,7.9792938232421875,1,0.01
116,16,100,134,7.9792938232421875,11,0.11
117,16,100,334,7.9792938232421875,2,0.02
118,16,100,20,7.9792938232421875,0,0.0
119,16,100,170,7.9792938232421875,13,0.13
120,16,100,93,7.9792938232421875,5,0.05
121,16,100,0,7.9792938232421875,0,0.0
122,16,100,140,7.9792938232421875,0,0.0
123,16,100,2330,7.9792938232421875,1,0.01
124,16,100,1,7.9792938232421875,0,0.0
125,16,100,248,7.9792938232421875,0,0.0
126,16,100,126,7.9792938232421875,1,0.01
127,16,100,16,7.9792938232421875,10,0.1
128,16,100,50,7.9792938232421875,1,0.01
129,16,100,418,7.9792938232421875,2,0.02
130,16,100,22,7.9792938232421875,0,0.0
131,16,100,186,7.9792938232421875,0,0.0
132,16,100,0,7.9792938232421875,0,0.0
133,16,100,7,7.9792938232421875,2,0.02
134,16,100,42,7.9792938232421875,0,0.0
135,16,100,101,7.9792938232421875,0,0.0
136,16,100,37,7.9792938232421875,0,0.0
137,16,100,38,7.9792938232421875,0,0.0
138,16,100,187,7.9792938232421875,3,0.03
139,16,100,375,7.9792938232421875,2,0.02
140,16,100,0,7.9792938232421875,0,0.0
141,16,100,70,7.9792938232421875,0,0.0
142,16,100,54,7.9792938232421875,2,0.02
143,16,100,71,7.9792938232421875,0,0.0
144,16,100,120,7.9792938232421875,0,0.0
145,16,100,1469,7.9792938232421875,27,0.27
146,16,100,1645,7.9792938232421875,0,0.0
147,16,100,24,7.9792938232421875,0,0.0
148,16,100,22,7.9792938232421875,0,0.0
149,16,100,22,7.9792938232421875,0,0.0
150,16,100,121,7.9792938232421875,2,0.02
151,16,100,335,7.9792938232421875,4,0.04
152,16,100,188,7.9792938232421875,5,0.05
153,16,100,1301,7.9792938232421875,7,0.07
154,16,100,1712,7.9792938232421875,10,0.1
155,16,100,66,7.9792938232421875,0,0.0
156,16,100,10,7.9792938232421875,0,0.0
157,16,100,20,7.9792938232421875,2,0.02
158,16,100,95,7.9792938232421875,1,0.01
159,16,100,67,7.9792938232421875,0,0.0
160,16,100,555,7.9792938232421875,0,0.0
161,16,100,224,7.9792938232421875,1,0.01
162,16,100,109,7.9792938232421875,5,0.05
163,16,100,101,7.9792938232421875,0,0.0
164,16,100,31,7.9792938232421875,0,0.0
165,16,100,295,7.9792938232421875,1,0.01
166,16,100,140,7.9792938232421875,3,0.03
167,16,100,78,7.9792938232421875,1,0.01
168,16,100,5,7.9792938232421875,0,0.0
169,16,100,161,7.9792938232421875,5,0.05
170,16,100,0,7.9792938232421875,0,0.0
171,16,100,399,7.9792938232421875,0,0.0
172,16,100,85,7.9792938232421875,0,0.0
173,16,100,1166,7.9792938232421875,1,0.01
174,16,100,221,7.9792938232421875,0,0.0
175,16,100,1650,7.9792938232421875,1,0.01
176,16,100,212,7.9792938232421875,1,0.01
177,16,100,34,7.9792938232421875,0,0.0
178,16,100,23,7.9792938232421875,3,0.03
179,16,100,292,7.9792938232421875,1,0.01
180,16,100,321,7.9792938232421875,3,0.03
181,16,100,452,7.9792938232421875,2,0.02
182,16,100,119,7.9792938232421875,0,0.0
183,16,100,120,7.9792938232421875,3,0.03
184,16,100,10,7.9792938232421875,0,0.0
185,16,100,278,7.9792938232421875,0,0.0
186,16,100,56,7.9792938232421875,1,0.01
187,16,100,552,7.9792938232421875,1,0.01
188,16,100,448,7.9792938232421875,2,0.02
189,16,100,1018,7.9792938232421875,7,0.07
190,16,100,42,7.9792938232421875,1,0.01
191,16,100,10,7.9792938232421875,0,0.0
192,16,100,134,7.9792938232421875,0,0.0
193,16,100,711,7.9792938232421875,2,0.02
194,16,100,501,7.9792938232421875,0,0.0
195,16,100,39,7.9792938232421875,0,0.0
196,16,100,5,7.9792938232421875,0,0.0
197,16,100,2,7.9792938232421875,0,0.0
198,16,100,58,7.9792938232421875,3,0.03
199,16,100,41,7.9792938232421875,0,0.0
200,16,100,174,7.9792938232421875,0,0.0
201,16,100,84,7.9792938232421875,0,0.0
202,16,100,1301,7.9792938232421875,7,0.07
203,16,100,263,7.9792938232421875,0,0.0
204,16,100,0,7.9792938232421875,0,0.0
205,16,100,59,7.9792938232421875,2,0.02
206,16,100,54,7.9792938232421875,1,0.01
207,16,100,65,7.9792938232421875,0,0.0
208,16,100,43,7.9792938232421875,0,0.0
209,16,100,24,7.9792938232421875,0,0.0
210,16,100,1347,7.9792938232421875,18,0.18
211,16,100,477,7.9792938232421875,1,0.01
212,16,100,0,7.9792938232421875,0,0.0
213,16,100,443,7.9792938232421875,7,0.07
214,16,100,4,7.9792938232421875,0,0.0
215,16,100,38,7.9792938232421875,0,0.0
216,16,100,192,7.9792938232421875,3,0.03
217,16,100,75,7.9792938232421875,0,0.0
218,16,100,378,7.9792938232421875,11,0.11
219,16,100,526,7.9792938232421875,0,0.0
220,16,100,114,7.9792938232421875,1,0.01
221,16,100,16,7.9792938232421875,2,0.02
222,16,100,241,7.9792938232421875,1,0.01
223,16,100,2313,7.9792938232421875,13,0.13
224,16,100,4,7.9792938232421875,0,0.0
225,16,100,296,7.9792938232421875,1,0.01
226,16,100,6,7.9792938232421875,0,0.0
227,16,100,216,7.9792938232421875,2,0.02
228,16,100,38,7.9792938232421875,0,0.0
229,16,100,1645,7.9792938232421875,2,0.02
230,16,100,457,7.9792938232421875,3,0.03
231,16,100,22,7.9792938232421875,2,0.02
232,16,100,399,7.9792938232421875,0,0.0
233,16,100,220,7.9792938232421875,1,0.01
234,16,100,14,7.9792938232421875,1,0.01
235,16,100,555,7.9792938232421875,5,0.05
236,16,100,559,7.9792938232421875,6,0.06
237,16,100,13,7.9792938232421875,0,0.0
238,16,100,160,7.9792938232421875,1,0.01
239,16,100,0,7.9792938232421875,0,0.0
240,16,100,179,7.9792938232421875,6,0.06
241,16,100,272,7.9792938232421875,6,0.06
242,16,100,2,7.9792938232421875,0,0.0
243,16,100,96,7.9792938232421875,3,0.03
244,16,100,77,7.9792938232421875,0,0.0
245,16,100,418,7.9792938232421875,1,0.01
246,16,100,244,7.9792938232421875,1,0.01
247,16,100,62,7.9792938232421875,1,0.01
248,16,100,127,7.9792938232421875,8,0.08
249,16,100,220,7.9792938232421875,1,0.01
250,16,100,165,7.9792938232421875,2,0.02
251,16,100,41,7.9792938232421875,0,0.0
252,16,100,219,7.9792938232421875,2,0.02
253,16,100,165,7.9792938232421875,1,0.01
254,16,100,690,7.9792938232421875,15,0.15
255,16,100,82,7.9792938232421875,0,0.0
256,16,100,6,7.9792938232421875,0,0.0
257,16,100,163,7.9792938232421875,2,0.02
258,16,100,144,7.9792938232421875,4,0.04
259,16,100,221,7.9792938232421875,4,0.04
260,16,100,40,7.9792938232421875,0,0.0
261,16,100,21,7.9792938232421875,0,0.0
262,16,100,20,7.9792938232421875,0,0.0
263,16,100,613,7.9792938232421875,2,0.02
264,16,100,116,7.9792938232421875,2,0.02
265,16,100,259,7.9792938232421875,0,0.0
266,16,100,194,7.9792938232421875,1,0.01
267,16,100,96,7.9792938232421875,0,0.0
268,16,100,64,7.9792938232421875,0,0.0
269,16,100,275,7.9792938232421875,2,0.02
270,16,100,334,7.9792938232421875,1,0.01
271,16,100,19,7.9792938232421875,0,0.0
272,16,100,1,7.9792938232421875,0,0.0
273,16,100,48,7.9792938232421875,0,0.0
274,16,100,34,7.9792938232421875,15,0.15
275,16,100,35,7.9792938232421875,1,0.01
276,16,100,33,7.9792938232421875,0,0.0
277,16,100,9,7.9792938232421875,0,0.0
278,16,100,1795,7.9792938232421875,2,0.02
279,16,100,56,7.9792938232421875,0,0.0
280,16,100,73,7.9792938232421875,0,0.0
281,16,100,178,7.9792938232421875,0,0.0
282,16,100,276,7.9792938232421875,0,0.0
283,16,100,20,7.9792938232421875,3,0.03
284,16,100,28,7.9792938232421875,0,0.0
285,16,100,47,7.9792938232421875,1,0.01
286,16,100,10,7.9792938232421875,2,0.02
287,16,100,51,7.9792938232421875,3,0.03
288,16,100,95,7.9792938232421875,1,0.01
289,16,100,68,7.9792938232421875,0,0.0
290,16,100,40,7.9792938232421875,0,0.0
291,16,100,24,7.9792938232421875,1,0.01
292,16,100,140,7.9792938232421875,0,0.0
293,16,100,98,7.9792938232421875,1,0.01
294,16,100,126,7.9792938232421875,8,0.08
295,16,100,248,7.9792938232421875,3,0.03
296,16,100,25,7.9792938232421875,0,0.0
297,16,100,358,7.9792938232421875,1,0.01
298,16,100,590,7.9792938232421875,5,0.05
299,16,100,135,7.9792938232421875,0,0.0
300,16,100,1,7.9792938232421875,0,0.0
301,16,100,224,7.9792938232421875,8,0.08
302,16,100,183,7.9792938232421875,1,0.01
303,16,100,0,7.9792938232421875,0,0.0
304,16,100,121,7.9792938232421875,10,0.1
305,16,100,44,7.9792938232421875,0,0.0
306,16,100,27,7.9792938232421875,1,0.01
307,16,100,63,7.9792938232421875,0,0.0
308,16,100,7,7.9792938232421875,0,0.0
309,16,100,15,7.9792938232421875,3,0.03
310,16,100,1977,7.9792938232421875,0,0.0
311,16,100,32,7.9792938232421875,0,0.0
312,16,100,237,7.9792938232421875,4,0.04
313,16,100,47,7.9792938232421875,0,0.0
314,16,100,22,7.9792938232421875,0,0.0
315,16,100,80,7.9792938232421875,0,0.0
316,16,100,179,7.9792938232421875,0,0.0
317,16,100,19,7.9792938232421875,1,0.01
318,16,100,0,7.9792938232421875,0,0.0
319,16,100,36,7.9792938232421875,0,0.0
320,16,100,161,7.9792938232421875,1,0.01
321,16,100,70,7.9792938232421875,6,0.06
322,16,100,348,7.9792938232421875,17,0.17
323,16,100,482,7.9792938232421875,16,0.16
324,16,100,188,7.9792938232421875,1,0.01
325,16,100,6,7.9792938232421875,0,0.0
326,16,100,14,7.9792938232421875,1,0.01
327,16,100,215,7.9792938232421875,0,0.0
328,16,100,51,7.9792938232421875,5,0.05
329,16,100,406,7.9792938232421875,0,0.0
330,16,100,639,7.9792938232421875,1,0.01
331,16,100,0,7.9792938232421875,0,0.0
332,16,100,34,7.9792938232421875,0,0.0
333,16,100,28,7.9792938232421875,2,0.02
334,16,100,522,7.9792938232421875,3,0.03
335,16,100,88,7.9792938232421875,2,0.02
336,16,100,26,7.9792938232421875,1,0.01
337,16,100,47,7.9792938232421875,1,0.01
338,16,100,615,7.9792938232421875,0,0.0
339,16,100,172,7.9792938232421875,0,0.0
340,16,100,63,7.9792938232421875,0,0.0
341,16,100,248,7.9792938232421875,1,0.01
342,16,100,39,7.9792938232421875,0,0.0
343,16,100,491,7.9792938232421875,2,0.02
344,16,100,21,7.9792938232421875,0,0.0
345,16,100,509,7.9792938232421875,0,0.0
346,16,100,0,7.9792938232421875,0,0.0
347,16,100,21,7.9792938232421875,2,0.02
348,16,100,26,7.9792938232421875,0,0.0
349,16,100,1,7.9792938232421875,0,0.0
350,16,100,174,7.9792938232421875,2,0.02
351,16,100,172,7.9792938232421875,1,0.01
352,16,100,65,7.9792938232421875,5,0.05
353,16,100,432,7.9792938232421875,1,0.01
354,16,100,20,7.9792938232421875,1,0.01
355,16,100,65,7.9792938232421875,2,0.02
356,16,100,55,7.9792938232421875,0,0.0
357,16,100,2497,7.9792938232421875,5,0.05
358,16,100,255,7.9792938232421875,1,0.01
359,16,100,161,7.9792938232421875,2,0.02
360,16,100,0,7.9792938232421875,0,0.0
361,16,100,3,7.9792938232421875,0,0.0
362,16,100,33,7.9792938232421875,0,0.0
363,16,100,1,7.9792938232421875,0,0.0
364,16,100,330,7.9792938232421875,0,0.0
365,16,100,0,7.9792938232421875,0,0.0
366,16,100,155,7.9792938232421875,0,0.0
367,16,100,87,7.9792938232421875,0,0.0
368,16,100,47,7.9792938232421875,0,0.0
369,16,100,2,7.9792938232421875,0,0.0
370,16,100,399,7.9792938232421875,8,0.08
371,16,100,57,7.9792938232421875,2,0.02
372,16,100,141,7.9792938232421875,2,0.02
373,16,100,52,7.9792938232421875,2,0.02
374,16,100,1492,7.9792938232421875,4,0.04
375,16,100,4,7.9792938232421875,0,0.0
376,16,100,39,7.9792938232421875,0,0.0
377,16,100,738,7.9792938232421875,4,0.04
378,16,100,427,7.9792938232421875,3,0.03
379,16,100,65,7.9792938232421875,7,0.07
380,16,100,462,7.9792938232421875,0,0.0
381,16,100,119,7.9792938232421875,0,0.0
382,16,100,50,7.9792938232421875,0,0.0
383,16,100,519,7.9792938232421875,5,0.05
384,16,100,26,7.9792938232421875,0,0.0
385,16,100,438,7.9792938232421875,2,0.02
386,16,100,146,7.9792938232421875,0,0.0
387,16,100,10,7.9792938232421875,0,0.0
388,16,100,170,7.9792938232421875,0,0.0
389,16,100,140,7.9792938232421875,1,0.01
390,16,100,0,7.9792938232421875,0,0.0
391,16,100,2,7.9792938232421875,0,0.0
392,16,100,38,7.9792938232421875,0,0.0
393,16,100,0,7.9792938232421875,0,0.0
394,16,100,420,7.9792938232421875,2,0.02
395,16,100,267,7.9792938232421875,1,0.01
396,16,100,68,7.9792938232421875,0,0.0
397,16,100,72,7.9792938232421875,1,0.01
398,16,100,1,7.9792938232421875,0,0.0
399,16,100,69,7.9792938232421875,1,0.01
400,16,100,216,7.9792938232421875,9,0.09
401,16,100,16,7.9792938232421875,0,0.0
402,16,100,65,7.9792938232421875,0,0.0
403,16,100,366,7.9792938232421875,0,0.0
404,16,100,31,7.9792938232421875,0,0.0
405,16,100,6,7.9792938232421875,0,0.0
406,16,100,38,7.9792938232421875,0,0.0
407,16,100,61,7.9792938232421875,0,0.0
408,16,100,23,7.9792938232421875,0,0.0
409,16,100,85,7.9792938232421875,2,0.02
410,16,100,279,7.9792938232421875,8,0.08
411,16,100,21,7.9792938232421875,0,0.0
412,16,100,47,7.9792938232421875,1,0.01
413,16,100,93,7.9792938232421875,0,0.0
414,16,100,71,7.9792938232421875,2,0.02
415,16,100,3,7.9792938232421875,0,0.0
416,16,100,66,7.9792938232421875,4,0.04
417,16,100,128,7.9792938232421875,1,0.01
418,16,100,1,7.9792938232421875,0,0.0
419,16,100,719,7.9792938232421875,2,0.02
420,16,100,18,7.9792938232421875,1,0.01
421,16,100,4,7.9792938232421875,0,0.0
422,16,100,613,7.9792938232421875,0,0.0
423,16,100,1,7.9792938232421875,1,0.01
424,16,100,71,7.9792938232421875,0,0.0
425,16,100,121,7.9792938232421875,0,0.0
426,16,100,194,7.9792938232421875,1,0.01
427,16,100,205,7.9792938232421875,3,0.03
428,16,100,53,7.9792938232421875,1,0.01
429,16,100,260,7.9792938232421875,5,0.05
430,16,100,550,7.9792938232421875,6,0.06
431,16,100,1482,7.9792938232421875,21,0.21
432,16,100,1712,7.9792938232421875,7,0.07
433,16,100,37,7.9792938232421875,0,0.0
434,16,100,121,7.9792938232421875,0,0.0
435,16,100,8,7.9792938232421875,0,0.0
436,16,100,94,7.9792938232421875,2,0.02
437,16,100,48,7.9792938232421875,2,0.02
438,16,100,643,7.9792938232421875,20,0.2
439,16,100,0,7.9792938232421875,0,0.0
440,16,100,50,7.9792938232421875,1,0.01
441,16,100,240,7.9792938232421875,2,0.02
442,16,100,35,7.9792938232421875,0,0.0
443,16,100,65,7.9792938232421875,2,0.02
444,16,100,112,7.9792938232421875,0,0.0
445,16,100,675,7.9792938232421875,2,0.02
446,16,100,208,7.9792938232421875,2,0.02
447,16,100,14,7.9792938232421875,1,0.01
448,16,100,229,7.9792938232421875,1,0.01
449,16,100,30,7.9792938232421875,0,0.0
450,16,100,197,7.9792938232421875,0,0.0
451,16,100,62,7.9792938232421875,2,0.02
452,16,100,21,7.9792938232421875,0,0.0
453,16,100,101,7.9792938232421875,2,0.02
454,16,100,72,7.9792938232421875,0,0.0
455,16,100,126,7.9792938232421875,12,0.12
456,16,100,220,7.9792938232421875,0,0.0
457,16,100,125,7.9792938232421875,2,0.02
458,16,100,95,7.9792938232421875,0,0.0
459,16,100,0,7.9792938232421875,0,0.0
460,16,100,235,7.9792938232421875,0,0.0
461,16,100,21,7.9792938232421875,0,0.0
462,16,100,2353,7.9792938232421875,1,0.01
463,16,100,559,7.9792938232421875,0,0.0
464,16,100,0,7.9792938232421875,0,0.0
465,16,100,161,7.9792938232421875,5,0.05
466,16,100,70,7.9792938232421875,0,0.0
467,16,100,1477,7.9792938232421875,11,0.11
468,16,100,34,7.9792938232421875,1,0.01
469,16,100,112,7.9792938232421875,2,0.02
470,16,100,81,7.9792938232421875,1,0.01
471,16,100,876,7.9792938232421875,0,0.0
472,16,100,146,7.9792938232421875,0,0.0
473,16,100,471,7.9792938232421875,4,0.04
474,16,100,711,7.9792938232421875,0,0.0
475,16,100,157,7.9792938232421875,0,0.0
476,16,100,286,7.9792938232421875,8,0.08
477,16,100,334,7.9792938232421875,10,0.1
478,16,100,389,7.9792938232421875,0,0.0
479,16,100,15,7.9792938232421875,0,0.0
480,16,100,8,7.9792938232421875,0,0.0
481,16,100,77,7.9792938232421875,0,0.0
482,16,100,26,7.9792938232421875,1,0.01
483,16,100,418,7.9792938232421875,3,0.03
484,16,100,596,7.9792938232421875,0,0.0
485,16,100,12,7.9792938232421875,0,0.0
486,16,100,252,7.9792938232421875,13,0.13
487,16,100,16,7.9792938232421875,0,0.0
488,16,100,37,7.9792938232421875,0,0.0
489,16,100,217,7.9792938232421875,2,0.02
490,16,100,108,7.9792938232421875,1,0.01
491,16,100,23,7.9792938232421875,0,0.0
492,16,100,0,7.9792938232421875,0,0.0
493,16,100,27,7.9792938232421875,2,0.02
494,16,100,106,7.9792938232421875,0,0.0
495,16,100,42,7.9792938232421875,0,0.0
496,16,100,121,7.9792938232421875,1,0.01
497,16,100,150,7.9792938232421875,1,0.01
498,16,100,228,7.9792938232421875,4,0.04
499,16,100,384,7.9792938232421875,1,0.01
500,16,100,152,7.9792938232421875,2,0.02
501,16,100,2,7.9792938232421875,0,0.0
502,16,100,23,7.9792938232421875,0,0.0
503,16,100,70,7.9792938232421875,1,0.01
504,16,100,102,7.9792938232421875,1,0.01
505,16,100,1301,7.9792938232421875,12,0.12
506,16,100,116,7.9792938232421875,5,0.05
507,16,100,27,7.9792938232421875,0,0.0
508,16,100,20,7.9792938232421875,0,0.0
509,16,100,5,7.9792938232421875,1,0.01
510,16,100,32,7.9792938232421875,1,0.01
511,16,100,295,7.9792938232421875,2,0.02
512,16,100,31,7.9792938232421875,0,0.0
513,16,100,47,7.9792938232421875,1,0.01
514,16,100,265,7.9792938232421875,2,0.02
515,16,100,555,7.9792938232421875,1,0.01
516,16,100,567,7.9792938232421875,23,0.23
517,16,100,548,7.9792938232421875,14,0.14
518,16,100,110,7.9792938232421875,1,0.01
519,16,100,67,7.9792938232421875,1,0.01
520,16,100,134,7.9792938232421875,0,0.0
521,16,100,532,7.9792938232421875,2,0.02
522,16,100,4,7.9792938232421875,1,0.01
523,16,100,152,7.9792938232421875,0,0.0
524,16,100,536,7.9792938232421875,5,0.05
525,16,100,92,7.9792938232421875,1,0.01
526,16,100,0,7.9792938232421875,0,0.0
527,16,100,58,7.9792938232421875,0,0.0
528,16,100,7,7.9792938232421875,0,0.0
529,16,100,210,7.9792938232421875,4,0.04
530,16,100,123,7.9792938232421875,0,0.0
531,16,100,11,7.9792938232421875,1,0.01
532,16,100,12,7.9792938232421875,0,0.0
533,16,100,21,7.9792938232421875,0,0.0
534,16,100,72,7.9792938232421875,0,0.0
535,16,100,1,7.9792938232421875,0,0.0
536,16,100,14,7.9792938232421875,0,0.0
537,16,100,282,7.9792938232421875,6,0.06
538,16,100,16,7.9792938232421875,0,0.0
539,16,100,4,7.9792938232421875,0,0.0
540,16,100,5,7.9792938232421875,0,0.0
541,16,100,957,7.9792938232421875,1,0.01
542,16,100,8,7.9792938232421875,1,0.01
543,16,100,3,7.9792938232421875,0,0.0
544,16,100,61,7.9792938232421875,0,0.0
545,16,100,378,7.9792938232421875,1,0.01
546,16,100,109,7.9792938232421875,1,0.01
547,16,100,278,7.9792938232421875,0,0.0
548,16,100,14,7.9792938232421875,0,0.0
549,16,100,419,7.9792938232421875,4,0.04
550,16,100,0,7.9792938232421875,0,0.0
551,16,100,49,7.9792938232421875,0,0.0
552,16,100,73,7.9792938232421875,11,0.11
553,16,100,219,7.9792938232421875,1,0.01
554,16,100,650,7.9792938232421875,4,0.04
555,16,100,409,7.9792938232421875,4,0.04
556,16,100,207,7.9792938232421875,0,0.0
557,16,100,0,7.9792938232421875,0,0.0
558,16,100,1645,7.9792938232421875,8,0.08
559,16,100,80,7.9792938232421875,0,0.0
560,16,100,2011,7.9792938232421875,1,0.01
561,16,100,1645,7.9792938232421875,3,0.03
562,16,100,157,7.9792938232421875,0,0.0
563,16,100,1473,7.9792938232421875,14,0.14
564,16,100,34,7.9792938232421875,0,0.0
565,16,100,61,7.9792938232421875,2,0.02
566,16,100,1796,7.9792938232421875,10,0.1
567,16,100,221,7.9792938232421875,0,0.0
568,16,100,266,7.9792938232421875,0,0.0
569,16,100,75,7.9792938232421875,0,0.0
570,16,100,427,7.9792938232421875,2,0.02
571,16,100,4,7.9792938232421875,0,0.0
572,16,100,38,7.9792938232421875,1,0.01
573,16,100,36,7.9792938232421875,0,0.0
574,16,100,148,7.9792938232421875,0,0.0
575,16,100,189,7.9792938232421875,0,0.0
576,16,100,25,7.9792938232421875,1,0.01
577,16,100,250,7.9792938232421875,1,0.01
578,16,100,8,7.9792938232421875,1,0.01
579,16,100,18,7.9792938232421875,0,0.0
580,16,100,949,7.9792938232421875,1,0.01
581,16,100,221,7.9792938232421875,1,0.01
582,16,100,275,7.9792938232421875,2,0.02
583,16,100,56,7.9792938232421875,0,0.0
584,16,100,283,7.9792938232421875,3,0.03
585,16,100,0,7.9792938232421875,0,0.0
586,16,100,213,7.9792938232421875,0,0.0
587,16,100,861,7.9792938232421875,1,0.01
588,16,100,97,7.9792938232421875,0,0.0
589,16,100,275,7.9792938232421875,2,0.02
590,16,100,117,7.9792938232421875,0,0.0
591,16,100,1477,7.9792938232421875,6,0.06
592,16,100,147,7.9792938232421875,2,0.02
593,16,100,443,7.9792938232421875,0,0.0
594,16,100,2011,7.9792938232421875,10,0.1
595,16,100,30,7.9792938232421875,0,0.0
596,16,100,143,7.9792938232421875,6,0.06
597,16,100,17,7.9792938232421875,0,0.0
598,16,100,43,7.9792938232421875,1,0.01
599,16,100,223,7.9792938232421875,13,0.13
600,16,100,209,7.9792938232421875,7,0.07
601,16,100,62,7.9792938232421875,6,0.06
602,16,100,69,7.9792938232421875,0,0.0
603,16,100,31,7.9792938232421875,0,0.0
604,16,100,74,7.9792938232421875,0,0.0
605,16,100,283,7.9792938232421875,0,0.0
606,16,100,851,7.9792938232421875,4,0.04
607,16,100,15,7.9792938232421875,0,0.0
608,16,100,2,7.9792938232421875,0,0.0
609,16,100,345,7.9792938232421875,7,0.07
610,16,100,82,7.9792938232421875,3,0.03
611,16,100,225,7.9792938232421875,7,0.07
612,16,100,11,7.9792938232421875,0,0.0
613,16,100,51,7.9792938232421875,0,0.0
614,16,100,74,7.9792938232421875,0,0.0
615,16,100,259,7.9792938232421875,0,0.0
616,16,100,1469,7.9792938232421875,4,0.04
617,16,100,182,7.9792938232421875,1,0.01
618,16,100,416,7.9792938232421875,5,0.05
619,16,100,161,7.9792938232421875,0,0.0
620,16,100,3,7.9792938232421875,0,0.0
621,16,100,19,7.9792938232421875,4,0.04
622,16,100,582,7.9792938232421875,2,0.02
623,16,100,145,7.9792938232421875,1,0.01
624,16,100,188,7.9792938232421875,3,0.03
625,16,100,42,7.9792938232421875,0,0.0
626,16,100,1254,7.9792938232421875,3,0.03
627,16,100,0,7.9792938232421875,0,0.0
628,16,100,59,7.9792938232421875,0,0.0
629,16,100,610,7.9792938232421875,1,0.01
630,16,100,556,7.9792938232421875,4,0.04
631,16,100,7,7.9792938232421875,0,0.0
632,16,100,1,7.9792938232421875,1,0.01
633,16,100,21,7.9792938232421875,1,0.01
634,16,100,206,7.9792938232421875,3,0.03
635,16,100,416,7.9792938232421875,7,0.07
636,16,100,84,7.9792938232421875,0,0.0
637,16,100,103,7.9792938232421875,0,0.0
638,16,100,3,7.9792938232421875,0,0.0
639,16,100,9,7.9792938232421875,0,0.0
640,16,100,14,7.9792938232421875,2,0.02
641,16,100,645,7.9792938232421875,0,0.0
642,16,100,18,7.9792938232421875,0,0.0
643,16,100,9,7.9792938232421875,0,0.0
644,16,100,145,7.9792938232421875,1,0.01
645,16,100,1,7.9792938232421875,0,0.0
646,16,100,97,7.9792938232421875,2,0.02
647,16,100,711,7.9792938232421875,0,0.0
648,16,100,0,7.9792938232421875,0,0.0
649,16,100,2,7.9792938232421875,0,0.0
650,16,100,675,7.9792938232421875,3,0.03
651,16,100,0,7.9792938232421875,0,0.0
652,16,100,711,7.9792938232421875,4,0.04
653,16,100,199,7.9792938232421875,0,0.0
654,16,100,7,7.9792938232421875,1,0.01
655,16,100,66,7.9792938232421875,1,0.01
656,16,100,684,7.9792938232421875,22,0.22
657,16,100,35,7.9792938232421875,0,0.0
658,16,100,539,7.9792938232421875,3,0.03
659,16,100,824,7.9792938232421875,3,0.03
660,16,100,47,7.9792938232421875,0,0.0
661,16,100,66,7.9792938232421875,0,0.0
662,16,100,163,7.9792938232421875,1,0.01
663,16,100,619,7.9792938232421875,1,0.01
664,16,100,37,7.9792938232421875,2,0.02
665,16,100,155,7.9792938232421875,1,0.01
666,16,100,1,7.9792938232421875,0,0.0
667,16,100,5,7.9792938232421875,0,0.0
668,16,100,98,7.9792938232421875,3,0.03
669,16,100,160,7.9792938232421875,5,0.05
670,16,100,52,7.9792938232421875,0,0.0
671,16,100,91,7.9792938232421875,6,0.06
672,16,100,187,7.9792938232421875,1,0.01
673,16,100,97,7.9792938232421875,4,0.04
674,16,100,5,7.9792938232421875,2,0.02
675,16,100,44,7.9792938232421875,0,0.0
676,16,100,27,7.9792938232421875,0,0.0
677,16,100,251,7.9792938232421875,4,0.04
678,16,100,117,7.9792938232421875,5,0.05
679,16,100,0,7.9792938232421875,0,0.0
680,16,100,226,7.9792938232421875,1,0.01
681,16,100,5,7.9792938232421875,1,0.01
682,16,100,67,7.9792938232421875,1,0.01
683,16,100,75,7.9792938232421875,7,0.07
684,16,100,81,7.9792938232421875,0,0.0
685,16,100,106,7.9792938232421875,2,0.02
686,16,100,386,7.9792938232421875,1,0.01
687,16,100,0,7.9792938232421875,0,0.0
688,16,100,140,7.9792938232421875,1,0.01
689,16,100,2330,7.9792938232421875,3,0.03
690,16,100,52,7.9792938232421875,0,0.0
691,16,100,207,7.9792938232421875,3,0.03
692,16,100,126,7.9792938232421875,0,0.0
693,16,100,8,7.9792938232421875,0,0.0
694,16,100,196,7.9792938232421875,4,0.04
695,16,100,105,7.9792938232421875,0,0.0
696,16,100,51,7.9792938232421875,0,0.0
697,16,100,0,7.9792938232421875,0,0.0
698,16,100,378,7.9792938232421875,0,0.0
699,16,100,603,7.9792938232421875,4,0.04
700,16,100,3,7.9792938232421875,0,0.0
701,16,100,4,7.9792938232421875,0,0.0
702,16,100,1011,7.9792938232421875,1,0.01
703,16,100,257,7.9792938232421875,0,0.0
704,16,100,0,7.9792938232421875,0,0.0
705,16,100,57,7.9792938232421875,0,0.0
706,16,100,7,7.9792938232421875,0,0.0
707,16,100,0,7.9792938232421875,0,0.0
708,16,100,414,7.9792938232421875,17,0.17
709,16,100,25,7.9792938232421875,0,0.0
710,16,100,1882,7.9792938232421875,2,0.02
711,16,100,720,7.9792938232421875,4,0.04
712,16,100,219,7.9792938232421875,1,0.01
713,16,100,120,7.9792938232421875,8,0.08
714,16,100,44,7.9792938232421875,0,0.0
715,16,100,1040,7.9792938232421875,3,0.03
716,16,100,119,7.9792938232421875,0,0.0
717,16,100,70,7.9792938232421875,0,0.0
718,16,100,161,7.9792938232421875,1,0.01
719,16,100,690,7.9792938232421875,1,0.01
720,16,100,912,7.9792938232421875,2,0.02
721,16,100,22,7.9792938232421875,3,0.03
722,16,100,44,7.9792938232421875,2,0.02
723,16,100,21,7.9792938232421875,0,0.0
724,16,100,263,7.9792938232421875,0,0.0
725,16,100,334,7.9792938232421875,0,0.0
726,16,100,684,7.9792938232421875,1,0.01
727,16,100,5,7.9792938232421875,0,0.0
728,16,100,160,7.9792938232421875,0,0.0
729,16,100,148,7.9792938232421875,2,0.02
730,16,100,399,7.9792938232421875,3,0.03
731,16,100,19,7.9792938232421875,0,0.0
732,16,100,590,7.9792938232421875,6,0.06
733,16,100,190,7.9792938232421875,5,0.05
734,16,100,0,7.9792938232421875,0,0.0
735,16,100,61,7.9792938232421875,0,0.0
736,16,100,64,7.9792938232421875,1,0.01
737,16,100,9,7.9792938232421875,2,0.02
738,16,100,482,7.9792938232421875,0,0.0
739,16,100,418,7.9792938232421875,2,0.02
740,16,100,116,7.9792938232421875,2,0.02
741,16,100,145,7.9792938232421875,0,0.0
742,16,100,0,7.9792938232421875,0,0.0
743,16,100,101,7.9792938232421875,2,0.02
744,16,100,1823,7.9792938232421875,2,0.02
745,16,100,60,7.9792938232421875,1,0.01
746,16,100,1374,7.9792938232421875,8,0.08
747,16,100,212,7.9792938232421875,3,0.03
748,16,100,0,7.9792938232421875,0,0.0
749,16,100,93,7.9792938232421875,2,0.02
750,16,100,4,7.9792938232421875,0,0.0
751,16,100,7,7.9792938232421875,1,0.01
752,16,100,1977,7.9792938232421875,14,0.14
753,16,100,68,7.9792938232421875,0,0.0
754,16,100,613,7.9792938232421875,12,0.12
755,16,100,80,7.9792938232421875,0,0.0
756,16,100,58,7.9792938232421875,5,0.05
757,16,100,206,7.9792938232421875,6,0.06
758,16,100,16,7.9792938232421875,0,0.0
759,16,100,0,7.9792938232421875,0,0.0
760,16,100,574,7.9792938232421875,9,0.09
761,16,100,377,7.9792938232421875,3,0.03
762,16,100,10,7.9792938232421875,0,0.0
763,16,100,109,7.9792938232421875,0,0.0
764,16,100,1977,7.9792938232421875,6,0.06
765,16,100,55,7.9792938232421875,0,0.0
766,16,100,671,7.9792938232421875,1,0.01
767,16,100,204,7.9792938232421875,1,0.01
768,16,100,416,7.9792938232421875,3,0.03
769,16,100,8,7.9792938232421875,1,0.01
770,16,100,81,7.9792938232421875,0,0.0
771,16,100,248,7.9792938232421875,5,0.05
772,16,100,10,7.9792938232421875,0,0.0
773,16,100,56,7.9792938232421875,0,0.0
774,16,100,2,7.9792938232421875,0,0.0
775,16,100,146,7.9792938232421875,0,0.0
776,16,100,399,7.9792938232421875,0,0.0
777,16,100,21,7.9792938232421875,0,0.0
778,16,100,33,7.9792938232421875,0,0.0
779,16,100,149,7.9792938232421875,1,0.01
780,16,100,1900,7.9792938232421875,5,0.05
781,16,100,295,7.9792938232421875,3,0.03
782,16,100,174,7.9792938232421875,3,0.03
783,16,100,27,7.9792938232421875,0,0.0
784,16,100,563,7.9792938232421875,10,0.1
785,16,100,130,7.9792938232421875,1,0.01
786,16,100,496,7.9792938232421875,2,0.02
787,16,100,48,7.9792938232421875,0,0.0
788,16,100,114,7.9792938232421875,2,0.02
789,16,100,19,7.9792938232421875,0,0.0
790,16,100,39,7.9792938232421875,0,0.0
791,16,100,146,7.9792938232421875,0,0.0
792,16,100,220,7.9792938232421875,0,0.0
793,16,100,26,7.9792938232421875,1,0.01
794,16,100,21,7.9792938232421875,1,0.01
795,16,100,30,7.9792938232421875,0,0.0
796,16,100,93,7.9792938232421875,1,0.01
797,16,100,555,7.9792938232421875,1,0.01
798,16,100,140,7.9792938232421875,0,0.0
799,16,100,193,7.9792938232421875,4,0.04
800,16,100,1166,7.9792938232421875,9,0.09
801,16,100,631,7.9792938232421875,6,0.06
802,16,100,711,7.9792938232421875,7,0.07
803,16,100,419,7.9792938232421875,8,0.08
804,16,100,278,7.9792938232421875,0,0.0
805,16,100,701,7.9792938232421875,4,0.04
806,16,100,43,7.9792938232421875,1,0.01
807,16,100,235,7.9792938232421875,0,0.0
808,16,100,95,7.9792938232421875,0,0.0
809,16,100,53,7.9792938232421875,8,0.08
810,16,100,368,7.9792938232421875,3,0.03
811,16,100,720,7.9792938232421875,1,0.01
812,16,100,590,7.9792938232421875,7,0.07
813,16,100,449,7.9792938232421875,13,0.13
814,16,100,334,7.9792938232421875,0,0.0
815,16,100,35,7.9792938232421875,0,0.0
816,16,100,2353,7.9792938232421875,6,0.06
817,16,100,165,7.9792938232421875,0,0.0
818,16,100,532,7.9792938232421875,3,0.03
819,16,100,31,7.9792938232421875,0,0.0
820,16,100,19,7.9792938232421875,0,0.0
821,16,100,72,7.9792938232421875,1,0.01
822,16,100,8,7.9792938232421875,0,0.0
823,16,100,1328,7.9792938232421875,7,0.07
824,16,100,209,7.9792938232421875,2,0.02
825,16,100,34,7.9792938232421875,0,0.0
826,16,100,7,7.9792938232421875,0,0.0
827,16,100,804,7.9792938232421875,0,0.0
828,16,100,50,7.9792938232421875,6,0.06
829,16,100,130,7.9792938232421875,0,0.0
830,16,100,365,7.9792938232421875,8,0.08
831,16,100,346,7.9792938232421875,0,0.0
832,16,100,0,7.9792938232421875,0,0.0
833,16,100,3,7.9792938232421875,0,0.0
834,16,100,174,7.9792938232421875,0,0.0
835,16,100,81,7.9792938232421875,0,0.0
836,16,100,94,7.9792938232421875,9,0.09
837,16,100,701,7.9792938232421875,5,0.05
838,16,100,129,7.9792938232421875,11,0.11
839,16,100,123,7.9792938232421875,5,0.05
840,16,100,2,7.9792938232421875,0,0.0
841,16,100,81,7.9792938232421875,1,0.01
842,16,100,65,7.9792938232421875,0,0.0
843,16,100,28,7.9792938232421875,1,0.01
844,16,100,30,7.9792938232421875,2,0.02
845,16,100,78,7.9792938232421875,0,0.0
846,16,100,500,7.9792938232421875,1,0.01
847,16,100,295,7.9792938232421875,1,0.01
848,16,100,66,7.9792938232421875,0,0.0
849,16,100,16,7.9792938232421875,0,0.0
850,16,100,554,7.9792938232421875,1,0.01
851,16,100,82,7.9792938232421875,3,0.03
852,16,100,117,7.9792938232421875,0,0.0
853,16,100,1321,7.9792938232421875,12,0.12
854,16,100,204,7.9792938232421875,13,0.13
855,16,100,292,7.9792938232421875,2,0.02
856,16,100,1332,7.9792938232421875,4,0.04
857,16,100,0,7.9792938232421875,0,0.0
858,16,100,175,7.9792938232421875,0,0.0
859,16,100,136,7.9792938232421875,1,0.01
860,16,100,30,7.9792938232421875,2,0.02
861,16,100,151,7.9792938232421875,0,0.0
862,16,100,554,7.9792938232421875,18,0.18
863,16,100,727,7.9792938232421875,5,0.05
864,16,100,2,7.9792938232421875,0,0.0
865,16,100,0,7.9792938232421875,0,0.0
866,16,100,2,7.9792938232421875,0,0.0
867,16,100,155,7.9792938232421875,0,0.0
868,16,100,1,7.9792938232421875,0,0.0
869,16,100,14,7.9792938232421875,1,0.01
870,16,100,42,7.9792938232421875,8,0.08
871,16,100,10,7.9792938232421875,1,0.01
872,16,100,49,7.9792938232421875,5,0.05
873,16,100,1339,7.9792938232421875,3,0.03
874,16,100,397,7.9792938232421875,2,0.02
875,16,100,248,7.9792938232421875,2,0.02
876,16,100,146,7.9792938232421875,4,0.04
877,16,100,20,7.9792938232421875,0,0.0
878,16,100,1,7.9792938232421875,0,0.0
879,16,100,34,7.9792938232421875,0,0.0
880,16,100,87,7.9792938232421875,2,0.02
881,16,100,299,7.9792938232421875,3,0.03
882,16,100,224,7.9792938232421875,2,0.02
883,16,100,68,7.9792938232421875,0,0.0
884,16,100,54,7.9792938232421875,0,0.0
885,16,100,643,7.9792938232421875,1,0.01
886,16,100,216,7.9792938232421875,5,0.05
887,16,100,15,7.9792938232421875,0,0.0
888,16,100,0,7.9792938232421875,0,0.0
889,16,100,328,7.9792938232421875,2,0.02
890,16,100,23,7.9792938232421875,0,0.0
891,16,100,38,7.9792938232421875,0,0.0
892,16,100,50,7.9792938232421875,0,0.0
893,16,100,103,7.9792938232421875,0,0.0
894,16,100,606,7.9792938232421875,8,0.08
895,16,100,110,7.9792938232421875,0,0.0
896,16,100,114,7.9792938232421875,5,0.05
897,16,100,626,7.9792938232421875,1,0.01
898,16,100,292,7.9792938232421875,1,0.01
899,16,100,55,7.9792938232421875,1,0.01
900,16,100,2,7.9792938232421875,0,0.0
901,16,100,176,7.9792938232421875,5,0.05
902,16,100,4,7.9792938232421875,1,0.01
903,16,100,347,7.9792938232421875,6,0.06
904,16,100,0,7.9792938232421875,0,0.0
905,16,100,152,7.9792938232421875,1,0.01
906,16,100,30,7.9792938232421875,0,0.0
907,16,100,53,7.9792938232421875,0,0.0
908,16,100,149,7.9792938232421875,8,0.08
909,16,100,109,7.9792938232421875,3,0.03
910,16,100,460,7.9792938232421875,17,0.17
911,16,100,126,7.9792938232421875,3,0.03
912,16,100,75,7.9792938232421875,0,0.0
913,16,100,53,7.9792938232421875,1,0.01
914,16,100,1018,7.9792938232421875,5,0.05
915,16,100,175,7.9792938232421875,1,0.01
916,16,100,705,7.9792938232421875,3,0.03
917,16,100,157,7.9792938232421875,0,0.0
918,16,100,146,7.9792938232421875,5,0.05
919,16,100,270,7.9792938232421875,0,0.0
920,16,100,590,7.9792938232421875,1,0.01
921,16,100,2121,7.9792938232421875,2,0.02
922,16,100,393,7.9792938232421875,1,0.01
923,16,100,155,7.9792938232421875,0,0.0
924,16,100,550,7.9792938232421875,0,0.0
925,16,100,60,7.9792938232421875,5,0.05
926,16,100,589,7.9792938232421875,6,0.06
927,16,100,405,7.9792938232421875,4,0.04
928,16,100,68,7.9792938232421875,0,0.0
929,16,100,646,7.9792938232421875,0,0.0
930,16,100,179,7.9792938232421875,1,0.01
931,16,100,65,7.9792938232421875,0,0.0
932,16,100,82,7.9792938232421875,0,0.0
933,16,100,548,7.9792938232421875,2,0.02
934,16,100,110,7.9792938232421875,0,0.0
935,16,100,556,7.9792938232421875,1,0.01
936,16,100,4,7.9792938232421875,0,0.0
937,16,100,456,7.9792938232421875,1,0.01
938,16,100,74,7.9792938232421875,0,0.0
939,16,100,104,7.9792938232421875,0,0.0
940,16,100,140,7.9792938232421875,9,0.09
941,16,100,18,7.9792938232421875,0,0.0
942,16,100,121,7.9792938232421875,0,0.0
943,16,100,90,7.9792938232421875,6,0.06
944,16,100,283,7.9792938232421875,4,0.04
945,16,100,191,7.9792938232421875,0,0.0
946,16,100,155,7.9792938232421875,1,0.01
947,16,100,10,7.9792938232421875,1,0.01
948,16,100,36,7.9792938232421875,2,0.02
949,16,100,0,7.9792938232421875,0,0.0
950,16,100,34,7.9792938232421875,12,0.12
951,16,100,57,7.9792938232421875,1,0.01
952,16,100,1061,7.9792938232421875,2,0.02
953,16,100,185,7.9792938232421875,0,0.0
954,16,100,0,7.9792938232421875,0,0.0
955,16,100,174,7.9792938232421875,2,0.02
956,16,100,44,7.9792938232421875,5,0.05
957,16,100,427,7.9792938232421875,1,0.01
958,16,100,275,7.9792938232421875,4,0.04
959,16,100,64,7.9792938232421875,0,0.0
960,16,100,1,7.9792938232421875,0,0.0
961,16,100,206,7.9792938232421875,2,0.02
962,16,100,39,7.9792938232421875,0,0.0
963,16,100,72,7.9792938232421875,1,0.01
964,16,100,337,7.9792938232421875,4,0.04
965,16,100,125,7.9792938232421875,5,0.05
966,16,100,1166,7.9792938232421875,28,0.28
967,16,100,20,7.9792938232421875,1,0.01
968,16,100,445,7.9792938232421875,1,0.01
969,16,100,189,7.9792938232421875,3,0.03
970,16,100,7,7.9792938232421875,0,0.0
971,16,100,573,7.9792938232421875,2,0.02
972,16,100,95,7.9792938232421875,1,0.01
973,16,100,0,7.9792938232421875,0,0.0
974,16,100,34,7.9792938232421875,1,0.01
975,16,100,291,7.9792938232421875,0,0.0
976,16,100,7,7.9792938232421875,0,0.0
977,16,100,574,7.9792938232421875,2,0.02
978,16,100,243,7.9792938232421875,3,0.03
979,16,100,47,7.9792938232421875,1,0.01
980,16,100,2,7.9792938232421875,1,0.01
981,16,100,606,7.9792938232421875,3,0.03
982,16,100,1061,7.9792938232421875,3,0.03
983,16,100,0,7.9792938232421875,0,0.0
984,16,100,863,7.9792938232421875,3,0.03
985,16,100,63,7.9792938232421875,0,0.0
986,16,100,206,7.9792938232421875,0,0.0
987,16,100,151,7.9792938232421875,5,0.05
988,16,100,53,7.9792938232421875,0,0.0
989,16,100,0,7.9792938232421875,0,0.0
990,16,100,137,7.9792938232421875,5,0.05
991,16,100,121,7.9792938232421875,2,0.02
992,16,100,914,7.9792938232421875,23,0.23
993,16,100,257,7.9792938232421875,4,0.04
994,16,100,1061,7.9792938232421875,1,0.01
995,16,100,9,7.9792938232421875,0,0.0
996,16,100,309,7.9792938232421875,9,0.09
997,16,100,198,7.9792938232421875,0,0.0
998,16,100,4,7.9792938232421875,0,0.0
999,16,100,216,7.9792938232421875,0,0.0
0,32,1,0,0.0001217543613165617,0,0.0
1,32,1,0,0.0001217543613165617,0,0.0
2,32,1,0,0.0001217543613165617,0,0.0
3,32,1,0,0.0001217543613165617,0,0.0
4,32,1,0,0.0001217543613165617,0,0.0
5,32,1,0,0.0001217543613165617,0,0.0
6,32,1,0,0.0001217543613165617,0,0.0
7,32,1,0,0.0001217543613165617,0,0.0
8,32,1,0,0.0001217543613165617,0,0.0
9,32,1,0,0.0001217543613165617,0,0.0
10,32,1,0,0.0001217543613165617,0,0.0
11,32,1,0,0.0001217543613165617,0,0.0
12,32,1,0,0.0001217543613165617,0,0.0
13,32,1,0,0.0001217543613165617,0,0.0
14,32,1,0,0.0001217543613165617,0,0.0
15,32,1,0,0.0001217543613165617,0,0.0
16,32,1,0,0.0001217543613165617,0,0.0
17,32,1,0,0.0001217543613165617,0,0.0
18,32,1,0,0.0001217543613165617,0,0.0
19,32,1,1,0.0001217543613165617,0,0.0
20,32,1,0,0.0001217543613165617,0,0.0
21,32,1,3,0.0001217543613165617,0,0.0
22,32,1,0,0.0001217543613165617,0,0.0
23,32,1,0,0.0001217543613165617,0,0.0
24,32,1,0,0.0001217543613165617,0,0.0
25,32,1,0,0.0001217543613165617,0,0.0
26,32,1,0,0.0001217543613165617,0,0.0
27,32,1,0,0.0001217543613165617,0,0.0
28,32,1,0,0.0001217543613165617,0,0.0
29,32,1,0,0.0001217543613165617,0,0.0
30,32,1,1,0.0001217543613165617,0,0.0
31,32,1,0,0.0001217543613165617,0,0.0
32,32,1,0,0.0001217543613165617,0,0.0
33,32,1,0,0.0001217543613165617,0,0.0
34,32,1,0,0.0001217543613165617,0,0.0
35,32,1,0,0.0001217543613165617,0,0.0
36,32,1,0,0.0001217543613165617,0,0.0
37,32,1,0,0.0001217543613165617,0,0.0
38,32,1,0,0.0001217543613165617,0,0.0
39,32,1,0,0.0001217543613165617,0,0.0
40,32,1,0,0.0001217543613165617,0,0.0
41,32,1,0,0.0001217543613165617,0,0.0
42,32,1,0,0.0001217543613165617,0,0.0
43,32,1,0,0.0001217543613165617,0,0.0
44,32,1,0,0.0001217543613165617,0,0.0
45,32,1,0,0.0001217543613165617,0,0.0
46,32,1,0,0.0001217543613165617,0,0.0
47,32,1,0,0.0001217543613165617,0,0.0
48,32,1,0,0.0001217543613165617,0,0.0
49,32,1,1,0.0001217543613165617,0,0.0
50,32,1,0,0.0001217543613165617,0,0.0
51,32,1,0,0.0001217543613165617,0,0.0
52,32,1,0,0.0001217543613165617,0,0.0
53,32,1,1,0.0001217543613165617,0,0.0
54,32,1,0,0.0001217543613165617,0,0.0
55,32,1,0,0.0001217543613165617,0,0.0
56,32,1,0,0.0001217543613165617,0,0.0
57,32,1,1,0.0001217543613165617,0,0.0
58,32,1,0,0.0001217543613165617,0,0.0
59,32,1,0,0.0001217543613165617,0,0.0
60,32,1,0,0.0001217543613165617,0,0.0
61,32,1,0,0.0001217543613165617,0,0.0
62,32,1,2,0.0001217543613165617,0,0.0
63,32,1,0,0.0001217543613165617,0,0.0
64,32,1,0,0.0001217543613165617,0,0.0
65,32,1,0,0.0001217543613165617,0,0.0
66,32,1,0,0.0001217543613165617,0,0.0
67,32,1,0,0.0001217543613165617,0,0.0
68,32,1,3,0.0001217543613165617,0,0.0
69,32,1,0,0.0001217543613165617,0,0.0
70,32,1,0,0.0001217543613165617,0,0.0
71,32,1,0,0.0001217543613165617,0,0.0
72,32,1,0,0.0001217543613165617,0,0.0
73,32,1,0,0.0001217543613165617,0,0.0
74,32,1,0,0.0001217543613165617,0,0.0
75,32,1,0,0.0001217543613165617,0,0.0
76,32,1,0,0.0001217543613165617,0,0.0
77,32,1,0,0.0001217543613165617,0,0.0
78,32,1,0,0.0001217543613165617,0,0.0
79,32,1,0,0.0001217543613165617,0,0.0
80,32,1,0,0.0001217543613165617,0,0.0
81,32,1,0,0.0001217543613165617,0,0.0
82,32,1,0,0.0001217543613165617,0,0.0
83,32,1,0,0.0001217543613165617,0,0.0
84,32,1,0,0.0001217543613165617,0,0.0
85,32,1,5,0.0001217543613165617,0,0.0
86,32,1,1,0.0001217543613165617,0,0.0
87,32,1,0,0.0001217543613165617,0,0.0
88,32,1,0,0.0001217543613165617,0,0.0
89,32,1,0,0.0001217543613165617,0,0.0
90,32,1,13,0.0001217543613165617,0,0.0
91,32,1,0,0.0001217543613165617,0,0.0
92,32,1,0,0.0001217543613165617,0,0.0
93,32,1,0,0.0001217543613165617,0,0.0
94,32,1,0,0.0001217543613165617,0,0.0
95,32,1,0,0.0001217543613165617,0,0.0
96,32,1,0,0.0001217543613165617,0,0.0
97,32,1,0,0.0001217543613165617,0,0.0
98,32,1,0,0.0001217543613165617,0,0.0
99,32,1,0,0.0001217543613165617,0,0.0
100,32,1,1,0.0001217543613165617,0,0.0
101,32,1,0,0.0001217543613165617,0,0.0
102,32,1,0,0.0001217543613165617,0,0.0
103,32,1,0,0.0001217543613165617,0,0.0
104,32,1,0,0.0001217543613165617,0,0.0
105,32,1,0,0.0001217543613165617,0,0.0
106,32,1,0,0.0001217543613165617,0,0.0
107,32,1,0,0.0001217543613165617,0,0.0
108,32,1,0,0.0001217543613165617,0,0.0
109,32,1,0,0.0001217543613165617,0,0.0
110,32,1,0,0.0001217543613165617,0,0.0
111,32,1,0,0.0001217543613165617,0,0.0
112,32,1,0,0.0001217543613165617,0,0.0
113,32,1,0,0.0001217543613165617,0,0.0
114,32,1,0,0.0001217543613165617,0,0.0
115,32,1,0,0.0001217543613165617,0,0.0
116,32,1,0,0.0001217543613165617,0,0.0
117,32,1,1,0.0001217543613165617,0,0.0
118,32,1,0,0.0001217543613165617,0,0.0
119,32,1,0,0.0001217543613165617,0,0.0
120,32,1,1,0.0001217543613165617,1,1.0
121,32,1,0,0.0001217543613165617,0,0.0
122,32,1,0,0.0001217543613165617,0,0.0
123,32,1,0,0.0001217543613165617,0,0.0
124,32,1,0,0.0001217543613165617,0,0.0
125,32,1,0,0.0001217543613165617,0,0.0
126,32,1,0,0.0001217543613165617,0,0.0
127,32,1,3,0.0001217543613165617,0,0.0
128,32,1,0,0.0001217543613165617,0,0.0
129,32,1,0,0.0001217543613165617,0,0.0
130,32,1,0,0.0001217543613165617,0,0.0
131,32,1,0,0.0001217543613165617,0,0.0
132,32,1,0,0.0001217543613165617,0,0.0
133,32,1,0,0.0001217543613165617,0,0.0
134,32,1,0,0.0001217543613165617,0,0.0
135,32,1,0,0.0001217543613165617,0,0.0
136,32,1,0,0.0001217543613165617,0,0.0
137,32,1,0,0.0001217543613165617,0,0.0
138,32,1,1,0.0001217543613165617,0,0.0
139,32,1,0,0.0001217543613165617,0,0.0
140,32,1,0,0.0001217543613165617,0,0.0
141,32,1,0,0.0001217543613165617,0,0.0
142,32,1,0,0.0001217543613165617,0,0.0
143,32,1,0,0.0001217543613165617,0,0.0
144,32,1,0,0.0001217543613165617,0,0.0
145,32,1,0,0.0001217543613165617,0,0.0
146,32,1,0,0.0001217543613165617,0,0.0
147,32,1,0,0.0001217543613165617,0,0.0
148,32,1,0,0.0001217543613165617,0,0.0
149,32,1,0,0.0001217543613165617,0,0.0
150,32,1,0,0.0001217543613165617,0,0.0
151,32,1,0,0.0001217543613165617,0,0.0
152,32,1,0,0.0001217543613165617,0,0.0
153,32,1,0,0.0001217543613165617,0,0.0
154,32,1,0,0.0001217543613165617,0,0.0
155,32,1,0,0.0001217543613165617,0,0.0
156,32,1,0,0.0001217543613165617,0,0.0
157,32,1,0,0.0001217543613165617,0,0.0
158,32,1,0,0.0001217543613165617,0,0.0
159,32,1,0,0.0001217543613165617,0,0.0
160,32,1,0,0.0001217543613165617,0,0.0
161,32,1,0,0.0001217543613165617,0,0.0
162,32,1,0,0.0001217543613165617,0,0.0
163,32,1,0,0.0001217543613165617,0,0.0
164,32,1,0,0.0001217543613165617,0,0.0
165,32,1,0,0.0001217543613165617,0,0.0
166,32,1,0,0.0001217543613165617,0,0.0
167,32,1,0,0.0001217543613165617,0,0.0
168,32,1,0,0.0001217543613165617,0,0.0
169,32,1,0,0.0001217543613165617,0,0.0
170,32,1,0,0.0001217543613165617,0,0.0
171,32,1,0,0.0001217543613165617,0,0.0
172,32,1,0,0.0001217543613165617,0,0.0
173,32,1,1,0.0001217543613165617,0,0.0
174,32,1,0,0.0001217543613165617,0,0.0
175,32,1,0,0.0001217543613165617,0,0.0
176,32,1,0,0.0001217543613165617,0,0.0
177,32,1,0,0.0001217543613165617,0,0.0
178,32,1,0,0.0001217543613165617,0,0.0
179,32,1,0,0.0001217543613165617,0,0.0
180,32,1,0,0.0001217543613165617,0,0.0
181,32,1,0,0.0001217543613165617,0,0.0
182,32,1,0,0.0001217543613165617,0,0.0
183,32,1,0,0.0001217543613165617,0,0.0
184,32,1,0,0.0001217543613165617,0,0.0
185,32,1,0,0.0001217543613165617,0,0.0
186,32,1,0,0.0001217543613165617,0,0.0
187,32,1,0,0.0001217543613165617,0,0.0
188,32,1,0,0.0001217543613165617,0,0.0
189,32,1,0,0.0001217543613165617,0,0.0
190,32,1,1,0.0001217543613165617,0,0.0
191,32,1,0,0.0001217543613165617,0,0.0
192,32,1,0,0.0001217543613165617,0,0.0
193,32,1,0,0.0001217543613165617,0,0.0
194,32,1,0,0.0001217543613165617,0,0.0
195,32,1,0,0.0001217543613165617,0,0.0
196,32,1,0,0.0001217543613165617,0,0.0
197,32,1,0,0.0001217543613165617,0,0.0
198,32,1,0,0.0001217543613165617,0,0.0
199,32,1,0,0.0001217543613165617,0,0.0
200,32,1,0,0.0001217543613165617,0,0.0
201,32,1,0,0.0001217543613165617,0,0.0
202,32,1,0,0.0001217543613165617,0,0.0
203,32,1,0,0.0001217543613165617,0,0.0
204,32,1,0,0.0001217543613165617,0,0.0
205,32,1,0,0.0001217543613165617,0,0.0
206,32,1,0,0.0001217543613165617,0,0.0
207,32,1,0,0.0001217543613165617,0,0.0
208,32,1,0,0.0001217543613165617,0,0.0
209,32,1,0,0.0001217543613165617,0,0.0
210,32,1,2,0.0001217543613165617,0,0.0
211,32,1,0,0.0001217543613165617,0,0.0
212,32,1,0,0.0001217543613165617,0,0.0
213,32,1,0,0.0001217543613165617,0,0.0
214,32,1,0,0.0001217543613165617,0,0.0
215,32,1,0,0.0001217543613165617,0,0.0
216,32,1,0,0.0001217543613165617,0,0.0
217,32,1,0,0.0001217543613165617,0,0.0
218,32,1,1,0.0001217543613165617,0,0.0
219,32,1,0,0.0001217543613165617,0,0.0
220,32,1,0,0.0001217543613165617,0,0.0
221,32,1,0,0.0001217543613165617,0,0.0
222,32,1,0,0.0001217543613165617,0,0.0
223,32,1,0,0.0001217543613165617,0,0.0
224,32,1,0,0.0001217543613165617,0,0.0
225,32,1,0,0.0001217543613165617,0,0.0
226,32,1,0,0.0001217543613165617,0,0.0
227,32,1,0,0.0001217543613165617,0,0.0
228,32,1,0,0.0001217543613165617,0,0.0
229,32,1,0,0.0001217543613165617,0,0.0
230,32,1,0,0.0001217543613165617,0,0.0
231,32,1,0,0.0001217543613165617,0,0.0
232,32,1,1,0.0001217543613165617,0,0.0
233,32,1,0,0.0001217543613165617,0,0.0
234,32,1,0,0.0001217543613165617,0,0.0
235,32,1,0,0.0001217543613165617,0,0.0
236,32,1,0,0.0001217543613165617,0,0.0
237,32,1,0,0.0001217543613165617,0,0.0
238,32,1,0,0.0001217543613165617,0,0.0
239,32,1,0,0.0001217543613165617,0,0.0
240,32,1,0,0.0001217543613165617,0,0.0
241,32,1,0,0.0001217543613165617,0,0.0
242,32,1,0,0.0001217543613165617,0,0.0
243,32,1,0,0.0001217543613165617,0,0.0
244,32,1,0,0.0001217543613165617,0,0.0
245,32,1,0,0.0001217543613165617,0,0.0
246,32,1,1,0.0001217543613165617,0,0.0
247,32,1,1,0.0001217543613165617,1,1.0
248,32,1,0,0.0001217543613165617,0,0.0
249,32,1,0,0.0001217543613165617,0,0.0
250,32,1,4,0.0001217543613165617,0,0.0
251,32,1,0,0.0001217543613165617,0,0.0
252,32,1,0,0.0001217543613165617,0,0.0
253,32,1,0,0.0001217543613165617,0,0.0
254,32,1,0,0.0001217543613165617,0,0.0
255,32,1,0,0.0001217543613165617,0,0.0
256,32,1,0,0.0001217543613165617,0,0.0
257,32,1,0,0.0001217543613165617,0,0.0
258,32,1,0,0.0001217543613165617,0,0.0
259,32,1,0,0.0001217543613165617,0,0.0
260,32,1,0,0.0001217543613165617,0,0.0
261,32,1,0,0.0001217543613165617,0,0.0
262,32,1,0,0.0001217543613165617,0,0.0
263,32,1,0,0.0001217543613165617,0,0.0
264,32,1,0,0.0001217543613165617,0,0.0
265,32,1,0,0.0001217543613165617,0,0.0
266,32,1,0,0.0001217543613165617,0,0.0
267,32,1,0,0.0001217543613165617,0,0.0
268,32,1,0,0.0001217543613165617,0,0.0
269,32,1,0,0.0001217543613165617,0,0.0
270,32,1,0,0.0001217543613165617,0,0.0
271,32,1,0,0.0001217543613165617,0,0.0
272,32,1,0,0.0001217543613165617,0,0.0
273,32,1,0,0.0001217543613165617,0,0.0
274,32,1,0,0.0001217543613165617,0,0.0
275,32,1,0,0.0001217543613165617,0,0.0
276,32,1,0,0.0001217543613165617,0,0.0
277,32,1,0,0.0001217543613165617,0,0.0
278,32,1,0,0.0001217543613165617,0,0.0
279,32,1,0,0.0001217543613165617,0,0.0
280,32,1,0,0.0001217543613165617,0,0.0
281,32,1,0,0.0001217543613165617,0,0.0
282,32,1,0,0.0001217543613165617,0,0.0
283,32,1,0,0.0001217543613165617,0,0.0
284,32,1,0,0.0001217543613165617,0,0.0
285,32,1,0,0.0001217543613165617,0,0.0
286,32,1,1,0.0001217543613165617,1,1.0
287,32,1,2,0.0001217543613165617,1,1.0
288,32,1,1,0.0001217543613165617,0,0.0
289,32,1,0,0.0001217543613165617,0,0.0
290,32,1,0,0.0001217543613165617,0,0.0
291,32,1,0,0.0001217543613165617,0,0.0
292,32,1,0,0.0001217543613165617,0,0.0
293,32,1,0,0.0001217543613165617,0,0.0
294,32,1,0,0.0001217543613165617,0,0.0
295,32,1,0,0.0001217543613165617,0,0.0
296,32,1,0,0.0001217543613165617,0,0.0
297,32,1,0,0.0001217543613165617,0,0.0
298,32,1,0,0.0001217543613165617,0,0.0
299,32,1,0,0.0001217543613165617,0,0.0
300,32,1,0,0.0001217543613165617,0,0.0
301,32,1,0,0.0001217543613165617,0,0.0
302,32,1,0,0.0001217543613165617,0,0.0
303,32,1,0,0.0001217543613165617,0,0.0
304,32,1,0,0.0001217543613165617,0,0.0
305,32,1,0,0.0001217543613165617,0,0.0
306,32,1,0,0.0001217543613165617,0,0.0
307,32,1,0,0.0001217543613165617,0,0.0
308,32,1,0,0.0001217543613165617,0,0.0
309,32,1,0,0.0001217543613165617,0,0.0
310,32,1,0,0.0001217543613165617,0,0.0
311,32,1,0,0.0001217543613165617,0,0.0
312,32,1,0,0.0001217543613165617,0,0.0
313,32,1,0,0.0001217543613165617,0,0.0
314,32,1,0,0.0001217543613165617,0,0.0
315,32,1,0,0.0001217543613165617,0,0.0
316,32,1,0,0.0001217543613165617,0,0.0
317,32,1,0,0.0001217543613165617,0,0.0
318,32,1,0,0.0001217543613165617,0,0.0
319,32,1,0,0.0001217543613165617,0,0.0
320,32,1,0,0.0001217543613165617,0,0.0
321,32,1,0,0.0001217543613165617,0,0.0
322,32,1,2,0.0001217543613165617,0,0.0
323,32,1,0,0.0001217543613165617,0,0.0
324,32,1,0,0.0001217543613165617,0,0.0
325,32,1,0,0.0001217543613165617,0,0.0
326,32,1,0,0.0001217543613165617,0,0.0
327,32,1,1,0.0001217543613165617,0,0.0
328,32,1,0,0.0001217543613165617,0,0.0
329,32,1,0,0.0001217543613165617,0,0.0
330,32,1,0,0.0001217543613165617,0,0.0
331,32,1,0,0.0001217543613165617,0,0.0
332,32,1,0,0.0001217543613165617,0,0.0
333,32,1,0,0.0001217543613165617,0,0.0
334,32,1,0,0.0001217543613165617,0,0.0
335,32,1,1,0.0001217543613165617,0,0.0
336,32,1,1,0.0001217543613165617,0,0.0
337,32,1,0,0.0001217543613165617,0,0.0
338,32,1,0,0.0001217543613165617,0,0.0
339,32,1,0,0.0001217543613165617,0,0.0
340,32,1,0,0.0001217543613165617,0,0.0
341,32,1,0,0.0001217543613165617,0,0.0
342,32,1,0,0.0001217543613165617,0,0.0
343,32,1,0,0.0001217543613165617,0,0.0
344,32,1,0,0.0001217543613165617,0,0.0
345,32,1,0,0.0001217543613165617,0,0.0
346,32,1,0,0.0001217543613165617,0,0.0
347,32,1,0,0.0001217543613165617,0,0.0
348,32,1,0,0.0001217543613165617,0,0.0
349,32,1,0,0.0001217543613165617,0,0.0
350,32,1,0,0.0001217543613165617,0,0.0
351,32,1,0,0.0001217543613165617,0,0.0
352,32,1,0,0.0001217543613165617,0,0.0
353,32,1,0,0.0001217543613165617,0,0.0
354,32,1,0,0.0001217543613165617,0,0.0
355,32,1,0,0.0001217543613165617,0,0.0
356,32,1,0,0.0001217543613165617,0,0.0
357,32,1,0,0.0001217543613165617,0,0.0
358,32,1,0,0.0001217543613165617,0,0.0
359,32,1,0,0.0001217543613165617,0,0.0
360,32,1,0,0.0001217543613165617,0,0.0
361,32,1,0,0.0001217543613165617,0,0.0
362,32,1,0,0.0001217543613165617,0,0.0
363,32,1,0,0.0001217543613165617,0,0.0
364,32,1,0,0.0001217543613165617,0,0.0
365,32,1,0,0.0001217543613165617,0,0.0
366,32,1,0,0.0001217543613165617,0,0.0
367,32,1,0,0.0001217543613165617,0,0.0
368,32,1,0,0.0001217543613165617,0,0.0
369,32,1,0,0.0001217543613165617,0,0.0
370,32,1,0,0.0001217543613165617,0,0.0
371,32,1,0,0.0001217543613165617,0,0.0
372,32,1,0,0.0001217543613165617,0,0.0
373,32,1,0,0.0001217543613165617,0,0.0
374,32,1,0,0.0001217543613165617,0,0.0
375,32,1,0,0.0001217543613165617,0,0.0
376,32,1,0,0.0001217543613165617,0,0.0
377,32,1,1,0.0001217543613165617,1,1.0
378,32,1,0,0.0001217543613165617,0,0.0
379,32,1,6,0.0001217543613165617,0,0.0
380,32,1,0,0.0001217543613165617,0,0.0
381,32,1,0,0.0001217543613165617,0,0.0
382,32,1,0,0.0001217543613165617,0,0.0
383,32,1,0,0.0001217543613165617,0,0.0
384,32,1,0,0.0001217543613165617,0,0.0
385,32,1,0,0.0001217543613165617,0,0.0
386,32,1,0,0.0001217543613165617,0,0.0
387,32,1,0,0.0001217543613165617,0,0.0
388,32,1,0,0.0001217543613165617,0,0.0
389,32,1,0,0.0001217543613165617,0,0.0
390,32,1,0,0.0001217543613165617,0,0.0
391,32,1,0,0.0001217543613165617,0,0.0
392,32,1,0,0.0001217543613165617,0,0.0
393,32,1,0,0.0001217543613165617,0,0.0
394,32,1,0,0.0001217543613165617,0,0.0
395,32,1,0,0.0001217543613165617,0,0.0
396,32,1,0,0.0001217543613165617,0,0.0
397,32,1,0,0.0001217543613165617,0,0.0
398,32,1,0,0.0001217543613165617,0,0.0
399,32,1,0,0.0001217543613165617,0,0.0
400,32,1,1,0.0001217543613165617,0,0.0
401,32,1,0,0.0001217543613165617,0,0.0
402,32,1,0,0.0001217543613165617,0,0.0
403,32,1,0,0.0001217543613165617,0,0.0
404,32,1,0,0.0001217543613165617,0,0.0
405,32,1,0,0.0001217543613165617,0,0.0
406,32,1,0,0.0001217543613165617,0,0.0
407,32,1,0,0.0001217543613165617,0,0.0
408,32,1,0,0.0001217543613165617,0,0.0
409,32,1,0,0.0001217543613165617,0,0.0
410,32,1,0,0.0001217543613165617,0,0.0
411,32,1,0,0.0001217543613165617,0,0.0
412,32,1,0,0.0001217543613165617,0,0.0
413,32,1,0,0.0001217543613165617,0,0.0
414,32,1,0,0.0001217543613165617,0,0.0
415,32,1,0,0.0001217543613165617,0,0.0
416,32,1,0,0.0001217543613165617,0,0.0
417,32,1,0,0.0001217543613165617,0,0.0
418,32,1,0,0.0001217543613165617,0,0.0
419,32,1,0,0.0001217543613165617,0,0.0
420,32,1,0,0.0001217543613165617,0,0.0
421,32,1,0,0.0001217543613165617,0,0.0
422,32,1,1,0.0001217543613165617,0,0.0
423,32,1,0,0.0001217543613165617,0,0.0
424,32,1,0,0.0001217543613165617,0,0.0
425,32,1,0,0.0001217543613165617,0,0.0
426,32,1,0,0.0001217543613165617,0,0.0
427,32,1,0,0.0001217543613165617,0,0.0
428,32,1,0,0.0001217543613165617,0,0.0
429,32,1,0,0.0001217543613165617,0,0.0
430,32,1,1,0.0001217543613165617,0,0.0
431,32,1,0,0.0001217543613165617,0,0.0
432,32,1,0,0.0001217543613165617,0,0.0
433,32,1,0,0.0001217543613165617,0,0.0
434,32,1,0,0.0001217543613165617,0,0.0
435,32,1,0,0.0001217543613165617,0,0.0
436,32,1,0,0.0001217543613165617,0,0.0
437,32,1,0,0.0001217543613165617,0,0.0
438,32,1,0,0.0001217543613165617,0,0.0
439,32,1,0,0.0001217543613165617,0,0.0
440,32,1,0,0.0001217543613165617,0,0.0
441,32,1,0,0.0001217543613165617,0,0.0
442,32,1,0,0.0001217543613165617,0,0.0
443,32,1,0,0.0001217543613165617,0,0.0
444,32,1,1,0.0001217543613165617,0,0.0
445,32,1,0,0.0001217543613165617,0,0.0
446,32,1,0,0.0001217543613165617,0,0.0
447,32,1,0,0.0001217543613165617,0,0.0
448,32,1,0,0.0001217543613165617,0,0.0
449,32,1,0,0.0001217543613165617,0,0.0
450,32,1,0,0.0001217543613165617,0,0.0
451,32,1,0,0.0001217543613165617,0,0.0
452,32,1,0,0.0001217543613165617,0,0.0
453,32,1,0,0.0001217543613165617,0,0.0
454,32,1,0,0.0001217543613165617,0,0.0
455,32,1,0,0.0001217543613165617,0,0.0
456,32,1,0,0.0001217543613165617,0,0.0
457,32,1,0,0.0001217543613165617,0,0.0
458,32,1,0,0.0001217543613165617,0,0.0
459,32,1,0,0.0001217543613165617,0,0.0
460,32,1,0,0.0001217543613165617,0,0.0
461,32,1,0,0.0001217543613165617,0,0.0
462,32,1,0,0.0001217543613165617,0,0.0
463,32,1,0,0.0001217543613165617,0,0.0
464,32,1,0,0.0001217543613165617,0,0.0
465,32,1,0,0.0001217543613165617,0,0.0
466,32,1,0,0.0001217543613165617,0,0.0
467,32,1,0,0.0001217543613165617,0,0.0
468,32,1,0,0.0001217543613165617,0,0.0
469,32,1,0,0.0001217543613165617,0,0.0
470,32,1,0,0.0001217543613165617,0,0.0
471,32,1,0,0.0001217543613165617,0,0.0
472,32,1,0,0.0001217543613165617,0,0.0
473,32,1,0,0.0001217543613165617,0,0.0
474,32,1,0,0.0001217543613165617,0,0.0
475,32,1,0,0.0001217543613165617,0,0.0
476,32,1,0,0.0001217543613165617,0,0.0
477,32,1,0,0.0001217543613165617,0,0.0
478,32,1,0,0.0001217543613165617,0,0.0
479,32,1,0,0.0001217543613165617,0,0.0
480,32,1,0,0.0001217543613165617,0,0.0
481,32,1,0,0.0001217543613165617,0,0.0
482,32,1,0,0.0001217543613165617,0,0.0
483,32,1,0,0.0001217543613165617,0,0.0
484,32,1,0,0.0001217543613165617,0,0.0
485,32,1,0,0.0001217543613165617,0,0.0
486,32,1,0,0.0001217543613165617,0,0.0
487,32,1,0,0.0001217543613165617,0,0.0
488,32,1,0,0.0001217543613165617,0,0.0
489,32,1,1,0.0001217543613165617,0,0.0
490,32,1,0,0.0001217543613165617,0,0.0
491,32,1,0,0.0001217543613165617,0,0.0
492,32,1,0,0.0001217543613165617,0,0.0
493,32,1,0,0.0001217543613165617,0,0.0
494,32,1,0,0.0001217543613165617,0,0.0
495,32,1,0,0.0001217543613165617,0,0.0
496,32,1,0,0.0001217543613165617,0,0.0
497,32,1,1,0.0001217543613165617,0,0.0
498,32,1,0,0.0001217543613165617,0,0.0
499,32,1,0,0.0001217543613165617,0,0.0
500,32,1,0,0.0001217543613165617,0,0.0
501,32,1,0,0.0001217543613165617,0,0.0
502,32,1,0,0.0001217543613165617,0,0.0
503,32,1,0,0.0001217543613165617,0,0.0
504,32,1,0,0.0001217543613165617,0,0.0
505,32,1,0,0.0001217543613165617,0,0.0
506,32,1,0,0.0001217543613165617,0,0.0
507,32,1,0,0.0001217543613165617,0,0.0
508,32,1,0,0.0001217543613165617,0,0.0
509,32,1,0,0.0001217543613165617,0,0.0
510,32,1,0,0.0001217543613165617,0,0.0
511,32,1,0,0.0001217543613165617,0,0.0
512,32,1,0,0.0001217543613165617,0,0.0
513,32,1,0,0.0001217543613165617,0,0.0
514,32,1,1,0.0001217543613165617,1,1.0
515,32,1,0,0.0001217543613165617,0,0.0
516,32,1,0,0.0001217543613165617,0,0.0
517,32,1,0,0.0001217543613165617,0,0.0
518,32,1,0,0.0001217543613165617,0,0.0
519,32,1,0,0.0001217543613165617,0,0.0
520,32,1,0,0.0001217543613165617,0,0.0
521,32,1,1,0.0001217543613165617,0,0.0
522,32,1,0,0.0001217543613165617,0,0.0
523,32,1,0,0.0001217543613165617,0,0.0
524,32,1,0,0.0001217543613165617,0,0.0
525,32,1,0,0.0001217543613165617,0,0.0
526,32,1,0,0.0001217543613165617,0,0.0
527,32,1,0,0.0001217543613165617,0,0.0
528,32,1,0,0.0001217543613165617,0,0.0
529,32,1,0,0.0001217543613165617,0,0.0
530,32,1,0,0.0001217543613165617,0,0.0
531,32,1,0,0.0001217543613165617,0,0.0
532,32,1,0,0.0001217543613165617,0,0.0
533,32,1,0,0.0001217543613165617,0,0.0
534,32,1,0,0.0001217543613165617,0,0.0
535,32,1,0,0.0001217543613165617,0,0.0
536,32,1,0,0.0001217543613165617,0,0.0
537,32,1,0,0.0001217543613165617,0,0.0
538,32,1,0,0.0001217543613165617,0,0.0
539,32,1,0,0.0001217543613165617,0,0.0
540,32,1,0,0.0001217543613165617,0,0.0
541,32,1,0,0.0001217543613165617,0,0.0
542,32,1,0,0.0001217543613165617,0,0.0
543,32,1,0,0.0001217543613165617,0,0.0
544,32,1,0,0.0001217543613165617,0,0.0
545,32,1,0,0.0001217543613165617,0,0.0
546,32,1,0,0.0001217543613165617,0,0.0
547,32,1,1,0.0001217543613165617,0,0.0
548,32,1,0,0.0001217543613165617,0,0.0
549,32,1,0,0.0001217543613165617,0,0.0
550,32,1,0,0.0001217543613165617,0,0.0
551,32,1,0,0.0001217543613165617,0,0.0
552,32,1,0,0.0001217543613165617,0,0.0
553,32,1,0,0.0001217543613165617,0,0.0
554,32,1,0,0.0001217543613165617,0,0.0
555,32,1,0,0.0001217543613165617,0,0.0
556,32,1,0,0.0001217543613165617,0,0.0
557,32,1,0,0.0001217543613165617,0,0.0
558,32,1,2,0.0001217543613165617,0,0.0
559,32,1,0,0.0001217543613165617,0,0.0
560,32,1,0,0.0001217543613165617,0,0.0
561,32,1,2,0.0001217543613165617,0,0.0
562,32,1,0,0.0001217543613165617,0,0.0
563,32,1,0,0.0001217543613165617,0,0.0
564,32,1,0,0.0001217543613165617,0,0.0
565,32,1,0,0.0001217543613165617,0,0.0
566,32,1,0,0.0001217543613165617,0,0.0
567,32,1,0,0.0001217543613165617,0,0.0
568,32,1,0,0.0001217543613165617,0,0.0
569,32,1,0,0.0001217543613165617,0,0.0
570,32,1,0,0.0001217543613165617,0,0.0
571,32,1,0,0.0001217543613165617,0,0.0
572,32,1,0,0.0001217543613165617,0,0.0
573,32,1,0,0.0001217543613165617,0,0.0
574,32,1,0,0.0001217543613165617,0,0.0
575,32,1,0,0.0001217543613165617,0,0.0
576,32,1,0,0.0001217543613165617,0,0.0
577,32,1,0,0.0001217543613165617,0,0.0
578,32,1,0,0.0001217543613165617,0,0.0
579,32,1,0,0.0001217543613165617,0,0.0
580,32,1,0,0.0001217543613165617,0,0.0
581,32,1,0,0.0001217543613165617,0,0.0
582,32,1,0,0.0001217543613165617,0,0.0
583,32,1,0,0.0001217543613165617,0,0.0
584,32,1,0,0.0001217543613165617,0,0.0
585,32,1,0,0.0001217543613165617,0,0.0
586,32,1,0,0.0001217543613165617,0,0.0
587,32,1,0,0.0001217543613165617,0,0.0
588,32,1,0,0.0001217543613165617,0,0.0
589,32,1,0,0.0001217543613165617,0,0.0
590,32,1,0,0.0001217543613165617,0,0.0
591,32,1,0,0.0001217543613165617,0,0.0
592,32,1,1,0.0001217543613165617,1,1.0
593,32,1,0,0.0001217543613165617,0,0.0
594,32,1,0,0.0001217543613165617,0,0.0
595,32,1,0,0.0001217543613165617,0,0.0
596,32,1,0,0.0001217543613165617,0,0.0
597,32,1,0,0.0001217543613165617,0,0.0
598,32,1,1,0.0001217543613165617,1,1.0
599,32,1,4,0.0001217543613165617,0,0.0
600,32,1,0,0.0001217543613165617,0,0.0
601,32,1,0,0.0001217543613165617,0,0.0
602,32,1,0,0.0001217543613165617,0,0.0
603,32,1,0,0.0001217543613165617,0,0.0
604,32,1,0,0.0001217543613165617,0,0.0
605,32,1,0,0.0001217543613165617,0,0.0
606,32,1,0,0.0001217543613165617,0,0.0
607,32,1,0,0.0001217543613165617,0,0.0
608,32,1,0,0.0001217543613165617,0,0.0
609,32,1,0,0.0001217543613165617,0,0.0
610,32,1,3,0.0001217543613165617,1,1.0
611,32,1,0,0.0001217543613165617,0,0.0
612,32,1,0,0.0001217543613165617,0,0.0
613,32,1,0,0.0001217543613165617,0,0.0
614,32,1,0,0.0001217543613165617,0,0.0
615,32,1,1,0.0001217543613165617,0,0.0
616,32,1,0,0.0001217543613165617,0,0.0
617,32,1,0,0.0001217543613165617,0,0.0
618,32,1,0,0.0001217543613165617,0,0.0
619,32,1,0,0.0001217543613165617,0,0.0
620,32,1,0,0.0001217543613165617,0,0.0
621,32,1,0,0.0001217543613165617,0,0.0
622,32,1,0,0.0001217543613165617,0,0.0
623,32,1,0,0.0001217543613165617,0,0.0
624,32,1,0,0.0001217543613165617,0,0.0
625,32,1,0,0.0001217543613165617,0,0.0
626,32,1,0,0.0001217543613165617,0,0.0
627,32,1,0,0.0001217543613165617,0,0.0
628,32,1,0,0.0001217543613165617,0,0.0
629,32,1,0,0.0001217543613165617,0,0.0
630,32,1,0,0.0001217543613165617,0,0.0
631,32,1,0,0.0001217543613165617,0,0.0
632,32,1,0,0.0001217543613165617,0,0.0
633,32,1,1,0.0001217543613165617,1,1.0
634,32,1,0,0.0001217543613165617,0,0.0
635,32,1,0,0.0001217543613165617,0,0.0
636,32,1,0,0.0001217543613165617,0,0.0
637,32,1,0,0.0001217543613165617,0,0.0
638,32,1,0,0.0001217543613165617,0,0.0
639,32,1,0,0.0001217543613165617,0,0.0
640,32,1,0,0.0001217543613165617,0,0.0
641,32,1,0,0.0001217543613165617,0,0.0
642,32,1,0,0.0001217543613165617,0,0.0
643,32,1,0,0.0001217543613165617,0,0.0
644,32,1,0,0.0001217543613165617,0,0.0
645,32,1,0,0.0001217543613165617,0,0.0
646,32,1,0,0.0001217543613165617,0,0.0
647,32,1,0,0.0001217543613165617,0,0.0
648,32,1,0,0.0001217543613165617,0,0.0
649,32,1,0,0.0001217543613165617,0,0.0
650,32,1,1,0.0001217543613165617,0,0.0
651,32,1,0,0.0001217543613165617,0,0.0
652,32,1,0,0.0001217543613165617,0,0.0
653,32,1,0,0.0001217543613165617,0,0.0
654,32,1,0,0.0001217543613165617,0,0.0
655,32,1,0,0.0001217543613165617,0,0.0
656,32,1,0,0.0001217543613165617,0,0.0
657,32,1,0,0.0001217543613165617,0,0.0
658,32,1,0,0.0001217543613165617,0,0.0
659,32,1,2,0.0001217543613165617,0,0.0
660,32,1,0,0.0001217543613165617,0,0.0
661,32,1,0,0.0001217543613165617,0,0.0
662,32,1,0,0.0001217543613165617,0,0.0
663,32,1,0,0.0001217543613165617,0,0.0
664,32,1,1,0.0001217543613165617,0,0.0
665,32,1,1,0.0001217543613165617,0,0.0
666,32,1,0,0.0001217543613165617,0,0.0
667,32,1,0,0.0001217543613165617,0,0.0
668,32,1,0,0.0001217543613165617,0,0.0
669,32,1,0,0.0001217543613165617,0,0.0
670,32,1,0,0.0001217543613165617,0,0.0
671,32,1,0,0.0001217543613165617,0,0.0
672,32,1,0,0.0001217543613165617,0,0.0
673,32,1,0,0.0001217543613165617,0,0.0
674,32,1,0,0.0001217543613165617,0,0.0
675,32,1,0,0.0001217543613165617,0,0.0
676,32,1,0,0.0001217543613165617,0,0.0
677,32,1,0,0.0001217543613165617,0,0.0
678,32,1,0,0.0001217543613165617,0,0.0
679,32,1,0,0.0001217543613165617,0,0.0
680,32,1,0,0.0001217543613165617,0,0.0
681,32,1,0,0.0001217543613165617,0,0.0
682,32,1,0,0.0001217543613165617,0,0.0
683,32,1,0,0.0001217543613165617,0,0.0
684,32,1,0,0.0001217543613165617,0,0.0
685,32,1,0,0.0001217543613165617,0,0.0
686,32,1,0,0.0001217543613165617,0,0.0
687,32,1,0,0.0001217543613165617,0,0.0
688,32,1,0,0.0001217543613165617,0,0.0
689,32,1,0,0.0001217543613165617,0,0.0
690,32,1,0,0.0001217543613165617,0,0.0
691,32,1,0,0.0001217543613165617,0,0.0
692,32,1,0,0.0001217543613165617,0,0.0
693,32,1,0,0.0001217543613165617,0,0.0
694,32,1,0,0.0001217543613165617,0,0.0
695,32,1,0,0.0001217543613165617,0,0.0
696,32,1,0,0.0001217543613165617,0,0.0
697,32,1,0,0.0001217543613165617,0,0.0
698,32,1,1,0.0001217543613165617,0,0.0
699,32,1,0,0.0001217543613165617,0,0.0
700,32,1,0,0.0001217543613165617,0,0.0
701,32,1,0,0.0001217543613165617,0,0.0
702,32,1,0,0.0001217543613165617,0,0.0
703,32,1,0,0.0001217543613165617,0,0.0
704,32,1,0,0.0001217543613165617,0,0.0
705,32,1,0,0.0001217543613165617,0,0.0
706,32,1,0,0.0001217543613165617,0,0.0
707,32,1,0,0.0001217543613165617,0,0.0
708,32,1,0,0.0001217543613165617,0,0.0
709,32,1,0,0.0001217543613165617,0,0.0
710,32,1,0,0.0001217543613165617,0,0.0
711,32,1,0,0.0001217543613165617,0,0.0
712,32,1,0,0.0001217543613165617,0,0.0
713,32,1,0,0.0001217543613165617,0,0.0
714,32,1,0,0.0001217543613165617,0,0.0
715,32,1,0,0.0001217543613165617,0,0.0
716,32,1,0,0.0001217543613165617,0,0.0
717,32,1,0,0.0001217543613165617,0,0.0
718,32,1,0,0.0001217543613165617,0,0.0
719,32,1,0,0.0001217543613165617,0,0.0
720,32,1,0,0.0001217543613165617,0,0.0
721,32,1,0,0.0001217543613165617,0,0.0
722,32,1,0,0.0001217543613165617,0,0.0
723,32,1,0,0.0001217543613165617,0,0.0
724,32,1,0,0.0001217543613165617,0,0.0
725,32,1,0,0.0001217543613165617,0,0.0
726,32,1,1,0.0001217543613165617,0,0.0
727,32,1,0,0.0001217543613165617,0,0.0
728,32,1,0,0.0001217543613165617,0,0.0
729,32,1,0,0.0001217543613165617,0,0.0
730,32,1,0,0.0001217543613165617,0,0.0
731,32,1,0,0.0001217543613165617,0,0.0
732,32,1,0,0.0001217543613165617,0,0.0
733,32,1,0,0.0001217543613165617,0,0.0
734,32,1,0,0.0001217543613165617,0,0.0
735,32,1,0,0.0001217543613165617,0,0.0
736,32,1,0,0.0001217543613165617,0,0.0
737,32,1,0,0.0001217543613165617,0,0.0
738,32,1,0,0.0001217543613165617,0,0.0
739,32,1,0,0.0001217543613165617,0,0.0
740,32,1,0,0.0001217543613165617,0,0.0
741,32,1,0,0.0001217543613165617,0,0.0
742,32,1,0,0.0001217543613165617,0,0.0
743,32,1,0,0.0001217543613165617,0,0.0
744,32,1,0,0.0001217543613165617,0,0.0
745,32,1,0,0.0001217543613165617,0,0.0
746,32,1,1,0.0001217543613165617,0,0.0
747,32,1,1,0.0001217543613165617,0,0.0
748,32,1,0,0.0001217543613165617,0,0.0
749,32,1,0,0.0001217543613165617,0,0.0
750,32,1,0,0.0001217543613165617,0,0.0
751,32,1,0,0.0001217543613165617,0,0.0
752,32,1,1,0.0001217543613165617,0,0.0
753,32,1,0,0.0001217543613165617,0,0.0
754,32,1,0,0.0001217543613165617,0,0.0
755,32,1,0,0.0001217543613165617,0,0.0
756,32,1,1,0.0001217543613165617,0,0.0
757,32,1,0,0.0001217543613165617,0,0.0
758,32,1,0,0.0001217543613165617,0,0.0
759,32,1,0,0.0001217543613165617,0,0.0
760,32,1,0,0.0001217543613165617,0,0.0
761,32,1,0,0.0001217543613165617,0,0.0
762,32,1,0,0.0001217543613165617,0,0.0
763,32,1,0,0.0001217543613165617,0,0.0
764,32,1,0,0.0001217543613165617,0,0.0
765,32,1,0,0.0001217543613165617,0,0.0
766,32,1,0,0.0001217543613165617,0,0.0
767,32,1,0,0.0001217543613165617,0,0.0
768,32,1,0,0.0001217543613165617,0,0.0
769,32,1,0,0.0001217543613165617,0,0.0
770,32,1,0,0.0001217543613165617,0,0.0
771,32,1,1,0.0001217543613165617,0,0.0
772,32,1,0,0.0001217543613165617,0,0.0
773,32,1,0,0.0001217543613165617,0,0.0
774,32,1,0,0.0001217543613165617,0,0.0
775,32,1,0,0.0001217543613165617,0,0.0
776,32,1,0,0.0001217543613165617,0,0.0
777,32,1,0,0.0001217543613165617,0,0.0
778,32,1,0,0.0001217543613165617,0,0.0
779,32,1,0,0.0001217543613165617,0,0.0
780,32,1,0,0.0001217543613165617,0,0.0
781,32,1,0,0.0001217543613165617,0,0.0
782,32,1,0,0.0001217543613165617,0,0.0
783,32,1,0,0.0001217543613165617,0,0.0
784,32,1,0,0.0001217543613165617,0,0.0
785,32,1,0,0.0001217543613165617,0,0.0
786,32,1,0,0.0001217543613165617,0,0.0
787,32,1,0,0.0001217543613165617,0,0.0
788,32,1,0,0.0001217543613165617,0,0.0
789,32,1,0,0.0001217543613165617,0,0.0
790,32,1,0,0.0001217543613165617,0,0.0
791,32,1,0,0.0001217543613165617,0,0.0
792,32,1,0,0.0001217543613165617,0,0.0
793,32,1,0,0.0001217543613165617,0,0.0
794,32,1,0,0.0001217543613165617,0,0.0
795,32,1,0,0.0001217543613165617,0,0.0
796,32,1,0,0.0001217543613165617,0,0.0
797,32,1,0,0.0001217543613165617,0,0.0
798,32,1,0,0.0001217543613165617,0,0.0
799,32,1,0,0.0001217543613165617,0,0.0
800,32,1,0,0.0001217543613165617,0,0.0
801,32,1,0,0.0001217543613165617,0,0.0
802,32,1,0,0.0001217543613165617,0,0.0
803,32,1,0,0.0001217543613165617,0,0.0
804,32,1,0,0.0001217543613165617,0,0.0
805,32,1,0,0.0001217543613165617,0,0.0
806,32,1,0,0.0001217543613165617,0,0.0
807,32,1,0,0.0001217543613165617,0,0.0
808,32,1,0,0.0001217543613165617,0,0.0
809,32,1,0,0.0001217543613165617,0,0.0
810,32,1,0,0.0001217543613165617,0,0.0
811,32,1,0,0.0001217543613165617,0,0.0
812,32,1,0,0.0001217543613165617,0,0.0
813,32,1,0,0.0001217543613165617,0,0.0
814,32,1,0,0.0001217543613165617,0,0.0
815,32,1,0,0.0001217543613165617,0,0.0
816,32,1,0,0.0001217543613165617,0,0.0
817,32,1,0,0.0001217543613165617,0,0.0
818,32,1,0,0.0001217543613165617,0,0.0
819,32,1,0,0.0001217543613165617,0,0.0
820,32,1,0,0.0001217543613165617,0,0.0
821,32,1,0,0.0001217543613165617,0,0.0
822,32,1,0,0.0001217543613165617,0,0.0
823,32,1,1,0.0001217543613165617,0,0.0
824,32,1,0,0.0001217543613165617,0,0.0
825,32,1,0,0.0001217543613165617,0,0.0
826,32,1,0,0.0001217543613165617,0,0.0
827,32,1,0,0.0001217543613165617,0,0.0
828,32,1,0,0.0001217543613165617,0,0.0
829,32,1,0,0.0001217543613165617,0,0.0
830,32,1,0,0.0001217543613165617,0,0.0
831,32,1,0,0.0001217543613165617,0,0.0
832,32,1,0,0.0001217543613165617,0,0.0
833,32,1,0,0.0001217543613165617,0,0.0
834,32,1,0,0.0001217543613165617,0,0.0
835,32,1,0,0.0001217543613165617,0,0.0
836,32,1,0,0.0001217543613165617,0,0.0
837,32,1,1,0.0001217543613165617,0,0.0
838,32,1,0,0.0001217543613165617,0,0.0
839,32,1,0,0.0001217543613165617,0,0.0
840,32,1,0,0.0001217543613165617,0,0.0
841,32,1,0,0.0001217543613165617,0,0.0
842,32,1,0,0.0001217543613165617,0,0.0
843,32,1,0,0.0001217543613165617,0,0.0
844,32,1,0,0.0001217543613165617,0,0.0
845,32,1,0,0.0001217543613165617,0,0.0
846,32,1,0,0.0001217543613165617,0,0.0
847,32,1,0,0.0001217543613165617,0,0.0
848,32,1,0,0.0001217543613165617,0,0.0
849,32,1,0,0.0001217543613165617,0,0.0
850,32,1,1,0.0001217543613165617,1,1.0
851,32,1,0,0.0001217543613165617,0,0.0
852,32,1,0,0.0001217543613165617,0,0.0
853,32,1,0,0.0001217543613165617,0,0.0
854,32,1,2,0.0001217543613165617,0,0.0
855,32,1,0,0.0001217543613165617,0,0.0
856,32,1,0,0.0001217543613165617,0,0.0
857,32,1,0,0.0001217543613165617,0,0.0
858,32,1,0,0.0001217543613165617,0,0.0
859,32,1,0,0.0001217543613165617,0,0.0
860,32,1,0,0.0001217543613165617,0,0.0
861,32,1,0,0.0001217543613165617,0,0.0
862,32,1,3,0.0001217543613165617,0,0.0
863,32,1,1,0.0001217543613165617,0,0.0
864,32,1,0,0.0001217543613165617,0,0.0
865,32,1,0,0.0001217543613165617,0,0.0
866,32,1,0,0.0001217543613165617,0,0.0
867,32,1,0,0.0001217543613165617,0,0.0
868,32,1,0,0.0001217543613165617,0,0.0
869,32,1,0,0.0001217543613165617,0,0.0
870,32,1,1,0.0001217543613165617,0,0.0
871,32,1,0,0.0001217543613165617,0,0.0
872,32,1,0,0.0001217543613165617,0,0.0
873,32,1,2,0.0001217543613165617,0,0.0
874,32,1,1,0.0001217543613165617,1,1.0
875,32,1,0,0.0001217543613165617,0,0.0
876,32,1,0,0.0001217543613165617,0,0.0
877,32,1,0,0.0001217543613165617,0,0.0
878,32,1,0,0.0001217543613165617,0,0.0
879,32,1,0,0.0001217543613165617,0,0.0
880,32,1,0,0.0001217543613165617,0,0.0
881,32,1,0,0.0001217543613165617,0,0.0
882,32,1,0,0.0001217543613165617,0,0.0
883,32,1,0,0.0001217543613165617,0,0.0
884,32,1,1,0.0001217543613165617,0,0.0
885,32,1,0,0.0001217543613165617,0,0.0
886,32,1,0,0.0001217543613165617,0,0.0
887,32,1,0,0.0001217543613165617,0,0.0
888,32,1,0,0.0001217543613165617,0,0.0
889,32,1,0,0.0001217543613165617,0,0.0
890,32,1,0,0.0001217543613165617,0,0.0
891,32,1,0,0.0001217543613165617,0,0.0
892,32,1,0,0.0001217543613165617,0,0.0
893,32,1,0,0.0001217543613165617,0,0.0
894,32,1,0,0.0001217543613165617,0,0.0
895,32,1,0,0.0001217543613165617,0,0.0
896,32,1,0,0.0001217543613165617,0,0.0
897,32,1,0,0.0001217543613165617,0,0.0
898,32,1,0,0.0001217543613165617,0,0.0
899,32,1,0,0.0001217543613165617,0,0.0
900,32,1,0,0.0001217543613165617,0,0.0
901,32,1,4,0.0001217543613165617,1,1.0
902,32,1,0,0.0001217543613165617,0,0.0
903,32,1,1,0.0001217543613165617,1,1.0
904,32,1,0,0.0001217543613165617,0,0.0
905,32,1,0,0.0001217543613165617,0,0.0
906,32,1,0,0.0001217543613165617,0,0.0
907,32,1,0,0.0001217543613165617,0,0.0
908,32,1,0,0.0001217543613165617,0,0.0
909,32,1,0,0.0001217543613165617,0,0.0
910,32,1,0,0.0001217543613165617,0,0.0
911,32,1,0,0.0001217543613165617,0,0.0
912,32,1,0,0.0001217543613165617,0,0.0
913,32,1,1,0.0001217543613165617,0,0.0
914,32,1,0,0.0001217543613165617,0,0.0
915,32,1,0,0.0001217543613165617,0,0.0
916,32,1,2,0.0001217543613165617,0,0.0
917,32,1,0,0.0001217543613165617,0,0.0
918,32,1,0,0.0001217543613165617,0,0.0
919,32,1,2,0.0001217543613165617,0,0.0
920,32,1,0,0.0001217543613165617,0,0.0
921,32,1,0,0.0001217543613165617,0,0.0
922,32,1,0,0.0001217543613165617,0,0.0
923,32,1,2,0.0001217543613165617,0,0.0
924,32,1,0,0.0001217543613165617,0,0.0
925,32,1,0,0.0001217543613165617,0,0.0
926,32,1,0,0.0001217543613165617,0,0.0
927,32,1,0,0.0001217543613165617,0,0.0
928,32,1,0,0.0001217543613165617,0,0.0
929,32,1,1,0.0001217543613165617,0,0.0
930,32,1,0,0.0001217543613165617,0,0.0
931,32,1,0,0.0001217543613165617,0,0.0
932,32,1,0,0.0001217543613165617,0,0.0
933,32,1,0,0.0001217543613165617,0,0.0
934,32,1,2,0.0001217543613165617,0,0.0
935,32,1,0,0.0001217543613165617,0,0.0
936,32,1,0,0.0001217543613165617,0,0.0
937,32,1,0,0.0001217543613165617,0,0.0
938,32,1,0,0.0001217543613165617,0,0.0
939,32,1,0,0.0001217543613165617,0,0.0
940,32,1,0,0.0001217543613165617,0,0.0
941,32,1,0,0.0001217543613165617,0,0.0
942,32,1,0,0.0001217543613165617,0,0.0
943,32,1,0,0.0001217543613165617,0,0.0
944,32,1,0,0.0001217543613165617,0,0.0
945,32,1,0,0.0001217543613165617,0,0.0
946,32,1,0,0.0001217543613165617,0,0.0
947,32,1,0,0.0001217543613165617,0,0.0
948,32,1,0,0.0001217543613165617,0,0.0
949,32,1,0,0.0001217543613165617,0,0.0
950,32,1,0,0.0001217543613165617,0,0.0
951,32,1,0,0.0001217543613165617,0,0.0
952,32,1,0,0.0001217543613165617,0,0.0
953,32,1,0,0.0001217543613165617,0,0.0
954,32,1,0,0.0001217543613165617,0,0.0
955,32,1,0,0.0001217543613165617,0,0.0
956,32,1,0,0.0001217543613165617,0,0.0
957,32,1,0,0.0001217543613165617,0,0.0
958,32,1,3,0.0001217543613165617,0,0.0
959,32,1,0,0.0001217543613165617,0,0.0
960,32,1,0,0.0001217543613165617,0,0.0
961,32,1,0,0.0001217543613165617,0,0.0
962,32,1,0,0.0001217543613165617,0,0.0
963,32,1,0,0.0001217543613165617,0,0.0
964,32,1,0,0.0001217543613165617,0,0.0
965,32,1,0,0.0001217543613165617,0,0.0
966,32,1,0,0.0001217543613165617,0,0.0
967,32,1,0,0.0001217543613165617,0,0.0
968,32,1,0,0.0001217543613165617,0,0.0
969,32,1,0,0.0001217543613165617,0,0.0
970,32,1,0,0.0001217543613165617,0,0.0
971,32,1,0,0.0001217543613165617,0,0.0
972,32,1,0,0.0001217543613165617,0,0.0
973,32,1,0,0.0001217543613165617,0,0.0
974,32,1,0,0.0001217543613165617,0,0.0
975,32,1,0,0.0001217543613165617,0,0.0
976,32,1,0,0.0001217543613165617,0,0.0
977,32,1,0,0.0001217543613165617,0,0.0
978,32,1,0,0.0001217543613165617,0,0.0
979,32,1,0,0.0001217543613165617,0,0.0
980,32,1,0,0.0001217543613165617,0,0.0
981,32,1,2,0.0001217543613165617,0,0.0
982,32,1,1,0.0001217543613165617,1,1.0
983,32,1,0,0.0001217543613165617,0,0.0
984,32,1,0,0.0001217543613165617,0,0.0
985,32,1,0,0.0001217543613165617,0,0.0
986,32,1,0,0.0001217543613165617,0,0.0
987,32,1,0,0.0001217543613165617,0,0.0
988,32,1,0,0.0001217543613165617,0,0.0
989,32,1,0,0.0001217543613165617,0,0.0
990,32,1,0,0.0001217543613165617,0,0.0
991,32,1,0,0.0001217543613165617,0,0.0
992,32,1,0,0.0001217543613165617,0,0.0
993,32,1,0,0.0001217543613165617,0,0.0
994,32,1,0,0.0001217543613165617,0,0.0
995,32,1,0,0.0001217543613165617,0,0.0
996,32,1,0,0.0001217543613165617,0,0.0
997,32,1,0,0.0001217543613165617,0,0.0
998,32,1,0,0.0001217543613165617,0,0.0
999,32,1,0,0.0001217543613165617,0,0.0
0,32,10,0,0.0001217543613165617,0,0.0
1,32,10,0,0.0001217543613165617,0,0.0
2,32,10,0,0.0001217543613165617,0,0.0
3,32,10,0,0.0001217543613165617,0,0.0
4,32,10,0,0.0001217543613165617,0,0.0
5,32,10,0,0.0001217543613165617,0,0.0
6,32,10,0,0.0001217543613165617,0,0.0
7,32,10,0,0.0001217543613165617,0,0.0
8,32,10,0,0.0001217543613165617,0,0.0
9,32,10,0,0.0001217543613165617,0,0.0
10,32,10,0,0.0001217543613165617,0,0.0
11,32,10,0,0.0001217543613165617,0,0.0
12,32,10,0,0.0001217543613165617,0,0.0
13,32,10,0,0.0001217543613165617,0,0.0
14,32,10,0,0.0001217543613165617,0,0.0
15,32,10,0,0.0001217543613165617,0,0.0
16,32,10,0,0.0001217543613165617,0,0.0
17,32,10,0,0.0001217543613165617,0,0.0
18,32,10,0,0.0001217543613165617,0,0.0
19,32,10,1,0.0001217543613165617,0,0.0
20,32,10,0,0.0001217543613165617,0,0.0
21,32,10,3,0.0001217543613165617,2,0.2
22,32,10,0,0.0001217543613165617,0,0.0
23,32,10,0,0.0001217543613165617,0,0.0
24,32,10,0,0.0001217543613165617,0,0.0
25,32,10,0,0.0001217543613165617,0,0.0
26,32,10,0,0.0001217543613165617,0,0.0
27,32,10,0,0.0001217543613165617,0,0.0
28,32,10,0,0.0001217543613165617,0,0.0
29,32,10,0,0.0001217543613165617,0,0.0
30,32,10,1,0.0001217543613165617,0,0.0
31,32,10,0,0.0001217543613165617,0,0.0
32,32,10,0,0.0001217543613165617,0,0.0
33,32,10,0,0.0001217543613165617,0,0.0
34,32,10,0,0.0001217543613165617,0,0.0
35,32,10,0,0.0001217543613165617,0,0.0
36,32,10,0,0.0001217543613165617,0,0.0
37,32,10,0,0.0001217543613165617,0,0.0
38,32,10,0,0.0001217543613165617,0,0.0
39,32,10,0,0.0001217543613165617,0,0.0
40,32,10,0,0.0001217543613165617,0,0.0
41,32,10,0,0.0001217543613165617,0,0.0
42,32,10,0,0.0001217543613165617,0,0.0
43,32,10,0,0.0001217543613165617,0,0.0
44,32,10,0,0.0001217543613165617,0,0.0
45,32,10,0,0.0001217543613165617,0,0.0
46,32,10,0,0.0001217543613165617,0,0.0
47,32,10,0,0.0001217543613165617,0,0.0
48,32,10,0,0.0001217543613165617,0,0.0
49,32,10,1,0.0001217543613165617,0,0.0
50,32,10,0,0.0001217543613165617,0,0.0
51,32,10,0,0.0001217543613165617,0,0.0
52,32,10,0,0.0001217543613165617,0,0.0
53,32,10,1,0.0001217543613165617,1,0.1
54,32,10,0,0.0001217543613165617,0,0.0
55,32,10,0,0.0001217543613165617,0,0.0
56,32,10,0,0.0001217543613165617,0,0.0
57,32,10,1,0.0001217543613165617,0,0.0
58,32,10,0,0.0001217543613165617,0,0.0
59,32,10,0,0.0001217543613165617,0,0.0
60,32,10,0,0.0001217543613165617,0,0.0
61,32,10,0,0.0001217543613165617,0,0.0
62,32,10,2,0.0001217543613165617,0,0.0
63,32,10,0,0.0001217543613165617,0,0.0
64,32,10,0,0.0001217543613165617,0,0.0
65,32,10,0,0.0001217543613165617,0,0.0
66,32,10,0,0.0001217543613165617,0,0.0
67,32,10,0,0.0001217543613165617,0,0.0
68,32,10,3,0.0001217543613165617,1,0.1
69,32,10,0,0.0001217543613165617,0,0.0
70,32,10,0,0.0001217543613165617,0,0.0
71,32,10,0,0.0001217543613165617,0,0.0
72,32,10,0,0.0001217543613165617,0,0.0
73,32,10,0,0.0001217543613165617,0,0.0
74,32,10,0,0.0001217543613165617,0,0.0
75,32,10,0,0.0001217543613165617,0,0.0
76,32,10,0,0.0001217543613165617,0,0.0
77,32,10,0,0.0001217543613165617,0,0.0
78,32,10,0,0.0001217543613165617,0,0.0
79,32,10,0,0.0001217543613165617,0,0.0
80,32,10,0,0.0001217543613165617,0,0.0
81,32,10,0,0.0001217543613165617,0,0.0
82,32,10,0,0.0001217543613165617,0,0.0
83,32,10,0,0.0001217543613165617,0,0.0
84,32,10,0,0.0001217543613165617,0,0.0
85,32,10,5,0.0001217543613165617,0,0.0
86,32,10,1,0.0001217543613165617,0,0.0
87,32,10,0,0.0001217543613165617,0,0.0
88,32,10,0,0.0001217543613165617,0,0.0
89,32,10,0,0.0001217543613165617,0,0.0
90,32,10,13,0.0001217543613165617,0,0.0
91,32,10,0,0.0001217543613165617,0,0.0
92,32,10,0,0.0001217543613165617,0,0.0
93,32,10,0,0.0001217543613165617,0,0.0
94,32,10,0,0.0001217543613165617,0,0.0
95,32,10,0,0.0001217543613165617,0,0.0
96,32,10,0,0.0001217543613165617,0,0.0
97,32,10,0,0.0001217543613165617,0,0.0
98,32,10,0,0.0001217543613165617,0,0.0
99,32,10,0,0.0001217543613165617,0,0.0
100,32,10,1,0.0001217543613165617,1,0.1
101,32,10,0,0.0001217543613165617,0,0.0
102,32,10,0,0.0001217543613165617,0,0.0
103,32,10,0,0.0001217543613165617,0,0.0
104,32,10,0,0.0001217543613165617,0,0.0
105,32,10,0,0.0001217543613165617,0,0.0
106,32,10,0,0.0001217543613165617,0,0.0
107,32,10,0,0.0001217543613165617,0,0.0
108,32,10,0,0.0001217543613165617,0,0.0
109,32,10,0,0.0001217543613165617,0,0.0
110,32,10,0,0.0001217543613165617,0,0.0
111,32,10,0,0.0001217543613165617,0,0.0
112,32,10,0,0.0001217543613165617,0,0.0
113,32,10,0,0.0001217543613165617,0,0.0
114,32,10,0,0.0001217543613165617,0,0.0
115,32,10,0,0.0001217543613165617,0,0.0
116,32,10,0,0.0001217543613165617,0,0.0
117,32,10,1,0.0001217543613165617,0,0.0
118,32,10,0,0.0001217543613165617,0,0.0
119,32,10,0,0.0001217543613165617,0,0.0
120,32,10,1,0.0001217543613165617,1,0.1
121,32,10,0,0.0001217543613165617,0,0.0
122,32,10,0,0.0001217543613165617,0,0.0
123,32,10,0,0.0001217543613165617,0,0.0
124,32,10,0,0.0001217543613165617,0,0.0
125,32,10,0,0.0001217543613165617,0,0.0
126,32,10,0,0.0001217543613165617,0,0.0
127,32,10,3,0.0001217543613165617,2,0.2
128,32,10,0,0.0001217543613165617,0,0.0
129,32,10,0,0.0001217543613165617,0,0.0
130,32,10,0,0.0001217543613165617,0,0.0
131,32,10,0,0.0001217543613165617,0,0.0
132,32,10,0,0.0001217543613165617,0,0.0
133,32,10,0,0.0001217543613165617,0,0.0
134,32,10,0,0.0001217543613165617,0,0.0
135,32,10,0,0.0001217543613165617,0,0.0
136,32,10,0,0.0001217543613165617,0,0.0
137,32,10,0,0.0001217543613165617,0,0.0
138,32,10,1,0.0001217543613165617,0,0.0
139,32,10,0,0.0001217543613165617,0,0.0
140,32,10,0,0.0001217543613165617,0,0.0
141,32,10,0,0.0001217543613165617,0,0.0
142,32,10,0,0.0001217543613165617,0,0.0
143,32,10,0,0.0001217543613165617,0,0.0
144,32,10,0,0.0001217543613165617,0,0.0
145,32,10,0,0.0001217543613165617,0,0.0
146,32,10,0,0.0001217543613165617,0,0.0
147,32,10,0,0.0001217543613165617,0,0.0
148,32,10,0,0.0001217543613165617,0,0.0
149,32,10,0,0.0001217543613165617,0,0.0
150,32,10,0,0.0001217543613165617,0,0.0
151,32,10,0,0.0001217543613165617,0,0.0
152,32,10,0,0.0001217543613165617,0,0.0
153,32,10,0,0.0001217543613165617,0,0.0
154,32,10,0,0.0001217543613165617,0,0.0
155,32,10,0,0.0001217543613165617,0,0.0
156,32,10,0,0.0001217543613165617,0,0.0
157,32,10,0,0.0001217543613165617,0,0.0
158,32,10,0,0.0001217543613165617,0,0.0
159,32,10,0,0.0001217543613165617,0,0.0
160,32,10,0,0.0001217543613165617,0,0.0
161,32,10,0,0.0001217543613165617,0,0.0
162,32,10,0,0.0001217543613165617,0,0.0
163,32,10,0,0.0001217543613165617,0,0.0
164,32,10,0,0.0001217543613165617,0,0.0
165,32,10,0,0.0001217543613165617,0,0.0
166,32,10,0,0.0001217543613165617,0,0.0
167,32,10,0,0.0001217543613165617,0,0.0
168,32,10,0,0.0001217543613165617,0,0.0
169,32,10,0,0.0001217543613165617,0,0.0
170,32,10,0,0.0001217543613165617,0,0.0
171,32,10,0,0.0001217543613165617,0,0.0
172,32,10,0,0.0001217543613165617,0,0.0
173,32,10,1,0.0001217543613165617,0,0.0
174,32,10,0,0.0001217543613165617,0,0.0
175,32,10,0,0.0001217543613165617,0,0.0
176,32,10,0,0.0001217543613165617,0,0.0
177,32,10,0,0.0001217543613165617,0,0.0
178,32,10,0,0.0001217543613165617,0,0.0
179,32,10,0,0.0001217543613165617,0,0.0
180,32,10,0,0.0001217543613165617,0,0.0
181,32,10,0,0.0001217543613165617,0,0.0
182,32,10,0,0.0001217543613165617,0,0.0
183,32,10,0,0.0001217543613165617,0,0.0
184,32,10,0,0.0001217543613165617,0,0.0
185,32,10,0,0.0001217543613165617,0,0.0
186,32,10,0,0.0001217543613165617,0,0.0
187,32,10,0,0.0001217543613165617,0,0.0
188,32,10,0,0.0001217543613165617,0,0.0
189,32,10,0,0.0001217543613165617,0,0.0
190,32,10,1,0.0001217543613165617,0,0.0
191,32,10,0,0.0001217543613165617,0,0.0
192,32,10,0,0.0001217543613165617,0,0.0
193,32,10,0,0.0001217543613165617,0,0.0
194,32,10,0,0.0001217543613165617,0,0.0
195,32,10,0,0.0001217543613165617,0,0.0
196,32,10,0,0.0001217543613165617,0,0.0
197,32,10,0,0.0001217543613165617,0,0.0
198,32,10,0,0.0001217543613165617,0,0.0
199,32,10,0,0.0001217543613165617,0,0.0
200,32,10,0,0.0001217543613165617,0,0.0
201,32,10,0,0.0001217543613165617,0,0.0
202,32,10,0,0.0001217543613165617,0,0.0
203,32,10,0,0.0001217543613165617,0,0.0
204,32,10,0,0.0001217543613165617,0,0.0
205,32,10,0,0.0001217543613165617,0,0.0
206,32,10,0,0.0001217543613165617,0,0.0
207,32,10,0,0.0001217543613165617,0,0.0
208,32,10,0,0.0001217543613165617,0,0.0
209,32,10,0,0.0001217543613165617,0,0.0
210,32,10,2,0.0001217543613165617,0,0.0
211,32,10,0,0.0001217543613165617,0,0.0
212,32,10,0,0.0001217543613165617,0,0.0
213,32,10,0,0.0001217543613165617,0,0.0
214,32,10,0,0.0001217543613165617,0,0.0
215,32,10,0,0.0001217543613165617,0,0.0
216,32,10,0,0.0001217543613165617,0,0.0
217,32,10,0,0.0001217543613165617,0,0.0
218,32,10,1,0.0001217543613165617,0,0.0
219,32,10,0,0.0001217543613165617,0,0.0
220,32,10,0,0.0001217543613165617,0,0.0
221,32,10,0,0.0001217543613165617,0,0.0
222,32,10,0,0.0001217543613165617,0,0.0
223,32,10,0,0.0001217543613165617,0,0.0
224,32,10,0,0.0001217543613165617,0,0.0
225,32,10,0,0.0001217543613165617,0,0.0
226,32,10,0,0.0001217543613165617,0,0.0
227,32,10,0,0.0001217543613165617,0,0.0
228,32,10,0,0.0001217543613165617,0,0.0
229,32,10,0,0.0001217543613165617,0,0.0
230,32,10,0,0.0001217543613165617,0,0.0
231,32,10,0,0.0001217543613165617,0,0.0
232,32,10,1,0.0001217543613165617,0,0.0
233,32,10,0,0.0001217543613165617,0,0.0
234,32,10,0,0.0001217543613165617,0,0.0
235,32,10,0,0.0001217543613165617,0,0.0
236,32,10,0,0.0001217543613165617,0,0.0
237,32,10,0,0.0001217543613165617,0,0.0
238,32,10,0,0.0001217543613165617,0,0.0
239,32,10,0,0.0001217543613165617,0,0.0
240,32,10,0,0.0001217543613165617,0,0.0
241,32,10,0,0.0001217543613165617,0,0.0
242,32,10,0,0.0001217543613165617,0,0.0
243,32,10,0,0.0001217543613165617,0,0.0
244,32,10,0,0.0001217543613165617,0,0.0
245,32,10,0,0.0001217543613165617,0,0.0
246,32,10,1,0.0001217543613165617,0,0.0
247,32,10,1,0.0001217543613165617,1,0.1
248,32,10,0,0.0001217543613165617,0,0.0
249,32,10,0,0.0001217543613165617,0,0.0
250,32,10,4,0.0001217543613165617,0,0.0
251,32,10,0,0.0001217543613165617,0,0.0
252,32,10,0,0.0001217543613165617,0,0.0
253,32,10,0,0.0001217543613165617,0,0.0
254,32,10,0,0.0001217543613165617,0,0.0
255,32,10,0,0.0001217543613165617,0,0.0
256,32,10,0,0.0001217543613165617,0,0.0
257,32,10,0,0.0001217543613165617,0,0.0
258,32,10,0,0.0001217543613165617,0,0.0
259,32,10,0,0.0001217543613165617,0,0.0
260,32,10,0,0.0001217543613165617,0,0.0
261,32,10,0,0.0001217543613165617,0,0.0
262,32,10,0,0.0001217543613165617,0,0.0
263,32,10,0,0.0001217543613165617,0,0.0
264,32,10,0,0.0001217543613165617,0,0.0
265,32,10,0,0.0001217543613165617,0,0.0
266,32,10,0,0.0001217543613165617,0,0.0
267,32,10,0,0.0001217543613165617,0,0.0
268,32,10,0,0.0001217543613165617,0,0.0
269,32,10,0,0.0001217543613165617,0,0.0
270,32,10,0,0.0001217543613165617,0,0.0
271,32,10,0,0.0001217543613165617,0,0.0
272,32,10,0,0.0001217543613165617,0,0.0
273,32,10,0,0.0001217543613165617,0,0.0
274,32,10,0,0.0001217543613165617,0,0.0
275,32,10,0,0.0001217543613165617,0,0.0
276,32,10,0,0.0001217543613165617,0,0.0
277,32,10,0,0.0001217543613165617,0,0.0
278,32,10,0,0.0001217543613165617,0,0.0
279,32,10,0,0.0001217543613165617,0,0.0
280,32,10,0,0.0001217543613165617,0,0.0
281,32,10,0,0.0001217543613165617,0,0.0
282,32,10,0,0.0001217543613165617,0,0.0
283,32,10,0,0.0001217543613165617,0,0.0
284,32,10,0,0.0001217543613165617,0,0.0
285,32,10,0,0.0001217543613165617,0,0.0
286,32,10,1,0.0001217543613165617,1,0.1
287,32,10,2,0.0001217543613165617,2,0.2
288,32,10,1,0.0001217543613165617,0,0.0
289,32,10,0,0.0001217543613165617,0,0.0
290,32,10,0,0.0001217543613165617,0,0.0
291,32,10,0,0.0001217543613165617,0,0.0
292,32,10,0,0.0001217543613165617,0,0.0
293,32,10,0,0.0001217543613165617,0,0.0
294,32,10,0,0.0001217543613165617,0,0.0
295,32,10,0,0.0001217543613165617,0,0.0
296,32,10,0,0.0001217543613165617,0,0.0
297,32,10,0,0.0001217543613165617,0,0.0
298,32,10,0,0.0001217543613165617,0,0.0
299,32,10,0,0.0001217543613165617,0,0.0
300,32,10,0,0.0001217543613165617,0,0.0
301,32,10,0,0.0001217543613165617,0,0.0
302,32,10,0,0.0001217543613165617,0,0.0
303,32,10,0,0.0001217543613165617,0,0.0
304,32,10,0,0.0001217543613165617,0,0.0
305,32,10,0,0.0001217543613165617,0,0.0
306,32,10,0,0.0001217543613165617,0,0.0
307,32,10,0,0.0001217543613165617,0,0.0
308,32,10,0,0.0001217543613165617,0,0.0
309,32,10,0,0.0001217543613165617,0,0.0
310,32,10,0,0.0001217543613165617,0,0.0
311,32,10,0,0.0001217543613165617,0,0.0
312,32,10,0,0.0001217543613165617,0,0.0
313,32,10,0,0.0001217543613165617,0,0.0
314,32,10,0,0.0001217543613165617,0,0.0
315,32,10,0,0.0001217543613165617,0,0.0
316,32,10,0,0.0001217543613165617,0,0.0
317,32,10,0,0.0001217543613165617,0,0.0
318,32,10,0,0.0001217543613165617,0,0.0
319,32,10,0,0.0001217543613165617,0,0.0
320,32,10,0,0.0001217543613165617,0,0.0
321,32,10,0,0.0001217543613165617,0,0.0
322,32,10,2,0.0001217543613165617,0,0.0
323,32,10,0,0.0001217543613165617,0,0.0
324,32,10,0,0.0001217543613165617,0,0.0
325,32,10,0,0.0001217543613165617,0,0.0
326,32,10,0,0.0001217543613165617,0,0.0
327,32,10,1,0.0001217543613165617,0,0.0
328,32,10,0,0.0001217543613165617,0,0.0
329,32,10,0,0.0001217543613165617,0,0.0
330,32,10,0,0.0001217543613165617,0,0.0
331,32,10,0,0.0001217543613165617,0,0.0
332,32,10,0,0.0001217543613165617,0,0.0
333,32,10,0,0.0001217543613165617,0,0.0
334,32,10,0,0.0001217543613165617,0,0.0
335,32,10,1,0.0001217543613165617,0,0.0
336,32,10,1,0.0001217543613165617,0,0.0
337,32,10,0,0.0001217543613165617,0,0.0
338,32,10,0,0.0001217543613165617,0,0.0
339,32,10,0,0.0001217543613165617,0,0.0
340,32,10,0,0.0001217543613165617,0,0.0
341,32,10,0,0.0001217543613165617,0,0.0
342,32,10,0,0.0001217543613165617,0,0.0
343,32,10,0,0.0001217543613165617,0,0.0
344,32,10,0,0.0001217543613165617,0,0.0
345,32,10,0,0.0001217543613165617,0,0.0
346,32,10,0,0.0001217543613165617,0,0.0
347,32,10,0,0.0001217543613165617,0,0.0
348,32,10,0,0.0001217543613165617,0,0.0
349,32,10,0,0.0001217543613165617,0,0.0
350,32,10,0,0.0001217543613165617,0,0.0
351,32,10,0,0.0001217543613165617,0,0.0
352,32,10,0,0.0001217543613165617,0,0.0
353,32,10,0,0.0001217543613165617,0,0.0
354,32,10,0,0.0001217543613165617,0,0.0
355,32,10,0,0.0001217543613165617,0,0.0
356,32,10,0,0.0001217543613165617,0,0.0
357,32,10,0,0.0001217543613165617,0,0.0
358,32,10,0,0.0001217543613165617,0,0.0
359,32,10,0,0.0001217543613165617,0,0.0
360,32,10,0,0.0001217543613165617,0,0.0
361,32,10,0,0.0001217543613165617,0,0.0
362,32,10,0,0.0001217543613165617,0,0.0
363,32,10,0,0.0001217543613165617,0,0.0
364,32,10,0,0.0001217543613165617,0,0.0
365,32,10,0,0.0001217543613165617,0,0.0
366,32,10,0,0.0001217543613165617,0,0.0
367,32,10,0,0.0001217543613165617,0,0.0
368,32,10,0,0.0001217543613165617,0,0.0
369,32,10,0,0.0001217543613165617,0,0.0
370,32,10,0,0.0001217543613165617,0,0.0
371,32,10,0,0.0001217543613165617,0,0.0
372,32,10,0,0.0001217543613165617,0,0.0
373,32,10,0,0.0001217543613165617,0,0.0
374,32,10,0,0.0001217543613165617,0,0.0
375,32,10,0,0.0001217543613165617,0,0.0
376,32,10,0,0.0001217543613165617,0,0.0
377,32,10,1,0.0001217543613165617,1,0.1
378,32,10,0,0.0001217543613165617,0,0.0
379,32,10,6,0.0001217543613165617,0,0.0
380,32,10,0,0.0001217543613165617,0,0.0
381,32,10,0,0.0001217543613165617,0,0.0
382,32,10,0,0.0001217543613165617,0,0.0
383,32,10,0,0.0001217543613165617,0,0.0
384,32,10,0,0.0001217543613165617,0,0.0
385,32,10,0,0.0001217543613165617,0,0.0
386,32,10,0,0.0001217543613165617,0,0.0
387,32,10,0,0.0001217543613165617,0,0.0
388,32,10,0,0.0001217543613165617,0,0.0
389,32,10,0,0.0001217543613165617,0,0.0
390,32,10,0,0.0001217543613165617,0,0.0
391,32,10,0,0.0001217543613165617,0,0.0
392,32,10,0,0.0001217543613165617,0,0.0
393,32,10,0,0.0001217543613165617,0,0.0
394,32,10,0,0.0001217543613165617,0,0.0
395,32,10,0,0.0001217543613165617,0,0.0
396,32,10,0,0.0001217543613165617,0,0.0
397,32,10,0,0.0001217543613165617,0,0.0
398,32,10,0,0.0001217543613165617,0,0.0
399,32,10,0,0.0001217543613165617,0,0.0
400,32,10,1,0.0001217543613165617,0,0.0
401,32,10,0,0.0001217543613165617,0,0.0
402,32,10,0,0.0001217543613165617,0,0.0
403,32,10,0,0.0001217543613165617,0,0.0
404,32,10,0,0.0001217543613165617,0,0.0
405,32,10,0,0.0001217543613165617,0,0.0
406,32,10,0,0.0001217543613165617,0,0.0
407,32,10,0,0.0001217543613165617,0,0.0
408,32,10,0,0.0001217543613165617,0,0.0
409,32,10,0,0.0001217543613165617,0,0.0
410,32,10,0,0.0001217543613165617,0,0.0
411,32,10,0,0.0001217543613165617,0,0.0
412,32,10,0,0.0001217543613165617,0,0.0
413,32,10,0,0.0001217543613165617,0,0.0
414,32,10,0,0.0001217543613165617,0,0.0
415,32,10,0,0.0001217543613165617,0,0.0
416,32,10,0,0.0001217543613165617,0,0.0
417,32,10,0,0.0001217543613165617,0,0.0
418,32,10,0,0.0001217543613165617,0,0.0
419,32,10,0,0.0001217543613165617,0,0.0
420,32,10,0,0.0001217543613165617,0,0.0
421,32,10,0,0.0001217543613165617,0,0.0
422,32,10,1,0.0001217543613165617,0,0.0
423,32,10,0,0.0001217543613165617,0,0.0
424,32,10,0,0.0001217543613165617,0,0.0
425,32,10,0,0.0001217543613165617,0,0.0
426,32,10,0,0.0001217543613165617,0,0.0
427,32,10,0,0.0001217543613165617,0,0.0
428,32,10,0,0.0001217543613165617,0,0.0
429,32,10,0,0.0001217543613165617,0,0.0
430,32,10,1,0.0001217543613165617,1,0.1
431,32,10,0,0.0001217543613165617,0,0.0
432,32,10,0,0.0001217543613165617,0,0.0
433,32,10,0,0.0001217543613165617,0,0.0
434,32,10,0,0.0001217543613165617,0,0.0
435,32,10,0,0.0001217543613165617,0,0.0
436,32,10,0,0.0001217543613165617,0,0.0
437,32,10,0,0.0001217543613165617,0,0.0
438,32,10,0,0.0001217543613165617,0,0.0
439,32,10,0,0.0001217543613165617,0,0.0
440,32,10,0,0.0001217543613165617,0,0.0
441,32,10,0,0.0001217543613165617,0,0.0
442,32,10,0,0.0001217543613165617,0,0.0
443,32,10,0,0.0001217543613165617,0,0.0
444,32,10,1,0.0001217543613165617,0,0.0
445,32,10,0,0.0001217543613165617,0,0.0
446,32,10,0,0.0001217543613165617,0,0.0
447,32,10,0,0.0001217543613165617,0,0.0
448,32,10,0,0.0001217543613165617,0,0.0
449,32,10,0,0.0001217543613165617,0,0.0
450,32,10,0,0.0001217543613165617,0,0.0
451,32,10,0,0.0001217543613165617,0,0.0
452,32,10,0,0.0001217543613165617,0,0.0
453,32,10,0,0.0001217543613165617,0,0.0
454,32,10,0,0.0001217543613165617,0,0.0
455,32,10,0,0.0001217543613165617,0,0.0
456,32,10,0,0.0001217543613165617,0,0.0
457,32,10,0,0.0001217543613165617,0,0.0
458,32,10,0,0.0001217543613165617,0,0.0
459,32,10,0,0.0001217543613165617,0,0.0
460,32,10,0,0.0001217543613165617,0,0.0
461,32,10,0,0.0001217543613165617,0,0.0
462,32,10,0,0.0001217543613165617,0,0.0
463,32,10,0,0.0001217543613165617,0,0.0
464,32,10,0,0.0001217543613165617,0,0.0
465,32,10,0,0.0001217543613165617,0,0.0
466,32,10,0,0.0001217543613165617,0,0.0
467,32,10,0,0.0001217543613165617,0,0.0
468,32,10,0,0.0001217543613165617,0,0.0
469,32,10,0,0.0001217543613165617,0,0.0
470,32,10,0,0.0001217543613165617,0,0.0
471,32,10,0,0.0001217543613165617,0,0.0
472,32,10,0,0.0001217543613165617,0,0.0
473,32,10,0,0.0001217543613165617,0,0.0
474,32,10,0,0.0001217543613165617,0,0.0
475,32,10,0,0.0001217543613165617,0,0.0
476,32,10,0,0.0001217543613165617,0,0.0
477,32,10,0,0.0001217543613165617,0,0.0
478,32,10,0,0.0001217543613165617,0,0.0
479,32,10,0,0.0001217543613165617,0,0.0
480,32,10,0,0.0001217543613165617,0,0.0
481,32,10,0,0.0001217543613165617,0,0.0
482,32,10,0,0.0001217543613165617,0,0.0
483,32,10,0,0.0001217543613165617,0,0.0
484,32,10,0,0.0001217543613165617,0,0.0
485,32,10,0,0.0001217543613165617,0,0.0
486,32,10,0,0.0001217543613165617,0,0.0
487,32,10,0,0.0001217543613165617,0,0.0
488,32,10,0,0.0001217543613165617,0,0.0
489,32,10,1,0.0001217543613165617,0,0.0
490,32,10,0,0.0001217543613165617,0,0.0
491,32,10,0,0.0001217543613165617,0,0.0
492,32,10,0,0.0001217543613165617,0,0.0
493,32,10,0,0.0001217543613165617,0,0.0
494,32,10,0,0.0001217543613165617,0,0.0
495,32,10,0,0.0001217543613165617,0,0.0
496,32,10,0,0.0001217543613165617,0,0.0
497,32,10,1,0.0001217543613165617,0,0.0
498,32,10,0,0.0001217543613165617,0,0.0
499,32,10,0,0.0001217543613165617,0,0.0
500,32,10,0,0.0001217543613165617,0,0.0
501,32,10,0,0.0001217543613165617,0,0.0
502,32,10,0,0.0001217543613165617,0,0.0
503,32,10,0,0.0001217543613165617,0,0.0
504,32,10,0,0.0001217543613165617,0,0.0
505,32,10,0,0.0001217543613165617,0,0.0
506,32,10,0,0.0001217543613165617,0,0.0
507,32,10,0,0.0001217543613165617,0,0.0
508,32,10,0,0.0001217543613165617,0,0.0
509,32,10,0,0.0001217543613165617,0,0.0
510,32,10,0,0.0001217543613165617,0,0.0
511,32,10,0,0.0001217543613165617,0,0.0
512,32,10,0,0.0001217543613165617,0,0.0
513,32,10,0,0.0001217543613165617,0,0.0
514,32,10,1,0.0001217543613165617,1,0.1
515,32,10,0,0.0001217543613165617,0,0.0
516,32,10,0,0.0001217543613165617,0,0.0
517,32,10,0,0.0001217543613165617,0,0.0
518,32,10,0,0.0001217543613165617,0,0.0
519,32,10,0,0.0001217543613165617,0,0.0
520,32,10,0,0.0001217543613165617,0,0.0
521,32,10,1,0.0001217543613165617,0,0.0
522,32,10,0,0.0001217543613165617,0,0.0
523,32,10,0,0.0001217543613165617,0,0.0
524,32,10,0,0.0001217543613165617,0,0.0
525,32,10,0,0.0001217543613165617,0,0.0
526,32,10,0,0.0001217543613165617,0,0.0
527,32,10,0,0.0001217543613165617,0,0.0
528,32,10,0,0.0001217543613165617,0,0.0
529,32,10,0,0.0001217543613165617,0,0.0
530,32,10,0,0.0001217543613165617,0,0.0
531,32,10,0,0.0001217543613165617,0,0.0
532,32,10,0,0.0001217543613165617,0,0.0
533,32,10,0,0.0001217543613165617,0,0.0
534,32,10,0,0.0001217543613165617,0,0.0
535,32,10,0,0.0001217543613165617,0,0.0
536,32,10,0,0.0001217543613165617,0,0.0
537,32,10,0,0.0001217543613165617,0,0.0
538,32,10,0,0.0001217543613165617,0,0.0
539,32,10,0,0.0001217543613165617,0,0.0
540,32,10,0,0.0001217543613165617,0,0.0
541,32,10,0,0.0001217543613165617,0,0.0
542,32,10,0,0.0001217543613165617,0,0.0
543,32,10,0,0.0001217543613165617,0,0.0
544,32,10,0,0.0001217543613165617,0,0.0
545,32,10,0,0.0001217543613165617,0,0.0
546,32,10,0,0.0001217543613165617,0,0.0
547,32,10,1,0.0001217543613165617,0,0.0
548,32,10,0,0.0001217543613165617,0,0.0
549,32,10,0,0.0001217543613165617,0,0.0
550,32,10,0,0.0001217543613165617,0,0.0
551,32,10,0,0.0001217543613165617,0,0.0
552,32,10,0,0.0001217543613165617,0,0.0
553,32,10,0,0.0001217543613165617,0,0.0
554,32,10,0,0.0001217543613165617,0,0.0
555,32,10,0,0.0001217543613165617,0,0.0
556,32,10,0,0.0001217543613165617,0,0.0
557,32,10,0,0.0001217543613165617,0,0.0
558,32,10,2,0.0001217543613165617,0,0.0
559,32,10,0,0.0001217543613165617,0,0.0
560,32,10,0,0.0001217543613165617,0,0.0
561,32,10,2,0.0001217543613165617,0,0.0
562,32,10,0,0.0001217543613165617,0,0.0
563,32,10,0,0.0001217543613165617,0,0.0
564,32,10,0,0.0001217543613165617,0,0.0
565,32,10,0,0.0001217543613165617,0,0.0
566,32,10,0,0.0001217543613165617,0,0.0
567,32,10,0,0.0001217543613165617,0,0.0
568,32,10,0,0.0001217543613165617,0,0.0
569,32,10,0,0.0001217543613165617,0,0.0
570,32,10,0,0.0001217543613165617,0,0.0
571,32,10,0,0.0001217543613165617,0,0.0
572,32,10,0,0.0001217543613165617,0,0.0
573,32,10,0,0.0001217543613165617,0,0.0
574,32,10,0,0.0001217543613165617,0,0.0
575,32,10,0,0.0001217543613165617,0,0.0
576,32,10,0,0.0001217543613165617,0,0.0
577,32,10,0,0.0001217543613165617,0,0.0
578,32,10,0,0.0001217543613165617,0,0.0
579,32,10,0,0.0001217543613165617,0,0.0
580,32,10,0,0.0001217543613165617,0,0.0
581,32,10,0,0.0001217543613165617,0,0.0
582,32,10,0,0.0001217543613165617,0,0.0
583,32,10,0,0.0001217543613165617,0,0.0
584,32,10,0,0.0001217543613165617,0,0.0
585,32,10,0,0.0001217543613165617,0,0.0
586,32,10,0,0.0001217543613165617,0,0.0
587,32,10,0,0.0001217543613165617,0,0.0
588,32,10,0,0.0001217543613165617,0,0.0
589,32,10,0,0.0001217543613165617,0,0.0
590,32,10,0,0.0001217543613165617,0,0.0
591,32,10,0,0.0001217543613165617,0,0.0
592,32,10,1,0.0001217543613165617,1,0.1
593,32,10,0,0.0001217543613165617,0,0.0
594,32,10,0,0.0001217543613165617,0,0.0
595,32,10,0,0.0001217543613165617,0,0.0
596,32,10,0,0.0001217543613165617,0,0.0
597,32,10,0,0.0001217543613165617,0,0.0
598,32,10,1,0.0001217543613165617,1,0.1
599,32,10,4,0.0001217543613165617,0,0.0
600,32,10,0,0.0001217543613165617,0,0.0
601,32,10,0,0.0001217543613165617,0,0.0
602,32,10,0,0.0001217543613165617,0,0.0
603,32,10,0,0.0001217543613165617,0,0.0
604,32,10,0,0.0001217543613165617,0,0.0
605,32,10,0,0.0001217543613165617,0,0.0
606,32,10,0,0.0001217543613165617,0,0.0
607,32,10,0,0.0001217543613165617,0,0.0
608,32,10,0,0.0001217543613165617,0,0.0
609,32,10,0,0.0001217543613165617,0,0.0
610,32,10,3,0.0001217543613165617,3,0.3
611,32,10,0,0.0001217543613165617,0,0.0
612,32,10,0,0.0001217543613165617,0,0.0
613,32,10,0,0.0001217543613165617,0,0.0
614,32,10,0,0.0001217543613165617,0,0.0
615,32,10,1,0.0001217543613165617,0,0.0
616,32,10,0,0.0001217543613165617,0,0.0
617,32,10,0,0.0001217543613165617,0,0.0
618,32,10,0,0.0001217543613165617,0,0.0
619,32,10,0,0.0001217543613165617,0,0.0
620,32,10,0,0.0001217543613165617,0,0.0
621,32,10,0,0.0001217543613165617,0,0.0
622,32,10,0,0.0001217543613165617,0,0.0
623,32,10,0,0.0001217543613165617,0,0.0
624,32,10,0,0.0001217543613165617,0,0.0
625,32,10,0,0.0001217543613165617,0,0.0
626,32,10,0,0.0001217543613165617,0,0.0
627,32,10,0,0.0001217543613165617,0,0.0
628,32,10,0,0.0001217543613165617,0,0.0
629,32,10,0,0.0001217543613165617,0,0.0
630,32,10,0,0.0001217543613165617,0,0.0
631,32,10,0,0.0001217543613165617,0,0.0
632,32,10,0,0.0001217543613165617,0,0.0
633,32,10,1,0.0001217543613165617,1,0.1
634,32,10,0,0.0001217543613165617,0,0.0
635,32,10,0,0.0001217543613165617,0,0.0
636,32,10,0,0.0001217543613165617,0,0.0
637,32,10,0,0.0001217543613165617,0,0.0
638,32,10,0,0.0001217543613165617,0,0.0
639,32,10,0,0.0001217543613165617,0,0.0
640,32,10,0,0.0001217543613165617,0,0.0
641,32,10,0,0.0001217543613165617,0,0.0
642,32,10,0,0.0001217543613165617,0,0.0
643,32,10,0,0.0001217543613165617,0,0.0
644,32,10,0,0.0001217543613165617,0,0.0
645,32,10,0,0.0001217543613165617,0,0.0
646,32,10,0,0.0001217543613165617,0,0.0
647,32,10,0,0.0001217543613165617,0,0.0
648,32,10,0,0.0001217543613165617,0,0.0
649,32,10,0,0.0001217543613165617,0,0.0
650,32,10,1,0.0001217543613165617,0,0.0
651,32,10,0,0.0001217543613165617,0,0.0
652,32,10,0,0.0001217543613165617,0,0.0
653,32,10,0,0.0001217543613165617,0,0.0
654,32,10,0,0.0001217543613165617,0,0.0
655,32,10,0,0.0001217543613165617,0,0.0
656,32,10,0,0.0001217543613165617,0,0.0
657,32,10,0,0.0001217543613165617,0,0.0
658,32,10,0,0.0001217543613165617,0,0.0
659,32,10,2,0.0001217543613165617,0,0.0
660,32,10,0,0.0001217543613165617,0,0.0
661,32,10,0,0.0001217543613165617,0,0.0
662,32,10,0,0.0001217543613165617,0,0.0
663,32,10,0,0.0001217543613165617,0,0.0
664,32,10,1,0.0001217543613165617,0,0.0
665,32,10,1,0.0001217543613165617,0,0.0
666,32,10,0,0.0001217543613165617,0,0.0
667,32,10,0,0.0001217543613165617,0,0.0
668,32,10,0,0.0001217543613165617,0,0.0
669,32,10,0,0.0001217543613165617,0,0.0
670,32,10,0,0.0001217543613165617,0,0.0
671,32,10,0,0.0001217543613165617,0,0.0
672,32,10,0,0.0001217543613165617,0,0.0
673,32,10,0,0.0001217543613165617,0,0.0
674,32,10,0,0.0001217543613165617,0,0.0
675,32,10,0,0.0001217543613165617,0,0.0
676,32,10,0,0.0001217543613165617,0,0.0
677,32,10,0,0.0001217543613165617,0,0.0
678,32,10,0,0.0001217543613165617,0,0.0
679,32,10,0,0.0001217543613165617,0,0.0
680,32,10,0,0.0001217543613165617,0,0.0
681,32,10,0,0.0001217543613165617,0,0.0
682,32,10,0,0.0001217543613165617,0,0.0
683,32,10,0,0.0001217543613165617,0,0.0
684,32,10,0,0.0001217543613165617,0,0.0
685,32,10,0,0.0001217543613165617,0,0.0
686,32,10,0,0.0001217543613165617,0,0.0
687,32,10,0,0.0001217543613165617,0,0.0
688,32,10,0,0.0001217543613165617,0,0.0
689,32,10,0,0.0001217543613165617,0,0.0
690,32,10,0,0.0001217543613165617,0,0.0
691,32,10,0,0.0001217543613165617,0,0.0
692,32,10,0,0.0001217543613165617,0,0.0
693,32,10,0,0.0001217543613165617,0,0.0
694,32,10,0,0.0001217543613165617,0,0.0
695,32,10,0,0.0001217543613165617,0,0.0
696,32,10,0,0.0001217543613165617,0,0.0
697,32,10,0,0.0001217543613165617,0,0.0
698,32,10,1,0.0001217543613165617,0,0.0
699,32,10,0,0.0001217543613165617,0,0.0
700,32,10,0,0.0001217543613165617,0,0.0
701,32,10,0,0.0001217543613165617,0,0.0
702,32,10,0,0.0001217543613165617,0,0.0
703,32,10,0,0.0001217543613165617,0,0.0
704,32,10,0,0.0001217543613165617,0,0.0
705,32,10,0,0.0001217543613165617,0,0.0
706,32,10,0,0.0001217543613165617,0,0.0
707,32,10,0,0.0001217543613165617,0,0.0
708,32,10,0,0.0001217543613165617,0,0.0
709,32,10,0,0.0001217543613165617,0,0.0
710,32,10,0,0.0001217543613165617,0,0.0
711,32,10,0,0.0001217543613165617,0,0.0
712,32,10,0,0.0001217543613165617,0,0.0
713,32,10,0,0.0001217543613165617,0,0.0
714,32,10,0,0.0001217543613165617,0,0.0
715,32,10,0,0.0001217543613165617,0,0.0
716,32,10,0,0.0001217543613165617,0,0.0
717,32,10,0,0.0001217543613165617,0,0.0
718,32,10,0,0.0001217543613165617,0,0.0
719,32,10,0,0.0001217543613165617,0,0.0
720,32,10,0,0.0001217543613165617,0,0.0
721,32,10,0,0.0001217543613165617,0,0.0
722,32,10,0,0.0001217543613165617,0,0.0
723,32,10,0,0.0001217543613165617,0,0.0
724,32,10,0,0.0001217543613165617,0,0.0
725,32,10,0,0.0001217543613165617,0,0.0
726,32,10,1,0.0001217543613165617,0,0.0
727,32,10,0,0.0001217543613165617,0,0.0
728,32,10,0,0.0001217543613165617,0,0.0
729,32,10,0,0.0001217543613165617,0,0.0
730,32,10,0,0.0001217543613165617,0,0.0
731,32,10,0,0.0001217543613165617,0,0.0
732,32,10,0,0.0001217543613165617,0,0.0
733,32,10,0,0.0001217543613165617,0,0.0
734,32,10,0,0.0001217543613165617,0,0.0
735,32,10,0,0.0001217543613165617,0,0.0
736,32,10,0,0.0001217543613165617,0,0.0
737,32,10,0,0.0001217543613165617,0,0.0
738,32,10,0,0.0001217543613165617,0,0.0
739,32,10,0,0.0001217543613165617,0,0.0
740,32,10,0,0.0001217543613165617,0,0.0
741,32,10,0,0.0001217543613165617,0,0.0
742,32,10,0,0.0001217543613165617,0,0.0
743,32,10,0,0.0001217543613165617,0,0.0
744,32,10,0,0.0001217543613165617,0,0.0
745,32,10,0,0.0001217543613165617,0,0.0
746,32,10,1,0.0001217543613165617,0,0.0
747,32,10,1,0.0001217543613165617,0,0.0
748,32,10,0,0.0001217543613165617,0,0.0
749,32,10,0,0.0001217543613165617,0,0.0
750,32,10,0,0.0001217543613165617,0,0.0
751,32,10,0,0.0001217543613165617,0,0.0
752,32,10,1,0.0001217543613165617,1,0.1
753,32,10,0,0.0001217543613165617,0,0.0
754,32,10,0,0.0001217543613165617,0,0.0
755,32,10,0,0.0001217543613165617,0,0.0
756,32,10,1,0.0001217543613165617,1,0.1
757,32,10,0,0.0001217543613165617,0,0.0
758,32,10,0,0.0001217543613165617,0,0.0
759,32,10,0,0.0001217543613165617,0,0.0
760,32,10,0,0.0001217543613165617,0,0.0
761,32,10,0,0.0001217543613165617,0,0.0
762,32,10,0,0.0001217543613165617,0,0.0
763,32,10,0,0.0001217543613165617,0,0.0
764,32,10,0,0.0001217543613165617,0,0.0
765,32,10,0,0.0001217543613165617,0,0.0
766,32,10,0,0.0001217543613165617,0,0.0
767,32,10,0,0.0001217543613165617,0,0.0
768,32,10,0,0.0001217543613165617,0,0.0
769,32,10,0,0.0001217543613165617,0,0.0
770,32,10,0,0.0001217543613165617,0,0.0
771,32,10,1,0.0001217543613165617,0,0.0
772,32,10,0,0.0001217543613165617,0,0.0
773,32,10,0,0.0001217543613165617,0,0.0
774,32,10,0,0.0001217543613165617,0,0.0
775,32,10,0,0.0001217543613165617,0,0.0
776,32,10,0,0.0001217543613165617,0,0.0
777,32,10,0,0.0001217543613165617,0,0.0
778,32,10,0,0.0001217543613165617,0,0.0
779,32,10,0,0.0001217543613165617,0,0.0
780,32,10,0,0.0001217543613165617,0,0.0
781,32,10,0,0.0001217543613165617,0,0.0
782,32,10,0,0.0001217543613165617,0,0.0
783,32,10,0,0.0001217543613165617,0,0.0
784,32,10,0,0.0001217543613165617,0,0.0
785,32,10,0,0.0001217543613165617,0,0.0
786,32,10,0,0.0001217543613165617,0,0.0
787,32,10,0,0.0001217543613165617,0,0.0
788,32,10,0,0.0001217543613165617,0,0.0
789,32,10,0,0.0001217543613165617,0,0.0
790,32,10,0,0.0001217543613165617,0,0.0
791,32,10,0,0.0001217543613165617,0,0.0
792,32,10,0,0.0001217543613165617,0,0.0
793,32,10,0,0.0001217543613165617,0,0.0
794,32,10,0,0.0001217543613165617,0,0.0
795,32,10,0,0.0001217543613165617,0,0.0
796,32,10,0,0.0001217543613165617,0,0.0
797,32,10,0,0.0001217543613165617,0,0.0
798,32,10,0,0.0001217543613165617,0,0.0
799,32,10,0,0.0001217543613165617,0,0.0
800,32,10,0,0.0001217543613165617,0,0.0
801,32,10,0,0.0001217543613165617,0,0.0
802,32,10,0,0.0001217543613165617,0,0.0
803,32,10,0,0.0001217543613165617,0,0.0
804,32,10,0,0.0001217543613165617,0,0.0
805,32,10,0,0.0001217543613165617,0,0.0
806,32,10,0,0.0001217543613165617,0,0.0
807,32,10,0,0.0001217543613165617,0,0.0
808,32,10,0,0.0001217543613165617,0,0.0
809,32,10,0,0.0001217543613165617,0,0.0
810,32,10,0,0.0001217543613165617,0,0.0
811,32,10,0,0.0001217543613165617,0,0.0
812,32,10,0,0.0001217543613165617,0,0.0
813,32,10,0,0.0001217543613165617,0,0.0
814,32,10,0,0.0001217543613165617,0,0.0
815,32,10,0,0.0001217543613165617,0,0.0
816,32,10,0,0.0001217543613165617,0,0.0
817,32,10,0,0.0001217543613165617,0,0.0
818,32,10,0,0.0001217543613165617,0,0.0
819,32,10,0,0.0001217543613165617,0,0.0
820,32,10,0,0.0001217543613165617,0,0.0
821,32,10,0,0.0001217543613165617,0,0.0
822,32,10,0,0.0001217543613165617,0,0.0
823,32,10,1,0.0001217543613165617,0,0.0
824,32,10,0,0.0001217543613165617,0,0.0
825,32,10,0,0.0001217543613165617,0,0.0
826,32,10,0,0.0001217543613165617,0,0.0
827,32,10,0,0.0001217543613165617,0,0.0
828,32,10,0,0.0001217543613165617,0,0.0
829,32,10,0,0.0001217543613165617,0,0.0
830,32,10,0,0.0001217543613165617,0,0.0
831,32,10,0,0.0001217543613165617,0,0.0
832,32,10,0,0.0001217543613165617,0,0.0
833,32,10,0,0.0001217543613165617,0,0.0
834,32,10,0,0.0001217543613165617,0,0.0
835,32,10,0,0.0001217543613165617,0,0.0
836,32,10,0,0.0001217543613165617,0,0.0
837,32,10,1,0.0001217543613165617,0,0.0
838,32,10,0,0.0001217543613165617,0,0.0
839,32,10,0,0.0001217543613165617,0,0.0
840,32,10,0,0.0001217543613165617,0,0.0
841,32,10,0,0.0001217543613165617,0,0.0
842,32,10,0,0.0001217543613165617,0,0.0
843,32,10,0,0.0001217543613165617,0,0.0
844,32,10,0,0.0001217543613165617,0,0.0
845,32,10,0,0.0001217543613165617,0,0.0
846,32,10,0,0.0001217543613165617,0,0.0
847,32,10,0,0.0001217543613165617,0,0.0
848,32,10,0,0.0001217543613165617,0,0.0
849,32,10,0,0.0001217543613165617,0,0.0
850,32,10,1,0.0001217543613165617,1,0.1
851,32,10,0,0.0001217543613165617,0,0.0
852,32,10,0,0.0001217543613165617,0,0.0
853,32,10,0,0.0001217543613165617,0,0.0
854,32,10,2,0.0001217543613165617,0,0.0
855,32,10,0,0.0001217543613165617,0,0.0
856,32,10,0,0.0001217543613165617,0,0.0
857,32,10,0,0.0001217543613165617,0,0.0
858,32,10,0,0.0001217543613165617,0,0.0
859,32,10,0,0.0001217543613165617,0,0.0
860,32,10,0,0.0001217543613165617,0,0.0
861,32,10,0,0.0001217543613165617,0,0.0
862,32,10,3,0.0001217543613165617,1,0.1
863,32,10,1,0.0001217543613165617,0,0.0
864,32,10,0,0.0001217543613165617,0,0.0
865,32,10,0,0.0001217543613165617,0,0.0
866,32,10,0,0.0001217543613165617,0,0.0
867,32,10,0,0.0001217543613165617,0,0.0
868,32,10,0,0.0001217543613165617,0,0.0
869,32,10,0,0.0001217543613165617,0,0.0
870,32,10,1,0.0001217543613165617,1,0.1
871,32,10,0,0.0001217543613165617,0,0.0
872,32,10,0,0.0001217543613165617,0,0.0
873,32,10,2,0.0001217543613165617,0,0.0
874,32,10,1,0.0001217543613165617,1,0.1
875,32,10,0,0.0001217543613165617,0,0.0
876,32,10,0,0.0001217543613165617,0,0.0
877,32,10,0,0.0001217543613165617,0,0.0
878,32,10,0,0.0001217543613165617,0,0.0
879,32,10,0,0.0001217543613165617,0,0.0
880,32,10,0,0.0001217543613165617,0,0.0
881,32,10,0,0.0001217543613165617,0,0.0
882,32,10,0,0.0001217543613165617,0,0.0
883,32,10,0,0.0001217543613165617,0,0.0
884,32,10,1,0.0001217543613165617,0,0.0
885,32,10,0,0.0001217543613165617,0,0.0
886,32,10,0,0.0001217543613165617,0,0.0
887,32,10,0,0.0001217543613165617,0,0.0
888,32,10,0,0.0001217543613165617,0,0.0
889,32,10,0,0.0001217543613165617,0,0.0
890,32,10,0,0.0001217543613165617,0,0.0
891,32,10,0,0.0001217543613165617,0,0.0
892,32,10,0,0.0001217543613165617,0,0.0
893,32,10,0,0.0001217543613165617,0,0.0
894,32,10,0,0.0001217543613165617,0,0.0
895,32,10,0,0.0001217543613165617,0,0.0
896,32,10,0,0.0001217543613165617,0,0.0
897,32,10,0,0.0001217543613165617,0,0.0
898,32,10,0,0.0001217543613165617,0,0.0
899,32,10,0,0.0001217543613165617,0,0.0
900,32,10,0,0.0001217543613165617,0,0.0
901,32,10,4,0.0001217543613165617,3,0.3
902,32,10,0,0.0001217543613165617,0,0.0
903,32,10,1,0.0001217543613165617,1,0.1
904,32,10,0,0.0001217543613165617,0,0.0
905,32,10,0,0.0001217543613165617,0,0.0
906,32,10,0,0.0001217543613165617,0,0.0
907,32,10,0,0.0001217543613165617,0,0.0
908,32,10,0,0.0001217543613165617,0,0.0
909,32,10,0,0.0001217543613165617,0,0.0
910,32,10,0,0.0001217543613165617,0,0.0
911,32,10,0,0.0001217543613165617,0,0.0
912,32,10,0,0.0001217543613165617,0,0.0
913,32,10,1,0.0001217543613165617,0,0.0
914,32,10,0,0.0001217543613165617,0,0.0
915,32,10,0,0.0001217543613165617,0,0.0
916,32,10,2,0.0001217543613165617,0,0.0
917,32,10,0,0.0001217543613165617,0,0.0
918,32,10,0,0.0001217543613165617,0,0.0
919,32,10,2,0.0001217543613165617,0,0.0
920,32,10,0,0.0001217543613165617,0,0.0
921,32,10,0,0.0001217543613165617,0,0.0
922,32,10,0,0.0001217543613165617,0,0.0
923,32,10,2,0.0001217543613165617,0,0.0
924,32,10,0,0.0001217543613165617,0,0.0
925,32,10,0,0.0001217543613165617,0,0.0
926,32,10,0,0.0001217543613165617,0,0.0
927,32,10,0,0.0001217543613165617,0,0.0
928,32,10,0,0.0001217543613165617,0,0.0
929,32,10,1,0.0001217543613165617,0,0.0
930,32,10,0,0.0001217543613165617,0,0.0
931,32,10,0,0.0001217543613165617,0,0.0
932,32,10,0,0.0001217543613165617,0,0.0
933,32,10,0,0.0001217543613165617,0,0.0
934,32,10,2,0.0001217543613165617,0,0.0
935,32,10,0,0.0001217543613165617,0,0.0
936,32,10,0,0.0001217543613165617,0,0.0
937,32,10,0,0.0001217543613165617,0,0.0
938,32,10,0,0.0001217543613165617,0,0.0
939,32,10,0,0.0001217543613165617,0,0.0
940,32,10,0,0.0001217543613165617,0,0.0
941,32,10,0,0.0001217543613165617,0,0.0
942,32,10,0,0.0001217543613165617,0,0.0
943,32,10,0,0.0001217543613165617,0,0.0
944,32,10,0,0.0001217543613165617,0,0.0
945,32,10,0,0.0001217543613165617,0,0.0
946,32,10,0,0.0001217543613165617,0,0.0
947,32,10,0,0.0001217543613165617,0,0.0
948,32,10,0,0.0001217543613165617,0,0.0
949,32,10,0,0.0001217543613165617,0,0.0
950,32,10,0,0.0001217543613165617,0,0.0
951,32,10,0,0.0001217543613165617,0,0.0
952,32,10,0,0.0001217543613165617,0,0.0
953,32,10,0,0.0001217543613165617,0,0.0
954,32,10,0,0.0001217543613165617,0,0.0
955,32,10,0,0.0001217543613165617,0,0.0
956,32,10,0,0.0001217543613165617,0,0.0
957,32,10,0,0.0001217543613165617,0,0.0
958,32,10,3,0.0001217543613165617,2,0.2
959,32,10,0,0.0001217543613165617,0,0.0
960,32,10,0,0.0001217543613165617,0,0.0
961,32,10,0,0.0001217543613165617,0,0.0
962,32,10,0,0.0001217543613165617,0,0.0
963,32,10,0,0.0001217543613165617,0,0.0
964,32,10,0,0.0001217543613165617,0,0.0
965,32,10,0,0.0001217543613165617,0,0.0
966,32,10,0,0.0001217543613165617,0,0.0
967,32,10,0,0.0001217543613165617,0,0.0
968,32,10,0,0.0001217543613165617,0,0.0
969,32,10,0,0.0001217543613165617,0,0.0
970,32,10,0,0.0001217543613165617,0,0.0
971,32,10,0,0.0001217543613165617,0,0.0
972,32,10,0,0.0001217543613165617,0,0.0
973,32,10,0,0.0001217543613165617,0,0.0
974,32,10,0,0.0001217543613165617,0,0.0
975,32,10,0,0.0001217543613165617,0,0.0
976,32,10,0,0.0001217543613165617,0,0.0
977,32,10,0,0.0001217543613165617,0,0.0
978,32,10,0,0.0001217543613165617,0,0.0
979,32,10,0,0.0001217543613165617,0,0.0
980,32,10,0,0.0001217543613165617,0,0.0
981,32,10,2,0.0001217543613165617,0,0.0
982,32,10,1,0.0001217543613165617,1,0.1
983,32,10,0,0.0001217543613165617,0,0.0
984,32,10,0,0.0001217543613165617,0,0.0
985,32,10,0,0.0001217543613165617,0,0.0
986,32,10,0,0.0001217543613165617,0,0.0
987,32,10,0,0.0001217543613165617,0,0.0
988,32,10,0,0.0001217543613165617,0,0.0
989,32,10,0,0.0001217543613165617,0,0.0
990,32,10,0,0.0001217543613165617,0,0.0
991,32,10,0,0.0001217543613165617,0,0.0
992,32,10,0,0.0001217543613165617,0,0.0
993,32,10,0,0.0001217543613165617,0,0.0
994,32,10,0,0.0001217543613165617,0,0.0
995,32,10,0,0.0001217543613165617,0,0.0
996,32,10,0,0.0001217543613165617,0,0.0
997,32,10,0,0.0001217543613165617,0,0.0
998,32,10,0,0.0001217543613165617,0,0.0
999,32,10,0,0.0001217543613165617,0,0.0
0,32,100,0,0.0001217543613165617,0,0.0
1,32,100,0,0.0001217543613165617,0,0.0
2,32,100,0,0.0001217543613165617,0,0.0
3,32,100,0,0.0001217543613165617,0,0.0
4,32,100,0,0.0001217543613165617,0,0.0
5,32,100,0,0.0001217543613165617,0,0.0
6,32,100,0,0.0001217543613165617,0,0.0
7,32,100,0,0.0001217543613165617,0,0.0
8,32,100,0,0.0001217543613165617,0,0.0
9,32,100,0,0.0001217543613165617,0,0.0
10,32,100,0,0.0001217543613165617,0,0.0
11,32,100,0,0.0001217543613165617,0,0.0
12,32,100,0,0.0001217543613165617,0,0.0
13,32,100,0,0.0001217543613165617,0,0.0
14,32,100,0,0.0001217543613165617,0,0.0
15,32,100,0,0.0001217543613165617,0,0.0
16,32,100,0,0.0001217543613165617,0,0.0
17,32,100,0,0.0001217543613165617,0,0.0
18,32,100,0,0.0001217543613165617,0,0.0
19,32,100,1,0.0001217543613165617,0,0.0
20,32,100,0,0.0001217543613165617,0,0.0
21,32,100,3,0.0001217543613165617,3,0.03
22,32,100,0,0.0001217543613165617,0,0.0
23,32,100,0,0.0001217543613165617,0,0.0
24,32,100,0,0.0001217543613165617,0,0.0
25,32,100,0,0.0001217543613165617,0,0.0
26,32,100,0,0.0001217543613165617,0,0.0
27,32,100,0,0.0001217543613165617,0,0.0
28,32,100,0,0.0001217543613165617,0,0.0
29,32,100,0,0.0001217543613165617,0,0.0
30,32,100,1,0.0001217543613165617,0,0.0
31,32,100,0,0.0001217543613165617,0,0.0
32,32,100,0,0.0001217543613165617,0,0.0
33,32,100,0,0.0001217543613165617,0,0.0
34,32,100,0,0.0001217543613165617,0,0.0
35,32,100,0,0.0001217543613165617,0,0.0
36,32,100,0,0.0001217543613165617,0,0.0
37,32,100,0,0.0001217543613165617,0,0.0
38,32,100,0,0.0001217543613165617,0,0.0
39,32,100,0,0.0001217543613165617,0,0.0
40,32,100,0,0.0001217543613165617,0,0.0
41,32,100,0,0.0001217543613165617,0,0.0
42,32,100,0,0.0001217543613165617,0,0.0
43,32,100,0,0.0001217543613165617,0,0.0
44,32,100,0,0.0001217543613165617,0,0.0
45,32,100,0,0.0001217543613165617,0,0.0
46,32,100,0,0.0001217543613165617,0,0.0
47,32,100,0,0.0001217543613165617,0,0.0
48,32,100,0,0.0001217543613165617,0,0.0
49,32,100,1,0.0001217543613165617,0,0.0
50,32,100,0,0.0001217543613165617,0,0.0
51,32,100,0,0.0001217543613165617,0,0.0
52,32,100,0,0.0001217543613165617,0,0.0
53,32,100,1,0.0001217543613165617,1,0.01
54,32,100,0,0.0001217543613165617,0,0.0
55,32,100,0,0.0001217543613165617,0,0.0
56,32,100,0,0.0001217543613165617,0,0.0
57,32,100,1,0.0001217543613165617,1,0.01
58,32,100,0,0.0001217543613165617,0,0.0
59,32,100,0,0.0001217543613165617,0,0.0
60,32,100,0,0.0001217543613165617,0,0.0
61,32,100,0,0.0001217543613165617,0,0.0
62,32,100,2,0.0001217543613165617,0,0.0
63,32,100,0,0.0001217543613165617,0,0.0
64,32,100,0,0.0001217543613165617,0,0.0
65,32,100,0,0.0001217543613165617,0,0.0
66,32,100,0,0.0001217543613165617,0,0.0
67,32,100,0,0.0001217543613165617,0,0.0
68,32,100,3,0.0001217543613165617,3,0.03
69,32,100,0,0.0001217543613165617,0,0.0
70,32,100,0,0.0001217543613165617,0,0.0
71,32,100,0,0.0001217543613165617,0,0.0
72,32,100,0,0.0001217543613165617,0,0.0
73,32,100,0,0.0001217543613165617,0,0.0
74,32,100,0,0.0001217543613165617,0,0.0
75,32,100,0,0.0001217543613165617,0,0.0
76,32,100,0,0.0001217543613165617,0,0.0
77,32,100,0,0.0001217543613165617,0,0.0
78,32,100,0,0.0001217543613165617,0,0.0
79,32,100,0,0.0001217543613165617,0,0.0
80,32,100,0,0.0001217543613165617,0,0.0
81,32,100,0,0.0001217543613165617,0,0.0
82,32,100,0,0.0001217543613165617,0,0.0
83,32,100,0,0.0001217543613165617,0,0.0
84,32,100,0,0.0001217543613165617,0,0.0
85,32,100,5,0.0001217543613165617,2,0.02
86,32,100,1,0.0001217543613165617,0,0.0
87,32,100,0,0.0001217543613165617,0,0.0
88,32,100,0,0.0001217543613165617,0,0.0
89,32,100,0,0.0001217543613165617,0,0.0
90,32,100,13,0.0001217543613165617,1,0.01
91,32,100,0,0.0001217543613165617,0,0.0
92,32,100,0,0.0001217543613165617,0,0.0
93,32,100,0,0.0001217543613165617,0,0.0
94,32,100,0,0.0001217543613165617,0,0.0
95,32,100,0,0.0001217543613165617,0,0.0
96,32,100,0,0.0001217543613165617,0,0.0
97,32,100,0,0.0001217543613165617,0,0.0
98,32,100,0,0.0001217543613165617,0,0.0
99,32,100,0,0.0001217543613165617,0,0.0
100,32,100,1,0.0001217543613165617,1,0.01
101,32,100,0,0.0001217543613165617,0,0.0
102,32,100,0,0.0001217543613165617,0,0.0
103,32,100,0,0.0001217543613165617,0,0.0
104,32,100,0,0.0001217543613165617,0,0.0
105,32,100,0,0.0001217543613165617,0,0.0
106,32,100,0,0.0001217543613165617,0,0.0
107,32,100,0,0.0001217543613165617,0,0.0
108,32,100,0,0.0001217543613165617,0,0.0
109,32,100,0,0.0001217543613165617,0,0.0
110,32,100,0,0.0001217543613165617,0,0.0
111,32,100,0,0.0001217543613165617,0,0.0
112,32,100,0,0.0001217543613165617,0,0.0
113,32,100,0,0.0001217543613165617,0,0.0
114,32,100,0,0.0001217543613165617,0,0.0
115,32,100,0,0.0001217543613165617,0,0.0
116,32,100,0,0.0001217543613165617,0,0.0
117,32,100,1,0.0001217543613165617,0,0.0
118,32,100,0,0.0001217543613165617,0,0.0
119,32,100,0,0.0001217543613165617,0,0.0
120,32,100,1,0.0001217543613165617,1,0.01
121,32,100,0,0.0001217543613165617,0,0.0
122,32,100,0,0.0001217543613165617,0,0.0
123,32,100,0,0.0001217543613165617,0,0.0
124,32,100,0,0.0001217543613165617,0,0.0
125,32,100,0,0.0001217543613165617,0,0.0
126,32,100,0,0.0001217543613165617,0,0.0
127,32,100,3,0.0001217543613165617,3,0.03
128,32,100,0,0.0001217543613165617,0,0.0
129,32,100,0,0.0001217543613165617,0,0.0
130,32,100,0,0.0001217543613165617,0,0.0
131,32,100,0,0.0001217543613165617,0,0.0
132,32,100,0,0.0001217543613165617,0,0.0
133,32,100,0,0.0001217543613165617,0,0.0
134,32,100,0,0.0001217543613165617,0,0.0
135,32,100,0,0.0001217543613165617,0,0.0
136,32,100,0,0.0001217543613165617,0,0.0
137,32,100,0,0.0001217543613165617,0,0.0
138,32,100,1,0.0001217543613165617,0,0.0
139,32,100,0,0.0001217543613165617,0,0.0
140,32,100,0,0.0001217543613165617,0,0.0
141,32,100,0,0.0001217543613165617,0,0.0
142,32,100,0,0.0001217543613165617,0,0.0
143,32,100,0,0.0001217543613165617,0,0.0
144,32,100,0,0.0001217543613165617,0,0.0
145,32,100,0,0.0001217543613165617,0,0.0
146,32,100,0,0.0001217543613165617,0,0.0
147,32,100,0,0.0001217543613165617,0,0.0
148,32,100,0,0.0001217543613165617,0,0.0
149,32,100,0,0.0001217543613165617,0,0.0
150,32,100,0,0.0001217543613165617,0,0.0
151,32,100,0,0.0001217543613165617,0,0.0
152,32,100,0,0.0001217543613165617,0,0.0
153,32,100,0,0.0001217543613165617,0,0.0
154,32,100,0,0.0001217543613165617,0,0.0
155,32,100,0,0.0001217543613165617,0,0.0
156,32,100,0,0.0001217543613165617,0,0.0
157,32,100,0,0.0001217543613165617,0,0.0
158,32,100,0,0.0001217543613165617,0,0.0
159,32,100,0,0.0001217543613165617,0,0.0
160,32,100,0,0.0001217543613165617,0,0.0
161,32,100,0,0.0001217543613165617,0,0.0
162,32,100,0,0.0001217543613165617,0,0.0
163,32,100,0,0.0001217543613165617,0,0.0
164,32,100,0,0.0001217543613165617,0,0.0
165,32,100,0,0.0001217543613165617,0,0.0
166,32,100,0,0.0001217543613165617,0,0.0
167,32,100,0,0.0001217543613165617,0,0.0
168,32,100,0,0.0001217543613165617,0,0.0
169,32,100,0,0.0001217543613165617,0,0.0
170,32,100,0,0.0001217543613165617,0,0.0
171,32,100,0,0.0001217543613165617,0,0.0
172,32,100,0,0.0001217543613165617,0,0.0
173,32,100,1,0.0001217543613165617,0,0.0
174,32,100,0,0.0001217543613165617,0,0.0
175,32,100,0,0.0001217543613165617,0,0.0
176,32,100,0,0.0001217543613165617,0,0.0
177,32,100,0,0.0001217543613165617,0,0.0
178,32,100,0,0.0001217543613165617,0,0.0
179,32,100,0,0.0001217543613165617,0,0.0
180,32,100,0,0.0001217543613165617,0,0.0
181,32,100,0,0.0001217543613165617,0,0.0
182,32,100,0,0.0001217543613165617,0,0.0
183,32,100,0,0.0001217543613165617,0,0.0
184,32,100,0,0.0001217543613165617,0,0.0
185,32,100,0,0.0001217543613165617,0,0.0
186,32,100,0,0.0001217543613165617,0,0.0
187,32,100,0,0.0001217543613165617,0,0.0
188,32,100,0,0.0001217543613165617,0,0.0
189,32,100,0,0.0001217543613165617,0,0.0
190,32,100,1,0.0001217543613165617,1,0.01
191,32,100,0,0.0001217543613165617,0,0.0
192,32,100,0,0.0001217543613165617,0,0.0
193,32,100,0,0.0001217543613165617,0,0.0
194,32,100,0,0.0001217543613165617,0,0.0
195,32,100,0,0.0001217543613165617,0,0.0
196,32,100,0,0.0001217543613165617,0,0.0
197,32,100,0,0.0001217543613165617,0,0.0
198,32,100,0,0.0001217543613165617,0,0.0
199,32,100,0,0.0001217543613165617,0,0.0
200,32,100,0,0.0001217543613165617,0,0.0
201,32,100,0,0.0001217543613165617,0,0.0
202,32,100,0,0.0001217543613165617,0,0.0
203,32,100,0,0.0001217543613165617,0,0.0
204,32,100,0,0.0001217543613165617,0,0.0
205,32,100,0,0.0001217543613165617,0,0.0
206,32,100,0,0.0001217543613165617,0,0.0
207,32,100,0,0.0001217543613165617,0,0.0
208,32,100,0,0.0001217543613165617,0,0.0
209,32,100,0,0.0001217543613165617,0,0.0
210,32,100,2,0.0001217543613165617,2,0.02
211,32,100,0,0.0001217543613165617,0,0.0
212,32,100,0,0.0001217543613165617,0,0.0
213,32,100,0,0.0001217543613165617,0,0.0
214,32,100,0,0.0001217543613165617,0,0.0
215,32,100,0,0.0001217543613165617,0,0.0
216,32,100,0,0.0001217543613165617,0,0.0
217,32,100,0,0.0001217543613165617,0,0.0
218,32,100,1,0.0001217543613165617,1,0.01
219,32,100,0,0.0001217543613165617,0,0.0
220,32,100,0,0.0001217543613165617,0,0.0
221,32,100,0,0.0001217543613165617,0,0.0
222,32,100,0,0.0001217543613165617,0,0.0
223,32,100,0,0.0001217543613165617,0,0.0
224,32,100,0,0.0001217543613165617,0,0.0
225,32,100,0,0.0001217543613165617,0,0.0
226,32,100,0,0.0001217543613165617,0,0.0
227,32,100,0,0.0001217543613165617,0,0.0
228,32,100,0,0.0001217543613165617,0,0.0
229,32,100,0,0.0001217543613165617,0,0.0
230,32,100,0,0.0001217543613165617,0,0.0
231,32,100,0,0.0001217543613165617,0,0.0
232,32,100,1,0.0001217543613165617,0,0.0
233,32,100,0,0.0001217543613165617,0,0.0
234,32,100,0,0.0001217543613165617,0,0.0
235,32,100,0,0.0001217543613165617,0,0.0
236,32,100,0,0.0001217543613165617,0,0.0
237,32,100,0,0.0001217543613165617,0,0.0
238,32,100,0,0.0001217543613165617,0,0.0
239,32,100,0,0.0001217543613165617,0,0.0
240,32,100,0,0.0001217543613165617,0,0.0
241,32,100,0,0.0001217543613165617,0,0.0
242,32,100,0,0.0001217543613165617,0,0.0
243,32,100,0,0.0001217543613165617,0,0.0
244,32,100,0,0.0001217543613165617,0,0.0
245,32,100,0,0.0001217543613165617,0,0.0
246,32,100,1,0.0001217543613165617,1,0.01
247,32,100,1,0.0001217543613165617,1,0.01
248,32,100,0,0.0001217543613165617,0,0.0
249,32,100,0,0.0001217543613165617,0,0.0
250,32,100,4,0.0001217543613165617,0,0.0
251,32,100,0,0.0001217543613165617,0,0.0
252,32,100,0,0.0001217543613165617,0,0.0
253,32,100,0,0.0001217543613165617,0,0.0
254,32,100,0,0.0001217543613165617,0,0.0
255,32,100,0,0.0001217543613165617,0,0.0
256,32,100,0,0.0001217543613165617,0,0.0
257,32,100,0,0.0001217543613165617,0,0.0
258,32,100,0,0.0001217543613165617,0,0.0
259,32,100,0,0.0001217543613165617,0,0.0
260,32,100,0,0.0001217543613165617,0,0.0
261,32,100,0,0.0001217543613165617,0,0.0
262,32,100,0,0.0001217543613165617,0,0.0
263,32,100,0,0.0001217543613165617,0,0.0
264,32,100,0,0.0001217543613165617,0,0.0
265,32,100,0,0.0001217543613165617,0,0.0
266,32,100,0,0.0001217543613165617,0,0.0
267,32,100,0,0.0001217543613165617,0,0.0
268,32,100,0,0.0001217543613165617,0,0.0
269,32,100,0,0.0001217543613165617,0,0.0
270,32,100,0,0.0001217543613165617,0,0.0
271,32,100,0,0.0001217543613165617,0,0.0
272,32,100,0,0.0001217543613165617,0,0.0
273,32,100,0,0.0001217543613165617,0,0.0
274,32,100,0,0.0001217543613165617,0,0.0
275,32,100,0,0.0001217543613165617,0,0.0
276,32,100,0,0.0001217543613165617,0,0.0
277,32,100,0,0.0001217543613165617,0,0.0
278,32,100,0,0.0001217543613165617,0,0.0
279,32,100,0,0.0001217543613165617,0,0.0
280,32,100,0,0.0001217543613165617,0,0.0
281,32,100,0,0.0001217543613165617,0,0.0
282,32,100,0,0.0001217543613165617,0,0.0
283,32,100,0,0.0001217543613165617,0,0.0
284,32,100,0,0.0001217543613165617,0,0.0
285,32,100,0,0.0001217543613165617,0,0.0
286,32,100,1,0.0001217543613165617,1,0.01
287,32,100,2,0.0001217543613165617,2,0.02
288,32,100,1,0.0001217543613165617,0,0.0
289,32,100,0,0.0001217543613165617,0,0.0
290,32,100,0,0.0001217543613165617,0,0.0
291,32,100,0,0.0001217543613165617,0,0.0
292,32,100,0,0.0001217543613165617,0,0.0
293,32,100,0,0.0001217543613165617,0,0.0
294,32,100,0,0.0001217543613165617,0,0.0
295,32,100,0,0.0001217543613165617,0,0.0
296,32,100,0,0.0001217543613165617,0,0.0
297,32,100,0,0.0001217543613165617,0,0.0
298,32,100,0,0.0001217543613165617,0,0.0
299,32,100,0,0.0001217543613165617,0,0.0
300,32,100,0,0.0001217543613165617,0,0.0
301,32,100,0,0.0001217543613165617,0,0.0
302,32,100,0,0.0001217543613165617,0,0.0
303,32,100,0,0.0001217543613165617,0,0.0
304,32,100,0,0.0001217543613165617,0,0.0
305,32,100,0,0.0001217543613165617,0,0.0
306,32,100,0,0.0001217543613165617,0,0.0
307,32,100,0,0.0001217543613165617,0,0.0
308,32,100,0,0.0001217543613165617,0,0.0
309,32,100,0,0.0001217543613165617,0,0.0
310,32,100,0,0.0001217543613165617,0,0.0
311,32,100,0,0.0001217543613165617,0,0.0
312,32,100,0,0.0001217543613165617,0,0.0
313,32,100,0,0.0001217543613165617,0,0.0
314,32,100,0,0.0001217543613165617,0,0.0
315,32,100,0,0.0001217543613165617,0,0.0
316,32,100,0,0.0001217543613165617,0,0.0
317,32,100,0,0.0001217543613165617,0,0.0
318,32,100,0,0.0001217543613165617,0,0.0
319,32,100,0,0.0001217543613165617,0,0.0
320,32,100,0,0.0001217543613165617,0,0.0
321,32,100,0,0.0001217543613165617,0,0.0
322,32,100,2,0.0001217543613165617,0,0.0
323,32,100,0,0.0001217543613165617,0,0.0
324,32,100,0,0.0001217543613165617,0,0.0
325,32,100,0,0.0001217543613165617,0,0.0
326,32,100,0,0.0001217543613165617,0,0.0
327,32,100,1,0.0001217543613165617,0,0.0
328,32,100,0,0.0001217543613165617,0,0.0
329,32,100,0,0.0001217543613165617,0,0.0
330,32,100,0,0.0001217543613165617,0,0.0
331,32,100,0,0.0001217543613165617,0,0.0
332,32,100,0,0.0001217543613165617,0,0.0
333,32,100,0,0.0001217543613165617,0,0.0
334,32,100,0,0.0001217543613165617,0,0.0
335,32,100,1,0.0001217543613165617,0,0.0
336,32,100,1,0.0001217543613165617,1,0.01
337,32,100,0,0.0001217543613165617,0,0.0
338,32,100,0,0.0001217543613165617,0,0.0
339,32,100,0,0.0001217543613165617,0,0.0
340,32,100,0,0.0001217543613165617,0,0.0
341,32,100,0,0.0001217543613165617,0,0.0
342,32,100,0,0.0001217543613165617,0,0.0
343,32,100,0,0.0001217543613165617,0,0.0
344,32,100,0,0.0001217543613165617,0,0.0
345,32,100,0,0.0001217543613165617,0,0.0
346,32,100,0,0.0001217543613165617,0,0.0
347,32,100,0,0.0001217543613165617,0,0.0
348,32,100,0,0.0001217543613165617,0,0.0
349,32,100,0,0.0001217543613165617,0,0.0
350,32,100,0,0.0001217543613165617,0,0.0
351,32,100,0,0.0001217543613165617,0,0.0
352,32,100,0,0.0001217543613165617,0,0.0
353,32,100,0,0.0001217543613165617,0,0.0
354,32,100,0,0.0001217543613165617,0,0.0
355,32,100,0,0.0001217543613165617,0,0.0
356,32,100,0,0.0001217543613165617,0,0.0
357,32,100,0,0.0001217543613165617,0,0.0
358,32,100,0,0.0001217543613165617,0,0.0
359,32,100,0,0.0001217543613165617,0,0.0
360,32,100,0,0.0001217543613165617,0,0.0
361,32,100,0,0.0001217543613165617,0,0.0
362,32,100,0,0.0001217543613165617,0,0.0
363,32,100,0,0.0001217543613165617,0,0.0
364,32,100,0,0.0001217543613165617,0,0.0
365,32,100,0,0.0001217543613165617,0,0.0
366,32,100,0,0.0001217543613165617,0,0.0
367,32,100,0,0.0001217543613165617,0,0.0
368,32,100,0,0.0001217543613165617,0,0.0
369,32,100,0,0.0001217543613165617,0,0.0
370,32,100,0,0.0001217543613165617,0,0.0
371,32,100,0,0.0001217543613165617,0,0.0
372,32,100,0,0.0001217543613165617,0,0.0
373,32,100,0,0.0001217543613165617,0,0.0
374,32,100,0,0.0001217543613165617,0,0.0
375,32,100,0,0.0001217543613165617,0,0.0
376,32,100,0,0.0001217543613165617,0,0.0
377,32,100,1,0.0001217543613165617,1,0.01
378,32,100,0,0.0001217543613165617,0,0.0
379,32,100,6,0.0001217543613165617,1,0.01
380,32,100,0,0.0001217543613165617,0,0.0
381,32,100,0,0.0001217543613165617,0,0.0
382,32,100,0,0.0001217543613165617,0,0.0
383,32,100,0,0.0001217543613165617,0,0.0
384,32,100,0,0.0001217543613165617,0,0.0
385,32,100,0,0.0001217543613165617,0,0.0
386,32,100,0,0.0001217543613165617,0,0.0
387,32,100,0,0.0001217543613165617,0,0.0
388,32,100,0,0.0001217543613165617,0,0.0
389,32,100,0,0.0001217543613165617,0,0.0
390,32,100,0,0.0001217543613165617,0,0.0
391,32,100,0,0.0001217543613165617,0,0.0
392,32,100,0,0.0001217543613165617,0,0.0
393,32,100,0,0.0001217543613165617,0,0.0
394,32,100,0,0.0001217543613165617,0,0.0
395,32,100,0,0.0001217543613165617,0,0.0
396,32,100,0,0.0001217543613165617,0,0.0
397,32,100,0,0.0001217543613165617,0,0.0
398,32,100,0,0.0001217543613165617,0,0.0
399,32,100,0,0.0001217543613165617,0,0.0
400,32,100,1,0.0001217543613165617,1,0.01
401,32,100,0,0.0001217543613165617,0,0.0
402,32,100,0,0.0001217543613165617,0,0.0
403,32,100,0,0.0001217543613165617,0,0.0
404,32,100,0,0.0001217543613165617,0,0.0
405,32,100,0,0.0001217543613165617,0,0.0
406,32,100,0,0.0001217543613165617,0,0.0
407,32,100,0,0.0001217543613165617,0,0.0
408,32,100,0,0.0001217543613165617,0,0.0
409,32,100,0,0.0001217543613165617,0,0.0
410,32,100,0,0.0001217543613165617,0,0.0
411,32,100,0,0.0001217543613165617,0,0.0
412,32,100,0,0.0001217543613165617,0,0.0
413,32,100,0,0.0001217543613165617,0,0.0
414,32,100,0,0.0001217543613165617,0,0.0
415,32,100,0,0.0001217543613165617,0,0.0
416,32,100,0,0.0001217543613165617,0,0.0
417,32,100,0,0.0001217543613165617,0,0.0
418,32,100,0,0.0001217543613165617,0,0.0
419,32,100,0,0.0001217543613165617,0,0.0
420,32,100,0,0.0001217543613165617,0,0.0
421,32,100,0,0.0001217543613165617,0,0.0
422,32,100,1,0.0001217543613165617,0,0.0
423,32,100,0,0.0001217543613165617,0,0.0
424,32,100,0,0.0001217543613165617,0,0.0
425,32,100,0,0.0001217543613165617,0,0.0
426,32,100,0,0.0001217543613165617,0,0.0
427,32,100,0,0.0001217543613165617,0,0.0
428,32,100,0,0.0001217543613165617,0,0.0
429,32,100,0,0.0001217543613165617,0,0.0
430,32,100,1,0.0001217543613165617,1,0.01
431,32,100,0,0.0001217543613165617,0,0.0
432,32,100,0,0.0001217543613165617,0,0.0
433,32,100,0,0.0001217543613165617,0,0.0
434,32,100,0,0.0001217543613165617,0,0.0
435,32,100,0,0.0001217543613165617,0,0.0
436,32,100,0,0.0001217543613165617,0,0.0
437,32,100,0,0.0001217543613165617,0,0.0
438,32,100,0,0.0001217543613165617,0,0.0
439,32,100,0,0.0001217543613165617,0,0.0
440,32,100,0,0.0001217543613165617,0,0.0
441,32,100,0,0.0001217543613165617,0,0.0
442,32,100,0,0.0001217543613165617,0,0.0
443,32,100,0,0.0001217543613165617,0,0.0
444,32,100,1,0.0001217543613165617,0,0.0
445,32,100,0,0.0001217543613165617,0,0.0
446,32,100,0,0.0001217543613165617,0,0.0
447,32,100,0,0.0001217543613165617,0,0.0
448,32,100,0,0.0001217543613165617,0,0.0
449,32,100,0,0.0001217543613165617,0,0.0
450,32,100,0,0.0001217543613165617,0,0.0
451,32,100,0,0.0001217543613165617,0,0.0
452,32,100,0,0.0001217543613165617,0,0.0
453,32,100,0,0.0001217543613165617,0,0.0
454,32,100,0,0.0001217543613165617,0,0.0
455,32,100,0,0.0001217543613165617,0,0.0
456,32,100,0,0.0001217543613165617,0,0.0
457,32,100,0,0.0001217543613165617,0,0.0
458,32,100,0,0.0001217543613165617,0,0.0
459,32,100,0,0.0001217543613165617,0,0.0
460,32,100,0,0.0001217543613165617,0,0.0
461,32,100,0,0.0001217543613165617,0,0.0
462,32,100,0,0.0001217543613165617,0,0.0
463,32,100,0,0.0001217543613165617,0,0.0
464,32,100,0,0.0001217543613165617,0,0.0
465,32,100,0,0.0001217543613165617,0,0.0
466,32,100,0,0.0001217543613165617,0,0.0
467,32,100,0,0.0001217543613165617,0,0.0
468,32,100,0,0.0001217543613165617,0,0.0
469,32,100,0,0.0001217543613165617,0,0.0
470,32,100,0,0.0001217543613165617,0,0.0
471,32,100,0,0.0001217543613165617,0,0.0
472,32,100,0,0.0001217543613165617,0,0.0
473,32,100,0,0.0001217543613165617,0,0.0
474,32,100,0,0.0001217543613165617,0,0.0
475,32,100,0,0.0001217543613165617,0,0.0
476,32,100,0,0.0001217543613165617,0,0.0
477,32,100,0,0.0001217543613165617,0,0.0
478,32,100,0,0.0001217543613165617,0,0.0
479,32,100,0,0.0001217543613165617,0,0.0
480,32,100,0,0.0001217543613165617,0,0.0
481,32,100,0,0.0001217543613165617,0,0.0
482,32,100,0,0.0001217543613165617,0,0.0
483,32,100,0,0.0001217543613165617,0,0.0
484,32,100,0,0.0001217543613165617,0,0.0
485,32,100,0,0.0001217543613165617,0,0.0
486,32,100,0,0.0001217543613165617,0,0.0
487,32,100,0,0.0001217543613165617,0,0.0
488,32,100,0,0.0001217543613165617,0,0.0
489,32,100,1,0.0001217543613165617,0,0.0
490,32,100,0,0.0001217543613165617,0,0.0
491,32,100,0,0.0001217543613165617,0,0.0
492,32,100,0,0.0001217543613165617,0,0.0
493,32,100,0,0.0001217543613165617,0,0.0
494,32,100,0,0.0001217543613165617,0,0.0
495,32,100,0,0.0001217543613165617,0,0.0
496,32,100,0,0.0001217543613165617,0,0.0
497,32,100,1,0.0001217543613165617,0,0.0
498,32,100,0,0.0001217543613165617,0,0.0
499,32,100,0,0.0001217543613165617,0,0.0
500,32,100,0,0.0001217543613165617,0,0.0
501,32,100,0,0.0001217543613165617,0,0.0
502,32,100,0,0.0001217543613165617,0,0.0
503,32,100,0,0.0001217543613165617,0,0.0
504,32,100,0,0.0001217543613165617,0,0.0
505,32,100,0,0.0001217543613165617,0,0.0
506,32,100,0,0.0001217543613165617,0,0.0
507,32,100,0,0.0001217543613165617,0,0.0
508,32,100,0,0.0001217543613165617,0,0.0
509,32,100,0,0.0001217543613165617,0,0.0
510,32,100,0,0.0001217543613165617,0,0.0
511,32,100,0,0.0001217543613165617,0,0.0
512,32,100,0,0.0001217543613165617,0,0.0
513,32,100,0,0.0001217543613165617,0,0.0
514,32,100,1,0.0001217543613165617,1,0.01
515,32,100,0,0.0001217543613165617,0,0.0
516,32,100,0,0.0001217543613165617,0,0.0
517,32,100,0,0.0001217543613165617,0,0.0
518,32,100,0,0.0001217543613165617,0,0.0
519,32,100,0,0.0001217543613165617,0,0.0
520,32,100,0,0.0001217543613165617,0,0.0
521,32,100,1,0.0001217543613165617,0,0.0
522,32,100,0,0.0001217543613165617,0,0.0
523,32,100,0,0.0001217543613165617,0,0.0
524,32,100,0,0.0001217543613165617,0,0.0
525,32,100,0,0.0001217543613165617,0,0.0
526,32,100,0,0.0001217543613165617,0,0.0
527,32,100,0,0.0001217543613165617,0,0.0
528,32,100,0,0.0001217543613165617,0,0.0
529,32,100,0,0.0001217543613165617,0,0.0
530,32,100,0,0.0001217543613165617,0,0.0
531,32,100,0,0.0001217543613165617,0,0.0
532,32,100,0,0.0001217543613165617,0,0.0
533,32,100,0,0.0001217543613165617,0,0.0
534,32,100,0,0.0001217543613165617,0,0.0
535,32,100,0,0.0001217543613165617,0,0.0
536,32,100,0,0.0001217543613165617,0,0.0
537,32,100,0,0.0001217543613165617,0,0.0
538,32,100,0,0.0001217543613165617,0,0.0
539,32,100,0,0.0001217543613165617,0,0.0
540,32,100,0,0.0001217543613165617,0,0.0
541,32,100,0,0.0001217543613165617,0,0.0
542,32,100,0,0.0001217543613165617,0,0.0
543,32,100,0,0.0001217543613165617,0,0.0
544,32,100,0,0.0001217543613165617,0,0.0
545,32,100,0,0.0001217543613165617,0,0.0
546,32,100,0,0.0001217543613165617,0,0.0
547,32,100,1,0.0001217543613165617,0,0.0
548,32,100,0,0.0001217543613165617,0,0.0
549,32,100,0,0.0001217543613165617,0,0.0
550,32,100,0,0.0001217543613165617,0,0.0
551,32,100,0,0.0001217543613165617,0,0.0
552,32,100,0,0.0001217543613165617,0,0.0
553,32,100,0,0.0001217543613165617,0,0.0
554,32,100,0,0.0001217543613165617,0,0.0
555,32,100,0,0.0001217543613165617,0,0.0
556,32,100,0,0.0001217543613165617,0,0.0
557,32,100,0,0.0001217543613165617,0,0.0
558,32,100,2,0.0001217543613165617,0,0.0
559,32,100,0,0.0001217543613165617,0,0.0
560,32,100,0,0.0001217543613165617,0,0.0
561,32,100,2,0.0001217543613165617,2,0.02
562,32,100,0,0.0001217543613165617,0,0.0
563,32,100,0,0.0001217543613165617,0,0.0
564,32,100,0,0.0001217543613165617,0,0.0
565,32,100,0,0.0001217543613165617,0,0.0
566,32,100,0,0.0001217543613165617,0,0.0
567,32,100,0,0.0001217543613165617,0,0.0
568,32,100,0,0.0001217543613165617,0,0.0
569,32,100,0,0.0001217543613165617,0,0.0
570,32,100,0,0.0001217543613165617,0,0.0
571,32,100,0,0.0001217543613165617,0,0.0
572,32,100,0,0.0001217543613165617,0,0.0
573,32,100,0,0.0001217543613165617,0,0.0
574,32,100,0,0.0001217543613165617,0,0.0
575,32,100,0,0.0001217543613165617,0,0.0
576,32,100,0,0.0001217543613165617,0,0.0
577,32,100,0,0.0001217543613165617,0,0.0
578,32,100,0,0.0001217543613165617,0,0.0
579,32,100,0,0.0001217543613165617,0,0.0
580,32,100,0,0.0001217543613165617,0,0.0
581,32,100,0,0.0001217543613165617,0,0.0
582,32,100,0,0.0001217543613165617,0,0.0
583,32,100,0,0.0001217543613165617,0,0.0
584,32,100,0,0.0001217543613165617,0,0.0
585,32,100,0,0.0001217543613165617,0,0.0
586,32,100,0,0.0001217543613165617,0,0.0
587,32,100,0,0.0001217543613165617,0,0.0
588,32,100,0,0.0001217543613165617,0,0.0
589,32,100,0,0.0001217543613165617,0,0.0
590,32,100,0,0.0001217543613165617,0,0.0
591,32,100,0,0.0001217543613165617,0,0.0
592,32,100,1,0.0001217543613165617,1,0.01
593,32,100,0,0.0001217543613165617,0,0.0
594,32,100,0,0.0001217543613165617,0,0.0
595,32,100,0,0.0001217543613165617,0,0.0
596,32,100,0,0.0001217543613165617,0,0.0
597,32,100,0,0.0001217543613165617,0,0.0
598,32,100,1,0.0001217543613165617,1,0.01
599,32,100,4,0.0001217543613165617,1,0.01
600,32,100,0,0.0001217543613165617,0,0.0
601,32,100,0,0.0001217543613165617,0,0.0
602,32,100,0,0.0001217543613165617,0,0.0
603,32,100,0,0.0001217543613165617,0,0.0
604,32,100,0,0.0001217543613165617,0,0.0
605,32,100,0,0.0001217543613165617,0,0.0
606,32,100,0,0.0001217543613165617,0,0.0
607,32,100,0,0.0001217543613165617,0,0.0
608,32,100,0,0.0001217543613165617,0,0.0
609,32,100,0,0.0001217543613165617,0,0.0
610,32,100,3,0.0001217543613165617,3,0.03
611,32,100,0,0.0001217543613165617,0,0.0
612,32,100,0,0.0001217543613165617,0,0.0
613,32,100,0,0.0001217543613165617,0,0.0
614,32,100,0,0.0001217543613165617,0,0.0
615,32,100,1,0.0001217543613165617,0,0.0
616,32,100,0,0.0001217543613165617,0,0.0
617,32,100,0,0.0001217543613165617,0,0.0
618,32,100,0,0.0001217543613165617,0,0.0
619,32,100,0,0.0001217543613165617,0,0.0
620,32,100,0,0.0001217543613165617,0,0.0
621,32,100,0,0.0001217543613165617,0,0.0
622,32,100,0,0.0001217543613165617,0,0.0
623,32,100,0,0.0001217543613165617,0,0.0
624,32,100,0,0.0001217543613165617,0,0.0
625,32,100,0,0.0001217543613165617,0,0.0
626,32,100,0,0.0001217543613165617,0,0.0
627,32,100,0,0.0001217543613165617,0,0.0
628,32,100,0,0.0001217543613165617,0,0.0
629,32,100,0,0.0001217543613165617,0,0.0
630,32,100,0,0.0001217543613165617,0,0.0
631,32,100,0,0.0001217543613165617,0,0.0
632,32,100,0,0.0001217543613165617,0,0.0
633,32,100,1,0.0001217543613165617,1,0.01
634,32,100,0,0.0001217543613165617,0,0.0
635,32,100,0,0.0001217543613165617,0,0.0
636,32,100,0,0.0001217543613165617,0,0.0
637,32,100,0,0.0001217543613165617,0,0.0
638,32,100,0,0.0001217543613165617,0,0.0
639,32,100,0,0.0001217543613165617,0,0.0
640,32,100,0,0.0001217543613165617,0,0.0
641,32,100,0,0.0001217543613165617,0,0.0
642,32,100,0,0.0001217543613165617,0,0.0
643,32,100,0,0.0001217543613165617,0,0.0
644,32,100,0,0.0001217543613165617,0,0.0
645,32,100,0,0.0001217543613165617,0,0.0
646,32,100,0,0.0001217543613165617,0,0.0
647,32,100,0,0.0001217543613165617,0,0.0
648,32,100,0,0.0001217543613165617,0,0.0
649,32,100,0,0.0001217543613165617,0,0.0
650,32,100,1,0.0001217543613165617,0,0.0
651,32,100,0,0.0001217543613165617,0,0.0
652,32,100,0,0.0001217543613165617,0,0.0
653,32,100,0,0.0001217543613165617,0,0.0
654,32,100,0,0.0001217543613165617,0,0.0
655,32,100,0,0.0001217543613165617,0,0.0
656,32,100,0,0.0001217543613165617,0,0.0
657,32,100,0,0.0001217543613165617,0,0.0
658,32,100,0,0.0001217543613165617,0,0.0
659,32,100,2,0.0001217543613165617,0,0.0
660,32,100,0,0.0001217543613165617,0,0.0
661,32,100,0,0.0001217543613165617,0,0.0
662,32,100,0,0.0001217543613165617,0,0.0
663,32,100,0,0.0001217543613165617,0,0.0
664,32,100,1,0.0001217543613165617,1,0.01
665,32,100,1,0.0001217543613165617,0,0.0
666,32,100,0,0.0001217543613165617,0,0.0
667,32,100,0,0.0001217543613165617,0,0.0
668,32,100,0,0.0001217543613165617,0,0.0
669,32,100,0,0.0001217543613165617,0,0.0
670,32,100,0,0.0001217543613165617,0,0.0
671,32,100,0,0.0001217543613165617,0,0.0
672,32,100,0,0.0001217543613165617,0,0.0
673,32,100,0,0.0001217543613165617,0,0.0
674,32,100,0,0.0001217543613165617,0,0.0
675,32,100,0,0.0001217543613165617,0,0.0
676,32,100,0,0.0001217543613165617,0,0.0
677,32,100,0,0.0001217543613165617,0,0.0
678,32,100,0,0.0001217543613165617,0,0.0
679,32,100,0,0.0001217543613165617,0,0.0
680,32,100,0,0.0001217543613165617,0,0.0
681,32,100,0,0.0001217543613165617,0,0.0
682,32,100,0,0.0001217543613165617,0,0.0
683,32,100,0,0.0001217543613165617,0,0.0
684,32,100,0,0.0001217543613165617,0,0.0
685,32,100,0,0.0001217543613165617,0,0.0
686,32,100,0,0.0001217543613165617,0,0.0
687,32,100,0,0.0001217543613165617,0,0.0
688,32,100,0,0.0001217543613165617,0,0.0
689,32,100,0,0.0001217543613165617,0,0.0
690,32,100,0,0.0001217543613165617,0,0.0
691,32,100,0,0.0001217543613165617,0,0.0
692,32,100,0,0.0001217543613165617,0,0.0
693,32,100,0,0.0001217543613165617,0,0.0
694,32,100,0,0.0001217543613165617,0,0.0
695,32,100,0,0.0001217543613165617,0,0.0
696,32,100,0,0.0001217543613165617,0,0.0
697,32,100,0,0.0001217543613165617,0,0.0
698,32,100,1,0.0001217543613165617,0,0.0
699,32,100,0,0.0001217543613165617,0,0.0
700,32,100,0,0.0001217543613165617,0,0.0
701,32,100,0,0.0001217543613165617,0,0.0
702,32,100,0,0.0001217543613165617,0,0.0
703,32,100,0,0.0001217543613165617,0,0.0
704,32,100,0,0.0001217543613165617,0,0.0
705,32,100,0,0.0001217543613165617,0,0.0
706,32,100,0,0.0001217543613165617,0,0.0
707,32,100,0,0.0001217543613165617,0,0.0
708,32,100,0,0.0001217543613165617,0,0.0
709,32,100,0,0.0001217543613165617,0,0.0
710,32,100,0,0.0001217543613165617,0,0.0
711,32,100,0,0.0001217543613165617,0,0.0
712,32,100,0,0.0001217543613165617,0,0.0
713,32,100,0,0.0001217543613165617,0,0.0
714,32,100,0,0.0001217543613165617,0,0.0
715,32,100,0,0.0001217543613165617,0,0.0
716,32,100,0,0.0001217543613165617,0,0.0
717,32,100,0,0.0001217543613165617,0,0.0
718,32,100,0,0.0001217543613165617,0,0.0
719,32,100,0,0.0001217543613165617,0,0.0
720,32,100,0,0.0001217543613165617,0,0.0
721,32,100,0,0.0001217543613165617,0,0.0
722,32,100,0,0.0001217543613165617,0,0.0
723,32,100,0,0.0001217543613165617,0,0.0
724,32,100,0,0.0001217543613165617,0,0.0
725,32,100,0,0.0001217543613165617,0,0.0
726,32,100,1,0.0001217543613165617,0,0.0
727,32,100,0,0.0001217543613165617,0,0.0
728,32,100,0,0.0001217543613165617,0,0.0
729,32,100,0,0.0001217543613165617,0,0.0
730,32,100,0,0.0001217543613165617,0,0.0
731,32,100,0,0.0001217543613165617,0,0.0
732,32,100,0,0.0001217543613165617,0,0.0
733,32,100,0,0.0001217543613165617,0,0.0
734,32,100,0,0.0001217543613165617,0,0.0
735,32,100,0,0.0001217543613165617,0,0.0
736,32,100,0,0.0001217543613165617,0,0.0
737,32,100,0,0.0001217543613165617,0,0.0
738,32,100,0,0.0001217543613165617,0,0.0
739,32,100,0,0.0001217543613165617,0,0.0
740,32,100,0,0.0001217543613165617,0,0.0
741,32,100,0,0.0001217543613165617,0,0.0
742,32,100,0,0.0001217543613165617,0,0.0
743,32,100,0,0.0001217543613165617,0,0.0
744,32,100,0,0.0001217543613165617,0,0.0
745,32,100,0,0.0001217543613165617,0,0.0
746,32,100,1,0.0001217543613165617,0,0.0
747,32,100,1,0.0001217543613165617,0,0.0
748,32,100,0,0.0001217543613165617,0,0.0
749,32,100,0,0.0001217543613165617,0,0.0
750,32,100,0,0.0001217543613165617,0,0.0
751,32,100,0,0.0001217543613165617,0,0.0
752,32,100,1,0.0001217543613165617,1,0.01
753,32,100,0,0.0001217543613165617,0,0.0
754,32,100,0,0.0001217543613165617,0,0.0
755,32,100,0,0.0001217543613165617,0,0.0
756,32,100,1,0.0001217543613165617,1,0.01
757,32,100,0,0.0001217543613165617,0,0.0
758,32,100,0,0.0001217543613165617,0,0.0
759,32,100,0,0.0001217543613165617,0,0.0
760,32,100,0,0.0001217543613165617,0,0.0
761,32,100,0,0.0001217543613165617,0,0.0
762,32,100,0,0.0001217543613165617,0,0.0
763,32,100,0,0.0001217543613165617,0,0.0
764,32,100,0,0.0001217543613165617,0,0.0
765,32,100,0,0.0001217543613165617,0,0.0
766,32,100,0,0.0001217543613165617,0,0.0
767,32,100,0,0.0001217543613165617,0,0.0
768,32,100,0,0.0001217543613165617,0,0.0
769,32,100,0,0.0001217543613165617,0,0.0
770,32,100,0,0.0001217543613165617,0,0.0
771,32,100,1,0.0001217543613165617,0,0.0
772,32,100,0,0.0001217543613165617,0,0.0
773,32,100,0,0.0001217543613165617,0,0.0
774,32,100,0,0.0001217543613165617,0,0.0
775,32,100,0,0.0001217543613165617,0,0.0
776,32,100,0,0.0001217543613165617,0,0.0
777,32,100,0,0.0001217543613165617,0,0.0
778,32,100,0,0.0001217543613165617,0,0.0
779,32,100,0,0.0001217543613165617,0,0.0
780,32,100,0,0.0001217543613165617,0,0.0
781,32,100,0,0.0001217543613165617,0,0.0
782,32,100,0,0.0001217543613165617,0,0.0
783,32,100,0,0.0001217543613165617,0,0.0
784,32,100,0,0.0001217543613165617,0,0.0
785,32,100,0,0.0001217543613165617,0,0.0
786,32,100,0,0.0001217543613165617,0,0.0
787,32,100,0,0.0001217543613165617,0,0.0
788,32,100,0,0.0001217543613165617,0,0.0
789,32,100,0,0.0001217543613165617,0,0.0
790,32,100,0,0.0001217543613165617,0,0.0
791,32,100,0,0.0001217543613165617,0,0.0
792,32,100,0,0.0001217543613165617,0,0.0
793,32,100,0,0.0001217543613165617,0,0.0
794,32,100,0,0.0001217543613165617,0,0.0
795,32,100,0,0.0001217543613165617,0,0.0
796,32,100,0,0.0001217543613165617,0,0.0
797,32,100,0,0.0001217543613165617,0,0.0
798,32,100,0,0.0001217543613165617,0,0.0
799,32,100,0,0.0001217543613165617,0,0.0
800,32,100,0,0.0001217543613165617,0,0.0
801,32,100,0,0.0001217543613165617,0,0.0
802,32,100,0,0.0001217543613165617,0,0.0
803,32,100,0,0.0001217543613165617,0,0.0
804,32,100,0,0.0001217543613165617,0,0.0
805,32,100,0,0.0001217543613165617,0,0.0
806,32,100,0,0.0001217543613165617,0,0.0
807,32,100,0,0.0001217543613165617,0,0.0
808,32,100,0,0.0001217543613165617,0,0.0
809,32,100,0,0.0001217543613165617,0,0.0
810,32,100,0,0.0001217543613165617,0,0.0
811,32,100,0,0.0001217543613165617,0,0.0
812,32,100,0,0.0001217543613165617,0,0.0
813,32,100,0,0.0001217543613165617,0,0.0
814,32,100,0,0.0001217543613165617,0,0.0
815,32,100,0,0.0001217543613165617,0,0.0
816,32,100,0,0.0001217543613165617,0,0.0
817,32,100,0,0.0001217543613165617,0,0.0
818,32,100,0,0.0001217543613165617,0,0.0
819,32,100,0,0.0001217543613165617,0,0.0
820,32,100,0,0.0001217543613165617,0,0.0
821,32,100,0,0.0001217543613165617,0,0.0
822,32,100,0,0.0001217543613165617,0,0.0
823,32,100,1,0.0001217543613165617,0,0.0
824,32,100,0,0.0001217543613165617,0,0.0
825,32,100,0,0.0001217543613165617,0,0.0
826,32,100,0,0.0001217543613165617,0,0.0
827,32,100,0,0.0001217543613165617,0,0.0
828,32,100,0,0.0001217543613165617,0,0.0
829,32,100,0,0.0001217543613165617,0,0.0
830,32,100,0,0.0001217543613165617,0,0.0
831,32,100,0,0.0001217543613165617,0,0.0
832,32,100,0,0.0001217543613165617,0,0.0
833,32,100,0,0.0001217543613165617,0,0.0
834,32,100,0,0.0001217543613165617,0,0.0
835,32,100,0,0.0001217543613165617,0,0.0
836,32,100,0,0.0001217543613165617,0,0.0
837,32,100,1,0.0001217543613165617,0,0.0
838,32,100,0,0.0001217543613165617,0,0.0
839,32,100,0,0.0001217543613165617,0,0.0
840,32,100,0,0.0001217543613165617,0,0.0
841,32,100,0,0.0001217543613165617,0,0.0
842,32,100,0,0.0001217543613165617,0,0.0
843,32,100,0,0.0001217543613165617,0,0.0
844,32,100,0,0.0001217543613165617,0,0.0
845,32,100,0,0.0001217543613165617,0,0.0
846,32,100,0,0.0001217543613165617,0,0.0
847,32,100,0,0.0001217543613165617,0,0.0
848,32,100,0,0.0001217543613165617,0,0.0
849,32,100,0,0.0001217543613165617,0,0.0
850,32,100,1,0.0001217543613165617,1,0.01
851,32,100,0,0.0001217543613165617,0,0.0
852,32,100,0,0.0001217543613165617,0,0.0
853,32,100,0,0.0001217543613165617,0,0.0
854,32,100,2,0.0001217543613165617,0,0.0
855,32,100,0,0.0001217543613165617,0,0.0
856,32,100,0,0.0001217543613165617,0,0.0
857,32,100,0,0.0001217543613165617,0,0.0
858,32,100,0,0.0001217543613165617,0,0.0
859,32,100,0,0.0001217543613165617,0,0.0
860,32,100,0,0.0001217543613165617,0,0.0
861,32,100,0,0.0001217543613165617,0,0.0
862,32,100,3,0.0001217543613165617,2,0.02
863,32,100,1,0.0001217543613165617,0,0.0
864,32,100,0,0.0001217543613165617,0,0.0
865,32,100,0,0.0001217543613165617,0,0.0
866,32,100,0,0.0001217543613165617,0,0.0
867,32,100,0,0.0001217543613165617,0,0.0
868,32,100,0,0.0001217543613165617,0,0.0
869,32,100,0,0.0001217543613165617,0,0.0
870,32,100,1,0.0001217543613165617,1,0.01
871,32,100,0,0.0001217543613165617,0,0.0
872,32,100,0,0.0001217543613165617,0,0.0
873,32,100,2,0.0001217543613165617,0,0.0
874,32,100,1,0.0001217543613165617,1,0.01
875,32,100,0,0.0001217543613165617,0,0.0
876,32,100,0,0.0001217543613165617,0,0.0
877,32,100,0,0.0001217543613165617,0,0.0
878,32,100,0,0.0001217543613165617,0,0.0
879,32,100,0,0.0001217543613165617,0,0.0
880,32,100,0,0.0001217543613165617,0,0.0
881,32,100,0,0.0001217543613165617,0,0.0
882,32,100,0,0.0001217543613165617,0,0.0
883,32,100,0,0.0001217543613165617,0,0.0
884,32,100,1,0.0001217543613165617,0,0.0
885,32,100,0,0.0001217543613165617,0,0.0
886,32,100,0,0.0001217543613165617,0,0.0
887,32,100,0,0.0001217543613165617,0,0.0
888,32,100,0,0.0001217543613165617,0,0.0
889,32,100,0,0.0001217543613165617,0,0.0
890,32,100,0,0.0001217543613165617,0,0.0
891,32,100,0,0.0001217543613165617,0,0.0
892,32,100,0,0.0001217543613165617,0,0.0
893,32,100,0,0.0001217543613165617,0,0.0
894,32,100,0,0.0001217543613165617,0,0.0
895,32,100,0,0.0001217543613165617,0,0.0
896,32,100,0,0.0001217543613165617,0,0.0
897,32,100,0,0.0001217543613165617,0,0.0
898,32,100,0,0.0001217543613165617,0,0.0
899,32,100,0,0.0001217543613165617,0,0.0
900,32,100,0,0.0001217543613165617,0,0.0
901,32,100,4,0.0001217543613165617,3,0.03
902,32,100,0,0.0001217543613165617,0,0.0
903,32,100,1,0.0001217543613165617,1,0.01
904,32,100,0,0.0001217543613165617,0,0.0
905,32,100,0,0.0001217543613165617,0,0.0
906,32,100,0,0.0001217543613165617,0,0.0
907,32,100,0,0.0001217543613165617,0,0.0
908,32,100,0,0.0001217543613165617,0,0.0
909,32,100,0,0.0001217543613165617,0,0.0
910,32,100,0,0.0001217543613165617,0,0.0
911,32,100,0,0.0001217543613165617,0,0.0
912,32,100,0,0.0001217543613165617,0,0.0
913,32,100,1,0.0001217543613165617,0,0.0
914,32,100,0,0.0001217543613165617,0,0.0
915,32,100,0,0.0001217543613165617,0,0.0
916,32,100,2,0.0001217543613165617,0,0.0
917,32,100,0,0.0001217543613165617,0,0.0
918,32,100,0,0.0001217543613165617,0,0.0
919,32,100,2,0.0001217543613165617,0,0.0
920,32,100,0,0.0001217543613165617,0,0.0
921,32,100,0,0.0001217543613165617,0,0.0
922,32,100,0,0.0001217543613165617,0,0.0
923,32,100,2,0.0001217543613165617,0,0.0
924,32,100,0,0.0001217543613165617,0,0.0
925,32,100,0,0.0001217543613165617,0,0.0
926,32,100,0,0.0001217543613165617,0,0.0
927,32,100,0,0.0001217543613165617,0,0.0
928,32,100,0,0.0001217543613165617,0,0.0
929,32,100,1,0.0001217543613165617,0,0.0
930,32,100,0,0.0001217543613165617,0,0.0
931,32,100,0,0.0001217543613165617,0,0.0
932,32,100,0,0.0001217543613165617,0,0.0
933,32,100,0,0.0001217543613165617,0,0.0
934,32,100,2,0.0001217543613165617,0,0.0
935,32,100,0,0.0001217543613165617,0,0.0
936,32,100,0,0.0001217543613165617,0,0.0
937,32,100,0,0.0001217543613165617,0,0.0
938,32,100,0,0.0001217543613165617,0,0.0
939,32,100,0,0.0001217543613165617,0,0.0
940,32,100,0,0.0001217543613165617,0,0.0
941,32,100,0,0.0001217543613165617,0,0.0
942,32,100,0,0.0001217543613165617,0,0.0
943,32,100,0,0.0001217543613165617,0,0.0
944,32,100,0,0.0001217543613165617,0,0.0
945,32,100,0,0.0001217543613165617,0,0.0
946,32,100,0,0.0001217543613165617,0,0.0
947,32,100,0,0.0001217543613165617,0,0.0
948,32,100,0,0.0001217543613165617,0,0.0
949,32,100,0,0.0001217543613165617,0,0.0
950,32,100,0,0.0001217543613165617,0,0.0
951,32,100,0,0.0001217543613165617,0,0.0
952,32,100,0,0.0001217543613165617,0,0.0
953,32,100,0,0.0001217543613165617,0,0.0
954,32,100,0,0.0001217543613165617,0,0.0
955,32,100,0,0.0001217543613165617,0,0.0
956,32,100,0,0.0001217543613165617,0,0.0
957,32,100,0,0.0001217543613165617,0,0.0
958,32,100,3,0.0001217543613165617,2,0.02
959,32,100,0,0.0001217543613165617,0,0.0
960,32,100,0,0.0001217543613165617,0,0.0
961,32,100,0,0.0001217543613165617,0,0.0
962,32,100,0,0.0001217543613165617,0,0.0
963,32,100,0,0.0001217543613165617,0,0.0
964,32,100,0,0.0001217543613165617,0,0.0
965,32,100,0,0.0001217543613165617,0,0.0
966,32,100,0,0.0001217543613165617,0,0.0
967,32,100,0,0.0001217543613165617,0,0.0
968,32,100,0,0.0001217543613165617,0,0.0
969,32,100,0,0.0001217543613165617,0,0.0
970,32,100,0,0.0001217543613165617,0,0.0
971,32,100,0,0.0001217543613165617,0,0.0
972,32,100,0,0.0001217543613165617,0,0.0
973,32,100,0,0.0001217543613165617,0,0.0
974,32,100,0,0.0001217543613165617,0,0.0
975,32,100,0,0.0001217543613165617,0,0.0
976,32,100,0,0.0001217543613165617,0,0.0
977,32,100,0,0.0001217543613165617,0,0.0
978,32,100,0,0.0001217543613165617,0,0.0
979,32,100,0,0.0001217543613165617,0,0.0
980,32,100,0,0.0001217543613165617,0,0.0
981,32,100,2,0.0001217543613165617,0,0.0
982,32,100,1,0.0001217543613165617,1,0.01
983,32,100,0,0.0001217543613165617,0,0.0
984,32,100,0,0.0001217543613165617,0,0.0
985,32,100,0,0.0001217543613165617,0,0.0
986,32,100,0,0.0001217543613165617,0,0.0
987,32,100,0,0.0001217543613165617,0,0.0
988,32,100,0,0.0001217543613165617,0,0.0
989,32,100,0,0.0001217543613165617,0,0.0
990,32,100,0,0.0001217543613165617,0,0.0
991,32,100,0,0.0001217543613165617,0,0.0
992,32,100,0,0.0001217543613165617,0,0.0
993,32,100,0,0.0001217543613165617,0,0.0
994,32,100,0,0.0001217543613165617,0,0.0
995,32,100,0,0.0001217543613165617,0,0.0
996,32,100,0,0.0001217543613165617,0,0.0
997,32,100,0,0.0001217543613165617,0,0.0
998,32,100,0,0.0001217543613165617,0,0.0
999,32,100,0,0.0001217543613165617,0,0.0
