query,top_k,correct_depth,stop_depth,correct_documents_scored,stop_documents_scored,extra_documents_scored,extra_lookups
0,1,4,1,3082,31215,28133,468
0,2,1,1,31215,31215,0,0
0,3,1,1,31215,31215,0,0
0,5,1,1,31215,31215,0,0
0,10,1,0,31215,39741,8526,0
0,20,1,0,31215,39741,8526,0
0,50,1,0,31215,39741,8526,0
0,100,1,0,31215,39741,8526,0
1,1,3,0,22971,43791,20820,312
1,2,3,0,22971,43791,20820,312
1,3,3,0,22971,43791,20820,312
1,5,3,0,22971,43791,20820,312
1,10,0,0,43791,43791,0,0
1,20,0,0,43791,43791,0,0
1,50,0,0,43791,43791,0,0
1,100,0,0,43791,43791,0,0
2,1,7,1,439,24383,23944,936
2,2,3,1,19429,24383,4954,312
2,3,3,1,19429,24383,4954,312
2,5,3,1,19429,24383,4954,312
2,10,3,1,19429,24383,4954,312
2,20,3,1,19429,24383,4954,312
2,50,1,0,24383,40035,15652,0
2,100,1,0,24383,40035,15652,0
3,1,4,2,19975,23258,3283,312
3,2,4,2,19975,23258,3283,312
3,3,4,2,19975,23258,3283,312
3,5,4,2,19975,23258,3283,312
3,10,4,0,19975,44066,24091,468
3,20,2,0,23258,44066,20808,156
3,50,2,0,23258,44066,20808,156
3,100,2,0,23258,44066,20808,156
4,1,2,0,17617,42019,24402,156
4,2,2,0,17617,42019,24402,156
4,3,2,0,17617,42019,24402,156
4,5,2,0,17617,42019,24402,156
4,10,2,0,17617,42019,24402,156
4,20,0,0,42019,42019,0,0
4,50,0,0,42019,42019,0,0
4,100,0,0,42019,42019,0,0
5,1,6,2,1566,6480,4914,624
5,2,4,0,5269,39911,34642,468
5,3,4,0,5269,39911,34642,468
5,5,1,0,19396,39911,20515,0
5,10,1,0,19396,39911,20515,0
5,20,0,0,39911,39911,0,0
5,50,0,0,39911,39911,0,0
5,100,0,0,39911,39911,0,0
6,1,10,0,289,40898,40609,1404
6,2,10,0,289,40898,40609,1404
6,3,4,0,3117,40898,37781,468
6,5,4,0,3117,40898,37781,468
6,10,0,0,40898,40898,0,0
6,20,0,0,40898,40898,0,0
6,50,0,0,40898,40898,0,0
6,100,0,0,40898,40898,0,0
7,1,8,2,3411,17864,14453,936
7,2,3,0,17741,39778,22037,312
7,3,3,0,17741,39778,22037,312
7,5,3,0,17741,39778,22037,312
7,10,3,0,17741,39778,22037,312
7,20,3,0,17741,39778,22037,312
7,50,0,0,39778,39778,0,0
7,100,0,0,39778,39778,0,0
8,1,12,2,197,22284,22087,1560
8,2,6,2,11565,22284,10719,624
8,3,6,1,11565,26107,14542,780
8,5,6,1,11565,26107,14542,780
8,10,4,1,15285,26107,10822,468
8,20,4,1,15285,26107,10822,468
8,50,1,1,26107,26107,0,0
8,100,1,1,26107,26107,0,0
9,1,6,0,1829,39265,37436,780
9,2,4,0,14743,39265,24522,468
9,3,4,0,14743,39265,24522,468
9,5,1,0,18593,39265,20672,0
9,10,0,0,39265,39265,0,0
9,20,0,0,39265,39265,0,0
9,50,0,0,39265,39265,0,0
9,100,0,0,39265,39265,0,0
10,1,20,2,2,19983,19981,2808
10,2,6,0,3184,39667,36483,780
10,3,6,0,3184,39667,36483,780
10,5,0,0,39667,39667,0,0
10,10,0,0,39667,39667,0,0
10,20,0,0,39667,39667,0,0
10,50,0,0,39667,39667,0,0
10,100,0,0,39667,39667,0,0
11,1,28,28,5,5,0,0
11,2,1,0,25646,40794,15148,0
11,3,1,0,25646,40794,15148,0
11,5,0,0,40794,40794,0,0
11,10,0,0,40794,40794,0,0
11,20,0,0,40794,40794,0,0
11,50,0,0,40794,40794,0,0
11,100,0,0,40794,40794,0,0
12,1,3,2,5552,5595,43,156
12,2,3,2,5552,5595,43,156
12,3,3,2,5552,5595,43,156
12,5,3,2,5552,5595,43,156
12,10,3,2,5552,5595,43,156
12,20,3,1,5552,28835,23283,312
12,50,1,0,28835,45227,16392,0
12,100,0,0,45227,45227,0,0
13,1,7,1,2626,30963,28337,936
13,2,3,1,10225,30963,20738,312
13,3,3,1,10225,30963,20738,312
13,5,3,1,10225,30963,20738,312
13,10,1,1,30963,30963,0,0
13,20,1,0,30963,37678,6715,0
13,50,1,0,30963,37678,6715,0
13,100,1,0,30963,37678,6715,0
14,1,3,1,25363,28493,3130,312
14,2,3,1,25363,28493,3130,312
14,3,3,1,25363,28493,3130,312
14,5,3,1,25363,28493,3130,312
14,10,3,1,25363,28493,3130,312
14,20,3,1,25363,28493,3130,312
14,50,3,1,25363,28493,3130,312
14,100,1,0,28493,41696,13203,0
15,1,6,2,1461,22693,21232,624
15,2,4,1,9155,24448,15293,468
15,3,4,1,9155,24448,15293,468
15,5,4,1,9155,24448,15293,468
15,10,4,0,9155,40570,31415,468
15,20,3,0,22678,40570,17892,312
15,50,3,0,22678,40570,17892,312
15,100,3,0,22678,40570,17892,312
16,1,7,2,1564,20286,18722,780
16,2,4,0,12630,44130,31500,468
16,3,4,0,12630,44130,31500,468
16,5,4,0,12630,44130,31500,468
16,10,0,0,44130,44130,0,0
16,20,0,0,44130,44130,0,0
16,50,0,0,44130,44130,0,0
16,100,0,0,44130,44130,0,0
17,1,11,2,275,22102,21827,1404
17,2,5,2,12485,22102,9617,468
17,3,5,2,12485,22102,9617,468
17,5,5,2,12485,22102,9617,468
17,10,4,2,16567,22102,5535,312
17,20,4,0,16567,37332,20765,468
17,50,4,0,16567,37332,20765,468
17,100,0,0,37332,37332,0,0
18,1,8,2,607,23841,23234,936
18,2,4,2,8582,23841,15259,312
18,3,3,2,23819,23841,22,156
18,5,3,1,23819,25793,1974,312
18,10,3,1,23819,25793,1974,312
18,20,3,1,23819,25793,1974,312
18,50,3,1,23819,25793,1974,312
18,100,1,1,25793,25793,0,0
19,1,32,32,1,1,0,0
19,2,14,2,36,24067,24031,1872
19,3,6,2,5813,24067,18254,624
19,5,6,1,5813,31129,25316,780
19,10,6,1,5813,31129,25316,780
19,20,4,1,19880,31129,11249,468
19,50,1,1,31129,31129,0,0
19,100,1,0,31129,37780,6651,0
20,1,2,2,13909,13909,0,0
20,2,2,2,13909,13909,0,0
20,3,2,2,13909,13909,0,0
20,5,2,2,13909,13909,0,0
20,10,0,0,38448,38448,0,0
20,20,0,0,38448,38448,0,0
20,50,0,0,38448,38448,0,0
20,100,0,0,38448,38448,0,0
21,1,32,32,3,3,0,0
21,2,32,32,3,3,0,0
21,3,32,32,3,3,0,0
21,5,20,2,21,24466,24445,2808
21,10,5,2,13018,24466,11448,468
21,20,4,1,16166,30522,14356,468
21,50,3,0,24386,42432,18046,312
21,100,1,0,30522,42432,11910,0
22,1,7,0,1288,45280,43992,936
22,2,1,0,23063,45280,22217,0
22,3,0,0,45280,45280,0,0
22,5,0,0,45280,45280,0,0
22,10,0,0,45280,45280,0,0
22,20,0,0,45280,45280,0,0
22,50,0,0,45280,45280,0,0
22,100,0,0,45280,45280,0,0
23,1,4,4,14360,14360,0,0
23,2,4,4,14360,14360,0,0
23,3,4,2,14360,20334,5974,312
23,5,0,0,39990,39990,0,0
23,10,0,0,39990,39990,0,0
23,20,0,0,39990,39990,0,0
23,50,0,0,39990,39990,0,0
23,100,0,0,39990,39990,0,0
24,1,7,1,1574,31567,29993,936
24,2,7,1,1574,31567,29993,936
24,3,7,1,1574,31567,29993,936
24,5,1,1,31567,31567,0,0
24,10,1,1,31567,31567,0,0
24,20,1,0,31567,37846,6279,0
24,50,1,0,31567,37846,6279,0
24,100,1,0,31567,37846,6279,0
25,1,10,0,1184,39431,38247,1404
25,2,10,0,1184,39431,38247,1404
25,3,10,0,1184,39431,38247,1404
25,5,10,0,1184,39431,38247,1404
25,10,0,0,39431,39431,0,0
25,20,0,0,39431,39431,0,0
25,50,0,0,39431,39431,0,0
25,100,0,0,39431,39431,0,0
26,1,19,0,15,40868,40853,2808
26,2,11,0,207,40868,40661,1560
26,3,7,0,5888,40868,34980,936
26,5,7,0,5888,40868,34980,936
26,10,6,0,10295,40868,30573,780
26,20,0,0,40868,40868,0,0
26,50,0,0,40868,40868,0,0
26,100,0,0,40868,40868,0,0
27,1,1,1,26211,26211,0,0
27,2,1,1,26211,26211,0,0
27,3,1,1,26211,26211,0,0
27,5,1,0,26211,39317,13106,0
27,10,1,0,26211,39317,13106,0
27,20,1,0,26211,39317,13106,0
27,50,1,0,26211,39317,13106,0
27,100,1,0,26211,39317,13106,0
28,1,17,17,4,4,0,0
28,2,1,1,28834,28834,0,0
28,3,1,1,28834,28834,0,0
28,5,1,1,28834,28834,0,0
28,10,1,1,28834,28834,0,0
28,20,1,1,28834,28834,0,0
28,50,1,1,28834,28834,0,0
28,100,1,0,28834,35117,6283,0
29,1,8,2,881,5828,4947,936
29,2,8,2,881,5828,4947,936
29,3,8,2,881,5828,4947,936
29,5,8,2,881,5828,4947,936
29,10,8,0,881,40720,39839,1092
29,20,1,0,23696,40720,17024,0
29,50,0,0,40720,40720,0,0
29,100,0,0,40720,40720,0,0
30,1,32,32,1,1,0,0
30,2,7,0,2114,40618,38504,936
30,3,4,0,4401,40618,36217,468
30,5,4,0,4401,40618,36217,468
30,10,0,0,40618,40618,0,0
30,20,0,0,40618,40618,0,0
30,50,0,0,40618,40618,0,0
30,100,0,0,40618,40618,0,0
31,1,22,0,12,39740,39728,3276
31,2,0,0,39740,39740,0,0
31,3,0,0,39740,39740,0,0
31,5,0,0,39740,39740,0,0
31,10,0,0,39740,39740,0,0
31,20,0,0,39740,39740,0,0
31,50,0,0,39740,39740,0,0
31,100,0,0,39740,39740,0,0
32,1,2,2,7090,7090,0,0
32,2,2,1,7090,24567,17477,156
32,3,2,1,7090,24567,17477,156
32,5,1,1,24567,24567,0,0
32,10,1,1,24567,24567,0,0
32,20,1,1,24567,24567,0,0
32,50,0,0,41114,41114,0,0
32,100,0,0,41114,41114,0,0
33,1,6,6,239,239,0,0
33,2,6,2,239,2201,1962,624
33,3,6,2,239,2201,1962,624
33,5,6,2,239,2201,1962,624
33,10,1,1,29034,29034,0,0
33,20,1,1,29034,29034,0,0
33,50,1,1,29034,29034,0,0
33,100,1,1,29034,29034,0,0
34,1,10,10,1614,1614,0,0
34,2,10,2,1614,24015,22401,1248
34,3,10,2,1614,24015,22401,1248
34,5,10,1,1614,31172,29558,1404
34,10,4,1,19263,31172,11909,468
34,20,1,1,31172,31172,0,0
34,50,1,1,31172,31172,0,0
34,100,1,1,31172,31172,0,0
35,1,0,0,39981,39981,0,0
35,2,0,0,39981,39981,0,0
35,3,0,0,39981,39981,0,0
35,5,0,0,39981,39981,0,0
35,10,0,0,39981,39981,0,0
35,20,0,0,39981,39981,0,0
35,50,0,0,39981,39981,0,0
35,100,0,0,39981,39981,0,0
36,1,0,0,43740,43740,0,0
36,2,0,0,43740,43740,0,0
36,3,0,0,43740,43740,0,0
36,5,0,0,43740,43740,0,0
36,10,0,0,43740,43740,0,0
36,20,0,0,43740,43740,0,0
36,50,0,0,43740,43740,0,0
36,100,0,0,43740,43740,0,0
37,1,4,2,5118,6874,1756,312
37,2,4,2,5118,6874,1756,312
37,3,4,2,5118,6874,1756,312
37,5,4,2,5118,6874,1756,312
37,10,4,2,5118,6874,1756,312
37,20,4,2,5118,6874,1756,312
37,50,1,0,30267,42701,12434,0
37,100,1,0,30267,42701,12434,0
38,1,8,1,2608,21889,19281,1092
38,2,8,1,2608,21889,19281,1092
38,3,8,1,2608,21889,19281,1092
38,5,1,1,21889,21889,0,0
38,10,1,1,21889,21889,0,0
38,20,1,0,21889,42030,20141,0
38,50,0,0,42030,42030,0,0
38,100,0,0,42030,42030,0,0
39,1,10,2,496,23590,23094,1248
39,2,8,2,3184,23590,20406,936
39,3,8,2,3184,23590,20406,936
39,5,8,2,3184,23590,20406,936
39,10,4,2,20801,23590,2789,312
39,20,4,0,20801,43987,23186,468
39,50,0,0,43987,43987,0,0
39,100,0,0,43987,43987,0,0
40,1,30,2,1,20725,20724,4368
40,2,3,2,20554,20725,171,156
40,3,3,2,20554,20725,171,156
40,5,3,2,20554,20725,171,156
40,10,3,2,20554,20725,171,156
40,20,0,0,36680,36680,0,0
40,50,0,0,36680,36680,0,0
40,100,0,0,36680,36680,0,0
41,1,7,2,632,3928,3296,780
41,2,7,0,632,36457,35825,936
41,3,1,0,18249,36457,18208,0
41,5,1,0,18249,36457,18208,0
41,10,1,0,18249,36457,18208,0
41,20,1,0,18249,36457,18208,0
41,50,0,0,36457,36457,0,0
41,100,0,0,36457,36457,0,0
42,1,0,0,41070,41070,0,0
42,2,0,0,41070,41070,0,0
42,3,0,0,41070,41070,0,0
42,5,0,0,41070,41070,0,0
42,10,0,0,41070,41070,0,0
42,20,0,0,41070,41070,0,0
42,50,0,0,41070,41070,0,0
42,100,0,0,41070,41070,0,0
43,1,2,2,3322,3322,0,0
43,2,2,2,3322,3322,0,0
43,3,2,2,3322,3322,0,0
43,5,2,2,3322,3322,0,0
43,10,2,2,3322,3322,0,0
43,20,2,0,3322,40538,37216,156
43,50,0,0,40538,40538,0,0
43,100,0,0,40538,40538,0,0
44,1,27,27,2,2,0,0
44,2,11,2,497,26608,26111,1404
44,3,9,2,1488,26608,25120,1092
44,5,4,2,21950,26608,4658,312
44,10,4,2,21950,26608,4658,312
44,20,4,2,21950,26608,4658,312
44,50,4,2,21950,26608,4658,312
44,100,4,0,21950,39810,17860,468
45,1,20,0,3,39396,39393,2964
45,2,7,0,840,39396,38556,936
45,3,7,0,840,39396,38556,936
45,5,0,0,39396,39396,0,0
45,10,0,0,39396,39396,0,0
45,20,0,0,39396,39396,0,0
45,50,0,0,39396,39396,0,0
45,100,0,0,39396,39396,0,0
46,1,0,0,44582,44582,0,0
46,2,0,0,44582,44582,0,0
46,3,0,0,44582,44582,0,0
46,5,0,0,44582,44582,0,0
46,10,0,0,44582,44582,0,0
46,20,0,0,44582,44582,0,0
46,50,0,0,44582,44582,0,0
46,100,0,0,44582,44582,0,0
47,1,0,0,38742,38742,0,0
47,2,0,0,38742,38742,0,0
47,3,0,0,38742,38742,0,0
47,5,0,0,38742,38742,0,0
47,10,0,0,38742,38742,0,0
47,20,0,0,38742,38742,0,0
47,50,0,0,38742,38742,0,0
47,100,0,0,38742,38742,0,0
48,1,7,2,880,10781,9901,780
48,2,7,2,880,10781,9901,780
48,3,7,0,880,34594,33714,936
48,5,7,0,880,34594,33714,936
48,10,0,0,34594,34594,0,0
48,20,0,0,34594,34594,0,0
48,50,0,0,34594,34594,0,0
48,100,0,0,34594,34594,0,0
49,1,32,32,1,1,0,0
49,2,23,10,7,72,65,2028
49,3,23,10,7,72,65,2028
49,5,8,2,1376,7222,5846,936
49,10,6,2,2720,7222,4502,624
49,20,1,1,26171,26171,0,0
49,50,1,0,26171,42762,16591,0
49,100,1,0,26171,42762,16591,0
50,1,10,1,49,28871,28822,1404
50,2,10,1,49,28871,28822,1404
50,3,10,0,49,41027,40978,1404
50,5,9,0,198,41027,40829,1248
50,10,3,0,23504,41027,17523,312
50,20,0,0,41027,41027,0,0
50,50,0,0,41027,41027,0,0
50,100,0,0,41027,41027,0,0
51,1,1,1,30132,30132,0,0
51,2,1,1,30132,30132,0,0
51,3,1,1,30132,30132,0,0
51,5,1,1,30132,30132,0,0
51,10,1,1,30132,30132,0,0
51,20,1,1,30132,30132,0,0
51,50,1,1,30132,30132,0,0
51,100,1,1,30132,30132,0,0
52,1,25,25,11,11,0,0
52,2,25,2,11,23244,23233,3588
52,3,25,2,11,23244,23233,3588
52,5,9,2,4633,23244,18611,1092
52,10,9,2,4633,23244,18611,1092
52,20,9,1,4633,28100,23467,1248
52,50,7,0,9589,49355,39766,936
52,100,0,0,49355,49355,0,0
53,1,32,32,1,1,0,0
53,2,6,1,4788,30596,25808,780
53,3,1,1,30596,30596,0,0
53,5,1,1,30596,30596,0,0
53,10,1,1,30596,30596,0,0
53,20,1,1,30596,30596,0,0
53,50,1,1,30596,30596,0,0
53,100,1,1,30596,30596,0,0
54,1,8,2,1173,7758,6585,936
54,2,8,2,1173,7758,6585,936
54,3,8,2,1173,7758,6585,936
54,5,8,0,1173,39525,38352,1092
54,10,8,0,1173,39525,38352,1092
54,20,4,0,5373,39525,34152,468
54,50,0,0,39525,39525,0,0
54,100,0,0,39525,39525,0,0
55,1,21,2,4,22305,22301,2964
55,2,20,2,9,22305,22296,2808
55,3,6,1,14537,25776,11239,780
55,5,0,0,40155,40155,0,0
55,10,0,0,40155,40155,0,0
55,20,0,0,40155,40155,0,0
55,50,0,0,40155,40155,0,0
55,100,0,0,40155,40155,0,0
56,1,0,0,37330,37330,0,0
56,2,0,0,37330,37330,0,0
56,3,0,0,37330,37330,0,0
56,5,0,0,37330,37330,0,0
56,10,0,0,37330,37330,0,0
56,20,0,0,37330,37330,0,0
56,50,0,0,37330,37330,0,0
56,100,0,0,37330,37330,0,0
57,1,32,32,1,1,0,0
57,2,29,2,6,28879,28873,4212
57,3,29,2,6,28879,28873,4212
57,5,25,2,9,28879,28870,3588
57,10,15,2,928,28879,27951,2028
57,20,11,2,1615,28879,27264,1404
57,50,7,1,11475,33138,21663,936
57,100,3,1,28747,33138,4391,312
58,1,1,1,18860,18860,0,0
58,2,1,1,18860,18860,0,0
58,3,1,1,18860,18860,0,0
58,5,1,1,18860,18860,0,0
58,10,1,1,18860,18860,0,0
58,20,1,0,18860,39336,20476,0
58,50,0,0,39336,39336,0,0
58,100,0,0,39336,39336,0,0
59,1,4,0,13343,45579,32236,468
59,2,1,0,24809,45579,20770,0
59,3,1,0,24809,45579,20770,0
59,5,1,0,24809,45579,20770,0
59,10,0,0,45579,45579,0,0
59,20,0,0,45579,45579,0,0
59,50,0,0,45579,45579,0,0
59,100,0,0,45579,45579,0,0
60,1,11,2,708,20688,19980,1404
60,2,11,1,708,23755,23047,1560
60,3,11,1,708,23755,23047,1560
60,5,11,0,708,42336,41628,1560
60,10,10,0,3083,42336,39253,1404
60,20,0,0,42336,42336,0,0
60,50,0,0,42336,42336,0,0
60,100,0,0,42336,42336,0,0
61,1,8,2,2773,22388,19615,936
61,2,3,0,22274,38221,15947,312
61,3,3,0,22274,38221,15947,312
61,5,0,0,38221,38221,0,0
61,10,0,0,38221,38221,0,0
61,20,0,0,38221,38221,0,0
61,50,0,0,38221,38221,0,0
61,100,0,0,38221,38221,0,0
62,1,32,32,2,2,0,0
62,2,32,32,2,2,0,0
62,3,7,7,1435,1435,0,0
62,5,4,4,15351,15351,0,0
62,10,4,2,15351,24059,8708,312
62,20,4,1,15351,29004,13653,468
62,50,0,0,45364,45364,0,0
62,100,0,0,45364,45364,0,0
63,1,0,0,43548,43548,0,0
63,2,0,0,43548,43548,0,0
63,3,0,0,43548,43548,0,0
63,5,0,0,43548,43548,0,0
63,10,0,0,43548,43548,0,0
63,20,0,0,43548,43548,0,0
63,50,0,0,43548,43548,0,0
63,100,0,0,43548,43548,0,0
64,1,21,2,33,25159,25126,2964
64,2,19,2,78,25159,25081,2652
64,3,19,2,78,25159,25081,2652
64,5,3,0,25065,41075,16010,312
64,10,3,0,25065,41075,16010,312
64,20,0,0,41075,41075,0,0
64,50,0,0,41075,41075,0,0
64,100,0,0,41075,41075,0,0
65,1,4,1,2075,22928,20853,468
65,2,4,0,2075,41281,39206,468
65,3,4,0,2075,41281,39206,468
65,5,1,0,22928,41281,18353,0
65,10,1,0,22928,41281,18353,0
65,20,1,0,22928,41281,18353,0
65,50,0,0,41281,41281,0,0
65,100,0,0,41281,41281,0,0
66,1,10,2,2092,15275,13183,1248
66,2,10,0,2092,38887,36795,1404
66,3,10,0,2092,38887,36795,1404
66,5,10,0,2092,38887,36795,1404
66,10,0,0,38887,38887,0,0
66,20,0,0,38887,38887,0,0
66,50,0,0,38887,38887,0,0
66,100,0,0,38887,38887,0,0
67,1,5,2,5148,23057,17909,468
67,2,3,2,22914,23057,143,156
67,3,3,2,22914,23057,143,156
67,5,3,1,22914,26938,4024,312
67,10,1,0,26938,41119,14181,0
67,20,1,0,26938,41119,14181,0
67,50,0,0,41119,41119,0,0
67,100,0,0,41119,41119,0,0
68,1,32,32,3,3,0,0
68,2,32,32,3,3,0,0
68,3,32,32,3,3,0,0
68,5,13,2,38,5112,5074,1716
68,10,0,0,39316,39316,0,0
68,20,0,0,39316,39316,0,0
68,50,0,0,39316,39316,0,0
68,100,0,0,39316,39316,0,0
69,1,18,0,96,45155,45059,2652
69,2,18,0,96,45155,45059,2652
69,3,18,0,96,45155,45059,2652
69,5,9,0,4736,45155,40419,1248
69,10,4,0,21514,45155,23641,468
69,20,0,0,45155,45155,0,0
69,50,0,0,45155,45155,0,0
69,100,0,0,45155,45155,0,0
70,1,5,0,10217,39425,29208,624
70,2,5,0,10217,39425,29208,624
70,3,5,0,10217,39425,29208,624
70,5,5,0,10217,39425,29208,624
70,10,0,0,39425,39425,0,0
70,20,0,0,39425,39425,0,0
70,50,0,0,39425,39425,0,0
70,100,0,0,39425,39425,0,0
71,1,0,0,42141,42141,0,0
71,2,0,0,42141,42141,0,0
71,3,0,0,42141,42141,0,0
71,5,0,0,42141,42141,0,0
71,10,0,0,42141,42141,0,0
71,20,0,0,42141,42141,0,0
71,50,0,0,42141,42141,0,0
71,100,0,0,42141,42141,0,0
72,1,2,2,19399,19399,0,0
72,2,2,2,19399,19399,0,0
72,3,2,2,19399,19399,0,0
72,5,2,2,19399,19399,0,0
72,10,0,0,45836,45836,0,0
72,20,0,0,45836,45836,0,0
72,50,0,0,45836,45836,0,0
72,100,0,0,45836,45836,0,0
73,1,20,12,133,1503,1370,1248
73,2,20,1,133,28896,28763,2964
73,3,19,1,594,28896,28302,2808
73,5,12,1,1503,28896,27393,1716
73,10,12,1,1503,28896,27393,1716
73,20,6,1,11363,28896,17533,780
73,50,6,1,11363,28896,17533,780
73,100,1,1,28896,28896,0,0
74,1,1,0,27337,38410,11073,0
74,2,1,0,27337,38410,11073,0
74,3,1,0,27337,38410,11073,0
74,5,1,0,27337,38410,11073,0
74,10,1,0,27337,38410,11073,0
74,20,1,0,27337,38410,11073,0
74,50,0,0,38410,38410,0,0
74,100,0,0,38410,38410,0,0
75,1,12,2,816,18295,17479,1560
75,2,12,2,816,18295,17479,1560
75,3,9,2,2255,18295,16040,1092
75,5,4,2,14501,18295,3794,312
75,10,4,1,14501,21753,7252,468
75,20,4,0,14501,38799,24298,468
75,50,4,0,14501,38799,24298,468
75,100,4,0,14501,38799,24298,468
76,1,30,2,1,21523,21522,4368
76,2,26,2,2,21523,21521,3744
76,3,6,2,8781,21523,12742,624
76,5,6,0,8781,38973,30192,780
76,10,6,0,8781,38973,30192,780
76,20,3,0,21470,38973,17503,312
76,50,0,0,38973,38973,0,0
76,100,0,0,38973,38973,0,0
77,1,1,0,22253,41191,18938,0
77,2,1,0,22253,41191,18938,0
77,3,1,0,22253,41191,18938,0
77,5,1,0,22253,41191,18938,0
77,10,1,0,22253,41191,18938,0
77,20,1,0,22253,41191,18938,0
77,50,0,0,41191,41191,0,0
77,100,0,0,41191,41191,0,0
78,1,17,2,98,22163,22065,2340
78,2,4,2,10575,22163,11588,312
78,3,4,2,10575,22163,11588,312
78,5,3,2,22082,22163,81,156
78,10,3,2,22082,22163,81,156
78,20,3,2,22082,22163,81,156
78,50,0,0,43914,43914,0,0
78,100,0,0,43914,43914,0,0
79,1,23,23,8,8,0,0
79,2,15,15,740,740,0,0
79,3,15,15,740,740,0,0
79,5,15,2,740,21581,20841,2028
79,10,3,2,21522,21581,59,156
79,20,3,2,21522,21581,59,156
79,50,0,0,46483,46483,0,0
79,100,0,0,46483,46483,0,0
80,1,5,0,5297,39767,34470,624
80,2,5,0,5297,39767,34470,624
80,3,5,0,5297,39767,34470,624
80,5,5,0,5297,39767,34470,624
80,10,4,0,13410,39767,26357,468
80,20,3,0,20440,39767,19327,312
80,50,0,0,39767,39767,0,0
80,100,0,0,39767,39767,0,0
81,1,12,0,443,37869,37426,1716
81,2,1,0,21384,37869,16485,0
81,3,0,0,37869,37869,0,0
81,5,0,0,37869,37869,0,0
81,10,0,0,37869,37869,0,0
81,20,0,0,37869,37869,0,0
81,50,0,0,37869,37869,0,0
81,100,0,0,37869,37869,0,0
82,1,4,0,4503,38604,34101,468
82,2,4,0,4503,38604,34101,468
82,3,3,0,21297,38604,17307,312
82,5,3,0,21297,38604,17307,312
82,10,0,0,38604,38604,0,0
82,20,0,0,38604,38604,0,0
82,50,0,0,38604,38604,0,0
82,100,0,0,38604,38604,0,0
83,1,8,0,323,40501,40178,1092
83,2,1,0,26244,40501,14257,0
83,3,1,0,26244,40501,14257,0
83,5,0,0,40501,40501,0,0
83,10,0,0,40501,40501,0,0
83,20,0,0,40501,40501,0,0
83,50,0,0,40501,40501,0,0
83,100,0,0,40501,40501,0,0
84,1,5,1,8023,26611,18588,624
84,2,5,1,8023,26611,18588,624
84,3,1,1,26611,26611,0,0
84,5,1,1,26611,26611,0,0
84,10,1,0,26611,36511,9900,0
84,20,1,0,26611,36511,9900,0
84,50,1,0,26611,36511,9900,0
84,100,0,0,36511,36511,0,0
85,1,32,32,5,5,0,0
85,2,32,32,5,5,0,0
85,3,32,32,5,5,0,0
85,5,32,32,5,5,0,0
85,10,9,2,3051,20389,17338,1092
85,20,7,2,5836,20389,14553,780
85,50,0,0,44015,44015,0,0
85,100,0,0,44015,44015,0,0
86,1,32,32,1,1,0,0
86,2,26,2,4,23164,23160,3744
86,3,26,2,4,23164,23160,3744
86,5,12,2,516,23164,22648,1560
86,10,5,0,19281,42349,23068,624
86,20,0,0,42349,42349,0,0
86,50,0,0,42349,42349,0,0
86,100,0,0,42349,42349,0,0
87,1,1,0,24319,42858,18539,0
87,2,1,0,24319,42858,18539,0
87,3,1,0,24319,42858,18539,0
87,5,0,0,42858,42858,0,0
87,10,0,0,42858,42858,0,0
87,20,0,0,42858,42858,0,0
87,50,0,0,42858,42858,0,0
87,100,0,0,42858,42858,0,0
88,1,19,2,1,8548,8547,2652
88,2,1,1,30275,30275,0,0
88,3,1,1,30275,30275,0,0
88,5,1,1,30275,30275,0,0
88,10,1,0,30275,35314,5039,0
88,20,1,0,30275,35314,5039,0
88,50,1,0,30275,35314,5039,0
88,100,1,0,30275,35314,5039,0
89,1,8,8,392,392,0,0
89,2,8,8,392,392,0,0
89,3,8,0,392,41153,40761,1092
89,5,8,0,392,41153,40761,1092
89,10,0,0,41153,41153,0,0
89,20,0,0,41153,41153,0,0
89,50,0,0,41153,41153,0,0
89,100,0,0,41153,41153,0,0
90,1,32,32,13,13,0,0
90,2,32,32,13,13,0,0
90,3,32,32,13,13,0,0
90,5,32,32,13,13,0,0
90,10,32,32,13,13,0,0
90,20,1,1,23379,23379,0,0
90,50,0,0,40549,40549,0,0
90,100,0,0,40549,40549,0,0
91,1,21,0,31,40786,40755,3120
91,2,0,0,40786,40786,0,0
91,3,0,0,40786,40786,0,0
91,5,0,0,40786,40786,0,0
91,10,0,0,40786,40786,0,0
91,20,0,0,40786,40786,0,0
91,50,0,0,40786,40786,0,0
91,100,0,0,40786,40786,0,0
92,1,2,1,16512,20150,3638,156
92,2,2,1,16512,20150,3638,156
92,3,2,0,16512,35460,18948,156
92,5,2,0,16512,35460,18948,156
92,10,2,0,16512,35460,18948,156
92,20,1,0,20150,35460,15310,0
92,50,0,0,35460,35460,0,0
92,100,0,0,35460,35460,0,0
93,1,17,6,296,15198,14902,1716
93,2,17,2,296,22322,22026,2340
93,3,17,2,296,22322,22026,2340
93,5,17,1,296,27803,27507,2496
93,10,17,1,296,27803,27507,2496
93,20,1,1,27803,27803,0,0
93,50,1,1,27803,27803,0,0
93,100,1,0,27803,40360,12557,0
94,1,21,2,5,27162,27157,2964
94,2,12,2,250,27162,26912,1560
94,3,7,2,9345,27162,17817,780
94,5,4,2,20368,27162,6794,312
94,10,4,2,20368,27162,6794,312
94,20,4,2,20368,27162,6794,312
94,50,4,0,20368,40118,19750,468
94,100,4,0,20368,40118,19750,468
95,1,0,0,39392,39392,0,0
95,2,0,0,39392,39392,0,0
95,3,0,0,39392,39392,0,0
95,5,0,0,39392,39392,0,0
95,10,0,0,39392,39392,0,0
95,20,0,0,39392,39392,0,0
95,50,0,0,39392,39392,0,0
95,100,0,0,39392,39392,0,0
96,1,19,2,5,16770,16765,2652
96,2,8,2,1187,16770,15583,936
96,3,8,2,1187,16770,15583,936
96,5,8,2,1187,16770,15583,936
96,10,3,0,16753,39205,22452,312
96,20,3,0,16753,39205,22452,312
96,50,3,0,16753,39205,22452,312
96,100,1,0,18479,39205,20726,0
97,1,15,2,579,9276,8697,2028
97,2,7,0,2822,43069,40247,936
97,3,7,0,2822,43069,40247,936
97,5,0,0,43069,43069,0,0
97,10,0,0,43069,43069,0,0
97,20,0,0,43069,43069,0,0
97,50,0,0,43069,43069,0,0
97,100,0,0,43069,43069,0,0
98,1,1,1,23673,23673,0,0
98,2,1,0,23673,37765,14092,0
98,3,1,0,23673,37765,14092,0
98,5,1,0,23673,37765,14092,0
98,10,0,0,37765,37765,0,0
98,20,0,0,37765,37765,0,0
98,50,0,0,37765,37765,0,0
98,100,0,0,37765,37765,0,0
99,1,2,0,21490,39166,17676,156
99,2,0,0,39166,39166,0,0
99,3,0,0,39166,39166,0,0
99,5,0,0,39166,39166,0,0
99,10,0,0,39166,39166,0,0
99,20,0,0,39166,39166,0,0
99,50,0,0,39166,39166,0,0
99,100,0,0,39166,39166,0,0
100,1,32,32,1,1,0,0
100,2,6,2,4360,20605,16245,624
100,3,6,1,4360,27001,22641,780
100,5,3,1,20508,27001,6493,312
100,10,1,1,27001,27001,0,0
100,20,1,0,27001,38917,11916,0
100,50,1,0,27001,38917,11916,0
100,100,0,0,38917,38917,0,0
101,1,20,2,33,15353,15320,2808
101,2,0,0,40351,40351,0,0
101,3,0,0,40351,40351,0,0
101,5,0,0,40351,40351,0,0
101,10,0,0,40351,40351,0,0
101,20,0,0,40351,40351,0,0
101,50,0,0,40351,40351,0,0
101,100,0,0,40351,40351,0,0
102,1,11,2,574,21343,20769,1404
102,2,11,2,574,21343,20769,1404
102,3,11,2,574,21343,20769,1404
102,5,11,0,574,42794,42220,1560
102,10,2,0,21343,42794,21451,156
102,20,2,0,21343,42794,21451,156
102,50,0,0,42794,42794,0,0
102,100,0,0,42794,42794,0,0
103,1,21,0,15,40614,40599,3120
103,2,21,0,15,40614,40599,3120
103,3,0,0,40614,40614,0,0
103,5,0,0,40614,40614,0,0
103,10,0,0,40614,40614,0,0
103,20,0,0,40614,40614,0,0
103,50,0,0,40614,40614,0,0
103,100,0,0,40614,40614,0,0
104,1,0,0,41646,41646,0,0
104,2,0,0,41646,41646,0,0
104,3,0,0,41646,41646,0,0
104,5,0,0,41646,41646,0,0
104,10,0,0,41646,41646,0,0
104,20,0,0,41646,41646,0,0
104,50,0,0,41646,41646,0,0
104,100,0,0,41646,41646,0,0
105,1,7,0,1929,33863,31934,936
105,2,0,0,33863,33863,0,0
105,3,0,0,33863,33863,0,0
105,5,0,0,33863,33863,0,0
105,10,0,0,33863,33863,0,0
105,20,0,0,33863,33863,0,0
105,50,0,0,33863,33863,0,0
105,100,0,0,33863,33863,0,0
106,1,5,2,9852,22905,13053,468
106,2,5,2,9852,22905,13053,468
106,3,5,2,9852,22905,13053,468
106,5,5,2,9852,22905,13053,468
106,10,3,2,22834,22905,71,156
106,20,3,2,22834,22905,71,156
106,50,3,0,22834,38389,15555,312
106,100,0,0,38389,38389,0,0
107,1,29,2,1,26705,26704,4212
107,2,9,1,630,30320,29690,1248
107,3,4,1,14835,30320,15485,468
107,5,4,1,14835,30320,15485,468
107,10,4,1,14835,30320,15485,468
107,20,4,0,14835,45047,30212,468
107,50,0,0,45047,45047,0,0
107,100,0,0,45047,45047,0,0
108,1,16,0,4,39561,39557,2340
108,2,1,0,22960,39561,16601,0
108,3,1,0,22960,39561,16601,0
108,5,1,0,22960,39561,16601,0
108,10,0,0,39561,39561,0,0
108,20,0,0,39561,39561,0,0
108,50,0,0,39561,39561,0,0
108,100,0,0,39561,39561,0,0
109,1,4,1,14670,23893,9223,468
109,2,4,1,14670,23893,9223,468
109,3,4,1,14670,23893,9223,468
109,5,4,1,14670,23893,9223,468
109,10,4,1,14670,23893,9223,468
109,20,4,0,14670,41459,26789,468
109,50,1,0,23893,41459,17566,0
109,100,0,0,41459,41459,0,0
110,1,15,0,11,36220,36209,2184
110,2,6,0,298,36220,35922,780
110,3,0,0,36220,36220,0,0
110,5,0,0,36220,36220,0,0
110,10,0,0,36220,36220,0,0
110,20,0,0,36220,36220,0,0
110,50,0,0,36220,36220,0,0
110,100,0,0,36220,36220,0,0
111,1,0,0,43279,43279,0,0
111,2,0,0,43279,43279,0,0
111,3,0,0,43279,43279,0,0
111,5,0,0,43279,43279,0,0
111,10,0,0,43279,43279,0,0
111,20,0,0,43279,43279,0,0
111,50,0,0,43279,43279,0,0
111,100,0,0,43279,43279,0,0
112,1,15,0,242,42520,42278,2184
112,2,8,0,4804,42520,37716,1092
112,3,0,0,42520,42520,0,0
112,5,0,0,42520,42520,0,0
112,10,0,0,42520,42520,0,0
112,20,0,0,42520,42520,0,0
112,50,0,0,42520,42520,0,0
112,100,0,0,42520,42520,0,0
113,1,6,2,2637,20666,18029,624
113,2,6,2,2637,20666,18029,624
113,3,5,1,6837,28976,22139,624
113,5,5,1,6837,28976,22139,624
113,10,5,1,6837,28976,22139,624
113,20,1,1,28976,28976,0,0
113,50,1,0,28976,36460,7484,0
113,100,1,0,28976,36460,7484,0
114,1,1,0,20655,39790,19135,0
114,2,1,0,20655,39790,19135,0
114,3,1,0,20655,39790,19135,0
114,5,1,0,20655,39790,19135,0
114,10,0,0,39790,39790,0,0
114,20,0,0,39790,39790,0,0
114,50,0,0,39790,39790,0,0
114,100,0,0,39790,39790,0,0
115,1,0,0,39673,39673,0,0
115,2,0,0,39673,39673,0,0
115,3,0,0,39673,39673,0,0
115,5,0,0,39673,39673,0,0
115,10,0,0,39673,39673,0,0
115,20,0,0,39673,39673,0,0
115,50,0,0,39673,39673,0,0
115,100,0,0,39673,39673,0,0
116,1,18,2,57,3768,3711,2496
116,2,18,2,57,3768,3711,2496
116,3,18,2,57,3768,3711,2496
116,5,18,2,57,3768,3711,2496
116,10,5,1,2436,27495,25059,624
116,20,1,1,27495,27495,0,0
116,50,0,0,46335,46335,0,0
116,100,0,0,46335,46335,0,0
117,1,32,32,1,1,0,0
117,2,19,19,24,24,0,0
117,3,19,19,24,24,0,0
117,5,12,0,527,45620,45093,1716
117,10,0,0,45620,45620,0,0
117,20,0,0,45620,45620,0,0
117,50,0,0,45620,45620,0,0
117,100,0,0,45620,45620,0,0
118,1,15,0,31,42300,42269,2184
118,2,0,0,42300,42300,0,0
118,3,0,0,42300,42300,0,0
118,5,0,0,42300,42300,0,0
118,10,0,0,42300,42300,0,0
118,20,0,0,42300,42300,0,0
118,50,0,0,42300,42300,0,0
118,100,0,0,42300,42300,0,0
119,1,12,2,523,24503,23980,1560
119,2,12,2,523,24503,23980,1560
119,3,10,2,2785,24503,21718,1248
119,5,10,2,2785,24503,21718,1248
119,10,10,2,2785,24503,21718,1248
119,20,9,0,5788,44178,38390,1248
119,50,0,0,44178,44178,0,0
119,100,0,0,44178,44178,0,0
120,1,32,32,1,1,0,0
120,2,23,2,3,17329,17326,3276
120,3,23,2,3,17329,17326,3276
120,5,3,2,17317,17329,12,156
120,10,0,0,43100,43100,0,0
120,20,0,0,43100,43100,0,0
120,50,0,0,43100,43100,0,0
120,100,0,0,43100,43100,0,0
121,1,12,2,6,7839,7833,1560
121,2,2,2,7839,7839,0,0
121,3,2,2,7839,7839,0,0
121,5,2,2,7839,7839,0,0
121,10,2,0,7839,38830,30991,156
121,20,2,0,7839,38830,30991,156
121,50,2,0,7839,38830,30991,156
121,100,1,0,22824,38830,16006,0
122,1,4,2,9568,25462,15894,312
122,2,4,2,9568,25462,15894,312
122,3,4,2,9568,25462,15894,312
122,5,3,1,25422,28685,3263,312
122,10,3,0,25422,41080,15658,312
122,20,3,0,25422,41080,15658,312
122,50,3,0,25422,41080,15658,312
122,100,0,0,41080,41080,0,0
123,1,5,0,14156,47106,32950,624
123,2,0,0,47106,47106,0,0
123,3,0,0,47106,47106,0,0
123,5,0,0,47106,47106,0,0
123,10,0,0,47106,47106,0,0
123,20,0,0,47106,47106,0,0
123,50,0,0,47106,47106,0,0
123,100,0,0,47106,47106,0,0
124,1,1,0,23999,44564,20565,0
124,2,1,0,23999,44564,20565,0
124,3,1,0,23999,44564,20565,0
124,5,0,0,44564,44564,0,0
124,10,0,0,44564,44564,0,0
124,20,0,0,44564,44564,0,0
124,50,0,0,44564,44564,0,0
124,100,0,0,44564,44564,0,0
125,1,0,0,44781,44781,0,0
125,2,0,0,44781,44781,0,0
125,3,0,0,44781,44781,0,0
125,5,0,0,44781,44781,0,0
125,10,0,0,44781,44781,0,0
125,20,0,0,44781,44781,0,0
125,50,0,0,44781,44781,0,0
125,100,0,0,44781,44781,0,0
126,1,23,0,2,42012,42010,3432
126,2,4,0,6162,42012,35850,468
126,3,0,0,42012,42012,0,0
126,5,0,0,42012,42012,0,0
126,10,0,0,42012,42012,0,0
126,20,0,0,42012,42012,0,0
126,50,0,0,42012,42012,0,0
126,100,0,0,42012,42012,0,0
127,1,32,32,3,3,0,0
127,2,32,32,3,3,0,0
127,3,32,32,3,3,0,0
127,5,26,2,6,4434,4428,3744
127,10,0,0,38397,38397,0,0
127,20,0,0,38397,38397,0,0
127,50,0,0,38397,38397,0,0
127,100,0,0,38397,38397,0,0
128,1,4,1,9563,21847,12284,468
128,2,4,0,9563,38488,28925,468
128,3,4,0,9563,38488,28925,468
128,5,4,0,9563,38488,28925,468
128,10,1,0,21847,38488,16641,0
128,20,1,0,21847,38488,16641,0
128,50,0,0,38488,38488,0,0
128,100,0,0,38488,38488,0,0
129,1,16,2,206,27614,27408,2184
129,2,12,2,334,27614,27280,1560
129,3,6,2,8974,27614,18640,624
129,5,6,2,8974,27614,18640,624
129,10,6,2,8974,27614,18640,624
129,20,6,2,8974,27614,18640,624
129,50,3,2,27567,27614,47,156
129,100,3,0,27567,43682,16115,312
130,1,0,0,43558,43558,0,0
130,2,0,0,43558,43558,0,0
130,3,0,0,43558,43558,0,0
130,5,0,0,43558,43558,0,0
130,10,0,0,43558,43558,0,0
130,20,0,0,43558,43558,0,0
130,50,0,0,43558,43558,0,0
130,100,0,0,43558,43558,0,0
131,1,6,1,3415,27400,23985,780
131,2,3,0,22258,40854,18596,312
131,3,3,0,22258,40854,18596,312
131,5,3,0,22258,40854,18596,312
131,10,3,0,22258,40854,18596,312
131,20,0,0,40854,40854,0,0
131,50,0,0,40854,40854,0,0
131,100,0,0,40854,40854,0,0
132,1,0,0,42136,42136,0,0
132,2,0,0,42136,42136,0,0
132,3,0,0,42136,42136,0,0
132,5,0,0,42136,42136,0,0
132,10,0,0,42136,42136,0,0
132,20,0,0,42136,42136,0,0
132,50,0,0,42136,42136,0,0
132,100,0,0,42136,42136,0,0
133,1,4,2,1994,2927,933,312
133,2,4,2,1994,2927,933,312
133,3,4,2,1994,2927,933,312
133,5,0,0,46603,46603,0,0
133,10,0,0,46603,46603,0,0
133,20,0,0,46603,46603,0,0
133,50,0,0,46603,46603,0,0
133,100,0,0,46603,46603,0,0
134,1,4,1,12117,30657,18540,468
134,2,4,1,12117,30657,18540,468
134,3,4,1,12117,30657,18540,468
134,5,4,1,12117,30657,18540,468
134,10,3,1,24640,30657,6017,312
134,20,1,1,30657,30657,0,0
134,50,1,1,30657,30657,0,0
134,100,1,1,30657,30657,0,0
135,1,8,8,901,901,0,0
135,2,8,8,901,901,0,0
135,3,8,8,901,901,0,0
135,5,3,2,20902,20913,11,156
135,10,3,2,20902,20913,11,156
135,20,3,2,20902,20913,11,156
135,50,3,1,20902,22551,1649,312
135,100,3,0,20902,43037,22135,312
136,1,23,0,2,40511,40509,3432
136,2,0,0,40511,40511,0,0
136,3,0,0,40511,40511,0,0
136,5,0,0,40511,40511,0,0
136,10,0,0,40511,40511,0,0
136,20,0,0,40511,40511,0,0
136,50,0,0,40511,40511,0,0
136,100,0,0,40511,40511,0,0
137,1,12,2,77,18157,18080,1560
137,2,8,0,1990,38923,36933,1092
137,3,7,0,3799,38923,35124,936
137,5,7,0,3799,38923,35124,936
137,10,6,0,6902,38923,32021,780
137,20,0,0,38923,38923,0,0
137,50,0,0,38923,38923,0,0
137,100,0,0,38923,38923,0,0
138,1,32,32,1,1,0,0
138,2,22,2,4,20220,20216,3120
138,3,15,1,532,25745,25213,2184
138,5,15,1,532,25745,25213,2184
138,10,1,1,25745,25745,0,0
138,20,1,1,25745,25745,0,0
138,50,1,1,25745,25745,0,0
138,100,1,0,25745,42437,16692,0
139,1,8,1,1101,31551,30450,1092
139,2,1,1,31551,31551,0,0
139,3,1,1,31551,31551,0,0
139,5,1,1,31551,31551,0,0
139,10,1,0,31551,37477,5926,0
139,20,1,0,31551,37477,5926,0
139,50,1,0,31551,37477,5926,0
139,100,1,0,31551,37477,5926,0
140,1,0,0,37135,37135,0,0
140,2,0,0,37135,37135,0,0
140,3,0,0,37135,37135,0,0
140,5,0,0,37135,37135,0,0
140,10,0,0,37135,37135,0,0
140,20,0,0,37135,37135,0,0
140,50,0,0,37135,37135,0,0
140,100,0,0,37135,37135,0,0
141,1,1,1,26743,26743,0,0
141,2,1,0,26743,41999,15256,0
141,3,1,0,26743,41999,15256,0
141,5,1,0,26743,41999,15256,0
141,10,1,0,26743,41999,15256,0
141,20,0,0,41999,41999,0,0
141,50,0,0,41999,41999,0,0
141,100,0,0,41999,41999,0,0
142,1,20,2,3,10403,10400,2808
142,2,19,2,8,10403,10395,2652
142,3,19,2,8,10403,10395,2652
142,5,10,2,55,10403,10348,1248
142,10,1,1,29712,29712,0,0
142,20,1,1,29712,29712,0,0
142,50,1,1,29712,29712,0,0
142,100,1,1,29712,29712,0,0
143,1,6,6,2510,2510,0,0
143,2,6,2,2510,21186,18676,624
143,3,6,2,2510,21186,18676,624
143,5,6,2,2510,21186,18676,624
143,10,4,2,13720,21186,7466,312
143,20,4,0,13720,40969,27249,468
143,50,4,0,13720,40969,27249,468
143,100,0,0,40969,40969,0,0
144,1,4,1,18080,29949,11869,468
144,2,4,1,18080,29949,11869,468
144,3,1,1,29949,29949,0,0
144,5,1,1,29949,29949,0,0
144,10,1,1,29949,29949,0,0
144,20,1,0,29949,44056,14107,0
144,50,0,0,44056,44056,0,0
144,100,0,0,44056,44056,0,0
145,1,7,2,7164,20744,13580,780
145,2,7,2,7164,20744,13580,780
145,3,7,2,7164,20744,13580,780
145,5,7,2,7164,20744,13580,780
145,10,7,2,7164,20744,13580,780
145,20,7,1,7164,26323,19159,936
145,50,1,0,26323,41609,15286,0
145,100,0,0,41609,41609,0,0
146,1,11,2,950,19240,18290,1404
146,2,11,2,950,19240,18290,1404
146,3,11,2,950,19240,18290,1404
146,5,8,2,3229,19240,16011,936
146,10,1,0,22090,38967,16877,0
146,20,1,0,22090,38967,16877,0
146,50,0,0,38967,38967,0,0
146,100,0,0,38967,38967,0,0
147,1,7,2,4798,25592,20794,780
147,2,7,2,4798,25592,20794,780
147,3,7,2,4798,25592,20794,780
147,5,7,2,4798,25592,20794,780
147,10,4,2,18114,25592,7478,312
147,20,3,1,25305,30442,5137,312
147,50,3,0,25305,36693,11388,312
147,100,3,0,25305,36693,11388,312
148,1,10,0,514,37705,37191,1404
148,2,3,0,12046,37705,25659,312
148,3,3,0,12046,37705,25659,312
148,5,3,0,12046,37705,25659,312
148,10,0,0,37705,37705,0,0
148,20,0,0,37705,37705,0,0
148,50,0,0,37705,37705,0,0
148,100,0,0,37705,37705,0,0
149,1,20,0,4,42121,42117,2964
149,2,8,0,1861,42121,40260,1092
149,3,0,0,42121,42121,0,0
149,5,0,0,42121,42121,0,0
149,10,0,0,42121,42121,0,0
149,20,0,0,42121,42121,0,0
149,50,0,0,42121,42121,0,0
149,100,0,0,42121,42121,0,0
150,1,7,0,2858,41704,38846,936
150,2,7,0,2858,41704,38846,936
150,3,7,0,2858,41704,38846,936
150,5,5,0,6241,41704,35463,624
150,10,5,0,6241,41704,35463,624
150,20,5,0,6241,41704,35463,624
150,50,0,0,41704,41704,0,0
150,100,0,0,41704,41704,0,0
151,1,25,2,2,18794,18792,3588
151,2,19,2,37,18794,18757,2652
151,3,12,2,776,18794,18018,1560
151,5,4,0,14844,41101,26257,468
151,10,0,0,41101,41101,0,0
151,20,0,0,41101,41101,0,0
151,50,0,0,41101,41101,0,0
151,100,0,0,41101,41101,0,0
152,1,19,2,16,28289,28273,2652
152,2,19,2,16,28289,28273,2652
152,3,19,2,16,28289,28273,2652
152,5,11,2,240,28289,28049,1404
152,10,4,2,9913,28289,18376,312
152,20,4,1,9913,29864,19951,468
152,50,3,1,28277,29864,1587,312
152,100,3,0,28277,42887,14610,312
153,1,9,2,3800,28875,25075,1092
153,2,9,2,3800,28875,25075,1092
153,3,3,2,28802,28875,73,156
153,5,3,2,28802,28875,73,156
153,10,3,1,28802,33465,4663,312
153,20,3,1,28802,33465,4663,312
153,50,3,1,28802,33465,4663,312
153,100,1,1,33465,33465,0,0
154,1,6,1,10134,27026,16892,780
154,2,6,0,10134,40650,30516,780
154,3,6,0,10134,40650,30516,780
154,5,1,0,27026,40650,13624,0
154,10,1,0,27026,40650,13624,0
154,20,0,0,40650,40650,0,0
154,50,0,0,40650,40650,0,0
154,100,0,0,40650,40650,0,0
155,1,27,19,5,35,30,1248
155,2,27,19,5,35,30,1248
155,3,22,2,17,6261,6244,3120
155,5,22,2,17,6261,6244,3120
155,10,0,0,45368,45368,0,0
155,20,0,0,45368,45368,0,0
155,50,0,0,45368,45368,0,0
155,100,0,0,45368,45368,0,0
156,1,6,0,13595,42994,29399,780
156,2,6,0,13595,42994,29399,780
156,3,6,0,13595,42994,29399,780
156,5,6,0,13595,42994,29399,780
156,10,0,0,42994,42994,0,0
156,20,0,0,42994,42994,0,0
156,50,0,0,42994,42994,0,0
156,100,0,0,42994,42994,0,0
157,1,7,0,449,38191,37742,936
157,2,7,0,449,38191,37742,936
157,3,5,0,2547,38191,35644,624
157,5,4,0,3620,38191,34571,468
157,10,1,0,17042,38191,21149,0
157,20,0,0,38191,38191,0,0
157,50,0,0,38191,38191,0,0
157,100,0,0,38191,38191,0,0
158,1,29,2,1,8308,8307,4212
158,2,6,2,3689,8308,4619,624
158,3,6,2,3689,8308,4619,624
158,5,6,2,3689,8308,4619,624
158,10,6,0,3689,41225,37536,780
158,20,6,0,3689,41225,37536,780
158,50,3,0,8228,41225,32997,312
158,100,0,0,41225,41225,0,0
159,1,1,0,22719,41777,19058,0
159,2,1,0,22719,41777,19058,0
159,3,1,0,22719,41777,19058,0
159,5,1,0,22719,41777,19058,0
159,10,1,0,22719,41777,19058,0
159,20,0,0,41777,41777,0,0
159,50,0,0,41777,41777,0,0
159,100,0,0,41777,41777,0,0
160,1,0,0,45299,45299,0,0
160,2,0,0,45299,45299,0,0
160,3,0,0,45299,45299,0,0
160,5,0,0,45299,45299,0,0
160,10,0,0,45299,45299,0,0
160,20,0,0,45299,45299,0,0
160,50,0,0,45299,45299,0,0
160,100,0,0,45299,45299,0,0
161,1,8,0,4172,39917,35745,1092
161,2,0,0,39917,39917,0,0
161,3,0,0,39917,39917,0,0
161,5,0,0,39917,39917,0,0
161,10,0,0,39917,39917,0,0
161,20,0,0,39917,39917,0,0
161,50,0,0,39917,39917,0,0
161,100,0,0,39917,39917,0,0
162,1,19,6,19,15675,15656,2028
162,2,19,2,19,23188,23169,2652
162,3,6,2,15675,23188,7513,624
162,5,6,2,15675,23188,7513,624
162,10,6,0,15675,45505,29830,780
162,20,0,0,45505,45505,0,0
162,50,0,0,45505,45505,0,0
162,100,0,0,45505,45505,0,0
163,1,4,2,9198,24771,15573,312
163,2,4,2,9198,24771,15573,312
163,3,4,2,9198,24771,15573,312
163,5,4,2,9198,24771,15573,312
163,10,3,2,24697,24771,74,156
163,20,3,2,24697,24771,74,156
163,50,3,2,24697,24771,74,156
163,100,3,2,24697,24771,74,156
164,1,5,2,1838,11252,9414,468
164,2,5,2,1838,11252,9414,468
164,3,5,1,1838,27970,26132,624
164,5,5,1,1838,27970,26132,624
164,10,3,1,11124,27970,16846,312
164,20,3,1,11124,27970,16846,312
164,50,1,0,27970,35006,7036,0
164,100,1,0,27970,35006,7036,0
165,1,7,0,699,44112,43413,936
165,2,1,0,23222,44112,20890,0
165,3,1,0,23222,44112,20890,0
165,5,1,0,23222,44112,20890,0
165,10,1,0,23222,44112,20890,0
165,20,0,0,44112,44112,0,0
165,50,0,0,44112,44112,0,0
165,100,0,0,44112,44112,0,0
166,1,19,0,20,40048,40028,2808
166,2,12,0,162,40048,39886,1716
166,3,11,0,364,40048,39684,1560
166,5,11,0,364,40048,39684,1560
166,10,0,0,40048,40048,0,0
166,20,0,0,40048,40048,0,0
166,50,0,0,40048,40048,0,0
166,100,0,0,40048,40048,0,0
167,1,1,0,20519,42765,22246,0
167,2,1,0,20519,42765,22246,0
167,3,1,0,20519,42765,22246,0
167,5,1,0,20519,42765,22246,0
167,10,0,0,42765,42765,0,0
167,20,0,0,42765,42765,0,0
167,50,0,0,42765,42765,0,0
167,100,0,0,42765,42765,0,0
168,1,7,0,1592,36248,34656,936
168,2,6,0,3367,36248,32881,780
168,3,6,0,3367,36248,32881,780
168,5,6,0,3367,36248,32881,780
168,10,0,0,36248,36248,0,0
168,20,0,0,36248,36248,0,0
168,50,0,0,36248,36248,0,0
168,100,0,0,36248,36248,0,0
169,1,16,0,101,41363,41262,2340
169,2,8,0,2009,41363,39354,1092
169,3,8,0,2009,41363,39354,1092
169,5,3,0,15892,41363,25471,312
169,10,0,0,41363,41363,0,0
169,20,0,0,41363,41363,0,0
169,50,0,0,41363,41363,0,0
169,100,0,0,41363,41363,0,0
170,1,2,2,23864,23864,0,0
170,2,2,2,23864,23864,0,0
170,3,2,2,23864,23864,0,0
170,5,2,2,23864,23864,0,0
170,10,2,1,23864,29749,5885,156
170,20,2,1,23864,29749,5885,156
170,50,1,0,29749,36850,7101,0
170,100,1,0,29749,36850,7101,0
171,1,17,0,49,40157,40108,2496
171,2,7,0,6078,40157,34079,936
171,3,7,0,6078,40157,34079,936
171,5,7,0,6078,40157,34079,936
171,10,0,0,40157,40157,0,0
171,20,0,0,40157,40157,0,0
171,50,0,0,40157,40157,0,0
171,100,0,0,40157,40157,0,0
172,1,0,0,46272,46272,0,0
172,2,0,0,46272,46272,0,0
172,3,0,0,46272,46272,0,0
172,5,0,0,46272,46272,0,0
172,10,0,0,46272,46272,0,0
172,20,0,0,46272,46272,0,0
172,50,0,0,46272,46272,0,0
172,100,0,0,46272,46272,0,0
173,1,32,32,1,1,0,0
173,2,0,0,46171,46171,0,0
173,3,0,0,46171,46171,0,0
173,5,0,0,46171,46171,0,0
173,10,0,0,46171,46171,0,0
173,20,0,0,46171,46171,0,0
173,50,0,0,46171,46171,0,0
173,100,0,0,46171,46171,0,0
174,1,12,12,316,316,0,0
174,2,12,12,316,316,0,0
174,3,0,0,46604,46604,0,0
174,5,0,0,46604,46604,0,0
174,10,0,0,46604,46604,0,0
174,20,0,0,46604,46604,0,0
174,50,0,0,46604,46604,0,0
174,100,0,0,46604,46604,0,0
175,1,1,1,30333,30333,0,0
175,2,1,1,30333,30333,0,0
175,3,1,1,30333,30333,0,0
175,5,1,1,30333,30333,0,0
175,10,1,1,30333,30333,0,0
175,20,1,1,30333,30333,0,0
175,50,1,1,30333,30333,0,0
175,100,1,1,30333,30333,0,0
176,1,10,0,575,45118,44543,1404
176,2,10,0,575,45118,44543,1404
176,3,10,0,575,45118,44543,1404
176,5,6,0,8626,45118,36492,780
176,10,0,0,45118,45118,0,0
176,20,0,0,45118,45118,0,0
176,50,0,0,45118,45118,0,0
176,100,0,0,45118,45118,0,0
177,1,4,4,9520,9520,0,0
177,2,4,2,9520,15477,5957,312
177,3,4,2,9520,15477,5957,312
177,5,3,2,15384,15477,93,156
177,10,3,2,15384,15477,93,156
177,20,0,0,40112,40112,0,0
177,50,0,0,40112,40112,0,0
177,100,0,0,40112,40112,0,0
178,1,18,2,4,12087,12083,2496
178,2,4,0,8068,36443,28375,468
178,3,4,0,8068,36443,28375,468
178,5,4,0,8068,36443,28375,468
178,10,4,0,8068,36443,28375,468
178,20,0,0,36443,36443,0,0
178,50,0,0,36443,36443,0,0
178,100,0,0,36443,36443,0,0
179,1,9,9,1457,1457,0,0
179,2,1,1,29772,29772,0,0
179,3,1,1,29772,29772,0,0
179,5,1,1,29772,29772,0,0
179,10,1,1,29772,29772,0,0
179,20,1,1,29772,29772,0,0
179,50,1,1,29772,29772,0,0
179,100,1,1,29772,29772,0,0
180,1,25,25,15,15,0,0
180,2,25,25,15,15,0,0
180,3,25,2,15,21350,21335,3588
180,5,4,0,19310,43177,23867,468
180,10,0,0,43177,43177,0,0
180,20,0,0,43177,43177,0,0
180,50,0,0,43177,43177,0,0
180,100,0,0,43177,43177,0,0
181,1,17,2,159,21908,21749,2340
181,2,7,0,3227,44609,41382,936
181,3,7,0,3227,44609,41382,936
181,5,7,0,3227,44609,41382,936
181,10,0,0,44609,44609,0,0
181,20,0,0,44609,44609,0,0
181,50,0,0,44609,44609,0,0
181,100,0,0,44609,44609,0,0
182,1,9,2,923,16610,15687,1092
182,2,9,1,923,21958,21035,1248
182,3,9,0,923,37471,36548,1248
182,5,7,0,3571,37471,33900,936
182,10,0,0,37471,37471,0,0
182,20,0,0,37471,37471,0,0
182,50,0,0,37471,37471,0,0
182,100,0,0,37471,37471,0,0
183,1,1,0,16822,41368,24546,0
183,2,0,0,41368,41368,0,0
183,3,0,0,41368,41368,0,0
183,5,0,0,41368,41368,0,0
183,10,0,0,41368,41368,0,0
183,20,0,0,41368,41368,0,0
183,50,0,0,41368,41368,0,0
183,100,0,0,41368,41368,0,0
184,1,3,0,18278,39819,21541,312
184,2,0,0,39819,39819,0,0
184,3,0,0,39819,39819,0,0
184,5,0,0,39819,39819,0,0
184,10,0,0,39819,39819,0,0
184,20,0,0,39819,39819,0,0
184,50,0,0,39819,39819,0,0
184,100,0,0,39819,39819,0,0
185,1,8,1,882,27826,26944,1092
185,2,5,1,12492,27826,15334,624
185,3,5,1,12492,27826,15334,624
185,5,5,1,12492,27826,15334,624
185,10,5,0,12492,38332,25840,624
185,20,5,0,12492,38332,25840,624
185,50,1,0,27826,38332,10506,0
185,100,0,0,38332,38332,0,0
186,1,21,2,5,10567,10562,2964
186,2,21,2,5,10567,10562,2964
186,3,4,2,6494,10567,4073,312
186,5,3,2,10497,10567,70,156
186,10,3,1,10497,34711,24214,312
186,20,3,1,10497,34711,24214,312
186,50,1,1,34711,34711,0,0
186,100,1,1,34711,34711,0,0
187,1,4,0,10149,41491,31342,468
187,2,4,0,10149,41491,31342,468
187,3,1,0,20377,41491,21114,0
187,5,1,0,20377,41491,21114,0
187,10,0,0,41491,41491,0,0
187,20,0,0,41491,41491,0,0
187,50,0,0,41491,41491,0,0
187,100,0,0,41491,41491,0,0
188,1,16,0,126,41263,41137,2340
188,2,3,0,21106,41263,20157,312
188,3,3,0,21106,41263,20157,312
188,5,3,0,21106,41263,20157,312
188,10,0,0,41263,41263,0,0
188,20,0,0,41263,41263,0,0
188,50,0,0,41263,41263,0,0
188,100,0,0,41263,41263,0,0
189,1,22,6,71,8669,8598,2496
189,2,22,6,71,8669,8598,2496
189,3,22,6,71,8669,8598,2496
189,5,7,2,4743,19997,15254,780
189,10,6,2,8669,19997,11328,624
189,20,6,2,8669,19997,11328,624
189,50,6,2,8669,19997,11328,624
189,100,3,2,19958,19997,39,156
190,1,32,32,1,1,0,0
190,2,10,1,346,31409,31063,1404
190,3,10,1,346,31409,31063,1404
190,5,1,1,31409,31409,0,0
190,10,1,1,31409,31409,0,0
190,20,1,1,31409,31409,0,0
190,50,1,0,31409,41417,10008,0
190,100,1,0,31409,41417,10008,0
191,1,3,0,14825,40428,25603,312
191,2,3,0,14825,40428,25603,312
191,3,0,0,40428,40428,0,0
191,5,0,0,40428,40428,0,0
191,10,0,0,40428,40428,0,0
191,20,0,0,40428,40428,0,0
191,50,0,0,40428,40428,0,0
191,100,0,0,40428,40428,0,0
192,1,0,0,47020,47020,0,0
192,2,0,0,47020,47020,0,0
192,3,0,0,47020,47020,0,0
192,5,0,0,47020,47020,0,0
192,10,0,0,47020,47020,0,0
192,20,0,0,47020,47020,0,0
192,50,0,0,47020,47020,0,0
192,100,0,0,47020,47020,0,0
193,1,4,4,5553,5553,0,0
193,2,0,0,42152,42152,0,0
193,3,0,0,42152,42152,0,0
193,5,0,0,42152,42152,0,0
193,10,0,0,42152,42152,0,0
193,20,0,0,42152,42152,0,0
193,50,0,0,42152,42152,0,0
193,100,0,0,42152,42152,0,0
194,1,6,0,9975,40304,30329,780
194,2,0,0,40304,40304,0,0
194,3,0,0,40304,40304,0,0
194,5,0,0,40304,40304,0,0
194,10,0,0,40304,40304,0,0
194,20,0,0,40304,40304,0,0
194,50,0,0,40304,40304,0,0
194,100,0,0,40304,40304,0,0
195,1,9,1,4357,31997,27640,1248
195,2,1,1,31997,31997,0,0
195,3,1,1,31997,31997,0,0
195,5,1,1,31997,31997,0,0
195,10,1,1,31997,31997,0,0
195,20,1,1,31997,31997,0,0
195,50,1,0,31997,40252,8255,0
195,100,1,0,31997,40252,8255,0
196,1,4,0,3778,38647,34869,468
196,2,4,0,3778,38647,34869,468
196,3,4,0,3778,38647,34869,468
196,5,0,0,38647,38647,0,0
196,10,0,0,38647,38647,0,0
196,20,0,0,38647,38647,0,0
196,50,0,0,38647,38647,0,0
196,100,0,0,38647,38647,0,0
197,1,3,1,5687,23289,17602,312
197,2,1,1,23289,23289,0,0
197,3,1,1,23289,23289,0,0
197,5,1,1,23289,23289,0,0
197,10,1,0,23289,39537,16248,0
197,20,1,0,23289,39537,16248,0
197,50,0,0,39537,39537,0,0
197,100,0,0,39537,39537,0,0
198,1,7,2,8183,19142,10959,780
198,2,7,0,8183,43343,35160,936
198,3,7,0,8183,43343,35160,936
198,5,7,0,8183,43343,35160,936
198,10,0,0,43343,43343,0,0
198,20,0,0,43343,43343,0,0
198,50,0,0,43343,43343,0,0
198,100,0,0,43343,43343,0,0
199,1,1,1,22534,22534,0,0
199,2,1,1,22534,22534,0,0
199,3,1,1,22534,22534,0,0
199,5,1,1,22534,22534,0,0
199,10,1,1,22534,22534,0,0
199,20,0,0,42680,42680,0,0
199,50,0,0,42680,42680,0,0
199,100,0,0,42680,42680,0,0
200,1,0,0,39587,39587,0,0
200,2,0,0,39587,39587,0,0
200,3,0,0,39587,39587,0,0
200,5,0,0,39587,39587,0,0
200,10,0,0,39587,39587,0,0
200,20,0,0,39587,39587,0,0
200,50,0,0,39587,39587,0,0
200,100,0,0,39587,39587,0,0
201,1,10,2,429,12869,12440,1248
201,2,3,1,12611,30945,18334,312
201,3,3,1,12611,30945,18334,312
201,5,3,1,12611,30945,18334,312
201,10,3,1,12611,30945,18334,312
201,20,3,1,12611,30945,18334,312
201,50,1,1,30945,30945,0,0
201,100,1,1,30945,30945,0,0
202,1,7,2,6931,23502,16571,780
202,2,3,1,23405,28626,5221,312
202,3,3,1,23405,28626,5221,312
202,5,3,1,23405,28626,5221,312
202,10,3,1,23405,28626,5221,312
202,20,3,0,23405,44746,21341,312
202,50,1,0,28626,44746,16120,0
202,100,1,0,28626,44746,16120,0
203,1,7,0,507,40569,40062,936
203,2,7,0,507,40569,40062,936
203,3,7,0,507,40569,40062,936
203,5,0,0,40569,40569,0,0
203,10,0,0,40569,40569,0,0
203,20,0,0,40569,40569,0,0
203,50,0,0,40569,40569,0,0
203,100,0,0,40569,40569,0,0
204,1,2,0,6734,41244,34510,156
204,2,2,0,6734,41244,34510,156
204,3,2,0,6734,41244,34510,156
204,5,2,0,6734,41244,34510,156
204,10,2,0,6734,41244,34510,156
204,20,2,0,6734,41244,34510,156
204,50,0,0,41244,41244,0,0
204,100,0,0,41244,41244,0,0
205,1,4,2,16892,28024,11132,312
205,2,3,2,27930,28024,94,156
205,3,3,1,27930,31859,3929,312
205,5,3,1,27930,31859,3929,312
205,10,3,1,27930,31859,3929,312
205,20,3,1,27930,31859,3929,312
205,50,3,1,27930,31859,3929,312
205,100,1,1,31859,31859,0,0
206,1,8,2,752,3850,3098,936
206,2,8,2,752,3850,3098,936
206,3,8,2,752,3850,3098,936
206,5,8,2,752,3850,3098,936
206,10,5,1,2556,15245,12689,624
206,20,0,0,36876,36876,0,0
206,50,0,0,36876,36876,0,0
206,100,0,0,36876,36876,0,0
207,1,10,6,636,4672,4036,624
207,2,10,2,636,22102,21466,1248
207,3,3,0,22078,40333,18255,312
207,5,3,0,22078,40333,18255,312
207,10,3,0,22078,40333,18255,312
207,20,3,0,22078,40333,18255,312
207,50,3,0,22078,40333,18255,312
207,100,0,0,40333,40333,0,0
208,1,26,13,1,31,30,2028
208,2,6,2,3785,19680,15895,624
208,3,6,2,3785,19680,15895,624
208,5,6,2,3785,19680,15895,624
208,10,0,0,40596,40596,0,0
208,20,0,0,40596,40596,0,0
208,50,0,0,40596,40596,0,0
208,100,0,0,40596,40596,0,0
209,1,3,2,28094,28185,91,156
209,2,3,2,28094,28185,91,156
209,3,3,2,28094,28185,91,156
209,5,3,2,28094,28185,91,156
209,10,3,2,28094,28185,91,156
209,20,3,2,28094,28185,91,156
209,50,3,0,28094,41624,13530,312
209,100,3,0,28094,41624,13530,312
210,1,32,32,2,2,0,0
210,2,32,32,2,2,0,0
210,3,21,1,82,28502,28420,3120
210,5,21,1,82,28502,28420,3120
210,10,11,1,667,28502,27835,1560
210,20,0,0,42625,42625,0,0
210,50,0,0,42625,42625,0,0
210,100,0,0,42625,42625,0,0
211,1,11,0,1040,40910,39870,1560
211,2,11,0,1040,40910,39870,1560
211,3,11,0,1040,40910,39870,1560
211,5,11,0,1040,40910,39870,1560
211,10,8,0,3678,40910,37232,1092
211,20,8,0,3678,40910,37232,1092
211,50,0,0,40910,40910,0,0
211,100,0,0,40910,40910,0,0
212,1,1,1,29387,29387,0,0
212,2,1,1,29387,29387,0,0
212,3,1,0,29387,39154,9767,0
212,5,1,0,29387,39154,9767,0
212,10,1,0,29387,39154,9767,0
212,20,1,0,29387,39154,9767,0
212,50,0,0,39154,39154,0,0
212,100,0,0,39154,39154,0,0
213,1,12,2,815,22965,22150,1560
213,2,12,2,815,22965,22150,1560
213,3,3,2,22896,22965,69,156
213,5,3,2,22896,22965,69,156
213,10,3,2,22896,22965,69,156
213,20,3,2,22896,22965,69,156
213,50,3,1,22896,27472,4576,312
213,100,1,0,27472,36992,9520,0
214,1,5,0,4300,38092,33792,624
214,2,4,0,5732,38092,32360,468
214,3,4,0,5732,38092,32360,468
214,5,4,0,5732,38092,32360,468
214,10,0,0,38092,38092,0,0
214,20,0,0,38092,38092,0,0
214,50,0,0,38092,38092,0,0
214,100,0,0,38092,38092,0,0
215,1,4,1,10343,24914,14571,468
215,2,4,1,10343,24914,14571,468
215,3,4,0,10343,39280,28937,468
215,5,4,0,10343,39280,28937,468
215,10,3,0,19830,39280,19450,312
215,20,1,0,24914,39280,14366,0
215,50,0,0,39280,39280,0,0
215,100,0,0,39280,39280,0,0
216,1,12,0,425,43204,42779,1716
216,2,12,0,425,43204,42779,1716
216,3,12,0,425,43204,42779,1716
216,5,0,0,43204,43204,0,0
216,10,0,0,43204,43204,0,0
216,20,0,0,43204,43204,0,0
216,50,0,0,43204,43204,0,0
216,100,0,0,43204,43204,0,0
217,1,8,2,5924,21971,16047,936
217,2,8,2,5924,21971,16047,936
217,3,8,2,5924,21971,16047,936
217,5,8,2,5924,21971,16047,936
217,10,8,2,5924,21971,16047,936
217,20,8,2,5924,21971,16047,936
217,50,8,0,5924,46906,40982,1092
217,100,0,0,46906,46906,0,0
218,1,32,32,1,1,0,0
218,2,29,2,5,5963,5958,4212
218,3,29,2,5,5963,5958,4212
218,5,29,2,5,5963,5958,4212
218,10,0,0,45014,45014,0,0
218,20,0,0,45014,45014,0,0
218,50,0,0,45014,45014,0,0
218,100,0,0,45014,45014,0,0
219,1,3,0,21485,43268,21783,312
219,2,3,0,21485,43268,21783,312
219,3,3,0,21485,43268,21783,312
219,5,3,0,21485,43268,21783,312
219,10,3,0,21485,43268,21783,312
219,20,0,0,43268,43268,0,0
219,50,0,0,43268,43268,0,0
219,100,0,0,43268,43268,0,0
220,1,1,1,30593,30593,0,0
220,2,1,1,30593,30593,0,0
220,3,1,1,30593,30593,0,0
220,5,1,1,30593,30593,0,0
220,10,1,1,30593,30593,0,0
220,20,1,1,30593,30593,0,0
220,50,1,1,30593,30593,0,0
220,100,1,1,30593,30593,0,0
221,1,19,1,7,25977,25970,2808
221,2,7,0,2316,37380,35064,936
221,3,7,0,2316,37380,35064,936
221,5,7,0,2316,37380,35064,936
221,10,1,0,25977,37380,11403,0
221,20,1,0,25977,37380,11403,0
221,50,0,0,37380,37380,0,0
221,100,0,0,37380,37380,0,0
222,1,10,2,2185,25389,23204,1248
222,2,10,2,2185,25389,23204,1248
222,3,10,2,2185,25389,23204,1248
222,5,10,2,2185,25389,23204,1248
222,10,4,2,20008,25389,5381,312
222,20,3,2,25370,25389,19,156
222,50,0,0,44591,44591,0,0
222,100,0,0,44591,44591,0,0
223,1,23,1,50,28851,28801,3432
223,2,7,1,9739,28851,19112,936
223,3,7,1,9739,28851,19112,936
223,5,7,1,9739,28851,19112,936
223,10,7,1,9739,28851,19112,936
223,20,1,1,28851,28851,0,0
223,50,1,0,28851,46960,18109,0
223,100,1,0,28851,46960,18109,0
224,1,6,0,3361,42501,39140,780
224,2,4,0,16765,42501,25736,468
224,3,0,0,42501,42501,0,0
224,5,0,0,42501,42501,0,0
224,10,0,0,42501,42501,0,0
224,20,0,0,42501,42501,0,0
224,50,0,0,42501,42501,0,0
224,100,0,0,42501,42501,0,0
225,1,9,0,1794,40732,38938,1248
225,2,9,0,1794,40732,38938,1248
225,3,3,0,14016,40732,26716,312
225,5,3,0,14016,40732,26716,312
225,10,0,0,40732,40732,0,0
225,20,0,0,40732,40732,0,0
225,50,0,0,40732,40732,0,0
225,100,0,0,40732,40732,0,0
226,1,8,2,1388,28077,26689,936
226,2,8,2,1388,28077,26689,936
226,3,5,2,14301,28077,13776,468
226,5,5,2,14301,28077,13776,468
226,10,4,2,16431,28077,11646,312
226,20,4,2,16431,28077,11646,312
226,50,3,2,27980,28077,97,156
226,100,3,0,27980,39401,11421,312
227,1,25,2,1,24752,24751,3588
227,2,4,2,12936,24752,11816,312
227,3,4,2,12936,24752,11816,312
227,5,4,1,12936,28016,15080,468
227,10,4,1,12936,28016,15080,468
227,20,3,0,24683,43044,18361,312
227,50,3,0,24683,43044,18361,312
227,100,1,0,28016,43044,15028,0
228,1,19,1,1,30110,30109,2808
228,2,1,1,30110,30110,0,0
228,3,1,1,30110,30110,0,0
228,5,1,1,30110,30110,0,0
228,10,1,1,30110,30110,0,0
228,20,1,1,30110,30110,0,0
228,50,1,1,30110,30110,0,0
228,100,1,1,30110,30110,0,0
229,1,17,6,76,7706,7630,1716
229,2,6,2,7706,18659,10953,624
229,3,6,2,7706,18659,10953,624
229,5,6,0,7706,45812,38106,780
229,10,6,0,7706,45812,38106,780
229,20,0,0,45812,45812,0,0
229,50,0,0,45812,45812,0,0
229,100,0,0,45812,45812,0,0
230,1,19,2,96,19822,19726,2652
230,2,19,1,96,20840,20744,2808
230,3,19,1,96,20840,20744,2808
230,5,9,1,879,20840,19961,1248
230,10,9,1,879,20840,19961,1248
230,20,3,1,19814,20840,1026,312
230,50,0,0,42609,42609,0,0
230,100,0,0,42609,42609,0,0
231,1,16,0,9,40027,40018,2340
231,2,1,0,15820,40027,24207,0
231,3,0,0,40027,40027,0,0
231,5,0,0,40027,40027,0,0
231,10,0,0,40027,40027,0,0
231,20,0,0,40027,40027,0,0
231,50,0,0,40027,40027,0,0
231,100,0,0,40027,40027,0,0
232,1,32,32,1,1,0,0
232,2,0,0,38837,38837,0,0
232,3,0,0,38837,38837,0,0
232,5,0,0,38837,38837,0,0
232,10,0,0,38837,38837,0,0
232,20,0,0,38837,38837,0,0
232,50,0,0,38837,38837,0,0
232,100,0,0,38837,38837,0,0
233,1,19,2,13,17442,17429,2652
233,2,4,2,12396,17442,5046,312
233,3,4,2,12396,17442,5046,312
233,5,4,2,12396,17442,5046,312
233,10,4,0,12396,38262,25866,468
233,20,4,0,12396,38262,25866,468
233,50,1,0,21607,38262,16655,0
233,100,0,0,38262,38262,0,0
234,1,4,0,2083,35176,33093,468
234,2,3,0,4452,35176,30724,312
234,3,0,0,35176,35176,0,0
234,5,0,0,35176,35176,0,0
234,10,0,0,35176,35176,0,0
234,20,0,0,35176,35176,0,0
234,50,0,0,35176,35176,0,0
234,100,0,0,35176,35176,0,0
235,1,9,2,1880,20759,18879,1092
235,2,9,0,1880,40567,38687,1248
235,3,0,0,40567,40567,0,0
235,5,0,0,40567,40567,0,0
235,10,0,0,40567,40567,0,0
235,20,0,0,40567,40567,0,0
235,50,0,0,40567,40567,0,0
235,100,0,0,40567,40567,0,0
236,1,19,2,26,22195,22169,2652
236,2,13,2,338,22195,21857,1716
236,3,13,2,338,22195,21857,1716
236,5,13,2,338,22195,21857,1716
236,10,6,0,5147,40219,35072,780
236,20,4,0,18942,40219,21277,468
236,50,0,0,40219,40219,0,0
236,100,0,0,40219,40219,0,0
237,1,0,0,39996,39996,0,0
237,2,0,0,39996,39996,0,0
237,3,0,0,39996,39996,0,0
237,5,0,0,39996,39996,0,0
237,10,0,0,39996,39996,0,0
237,20,0,0,39996,39996,0,0
237,50,0,0,39996,39996,0,0
237,100,0,0,39996,39996,0,0
238,1,17,2,29,10015,9986,2340
238,2,16,1,84,29876,29792,2340
238,3,6,1,1197,29876,28679,780
238,5,6,1,1197,29876,28679,780
238,10,1,1,29876,29876,0,0
238,20,1,1,29876,29876,0,0
238,50,1,0,29876,35282,5406,0
238,100,1,0,29876,35282,5406,0
239,1,15,1,12,23452,23440,2184
239,2,5,0,3840,41309,37469,624
239,3,4,0,18779,41309,22530,468
239,5,4,0,18779,41309,22530,468
239,10,4,0,18779,41309,22530,468
239,20,4,0,18779,41309,22530,468
239,50,0,0,41309,41309,0,0
239,100,0,0,41309,41309,0,0
240,1,20,0,15,38483,38468,2964
240,2,0,0,38483,38483,0,0
240,3,0,0,38483,38483,0,0
240,5,0,0,38483,38483,0,0
240,10,0,0,38483,38483,0,0
240,20,0,0,38483,38483,0,0
240,50,0,0,38483,38483,0,0
240,100,0,0,38483,38483,0,0
241,1,15,2,448,25199,24751,2028
241,2,15,2,448,25199,24751,2028
241,3,15,2,448,25199,24751,2028
241,5,15,2,448,25199,24751,2028
241,10,3,2,25191,25199,8,156
241,20,3,2,25191,25199,8,156
241,50,3,0,25191,42961,17770,312
241,100,3,0,25191,42961,17770,312
242,1,2,2,25645,25645,0,0
242,2,2,2,25645,25645,0,0
242,3,2,2,25645,25645,0,0
242,5,2,2,25645,25645,0,0
242,10,2,0,25645,41404,15759,156
242,20,2,0,25645,41404,15759,156
242,50,2,0,25645,41404,15759,156
242,100,2,0,25645,41404,15759,156
243,1,1,1,25593,25593,0,0
243,2,1,1,25593,25593,0,0
243,3,1,1,25593,25593,0,0
243,5,1,1,25593,25593,0,0
243,10,1,1,25593,25593,0,0
243,20,1,1,25593,25593,0,0
243,50,1,0,25593,38495,12902,0
243,100,1,0,25593,38495,12902,0
244,1,6,0,3916,41391,37475,780
244,2,1,0,22608,41391,18783,0
244,3,1,0,22608,41391,18783,0
244,5,1,0,22608,41391,18783,0
244,10,1,0,22608,41391,18783,0
244,20,0,0,41391,41391,0,0
244,50,0,0,41391,41391,0,0
244,100,0,0,41391,41391,0,0
245,1,26,2,3,23290,23287,3744
245,2,12,2,852,23290,22438,1560
245,3,12,1,852,27207,26355,1716
245,5,12,1,852,27207,26355,1716
245,10,4,1,13461,27207,13746,468
245,20,4,1,13461,27207,13746,468
245,50,1,1,27207,27207,0,0
245,100,1,0,27207,39579,12372,0
246,1,32,32,1,1,0,0
246,2,11,9,278,1373,1095,312
246,3,0,0,43066,43066,0,0
246,5,0,0,43066,43066,0,0
246,10,0,0,43066,43066,0,0
246,20,0,0,43066,43066,0,0
246,50,0,0,43066,43066,0,0
246,100,0,0,43066,43066,0,0
247,1,32,32,1,1,0,0
247,2,15,1,130,27831,27701,2184
247,3,8,0,6050,41766,35716,1092
247,5,8,0,6050,41766,35716,1092
247,10,8,0,6050,41766,35716,1092
247,20,0,0,41766,41766,0,0
247,50,0,0,41766,41766,0,0
247,100,0,0,41766,41766,0,0
248,1,7,2,1032,24035,23003,780
248,2,7,2,1032,24035,23003,780
248,3,7,2,1032,24035,23003,780
248,5,7,2,1032,24035,23003,780
248,10,4,2,8941,24035,15094,312
248,20,3,2,23968,24035,67,156
248,50,3,1,23968,27372,3404,312
248,100,0,0,41972,41972,0,0
249,1,3,3,23559,23559,0,0
249,2,3,3,23559,23559,0,0
249,3,3,2,23559,23583,24,156
249,5,3,2,23559,23583,24,156
249,10,3,0,23559,39578,16019,312
249,20,3,0,23559,39578,16019,312
249,50,0,0,39578,39578,0,0
249,100,0,0,39578,39578,0,0
250,1,32,32,4,4,0,0
250,2,32,32,4,4,0,0
250,3,32,32,4,4,0,0
250,5,12,2,776,28098,27322,1560
250,10,12,2,776,28098,27322,1560
250,20,6,2,11206,28098,16892,624
250,50,6,2,11206,28098,16892,624
250,100,0,0,41962,41962,0,0
251,1,1,1,27586,27586,0,0
251,2,1,1,27586,27586,0,0
251,3,1,0,27586,44102,16516,0
251,5,1,0,27586,44102,16516,0
251,10,1,0,27586,44102,16516,0
251,20,1,0,27586,44102,16516,0
251,50,1,0,27586,44102,16516,0
251,100,0,0,44102,44102,0,0
252,1,6,2,2212,19069,16857,624
252,2,6,2,2212,19069,16857,624
252,3,4,2,13565,19069,5504,312
252,5,3,2,18788,19069,281,156
252,10,3,0,18788,36385,17597,312
252,20,3,0,18788,36385,17597,312
252,50,0,0,36385,36385,0,0
252,100,0,0,36385,36385,0,0
253,1,20,13,18,62,44,1092
253,2,20,2,18,20939,20921,2808
253,3,4,2,12455,20939,8484,312
253,5,4,2,12455,20939,8484,312
253,10,3,2,20859,20939,80,156
253,20,0,0,45055,45055,0,0
253,50,0,0,45055,45055,0,0
253,100,0,0,45055,45055,0,0
254,1,23,2,11,23788,23777,3276
254,2,7,1,2202,28498,26296,936
254,3,7,1,2202,28498,26296,936
254,5,3,1,23626,28498,4872,312
254,10,3,0,23626,42820,19194,312
254,20,3,0,23626,42820,19194,312
254,50,3,0,23626,42820,19194,312
254,100,1,0,28498,42820,14322,0
255,1,4,2,13605,19500,5895,312
255,2,4,0,13605,41536,27931,468
255,3,4,0,13605,41536,27931,468
255,5,0,0,41536,41536,0,0
255,10,0,0,41536,41536,0,0
255,20,0,0,41536,41536,0,0
255,50,0,0,41536,41536,0,0
255,100,0,0,41536,41536,0,0
256,1,3,0,3071,40147,37076,312
256,2,0,0,40147,40147,0,0
256,3,0,0,40147,40147,0,0
256,5,0,0,40147,40147,0,0
256,10,0,0,40147,40147,0,0
256,20,0,0,40147,40147,0,0
256,50,0,0,40147,40147,0,0
256,100,0,0,40147,40147,0,0
257,1,31,31,1,1,0,0
257,2,1,1,27056,27056,0,0
257,3,1,1,27056,27056,0,0
257,5,1,1,27056,27056,0,0
257,10,1,1,27056,27056,0,0
257,20,1,1,27056,27056,0,0
257,50,1,1,27056,27056,0,0
257,100,1,0,27056,41584,14528,0
258,1,21,2,14,23942,23928,2964
258,2,8,2,4088,23942,19854,936
258,3,8,2,4088,23942,19854,936
258,5,7,0,8231,42395,34164,936
258,10,7,0,8231,42395,34164,936
258,20,6,0,11822,42395,30573,780
258,50,3,0,23852,42395,18543,312
258,100,0,0,42395,42395,0,0
259,1,19,0,31,38052,38021,2808
259,2,10,0,430,38052,37622,1404
259,3,0,0,38052,38052,0,0
259,5,0,0,38052,38052,0,0
259,10,0,0,38052,38052,0,0
259,20,0,0,38052,38052,0,0
259,50,0,0,38052,38052,0,0
259,100,0,0,38052,38052,0,0
260,1,0,0,43466,43466,0,0
260,2,0,0,43466,43466,0,0
260,3,0,0,43466,43466,0,0
260,5,0,0,43466,43466,0,0
260,10,0,0,43466,43466,0,0
260,20,0,0,43466,43466,0,0
260,50,0,0,43466,43466,0,0
260,100,0,0,43466,43466,0,0
261,1,1,0,19157,39028,19871,0
261,2,1,0,19157,39028,19871,0
261,3,1,0,19157,39028,19871,0
261,5,1,0,19157,39028,19871,0
261,10,0,0,39028,39028,0,0
261,20,0,0,39028,39028,0,0
261,50,0,0,39028,39028,0,0
261,100,0,0,39028,39028,0,0
262,1,6,2,13505,22561,9056,624
262,2,0,0,45340,45340,0,0
262,3,0,0,45340,45340,0,0
262,5,0,0,45340,45340,0,0
262,10,0,0,45340,45340,0,0
262,20,0,0,45340,45340,0,0
262,50,0,0,45340,45340,0,0
262,100,0,0,45340,45340,0,0
263,1,4,4,14878,14878,0,0
263,2,0,0,40562,40562,0,0
263,3,0,0,40562,40562,0,0
263,5,0,0,40562,40562,0,0
263,10,0,0,40562,40562,0,0
263,20,0,0,40562,40562,0,0
263,50,0,0,40562,40562,0,0
263,100,0,0,40562,40562,0,0
264,1,9,0,1926,41463,39537,1248
264,2,9,0,1926,41463,39537,1248
264,3,5,0,15877,41463,25586,624
264,5,5,0,15877,41463,25586,624
264,10,5,0,15877,41463,25586,624
264,20,0,0,41463,41463,0,0
264,50,0,0,41463,41463,0,0
264,100,0,0,41463,41463,0,0
265,1,1,1,30680,30680,0,0
265,2,1,1,30680,30680,0,0
265,3,1,1,30680,30680,0,0
265,5,1,1,30680,30680,0,0
265,10,1,1,30680,30680,0,0
265,20,1,1,30680,30680,0,0
265,50,1,1,30680,30680,0,0
265,100,1,0,30680,41420,10740,0
266,1,0,0,39457,39457,0,0
266,2,0,0,39457,39457,0,0
266,3,0,0,39457,39457,0,0
266,5,0,0,39457,39457,0,0
266,10,0,0,39457,39457,0,0
266,20,0,0,39457,39457,0,0
266,50,0,0,39457,39457,0,0
266,100,0,0,39457,39457,0,0
267,1,1,1,30696,30696,0,0
267,2,1,1,30696,30696,0,0
267,3,1,1,30696,30696,0,0
267,5,1,1,30696,30696,0,0
267,10,1,1,30696,30696,0,0
267,20,1,1,30696,30696,0,0
267,50,1,0,30696,42654,11958,0
267,100,1,0,30696,42654,11958,0
268,1,1,0,24903,44132,19229,0
268,2,1,0,24903,44132,19229,0
268,3,1,0,24903,44132,19229,0
268,5,1,0,24903,44132,19229,0
268,10,0,0,44132,44132,0,0
268,20,0,0,44132,44132,0,0
268,50,0,0,44132,44132,0,0
268,100,0,0,44132,44132,0,0
269,1,17,2,45,20633,20588,2340
269,2,11,1,566,28185,27619,1560
269,3,11,1,566,28185,27619,1560
269,5,7,1,9736,28185,18449,936
269,10,7,0,9736,41680,31944,936
269,20,1,0,28185,41680,13495,0
269,50,0,0,41680,41680,0,0
269,100,0,0,41680,41680,0,0
270,1,2,2,14373,14373,0,0
270,2,2,0,14373,40006,25633,156
270,3,2,0,14373,40006,25633,156
270,5,2,0,14373,40006,25633,156
270,10,0,0,40006,40006,0,0
270,20,0,0,40006,40006,0,0
270,50,0,0,40006,40006,0,0
270,100,0,0,40006,40006,0,0
271,1,8,2,508,20885,20377,936
271,2,5,2,8207,20885,12678,468
271,3,5,2,8207,20885,12678,468
271,5,5,2,8207,20885,12678,468
271,10,5,2,8207,20885,12678,468
271,20,5,2,8207,20885,12678,468
271,50,5,1,8207,22392,14185,624
271,100,4,0,9277,41078,31801,468
272,1,1,1,13472,13472,0,0
272,2,1,1,13472,13472,0,0
272,3,1,0,13472,34890,21418,0
272,5,1,0,13472,34890,21418,0
272,10,1,0,13472,34890,21418,0
272,20,0,0,34890,34890,0,0
272,50,0,0,34890,34890,0,0
272,100,0,0,34890,34890,0,0
273,1,6,2,1381,23917,22536,624
273,2,5,2,3648,23917,20269,468
273,3,5,2,3648,23917,20269,468
273,5,5,0,3648,40571,36923,624
273,10,5,0,3648,40571,36923,624
273,20,0,0,40571,40571,0,0
273,50,0,0,40571,40571,0,0
273,100,0,0,40571,40571,0,0
274,1,22,0,5,42146,42141,3276
274,2,22,0,5,42146,42141,3276
274,3,21,0,9,42146,42137,3120
274,5,16,0,25,42146,42121,2340
274,10,0,0,42146,42146,0,0
274,20,0,0,42146,42146,0,0
274,50,0,0,42146,42146,0,0
274,100,0,0,42146,42146,0,0
275,1,4,2,19792,22591,2799,312
275,2,4,0,19792,39912,20120,468
275,3,4,0,19792,39912,20120,468
275,5,4,0,19792,39912,20120,468
275,10,0,0,39912,39912,0,0
275,20,0,0,39912,39912,0,0
275,50,0,0,39912,39912,0,0
275,100,0,0,39912,39912,0,0
276,1,4,2,19010,23948,4938,312
276,2,4,2,19010,23948,4938,312
276,3,4,2,19010,23948,4938,312
276,5,4,1,19010,26120,7110,468
276,10,4,1,19010,26120,7110,468
276,20,4,1,19010,26120,7110,468
276,50,1,1,26120,26120,0,0
276,100,1,0,26120,42562,16442,0
277,1,8,1,573,25607,25034,1092
277,2,5,1,3584,25607,22023,624
277,3,5,0,3584,46147,42563,624
277,5,5,0,3584,46147,42563,624
277,10,0,0,46147,46147,0,0
277,20,0,0,46147,46147,0,0
277,50,0,0,46147,46147,0,0
277,100,0,0,46147,46147,0,0
278,1,6,6,10022,10022,0,0
278,2,5,5,13727,13727,0,0
278,3,5,5,13727,13727,0,0
278,5,5,2,13727,20824,7097,468
278,10,0,0,43511,43511,0,0
278,20,0,0,43511,43511,0,0
278,50,0,0,43511,43511,0,0
278,100,0,0,43511,43511,0,0
279,1,15,0,44,37392,37348,2184
279,2,1,0,25025,37392,12367,0
279,3,0,0,37392,37392,0,0
279,5,0,0,37392,37392,0,0
279,10,0,0,37392,37392,0,0
279,20,0,0,37392,37392,0,0
279,50,0,0,37392,37392,0,0
279,100,0,0,37392,37392,0,0
280,1,10,1,261,32656,32395,1404
280,2,10,1,261,32656,32395,1404
280,3,10,1,261,32656,32395,1404
280,5,8,1,1750,32656,30906,1092
280,10,5,1,13200,32656,19456,624
280,20,5,1,13200,32656,19456,624
280,50,1,1,32656,32656,0,0
280,100,1,1,32656,32656,0,0
281,1,4,0,12118,40931,28813,468
281,2,4,0,12118,40931,28813,468
281,3,4,0,12118,40931,28813,468
281,5,4,0,12118,40931,28813,468
281,10,0,0,40931,40931,0,0
281,20,0,0,40931,40931,0,0
281,50,0,0,40931,40931,0,0
281,100,0,0,40931,40931,0,0
282,1,21,0,7,41394,41387,3120
282,2,0,0,41394,41394,0,0
282,3,0,0,41394,41394,0,0
282,5,0,0,41394,41394,0,0
282,10,0,0,41394,41394,0,0
282,20,0,0,41394,41394,0,0
282,50,0,0,41394,41394,0,0
282,100,0,0,41394,41394,0,0
283,1,19,0,8,38523,38515,2808
283,2,0,0,38523,38523,0,0
283,3,0,0,38523,38523,0,0
283,5,0,0,38523,38523,0,0
283,10,0,0,38523,38523,0,0
283,20,0,0,38523,38523,0,0
283,50,0,0,38523,38523,0,0
283,100,0,0,38523,38523,0,0
284,1,5,1,4632,28760,24128,624
284,2,5,1,4632,28760,24128,624
284,3,5,1,4632,28760,24128,624
284,5,4,0,5803,44914,39111,468
284,10,3,0,8472,44914,36442,312
284,20,0,0,44914,44914,0,0
284,50,0,0,44914,44914,0,0
284,100,0,0,44914,44914,0,0
285,1,27,0,2,40008,40006,4056
285,2,0,0,40008,40008,0,0
285,3,0,0,40008,40008,0,0
285,5,0,0,40008,40008,0,0
285,10,0,0,40008,40008,0,0
285,20,0,0,40008,40008,0,0
285,50,0,0,40008,40008,0,0
285,100,0,0,40008,40008,0,0
286,1,32,32,1,1,0,0
286,2,4,1,12605,17492,4887,468
286,3,4,1,12605,17492,4887,468
286,5,0,0,40072,40072,0,0
286,10,0,0,40072,40072,0,0
286,20,0,0,40072,40072,0,0
286,50,0,0,40072,40072,0,0
286,100,0,0,40072,40072,0,0
287,1,32,32,2,2,0,0
287,2,32,32,2,2,0,0
287,3,6,2,5613,23028,17415,624
287,5,4,2,9175,23028,13853,312
287,10,3,2,23008,23028,20,156
287,20,3,1,23008,24749,1741,312
287,50,3,1,23008,24749,1741,312
287,100,3,0,23008,41017,18009,312
288,1,32,32,1,1,0,0
288,2,7,2,4918,22124,17206,780
288,3,6,2,14819,22124,7305,624
288,5,6,2,14819,22124,7305,624
288,10,0,0,45233,45233,0,0
288,20,0,0,45233,45233,0,0
288,50,0,0,45233,45233,0,0
288,100,0,0,45233,45233,0,0
289,1,7,2,1658,6243,4585,780
289,2,7,2,1658,6243,4585,780
289,3,1,1,23284,23284,0,0
289,5,1,1,23284,23284,0,0
289,10,0,0,39071,39071,0,0
289,20,0,0,39071,39071,0,0
289,50,0,0,39071,39071,0,0
289,100,0,0,39071,39071,0,0
290,1,9,0,572,42983,42411,1248
290,2,9,0,572,42983,42411,1248
290,3,9,0,572,42983,42411,1248
290,5,0,0,42983,42983,0,0
290,10,0,0,42983,42983,0,0
290,20,0,0,42983,42983,0,0
290,50,0,0,42983,42983,0,0
290,100,0,0,42983,42983,0,0
291,1,7,2,1200,6543,5343,780
291,2,7,2,1200,6543,5343,780
291,3,6,2,2582,6543,3961,624
291,5,6,0,2582,38535,35953,780
291,10,0,0,38535,38535,0,0
291,20,0,0,38535,38535,0,0
291,50,0,0,38535,38535,0,0
291,100,0,0,38535,38535,0,0
292,1,5,0,14776,43171,28395,624
292,2,5,0,14776,43171,28395,624
292,3,5,0,14776,43171,28395,624
292,5,0,0,43171,43171,0,0
292,10,0,0,43171,43171,0,0
292,20,0,0,43171,43171,0,0
292,50,0,0,43171,43171,0,0
292,100,0,0,43171,43171,0,0
293,1,11,0,156,38074,37918,1560
293,2,11,0,156,38074,37918,1560
293,3,7,0,625,38074,37449,936
293,5,7,0,625,38074,37449,936
293,10,1,0,27185,38074,10889,0
293,20,1,0,27185,38074,10889,0
293,50,1,0,27185,38074,10889,0
293,100,0,0,38074,38074,0,0
294,1,16,2,91,4165,4074,2184
294,2,16,2,91,4165,4074,2184
294,3,0,0,42675,42675,0,0
294,5,0,0,42675,42675,0,0
294,10,0,0,42675,42675,0,0
294,20,0,0,42675,42675,0,0
294,50,0,0,42675,42675,0,0
294,100,0,0,42675,42675,0,0
295,1,8,2,7539,23302,15763,936
295,2,8,2,7539,23302,15763,936
295,3,8,2,7539,23302,15763,936
295,5,8,2,7539,23302,15763,936
295,10,8,0,7539,45764,38225,1092
295,20,8,0,7539,45764,38225,1092
295,50,0,0,45764,45764,0,0
295,100,0,0,45764,45764,0,0
296,1,4,1,17639,28579,10940,468
296,2,4,1,17639,28579,10940,468
296,3,4,1,17639,28579,10940,468
296,5,4,1,17639,28579,10940,468
296,10,3,1,25931,28579,2648,312
296,20,0,0,45868,45868,0,0
296,50,0,0,45868,45868,0,0
296,100,0,0,45868,45868,0,0
297,1,1,0,24731,41968,17237,0
297,2,1,0,24731,41968,17237,0
297,3,1,0,24731,41968,17237,0
297,5,0,0,41968,41968,0,0
297,10,0,0,41968,41968,0,0
297,20,0,0,41968,41968,0,0
297,50,0,0,41968,41968,0,0
297,100,0,0,41968,41968,0,0
298,1,0,0,39353,39353,0,0
298,2,0,0,39353,39353,0,0
298,3,0,0,39353,39353,0,0
298,5,0,0,39353,39353,0,0
298,10,0,0,39353,39353,0,0
298,20,0,0,39353,39353,0,0
298,50,0,0,39353,39353,0,0
298,100,0,0,39353,39353,0,0
299,1,8,1,1459,26927,25468,1092
299,2,8,1,1459,26927,25468,1092
299,3,7,0,2351,42684,40333,936
299,5,7,0,2351,42684,40333,936
299,10,1,0,26927,42684,15757,0
299,20,1,0,26927,42684,15757,0
299,50,0,0,42684,42684,0,0
299,100,0,0,42684,42684,0,0
300,1,2,0,18820,36883,18063,156
300,2,2,0,18820,36883,18063,156
300,3,2,0,18820,36883,18063,156
300,5,2,0,18820,36883,18063,156
300,10,0,0,36883,36883,0,0
300,20,0,0,36883,36883,0,0
300,50,0,0,36883,36883,0,0
300,100,0,0,36883,36883,0,0
301,1,10,1,3480,26778,23298,1404
301,2,10,1,3480,26778,23298,1404
301,3,10,1,3480,26778,23298,1404
301,5,10,1,3480,26778,23298,1404
301,10,10,1,3480,26778,23298,1404
301,20,10,1,3480,26778,23298,1404
301,50,1,1,26778,26778,0,0
301,100,1,1,26778,26778,0,0
302,1,6,6,9427,9427,0,0
302,2,6,6,9427,9427,0,0
302,3,6,6,9427,9427,0,0
302,5,3,3,28133,28133,0,0
302,10,3,2,28133,28210,77,156
302,20,3,2,28133,28210,77,156
302,50,3,2,28133,28210,77,156
302,100,3,2,28133,28210,77,156
303,1,2,2,11817,11817,0,0
303,2,2,2,11817,11817,0,0
303,3,2,1,11817,27763,15946,156
303,5,2,1,11817,27763,15946,156
303,10,2,0,11817,36858,25041,156
303,20,2,0,11817,36858,25041,156
303,50,1,0,27763,36858,9095,0
303,100,1,0,27763,36858,9095,0
304,1,11,0,235,44107,43872,1560
304,2,4,0,3346,44107,40761,468
304,3,1,0,23541,44107,20566,0
304,5,1,0,23541,44107,20566,0
304,10,0,0,44107,44107,0,0
304,20,0,0,44107,44107,0,0
304,50,0,0,44107,44107,0,0
304,100,0,0,44107,44107,0,0
305,1,15,2,131,23680,23549,2028
305,2,9,2,1240,23680,22440,1092
305,3,9,0,1240,43839,42599,1248
305,5,3,0,23647,43839,20192,312
305,10,0,0,43839,43839,0,0
305,20,0,0,43839,43839,0,0
305,50,0,0,43839,43839,0,0
305,100,0,0,43839,43839,0,0
306,1,23,2,1,7309,7308,3276
306,2,5,0,1395,42991,41596,624
306,3,5,0,1395,42991,41596,624
306,5,3,0,7234,42991,35757,312
306,10,0,0,42991,42991,0,0
306,20,0,0,42991,42991,0,0
306,50,0,0,42991,42991,0,0
306,100,0,0,42991,42991,0,0
307,1,3,0,9503,38923,29420,312
307,2,3,0,9503,38923,29420,312
307,3,3,0,9503,38923,29420,312
307,5,0,0,38923,38923,0,0
307,10,0,0,38923,38923,0,0
307,20,0,0,38923,38923,0,0
307,50,0,0,38923,38923,0,0
307,100,0,0,38923,38923,0,0
308,1,8,2,1095,22022,20927,936
308,2,7,0,1857,43343,41486,936
308,3,4,0,15645,43343,27698,468
308,5,4,0,15645,43343,27698,468
308,10,4,0,15645,43343,27698,468
308,20,4,0,15645,43343,27698,468
308,50,0,0,43343,43343,0,0
308,100,0,0,43343,43343,0,0
309,1,5,5,19552,19552,0,0
309,2,5,5,19552,19552,0,0
309,3,5,5,19552,19552,0,0
309,5,5,5,19552,19552,0,0
309,10,5,5,19552,19552,0,0
309,20,5,2,19552,25385,5833,468
309,50,5,2,19552,25385,5833,468
309,100,4,2,22037,25385,3348,312
310,1,23,0,14,44693,44679,3432
310,2,19,0,488,44693,44205,2808
310,3,7,0,10641,44693,34052,936
310,5,0,0,44693,44693,0,0
310,10,0,0,44693,44693,0,0
310,20,0,0,44693,44693,0,0
310,50,0,0,44693,44693,0,0
310,100,0,0,44693,44693,0,0
311,1,7,1,489,20400,19911,936
311,2,1,1,20400,20400,0,0
311,3,1,1,20400,20400,0,0
311,5,1,0,20400,40505,20105,0
311,10,0,0,40505,40505,0,0
311,20,0,0,40505,40505,0,0
311,50,0,0,40505,40505,0,0
311,100,0,0,40505,40505,0,0
312,1,11,0,844,41412,40568,1560
312,2,10,0,1012,41412,40400,1404
312,3,10,0,1012,41412,40400,1404
312,5,10,0,1012,41412,40400,1404
312,10,4,0,4492,41412,36920,468
312,20,4,0,4492,41412,36920,468
312,50,1,0,22893,41412,18519,0
312,100,0,0,41412,41412,0,0
313,1,9,0,228,39537,39309,1248
313,2,1,0,26494,39537,13043,0
313,3,0,0,39537,39537,0,0
313,5,0,0,39537,39537,0,0
313,10,0,0,39537,39537,0,0
313,20,0,0,39537,39537,0,0
313,50,0,0,39537,39537,0,0
313,100,0,0,39537,39537,0,0
314,1,6,0,513,40258,39745,780
314,2,0,0,40258,40258,0,0
314,3,0,0,40258,40258,0,0
314,5,0,0,40258,40258,0,0
314,10,0,0,40258,40258,0,0
314,20,0,0,40258,40258,0,0
314,50,0,0,40258,40258,0,0
314,100,0,0,40258,40258,0,0
315,1,9,1,3516,23959,20443,1248
315,2,9,1,3516,23959,20443,1248
315,3,0,0,40222,40222,0,0
315,5,0,0,40222,40222,0,0
315,10,0,0,40222,40222,0,0
315,20,0,0,40222,40222,0,0
315,50,0,0,40222,40222,0,0
315,100,0,0,40222,40222,0,0
316,1,1,1,34731,34731,0,0
316,2,1,1,34731,34731,0,0
316,3,1,1,34731,34731,0,0
316,5,1,1,34731,34731,0,0
316,10,1,1,34731,34731,0,0
316,20,1,1,34731,34731,0,0
316,50,1,1,34731,34731,0,0
316,100,1,1,34731,34731,0,0
317,1,0,0,40843,40843,0,0
317,2,0,0,40843,40843,0,0
317,3,0,0,40843,40843,0,0
317,5,0,0,40843,40843,0,0
317,10,0,0,40843,40843,0,0
317,20,0,0,40843,40843,0,0
317,50,0,0,40843,40843,0,0
317,100,0,0,40843,40843,0,0
318,1,2,0,5394,38254,32860,156
318,2,2,0,5394,38254,32860,156
318,3,0,0,38254,38254,0,0
318,5,0,0,38254,38254,0,0
318,10,0,0,38254,38254,0,0
318,20,0,0,38254,38254,0,0
318,50,0,0,38254,38254,0,0
318,100,0,0,38254,38254,0,0
319,1,1,1,29007,29007,0,0
319,2,1,1,29007,29007,0,0
319,3,1,0,29007,42945,13938,0
319,5,1,0,29007,42945,13938,0
319,10,1,0,29007,42945,13938,0
319,20,1,0,29007,42945,13938,0
319,50,1,0,29007,42945,13938,0
319,100,0,0,42945,42945,0,0
320,1,0,0,44629,44629,0,0
320,2,0,0,44629,44629,0,0
320,3,0,0,44629,44629,0,0
320,5,0,0,44629,44629,0,0
320,10,0,0,44629,44629,0,0
320,20,0,0,44629,44629,0,0
320,50,0,0,44629,44629,0,0
320,100,0,0,44629,44629,0,0
321,1,17,2,28,3060,3032,2340
321,2,17,0,28,39940,39912,2496
321,3,17,0,28,39940,39912,2496
321,5,1,0,24354,39940,15586,0
321,10,0,0,39940,39940,0,0
321,20,0,0,39940,39940,0,0
321,50,0,0,39940,39940,0,0
321,100,0,0,39940,39940,0,0
322,1,32,32,2,2,0,0
322,2,32,32,2,2,0,0
322,3,6,6,16572,16572,0,0
322,5,6,6,16572,16572,0,0
322,10,6,2,16572,25360,8788,624
322,20,6,2,16572,25360,8788,624
322,50,0,0,44273,44273,0,0
322,100,0,0,44273,44273,0,0
323,1,7,2,5783,22337,16554,780
323,2,7,2,5783,22337,16554,780
323,3,7,2,5783,22337,16554,780
323,5,7,2,5783,22337,16554,780
323,10,6,2,11351,22337,10986,624
323,20,6,0,11351,43416,32065,780
323,50,0,0,43416,43416,0,0
323,100,0,0,43416,43416,0,0
324,1,16,2,128,5921,5793,2184
324,2,1,0,26338,39202,12864,0
324,3,1,0,26338,39202,12864,0
324,5,1,0,26338,39202,12864,0
324,10,1,0,26338,39202,12864,0
324,20,1,0,26338,39202,12864,0
324,50,0,0,39202,39202,0,0
324,100,0,0,39202,39202,0,0
325,1,0,0,42415,42415,0,0
325,2,0,0,42415,42415,0,0
325,3,0,0,42415,42415,0,0
325,5,0,0,42415,42415,0,0
325,10,0,0,42415,42415,0,0
325,20,0,0,42415,42415,0,0
325,50,0,0,42415,42415,0,0
325,100,0,0,42415,42415,0,0
326,1,4,0,12443,39996,27553,468
326,2,0,0,39996,39996,0,0
326,3,0,0,39996,39996,0,0
326,5,0,0,39996,39996,0,0
326,10,0,0,39996,39996,0,0
326,20,0,0,39996,39996,0,0
326,50,0,0,39996,39996,0,0
326,100,0,0,39996,39996,0,0
327,1,32,32,1,1,0,0
327,2,1,1,19477,19477,0,0
327,3,1,1,19477,19477,0,0
327,5,1,1,19477,19477,0,0
327,10,1,1,19477,19477,0,0
327,20,1,0,19477,42648,23171,0
327,50,0,0,42648,42648,0,0
327,100,0,0,42648,42648,0,0
328,1,4,2,13719,24236,10517,312
328,2,4,2,13719,24236,10517,312
328,3,4,2,13719,24236,10517,312
328,5,4,2,13719,24236,10517,312
328,10,4,2,13719,24236,10517,312
328,20,4,0,13719,41638,27919,468
328,50,0,0,41638,41638,0,0
328,100,0,0,41638,41638,0,0
329,1,4,2,6838,13317,6479,312
329,2,0,0,39805,39805,0,0
329,3,0,0,39805,39805,0,0
329,5,0,0,39805,39805,0,0
329,10,0,0,39805,39805,0,0
329,20,0,0,39805,39805,0,0
329,50,0,0,39805,39805,0,0
329,100,0,0,39805,39805,0,0
330,1,5,2,17968,24341,6373,468
330,2,5,2,17968,24341,6373,468
330,3,5,2,17968,24341,6373,468
330,5,5,2,17968,24341,6373,468
330,10,5,2,17968,24341,6373,468
330,20,5,2,17968,24341,6373,468
330,50,5,2,17968,24341,6373,468
330,100,4,0,20190,39630,19440,468
331,1,2,1,23349,28157,4808,156
331,2,1,0,28157,37240,9083,0
331,3,1,0,28157,37240,9083,0
331,5,1,0,28157,37240,9083,0
331,10,1,0,28157,37240,9083,0
331,20,1,0,28157,37240,9083,0
331,50,0,0,37240,37240,0,0
331,100,0,0,37240,37240,0,0
332,1,8,2,2060,8443,6383,936
332,2,8,1,2060,32874,30814,1092
332,3,8,1,2060,32874,30814,1092
332,5,1,1,32874,32874,0,0
332,10,1,1,32874,32874,0,0
332,20,1,1,32874,32874,0,0
332,50,1,1,32874,32874,0,0
332,100,1,1,32874,32874,0,0
333,1,25,2,1,16063,16062,3588
333,2,24,0,2,39565,39563,3588
333,3,4,0,10585,39565,28980,468
333,5,0,0,39565,39565,0,0
333,10,0,0,39565,39565,0,0
333,20,0,0,39565,39565,0,0
333,50,0,0,39565,39565,0,0
333,100,0,0,39565,39565,0,0
334,1,16,2,377,12960,12583,2184
334,2,16,2,377,12960,12583,2184
334,3,16,2,377,12960,12583,2184
334,5,12,2,562,12960,12398,1560
334,10,3,2,12855,12960,105,156
334,20,3,2,12855,12960,105,156
334,50,3,0,12855,41155,28300,312
334,100,0,0,41155,41155,0,0
335,1,32,32,1,1,0,0
335,2,20,2,7,7459,7452,2808
335,3,20,2,7,7459,7452,2808
335,5,4,2,5595,7459,1864,312
335,10,4,2,5595,7459,1864,312
335,20,3,2,7410,7459,49,156
335,50,1,1,29339,29339,0,0
335,100,1,1,29339,29339,0,0
336,1,32,32,1,1,0,0
336,2,0,0,41145,41145,0,0
336,3,0,0,41145,41145,0,0
336,5,0,0,41145,41145,0,0
336,10,0,0,41145,41145,0,0
336,20,0,0,41145,41145,0,0
336,50,0,0,41145,41145,0,0
336,100,0,0,41145,41145,0,0
337,1,0,0,35884,35884,0,0
337,2,0,0,35884,35884,0,0
337,3,0,0,35884,35884,0,0
337,5,0,0,35884,35884,0,0
337,10,0,0,35884,35884,0,0
337,20,0,0,35884,35884,0,0
337,50,0,0,35884,35884,0,0
337,100,0,0,35884,35884,0,0
338,1,21,0,22,39970,39948,3120
338,2,11,0,767,39970,39203,1560
338,3,11,0,767,39970,39203,1560
338,5,0,0,39970,39970,0,0
338,10,0,0,39970,39970,0,0
338,20,0,0,39970,39970,0,0
338,50,0,0,39970,39970,0,0
338,100,0,0,39970,39970,0,0
339,1,0,0,43037,43037,0,0
339,2,0,0,43037,43037,0,0
339,3,0,0,43037,43037,0,0
339,5,0,0,43037,43037,0,0
339,10,0,0,43037,43037,0,0
339,20,0,0,43037,43037,0,0
339,50,0,0,43037,43037,0,0
339,100,0,0,43037,43037,0,0
340,1,10,0,89,40944,40855,1404
340,2,3,0,21332,40944,19612,312
340,3,1,0,25884,40944,15060,0
340,5,1,0,25884,40944,15060,0
340,10,1,0,25884,40944,15060,0
340,20,0,0,40944,40944,0,0
340,50,0,0,40944,40944,0,0
340,100,0,0,40944,40944,0,0
341,1,11,2,486,22575,22089,1404
341,2,11,2,486,22575,22089,1404
341,3,11,2,486,22575,22089,1404
341,5,6,2,5725,22575,16850,624
341,10,6,2,5725,22575,16850,624
341,20,6,1,5725,26039,20314,780
341,50,3,0,22538,43953,21415,312
341,100,0,0,43953,43953,0,0
342,1,10,2,412,23945,23533,1248
342,2,7,2,2838,23945,21107,780
342,3,7,2,2838,23945,21107,780
342,5,7,2,2838,23945,21107,780
342,10,4,2,20069,23945,3876,312
342,20,4,2,20069,23945,3876,312
342,50,4,2,20069,23945,3876,312
342,100,4,2,20069,23945,3876,312
343,1,11,11,1577,1577,0,0
343,2,11,2,1577,28660,27083,1404
343,3,11,2,1577,28660,27083,1404
343,5,11,2,1577,28660,27083,1404
343,10,11,2,1577,28660,27083,1404
343,20,4,2,18765,28660,9895,312
343,50,4,2,18765,28660,9895,312
343,100,4,1,18765,33476,14711,468
344,1,15,0,76,41511,41435,2184
344,2,15,0,76,41511,41435,2184
344,3,9,0,344,41511,41167,1248
344,5,0,0,41511,41511,0,0
344,10,0,0,41511,41511,0,0
344,20,0,0,41511,41511,0,0
344,50,0,0,41511,41511,0,0
344,100,0,0,41511,41511,0,0
345,1,6,2,14744,22387,7643,624
345,2,6,0,14744,41381,26637,780
345,3,6,0,14744,41381,26637,780
345,5,6,0,14744,41381,26637,780
345,10,6,0,14744,41381,26637,780
345,20,6,0,14744,41381,26637,780
345,50,0,0,41381,41381,0,0
345,100,0,0,41381,41381,0,0
346,1,2,2,10173,10173,0,0
346,2,2,2,10173,10173,0,0
346,3,2,2,10173,10173,0,0
346,5,2,2,10173,10173,0,0
346,10,2,2,10173,10173,0,0
346,20,2,1,10173,32447,22274,156
346,50,2,1,10173,32447,22274,156
346,100,1,1,32447,32447,0,0
347,1,11,2,46,9337,9291,1404
347,2,11,2,46,9337,9291,1404
347,3,10,2,168,9337,9169,1248
347,5,10,2,168,9337,9169,1248
347,10,6,0,2737,36830,34093,780
347,20,2,0,9337,36830,27493,156
347,50,0,0,36830,36830,0,0
347,100,0,0,36830,36830,0,0
348,1,9,2,770,6879,6109,1092
348,2,9,2,770,6879,6109,1092
348,3,9,2,770,6879,6109,1092
348,5,9,0,770,41258,40488,1248
348,10,9,0,770,41258,40488,1248
348,20,1,0,28380,41258,12878,0
348,50,1,0,28380,41258,12878,0
348,100,0,0,41258,41258,0,0
349,1,2,2,12266,12266,0,0
349,2,2,2,12266,12266,0,0
349,3,2,2,12266,12266,0,0
349,5,2,2,12266,12266,0,0
349,10,2,2,12266,12266,0,0
349,20,2,2,12266,12266,0,0
349,50,1,1,26749,26749,0,0
349,100,1,0,26749,36132,9383,0
350,1,12,12,134,134,0,0
350,2,7,0,800,43696,42896,936
350,3,0,0,43696,43696,0,0
350,5,0,0,43696,43696,0,0
350,10,0,0,43696,43696,0,0
350,20,0,0,43696,43696,0,0
350,50,0,0,43696,43696,0,0
350,100,0,0,43696,43696,0,0
351,1,8,2,1392,9237,7845,936
351,2,8,2,1392,9237,7845,936
351,3,8,2,1392,9237,7845,936
351,5,8,2,1392,9237,7845,936
351,10,6,0,4584,41163,36579,780
351,20,1,0,24273,41163,16890,0
351,50,1,0,24273,41163,16890,0
351,100,0,0,41163,41163,0,0
352,1,1,1,22925,22925,0,0
352,2,1,1,22925,22925,0,0
352,3,1,1,22925,22925,0,0
352,5,1,1,22925,22925,0,0
352,10,1,0,22925,39643,16718,0
352,20,1,0,22925,39643,16718,0
352,50,0,0,39643,39643,0,0
352,100,0,0,39643,39643,0,0
353,1,7,2,4327,19678,15351,780
353,2,7,1,4327,23653,19326,936
353,3,7,0,4327,39147,34820,936
353,5,4,0,9561,39147,29586,468
353,10,4,0,9561,39147,29586,468
353,20,0,0,39147,39147,0,0
353,50,0,0,39147,39147,0,0
353,100,0,0,39147,39147,0,0
354,1,0,0,41959,41959,0,0
354,2,0,0,41959,41959,0,0
354,3,0,0,41959,41959,0,0
354,5,0,0,41959,41959,0,0
354,10,0,0,41959,41959,0,0
354,20,0,0,41959,41959,0,0
354,50,0,0,41959,41959,0,0
354,100,0,0,41959,41959,0,0
355,1,12,2,161,22554,22393,1560
355,2,12,2,161,22554,22393,1560
355,3,10,2,930,22554,21624,1248
355,5,9,0,2245,40110,37865,1248
355,10,0,0,40110,40110,0,0
355,20,0,0,40110,40110,0,0
355,50,0,0,40110,40110,0,0
355,100,0,0,40110,40110,0,0
356,1,1,0,18447,40609,22162,0
356,2,0,0,40609,40609,0,0
356,3,0,0,40609,40609,0,0
356,5,0,0,40609,40609,0,0
356,10,0,0,40609,40609,0,0
356,20,0,0,40609,40609,0,0
356,50,0,0,40609,40609,0,0
356,100,0,0,40609,40609,0,0
357,1,22,3,33,19887,19854,2964
357,2,22,3,33,19887,19854,2964
357,3,17,3,1025,19887,18862,2184
357,5,17,3,1025,19887,18862,2184
357,10,3,2,19887,19946,59,156
357,20,3,2,19887,19946,59,156
357,50,3,2,19887,19946,59,156
357,100,0,0,47434,47434,0,0
358,1,20,20,34,34,0,0
358,2,20,20,34,34,0,0
358,3,20,20,34,34,0,0
358,5,8,2,5449,27169,21720,936
358,10,8,1,5449,31493,26044,1092
358,20,1,1,31493,31493,0,0
358,50,1,1,31493,31493,0,0
358,100,1,1,31493,31493,0,0
359,1,19,1,47,30593,30546,2808
359,2,9,1,1245,30593,29348,1248
359,3,9,1,1245,30593,29348,1248
359,5,6,1,14334,30593,16259,780
359,10,6,1,14334,30593,16259,780
359,20,6,1,14334,30593,16259,780
359,50,4,1,22411,30593,8182,468
359,100,2,0,26066,39973,13907,156
360,1,1,0,24899,43244,18345,0
360,2,1,0,24899,43244,18345,0
360,3,1,0,24899,43244,18345,0
360,5,1,0,24899,43244,18345,0
360,10,1,0,24899,43244,18345,0
360,20,1,0,24899,43244,18345,0
360,50,0,0,43244,43244,0,0
360,100,0,0,43244,43244,0,0
361,1,3,0,3828,43227,39399,312
361,2,3,0,3828,43227,39399,312
361,3,3,0,3828,43227,39399,312
361,5,0,0,43227,43227,0,0
361,10,0,0,43227,43227,0,0
361,20,0,0,43227,43227,0,0
361,50,0,0,43227,43227,0,0
361,100,0,0,43227,43227,0,0
362,1,7,1,340,20978,20638,936
362,2,7,1,340,20978,20638,936
362,3,1,0,20978,40292,19314,0
362,5,0,0,40292,40292,0,0
362,10,0,0,40292,40292,0,0
362,20,0,0,40292,40292,0,0
362,50,0,0,40292,40292,0,0
362,100,0,0,40292,40292,0,0
363,1,2,2,27199,27199,0,0
363,2,2,2,27199,27199,0,0
363,3,2,2,27199,27199,0,0
363,5,2,2,27199,27199,0,0
363,10,2,2,27199,27199,0,0
363,20,2,2,27199,27199,0,0
363,50,2,2,27199,27199,0,0
363,100,2,0,27199,39762,12563,156
364,1,0,0,41429,41429,0,0
364,2,0,0,41429,41429,0,0
364,3,0,0,41429,41429,0,0
364,5,0,0,41429,41429,0,0
364,10,0,0,41429,41429,0,0
364,20,0,0,41429,41429,0,0
364,50,0,0,41429,41429,0,0
364,100,0,0,41429,41429,0,0
365,1,4,0,2116,42669,40553,468
365,2,1,0,21274,42669,21395,0
365,3,1,0,21274,42669,21395,0
365,5,1,0,21274,42669,21395,0
365,10,0,0,42669,42669,0,0
365,20,0,0,42669,42669,0,0
365,50,0,0,42669,42669,0,0
365,100,0,0,42669,42669,0,0
366,1,1,0,22977,42693,19716,0
366,2,0,0,42693,42693,0,0
366,3,0,0,42693,42693,0,0
366,5,0,0,42693,42693,0,0
366,10,0,0,42693,42693,0,0
366,20,0,0,42693,42693,0,0
366,50,0,0,42693,42693,0,0
366,100,0,0,42693,42693,0,0
367,1,3,0,14314,39991,25677,312
367,2,0,0,39991,39991,0,0
367,3,0,0,39991,39991,0,0
367,5,0,0,39991,39991,0,0
367,10,0,0,39991,39991,0,0
367,20,0,0,39991,39991,0,0
367,50,0,0,39991,39991,0,0
367,100,0,0,39991,39991,0,0
368,1,6,2,329,6603,6274,624
368,2,6,2,329,6603,6274,624
368,3,5,2,1121,6603,5482,468
368,5,5,1,1121,19508,18387,624
368,10,1,0,19508,36682,17174,0
368,20,1,0,19508,36682,17174,0
368,50,0,0,36682,36682,0,0
368,100,0,0,36682,36682,0,0
369,1,1,1,20413,20413,0,0
369,2,0,0,41272,41272,0,0
369,3,0,0,41272,41272,0,0
369,5,0,0,41272,41272,0,0
369,10,0,0,41272,41272,0,0
369,20,0,0,41272,41272,0,0
369,50,0,0,41272,41272,0,0
369,100,0,0,41272,41272,0,0
370,1,7,0,8199,41433,33234,936
370,2,7,0,8199,41433,33234,936
370,3,7,0,8199,41433,33234,936
370,5,7,0,8199,41433,33234,936
370,10,0,0,41433,41433,0,0
370,20,0,0,41433,41433,0,0
370,50,0,0,41433,41433,0,0
370,100,0,0,41433,41433,0,0
371,1,6,2,13195,21600,8405,624
371,2,6,2,13195,21600,8405,624
371,3,6,2,13195,21600,8405,624
371,5,6,2,13195,21600,8405,624
371,10,6,1,13195,24724,11529,780
371,20,4,0,16807,43332,26525,468
371,50,0,0,43332,43332,0,0
371,100,0,0,43332,43332,0,0
372,1,28,0,1,40509,40508,4212
372,2,9,0,1995,40509,38514,1248
372,3,4,0,16696,40509,23813,468
372,5,4,0,16696,40509,23813,468
372,10,4,0,16696,40509,23813,468
372,20,0,0,40509,40509,0,0
372,50,0,0,40509,40509,0,0
372,100,0,0,40509,40509,0,0
373,1,8,0,2016,39611,37595,1092
373,2,0,0,39611,39611,0,0
373,3,0,0,39611,39611,0,0
373,5,0,0,39611,39611,0,0
373,10,0,0,39611,39611,0,0
373,20,0,0,39611,39611,0,0
373,50,0,0,39611,39611,0,0
373,100,0,0,39611,39611,0,0
374,1,4,1,8380,20984,12604,468
374,2,4,0,8380,43938,35558,468
374,3,0,0,43938,43938,0,0
374,5,0,0,43938,43938,0,0
374,10,0,0,43938,43938,0,0
374,20,0,0,43938,43938,0,0
374,50,0,0,43938,43938,0,0
374,100,0,0,43938,43938,0,0
375,1,0,0,39203,39203,0,0
375,2,0,0,39203,39203,0,0
375,3,0,0,39203,39203,0,0
375,5,0,0,39203,39203,0,0
375,10,0,0,39203,39203,0,0
375,20,0,0,39203,39203,0,0
375,50,0,0,39203,39203,0,0
375,100,0,0,39203,39203,0,0
376,1,4,4,14765,14765,0,0
376,2,4,2,14765,21186,6421,312
376,3,4,2,14765,21186,6421,312
376,5,4,2,14765,21186,6421,312
376,10,4,1,14765,24741,9976,468
376,20,1,1,24741,24741,0,0
376,50,1,0,24741,41904,17163,0
376,100,0,0,41904,41904,0,0
377,1,32,32,1,1,0,0
377,2,21,3,32,28246,28214,2808
377,3,10,3,1131,28246,27115,1092
377,5,10,2,1131,28276,27145,1248
377,10,3,2,28246,28276,30,156
377,20,3,2,28246,28276,30,156
377,50,3,2,28246,28276,30,156
377,100,3,2,28246,28276,30,156
378,1,6,2,4874,9288,4414,624
378,2,6,2,4874,9288,4414,624
378,3,6,2,4874,9288,4414,624
378,5,6,2,4874,9288,4414,624
378,10,6,2,4874,9288,4414,624
378,20,1,1,33376,33376,0,0
378,50,1,1,33376,33376,0,0
378,100,1,1,33376,33376,0,0
379,1,32,32,6,6,0,0
379,2,32,32,6,6,0,0
379,3,32,32,6,6,0,0
379,5,32,32,6,6,0,0
379,10,15,2,136,25929,25793,2028
379,20,15,2,136,25929,25793,2028
379,50,4,2,22694,25929,3235,312
379,100,2,2,25929,25929,0,0
380,1,7,0,7239,46943,39704,936
380,2,7,0,7239,46943,39704,936
380,3,0,0,46943,46943,0,0
380,5,0,0,46943,46943,0,0
380,10,0,0,46943,46943,0,0
380,20,0,0,46943,46943,0,0
380,50,0,0,46943,46943,0,0
380,100,0,0,46943,46943,0,0
381,1,12,0,896,44896,44000,1716
381,2,12,0,896,44896,44000,1716
381,3,8,0,3534,44896,41362,1092
381,5,7,0,5770,44896,39126,936
381,10,0,0,44896,44896,0,0
381,20,0,0,44896,44896,0,0
381,50,0,0,44896,44896,0,0
381,100,0,0,44896,44896,0,0
382,1,0,0,41589,41589,0,0
382,2,0,0,41589,41589,0,0
382,3,0,0,41589,41589,0,0
382,5,0,0,41589,41589,0,0
382,10,0,0,41589,41589,0,0
382,20,0,0,41589,41589,0,0
382,50,0,0,41589,41589,0,0
382,100,0,0,41589,41589,0,0
383,1,9,0,3011,44962,41951,1248
383,2,9,0,3011,44962,41951,1248
383,3,6,0,7672,44962,37290,780
383,5,6,0,7672,44962,37290,780
383,10,0,0,44962,44962,0,0
383,20,0,0,44962,44962,0,0
383,50,0,0,44962,44962,0,0
383,100,0,0,44962,44962,0,0
384,1,10,2,434,19749,19315,1248
384,2,10,0,434,43939,43505,1404
384,3,10,0,434,43939,43505,1404
384,5,0,0,43939,43939,0,0
384,10,0,0,43939,43939,0,0
384,20,0,0,43939,43939,0,0
384,50,0,0,43939,43939,0,0
384,100,0,0,43939,43939,0,0
385,1,0,0,45130,45130,0,0
385,2,0,0,45130,45130,0,0
385,3,0,0,45130,45130,0,0
385,5,0,0,45130,45130,0,0
385,10,0,0,45130,45130,0,0
385,20,0,0,45130,45130,0,0
385,50,0,0,45130,45130,0,0
385,100,0,0,45130,45130,0,0
386,1,1,1,24765,24765,0,0
386,2,1,1,24765,24765,0,0
386,3,1,1,24765,24765,0,0
386,5,1,1,24765,24765,0,0
386,10,1,1,24765,24765,0,0
386,20,1,1,24765,24765,0,0
386,50,0,0,40475,40475,0,0
386,100,0,0,40475,40475,0,0
387,1,10,1,234,20892,20658,1404
387,2,6,0,3198,38793,35595,780
387,3,1,0,20892,38793,17901,0
387,5,1,0,20892,38793,17901,0
387,10,1,0,20892,38793,17901,0
387,20,1,0,20892,38793,17901,0
387,50,0,0,38793,38793,0,0
387,100,0,0,38793,38793,0,0
388,1,22,0,3,41468,41465,3276
388,2,16,0,100,41468,41368,2340
388,3,8,0,1804,41468,39664,1092
388,5,7,0,4664,41468,36804,936
388,10,0,0,41468,41468,0,0
388,20,0,0,41468,41468,0,0
388,50,0,0,41468,41468,0,0
388,100,0,0,41468,41468,0,0
389,1,16,2,63,17968,17905,2184
389,2,7,2,1361,17968,16607,780
389,3,5,2,9217,17968,8751,468
389,5,5,2,9217,17968,8751,468
389,10,2,0,17968,39040,21072,156
389,20,0,0,39040,39040,0,0
389,50,0,0,39040,39040,0,0
389,100,0,0,39040,39040,0,0
390,1,4,0,16301,37423,21122,468
390,2,4,0,16301,37423,21122,468
390,3,4,0,16301,37423,21122,468
390,5,4,0,16301,37423,21122,468
390,10,2,0,21931,37423,15492,156
390,20,1,0,28198,37423,9225,0
390,50,0,0,37423,37423,0,0
390,100,0,0,37423,37423,0,0
391,1,12,2,863,19348,18485,1560
391,2,12,1,863,23775,22912,1716
391,3,12,1,863,23775,22912,1716
391,5,12,1,863,23775,22912,1716
391,10,1,0,23775,41036,17261,0
391,20,0,0,41036,41036,0,0
391,50,0,0,41036,41036,0,0
391,100,0,0,41036,41036,0,0
392,1,6,2,2429,7137,4708,624
392,2,6,1,2429,32797,30368,780
392,3,6,1,2429,32797,30368,780
392,5,1,1,32797,32797,0,0
392,10,1,1,32797,32797,0,0
392,20,1,1,32797,32797,0,0
392,50,1,1,32797,32797,0,0
392,100,1,1,32797,32797,0,0
393,1,2,0,19390,39735,20345,156
393,2,2,0,19390,39735,20345,156
393,3,2,0,19390,39735,20345,156
393,5,2,0,19390,39735,20345,156
393,10,2,0,19390,39735,20345,156
393,20,0,0,39735,39735,0,0
393,50,0,0,39735,39735,0,0
393,100,0,0,39735,39735,0,0
394,1,9,2,543,13885,13342,1092
394,2,9,1,543,15650,15107,1248
394,3,7,1,1478,15650,14172,936
394,5,1,1,15650,15650,0,0
394,10,0,0,41454,41454,0,0
394,20,0,0,41454,41454,0,0
394,50,0,0,41454,41454,0,0
394,100,0,0,41454,41454,0,0
395,1,11,2,668,25539,24871,1404
395,2,7,2,3679,25539,21860,780
395,3,7,2,3679,25539,21860,780
395,5,7,2,3679,25539,21860,780
395,10,4,1,21539,27109,5570,468
395,20,4,1,21539,27109,5570,468
395,50,4,1,21539,27109,5570,468
395,100,4,0,21539,45203,23664,468
396,1,12,1,55,27226,27171,1716
396,2,12,1,55,27226,27171,1716
396,3,9,1,233,27226,26993,1248
396,5,1,0,27226,36256,9030,0
396,10,0,0,36256,36256,0,0
396,20,0,0,36256,36256,0,0
396,50,0,0,36256,36256,0,0
396,100,0,0,36256,36256,0,0
397,1,1,1,27378,27378,0,0
397,2,1,1,27378,27378,0,0
397,3,1,1,27378,27378,0,0
397,5,1,0,27378,41826,14448,0
397,10,1,0,27378,41826,14448,0
397,20,1,0,27378,41826,14448,0
397,50,1,0,27378,41826,14448,0
397,100,1,0,27378,41826,14448,0
398,1,2,2,7959,7959,0,0
398,2,2,2,7959,7959,0,0
398,3,2,2,7959,7959,0,0
398,5,2,0,7959,40153,32194,156
398,10,2,0,7959,40153,32194,156
398,20,0,0,40153,40153,0,0
398,50,0,0,40153,40153,0,0
398,100,0,0,40153,40153,0,0
399,1,0,0,40775,40775,0,0
399,2,0,0,40775,40775,0,0
399,3,0,0,40775,40775,0,0
399,5,0,0,40775,40775,0,0
399,10,0,0,40775,40775,0,0
399,20,0,0,40775,40775,0,0
399,50,0,0,40775,40775,0,0
399,100,0,0,40775,40775,0,0
400,1,32,32,1,1,0,0
400,2,6,2,2895,21089,18194,624
400,3,6,0,2895,45101,42206,780
400,5,6,0,2895,45101,42206,780
400,10,6,0,2895,45101,42206,780
400,20,0,0,45101,45101,0,0
400,50,0,0,45101,45101,0,0
400,100,0,0,45101,45101,0,0
401,1,11,0,92,40694,40602,1560
401,2,8,0,1562,40694,39132,1092
401,3,4,0,21541,40694,19153,468
401,5,4,0,21541,40694,19153,468
401,10,4,0,21541,40694,19153,468
401,20,4,0,21541,40694,19153,468
401,50,0,0,40694,40694,0,0
401,100,0,0,40694,40694,0,0
402,1,10,10,299,299,0,0
402,2,9,1,681,29028,28347,1248
402,3,1,1,29028,29028,0,0
402,5,1,1,29028,29028,0,0
402,10,1,1,29028,29028,0,0
402,20,1,1,29028,29028,0,0
402,50,1,1,29028,29028,0,0
402,100,0,0,45510,45510,0,0
403,1,23,23,4,4,0,0
403,2,23,0,4,47788,47784,3432
403,3,9,0,2703,47788,45085,1248
403,5,9,0,2703,47788,45085,1248
403,10,0,0,47788,47788,0,0
403,20,0,0,47788,47788,0,0
403,50,0,0,47788,47788,0,0
403,100,0,0,47788,47788,0,0
404,1,10,0,31,40740,40709,1404
404,2,0,0,40740,40740,0,0
404,3,0,0,40740,40740,0,0
404,5,0,0,40740,40740,0,0
404,10,0,0,40740,40740,0,0
404,20,0,0,40740,40740,0,0
404,50,0,0,40740,40740,0,0
404,100,0,0,40740,40740,0,0
405,1,1,1,17928,17928,0,0
405,2,1,1,17928,17928,0,0
405,3,1,1,17928,17928,0,0
405,5,1,1,17928,17928,0,0
405,10,0,0,40808,40808,0,0
405,20,0,0,40808,40808,0,0
405,50,0,0,40808,40808,0,0
405,100,0,0,40808,40808,0,0
406,1,8,2,728,19884,19156,936
406,2,4,2,10637,19884,9247,312
406,3,4,0,10637,38340,27703,468
406,5,4,0,10637,38340,27703,468
406,10,3,0,19774,38340,18566,312
406,20,3,0,19774,38340,18566,312
406,50,0,0,38340,38340,0,0
406,100,0,0,38340,38340,0,0
407,1,0,0,41333,41333,0,0
407,2,0,0,41333,41333,0,0
407,3,0,0,41333,41333,0,0
407,5,0,0,41333,41333,0,0
407,10,0,0,41333,41333,0,0
407,20,0,0,41333,41333,0,0
407,50,0,0,41333,41333,0,0
407,100,0,0,41333,41333,0,0
408,1,0,0,42242,42242,0,0
408,2,0,0,42242,42242,0,0
408,3,0,0,42242,42242,0,0
408,5,0,0,42242,42242,0,0
408,10,0,0,42242,42242,0,0
408,20,0,0,42242,42242,0,0
408,50,0,0,42242,42242,0,0
408,100,0,0,42242,42242,0,0
409,1,6,6,11794,11794,0,0
409,2,6,2,11794,18482,6688,624
409,3,6,2,11794,18482,6688,624
409,5,6,2,11794,18482,6688,624
409,10,6,2,11794,18482,6688,624
409,20,6,2,11794,18482,6688,624
409,50,5,0,12804,41095,28291,624
409,100,4,0,15785,41095,25310,468
410,1,25,2,7,19878,19871,3588
410,2,12,2,895,19878,18983,1560
410,3,12,2,895,19878,18983,1560
410,5,12,2,895,19878,18983,1560
410,10,11,2,1909,19878,17969,1404
410,20,0,0,43489,43489,0,0
410,50,0,0,43489,43489,0,0
410,100,0,0,43489,43489,0,0
411,1,0,0,40628,40628,0,0
411,2,0,0,40628,40628,0,0
411,3,0,0,40628,40628,0,0
411,5,0,0,40628,40628,0,0
411,10,0,0,40628,40628,0,0
411,20,0,0,40628,40628,0,0
411,50,0,0,40628,40628,0,0
411,100,0,0,40628,40628,0,0
412,1,22,4,2,6376,6374,2808
412,2,15,4,19,6376,6357,1716
412,3,1,1,27655,27655,0,0
412,5,1,1,27655,27655,0,0
412,10,1,1,27655,27655,0,0
412,20,1,0,27655,39394,11739,0
412,50,1,0,27655,39394,11739,0
412,100,1,0,27655,39394,11739,0
413,1,1,0,28722,40416,11694,0
413,2,1,0,28722,40416,11694,0
413,3,1,0,28722,40416,11694,0
413,5,1,0,28722,40416,11694,0
413,10,1,0,28722,40416,11694,0
413,20,1,0,28722,40416,11694,0
413,50,1,0,28722,40416,11694,0
413,100,0,0,40416,40416,0,0
414,1,11,0,466,42298,41832,1560
414,2,0,0,42298,42298,0,0
414,3,0,0,42298,42298,0,0
414,5,0,0,42298,42298,0,0
414,10,0,0,42298,42298,0,0
414,20,0,0,42298,42298,0,0
414,50,0,0,42298,42298,0,0
414,100,0,0,42298,42298,0,0
415,1,0,0,43955,43955,0,0
415,2,0,0,43955,43955,0,0
415,3,0,0,43955,43955,0,0
415,5,0,0,43955,43955,0,0
415,10,0,0,43955,43955,0,0
415,20,0,0,43955,43955,0,0
415,50,0,0,43955,43955,0,0
415,100,0,0,43955,43955,0,0
416,1,23,2,7,7836,7829,3276
416,2,23,0,7,44145,44138,3432
416,3,7,0,326,44145,43819,936
416,5,7,0,326,44145,43819,936
416,10,6,0,1386,44145,42759,780
416,20,0,0,44145,44145,0,0
416,50,0,0,44145,44145,0,0
416,100,0,0,44145,44145,0,0
417,1,17,2,58,22821,22763,2340
417,2,5,2,9065,22821,13756,468
417,3,5,2,9065,22821,13756,468
417,5,5,1,9065,25794,16729,624
417,10,5,1,9065,25794,16729,624
417,20,5,1,9065,25794,16729,624
417,50,5,1,9065,25794,16729,624
417,100,1,1,25794,25794,0,0
418,1,2,2,8428,8428,0,0
418,2,2,2,8428,8428,0,0
418,3,2,2,8428,8428,0,0
418,5,0,0,42689,42689,0,0
418,10,0,0,42689,42689,0,0
418,20,0,0,42689,42689,0,0
418,50,0,0,42689,42689,0,0
418,100,0,0,42689,42689,0,0
419,1,1,0,15886,37328,21442,0
419,2,1,0,15886,37328,21442,0
419,3,1,0,15886,37328,21442,0
419,5,1,0,15886,37328,21442,0
419,10,0,0,37328,37328,0,0
419,20,0,0,37328,37328,0,0
419,50,0,0,37328,37328,0,0
419,100,0,0,37328,37328,0,0
420,1,1,1,28791,28791,0,0
420,2,1,1,28791,28791,0,0
420,3,1,1,28791,28791,0,0
420,5,1,1,28791,28791,0,0
420,10,1,1,28791,28791,0,0
420,20,1,1,28791,28791,0,0
420,50,1,1,28791,28791,0,0
420,100,1,0,28791,38975,10184,0
421,1,4,2,13834,23131,9297,312
421,2,4,0,13834,40409,26575,468
421,3,4,0,13834,40409,26575,468
421,5,4,0,13834,40409,26575,468
421,10,4,0,13834,40409,26575,468
421,20,3,0,23085,40409,17324,312
421,50,0,0,40409,40409,0,0
421,100,0,0,40409,40409,0,0
422,1,32,32,1,1,0,0
422,2,0,0,41483,41483,0,0
422,3,0,0,41483,41483,0,0
422,5,0,0,41483,41483,0,0
422,10,0,0,41483,41483,0,0
422,20,0,0,41483,41483,0,0
422,50,0,0,41483,41483,0,0
422,100,0,0,41483,41483,0,0
423,1,0,0,40100,40100,0,0
423,2,0,0,40100,40100,0,0
423,3,0,0,40100,40100,0,0
423,5,0,0,40100,40100,0,0
423,10,0,0,40100,40100,0,0
423,20,0,0,40100,40100,0,0
423,50,0,0,40100,40100,0,0
423,100,0,0,40100,40100,0,0
424,1,4,0,5198,45146,39948,468
424,2,4,0,5198,45146,39948,468
424,3,4,0,5198,45146,39948,468
424,5,1,0,21327,45146,23819,0
424,10,1,0,21327,45146,23819,0
424,20,0,0,45146,45146,0,0
424,50,0,0,45146,45146,0,0
424,100,0,0,45146,45146,0,0
425,1,29,0,1,42278,42277,4368
425,2,10,0,1031,42278,41247,1404
425,3,5,0,8049,42278,34229,624
425,5,3,0,21434,42278,20844,312
425,10,3,0,21434,42278,20844,312
425,20,0,0,42278,42278,0,0
425,50,0,0,42278,42278,0,0
425,100,0,0,42278,42278,0,0
426,1,8,0,3852,40997,37145,1092
426,2,8,0,3852,40997,37145,1092
426,3,4,0,12457,40997,28540,468
426,5,4,0,12457,40997,28540,468
426,10,3,0,20921,40997,20076,312
426,20,3,0,20921,40997,20076,312
426,50,0,0,40997,40997,0,0
426,100,0,0,40997,40997,0,0
427,1,8,0,4843,45424,40581,1092
427,2,8,0,4843,45424,40581,1092
427,3,0,0,45424,45424,0,0
427,5,0,0,45424,45424,0,0
427,10,0,0,45424,45424,0,0
427,20,0,0,45424,45424,0,0
427,50,0,0,45424,45424,0,0
427,100,0,0,45424,45424,0,0
428,1,11,2,215,15732,15517,1404
428,2,11,2,215,15732,15517,1404
428,3,7,0,932,40067,39135,936
428,5,7,0,932,40067,39135,936
428,10,3,0,15538,40067,24529,312
428,20,3,0,15538,40067,24529,312
428,50,0,0,40067,40067,0,0
428,100,0,0,40067,40067,0,0
429,1,30,2,2,25687,25685,4368
429,2,6,2,11381,25687,14306,624
429,3,3,2,25428,25687,259,156
429,5,3,2,25428,25687,259,156
429,10,3,0,25428,40441,15013,312
429,20,3,0,25428,40441,15013,312
429,50,0,0,40441,40441,0,0
429,100,0,0,40441,40441,0,0
430,1,32,32,1,1,0,0
430,2,19,1,100,25024,24924,2808
430,3,19,1,100,25024,24924,2808
430,5,1,1,25024,25024,0,0
430,10,1,1,25024,25024,0,0
430,20,1,1,25024,25024,0,0
430,50,1,0,25024,38662,13638,0
430,100,1,0,25024,38662,13638,0
431,1,29,29,3,3,0,0
431,2,15,15,415,415,0,0
431,3,15,2,415,23617,23202,2028
431,5,15,2,415,23617,23202,2028
431,10,15,0,415,39070,38655,2184
431,20,0,0,39070,39070,0,0
431,50,0,0,39070,39070,0,0
431,100,0,0,39070,39070,0,0
432,1,23,1,8,28945,28937,3432
432,2,10,1,3266,28945,25679,1404
432,3,1,1,28945,28945,0,0
432,5,1,1,28945,28945,0,0
432,10,1,0,28945,43486,14541,0
432,20,1,0,28945,43486,14541,0
432,50,0,0,43486,43486,0,0
432,100,0,0,43486,43486,0,0
433,1,5,0,6784,38442,31658,624
433,2,0,0,38442,38442,0,0
433,3,0,0,38442,38442,0,0
433,5,0,0,38442,38442,0,0
433,10,0,0,38442,38442,0,0
433,20,0,0,38442,38442,0,0
433,50,0,0,38442,38442,0,0
433,100,0,0,38442,38442,0,0
434,1,3,2,6888,6992,104,156
434,2,3,2,6888,6992,104,156
434,3,3,2,6888,6992,104,156
434,5,3,2,6888,6992,104,156
434,10,1,1,27679,27679,0,0
434,20,1,1,27679,27679,0,0
434,50,1,1,27679,27679,0,0
434,100,0,0,41791,41791,0,0
435,1,0,0,45662,45662,0,0
435,2,0,0,45662,45662,0,0
435,3,0,0,45662,45662,0,0
435,5,0,0,45662,45662,0,0
435,10,0,0,45662,45662,0,0
435,20,0,0,45662,45662,0,0
435,50,0,0,45662,45662,0,0
435,100,0,0,45662,45662,0,0
436,1,3,0,10888,38326,27438,312
436,2,0,0,38326,38326,0,0
436,3,0,0,38326,38326,0,0
436,5,0,0,38326,38326,0,0
436,10,0,0,38326,38326,0,0
436,20,0,0,38326,38326,0,0
436,50,0,0,38326,38326,0,0
436,100,0,0,38326,38326,0,0
437,1,19,2,18,24256,24238,2652
437,2,9,2,251,24256,24005,1092
437,3,9,2,251,24256,24005,1092
437,5,4,2,10530,24256,13726,312
437,10,4,2,10530,24256,13726,312
437,20,4,2,10530,24256,13726,312
437,50,4,2,10530,24256,13726,312
437,100,4,0,10530,41185,30655,468
438,1,22,2,8,23585,23577,3120
438,2,18,2,179,23585,23406,2496
438,3,18,2,179,23585,23406,2496
438,5,1,1,26538,26538,0,0
438,10,1,1,26538,26538,0,0
438,20,1,1,26538,26538,0,0
438,50,1,1,26538,26538,0,0
438,100,0,0,45020,45020,0,0
439,1,3,2,23901,23980,79,156
439,2,3,2,23901,23980,79,156
439,3,3,2,23901,23980,79,156
439,5,3,2,23901,23980,79,156
439,10,3,1,23901,28109,4208,312
439,20,3,1,23901,28109,4208,312
439,50,3,0,23901,38726,14825,312
439,100,3,0,23901,38726,14825,312
440,1,18,2,2,18956,18954,2496
440,2,10,0,409,39370,38961,1404
440,3,4,0,7322,39370,32048,468
440,5,3,0,18924,39370,20446,312
440,10,0,0,39370,39370,0,0
440,20,0,0,39370,39370,0,0
440,50,0,0,39370,39370,0,0
440,100,0,0,39370,39370,0,0
441,1,11,2,366,19284,18918,1404
441,2,5,2,14593,19284,4691,468
441,3,5,2,14593,19284,4691,468
441,5,5,0,14593,42511,27918,624
441,10,0,0,42511,42511,0,0
441,20,0,0,42511,42511,0,0
441,50,0,0,42511,42511,0,0
441,100,0,0,42511,42511,0,0
442,1,15,0,81,38615,38534,2184
442,2,0,0,38615,38615,0,0
442,3,0,0,38615,38615,0,0
442,5,0,0,38615,38615,0,0
442,10,0,0,38615,38615,0,0
442,20,0,0,38615,38615,0,0
442,50,0,0,38615,38615,0,0
442,100,0,0,38615,38615,0,0
443,1,16,2,27,17582,17555,2184
443,2,3,1,17507,20465,2958,312
443,3,3,1,17507,20465,2958,312
443,5,3,1,17507,20465,2958,312
443,10,3,0,17507,38359,20852,312
443,20,3,0,17507,38359,20852,312
443,50,3,0,17507,38359,20852,312
443,100,0,0,38359,38359,0,0
444,1,32,32,1,1,0,0
444,2,0,0,43993,43993,0,0
444,3,0,0,43993,43993,0,0
444,5,0,0,43993,43993,0,0
444,10,0,0,43993,43993,0,0
444,20,0,0,43993,43993,0,0
444,50,0,0,43993,43993,0,0
444,100,0,0,43993,43993,0,0
445,1,12,1,376,32841,32465,1716
445,2,1,1,32841,32841,0,0
445,3,1,1,32841,32841,0,0
445,5,1,1,32841,32841,0,0
445,10,1,1,32841,32841,0,0
445,20,1,1,32841,32841,0,0
445,50,1,1,32841,32841,0,0
445,100,1,0,32841,40323,7482,0
446,1,26,2,2,8183,8181,3744
446,2,17,2,56,8183,8127,2340
446,3,4,2,6536,8183,1647,312
446,5,4,2,6536,8183,1647,312
446,10,4,1,6536,25302,18766,468
446,20,1,1,25302,25302,0,0
446,50,1,0,25302,36375,11073,0
446,100,1,0,25302,36375,11073,0
447,1,8,2,254,18402,18148,936
447,2,8,2,254,18402,18148,936
447,3,7,2,440,18402,17962,780
447,5,7,0,440,39988,39548,936
447,10,3,0,18381,39988,21607,312
447,20,0,0,39988,39988,0,0
447,50,0,0,39988,39988,0,0
447,100,0,0,39988,39988,0,0
448,1,3,0,22079,39273,17194,312
448,2,3,0,22079,39273,17194,312
448,3,3,0,22079,39273,17194,312
448,5,3,0,22079,39273,17194,312
448,10,0,0,39273,39273,0,0
448,20,0,0,39273,39273,0,0
448,50,0,0,39273,39273,0,0
448,100,0,0,39273,39273,0,0
449,1,9,0,50,40974,40924,1248
449,2,0,0,40974,40974,0,0
449,3,0,0,40974,40974,0,0
449,5,0,0,40974,40974,0,0
449,10,0,0,40974,40974,0,0
449,20,0,0,40974,40974,0,0
449,50,0,0,40974,40974,0,0
449,100,0,0,40974,40974,0,0
450,1,7,2,7385,18468,11083,780
450,2,7,2,7385,18468,11083,780
450,3,7,2,7385,18468,11083,780
450,5,7,2,7385,18468,11083,780
450,10,0,0,40461,40461,0,0
450,20,0,0,40461,40461,0,0
450,50,0,0,40461,40461,0,0
450,100,0,0,40461,40461,0,0
451,1,25,1,5,29375,29370,3744
451,2,25,1,5,29375,29370,3744
451,3,25,1,5,29375,29370,3744
451,5,1,1,29375,29375,0,0
451,10,1,1,29375,29375,0,0
451,20,1,1,29375,29375,0,0
451,50,1,1,29375,29375,0,0
451,100,1,0,29375,39951,10576,0
452,1,1,1,22618,22618,0,0
452,2,1,1,22618,22618,0,0
452,3,1,1,22618,22618,0,0
452,5,1,1,22618,22618,0,0
452,10,1,1,22618,22618,0,0
452,20,1,1,22618,22618,0,0
452,50,1,0,22618,38846,16228,0
452,100,0,0,38846,38846,0,0
453,1,15,1,93,19740,19647,2184
453,2,8,0,2210,40586,38376,1092
453,3,8,0,2210,40586,38376,1092
453,5,3,0,16351,40586,24235,312
453,10,0,0,40586,40586,0,0
453,20,0,0,40586,40586,0,0
453,50,0,0,40586,40586,0,0
453,100,0,0,40586,40586,0,0
454,1,19,2,14,5027,5013,2652
454,2,19,2,14,5027,5013,2652
454,3,12,2,61,5027,4966,1560
454,5,1,1,19773,19773,0,0
454,10,1,0,19773,41766,21993,0
454,20,1,0,19773,41766,21993,0
454,50,0,0,41766,41766,0,0
454,100,0,0,41766,41766,0,0
455,1,19,2,49,19779,19730,2652
455,2,10,2,1094,19779,18685,1248
455,3,10,1,1094,25394,24300,1404
455,5,10,1,1094,25394,24300,1404
455,10,0,0,37330,37330,0,0
455,20,0,0,37330,37330,0,0
455,50,0,0,37330,37330,0,0
455,100,0,0,37330,37330,0,0
456,1,21,2,16,24958,24942,2964
456,2,21,2,16,24958,24942,2964
456,3,19,2,32,24958,24926,2652
456,5,3,2,24936,24958,22,156
456,10,3,2,24936,24958,22,156
456,20,3,2,24936,24958,22,156
456,50,3,2,24936,24958,22,156
456,100,3,0,24936,39513,14577,312
457,1,18,1,42,29714,29672,2652
457,2,18,1,42,29714,29672,2652
457,3,1,1,29714,29714,0,0
457,5,1,0,29714,43508,13794,0
457,10,1,0,29714,43508,13794,0
457,20,1,0,29714,43508,13794,0
457,50,1,0,29714,43508,13794,0
457,100,0,0,43508,43508,0,0
458,1,3,1,22684,28220,5536,312
458,2,3,1,22684,28220,5536,312
458,3,3,1,22684,28220,5536,312
458,5,3,1,22684,28220,5536,312
458,10,3,1,22684,28220,5536,312
458,20,1,1,28220,28220,0,0
458,50,1,0,28220,42227,14007,0
458,100,1,0,28220,42227,14007,0
459,1,2,0,23000,38099,15099,156
459,2,2,0,23000,38099,15099,156
459,3,2,0,23000,38099,15099,156
459,5,2,0,23000,38099,15099,156
459,10,2,0,23000,38099,15099,156
459,20,0,0,38099,38099,0,0
459,50,0,0,38099,38099,0,0
459,100,0,0,38099,38099,0,0
460,1,28,0,2,43666,43664,4212
460,2,1,0,23110,43666,20556,0
460,3,0,0,43666,43666,0,0
460,5,0,0,43666,43666,0,0
460,10,0,0,43666,43666,0,0
460,20,0,0,43666,43666,0,0
460,50,0,0,43666,43666,0,0
460,100,0,0,43666,43666,0,0
461,1,8,0,6239,47332,41093,1092
461,2,8,0,6239,47332,41093,1092
461,3,8,0,6239,47332,41093,1092
461,5,3,0,29018,47332,18314,312
461,10,0,0,47332,47332,0,0
461,20,0,0,47332,47332,0,0
461,50,0,0,47332,47332,0,0
461,100,0,0,47332,47332,0,0
462,1,11,2,1644,22370,20726,1404
462,2,11,2,1644,22370,20726,1404
462,3,11,2,1644,22370,20726,1404
462,5,6,2,14666,22370,7704,624
462,10,6,2,14666,22370,7704,624
462,20,6,1,14666,25208,10542,780
462,50,6,1,14666,25208,10542,780
462,100,6,1,14666,25208,10542,780
463,1,0,0,46818,46818,0,0
463,2,0,0,46818,46818,0,0
463,3,0,0,46818,46818,0,0
463,5,0,0,46818,46818,0,0
463,10,0,0,46818,46818,0,0
463,20,0,0,46818,46818,0,0
463,50,0,0,46818,46818,0,0
463,100,0,0,46818,46818,0,0
464,1,5,0,1764,36607,34843,624
464,2,1,0,19442,36607,17165,0
464,3,1,0,19442,36607,17165,0
464,5,1,0,19442,36607,17165,0
464,10,1,0,19442,36607,17165,0
464,20,1,0,19442,36607,17165,0
464,50,0,0,36607,36607,0,0
464,100,0,0,36607,36607,0,0
465,1,26,2,1,5024,5023,3744
465,2,12,2,288,5024,4736,1560
465,3,12,0,288,40882,40594,1716
465,5,12,0,288,40882,40594,1716
465,10,0,0,40882,40882,0,0
465,20,0,0,40882,40882,0,0
465,50,0,0,40882,40882,0,0
465,100,0,0,40882,40882,0,0
466,1,7,0,1177,39181,38004,936
466,2,0,0,39181,39181,0,0
466,3,0,0,39181,39181,0,0
466,5,0,0,39181,39181,0,0
466,10,0,0,39181,39181,0,0
466,20,0,0,39181,39181,0,0
466,50,0,0,39181,39181,0,0
466,100,0,0,39181,39181,0,0
467,1,1,0,22896,43207,20311,0
467,2,1,0,22896,43207,20311,0
467,3,1,0,22896,43207,20311,0
467,5,1,0,22896,43207,20311,0
467,10,0,0,43207,43207,0,0
467,20,0,0,43207,43207,0,0
467,50,0,0,43207,43207,0,0
467,100,0,0,43207,43207,0,0
468,1,24,24,2,2,0,0
468,2,6,2,984,5325,4341,624
468,3,5,1,2701,23637,20936,624
468,5,1,1,23637,23637,0,0
468,10,1,1,23637,23637,0,0
468,20,1,1,23637,23637,0,0
468,50,1,0,23637,38034,14397,0
468,100,0,0,38034,38034,0,0
469,1,20,20,2,2,0,0
469,2,19,2,15,3703,3688,2652
469,3,1,1,27185,27185,0,0
469,5,1,1,27185,27185,0,0
469,10,1,0,27185,46459,19274,0
469,20,1,0,27185,46459,19274,0
469,50,1,0,27185,46459,19274,0
469,100,0,0,46459,46459,0,0
470,1,3,2,8881,8936,55,156
470,2,3,2,8881,8936,55,156
470,3,3,0,8881,41727,32846,312
470,5,3,0,8881,41727,32846,312
470,10,0,0,41727,41727,0,0
470,20,0,0,41727,41727,0,0
470,50,0,0,41727,41727,0,0
470,100,0,0,41727,41727,0,0
471,1,17,2,249,31870,31621,2340
471,2,3,2,31815,31870,55,156
471,3,3,2,31815,31870,55,156
471,5,3,1,31815,36544,4729,312
471,10,3,1,31815,36544,4729,312
471,20,3,1,31815,36544,4729,312
471,50,1,1,36544,36544,0,0
471,100,1,1,36544,36544,0,0
472,1,4,0,17372,39588,22216,468
472,2,0,0,39588,39588,0,0
472,3,0,0,39588,39588,0,0
472,5,0,0,39588,39588,0,0
472,10,0,0,39588,39588,0,0
472,20,0,0,39588,39588,0,0
472,50,0,0,39588,39588,0,0
472,100,0,0,39588,39588,0,0
473,1,10,0,1817,37837,36020,1404
473,2,0,0,37837,37837,0,0
473,3,0,0,37837,37837,0,0
473,5,0,0,37837,37837,0,0
473,10,0,0,37837,37837,0,0
473,20,0,0,37837,37837,0,0
473,50,0,0,37837,37837,0,0
473,100,0,0,37837,37837,0,0
474,1,29,29,10,10,0,0
474,2,29,29,10,10,0,0
474,3,29,29,10,10,0,0
474,5,20,2,206,9246,9040,2808
474,10,7,2,2745,9246,6501,780
474,20,1,1,28771,28771,0,0
474,50,1,1,28771,28771,0,0
474,100,1,1,28771,28771,0,0
475,1,8,8,653,653,0,0
475,2,8,0,653,46133,45480,1092
475,3,8,0,653,46133,45480,1092
475,5,1,0,23417,46133,22716,0
475,10,1,0,23417,46133,22716,0
475,20,0,0,46133,46133,0,0
475,50,0,0,46133,46133,0,0
475,100,0,0,46133,46133,0,0
476,1,11,0,883,40201,39318,1560
476,2,0,0,40201,40201,0,0
476,3,0,0,40201,40201,0,0
476,5,0,0,40201,40201,0,0
476,10,0,0,40201,40201,0,0
476,20,0,0,40201,40201,0,0
476,50,0,0,40201,40201,0,0
476,100,0,0,40201,40201,0,0
477,1,25,2,12,17734,17722,3588
477,2,22,2,27,17734,17707,3120
477,3,16,2,225,17734,17509,2184
477,5,16,2,225,17734,17509,2184
477,10,5,2,13863,17734,3871,468
477,20,0,0,42873,42873,0,0
477,50,0,0,42873,42873,0,0
477,100,0,0,42873,42873,0,0
478,1,7,0,3369,40493,37124,936
478,2,0,0,40493,40493,0,0
478,3,0,0,40493,40493,0,0
478,5,0,0,40493,40493,0,0
478,10,0,0,40493,40493,0,0
478,20,0,0,40493,40493,0,0
478,50,0,0,40493,40493,0,0
478,100,0,0,40493,40493,0,0
479,1,10,0,92,38480,38388,1404
479,2,6,0,567,38480,37913,780
479,3,0,0,38480,38480,0,0
479,5,0,0,38480,38480,0,0
479,10,0,0,38480,38480,0,0
479,20,0,0,38480,38480,0,0
479,50,0,0,38480,38480,0,0
479,100,0,0,38480,38480,0,0
480,1,4,2,3599,4023,424,312
480,2,4,0,3599,44003,40404,468
480,3,4,0,3599,44003,40404,468
480,5,4,0,3599,44003,40404,468
480,10,1,0,28380,44003,15623,0
480,20,0,0,44003,44003,0,0
480,50,0,0,44003,44003,0,0
480,100,0,0,44003,44003,0,0
481,1,9,1,519,22266,21747,1248
481,2,9,1,519,22266,21747,1248
481,3,8,1,824,22266,21442,1092
481,5,6,0,4483,41311,36828,780
481,10,6,0,4483,41311,36828,780
481,20,0,0,41311,41311,0,0
481,50,0,0,41311,41311,0,0
481,100,0,0,41311,41311,0,0
482,1,22,2,2,25760,25758,3120
482,2,12,2,605,25760,25155,1560
482,3,12,2,605,25760,25155,1560
482,5,5,0,17099,40841,23742,624
482,10,5,0,17099,40841,23742,624
482,20,3,0,25719,40841,15122,312
482,50,3,0,25719,40841,15122,312
482,100,0,0,40841,40841,0,0
483,1,0,0,41371,41371,0,0
483,2,0,0,41371,41371,0,0
483,3,0,0,41371,41371,0,0
483,5,0,0,41371,41371,0,0
483,10,0,0,41371,41371,0,0
483,20,0,0,41371,41371,0,0
483,50,0,0,41371,41371,0,0
483,100,0,0,41371,41371,0,0
484,1,6,6,10794,10794,0,0
484,2,6,6,10794,10794,0,0
484,3,0,0,40425,40425,0,0
484,5,0,0,40425,40425,0,0
484,10,0,0,40425,40425,0,0
484,20,0,0,40425,40425,0,0
484,50,0,0,40425,40425,0,0
484,100,0,0,40425,40425,0,0
485,1,3,1,15577,19058,3481,312
485,2,3,1,15577,19058,3481,312
485,3,3,1,15577,19058,3481,312
485,5,1,0,19058,37673,18615,0
485,10,1,0,19058,37673,18615,0
485,20,0,0,37673,37673,0,0
485,50,0,0,37673,37673,0,0
485,100,0,0,37673,37673,0,0
486,1,13,1,332,23863,23531,1872
486,2,13,1,332,23863,23531,1872
486,3,13,1,332,23863,23531,1872
486,5,1,0,23863,40542,16679,0
486,10,1,0,23863,40542,16679,0
486,20,1,0,23863,40542,16679,0
486,50,0,0,40542,40542,0,0
486,100,0,0,40542,40542,0,0
487,1,1,1,23075,23075,0,0
487,2,1,1,23075,23075,0,0
487,3,1,0,23075,40153,17078,0
487,5,1,0,23075,40153,17078,0
487,10,1,0,23075,40153,17078,0
487,20,0,0,40153,40153,0,0
487,50,0,0,40153,40153,0,0
487,100,0,0,40153,40153,0,0
488,1,7,1,4209,24139,19930,936
488,2,7,1,4209,24139,19930,936
488,3,7,1,4209,24139,19930,936
488,5,7,1,4209,24139,19930,936
488,10,7,1,4209,24139,19930,936
488,20,1,0,24139,45104,20965,0
488,50,0,0,45104,45104,0,0
488,100,0,0,45104,45104,0,0
489,1,32,32,1,1,0,0
489,2,1,1,31567,31567,0,0
489,3,1,1,31567,31567,0,0
489,5,1,1,31567,31567,0,0
489,10,1,1,31567,31567,0,0
489,20,1,1,31567,31567,0,0
489,50,1,1,31567,31567,0,0
489,100,1,1,31567,31567,0,0
490,1,30,1,1,23817,23816,4524
490,2,6,1,6372,23817,17445,780
490,3,6,1,6372,23817,17445,780
490,5,4,1,13139,23817,10678,468
490,10,0,0,36501,36501,0,0
490,20,0,0,36501,36501,0,0
490,50,0,0,36501,36501,0,0
490,100,0,0,36501,36501,0,0
491,1,12,2,74,22308,22234,1560
491,2,12,1,74,27534,27460,1716
491,3,8,1,2704,27534,24830,1092
491,5,8,1,2704,27534,24830,1092
491,10,8,1,2704,27534,24830,1092
491,20,4,0,14528,36555,22027,468
491,50,1,0,27534,36555,9021,0
491,100,0,0,36555,36555,0,0
492,1,9,2,56,5705,5649,1092
492,2,4,0,3746,34981,31235,468
492,3,4,0,3746,34981,31235,468
492,5,4,0,3746,34981,31235,468
492,10,4,0,3746,34981,31235,468
492,20,4,0,3746,34981,31235,468
492,50,0,0,34981,34981,0,0
492,100,0,0,34981,34981,0,0
493,1,10,1,201,21839,21638,1404
493,2,1,0,21839,38401,16562,0
493,3,1,0,21839,38401,16562,0
493,5,1,0,21839,38401,16562,0
493,10,1,0,21839,38401,16562,0
493,20,1,0,21839,38401,16562,0
493,50,0,0,38401,38401,0,0
493,100,0,0,38401,38401,0,0
494,1,25,0,1,43105,43104,3744
494,2,22,0,3,43105,43102,3276
494,3,4,0,5056,43105,38049,468
494,5,4,0,5056,43105,38049,468
494,10,4,0,5056,43105,38049,468
494,20,4,0,5056,43105,38049,468
494,50,1,0,26146,43105,16959,0
494,100,0,0,43105,43105,0,0
495,1,0,0,42340,42340,0,0
495,2,0,0,42340,42340,0,0
495,3,0,0,42340,42340,0,0
495,5,0,0,42340,42340,0,0
495,10,0,0,42340,42340,0,0
495,20,0,0,42340,42340,0,0
495,50,0,0,42340,42340,0,0
495,100,0,0,42340,42340,0,0
496,1,7,0,3528,40675,37147,936
496,2,7,0,3528,40675,37147,936
496,3,7,0,3528,40675,37147,936
496,5,7,0,3528,40675,37147,936
496,10,0,0,40675,40675,0,0
496,20,0,0,40675,40675,0,0
496,50,0,0,40675,40675,0,0
496,100,0,0,40675,40675,0,0
497,1,32,32,1,1,0,0
497,2,12,2,287,24221,23934,1560
497,3,12,2,287,24221,23934,1560
497,5,7,2,7372,24221,16849,780
497,10,7,1,7372,27221,19849,936
497,20,7,0,7372,44302,36930,936
497,50,0,0,44302,44302,0,0
497,100,0,0,44302,44302,0,0
498,1,28,2,1,19761,19760,4056
498,2,10,0,2681,41599,38918,1404
498,3,0,0,41599,41599,0,0
498,5,0,0,41599,41599,0,0
498,10,0,0,41599,41599,0,0
498,20,0,0,41599,41599,0,0
498,50,0,0,41599,41599,0,0
498,100,0,0,41599,41599,0,0
499,1,0,0,42907,42907,0,0
499,2,0,0,42907,42907,0,0
499,3,0,0,42907,42907,0,0
499,5,0,0,42907,42907,0,0
499,10,0,0,42907,42907,0,0
499,20,0,0,42907,42907,0,0
499,50,0,0,42907,42907,0,0
499,100,0,0,42907,42907,0,0
500,1,19,2,35,22831,22796,2652
500,2,19,0,35,40872,40837,2808
500,3,12,0,590,40872,40282,1716
500,5,12,0,590,40872,40282,1716
500,10,0,0,40872,40872,0,0
500,20,0,0,40872,40872,0,0
500,50,0,0,40872,40872,0,0
500,100,0,0,40872,40872,0,0
501,1,2,2,8362,8362,0,0
501,2,2,2,8362,8362,0,0
501,3,2,2,8362,8362,0,0
501,5,2,0,8362,38651,30289,156
501,10,0,0,38651,38651,0,0
501,20,0,0,38651,38651,0,0
501,50,0,0,38651,38651,0,0
501,100,0,0,38651,38651,0,0
502,1,4,2,5440,7476,2036,312
502,2,4,0,5440,46083,40643,468
502,3,4,0,5440,46083,40643,468
502,5,4,0,5440,46083,40643,468
502,10,4,0,5440,46083,40643,468
502,20,0,0,46083,46083,0,0
502,50,0,0,46083,46083,0,0
502,100,0,0,46083,46083,0,0
503,1,1,1,23387,23387,0,0
503,2,1,0,23387,39728,16341,0
503,3,0,0,39728,39728,0,0
503,5,0,0,39728,39728,0,0
503,10,0,0,39728,39728,0,0
503,20,0,0,39728,39728,0,0
503,50,0,0,39728,39728,0,0
503,100,0,0,39728,39728,0,0
504,1,0,0,43358,43358,0,0
504,2,0,0,43358,43358,0,0
504,3,0,0,43358,43358,0,0
504,5,0,0,43358,43358,0,0
504,10,0,0,43358,43358,0,0
504,20,0,0,43358,43358,0,0
504,50,0,0,43358,43358,0,0
504,100,0,0,43358,43358,0,0
505,1,23,2,39,24118,24079,3276
505,2,9,2,6193,24118,17925,1092
505,3,9,2,6193,24118,17925,1092
505,5,9,2,6193,24118,17925,1092
505,10,9,2,6193,24118,17925,1092
505,20,9,2,6193,24118,17925,1092
505,50,9,0,6193,45553,39360,1248
505,100,9,0,6193,45553,39360,1248
506,1,16,2,88,5371,5283,2184
506,2,0,0,41122,41122,0,0
506,3,0,0,41122,41122,0,0
506,5,0,0,41122,41122,0,0
506,10,0,0,41122,41122,0,0
506,20,0,0,41122,41122,0,0
506,50,0,0,41122,41122,0,0
506,100,0,0,41122,41122,0,0
507,1,8,2,948,6397,5449,936
507,2,8,0,948,40124,39176,1092
507,3,8,0,948,40124,39176,1092
507,5,1,0,21653,40124,18471,0
507,10,1,0,21653,40124,18471,0
507,20,0,0,40124,40124,0,0
507,50,0,0,40124,40124,0,0
507,100,0,0,40124,40124,0,0
508,1,7,0,1019,42453,41434,936
508,2,7,0,1019,42453,41434,936
508,3,4,0,2678,42453,39775,468
508,5,1,0,24736,42453,17717,0
508,10,1,0,24736,42453,17717,0
508,20,1,0,24736,42453,17717,0
508,50,0,0,42453,42453,0,0
508,100,0,0,42453,42453,0,0
509,1,1,1,26334,26334,0,0
509,2,1,1,26334,26334,0,0
509,3,1,1,26334,26334,0,0
509,5,1,1,26334,26334,0,0
509,10,1,1,26334,26334,0,0
509,20,1,0,26334,38087,11753,0
509,50,1,0,26334,38087,11753,0
509,100,1,0,26334,38087,11753,0
510,1,30,30,1,1,0,0
510,2,3,0,2775,40084,37309,312
510,3,3,0,2775,40084,37309,312
510,5,0,0,40084,40084,0,0
510,10,0,0,40084,40084,0,0
510,20,0,0,40084,40084,0,0
510,50,0,0,40084,40084,0,0
510,100,0,0,40084,40084,0,0
511,1,16,2,217,10037,9820,2184
511,2,16,1,217,26082,25865,2340
511,3,16,1,217,26082,25865,2340
511,5,1,0,26082,38794,12712,0
511,10,1,0,26082,38794,12712,0
511,20,0,0,38794,38794,0,0
511,50,0,0,38794,38794,0,0
511,100,0,0,38794,38794,0,0
512,1,25,1,1,29663,29662,3744
512,2,1,1,29663,29663,0,0
512,3,1,1,29663,29663,0,0
512,5,1,0,29663,40120,10457,0
512,10,1,0,29663,40120,10457,0
512,20,1,0,29663,40120,10457,0
512,50,0,0,40120,40120,0,0
512,100,0,0,40120,40120,0,0
513,1,11,2,245,16936,16691,1404
513,2,11,0,245,39292,39047,1560
513,3,3,0,16859,39292,22433,312
513,5,3,0,16859,39292,22433,312
513,10,1,0,20349,39292,18943,0
513,20,0,0,39292,39292,0,0
513,50,0,0,39292,39292,0,0
513,100,0,0,39292,39292,0,0
514,1,32,32,1,1,0,0
514,2,28,6,2,5100,5098,3432
514,3,6,6,5100,5100,0,0
514,5,6,2,5100,19005,13905,624
514,10,6,1,5100,23272,18172,780
514,20,6,1,5100,23272,18172,780
514,50,0,0,42789,42789,0,0
514,100,0,0,42789,42789,0,0
515,1,31,4,1,16978,16977,4212
515,2,4,0,16978,46145,29167,468
515,3,0,0,46145,46145,0,0
515,5,0,0,46145,46145,0,0
515,10,0,0,46145,46145,0,0
515,20,0,0,46145,46145,0,0
515,50,0,0,46145,46145,0,0
515,100,0,0,46145,46145,0,0
516,1,3,2,28553,28627,74,156
516,2,3,2,28553,28627,74,156
516,3,3,2,28553,28627,74,156
516,5,3,2,28553,28627,74,156
516,10,3,2,28553,28627,74,156
516,20,3,2,28553,28627,74,156
516,50,3,2,28553,28627,74,156
516,100,3,2,28553,28627,74,156
517,1,9,2,7222,22085,14863,1092
517,2,9,2,7222,22085,14863,1092
517,3,9,2,7222,22085,14863,1092
517,5,7,2,12576,22085,9509,780
517,10,7,2,12576,22085,9509,780
517,20,1,1,27250,27250,0,0
517,50,1,1,27250,27250,0,0
517,100,1,0,27250,46730,19480,0
518,1,29,2,1,15174,15173,4212
518,2,10,2,882,15174,14292,1248
518,3,4,2,8584,15174,6590,312
518,5,4,2,8584,15174,6590,312
518,10,4,2,8584,15174,6590,312
518,20,4,0,8584,38755,30171,468
518,50,3,0,15139,38755,23616,312
518,100,0,0,38755,38755,0,0
519,1,1,1,20017,20017,0,0
519,2,1,0,20017,42287,22270,0
519,3,1,0,20017,42287,22270,0
519,5,1,0,20017,42287,22270,0
519,10,1,0,20017,42287,22270,0
519,20,0,0,42287,42287,0,0
519,50,0,0,42287,42287,0,0
519,100,0,0,42287,42287,0,0
520,1,6,2,1469,18088,16619,624
520,2,3,2,18079,18088,9,156
520,3,3,0,18079,41119,23040,312
520,5,0,0,41119,41119,0,0
520,10,0,0,41119,41119,0,0
520,20,0,0,41119,41119,0,0
520,50,0,0,41119,41119,0,0
520,100,0,0,41119,41119,0,0
521,1,32,32,1,1,0,0
521,2,4,4,17098,17098,0,0
521,3,4,4,17098,17098,0,0
521,5,4,1,17098,25996,8898,468
521,10,1,1,25996,25996,0,0
521,20,1,1,25996,25996,0,0
521,50,0,0,38283,38283,0,0
521,100,0,0,38283,38283,0,0
522,1,1,0,21781,38230,16449,0
522,2,1,0,21781,38230,16449,0
522,3,1,0,21781,38230,16449,0
522,5,0,0,38230,38230,0,0
522,10,0,0,38230,38230,0,0
522,20,0,0,38230,38230,0,0
522,50,0,0,38230,38230,0,0
522,100,0,0,38230,38230,0,0
523,1,19,0,24,42106,42082,2808
523,2,7,0,3001,42106,39105,936
523,3,7,0,3001,42106,39105,936
523,5,0,0,42106,42106,0,0
523,10,0,0,42106,42106,0,0
523,20,0,0,42106,42106,0,0
523,50,0,0,42106,42106,0,0
523,100,0,0,42106,42106,0,0
524,1,4,2,16653,18898,2245,312
524,2,4,1,16653,24527,7874,468
524,3,4,1,16653,24527,7874,468
524,5,4,0,16653,40947,24294,468
524,10,4,0,16653,40947,24294,468
524,20,1,0,24527,40947,16420,0
524,50,0,0,40947,40947,0,0
524,100,0,0,40947,40947,0,0
525,1,18,2,20,18399,18379,2496
525,2,10,2,356,18399,18043,1248
525,3,6,0,3234,38780,35546,780
525,5,6,0,3234,38780,35546,780
525,10,6,0,3234,38780,35546,780
525,20,1,0,20964,38780,17816,0
525,50,0,0,38780,38780,0,0
525,100,0,0,38780,38780,0,0
526,1,2,2,3490,3490,0,0
526,2,2,2,3490,3490,0,0
526,3,2,0,3490,38218,34728,156
526,5,1,0,14494,38218,23724,0
526,10,1,0,14494,38218,23724,0
526,20,1,0,14494,38218,23724,0
526,50,0,0,38218,38218,0,0
526,100,0,0,38218,38218,0,0
527,1,6,0,2636,41502,38866,780
527,2,6,0,2636,41502,38866,780
527,3,0,0,41502,41502,0,0
527,5,0,0,41502,41502,0,0
527,10,0,0,41502,41502,0,0
527,20,0,0,41502,41502,0,0
527,50,0,0,41502,41502,0,0
527,100,0,0,41502,41502,0,0
528,1,1,1,27350,27350,0,0
528,2,1,1,27350,27350,0,0
528,3,1,1,27350,27350,0,0
528,5,1,1,27350,27350,0,0
528,10,1,1,27350,27350,0,0
528,20,1,1,27350,27350,0,0
528,50,1,0,27350,41275,13925,0
528,100,1,0,27350,41275,13925,0
529,1,21,2,1,24795,24794,2964
529,2,3,2,24774,24795,21,156
529,3,3,2,24774,24795,21,156
529,5,0,0,42356,42356,0,0
529,10,0,0,42356,42356,0,0
529,20,0,0,42356,42356,0,0
529,50,0,0,42356,42356,0,0
529,100,0,0,42356,42356,0,0
530,1,8,0,260,46523,46263,1092
530,2,8,0,260,46523,46263,1092
530,3,0,0,46523,46523,0,0
530,5,0,0,46523,46523,0,0
530,10,0,0,46523,46523,0,0
530,20,0,0,46523,46523,0,0
530,50,0,0,46523,46523,0,0
530,100,0,0,46523,46523,0,0
531,1,8,0,5623,40469,34846,1092
531,2,0,0,40469,40469,0,0
531,3,0,0,40469,40469,0,0
531,5,0,0,40469,40469,0,0
531,10,0,0,40469,40469,0,0
531,20,0,0,40469,40469,0,0
531,50,0,0,40469,40469,0,0
531,100,0,0,40469,40469,0,0
532,1,10,0,136,40113,39977,1404
532,2,4,0,13475,40113,26638,468
532,3,4,0,13475,40113,26638,468
532,5,4,0,13475,40113,26638,468
532,10,4,0,13475,40113,26638,468
532,20,4,0,13475,40113,26638,468
532,50,0,0,40113,40113,0,0
532,100,0,0,40113,40113,0,0
533,1,1,1,17996,17996,0,0
533,2,1,0,17996,40541,22545,0
533,3,0,0,40541,40541,0,0
533,5,0,0,40541,40541,0,0
533,10,0,0,40541,40541,0,0
533,20,0,0,40541,40541,0,0
533,50,0,0,40541,40541,0,0
533,100,0,0,40541,40541,0,0
534,1,10,2,1884,24104,22220,1248
534,2,6,2,12943,24104,11161,624
534,3,6,1,12943,28299,15356,780
534,5,6,1,12943,28299,15356,780
534,10,6,0,12943,43154,30211,780
534,20,6,0,12943,43154,30211,780
534,50,3,0,24048,43154,19106,312
534,100,3,0,24048,43154,19106,312
535,1,2,2,19216,19216,0,0
535,2,2,2,19216,19216,0,0
535,3,2,2,19216,19216,0,0
535,5,2,2,19216,19216,0,0
535,10,2,2,19216,19216,0,0
535,20,2,0,19216,42848,23632,156
535,50,0,0,42848,42848,0,0
535,100,0,0,42848,42848,0,0
536,1,6,2,1457,11385,9928,624
536,2,6,2,1457,11385,9928,624
536,3,6,2,1457,11385,9928,624
536,5,6,2,1457,11385,9928,624
536,10,5,2,2219,11385,9166,468
536,20,4,2,8701,11385,2684,312
536,50,4,1,8701,28532,19831,468
536,100,1,0,28532,39772,11240,0
537,1,23,2,10,24796,24786,3276
537,2,17,2,133,24796,24663,2340
537,3,7,2,2589,24796,22207,780
537,5,7,0,2589,40636,38047,936
537,10,7,0,2589,40636,38047,936
537,20,0,0,40636,40636,0,0
537,50,0,0,40636,40636,0,0
537,100,0,0,40636,40636,0,0
538,1,0,0,42554,42554,0,0
538,2,0,0,42554,42554,0,0
538,3,0,0,42554,42554,0,0
538,5,0,0,42554,42554,0,0
538,10,0,0,42554,42554,0,0
538,20,0,0,42554,42554,0,0
538,50,0,0,42554,42554,0,0
538,100,0,0,42554,42554,0,0
539,1,0,0,38241,38241,0,0
539,2,0,0,38241,38241,0,0
539,3,0,0,38241,38241,0,0
539,5,0,0,38241,38241,0,0
539,10,0,0,38241,38241,0,0
539,20,0,0,38241,38241,0,0
539,50,0,0,38241,38241,0,0
539,100,0,0,38241,38241,0,0
540,1,1,1,28124,28124,0,0
540,2,1,1,28124,28124,0,0
540,3,1,1,28124,28124,0,0
540,5,1,0,28124,44097,15973,0
540,10,1,0,28124,44097,15973,0
540,20,0,0,44097,44097,0,0
540,50,0,0,44097,44097,0,0
540,100,0,0,44097,44097,0,0
541,1,12,2,738,22320,21582,1560
541,2,12,2,738,22320,21582,1560
541,3,12,2,738,22320,21582,1560
541,5,5,0,17945,43632,25687,624
541,10,5,0,17945,43632,25687,624
541,20,0,0,43632,43632,0,0
541,50,0,0,43632,43632,0,0
541,100,0,0,43632,43632,0,0
542,1,15,1,55,29567,29512,2184
542,2,6,1,4036,29567,25531,780
542,3,6,1,4036,29567,25531,780
542,5,6,0,4036,35358,31322,780
542,10,3,0,11813,35358,23545,312
542,20,3,0,11813,35358,23545,312
542,50,1,0,29567,35358,5791,0
542,100,1,0,29567,35358,5791,0
543,1,3,0,4750,39715,34965,312
543,2,3,0,4750,39715,34965,312
543,3,3,0,4750,39715,34965,312
543,5,0,0,39715,39715,0,0
543,10,0,0,39715,39715,0,0
543,20,0,0,39715,39715,0,0
543,50,0,0,39715,39715,0,0
543,100,0,0,39715,39715,0,0
544,1,11,2,256,21290,21034,1404
544,2,3,0,21281,44659,23378,312
544,3,3,0,21281,44659,23378,312
544,5,3,0,21281,44659,23378,312
544,10,0,0,44659,44659,0,0
544,20,0,0,44659,44659,0,0
544,50,0,0,44659,44659,0,0
544,100,0,0,44659,44659,0,0
545,1,19,0,74,45590,45516,2808
545,2,19,0,74,45590,45516,2808
545,3,0,0,45590,45590,0,0
545,5,0,0,45590,45590,0,0
545,10,0,0,45590,45590,0,0
545,20,0,0,45590,45590,0,0
545,50,0,0,45590,45590,0,0
545,100,0,0,45590,45590,0,0
546,1,4,2,11499,30139,18640,312
546,2,4,2,11499,30139,18640,312
546,3,4,2,11499,30139,18640,312
546,5,4,2,11499,30139,18640,312
546,10,4,2,11499,30139,18640,312
546,20,4,1,11499,32168,20669,468
546,50,3,1,30108,32168,2060,312
546,100,3,1,30108,32168,2060,312
547,1,32,32,1,1,0,0
547,2,1,1,26380,26380,0,0
547,3,1,1,26380,26380,0,0
547,5,1,1,26380,26380,0,0
547,10,1,1,26380,26380,0,0
547,20,1,1,26380,26380,0,0
547,50,1,0,26380,45697,19317,0
547,100,0,0,45697,45697,0,0
548,1,8,2,1509,7089,5580,936
548,2,7,2,2697,7089,4392,780
548,3,4,2,4303,7089,2786,312
548,5,4,2,4303,7089,2786,312
548,10,4,2,4303,7089,2786,312
548,20,1,1,32551,32551,0,0
548,50,1,0,32551,41971,9420,0
548,100,1,0,32551,41971,9420,0
549,1,18,2,94,23069,22975,2496
549,2,18,2,94,23069,22975,2496
549,3,6,2,10661,23069,12408,624
549,5,6,2,10661,23069,12408,624
549,10,6,0,10661,45053,34392,780
549,20,6,0,10661,45053,34392,780
549,50,0,0,45053,45053,0,0
549,100,0,0,45053,45053,0,0
550,1,1,1,20285,20285,0,0
550,2,1,1,20285,20285,0,0
550,3,1,1,20285,20285,0,0
550,5,1,1,20285,20285,0,0
550,10,1,1,20285,20285,0,0
550,20,1,1,20285,20285,0,0
550,50,0,0,41373,41373,0,0
550,100,0,0,41373,41373,0,0
551,1,8,0,5109,40618,35509,1092
551,2,8,0,5109,40618,35509,1092
551,3,8,0,5109,40618,35509,1092
551,5,8,0,5109,40618,35509,1092
551,10,8,0,5109,40618,35509,1092
551,20,0,0,40618,40618,0,0
551,50,0,0,40618,40618,0,0
551,100,0,0,40618,40618,0,0
552,1,4,2,18380,23498,5118,312
552,2,4,2,18380,23498,5118,312
552,3,4,2,18380,23498,5118,312
552,5,4,2,18380,23498,5118,312
552,10,4,1,18380,28313,9933,468
552,20,4,1,18380,28313,9933,468
552,50,4,0,18380,40452,22072,468
552,100,1,0,28313,40452,12139,0
553,1,9,0,1455,37000,35545,1248
553,2,0,0,37000,37000,0,0
553,3,0,0,37000,37000,0,0
553,5,0,0,37000,37000,0,0
553,10,0,0,37000,37000,0,0
553,20,0,0,37000,37000,0,0
553,50,0,0,37000,37000,0,0
553,100,0,0,37000,37000,0,0
554,1,27,0,1,44281,44280,4056
554,2,0,0,44281,44281,0,0
554,3,0,0,44281,44281,0,0
554,5,0,0,44281,44281,0,0
554,10,0,0,44281,44281,0,0
554,20,0,0,44281,44281,0,0
554,50,0,0,44281,44281,0,0
554,100,0,0,44281,44281,0,0
555,1,17,0,136,42596,42460,2496
555,2,15,0,235,42596,42361,2184
555,3,0,0,42596,42596,0,0
555,5,0,0,42596,42596,0,0
555,10,0,0,42596,42596,0,0
555,20,0,0,42596,42596,0,0
555,50,0,0,42596,42596,0,0
555,100,0,0,42596,42596,0,0
556,1,12,1,1050,30298,29248,1716
556,2,12,1,1050,30298,29248,1716
556,3,12,1,1050,30298,29248,1716
556,5,1,1,30298,30298,0,0
556,10,1,1,30298,30298,0,0
556,20,1,1,30298,30298,0,0
556,50,1,1,30298,30298,0,0
556,100,0,0,45230,45230,0,0
557,1,1,0,27647,42102,14455,0
557,2,1,0,27647,42102,14455,0
557,3,1,0,27647,42102,14455,0
557,5,1,0,27647,42102,14455,0
557,10,1,0,27647,42102,14455,0
557,20,1,0,27647,42102,14455,0
557,50,0,0,42102,42102,0,0
557,100,0,0,42102,42102,0,0
558,1,32,32,2,2,0,0
558,2,32,32,2,2,0,0
558,3,29,29,6,6,0,0
558,5,0,0,42623,42623,0,0
558,10,0,0,42623,42623,0,0
558,20,0,0,42623,42623,0,0
558,50,0,0,42623,42623,0,0
558,100,0,0,42623,42623,0,0
559,1,10,10,1376,1376,0,0
559,2,10,1,1376,29322,27946,1404
559,3,10,1,1376,29322,27946,1404
559,5,6,1,8824,29322,20498,780
559,10,3,1,25194,29322,4128,312
559,20,1,1,29322,29322,0,0
559,50,1,1,29322,29322,0,0
559,100,1,1,29322,29322,0,0
560,1,7,2,6015,22403,16388,780
560,2,7,2,6015,22403,16388,780
560,3,7,2,6015,22403,16388,780
560,5,7,2,6015,22403,16388,780
560,10,7,2,6015,22403,16388,780
560,20,0,0,44633,44633,0,0
560,50,0,0,44633,44633,0,0
560,100,0,0,44633,44633,0,0
561,1,32,32,2,2,0,0
561,2,32,32,2,2,0,0
561,3,0,0,41867,41867,0,0
561,5,0,0,41867,41867,0,0
561,10,0,0,41867,41867,0,0
561,20,0,0,41867,41867,0,0
561,50,0,0,41867,41867,0,0
561,100,0,0,41867,41867,0,0
562,1,0,0,44528,44528,0,0
562,2,0,0,44528,44528,0,0
562,3,0,0,44528,44528,0,0
562,5,0,0,44528,44528,0,0
562,10,0,0,44528,44528,0,0
562,20,0,0,44528,44528,0,0
562,50,0,0,44528,44528,0,0
562,100,0,0,44528,44528,0,0
563,1,25,2,13,32335,32322,3588
563,2,25,2,13,32335,32322,3588
563,3,17,2,701,32335,31634,2340
563,5,17,2,701,32335,31634,2340
563,10,6,2,18624,32335,13711,624
563,20,6,1,18624,35478,16854,780
563,50,6,1,18624,35478,16854,780
563,100,1,1,35478,35478,0,0
564,1,0,0,40455,40455,0,0
564,2,0,0,40455,40455,0,0
564,3,0,0,40455,40455,0,0
564,5,0,0,40455,40455,0,0
564,10,0,0,40455,40455,0,0
564,20,0,0,40455,40455,0,0
564,50,0,0,40455,40455,0,0
564,100,0,0,40455,40455,0,0
565,1,30,2,1,20277,20276,4368
565,2,28,2,2,20277,20275,4056
565,3,0,0,45237,45237,0,0
565,5,0,0,45237,45237,0,0
565,10,0,0,45237,45237,0,0
565,20,0,0,45237,45237,0,0
565,50,0,0,45237,45237,0,0
565,100,0,0,45237,45237,0,0
566,1,27,2,1,21594,21593,3900
566,2,15,2,1120,21594,20474,2028
566,3,15,2,1120,21594,20474,2028
566,5,10,0,2551,45500,42949,1404
566,10,7,0,6470,45500,39030,936
566,20,7,0,6470,45500,39030,936
566,50,0,0,45500,45500,0,0
566,100,0,0,45500,45500,0,0
567,1,30,0,1,41313,41312,4524
567,2,10,0,2445,41313,38868,1404
567,3,6,0,12255,41313,29058,780
567,5,6,0,12255,41313,29058,780
567,10,0,0,41313,41313,0,0
567,20,0,0,41313,41313,0,0
567,50,0,0,41313,41313,0,0
567,100,0,0,41313,41313,0,0
568,1,1,1,27080,27080,0,0
568,2,1,1,27080,27080,0,0
568,3,1,1,27080,27080,0,0
568,5,1,1,27080,27080,0,0
568,10,1,0,27080,47868,20788,0
568,20,1,0,27080,47868,20788,0
568,50,0,0,47868,47868,0,0
568,100,0,0,47868,47868,0,0
569,1,4,2,13217,17384,4167,312
569,2,4,0,13217,41264,28047,468
569,3,4,0,13217,41264,28047,468
569,5,4,0,13217,41264,28047,468
569,10,4,0,13217,41264,28047,468
569,20,0,0,41264,41264,0,0
569,50,0,0,41264,41264,0,0
569,100,0,0,41264,41264,0,0
570,1,7,7,2297,2297,0,0
570,2,7,2,2297,6312,4015,780
570,3,1,1,33031,33031,0,0
570,5,1,1,33031,33031,0,0
570,10,1,1,33031,33031,0,0
570,20,1,1,33031,33031,0,0
570,50,1,1,33031,33031,0,0
570,100,1,1,33031,33031,0,0
571,1,4,0,2843,36010,33167,468
571,2,4,0,2843,36010,33167,468
571,3,0,0,36010,36010,0,0
571,5,0,0,36010,36010,0,0
571,10,0,0,36010,36010,0,0
571,20,0,0,36010,36010,0,0
571,50,0,0,36010,36010,0,0
571,100,0,0,36010,36010,0,0
572,1,4,0,17821,40536,22715,468
572,2,4,0,17821,40536,22715,468
572,3,4,0,17821,40536,22715,468
572,5,0,0,40536,40536,0,0
572,10,0,0,40536,40536,0,0
572,20,0,0,40536,40536,0,0
572,50,0,0,40536,40536,0,0
572,100,0,0,40536,40536,0,0
573,1,1,0,24081,44241,20160,0
573,2,1,0,24081,44241,20160,0
573,3,1,0,24081,44241,20160,0
573,5,0,0,44241,44241,0,0
573,10,0,0,44241,44241,0,0
573,20,0,0,44241,44241,0,0
573,50,0,0,44241,44241,0,0
573,100,0,0,44241,44241,0,0
574,1,7,2,5337,24241,18904,780
574,2,6,2,12189,24241,12052,624
574,3,6,2,12189,24241,12052,624
574,5,6,0,12189,43285,31096,780
574,10,6,0,12189,43285,31096,780
574,20,3,0,24215,43285,19070,312
574,50,0,0,43285,43285,0,0
574,100,0,0,43285,43285,0,0
575,1,1,1,28992,28992,0,0
575,2,1,1,28992,28992,0,0
575,3,1,1,28992,28992,0,0
575,5,1,1,28992,28992,0,0
575,10,1,1,28992,28992,0,0
575,20,1,1,28992,28992,0,0
575,50,1,1,28992,28992,0,0
575,100,1,0,28992,47470,18478,0
576,1,5,2,16669,23392,6723,468
576,2,5,2,16669,23392,6723,468
576,3,5,2,16669,23392,6723,468
576,5,5,2,16669,23392,6723,468
576,10,5,0,16669,42213,25544,624
576,20,5,0,16669,42213,25544,624
576,50,4,0,19500,42213,22713,468
576,100,0,0,42213,42213,0,0
577,1,3,3,25032,25032,0,0
577,2,3,3,25032,25032,0,0
577,3,3,3,25032,25032,0,0
577,5,3,1,25032,27011,1979,312
577,10,3,1,25032,27011,1979,312
577,20,0,0,47051,47051,0,0
577,50,0,0,47051,47051,0,0
577,100,0,0,47051,47051,0,0
578,1,24,1,1,21409,21408,3588
578,2,0,0,43231,43231,0,0
578,3,0,0,43231,43231,0,0
578,5,0,0,43231,43231,0,0
578,10,0,0,43231,43231,0,0
578,20,0,0,43231,43231,0,0
578,50,0,0,43231,43231,0,0
578,100,0,0,43231,43231,0,0
579,1,4,0,6752,40383,33631,468
579,2,4,0,6752,40383,33631,468
579,3,4,0,6752,40383,33631,468
579,5,0,0,40383,40383,0,0
579,10,0,0,40383,40383,0,0
579,20,0,0,40383,40383,0,0
579,50,0,0,40383,40383,0,0
579,100,0,0,40383,40383,0,0
580,1,31,31,1,1,0,0
580,2,21,2,57,22851,22794,2964
580,3,21,2,57,22851,22794,2964
580,5,6,2,14206,22851,8645,624
580,10,6,0,14206,43160,28954,780
580,20,6,0,14206,43160,28954,780
580,50,0,0,43160,43160,0,0
580,100,0,0,43160,43160,0,0
581,1,8,0,3454,43907,40453,1092
581,2,8,0,3454,43907,40453,1092
581,3,8,0,3454,43907,40453,1092
581,5,8,0,3454,43907,40453,1092
581,10,4,0,14186,43907,29721,468
581,20,4,0,14186,43907,29721,468
581,50,0,0,43907,43907,0,0
581,100,0,0,43907,43907,0,0
582,1,10,0,1268,42502,41234,1404
582,2,10,0,1268,42502,41234,1404
582,3,10,0,1268,42502,41234,1404
582,5,10,0,1268,42502,41234,1404
582,10,9,0,2714,42502,39788,1248
582,20,0,0,42502,42502,0,0
582,50,0,0,42502,42502,0,0
582,100,0,0,42502,42502,0,0
583,1,15,1,248,23763,23515,2184
583,2,15,1,248,23763,23515,2184
583,3,15,1,248,23763,23515,2184
583,5,1,0,23763,38474,14711,0
583,10,0,0,38474,38474,0,0
583,20,0,0,38474,38474,0,0
583,50,0,0,38474,38474,0,0
583,100,0,0,38474,38474,0,0
584,1,1,0,25848,37425,11577,0
584,2,1,0,25848,37425,11577,0
584,3,1,0,25848,37425,11577,0
584,5,0,0,37425,37425,0,0
584,10,0,0,37425,37425,0,0
584,20,0,0,37425,37425,0,0
584,50,0,0,37425,37425,0,0
584,100,0,0,37425,37425,0,0
585,1,2,0,14709,38257,23548,156
585,2,0,0,38257,38257,0,0
585,3,0,0,38257,38257,0,0
585,5,0,0,38257,38257,0,0
585,10,0,0,38257,38257,0,0
585,20,0,0,38257,38257,0,0
585,50,0,0,38257,38257,0,0
585,100,0,0,38257,38257,0,0
586,1,9,2,468,3562,3094,1092
586,2,8,2,543,3562,3019,936
586,3,8,2,543,3562,3019,936
586,5,8,2,543,3562,3019,936
586,10,1,1,32700,32700,0,0
586,20,1,1,32700,32700,0,0
586,50,1,1,32700,32700,0,0
586,100,1,1,32700,32700,0,0
587,1,22,2,1,25950,25949,3120
587,2,10,2,714,25950,25236,1248
587,3,10,0,714,45711,44997,1404
587,5,10,0,714,45711,44997,1404
587,10,6,0,5650,45711,40061,780
587,20,5,0,20721,45711,24990,624
587,50,0,0,45711,45711,0,0
587,100,0,0,45711,45711,0,0
588,1,12,0,193,33936,33743,1716
588,2,12,0,193,33936,33743,1716
588,3,12,0,193,33936,33743,1716
588,5,0,0,33936,33936,0,0
588,10,0,0,33936,33936,0,0
588,20,0,0,33936,33936,0,0
588,50,0,0,33936,33936,0,0
588,100,0,0,33936,33936,0,0
589,1,5,2,15842,25142,9300,468
589,2,5,2,15842,25142,9300,468
589,3,5,2,15842,25142,9300,468
589,5,5,2,15842,25142,9300,468
589,10,5,0,15842,40993,25151,624
589,20,5,0,15842,40993,25151,624
589,50,0,0,40993,40993,0,0
589,100,0,0,40993,40993,0,0
590,1,17,9,30,602,572,1248
590,2,1,1,25009,25009,0,0
590,3,1,1,25009,25009,0,0
590,5,1,1,25009,25009,0,0
590,10,1,1,25009,25009,0,0
590,20,1,1,25009,25009,0,0
590,50,1,0,25009,42798,17789,0
590,100,0,0,42798,42798,0,0
591,1,17,2,429,14885,14456,2340
591,2,17,2,429,14885,14456,2340
591,3,17,2,429,14885,14456,2340
591,5,0,0,43257,43257,0,0
591,10,0,0,43257,43257,0,0
591,20,0,0,43257,43257,0,0
591,50,0,0,43257,43257,0,0
591,100,0,0,43257,43257,0,0
592,1,32,32,1,1,0,0
592,2,27,2,3,19928,19925,3900
592,3,27,2,3,19928,19925,3900
592,5,4,1,14289,24242,9953,468
592,10,4,0,14289,40239,25950,468
592,20,0,0,40239,40239,0,0
592,50,0,0,40239,40239,0,0
592,100,0,0,40239,40239,0,0
593,1,12,2,717,21377,20660,1560
593,2,10,2,1663,21377,19714,1248
593,3,10,2,1663,21377,19714,1248
593,5,3,2,21335,21377,42,156
593,10,3,0,21335,36268,14933,312
593,20,0,0,36268,36268,0,0
593,50,0,0,36268,36268,0,0
593,100,0,0,36268,36268,0,0
594,1,24,2,8,28875,28867,3432
594,2,24,2,8,28875,28867,3432
594,3,23,2,100,28875,28775,3276
594,5,11,2,2596,28875,26279,1404
594,10,7,2,9088,28875,19787,780
594,20,7,1,9088,32415,23327,936
594,50,7,1,9088,32415,23327,936
594,100,7,1,9088,32415,23327,936
595,1,4,1,20959,31208,10249,468
595,2,4,1,20959,31208,10249,468
595,3,4,1,20959,31208,10249,468
595,5,4,1,20959,31208,10249,468
595,10,4,1,20959,31208,10249,468
595,20,1,1,31208,31208,0,0
595,50,1,1,31208,31208,0,0
595,100,1,1,31208,31208,0,0
596,1,19,2,13,23700,23687,2652
596,2,8,0,1154,38759,37605,1092
596,3,6,0,3083,38759,35676,780
596,5,5,0,3859,38759,34900,624
596,10,3,0,23613,38759,15146,312
596,20,0,0,38759,38759,0,0
596,50,0,0,38759,38759,0,0
596,100,0,0,38759,38759,0,0
597,1,0,0,40431,40431,0,0
597,2,0,0,40431,40431,0,0
597,3,0,0,40431,40431,0,0
597,5,0,0,40431,40431,0,0
597,10,0,0,40431,40431,0,0
597,20,0,0,40431,40431,0,0
597,50,0,0,40431,40431,0,0
597,100,0,0,40431,40431,0,0
598,1,32,32,1,1,0,0
598,2,11,1,306,19409,19103,1560
598,3,8,1,2590,19409,16819,1092
598,5,8,0,2590,37782,35192,1092
598,10,0,0,37782,37782,0,0
598,20,0,0,37782,37782,0,0
598,50,0,0,37782,37782,0,0
598,100,0,0,37782,37782,0,0
599,1,32,32,4,4,0,0
599,2,32,32,4,4,0,0
599,3,32,32,4,4,0,0
599,5,20,12,58,225,167,1248
599,10,11,11,753,753,0,0
599,20,11,0,753,43050,42297,1560
599,50,0,0,43050,43050,0,0
599,100,0,0,43050,43050,0,0
600,1,15,0,134,35301,35167,2184
600,2,6,0,1896,35301,33405,780
600,3,6,0,1896,35301,33405,780
600,5,6,0,1896,35301,33405,780
600,10,0,0,35301,35301,0,0
600,20,0,0,35301,35301,0,0
600,50,0,0,35301,35301,0,0
600,100,0,0,35301,35301,0,0
601,1,22,2,3,10886,10883,3120
601,2,6,2,5995,10886,4891,624
601,3,6,2,5995,10886,4891,624
601,5,6,2,5995,10886,4891,624
601,10,4,2,9432,10886,1454,312
601,20,4,0,9432,40137,30705,468
601,50,4,0,9432,40137,30705,468
601,100,0,0,40137,40137,0,0
602,1,0,0,38540,38540,0,0
602,2,0,0,38540,38540,0,0
602,3,0,0,38540,38540,0,0
602,5,0,0,38540,38540,0,0
602,10,0,0,38540,38540,0,0
602,20,0,0,38540,38540,0,0
602,50,0,0,38540,38540,0,0
602,100,0,0,38540,38540,0,0
603,1,4,0,6622,38457,31835,468
603,2,4,0,6622,38457,31835,468
603,3,4,0,6622,38457,31835,468
603,5,4,0,6622,38457,31835,468
603,10,4,0,6622,38457,31835,468
603,20,4,0,6622,38457,31835,468
603,50,0,0,38457,38457,0,0
603,100,0,0,38457,38457,0,0
604,1,11,2,91,18993,18902,1404
604,2,9,2,836,18993,18157,1092
604,3,9,2,836,18993,18157,1092
604,5,5,0,5683,36051,30368,624
604,10,5,0,5683,36051,30368,624
604,20,0,0,36051,36051,0,0
604,50,0,0,36051,36051,0,0
604,100,0,0,36051,36051,0,0
605,1,12,0,116,39627,39511,1716
605,2,4,0,10815,39627,28812,468
605,3,4,0,10815,39627,28812,468
605,5,4,0,10815,39627,28812,468
605,10,4,0,10815,39627,28812,468
605,20,0,0,39627,39627,0,0
605,50,0,0,39627,39627,0,0
605,100,0,0,39627,39627,0,0
606,1,20,1,57,27990,27933,2964
606,2,1,1,27990,27990,0,0
606,3,1,1,27990,27990,0,0
606,5,1,1,27990,27990,0,0
606,10,1,1,27990,27990,0,0
606,20,1,1,27990,27990,0,0
606,50,1,0,27990,42558,14568,0
606,100,1,0,27990,42558,14568,0
607,1,8,2,216,9250,9034,936
607,2,8,0,216,36815,36599,1092
607,3,3,0,9187,36815,27628,312
607,5,3,0,9187,36815,27628,312
607,10,1,0,26720,36815,10095,0
607,20,1,0,26720,36815,10095,0
607,50,0,0,36815,36815,0,0
607,100,0,0,36815,36815,0,0
608,1,0,0,41797,41797,0,0
608,2,0,0,41797,41797,0,0
608,3,0,0,41797,41797,0,0
608,5,0,0,41797,41797,0,0
608,10,0,0,41797,41797,0,0
608,20,0,0,41797,41797,0,0
608,50,0,0,41797,41797,0,0
608,100,0,0,41797,41797,0,0
609,1,20,8,13,4309,4296,1872
609,2,20,8,13,4309,4296,1872
609,3,8,2,4309,19975,15666,936
609,5,8,2,4309,19975,15666,936
609,10,8,2,4309,19975,15666,936
609,20,8,0,4309,40504,36195,1092
609,50,0,0,40504,40504,0,0
609,100,0,0,40504,40504,0,0
610,1,32,32,3,3,0,0
610,2,32,32,3,3,0,0
610,3,32,32,3,3,0,0
610,5,1,1,31226,31226,0,0
610,10,1,1,31226,31226,0,0
610,20,1,0,31226,39989,8763,0
610,50,1,0,31226,39989,8763,0
610,100,0,0,39989,39989,0,0
611,1,21,2,25,10331,10306,2964
611,2,21,2,25,10331,10306,2964
611,3,21,0,25,35654,35629,3120
611,5,10,0,486,35654,35168,1404
611,10,0,0,35654,35654,0,0
611,20,0,0,35654,35654,0,0
611,50,0,0,35654,35654,0,0
611,100,0,0,35654,35654,0,0
612,1,8,2,465,7322,6857,936
612,2,4,2,5892,7322,1430,312
612,3,4,2,5892,7322,1430,312
612,5,4,2,5892,7322,1430,312
612,10,4,2,5892,7322,1430,312
612,20,4,2,5892,7322,1430,312
612,50,1,0,22693,39988,17295,0
612,100,1,0,22693,39988,17295,0
613,1,3,0,22234,44995,22761,312
613,2,3,0,22234,44995,22761,312
613,3,3,0,22234,44995,22761,312
613,5,0,0,44995,44995,0,0
613,10,0,0,44995,44995,0,0
613,20,0,0,44995,44995,0,0
613,50,0,0,44995,44995,0,0
613,100,0,0,44995,44995,0,0
614,1,15,2,315,20872,20557,2028
614,2,7,2,5632,20872,15240,780
614,3,7,0,5632,45322,39690,936
614,5,7,0,5632,45322,39690,936
614,10,0,0,45322,45322,0,0
614,20,0,0,45322,45322,0,0
614,50,0,0,45322,45322,0,0
614,100,0,0,45322,45322,0,0
615,1,32,32,1,1,0,0
615,2,12,2,749,10114,9365,1560
615,3,12,2,749,10114,9365,1560
615,5,12,2,749,10114,9365,1560
615,10,12,2,749,10114,9365,1560
615,20,6,0,5065,40211,35146,780
615,50,0,0,40211,40211,0,0
615,100,0,0,40211,40211,0,0
616,1,7,2,6775,25498,18723,780
616,2,7,2,6775,25498,18723,780
616,3,7,2,6775,25498,18723,780
616,5,7,2,6775,25498,18723,780
616,10,7,2,6775,25498,18723,780
616,20,7,2,6775,25498,18723,780
616,50,5,2,18160,25498,7338,468
616,100,5,2,18160,25498,7338,468
617,1,0,0,40575,40575,0,0
617,2,0,0,40575,40575,0,0
617,3,0,0,40575,40575,0,0
617,5,0,0,40575,40575,0,0
617,10,0,0,40575,40575,0,0
617,20,0,0,40575,40575,0,0
617,50,0,0,40575,40575,0,0
617,100,0,0,40575,40575,0,0
618,1,20,0,11,40702,40691,2964
618,2,3,0,18865,40702,21837,312
618,3,3,0,18865,40702,21837,312
618,5,0,0,40702,40702,0,0
618,10,0,0,40702,40702,0,0
618,20,0,0,40702,40702,0,0
618,50,0,0,40702,40702,0,0
618,100,0,0,40702,40702,0,0
619,1,23,2,2,5229,5227,3276
619,2,23,2,2,5229,5227,3276
619,3,17,2,59,5229,5170,2340
619,5,12,2,425,5229,4804,1560
619,10,3,0,5202,46092,40890,312
619,20,0,0,46092,46092,0,0
619,50,0,0,46092,46092,0,0
619,100,0,0,46092,46092,0,0
620,1,1,1,18345,18345,0,0
620,2,0,0,44118,44118,0,0
620,3,0,0,44118,44118,0,0
620,5,0,0,44118,44118,0,0
620,10,0,0,44118,44118,0,0
620,20,0,0,44118,44118,0,0
620,50,0,0,44118,44118,0,0
620,100,0,0,44118,44118,0,0
621,1,7,2,1772,5416,3644,780
621,2,1,1,25055,25055,0,0
621,3,1,1,25055,25055,0,0
621,5,1,1,25055,25055,0,0
621,10,1,1,25055,25055,0,0
621,20,1,0,25055,41507,16452,0
621,50,1,0,25055,41507,16452,0
621,100,0,0,41507,41507,0,0
622,1,9,1,3551,25987,22436,1248
622,2,9,1,3551,25987,22436,1248
622,3,6,1,15074,25987,10913,780
622,5,6,1,15074,25987,10913,780
622,10,6,1,15074,25987,10913,780
622,20,6,1,15074,25987,10913,780
622,50,1,1,25987,25987,0,0
622,100,1,0,25987,43345,17358,0
623,1,8,8,5955,5955,0,0
623,2,8,6,5955,13525,7570,312
623,3,8,2,5955,22228,16273,936
623,5,8,1,5955,25822,19867,1092
623,10,6,1,13525,25822,12297,780
623,20,6,1,13525,25822,12297,780
623,50,0,0,44377,44377,0,0
623,100,0,0,44377,44377,0,0
624,1,27,2,1,8018,8017,3900
624,2,1,1,26432,26432,0,0
624,3,1,1,26432,26432,0,0
624,5,1,1,26432,26432,0,0
624,10,1,0,26432,41814,15382,0
624,20,1,0,26432,41814,15382,0
624,50,1,0,26432,41814,15382,0
624,100,0,0,41814,41814,0,0
625,1,6,6,2224,2224,0,0
625,2,6,0,2224,42763,40539,780
625,3,4,0,8958,42763,33805,468
625,5,0,0,42763,42763,0,0
625,10,0,0,42763,42763,0,0
625,20,0,0,42763,42763,0,0
625,50,0,0,42763,42763,0,0
625,100,0,0,42763,42763,0,0
626,1,23,23,10,10,0,0
626,2,0,0,42797,42797,0,0
626,3,0,0,42797,42797,0,0
626,5,0,0,42797,42797,0,0
626,10,0,0,42797,42797,0,0
626,20,0,0,42797,42797,0,0
626,50,0,0,42797,42797,0,0
626,100,0,0,42797,42797,0,0
627,1,2,1,1689,26018,24329,156
627,2,1,1,26018,26018,0,0
627,3,1,1,26018,26018,0,0
627,5,1,1,26018,26018,0,0
627,10,1,1,26018,26018,0,0
627,20,1,0,26018,42814,16796,0
627,50,1,0,26018,42814,16796,0
627,100,0,0,42814,42814,0,0
628,1,0,0,39410,39410,0,0
628,2,0,0,39410,39410,0,0
628,3,0,0,39410,39410,0,0
628,5,0,0,39410,39410,0,0
628,10,0,0,39410,39410,0,0
628,20,0,0,39410,39410,0,0
628,50,0,0,39410,39410,0,0
628,100,0,0,39410,39410,0,0
629,1,8,0,3211,40824,37613,1092
629,2,8,0,3211,40824,37613,1092
629,3,8,0,3211,40824,37613,1092
629,5,6,0,9455,40824,31369,780
629,10,0,0,40824,40824,0,0
629,20,0,0,40824,40824,0,0
629,50,0,0,40824,40824,0,0
629,100,0,0,40824,40824,0,0
630,1,18,2,101,24081,23980,2496
630,2,18,2,101,24081,23980,2496
630,3,18,2,101,24081,23980,2496
630,5,9,2,3260,24081,20821,1092
630,10,6,2,9550,24081,14531,624
630,20,0,0,39865,39865,0,0
630,50,0,0,39865,39865,0,0
630,100,0,0,39865,39865,0,0
631,1,0,0,36608,36608,0,0
631,2,0,0,36608,36608,0,0
631,3,0,0,36608,36608,0,0
631,5,0,0,36608,36608,0,0
631,10,0,0,36608,36608,0,0
631,20,0,0,36608,36608,0,0
631,50,0,0,36608,36608,0,0
631,100,0,0,36608,36608,0,0
632,1,1,1,19898,19898,0,0
632,2,1,1,19898,19898,0,0
632,3,1,1,19898,19898,0,0
632,5,1,1,19898,19898,0,0
632,10,1,1,19898,19898,0,0
632,20,1,0,19898,39413,19515,0
632,50,0,0,39413,39413,0,0
632,100,0,0,39413,39413,0,0
633,1,32,32,1,1,0,0
633,2,4,0,11660,43733,32073,468
633,3,0,0,43733,43733,0,0
633,5,0,0,43733,43733,0,0
633,10,0,0,43733,43733,0,0
633,20,0,0,43733,43733,0,0
633,50,0,0,43733,43733,0,0
633,100,0,0,43733,43733,0,0
634,1,21,6,13,12884,12871,2340
634,2,6,6,12884,12884,0,0
634,3,6,6,12884,12884,0,0
634,5,6,2,12884,26759,13875,624
634,10,6,2,12884,26759,13875,624
634,20,6,2,12884,26759,13875,624
634,50,5,2,16598,26759,10161,468
634,100,5,2,16598,26759,10161,468
635,1,28,2,4,22716,22712,4056
635,2,28,2,4,22716,22712,4056
635,3,28,2,4,22716,22712,4056
635,5,7,2,4358,22716,18358,780
635,10,7,2,4358,22716,18358,780
635,20,1,1,28671,28671,0,0
635,50,1,1,28671,28671,0,0
635,100,1,1,28671,28671,0,0
636,1,1,0,23993,45331,21338,0
636,2,1,0,23993,45331,21338,0
636,3,1,0,23993,45331,21338,0
636,5,1,0,23993,45331,21338,0
636,10,0,0,45331,45331,0,0
636,20,0,0,45331,45331,0,0
636,50,0,0,45331,45331,0,0
636,100,0,0,45331,45331,0,0
637,1,4,4,14910,14910,0,0
637,2,4,2,14910,26040,11130,312
637,3,4,2,14910,26040,11130,312
637,5,4,2,14910,26040,11130,312
637,10,4,2,14910,26040,11130,312
637,20,4,0,14910,40821,25911,468
637,50,3,0,25935,40821,14886,312
637,100,0,0,40821,40821,0,0
638,1,12,12,167,167,0,0
638,2,12,2,167,13523,13356,1560
638,3,12,2,167,13523,13356,1560
638,5,10,0,683,39410,38727,1404
638,10,0,0,39410,39410,0,0
638,20,0,0,39410,39410,0,0
638,50,0,0,39410,39410,0,0
638,100,0,0,39410,39410,0,0
639,1,2,2,9264,9264,0,0
639,2,2,2,9264,9264,0,0
639,3,2,2,9264,9264,0,0
639,5,2,1,9264,25208,15944,156
639,10,2,1,9264,25208,15944,156
639,20,1,1,25208,25208,0,0
639,50,1,1,25208,25208,0,0
639,100,1,0,25208,38506,13298,0
640,1,8,0,2913,38957,36044,1092
640,2,8,0,2913,38957,36044,1092
640,3,8,0,2913,38957,36044,1092
640,5,5,0,5145,38957,33812,624
640,10,4,0,11383,38957,27574,468
640,20,0,0,38957,38957,0,0
640,50,0,0,38957,38957,0,0
640,100,0,0,38957,38957,0,0
641,1,0,0,39870,39870,0,0
641,2,0,0,39870,39870,0,0
641,3,0,0,39870,39870,0,0
641,5,0,0,39870,39870,0,0
641,10,0,0,39870,39870,0,0
641,20,0,0,39870,39870,0,0
641,50,0,0,39870,39870,0,0
641,100,0,0,39870,39870,0,0
642,1,26,0,1,42233,42232,3900
642,2,8,0,771,42233,41462,1092
642,3,0,0,42233,42233,0,0
642,5,0,0,42233,42233,0,0
642,10,0,0,42233,42233,0,0
642,20,0,0,42233,42233,0,0
642,50,0,0,42233,42233,0,0
642,100,0,0,42233,42233,0,0
643,1,10,0,467,37161,36694,1404
643,2,4,0,14587,37161,22574,468
643,3,4,0,14587,37161,22574,468
643,5,4,0,14587,37161,22574,468
643,10,4,0,14587,37161,22574,468
643,20,4,0,14587,37161,22574,468
643,50,0,0,37161,37161,0,0
643,100,0,0,37161,37161,0,0
644,1,18,0,19,42462,42443,2652
644,2,0,0,42462,42462,0,0
644,3,0,0,42462,42462,0,0
644,5,0,0,42462,42462,0,0
644,10,0,0,42462,42462,0,0
644,20,0,0,42462,42462,0,0
644,50,0,0,42462,42462,0,0
644,100,0,0,42462,42462,0,0
645,1,0,0,35585,35585,0,0
645,2,0,0,35585,35585,0,0
645,3,0,0,35585,35585,0,0
645,5,0,0,35585,35585,0,0
645,10,0,0,35585,35585,0,0
645,20,0,0,35585,35585,0,0
645,50,0,0,35585,35585,0,0
645,100,0,0,35585,35585,0,0
646,1,30,2,1,6072,6071,4368
646,2,10,2,585,6072,5487,1248
646,3,10,2,585,6072,5487,1248
646,5,10,2,585,6072,5487,1248
646,10,6,2,2539,6072,3533,624
646,20,6,2,2539,6072,3533,624
646,50,3,2,6036,6072,36,156
646,100,3,0,6036,42300,36264,312
647,1,6,2,3689,11144,7455,624
647,2,6,2,3689,11144,7455,624
647,3,5,2,4944,11144,6200,468
647,5,3,1,11077,32652,21575,312
647,10,3,1,11077,32652,21575,312
647,20,1,1,32652,32652,0,0
647,50,1,1,32652,32652,0,0
647,100,1,0,32652,39935,7283,0
648,1,1,0,23925,41220,17295,0
648,2,1,0,23925,41220,17295,0
648,3,0,0,41220,41220,0,0
648,5,0,0,41220,41220,0,0
648,10,0,0,41220,41220,0,0
648,20,0,0,41220,41220,0,0
648,50,0,0,41220,41220,0,0
648,100,0,0,41220,41220,0,0
649,1,0,0,38679,38679,0,0
649,2,0,0,38679,38679,0,0
649,3,0,0,38679,38679,0,0
649,5,0,0,38679,38679,0,0
649,10,0,0,38679,38679,0,0
649,20,0,0,38679,38679,0,0
649,50,0,0,38679,38679,0,0
649,100,0,0,38679,38679,0,0
650,1,32,32,1,1,0,0
650,2,3,2,25626,25653,27,156
650,3,3,2,25626,25653,27,156
650,5,3,2,25626,25653,27,156
650,10,3,2,25626,25653,27,156
650,20,3,2,25626,25653,27,156
650,50,0,0,39441,39441,0,0
650,100,0,0,39441,39441,0,0
651,1,2,2,22987,22987,0,0
651,2,2,2,22987,22987,0,0
651,3,2,0,22987,41051,18064,156
651,5,2,0,22987,41051,18064,156
651,10,2,0,22987,41051,18064,156
651,20,2,0,22987,41051,18064,156
651,50,0,0,41051,41051,0,0
651,100,0,0,41051,41051,0,0
652,1,6,6,3284,3284,0,0
652,2,1,1,31387,31387,0,0
652,3,1,1,31387,31387,0,0
652,5,1,1,31387,31387,0,0
652,10,1,1,31387,31387,0,0
652,20,1,1,31387,31387,0,0
652,50,1,1,31387,31387,0,0
652,100,1,0,31387,39643,8256,0
653,1,12,0,430,39943,39513,1716
653,2,6,0,9320,39943,30623,780
653,3,6,0,9320,39943,30623,780
653,5,0,0,39943,39943,0,0
653,10,0,0,39943,39943,0,0
653,20,0,0,39943,39943,0,0
653,50,0,0,39943,39943,0,0
653,100,0,0,39943,39943,0,0
654,1,26,2,1,2886,2885,3744
654,2,8,2,129,2886,2757,936
654,3,8,2,129,2886,2757,936
654,5,1,0,14763,36933,22170,0
654,10,0,0,36933,36933,0,0
654,20,0,0,36933,36933,0,0
654,50,0,0,36933,36933,0,0
654,100,0,0,36933,36933,0,0
655,1,10,2,678,23335,22657,1248
655,2,7,2,3599,23335,19736,780
655,3,7,2,3599,23335,19736,780
655,5,6,2,6570,23335,16765,624
655,10,6,2,6570,23335,16765,624
655,20,6,0,6570,44995,38425,780
655,50,0,0,44995,44995,0,0
655,100,0,0,44995,44995,0,0
656,1,31,31,3,3,0,0
656,2,31,31,3,3,0,0
656,3,31,31,3,3,0,0
656,5,21,21,178,178,0,0
656,10,21,2,178,29113,28935,2964
656,20,6,2,16577,29113,12536,624
656,50,3,2,28987,29113,126,156
656,100,3,2,28987,29113,126,156
657,1,4,0,12688,36986,24298,468
657,2,4,0,12688,36986,24298,468
657,3,4,0,12688,36986,24298,468
657,5,4,0,12688,36986,24298,468
657,10,0,0,36986,36986,0,0
657,20,0,0,36986,36986,0,0
657,50,0,0,36986,36986,0,0
657,100,0,0,36986,36986,0,0
658,1,19,0,73,39935,39862,2808
658,2,3,0,13864,39935,26071,312
658,3,3,0,13864,39935,26071,312
658,5,0,0,39935,39935,0,0
658,10,0,0,39935,39935,0,0
658,20,0,0,39935,39935,0,0
658,50,0,0,39935,39935,0,0
658,100,0,0,39935,39935,0,0
659,1,32,32,2,2,0,0
659,2,32,32,2,2,0,0
659,3,25,25,13,13,0,0
659,5,7,1,7345,26322,18977,936
659,10,7,1,7345,26322,18977,936
659,20,1,1,26322,26322,0,0
659,50,1,1,26322,26322,0,0
659,100,0,0,45808,45808,0,0
660,1,7,1,4343,22128,17785,936
660,2,7,1,4343,22128,17785,936
660,3,6,1,13132,22128,8996,780
660,5,6,1,13132,22128,8996,780
660,10,6,0,13132,42236,29104,780
660,20,6,0,13132,42236,29104,780
660,50,3,0,20854,42236,21382,312
660,100,0,0,42236,42236,0,0
661,1,16,1,41,24421,24380,2340
661,2,4,1,14343,24421,10078,468
661,3,1,0,24421,40416,15995,0
661,5,1,0,24421,40416,15995,0
661,10,0,0,40416,40416,0,0
661,20,0,0,40416,40416,0,0
661,50,0,0,40416,40416,0,0
661,100,0,0,40416,40416,0,0
662,1,30,0,1,44054,44053,4524
662,2,25,0,2,44054,44052,3744
662,3,0,0,44054,44054,0,0
662,5,0,0,44054,44054,0,0
662,10,0,0,44054,44054,0,0
662,20,0,0,44054,44054,0,0
662,50,0,0,44054,44054,0,0
662,100,0,0,44054,44054,0,0
663,1,24,1,7,28266,28259,3588
663,2,20,0,79,43192,43113,2964
663,3,0,0,43192,43192,0,0
663,5,0,0,43192,43192,0,0
663,10,0,0,43192,43192,0,0
663,20,0,0,43192,43192,0,0
663,50,0,0,43192,43192,0,0
663,100,0,0,43192,43192,0,0
664,1,32,32,1,1,0,0
664,2,7,6,3293,5097,1804,156
664,3,6,6,5097,5097,0,0
664,5,6,2,5097,21624,16527,624
664,10,6,2,5097,21624,16527,624
664,20,6,1,5097,28118,23021,780
664,50,1,0,28118,39291,11173,0
664,100,0,0,39291,39291,0,0
665,1,32,32,1,1,0,0
665,2,1,1,27906,27906,0,0
665,3,1,1,27906,27906,0,0
665,5,1,1,27906,27906,0,0
665,10,1,1,27906,27906,0,0
665,20,1,1,27906,27906,0,0
665,50,1,0,27906,40877,12971,0
665,100,0,0,40877,40877,0,0
666,1,9,0,1401,36551,35150,1248
666,2,7,0,3441,36551,33110,936
666,3,0,0,36551,36551,0,0
666,5,0,0,36551,36551,0,0
666,10,0,0,36551,36551,0,0
666,20,0,0,36551,36551,0,0
666,50,0,0,36551,36551,0,0
666,100,0,0,36551,36551,0,0
667,1,8,0,293,41581,41288,1092
667,2,1,0,24464,41581,17117,0
667,3,1,0,24464,41581,17117,0
667,5,0,0,41581,41581,0,0
667,10,0,0,41581,41581,0,0
667,20,0,0,41581,41581,0,0
667,50,0,0,41581,41581,0,0
667,100,0,0,41581,41581,0,0
668,1,17,2,57,7810,7753,2340
668,2,5,2,5022,7810,2788,468
668,3,5,2,5022,7810,2788,468
668,5,5,2,5022,7810,2788,468
668,10,5,2,5022,7810,2788,468
668,20,5,2,5022,7810,2788,468
668,50,5,2,5022,7810,2788,468
668,100,4,0,6997,39924,32927,468
669,1,20,0,27,35298,35271,2964
669,2,1,0,23774,35298,11524,0
669,3,1,0,23774,35298,11524,0
669,5,1,0,23774,35298,11524,0
669,10,1,0,23774,35298,11524,0
669,20,0,0,35298,35298,0,0
669,50,0,0,35298,35298,0,0
669,100,0,0,35298,35298,0,0
670,1,11,0,383,42132,41749,1560
670,2,11,0,383,42132,41749,1560
670,3,11,0,383,42132,41749,1560
670,5,7,0,5897,42132,36235,936
670,10,7,0,5897,42132,36235,936
670,20,0,0,42132,42132,0,0
670,50,0,0,42132,42132,0,0
670,100,0,0,42132,42132,0,0
671,1,29,2,2,19367,19365,4212
671,2,19,2,13,19367,19354,2652
671,3,19,2,13,19367,19354,2652
671,5,4,2,11437,19367,7930,312
671,10,4,2,11437,19367,7930,312
671,20,3,0,19276,39189,19913,312
671,50,0,0,39189,39189,0,0
671,100,0,0,39189,39189,0,0
672,1,10,0,2842,41195,38353,1404
672,2,10,0,2842,41195,38353,1404
672,3,0,0,41195,41195,0,0
672,5,0,0,41195,41195,0,0
672,10,0,0,41195,41195,0,0
672,20,0,0,41195,41195,0,0
672,50,0,0,41195,41195,0,0
672,100,0,0,41195,41195,0,0
673,1,4,1,5540,24441,18901,468
673,2,1,1,24441,24441,0,0
673,3,1,1,24441,24441,0,0
673,5,1,1,24441,24441,0,0
673,10,1,0,24441,36249,11808,0
673,20,1,0,24441,36249,11808,0
673,50,0,0,36249,36249,0,0
673,100,0,0,36249,36249,0,0
674,1,17,0,2,37780,37778,2496
674,2,0,0,37780,37780,0,0
674,3,0,0,37780,37780,0,0
674,5,0,0,37780,37780,0,0
674,10,0,0,37780,37780,0,0
674,20,0,0,37780,37780,0,0
674,50,0,0,37780,37780,0,0
674,100,0,0,37780,37780,0,0
675,1,10,0,376,38361,37985,1404
675,2,0,0,38361,38361,0,0
675,3,0,0,38361,38361,0,0
675,5,0,0,38361,38361,0,0
675,10,0,0,38361,38361,0,0
675,20,0,0,38361,38361,0,0
675,50,0,0,38361,38361,0,0
675,100,0,0,38361,38361,0,0
676,1,1,1,17883,17883,0,0
676,2,1,1,17883,17883,0,0
676,3,1,0,17883,39405,21522,0
676,5,1,0,17883,39405,21522,0
676,10,0,0,39405,39405,0,0
676,20,0,0,39405,39405,0,0
676,50,0,0,39405,39405,0,0
676,100,0,0,39405,39405,0,0
677,1,6,0,13718,39755,26037,780
677,2,6,0,13718,39755,26037,780
677,3,6,0,13718,39755,26037,780
677,5,6,0,13718,39755,26037,780
677,10,0,0,39755,39755,0,0
677,20,0,0,39755,39755,0,0
677,50,0,0,39755,39755,0,0
677,100,0,0,39755,39755,0,0
678,1,10,2,897,20026,19129,1248
678,2,10,0,897,40033,39136,1404
678,3,10,0,897,40033,39136,1404
678,5,10,0,897,40033,39136,1404
678,10,3,0,19955,40033,20078,312
678,20,3,0,19955,40033,20078,312
678,50,0,0,40033,40033,0,0
678,100,0,0,40033,40033,0,0
679,1,14,2,265,23772,23507,1872
679,2,14,2,265,23772,23507,1872
679,3,5,2,16488,23772,7284,468
679,5,5,2,16488,23772,7284,468
679,10,5,1,16488,30210,13722,624
679,20,5,1,16488,30210,13722,624
679,50,2,1,23772,30210,6438,156
679,100,2,0,23772,37747,13975,156
680,1,7,2,1316,24217,22901,780
680,2,7,2,1316,24217,22901,780
680,3,7,2,1316,24217,22901,780
680,5,7,2,1316,24217,22901,780
680,10,4,0,20641,45756,25115,468
680,20,4,0,20641,45756,25115,468
680,50,0,0,45756,45756,0,0
680,100,0,0,45756,45756,0,0
681,1,3,0,3863,39655,35792,312
681,2,3,0,3863,39655,35792,312
681,3,3,0,3863,39655,35792,312
681,5,3,0,3863,39655,35792,312
681,10,0,0,39655,39655,0,0
681,20,0,0,39655,39655,0,0
681,50,0,0,39655,39655,0,0
681,100,0,0,39655,39655,0,0
682,1,3,0,21647,44371,22724,312
682,2,0,0,44371,44371,0,0
682,3,0,0,44371,44371,0,0
682,5,0,0,44371,44371,0,0
682,10,0,0,44371,44371,0,0
682,20,0,0,44371,44371,0,0
682,50,0,0,44371,44371,0,0
682,100,0,0,44371,44371,0,0
683,1,21,1,11,30784,30773,3120
683,2,1,1,30784,30784,0,0
683,3,1,1,30784,30784,0,0
683,5,1,1,30784,30784,0,0
683,10,1,1,30784,30784,0,0
683,20,1,1,30784,30784,0,0
683,50,1,1,30784,30784,0,0
683,100,1,0,30784,39159,8375,0
684,1,1,1,30274,30274,0,0
684,2,1,1,30274,30274,0,0
684,3,1,1,30274,30274,0,0
684,5,1,1,30274,30274,0,0
684,10,1,1,30274,30274,0,0
684,20,1,1,30274,30274,0,0
684,50,1,1,30274,30274,0,0
684,100,1,1,30274,30274,0,0
685,1,23,0,2,44868,44866,3432
685,2,11,0,217,44868,44651,1560
685,3,4,0,5495,44868,39373,468
685,5,4,0,5495,44868,39373,468
685,10,0,0,44868,44868,0,0
685,20,0,0,44868,44868,0,0
685,50,0,0,44868,44868,0,0
685,100,0,0,44868,44868,0,0
686,1,23,2,4,27022,27018,3276
686,2,10,2,1021,27022,26001,1248
686,3,10,2,1021,27022,26001,1248
686,5,10,2,1021,27022,26001,1248
686,10,9,2,3167,27022,23855,1092
686,20,9,2,3167,27022,23855,1092
686,50,6,0,10841,46734,35893,780
686,100,0,0,46734,46734,0,0
687,1,2,0,20066,43125,23059,156
687,2,2,0,20066,43125,23059,156
687,3,2,0,20066,43125,23059,156
687,5,2,0,20066,43125,23059,156
687,10,0,0,43125,43125,0,0
687,20,0,0,43125,43125,0,0
687,50,0,0,43125,43125,0,0
687,100,0,0,43125,43125,0,0
688,1,17,2,26,21417,21391,2340
688,2,6,0,1857,41449,39592,780
688,3,4,0,16714,41449,24735,468
688,5,4,0,16714,41449,24735,468
688,10,4,0,16714,41449,24735,468
688,20,4,0,16714,41449,24735,468
688,50,0,0,41449,41449,0,0
688,100,0,0,41449,41449,0,0
689,1,29,0,3,48156,48153,4368
689,2,29,0,3,48156,48153,4368
689,3,29,0,3,48156,48153,4368
689,5,0,0,48156,48156,0,0
689,10,0,0,48156,48156,0,0
689,20,0,0,48156,48156,0,0
689,50,0,0,48156,48156,0,0
689,100,0,0,48156,48156,0,0
690,1,0,0,45724,45724,0,0
690,2,0,0,45724,45724,0,0
690,3,0,0,45724,45724,0,0
690,5,0,0,45724,45724,0,0
690,10,0,0,45724,45724,0,0
690,20,0,0,45724,45724,0,0
690,50,0,0,45724,45724,0,0
690,100,0,0,45724,45724,0,0
691,1,8,2,3009,22919,19910,936
691,2,8,2,3009,22919,19910,936
691,3,8,2,3009,22919,19910,936
691,5,8,2,3009,22919,19910,936
691,10,3,2,22743,22919,176,156
691,20,3,0,22743,40066,17323,312
691,50,3,0,22743,40066,17323,312
691,100,3,0,22743,40066,17323,312
692,1,4,4,15863,15863,0,0
692,2,4,1,15863,22449,6586,468
692,3,4,1,15863,22449,6586,468
692,5,4,1,15863,22449,6586,468
692,10,4,1,15863,22449,6586,468
692,20,4,1,15863,22449,6586,468
692,50,1,0,22449,42325,19876,0
692,100,0,0,42325,42325,0,0
693,1,1,0,25186,36189,11003,0
693,2,1,0,25186,36189,11003,0
693,3,1,0,25186,36189,11003,0
693,5,1,0,25186,36189,11003,0
693,10,1,0,25186,36189,11003,0
693,20,0,0,36189,36189,0,0
693,50,0,0,36189,36189,0,0
693,100,0,0,36189,36189,0,0
694,1,5,2,4539,29416,24877,468
694,2,5,2,4539,29416,24877,468
694,3,5,2,4539,29416,24877,468
694,5,5,2,4539,29416,24877,468
694,10,5,2,4539,29416,24877,468
694,20,4,2,15884,29416,13532,312
694,50,4,2,15884,29416,13532,312
694,100,4,2,15884,29416,13532,312
695,1,1,1,27910,27910,0,0
695,2,1,0,27910,44778,16868,0
695,3,1,0,27910,44778,16868,0
695,5,1,0,27910,44778,16868,0
695,10,1,0,27910,44778,16868,0
695,20,1,0,27910,44778,16868,0
695,50,1,0,27910,44778,16868,0
695,100,0,0,44778,44778,0,0
696,1,6,2,10024,22856,12832,624
696,2,6,1,10024,28492,18468,780
696,3,6,1,10024,28492,18468,780
696,5,6,0,10024,38470,28446,780
696,10,6,0,10024,38470,28446,780
696,20,0,0,38470,38470,0,0
696,50,0,0,38470,38470,0,0
696,100,0,0,38470,38470,0,0
697,1,2,2,21748,21748,0,0
697,2,2,2,21748,21748,0,0
697,3,2,1,21748,25369,3621,156
697,5,2,1,21748,25369,3621,156
697,10,1,0,25369,39008,13639,0
697,20,1,0,25369,39008,13639,0
697,50,1,0,25369,39008,13639,0
697,100,0,0,39008,39008,0,0
698,1,32,32,1,1,0,0
698,2,6,1,2481,22786,20305,780
698,3,1,1,22786,22786,0,0
698,5,1,1,22786,22786,0,0
698,10,1,1,22786,22786,0,0
698,20,1,0,22786,43489,20703,0
698,50,0,0,43489,43489,0,0
698,100,0,0,43489,43489,0,0
699,1,25,2,2,27276,27274,3588
699,2,8,2,2019,27276,25257,936
699,3,8,2,2019,27276,25257,936
699,5,5,2,11588,27276,15688,468
699,10,5,2,11588,27276,15688,468
699,20,3,2,27136,27276,140,156
699,50,0,0,40576,40576,0,0
699,100,0,0,40576,40576,0,0
700,1,6,2,1503,2952,1449,624
700,2,6,0,1503,42352,40849,780
700,3,6,0,1503,42352,40849,780
700,5,6,0,1503,42352,40849,780
700,10,0,0,42352,42352,0,0
700,20,0,0,42352,42352,0,0
700,50,0,0,42352,42352,0,0
700,100,0,0,42352,42352,0,0
701,1,4,0,9127,36810,27683,468
701,2,4,0,9127,36810,27683,468
701,3,4,0,9127,36810,27683,468
701,5,4,0,9127,36810,27683,468
701,10,0,0,36810,36810,0,0
701,20,0,0,36810,36810,0,0
701,50,0,0,36810,36810,0,0
701,100,0,0,36810,36810,0,0
702,1,6,6,8377,8377,0,0
702,2,3,2,24695,24856,161,156
702,3,3,2,24695,24856,161,156
702,5,3,2,24695,24856,161,156
702,10,3,1,24695,30596,5901,312
702,20,3,1,24695,30596,5901,312
702,50,3,0,24695,40219,15524,312
702,100,0,0,40219,40219,0,0
703,1,24,9,12,582,570,2340
703,2,1,1,27516,27516,0,0
703,3,1,1,27516,27516,0,0
703,5,1,1,27516,27516,0,0
703,10,1,1,27516,27516,0,0
703,20,1,1,27516,27516,0,0
703,50,1,1,27516,27516,0,0
703,100,1,1,27516,27516,0,0
704,1,2,2,5915,5915,0,0
704,2,2,2,5915,5915,0,0
704,3,1,1,29358,29358,0,0
704,5,1,1,29358,29358,0,0
704,10,1,1,29358,29358,0,0
704,20,1,1,29358,29358,0,0
704,50,1,1,29358,29358,0,0
704,100,1,1,29358,29358,0,0
705,1,9,0,1868,40568,38700,1248
705,2,9,0,1868,40568,38700,1248
705,3,4,0,17027,40568,23541,468
705,5,0,0,40568,40568,0,0
705,10,0,0,40568,40568,0,0
705,20,0,0,40568,40568,0,0
705,50,0,0,40568,40568,0,0
705,100,0,0,40568,40568,0,0
706,1,0,0,43672,43672,0,0
706,2,0,0,43672,43672,0,0
706,3,0,0,43672,43672,0,0
706,5,0,0,43672,43672,0,0
706,10,0,0,43672,43672,0,0
706,20,0,0,43672,43672,0,0
706,50,0,0,43672,43672,0,0
706,100,0,0,43672,43672,0,0
707,1,2,0,6792,39756,32964,156
707,2,2,0,6792,39756,32964,156
707,3,2,0,6792,39756,32964,156
707,5,2,0,6792,39756,32964,156
707,10,2,0,6792,39756,32964,156
707,20,2,0,6792,39756,32964,156
707,50,0,0,39756,39756,0,0
707,100,0,0,39756,39756,0,0
708,1,16,2,308,24454,24146,2184
708,2,16,2,308,24454,24146,2184
708,3,16,2,308,24454,24146,2184
708,5,16,0,308,40761,40453,2340
708,10,7,0,4593,40761,36168,936
708,20,0,0,40761,40761,0,0
708,50,0,0,40761,40761,0,0
708,100,0,0,40761,40761,0,0
709,1,1,1,22287,22287,0,0
709,2,1,0,22287,41066,18779,0
709,3,1,0,22287,41066,18779,0
709,5,1,0,22287,41066,18779,0
709,10,0,0,41066,41066,0,0
709,20,0,0,41066,41066,0,0
709,50,0,0,41066,41066,0,0
709,100,0,0,41066,41066,0,0
710,1,0,0,44663,44663,0,0
710,2,0,0,44663,44663,0,0
710,3,0,0,44663,44663,0,0
710,5,0,0,44663,44663,0,0
710,10,0,0,44663,44663,0,0
710,20,0,0,44663,44663,0,0
710,50,0,0,44663,44663,0,0
710,100,0,0,44663,44663,0,0
711,1,5,2,15713,23791,8078,468
711,2,5,0,15713,38323,22610,624
711,3,5,0,15713,38323,22610,624
711,5,5,0,15713,38323,22610,624
711,10,5,0,15713,38323,22610,624
711,20,5,0,15713,38323,22610,624
711,50,1,0,26934,38323,11389,0
711,100,1,0,26934,38323,11389,0
712,1,19,19,40,40,0,0
712,2,19,19,40,40,0,0
712,3,3,2,18326,18364,38,156
712,5,3,1,18326,22928,4602,312
712,10,3,1,18326,22928,4602,312
712,20,3,0,18326,40088,21762,312
712,50,0,0,40088,40088,0,0
712,100,0,0,40088,40088,0,0
713,1,4,2,2640,5361,2721,312
713,2,1,1,25973,25973,0,0
713,3,1,1,25973,25973,0,0
713,5,1,1,25973,25973,0,0
713,10,1,1,25973,25973,0,0
713,20,0,0,45106,45106,0,0
713,50,0,0,45106,45106,0,0
713,100,0,0,45106,45106,0,0
714,1,24,1,4,29205,29201,3588
714,2,1,1,29205,29205,0,0
714,3,1,1,29205,29205,0,0
714,5,1,1,29205,29205,0,0
714,10,1,1,29205,29205,0,0
714,20,1,1,29205,29205,0,0
714,50,1,1,29205,29205,0,0
714,100,1,1,29205,29205,0,0
715,1,3,2,24674,24715,41,156
715,2,3,2,24674,24715,41,156
715,3,3,2,24674,24715,41,156
715,5,3,2,24674,24715,41,156
715,10,3,1,24674,30358,5684,312
715,20,3,1,24674,30358,5684,312
715,50,3,1,24674,30358,5684,312
715,100,1,0,30358,42096,11738,0
716,1,0,0,41215,41215,0,0
716,2,0,0,41215,41215,0,0
716,3,0,0,41215,41215,0,0
716,5,0,0,41215,41215,0,0
716,10,0,0,41215,41215,0,0
716,20,0,0,41215,41215,0,0
716,50,0,0,41215,41215,0,0
716,100,0,0,41215,41215,0,0
717,1,10,1,163,22077,21914,1404
717,2,1,1,22077,22077,0,0
717,3,1,1,22077,22077,0,0
717,5,1,1,22077,22077,0,0
717,10,1,0,22077,42683,20606,0
717,20,0,0,42683,42683,0,0
717,50,0,0,42683,42683,0,0
717,100,0,0,42683,42683,0,0
718,1,21,21,11,11,0,0
718,2,15,1,190,23875,23685,2184
718,3,15,1,190,23875,23685,2184
718,5,15,1,190,23875,23685,2184
718,10,1,1,23875,23875,0,0
718,20,1,1,23875,23875,0,0
718,50,1,1,23875,23875,0,0
718,100,1,1,23875,23875,0,0
719,1,4,0,14108,42266,28158,468
719,2,4,0,14108,42266,28158,468
719,3,4,0,14108,42266,28158,468
719,5,4,0,14108,42266,28158,468
719,10,4,0,14108,42266,28158,468
719,20,0,0,42266,42266,0,0
719,50,0,0,42266,42266,0,0
719,100,0,0,42266,42266,0,0
720,1,7,2,11651,26261,14610,780
720,2,7,2,11651,26261,14610,780
720,3,7,2,11651,26261,14610,780
720,5,6,2,17803,26261,8458,624
720,10,6,0,17803,45831,28028,780
720,20,0,0,45831,45831,0,0
720,50,0,0,45831,45831,0,0
720,100,0,0,45831,45831,0,0
721,1,7,2,8007,19585,11578,780
721,2,7,2,8007,19585,11578,780
721,3,7,2,8007,19585,11578,780
721,5,7,1,8007,23136,15129,936
721,10,7,0,8007,40938,32931,936
721,20,7,0,8007,40938,32931,936
721,50,0,0,40938,40938,0,0
721,100,0,0,40938,40938,0,0
722,1,1,1,28107,28107,0,0
722,2,1,1,28107,28107,0,0
722,3,1,1,28107,28107,0,0
722,5,1,1,28107,28107,0,0
722,10,1,1,28107,28107,0,0
722,20,1,1,28107,28107,0,0
722,50,1,1,28107,28107,0,0
722,100,1,0,28107,39182,11075,0
723,1,16,1,13,30809,30796,2340
723,2,5,1,4111,30809,26698,624
723,3,5,1,4111,30809,26698,624
723,5,4,1,18104,30809,12705,468
723,10,4,1,18104,30809,12705,468
723,20,4,1,18104,30809,12705,468
723,50,1,1,30809,30809,0,0
723,100,1,1,30809,30809,0,0
724,1,0,0,40378,40378,0,0
724,2,0,0,40378,40378,0,0
724,3,0,0,40378,40378,0,0
724,5,0,0,40378,40378,0,0
724,10,0,0,40378,40378,0,0
724,20,0,0,40378,40378,0,0
724,50,0,0,40378,40378,0,0
724,100,0,0,40378,40378,0,0
725,1,30,1,3,21349,21346,4524
725,2,9,1,2992,21349,18357,1248
725,3,9,1,2992,21349,18357,1248
725,5,1,0,21349,39840,18491,0
725,10,1,0,21349,39840,18491,0
725,20,0,0,39840,39840,0,0
725,50,0,0,39840,39840,0,0
725,100,0,0,39840,39840,0,0
726,1,32,32,1,1,0,0
726,2,3,2,27828,27854,26,156
726,3,3,2,27828,27854,26,156
726,5,3,2,27828,27854,26,156
726,10,3,2,27828,27854,26,156
726,20,3,2,27828,27854,26,156
726,50,3,2,27828,27854,26,156
726,100,3,2,27828,27854,26,156
727,1,1,1,26924,26924,0,0
727,2,1,1,26924,26924,0,0
727,3,1,1,26924,26924,0,0
727,5,1,0,26924,39651,12727,0
727,10,1,0,26924,39651,12727,0
727,20,0,0,39651,39651,0,0
727,50,0,0,39651,39651,0,0
727,100,0,0,39651,39651,0,0
728,1,8,8,1657,1657,0,0
728,2,8,8,1657,1657,0,0
728,3,7,2,4844,19726,14882,780
728,5,7,1,4844,25524,20680,936
728,10,7,1,4844,25524,20680,936
728,20,1,1,25524,25524,0,0
728,50,1,1,25524,25524,0,0
728,100,1,0,25524,41308,15784,0
729,1,6,2,6028,19805,13777,624
729,2,6,2,6028,19805,13777,624
729,3,6,2,6028,19805,13777,624
729,5,6,2,6028,19805,13777,624
729,10,4,2,15931,19805,3874,312
729,20,4,1,15931,25002,9071,468
729,50,4,0,15931,38206,22275,468
729,100,4,0,15931,38206,22275,468
730,1,5,5,13778,13778,0,0
730,2,5,2,13778,21497,7719,468
730,3,5,2,13778,21497,7719,468
730,5,1,1,30150,30150,0,0
730,10,1,1,30150,30150,0,0
730,20,1,1,30150,30150,0,0
730,50,1,1,30150,30150,0,0
730,100,1,1,30150,30150,0,0
731,1,8,0,1204,41382,40178,1092
731,2,5,0,10202,41382,31180,624
731,3,5,0,10202,41382,31180,624
731,5,5,0,10202,41382,31180,624
731,10,0,0,41382,41382,0,0
731,20,0,0,41382,41382,0,0
731,50,0,0,41382,41382,0,0
731,100,0,0,41382,41382,0,0
732,1,17,2,280,26365,26085,2340
732,2,17,2,280,26365,26085,2340
732,3,3,2,26322,26365,43,156
732,5,3,2,26322,26365,43,156
732,10,3,2,26322,26365,43,156
732,20,3,2,26322,26365,43,156
732,50,3,2,26322,26365,43,156
732,100,3,2,26322,26365,43,156
733,1,6,1,5453,26258,20805,780
733,2,6,1,5453,26258,20805,780
733,3,6,1,5453,26258,20805,780
733,5,1,0,26258,38192,11934,0
733,10,1,0,26258,38192,11934,0
733,20,0,0,38192,38192,0,0
733,50,0,0,38192,38192,0,0
733,100,0,0,38192,38192,0,0
734,1,2,0,21298,40504,19206,156
734,2,2,0,21298,40504,19206,156
734,3,2,0,21298,40504,19206,156
734,5,2,0,21298,40504,19206,156
734,10,2,0,21298,40504,19206,156
734,20,0,0,40504,40504,0,0
734,50,0,0,40504,40504,0,0
734,100,0,0,40504,40504,0,0
735,1,11,1,559,29355,28796,1560
735,2,11,1,559,29355,28796,1560
735,3,1,1,29355,29355,0,0
735,5,1,1,29355,29355,0,0
735,10,1,1,29355,29355,0,0
735,20,1,1,29355,29355,0,0
735,50,1,1,29355,29355,0,0
735,100,1,0,29355,38252,8897,0
736,1,0,0,40075,40075,0,0
736,2,0,0,40075,40075,0,0
736,3,0,0,40075,40075,0,0
736,5,0,0,40075,40075,0,0
736,10,0,0,40075,40075,0,0
736,20,0,0,40075,40075,0,0
736,50,0,0,40075,40075,0,0
736,100,0,0,40075,40075,0,0
737,1,8,2,1192,6233,5041,936
737,2,8,2,1192,6233,5041,936
737,3,2,2,6233,6233,0,0
737,5,2,2,6233,6233,0,0
737,10,2,2,6233,6233,0,0
737,20,2,2,6233,6233,0,0
737,50,1,0,25906,39659,13753,0
737,100,0,0,39659,39659,0,0
738,1,17,2,50,19400,19350,2340
738,2,4,0,16163,38472,22309,468
738,3,4,0,16163,38472,22309,468
738,5,4,0,16163,38472,22309,468
738,10,4,0,16163,38472,22309,468
738,20,0,0,38472,38472,0,0
738,50,0,0,38472,38472,0,0
738,100,0,0,38472,38472,0,0
739,1,12,12,155,155,0,0
739,2,0,0,42582,42582,0,0
739,3,0,0,42582,42582,0,0
739,5,0,0,42582,42582,0,0
739,10,0,0,42582,42582,0,0
739,20,0,0,42582,42582,0,0
739,50,0,0,42582,42582,0,0
739,100,0,0,42582,42582,0,0
740,1,25,2,10,5431,5421,3588
740,2,1,1,29238,29238,0,0
740,3,1,1,29238,29238,0,0
740,5,1,1,29238,29238,0,0
740,10,1,0,29238,42425,13187,0
740,20,1,0,29238,42425,13187,0
740,50,1,0,29238,42425,13187,0
740,100,0,0,42425,42425,0,0
741,1,4,1,9631,29005,19374,468
741,2,3,1,24035,29005,4970,312
741,3,1,1,29005,29005,0,0
741,5,1,1,29005,29005,0,0
741,10,1,1,29005,29005,0,0
741,20,1,0,29005,39929,10924,0
741,50,1,0,29005,39929,10924,0
741,100,1,0,29005,39929,10924,0
742,1,2,0,23124,43732,20608,156
742,2,2,0,23124,43732,20608,156
742,3,2,0,23124,43732,20608,156
742,5,2,0,23124,43732,20608,156
742,10,1,0,27991,43732,15741,0
742,20,0,0,43732,43732,0,0
742,50,0,0,43732,43732,0,0
742,100,0,0,43732,43732,0,0
743,1,21,1,5,23181,23176,3120
743,2,4,1,5803,23181,17378,468
743,3,4,0,5803,41621,35818,468
743,5,3,0,20505,41621,21116,312
743,10,3,0,20505,41621,21116,312
743,20,1,0,23181,41621,18440,0
743,50,0,0,41621,41621,0,0
743,100,0,0,41621,41621,0,0
744,1,6,1,3971,19905,15934,780
744,2,6,0,3971,39357,35386,780
744,3,6,0,3971,39357,35386,780
744,5,6,0,3971,39357,35386,780
744,10,3,0,18387,39357,20970,312
744,20,0,0,39357,39357,0,0
744,50,0,0,39357,39357,0,0
744,100,0,0,39357,39357,0,0
745,1,23,2,5,21822,21817,3276
745,2,15,2,89,21822,21733,2028
745,3,15,2,89,21822,21733,2028
745,5,4,2,13993,21822,7829,312
745,10,4,2,13993,21822,7829,312
745,20,4,0,13993,38211,24218,468
745,50,0,0,38211,38211,0,0
745,100,0,0,38211,38211,0,0
746,1,32,32,1,1,0,0
746,2,10,10,1656,1656,0,0
746,3,10,10,1656,1656,0,0
746,5,10,2,1656,22921,21265,1248
746,10,6,0,9282,43894,34612,780
746,20,0,0,43894,43894,0,0
746,50,0,0,43894,43894,0,0
746,100,0,0,43894,43894,0,0
747,1,32,32,1,1,0,0
747,2,29,2,5,29076,29071,4212
747,3,29,2,5,29076,29071,4212
747,5,24,2,23,29076,29053,3432
747,10,4,2,25375,29076,3701,312
747,20,4,2,25375,29076,3701,312
747,50,4,2,25375,29076,3701,312
747,100,4,2,25375,29076,3701,312
748,1,2,0,4671,37839,33168,156
748,2,2,0,4671,37839,33168,156
748,3,2,0,4671,37839,33168,156
748,5,0,0,37839,37839,0,0
748,10,0,0,37839,37839,0,0
748,20,0,0,37839,37839,0,0
748,50,0,0,37839,37839,0,0
748,100,0,0,37839,37839,0,0
749,1,26,2,1,28602,28601,3744
749,2,6,2,11724,28602,16878,624
749,3,6,2,11724,28602,16878,624
749,5,3,2,28547,28602,55,156
749,10,3,1,28547,31881,3334,312
749,20,3,1,28547,31881,3334,312
749,50,3,1,28547,31881,3334,312
749,100,3,0,28547,39182,10635,312
750,1,1,1,21311,21311,0,0
750,2,1,1,21311,21311,0,0
750,3,1,1,21311,21311,0,0
750,5,1,0,21311,35972,14661,0
750,10,1,0,21311,35972,14661,0
750,20,0,0,35972,35972,0,0
750,50,0,0,35972,35972,0,0
750,100,0,0,35972,35972,0,0
751,1,3,1,20627,26201,5574,312
751,2,3,1,20627,26201,5574,312
751,3,3,1,20627,26201,5574,312
751,5,1,1,26201,26201,0,0
751,10,1,1,26201,26201,0,0
751,20,1,1,26201,26201,0,0
751,50,1,1,26201,26201,0,0
751,100,1,0,26201,41097,14896,0
752,1,32,32,1,1,0,0
752,2,21,1,78,26188,26110,3120
752,3,21,1,78,26188,26110,3120
752,5,21,0,78,45215,45137,3120
752,10,21,0,78,45215,45137,3120
752,20,0,0,45215,45215,0,0
752,50,0,0,45215,45215,0,0
752,100,0,0,45215,45215,0,0
753,1,6,0,1197,40985,39788,780
753,2,6,0,1197,40985,39788,780
753,3,0,0,40985,40985,0,0
753,5,0,0,40985,40985,0,0
753,10,0,0,40985,40985,0,0
753,20,0,0,40985,40985,0,0
753,50,0,0,40985,40985,0,0
753,100,0,0,40985,40985,0,0
754,1,21,0,27,41622,41595,3120
754,2,21,0,27,41622,41595,3120
754,3,12,0,560,41622,41062,1716
754,5,12,0,560,41622,41062,1716
754,10,7,0,8314,41622,33308,936
754,20,7,0,8314,41622,33308,936
754,50,0,0,41622,41622,0,0
754,100,0,0,41622,41622,0,0
755,1,6,0,15805,43447,27642,780
755,2,6,0,15805,43447,27642,780
755,3,6,0,15805,43447,27642,780
755,5,6,0,15805,43447,27642,780
755,10,0,0,43447,43447,0,0
755,20,0,0,43447,43447,0,0
755,50,0,0,43447,43447,0,0
755,100,0,0,43447,43447,0,0
756,1,32,32,1,1,0,0
756,2,17,2,31,14605,14574,2340
756,3,9,2,393,14605,14212,1092
756,5,9,0,393,39164,38771,1248
756,10,3,0,14527,39164,24637,312
756,20,3,0,14527,39164,24637,312
756,50,0,0,39164,39164,0,0
756,100,0,0,39164,39164,0,0
757,1,17,2,100,20870,20770,2340
757,2,12,2,477,20870,20393,1560
757,3,6,2,13616,20870,7254,624
757,5,6,0,13616,40831,27215,780
757,10,6,0,13616,40831,27215,780
757,20,6,0,13616,40831,27215,780
757,50,4,0,17130,40831,23701,468
757,100,0,0,40831,40831,0,0
758,1,6,0,1957,38854,36897,780
758,2,6,0,1957,38854,36897,780
758,3,6,0,1957,38854,36897,780
758,5,0,0,38854,38854,0,0
758,10,0,0,38854,38854,0,0
758,20,0,0,38854,38854,0,0
758,50,0,0,38854,38854,0,0
758,100,0,0,38854,38854,0,0
759,1,2,0,9090,39438,30348,156
759,2,0,0,39438,39438,0,0
759,3,0,0,39438,39438,0,0
759,5,0,0,39438,39438,0,0
759,10,0,0,39438,39438,0,0
759,20,0,0,39438,39438,0,0
759,50,0,0,39438,39438,0,0
759,100,0,0,39438,39438,0,0
760,1,17,0,168,42046,41878,2496
760,2,1,0,25914,42046,16132,0
760,3,1,0,25914,42046,16132,0
760,5,0,0,42046,42046,0,0
760,10,0,0,42046,42046,0,0
760,20,0,0,42046,42046,0,0
760,50,0,0,42046,42046,0,0
760,100,0,0,42046,42046,0,0
761,1,0,0,42995,42995,0,0
761,2,0,0,42995,42995,0,0
761,3,0,0,42995,42995,0,0
761,5,0,0,42995,42995,0,0
761,10,0,0,42995,42995,0,0
761,20,0,0,42995,42995,0,0
761,50,0,0,42995,42995,0,0
761,100,0,0,42995,42995,0,0
762,1,0,0,43414,43414,0,0
762,2,0,0,43414,43414,0,0
762,3,0,0,43414,43414,0,0
762,5,0,0,43414,43414,0,0
762,10,0,0,43414,43414,0,0
762,20,0,0,43414,43414,0,0
762,50,0,0,43414,43414,0,0
762,100,0,0,43414,43414,0,0
763,1,0,0,38773,38773,0,0
763,2,0,0,38773,38773,0,0
763,3,0,0,38773,38773,0,0
763,5,0,0,38773,38773,0,0
763,10,0,0,38773,38773,0,0
763,20,0,0,38773,38773,0,0
763,50,0,0,38773,38773,0,0
763,100,0,0,38773,38773,0,0
764,1,22,1,169,26426,26257,3276
764,2,22,0,169,45035,44866,3276
764,3,22,0,169,45035,44866,3276
764,5,21,0,460,45035,44575,3120
764,10,4,0,17680,45035,27355,468
764,20,4,0,17680,45035,27355,468
764,50,0,0,45035,45035,0,0
764,100,0,0,45035,45035,0,0
765,1,15,1,194,31724,31530,2184
765,2,1,1,31724,31724,0,0
765,3,1,1,31724,31724,0,0
765,5,1,1,31724,31724,0,0
765,10,1,1,31724,31724,0,0
765,20,1,1,31724,31724,0,0
765,50,1,0,31724,39531,7807,0
765,100,1,0,31724,39531,7807,0
766,1,25,1,1,20454,20453,3744
766,2,15,0,232,40609,40377,2184
766,3,6,0,6484,40609,34125,780
766,5,6,0,6484,40609,34125,780
766,10,0,0,40609,40609,0,0
766,20,0,0,40609,40609,0,0
766,50,0,0,40609,40609,0,0
766,100,0,0,40609,40609,0,0
767,1,12,0,136,41866,41730,1716
767,2,11,0,355,41866,41511,1560
767,3,1,0,24782,41866,17084,0
767,5,1,0,24782,41866,17084,0
767,10,1,0,24782,41866,17084,0
767,20,0,0,41866,41866,0,0
767,50,0,0,41866,41866,0,0
767,100,0,0,41866,41866,0,0
768,1,0,0,36303,36303,0,0
768,2,0,0,36303,36303,0,0
768,3,0,0,36303,36303,0,0
768,5,0,0,36303,36303,0,0
768,10,0,0,36303,36303,0,0
768,20,0,0,36303,36303,0,0
768,50,0,0,36303,36303,0,0
768,100,0,0,36303,36303,0,0
769,1,0,0,38253,38253,0,0
769,2,0,0,38253,38253,0,0
769,3,0,0,38253,38253,0,0
769,5,0,0,38253,38253,0,0
769,10,0,0,38253,38253,0,0
769,20,0,0,38253,38253,0,0
769,50,0,0,38253,38253,0,0
769,100,0,0,38253,38253,0,0
770,1,6,2,3819,9001,5182,624
770,2,6,0,3819,39584,35765,780
770,3,6,0,3819,39584,35765,780
770,5,3,0,8821,39584,30763,312
770,10,0,0,39584,39584,0,0
770,20,0,0,39584,39584,0,0
770,50,0,0,39584,39584,0,0
770,100,0,0,39584,39584,0,0
771,1,32,32,1,1,0,0
771,2,4,0,11690,38588,26898,468
771,3,4,0,11690,38588,26898,468
771,5,4,0,11690,38588,26898,468
771,10,1,0,18789,38588,19799,0
771,20,0,0,38588,38588,0,0
771,50,0,0,38588,38588,0,0
771,100,0,0,38588,38588,0,0
772,1,12,0,22,36146,36124,1716
772,2,1,0,24336,36146,11810,0
772,3,1,0,24336,36146,11810,0
772,5,0,0,36146,36146,0,0
772,10,0,0,36146,36146,0,0
772,20,0,0,36146,36146,0,0
772,50,0,0,36146,36146,0,0
772,100,0,0,36146,36146,0,0
773,1,10,2,527,7377,6850,1248
773,2,10,2,527,7377,6850,1248
773,3,10,2,527,7377,6850,1248
773,5,10,1,527,30575,30048,1404
773,10,1,1,30575,30575,0,0
773,20,1,1,30575,30575,0,0
773,50,1,1,30575,30575,0,0
773,100,1,1,30575,30575,0,0
774,1,3,0,9090,38857,29767,312
774,2,3,0,9090,38857,29767,312
774,3,3,0,9090,38857,29767,312
774,5,3,0,9090,38857,29767,312
774,10,3,0,9090,38857,29767,312
774,20,1,0,28552,38857,10305,0
774,50,0,0,38857,38857,0,0
774,100,0,0,38857,38857,0,0
775,1,5,2,3850,21516,17666,468
775,2,5,0,3850,42425,38575,624
775,3,5,0,3850,42425,38575,624
775,5,0,0,42425,42425,0,0
775,10,0,0,42425,42425,0,0
775,20,0,0,42425,42425,0,0
775,50,0,0,42425,42425,0,0
775,100,0,0,42425,42425,0,0
776,1,8,2,3005,21385,18380,936
776,2,8,2,3005,21385,18380,936
776,3,7,2,5571,21385,15814,780
776,5,4,2,16812,21385,4573,312
776,10,4,2,16812,21385,4573,312
776,20,4,0,16812,40151,23339,468
776,50,4,0,16812,40151,23339,468
776,100,4,0,16812,40151,23339,468
777,1,1,1,27127,27127,0,0
777,2,1,1,27127,27127,0,0
777,3,1,1,27127,27127,0,0
777,5,1,1,27127,27127,0,0
777,10,1,0,27127,38269,11142,0
777,20,1,0,27127,38269,11142,0
777,50,0,0,38269,38269,0,0
777,100,0,0,38269,38269,0,0
778,1,4,0,18339,46731,28392,468
778,2,0,0,46731,46731,0,0
778,3,0,0,46731,46731,0,0
778,5,0,0,46731,46731,0,0
778,10,0,0,46731,46731,0,0
778,20,0,0,46731,46731,0,0
778,50,0,0,46731,46731,0,0
778,100,0,0,46731,46731,0,0
779,1,3,0,3469,39843,36374,312
779,2,0,0,39843,39843,0,0
779,3,0,0,39843,39843,0,0
779,5,0,0,39843,39843,0,0
779,10,0,0,39843,39843,0,0
779,20,0,0,39843,39843,0,0
779,50,0,0,39843,39843,0,0
779,100,0,0,39843,39843,0,0
780,1,0,0,45924,45924,0,0
780,2,0,0,45924,45924,0,0
780,3,0,0,45924,45924,0,0
780,5,0,0,45924,45924,0,0
780,10,0,0,45924,45924,0,0
780,20,0,0,45924,45924,0,0
780,50,0,0,45924,45924,0,0
780,100,0,0,45924,45924,0,0
781,1,7,0,2706,40931,38225,936
781,2,1,0,19704,40931,21227,0
781,3,1,0,19704,40931,21227,0
781,5,1,0,19704,40931,21227,0
781,10,0,0,40931,40931,0,0
781,20,0,0,40931,40931,0,0
781,50,0,0,40931,40931,0,0
781,100,0,0,40931,40931,0,0
782,1,25,2,2,25561,25559,3588
782,2,15,2,346,25561,25215,2028
782,3,12,2,540,25561,25021,1560
782,5,7,1,4563,30017,25454,936
782,10,3,0,25447,39289,13842,312
782,20,3,0,25447,39289,13842,312
782,50,3,0,25447,39289,13842,312
782,100,0,0,39289,39289,0,0
783,1,8,2,2415,22956,20541,936
783,2,7,2,6191,22956,16765,780
783,3,7,1,6191,27186,20995,936
783,5,4,1,15537,27186,11649,468
783,10,3,0,22797,41094,18297,312
783,20,3,0,22797,41094,18297,312
783,50,3,0,22797,41094,18297,312
783,100,0,0,41094,41094,0,0
784,1,21,0,12,44124,44112,3120
784,2,6,0,2805,44124,41319,780
784,3,6,0,2805,44124,41319,780
784,5,6,0,2805,44124,41319,780
784,10,6,0,2805,44124,41319,780
784,20,5,0,7209,44124,36915,624
784,50,0,0,44124,44124,0,0
784,100,0,0,44124,44124,0,0
785,1,10,1,584,30262,29678,1404
785,2,1,1,30262,30262,0,0
785,3,1,0,30262,41007,10745,0
785,5,1,0,30262,41007,10745,0
785,10,1,0,30262,41007,10745,0
785,20,1,0,30262,41007,10745,0
785,50,1,0,30262,41007,10745,0
785,100,0,0,41007,41007,0,0
786,1,3,0,18332,44643,26311,312
786,2,3,0,18332,44643,26311,312
786,3,3,0,18332,44643,26311,312
786,5,0,0,44643,44643,0,0
786,10,0,0,44643,44643,0,0
786,20,0,0,44643,44643,0,0
786,50,0,0,44643,44643,0,0
786,100,0,0,44643,44643,0,0
787,1,11,0,126,37621,37495,1560
787,2,8,0,917,37621,36704,1092
787,3,7,0,1835,37621,35786,936
787,5,1,0,25313,37621,12308,0
787,10,0,0,37621,37621,0,0
787,20,0,0,37621,37621,0,0
787,50,0,0,37621,37621,0,0
787,100,0,0,37621,37621,0,0
788,1,4,2,14931,19871,4940,312
788,2,4,2,14931,19871,4940,312
788,3,4,2,14931,19871,4940,312
788,5,4,2,14931,19871,4940,312
788,10,4,2,14931,19871,4940,312
788,20,4,1,14931,24873,9942,468
788,50,4,0,14931,40590,25659,468
788,100,0,0,40590,40590,0,0
789,1,0,0,41720,41720,0,0
789,2,0,0,41720,41720,0,0
789,3,0,0,41720,41720,0,0
789,5,0,0,41720,41720,0,0
789,10,0,0,41720,41720,0,0
789,20,0,0,41720,41720,0,0
789,50,0,0,41720,41720,0,0
789,100,0,0,41720,41720,0,0
790,1,9,0,1260,39888,38628,1248
790,2,7,0,5941,39888,33947,936
790,3,7,0,5941,39888,33947,936
790,5,7,0,5941,39888,33947,936
790,10,4,0,13695,39888,26193,468
790,20,1,0,19317,39888,20571,0
790,50,0,0,39888,39888,0,0
790,100,0,0,39888,39888,0,0
791,1,22,22,5,5,0,0
791,2,1,1,22539,22539,0,0
791,3,1,1,22539,22539,0,0
791,5,1,1,22539,22539,0,0
791,10,1,0,22539,41574,19035,0
791,20,1,0,22539,41574,19035,0
791,50,1,0,22539,41574,19035,0
791,100,0,0,41574,41574,0,0
792,1,7,2,3057,22607,19550,780
792,2,7,1,3057,28966,25909,936
792,3,7,1,3057,28966,25909,936
792,5,4,1,9843,28966,19123,468
792,10,1,1,28966,28966,0,0
792,20,1,1,28966,28966,0,0
792,50,1,0,28966,37134,8168,0
792,100,1,0,28966,37134,8168,0
793,1,6,0,4561,37793,33232,780
793,2,0,0,37793,37793,0,0
793,3,0,0,37793,37793,0,0
793,5,0,0,37793,37793,0,0
793,10,0,0,37793,37793,0,0
793,20,0,0,37793,37793,0,0
793,50,0,0,37793,37793,0,0
793,100,0,0,37793,37793,0,0
794,1,1,1,24615,24615,0,0
794,2,1,0,24615,37567,12952,0
794,3,1,0,24615,37567,12952,0
794,5,1,0,24615,37567,12952,0
794,10,1,0,24615,37567,12952,0
794,20,1,0,24615,37567,12952,0
794,50,0,0,37567,37567,0,0
794,100,0,0,37567,37567,0,0
795,1,1,1,26576,26576,0,0
795,2,1,1,26576,26576,0,0
795,3,1,1,26576,26576,0,0
795,5,1,1,26576,26576,0,0
795,10,1,0,26576,42365,15789,0
795,20,1,0,26576,42365,15789,0
795,50,1,0,26576,42365,15789,0
795,100,1,0,26576,42365,15789,0
796,1,21,0,4,41514,41510,3120
796,2,21,0,4,41514,41510,3120
796,3,11,0,114,41514,41400,1560
796,5,1,0,26610,41514,14904,0
796,10,0,0,41514,41514,0,0
796,20,0,0,41514,41514,0,0
796,50,0,0,41514,41514,0,0
796,100,0,0,41514,41514,0,0
797,1,9,2,966,22033,21067,1092
797,2,9,2,966,22033,21067,1092
797,3,4,2,13467,22033,8566,312
797,5,3,2,21780,22033,253,156
797,10,3,0,21780,39983,18203,312
797,20,0,0,39983,39983,0,0
797,50,0,0,39983,39983,0,0
797,100,0,0,39983,39983,0,0
798,1,6,1,2371,19626,17255,780
798,2,5,0,7119,39047,31928,624
798,3,1,0,19626,39047,19421,0
798,5,0,0,39047,39047,0,0
798,10,0,0,39047,39047,0,0
798,20,0,0,39047,39047,0,0
798,50,0,0,39047,39047,0,0
798,100,0,0,39047,39047,0,0
799,1,1,1,30314,30314,0,0
799,2,1,1,30314,30314,0,0
799,3,1,1,30314,30314,0,0
799,5,1,1,30314,30314,0,0
799,10,1,1,30314,30314,0,0
799,20,1,1,30314,30314,0,0
799,50,1,1,30314,30314,0,0
799,100,1,1,30314,30314,0,0
800,1,24,2,13,21202,21189,3432
800,2,12,0,724,43038,42314,1716
800,3,0,0,43038,43038,0,0
800,5,0,0,43038,43038,0,0
800,10,0,0,43038,43038,0,0
800,20,0,0,43038,43038,0,0
800,50,0,0,43038,43038,0,0
800,100,0,0,43038,43038,0,0
801,1,27,1,3,27845,27842,4056
801,2,18,1,141,27845,27704,2652
801,3,10,1,2103,27845,25742,1404
801,5,10,1,2103,27845,25742,1404
801,10,6,0,14310,40447,26137,780
801,20,6,0,14310,40447,26137,780
801,50,1,0,27845,40447,12602,0
801,100,0,0,40447,40447,0,0
802,1,26,26,6,6,0,0
802,2,24,2,49,11280,11231,3432
802,3,21,2,154,11280,11126,2964
802,5,21,2,154,11280,11126,2964
802,10,11,2,810,11280,10470,1404
802,20,11,2,810,11280,10470,1404
802,50,6,2,5875,11280,5405,624
802,100,0,0,43420,43420,0,0
803,1,27,6,7,12257,12250,3276
803,2,6,2,12257,24502,12245,624
803,3,6,2,12257,24502,12245,624
803,5,6,2,12257,24502,12245,624
803,10,6,2,12257,24502,12245,624
803,20,6,2,12257,24502,12245,624
803,50,6,0,12257,46368,34111,780
803,100,0,0,46368,46368,0,0
804,1,6,2,8068,19662,11594,624
804,2,6,2,8068,19662,11594,624
804,3,6,2,8068,19662,11594,624
804,5,6,2,8068,19662,11594,624
804,10,6,2,8068,19662,11594,624
804,20,3,1,19601,22410,2809,312
804,50,3,1,19601,22410,2809,312
804,100,3,0,19601,37915,18314,312
805,1,11,2,4690,26449,21759,1404
805,2,11,1,4690,29415,24725,1560
805,3,11,1,4690,29415,24725,1560
805,5,11,1,4690,29415,24725,1560
805,10,4,0,19023,49043,30020,468
805,20,0,0,49043,49043,0,0
805,50,0,0,49043,49043,0,0
805,100,0,0,49043,49043,0,0
806,1,7,2,1033,3268,2235,780
806,2,7,2,1033,3268,2235,780
806,3,7,2,1033,3268,2235,780
806,5,6,2,1419,3268,1849,624
806,10,6,2,1419,3268,1849,624
806,20,0,0,39398,39398,0,0
806,50,0,0,39398,39398,0,0
806,100,0,0,39398,39398,0,0
807,1,10,2,890,7511,6621,1248
807,2,10,1,890,28172,27282,1404
807,3,10,1,890,28172,27282,1404
807,5,10,1,890,28172,27282,1404
807,10,3,1,7465,28172,20707,312
807,20,1,1,28172,28172,0,0
807,50,0,0,42680,42680,0,0
807,100,0,0,42680,42680,0,0
808,1,5,2,14445,20097,5652,468
808,2,5,2,14445,20097,5652,468
808,3,5,0,14445,40626,26181,624
808,5,4,0,17793,40626,22833,468
808,10,0,0,40626,40626,0,0
808,20,0,0,40626,40626,0,0
808,50,0,0,40626,40626,0,0
808,100,0,0,40626,40626,0,0
809,1,16,2,42,18899,18857,2184
809,2,10,0,554,37099,36545,1404
809,3,10,0,554,37099,36545,1404
809,5,10,0,554,37099,36545,1404
809,10,9,0,674,37099,36425,1248
809,20,4,0,10568,37099,26531,468
809,50,0,0,37099,37099,0,0
809,100,0,0,37099,37099,0,0
810,1,11,2,191,3590,3399,1404
810,2,4,2,2636,3590,954,312
810,3,4,0,2636,44852,42216,468
810,5,4,0,2636,44852,42216,468
810,10,1,0,25782,44852,19070,0
810,20,1,0,25782,44852,19070,0
810,50,0,0,44852,44852,0,0
810,100,0,0,44852,44852,0,0
811,1,6,0,6281,38271,31990,780
811,2,3,0,23859,38271,14412,312
811,3,3,0,23859,38271,14412,312
811,5,3,0,23859,38271,14412,312
811,10,3,0,23859,38271,14412,312
811,20,0,0,38271,38271,0,0
811,50,0,0,38271,38271,0,0
811,100,0,0,38271,38271,0,0
812,1,8,1,3110,27244,24134,1092
812,2,8,0,3110,40011,36901,1092
812,3,8,0,3110,40011,36901,1092
812,5,6,0,9565,40011,30446,780
812,10,0,0,40011,40011,0,0
812,20,0,0,40011,40011,0,0
812,50,0,0,40011,40011,0,0
812,100,0,0,40011,40011,0,0
813,1,4,4,12221,12221,0,0
813,2,4,4,12221,12221,0,0
813,3,4,2,12221,25410,13189,312
813,5,4,1,12221,29619,17398,468
813,10,4,1,12221,29619,17398,468
813,20,4,1,12221,29619,17398,468
813,50,1,1,29619,29619,0,0
813,100,1,0,29619,40195,10576,0
814,1,15,2,533,32143,31610,2028
814,2,15,2,533,32143,31610,2028
814,3,15,2,533,32143,31610,2028
814,5,6,2,6880,32143,25263,624
814,10,6,2,6880,32143,25263,624
814,20,3,2,32079,32143,64,156
814,50,3,0,32079,49190,17111,312
814,100,3,0,32079,49190,17111,312
815,1,15,2,112,14202,14090,2028
815,2,15,2,112,14202,14090,2028
815,3,15,0,112,41277,41165,2184
815,5,11,0,775,41277,40502,1560
815,10,0,0,41277,41277,0,0
815,20,0,0,41277,41277,0,0
815,50,0,0,41277,41277,0,0
815,100,0,0,41277,41277,0,0
816,1,23,2,22,21556,21534,3276
816,2,3,0,21527,43768,22241,312
816,3,3,0,21527,43768,22241,312
816,5,0,0,43768,43768,0,0
816,10,0,0,43768,43768,0,0
816,20,0,0,43768,43768,0,0
816,50,0,0,43768,43768,0,0
816,100,0,0,43768,43768,0,0
817,1,3,2,12168,12197,29,156
817,2,3,2,12168,12197,29,156
817,3,3,0,12168,37530,25362,312
817,5,0,0,37530,37530,0,0
817,10,0,0,37530,37530,0,0
817,20,0,0,37530,37530,0,0
817,50,0,0,37530,37530,0,0
817,100,0,0,37530,37530,0,0
818,1,12,1,787,22024,21237,1716
818,2,5,1,11999,22024,10025,624
818,3,5,1,11999,22024,10025,624
818,5,5,0,11999,38050,26051,624
818,10,5,0,11999,38050,26051,624
818,20,4,0,14090,38050,23960,468
818,50,0,0,38050,38050,0,0
818,100,0,0,38050,38050,0,0
819,1,10,2,436,23758,23322,1248
819,2,5,2,18173,23758,5585,468
819,3,5,0,18173,42172,23999,624
819,5,5,0,18173,42172,23999,624
819,10,5,0,18173,42172,23999,624
819,20,5,0,18173,42172,23999,624
819,50,0,0,42172,42172,0,0
819,100,0,0,42172,42172,0,0
820,1,1,1,30709,30709,0,0
820,2,1,1,30709,30709,0,0
820,3,1,1,30709,30709,0,0
820,5,1,1,30709,30709,0,0
820,10,1,1,30709,30709,0,0
820,20,1,0,30709,46794,16085,0
820,50,1,0,30709,46794,16085,0
820,100,1,0,30709,46794,16085,0
821,1,0,0,38977,38977,0,0
821,2,0,0,38977,38977,0,0
821,3,0,0,38977,38977,0,0
821,5,0,0,38977,38977,0,0
821,10,0,0,38977,38977,0,0
821,20,0,0,38977,38977,0,0
821,50,0,0,38977,38977,0,0
821,100,0,0,38977,38977,0,0
822,1,2,2,23310,23310,0,0
822,2,2,2,23310,23310,0,0
822,3,2,2,23310,23310,0,0
822,5,2,0,23310,39107,15797,156
822,10,0,0,39107,39107,0,0
822,20,0,0,39107,39107,0,0
822,50,0,0,39107,39107,0,0
822,100,0,0,39107,39107,0,0
823,1,32,32,1,1,0,0
823,2,28,10,9,1297,1288,2808
823,3,28,10,9,1297,1288,2808
823,5,7,2,4517,28446,23929,780
823,10,6,2,10021,28446,18425,624
823,20,4,2,13896,28446,14550,312
823,50,3,2,28409,28446,37,156
823,100,3,0,28409,47036,18627,312
824,1,21,0,10,40686,40676,3120
824,2,0,0,40686,40686,0,0
824,3,0,0,40686,40686,0,0
824,5,0,0,40686,40686,0,0
824,10,0,0,40686,40686,0,0
824,20,0,0,40686,40686,0,0
824,50,0,0,40686,40686,0,0
824,100,0,0,40686,40686,0,0
825,1,4,2,5026,6598,1572,312
825,2,0,0,37598,37598,0,0
825,3,0,0,37598,37598,0,0
825,5,0,0,37598,37598,0,0
825,10,0,0,37598,37598,0,0
825,20,0,0,37598,37598,0,0
825,50,0,0,37598,37598,0,0
825,100,0,0,37598,37598,0,0
826,1,1,1,29548,29548,0,0
826,2,1,1,29548,29548,0,0
826,3,1,1,29548,29548,0,0
826,5,1,1,29548,29548,0,0
826,10,1,1,29548,29548,0,0
826,20,1,1,29548,29548,0,0
826,50,1,0,29548,37428,7880,0
826,100,1,0,29548,37428,7880,0
827,1,0,0,43332,43332,0,0
827,2,0,0,43332,43332,0,0
827,3,0,0,43332,43332,0,0
827,5,0,0,43332,43332,0,0
827,10,0,0,43332,43332,0,0
827,20,0,0,43332,43332,0,0
827,50,0,0,43332,43332,0,0
827,100,0,0,43332,43332,0,0
828,1,24,1,1,24945,24944,3588
828,2,17,1,33,24945,24912,2496
828,3,17,1,33,24945,24912,2496
828,5,17,1,33,24945,24912,2496
828,10,1,1,24945,24945,0,0
828,20,1,1,24945,24945,0,0
828,50,1,1,24945,24945,0,0
828,100,1,0,24945,41388,16443,0
829,1,21,2,16,10756,10740,2964
829,2,20,2,25,10756,10731,2808
829,3,3,2,10699,10756,57,156
829,5,3,2,10699,10756,57,156
829,10,3,0,10699,39896,29197,312
829,20,3,0,10699,39896,29197,312
829,50,0,0,39896,39896,0,0
829,100,0,0,39896,39896,0,0
830,1,26,7,1,2299,2298,2964
830,2,21,1,9,20851,20842,3120
830,3,3,1,18463,20851,2388,312
830,5,3,1,18463,20851,2388,312
830,10,3,1,18463,20851,2388,312
830,20,3,0,18463,36967,18504,312
830,50,1,0,20851,36967,16116,0
830,100,0,0,36967,36967,0,0
831,1,10,2,1168,22078,20910,1248
831,2,10,0,1168,41852,40684,1404
831,3,0,0,41852,41852,0,0
831,5,0,0,41852,41852,0,0
831,10,0,0,41852,41852,0,0
831,20,0,0,41852,41852,0,0
831,50,0,0,41852,41852,0,0
831,100,0,0,41852,41852,0,0
832,1,2,0,19311,39470,20159,156
832,2,2,0,19311,39470,20159,156
832,3,2,0,19311,39470,20159,156
832,5,2,0,19311,39470,20159,156
832,10,1,0,22871,39470,16599,0
832,20,0,0,39470,39470,0,0
832,50,0,0,39470,39470,0,0
832,100,0,0,39470,39470,0,0
833,1,4,2,20725,26085,5360,312
833,2,4,2,20725,26085,5360,312
833,3,4,2,20725,26085,5360,312
833,5,4,0,20725,39736,19011,468
833,10,4,0,20725,39736,19011,468
833,20,4,0,20725,39736,19011,468
833,50,0,0,39736,39736,0,0
833,100,0,0,39736,39736,0,0
834,1,0,0,42450,42450,0,0
834,2,0,0,42450,42450,0,0
834,3,0,0,42450,42450,0,0
834,5,0,0,42450,42450,0,0
834,10,0,0,42450,42450,0,0
834,20,0,0,42450,42450,0,0
834,50,0,0,42450,42450,0,0
834,100,0,0,42450,42450,0,0
835,1,9,1,1163,23870,22707,1248
835,2,4,0,4630,41891,37261,468
835,3,1,0,23870,41891,18021,0
835,5,1,0,23870,41891,18021,0
835,10,1,0,23870,41891,18021,0
835,20,1,0,23870,41891,18021,0
835,50,0,0,41891,41891,0,0
835,100,0,0,41891,41891,0,0
836,1,20,1,18,21345,21327,2964
836,2,20,0,18,40818,40800,2964
836,3,1,0,21345,40818,19473,0
836,5,1,0,21345,40818,19473,0
836,10,1,0,21345,40818,19473,0
836,20,0,0,40818,40818,0,0
836,50,0,0,40818,40818,0,0
836,100,0,0,40818,40818,0,0
837,1,32,32,1,1,0,0
837,2,18,18,43,43,0,0
837,3,18,4,43,19359,19316,2184
837,5,3,2,24070,24086,16,156
837,10,3,2,24070,24086,16,156
837,20,3,2,24070,24086,16,156
837,50,3,1,24070,26969,2899,312
837,100,1,1,26969,26969,0,0
838,1,24,2,1,10076,10075,3432
838,2,22,0,5,37537,37532,3276
838,3,21,0,8,37537,37529,3120
838,5,17,0,46,37537,37491,2496
838,10,0,0,37537,37537,0,0
838,20,0,0,37537,37537,0,0
838,50,0,0,37537,37537,0,0
838,100,0,0,37537,37537,0,0
839,1,25,1,4,28123,28119,3744
839,2,25,1,4,28123,28119,3744
839,3,4,1,13377,28123,14746,468
839,5,4,1,13377,28123,14746,468
839,10,1,0,28123,43343,15220,0
839,20,1,0,28123,43343,15220,0
839,50,0,0,43343,43343,0,0
839,100,0,0,43343,43343,0,0
840,1,2,0,9650,40248,30598,156
840,2,0,0,40248,40248,0,0
840,3,0,0,40248,40248,0,0
840,5,0,0,40248,40248,0,0
840,10,0,0,40248,40248,0,0
840,20,0,0,40248,40248,0,0
840,50,0,0,40248,40248,0,0
840,100,0,0,40248,40248,0,0
841,1,1,1,25593,25593,0,0
841,2,1,0,25593,38947,13354,0
841,3,1,0,25593,38947,13354,0
841,5,1,0,25593,38947,13354,0
841,10,1,0,25593,38947,13354,0
841,20,0,0,38947,38947,0,0
841,50,0,0,38947,38947,0,0
841,100,0,0,38947,38947,0,0
842,1,8,1,576,29383,28807,1092
842,2,6,1,1608,29383,27775,780
842,3,1,1,29383,29383,0,0
842,5,1,0,29383,45684,16301,0
842,10,1,0,29383,45684,16301,0
842,20,1,0,29383,45684,16301,0
842,50,1,0,29383,45684,16301,0
842,100,0,0,45684,45684,0,0
843,1,1,1,27149,27149,0,0
843,2,1,1,27149,27149,0,0
843,3,1,1,27149,27149,0,0
843,5,1,1,27149,27149,0,0
843,10,1,0,27149,41573,14424,0
843,20,0,0,41573,41573,0,0
843,50,0,0,41573,41573,0,0
843,100,0,0,41573,41573,0,0
844,1,8,1,2148,20137,17989,1092
844,2,8,1,2148,20137,17989,1092
844,3,8,1,2148,20137,17989,1092
844,5,3,0,17452,40787,23335,312
844,10,0,0,40787,40787,0,0
844,20,0,0,40787,40787,0,0
844,50,0,0,40787,40787,0,0
844,100,0,0,40787,40787,0,0
845,1,10,2,387,10409,10022,1248
845,2,10,2,387,10409,10022,1248
845,3,9,0,540,36691,36151,1248
845,5,7,0,1226,36691,35465,936
845,10,0,0,36691,36691,0,0
845,20,0,0,36691,36691,0,0
845,50,0,0,36691,36691,0,0
845,100,0,0,36691,36691,0,0
846,1,9,0,2553,38812,36259,1248
846,2,9,0,2553,38812,36259,1248
846,3,9,0,2553,38812,36259,1248
846,5,0,0,38812,38812,0,0
846,10,0,0,38812,38812,0,0
846,20,0,0,38812,38812,0,0
846,50,0,0,38812,38812,0,0
846,100,0,0,38812,38812,0,0
847,1,23,23,17,17,0,0
847,2,23,23,17,17,0,0
847,3,23,23,17,17,0,0
847,5,12,2,1014,21533,20519,1560
847,10,12,2,1014,21533,20519,1560
847,20,12,2,1014,21533,20519,1560
847,50,0,0,44496,44496,0,0
847,100,0,0,44496,44496,0,0
848,1,7,2,313,4873,4560,780
848,2,7,2,313,4873,4560,780
848,3,7,2,313,4873,4560,780
848,5,7,2,313,4873,4560,780
848,10,3,0,4819,44777,39958,312
848,20,0,0,44777,44777,0,0
848,50,0,0,44777,44777,0,0
848,100,0,0,44777,44777,0,0
849,1,6,2,2497,20455,17958,624
849,2,6,2,2497,20455,17958,624
849,3,6,1,2497,27922,25425,780
849,5,3,1,20326,27922,7596,312
849,10,3,0,20326,34211,13885,312
849,20,1,0,27922,34211,6289,0
849,50,1,0,27922,34211,6289,0
849,100,0,0,34211,34211,0,0
850,1,32,32,1,1,0,0
850,2,18,1,26,30611,30585,2652
850,3,18,1,26,30611,30585,2652
850,5,7,0,4898,38684,33786,936
850,10,6,0,7888,38684,30796,780
850,20,6,0,7888,38684,30796,780
850,50,1,0,30611,38684,8073,0
850,100,0,0,38684,38684,0,0
851,1,7,2,701,23904,23203,780
851,2,7,2,701,23904,23203,780
851,3,7,2,701,23904,23203,780
851,5,7,0,701,44047,43346,936
851,10,3,0,23893,44047,20154,312
851,20,3,0,23893,44047,20154,312
851,50,3,0,23893,44047,20154,312
851,100,0,0,44047,44047,0,0
852,1,6,1,1560,25842,24282,780
852,2,1,1,25842,25842,0,0
852,3,1,0,25842,37359,11517,0
852,5,1,0,25842,37359,11517,0
852,10,1,0,25842,37359,11517,0
852,20,0,0,37359,37359,0,0
852,50,0,0,37359,37359,0,0
852,100,0,0,37359,37359,0,0
853,1,5,2,7118,16448,9330,468
853,2,5,2,7118,16448,9330,468
853,3,5,2,7118,16448,9330,468
853,5,5,2,7118,16448,9330,468
853,10,0,0,39021,39021,0,0
853,20,0,0,39021,39021,0,0
853,50,0,0,39021,39021,0,0
853,100,0,0,39021,39021,0,0
854,1,32,32,2,2,0,0
854,2,32,32,2,2,0,0
854,3,28,2,9,17739,17730,4056
854,5,28,2,9,17739,17730,4056
854,10,7,2,4264,17739,13475,780
854,20,5,1,9591,21395,11804,624
854,50,4,1,11759,21395,9636,468
854,100,1,1,21395,21395,0,0
855,1,12,2,579,7580,7001,1560
855,2,10,2,1008,7580,6572,1248
855,3,10,2,1008,7580,6572,1248
855,5,10,2,1008,7580,6572,1248
855,10,10,2,1008,7580,6572,1248
855,20,10,0,1008,42686,41678,1404
855,50,1,0,27400,42686,15286,0
855,100,0,0,42686,42686,0,0
856,1,19,2,55,22614,22559,2652
856,2,7,2,8465,22614,14149,780
856,3,7,2,8465,22614,14149,780
856,5,7,2,8465,22614,14149,780
856,10,7,0,8465,43291,34826,936
856,20,7,0,8465,43291,34826,936
856,50,0,0,43291,43291,0,0
856,100,0,0,43291,43291,0,0
857,1,8,1,676,29580,28904,1092
857,2,8,1,676,29580,28904,1092
857,3,4,1,6973,29580,22607,468
857,5,3,1,9328,29580,20252,312
857,10,3,1,9328,29580,20252,312
857,20,1,1,29580,29580,0,0
857,50,1,0,29580,39095,9515,0
857,100,1,0,29580,39095,9515,0
858,1,1,0,20044,42375,22331,0
858,2,0,0,42375,42375,0,0
858,3,0,0,42375,42375,0,0
858,5,0,0,42375,42375,0,0
858,10,0,0,42375,42375,0,0
858,20,0,0,42375,42375,0,0
858,50,0,0,42375,42375,0,0
858,100,0,0,42375,42375,0,0
859,1,20,2,6,17323,17317,2808
859,2,3,2,17309,17323,14,156
859,3,3,2,17309,17323,14,156
859,5,3,0,17309,38397,21088,312
859,10,3,0,17309,38397,21088,312
859,20,3,0,17309,38397,21088,312
859,50,3,0,17309,38397,21088,312
859,100,0,0,38397,38397,0,0
860,1,10,2,494,23559,23065,1248
860,2,10,2,494,23559,23065,1248
860,3,10,1,494,27416,26922,1404
860,5,3,0,23455,45069,21614,312
860,10,3,0,23455,45069,21614,312
860,20,3,0,23455,45069,21614,312
860,50,1,0,27416,45069,17653,0
860,100,0,0,45069,45069,0,0
861,1,8,0,3148,45334,42186,1092
861,2,0,0,45334,45334,0,0
861,3,0,0,45334,45334,0,0
861,5,0,0,45334,45334,0,0
861,10,0,0,45334,45334,0,0
861,20,0,0,45334,45334,0,0
861,50,0,0,45334,45334,0,0
861,100,0,0,45334,45334,0,0
862,1,32,32,3,3,0,0
862,2,32,32,3,3,0,0
862,3,32,32,3,3,0,0
862,5,29,29,25,25,0,0
862,10,29,29,25,25,0,0
862,20,6,2,14056,22170,8114,624
862,50,0,0,42676,42676,0,0
862,100,0,0,42676,42676,0,0
863,1,32,32,1,1,0,0
863,2,5,5,10953,10953,0,0
863,3,1,1,29578,29578,0,0
863,5,1,1,29578,29578,0,0
863,10,1,1,29578,29578,0,0
863,20,1,1,29578,29578,0,0
863,50,1,1,29578,29578,0,0
863,100,1,1,29578,29578,0,0
864,1,5,0,3168,36533,33365,624
864,2,1,0,14328,36533,22205,0
864,3,0,0,36533,36533,0,0
864,5,0,0,36533,36533,0,0
864,10,0,0,36533,36533,0,0
864,20,0,0,36533,36533,0,0
864,50,0,0,36533,36533,0,0
864,100,0,0,36533,36533,0,0
865,1,8,0,294,34639,34345,1092
865,2,4,0,2297,34639,32342,468
865,3,4,0,2297,34639,32342,468
865,5,4,0,2297,34639,32342,468
865,10,0,0,34639,34639,0,0
865,20,0,0,34639,34639,0,0
865,50,0,0,34639,34639,0,0
865,100,0,0,34639,34639,0,0
866,1,1,0,23986,37684,13698,0
866,2,0,0,37684,37684,0,0
866,3,0,0,37684,37684,0,0
866,5,0,0,37684,37684,0,0
866,10,0,0,37684,37684,0,0
866,20,0,0,37684,37684,0,0
866,50,0,0,37684,37684,0,0
866,100,0,0,37684,37684,0,0
867,1,6,0,3539,40418,36879,780
867,2,6,0,3539,40418,36879,780
867,3,6,0,3539,40418,36879,780
867,5,3,0,21863,40418,18555,312
867,10,3,0,21863,40418,18555,312
867,20,0,0,40418,40418,0,0
867,50,0,0,40418,40418,0,0
867,100,0,0,40418,40418,0,0
868,1,2,0,6591,39178,32587,156
868,2,2,0,6591,39178,32587,156
868,3,2,0,6591,39178,32587,156
868,5,2,0,6591,39178,32587,156
868,10,2,0,6591,39178,32587,156
868,20,1,0,24512,39178,14666,0
868,50,1,0,24512,39178,14666,0
868,100,0,0,39178,39178,0,0
869,1,29,2,1,19452,19451,4212
869,2,2,0,19452,41132,21680,156
869,3,2,0,19452,41132,21680,156
869,5,2,0,19452,41132,21680,156
869,10,2,0,19452,41132,21680,156
869,20,2,0,19452,41132,21680,156
869,50,0,0,41132,41132,0,0
869,100,0,0,41132,41132,0,0
870,1,32,32,1,1,0,0
870,2,27,11,3,76,73,2496
870,3,27,11,3,76,73,2496
870,5,0,0,43188,43188,0,0
870,10,0,0,43188,43188,0,0
870,20,0,0,43188,43188,0,0
870,50,0,0,43188,43188,0,0
870,100,0,0,43188,43188,0,0
871,1,7,2,871,23627,22756,780
871,2,3,2,23503,23627,124,156
871,3,3,2,23503,23627,124,156
871,5,3,2,23503,23627,124,156
871,10,3,0,23503,41809,18306,312
871,20,3,0,23503,41809,18306,312
871,50,0,0,41809,41809,0,0
871,100,0,0,41809,41809,0,0
872,1,9,2,1535,10962,9427,1092
872,2,9,0,1535,39563,38028,1248
872,3,9,0,1535,39563,38028,1248
872,5,9,0,1535,39563,38028,1248
872,10,9,0,1535,39563,38028,1248
872,20,6,0,4497,39563,35066,780
872,50,1,0,28604,39563,10959,0
872,100,0,0,39563,39563,0,0
873,1,32,32,2,2,0,0
873,2,32,32,2,2,0,0
873,3,9,2,1862,21777,19915,1092
873,5,9,2,1862,21777,19915,1092
873,10,9,2,1862,21777,19915,1092
873,20,0,0,44136,44136,0,0
873,50,0,0,44136,44136,0,0
873,100,0,0,44136,44136,0,0
874,1,32,32,1,1,0,0
874,2,12,0,803,38547,37744,1716
874,3,12,0,803,38547,37744,1716
874,5,4,0,17846,38547,20701,468
874,10,0,0,38547,38547,0,0
874,20,0,0,38547,38547,0,0
874,50,0,0,38547,38547,0,0
874,100,0,0,38547,38547,0,0
875,1,5,0,14118,45062,30944,624
875,2,5,0,14118,45062,30944,624
875,3,5,0,14118,45062,30944,624
875,5,0,0,45062,45062,0,0
875,10,0,0,45062,45062,0,0
875,20,0,0,45062,45062,0,0
875,50,0,0,45062,45062,0,0
875,100,0,0,45062,45062,0,0
876,1,25,2,3,24062,24059,3588
876,2,25,2,3,24062,24059,3588
876,3,11,2,113,24062,23949,1404
876,5,3,2,23985,24062,77,156
876,10,3,2,23985,24062,77,156
876,20,3,0,23985,38874,14889,312
876,50,3,0,23985,38874,14889,312
876,100,3,0,23985,38874,14889,312
877,1,9,2,2443,18832,16389,1092
877,2,9,2,2443,18832,16389,1092
877,3,9,2,2443,18832,16389,1092
877,5,9,2,2443,18832,16389,1092
877,10,9,0,2443,41199,38756,1248
877,20,0,0,41199,41199,0,0
877,50,0,0,41199,41199,0,0
877,100,0,0,41199,41199,0,0
878,1,2,0,6415,41791,35376,156
878,2,0,0,41791,41791,0,0
878,3,0,0,41791,41791,0,0
878,5,0,0,41791,41791,0,0
878,10,0,0,41791,41791,0,0
878,20,0,0,41791,41791,0,0
878,50,0,0,41791,41791,0,0
878,100,0,0,41791,41791,0,0
879,1,4,2,5791,7171,1380,312
879,2,4,2,5791,7171,1380,312
879,3,4,2,5791,7171,1380,312
879,5,4,0,5791,36471,30680,468
879,10,4,0,5791,36471,30680,468
879,20,4,0,5791,36471,30680,468
879,50,0,0,36471,36471,0,0
879,100,0,0,36471,36471,0,0
880,1,6,0,3693,37011,33318,780
880,2,6,0,3693,37011,33318,780
880,3,3,0,11065,37011,25946,312
880,5,0,0,37011,37011,0,0
880,10,0,0,37011,37011,0,0
880,20,0,0,37011,37011,0,0
880,50,0,0,37011,37011,0,0
880,100,0,0,37011,37011,0,0
881,1,1,1,26775,26775,0,0
881,2,1,1,26775,26775,0,0
881,3,1,1,26775,26775,0,0
881,5,1,1,26775,26775,0,0
881,10,1,1,26775,26775,0,0
881,20,1,0,26775,43735,16960,0
881,50,0,0,43735,43735,0,0
881,100,0,0,43735,43735,0,0
882,1,21,2,8,21196,21188,2964
882,2,17,1,48,27154,27106,2496
882,3,4,1,19094,27154,8060,468
882,5,4,0,19094,40215,21121,468
882,10,0,0,40215,40215,0,0
882,20,0,0,40215,40215,0,0
882,50,0,0,40215,40215,0,0
882,100,0,0,40215,40215,0,0
883,1,4,2,8549,24266,15717,312
883,2,4,2,8549,24266,15717,312
883,3,4,2,8549,24266,15717,312
883,5,4,2,8549,24266,15717,312
883,10,4,2,8549,24266,15717,312
883,20,4,2,8549,24266,15717,312
883,50,4,1,8549,25815,17266,468
883,100,3,0,24253,42659,18406,312
884,1,32,32,1,1,0,0
884,2,7,0,1609,41439,39830,936
884,3,7,0,1609,41439,39830,936
884,5,0,0,41439,41439,0,0
884,10,0,0,41439,41439,0,0
884,20,0,0,41439,41439,0,0
884,50,0,0,41439,41439,0,0
884,100,0,0,41439,41439,0,0
885,1,26,0,2,43393,43391,3900
885,2,10,0,1311,43393,42082,1404
885,3,10,0,1311,43393,42082,1404
885,5,10,0,1311,43393,42082,1404
885,10,7,0,9458,43393,33935,936
885,20,0,0,43393,43393,0,0
885,50,0,0,43393,43393,0,0
885,100,0,0,43393,43393,0,0
886,1,30,2,1,20997,20996,4368
886,2,16,1,81,25325,25244,2340
886,3,5,1,17454,25325,7871,624
886,5,5,1,17454,25325,7871,624
886,10,1,1,25325,25325,0,0
886,20,1,0,25325,43351,18026,0
886,50,0,0,43351,43351,0,0
886,100,0,0,43351,43351,0,0
887,1,15,0,61,40958,40897,2184
887,2,1,0,19411,40958,21547,0
887,3,1,0,19411,40958,21547,0
887,5,1,0,19411,40958,21547,0
887,10,0,0,40958,40958,0,0
887,20,0,0,40958,40958,0,0
887,50,0,0,40958,40958,0,0
887,100,0,0,40958,40958,0,0
888,1,2,2,11417,11417,0,0
888,2,2,0,11417,39678,28261,156
888,3,2,0,11417,39678,28261,156
888,5,0,0,39678,39678,0,0
888,10,0,0,39678,39678,0,0
888,20,0,0,39678,39678,0,0
888,50,0,0,39678,39678,0,0
888,100,0,0,39678,39678,0,0
889,1,22,22,15,15,0,0
889,2,22,0,15,39344,39329,3276
889,3,22,0,15,39344,39329,3276
889,5,4,0,18517,39344,20827,468
889,10,4,0,18517,39344,20827,468
889,20,4,0,18517,39344,20827,468
889,50,0,0,39344,39344,0,0
889,100,0,0,39344,39344,0,0
890,1,4,1,3677,27329,23652,468
890,2,1,1,27329,27329,0,0
890,3,1,0,27329,38651,11322,0
890,5,1,0,27329,38651,11322,0
890,10,1,0,27329,38651,11322,0
890,20,1,0,27329,38651,11322,0
890,50,1,0,27329,38651,11322,0
890,100,1,0,27329,38651,11322,0
891,1,4,2,15046,20059,5013,312
891,2,4,0,15046,44438,29392,468
891,3,4,0,15046,44438,29392,468
891,5,4,0,15046,44438,29392,468
891,10,3,0,20044,44438,24394,312
891,20,0,0,44438,44438,0,0
891,50,0,0,44438,44438,0,0
891,100,0,0,44438,44438,0,0
892,1,8,2,1887,15900,14013,936
892,2,4,0,12887,40690,27803,468
892,3,4,0,12887,40690,27803,468
892,5,4,0,12887,40690,27803,468
892,10,4,0,12887,40690,27803,468
892,20,0,0,40690,40690,0,0
892,50,0,0,40690,40690,0,0
892,100,0,0,40690,40690,0,0
893,1,15,0,673,45254,44581,2184
893,2,0,0,45254,45254,0,0
893,3,0,0,45254,45254,0,0
893,5,0,0,45254,45254,0,0
893,10,0,0,45254,45254,0,0
893,20,0,0,45254,45254,0,0
893,50,0,0,45254,45254,0,0
893,100,0,0,45254,45254,0,0
894,1,20,2,36,23678,23642,2808
894,2,5,2,18163,23678,5515,468
894,3,5,1,18163,26319,8156,624
894,5,5,1,18163,26319,8156,624
894,10,5,0,18163,45072,26909,624
894,20,5,0,18163,45072,26909,624
894,50,0,0,45072,45072,0,0
894,100,0,0,45072,45072,0,0
895,1,15,2,288,24236,23948,2028
895,2,15,2,288,24236,23948,2028
895,3,15,2,288,24236,23948,2028
895,5,15,0,288,42313,42025,2184
895,10,10,0,2204,42313,40109,1404
895,20,0,0,42313,42313,0,0
895,50,0,0,42313,42313,0,0
895,100,0,0,42313,42313,0,0
896,1,4,2,13439,18202,4763,312
896,2,4,2,13439,18202,4763,312
896,3,4,2,13439,18202,4763,312
896,5,4,1,13439,22440,9001,468
896,10,4,1,13439,22440,9001,468
896,20,4,1,13439,22440,9001,468
896,50,0,0,40975,40975,0,0
896,100,0,0,40975,40975,0,0
897,1,30,2,1,23536,23535,4368
897,2,11,1,550,28029,27479,1560
897,3,11,1,550,28029,27479,1560
897,5,5,0,15221,39163,23942,624
897,10,1,0,28029,39163,11134,0
897,20,1,0,28029,39163,11134,0
897,50,1,0,28029,39163,11134,0
897,100,1,0,28029,39163,11134,0
898,1,1,1,30635,30635,0,0
898,2,1,1,30635,30635,0,0
898,3,1,1,30635,30635,0,0
898,5,1,1,30635,30635,0,0
898,10,1,1,30635,30635,0,0
898,20,1,1,30635,30635,0,0
898,50,1,0,30635,40923,10288,0
898,100,1,0,30635,40923,10288,0
899,1,12,1,91,25549,25458,1716
899,2,1,0,25549,35416,9867,0
899,3,1,0,25549,35416,9867,0
899,5,1,0,25549,35416,9867,0
899,10,1,0,25549,35416,9867,0
899,20,1,0,25549,35416,9867,0
899,50,0,0,35416,35416,0,0
899,100,0,0,35416,35416,0,0
900,1,2,2,12885,12885,0,0
900,2,2,2,12885,12885,0,0
900,3,2,2,12885,12885,0,0
900,5,2,2,12885,12885,0,0
900,10,2,2,12885,12885,0,0
900,20,2,2,12885,12885,0,0
900,50,2,2,12885,12885,0,0
900,100,2,2,12885,12885,0,0
901,1,32,32,4,4,0,0
901,2,32,32,4,4,0,0
901,3,32,32,4,4,0,0
901,5,10,10,1259,1259,0,0
901,10,10,1,1259,31052,29793,1404
901,20,1,1,31052,31052,0,0
901,50,1,0,31052,39103,8051,0
901,100,0,0,39103,39103,0,0
902,1,2,2,20078,20078,0,0
902,2,2,2,20078,20078,0,0
902,3,2,2,20078,20078,0,0
902,5,2,0,20078,42671,22593,156
902,10,0,0,42671,42671,0,0
902,20,0,0,42671,42671,0,0
902,50,0,0,42671,42671,0,0
902,100,0,0,42671,42671,0,0
903,1,32,32,1,1,0,0
903,2,1,1,30147,30147,0,0
903,3,1,1,30147,30147,0,0
903,5,1,1,30147,30147,0,0
903,10,1,1,30147,30147,0,0
903,20,1,1,30147,30147,0,0
903,50,1,1,30147,30147,0,0
903,100,1,0,30147,41696,11549,0
904,1,0,0,36567,36567,0,0
904,2,0,0,36567,36567,0,0
904,3,0,0,36567,36567,0,0
904,5,0,0,36567,36567,0,0
904,10,0,0,36567,36567,0,0
904,20,0,0,36567,36567,0,0
904,50,0,0,36567,36567,0,0
904,100,0,0,36567,36567,0,0
905,1,31,2,1,24063,24062,4524
905,2,16,2,54,24063,24009,2184
905,3,16,2,54,24063,24009,2184
905,5,3,2,24001,24063,62,156
905,10,3,2,24001,24063,62,156
905,20,3,2,24001,24063,62,156
905,50,3,0,24001,42104,18103,312
905,100,0,0,42104,42104,0,0
906,1,1,0,25886,40313,14427,0
906,2,1,0,25886,40313,14427,0
906,3,1,0,25886,40313,14427,0
906,5,1,0,25886,40313,14427,0
906,10,1,0,25886,40313,14427,0
906,20,0,0,40313,40313,0,0
906,50,0,0,40313,40313,0,0
906,100,0,0,40313,40313,0,0
907,1,0,0,45921,45921,0,0
907,2,0,0,45921,45921,0,0
907,3,0,0,45921,45921,0,0
907,5,0,0,45921,45921,0,0
907,10,0,0,45921,45921,0,0
907,20,0,0,45921,45921,0,0
907,50,0,0,45921,45921,0,0
907,100,0,0,45921,45921,0,0
908,1,11,2,265,25088,24823,1404
908,2,11,2,265,25088,24823,1404
908,3,11,2,265,25088,24823,1404
908,5,7,2,2606,25088,22482,780
908,10,7,0,2606,38852,36246,936
908,20,3,0,25047,38852,13805,312
908,50,0,0,38852,38852,0,0
908,100,0,0,38852,38852,0,0
909,1,8,2,631,17508,16877,936
909,2,8,2,631,17508,16877,936
909,3,8,0,631,39496,38865,1092
909,5,7,0,1229,39496,38267,936
909,10,3,0,17490,39496,22006,312
909,20,0,0,39496,39496,0,0
909,50,0,0,39496,39496,0,0
909,100,0,0,39496,39496,0,0
910,1,23,1,11,30828,30817,3432
910,2,22,1,22,30828,30806,3276
910,3,22,1,22,30828,30806,3276
910,5,22,1,22,30828,30806,3276
910,10,10,1,1803,30828,29025,1404
910,20,3,1,26025,30828,4803,312
910,50,2,1,26131,30828,4697,156
910,100,1,1,30828,30828,0,0
911,1,26,26,3,3,0,0
911,2,26,26,3,3,0,0
911,3,15,2,73,29614,29541,2028
911,5,7,2,5674,29614,23940,780
911,10,6,2,10744,29614,18870,624
911,20,4,2,14764,29614,14850,312
911,50,3,1,29484,33550,4066,312
911,100,1,1,33550,33550,0,0
912,1,4,2,13951,17939,3988,312
912,2,4,2,13951,17939,3988,312
912,3,4,2,13951,17939,3988,312
912,5,4,2,13951,17939,3988,312
912,10,4,0,13951,41980,28029,468
912,20,0,0,41980,41980,0,0
912,50,0,0,41980,41980,0,0
912,100,0,0,41980,41980,0,0
913,1,32,32,1,1,0,0
913,2,5,0,804,45109,44305,624
913,3,0,0,45109,45109,0,0
913,5,0,0,45109,45109,0,0
913,10,0,0,45109,45109,0,0
913,20,0,0,45109,45109,0,0
913,50,0,0,45109,45109,0,0
913,100,0,0,45109,45109,0,0
914,1,0,0,46026,46026,0,0
914,2,0,0,46026,46026,0,0
914,3,0,0,46026,46026,0,0
914,5,0,0,46026,46026,0,0
914,10,0,0,46026,46026,0,0
914,20,0,0,46026,46026,0,0
914,50,0,0,46026,46026,0,0
914,100,0,0,46026,46026,0,0
915,1,9,0,2374,41581,39207,1248
915,2,6,0,9687,41581,31894,780
915,3,0,0,41581,41581,0,0
915,5,0,0,41581,41581,0,0
915,10,0,0,41581,41581,0,0
915,20,0,0,41581,41581,0,0
915,50,0,0,41581,41581,0,0
915,100,0,0,41581,41581,0,0
916,1,32,32,2,2,0,0
916,2,32,32,2,2,0,0
916,3,29,2,3,22148,22145,4212
916,5,6,2,12349,22148,9799,624
916,10,0,0,45501,45501,0,0
916,20,0,0,45501,45501,0,0
916,50,0,0,45501,45501,0,0
916,100,0,0,45501,45501,0,0
917,1,7,1,6096,25576,19480,936
917,2,1,1,25576,25576,0,0
917,3,1,1,25576,25576,0,0
917,5,1,1,25576,25576,0,0
917,10,1,1,25576,25576,0,0
917,20,1,1,25576,25576,0,0
917,50,1,0,25576,42993,17417,0
917,100,1,0,25576,42993,17417,0
918,1,11,2,160,9776,9616,1404
918,2,11,2,160,9776,9616,1404
918,3,11,2,160,9776,9616,1404
918,5,11,1,160,29656,29496,1560
918,10,3,1,9703,29656,19953,312
918,20,3,1,9703,29656,19953,312
918,50,1,0,29656,39233,9577,0
918,100,1,0,29656,39233,9577,0
919,1,32,32,2,2,0,0
919,2,32,32,2,2,0,0
919,3,0,0,45113,45113,0,0
919,5,0,0,45113,45113,0,0
919,10,0,0,45113,45113,0,0
919,20,0,0,45113,45113,0,0
919,50,0,0,45113,45113,0,0
919,100,0,0,45113,45113,0,0
920,1,17,2,308,26019,25711,2340
920,2,17,2,308,26019,25711,2340
920,3,6,2,12978,26019,13041,624
920,5,6,0,12978,40183,27205,780
920,10,3,0,25929,40183,14254,312
920,20,0,0,40183,40183,0,0
920,50,0,0,40183,40183,0,0
920,100,0,0,40183,40183,0,0
921,1,6,1,8684,25870,17186,780
921,2,3,1,21351,25870,4519,312
921,3,3,1,21351,25870,4519,312
921,5,3,0,21351,42862,21511,312
921,10,0,0,42862,42862,0,0
921,20,0,0,42862,42862,0,0
921,50,0,0,42862,42862,0,0
921,100,0,0,42862,42862,0,0
922,1,10,2,950,26069,25119,1248
922,2,10,2,950,26069,25119,1248
922,3,10,2,950,26069,25119,1248
922,5,9,2,2247,26069,23822,1092
922,10,9,2,2247,26069,23822,1092
922,20,9,2,2247,26069,23822,1092
922,50,6,2,6676,26069,19393,624
922,100,3,2,26034,26069,35,156
923,1,32,32,2,2,0,0
923,2,32,32,2,2,0,0
923,3,10,1,365,26010,25645,1404
923,5,3,1,20498,26010,5512,312
923,10,1,0,26010,42739,16729,0
923,20,1,0,26010,42739,16729,0
923,50,1,0,26010,42739,16729,0
923,100,0,0,42739,42739,0,0
924,1,11,1,740,27235,26495,1560
924,2,11,1,740,27235,26495,1560
924,3,10,1,1676,27235,25559,1404
924,5,10,1,1676,27235,25559,1404
924,10,6,1,9021,27235,18214,780
924,20,1,1,27235,27235,0,0
924,50,1,1,27235,27235,0,0
924,100,0,0,43199,43199,0,0
925,1,5,2,5716,8891,3175,468
925,2,5,2,5716,8891,3175,468
925,3,5,2,5716,8891,3175,468
925,5,5,2,5716,8891,3175,468
925,10,5,2,5716,8891,3175,468
925,20,5,0,5716,42225,36509,624
925,50,0,0,42225,42225,0,0
925,100,0,0,42225,42225,0,0
926,1,22,1,18,30414,30396,3276
926,2,16,1,379,30414,30035,2340
926,3,16,1,379,30414,30035,2340
926,5,11,1,2065,30414,28349,1560
926,10,1,1,30414,30414,0,0
926,20,1,1,30414,30414,0,0
926,50,1,1,30414,30414,0,0
926,100,1,1,30414,30414,0,0
927,1,0,0,42950,42950,0,0
927,2,0,0,42950,42950,0,0
927,3,0,0,42950,42950,0,0
927,5,0,0,42950,42950,0,0
927,10,0,0,42950,42950,0,0
927,20,0,0,42950,42950,0,0
927,50,0,0,42950,42950,0,0
927,100,0,0,42950,42950,0,0
928,1,12,2,661,23539,22878,1560
928,2,12,2,661,23539,22878,1560
928,3,6,2,15241,23539,8298,624
928,5,6,2,15241,23539,8298,624
928,10,6,2,15241,23539,8298,624
928,20,3,0,23526,44981,21455,312
928,50,0,0,44981,44981,0,0
928,100,0,0,44981,44981,0,0
929,1,32,32,1,1,0,0
929,2,4,2,14190,17809,3619,312
929,3,4,2,14190,17809,3619,312
929,5,0,0,39222,39222,0,0
929,10,0,0,39222,39222,0,0
929,20,0,0,39222,39222,0,0
929,50,0,0,39222,39222,0,0
929,100,0,0,39222,39222,0,0
930,1,6,2,4859,22200,17341,624
930,2,6,2,4859,22200,17341,624
930,3,6,1,4859,29652,24793,780
930,5,6,1,4859,29652,24793,780
930,10,6,1,4859,29652,24793,780
930,20,6,1,4859,29652,24793,780
930,50,3,1,22127,29652,7525,312
930,100,3,1,22127,29652,7525,312
931,1,12,0,351,43859,43508,1716
931,2,12,0,351,43859,43508,1716
931,3,6,0,10077,43859,33782,780
931,5,6,0,10077,43859,33782,780
931,10,0,0,43859,43859,0,0
931,20,0,0,43859,43859,0,0
931,50,0,0,43859,43859,0,0
931,100,0,0,43859,43859,0,0
932,1,0,0,42916,42916,0,0
932,2,0,0,42916,42916,0,0
932,3,0,0,42916,42916,0,0
932,5,0,0,42916,42916,0,0
932,10,0,0,42916,42916,0,0
932,20,0,0,42916,42916,0,0
932,50,0,0,42916,42916,0,0
932,100,0,0,42916,42916,0,0
933,1,25,0,6,37872,37866,3744
933,2,24,0,11,37872,37861,3588
933,3,7,0,2099,37872,35773,936
933,5,0,0,37872,37872,0,0
933,10,0,0,37872,37872,0,0
933,20,0,0,37872,37872,0,0
933,50,0,0,37872,37872,0,0
933,100,0,0,37872,37872,0,0
934,1,32,32,2,2,0,0
934,2,32,32,2,2,0,0
934,3,28,2,3,16480,16477,4056
934,5,6,2,6625,16480,9855,624
934,10,6,1,6625,18567,11942,780
934,20,6,0,6625,38043,31418,780
934,50,0,0,38043,38043,0,0
934,100,0,0,38043,38043,0,0
935,1,21,21,40,40,0,0
935,2,15,2,295,26552,26257,2028
935,3,15,2,295,26552,26257,2028
935,5,15,2,295,26552,26257,2028
935,10,6,2,10904,26552,15648,624
935,20,4,2,16573,26552,9979,312
935,50,0,0,39490,39490,0,0
935,100,0,0,39490,39490,0,0
936,1,15,1,29,23728,23699,2184
936,2,1,1,23728,23728,0,0
936,3,1,1,23728,23728,0,0
936,5,1,1,23728,23728,0,0
936,10,1,1,23728,23728,0,0
936,20,1,0,23728,42402,18674,0
936,50,1,0,23728,42402,18674,0
936,100,0,0,42402,42402,0,0
937,1,9,0,780,43822,43042,1248
937,2,9,0,780,43822,43042,1248
937,3,0,0,43822,43822,0,0
937,5,0,0,43822,43822,0,0
937,10,0,0,43822,43822,0,0
937,20,0,0,43822,43822,0,0
937,50,0,0,43822,43822,0,0
937,100,0,0,43822,43822,0,0
938,1,7,1,2523,31629,29106,936
938,2,7,1,2523,31629,29106,936
938,3,7,1,2523,31629,29106,936
938,5,3,1,26100,31629,5529,312
938,10,1,1,31629,31629,0,0
938,20,1,0,31629,41374,9745,0
938,50,0,0,41374,41374,0,0
938,100,0,0,41374,41374,0,0
939,1,6,2,4445,23874,19429,624
939,2,6,2,4445,23874,19429,624
939,3,6,2,4445,23874,19429,624
939,5,4,2,20833,23874,3041,312
939,10,4,0,20833,40387,19554,468
939,20,4,0,20833,40387,19554,468
939,50,0,0,40387,40387,0,0
939,100,0,0,40387,40387,0,0
940,1,25,2,7,24997,24990,3588
940,2,20,2,38,24997,24959,2808
940,3,20,2,38,24997,24959,2808
940,5,20,2,38,24997,24959,2808
940,10,10,2,692,24997,24305,1248
940,20,7,2,2819,24997,22178,780
940,50,7,2,2819,24997,22178,780
940,100,0,0,39964,39964,0,0
941,1,3,1,20736,25902,5166,312
941,2,3,1,20736,25902,5166,312
941,3,3,1,20736,25902,5166,312
941,5,3,0,20736,40646,19910,312
941,10,1,0,25902,40646,14744,0
941,20,1,0,25902,40646,14744,0
941,50,1,0,25902,40646,14744,0
941,100,1,0,25902,40646,14744,0
942,1,15,2,586,10010,9424,2028
942,2,15,2,586,10010,9424,2028
942,3,4,1,7052,25913,18861,468
942,5,4,0,7052,42528,35476,468
942,10,4,0,7052,42528,35476,468
942,20,0,0,42528,42528,0,0
942,50,0,0,42528,42528,0,0
942,100,0,0,42528,42528,0,0
943,1,22,2,35,4481,4446,3120
943,2,11,2,381,4481,4100,1404
943,3,0,0,39650,39650,0,0
943,5,0,0,39650,39650,0,0
943,10,0,0,39650,39650,0,0
943,20,0,0,39650,39650,0,0
943,50,0,0,39650,39650,0,0
943,100,0,0,39650,39650,0,0
944,1,20,0,54,44166,44112,2964
944,2,20,0,54,44166,44112,2964
944,3,20,0,54,44166,44112,2964
944,5,12,0,553,44166,43613,1716
944,10,0,0,44166,44166,0,0
944,20,0,0,44166,44166,0,0
944,50,0,0,44166,44166,0,0
944,100,0,0,44166,44166,0,0
945,1,10,6,788,2454,1666,624
945,2,10,6,788,2454,1666,624
945,3,0,0,42570,42570,0,0
945,5,0,0,42570,42570,0,0
945,10,0,0,42570,42570,0,0
945,20,0,0,42570,42570,0,0
945,50,0,0,42570,42570,0,0
945,100,0,0,42570,42570,0,0
946,1,21,0,2,40045,40043,3120
946,2,18,0,45,40045,40000,2652
946,3,18,0,45,40045,40000,2652
946,5,0,0,40045,40045,0,0
946,10,0,0,40045,40045,0,0
946,20,0,0,40045,40045,0,0
946,50,0,0,40045,40045,0,0
946,100,0,0,40045,40045,0,0
947,1,12,2,168,24969,24801,1560
947,2,12,0,168,40175,40007,1716
947,3,4,0,13562,40175,26613,468
947,5,4,0,13562,40175,26613,468
947,10,3,0,24863,40175,15312,312
947,20,0,0,40175,40175,0,0
947,50,0,0,40175,40175,0,0
947,100,0,0,40175,40175,0,0
948,1,9,1,780,26916,26136,1248
948,2,8,1,924,26916,25992,1092
948,3,4,1,10669,26916,16247,468
948,5,1,1,26916,26916,0,0
948,10,1,1,26916,26916,0,0
948,20,1,0,26916,44321,17405,0
948,50,0,0,44321,44321,0,0
948,100,0,0,44321,44321,0,0
949,1,13,1,61,24658,24597,1872
949,2,13,1,61,24658,24597,1872
949,3,9,1,500,24658,24158,1248
949,5,9,0,500,35678,35178,1248
949,10,0,0,35678,35678,0,0
949,20,0,0,35678,35678,0,0
949,50,0,0,35678,35678,0,0
949,100,0,0,35678,35678,0,0
950,1,7,2,6644,18167,11523,780
950,2,7,1,6644,21747,15103,936
950,3,7,1,6644,21747,15103,936
950,5,0,0,41102,41102,0,0
950,10,0,0,41102,41102,0,0
950,20,0,0,41102,41102,0,0
950,50,0,0,41102,41102,0,0
950,100,0,0,41102,41102,0,0
951,1,6,0,5158,41188,36030,780
951,2,0,0,41188,41188,0,0
951,3,0,0,41188,41188,0,0
951,5,0,0,41188,41188,0,0
951,10,0,0,41188,41188,0,0
951,20,0,0,41188,41188,0,0
951,50,0,0,41188,41188,0,0
951,100,0,0,41188,41188,0,0
952,1,1,0,26054,39526,13472,0
952,2,1,0,26054,39526,13472,0
952,3,1,0,26054,39526,13472,0
952,5,0,0,39526,39526,0,0
952,10,0,0,39526,39526,0,0
952,20,0,0,39526,39526,0,0
952,50,0,0,39526,39526,0,0
952,100,0,0,39526,39526,0,0
953,1,0,0,43400,43400,0,0
953,2,0,0,43400,43400,0,0
953,3,0,0,43400,43400,0,0
953,5,0,0,43400,43400,0,0
953,10,0,0,43400,43400,0,0
953,20,0,0,43400,43400,0,0
953,50,0,0,43400,43400,0,0
953,100,0,0,43400,43400,0,0
954,1,1,0,26149,39749,13600,0
954,2,1,0,26149,39749,13600,0
954,3,1,0,26149,39749,13600,0
954,5,0,0,39749,39749,0,0
954,10,0,0,39749,39749,0,0
954,20,0,0,39749,39749,0,0
954,50,0,0,39749,39749,0,0
954,100,0,0,39749,39749,0,0
955,1,18,2,51,24423,24372,2496
955,2,5,2,18279,24423,6144,468
955,3,5,2,18279,24423,6144,468
955,5,5,2,18279,24423,6144,468
955,10,5,1,18279,27237,8958,624
955,20,5,0,18279,44541,26262,624
955,50,4,0,21615,44541,22926,468
955,100,0,0,44541,44541,0,0
956,1,12,1,551,31791,31240,1716
956,2,11,1,927,31791,30864,1560
956,3,11,1,927,31791,30864,1560
956,5,11,1,927,31791,30864,1560
956,10,3,1,27325,31791,4466,312
956,20,3,1,27325,31791,4466,312
956,50,3,0,27325,39897,12572,312
956,100,2,0,27478,39897,12419,156
957,1,1,1,32255,32255,0,0
957,2,1,1,32255,32255,0,0
957,3,1,1,32255,32255,0,0
957,5,1,1,32255,32255,0,0
957,10,1,1,32255,32255,0,0
957,20,1,1,32255,32255,0,0
957,50,1,1,32255,32255,0,0
957,100,1,1,32255,32255,0,0
958,1,32,32,3,3,0,0
958,2,32,32,3,3,0,0
958,3,32,32,3,3,0,0
958,5,10,2,710,23904,23194,1248
958,10,7,2,5996,23904,17908,780
958,20,0,0,42082,42082,0,0
958,50,0,0,42082,42082,0,0
958,100,0,0,42082,42082,0,0
959,1,0,0,40721,40721,0,0
959,2,0,0,40721,40721,0,0
959,3,0,0,40721,40721,0,0
959,5,0,0,40721,40721,0,0
959,10,0,0,40721,40721,0,0
959,20,0,0,40721,40721,0,0
959,50,0,0,40721,40721,0,0
959,100,0,0,40721,40721,0,0
960,1,3,2,5415,5458,43,156
960,2,1,1,29203,29203,0,0
960,3,1,1,29203,29203,0,0
960,5,1,1,29203,29203,0,0
960,10,1,1,29203,29203,0,0
960,20,1,1,29203,29203,0,0
960,50,1,0,29203,40352,11149,0
960,100,1,0,29203,40352,11149,0
961,1,8,2,6538,20236,13698,936
961,2,8,0,6538,42877,36339,1092
961,3,8,0,6538,42877,36339,1092
961,5,8,0,6538,42877,36339,1092
961,10,7,0,9744,42877,33133,936
961,20,0,0,42877,42877,0,0
961,50,0,0,42877,42877,0,0
961,100,0,0,42877,42877,0,0
962,1,3,2,23233,23308,75,156
962,2,3,2,23233,23308,75,156
962,3,3,2,23233,23308,75,156
962,5,3,2,23233,23308,75,156
962,10,3,2,23233,23308,75,156
962,20,3,2,23233,23308,75,156
962,50,3,1,23233,27019,3786,312
962,100,3,0,23233,38163,14930,312
963,1,3,1,19276,24175,4899,312
963,2,3,1,19276,24175,4899,312
963,3,3,1,19276,24175,4899,312
963,5,3,0,19276,43704,24428,312
963,10,0,0,43704,43704,0,0
963,20,0,0,43704,43704,0,0
963,50,0,0,43704,43704,0,0
963,100,0,0,43704,43704,0,0
964,1,23,0,10,45695,45685,3432
964,2,7,0,10032,45695,35663,936
964,3,7,0,10032,45695,35663,936
964,5,7,0,10032,45695,35663,936
964,10,0,0,45695,45695,0,0
964,20,0,0,45695,45695,0,0
964,50,0,0,45695,45695,0,0
964,100,0,0,45695,45695,0,0
965,1,20,0,3,43288,43285,2964
965,2,0,0,43288,43288,0,0
965,3,0,0,43288,43288,0,0
965,5,0,0,43288,43288,0,0
965,10,0,0,43288,43288,0,0
965,20,0,0,43288,43288,0,0
965,50,0,0,43288,43288,0,0
965,100,0,0,43288,43288,0,0
966,1,24,2,26,23522,23496,3432
966,2,24,2,26,23522,23496,3432
966,3,24,2,26,23522,23496,3432
966,5,24,2,26,23522,23496,3432
966,10,20,2,277,23522,23245,2808
966,20,8,1,4804,26538,21734,1092
966,50,8,1,4804,26538,21734,1092
966,100,1,1,26538,26538,0,0
967,1,23,0,2,41048,41046,3432
967,2,0,0,41048,41048,0,0
967,3,0,0,41048,41048,0,0
967,5,0,0,41048,41048,0,0
967,10,0,0,41048,41048,0,0
967,20,0,0,41048,41048,0,0
967,50,0,0,41048,41048,0,0
967,100,0,0,41048,41048,0,0
968,1,3,1,27989,31371,3382,312
968,2,3,1,27989,31371,3382,312
968,3,3,1,27989,31371,3382,312
968,5,3,1,27989,31371,3382,312
968,10,3,1,27989,31371,3382,312
968,20,1,0,31371,46310,14939,0
968,50,1,0,31371,46310,14939,0
968,100,1,0,31371,46310,14939,0
969,1,21,2,32,9729,9697,2964
969,2,21,2,32,9729,9697,2964
969,3,16,0,116,42639,42523,2340
969,5,7,0,2193,42639,40446,936
969,10,7,0,2193,42639,40446,936
969,20,0,0,42639,42639,0,0
969,50,0,0,42639,42639,0,0
969,100,0,0,42639,42639,0,0
970,1,0,0,46084,46084,0,0
970,2,0,0,46084,46084,0,0
970,3,0,0,46084,46084,0,0
970,5,0,0,46084,46084,0,0
970,10,0,0,46084,46084,0,0
970,20,0,0,46084,46084,0,0
970,50,0,0,46084,46084,0,0
970,100,0,0,46084,46084,0,0
971,1,17,4,141,2676,2535,2028
971,2,1,1,26590,26590,0,0
971,3,1,1,26590,26590,0,0
971,5,1,1,26590,26590,0,0
971,10,1,1,26590,26590,0,0
971,20,0,0,42352,42352,0,0
971,50,0,0,42352,42352,0,0
971,100,0,0,42352,42352,0,0
972,1,11,0,1898,41126,39228,1560
972,2,9,0,4647,41126,36479,1248
972,3,9,0,4647,41126,36479,1248
972,5,0,0,41126,41126,0,0
972,10,0,0,41126,41126,0,0
972,20,0,0,41126,41126,0,0
972,50,0,0,41126,41126,0,0
972,100,0,0,41126,41126,0,0
973,1,0,0,38880,38880,0,0
973,2,0,0,38880,38880,0,0
973,3,0,0,38880,38880,0,0
973,5,0,0,38880,38880,0,0
973,10,0,0,38880,38880,0,0
973,20,0,0,38880,38880,0,0
973,50,0,0,38880,38880,0,0
973,100,0,0,38880,38880,0,0
974,1,4,2,6318,18483,12165,312
974,2,4,2,6318,18483,12165,312
974,3,4,0,6318,38606,32288,468
974,5,4,0,6318,38606,32288,468
974,10,4,0,6318,38606,32288,468
974,20,3,0,18466,38606,20140,312
974,50,0,0,38606,38606,0,0
974,100,0,0,38606,38606,0,0
975,1,4,0,12493,42725,30232,468
975,2,0,0,42725,42725,0,0
975,3,0,0,42725,42725,0,0
975,5,0,0,42725,42725,0,0
975,10,0,0,42725,42725,0,0
975,20,0,0,42725,42725,0,0
975,50,0,0,42725,42725,0,0
975,100,0,0,42725,42725,0,0
976,1,1,0,25044,44067,19023,0
976,2,1,0,25044,44067,19023,0
976,3,1,0,25044,44067,19023,0
976,5,1,0,25044,44067,19023,0
976,10,0,0,44067,44067,0,0
976,20,0,0,44067,44067,0,0
976,50,0,0,44067,44067,0,0
976,100,0,0,44067,44067,0,0
977,1,8,1,3776,28063,24287,1092
977,2,3,1,23578,28063,4485,312
977,3,3,0,23578,40777,17199,312
977,5,3,0,23578,40777,17199,312
977,10,3,0,23578,40777,17199,312
977,20,0,0,40777,40777,0,0
977,50,0,0,40777,40777,0,0
977,100,0,0,40777,40777,0,0
978,1,0,0,41469,41469,0,0
978,2,0,0,41469,41469,0,0
978,3,0,0,41469,41469,0,0
978,5,0,0,41469,41469,0,0
978,10,0,0,41469,41469,0,0
978,20,0,0,41469,41469,0,0
978,50,0,0,41469,41469,0,0
978,100,0,0,41469,41469,0,0
979,1,16,16,29,29,0,0
979,2,8,2,1333,23295,21962,936
979,3,8,2,1333,23295,21962,936
979,5,8,2,1333,23295,21962,936
979,10,4,1,12332,27324,14992,468
979,20,3,0,23230,38498,15268,312
979,50,3,0,23230,38498,15268,312
979,100,0,0,38498,38498,0,0
980,1,0,0,35632,35632,0,0
980,2,0,0,35632,35632,0,0
980,3,0,0,35632,35632,0,0
980,5,0,0,35632,35632,0,0
980,10,0,0,35632,35632,0,0
980,20,0,0,35632,35632,0,0
980,50,0,0,35632,35632,0,0
980,100,0,0,35632,35632,0,0
981,1,32,32,2,2,0,0
981,2,32,32,2,2,0,0
981,3,17,17,240,240,0,0
981,5,12,2,326,25463,25137,1560
981,10,8,2,5584,25463,19879,936
981,20,8,2,5584,25463,19879,936
981,50,3,2,25342,25463,121,156
981,100,3,2,25342,25463,121,156
982,1,32,32,1,1,0,0
982,2,20,12,158,617,459,1248
982,3,15,1,431,26786,26355,2184
982,5,1,1,26786,26786,0,0
982,10,1,1,26786,26786,0,0
982,20,1,1,26786,26786,0,0
982,50,1,1,26786,26786,0,0
982,100,1,1,26786,26786,0,0
983,1,2,0,12704,35476,22772,156
983,2,2,0,12704,35476,22772,156
983,3,2,0,12704,35476,22772,156
983,5,2,0,12704,35476,22772,156
983,10,2,0,12704,35476,22772,156
983,20,0,0,35476,35476,0,0
983,50,0,0,35476,35476,0,0
983,100,0,0,35476,35476,0,0
984,1,1,1,29014,29014,0,0
984,2,1,0,29014,37440,8426,0
984,3,1,0,29014,37440,8426,0
984,5,1,0,29014,37440,8426,0
984,10,1,0,29014,37440,8426,0
984,20,1,0,29014,37440,8426,0
984,50,0,0,37440,37440,0,0
984,100,0,0,37440,37440,0,0
985,1,1,1,22446,22446,0,0
985,2,0,0,41014,41014,0,0
985,3,0,0,41014,41014,0,0
985,5,0,0,41014,41014,0,0
985,10,0,0,41014,41014,0,0
985,20,0,0,41014,41014,0,0
985,50,0,0,41014,41014,0,0
985,100,0,0,41014,41014,0,0
986,1,5,5,18193,18193,0,0
986,2,5,0,18193,41093,22900,624
986,3,5,0,18193,41093,22900,624
986,5,5,0,18193,41093,22900,624
986,10,0,0,41093,41093,0,0
986,20,0,0,41093,41093,0,0
986,50,0,0,41093,41093,0,0
986,100,0,0,41093,41093,0,0
987,1,21,2,14,2568,2554,2964
987,2,21,2,14,2568,2554,2964
987,3,10,1,168,23453,23285,1404
987,5,1,1,23453,23453,0,0
987,10,1,1,23453,23453,0,0
987,20,1,1,23453,23453,0,0
987,50,1,0,23453,43369,19916,0
987,100,1,0,23453,43369,19916,0
988,1,9,0,168,38271,38103,1248
988,2,0,0,38271,38271,0,0
988,3,0,0,38271,38271,0,0
988,5,0,0,38271,38271,0,0
988,10,0,0,38271,38271,0,0
988,20,0,0,38271,38271,0,0
988,50,0,0,38271,38271,0,0
988,100,0,0,38271,38271,0,0
989,1,3,1,3306,19419,16113,312
989,2,3,1,3306,19419,16113,312
989,3,3,1,3306,19419,16113,312
989,5,1,0,19419,40188,20769,0
989,10,1,0,19419,40188,20769,0
989,20,0,0,40188,40188,0,0
989,50,0,0,40188,40188,0,0
989,100,0,0,40188,40188,0,0
990,1,4,4,12708,12708,0,0
990,2,4,4,12708,12708,0,0
990,3,4,4,12708,12708,0,0
990,5,4,2,12708,22087,9379,312
990,10,4,1,12708,25605,12897,468
990,20,4,0,12708,39500,26792,468
990,50,0,0,39500,39500,0,0
990,100,0,0,39500,39500,0,0
991,1,15,1,459,32243,31784,2184
991,2,1,1,32243,32243,0,0
991,3,1,1,32243,32243,0,0
991,5,1,1,32243,32243,0,0
991,10,1,1,32243,32243,0,0
991,20,1,1,32243,32243,0,0
991,50,1,1,32243,32243,0,0
991,100,1,1,32243,32243,0,0
992,1,16,2,361,20148,19787,2184
992,2,16,0,361,37899,37538,2340
992,3,16,0,361,37899,37538,2340
992,5,3,0,20069,37899,17830,312
992,10,3,0,20069,37899,17830,312
992,20,0,0,37899,37899,0,0
992,50,0,0,37899,37899,0,0
992,100,0,0,37899,37899,0,0
993,1,29,2,4,6408,6404,4212
993,2,29,2,4,6408,6404,4212
993,3,28,1,7,24379,24372,4212
993,5,1,1,24379,24379,0,0
993,10,1,1,24379,24379,0,0
993,20,1,1,24379,24379,0,0
993,50,1,1,24379,24379,0,0
993,100,1,1,24379,24379,0,0
994,1,29,2,1,22986,22985,4212
994,2,7,0,7343,41557,34214,936
994,3,4,0,18409,41557,23148,468
994,5,0,0,41557,41557,0,0
994,10,0,0,41557,41557,0,0
994,20,0,0,41557,41557,0,0
994,50,0,0,41557,41557,0,0
994,100,0,0,41557,41557,0,0
995,1,0,0,37617,37617,0,0
995,2,0,0,37617,37617,0,0
995,3,0,0,37617,37617,0,0
995,5,0,0,37617,37617,0,0
995,10,0,0,37617,37617,0,0
995,20,0,0,37617,37617,0,0
995,50,0,0,37617,37617,0,0
995,100,0,0,37617,37617,0,0
996,1,4,4,20301,20301,0,0
996,2,4,1,20301,25646,5345,468
996,3,4,1,20301,25646,5345,468
996,5,4,1,20301,25646,5345,468
996,10,1,1,25646,25646,0,0
996,20,1,1,25646,25646,0,0
996,50,1,1,25646,25646,0,0
996,100,1,1,25646,25646,0,0
997,1,9,1,269,17555,17286,1248
997,2,1,0,17555,39355,21800,0
997,3,1,0,17555,39355,21800,0
997,5,1,0,17555,39355,21800,0
997,10,1,0,17555,39355,21800,0
997,20,0,0,39355,39355,0,0
997,50,0,0,39355,39355,0,0
997,100,0,0,39355,39355,0,0
998,1,0,0,39915,39915,0,0
998,2,0,0,39915,39915,0,0
998,3,0,0,39915,39915,0,0
998,5,0,0,39915,39915,0,0
998,10,0,0,39915,39915,0,0
998,20,0,0,39915,39915,0,0
998,50,0,0,39915,39915,0,0
998,100,0,0,39915,39915,0,0
999,1,8,1,6260,27675,21415,1092
999,2,8,1,6260,27675,21415,1092
999,3,8,1,6260,27675,21415,1092
999,5,4,1,15962,27675,11713,468
999,10,4,1,15962,27675,11713,468
999,20,4,1,15962,27675,11713,468
999,50,1,0,27675,39495,11820,0
999,100,1,0,27675,39495,11820,0
