case_id,documents,method,router,clusters,probes,node_budget,leaf_size,key_bits,key_offset,candidate_target,key_limit,recall,routing_recall,p50_ms,p95_ms,mean_routing_ms,mean_scored,logical_bytes,routing_bytes,rss_before_queries,lifetime_peak_bytes,budget_status,power_unchanged,predicted_p50_ms,prediction_error_percent
0,100000,keys,sign,16,4,0,0,12,4,50000,524288,0.8696,0.9138,1.4630206860601902,1.5957452589645982,0.003883717581629753,48166.68,4215420,192,52969472,56770560,fits_by_lifetime_peak,True,1.5808524486600986,8.054005231957518
1,1000000,keys,sign,1024,137,0,0,4,10,0,524288,0.9008,0.9008,13.542270753532648,19.699864322319627,0.019997134804725647,504196.03,40136180,24576,93356032,133136384,fits_by_lifetime_peak,True,13.585492104192271,0.31915881351247677
2,1000000,keys,sign,8192,505,0,0,4,13,0,0,0.9002,0.9002,12.81658373773098,18.710975581780076,0.07857047952711582,421999.36,40668540,220080,97435648,137199616,fits_by_lifetime_peak,True,12.295306196566129,-4.067211293055051
3,1000000,keys,sign,64,7,0,0,4,6,0,0,0.8083,0.8083,14.590395614504814,19.54672303982079,0.009324206039309502,462443.87,40010240,1024,90374144,130220032,fits_by_lifetime_peak,True,13.931150975243899,-4.518346566322973
4,10000,scan,ivf,1024,568,0,0,0,0,0,0,0.99,0.99,0.25664595887064934,0.26735460851341486,0.04585880320519209,6464.2,400000,1056768,50839552,50970624,fits_by_lifetime_peak,True,0.22792451416044968,-11.191076156658053
5,10000,branch,sign,4096,532,0,1024,0,0,0,0,0.9,0.9,0.2777082845568657,0.315401959232986,0.0364033505320549,6397.8,2904704,66752,52314112,52559872,fits_by_lifetime_peak,True,0.3044809454254049,9.640569747949668
6,10000,keys,sign,256,61,0,0,4,8,0,524288,0.9042,0.9042,0.2441038377583027,0.2951802918687463,0.006542070768773556,7364.48,423840,5080,49201152,49381376,fits_by_lifetime_peak,True,0.2678271526103037,9.718534157373826
7,100000,keys,sign,16,4,0,0,4,4,0,0,0.9138,0.9138,2.2360829170793295,2.501722308807075,0.004022088833153248,78935.38,4002560,192,52297728,56082432,fits_by_lifetime_peak,True,2.416787617080818,8.081305868456635
8,100000,keys,none,1,1,0,0,4,0,0,0,1.0,1.0,2.786124823614955,2.8430118458345532,0.00042584724724292755,100000.0,4000160,0,53297152,56754176,fits_by_lifetime_peak,True,2.708192283639575,-2.797166132501694
9,1000000,keys,sign,256,55,0,0,4,8,0,524288,0.952,0.952,19.321083091199398,22.92522075586021,0.013810042291879654,691052.72,40040720,5120,91619328,131432448,fits_by_lifetime_peak,True,19.705469354415023,1.9894654010918833
10,100000,branch,sign,512,198,0,1024,0,0,0,0,0.9902,0.9902,2.5492289569228888,2.7651306008920074,0.011523314751684666,91824.92,7485696,11264,57360384,61046784,fits_by_lifetime_peak,True,3.206272296720578,25.77419882248593
11,100000,scan,sign,256,49,0,0,0,0,0,0,0.9018,0.9018,1.74572947435081,2.177279000170529,0.006784247234463692,64054.95,4000000,5120,53559296,57393152,fits_by_lifetime_peak,True,1.7789771707825262,1.9045159585267424
12,10000,keys,ivf,64,16,0,0,4,0,0,524288,0.8062,0.8062,0.09068753570318222,0.10295792017132042,0.003754226490855217,2571.08,407800,66048,49299456,49512448,fits_by_lifetime_peak,True,0.10065975507507266,10.996240326266271
13,100000,keys,sign,256,32,0,0,4,8,0,0,0.804,0.804,1.3652704656124115,1.9610126968473196,0.005908734165132046,49114.11,4036860,5120,52527104,56328192,fits_by_lifetime_peak,True,1.4080884174946968,3.1362248697790918
14,1000000,scan,sign,256,88,0,0,0,0,0,0,0.9905,0.9905,22.305541904643178,24.339817999862134,0.020765424706041813,877177.49,40000000,5120,102219776,142049280,fits_by_lifetime_peak,True,23.19079912831586,3.9687770306463754
15,10000,keys,ivf,1024,568,0,0,4,0,50000,524288,0.99,0.99,0.3663960378617048,0.38379733450710773,0.0471070921048522,6464.2,458100,1056768,51036160,51249152,fits_by_lifetime_peak,True,0.5929389105674914,61.830055266944385
16,100000,branch,ivf,2048,447,0,1024,0,0,0,0,0.9502,0.9502,0.7231459021568298,0.7945022080093622,0.07454799022525549,21905.35,9197824,2113536,64126976,67878912,fits_by_lifetime_peak,True,0.8404211834652784,16.217374800668495
17,100000,keys,sign,16,6,0,0,4,4,0,524288,0.971,0.971,2.63156252913177,2.7968483744189143,0.004452522844076157,92904.8,4002560,192,52051968,55902208,fits_by_lifetime_peak,True,2.65203986768889,0.7781437199546826
18,100000,keys,sign,16,6,0,0,4,4,0,0,0.971,0.971,2.726396080106497,2.876833244226873,0.004604626446962357,92904.8,4002560,192,52068352,55902208,fits_by_lifetime_peak,True,2.6520401005195335,-2.727262562087418
19,100000,branch,sign,512,59,0,1024,0,0,0,0,0.8021,0.8021,1.3711873907595873,2.0631049061194062,0.008683349005877972,45699.2,7485696,11264,57229312,60932096,fits_by_lifetime_peak,True,1.5977977092171138,16.526575432698
20,1000000,scan,sign,4096,398,0,0,0,0,0,0,0.9004,0.9004,12.046333635225892,16.94223976228386,0.04586419556289911,438111.3,40000000,114016,101548032,141295616,fits_by_lifetime_peak,True,12.180728589340411,1.1156502732210694
21,10000,keys,ivf,1024,139,0,0,4,0,0,0,0.8006,0.8006,0.12329197488725185,0.13549812138080597,0.03150124102830887,1686.03,458100,1056768,50774016,50987008,fits_by_lifetime_peak,True,0.18094571713680857,46.76195859647796
22,100000,branch,ivf,4096,763,1024,512,0,0,0,0,0.95,0.95,0.7440624758601189,0.8150836220011115,0.13792413752526045,19477.55,12495104,4227072,73023488,76791808,fits_by_lifetime_peak,True,0.8509480776697209,14.365138046512138
23,1000000,branch,sign,64,7,0,1024,0,0,0,0,0.8083,0.8083,42.102104518562555,66.68782914057374,0.01926334574818611,462443.87,72032768,1024,138346496,173260800,fits_by_lifetime_peak,True,23.77250361540827,-43.536068119998326
24,10000,keys,ivf,64,36,0,0,4,0,0,0,0.9542,0.9542,0.17906306311488152,0.20050141029059887,0.00484551303088665,5750.06,407800,66048,49250304,49463296,fits_by_lifetime_peak,True,0.20014474822775077,11.773329879509475
25,1000000,branch,sign,64,12,0,1024,0,0,0,0,0.9168,0.9168,57.01714591123164,79.53257884364575,0.019850400276482105,662462.34,72032768,1024,147292160,173293568,fits_by_lifetime_peak,True,32.075714984581,-43.743738007302646
26,100000,keys,ivf,1024,499,0,0,4,0,50000,524288,0.99,0.99,1.4285000506788492,1.5080808196216822,0.044425828382372856,48694.42,4107240,1056768,55902208,59654144,fits_by_lifetime_peak,True,1.6818185802722938,17.733183101608073
27,1000000,branch,sign,4096,204,0,1024,0,0,0,0,0.8002,0.8002,8.750187465921044,17.96328932978213,0.03734083380550146,275124.24,74310144,114016,137265152,176914432,fits_by_lifetime_peak,True,9.609398245710407,9.819341392806624
28,100000,branch,ivf,1024,138,0,1024,0,0,0,0,0.9001,0.9001,0.4202499985694885,0.4424972226843238,0.032049198634922504,13520.93,8245504,1056768,62963712,66682880,fits_by_lifetime_peak,True,0.5019390747063786,19.43820973586099
29,1000000,scan,ivf,64,36,0,0,0,0,0,0,0.99,0.99,14.28987504914403,15.697047649882734,0.010299147106707096,561348.56,40000000,66048,105201664,145014784,fits_by_lifetime_peak,True,14.506947198402054,1.5190626125945572
30,1000000,branch,sign,1024,137,2048,1024,0,0,0,0,0.8837,0.9008,12.779479147866368,18.598218425177034,0.022612116299569607,313699.48,72524288,24576,134660096,173604864,fits_by_lifetime_peak,True,10.985828866903866,-14.035394245797306
31,1000000,keys,ivf,4096,64,0,0,4,0,0,0,0.8,0.8,0.5384578835219145,0.6164040649309754,0.061861686408519745,16150.48,40460980,4227072,113197056,152993792,fits_by_lifetime_peak,True,0.554686501814347,3.0139067119391516
32,100000,scan,ivf,1024,138,0,0,0,0,0,0,0.9001,0.9001,0.38539525121450424,0.4159589065238833,0.03164918627589941,13520.93,4000000,1056768,58851328,62619648,fits_by_lifetime_peak,True,0.3957254011590564,2.6804040558358055
33,1000000,branch,ivf,1024,26,0,1024,0,0,0,0,0.8032,0.8032,0.7633962668478489,0.8642605971544981,0.019405768252909184,25613.71,73024000,1056768,176717824,216580096,fits_by_lifetime_peak,True,0.89616916858038,17.392395993861175
34,100000,branch,sign,64,27,512,1024,0,0,0,0,0.9881,0.992,2.9963955748826265,3.2317315926775336,0.0059229228645563126,91039.32,7235840,1024,56393728,59981824,fits_by_lifetime_peak,True,3.3014128471537285,10.179472791507171
35,1000000,scan,sign,8192,505,0,0,0,0,0,0,0.9002,0.9002,11.213249992579222,16.665533324703574,0.07756873033940792,421999.36,40000000,220080,101875712,141623296,fits_by_lifetime_peak,True,11.440783632049023,2.029149797073826
36,1000000,keys,ivf,256,109,0,0,4,0,0,524288,0.99,0.99,12.209854554384947,12.910222681239247,0.01874500885605812,437846.67,40038700,264192,100270080,140050432,fits_by_lifetime_peak,True,11.91194722577213,-2.439892525221188
37,10000,scan,ivf,4096,760,0,0,0,0,0,0,0.9502,0.9502,0.27331244200468063,0.2901549683883786,0.14162661042064428,2573.27,400000,4227072,58179584,58310656,fits_by_lifetime_peak,True,0.22450930206704534,-17.85617207166863
38,1000000,branch,sign,8192,1790,0,1024,0,0,0,0,0.99,0.99,27.158374898135662,33.09343128930777,0.13344967737793922,817816.17,77089280,220080,142065664,180518912,fits_by_lifetime_peak,True,29.315061743233457,7.94114836836517
39,1000000,scan,ivf,8192,112,0,0,0,0,0,0,0.8003,0.8003,0.49631274305284023,0.5519622936844826,0.1251521334052086,13819.99,40000000,8454144,141721600,189349888,fits_by_lifetime_peak,True,0.49779410425754256,0.29847333670911524
40,1000000,scan,sign,8192,859,0,0,0,0,0,0,0.9501,0.9501,15.362416161224246,20.25214796885848,0.09488501120358706,574309.58,40000000,220080,102072320,141803520,fits_by_lifetime_peak,True,15.64271980497845,1.8246064994757116
41,10000,keys,none,1,1,0,0,4,0,0,0,1.0,1.0,0.2868331503123045,0.3013497916981578,0.0002917274832725525,10000.0,400160,0,48513024,52543488,fits_by_lifetime_peak,True,0.2878197361895179,0.3439581080984633
42,1000000,keys,ivf,8192,2097,0,0,4,0,0,0,0.99,0.99,8.539520436897874,9.268110059201717,0.3235728945583105,253209.77,40812440,8454144,122667008,162316288,fits_by_lifetime_peak,True,8.466135859938936,-0.859352436722971
43,10000,branch,sign,64,28,0,1024,0,0,0,0,0.9918,0.9918,0.30133314430713654,0.3159166779369116,0.0036341464146971703,9693.9,756352,1024,49184768,49397760,fits_by_lifetime_peak,True,0.34608478364898076,14.85121706234569
44,10000,branch,ivf,64,36,4096,512,0,0,0,0,0.9542,0.9542,0.1727500930428505,0.18437090329825878,0.004387847147881985,5750.06,787072,66048,50184192,50380800,fits_by_lifetime_peak,True,0.209481246606905,21.262595531536643
45,1000000,branch,ivf,8192,2097,0,1024,0,0,0,0,0.99,0.99,7.190771168097854,7.548908493481576,0.3190408134832978,253209.77,80310784,8454144,190726144,230473728,fits_by_lifetime_peak,True,8.90220412335319,23.80040909726313
46,10000,keys,sign,1024,207,0,0,4,10,50000,524288,0.9007,0.9007,0.28147874400019646,0.326895690523088,0.014162072911858559,6956.13,441520,20976,49758208,49938432,fits_by_lifetime_peak,True,0.35655667346502107,26.67268170870203
47,10000,branch,sign,256,41,256,128,0,0,0,0,0.7802,0.8041,0.19402033649384975,0.25340637657791376,0.005079638212919235,5079.63,889472,5080,49987584,50118656,fits_by_lifetime_peak,True,0.20571973338237076,6.029984845888503
48,100000,scan,sign,16,3,0,0,0,0,0,0,0.8333,0.8333,1.8565836362540722,2.2053627064451575,0.0035461829975247383,68371.8,4000000,192,53772288,57622528,fits_by_lifetime_peak,True,1.946725643194686,4.855262385188763
49,1000000,scan,sign,4096,204,0,0,0,0,0,0,0.8002,0.8002,7.259833160787821,12.627402599900961,0.03431251738220453,275124.24,40000000,114016,101482496,141262848,fits_by_lifetime_peak,True,7.293286576269253,0.4608014363487456
50,10000,scan,sign,1024,207,0,0,0,0,0,0,0.9007,0.9007,0.23197894915938377,0.27092243544757366,0.013896329328417778,6956.13,400000,20976,49348608,49528832,fits_by_lifetime_peak,True,0.2176494152555014,-6.1770837206599705
51,100000,keys,sign,64,18,0,0,4,6,0,524288,0.9521,0.9521,2.277499996125698,2.641673223115504,0.004492443986237049,81209.93,4010180,1024,52248576,56098816,fits_by_lifetime_peak,True,2.3408616212915456,2.7820691667896025
52,1000000,keys,ivf,1024,364,0,0,4,0,0,524288,0.99,0.99,9.685583645477891,10.060946876183152,0.04677874036133289,355196.84,40138360,1056768,106840064,146620416,fits_by_lifetime_peak,True,9.850471090924788,1.7024007172131705
53,100000,scan,sign,16,8,0,0,0,0,0,0,1.0,1.0,2.5580415967851877,2.7365064015612006,0.005075051449239254,100000.0,4000000,192,54050816,58556416,fits_by_lifetime_peak,True,2.58807918124325,1.1742414390685463
54,100000,keys,ivf,4096,178,0,0,4,0,0,0,0.8001,0.8001,0.2852710895240307,0.30454155057668686,0.08508466184139252,4634.41,4298080,4227072,63455232,67207168,fits_by_lifetime_peak,True,0.33749543177125957,18.30691723243467
55,100000,keys,ivf,16,13,0,0,4,0,0,524288,0.9928,0.9928,2.288541290909052,2.4458293803036213,0.004293331876397133,81592.64,4002560,16512,53100544,56950784,fits_by_lifetime_peak,True,2.2407080149314975,-2.0901207318201442
56,10000,branch,ivf,256,119,0,1024,0,0,0,0,0.9501,0.9501,0.17202110029757023,0.18613175489008427,0.011834078468382359,4904.15,969344,264192,50544640,50659328,fits_by_lifetime_peak,True,0.19334170350800628,12.394179070796941
57,1000000,branch,ivf,8192,112,0,1024,0,0,0,0,0.8003,0.8003,0.5437915679067373,0.6174498470500112,0.1316066598519683,13819.99,80310784,8454144,182419456,222150656,fits_by_lifetime_peak,True,0.6119251893621447,12.529363358405842
58,10000,scan,ivf,256,119,0,0,0,0,0,0,0.9501,0.9501,0.1600421965122223,0.1781329046934843,0.012065875343978405,4904.15,400000,264192,49971200,50135040,fits_by_lifetime_peak,True,0.15486213557769762,-3.2366844791017813
59,1000000,keys,sign,4096,612,0,0,4,12,0,524288,0.95,0.95,16.845500096678734,21.406896132975817,0.059641748666763306,575734.68,40404640,114016,96075776,135774208,fits_by_lifetime_peak,True,17.058735480879868,1.2658299425801989
60,10000,keys,sign,4096,532,0,0,4,12,0,0,0.9,0.9,0.3706039860844612,0.4192949505522847,0.040464550256729126,6397.8,473120,66752,49840128,50003968,fits_by_lifetime_peak,True,0.5692948938058022,53.612728190154726
61,1000000,branch,sign,64,15,2048,1024,0,0,0,0,0.9409,0.9505,27.280708076432347,33.78636653069407,0.01819998025894165,336431.24,72032768,1024,147537920,173129728,fits_by_lifetime_peak,True,14.532987636360438,-46.727967633232346
62,1000000,keys,sign,256,39,0,0,4,8,0,524288,0.9055,0.9055,14.678604435175657,20.92759197112173,0.012472872622311115,556435.22,40040720,5120,91471872,131252224,fits_by_lifetime_peak,True,15.360040950976838,4.642379449698875
63,1000000,keys,sign,4096,398,0,0,4,12,0,0,0.9004,0.9004,13.165624346584082,18.548260838724673,0.04941918421536684,438111.3,40404640,114016,96206848,135954432,fits_by_lifetime_peak,True,13.008103618055383,-1.1964546791096042
64,1000000,keys,sign,8192,264,0,0,4,13,0,0,0.8006,0.8006,7.482062326744199,13.448237860575318,0.060165105387568474,273651.32,40668540,220080,97517568,137281536,fits_by_lifetime_peak,True,7.539902420343184,0.7730501441058468
65,10000,scan,sign,4096,963,0,0,0,0,0,0,0.9902,0.9902,0.3619999624788761,0.37571226712316275,0.050446679815649986,9140.92,400000,66752,49758208,49889280,fits_by_lifetime_peak,True,0.3059498980600506,-15.483444814471836
66,100000,keys,sign,4096,1246,0,0,4,12,0,0,0.99,0.99,2.868687268346548,3.1477605691179633,0.07601963356137276,86675.5,4215420,103208,53952512,57638912,fits_by_lifetime_peak,True,3.276028929748713,14.199584105832086
67,1000000,branch,none,1,1,2048,1024,0,0,0,0,0.9956,1.0,62.11506249383092,71.1419417290017,0.0023707933723926544,340485.49,72000000,0,209846272,298958848,fits_by_lifetime_peak,True,39.55344281772426,-36.322300534346894
68,1000000,keys,ivf,256,45,0,0,4,0,0,524288,0.9512,0.9512,4.883458372205496,5.4656125837937,0.011279946193099022,181949.72,40038700,264192,99876864,139722752,fits_by_lifetime_peak,True,4.986060841116073,2.101020651564167
69,1000000,branch,ivf,64,5,0,1024,0,0,0,0,0.8194,0.8194,3.1613954342901707,4.308405611664056,0.005838316865265369,79248.0,72065536,66048,137789440,177405952,fits_by_lifetime_peak,True,2.8131600037897053,-11.015244303933613
70,100000,keys,sign,1024,108,0,0,4,10,50000,524288,0.7878,0.8019,1.2832710053771734,1.5752357197925448,0.012707570567727089,40032.02,4091180,24432,53297152,57049088,fits_by_lifetime_peak,True,1.2814369587780587,-0.14291966322231842
71,10000,branch,ivf,1024,568,4096,1024,0,0,0,0,0.99,0.99,0.29727094806730747,0.3167648334056139,0.046400842256844044,6464.2,2497152,1056768,53264384,53411840,fits_by_lifetime_peak,True,0.3086650948686067,3.8329163597646376
72,100000,branch,ivf,64,26,2048,1024,0,0,0,0,0.9526,0.9526,1.1409793514758348,1.2550726067274809,0.005332515574991703,40815.39,7262464,66048,60981248,64782336,fits_by_lifetime_peak,True,1.3848894402485612,21.37725704301601
73,100000,branch,sign,64,27,0,1024,0,0,0,0,0.992,0.992,3.0997288413345814,3.411649726331234,0.006278264336287975,96022.93,7235840,1024,56377344,59899904,fits_by_lifetime_peak,True,3.3861484424222166,9.240150211471976
74,1000000,branch,sign,4096,1201,0,1024,0,0,0,0,0.99,0.99,28.97879108786583,37.3813348589465,0.09688714519143105,825072.21,74310144,114016,138608640,177160192,fits_by_lifetime_peak,True,29.37937003599432,1.3823176643701363
75,100000,branch,sign,2048,308,1024,1024,0,0,0,0,0.9005,0.9005,1.6892498824745417,2.256092382594943,0.02742378506809473,55074.14,8550656,51272,58818560,62537728,fits_by_lifetime_peak,True,1.989049411777369,17.747494459710023
76,100000,branch,ivf,64,16,2048,1024,0,0,0,0,0.9051,0.9051,0.7365411147475243,0.8085499750450253,0.004746280610561371,25152.01,7262464,66048,60948480,64749568,fits_by_lifetime_peak,True,0.8715307711690845,18.327511352551284
77,10000,scan,ivf,256,186,0,0,0,0,0,0,0.9902,0.9902,0.2288329415023327,0.2391960471868515,0.012880489230155945,7551.82,400000,264192,49479680,49643520,fits_by_lifetime_peak,True,0.223118332272282,-2.497284347495232
78,100000,branch,ivf,2048,447,1024,512,0,0,0,0,0.9502,0.9502,0.7037085015326738,0.7403788389638066,0.07218544371426105,21905.35,9197824,2113536,65273856,69009408,fits_by_lifetime_peak,True,0.840380551289983,19.421685180673265
79,10000,branch,ivf,256,186,256,128,0,0,0,0,0.9902,0.9902,0.23925048299133778,0.26265839114785194,0.012707062996923923,7551.82,969344,264192,50233344,50413568,fits_by_lifetime_peak,True,0.2869132805570592,19.921714251020806
80,1000000,branch,sign,64,7,512,1024,0,0,0,0,0.7388,0.8083,5.107437958940864,6.835916358977556,0.007959585636854172,64433.9,72032768,1024,136757248,173457408,fits_by_lifetime_peak,True,2.9060814465227063,-43.10099369028176
81,100000,branch,ivf,16,6,256,1024,0,0,0,0,0.9102,0.9143,1.1181461159139872,1.286561507731676,0.004042969085276127,36617.85,7219456,16512,57032704,60784640,fits_by_lifetime_peak,True,1.2615682168138207,12.826776291450814
82,100000,scan,ivf,2048,447,0,0,0,0,0,0,0.9502,0.9502,0.6437287665903568,0.6854870356619358,0.07038749288767576,21905.35,4000000,2113536,60162048,63946752,fits_by_lifetime_peak,True,0.6492558995741189,0.8586120848750767
83,100000,keys,sign,2048,706,0,0,4,11,0,524288,0.9902,0.9902,2.6996040251106024,3.029776969924569,0.04069339018315077,88579.37,4150360,51272,53608448,57344000,fits_by_lifetime_peak,True,2.9441062399730384,9.05696585825837
84,100000,branch,sign,256,100,512,1024,0,0,0,0,0.9876,0.9902,2.675937954336405,3.005311964079737,0.011828397400677204,89900.6,7338240,5120,56688640,60342272,fits_by_lifetime_peak,True,3.12460620420236,16.766765804075547
85,100000,branch,sign,16,8,0,1024,0,0,0,0,1.0,1.0,3.583229146897793,3.811999666504562,0.005441303364932537,100000.0,7209216,192,57229312,62308352,fits_by_lifetime_peak,True,3.6083686811708104,0.7015887972105395
86,10000,scan,sign,256,107,0,0,0,0,0,0,0.9903,0.9903,0.283604022115469,0.29089150484651327,0.006056693382561207,9519.67,400000,5080,49643520,49790976,fits_by_lifetime_peak,True,0.2726690689921867,-3.8557115804338404
87,100000,branch,ivf,16,4,256,512,0,0,0,0,0.8338,0.8462,0.7227500900626183,0.9141527116298676,0.0037257513031363487,21084.6,7219456,16512,57901056,61702144,fits_by_lifetime_peak,True,0.7614520197442065,5.3548149234039055
88,1000000,keys,sign,256,39,0,0,4,8,0,0,0.9055,0.9055,14.905291609466076,20.755398436449468,0.011019185185432434,556435.22,40040720,5120,91766784,131596288,fits_by_lifetime_peak,True,15.361165522985686,3.058470276623737
89,100000,scan,sign,64,18,0,0,0,0,0,0,0.9521,0.9521,2.224145457148552,2.5037558982148767,0.004394655115902424,81209.93,4000000,1024,53837824,57671680,fits_by_lifetime_peak,True,2.223340457481663,-0.036193660999173094
90,1000000,keys,sign,1024,343,0,0,4,10,0,0,0.9901,0.9901,24.02841718867421,26.460966933518648,0.03120334818959236,862305.88,40136180,24576,93388800,133152768,fits_by_lifetime_peak,True,24.4777987189987,1.8702086233807425
91,1000000,keys,ivf,4096,191,0,0,4,0,0,0,0.9001,0.9001,1.470520393922925,1.6116059618070722,0.08594467304646969,47292.55,40460980,4227072,113295360,153092096,fits_by_lifetime_peak,True,1.493469317839814,1.5605988200998677
92,10000,keys,sign,4096,963,0,0,4,12,0,0,0.9902,0.9902,0.5310829728841782,0.5492356605827808,0.050915880128741264,9140.92,473120,66752,49987584,50167808,fits_by_lifetime_peak,True,0.9194965840945255,73.1361446406332
93,10000,scan,none,1,1,0,0,0,0,0,0,1.0,1.0,0.27849990874528885,0.28721801936626434,0.0002850499004125595,10000.0,400000,0,48660480,53002240,fits_by_lifetime_peak,True,0.27393611519917166,-1.6387055804356288
94,1000000,keys,sign,4096,612,0,0,4,12,0,0,0.95,0.95,16.889041755348444,21.620872663334012,0.05989799275994301,575734.68,40404640,114016,95748096,135413760,fits_by_lifetime_peak,True,17.059673322712506,1.0103093463548651
95,1000000,keys,ivf,64,5,0,0,4,0,0,0,0.8194,0.8194,2.1600413601845503,2.7318309992551804,0.004838835448026657,79248.0,40010140,66048,94404608,134250496,fits_by_lifetime_peak,True,2.1803162190865093,0.9386329019286377
96,10000,scan,sign,64,28,0,0,0,0,0,0,0.9918,0.9918,0.2796459011733532,0.29588553588837385,0.0036983657628297806,9693.9,400000,1024,49496064,49725440,fits_by_lifetime_peak,True,0.2731393180272893,-2.326722157830041
97,1000000,scan,sign,64,24,0,0,0,0,0,0,0.9906,0.9906,23.368021240457892,24.744466529227793,0.012194663286209106,921190.99,40000000,1024,111509504,151355392,fits_by_lifetime_peak,True,24.407233709065736,4.447156470435831
98,1000000,keys,ivf,8192,679,0,0,4,0,0,524288,0.9501,0.9501,2.6931248139590025,3.0241791391745205,0.20873586181551218,81864.17,40812440,8454144,122273792,161939456,fits_by_lifetime_peak,True,2.845884673491067,5.672216108970507
99,100000,keys,ivf,16,8,0,0,4,0,0,0,0.9532,0.9532,1.425812253728509,1.5716460533440113,0.0038058217614889145,50484.48,4002560,16512,53035008,56852480,fits_by_lifetime_peak,True,1.381019956089894,-3.1415284530963206
100,10000,keys,ivf,64,26,0,0,4,0,0,524288,0.9016,0.9016,0.1379165332764387,0.149965425953269,0.004152967594563961,4157.47,407800,66048,49233920,49446912,fits_by_lifetime_peak,True,0.15066960019393522,9.246945681221819
101,10000,keys,ivf,64,51,0,0,4,0,0,0,0.9903,0.9903,0.2446454018354416,0.25941915810108185,0.004888307303190231,8120.7,407800,66048,49283072,49528832,fits_by_lifetime_peak,True,0.27384252549694055,11.934466555450784
102,100000,keys,ivf,1024,499,0,0,4,0,0,0,0.99,0.99,1.516146119683981,1.6878084978088737,0.04671425558626652,48694.42,4107240,1056768,56016896,59719680,fits_by_lifetime_peak,True,1.6845082590184646,11.104611695974032
103,100000,scan,ivf,16,13,0,0,0,0,0,0,0.9928,0.9928,2.105187391862273,2.2590045584365726,0.004725465551018715,81592.64,4000000,16512,54460416,58310656,fits_by_lifetime_peak,True,2.131586578287566,1.2540064854720478
104,100000,scan,ivf,4096,763,0,0,0,0,0,0,0.95,0.95,0.7060416974127293,0.750947929918766,0.14001998584717512,19477.55,4000000,4227072,63897600,67567616,fits_by_lifetime_peak,True,0.6599580630785951,-6.527041462707716
105,100000,branch,none,1,1,256,512,0,0,0,0,0.8956,1.0,0.9410413913428783,1.2023498071357608,0.0004275282844901085,17213.94,7201024,0,60358656,62111744,fits_by_lifetime_peak,True,0.9494215451076612,0.8905191463283391
106,100000,scan,ivf,1024,499,0,0,0,0,0,0,0.99,0.99,1.2882496230304241,1.326156361028552,0.044624172151088715,48694.42,4000000,1056768,58654720,62357504,fits_by_lifetime_peak,True,1.3113760738404334,1.7951839765035338
107,1000000,keys,sign,64,7,0,0,4,6,0,524288,0.8083,0.8083,13.904895866289735,19.46813364047557,0.008496693335473537,462443.87,40010240,1024,90341376,130203648,fits_by_lifetime_peak,True,13.927484125436994,0.16244824387372514
108,10000,branch,ivf,4096,268,0,1024,0,0,0,0,0.8002,0.8002,0.1764784101396799,0.1982320798560977,0.09787544142454863,964.1,8788608,4227072,66502656,66732032,fits_by_lifetime_peak,True,0.15898462450264883,-9.91270582230711
109,1000000,scan,ivf,64,5,0,0,0,0,0,0,0.8194,0.8194,2.064874628558755,2.6435788720846176,0.004465002566576004,79248.0,40000000,66048,105316352,145178624,fits_by_lifetime_peak,True,2.078087673037518,0.6398957251940063
110,10000,keys,sign,4096,350,0,0,4,12,0,0,0.8002,0.8002,0.2701045013964176,0.31970625277608633,0.03227834589779377,4802.56,473120,66752,49823744,50020352,fits_by_lifetime_peak,True,0.4023912868716185,48.976149894314716
111,10000,branch,none,1,1,2048,1024,0,0,0,0,1.0,1.0,0.3083953633904457,0.3175589721649885,0.0002655200660228729,10000.0,721536,0,48971776,49283072,fits_by_lifetime_peak,True,0.3537242475606128,14.698302747430802
112,100000,keys,ivf,64,16,0,0,4,0,0,0,0.9051,0.9051,0.7229587063193321,0.7943351985886693,0.004849587567150593,25152.01,4009680,66048,53559296,57393152,fits_by_lifetime_peak,True,0.7136395975917842,-1.2890236532308474
113,1000000,keys,ivf,64,36,0,0,4,0,0,524288,0.99,0.99,14.862541807815433,16.07272324617952,0.009923707693815231,561348.56,40010140,66048,94420992,134234112,fits_by_lifetime_peak,True,15.221073175015759,2.4123152811707627
114,100000,branch,sign,16,8,512,1024,0,0,0,0,0.9974,1.0,3.3301874063909054,3.6742415046319366,0.005306657403707504,94868.4,7209216,192,57589760,60882944,fits_by_lifetime_peak,True,3.5725729547370557,7.278435678454387
115,100000,keys,ivf,1024,248,0,0,4,0,0,524288,0.9501,0.9501,0.7918539922684431,0.8295063860714436,0.038612415082752705,24225.82,4107240,1056768,55869440,59654144,fits_by_lifetime_peak,True,0.8639454043042875,9.104129389980397
116,1000000,keys,ivf,1024,68,0,0,4,0,0,524288,0.9009,0.9009,1.9187084399163723,2.097231103107333,0.025358786806464195,65883.15,40138360,1056768,106577920,146391040,fits_by_lifetime_peak,True,1.8638022924662678,-2.8616201559262255
117,10000,branch,none,1,1,0,1024,0,0,0,0,1.0,1.0,0.31070783734321594,0.33393888734281063,0.0002996157854795456,10000.0,721536,0,48840704,53313536,fits_by_lifetime_peak,True,0.35378664617311206,13.86473196114142
118,1000000,branch,sign,256,88,0,1024,0,0,0,0,0.9905,0.9905,51.514333579689264,62.71408579777926,0.025086719542741776,877177.49,72118784,5120,136511488,171393024,fits_by_lifetime_peak,True,32.52128224405574,-36.8694497547028
119,1000000,branch,ivf,4096,408,1024,512,0,0,0,0,0.95,0.95,2.7578752487897873,2.9740620870143175,0.11196909938007593,99916.8,76110336,4227072,180125696,219824128,fits_by_lifetime_peak,True,3.490878026974415,26.578532821826673
120,10000,keys,ivf,256,49,0,0,4,0,0,0,0.8017,0.8017,0.09395857341587543,0.10409888345748185,0.009343000128865242,2035.64,423380,264192,49430528,49643520,fits_by_lifetime_peak,True,0.11293814037828737,20.19993096149446
121,100000,keys,ivf,64,46,0,0,4,0,0,524288,0.9913,0.9913,1.941499998793006,2.074556425213814,0.00586001668125391,71709.71,4009680,66048,53854208,57688064,fits_by_lifetime_peak,True,1.979199279701342,1.941760542455473
122,1000000,branch,none,1,1,1024,1024,0,0,0,0,0.9706,1.0,27.774416841566563,31.761110085062683,0.0023062340915203094,143969.49,72000000,0,194691072,229670912,fits_by_lifetime_peak,True,18.95159290770882,-31.766009649044015
123,10000,branch,sign,1024,267,2048,1024,0,0,0,0,0.9505,0.9505,0.29222946614027023,0.32085608690977097,0.016913767904043198,8054.97,1428096,20976,50839552,51019776,fits_by_lifetime_peak,True,0.3236546287693989,10.753591362359249
124,100000,branch,ivf,1024,499,0,1024,0,0,0,0,0.99,0.99,1.378708751872182,1.4069631462916732,0.045990049839019775,48694.42,8245504,1056768,62832640,66551808,fits_by_lifetime_peak,True,1.7089032706700118,23.94954832552203
125,10000,keys,ivf,1024,356,0,0,4,0,0,0,0.9501,0.9501,0.24852086789906025,0.2629185561090708,0.040557836182415485,4199.39,458100,1056768,51118080,51347456,fits_by_lifetime_peak,True,0.39301245037687454,58.140623642317756
126,100000,keys,ivf,256,22,0,0,4,0,10000,524288,0.8048,0.8048,0.25564595125615597,0.29540457762777805,0.0075037311762571335,8468.42,4034260,264192,54132736,57917440,fits_by_lifetime_peak,True,0.2659907736992754,4.046542647082241
127,100000,scan,sign,64,9,0,0,0,0,0,0,0.8089,0.8089,1.674062106758356,2.073309663683176,0.004252581857144833,54493.96,4000000,1024,53821440,57671680,fits_by_lifetime_peak,True,1.6179703376778207,-3.350638477156087
128,1000000,keys,ivf,8192,2097,0,0,4,0,0,524288,0.99,0.99,8.315812097862363,8.991504739969969,0.32605798449367285,253209.77,40812440,8454144,122421248,161939456,fits_by_lifetime_peak,True,8.46025609496546,1.7369800496120913
129,100000,scan,ivf,16,6,0,0,0,0,0,0,0.9143,0.9143,0.9676041081547737,1.103114988654852,0.0034700101241469383,38010.96,4000000,16512,54542336,58359808,fits_by_lifetime_peak,True,0.9816100322966308,1.4474849810803825
130,100000,branch,ivf,512,273,2048,512,0,0,0,0,0.99,0.99,1.4210622757673264,1.471416442655027,0.023365016095340252,53472.29,7704832,528384,61751296,65519616,fits_by_lifetime_peak,True,1.8306289347588391,28.821161885418455
131,100000,keys,sign,4096,299,0,0,4,12,0,524288,0.8003,0.8003,1.2175834272056818,1.773246075026691,0.038652815856039524,36721.2,4215420,103208,54755328,58507264,fits_by_lifetime_peak,True,1.279875737135698,5.116060923478161
132,10000,keys,sign,1024,207,0,0,4,10,0,0,0.9007,0.9007,0.2903540153056383,0.3492262680083513,0.015478795394301414,6956.13,441520,20976,49758208,49938432,fits_by_lifetime_peak,True,0.3570142401077221,22.958258294418464
133,10000,branch,ivf,64,36,0,1024,0,0,0,0,0.9542,0.9542,0.17562508583068848,0.19004521891474724,0.004623294807970524,5750.06,787072,66048,49889280,50085888,fits_by_lifetime_peak,True,0.2097771688408357,19.44601640967827
134,100000,keys,sign,2048,448,0,0,4,11,0,524288,0.9502,0.9502,2.1323750261217356,2.502858662046492,0.030580018647015095,69773.38,4150360,51272,53460992,57147392,fits_by_lifetime_peak,True,2.309094631994053,8.287454303651586
135,100000,scan,ivf,2048,983,0,0,0,0,0,0,0.9901,0.9901,1.3862710911780596,1.4547060709446669,0.09141837246716022,48461.24,4000000,2113536,60456960,64176128,fits_by_lifetime_peak,True,1.3519251126148086,-2.4775802353393606
136,100000,branch,ivf,1024,61,0,1024,0,0,0,0,0.8025,0.8025,0.21074991673231125,0.22846804931759834,0.02236704807728529,6038.03,8245504,1056768,62849024,66633728,fits_by_lifetime_peak,True,0.23974222113518068,13.756733503100094
137,100000,branch,sign,1024,108,0,1024,0,0,0,0,0.8019,0.8019,1.3036041054874659,2.0564249949529767,0.013210400938987732,43308.66,7819520,24432,57655296,61390848,fits_by_lifetime_peak,True,1.5052847804513314,15.471006428631151
138,1000000,branch,sign,4096,612,0,1024,0,0,0,0,0.95,0.95,19.89110396243632,26.79193785879761,0.06172629538923502,575734.68,74310144,114016,138100736,177356800,fits_by_lifetime_peak,True,21.10215505464756,6.0884056234298045
139,10000,branch,sign,64,11,256,128,0,0,0,0,0.7763,0.8051,0.19458308815956116,0.24182256311178207,0.0031366106122732162,5005.32,756352,1024,49725440,49905664,fits_by_lifetime_peak,True,0.20221753351445243,3.9234886377334632
140,100000,keys,sign,512,93,0,0,4,9,0,524288,0.9009,0.9009,1.7512915655970573,2.2417330415919423,0.009897961281239986,61833.4,4053760,11264,53166080,56950784,fits_by_lifetime_peak,True,1.82140398725323,4.003469384166736
141,100000,keys,sign,4096,787,0,0,4,12,0,0,0.9502,0.9502,2.2974368184804916,2.6487398659810424,0.05790495779365301,68174.76,4215420,103208,53821440,57556992,fits_by_lifetime_peak,True,2.5160936060329773,9.517423321225603
142,100000,keys,none,1,1,0,0,4,0,0,524288,1.0,1.0,2.7868750039488077,2.9285496566444635,0.0007008761167526245,100000.0,4000160,0,53493760,56688640,fits_by_lifetime_peak,True,2.7083170808645733,-2.818853481872108
143,100000,branch,ivf,4096,1684,4096,1024,0,0,0,0,0.9901,0.9901,1.5464380849152803,1.6491152811795473,0.18541541416198015,42904.56,12495104,4227072,73121792,76824576,fits_by_lifetime_peak,True,1.7308330560351002,11.923850875020436
144,1000000,keys,sign,64,15,0,0,4,6,0,524288,0.9505,0.9505,21.352353738620877,24.585608206689358,0.014489488676190376,746686.26,40010240,1024,90341376,130187264,fits_by_lifetime_peak,True,21.178217555734513,-0.8155362402571864
145,1000000,branch,sign,64,24,0,1024,0,0,0,0,0.9906,0.9906,81.44458313472569,95.66135685890913,0.021930052898824215,921190.99,72032768,1024,149258240,173375488,fits_by_lifetime_peak,True,40.67109270044969,-50.06286344032047
146,10000,branch,ivf,4096,760,0,1024,0,0,0,0,0.9502,0.9502,0.2999368589371443,0.3213976975530386,0.13535074889659882,2573.27,8788608,4227072,66682880,66928640,fits_by_lifetime_peak,True,0.28239217520714377,-5.849459046871342
147,10000,branch,sign,64,16,0,1024,0,0,0,0,0.9081,0.9081,0.2417915966361761,0.28421434108167887,0.003398326225578785,7760.42,756352,1024,49332224,49545216,fits_by_lifetime_peak,True,0.2845300498989126,17.675739710278293
148,10000,keys,sign,64,28,0,0,4,6,0,0,0.9918,0.9918,0.30070822685956955,0.3169458592310548,0.0038567418232560158,9693.9,408740,1024,49315840,49528832,fits_by_lifetime_peak,True,0.30353130899703074,0.93881107508893
149,1000000,scan,sign,4096,1201,0,0,0,0,0,0,0.99,0.99,21.702145459130406,23.80956478882581,0.09104711934924126,825072.21,40000000,114016,101236736,140902400,fits_by_lifetime_peak,True,22.193906878146002,2.2659576212945565
150,1000000,branch,ivf,256,11,0,1024,0,0,0,0,0.8155,0.8155,1.4735206495970488,1.8242832738906143,0.010220506228506565,45076.24,72272384,264192,151732224,191496192,fits_by_lifetime_peak,True,1.5944537013251874,8.207082253052178
151,10000,scan,ivf,4096,480,0,0,0,0,0,0,0.9,0.9,0.19756262190639973,0.21293144673109055,0.11171083431690931,1680.56,400000,4227072,58130432,58359808,fits_by_lifetime_peak,True,0.17139622032856547,-13.244611417554097
152,1000000,scan,sign,8192,264,0,0,0,0,0,0,0.8006,0.8006,6.79677096195519,12.660989095456896,0.060014636255800724,273651.32,40000000,220080,101564416,141361152,fits_by_lifetime_peak,True,7.045940795257847,3.666003087309866
153,1000000,scan,ivf,256,11,0,0,0,0,0,0,0.8155,0.8155,1.2134164571762085,1.4210375724360347,0.007902509532868862,45076.24,40000000,264192,105693184,145555456,fits_by_lifetime_peak,True,1.2076288802811628,-0.47696541948295534
154,10000,branch,sign,1024,138,512,1024,0,0,0,0,0.8015,0.8015,0.19777053967118263,0.2544892253354192,0.01259543001651764,5323.07,1428096,20976,50315264,50610176,fits_by_lifetime_peak,True,0.21349459167624818,7.950654344781927
155,10000,branch,sign,256,78,4096,1024,0,0,0,0,0.9505,0.9505,0.27054199017584324,0.29011331498622894,0.006182864308357239,8288.62,889472,5080,50020352,50216960,fits_by_lifetime_peak,True,0.31083246088075744,14.89250178086099
156,1000000,branch,ivf,256,24,1024,1024,0,0,0,0,0.9021,0.903,3.188708098605275,3.692759061232209,0.011664675548672676,96569.37,72272384,264192,139575296,179191808,fits_by_lifetime_peak,True,3.352464995166967,5.135524842594341
157,10000,scan,ivf,4096,268,0,0,0,0,0,0,0.8002,0.8002,0.1595828216522932,0.16822719480842352,0.09820037987083197,964.1,400000,4227072,58490880,58687488,fits_by_lifetime_peak,True,0.13971802764471514,-12.447952606616042
158,100000,scan,ivf,512,273,0,0,0,0,0,0,0.99,0.99,1.4013329055160284,1.4840287854894996,0.023994585499167442,53472.29,4000000,528384,58097664,61865984,fits_by_lifetime_peak,True,1.41311005901348,0.8404251017794184
159,100000,scan,ivf,4096,1684,0,0,0,0,0,0,0.9901,0.9901,1.3867293018847704,1.4509412925690413,0.17922170460224152,42904.56,4000000,4227072,64782336,68452352,fits_by_lifetime_peak,True,1.2925383097142227,-6.79231282143734
160,100000,keys,ivf,256,45,0,0,4,0,0,524288,0.9008,0.9008,0.5092914216220379,0.5777594167739153,0.009964113123714924,17465.68,4034260,264192,54198272,57982976,fits_by_lifetime_peak,True,0.5222902468322457,2.552335393517513
161,1000000,keys,sign,4096,1201,0,0,4,12,0,524288,0.99,0.99,23.952937684953213,26.74275250174105,0.09069841355085373,825072.21,40404640,114016,95977472,135643136,fits_by_lifetime_peak,True,23.98577855172889,0.13710579974626214
162,1000000,scan,ivf,8192,313,0,0,0,0,0,0,0.9001,0.9001,1.1794997844845057,1.2806776445358992,0.16100123524665833,37985.76,40000000,8454144,150011904,189808640,fits_by_lifetime_peak,True,1.153010461974717,-2.245809864337167
163,100000,keys,ivf,1024,61,0,0,4,0,0,0,0.8025,0.8025,0.2257085870951414,0.24928988423198462,0.022513302974402905,6038.03,4107240,1056768,55820288,59637760,fits_by_lifetime_peak,True,0.2418248238787883,7.14028517526164
164,1000000,branch,sign,8192,505,0,1024,0,0,0,0,0.9002,0.9002,14.633520971983671,23.413389385677874,0.0816625403240323,421999.36,77089280,220080,141312000,180764672,fits_by_lifetime_peak,True,15.223388807952098,4.030935802106317
165,1000000,scan,sign,256,24,0,0,0,0,0,0,0.8071,0.8071,9.783624904230237,16.296381293796003,0.010867533273994923,393047.8,40000000,5120,102055936,141901824,fits_by_lifetime_peak,True,10.026625977301052,2.4837529591485774
166,100000,scan,ivf,512,82,0,0,0,0,0,0,0.9,0.9,0.4487710539251566,0.47823814675211906,0.016358764842152596,16197.2,4000000,528384,57950208,61767680,fits_by_lifetime_peak,True,0.449007817150783,0.05275813213787561
167,1000000,branch,none,1,1,256,1024,0,0,0,0,0.8028,1.0,4.833708517253399,7.200869475491344,0.0009554158896207809,22619.27,72000000,0,166854656,185024512,fits_by_lifetime_peak,True,4.235369924271792,-12.378458296479856
168,100000,branch,sign,64,9,1024,128,0,0,0,0,0.753,0.8089,0.9631877765059471,1.242206571623683,0.004514171741902828,18888.7,7235840,1024,56639488,59719680,fits_by_lifetime_peak,True,0.8855451791767874,-8.061003183700633
169,10000,keys,sign,256,41,0,0,4,8,0,0,0.8041,0.8041,0.20056264474987984,0.2692101988941431,0.005398704670369625,5775.82,423840,5080,49479680,49643520,fits_by_lifetime_peak,True,0.20782855540401096,3.622763682236241
170,1000000,keys,sign,4096,204,0,0,4,12,0,0,0.8002,0.8002,8.055666461586952,14.336004434153438,0.03553627524524927,275124.24,40404640,114016,95698944,135479296,fits_by_lifetime_peak,True,7.7664173101776885,-3.5906296864267384
171,10000,keys,ivf,1024,568,0,0,4,0,0,0,0.99,0.99,0.3733965568244457,0.3909204853698611,0.04767538979649544,6464.2,458100,1056768,51068928,51232768,fits_by_lifetime_peak,True,0.5931246277790798,58.84576784084818
172,100000,keys,none,1,1,0,0,12,0,50000,524288,0.9019,1.0,1.3767506461590528,1.420437404885888,0.000387486070394516,50216.9,4036860,0,53510144,56672256,fits_by_lifetime_peak,True,1.385450013442135,0.6318767532343061
173,10000,keys,sign,256,107,0,0,4,8,0,0,0.9903,0.9903,0.3056037239730358,0.322946161031723,0.006288797594606876,9519.67,423840,5080,49397760,49545216,fits_by_lifetime_peak,True,0.3520851346321596,15.20970034489011
174,10000,branch,sign,256,107,0,1024,0,0,0,0,0.9903,0.9903,0.2991040237247944,0.3129264572635293,0.006596236489713192,9519.67,889472,5080,50102272,50282496,fits_by_lifetime_peak,True,0.34731734531523484,16.119248744978943
175,1000000,keys,ivf,8192,679,0,0,4,0,0,0,0.9501,0.9501,2.6980831753462553,2.9588204342871904,0.2070400444790721,81864.17,40812440,8454144,122257408,161939456,fits_by_lifetime_peak,True,2.841439681498598,5.313272306141759
176,1000000,scan,ivf,8192,2097,0,0,0,0,0,0,0.99,0.99,6.920167012140155,7.224131026305258,0.3194445790722966,253209.77,40000000,8454144,141869056,189366272,fits_by_lifetime_peak,True,6.843806953026274,-1.1034424310847002
177,100000,keys,ivf,16,6,0,0,4,0,0,0,0.9143,0.9143,1.064979238435626,1.1909459251910448,0.004223743453621864,38010.96,4002560,16512,52985856,56819712,fits_by_lifetime_peak,True,1.0324398271775848,-3.0554033434341155
178,100000,branch,sign,512,93,2048,128,0,0,0,0,0.8699,0.9009,1.6478125471621752,2.1244312403723598,0.011353795416653156,41886.97,7485696,11264,57671680,61145088,fits_by_lifetime_peak,True,1.592281082346227,-3.3700110435245345
179,100000,branch,sign,2048,706,0,1024,0,0,0,0,0.9902,0.9902,2.568312920629978,2.794277435168624,0.03961128182709217,88579.37,8550656,51272,59097088,62701568,fits_by_lifetime_peak,True,3.129496570928249,21.850283343223566
180,10000,branch,sign,64,16,256,1024,0,0,0,0,0.9081,0.9081,0.24512503296136856,0.286187999881804,0.003404589369893074,7760.42,756352,1024,49364992,49545216,fits_by_lifetime_peak,True,0.2845017392882026,16.063926989064292
181,10000,scan,sign,4096,532,0,0,0,0,0,0,0.9,0.9,0.25735399685800076,0.2940784441307187,0.03810166381299496,6397.8,400000,66752,49856512,49987584,fits_by_lifetime_peak,True,0.2265301688735625,-11.977209742518902
182,100000,keys,ivf,1024,61,0,0,4,0,50000,524288,0.8025,0.8025,0.22535468451678753,0.24370807223021984,0.022902158088982105,6038.03,4107240,1056768,55869440,59654144,fits_by_lifetime_peak,True,0.24188838496462148,7.33674584279711
183,100000,keys,ivf,4096,763,0,0,4,0,0,0,0.95,0.95,0.9363540448248386,1.0804857825860381,0.1449933461844921,19477.55,4298080,4227072,63668224,67387392,fits_by_lifetime_peak,True,1.1667852659729174,24.609411623910372
184,1000000,scan,sign,64,15,0,0,0,0,0,0,0.9505,0.9505,20.049332873895764,23.239644267596304,0.011778390035033226,746686.26,40000000,1024,111509504,151371776,fits_by_lifetime_peak,True,20.204926962127615,0.7760561870586491
185,10000,keys,ivf,64,51,0,0,4,0,50000,524288,0.9903,0.9903,0.24714600294828415,0.27076429687440395,0.005086241289973259,8120.7,407800,66048,49397760,49627136,fits_by_lifetime_peak,True,0.27411972096148174,10.914082239412902
186,100000,scan,ivf,256,22,0,0,0,0,0,0,0.8048,0.8048,0.23816712200641632,0.28501630295068026,0.0077655259519815445,8489.49,4000000,264192,57835520,61669376,fits_by_lifetime_peak,True,0.2408329196122685,1.1192970647646128
187,10000,scan,sign,4096,350,0,0,0,0,0,0,0.8002,0.8002,0.1917090266942978,0.2368891844525933,0.0307858781889081,4802.56,400000,66752,49643520,49823744,fits_by_lifetime_peak,True,0.17577486911378995,-8.311636575108539
188,1000000,keys,sign,8192,859,0,0,4,13,0,524288,0.9501,0.9501,17.326312605291605,23.521216586232185,0.09860581252723932,574309.58,40668540,220080,97288192,136970240,fits_by_lifetime_peak,True,16.92262319884744,-2.3299210607620857
189,100000,scan,sign,256,67,0,0,0,0,0,0,0.9519,0.9519,2.0943956915289164,2.4810581700876355,0.007135448977351189,76833.73,4000000,5120,53559296,57393152,fits_by_lifetime_peak,True,2.0639937993830975,-1.4515830159880339
190,100000,keys,ivf,64,7,0,0,4,0,0,524288,0.803,0.803,0.3469164948910475,0.38883970119059086,0.0037970906123518944,11329.45,4009680,66048,53805056,57622528,fits_by_lifetime_peak,True,0.3323188184427905,-4.207835794271341
191,100000,branch,sign,4096,787,0,1024,0,0,0,0,0.9502,0.9502,2.182166324928403,2.506862604059279,0.0579545833170414,68174.76,9931008,103208,60440576,63946752,fits_by_lifetime_peak,True,2.544917168032643,16.62342778184618
192,10000,branch,ivf,256,85,0,1024,0,0,0,0,0.9007,0.9007,0.13445783406496048,0.14774969313293695,0.010925056412816048,3506.7,969344,264192,50151424,50298880,fits_by_lifetime_peak,True,0.14516725121812601,7.964888939079229
193,100000,scan,sign,256,32,0,0,0,0,0,0,0.804,0.804,1.3386043719947338,1.9016709178686142,0.005630855448544025,49114.11,4000000,5120,53690368,57507840,fits_by_lifetime_peak,True,1.324889014416918,-1.0246012836023888
194,100000,scan,sign,64,14,0,0,0,0,0,0,0.9104,0.9104,1.9524586386978626,2.368472865782678,0.0048096664249897,71503.56,4000000,1024,53379072,57212928,fits_by_lifetime_peak,True,1.9910878522479376,1.978490749275874
195,100000,branch,sign,512,93,0,1024,0,0,0,0,0.9009,0.9009,1.811458496376872,2.3659103782847524,0.010207104496657848,61833.4,7485696,11264,57098240,60784640,fits_by_lifetime_peak,True,2.203657978983622,21.651033318797786
196,10000,branch,ivf,256,49,0,1024,0,0,0,0,0.8017,0.8017,0.08920859545469284,0.09768190793693066,0.008963746950030327,2035.64,969344,264192,50200576,50380800,fits_by_lifetime_peak,True,0.0911362930074214,2.1608876845366387
197,1000000,branch,sign,1024,79,0,1024,0,0,0,0,0.8034,0.8034,13.467082986608148,27.9696358833462,0.021501611918210983,340543.97,72524288,24576,134529024,174063616,fits_by_lifetime_peak,True,11.485390348310293,-14.715084478713592
198,100000,scan,sign,16,6,0,0,0,0,0,0,0.971,0.971,2.396770752966404,2.5839975103735924,0.004265373572707176,92904.8,4000000,192,53673984,57507840,fits_by_lifetime_peak,True,2.527824797437095,5.467942409948456
199,100000,branch,ivf,16,4,0,1024,0,0,0,0,0.8462,0.8462,0.7639788091182709,0.9141933871433139,0.0036300811916589737,25324.91,7219456,16512,58015744,61800448,fits_by_lifetime_peak,True,0.8807917160952523,15.290071607064393
200,10000,keys,sign,64,11,0,0,4,6,0,0,0.8051,0.8051,0.2168538048863411,0.2634504809975624,0.0031984085217118263,6202.09,408740,1024,49201152,49430528,fits_by_lifetime_peak,True,0.212446629328349,-2.032325676878022
201,1000000,keys,ivf,64,10,0,0,8,0,0,524288,0.9087,0.9087,4.323874833062291,5.141631560400128,0.006584962829947472,157557.15,40137440,66048,94765056,134610944,fits_by_lifetime_peak,True,4.395675398519085,1.6605606829266817
202,1000000,keys,sign,8192,859,0,0,4,13,0,0,0.9501,0.9501,17.41162547841668,22.831673151813447,0.09861129801720381,574309.58,40668540,220080,97583104,137281536,fits_by_lifetime_peak,True,16.91889418325868,-2.829898310004364
203,1000000,branch,sign,4096,398,4096,512,0,0,0,0,0.8831,0.9004,13.11564538627863,17.612391710281372,0.05190466530621052,304392.14,74310144,114016,138231808,177487872,fits_by_lifetime_peak,True,11.081262417071578,-15.511115993844948
204,1000000,keys,ivf,256,24,0,0,4,0,0,524288,0.903,0.903,2.7120003942400217,2.9829082544893026,0.010327599011361599,97071.48,40038700,264192,100040704,139870208,fits_by_lifetime_peak,True,2.6842049947858917,-1.0249039606765598
205,10000,branch,sign,4096,963,0,1024,0,0,0,0,0.9902,0.9902,0.4177915398031473,0.44263035524636507,0.05076506640762091,9140.92,2904704,66752,52281344,52412416,fits_by_lifetime_peak,True,0.4355214067168669,4.243711330792732
206,100000,keys,ivf,2048,983,0,0,4,0,50000,524288,0.9898,0.9901,1.7145415768027306,1.823018561117351,0.09191421326249838,48458.46,4182060,2113536,58376192,62095360,fits_by_lifetime_peak,True,2.018804194221553,17.746004036029838
207,100000,branch,ivf,256,22,0,1024,0,0,0,0,0.8048,0.8048,0.26093702763319016,0.31054532155394554,0.0073633017018437386,8489.49,7473408,264192,61702144,65519616,fits_by_lifetime_peak,True,0.2995702053471177,14.805555985805041
208,100000,branch,sign,64,18,2048,128,0,0,0,0,0.9289,0.9521,2.0121873822063208,2.484566089697182,0.005000852979719639,43372.83,7235840,1024,57163776,59817984,fits_by_lifetime_peak,True,1.9162333147733168,-4.768644723723114
209,100000,branch,ivf,16,8,0,1024,0,0,0,0,0.9532,0.9532,1.5129584353417158,1.7014167504385114,0.0044520338997244835,50484.48,7219456,16512,57901056,61702144,fits_by_lifetime_peak,True,1.740985892523671,15.07162733987817
210,10000,branch,sign,64,21,0,1024,0,0,0,0,0.9545,0.9545,0.2821453381329775,0.3067543264478445,0.0035987840965390205,8664.83,756352,1024,49135616,49364992,fits_by_lifetime_peak,True,0.321786950575269,14.050068204071508
211,100000,branch,sign,1024,390,4096,1024,0,0,0,0,0.99,0.99,2.704479033127427,2.9889814322814345,0.022187507711350918,91458.95,7819520,24432,57475072,61161472,fits_by_lifetime_peak,True,3.2168069284425185,18.94368153864523
212,10000,keys,ivf,1024,246,0,0,4,0,0,0,0.9,0.9,0.18591666594147682,0.20465143024921417,0.037352945655584335,2941.23,458100,1056768,50855936,51085312,fits_by_lifetime_peak,True,0.2878167715092014,54.809559461334615
213,100000,branch,sign,1024,390,0,1024,0,0,0,0,0.99,0.99,2.6781668420881033,2.8838749742135406,0.021923361346125603,91458.95,7819520,24432,57606144,61259776,fits_by_lifetime_peak,True,3.2204321015642092,20.24762800264208
214,1000000,branch,ivf,1024,26,512,512,0,0,0,0,0.7947,0.8032,0.782540999352932,0.8882293710485101,0.019577895291149616,23971.19,73024000,1056768,176603136,216416256,fits_by_lifetime_peak,True,0.8678348081855614,10.899596174917004
215,100000,scan,ivf,2048,252,0,0,0,0,0,0,0.9,0.9,0.4040414933115244,0.43204608373343945,0.05930338054895401,12307.57,4000000,2113536,60194816,63963136,fits_by_lifetime_peak,True,0.390443062049702,-3.3656026638179237
216,1000000,keys,ivf,64,36,0,0,4,0,0,0,0.99,0.99,15.79845859669149,17.439031437970698,0.013800389133393764,561348.56,40010140,66048,94306304,134152192,fits_by_lifetime_peak,True,15.223156077953886,-3.641510437341544
217,10000,keys,none,1,1,0,0,4,0,50000,524288,1.0,1.0,0.29802112840116024,0.3033348126336932,0.00030043069273233414,10000.0,400160,0,48496640,48807936,fits_by_lifetime_peak,True,0.287860714382801,-3.4092931843015317
218,10000,keys,sign,64,28,0,0,4,6,50000,524288,0.9918,0.9918,0.2980621065944433,0.31108735129237175,0.0036836881190538406,9693.9,408740,1024,48906240,49119232,fits_by_lifetime_peak,True,0.30365633905267286,1.8768680534896998
219,100000,branch,sign,64,9,0,1024,0,0,0,0,0.8089,0.8089,2.116916934028268,2.5909854099154472,0.004858607426285744,54493.96,7235840,1024,56246272,59850752,fits_by_lifetime_peak,True,2.1891860702283514,3.4138862530880276
220,100000,branch,ivf,2048,106,0,1024,0,0,0,0,0.8003,0.8003,0.22370810620486736,0.24317107163369656,0.04685752559453249,5233.34,9197824,2113536,65306624,69042176,fits_by_lifetime_peak,True,0.23892659319749499,6.8028321596405705
221,1000000,keys,sign,256,88,0,0,4,8,0,0,0.9905,0.9905,24.282979080453515,26.220877678133547,0.018176226876676083,877177.49,40040720,5120,91406336,131203072,fits_by_lifetime_peak,True,24.347505148402988,0.2657255015362292
222,100000,keys,ivf,512,273,0,0,4,0,0,0,0.99,0.99,1.5928754583001137,1.6354705207049847,0.024384544230997562,53472.29,4060960,528384,54902784,58703872,fits_by_lifetime_peak,True,1.6507003169205996,3.6302184404420013
223,100000,keys,sign,4096,535,0,0,4,12,0,0,0.9002,0.9002,1.7947289161384106,2.2841334575787187,0.048812548629939556,54164.76,4215420,103208,53821440,57573376,fits_by_lifetime_peak,True,1.9541439994872611,8.882404574605761
224,100000,branch,sign,256,49,0,1024,0,0,0,0,0.9018,0.9018,1.983916386961937,2.429402549751103,0.007075765170156956,64054.95,7338240,5120,56655872,60375040,fits_by_lifetime_peak,True,2.3465128373371584,18.276801016321166
225,100000,keys,ivf,2048,447,0,0,4,0,0,0,0.9502,0.9502,0.8142499718815088,0.857329461723566,0.07378248497843742,21905.35,4182060,2113536,58441728,62128128,fits_by_lifetime_peak,True,0.9588196676492549,17.754952503551834
226,1000000,keys,ivf,8192,313,0,0,4,0,0,0,0.9001,0.9001,1.3832084368914366,1.5423332108184695,0.16598626505583525,37985.76,40812440,8454144,122388480,162152448,fits_by_lifetime_peak,True,1.3968331980630788,0.9850114276530819
227,100000,scan,sign,256,100,0,0,0,0,0,0,0.9902,0.9902,2.496041590347886,2.631958038546145,0.00821629073470831,92628.2,4000000,5120,53641216,57425920,fits_by_lifetime_peak,True,2.451391409680833,-1.7888396106745197
228,100000,branch,sign,256,32,512,512,0,0,0,0,0.7848,0.804,1.2185412924736738,1.6995921730995176,0.006322991102933884,37710.55,7338240,5120,57065472,60768256,fits_by_lifetime_peak,True,1.336672547896018,9.694481110486986
229,100000,keys,sign,16,3,0,0,8,4,50000,524288,0.7885,0.8333,1.384207746013999,1.4665376162156463,0.0033229775726795197,46484.16,4036860,192,52084736,55885824,fits_by_lifetime_peak,True,1.3863646957289717,0.15582557756839144
230,1000000,branch,ivf,64,10,4096,128,0,0,0,0,0.8949,0.9087,6.2881046906113625,7.513038557954132,0.009473017416894436,77654.46,72065536,66048,139886592,177192960,fits_by_lifetime_peak,True,3.749639148017576,-40.36932696721662
231,1000000,branch,ivf,4096,64,2048,512,0,0,0,0,0.8,0.8,0.5309584084898233,0.6097408942878246,0.06556579377502203,16150.48,76110336,4227072,179929088,219676672,fits_by_lifetime_peak,True,0.614974181573225,15.823418885551366
232,10000,branch,ivf,64,51,2048,1024,0,0,0,0,0.9903,0.9903,0.24604168720543385,0.2600952982902527,0.0048858532682061195,8120.7,787072,66048,50053120,50331648,fits_by_lifetime_peak,True,0.29011820904924107,17.91424955032328
233,10000,keys,ivf,1024,246,0,0,4,0,10000,524288,0.9,0.9,0.1915832981467247,0.20354611333459616,0.0387291656807065,2941.23,458100,1056768,50872320,51068928,fits_by_lifetime_peak,True,0.2896173392378304,51.17045276881391
234,100000,scan,ivf,256,147,0,0,0,0,0,0,0.9903,0.9903,1.5673337038606405,1.6604731092229486,0.01333505380898714,57712.7,4000000,264192,57884672,61669376,fits_by_lifetime_peak,True,1.5146679053032113,-3.360216042550701
235,100000,keys,ivf,4096,1684,0,0,4,0,50000,524288,0.9901,0.9901,1.8571249675005674,2.018276904709637,0.18428334034979343,42904.56,4298080,4227072,63717376,67387392,fits_by_lifetime_peak,True,2.398512145170101,29.151898075990303
236,10000,scan,sign,256,41,0,0,0,0,0,0,0.8041,0.8041,0.19712490029633045,0.24667908437550068,0.00567625742405653,5775.82,400000,5080,49643520,49774592,fits_by_lifetime_peak,True,0.17768706486575384,-9.860669758795792
237,100000,branch,ivf,64,7,4096,1024,0,0,0,0,0.803,0.803,0.35331258550286293,0.3891710191965103,0.0036762747913599014,11329.45,7262464,66048,60620800,64405504,fits_by_lifetime_peak,True,0.400791279682462,13.438155369422677
238,100000,keys,ivf,16,13,0,0,4,0,0,0,0.9928,0.9928,2.2741039283573627,2.4261252488940954,0.0037321262061595917,81592.64,4002560,16512,52985856,56819712,fits_by_lifetime_peak,True,2.2411245489529943,-1.4502142577182187
239,10000,keys,ivf,64,16,0,0,4,0,0,0,0.8062,0.8062,0.09793741628527641,0.11064773425459862,0.00393581110984087,2571.08,407800,66048,49348608,49577984,fits_by_lifetime_peak,True,0.10098413889385816,3.1108872626444573
240,100000,branch,ivf,16,13,0,1024,0,0,0,0,0.9928,0.9928,2.512771636247635,2.7200818294659257,0.004453402943909168,81592.64,7219456,16512,58130432,61833216,fits_by_lifetime_peak,True,2.820480816570544,12.245807612760885
241,10000,branch,ivf,256,85,1024,512,0,0,0,0,0.9007,0.9007,0.13566645793616772,0.15343925915658474,0.010763774625957012,3506.7,969344,264192,50069504,50315264,fits_by_lifetime_peak,True,0.1452411442653113,7.057519209094809
242,1000000,scan,ivf,1024,68,0,0,0,0,0,0,0.9009,0.9009,1.8257498741149902,2.0455097313970327,0.02845081500709057,65883.15,40000000,1056768,138854400,178667520,fits_by_lifetime_peak,True,1.7489571501929675,-4.206092247945358
243,1000000,branch,sign,1024,79,2048,512,0,0,0,0,0.7751,0.8034,7.657666690647602,10.870447964407502,0.018241656944155693,145004.17,72524288,24576,133955584,173359104,fits_by_lifetime_peak,True,5.244443920307455,-31.513813121266352
244,100000,scan,ivf,1024,248,0,0,0,0,0,0,0.9501,0.9501,0.686166575178504,0.7082299329340458,0.03827206324785948,24225.82,4000000,1056768,58458112,62259200,fits_by_lifetime_peak,True,0.6787703646268057,-1.0779030659973765
245,100000,keys,sign,4096,535,0,0,4,12,0,524288,0.9002,0.9002,1.8503123428672552,2.3494539549574256,0.04895131103694439,54164.76,4215420,103208,54083584,57851904,fits_by_lifetime_peak,True,1.954310939058761,5.620596792342036
246,100000,keys,ivf,2048,106,0,0,4,0,0,524288,0.8003,0.8003,0.23972918279469013,0.2618438098579645,0.046410420909523964,5233.34,4182060,2113536,58458112,62210048,fits_by_lifetime_peak,True,0.2713320403822231,13.18273279002431
247,100000,branch,ivf,64,7,0,1024,0,0,0,0,0.803,0.803,0.3569577820599079,0.39256629534065723,0.004089619033038616,11329.45,7262464,66048,60735488,64552960,fits_by_lifetime_peak,True,0.4035059731890599,13.040251107717783
248,100000,branch,sign,1024,183,2048,1024,0,0,0,0,0.9006,0.9006,1.8642081413418055,2.3766849422827363,0.015476695261895657,60741.57,7819520,24432,57393152,61079552,fits_by_lifetime_peak,True,2.217567988526627,18.954956764134877
249,100000,keys,sign,2048,308,0,0,4,11,0,0,0.9005,0.9005,1.7719585448503494,2.3219995899125934,0.026771798729896545,55074.14,4150360,51272,53592064,57360384,fits_by_lifetime_peak,True,1.7909669840142737,1.0727361099483135
250,100000,keys,sign,256,100,0,0,4,8,0,524288,0.9902,0.9902,2.596666570752859,2.703208546154201,0.007572546601295471,92628.2,4036860,5120,52494336,56262656,fits_by_lifetime_peak,True,2.6299572861790823,1.2820558404066151
251,100000,scan,sign,4096,787,0,0,0,0,0,0,0.9502,0.9502,1.9679791294038296,2.3198001785203815,0.05783087573945522,68174.76,4000000,103208,54558720,58261504,fits_by_lifetime_peak,True,1.9354232439117833,-1.6542800177920869
252,100000,keys,sign,256,32,0,0,4,8,50000,524288,0.7841,0.804,1.3752495869994164,1.5793436439707875,0.0061345938593149185,43167.44,4036860,5120,52674560,56492032,fits_by_lifetime_peak,True,1.3847196119848748,0.6886040959387385
253,10000,branch,ivf,1024,139,0,1024,0,0,0,0,0.8006,0.8006,0.11177104897797108,0.12629730626940727,0.031984602101147175,1686.03,2497152,1056768,52920320,53182464,fits_by_lifetime_peak,True,0.10811948443209482,-3.267003914936817
254,1000000,branch,ivf,8192,112,256,512,0,0,0,0,0.8003,0.8003,0.5464374553412199,0.5932888248935342,0.13241210486739874,13819.99,80310784,8454144,190709760,230473728,fits_by_lifetime_peak,True,0.6129150060480861,12.165628482651258
255,1000000,scan,none,1,1,0,0,0,0,0,0,1.0,1.0,25.0299999024719,26.516055455431342,0.0009758397936820984,1000000.0,40000000,0,121044992,153042944,fits_by_lifetime_peak,True,25.689850633997256,2.6362394490468732
256,100000,branch,sign,512,128,1024,1024,0,0,0,0,0.9506,0.9506,2.183999866247177,2.6414130814373493,0.01064792275428772,74527.81,7485696,11264,57376768,61095936,fits_by_lifetime_peak,True,2.603993096827292,19.23046045336074
257,1000000,scan,ivf,256,109,0,0,0,0,0,0,0.99,0.99,11.291333241388202,12.246041418984532,0.020363396033644676,437846.67,40000000,264192,105660416,145408000,fits_by_lifetime_peak,True,11.305921262855778,0.1291966250194676
258,10000,keys,ivf,256,186,0,0,4,0,0,0,0.9902,0.9902,0.27691666036844254,0.2931318012997508,0.013554170727729797,7551.82,423380,264192,49528832,49741824,fits_by_lifetime_peak,True,0.3503055752764266,26.502166684495897
259,100000,branch,ivf,2048,252,4096,512,0,0,0,0,0.9,0.9,0.4338331054896116,0.4738639807328582,0.060804225504398346,12307.57,9197824,2113536,65454080,69222400,fits_by_lifetime_peak,True,0.49608591303250693,14.349482959037573
260,10000,scan,ivf,256,85,0,0,0,0,0,0,0.9007,0.9007,0.12352014891803265,0.18643592484295365,0.011760438792407513,3506.7,400000,264192,49807360,50020352,fits_by_lifetime_peak,True,0.11897230277991998,-3.6818658153744632
261,1000000,keys,sign,64,24,0,0,4,6,0,524288,0.9906,0.9906,25.06045810878277,26.36625396553427,0.012804991565644741,921190.99,40010240,1024,90652672,130498560,fits_by_lifetime_peak,True,25.585838295397735,2.09645084832204
262,10000,keys,sign,1024,267,0,0,4,10,0,0,0.9505,0.9505,0.31597958877682686,0.3463445696979761,0.01646538730710745,8054.97,441520,20976,49643520,49807360,fits_by_lifetime_peak,True,0.42563438024573397,34.703124937084205
263,100000,branch,sign,2048,448,4096,1024,0,0,0,0,0.9502,0.9502,2.1037703845649958,2.5119690923020244,0.03085243981331587,69773.38,8550656,51272,58753024,62390272,fits_by_lifetime_peak,True,2.532742251274452,20.39062199262571
264,100000,branch,sign,16,6,0,1024,0,0,0,0,0.971,0.971,3.4836670383810997,3.7991789635270834,0.005369167774915695,92904.8,7209216,192,57311232,60555264,fits_by_lifetime_peak,True,3.48678261956758,0.0894339542830691
265,100000,keys,sign,16,3,0,0,4,4,0,0,0.8333,0.8333,2.118166536092758,2.4148960364982486,0.003943759948015213,68371.8,4002560,192,52084736,55902208,fits_by_lifetime_peak,True,2.041574158791644,-3.6159752312204363
266,1000000,scan,sign,1024,79,0,0,0,0,0,0,0.8034,0.8034,8.476271061226726,15.237782755866647,0.01608709804713726,340543.97,40000000,24576,100876288,140705792,fits_by_lifetime_peak,True,8.496753803066575,0.24164802767510096
267,1000000,branch,sign,256,39,0,1024,0,0,0,0,0.9055,0.9055,29.405957786366343,54.71860831603408,0.02043795306235552,556435.22,72118784,5120,134594560,170672128,fits_by_lifetime_peak,True,20.86559584608788,-29.04296470233688
268,1000000,branch,ivf,4096,1224,0,1024,0,0,0,0,0.99,0.99,8.141729515045881,8.64036614075303,0.17061835620552301,298722.97,76110336,4227072,180420608,220020736,fits_by_lifetime_peak,True,10.240127111622098,25.77336415682179
269,100000,branch,sign,4096,299,0,1024,0,0,0,0,0.8003,0.8003,1.140687381848693,1.6914568142965436,0.03783333580940962,36721.2,9931008,103208,60538880,64258048,fits_by_lifetime_peak,True,1.3578642187622352,19.039119777196746
270,100000,branch,ivf,1024,248,4096,512,0,0,0,0,0.9501,0.9501,0.714937224984169,0.7610503118485212,0.038189119659364223,24225.82,8245504,1056768,62799872,66568192,fits_by_lifetime_peak,True,0.8734569629278119,22.17253940682038
271,100000,keys,ivf,512,273,0,0,4,0,0,524288,0.99,0.99,1.5407083556056023,1.5860839281231165,0.024021677672863007,53472.29,4060960,528384,54460416,58245120,fits_by_lifetime_peak,True,1.6497528662042291,7.077556904386695
272,100000,branch,ivf,256,22,256,1024,0,0,0,0,0.8048,0.8048,0.2505623269826174,0.29991890769451857,0.007456298917531967,8489.49,7473408,264192,61800448,65634304,fits_by_lifetime_peak,True,0.30006209095726444,19.75546945574187
273,1000000,keys,ivf,8192,112,0,0,4,0,0,0,0.8003,0.8003,0.6056465208530426,0.6627026945352554,0.13643297366797924,13819.99,40812440,8454144,122535936,162316288,fits_by_lifetime_peak,True,0.5972901371850603,-1.3797460036941156
274,1000000,scan,sign,8192,1790,0,0,0,0,0,0,0.99,0.99,21.499395603314042,24.020537082105875,0.13009421061724424,817816.17,40000000,220080,102170624,141869056,fits_by_lifetime_peak,True,22.111820049227852,2.848565872332731
275,10000,keys,ivf,256,119,0,0,4,0,0,0,0.9501,0.9501,0.18429080955684185,0.20073088817298412,0.012167897075414658,4904.15,423380,264192,49479680,49627136,fits_by_lifetime_peak,True,0.23592463492752824,28.017580201014148
276,1000000,keys,ivf,256,11,0,0,8,0,50000,524288,0.8152,0.8155,1.321812393143773,1.4383080648258328,0.0073650432750582695,44693.86,40425820,264192,101187584,141000704,fits_by_lifetime_peak,True,1.375040690788888,4.026917732138791
277,100000,branch,ivf,1024,61,2048,512,0,0,0,0,0.8025,0.8025,0.2098744735121727,0.22302132565528154,0.022026333026587963,6038.03,8245504,1056768,62865408,66633728,fits_by_lifetime_peak,True,0.23886164991606867,13.811673196271169
278,10000,scan,ivf,64,26,0,0,0,0,0,0,0.9016,0.9016,0.12987502850592136,0.1412939978763461,0.004345783963799477,4157.47,400000,66048,49561600,49790976,fits_by_lifetime_peak,True,0.1282439095024056,-1.2559142602547313
279,100000,keys,sign,64,14,0,0,12,6,50000,524288,0.8713,0.9104,1.721520908176899,2.0473789190873504,0.004522060044109821,48287.24,4371860,1024,53755904,57589760,fits_by_lifetime_peak,True,2.0757561368554933,20.576876353696537
280,1000000,branch,ivf,256,24,0,1024,0,0,0,0,0.903,0.903,3.0665211379528046,3.7565440637990832,0.010910010896623135,97071.48,72272384,264192,152027136,191709184,fits_by_lifetime_peak,True,3.36588246959722,9.762245821147907
281,10000,keys,ivf,4096,760,0,0,4,0,0,0,0.9502,0.9502,0.3636670298874378,0.393639225512743,0.14116840902715921,2573.27,525500,4227072,58441728,58654720,fits_by_lifetime_peak,True,0.702874607167893,93.27421773303087
282,100000,keys,ivf,16,4,0,0,4,0,0,0,0.8462,0.8462,0.7067499682307243,0.8184184087440372,0.0033362675458192825,25324.91,4002560,16512,53149696,56999936,fits_by_lifetime_peak,True,0.7036449525753884,-0.43933721894732214
283,10000,branch,sign,1024,267,0,1024,0,0,0,0,0.9505,0.9505,0.2949582412838936,0.32162689603865147,0.016367542557418346,8054.97,1428096,20976,50757632,50921472,fits_by_lifetime_peak,True,0.32342157483645656,9.649953643833719
284,100000,branch,ivf,2048,983,4096,512,0,0,0,0,0.9901,0.9901,1.4593126252293587,1.5134269371628761,0.09046674240380526,48461.24,9197824,2113536,65437696,69156864,fits_by_lifetime_peak,True,1.7783881604144536,21.864782752424006
285,100000,keys,sign,64,27,0,0,4,6,0,524288,0.992,0.992,2.6497505605220795,2.8002461651340127,0.005033346824347973,96022.93,4010180,1024,52363264,56197120,fits_by_lifetime_peak,True,2.6667092947819313,0.6400124793826123
286,100000,keys,sign,256,49,0,0,4,8,0,0,0.9018,0.9018,1.9171037711203098,2.3582851979881525,0.007259589619934559,64054.95,4036860,5120,52887552,56705024,fits_by_lifetime_peak,True,1.8949456296660965,-1.1558133570028217
287,1000000,branch,ivf,64,17,0,1024,0,0,0,0,0.9527,0.9527,12.11277092806995,16.76714224740863,0.013733799569308758,265679.33,72065536,66048,138625024,177405952,fits_by_lifetime_peak,True,9.30123267528364,-23.211354936721328
288,1000000,branch,ivf,4096,191,0,1024,0,0,0,0,0.9001,0.9001,1.4156666584312916,1.5376418130472302,0.08893581107258797,47292.55,76110336,4227072,179978240,219758592,fits_by_lifetime_peak,True,1.6840715018893344,18.959607606741535
289,10000,branch,ivf,4096,480,2048,128,0,0,0,0,0.9,0.9,0.24104141630232334,0.25917631573975086,0.11942915618419647,1680.56,8788608,4227072,66732032,66945024,fits_by_lifetime_peak,True,0.21825132781370798,-9.454843419950354
290,100000,scan,sign,512,59,0,0,0,0,0,0,0.8021,0.8021,1.226416090503335,1.803451986052096,0.00857627484947443,45699.2,4000000,11264,53559296,57376768,fits_by_lifetime_peak,True,1.2247045445401805,-0.13955671133212277
291,100000,keys,sign,1024,390,0,0,4,10,0,0,0.99,0.99,2.734604524448514,2.907554619014263,0.02097334247082472,91458.95,4091180,24432,53248000,57049088,fits_by_lifetime_peak,True,2.8177356008070236,3.0399670451534355
292,100000,branch,ivf,64,26,0,1024,0,0,0,0,0.9526,0.9526,1.1579999700188637,1.2495329370722175,0.005745836533606052,40815.39,7262464,66048,60669952,64454656,fits_by_lifetime_peak,True,1.384778050015738,19.583599815911935
293,100000,keys,sign,4096,787,0,0,4,12,0,524288,0.9502,0.9502,2.289062598720193,2.6686142198741436,0.056738704442977905,68174.76,4215420,103208,54116352,57835520,fits_by_lifetime_peak,True,2.5133638995667793,9.79882773725771
294,1000000,scan,ivf,4096,191,0,0,0,0,0,0,0.9001,0.9001,1.3373119290918112,1.46546910982579,0.08868047036230564,47292.55,40000000,4227072,142737408,182517760,fits_by_lifetime_peak,True,1.3166081468973128,-1.5481640254685125
295,100000,branch,ivf,4096,1684,0,1024,0,0,0,0,0.9901,0.9901,1.4953333884477615,1.5731313498690724,0.1801008591428399,42904.56,12495104,4227072,73547776,77217792,fits_by_lifetime_peak,True,1.7260427102800877,15.428621042951175
296,100000,keys,sign,64,9,0,0,8,6,50000,524288,0.784,0.8089,1.404437469318509,1.4688234543427825,0.004730019718408585,43105.29,4091180,1024,52690944,56541184,fits_by_lifetime_peak,True,1.405511354696294,0.07646373735001877
297,10000,keys,ivf,4096,268,0,0,4,0,10000,524288,0.8002,0.8002,0.18614577129483223,0.20226058550179005,0.09842123370617628,964.1,525500,4227072,58802176,58998784,fits_by_lifetime_peak,True,0.3093326541959643,66.17764241660855
298,1000000,branch,sign,1024,207,4096,1024,0,0,0,0,0.9483,0.95,27.004791656509042,37.8292063716799,0.030096680857241154,621214.39,72524288,24576,134479872,173375488,fits_by_lifetime_peak,True,22.460791719590176,-16.826643192500292
299,100000,scan,sign,512,128,0,0,0,0,0,0,0.9506,0.9506,2.029020804911852,2.3739786352962255,0.01041589304804802,74527.81,4000000,11264,53493760,57245696,fits_by_lifetime_peak,True,1.9900057743564759,-1.922850197540038
300,100000,branch,sign,64,18,0,1024,0,0,0,0,0.9521,0.9521,2.970791421830654,3.3778057200834155,0.005318806506693363,81209.93,7235840,1024,56639488,60211200,fits_by_lifetime_peak,True,2.970593565590883,-0.006660051537688005
301,100000,branch,sign,256,67,512,1024,0,0,0,0,0.9502,0.9519,2.311958000063896,2.7248805155977607,0.008504153229296207,75898.1,7338240,5120,56459264,60211200,fits_by_lifetime_peak,True,2.687123462662779,16.22717465406007
302,100000,keys,ivf,16,6,0,0,8,0,50000,524288,0.9143,0.9143,1.049896003678441,1.1963250115513802,0.0036737509071826935,38010.96,4033800,16512,53542912,57393152,fits_by_lifetime_peak,True,1.0899446584935437,3.814535408724984
303,100000,branch,sign,512,198,2048,1024,0,0,0,0,0.9902,0.9902,2.6859580539166927,2.898791618645191,0.012478348799049854,91824.92,7485696,11264,57491456,61145088,fits_by_lifetime_peak,True,3.2079805751530666,19.435244734189162
304,100000,keys,sign,64,9,0,0,4,6,0,0,0.8089,0.8089,1.7128335312008858,2.159556024707854,0.0043199677020311356,54493.96,4010180,1024,52690944,56508416,fits_by_lifetime_peak,True,1.701869125519556,-0.640132592082232
305,100000,keys,sign,1024,390,0,0,4,10,0,524288,0.99,0.99,2.661062404513359,2.8073415625840425,0.02098836936056614,91458.95,4091180,24432,52903936,56672256,fits_by_lifetime_peak,True,2.81776401790474,5.888686155033529
306,100000,scan,sign,4096,1246,0,0,0,0,0,0,0.99,0.99,2.4393124040216208,2.5914162164554,0.07698874454945326,86675.5,4000000,103208,54607872,58310656,fits_by_lifetime_peak,True,2.390590999707512,-1.9973417194855125
307,10000,keys,sign,64,11,0,0,4,6,10000,524288,0.8051,0.8051,0.2129366621375084,0.2584888832643628,0.0032487278804183006,6202.09,408740,1024,49168384,49414144,fits_by_lifetime_peak,True,0.21255093745670595,-0.18114526494895644
308,100000,keys,ivf,4096,1684,0,0,4,0,0,0,0.9901,0.9901,1.896812580525875,2.1466791164129972,0.1864050328731537,42904.56,4298080,4227072,63881216,67469312,fits_by_lifetime_peak,True,2.404353324428311,26.75755892349283
309,100000,keys,ivf,2048,252,0,0,4,0,0,0,0.9,0.9,0.47635450027883053,0.5070290993899107,0.06008468568325043,12307.57,4182060,2113536,58556416,62341120,fits_by_lifetime_peak,True,0.5649559687148223,18.59990162455265
310,100000,branch,sign,2048,182,0,1024,0,0,0,0,0.8005,0.8005,1.1274998541921377,1.7511294689029455,0.020795012824237347,38204.93,8550656,51272,58753024,62472192,fits_by_lifetime_peak,True,1.3562517524248725,20.288419318389828
311,1000000,branch,ivf,256,45,0,1024,0,0,0,0,0.9512,0.9512,5.554333562031388,6.339827505871654,0.01345507800579071,181949.72,72272384,264192,152059904,191594496,fits_by_lifetime_peak,True,6.285321207224529,13.160672419641228
312,100000,branch,ivf,1024,138,256,1024,0,0,0,0,0.9001,0.9001,0.42349938303232193,0.45089200139045715,0.03252302296459675,13520.93,8245504,1056768,62832640,66568192,fits_by_lifetime_peak,True,0.5025646906458765,18.66952132195201
313,100000,branch,sign,512,128,0,1024,0,0,0,0,0.9506,0.9506,2.2360417060554028,2.6397102046757936,0.010941233485937119,74527.81,7485696,11264,57606144,61259776,fits_by_lifetime_peak,True,2.6050771563041444,16.503960961432895
314,1000000,branch,none,1,1,0,1024,0,0,0,0,1.0,1.0,177.09281272254884,195.79642901662737,0.0017029047012329102,1000000.0,72000000,0,209944576,313147392,fits_by_lifetime_peak,True,98.28915281863644,-44.49850826378484
315,100000,keys,sign,2048,182,0,0,4,11,50000,524288,0.7951,0.8005,1.1310623958706856,1.5474685234948993,0.020749992690980434,36908.29,4150360,51272,53198848,56967168,fits_by_lifetime_peak,True,1.2064076494368499,6.66145862874028
316,1000000,branch,sign,8192,264,0,1024,0,0,0,0,0.8006,0.8006,8.910000324249268,17.354391189292073,0.06265835370868444,273651.32,77089280,220080,141344768,180977664,fits_by_lifetime_peak,True,9.326545927929974,4.675034663545907
317,100000,branch,sign,256,67,0,1024,0,0,0,0,0.9519,0.9519,2.273395424708724,2.637553517706692,0.007999977096915245,76833.73,7338240,5120,56573952,60325888,fits_by_lifetime_peak,True,2.7065389350762183,19.052713208613504
318,100000,scan,sign,2048,308,0,0,0,0,0,0,0.9005,0.9005,1.4870830345898867,1.9934485433623195,0.025249975733458996,55074.14,4000000,51272,54067200,57868288,fits_by_lifetime_peak,True,1.5245302764614839,2.5181675132165404
319,1000000,keys,ivf,64,17,0,0,4,0,0,0,0.9527,0.9527,7.43756303563714,8.834282727912068,0.008101235143840313,265679.33,40010140,66048,94486528,134299648,fits_by_lifetime_peak,True,7.17094893181485,-3.584697064681086
320,100000,keys,sign,512,59,0,0,4,9,50000,524288,0.7844,0.8021,1.3032080605626106,1.553877117112279,0.008443836122751236,41856.66,4053760,11264,53018624,56836096,fits_by_lifetime_peak,True,1.3211060122868603,1.3733763829332668
321,100000,branch,sign,4096,535,1024,1024,0,0,0,0,0.9002,0.9002,1.708145486190915,2.1712942281737924,0.04900958854705095,54164.76,9931008,103208,60178432,63733760,fits_by_lifetime_peak,True,2.025706342636759,18.590972432564268
322,10000,branch,ivf,256,49,1024,1024,0,0,0,0,0.8017,0.8017,0.08887494914233685,0.10104798711836338,0.009467992931604385,2035.64,969344,264192,50397184,50593792,fits_by_lifetime_peak,True,0.09157774637607805,3.0411238035282118
323,10000,scan,sign,1024,365,0,0,0,0,0,0,0.9902,0.9902,0.2930830232799053,0.3106505610048771,0.017579132691025734,9404.01,400000,20976,49577984,49774592,fits_by_lifetime_peak,True,0.28027610255110436,-4.369724518833651
324,10000,keys,ivf,256,49,0,0,4,0,50000,524288,0.8017,0.8017,0.08916645310819149,0.10035659652203321,0.008843406103551388,2035.64,423380,264192,49446912,49643520,fits_by_lifetime_peak,True,0.11239000127129753,26.045163123094504
325,1000000,branch,ivf,1024,364,2048,1024,0,0,0,0,0.99,0.99,9.747978765517473,10.453095124103129,0.049400026910007,354875.04,73024000,1056768,176979968,216662016,fits_by_lifetime_peak,True,11.97190430541048,22.814222244306958
326,100000,scan,ivf,256,45,0,0,0,0,0,0,0.9008,0.9008,0.4858954343944788,0.5466669332236052,0.009568696841597557,17465.68,4000000,264192,56131584,59932672,fits_by_lifetime_peak,True,0.4715196882225391,-2.9586090245640406
327,10000,branch,sign,4096,695,0,1024,0,0,0,0,0.95,0.95,0.3595419693738222,0.38680005818605423,0.046787080354988575,7601.58,2904704,66752,52133888,52428800,fits_by_lifetime_peak,True,0.3656560120433928,1.7005087556867915
328,10000,scan,ivf,256,49,0,0,0,0,0,0,0.8017,0.8017,0.0763328280299902,0.08775594178587198,0.008933814242482185,2035.64,400000,264192,49496064,49725440,fits_by_lifetime_peak,True,0.07806130848870242,2.264399870044276
329,1000000,scan,ivf,4096,64,0,0,0,0,0,0,0.8,0.8,0.5015626084059477,0.5604272475466132,0.06343381945043802,16150.48,40000000,4227072,142475264,182288384,fits_by_lifetime_peak,True,0.4944080003394321,-1.4264636052623958
330,10000,keys,sign,64,16,0,0,4,6,10000,524288,0.9081,0.9081,0.24831225164234638,0.28532512951642275,0.003421311266720295,7760.42,408740,1024,48922624,49135616,fits_by_lifetime_peak,True,0.24721906297761365,-0.44024757437555184
331,100000,branch,ivf,256,45,0,1024,0,0,0,0,0.9008,0.9008,0.49277045764029026,0.5566706182435155,0.00960296019911766,17465.68,7473408,264192,61669376,65454080,fits_by_lifetime_peak,True,0.5994134486273666,21.641514691800555
332,10000,keys,ivf,256,119,0,0,4,0,50000,524288,0.9501,0.9501,0.17987494356930256,0.20362753421068192,0.012021749280393124,4904.15,423380,264192,49496064,49692672,fits_by_lifetime_peak,True,0.2354537005131096,30.89855420713088
333,100000,keys,sign,512,128,0,0,4,9,0,524288,0.9506,0.9506,2.1757706999778748,2.656166278757155,0.013692141510546207,74527.81,4053760,11264,53051392,56836096,fits_by_lifetime_peak,True,2.1635664672110164,-0.5609153927379595
334,1000000,keys,sign,4096,1201,0,0,4,12,0,0,0.99,0.99,24.468957912176847,27.75478467810899,0.09082874748855829,825072.21,40404640,114016,96337920,136069120,fits_by_lifetime_peak,True,23.98394524324076,-1.9821549846008035
335,1000000,branch,sign,256,24,0,1024,0,0,0,0,0.8071,0.8071,20.840375451371074,44.190352014265954,0.018162583000957966,393047.8,72118784,5120,133857280,171147264,fits_by_lifetime_peak,True,14.253121855026055,-31.608133028676544
336,100000,keys,ivf,2048,252,0,0,4,0,0,524288,0.9,0.9,0.48835389316082,0.5206351168453693,0.06074500735849142,12307.57,4182060,2113536,58458112,62193664,fits_by_lifetime_peak,True,0.5651279368235992,15.720985280954181
337,10000,scan,sign,1024,267,0,0,0,0,0,0,0.9505,0.9505,0.27185422368347645,0.2950309542939067,0.01617841888219118,8054.97,400000,20976,49496064,49692672,fits_by_lifetime_peak,True,0.24779536922634837,-8.849910121367156
338,100000,scan,sign,2048,448,0,0,0,0,0,0,0.9502,0.9502,1.9047914538532495,2.345791715197265,0.030234656296670437,69773.38,4000000,51272,54132736,57851904,fits_by_lifetime_peak,True,1.9406935446927458,1.884830529183068
339,10000,keys,sign,4096,695,0,0,4,12,0,0,0.95,0.95,0.43191714212298393,0.4746454069390893,0.044040074571967125,7601.58,473120,66752,49840128,49987584,fits_by_lifetime_peak,True,0.7091635499699702,64.1897208534602
340,1000000,scan,sign,1024,137,0,0,0,0,0,0,0.9008,0.9008,12.69447896629572,19.208447262644768,0.019266288727521896,504196.03,40000000,24576,101105664,140836864,fits_by_lifetime_peak,True,12.887860254203197,1.523349547633357
341,10000,branch,ivf,4096,1435,0,1024,0,0,0,0,0.99,0.99,0.47774985432624817,0.506456452421844,0.17032166477292776,4541.14,8788608,4227072,66928640,67190784,fits_by_lifetime_peak,True,0.4273012648829228,-10.559624244045251
342,1000000,branch,sign,4096,612,4096,1024,0,0,0,0,0.9486,0.95,19.87681188620627,25.791149376891553,0.0636724941432476,559526.46,74310144,114016,138395648,177504256,fits_by_lifetime_peak,True,20.550677198977965,3.3902082317302185
343,10000,branch,ivf,256,119,2048,512,0,0,0,0,0.9501,0.9501,0.16654166392982006,0.18269182182848454,0.011927075684070587,4904.15,969344,264192,50200576,50429952,fits_by_lifetime_peak,True,0.19334235261802984,16.092482839311305
344,1000000,keys,ivf,4096,408,0,0,4,0,0,524288,0.95,0.95,2.9182082507759333,3.1507642939686775,0.10990376584231853,99916.8,40460980,4227072,113229824,152977408,fits_by_lifetime_peak,True,3.0806812097205425,5.567558754636814
345,10000,keys,sign,256,78,0,0,4,8,50000,524288,0.9505,0.9505,0.29137497767806053,0.3176143392920494,0.006557619199156761,8288.62,423840,5080,49430528,49643520,fits_by_lifetime_peak,True,0.3069849163979016,5.357336736405838
346,10000,keys,sign,1024,365,0,0,4,10,10000,524288,0.9902,0.9902,0.3909575752913952,0.43570995330810547,0.01962503418326378,9404.01,441520,20976,49627136,49840128,fits_by_lifetime_peak,True,0.5230598814262492,33.789422301484564
347,100000,scan,ivf,16,4,0,0,0,0,0,0,0.8462,0.8462,0.6848331540822983,0.7984296418726444,0.0032800575718283653,25324.91,4000000,16512,54460416,58310656,fits_by_lifetime_peak,True,0.6689200521839433,-2.323646541277502
348,10000,branch,sign,64,11,0,1024,0,0,0,0,0.8051,0.8051,0.2145830076187849,0.26964754797518253,0.0032137474045157433,6202.09,756352,1024,49479680,49676288,fits_by_lifetime_peak,True,0.24491038931336873,14.133170203514723
349,1000000,branch,sign,256,55,0,1024,0,0,0,0,0.952,0.952,40.04795849323273,55.89833080302924,0.021050837822258472,691052.72,72118784,5120,136052736,171950080,fits_by_lifetime_peak,True,26.73062928121721,-33.2534533920521
350,10000,scan,sign,1024,138,0,0,0,0,0,0,0.8015,0.8015,0.17860392108559608,0.23608303163200617,0.01256259623914957,5323.07,400000,20976,49872896,50053120,fits_by_lifetime_peak,True,0.16936194662910492,-5.174564141882387
351,100000,branch,sign,16,4,0,1024,0,0,0,0,0.9138,0.9138,3.2567710150033236,3.601320437155664,0.00452007632702589,78935.38,7209216,192,57147392,60424192,fits_by_lifetime_peak,True,3.2143261822512006,-1.303279615195163
352,100000,keys,sign,64,14,0,0,4,6,0,0,0.9104,0.9104,2.0981254056096077,2.465695980936289,0.004518791101872921,71503.56,4010180,1024,52576256,56377344,fits_by_lifetime_peak,True,2.0941264059835967,-0.19059869421147457
353,10000,keys,ivf,4096,480,0,0,4,0,10000,524288,0.9,0.9,0.2696458250284195,0.28689359314739704,0.11920163407921791,1680.56,525500,4227072,58589184,58720256,fits_by_lifetime_peak,True,0.4814479169930277,78.5482556395172
354,1000000,scan,sign,256,39,0,0,0,0,0,0,0.9055,0.9055,14.874750515446067,19.746901839971542,0.012691710144281387,556435.22,40000000,5120,102055936,141901824,fits_by_lifetime_peak,True,14.638946087135311,-1.5852664423910423
355,1000000,branch,ivf,256,11,512,512,0,0,0,0,0.8005,0.8155,1.1859580408781767,1.5777519205585122,0.00822876114398241,34049.35,72272384,264192,151977984,191643648,fits_by_lifetime_peak,True,1.2368283356225906,4.289384024644383
356,1000000,keys,ivf,1024,26,0,0,4,0,0,0,0.8032,0.8032,0.7597077637910843,0.8714639116078615,0.019306312315165997,25613.71,40138360,1056768,106676224,146505728,fits_by_lifetime_peak,True,0.7459999912668466,-1.8043480898277675
357,100000,branch,ivf,64,46,0,1024,0,0,0,0,0.9913,0.9913,1.9655204378068447,2.1067297318950295,0.006139194592833519,71709.71,7262464,66048,58589184,62324736,fits_by_lifetime_peak,True,2.4352923397998163,23.900636846958957
358,100000,keys,sign,256,67,0,0,4,8,0,524288,0.9519,0.9519,2.1695210598409176,2.522267191670835,0.007647206075489521,76833.73,4036860,5120,52609024,56410112,fits_by_lifetime_peak,True,2.2051140081897707,1.640590128747732
359,100000,branch,ivf,256,45,256,1024,0,0,0,0,0.9008,0.9008,0.49018790014088154,0.5528120324015617,0.009669666178524494,17465.68,7473408,264192,61440000,65208320,fits_by_lifetime_peak,True,0.5995258537945973,22.305314680817645
360,100000,branch,sign,256,32,0,1024,0,0,0,0,0.804,0.804,1.4015419874340296,2.103866566903889,0.0064116669818758965,49114.11,7338240,5120,56557568,60342272,fits_by_lifetime_peak,True,1.7322891649113548,23.59880620364885
361,10000,keys,sign,64,16,0,0,4,6,0,0,0.9081,0.9081,0.24850061163306236,0.2889294410124421,0.003360374830663204,7760.42,408740,1024,49217536,49430528,fits_by_lifetime_peak,True,0.24739205748975596,-0.4460971488244536
362,1000000,keys,ivf,64,5,0,0,8,0,0,524288,0.8194,0.8194,2.368645975366235,2.906415145844221,0.005326722748577595,79248.0,40137440,66048,94863360,134709248,fits_by_lifetime_peak,True,2.2279682138022983,-5.93916368368157
363,100000,branch,ivf,4096,404,1024,128,0,0,0,0,0.9,0.9,0.4544374532997608,0.49990443512797356,0.11073957197368145,10356.43,12495104,4227072,73023488,76808192,fits_by_lifetime_peak,True,0.4926958480044202,8.418847176186194
364,100000,branch,sign,4096,299,4096,1024,0,0,0,0,0.8003,0.8003,1.1205414775758982,1.7318126279860735,0.03818337805569172,36721.2,9931008,103208,60571648,64258048,fits_by_lifetime_peak,True,1.3578097794296595,21.17443277218538
365,100000,branch,sign,4096,535,0,1024,0,0,0,0,0.9002,0.9002,1.6571457963436842,2.1069377660751343,0.04743795841932297,54164.76,9931008,103208,60325888,63963136,fits_by_lifetime_peak,True,2.024373852863128,22.16027445078721
366,10000,scan,ivf,64,51,0,0,0,0,0,0,0.9903,0.9903,0.23658270947635174,0.25224569253623486,0.004865415394306183,8120.7,400000,66048,49774592,50020352,fits_by_lifetime_peak,True,0.23127347603590565,-2.2441341770907397
367,100000,scan,ivf,4096,178,0,0,0,0,0,0,0.8001,0.8001,0.2389999572187662,0.2545978408306837,0.08539329748600721,4634.41,4000000,4227072,64651264,68403200,fits_by_lifetime_peak,True,0.22060914179217844,-7.694903229523975
368,1000000,keys,sign,4096,204,0,0,4,12,0,524288,0.8002,0.8002,8.695625001564622,14.900454157032073,0.04189917352050543,275124.24,40404640,114016,95649792,135430144,fits_by_lifetime_peak,True,7.770727150196757,-10.636358527437029
369,10000,branch,sign,256,61,512,1024,0,0,0,0,0.9042,0.9042,0.2542920410633087,0.2872517332434654,0.006081350147724152,7364.48,889472,5080,49971200,50135040,fits_by_lifetime_peak,True,0.27592056184936775,8.505386442934082
370,1000000,branch,sign,64,12,2048,512,0,0,0,0,0.8822,0.9168,15.325791435316205,19.088627700693905,0.01635370310395956,144386.98,72032768,1024,150700032,173228032,fits_by_lifetime_peak,True,8.123767000311487,-46.992838610661444
371,10000,branch,ivf,1024,356,2048,1024,0,0,0,0,0.9501,0.9501,0.21022907458245754,0.23134578950703144,0.04066875670105219,4199.39,2497152,1056768,52887552,53166080,fits_by_lifetime_peak,True,0.21481796084247556,2.1828028635583197
372,100000,branch,sign,16,3,256,512,0,0,0,0,0.7438,0.8333,0.7982710376381874,1.0483558289706707,0.003592963330447674,17687.8,7209216,192,57360384,60456960,fits_by_lifetime_peak,True,0.7129563580475762,-10.687432659843
373,100000,branch,ivf,64,16,0,1024,0,0,0,0,0.9051,0.9051,0.72914594784379,0.7942521246150136,0.004739616997539997,25152.01,7262464,66048,60604416,64389120,fits_by_lifetime_peak,True,0.8723535288772339,19.64045489890376
374,100000,branch,sign,2048,448,0,1024,0,0,0,0,0.9502,0.9502,2.0449375733733177,2.4580825818702574,0.030146264471113682,69773.38,8550656,51272,58802176,62455808,fits_by_lifetime_peak,True,2.532554589775667,23.845080786401663
375,1000000,keys,sign,1024,207,0,0,4,10,0,0,0.95,0.95,19.00350023061037,23.11833114363253,0.024857064709067345,659008.17,40136180,24576,93077504,132808704,fits_by_lifetime_peak,True,19.041900734135275,0.20207068728870237
376,100000,branch,sign,256,100,0,1024,0,0,0,0,0.9902,0.9902,2.608041511848569,2.796274865977466,0.008269152604043484,92628.2,7338240,5120,56590336,60227584,fits_by_lifetime_peak,True,3.2185914761284478,23.410285515245643
377,1000000,keys,sign,8192,1790,0,0,4,13,0,524288,0.99,0.99,24.226479465141892,27.32265437953174,0.1305179437622428,817816.17,40668540,220080,97533952,137232384,fits_by_lifetime_peak,True,24.268134381954777,0.1719396203349266
378,100000,keys,ivf,64,7,0,0,4,0,0,0,0.803,0.803,0.3507714718580246,0.39365198463201523,0.003927084617316723,11329.45,4009680,66048,53788672,57589760,fits_by_lifetime_peak,True,0.3322147431450772,-5.290261666564
379,1000000,branch,sign,1024,207,0,1024,0,0,0,0,0.95,0.95,27.95479167252779,38.95754797849804,0.03122379072010517,659008.17,72524288,24576,134627328,173555712,fits_by_lifetime_peak,True,24.590766268892725,-12.033806021673977
380,10000,branch,ivf,1024,139,256,128,0,0,0,0,0.8006,0.8006,0.11374964378774166,0.12751033063977957,0.03218249883502722,1686.03,2497152,1056768,53149696,53264384,fits_by_lifetime_peak,True,0.10821502193126054,-4.865616868927347
381,1000000,keys,sign,1024,137,0,0,4,10,0,0,0.9008,0.9008,13.513103825971484,20.27562956791371,0.019452986307442188,504196.03,40136180,24576,93519872,133300224,fits_by_lifetime_peak,True,13.584283945982351,0.5267488574613122
382,100000,keys,sign,256,100,0,0,4,8,0,0,0.9902,0.9902,2.530665835365653,2.6927292812615633,0.007749185897409916,92628.2,4036860,5120,52625408,56360960,fits_by_lifetime_peak,True,2.6315439668760554,3.9862288454147743
383,100000,keys,ivf,4096,404,0,0,4,0,0,524288,0.9,0.9,0.5410835146903992,0.6457747658714651,0.11383824981749058,10356.43,4298080,4227072,63651840,67371008,fits_by_lifetime_peak,True,0.6611881453962618,22.1970596858019
384,10000,keys,sign,64,21,0,0,4,6,50000,524288,0.9545,0.9545,0.2762086223810911,0.29363338835537434,0.0033434107899665833,8664.83,408740,1024,48922624,49152000,fits_by_lifetime_peak,True,0.2799145774026288,1.3417231473768165
385,1000000,keys,ivf,1024,364,0,0,4,0,0,0,0.99,0.99,9.671041509136558,10.25650566443801,0.04749543499201536,355196.84,40138360,1056768,106528768,146309120,fits_by_lifetime_peak,True,9.850816429501503,1.8588992736212173
386,1000000,keys,sign,64,15,0,0,4,6,0,0,0.9505,0.9505,20.912312902510166,24.080110318027437,0.01096127089112997,746686.26,40010240,1024,90275840,130138112,fits_by_lifetime_peak,True,21.170905509370563,1.2365567025795388
387,10000,keys,sign,256,107,0,0,4,8,10000,524288,0.9903,0.9903,0.3027706407010555,0.3177919425070286,0.006329943425953388,9519.67,423840,5080,49397760,49610752,fits_by_lifetime_peak,True,0.35210870562704355,16.295524827555052
388,10000,keys,ivf,4096,760,0,0,4,0,0,524288,0.9502,0.9502,0.34454185515642166,0.36637296434491873,0.1355542242527008,2573.27,525500,4227072,58785792,59047936,fits_by_lifetime_peak,True,0.6964523044619504,102.13866444347137
389,1000000,branch,ivf,64,36,0,1024,0,0,0,0,0.99,0.99,28.65697955712676,33.38641615118831,0.019022501073777676,561348.56,72065536,66048,139378688,177143808,fits_by_lifetime_peak,True,19.71986048172787,-31.18653540434375
390,100000,keys,sign,1024,251,0,0,4,10,0,524288,0.9504,0.9504,2.1557710133492947,2.5195185793563724,0.018022931180894375,73667.42,4091180,24432,52871168,56623104,fits_by_lifetime_peak,True,2.2797166936794584,5.749482647398474
391,10000,keys,ivf,4096,268,0,0,4,0,0,0,0.8002,0.8002,0.18477090634405613,0.1991813536733389,0.09620412718504667,964.1,525500,4227072,58638336,58834944,fits_by_lifetime_peak,True,0.3073525448110909,66.34249995980393
392,1000000,keys,ivf,4096,191,0,0,4,0,50000,524288,0.8999,0.9001,1.4973538927733898,1.6424006083980203,0.08901713415980339,47177.67,40460980,4227072,113459200,153223168,fits_by_lifetime_peak,True,1.4942167428432824,-0.209512924449462
393,10000,keys,sign,1024,138,0,0,4,10,0,0,0.8015,0.8015,0.20012515597045422,0.2612733282148838,0.012308289296925068,5323.07,441520,20976,49528832,49692672,fits_by_lifetime_peak,True,0.26238890771064255,31.112406353042754
394,1000000,branch,ivf,1024,68,0,1024,0,0,0,0,0.9009,0.9009,1.8693124875426292,2.100054291076958,0.024693403393030167,65883.15,73024000,1056768,176799744,216612864,fits_by_lifetime_peak,True,2.262510272661653,21.034352883177696
395,1000000,keys,ivf,1024,68,0,0,4,0,0,0,0.9009,0.9009,1.829813001677394,2.017742139287293,0.024472945369780064,65883.15,40138360,1056768,106676224,146456576,fits_by_lifetime_peak,True,1.8631737098679302,1.8231758196031178
396,100000,scan,sign,4096,535,0,0,0,0,0,0,0.9002,0.9002,1.6136460471898317,2.0511354552581906,0.048806690610945225,54164.76,4000000,103208,54542336,58277888,fits_by_lifetime_peak,True,1.5490343107114704,-4.004083583936069
397,100000,branch,sign,64,14,0,1024,0,0,0,0,0.9104,0.9104,2.4423126596957445,2.9419581405818462,0.005005868151783943,71503.56,7235840,1024,56328192,59883520,fits_by_lifetime_peak,True,2.667556448072742,9.22256155381258
398,100000,branch,ivf,512,82,256,512,0,0,0,0,0.9,0.9,0.47120777890086174,0.500812754034996,0.016764141619205475,16197.2,7704832,528384,61964288,65716224,fits_by_lifetime_peak,True,0.5722953041195271,21.45285577722462
399,1000000,keys,sign,64,12,0,0,4,6,0,0,0.9168,0.9168,19.031020579859614,23.2058169785887,0.009719599038362503,662462.34,40010240,1024,90390528,130203648,fits_by_lifetime_peak,True,19.231791714608732,1.0549677769861265
400,1000000,keys,sign,4096,398,0,0,4,12,0,524288,0.9004,0.9004,13.635561801493168,19.472186639904976,0.04833414684981108,438111.3,40404640,114016,96206848,135970816,fits_by_lifetime_peak,True,13.007708271622459,-4.604529971049343
401,10000,branch,ivf,64,26,256,512,0,0,0,0,0.9016,0.9016,0.13589556328952312,0.1500691520050168,0.004407078959047794,4157.47,787072,66048,50364416,50610176,fits_by_lifetime_peak,True,0.15565742991793546,14.541951297048627
402,10000,keys,ivf,64,26,0,0,4,0,0,0,0.9016,0.9016,0.136104179546237,0.14948525931686163,0.004134578630328178,4157.47,407800,66048,49332224,49577984,fits_by_lifetime_peak,True,0.15052873664659402,10.598173508299036
403,100000,keys,ivf,1024,138,0,0,4,0,0,0,0.9001,0.9001,0.44527091085910797,0.46922657638788223,0.03136000130325556,13520.93,4107240,1056768,55902208,59637760,fits_by_lifetime_peak,True,0.4995329809478324,12.186304733904784
404,1000000,scan,ivf,64,17,0,0,0,0,0,0,0.9527,0.9527,6.6951250191777945,7.907815091311932,0.00820960383862257,265679.33,40000000,66048,104972288,144834560,fits_by_lifetime_peak,True,6.834183292042583,2.0770078596958896
405,10000,scan,sign,64,16,0,0,0,0,0,0,0.9081,0.9081,0.2368539571762085,0.2728578168898821,0.0033388053998351097,7760.42,400000,1024,49315840,49561600,fits_by_lifetime_peak,True,0.2264708483793371,-4.383759900260753
406,10000,scan,sign,64,11,0,0,0,0,0,0,0.8051,0.8051,0.19974983297288418,0.24345028214156628,0.0031583523377776146,6202.09,400000,1024,49152000,49397760,fits_by_lifetime_peak,True,0.19587358582799042,-1.940550881672054
407,1000000,scan,ivf,1024,26,0,0,0,0,0,0,0.8032,0.8032,0.7082705851644278,0.8014457067474723,0.019107996486127377,25613.71,40000000,1056768,138887168,178749440,fits_by_lifetime_peak,True,0.6973171209118987,-1.54650842234062
408,100000,branch,ivf,64,46,512,1024,0,0,0,0,0.989,0.9913,1.936979591846466,2.122416254132986,0.006388332694768906,69830.58,7262464,66048,60555264,64290816,fits_by_lifetime_peak,True,2.4108956049165524,24.46675303472434
409,1000000,branch,ivf,64,17,2048,1024,0,0,0,0,0.9527,0.9527,12.62587495148182,17.145589739084244,0.01676082145422697,263565.73,72065536,66048,134987776,173637632,fits_by_lifetime_peak,True,9.252319781364072,-26.719377334889682
410,100000,scan,ivf,4096,404,0,0,0,0,0,0,0.9,0.9,0.4348745569586754,0.4714271519333124,0.11158252600580454,10356.43,4000000,4227072,64815104,68567040,fits_by_lifetime_peak,True,0.39441678222227927,-9.303320713757158
411,100000,scan,ivf,64,26,0,0,0,0,0,0,0.9526,0.9526,1.0729788336902857,1.8008516170084476,0.008165002800524235,40815.39,4000000,66048,54984704,58818560,fits_by_lifetime_peak,True,1.0674099071534509,-0.5190155072939961
412,10000,keys,ivf,1024,139,0,0,4,0,10000,524288,0.8006,0.8006,0.1257916446775198,0.13688968028873205,0.032279216684401035,1686.03,458100,1056768,50855936,51085312,fits_by_lifetime_peak,True,0.1821573221138606,44.80876101178277
413,10000,branch,sign,4096,350,4096,512,0,0,0,0,0.8002,0.8002,0.22945809178054333,0.2753754612058401,0.03243374638259411,4802.56,2904704,66752,52150272,52248576,fits_by_lifetime_peak,True,0.23196960721458765,1.094542107691887
414,10000,keys,ivf,4096,1435,0,0,4,0,10000,524288,0.99,0.99,0.5375626496970654,0.5722360219806433,0.16344128642231226,4541.14,525500,4227072,58507264,58720256,fits_by_lifetime_peak,True,1.1978806529494261,122.83554365699926
415,100000,keys,ivf,2048,106,0,0,4,0,0,0,0.8003,0.8003,0.22664619609713554,0.2562584588304162,0.04537126515060663,5233.34,4182060,2113536,58392576,62177280,fits_by_lifetime_peak,True,0.2698249262819441,19.051160323159856
416,10000,keys,sign,4096,695,0,0,4,12,0,524288,0.95,0.95,0.42354222387075424,0.46040485613048077,0.04481704439967871,7601.58,473120,66752,49840128,49987584,fits_by_lifetime_peak,True,0.7078816183793444,67.13365952277701
417,1000000,branch,sign,8192,264,2048,1024,0,0,0,0,0.7953,0.8006,8.283521048724651,12.638174626044929,0.061342078261077404,238422.41,77089280,220080,140967936,180666368,fits_by_lifetime_peak,True,8.894626531440169,7.377363793982328
418,100000,keys,sign,1024,183,0,0,4,10,0,0,0.9006,0.9006,1.8722289241850376,2.391926432028413,0.01561085693538189,60741.57,4091180,24432,53313536,56983552,fits_by_lifetime_peak,True,1.8898052923900222,0.9387937542218783
419,100000,keys,sign,256,49,0,0,4,8,0,524288,0.9018,0.9018,1.8790829926729202,2.3235213477164507,0.007001659832894802,64054.95,4036860,5120,52658176,56492032,fits_by_lifetime_peak,True,1.8945286299833124,0.8219773884718728
420,100000,branch,sign,2048,706,2048,1024,0,0,0,0,0.9902,0.9902,2.5473961140960455,2.7941122418269515,0.03996823448687792,88579.37,8550656,51272,58851328,62406656,fits_by_lifetime_peak,True,3.129829518748674,22.863872698467546
421,10000,branch,sign,64,28,4096,1024,0,0,0,0,0.9918,0.9918,0.28952094726264477,0.30640403274446726,0.00357083510607481,9693.9,756352,1024,49659904,49872896,fits_by_lifetime_peak,True,0.3459939049971828,19.505655210262706
422,10000,scan,ivf,64,36,0,0,0,0,0,0,0.9542,0.9542,0.17145811580121517,0.1820743316784501,0.004745922051370144,5750.06,400000,66048,49889280,50102272,fits_by_lifetime_peak,True,0.16972331176661254,-1.0117946452963045
423,100000,scan,sign,16,4,0,0,0,0,0,0,0.9138,0.9138,2.230666810646653,2.3633629316464067,0.0038087228313088417,78935.38,4000000,192,54018048,57851904,fits_by_lifetime_peak,True,2.304660695698192,3.3171195580790735
424,1000000,keys,ivf,256,45,0,0,4,0,0,0,0.9512,0.9512,5.125874886289239,5.79568303655833,0.012212926521897316,181949.72,40038700,264192,100122624,139919360,fits_by_lifetime_peak,True,4.985893901544573,-2.7308701021768744
425,1000000,keys,ivf,256,11,0,0,4,0,0,0,0.8155,0.8155,1.306416466832161,1.5187692362815142,0.008048336021602154,45076.24,40038700,264192,100040704,139870208,fits_by_lifetime_peak,True,1.2714984797222442,-2.6728067194825678
426,1000000,scan,ivf,256,45,0,0,0,0,0,0,0.9512,0.9512,4.773291293531656,5.1990535808727145,0.014260802417993546,181949.72,40000000,264192,118161408,157990912,fits_by_lifetime_peak,True,4.733872847087056,-0.8258127153902395
427,100000,branch,sign,16,3,0,1024,0,0,0,0,0.8333,0.8333,2.750958548858762,3.158106072805822,0.005088774487376213,68371.8,7209216,192,57262080,60620800,fits_by_lifetime_peak,True,2.725641424410012,-0.9203019238240628
428,100000,keys,ivf,2048,447,0,0,4,0,0,524288,0.9502,0.9502,0.7890420965850353,0.8529587183147669,0.07209292147308588,21905.35,4182060,2113536,58310656,62013440,fits_by_lifetime_peak,True,0.9576540949366736,21.369201856452147
429,100000,scan,ivf,64,7,0,0,0,0,0,0,0.803,0.803,0.3267708234488964,0.36662532947957516,0.003832569345831871,11329.45,4000000,66048,57016320,60850176,fits_by_lifetime_peak,True,0.31332156990198573,-4.11580611909007
430,10000,branch,ivf,1024,568,0,1024,0,0,0,0,0.99,0.99,0.3104379866272211,0.32546319998800755,0.047548371367156506,6464.2,2497152,1056768,53100544,53280768,fits_by_lifetime_peak,True,0.31079582410666123,0.11526858659529626
431,100000,scan,sign,1024,108,0,0,0,0,0,0,0.8019,0.8019,1.1709164828062057,1.857233326882124,0.012724236585199833,43308.66,4000000,24432,53641216,57409536,fits_by_lifetime_peak,True,1.1586649642738434,-1.046318735133056
432,10000,branch,ivf,1024,246,0,1024,0,0,0,0,0.9,0.9,0.16162474639713764,0.17533688805997372,0.03790829796344042,2941.23,2497152,1056768,53018624,53231616,fits_by_lifetime_peak,True,0.16383757091409024,1.369112444894638
433,10000,branch,ivf,1024,356,0,1024,0,0,0,0,0.9501,0.9501,0.21258345805108547,0.22973897866904736,0.04154368303716183,4199.39,2497152,1056768,52822016,53084160,fits_by_lifetime_peak,True,0.21646872736014466,1.827644231907044
434,100000,branch,ivf,512,141,256,1024,0,0,0,0,0.9502,0.9502,0.7776874117553234,0.8356497157365084,0.021185027435421944,27810.86,7704832,528384,61964288,65748992,fits_by_lifetime_peak,True,0.9668858871543289,24.32834485155988
435,100000,branch,sign,1024,251,0,1024,0,0,0,0,0.9504,0.9504,2.1730836015194654,2.5244772667065263,0.01766838598996401,73667.42,7819520,24432,57507840,61210624,fits_by_lifetime_peak,True,2.6555281225968703,22.200918581322405
436,100000,keys,sign,512,93,0,0,4,9,0,0,0.9009,0.9009,1.8262499943375587,2.3471994092687964,0.010767551138997078,61833.4,4053760,11264,53051392,56819712,fits_by_lifetime_peak,True,1.8219660404270104,-0.23457653244797205
437,10000,keys,sign,1024,267,0,0,4,10,10000,524288,0.9505,0.9505,0.3203330561518669,0.3561476478353143,0.016495869494974613,8054.97,441520,20976,49741824,49922048,fits_by_lifetime_peak,True,0.4255717488025911,32.85289814137429
438,100000,scan,ivf,2048,106,0,0,0,0,0,0,0.8003,0.8003,0.1971665769815445,0.2120103919878602,0.04445374011993408,5233.34,4000000,2113536,60178432,63930368,fits_by_lifetime_peak,True,0.19578937652964865,-0.6984958977224398
439,1000000,scan,ivf,1024,364,0,0,0,0,0,0,0.99,0.99,8.899000007659197,9.384176274761558,0.045817503705620766,355196.84,40000000,1056768,138887168,178667520,fits_by_lifetime_peak,True,9.190759412354323,3.278563933520773
440,100000,keys,ivf,4096,178,0,0,4,0,50000,524288,0.8001,0.8001,0.285125570371747,0.3110636956989765,0.0852091982960701,4634.41,4298080,4227072,63815680,67600384,fits_by_lifetime_peak,True,0.33755241547540377,18.387282850605978
441,1000000,branch,ivf,1024,68,512,1024,0,0,0,0,0.9009,0.9009,1.9346666522324085,2.096084039658308,0.02709047868847847,65861.08,73024000,1056768,176717824,216481792,fits_by_lifetime_peak,True,2.2687809536850256,17.269864090905962
442,10000,branch,sign,4096,963,2048,1024,0,0,0,0,0.9902,0.9902,0.42204209603369236,0.4394856048747897,0.05040758289396763,9140.92,2904704,66752,52477952,52690944,fits_by_lifetime_peak,True,0.4352819056904923,3.1370827178677896
443,1000000,branch,ivf,1024,364,0,1024,0,0,0,0,0.99,0.99,9.74660413339734,10.345732886344194,0.046838391572237015,355196.84,73024000,1056768,177160192,216809472,fits_by_lifetime_peak,True,11.982866828280915,22.94401890419333
444,100000,keys,ivf,512,141,0,0,4,0,0,524288,0.9502,0.9502,0.8229371160268784,0.8705897955223918,0.020472132600843906,27810.86,4060960,528384,54673408,58425344,fits_by_lifetime_peak,True,0.8754999013028533,6.387217717162508
445,10000,branch,sign,1024,207,0,1024,0,0,0,0,0.9007,0.9007,0.24302047677338123,0.29119565151631827,0.013720891438424587,6956.13,1428096,20976,50511872,50724864,fits_by_lifetime_peak,True,0.27965506833719944,15.074693314004284
446,100000,keys,sign,64,18,0,0,4,6,0,0,0.9521,0.9521,2.2495414596050978,2.5696829659864306,0.004438715986907482,81209.93,4010180,1024,52150272,55984128,fits_by_lifetime_peak,True,2.3410071404438293,4.065969997938512
447,100000,keys,ivf,256,22,0,0,4,0,0,0,0.8048,0.8048,0.25210436433553696,0.297650508582592,0.00761114526540041,8489.49,4034260,264192,54493184,58343424,fits_by_lifetime_peak,True,0.26571178211267327,5.397533602006832
448,1000000,scan,ivf,4096,408,0,0,0,0,0,0,0.95,0.95,2.6256043929606676,2.7864077361300588,0.10905124247074127,99916.8,40000000,4227072,130547712,170295296,fits_by_lifetime_peak,True,2.704653536922142,3.0107027613683
449,1000000,branch,ivf,64,5,512,1024,0,0,0,0,0.8174,0.8194,2.927083056420088,3.694083332084119,0.0054933782666921616,71776.29,72065536,66048,137691136,177291264,fits_by_lifetime_peak,True,2.6142481343829873,-10.68759977107404
450,100000,branch,ivf,512,273,0,1024,0,0,0,0,0.99,0.99,1.4482499100267887,1.4953581616282463,0.024285814724862576,53472.29,7704832,528384,61898752,65617920,fits_by_lifetime_peak,True,1.8315622515051826,26.467278804892437
451,1000000,branch,sign,8192,859,4096,1024,0,0,0,0,0.9483,0.9501,19.9433749075979,25.92061508912593,0.10283255018293858,555761.79,77089280,220080,141754368,180830208,fits_by_lifetime_peak,True,19.93669119767995,-0.033513434656462504
452,100000,branch,sign,2048,308,0,1024,0,0,0,0,0.9005,0.9005,1.7042085528373718,2.270520990714431,0.027054990641772747,55074.14,8550656,51272,58785792,62504960,fits_by_lifetime_peak,True,1.9879036521799482,16.646736038863708
453,1000000,scan,sign,4096,612,0,0,0,0,0,0,0.95,0.95,15.883645508438349,20.069506438449025,0.06324042100459337,575734.68,40000000,114016,101318656,141082624,fits_by_lifetime_peak,True,15.924692448467393,0.25842266504398914
454,1000000,keys,sign,8192,264,0,0,4,13,0,524288,0.8006,0.8006,7.731416495516896,14.174997806549072,0.0646241707727313,273651.32,40668540,220080,97501184,137248768,fits_by_lifetime_peak,True,7.547923668847703,-2.3733403416513976
455,100000,branch,sign,64,14,256,1024,0,0,0,0,0.8688,0.9104,1.366375247016549,1.8192441202700136,0.00452711246907711,41082.81,7235840,1024,56606720,60211200,fits_by_lifetime_peak,True,1.4432614659339347,5.627020767923385
456,1000000,branch,ivf,8192,313,0,1024,0,0,0,0,0.9001,0.9001,1.2408960610628128,1.329079200513661,0.16463915817439556,37985.76,80310784,8454144,190873600,230588416,fits_by_lifetime_peak,True,1.458716185098438,17.553454384331335
457,1000000,scan,ivf,4096,1224,0,0,0,0,0,0,0.99,0.99,7.865937426686287,8.144268626347184,0.1682950183749199,298722.97,40000000,4227072,130367488,170115072,fits_by_lifetime_peak,True,7.887713201363891,0.27683635778397164
458,1000000,branch,sign,256,88,4096,1024,0,0,0,0,0.9888,0.9905,45.285416999831796,58.39878688566387,0.02487713936716318,739258.05,72118784,5120,136413184,170721280,fits_by_lifetime_peak,True,26.970904044614358,-40.44240766356522
459,100000,keys,ivf,16,8,0,0,4,0,0,524288,0.9532,0.9532,1.38720846734941,1.585204410366714,0.0036603864282369614,50484.48,4002560,16512,52953088,56770560,fits_by_lifetime_peak,True,1.3812950473432437,-0.4262820005319967
460,100000,keys,ivf,256,77,0,0,4,0,0,0,0.9504,0.9504,0.837916973978281,0.9174912702292204,0.010952558368444443,29980.95,4034260,264192,54476800,58277888,fits_by_lifetime_peak,True,0.878997070930666,4.902645277293294
461,100000,branch,ivf,1024,499,1024,512,0,0,0,0,0.99,0.99,1.3735005632042885,1.400696113705635,0.04579253029078245,48694.42,8245504,1056768,62947328,66633728,fits_by_lifetime_peak,True,1.7087250663099067,24.40657922436966
462,10000,branch,ivf,64,26,0,1024,0,0,0,0,0.9016,0.9016,0.14081201516091824,0.1562527613714337,0.004357588477432728,4157.47,787072,66048,50184192,50413568,fits_by_lifetime_peak,True,0.15551615321807571,10.44238876941983
463,10000,branch,sign,256,78,0,1024,0,0,0,0,0.9505,0.9505,0.2751876600086689,0.2993231872096658,0.006429171189665794,8288.62,889472,5080,49676288,49872896,fits_by_lifetime_peak,True,0.3105644951937548,12.855531088847316
464,100000,keys,sign,512,198,0,0,4,9,0,524288,0.9902,0.9902,2.621437655761838,2.823803387582302,0.013879546895623207,91824.92,4053760,11264,53133312,56918016,fits_by_lifetime_peak,True,2.6902594356441547,2.625344903055349
465,10000,scan,ivf,4096,1435,0,0,0,0,0,0,0.99,0.99,0.41829166002571583,0.5206957459449768,0.1758679887279868,4541.14,400000,4227072,58228736,58327040,fits_by_lifetime_peak,True,0.30792653413797016,-26.384730185861372
466,100000,scan,sign,1024,251,0,0,0,0,0,0,0.9504,0.9504,1.9948340486735106,2.326879044994712,0.018339157104492188,73667.42,4000000,24432,53805056,57606144,fits_by_lifetime_peak,True,2.0284924423416975,1.6872778811134026
467,10000,branch,ivf,4096,268,4096,128,0,0,0,0,0.8002,0.8002,0.17679156735539436,0.21496212575584644,0.0997608620673418,964.1,8788608,4227072,66600960,66797568,fits_by_lifetime_peak,True,0.15963373069206663,-9.705121641258085
468,100000,scan,sign,2048,182,0,0,0,0,0,0,0.8005,0.8005,1.050228951498866,1.6733249882236123,0.020891721360385418,38204.93,4000000,51272,54394880,58179584,fits_by_lifetime_peak,True,1.0458566542854277,-0.4163184805749509
469,10000,keys,ivf,256,85,0,0,4,0,0,0,0.9007,0.9007,0.13870839029550552,0.15339776873588562,0.010545416735112667,3506.7,423380,264192,49528832,49725440,fits_by_lifetime_peak,True,0.17658370617272437,27.30571366052836
470,1000000,branch,ivf,64,36,4096,1024,0,0,0,0,0.9898,0.99,28.13358325511217,36.31256043445319,0.019065476953983307,558826.31,72065536,66048,139362304,177045504,fits_by_lifetime_peak,True,19.658548403861083,-30.12426385363153
471,10000,branch,ivf,64,51,0,1024,0,0,0,0,0.9903,0.9903,0.23972894996404648,0.25668961461633444,0.0047079287469387054,8120.7,787072,66048,50069504,50298880,fits_by_lifetime_peak,True,0.2900886884065883,21.006949077320257
472,100000,keys,ivf,64,16,0,0,4,0,0,524288,0.9051,0.9051,0.7132913451641798,0.7829292910173535,0.0046545593068003654,25152.01,4009680,66048,53624832,57458688,fits_by_lifetime_peak,True,0.713930350317671,0.08958543487502801
473,1000000,keys,sign,64,12,0,0,4,6,0,524288,0.9168,0.9168,18.751916475594044,22.822268563322723,0.009319190867245197,662462.34,40010240,1024,90456064,130301952,fits_by_lifetime_peak,True,19.235041797563497,2.5764050442430797
474,100000,keys,ivf,512,141,0,0,4,0,0,0,0.9502,0.9502,0.8520418778061867,0.9405055548995733,0.022937534376978874,27810.86,4060960,528384,54804480,58589184,fits_by_lifetime_peak,True,0.8764448191042002,2.864054213021272
475,1000000,keys,sign,1024,207,0,0,4,10,0,524288,0.95,0.95,19.631917122751474,24.115860695019364,0.023945430293679237,659008.17,40136180,24576,93552640,133316608,fits_by_lifetime_peak,True,19.04331750860191,-2.998176950673026
476,100000,branch,sign,16,6,2048,128,0,0,0,0,0.9494,0.971,2.790353959426284,3.51414147298783,0.007569571025669575,43537.92,7209216,192,59244544,61620224,fits_by_lifetime_peak,True,2.488963942166859,-10.801139269133909
477,100000,branch,ivf,4096,763,0,1024,0,0,0,0,0.95,0.95,0.7612500339746475,0.8049856871366501,0.14159084763377905,19477.55,12495104,4227072,73072640,76759040,fits_by_lifetime_peak,True,0.8537449203012809,12.150395034296157
478,1000000,branch,sign,256,24,4096,128,0,0,0,0,0.7584,0.8071,7.2413955349475145,9.562766901217401,0.010434184223413467,68660.63,72118784,5120,138706944,170967040,fits_by_lifetime_peak,True,4.192733339105296,-42.10047885285574
479,10000,keys,sign,1024,138,0,0,4,10,50000,524288,0.8015,0.8015,0.21147937513887882,0.27885427698493004,0.012837983667850494,5323.07,441520,20976,49709056,49938432,fits_by_lifetime_peak,True,0.2625975239673564,24.17169466048792
480,100000,keys,sign,64,27,0,0,4,6,0,0,0.992,0.992,2.6729165110737085,2.792214439250529,0.0052420515567064285,96022.93,4010180,1024,52412416,56246272,fits_by_lifetime_peak,True,2.6668962577887854,-0.22523162470589053
481,10000,keys,sign,256,41,0,0,4,8,10000,524288,0.8041,0.8041,0.20354194566607475,0.2608227077871561,0.005415789783000946,5775.82,423840,5080,49692672,49905664,fits_by_lifetime_peak,True,0.20875345514530247,2.5604105641092723
482,10000,branch,ivf,64,16,0,1024,0,0,0,0,0.8062,0.8062,0.09624962694942951,0.1098352950066328,0.004099542275071144,2571.08,787072,66048,50135040,50348032,fits_by_lifetime_peak,True,0.1016925066373518,5.654961853288043
483,100000,branch,ivf,2048,252,0,1024,0,0,0,0,0.9,0.9,0.4293539095669985,0.4533294355496764,0.06031372118741274,12307.57,9197824,2113536,65404928,69107712,fits_by_lifetime_peak,True,0.4954800136841352,15.401304761338874
484,100000,keys,sign,2048,706,0,0,4,11,0,0,0.9902,0.9902,2.769708400592208,2.9486478539183736,0.04035049583762884,88579.37,4150360,51272,53264384,56983552,fits_by_lifetime_peak,True,2.9425315028497945,6.239758027257825
485,100000,keys,sign,16,8,0,0,4,4,0,524288,1.0,1.0,2.655124757438898,2.85923108458519,0.004992946051061153,100000.0,4002560,192,51970048,55803904,fits_by_lifetime_peak,True,2.715617908774328,2.2783543848907906
486,100000,scan,none,1,1,0,0,0,0,0,0,1.0,1.0,2.5400416925549507,2.6917981216683984,0.00044378452003002167,100000.0,4000000,0,55640064,59080704,fits_by_lifetime_peak,True,2.584537128661344,1.7517600690103885
487,1000000,branch,sign,4096,204,2048,1024,0,0,0,0,0.7951,0.8002,8.601292036473751,12.42624600417912,0.03699840046465397,241525.78,74310144,114016,137986048,177684480,fits_by_lifetime_peak,True,9.332379379203246,8.49973863960578
488,100000,scan,ivf,64,46,0,0,0,0,0,0,0.9913,0.9913,1.8020628485828638,1.8717103637754917,0.006097089499235153,71709.71,4000000,66048,56803328,60620800,fits_by_lifetime_peak,True,1.8620553838911191,3.329103385902066
489,100000,branch,ivf,4096,178,2048,128,0,0,0,0,0.8001,0.8001,0.25991653092205524,0.27713330928236246,0.08500425145030022,4634.41,12495104,4227072,73187328,76955648,fits_by_lifetime_peak,True,0.26146846760105263,0.5970904095602858
490,100000,keys,ivf,512,36,0,0,4,0,10000,524288,0.8045,0.8045,0.23989565670490265,0.25736617390066385,0.012400425039231777,7189.18,4060960,528384,54509568,58294272,fits_by_lifetime_peak,True,0.24813034527376254,3.4326126124865297
491,10000,branch,ivf,4096,480,0,1024,0,0,0,0,0.9,0.9,0.2288329415023327,0.24719401262700558,0.11318707838654518,1680.56,8788608,4227072,66764800,66961408,fits_by_lifetime_peak,True,0.21201583917240496,-7.349074053551985
492,1000000,branch,ivf,64,10,0,1024,0,0,0,0,0.9087,0.9087,6.623687455430627,9.762479085475206,0.009626229293644428,157557.15,72065536,66048,138248192,177553408,fits_by_lifetime_peak,True,5.57289771153013,-15.864120264898308
493,100000,keys,ivf,2048,983,0,0,4,0,0,0,0.9901,0.9901,1.6831459943205118,1.788321160711348,0.09133418090641499,48461.24,4182060,2113536,58490880,62160896,fits_by_lifetime_peak,True,2.02483137526177,20.30040068385137
494,1000000,keys,ivf,4096,1224,0,0,4,0,0,0,0.99,0.99,8.925853995606303,9.3331835931167,0.16954826656728983,298722.97,40460980,4227072,113344512,152961024,fits_by_lifetime_peak,True,9.012503540371245,0.9707703577449767
495,100000,branch,ivf,512,36,0,1024,0,0,0,0,0.8045,0.8045,0.23033283650875092,0.24469341151416302,0.012790900655090809,7189.18,7704832,528384,61833216,65667072,fits_by_lifetime_peak,True,0.2674040681593273,16.094636011295748
496,100000,scan,sign,2048,706,0,0,0,0,0,0,0.9902,0.9902,2.393124857917428,2.559910318814218,0.04030301235616207,88579.37,4000000,51272,54460416,58195968,fits_by_lifetime_peak,True,2.3908579749074272,-0.0947248114740451
497,1000000,keys,sign,256,24,0,0,4,8,0,0,0.8071,0.8071,10.921499924734235,18.486005999147892,0.011453325860202312,393047.8,40040720,5120,91848704,131678208,fits_by_lifetime_peak,True,10.519461917610855,-3.681161103273678
498,1000000,branch,sign,4096,398,0,1024,0,0,0,0,0.9004,0.9004,15.39506227709353,23.51900222711265,0.0510253943502903,438111.3,74310144,114016,137936896,177487872,fits_by_lifetime_peak,True,16.176202585398457,5.07396653709673
499,10000,branch,sign,256,107,1024,1024,0,0,0,0,0.9903,0.9903,0.2869584131985903,0.3082600189372897,0.006356718949973583,9519.67,889472,5080,50003968,50249728,fits_by_lifetime_peak,True,0.3475052396446635,21.099512563923906
500,1000000,scan,ivf,8192,679,0,0,0,0,0,0,0.9501,0.9501,2.3706452921032906,2.527304459363222,0.20656710490584373,81864.17,40000000,8454144,150388736,190185472,fits_by_lifetime_peak,True,2.3243740008703604,-1.9518437189680604
501,100000,keys,ivf,256,77,0,0,4,0,0,524288,0.9504,0.9504,0.8556039538234472,0.9263538755476475,0.01124498900026083,29980.95,4034260,264192,54198272,57982976,fits_by_lifetime_peak,True,0.8799060484830281,2.8403438940390435
502,100000,keys,sign,512,59,0,0,4,9,0,0,0.8021,0.8021,1.3502915389835835,1.9978286698460577,0.00866913702338934,45699.2,4053760,11264,53248000,57065472,fits_by_lifetime_peak,True,1.3195020419827288,-2.2802110590155245
503,1000000,branch,ivf,8192,679,0,1024,0,0,0,0,0.9501,0.9501,2.48729158192873,2.67459349706769,0.21080083679407835,81864.17,80310784,8454144,191053824,230785024,fits_by_lifetime_peak,True,2.9871550765938535,20.096698686107107
504,100000,keys,ivf,256,147,0,0,4,0,0,524288,0.9903,0.9903,1.6077915206551552,1.6794523689895868,0.013330774381756783,57712.7,4034260,264192,54575104,58294272,fits_by_lifetime_peak,True,1.6782047061602974,4.379497254497888
505,10000,keys,ivf,1024,356,0,0,4,0,10000,524288,0.9501,0.9501,0.23785396479070187,0.260839588008821,0.038324552588164806,4199.39,458100,1056768,50872320,51036160,fits_by_lifetime_peak,True,0.3912821114928826,64.50518781017121
506,100000,scan,ivf,1024,61,0,0,0,0,0,0,0.8025,0.8025,0.1938540954142809,0.2089663641527295,0.021509644575417042,6038.03,4000000,1056768,58376192,62177280,fits_by_lifetime_peak,True,0.19425305281671995,0.20580292698302305
507,1000000,branch,sign,64,24,4096,1024,0,0,0,0,0.9901,0.9906,67.74412514641881,87.82631861977279,0.022039306350052357,768542.85,72032768,1024,149471232,173457408,fits_by_lifetime_peak,True,33.272545382309204,-50.88497296201617
508,100000,branch,ivf,4096,404,0,1024,0,0,0,0,0.9,0.9,0.4480204079300165,0.472045736387372,0.10987840592861176,10356.43,12495104,4227072,73056256,76824576,fits_by_lifetime_peak,True,0.4917035612231122,9.750259702437326
509,100000,keys,ivf,512,36,0,0,4,0,0,0,0.8045,0.8045,0.24239555932581425,0.2627540146932006,0.012902063317596912,7189.18,4060960,528384,54476800,58277888,fits_by_lifetime_peak,True,0.24931184823871805,2.8533067734988204
510,10000,keys,sign,64,21,0,0,4,6,0,0,0.9545,0.9545,0.2783120144158602,0.2937567885965109,0.0032075727358460426,8664.83,408740,1024,49217536,49463296,fits_by_lifetime_peak,True,0.2796481005471173,0.4800677161068245
511,1000000,scan,sign,64,7,0,0,0,0,0,0,0.8083,0.8083,13.107145903632045,18.28452863264829,0.01041005365550518,462443.87,40000000,1024,111591424,151437312,fits_by_lifetime_peak,True,13.289781472380163,1.3934045603132272
512,100000,keys,sign,16,8,0,0,4,4,0,0,1.0,1.0,2.6761044282466173,2.844794886186719,0.004241708666086197,100000.0,4002560,192,51920896,56590336,fits_by_lifetime_peak,True,2.7156383978709697,1.4772954749846967
513,100000,keys,sign,1024,183,0,0,4,10,0,524288,0.9006,0.9006,1.831083558499813,2.3200755938887596,0.015196348540484905,60741.57,4091180,24432,52920320,56655872,fits_by_lifetime_peak,True,1.889867923833165,3.2103595196667722
514,10000,branch,ivf,256,186,0,1024,0,0,0,0,0.9902,0.9902,0.23850053548812866,0.25807442143559456,0.012564207427203655,7551.82,969344,264192,50184192,50397184,fits_by_lifetime_peak,True,0.286416030605503,20.0903092394773
515,1000000,keys,ivf,1024,26,0,0,4,0,50000,524288,0.8032,0.8032,0.754103995859623,0.9114437270909548,0.019857529550790787,25613.71,40138360,1056768,106807296,146620416,fits_by_lifetime_peak,True,0.7458537736226319,-1.0940430341555674
516,10000,branch,none,1,1,256,128,0,0,0,0,0.9563,1.0,0.25333347730338573,0.3185866633430123,0.00041249673813581467,5725.97,721536,0,48857088,49152000,fits_by_lifetime_peak,True,0.25233344179057093,-0.3947506359837205
517,1000000,branch,sign,8192,859,0,1024,0,0,0,0,0.9501,0.9501,20.025208592414856,28.06012539658695,0.10245623998343945,574309.58,77089280,220080,141279232,180371456,fits_by_lifetime_peak,True,20.802076705171714,3.879450789097505
518,1000000,scan,sign,256,55,0,0,0,0,0,0,0.952,0.952,18.043458461761475,21.72516284044832,0.014006723649799824,691052.72,40000000,5120,102121472,141950976,fits_by_lifetime_peak,True,18.782104871702956,4.093707486881493
519,100000,branch,ivf,512,141,0,1024,0,0,0,0,0.9502,0.9502,0.7600618992000818,0.7979209767654538,0.02026919275522232,27810.86,7704832,528384,61882368,65617920,fits_by_lifetime_peak,True,0.9664436746728675,27.153285237687854
520,1000000,branch,sign,1024,137,0,1024,0,0,0,0,0.9008,0.9008,20.43377119116485,35.368860396556556,0.024963030591607094,504196.03,72524288,24576,134823936,173801472,fits_by_lifetime_peak,True,17.511225728678433,-14.302526122784753
521,10000,scan,ivf,64,16,0,0,0,0,0,0,0.8062,0.8062,0.08375011384487152,0.09596131276339293,0.0038100359961390495,2571.08,400000,66048,49594368,49840128,fits_by_lifetime_peak,True,0.08680511860519285,3.647761919440562
522,1000000,branch,sign,256,39,2048,1024,0,0,0,0,0.8935,0.9055,17.82410452142358,24.982663849368688,0.01814541406929493,327994.86,72118784,5120,134512640,170852352,fits_by_lifetime_peak,True,12.060910202033556,-32.33371029923542
523,10000,scan,sign,256,78,0,0,0,0,0,0,0.9505,0.9505,0.2488335594534874,0.2748314058408141,0.00619879923760891,8288.62,400000,5080,49430528,49610752,fits_by_lifetime_peak,True,0.24604133899692604,-1.1221237451627952
524,100000,keys,ivf,256,45,0,0,4,0,0,0,0.9008,0.9008,0.5115002859383821,0.5832682829350233,0.009320457465946674,17465.68,4034260,264192,54427648,58245120,fits_by_lifetime_peak,True,0.5220408852128924,2.060722068839671
525,100000,scan,ivf,512,141,0,0,0,0,0,0,0.9502,0.9502,0.7174585480242968,0.7632664404809475,0.020468407310545444,27810.86,4000000,528384,58179584,61931520,fits_by_lifetime_peak,True,0.7526352006814767,4.902952617129963
526,100000,scan,ivf,64,16,0,0,0,0,0,0,0.9051,0.9051,0.6648334674537182,0.7175564533099532,0.0046770041808485985,25152.01,4000000,66048,55083008,58933248,fits_by_lifetime_peak,True,0.6702407983491302,0.8133361450833432
527,1000000,scan,sign,1024,343,0,0,0,0,0,0,0.9901,0.9901,22.668083431199193,24.881369108334184,0.02911338582634926,862305.88,40000000,24576,100925440,140722176,fits_by_lifetime_peak,True,23.16139839914181,2.1762535392102933
528,100000,branch,sign,1024,251,512,1024,0,0,0,0,0.9494,0.9504,2.047062385827303,2.4305389961227775,0.017780005000531673,72650.37,7819520,24432,57655296,61341696,fits_by_lifetime_peak,True,2.579608296055974,26.015128503934037
529,1000000,keys,ivf,1024,136,0,0,4,0,0,524288,0.9501,0.9501,3.651021048426628,3.8644065614789724,0.03360793460160494,131794.26,40138360,1056768,106430464,146194432,fits_by_lifetime_peak,True,3.6837820292094845,0.8973101044425391
530,1000000,branch,sign,256,55,4096,512,0,0,0,0,0.9384,0.952,22.627499885857105,28.16380183212459,0.019971258006989956,328578.51,72118784,5120,137445376,171196416,fits_by_lifetime_peak,True,12.989233887535145,-42.59536425562498
531,100000,scan,sign,512,93,0,0,0,0,0,0,0.9009,0.9009,1.6431249678134918,2.160140033811331,0.010004653595387936,61833.4,4000000,11264,53805056,57622528,fits_by_lifetime_peak,True,1.68366193383951,2.467065306661409
532,1000000,keys,sign,64,24,0,0,4,6,0,0,0.9906,0.9906,24.76333361119032,26.142197661101818,0.011183703318238258,921190.99,40010240,1024,90324992,130170880,fits_by_lifetime_peak,True,25.58744319702444,3.327942831823405
533,100000,keys,sign,256,67,0,0,4,8,0,0,0.9519,0.9519,2.1399795077741146,2.4986340198665857,0.007328009232878685,76833.73,4036860,5120,52690944,56492032,fits_by_lifetime_peak,True,2.205467677937481,3.0602241715615097
534,1000000,keys,sign,1024,79,0,0,4,10,0,524288,0.8034,0.8034,8.784895995631814,16.049846285022795,0.014813393354415894,340543.97,40136180,24576,93421568,133234688,fits_by_lifetime_peak,True,8.954942179030166,1.9356652996564305
535,1000000,keys,ivf,8192,313,0,0,4,0,50000,524288,0.9001,0.9001,1.33943697437644,1.474416395649314,0.1631341828033328,37985.76,40812440,8454144,122617856,162365440,fits_by_lifetime_peak,True,1.3959728515416767,4.220868786420984
536,1000000,keys,sign,1024,343,0,0,4,10,0,524288,0.9901,0.9901,23.847228614613414,26.228987658396363,0.029336283914744854,862305.88,40136180,24576,93257728,133038080,fits_by_lifetime_peak,True,24.471319275016455,2.617036430055464
537,10000,keys,sign,4096,963,0,0,4,12,50000,524288,0.9902,0.9902,0.4992291796952486,0.5216603400185704,0.0483237998560071,9140.92,473120,66752,50069504,50249728,fits_by_lifetime_peak,True,0.9171812002626749,83.71946944739139
538,100000,keys,sign,1024,108,0,0,4,10,0,0,0.8019,0.8019,1.232208451256156,1.8873688532039523,0.012215911410748959,43308.66,4091180,24432,52985856,56737792,fits_by_lifetime_peak,True,1.2807501083792798,3.9394030347412956
539,100000,keys,ivf,16,4,0,0,8,0,50000,524288,0.8462,0.8462,0.7162501569837332,0.8190103573724627,0.0033570872619748116,25324.91,4033800,16512,53280768,57114624,fits_by_lifetime_peak,True,0.741408488946435,3.51250631045561
540,100000,branch,ivf,512,82,0,1024,0,0,0,0,0.9,0.9,0.4791044630110264,0.530914356932044,0.016397563740611076,16197.2,7704832,528384,60358656,64159744,fits_by_lifetime_peak,True,0.5722243516047463,19.4362390215465
541,1000000,keys,ivf,8192,112,0,0,4,0,0,524288,0.8003,0.8003,0.5788335110992193,0.6341814994812012,0.12946045957505703,13819.99,40812440,8454144,122470400,162185216,fits_by_lifetime_peak,True,0.5902767698681874,1.9769516708245005
542,10000,branch,sign,1024,365,0,1024,0,0,0,0,0.9902,0.9902,0.3195004537701607,0.33839589450508356,0.017842515371739864,9404.01,1428096,20976,50610176,50790400,fits_by_lifetime_peak,True,0.37149581820884253,16.273956366924548
543,10000,keys,ivf,4096,1435,0,0,4,0,0,0,0.99,0.99,0.519416993483901,0.5593517795205116,0.16174011398106813,4541.14,525500,4227072,58687488,58998784,fits_by_lifetime_peak,True,1.195867768535742,130.23270003444873
544,100000,branch,sign,4096,1246,0,1024,0,0,0,0,0.99,0.99,2.5925631634891033,2.8355313930660486,0.07516666315495968,86675.5,9931008,103208,60440576,63881216,fits_by_lifetime_peak,True,3.1444710793266504,21.28811839996918
545,100000,scan,sign,512,198,0,0,0,0,0,0,0.9902,0.9902,2.4271251168102026,2.5650036288425326,0.011567105539143085,91824.92,4000000,11264,53608448,57360384,fits_by_lifetime_peak,True,2.4490624227437268,0.9038391050212757
546,1000000,keys,ivf,256,24,0,0,4,0,0,0,0.903,0.903,2.6615208480507135,3.104231203906238,0.009045847691595554,97071.48,40038700,264192,100073472,139935744,fits_by_lifetime_peak,True,2.6827401406233546,0.7972619334611686
547,100000,scan,sign,4096,299,0,0,0,0,0,0,0.8003,0.8003,1.0578539222478867,1.6376327956095338,0.03786089830100536,36721.2,4000000,103208,54231040,57982976,fits_by_lifetime_peak,True,1.044619669654827,-1.2510472679382212
548,10000,branch,sign,1024,207,256,1024,0,0,0,0,0.9007,0.9007,0.25368761271238327,0.294481054879725,0.014532986097037792,6956.13,1428096,20976,50593792,50806784,fits_by_lifetime_peak,True,0.28051146808299,10.57357711865028
549,100000,branch,ivf,2048,106,4096,1024,0,0,0,0,0.8003,0.8003,0.21337554790079594,0.23117559030652046,0.04524335265159607,5233.34,9197824,2113536,65388544,69107712,fits_by_lifetime_peak,True,0.237162662920273,11.14800418955988
550,100000,keys,ivf,1024,248,0,0,4,0,0,0,0.9501,0.9501,0.7559580262750387,0.7895662914961576,0.03764836583286524,24225.82,4107240,1056768,55853056,59621376,fits_by_lifetime_peak,True,0.8633554605055599,14.206798591678282
551,100000,scan,sign,1024,390,0,0,0,0,0,0,0.99,0.99,2.454187488183379,2.6274181669577956,0.021052970550954342,91458.95,4000000,24432,53706752,57442304,fits_by_lifetime_peak,True,2.461828966995282,0.3113649160341625
552,10000,keys,sign,4096,532,0,0,4,12,0,524288,0.9,0.9,0.34972955472767353,0.39501641876995564,0.037117558531463146,6397.8,473120,66752,50167808,50298880,fits_by_lifetime_peak,True,0.5673649075165417,62.229614239590326
553,100000,keys,sign,512,128,0,0,4,9,0,0,0.9506,0.9506,2.1998335141688585,2.6083623757585883,0.010710405185818672,74527.81,4053760,11264,53116928,56901632,fits_by_lifetime_peak,True,2.167962076932558,-1.4488113319040097
554,100000,branch,ivf,256,147,1024,1024,0,0,0,0,0.9903,0.9903,1.5306875575333834,1.6413454432040453,0.013347938656806946,57712.7,7473408,264192,61472768,65224704,fits_by_lifetime_peak,True,1.9569532389268227,27.847987611550362
555,100000,branch,ivf,2048,983,0,1024,0,0,0,0,0.9901,0.9901,1.4567915350198746,1.5482456889003515,0.09071663022041321,48461.24,9197824,2113536,65552384,69189632,fits_by_lifetime_peak,True,1.7762456602314953,21.928609381112473
556,10000,keys,ivf,256,85,0,0,4,0,10000,524288,0.9007,0.9007,0.14033308252692223,0.15274095349013805,0.01083463430404663,3506.7,423380,264192,49528832,49709056,fits_by_lifetime_peak,True,0.17689640411071195,26.054670021785654
557,100000,keys,ivf,4096,404,0,0,4,0,0,0,0.9,0.9,0.5270619876682758,0.5686055636033416,0.11127794161438942,10356.43,4298080,4227072,63733760,67518464,fits_by_lifetime_peak,True,0.6603262409587414,25.284360551218477
558,1000000,keys,ivf,256,109,0,0,4,0,0,0,0.99,0.99,11.58285397104919,12.30061729438603,0.016569960862398148,437846.67,40038700,264192,100057088,139804672,fits_by_lifetime_peak,True,11.905009571083175,2.7813145261021077
559,100000,branch,sign,256,49,2048,128,0,0,0,0,0.8753,0.9018,1.6598745714873075,2.141285710968077,0.006945407949388027,42313.71,7338240,5120,56885248,60342272,fits_by_lifetime_peak,True,1.642768295474264,-1.030576424682239
560,100000,scan,sign,64,27,0,0,0,0,0,0,0.992,0.992,2.5950418785214424,2.786329318769276,0.006489180959761143,96022.93,4000000,1024,53739520,57573376,fits_by_lifetime_peak,True,2.5304532209526718,-2.4889254429131147
561,1000000,keys,ivf,64,10,0,0,4,0,0,0,0.9087,0.9087,4.262978909537196,5.159887066110969,0.00735873356461525,157557.15,40010140,66048,94191616,134053888,fits_by_lifetime_peak,True,4.302253312959573,0.9212901179152411
562,100000,branch,sign,1024,183,0,1024,0,0,0,0,0.9006,0.9006,1.849271124228835,2.43594862986356,0.015533710829913616,60741.57,7819520,24432,57606144,61308928,fits_by_lifetime_peak,True,2.217442958470985,19.90902412406841
563,1000000,keys,sign,256,88,0,0,4,8,0,524288,0.9905,0.9905,23.857666412368417,25.58631298597902,0.014596981927752495,877177.49,40040720,5120,91766784,131579904,fits_by_lifetime_peak,True,24.341587990425168,2.028369286804499
564,1000000,keys,ivf,4096,1224,0,0,4,0,0,524288,0.99,0.99,8.73333285562694,9.174810838885605,0.16394837759435177,298722.97,40460980,4227072,113442816,153075712,fits_by_lifetime_peak,True,9.017774127651638,3.256961308206985
565,1000000,branch,ivf,1024,136,0,1024,0,0,0,0,0.9501,0.9501,3.64114623516798,3.991940221749246,0.03413543105125427,131794.26,73024000,1056768,177078272,216842240,fits_by_lifetime_peak,True,4.476414639619073,22.939710478630616
566,100000,keys,ivf,512,82,0,0,4,0,0,0,0.9,0.9,0.49433368258178234,0.5217045312747359,0.0165525171905756,16197.2,4060960,528384,54493184,58228736,fits_by_lifetime_peak,True,0.5217180532813384,5.539653004532119
567,100000,keys,sign,4096,1246,0,0,4,12,0,524288,0.99,0.99,2.8422288596630096,3.1064108246937394,0.07723004091531038,86675.5,4215420,103208,54050816,57688064,fits_by_lifetime_peak,True,3.272623897160655,15.142870569144652
568,10000,scan,ivf,1024,139,0,0,0,0,0,0,0.8006,0.8006,0.09856303222477436,0.10868175886571407,0.03143207170069218,1686.03,400000,1056768,50905088,51085312,fits_by_lifetime_peak,True,0.09130652954946446,-7.362296503582955
569,100000,scan,sign,1024,183,0,0,0,0,0,0,0.9006,0.9006,1.6668334137648344,2.137770736590028,0.015370952896773815,60741.57,4000000,24432,53870592,57606144,fits_by_lifetime_peak,True,1.6993047492513562,1.9480852266561932
570,100000,branch,ivf,256,77,0,1024,0,0,0,0,0.9504,0.9504,0.809395918622613,0.9182914393022656,0.010530822910368443,29980.95,7473408,264192,61882368,65667072,fits_by_lifetime_peak,True,1.018580063647788,25.84447737037685
571,1000000,branch,sign,8192,505,4096,512,0,0,0,0,0.8853,0.9002,11.76662533544004,16.029997635632753,0.08105415850877762,297724.25,77089280,220080,140902400,180305920,fits_by_lifetime_peak,True,10.830586534120341,-7.955031919818434
572,10000,branch,sign,64,21,4096,1024,0,0,0,0,0.9545,0.9545,0.2811665181070566,0.31486416701227427,0.003675464540719986,8664.83,756352,1024,49233920,49446912,fits_by_lifetime_peak,True,0.3216826424469121,14.410010342849077
573,100000,branch,none,1,1,256,1024,0,0,0,0,0.9751,1.0,1.7947715241461992,2.564925095066428,0.00060325488448143,42604.8,7201024,0,60178432,62062592,fits_by_lifetime_peak,True,1.784999443676507,-0.5444749004662741
574,10000,keys,sign,256,61,0,0,4,8,0,0,0.9042,0.9042,0.252770958468318,0.28954576700925827,0.006132107228040695,7364.48,423840,5080,49496064,49692672,fits_by_lifetime_peak,True,0.26740828154697194,5.790745569566114
575,1000000,keys,sign,8192,505,0,0,4,13,0,524288,0.9002,0.9002,12.332499958574772,18.86947408784181,0.08162586018443108,421999.36,40668540,220080,97288192,137019392,fits_by_lifetime_peak,True,12.299201918895745,-0.2700023498145243
576,10000,keys,ivf,256,186,0,0,4,0,10000,524288,0.9902,0.9902,0.2736039459705353,0.28819823637604713,0.013306657783687115,7551.82,423380,264192,49496064,49692672,fits_by_lifetime_peak,True,0.34981488553486817,27.854473843202587
577,100000,branch,ivf,16,6,0,1024,0,0,0,0,0.9143,0.9143,1.1085625737905502,1.2682580156251788,0.003967946395277977,38010.96,7219456,16512,57966592,61767680,fits_by_lifetime_peak,True,1.2890812010061152,16.284026854551904
578,1000000,scan,ivf,1024,136,0,0,0,0,0,0,0.9501,0.9501,3.49566712975502,3.774108923971653,0.033944929018616676,131794.26,40000000,1056768,139149312,178929664,fits_by_lifetime_peak,True,3.437165058459034,-1.6735595560005811
579,10000,scan,ivf,1024,246,0,0,0,0,0,0,0.9,0.9,0.1385000068694353,0.1507288310676813,0.03636789042502642,2941.23,400000,1056768,50823168,51036160,fits_by_lifetime_peak,True,0.12895117839475673,-6.894460650590661
580,100000,branch,sign,1024,108,512,512,0,0,0,0,0.777,0.8019,1.1644167825579643,1.6174753196537495,0.012481659650802612,36988.99,7819520,24432,57524224,61161472,fits_by_lifetime_peak,True,1.3586004205483668,16.676471938494753
581,10000,keys,sign,1024,365,0,0,4,10,0,0,0.9902,0.9902,0.3591671120375395,0.37447474896907806,0.01759334933012724,9404.01,441520,20976,49938432,50102272,fits_by_lifetime_peak,True,0.5206809284451206,44.96898824931943
582,1000000,scan,sign,1024,207,0,0,0,0,0,0,0.95,0.95,17.573271179571748,21.315608359873295,0.023184572346508503,659008.17,40000000,24576,100859904,140673024,fits_by_lifetime_peak,True,18.05690601601013,2.7521047817243627
583,10000,branch,ivf,4096,760,4096,128,0,0,0,0,0.9502,0.9502,0.30295876786112785,0.33777887001633644,0.1365595357492566,2573.27,8788608,4227072,66568192,66830336,fits_by_lifetime_peak,True,0.28434589912000613,-6.1436970029049025
584,1000000,keys,ivf,4096,64,0,0,4,0,50000,524288,0.8,0.8,0.5707289092242718,0.6267001619562507,0.062407469376921654,16150.48,40460980,4227072,113328128,153174016,fits_by_lifetime_peak,True,0.555063201637167,-2.74485965822151
585,1000000,keys,sign,1024,79,0,0,4,10,0,0,0.8034,0.8034,9.505020687356591,16.75666864030063,0.01578215043991804,340543.97,40136180,24576,93405184,133218304,fits_by_lifetime_peak,True,8.950733765146122,-5.8315172627427465
586,1000000,branch,none,1,1,512,1024,0,0,0,0,0.9162,1.0,13.673271052539349,15.94962514936924,0.0022349366918206215,62605.11,72000000,0,184893440,206635008,fits_by_lifetime_peak,True,9.23253241748628,-32.47751483891158
587,1000000,branch,ivf,4096,408,0,1024,0,0,0,0,0.95,0.95,2.7391668409109116,2.9943956760689616,0.11308458168059587,99916.8,76110336,4227072,179978240,219660288,fits_by_lifetime_peak,True,3.488659139584857,27.36205358066841
588,100000,branch,ivf,4096,178,0,1024,0,0,0,0,0.8001,0.8001,0.2555414102971554,0.2737034345045686,0.08492205291986465,4634.41,12495104,4227072,73285632,76955648,fits_by_lifetime_peak,True,0.2615244773990695,2.341329765284117
589,1000000,branch,sign,1024,343,0,1024,0,0,0,0,0.9901,0.9901,34.82047887519002,43.356848205439746,0.034452127292752266,862305.88,72524288,24576,136167424,173686784,fits_by_lifetime_peak,True,31.230750104086113,-10.309245843432757
590,1000000,scan,ivf,64,10,0,0,0,0,0,0,0.9087,0.9087,4.0548748802393675,4.735279711894691,0.007782932370901108,157557.15,40000000,66048,101646336,141492224,fits_by_lifetime_peak,True,4.102662627537123,1.1785258166815415
591,10000,keys,ivf,4096,480,0,0,4,0,0,0,0.9,0.9,0.2641039900481701,0.27959635481238365,0.11859127786010504,1680.56,525500,4227072,58638336,58818560,fits_by_lifetime_peak,True,0.480372475945736,81.88762534716744
592,10000,scan,ivf,1024,356,0,0,0,0,0,0,0.9501,0.9501,0.17974991351366043,0.19652938935905695,0.039275018498301506,4199.39,400000,1056768,50741248,50921472,fits_by_lifetime_peak,True,0.16366387876392507,-8.949119604729528
593,1000000,keys,ivf,4096,408,0,0,4,0,0,0,0.95,0.95,3.0101248994469643,3.305243863724172,0.10995672550052404,99916.8,40460980,4227072,113606656,153321472,fits_by_lifetime_peak,True,3.0818228176753397,2.3818918026141667
594,1000000,keys,ivf,64,17,0,0,4,0,0,524288,0.9527,0.9527,7.043125340715051,8.305385848507285,0.007597887888550758,265679.33,40010140,66048,94486528,134348800,fits_by_lifetime_peak,True,7.171553127335132,1.8234488299911922
595,100000,scan,ivf,16,8,0,0,0,0,0,0,0.9532,0.9532,1.3271046336740255,1.460981392301619,0.0037500541657209396,50484.48,4000000,16512,54591488,58425344,fits_by_lifetime_peak,True,1.3139156799461018,-0.9938141570202119
596,100000,scan,ivf,256,77,0,0,0,0,0,0,0.9504,0.9504,0.8060629479587078,0.8766741491854191,0.011276276782155037,29980.95,4000000,264192,58081280,61865984,fits_by_lifetime_peak,True,0.7961138802943334,-1.2342792445143025
597,10000,scan,sign,64,21,0,0,0,0,0,0,0.9545,0.9545,0.25170808658003807,0.27382243424654007,0.003303792327642441,8664.83,400000,1024,49299456,49512448,fits_by_lifetime_peak,True,0.2547393645985472,1.204283128005601
598,10000,branch,sign,256,61,0,1024,0,0,0,0,0.9042,0.9042,0.2346453256905079,0.27436488308012486,0.00586796086281538,7364.48,889472,5080,49938432,50167808,fits_by_lifetime_peak,True,0.27623302057315124,17.723640886627614
599,1000000,keys,none,1,1,0,0,8,0,0,524288,1.0,1.0,27.800895972177386,28.594079241156578,0.0019892165437340736,1000000.0,40002560,0,103841792,135856128,fits_by_lifetime_peak,True,26.922534446533508,-3.159472005948749
600,100000,scan,ivf,512,36,0,0,0,0,0,0,0.8045,0.8045,0.21352083422243595,0.2340605715289712,0.01249739434570074,7189.18,4000000,528384,56524800,60342272,fits_by_lifetime_peak,True,0.21593887235534392,1.1324600438704646
601,10000,branch,sign,1024,365,2048,1024,0,0,0,0,0.9902,0.9902,0.3230620641261339,0.34358028788119555,0.017485409043729305,9404.01,1428096,20976,50626560,50872320,fits_by_lifetime_peak,True,0.3712334190275801,14.910867059475773
602,1000000,keys,sign,8192,1790,0,0,4,13,0,0,0.99,0.99,24.211020674556494,27.2761998930946,0.13107999693602324,817816.17,40668540,220080,97714176,137347072,fits_by_lifetime_peak,True,24.269491937811406,0.2415068081634386
603,1000000,keys,ivf,1024,136,0,0,4,0,0,0,0.9501,0.9501,3.5588748287409544,3.8609627168625593,0.03360297065228224,131794.26,40138360,1056768,106446848,146210816,fits_by_lifetime_peak,True,3.683220674527635,3.4939651370281988
604,10000,keys,sign,256,78,0,0,4,8,0,0,0.9505,0.9505,0.28316699899733067,0.3085147123783827,0.006222943775355816,8288.62,423840,5080,49446912,49643520,fits_by_lifetime_peak,True,0.3053474964270546,7.833009322506901
605,10000,branch,ivf,1024,246,512,128,0,0,0,0,0.9,0.9,0.16256305389106274,0.1762004103511572,0.03792589530348778,2941.23,2497152,1056768,52969472,53116928,fits_by_lifetime_peak,True,0.1639394491097893,0.8466839086628708
606,100000,keys,sign,2048,308,0,0,4,11,0,524288,0.9005,0.9005,1.697771018370986,2.281080326065421,0.025700507685542107,55074.14,4150360,51272,53542912,57311232,fits_by_lifetime_peak,True,1.7886747663275013,5.354299665436479
607,1000000,scan,sign,64,12,0,0,0,0,0,0,0.9168,0.9168,17.869312781840563,21.683695469982922,0.011074957437813282,662462.34,40000000,1024,111722496,151568384,fits_by_lifetime_peak,True,18.35478057267028,2.7167681083016593
608,100000,keys,ivf,4096,763,0,0,4,0,50000,524288,0.95,0.95,0.8872710168361664,0.9442942682653666,0.13842165935784578,19477.55,4298080,4227072,63700992,67452928,fits_by_lifetime_peak,True,1.158337347082138,30.550567425558526
609,100000,keys,ivf,64,26,0,0,4,0,0,0,0.9526,0.9526,1.1168743949383497,1.208363869227469,0.005131233483552933,40815.39,4009680,66048,53690368,57507840,fits_by_lifetime_peak,True,1.1284787766231887,1.0390050785862526
610,100000,branch,ivf,256,147,0,1024,0,0,0,0,0.9903,0.9903,1.5304163098335266,1.6172972740605474,0.013060825876891613,57712.7,7473408,264192,61259776,65028096,fits_by_lifetime_peak,True,1.9570372907891818,27.876139205681973
611,10000,scan,sign,256,61,0,0,0,0,0,0,0.9042,0.9042,0.22645853459835052,0.2660561818629503,0.005656704306602478,7364.48,400000,5080,49577984,49790976,fits_by_lifetime_peak,True,0.21938012270332052,-3.125698886811379
612,100000,keys,sign,2048,182,0,0,4,11,0,0,0.8005,0.8005,1.1389164719730616,1.7424078425392509,0.02086833119392395,38204.93,4150360,51272,53755904,57524224,fits_by_lifetime_peak,True,1.207970834397426,6.063163025883234
613,1000000,keys,none,1,1,0,0,4,0,0,0,1.0,1.0,26.37043735012412,27.138016489334404,0.0010233232751488686,1000000.0,40000160,0,103841792,135839744,fits_by_lifetime_peak,True,26.911754776689587,2.0527434542640277
614,100000,keys,ivf,1024,138,0,0,4,0,0,524288,0.9001,0.9001,0.4349581431597471,0.4587392555549741,0.031532556749880314,13520.93,4107240,1056768,55984128,59752448,fits_by_lifetime_peak,True,0.5000358349985968,14.96182859483759
615,10000,scan,sign,4096,695,0,0,0,0,0,0,0.95,0.95,0.2857293002307415,0.3180522006005049,0.042809657752513885,7601.58,400000,66752,49692672,49840128,fits_by_lifetime_peak,True,0.2617068994237334,-8.407398466873639
616,100000,branch,sign,512,59,512,512,0,0,0,0,0.7806,0.8021,1.18327047675848,1.6321209957823157,0.009104600176215172,36894.86,7485696,11264,57524224,61259776,fits_by_lifetime_peak,True,1.3404530717516372,13.28374180548748
617,1000000,branch,ivf,4096,64,0,1024,0,0,0,0,0.8,0.8,0.5476665683090687,0.6156035931780934,0.06338339298963547,16150.48,76110336,4227072,180240384,220086272,fits_by_lifetime_peak,True,0.6156195881174336,12.407735607848247
618,100000,keys,sign,2048,448,0,0,4,11,0,0,0.9502,0.9502,2.1045205648988485,2.524320688098669,0.03014803398400545,69773.38,4150360,51272,53592064,57344000,fits_by_lifetime_peak,True,2.30993492316263,9.76062489908025
619,10000,keys,sign,4096,350,0,0,4,12,0,524288,0.8002,0.8002,0.2484791912138462,0.30426273588091135,0.03037160262465477,4802.56,473120,66752,49938432,50069504,fits_by_lifetime_peak,True,0.3993009667272473,60.697950108667584
620,1000000,branch,ivf,256,109,0,1024,0,0,0,0,0.99,0.99,14.300895622000098,16.43355838023126,0.020906743593513966,437846.67,72272384,264192,152518656,191545344,fits_by_lifetime_peak,True,14.994339674296135,4.8489554124796275
621,100000,keys,ivf,64,26,0,0,4,0,50000,524288,0.9526,0.9526,1.1149165220558643,1.1814690893515944,0.005140891298651695,40815.39,4009680,66048,53608448,57442304,fits_by_lifetime_peak,True,1.1279992063087434,1.1734227625181282
622,100000,keys,ivf,256,147,0,0,4,0,0,0,0.9903,0.9903,1.634771004319191,1.7249773256480694,0.013129236176609993,57712.7,4034260,264192,54558720,58343424,fits_by_lifetime_peak,True,1.6777052803979373,2.6263174453982074
623,100000,keys,sign,1024,251,0,0,4,10,0,0,0.9504,0.9504,2.204666845500469,2.5602672016248107,0.018430808559060097,73667.42,4091180,24432,53264384,57016320,fits_by_lifetime_peak,True,2.280466408352024,3.4381413684455353
624,1000000,keys,sign,256,55,0,0,4,8,0,0,0.952,0.952,19.523062277585268,23.092011245898902,0.01305880956351757,691052.72,40040720,5120,91668480,131465216,fits_by_lifetime_peak,True,19.707156910920226,0.9429598221705193
625,1000000,keys,sign,256,24,0,0,4,8,0,524288,0.8071,0.8071,10.541207855567336,17.100713099353015,0.009832545183598995,393047.8,40040720,5120,91488256,131334144,fits_by_lifetime_peak,True,10.523150187836976,-0.17130548963441017
626,1000000,branch,sign,64,15,0,1024,0,0,0,0,0.9505,0.9505,64.34183288365602,84.1974215582013,0.01974919345229864,746686.26,72032768,1024,147849216,173342720,fits_by_lifetime_peak,True,34.82831404215254,-45.86987581605007
627,100000,branch,none,1,1,0,1024,0,0,0,0,1.0,1.0,4.0353331714868546,4.34637307189405,0.00043288804590702057,100000.0,7201024,0,60276736,64995328,fits_by_lifetime_peak,True,4.013676814560663,-0.5366683742302314
628,100000,keys,ivf,64,46,0,0,4,0,0,0,0.9913,0.9913,1.9415209535509348,2.041676896624267,0.006014225073158741,71709.71,4009680,66048,53542912,57360384,fits_by_lifetime_peak,True,1.9791790234353441,1.939616969651281
629,10000,branch,sign,4096,350,0,1024,0,0,0,0,0.8002,0.8002,0.2246461808681488,0.2721791621297598,0.03191072028130293,4802.56,2904704,66752,52133888,52363264,fits_by_lifetime_peak,True,0.23074763725703862,2.716029431397682
630,100000,keys,sign,512,198,0,0,4,9,0,0,0.9902,0.9902,2.6241668965667486,2.7342151617631316,0.012297900393605232,91824.92,4053760,11264,53035008,56786944,fits_by_lifetime_peak,True,2.689897296975596,2.5048102121417504
631,10000,branch,ivf,64,16,1024,1024,0,0,0,0,0.8062,0.8062,0.09260466322302818,0.10556504130363464,0.003924150951206684,2571.08,787072,66048,49987584,50233344,fits_by_lifetime_peak,True,0.10145135205965343,9.553178564365572
632,1000000,scan,ivf,256,24,0,0,0,0,0,0,0.903,0.903,2.550104632973671,2.8579333098605275,0.010955394245684147,97071.48,40000000,264192,117899264,157761536,fits_by_lifetime_peak,True,2.54687852862646,-0.1265087049957314
633,100000,keys,ivf,512,82,0,0,4,0,0,524288,0.9,0.9,0.4837706219404936,0.5154313053935766,0.016341302543878555,16197.2,4060960,528384,54558720,58327040,fits_by_lifetime_peak,True,0.5214476720608521,7.78820548656487
634,100000,branch,ivf,1024,248,0,1024,0,0,0,0,0.9501,0.9501,0.7116461638361216,0.7383211515843868,0.03811131231486797,24225.82,8245504,1056768,62881792,66600960,fits_by_lifetime_peak,True,0.8739143036762979,22.801800682163666
635,10000,branch,sign,256,41,0,1024,0,0,0,0,0.8041,0.8041,0.19102031365036964,0.24287679698318243,0.005074227228760719,5775.82,889472,5080,49905664,50118656,fits_by_lifetime_peak,True,0.21504246326217347,12.575704202733284
636,100000,keys,sign,4096,299,0,0,4,12,0,0,0.8003,0.8003,1.1745630763471127,1.7177777132019398,0.03735833801329136,36721.2,4215420,103208,54263808,58015744,fits_by_lifetime_peak,True,1.2791253239712015,8.902224983035989
637,100000,branch,sign,16,4,256,1024,0,0,0,0,0.8783,0.9138,1.4728959649801254,2.11850858759135,0.004686238244175911,41380.97,7209216,192,57278464,60620800,fits_by_lifetime_peak,True,1.5246559406997786,3.514163725769426
638,10000,keys,ivf,64,36,0,0,4,0,50000,524288,0.9542,0.9542,0.18231221474707127,0.19683591090142727,0.004565808922052383,5750.06,407800,66048,49397760,49577984,fits_by_lifetime_peak,True,0.20009806148398734,9.755707680690007
639,10000,branch,sign,1024,138,0,1024,0,0,0,0,0.8015,0.8015,0.1966250129044056,0.2519314642995596,0.012571685947477818,5323.07,1428096,20976,50626560,50741248,fits_by_lifetime_peak,True,0.21399424623752938,8.833684522918904
