query,top_k,query_l1,kth_score,gap,optimistic_min_depth
0,1,4.6163182952441275,4.309787137899548,0.3065311573445797,1
1,1,4.659432175103575,4.4023289806209505,0.25710319448262453,1
2,1,4.108152125030756,3.9220851697027683,0.18606695532798767,1
3,1,4.270055229309946,4.020206575747579,0.24984865356236696,1
4,1,4.250617954850895,3.9965718202583957,0.2540461345924996,1
5,1,4.056225117761642,3.940138922072947,0.11608619568869472,1
6,1,4.11094253975898,3.8551676711067557,0.25577486865222454,1
7,1,4.719469789648429,4.498086327454075,0.22138346219435334,1
8,1,4.202129090670496,4.12529848748818,0.07683060318231583,1
9,1,4.13090143725276,3.889672562479973,0.2412288747727871,1
10,1,4.657393726403825,4.584116685087793,0.07327704131603241,1
11,1,4.570994082838297,4.555885896086693,0.01510818675160408,1
12,1,4.593209054321051,4.459004342556,0.1342047117650509,1
13,1,4.6753483563661575,4.266280671581626,0.4090676847845316,1
14,1,4.477312681265175,4.240549621172249,0.23676306009292603,1
15,1,4.9770569279789925,4.840312145650387,0.13674478232860565,1
16,1,4.312217592261732,4.269981582649052,0.04223600961267948,1
17,1,4.396900371415541,4.238564699189737,0.15833567222580314,1
18,1,4.318139910232276,4.216799317393452,0.1013405928388238,1
19,1,4.446551205590367,4.446551205590367,0.0,1
20,1,4.05164079516544,4.042785351542989,0.008855443622451276,1
21,1,4.63806455489248,4.63806455489248,0.0,1
22,1,4.202621573582292,4.154458502307534,0.048163071274757385,1
23,1,4.420188277959824,4.393550682812929,0.026637595146894455,1
24,1,4.794687449932098,4.350403618067503,0.4442838318645954,1
25,1,4.692295105429366,4.3024628919083625,0.3898322135210037,1
26,1,4.328860762994736,4.155166819225997,0.1736939437687397,1
27,1,4.796938313636929,4.243443766143173,0.5534945474937558,1
28,1,4.51514347596094,4.4995706477202475,0.015572828240692616,1
29,1,4.680330833420157,4.587505029514432,0.09282580390572548,1
30,1,4.682023429777473,4.682023429777473,0.0,1
31,1,4.026189921889454,3.8814276116900146,0.14476231019943953,1
0,10,4.6163182952441275,3.9973597461357713,0.6189585491083562,1
1,10,4.659432175103575,4.219637585338205,0.4397945897653699,1
2,10,4.108152125030756,3.8168090395629406,0.2913430854678154,1
3,10,4.270055229309946,3.8541969903744757,0.4158582389354706,1
4,10,4.250617954850895,3.8500854932062794,0.400532461644616,1
5,10,4.056225117761642,3.749874066095799,0.30635105166584253,1
6,10,4.11094253975898,3.5365076130256057,0.5744349267333746,1
7,10,4.719469789648429,3.792583611095324,0.9268861785531044,1
8,10,4.202129090670496,3.9940085508860648,0.20812053978443146,1
9,10,4.13090143725276,3.736485932022333,0.3944155052304268,1
10,10,4.657393726403825,4.131002965266816,0.5263907611370087,1
11,10,4.570994082838297,4.271814696490765,0.2991793863475323,1
12,10,4.593209054321051,4.329671755433083,0.26353729888796806,1
13,10,4.6753483563661575,3.9360244758427143,0.7393238805234432,1
14,10,4.477312681265175,4.011852764524519,0.4654599167406559,1
15,10,4.9770569279789925,4.515915859490633,0.46114106848835945,1
16,10,4.312217592261732,4.160613163374364,0.15160442888736725,1
17,10,4.396900371415541,4.05031009321101,0.3465902782045305,1
18,10,4.318139910232276,3.9468228523619473,0.3713170578703284,1
19,10,4.446551205590367,4.118560766801238,0.32799043878912926,1
20,10,4.05164079516544,3.9504011053650174,0.10123968980042264,1
21,10,4.63806455489248,4.478693841956556,0.15937071293592453,1
22,10,4.202621573582292,4.007970089092851,0.19465148448944092,1
23,10,4.420188277959824,4.081935305148363,0.3382529728114605,1
24,10,4.794687449932098,3.958943873643875,0.8357435762882233,1
25,10,4.692295105429366,4.016449020477012,0.6758460849523544,1
26,10,4.328860762994736,4.031707141082734,0.29715362191200256,1
27,10,4.796938313636929,3.958117404486984,0.8388209091499448,2
28,10,4.51514347596094,4.064916934352368,0.450226541608572,1
29,10,4.680330833420157,4.417171398177743,0.2631594352424145,1
30,10,4.682023429777473,4.3760771988891065,0.3059462308883667,1
31,10,4.026189921889454,3.759241688530892,0.266948233358562,1
0,100,4.6163182952441275,3.706147084478289,0.9101712107658386,2
1,100,4.659432175103575,3.9312190585769713,0.7282131165266037,1
2,100,4.108152125030756,3.6240747831761837,0.4840773418545723,1
3,100,4.270055229309946,3.6623402195982635,0.6077150097116828,1
4,100,4.250617954850895,3.5453101965540554,0.7053077582968399,1
5,100,4.056225117761642,3.528563041705638,0.5276620760560036,1
6,100,4.11094253975898,3.356294090859592,0.7546484488993883,1
7,100,4.719469789648429,3.458579439902678,1.2608903497457504,2
8,100,4.202129090670496,3.815207925159484,0.3869211655110121,1
9,100,4.13090143725276,3.528830997645855,0.602070439606905,1
10,100,4.657393726403825,3.7137597714317963,0.9436339549720287,2
11,100,4.570994082838297,3.9638974852859974,0.6070965975522995,1
12,100,4.593209054321051,3.9246345423161983,0.6685745120048523,1
13,100,4.6753483563661575,3.560376428067684,1.1149719282984734,2
14,100,4.477312681265175,3.6702291117981076,0.8070835694670677,2
15,100,4.9770569279789925,4.084937322884798,0.8921196050941944,2
16,100,4.312217592261732,3.8508433708921075,0.46137422136962414,1
17,100,4.396900371415541,3.787724633468315,0.6091757379472256,1
18,100,4.318139910232276,3.616341787856072,0.7017981223762035,1
19,100,4.446551205590367,3.7307904046028852,0.7157608009874821,1
20,100,4.05164079516544,3.7768671898229513,0.27477360534248874,1
21,100,4.63806455489248,4.0667544743046165,0.5713100805878639,1
22,100,4.202621573582292,3.838884400203824,0.36373717337846756,1
23,100,4.420188277959824,3.7826955765485764,0.6374927014112473,1
24,100,4.794687449932098,3.568738967180252,1.2259484827518463,2
25,100,4.692295105429366,3.6867221903521568,1.0055729150772095,2
26,100,4.328860762994736,3.7711916896514595,0.557669073343277,1
27,100,4.796938313636929,3.6872231350280344,1.1097151786088943,2
28,100,4.51514347596094,3.646778153721243,0.868365322239697,2
29,100,4.680330833420157,4.091506598517299,0.5888242349028587,1
30,100,4.682023429777473,4.057533176150173,0.6244902536273003,1
31,100,4.026189921889454,3.4569847150705755,0.5692052068188787,1
32,1,4.0662005331832916,4.042029666947201,0.02417086623609066,1
33,1,4.293886637780815,4.278547638561577,0.015338999219238758,1
34,1,4.199034639867023,4.181216764496639,0.017817875370383263,1
35,1,4.610643298365176,4.297525350935757,0.31311794742941856,1
36,1,4.234155461192131,4.082352574914694,0.1518028862774372,1
37,1,4.432911440497264,4.36993084452115,0.06298059597611427,1
38,1,3.931657976936549,3.8771795793436468,0.054478397592902184,1
39,1,4.295066746883094,4.1840271996334195,0.1110395472496748,1
40,1,4.488437414634973,4.397189617622644,0.0912477970123291,1
41,1,4.452879227697849,4.204470464959741,0.24840876273810863,1
42,1,4.741388870403171,4.465025387704372,0.2763634826987982,1
43,1,4.396446016151458,4.334778649266809,0.0616673668846488,1
44,1,4.30887112300843,4.27838256303221,0.03048855997622013,1
45,1,4.359971248923102,4.157371112523833,0.2026001363992691,1
46,1,4.355477748904377,4.166706746909767,0.18877100199460983,1
47,1,4.496314913965762,4.144558190368116,0.35175672359764576,1
48,1,4.665546756703407,4.452315185684711,0.21323157101869583,1
49,1,4.59000529628247,4.59000529628247,0.0,1
50,1,4.389016174711287,4.223765728063881,0.16525044664740562,1
51,1,4.084153827279806,3.9348675971850753,0.14928623009473085,1
52,1,4.62254106067121,4.577101835981011,0.0454392246901989,1
53,1,4.429036523681134,4.429036523681134,0.0,1
54,1,4.4067062344402075,4.332243226468563,0.0744630079716444,1
55,1,4.676179991336539,4.597932451637462,0.0782475396990776,1
56,1,4.344766999827698,3.998827896313742,0.34593910351395607,1
57,1,4.409899567719549,4.409899567719549,0.0,1
58,1,4.271194535307586,4.190634382888675,0.08056015241891146,1
59,1,4.051418959163129,3.942078131251037,0.10934082791209221,1
60,1,4.3399816225864924,4.2826983198174275,0.0572833027690649,1
61,1,4.759161068126559,4.6027136612683535,0.1564474068582058,1
62,1,4.388607203029096,4.388607203029096,0.0,1
63,1,4.367050480796024,4.304735339479521,0.062315141316503286,1
32,10,4.0662005331832916,3.932860785862431,0.13333974732086062,1
33,10,4.293886637780815,4.1847995496355,0.10908708814531565,1
34,10,4.199034639867023,3.918157669948414,0.28087696991860867,1
35,10,4.610643298365176,4.0985396364703774,0.5121036618947983,1
36,10,4.234155461192131,3.924095483496785,0.3100599776953459,1
37,10,4.432911440497264,4.168242618208751,0.2646688222885132,1
38,10,3.931657976936549,3.7777840080671012,0.1538739688694477,1
39,10,4.295066746883094,3.983724226243794,0.31134252063930035,1
40,10,4.488437414634973,4.269011785741895,0.21942562889307737,1
41,10,4.452879227697849,3.888008527457714,0.5648707002401352,1
42,10,4.741388870403171,4.288113931193948,0.4532749392092228,1
43,10,4.396446016151458,4.209130895789713,0.18731512036174536,1
44,10,4.30887112300843,4.018510607071221,0.29036051593720913,1
45,10,4.359971248923102,3.977511546196183,0.3824597027269192,1
46,10,4.355477748904377,4.016924952622503,0.3385527962818742,1
47,10,4.496314913965762,3.964946015737951,0.5313688982278109,1
48,10,4.665546756703407,4.260373499710113,0.40517325699329376,1
49,10,4.59000529628247,4.351248073391616,0.23875722289085388,1
50,10,4.389016174711287,3.97439965326339,0.41461652144789696,1
51,10,4.084153827279806,3.872978614643216,0.21117521263659,1
52,10,4.62254106067121,4.489745929837227,0.13279513083398342,1
53,10,4.429036523681134,4.300010870676488,0.1290256530046463,1
54,10,4.4067062344402075,4.1109883058816195,0.29571792855858803,1
55,10,4.676179991336539,4.325722352368757,0.35045763896778226,1
56,10,4.344766999827698,3.595328360097483,0.7494386397302151,1
57,10,4.409899567719549,4.289618310984224,0.12028125673532486,1
58,10,4.271194535307586,4.106553043238819,0.16464149206876755,1
59,10,4.051418959163129,3.798958578146994,0.2524603810161352,1
60,10,4.3399816225864924,4.119695437664632,0.2202861849218607,1
61,10,4.759161068126559,4.309919314458966,0.449241753667593,1
62,10,4.388607203029096,4.273782658390701,0.11482454463839531,1
63,10,4.367050480796024,4.168753790436313,0.19829669035971165,1
32,100,4.0662005331832916,3.7896747605409473,0.27652577264234424,1
33,100,4.293886637780815,4.101966031361371,0.19192060641944408,1
34,100,4.199034639867023,3.6455912340898067,0.553443405777216,1
35,100,4.610643298365176,3.7073772558942437,0.903266042470932,2
36,100,4.234155461192131,3.685836646705866,0.5483188144862652,1
37,100,4.432911440497264,3.7295391897205263,0.7033722507767379,1
38,100,3.931657976936549,3.623639316763729,0.3080186601728201,1
39,100,4.295066746883094,3.7647671001031995,0.5302996467798948,1
40,100,4.488437414634973,3.964877658057958,0.5235597565770149,1
41,100,4.452879227697849,3.471858063712716,0.9810211639851332,2
42,100,4.741388870403171,4.000617234036326,0.7407716363668442,2
43,100,4.396446016151458,3.905472808983177,0.4909732071682811,1
44,100,4.30887112300843,3.7625308046117425,0.5463403183966875,1
45,100,4.359971248923102,3.712223940907279,0.6477473080158234,1
46,100,4.355477748904377,3.804095192346722,0.5513825565576553,1
47,100,4.496314913965762,3.675623253919184,0.8206916600465775,2
48,100,4.665546756703407,3.927918527740985,0.7376282289624214,1
49,100,4.59000529628247,3.8910164972767234,0.6989887990057468,1
50,100,4.389016174711287,3.7677869023755193,0.6212292723357677,1
51,100,4.084153827279806,3.7048693988472223,0.3792844284325838,1
52,100,4.62254106067121,4.325632503256202,0.29690855741500854,1
53,100,4.429036523681134,3.9182157893665135,0.5108207343146205,1
54,100,4.4067062344402075,3.888464452698827,0.5182417817413807,1
55,100,4.676179991336539,3.877230369253084,0.7989496220834553,1
56,100,4.344766999827698,3.3184088931884617,1.0263581066392362,2
57,100,4.409899567719549,3.977784202899784,0.4321153648197651,1
58,100,4.271194535307586,3.7764155296608806,0.4947790056467056,1
59,100,4.051418959163129,3.6316260946914554,0.41979286447167397,1
60,100,4.3399816225864924,3.945608686248306,0.39437293633818626,1
61,100,4.759161068126559,4.004369990900159,0.7547910772264004,1
62,100,4.388607203029096,4.057324786670506,0.3312824163585901,1
63,100,4.367050480796024,3.8843806080985814,0.48266987269744277,1
64,1,4.492180005647242,4.397499510087073,0.09468049556016922,1
65,1,4.241028730524704,4.043356391834095,0.19767233869060874,1
66,1,3.9058763226494193,3.808117107488215,0.09775921516120434,1
67,1,4.590259020682424,4.435698269400746,0.15456075128167868,1
68,1,4.24495381815359,4.24495381815359,0.0,1
69,1,4.355168418493122,4.019247894641012,0.3359205238521099,1
70,1,3.6585688684135675,3.539194306358695,0.11937456205487251,1
71,1,4.227784410119057,4.220205053687096,0.00757935643196106,1
72,1,4.832120103397756,4.831664082026691,0.00045602137106470764,1
73,1,4.517566682305187,4.472282405477017,0.04528427682816982,1
74,1,4.145545304054394,3.8769644626881927,0.26858084136620164,1
75,1,4.1525332073215395,4.009725083364174,0.14280812395736575,1
76,1,3.9962569875642657,3.953537075780332,0.04271991178393364,1
77,1,4.505129061639309,4.121126789599657,0.38400227203965187,1
78,1,4.761754718376324,4.678649388952181,0.08310532942414284,1
79,1,4.476384153589606,4.453220458701253,0.023163694888353348,1
80,1,4.359585422556847,3.8060713815502822,0.5535140410065651,1
81,1,4.164391775382683,4.010151226771995,0.15424054861068726,1
82,1,4.471611823420972,4.15413672523573,0.3174750981852412,1
83,1,4.193484674207866,3.92127834726125,0.2722063269466162,1
84,1,4.491308622644283,4.27775094716344,0.2135576754808426,1
85,1,4.332849383121356,4.332849383121356,0.0,1
86,1,4.650403204374015,4.650403204374015,0.0,1
87,1,4.401729034259915,4.13351003266871,0.2682190015912056,1
88,1,4.352577476296574,4.2849399405531585,0.06763753574341536,1
89,1,4.468710716755595,4.458992073370609,0.009718643384985626,1
90,1,4.285916231805459,4.285916231805459,0.0,1
91,1,3.8099545296281576,3.7439251840114594,0.06602934561669827,1
92,1,4.659570386400446,4.4525404123123735,0.20702997408807278,1
93,1,4.4379833484999835,4.4218597947619855,0.01612355373799801,1
94,1,4.41207380767446,4.310501400264911,0.10157240740954876,1
95,1,4.602983256801963,4.256127612665296,0.34685564413666725,1
64,10,4.492180005647242,4.125785321928561,0.36639468371868134,1
65,10,4.241028730524704,3.7818488858174533,0.4591798447072506,1
66,10,3.9058763226494193,3.495724127627909,0.4101521950215101,1
67,10,4.590259020682424,4.218358980026096,0.3719000406563282,1
68,10,4.24495381815359,4.188932891469449,0.05602092668414116,1
69,10,4.355168418493122,3.8420434868894517,0.5131249316036701,1
70,10,3.6585688684135675,3.4176896354183555,0.24087923299521208,1
71,10,4.227784410119057,4.043492667376995,0.18429174274206161,1
72,10,4.832120103397756,4.707551751649589,0.1245683517481666,1
73,10,4.517566682305187,4.2526260442100465,0.26494063809514046,1
74,10,4.145545304054394,3.721824968000874,0.42372033605352044,1
75,10,4.1525332073215395,3.7929755861405283,0.3595576211810112,1
76,10,3.9962569875642657,3.7410716777667403,0.2551853097975254,1
77,10,4.505129061639309,3.961656454950571,0.5434726066887379,1
78,10,4.761754718376324,4.476356447441503,0.2853982709348202,1
79,10,4.476384153589606,4.35668452270329,0.1196996308863163,1
80,10,4.359585422556847,3.5532108428888023,0.806374579668045,1
81,10,4.164391775382683,3.894213207764551,0.27017856761813164,1
82,10,4.471611823420972,4.014345020521432,0.45726680289953947,1
83,10,4.193484674207866,3.6436779284849763,0.5498067457228899,1
84,10,4.491308622644283,3.9586760910460725,0.5326325315982103,1
85,10,4.332849383121356,4.268638230627403,0.0642111524939537,1
86,10,4.650403204374015,4.426802913658321,0.22360029071569443,1
87,10,4.401729034259915,3.9429876562207937,0.45874137803912163,1
88,10,4.352577476296574,3.5353446141816676,0.8172328621149063,1
89,10,4.468710716755595,4.172929413674865,0.29578130308073014,1
90,10,4.285916231805459,4.285916231805459,0.0,1
91,10,3.8099545296281576,3.700622129254043,0.10933240037411451,1
92,10,4.659570386400446,3.981186110060662,0.6783842763397843,1
93,10,4.4379833484999835,4.254114286508411,0.18386906199157238,1
94,10,4.41207380767446,3.9640025346307084,0.4480712730437517,1
95,10,4.602983256801963,4.076916197314858,0.5260670594871044,1
64,100,4.492180005647242,3.8819787511602044,0.6102012544870377,1
65,100,4.241028730524704,3.5471498153638095,0.6938789151608944,1
66,100,3.9058763226494193,3.1190737625584006,0.7868025600910187,1
67,100,4.590259020682424,3.890560815576464,0.6996982051059604,2
68,100,4.24495381815359,3.930955238174647,0.31399857997894287,1
69,100,4.355168418493122,3.644793914165348,0.710374504327774,1
70,100,3.6585688684135675,3.293966641649604,0.3646022267639637,1
71,100,4.227784410119057,3.8473587185144424,0.38042569160461426,1
72,100,4.832120103397756,4.283781316495151,0.5483387869026046,1
73,100,4.517566682305187,4.075277979951352,0.4422887023538351,1
74,100,4.145545304054394,3.5144321436528116,0.6311131604015827,1
75,100,4.1525332073215395,3.519971125992015,0.6325620813295245,1
76,100,3.9962569875642657,3.522053371183574,0.47420361638069153,1
77,100,4.505129061639309,3.72047783061862,0.784651231020689,1
78,100,4.761754718376324,4.120237515075132,0.6415172033011913,1
79,100,4.476384153589606,4.191643187776208,0.28474096581339836,1
80,100,4.359585422556847,3.2781030568294227,1.0814823657274246,2
81,100,4.164391775382683,3.685919278068468,0.4784724973142147,1
82,100,4.471611823420972,3.741180959623307,0.7304308637976646,1
83,100,4.193484674207866,3.3683892702683806,0.8250954039394855,1
84,100,4.491308622644283,3.6439501667628065,0.8473584558814764,2
85,100,4.332849383121356,4.165077030425891,0.1677723526954651,1
86,100,4.650403204374015,4.091669145040214,0.5587340593338013,1
87,100,4.401729034259915,3.7921183640137315,0.6096106702461839,1
88,100,4.352577476296574,3.055069926660508,1.297507549636066,2
89,100,4.468710716755595,3.7987103900522925,0.6700003267033026,1
90,100,4.285916231805459,4.081871576840058,0.2040446549654007,1
91,100,3.8099545296281576,3.5047667529433966,0.30518777668476105,1
92,100,4.659570386400446,3.5745924504008144,1.0849779359996319,2
93,100,4.4379833484999835,4.00911955581978,0.4288637926802039,1
94,100,4.41207380767446,3.628829415771179,0.7832443919032812,1
95,100,4.602983256801963,3.7196086775511503,0.8833745792508125,2
96,1,4.171837321715429,4.029583654599264,0.14225366711616516,1
97,1,4.411330494098365,4.329613559879363,0.08171693421900272,1
98,1,4.542045050766319,4.419150188099593,0.12289486266672611,1
99,1,4.376474243123084,4.176934209186584,0.19954003393650055,1
100,1,4.716522037982941,4.716522037982941,0.0,1
101,1,4.567784926854074,4.496991774998605,0.07079315185546875,1
102,1,4.460183079121634,4.220351523486897,0.23983155563473701,1
103,1,4.017441310919821,3.8778210701420903,0.13962024077773094,1
104,1,4.5517421808617655,4.336494058690732,0.21524812217103317,1
105,1,4.451306933071464,4.203958028461784,0.24734890460968018,1
106,1,4.278478540945798,4.255480383057147,0.022998157888650894,1
107,1,4.064119977643713,3.986640957882628,0.07747901976108551,1
108,1,4.281806530896574,3.9564830609597266,0.3253234699368477,1
109,1,4.503391899168491,4.201979663223028,0.3014122359454632,1
110,1,4.565852130297571,4.285837071482092,0.2800150588154793,1
111,1,4.323393519967794,4.307428391650319,0.01596512831747532,1
112,1,4.318144767312333,4.220343435881659,0.0978013314306736,1
113,1,4.888346501626074,4.80978041049093,0.07856609113514423,1
114,1,4.563040694803931,4.344152847887017,0.218887846916914,1
115,1,4.8811065293848515,4.460315857082605,0.4207906723022461,1
116,1,4.5599204786121845,4.4014603048563,0.15846017375588417,1
117,1,4.30640484392643,4.30640484392643,0.0,1
118,1,4.162776987999678,3.9874640703201294,0.17531291767954826,1
119,1,4.820954707451165,4.72555882204324,0.09539588540792465,1
120,1,4.406364046386443,4.406364046386443,0.0,1
121,1,4.438363004010171,4.377095660660416,0.06126734334975481,1
122,1,4.747417791048065,4.6129833774175495,0.13443441363051534,1
123,1,4.518168868962675,4.4452752019278705,0.07289366703480482,1
124,1,4.551030027680099,4.220417571254075,0.33061245642602444,1
125,1,4.454429735429585,4.36036501545459,0.09406471997499466,1
126,1,4.393822059035301,4.247067455202341,0.14675460383296013,1
127,1,4.5250581577420235,4.5250581577420235,0.0,1
96,10,4.171837321715429,3.775969124631956,0.3958681970834732,1
97,10,4.411330494098365,4.09006688836962,0.32126360572874546,1
98,10,4.542045050766319,4.048149041365832,0.49389600940048695,1
99,10,4.376474243123084,3.831850330810994,0.5446239123120904,1
100,10,4.716522037982941,4.371197998523712,0.3453240394592285,1
101,10,4.567784926854074,4.308374747168273,0.25941017968580127,1
102,10,4.460183079121634,4.04046707903035,0.4197160000912845,1
103,10,4.017441310919821,3.7304451214149594,0.28699618950486183,1
104,10,4.5517421808617655,4.150718450866407,0.40102372999535874,1
105,10,4.451306933071464,3.7737872726283967,0.6775196604430676,1
106,10,4.278478540945798,4.207983521278948,0.07049501966685057,1
107,10,4.064119977643713,3.7992971187923104,0.264822858851403,1
108,10,4.281806530896574,3.791086522396654,0.49072000849992037,1
109,10,4.503391899168491,4.018859084695578,0.48453281447291374,1
110,10,4.565852130297571,3.7334583052434027,0.8323938250541687,1
111,10,4.323393519967794,4.170051394030452,0.15334212593734264,1
112,10,4.318144767312333,4.009091765852645,0.30905300145968795,1
113,10,4.888346501626074,4.493776096962392,0.394570404663682,1
114,10,4.563040694803931,4.046230201260187,0.5168104935437441,1
115,10,4.8811065293848515,4.260636303573847,0.6204702258110046,1
116,10,4.5599204786121845,4.322946809232235,0.23697366937994957,1
117,10,4.30640484392643,4.1939111314713955,0.11249371245503426,1
118,10,4.162776987999678,3.636913951486349,0.5258630365133286,1
119,10,4.820954707451165,4.531464419327676,0.2894902881234884,1
120,10,4.406364046386443,4.185186371556483,0.22117767482995987,1
121,10,4.438363004010171,4.212101791519672,0.22626121249049902,1
122,10,4.747417791048065,4.233623085776344,0.5137947052717209,1
123,10,4.518168868962675,4.314925862010568,0.20324300695210695,1
124,10,4.551030027680099,4.041452416218817,0.5095776114612818,1
125,10,4.454429735429585,4.210735988803208,0.2436937466263771,1
126,10,4.393822059035301,4.041926311329007,0.35189574770629406,1
127,10,4.5250581577420235,4.206987656652927,0.31807050108909607,1
96,100,4.171837321715429,3.5452406245749444,0.626596697140485,1
97,100,4.411330494098365,3.872500487603247,0.5388300064951181,1
98,100,4.542045050766319,3.76289652986452,0.7791485209017992,1
99,100,4.376474243123084,3.5626953612081707,0.8137788819149137,1
100,100,4.716522037982941,3.9122729897499084,0.8042490482330322,1
101,100,4.567784926854074,4.0330680455081165,0.5347168813459575,1
102,100,4.460183079121634,3.7552193391602486,0.7049637399613857,1
103,100,4.017441310919821,3.5222957534715533,0.49514555744826794,1
104,100,4.5517421808617655,3.8760611548495945,0.6756810260121711,1
105,100,4.451306933071464,3.4960081693716347,0.9552987636998296,2
106,100,4.278478540945798,3.976042040158063,0.302436500787735,1
107,100,4.064119977643713,3.506209703395143,0.5579102742485702,1
108,100,4.281806530896574,3.575379272457212,0.706427258439362,1
109,100,4.503391899168491,3.7167125046253204,0.7866793945431709,2
110,100,4.565852130297571,3.316212418023497,1.2496397122740746,2
111,100,4.323393519967794,3.9765614736825228,0.34683204628527164,1
112,100,4.318144767312333,3.819056811509654,0.49908795580267906,1
113,100,4.888346501626074,4.124903627671301,0.763442873954773,2
114,100,4.563040694803931,3.72166617854964,0.8413745162542909,2
115,100,4.8811065293848515,3.9027812965214252,0.9783252328634262,2
116,100,4.5599204786121845,4.158956427127123,0.40096405148506165,1
117,100,4.30640484392643,3.9716582484543324,0.3347465954720974,1
118,100,4.162776987999678,3.381752237677574,0.7810247503221035,1
119,100,4.820954707451165,4.149302522651851,0.6716521847993135,1
120,100,4.406364046386443,3.865637317649089,0.5407267287373543,1
121,100,4.438363004010171,3.905314598698169,0.5330484053120017,1
122,100,4.747417791048065,3.893306209007278,0.8541115820407867,2
123,100,4.518168868962675,4.1337410169653594,0.3844278519973159,1
124,100,4.551030027680099,3.7692971089854836,0.7817329186946154,2
125,100,4.454429735429585,3.9980238834396005,0.4564058519899845,1
126,100,4.393822059035301,3.8316407464444637,0.5621813125908375,1
127,100,4.5250581577420235,3.56143219769001,0.9636259600520134,2
128,1,4.478325674310327,4.180482378229499,0.2978432960808277,1
129,1,4.751605518627912,4.536561638582498,0.21504388004541397,1
130,1,4.633626323658973,4.271474969107658,0.3621513545513153,1
131,1,4.659952623769641,4.429740710183978,0.23021191358566284,1
132,1,4.485527638345957,4.38181905914098,0.10370857920497656,1
133,1,4.453083123546094,4.39270071266219,0.0603824108839035,1
134,1,4.196719700470567,3.998717615380883,0.19800208508968353,1
135,1,4.307463910896331,4.291941594798118,0.015522316098213196,1
136,1,4.153651095693931,4.045310765272006,0.10834033042192459,1
137,1,4.293324235826731,4.101265598088503,0.19205863773822784,1
138,1,4.310190855059773,4.310190855059773,0.0,1
139,1,4.590300426352769,4.318667471874505,0.27163295447826385,1
140,1,4.352883288636804,3.7570117730647326,0.5958715155720711,1
141,1,4.749102063477039,4.503390975296497,0.245711088180542,1
142,1,4.622940206434578,4.508571361657232,0.11436884477734566,1
143,1,4.584138247184455,4.544693182222545,0.03944506496191025,1
144,1,4.708991630934179,4.456095897592604,0.25289573334157467,1
145,1,4.250370210967958,4.174779922701418,0.07559028826653957,1
146,1,4.690822678618133,4.636010634712875,0.05481204390525818,1
147,1,4.389201164012775,4.257839916506782,0.13136124750599265,1
148,1,3.819279172923416,3.5588669045828283,0.2604122683405876,1
149,1,4.487279987893999,4.3247267147526145,0.16255327314138412,1
150,1,4.639533847104758,4.402936757076532,0.23659709002822638,1
151,1,4.251057212240994,4.1641529919579625,0.08690422028303146,1
152,1,4.695513561600819,4.444973305100575,0.25054025650024414,1
153,1,4.353644914925098,4.213906563818455,0.13973835110664368,1
154,1,4.540923769585788,4.360837112180889,0.1800866574048996,1
155,1,4.8384082885459065,4.819792847149074,0.018615441396832466,1
156,1,4.280441525392234,4.140745894052088,0.13969563134014606,1
157,1,4.311899379361421,4.163989052642137,0.14791032671928406,1
158,1,4.740351639688015,4.6782344579696655,0.06211718171834946,1
159,1,4.342942072078586,4.031626300886273,0.31131577119231224,1
128,10,4.478325674310327,3.6080284137278795,0.870297260582447,1
129,10,4.751605518627912,4.37400672910735,0.3775987895205617,1
130,10,4.633626323658973,4.054094307590276,0.579532016068697,1
131,10,4.659952623769641,4.207086270675063,0.4528663530945778,1
132,10,4.485527638345957,4.165947984904051,0.319579653441906,1
133,10,4.453083123546094,4.139162230771035,0.31392089277505875,1
134,10,4.196719700470567,3.8695854749530554,0.32713422551751137,1
135,10,4.307463910896331,4.17264151526615,0.13482239563018084,1
136,10,4.153651095693931,3.884352165972814,0.269298929721117,1
137,10,4.293324235826731,3.8605150543153286,0.43280918151140213,1
138,10,4.310190855059773,4.1066700280644,0.20352082699537277,1
139,10,4.590300426352769,3.9911690396256745,0.5991313867270947,1
140,10,4.352883288636804,3.479671547189355,0.8732117414474487,1
141,10,4.749102063477039,4.187894828617573,0.5612072348594666,1
142,10,4.622940206434578,4.128776406403631,0.49416380003094673,1
143,10,4.584138247184455,4.258383231703192,0.3257550154812634,1
144,10,4.708991630934179,4.2253973269835114,0.4835943039506674,1
145,10,4.250370210967958,4.096420894376934,0.1539493165910244,1
146,10,4.690822678618133,4.274700085632503,0.41612259298563004,1
147,10,4.389201164012775,3.927130555966869,0.46207060804590583,1
148,10,3.819279172923416,3.424148329999298,0.39513084292411804,1
149,10,4.487279987893999,4.16241140011698,0.32486858777701855,1
150,10,4.639533847104758,4.171333954203874,0.46819989290088415,1
151,10,4.251057212240994,3.952769179828465,0.298288032412529,1
152,10,4.695513561600819,4.320208225166425,0.3753053364343941,1
153,10,4.353644914925098,4.132724590599537,0.22092032432556152,1
154,10,4.540923769585788,4.160239594988525,0.38068417459726334,1
155,10,4.8384082885459065,4.620544250123203,0.21786403842270374,1
156,10,4.280441525392234,4.007473432458937,0.27296809293329716,1
157,10,4.311899379361421,3.951928407419473,0.35997097194194794,1
158,10,4.740351639688015,4.409796550869942,0.3305550888180733,1
159,10,4.342942072078586,3.7718593422323465,0.5710827298462391,1
128,100,4.478325674310327,3.287962632253766,1.1903630420565605,2
129,100,4.751605518627912,4.1522661303170025,0.5993393883109093,1
130,100,4.633626323658973,3.71795702772215,0.9156692959368229,2
131,100,4.659952623769641,3.827527290210128,0.8324253335595131,2
132,100,4.485527638345957,3.985878463834524,0.49964917451143265,1
133,100,4.453083123546094,3.8976325797848403,0.5554505437612534,1
134,100,4.196719700470567,3.6788614373654127,0.517858263105154,1
135,100,4.307463910896331,3.9309225869365036,0.3765413239598274,1
136,100,4.153651095693931,3.6242768128868192,0.5293742828071117,1
137,100,4.293324235826731,3.630928114056587,0.6623961217701435,1
138,100,4.310190855059773,3.9228405826725066,0.38735027238726616,1
139,100,4.590300426352769,3.682708971668035,0.9075914546847343,2
140,100,4.352883288636804,3.0353974495083094,1.3174858391284943,2
141,100,4.749102063477039,3.8985348120331764,0.8505672514438629,2
142,100,4.622940206434578,3.752108448650688,0.8708317577838898,1
143,100,4.584138247184455,3.8737753657624125,0.7103628814220428,1
144,100,4.708991630934179,3.969830953516066,0.7391606774181128,2
145,100,4.250370210967958,3.8213678086176515,0.4290024023503065,1
146,100,4.690822678618133,3.904648178257048,0.7861745003610849,2
147,100,4.389201164012775,3.6163578091654927,0.7728433548472822,1
148,100,3.819279172923416,3.2321645827032626,0.5871145902201533,1
149,100,4.487279987893999,3.9037191597744823,0.5835608281195164,1
150,100,4.639533847104758,3.856584616471082,0.782949230633676,2
151,100,4.251057212240994,3.617618073709309,0.6334391385316849,1
152,100,4.695513561600819,3.9417313595768064,0.7537822020240128,1
153,100,4.353644914925098,3.9252445474267006,0.4284003674983978,1
154,100,4.540923769585788,3.7968592857941985,0.7440644837915897,1
155,100,4.8384082885459065,4.316934551112354,0.5214737374335527,1
156,100,4.280441525392234,3.7320322515442967,0.5484092738479376,1
157,100,4.311899379361421,3.7312784022651613,0.5806209770962596,1
158,100,4.740351639688015,4.118925154209137,0.621426485478878,1
159,100,4.342942072078586,3.5241341535001993,0.8188079185783863,1
160,1,4.280021604616195,4.131597219500691,0.14842438511550426,1
161,1,4.785919904708862,4.468339055776596,0.31758084893226624,1
162,1,4.104229914373718,4.089456438203342,0.014773476170375943,1
163,1,4.435172270052135,4.380591913126409,0.05458035692572594,1
164,1,4.623567205751897,4.5536587844690075,0.06990842128288932,1
165,1,4.613528236863203,4.501977875945158,0.11155036091804504,1
166,1,4.657628655433655,4.422099359333515,0.23552929610013962,1
167,1,4.194028919562697,4.049733875319362,0.14429504424333572,1
168,1,4.383999506942928,4.035384704358876,0.3486148025840521,1
169,1,4.116154340561479,4.034186464268714,0.08196787629276514,1
170,1,4.562078387010843,4.411569533403963,0.1505088536068797,1
171,1,4.26096270326525,4.08421000931412,0.1767526939511299,1
172,1,4.508215915411711,4.400983901694417,0.10723201371729374,1
173,1,4.471895869122818,4.471895869122818,0.0,1
174,1,4.9986465303227305,4.942644729278982,0.056001801043748856,1
175,1,4.517662671394646,4.419515556655824,0.09814711473882198,1
176,1,4.38105274643749,4.238500802777708,0.1425519436597824,1
177,1,4.175413277698681,4.159325226442888,0.01608805125579238,1
178,1,4.438228278886527,4.339778101537377,0.09845017734915018,1
179,1,4.308864498510957,4.290828563272953,0.01803593523800373,1
180,1,4.733796449378133,4.725221445783973,0.00857500359416008,1
181,1,4.342845255509019,4.2449191976338625,0.0979260578751564,1
182,1,4.665671961382031,4.595382591709495,0.07028936967253685,1
183,1,4.1468535251915455,3.902829233556986,0.24402429163455963,1
184,1,4.466077524237335,4.207910536788404,0.25816698744893074,1
185,1,4.32344889966771,4.044037539046258,0.27941136062145233,1
186,1,4.225889065302908,3.9286755891516805,0.29721347615122795,1
187,1,4.33034095284529,3.9767022479791194,0.3536387048661709,1
188,1,4.576037169666961,4.341385946376249,0.23465122329071164,1
189,1,4.127237083390355,4.080786531791091,0.046450551599264145,1
190,1,4.3344276756979525,4.3344276756979525,0.0,1
191,1,4.432403687387705,4.330201718956232,0.10220196843147278,1
160,10,4.280021604616195,3.947075021918863,0.3329465826973319,1
161,10,4.785919904708862,4.078066200017929,0.7078537046909332,1
162,10,4.104229914373718,3.9362605708884075,0.16796934348531067,1
163,10,4.435172270052135,4.3382169874385,0.09695528261363506,1
164,10,4.623567205751897,4.194956607287168,0.42861059846472926,1
165,10,4.613528236863203,4.3216845149872825,0.2918437218759209,1
166,10,4.657628655433655,4.1883182264864445,0.4693104289472103,1
167,10,4.194028919562697,3.847523657605052,0.3465052619576454,1
168,10,4.383999506942928,3.902921167202294,0.48107833974063396,1
169,10,4.116154340561479,3.9874092270620167,0.1287451134994626,1
170,10,4.562078387010843,4.139800054486841,0.4222783325240016,1
171,10,4.26096270326525,3.8747823601588607,0.38618034310638905,1
172,10,4.508215915411711,4.358390776440501,0.14982513897120953,1
173,10,4.471895869122818,4.305969492299482,0.16592637682333589,1
174,10,4.9986465303227305,4.710902345366776,0.28774418495595455,1
175,10,4.517662671394646,4.196768392808735,0.3208942785859108,1
176,10,4.38105274643749,4.065727039240301,0.31532570719718933,1
177,10,4.175413277698681,4.070101960795,0.10531131690368056,1
178,10,4.438228278886527,4.086865947116166,0.35136233177036047,1
179,10,4.308864498510957,4.180437142029405,0.12842735648155212,1
180,10,4.733796449378133,4.638597821816802,0.0951986275613308,1
181,10,4.342845255509019,4.090278955176473,0.25256630033254623,1
182,10,4.665671961382031,4.22496590949595,0.4407060518860817,1
183,10,4.1468535251915455,3.7548840902745724,0.3919694349169731,1
184,10,4.466077524237335,4.0673599895089865,0.39871753472834826,1
185,10,4.32344889966771,3.9091150029562414,0.4143338967114687,1
186,10,4.225889065302908,3.8286739559844136,0.3972151093184948,1
187,10,4.33034095284529,3.8736361174378544,0.4567048354074359,1
188,10,4.576037169666961,4.165075420634821,0.4109617490321398,1
189,10,4.127237083390355,4.0356694888323545,0.09156759455800056,1
190,10,4.3344276756979525,3.948557091411203,0.38587058428674936,1
191,10,4.432403687387705,4.03276838734746,0.39963530004024506,1
160,100,4.280021604616195,3.732197545003146,0.547824059613049,1
161,100,4.785919904708862,3.656511887907982,1.1294080168008804,2
162,100,4.104229914373718,3.7148387058405206,0.38939120853319764,1
163,100,4.435172270052135,4.240573515184224,0.19459875486791134,1
164,100,4.623567205751897,3.7526640734722605,0.8709031322796363,2
165,100,4.613528236863203,4.00227259111125,0.6112556457519531,1
166,100,4.657628655433655,3.8329735919833183,0.8246550634503365,2
167,100,4.194028919562697,3.567436033859849,0.6265928857028484,1
168,100,4.383999506942928,3.615347617305815,0.7686518896371126,1
169,100,4.116154340561479,3.799740177113563,0.3164141634479165,1
170,100,4.562078387010843,3.799061387311667,0.7630169996991754,1
171,100,4.26096270326525,3.670539195649326,0.5904235076159239,1
172,100,4.508215915411711,4.181514548137784,0.32670136727392673,1
173,100,4.471895869122818,4.145756065146998,0.32613980397582054,1
174,100,4.9986465303227305,4.430057988502085,0.5685885418206453,1
175,100,4.517662671394646,3.8556708013638854,0.6619918700307608,1
176,100,4.38105274643749,3.856721027754247,0.5243317186832428,1
177,100,4.175413277698681,3.9148642390500754,0.26054903864860535,1
178,100,4.438228278886527,3.658135814126581,0.7800924647599459,2
179,100,4.308864498510957,4.02502429112792,0.2838402073830366,1
180,100,4.733796449378133,4.383876545354724,0.3499199040234089,1
181,100,4.342845255509019,3.8886214587837458,0.45422379672527313,1
182,100,4.665671961382031,3.8191428408026695,0.8465291205793619,1
183,100,4.1468535251915455,3.550523828715086,0.5963296964764595,1
184,100,4.466077524237335,3.727992839179933,0.7380846850574017,2
185,100,4.32344889966771,3.6187258143909276,0.7047230852767825,1
186,100,4.225889065302908,3.577705849893391,0.6481832154095173,1
187,100,4.33034095284529,3.582269872771576,0.7480710800737143,1
188,100,4.576037169666961,3.8802359730470926,0.6958011966198683,2
189,100,4.127237083390355,3.9492057394236326,0.1780313439667225,1
190,100,4.3344276756979525,3.638223576825112,0.6962040988728404,1
191,100,4.432403687387705,3.738963231444359,0.693440455943346,1
192,1,4.475702532217838,4.464223286486231,0.01147924573160708,1
193,1,4.4667981611564755,4.464301674626768,0.0024964865297079086,1
194,1,4.193281992338598,4.059666429646313,0.13361556269228458,1
195,1,4.394864469766617,4.098038133233786,0.2968263365328312,1
196,1,4.472451934590936,4.151271967217326,0.32117996737360954,1
197,1,4.45686798915267,4.21670051291585,0.24016747623682022,1
198,1,4.8103796215727925,4.594960489310324,0.21541913226246834,1
199,1,4.578493225388229,4.533673018217087,0.0448202071711421,1
200,1,4.620791883207858,4.318616756238043,0.3021751269698143,1
201,1,4.287028681486845,4.05590395629406,0.23112472519278526,1
202,1,4.662497985176742,4.531105606816709,0.13139237836003304,1
203,1,3.895495659671724,3.7664103200659156,0.12908533960580826,1
204,1,4.405129819177091,4.252140185795724,0.15298963338136673,1
205,1,4.18323225696804,4.119556814606767,0.06367544236127287,1
206,1,4.007044184021652,3.9510488072410226,0.05599537678062916,1
207,1,4.461973617784679,4.391701032407582,0.07027258537709713,1
208,1,4.084997235098854,4.068696147063747,0.01630108803510666,1
209,1,4.424291179515421,4.212760581169277,0.21153059834614396,1
210,1,4.409707752987742,4.409707752987742,0.0,1
211,1,4.314642925746739,4.220894758589566,0.09374816715717316,1
212,1,4.967355189844966,4.595965347252786,0.3713898425921798,1
213,1,4.490725176408887,4.37796382047236,0.11276135593652725,1
214,1,4.595741624943912,3.956306747160852,0.6394348777830601,1
215,1,3.9748532187077217,3.827040875388775,0.14781234331894666,1
216,1,4.638672433793545,4.363508760929108,0.2751636728644371,1
217,1,4.198492696508765,4.1247163992375135,0.07377629727125168,1
218,1,4.502752436324954,4.502752436324954,0.0,1
219,1,4.309387934976257,4.142112522269599,0.16727541270665824,1
220,1,4.527185397222638,4.39848618209362,0.12869921512901783,1
221,1,4.73561159032397,4.514269131002948,0.22134245932102203,1
222,1,4.313939527142793,4.229356967378408,0.08458255976438522,1
223,1,4.231213371735066,4.040810007136315,0.19040336459875107,1
192,10,4.475702532217838,4.203619424602948,0.27208310761488974,1
193,10,4.4667981611564755,4.368228872306645,0.09856928884983063,1
194,10,4.193281992338598,3.972071756608784,0.22121023572981358,1
195,10,4.394864469766617,3.9914726689457893,0.4033918008208275,1
196,10,4.472451934590936,4.008906604722142,0.4635453298687935,1
197,10,4.45686798915267,4.045962456613779,0.41090553253889084,1
198,10,4.8103796215727925,4.471343056298792,0.33903656527400017,1
199,10,4.578493225388229,4.442680121399462,0.13581310398876667,1
200,10,4.620791883207858,3.980461665429175,0.6403302177786827,1
201,10,4.287028681486845,3.8519370071589947,0.43509167432785034,1
202,10,4.662497985176742,4.309041884727776,0.353456100448966,1
203,10,3.895495659671724,3.53719334769994,0.35830231197178364,1
204,10,4.405129819177091,4.11673376429826,0.2883960548788309,1
205,10,4.18323225696804,4.062454248021822,0.1207780089462176,1
206,10,4.007044184021652,3.758595942519605,0.24844824150204659,1
207,10,4.461973617784679,3.919961360283196,0.542012257501483,1
208,10,4.084997235098854,3.855941341491416,0.2290558936074376,1
209,10,4.424291179515421,4.077270531095564,0.347020648419857,1
210,10,4.409707752987742,4.3062858786433935,0.10342187434434891,1
211,10,4.314642925746739,4.135708604939282,0.17893432080745697,1
212,10,4.967355189844966,4.3143532341346145,0.6530019557103515,2
213,10,4.490725176408887,4.280385030433536,0.21034014597535133,1
214,10,4.595741624943912,3.7577919298782945,0.8379496950656176,1
215,10,3.9748532187077217,3.5713792652240954,0.40347395348362625,1
216,10,4.638672433793545,4.208228707313538,0.43044372648000717,1
217,10,4.198492696508765,4.09319163300097,0.10530106350779533,1
218,10,4.502752436324954,4.403385480865836,0.09936695545911789,1
219,10,4.309387934976257,3.979014727170579,0.33037320780567825,1
220,10,4.527185397222638,4.013992801308632,0.5131925959140062,1
221,10,4.73561159032397,4.387623029528186,0.347988560795784,1
222,10,4.313939527142793,4.14622112410143,0.16771840304136276,1
223,10,4.231213371735066,3.9658698993735015,0.26534347236156464,1
192,100,4.475702532217838,4.037624013028108,0.4380785191897303,1
193,100,4.4667981611564755,4.187398110516369,0.2794000506401062,1
194,100,4.193281992338598,3.8498853454366326,0.34339664690196514,1
195,100,4.394864469766617,3.6490031108260155,0.7458613589406013,1
196,100,4.472451934590936,3.730111623182893,0.7423403114080429,1
197,100,4.45686798915267,3.709561973810196,0.747306015342474,1
198,100,4.8103796215727925,4.20865601208061,0.6017236094921827,1
199,100,4.578493225388229,4.262200185097754,0.3162930402904749,1
200,100,4.620791883207858,3.7041241014376283,0.9166677817702293,2
201,100,4.287028681486845,3.6227267906069756,0.6643018908798695,1
202,100,4.662497985176742,4.086624315939844,0.5758736692368984,1
203,100,3.895495659671724,3.3305690782144666,0.5649265814572573,1
204,100,4.405129819177091,3.8443302465602756,0.5607995726168156,1
205,100,4.18323225696804,3.91555888595758,0.26767337101045996,1
206,100,4.007044184021652,3.5500506600365043,0.4569935239851475,1
207,100,4.461973617784679,3.5822801599279046,0.8796934578567743,1
208,100,4.084997235098854,3.666032330831513,0.4189649042673409,1
209,100,4.424291179515421,3.838734703604132,0.5855564759112895,1
210,100,4.409707752987742,4.135223487392068,0.2744842655956745,1
211,100,4.314642925746739,3.9208196410909295,0.3938232846558094,1
212,100,4.967355189844966,3.749207234941423,1.218147954903543,2
213,100,4.490725176408887,4.038530798628926,0.45219437777996063,1
214,100,4.595741624943912,3.4087649201974273,1.1869767047464848,2
215,100,3.9748532187077217,3.344941802730318,0.6299114159774035,1
216,100,4.638672433793545,3.959293194115162,0.6793792396783829,1
217,100,4.198492696508765,3.959375251084566,0.2391174454241991,1
218,100,4.502752436324954,4.191893985494971,0.31085845082998276,1
219,100,4.309387934976257,3.78531024872791,0.5240776862483472,1
220,100,4.527185397222638,3.720280446112156,0.8069049511104822,1
221,100,4.73561159032397,4.04027111385949,0.6953404764644802,1
222,100,4.313939527142793,3.930961738806218,0.38297778833657503,1
223,100,4.231213371735066,3.8195424149744213,0.4116709567606449,1
224,1,3.971366739831865,3.871968566440046,0.099398173391819,1
225,1,4.436603528447449,4.3040476171299815,0.1325559113174677,1
226,1,4.396105804597028,4.3016029567224905,0.09450284787453711,1
227,1,4.308002399280667,4.042363042011857,0.26563935726881027,1
228,1,4.033607033081353,3.8711740439757705,0.16243298910558224,1
229,1,4.289822801481932,4.22925464482978,0.06056815665215254,1
230,1,3.9590924670919776,3.900017130188644,0.059075336903333664,1
231,1,4.121435882407241,4.045749391545542,0.07568649086169899,1
232,1,4.403691832907498,4.403691832907498,0.0,1
233,1,4.117380140349269,3.941746037453413,0.1756341028958559,1
234,1,4.246761891554343,4.14309019249049,0.10367169906385243,1
235,1,4.742590804584324,4.597143509425223,0.1454472951591015,1
236,1,4.486362038529478,4.41387389448937,0.07248814404010773,1
237,1,4.244124770979397,4.064562064479105,0.17956270650029182,1
238,1,4.360635583288968,4.334169610403478,0.026465972885489464,1
239,1,4.29701318917796,4.126581866759807,0.17043132241815329,1
240,1,4.257992229482625,4.095205820223782,0.16278640925884247,1
241,1,4.624496536634979,4.387058213047567,0.23743832358741201,1
242,1,4.608107904816279,4.410771469498286,0.19733643531799316,1
243,1,4.425481224432588,4.32293001934886,0.10255120508372784,1
244,1,3.704425087897107,3.540293784113601,0.16413130378350616,1
245,1,4.681301763281226,4.539494877681136,0.14180688560009003,1
246,1,4.361672884901054,4.361672884901054,0.0,1
247,1,4.927103051915765,4.927103051915765,0.0,1
248,1,4.457786199171096,4.4205501829274,0.03723601624369621,1
249,1,4.547816031146795,4.496485176030546,0.05133085511624813,1
250,1,4.51075289293658,4.51075289293658,0.0,1
251,1,4.713365292176604,4.283280402421951,0.430084889754653,1
252,1,4.409462200477719,4.335569275543094,0.07389292493462563,1
253,1,4.3584485160099575,4.322539475382655,0.0359090406273026,1
254,1,4.956752935424447,4.721450364217162,0.23530257120728493,1
255,1,4.731401033306611,4.678078613782418,0.05332241952419281,1
224,10,3.971366739831865,3.757403594441712,0.21396314539015293,1
225,10,4.436603528447449,4.23328469414264,0.20331883430480957,1
226,10,4.396105804597028,4.174088693107478,0.22201711148954928,1
227,10,4.308002399280667,3.8606754522770643,0.447326947003603,1
228,10,4.033607033081353,3.6740420972928405,0.35956493578851223,1
229,10,4.289822801481932,4.137727141845971,0.15209565963596106,1
230,10,3.9590924670919776,3.8078632103279233,0.1512292567640543,1
231,10,4.121435882407241,3.924989714869298,0.19644616753794253,1
232,10,4.403691832907498,4.1287851491943,0.2749066837131977,1
233,10,4.117380140349269,3.823519665747881,0.293860474601388,1
234,10,4.246761891554343,4.008043975074543,0.2387179164797999,1
235,10,4.742590804584324,4.223106381483376,0.5194844231009483,1
236,10,4.486362038529478,4.1984507128363475,0.2879113256931305,1
237,10,4.244124770979397,3.7188538043992594,0.5252709665801376,1
238,10,4.360635583288968,3.9752885596826673,0.38534702360630035,1
239,10,4.29701318917796,3.7641986054368317,0.5328145837411284,1
240,10,4.257992229482625,3.9065619344473816,0.35143029503524303,1
241,10,4.624496536634979,4.232735648445669,0.3917608881893102,1
242,10,4.608107904816279,4.17827762188972,0.42983028292655945,1
243,10,4.425481224432588,4.089363245293498,0.3361179791390896,1
244,10,3.704425087897107,3.4443245583679527,0.2601005295291543,1
245,10,4.681301763281226,4.241766197606921,0.43953556567430496,1
246,10,4.361672884901054,4.222504355828278,0.13916852907277644,1
247,10,4.927103051915765,4.3511915896087885,0.5759114623069763,1
248,10,4.457786199171096,4.323499196674675,0.13428700249642134,1
249,10,4.547816031146795,4.309558652807027,0.23825737833976746,1
250,10,4.51075289293658,4.414824253995903,0.09592863894067705,1
251,10,4.713365292176604,4.106977432966232,0.606387859210372,1
252,10,4.409462200477719,4.050743529573083,0.3587186709046364,1
253,10,4.3584485160099575,4.18536770028004,0.17308081572991796,1
254,10,4.956752935424447,4.373753881081939,0.5829990543425083,1
255,10,4.731401033306611,4.488733735328424,0.24266729797818698,1
224,100,3.971366739831865,3.5965221459046006,0.3748445939272642,1
225,100,4.436603528447449,4.011107972823083,0.4254955556243658,1
226,100,4.396105804597028,3.9002923314692453,0.49581347312778234,1
227,100,4.308002399280667,3.518511051312089,0.7894913479685783,1
228,100,4.033607033081353,3.541301175020635,0.4923058580607176,1
229,100,4.289822801481932,3.99555842904374,0.29426437243819237,1
230,100,3.9590924670919776,3.6207136316224933,0.33837883546948433,1
231,100,4.121435882407241,3.6247997876489535,0.49663609475828707,1
232,100,4.403691832907498,3.844195277430117,0.5594965554773808,1
233,100,4.117380140349269,3.646856665611267,0.4705234747380018,1
234,100,4.246761891554343,3.75925469797221,0.48750719358213246,1
235,100,4.742590804584324,3.6887463415041566,1.0538444630801678,2
236,100,4.486362038529478,3.9214636251563206,0.5648984133731574,1
237,100,4.244124770979397,3.3526423246366903,0.8914824463427067,1
238,100,4.360635583288968,3.7069538673385978,0.6536817159503698,1
239,100,4.29701318917796,3.468841363210231,0.8281718259677291,1
240,100,4.257992229482625,3.5944643142283894,0.6635279152542353,1
241,100,4.624496536634979,3.922997232832131,0.7014993038028479,1
242,100,4.608107904816279,3.820837463164935,0.7872704416513443,1
243,100,4.425481224432588,3.7606592383235693,0.6648219861090183,1
244,100,3.704425087897107,3.2760965230409056,0.4283285648562014,1
245,100,4.681301763281226,3.965568756684661,0.7157330065965652,1
246,100,4.361672884901054,3.9985990739660338,0.36307381093502045,1
247,100,4.927103051915765,3.9451578576117754,0.9819451943039894,2
248,100,4.457786199171096,3.9502731091342866,0.5075130900368094,1
249,100,4.547816031146795,4.0656816442497075,0.4821343868970871,1
250,100,4.51075289293658,4.236498650978319,0.27425424195826054,1
251,100,4.713365292176604,3.766453282907605,0.9469120092689991,2
252,100,4.409462200477719,3.722529536113143,0.6869326643645763,1
253,100,4.3584485160099575,3.9848858831537655,0.37356263285619207,1
254,100,4.956752935424447,4.053125722333789,0.9036272130906582,2
255,100,4.731401033306611,3.9005803432519315,0.8308206900546793,2
256,1,4.1902611394179985,3.9139470086665824,0.2763141307514161,1
257,1,4.935135027393699,4.931617607362568,0.003517420031130314,1
258,1,4.230028724297881,3.997348254546523,0.23268046975135803,1
259,1,4.817293045576662,4.4893159619532526,0.32797708362340927,1
260,1,4.3335591880604625,4.148819866590202,0.18473932147026062,1
261,1,4.373497682623565,4.255305633880198,0.1181920487433672,1
262,1,4.657812665682286,4.585562296677381,0.07225036900490522,1
263,1,4.390760844573379,4.3541955556720495,0.03656528890132904,1
264,1,4.445405285805464,4.3474394008517265,0.09796588495373726,1
265,1,4.495024635456502,4.2297531282529235,0.26527150720357895,1
266,1,4.599615011102287,4.39464071978,0.20497429132228717,1
267,1,4.403697612928227,4.318612423958257,0.08508518896996975,1
268,1,4.582520349067636,4.370225114864297,0.21229523420333862,1
269,1,4.396489874459803,4.333594656549394,0.06289521791040897,1
270,1,4.2803936888230965,4.113231304916553,0.16716238390654325,1
271,1,4.3164310129359365,4.103722211904824,0.21270880103111267,1
272,1,4.47191596403718,4.343297105282545,0.12861885875463486,1
273,1,4.188376056030393,4.137319372035563,0.051056683994829655,1
274,1,4.676690980792046,4.565311282873154,0.1113796979188919,1
275,1,4.35079444386065,4.115086335688829,0.23570810817182064,1
276,1,4.141820092219859,4.035737211350352,0.10608288086950779,1
277,1,4.456288690213114,4.34686370799318,0.10942498221993446,1
278,1,4.605074131861329,4.596039975062013,0.009034156799316406,1
279,1,4.647041888907552,4.4829983385279775,0.1640435503795743,1
280,1,4.414254975505173,4.248161607421935,0.1660933680832386,1
281,1,4.336037087254226,4.114764287136495,0.2212728001177311,1
282,1,4.6956919729709625,4.4598734602332115,0.235818512737751,1
283,1,4.4812706500524655,4.4123943984741345,0.068876251578331,1
284,1,4.382103842217475,4.118615348357707,0.2634884938597679,1
285,1,4.319097912404686,4.108008644077927,0.21108926832675934,1
286,1,4.488253625109792,4.488253625109792,0.0,1
287,1,4.620530778542161,4.620530778542161,0.0,1
256,10,4.1902611394179985,3.807657742756419,0.3826033966615796,1
257,10,4.935135027393699,4.758573164232075,0.17656186316162348,1
258,10,4.230028724297881,3.793231762945652,0.4367969613522291,1
259,10,4.817293045576662,4.053133567329496,0.7641594782471657,1
260,10,4.3335591880604625,3.937759297899902,0.3957998901605606,1
261,10,4.373497682623565,3.943623592145741,0.4298740904778242,1
262,10,4.657812665682286,4.2477217693813145,0.4100908963009715,1
263,10,4.390760844573379,4.230604058131576,0.16015678644180298,1
264,10,4.445405285805464,4.214965157210827,0.23044012859463692,1
265,10,4.495024635456502,3.977324412204325,0.5177002232521772,1
266,10,4.599615011102287,4.103709189483197,0.4959058216190897,1
267,10,4.403697612928227,4.045978042529896,0.3577195703983307,1
268,10,4.582520349067636,3.9562952202977613,0.6262251287698746,1
269,10,4.396489874459803,4.096710999496281,0.29977887496352196,1
270,10,4.2803936888230965,3.981111480970867,0.2992822078522295,1
271,10,4.3164310129359365,4.008925427682698,0.3075055852532387,1
272,10,4.47191596403718,4.058568600565195,0.41334736347198486,1
273,10,4.188376056030393,3.749483661726117,0.4388923943042755,1
274,10,4.676690980792046,4.314857453107834,0.36183352768421173,1
275,10,4.35079444386065,3.957125175744295,0.39366926811635494,1
276,10,4.141820092219859,3.8737391070462763,0.26808098517358303,1
277,10,4.456288690213114,4.194685506168753,0.2616031840443611,1
278,10,4.605074131861329,4.48538982309401,0.11968430876731873,1
279,10,4.647041888907552,4.278172107413411,0.3688697814941406,1
280,10,4.414254975505173,3.998375498689711,0.4158794768154621,1
281,10,4.336037087254226,3.975809901021421,0.36022718623280525,1
282,10,4.6956919729709625,4.219585590064526,0.4761063829064369,1
283,10,4.4812706500524655,4.077887134277262,0.4033835157752037,1
284,10,4.382103842217475,3.922374759335071,0.4597290828824043,1
285,10,4.319097912404686,3.930373943876475,0.3887239685282111,1
286,10,4.488253625109792,4.248472573235631,0.23978105187416077,1
287,10,4.620530778542161,4.326218584552407,0.2943121939897537,1
256,100,4.1902611394179985,3.55411225638818,0.6361488830298185,1
257,100,4.935135027393699,4.454837090335786,0.48029793705791235,1
258,100,4.230028724297881,3.5836677476763725,0.6463609766215086,1
259,100,4.817293045576662,3.608354178722948,1.208938866853714,2
260,100,4.3335591880604625,3.643440286628902,0.6901189014315605,1
261,100,4.373497682623565,3.564483209513128,0.8090144731104374,2
262,100,4.657812665682286,3.9629825721494853,0.6948300935328007,1
263,100,4.390760844573379,3.9564252737909555,0.434335570782423,1
264,100,4.445405285805464,4.042305093258619,0.4031001925468445,1
265,100,4.495024635456502,3.687218158505857,0.8078064769506454,2
266,100,4.599615011102287,3.7748365921142977,0.8247784189879894,2
267,100,4.403697612928227,3.6363693058956414,0.7673283070325851,2
268,100,4.582520349067636,3.6380171215860173,0.9445032274816185,2
269,100,4.396489874459803,3.8150698179379106,0.5814200565218925,1
270,100,4.2803936888230965,3.6743732708273456,0.6060204179957509,1
271,100,4.3164310129359365,3.7924550818279386,0.5239759311079979,1
272,100,4.47191596403718,3.6146856965497136,0.8572302674874663,2
273,100,4.188376056030393,3.4618101213127375,0.7265659347176552,1
274,100,4.676690980792046,3.8879499435424805,0.7887410372495651,1
275,100,4.35079444386065,3.713782649487257,0.6370117943733931,1
276,100,4.141820092219859,3.6853150692768395,0.45650502294301987,1
277,100,4.456288690213114,3.9006805294193327,0.5556081607937813,1
278,100,4.605074131861329,4.156880946829915,0.44819318503141403,1
279,100,4.647041888907552,3.922881441190839,0.724160447716713,2
280,100,4.414254975505173,3.7910983795300126,0.6231565959751606,1
281,100,4.336037087254226,3.760116589255631,0.5759204979985952,1
282,100,4.6956919729709625,3.9120805710554123,0.7836114019155502,1
283,100,4.4812706500524655,3.7126531690591946,0.7686174809932709,2
284,100,4.382103842217475,3.6444748588837683,0.7376289833337069,1
285,100,4.319097912404686,3.593986369203776,0.7251115432009101,1
286,100,4.488253625109792,3.6474477779120207,0.8408058471977711,2
287,100,4.620530778542161,4.003062155097723,0.617468623444438,1
288,1,4.354953923262656,4.354953923262656,0.0,1
289,1,4.192783875390887,4.0360235292464495,0.1567603461444378,1
290,1,4.534943480044603,4.203641463071108,0.3313020169734955,1
291,1,4.579393288120627,4.358959907665849,0.22043338045477867,1
292,1,4.532133016735315,4.330139368772507,0.2019936479628086,1
293,1,4.6452143574133515,4.1968822395429015,0.44833211787045,1
294,1,4.470870795368683,4.411469134211075,0.05940166115760803,1
295,1,4.64036182872951,4.550842573866248,0.08951925486326218,1
296,1,4.141960397129878,3.994732920313254,0.1472274768166244,1
297,1,4.572351453825831,4.336821289733052,0.23553016409277916,1
298,1,4.352906703716144,4.296110396971926,0.05679630674421787,1
299,1,4.39524098415859,4.233190996339545,0.16204998781904578,1
300,1,4.119891127804294,3.769287034869194,0.3506040929351002,1
301,1,4.482122104614973,4.416572887450457,0.06554921716451645,1
302,1,4.141264668665826,4.122852055821568,0.018412612844258547,1
303,1,4.463233132380992,4.233397144358605,0.22983598802238703,1
304,1,4.360978389158845,4.152975285425782,0.20800310373306274,1
305,1,4.539271444140468,4.335923919396009,0.2033475247444585,1
306,1,4.81395771051757,4.7313222356606275,0.08263547485694289,1
307,1,4.13408038020134,4.093119703233242,0.04096067696809769,1
308,1,4.351580113638192,4.252093338873237,0.09948677476495504,1
309,1,4.548669869080186,4.539136840030551,0.009533029049634933,1
310,1,4.37477489747107,4.115166271105409,0.2596086263656616,1
311,1,3.9345782278687693,3.8296867617755197,0.10489146609324962,1
312,1,4.082021582173184,3.90765841701068,0.17436316516250372,1
313,1,4.549501811387017,4.09052496147342,0.4589768499135971,1
314,1,4.523294604383409,4.246555387042463,0.2767392173409462,1
315,1,4.404379262588918,4.026504694484174,0.37787456810474396,1
316,1,4.609583229292184,4.490032627712935,0.1195506015792489,1
317,1,4.518823224119842,4.460107910446823,0.05871531367301941,1
318,1,4.369635506533086,3.8945181658491492,0.4751173406839371,1
319,1,4.526881333440542,4.060954570770264,0.46592676267027855,1
288,10,4.354953923262656,4.174920757301152,0.18003316596150398,1
289,10,4.192783875390887,3.7941777501255274,0.3986061252653599,1
290,10,4.534943480044603,3.964476689696312,0.5704667903482914,1
291,10,4.579393288120627,4.039934823289514,0.5394584648311138,1
292,10,4.532133016735315,4.1771016754209995,0.3550313413143158,1
293,10,4.6452143574133515,4.10900857206434,0.5362057853490114,1
294,10,4.470870795368683,4.265932645008434,0.20493815036024898,1
295,10,4.64036182872951,4.5275199841707945,0.11284184455871582,1
296,10,4.141960397129878,3.908794697606936,0.2331656995229423,1
297,10,4.572351453825831,4.26557051576674,0.30678093805909157,1
298,10,4.352906703716144,4.11591119854711,0.236995505169034,1
299,10,4.39524098415859,4.077008466469124,0.3182325176894665,1
300,10,4.119891127804294,3.5672910790890455,0.5526000487152487,1
301,10,4.482122104614973,4.376839477568865,0.10528262704610825,1
302,10,4.141264668665826,4.086341441608965,0.054923227056860924,1
303,10,4.463233132380992,3.856362137477845,0.6068709949031472,1
304,10,4.360978389158845,3.970217937603593,0.3907604515552521,1
305,10,4.539271444140468,4.061935091332998,0.47733635280746967,1
306,10,4.81395771051757,4.321809914661571,0.492147795855999,1
307,10,4.13408038020134,3.820458583533764,0.31362179666757584,1
308,10,4.351580113638192,4.0984734683297575,0.25310664530843496,1
309,10,4.548669869080186,4.504409926012158,0.044259943068027496,1
310,10,4.37477489747107,3.8901975844055414,0.48457731306552887,1
311,10,3.9345782278687693,3.64322448981693,0.2913537380518392,1
312,10,4.082021582173184,3.710786768933758,0.3712348132394254,1
313,10,4.549501811387017,3.8893256161827594,0.660176195204258,1
314,10,4.523294604383409,3.8941377652809024,0.6291568391025066,1
315,10,4.404379262588918,3.929868242703378,0.47451101988554,1
316,10,4.609583229292184,4.200125902425498,0.40945732686668634,1
317,10,4.518823224119842,4.3298196299001575,0.1890035942196846,1
318,10,4.369635506533086,3.5387320732697845,0.8309034332633018,1
319,10,4.526881333440542,3.907594621181488,0.6192867122590542,1
288,100,4.354953923262656,3.9574706153944135,0.39748330786824226,1
289,100,4.192783875390887,3.535600658506155,0.6571832168847322,1
290,100,4.534943480044603,3.642777170985937,0.8921663090586662,1
291,100,4.579393288120627,3.6656394880264997,0.9137538000941277,1
292,100,4.532133016735315,3.9511060416698456,0.5810269750654697,1
293,100,4.6452143574133515,3.750978878699243,0.8942354787141085,2
294,100,4.470870795368683,3.95453260402428,0.5163381913444027,1
295,100,4.64036182872951,4.38779485039413,0.25256697833538055,1
296,100,4.141960397129878,3.7068143191281706,0.4351460780017078,1
297,100,4.572351453825831,3.947846859693527,0.6245045941323042,1
298,100,4.352906703716144,3.896039286861196,0.4568674168549478,1
299,100,4.39524098415859,3.828549247002229,0.5666917371563613,1
300,100,4.119891127804294,3.2655039224773645,0.8543872053269297,1
301,100,4.482122104614973,4.084023874253035,0.3980982303619385,1
302,100,4.141264668665826,3.963076832704246,0.17818783596158028,1
303,100,4.463233132380992,3.487709257286042,0.9755238750949502,2
304,100,4.360978389158845,3.6721807699650526,0.6887976191937923,1
305,100,4.539271444140468,3.6528292986913584,0.8864421454491094,1
306,100,4.81395771051757,3.9895810775924474,0.824376632925123,2
307,100,4.13408038020134,3.5669218078255653,0.5671585723757744,1
308,100,4.351580113638192,3.857518510427326,0.49406160321086645,1
309,100,4.548669869080186,4.354151597246528,0.19451827183365822,1
310,100,4.37477489747107,3.6953159999102354,0.6794588975608349,1
311,100,3.9345782278687693,3.435943151882384,0.49863507598638535,1
312,100,4.082021582173184,3.5032309831585735,0.57879059901461,1
313,100,4.549501811387017,3.660072435857728,0.8894293755292892,2
314,100,4.523294604383409,3.566681715659797,0.9566128887236118,2
315,100,4.404379262588918,3.623243337497115,0.7811359250918031,1
316,100,4.609583229292184,3.878500714432448,0.731082514859736,1
317,100,4.518823224119842,4.058734024874866,0.46008919924497604,1
318,100,4.369635506533086,3.2684514289721847,1.1011840775609016,2
319,100,4.526881333440542,3.636224202811718,0.8906571306288242,1
320,1,4.237712541595101,4.215057505294681,0.02265503630042076,1
321,1,4.617967907106504,4.579092671396211,0.038875235710293055,1
322,1,4.536070388741791,4.536070388741791,0.0,1
323,1,4.60810744157061,4.5305426879785955,0.07756475359201431,1
324,1,4.370770541136153,4.310074769775383,0.06069577136076987,1
325,1,4.424399765441194,4.132568372646347,0.2918313927948475,1
326,1,4.667008879594505,4.547477426938713,0.11953145265579224,1
327,1,4.486168781295419,4.486168781295419,0.0,1
328,1,4.505956327542663,4.445732915773988,0.06022341176867485,1
329,1,4.256345557514578,4.187116678338498,0.06922887917608023,1
330,1,4.364794875844382,4.291189904906787,0.07360497093759477,1
331,1,4.771119298413396,4.487183200195432,0.2839360982179642,1
332,1,4.432732398156077,4.271294259931892,0.1614381382241845,1
333,1,4.329988710582256,4.242124021053314,0.08786468952894211,1
334,1,4.3411342096515,4.2140595423989,0.1270746672526002,1
335,1,4.178516326821409,4.178516326821409,0.0,1
336,1,4.565940584056079,4.565940584056079,0.0,1
337,1,4.0978694297373295,3.777122613042593,0.3207468166947365,1
338,1,4.3055947832763195,4.091923721134663,0.21367106214165688,1
339,1,4.479678733274341,4.332254623994231,0.1474241092801094,1
340,1,4.257982993498445,3.9014106821268797,0.35657231137156487,1
341,1,4.406995294149965,4.282350847031921,0.1246444471180439,1
342,1,4.390773489780258,4.332402386062313,0.058371103717945516,1
343,1,4.529060554457828,4.489528541220352,0.03953201323747635,1
344,1,4.219447597395629,4.120406453963369,0.09904114343225956,1
345,1,4.451590733369812,4.244134964654222,0.20745576871559024,1
346,1,4.074048705864698,3.899347970727831,0.17470073513686657,1
347,1,4.592072628904134,4.419163689482957,0.1729089394211769,1
348,1,4.069086244795471,3.9450938436202705,0.12399240117520094,1
349,1,4.496961586526595,4.376540040946566,0.12042154558002949,1
350,1,4.583215702790767,4.573096577543765,0.010119125247001648,1
351,1,4.2745154371950775,4.1880116334650666,0.08650380373001099,1
320,10,4.237712541595101,4.0858615497127175,0.15185099188238382,1
321,10,4.617967907106504,4.2614084233064204,0.3565594838000834,1
322,10,4.536070388741791,4.452653382904828,0.08341700583696365,1
323,10,4.60810744157061,4.380881194490939,0.22722624707967043,1
324,10,4.370770541136153,4.06022825173568,0.31054228940047324,1
325,10,4.424399765441194,4.068352158879861,0.35604760656133294,1
326,10,4.667008879594505,4.2687823893502355,0.39822649024426937,1
327,10,4.486168781295419,4.279788616113365,0.20638016518205404,1
328,10,4.505956327542663,4.31092513166368,0.19503119587898254,1
329,10,4.256345557514578,4.0069978456012905,0.24934771191328764,1
330,10,4.364794875844382,4.206673197099008,0.15812167874537408,1
331,10,4.771119298413396,3.781511353328824,0.9896079450845718,2
332,10,4.432732398156077,4.123979189898819,0.30875320825725794,1
333,10,4.329988710582256,3.8435021322220564,0.48648657836019993,1
334,10,4.3411342096515,4.119089927058667,0.22204428259283304,1
335,10,4.178516326821409,4.0481344392756,0.13038188754580915,1
336,10,4.565940584056079,4.114410719834268,0.4515298642218113,1
337,10,4.0978694297373295,3.607787922024727,0.4900815077126026,1
338,10,4.3055947832763195,3.8302233405411243,0.47537144273519516,1
339,10,4.479678733274341,4.184078050777316,0.29560068249702454,1
340,10,4.257982993498445,3.685631660744548,0.5723513327538967,1
341,10,4.406995294149965,4.155678304377943,0.25131698977202177,1
342,10,4.390773489780258,4.1907163935829885,0.20005709619726986,1
343,10,4.529060554457828,4.368292265338823,0.1607682891190052,1
344,10,4.219447597395629,3.9715101295150816,0.24793746788054705,1
345,10,4.451590733369812,4.146035874495283,0.3055548588745296,1
346,10,4.074048705864698,3.646237599197775,0.42781110666692257,1
347,10,4.592072628904134,4.14694306300953,0.44512956589460373,1
348,10,4.069086244795471,3.791447266470641,0.27763897832483053,1
349,10,4.496961586526595,4.221869709319435,0.27509187720716,1
350,10,4.583215702790767,4.310603049118072,0.27261265367269516,1
351,10,4.2745154371950775,4.0692111721728,0.20530426502227783,1
320,100,4.237712541595101,3.854931657202542,0.38278088439255953,1
321,100,4.617967907106504,3.904918616870418,0.7130492902360857,1
322,100,4.536070388741791,4.148398005403578,0.38767238333821297,1
323,100,4.60810744157061,4.147376850713044,0.4607305908575654,1
324,100,4.370770541136153,3.833545868168585,0.537224672967568,1
325,100,4.424399765441194,3.754969930043444,0.6694298353977501,1
326,100,4.667008879594505,4.001344841904938,0.6656640376895666,1
327,100,4.486168781295419,4.027245532721281,0.4589232485741377,1
328,100,4.505956327542663,4.000890338793397,0.5050659887492657,1
329,100,4.256345557514578,3.7418106705881655,0.5145348869264126,1
330,100,4.364794875844382,3.9784669053042307,0.386327970540151,1
331,100,4.771119298413396,3.3081236612051725,1.4629956372082233,3
332,100,4.432732398156077,3.8134933286346495,0.6192390695214272,1
333,100,4.329988710582256,3.5596047565340996,0.7703839540481567,1
334,100,4.3411342096515,3.857098813634366,0.4840353960171342,1
335,100,4.178516326821409,3.783992767916061,0.3945235589053482,1
336,100,4.565940584056079,3.7188463611528277,0.8470942229032516,2
337,100,4.0978694297373295,3.377954177558422,0.7199152521789074,1
338,100,4.3055947832763195,3.577222753316164,0.7283720299601555,1
339,100,4.479678733274341,3.982939925044775,0.4967388082295656,1
340,100,4.257982993498445,3.4928291086107492,0.7651538848876953,1
341,100,4.406995294149965,3.8857865049503744,0.5212087891995907,1
342,100,4.390773489780258,3.9904303292860277,0.4003431604942307,1
343,100,4.529060554457828,4.118817757116631,0.41024279734119773,1
344,100,4.219447597395629,3.7538745519705117,0.465573045425117,1
345,100,4.451590733369812,3.881871117511764,0.5697196158580482,1
346,100,4.074048705864698,3.3466085069812834,0.7274401988834143,1
347,100,4.592072628904134,3.4493776788003743,1.1426949501037598,2
348,100,4.069086244795471,3.528881050180644,0.5402051946148276,1
349,100,4.496961586526595,3.956419187015854,0.5405423995107412,1
350,100,4.583215702790767,3.960896060336381,0.6223196424543858,1
351,100,4.2745154371950775,3.884817043086514,0.38969839410856366,1
352,1,4.4595499858260155,4.426571860909462,0.0329781249165535,1
353,1,4.5020406395196915,4.448871031403542,0.0531696081161499,1
354,1,4.53252811357379,4.424678765237331,0.1078493483364582,1
355,1,4.653429488185793,4.500295719597489,0.15313376858830452,1
356,1,4.586602820083499,4.408080333843827,0.1785224862396717,1
357,1,4.753883206751198,4.69616644224152,0.05771676450967789,1
358,1,4.358072326169349,4.352528620627709,0.00554370554164052,1
359,1,4.270233732284396,3.9487284837377956,0.32150524854660034,1
360,1,4.570537792518735,4.277613049373031,0.29292474314570427,1
361,1,4.236916043329984,4.075044534634799,0.16187150869518518,1
362,1,4.411666956264526,4.278393965680152,0.13327299058437347,1
363,1,4.012082908418961,3.867099414463155,0.1449834939558059,1
364,1,4.349482646444812,4.045368507737294,0.3041141387075186,1
365,1,4.092383707175031,3.8108390958514065,0.28154461132362485,1
366,1,4.457030948018655,4.319010401377454,0.13802054664120078,1
367,1,4.2204722301103175,4.049277515616268,0.17119471449404955,1
368,1,4.4825920588336885,4.342980707529932,0.13961135130375624,1
369,1,4.683403910137713,4.62935349997133,0.05405041016638279,1
370,1,4.428709528408945,4.302327645942569,0.12638188246637583,1
371,1,4.5123261357075535,4.423719015496317,0.08860712021123618,1
372,1,4.588638877496123,4.46513513289392,0.12350374460220337,1
373,1,4.498681055614725,4.371367721585557,0.1273133340291679,1
374,1,4.147146874805912,4.046863239491358,0.10028363531455398,1
375,1,4.724934773286805,4.5281614472623914,0.1967733260244131,1
376,1,4.393002007447649,4.339965704537462,0.05303630291018635,1
377,1,4.24662172049284,4.24662172049284,0.0,1
378,1,4.416821506340057,4.3148476970382035,0.10197380930185318,1
379,1,4.449632309610024,4.449632309610024,0.0,1
380,1,3.9351747585460544,3.850587389431894,0.08458736911416054,1
381,1,4.557268342934549,4.188883452676237,0.3683848902583122,1
382,1,4.4287129966542125,4.257609981112182,0.17110301554203033,1
383,1,4.160704895009985,4.1302857873088215,0.03041910770116374,1
352,10,4.4595499858260155,4.006601385772228,0.45294860005378723,1
353,10,4.5020406395196915,3.945828154683113,0.5562124848365784,1
354,10,4.53252811357379,4.3681799825280905,0.16434813104569912,1
355,10,4.653429488185793,4.272029152605683,0.38140033558011055,1
356,10,4.586602820083499,4.226786883547902,0.35981593653559685,1
357,10,4.753883206751198,4.631574550177902,0.1223086565732956,1
358,10,4.358072326169349,4.23729513597209,0.12077719019725919,1
359,10,4.270233732284396,3.7642587484879186,0.5059749837964773,1
360,10,4.570537792518735,3.9900521729141474,0.5804856196045876,1
361,10,4.236916043329984,3.9735744181089103,0.2633416252210736,1
362,10,4.411666956264526,4.120910693425685,0.2907562628388405,1
363,10,4.012082908418961,3.725910032982938,0.2861728754360229,1
364,10,4.349482646444812,3.895453483099118,0.45402916334569454,1
365,10,4.092383707175031,3.661122036864981,0.43126167031005025,1
366,10,4.457030948018655,4.22846483043395,0.22856611758470535,1
367,10,4.2204722301103175,3.8967204107902944,0.32375181932002306,1
368,10,4.4825920588336885,4.041302524972707,0.44128953386098146,1
369,10,4.683403910137713,4.4877262925729156,0.1956776175647974,1
370,10,4.428709528408945,4.161234358325601,0.267475170083344,1
371,10,4.5123261357075535,4.24554313957924,0.26678299612831324,1
372,10,4.588638877496123,4.170362321659923,0.4182765558362007,1
373,10,4.498681055614725,4.253634674707428,0.24504638090729713,1
374,10,4.147146874805912,3.8986687830183655,0.24847809178754687,1
375,10,4.724934773286805,4.313625406241044,0.41130936704576015,1
376,10,4.393002007447649,4.145196351862978,0.2478056555846706,1
377,10,4.24662172049284,4.093180002644658,0.15344171784818172,1
378,10,4.416821506340057,4.242805473040789,0.1740160332992673,1
379,10,4.449632309610024,4.40840494656004,0.04122736304998398,1
380,10,3.9351747585460544,3.813229446299374,0.12194531224668026,1
381,10,4.557268342934549,4.004721119068563,0.5525472238659859,1
382,10,4.4287129966542125,4.14592959638685,0.2827834002673626,1
383,10,4.160704895009985,4.089161096984753,0.07154379802523181,1
352,100,4.4595499858260155,3.6725869923830032,0.7869629934430122,1
353,100,4.5020406395196915,3.59791399538517,0.9041266441345215,2
354,100,4.53252811357379,4.1878460589796305,0.3446820545941591,1
355,100,4.653429488185793,3.8458609194494784,0.8075685687363148,1
356,100,4.586602820083499,3.910796587355435,0.6758062327280641,1
357,100,4.753883206751198,4.467636944260448,0.28624626249074936,1
358,100,4.358072326169349,4.040644772467203,0.3174275537021458,1
359,100,4.270233732284396,3.4688810171646765,0.8013527151197195,2
360,100,4.570537792518735,3.651289166882634,0.9192486256361008,2
361,100,4.236916043329984,3.729136015754193,0.5077800275757909,1
362,100,4.411666956264526,3.8470026799477637,0.564664276316762,1
363,100,4.012082908418961,3.553024493972771,0.45905841444619,1
364,100,4.349482646444812,3.6368756073061377,0.7126070391386747,1
365,100,4.092383707175031,3.43443907587789,0.6579446312971413,1
366,100,4.457030948018655,4.017963977763429,0.4390669702552259,1
367,100,4.2204722301103175,3.7136640339158475,0.5068081961944699,1
368,100,4.4825920588336885,3.6488999505527318,0.8336921082809567,1
369,100,4.683403910137713,4.175608298741281,0.5077956113964319,1
370,100,4.428709528408945,3.855747510679066,0.5729620177298784,1
371,100,4.5123261357075535,3.8932379619800486,0.6190881737275049,1
372,100,4.588638877496123,3.846191404387355,0.7424474731087685,1
373,100,4.498681055614725,3.9080423989798874,0.5906386566348374,1
374,100,4.147146874805912,3.7310351447667927,0.4161117300391197,1
375,100,4.724934773286805,4.021911721443757,0.7030230518430471,1
376,100,4.393002007447649,3.9000586516340263,0.4929433558136225,1
377,100,4.24662172049284,3.900717096403241,0.34590462408959866,1
378,100,4.416821506340057,4.046812083106488,0.37000942323356867,1
379,100,4.449632309610024,4.104137189919129,0.3454951196908951,1
380,100,3.9351747585460544,3.6820924235507846,0.2530823349952698,1
381,100,4.557268342934549,3.7070838743820786,0.8501844685524702,2
382,100,4.4287129966542125,3.917793515138328,0.5109194815158844,1
383,100,4.160704895009985,3.911140174692264,0.24956472031772137,1
384,1,4.528171484125778,4.477115859044716,0.05105562508106232,1
385,1,4.2800205532694235,4.230973519734107,0.049047033535316586,1
386,1,4.3643162285443395,4.3308974315878,0.033418796956539154,1
387,1,4.504803885240108,4.3452253122814,0.1595785729587078,1
388,1,4.610534531995654,4.272827031090856,0.3377075009047985,1
389,1,4.425290344515815,4.411834008758888,0.013456335756927729,1
390,1,4.795904724451248,4.607941790076438,0.18796293437480927,1
391,1,4.573544315411709,4.404979372979142,0.16856494243256748,1
392,1,4.333163329400122,4.283349555917084,0.04981377348303795,1
393,1,4.3767836295301095,4.01729503495153,0.35948859457857907,1
394,1,4.3360091124195606,4.260093574644998,0.07591553777456284,1
395,1,4.452509190887213,4.367227006703615,0.08528218418359756,1
396,1,4.546479904092848,4.425001756288111,0.12147814780473709,1
397,1,4.488283699378371,4.294474126771092,0.19380957260727882,1
398,1,4.499745503533632,4.392809874843806,0.10693562868982553,1
399,1,4.516155733144842,4.4640022196108475,0.052153513533994555,1
400,1,4.607113508973271,4.607113508973271,0.0,1
401,1,4.237449245527387,3.959633084014058,0.27781616151332855,1
402,1,4.132031473331153,4.098791505210102,0.03323996812105179,1
403,1,4.677257461939007,4.666076633613557,0.01118082832545042,1
404,1,4.561881944537163,4.466495519503951,0.09538642503321171,1
405,1,4.483687138650566,4.442982982378453,0.04070415627211332,1
406,1,4.464831609511748,4.28065263829194,0.18417897121980786,1
407,1,4.752676813863218,4.347197442315519,0.405479371547699,1
408,1,4.603275771252811,4.41504190582782,0.18823386542499065,1
409,1,4.177373827289557,4.157008103240514,0.02036572404904291,1
410,1,4.700918375048786,4.645905607845634,0.05501276720315218,1
411,1,4.549778891727328,4.401957569643855,0.1478213220834732,1
412,1,4.319250613429176,4.313311606158095,0.005939007271081209,1
413,1,4.386731377511751,4.1123156544636,0.27441572304815054,1
414,1,4.449185169301927,4.372479661367834,0.07670550793409348,1
415,1,4.109919329872355,3.999311161926016,0.11060816794633865,1
384,10,4.528171484125778,4.033924241317436,0.494247242808342,1
385,10,4.2800205532694235,4.145228587440215,0.1347919658292085,1
386,10,4.3643162285443395,4.147796857869253,0.21651937067508698,1
387,10,4.504803885240108,3.8416202147491276,0.6631836704909801,1
388,10,4.610534531995654,4.0745340790599585,0.5360004529356956,1
389,10,4.425290344515815,4.123916361248121,0.3013739832676947,1
390,10,4.795904724451248,4.19932030007476,0.5965844243764877,1
391,10,4.573544315411709,4.197024250985123,0.37652006442658603,1
392,10,4.333163329400122,4.086605851538479,0.24655747786164284,1
393,10,4.3767836295301095,3.9378784991567954,0.438905130373314,1
394,10,4.3360091124195606,4.096791934920475,0.23921717749908566,1
395,10,4.452509190887213,4.248743589967489,0.2037656009197235,1
396,10,4.546479904092848,4.074494040571153,0.47198586352169514,1
397,10,4.488283699378371,4.190812403336167,0.2974712960422039,1
398,10,4.499745503533632,4.098157907370478,0.40158759616315365,1
399,10,4.516155733144842,4.253958030720241,0.2621977024246007,1
400,10,4.607113508973271,4.364805293735117,0.24230821523815393,1
401,10,4.237449245527387,3.76447001285851,0.47297923266887665,1
402,10,4.132031473331153,3.9692134438082576,0.1628180295228958,1
403,10,4.677257461939007,4.475201546680182,0.20205591525882483,1
404,10,4.561881944537163,4.16907062381506,0.3928113207221031,1
405,10,4.483687138650566,4.252105227205902,0.231581911444664,1
406,10,4.464831609511748,4.1249765085522085,0.3398551009595394,1
407,10,4.752676813863218,4.0581665160134435,0.6945102978497744,1
408,10,4.603275771252811,3.7480266680940986,0.8552491031587124,2
409,10,4.177373827289557,4.010695628036046,0.16667819925351068,1
410,10,4.700918375048786,4.554549692664295,0.14636868238449097,1
411,10,4.549778891727328,4.051309244707227,0.49846964702010155,1
412,10,4.319250613429176,3.91104117033683,0.4082094430923462,1
413,10,4.386731377511751,3.955724976665806,0.4310064008459449,1
414,10,4.449185169301927,4.0744987754151225,0.3746863938868046,1
415,10,4.109919329872355,3.773944725980982,0.3359746038913727,1
384,100,4.528171484125778,3.7552347250748426,0.7729367590509355,1
385,100,4.2800205532694235,3.996542315580882,0.2834782376885414,1
386,100,4.3643162285443395,3.925022220471874,0.43929400807246566,1
387,100,4.504803885240108,3.4970895727165043,1.0077143125236034,2
388,100,4.610534531995654,3.6979999858886003,0.9125345461070538,2
389,100,4.425290344515815,3.884174013743177,0.5411163307726383,1
390,100,4.795904724451248,3.8274338232004084,0.9684709012508392,2
391,100,4.573544315411709,3.8602961046854034,0.7132482107263058,1
392,100,4.333163329400122,3.7403779746964574,0.5927853547036648,1
393,100,4.3767836295301095,3.6174782275920734,0.7593054019380361,1
394,100,4.3360091124195606,3.8625359137076885,0.4734731987118721,1
395,100,4.452509190887213,4.094706330448389,0.3578028604388237,1
396,100,4.546479904092848,3.7407175870612264,0.8057623170316219,1
397,100,4.488283699378371,3.895964192226529,0.5923195071518421,1
398,100,4.499745503533632,3.5812767590396106,0.9184687444940209,2
399,100,4.516155733144842,3.9438721894985065,0.5722835436463356,1
400,100,4.607113508973271,4.042246407363564,0.5648671016097069,1
401,100,4.237449245527387,3.5125680658966303,0.7248811796307564,1
402,100,4.132031473331153,3.799747417680919,0.3322840556502342,1
403,100,4.677257461939007,4.219511041883379,0.4577464200556278,1
404,100,4.561881944537163,3.886749105527997,0.6751328390091658,1
405,100,4.483687138650566,3.8989515430293977,0.5847355956211686,1
406,100,4.464831609511748,3.784725848818198,0.6801057606935501,1
407,100,4.752676813863218,3.707745253108442,1.044931560754776,2
408,100,4.603275771252811,3.4640717273578048,1.1392040438950062,2
409,100,4.177373827289557,3.7928344189713243,0.38453940831823274,1
410,100,4.700918375048786,4.183881847653538,0.5170365273952484,1
411,100,4.549778891727328,3.723668286576867,0.8261106051504612,1
412,100,4.319250613429176,3.5653609218788915,0.7538896915502846,1
413,100,4.386731377511751,3.5609613197739236,0.8257700577378273,1
414,100,4.449185169301927,3.765766809694469,0.6834183596074581,1
415,100,4.109919329872355,3.5713513249065727,0.5385680049657822,1
416,1,4.774539163336158,4.6942408587783575,0.08029830455780029,1
417,1,4.393598061054945,4.249593027867377,0.1440050331875682,1
418,1,4.523550623329356,4.438194444170222,0.08535617915913463,1
419,1,4.146539225708693,4.014195921365172,0.1323433043435216,1
420,1,4.735257389489561,4.625660090241581,0.10959729924798012,1
421,1,4.184628834016621,4.074289330281317,0.11033950373530388,1
422,1,4.491880244575441,4.491880244575441,0.0,1
423,1,4.381290878169239,4.321442541666329,0.05984833650290966,1
424,1,4.132021713536233,4.035728944931179,0.09629276860505342,1
425,1,4.817470929585397,4.347033671103418,0.47043725848197937,1
426,1,4.5645423758542165,4.368823781260289,0.19571859459392726,1
427,1,4.057887927629054,4.013900672085583,0.04398725554347038,1
428,1,4.52075810363749,4.450940755137708,0.06981734849978238,1
429,1,4.650907730683684,4.612807249650359,0.038100481033325195,1
430,1,4.561752327717841,4.561752327717841,0.0,1
431,1,4.4460011762566864,4.44112561782822,0.00487555842846632,1
432,1,4.316559484461322,4.177150560775772,0.1394089236855507,1
433,1,4.732392632868141,4.367193148937076,0.3651994839310646,1
434,1,4.215837421827018,4.152716559357941,0.06312086246907711,1
435,1,4.5822882829234,4.498201641254127,0.08408664166927338,1
436,1,4.4322739047929645,4.134990403428674,0.2972835013642907,1
437,1,4.413362707011402,4.2962092300876975,0.11715347692370415,1
438,1,4.503930755890906,4.462493852712214,0.041436903178691864,1
439,1,4.5147595214657485,4.286638665478677,0.228120855987072,1
440,1,4.3305100989528,4.172179577406496,0.15833052154630423,1
441,1,4.329031126922928,4.290511323488317,0.03851980343461037,1
442,1,4.430244249291718,4.347340679727495,0.08290356956422329,1
443,1,4.2694844582583755,4.1628984769340605,0.10658598132431507,1
444,1,4.458831335883588,4.458831335883588,0.0,1
445,1,4.017695500748232,3.8688427426386625,0.14885275810956955,1
446,1,4.476115359691903,4.364942303625867,0.11117305606603622,1
447,1,4.733100519515574,4.603263136930764,0.12983738258481026,1
416,10,4.774539163336158,4.188424291089177,0.5861148722469807,1
417,10,4.393598061054945,4.057111273519695,0.3364867875352502,1
418,10,4.523550623329356,4.1786477693822235,0.3449028539471328,1
419,10,4.146539225708693,3.7519385968334973,0.394600628875196,1
420,10,4.735257389489561,4.509779373649508,0.22547801584005356,1
421,10,4.184628834016621,3.97119630407542,0.2134325299412012,1
422,10,4.491880244575441,4.291078279726207,0.20080196484923363,1
423,10,4.381290878169239,3.8675139592960477,0.5137769188731909,1
424,10,4.132021713536233,3.8484156844206154,0.2836060291156173,1
425,10,4.817470929585397,3.9817556673660874,0.8357152622193098,1
426,10,4.5645423758542165,4.121454432257451,0.4430879435967654,1
427,10,4.057887927629054,3.9295148821547627,0.12837304547429085,1
428,10,4.52075810363749,4.191709813603666,0.32904829003382474,1
429,10,4.650907730683684,4.421924931928515,0.22898279875516891,1
430,10,4.561752327717841,4.259101274423301,0.30265105329453945,1
431,10,4.4460011762566864,4.354854648467153,0.09114652778953314,1
432,10,4.316559484461322,3.8996665126178414,0.41689297184348106,1
433,10,4.732392632868141,4.053963006008416,0.6784296268597245,1
434,10,4.215837421827018,3.972167287953198,0.2436701338738203,1
435,10,4.5822882829234,4.342129881493747,0.24015840142965317,1
436,10,4.4322739047929645,3.9316899133846164,0.5005839914083481,1
437,10,4.413362707011402,4.103544418700039,0.30981828831136227,1
438,10,4.503930755890906,4.363999116234481,0.13993163965642452,1
439,10,4.5147595214657485,4.038238523062319,0.47652099840343,1
440,10,4.3305100989528,3.9633325985632837,0.36717750038951635,1
441,10,4.329031126922928,4.060199825442396,0.2688313014805317,1
442,10,4.430244249291718,4.008813966996968,0.4214302822947502,1
443,10,4.2694844582583755,3.8290596569422632,0.4404248013161123,1
444,10,4.458831335883588,4.346344652120024,0.11248668376356363,1
445,10,4.017695500748232,3.632576820673421,0.385118680074811,1
446,10,4.476115359691903,4.157746235607192,0.3183691240847111,1
447,10,4.733100519515574,4.433530447073281,0.29957007244229317,1
416,100,4.774539163336158,3.8239715564996004,0.9505676068365574,1
417,100,4.393598061054945,3.7281705057248473,0.6654275553300977,1
418,100,4.523550623329356,3.8434677550103515,0.6800828683190048,1
419,100,4.146539225708693,3.440105375368148,0.7064338503405452,1
420,100,4.735257389489561,4.147757864091545,0.587499525398016,1
421,100,4.184628834016621,3.6938073514029384,0.49082148261368275,1
422,100,4.491880244575441,4.0326970955356956,0.45918314903974533,1
423,100,4.381290878169239,3.546895974315703,0.8343949038535357,2
424,100,4.132021713536233,3.71588700870052,0.4161347048357129,1
425,100,4.817470929585397,3.6974985683336854,1.1199723612517118,2
426,100,4.5645423758542165,3.736281707533635,0.8282606683205813,2
427,100,4.057887927629054,3.7779459161683917,0.2799420114606619,1
428,100,4.52075810363749,3.7041844250052236,0.8165736786322668,1
429,100,4.650907730683684,4.226307191886008,0.42460053879767656,1
430,100,4.561752327717841,3.937876029871404,0.6238762978464365,1
431,100,4.4460011762566864,4.136175044346601,0.3098261319100857,1
432,100,4.316559484461322,3.6530653371009976,0.6634941473603249,1
433,100,4.732392632868141,3.6764859189279377,1.0559067139402032,2
434,100,4.215837421827018,3.7315298756584525,0.48430754616856575,1
435,100,4.5822882829234,4.068208980374038,0.5140793025493622,1
436,100,4.4322739047929645,3.657021591439843,0.7752523133531213,1
437,100,4.413362707011402,3.7999106710776687,0.613452035933733,1
438,100,4.503930755890906,4.081023597158492,0.42290715873241425,1
439,100,4.5147595214657485,3.773073827382177,0.7416856940835714,1
440,100,4.3305100989528,3.678384066093713,0.652126032859087,1
441,100,4.329031126922928,3.824121890938841,0.504909235984087,1
442,100,4.430244249291718,3.6583545273169875,0.7718897219747305,1
443,100,4.2694844582583755,3.64116058149375,0.6283238767646253,1
444,100,4.458831335883588,4.2164948913268745,0.2423364445567131,1
445,100,4.017695500748232,3.4287271678913385,0.5889683328568935,1
446,100,4.476115359691903,3.828150837449357,0.6479645222425461,1
447,100,4.733100519515574,4.011229035444558,0.7218714840710163,1
448,1,4.102933883201331,3.9576487173326313,0.14528516586869955,1
449,1,4.238480180501938,4.133906397968531,0.10457378253340721,1
450,1,4.48198107117787,4.401466365437955,0.08051470573991537,1
451,1,4.147479266859591,4.0541457468643785,0.09333351999521255,1
452,1,4.5451275100931525,4.492409876547754,0.05271763354539871,1
453,1,4.390773654333316,4.179363539558835,0.21141011477448046,1
454,1,4.650955209508538,4.559537345543504,0.09141786396503448,1
455,1,4.323666511569172,4.254629749339074,0.06903676223009825,1
456,1,4.149651846848428,4.066222683526576,0.08342916332185268,1
457,1,4.784451888874173,4.4680291544646025,0.3164227344095707,1
458,1,4.567878242582083,4.372300207614899,0.19557803496718407,1
459,1,4.562829613685608,4.04322405718267,0.5196055565029383,1
460,1,4.231697327224538,4.103308430640027,0.1283888965845108,1
461,1,4.228714199329261,4.0531631201156415,0.17555107921361923,1
462,1,4.094248903580592,4.007058809380396,0.08719009420019574,1
463,1,4.534847508184612,4.5202015759423375,0.014645932242274284,1
464,1,4.503414219245315,3.868709816597402,0.6347044026479125,1
465,1,4.404776030685753,4.338044562842697,0.06673146784305573,1
466,1,4.157494795508683,4.096309173852205,0.06118562165647745,1
467,1,4.387543523684144,4.255454009398818,0.132089514285326,1
468,1,4.519049223512411,4.502879748120904,0.01616947539150715,1
469,1,4.78025028668344,4.736770955845714,0.04347933083772659,1
470,1,4.131478609051555,4.065165476407856,0.06631313264369965,1
471,1,4.507068432634696,4.411463771248236,0.09560466138646007,1
472,1,4.637977278791368,4.415504445321858,0.22247283346951008,1
473,1,4.523015545681119,4.336287127807736,0.18672841787338257,1
474,1,4.582937197177671,4.579876183182932,0.0030610139947384596,1
475,1,4.654803015291691,4.645777698606253,0.009025316685438156,1
476,1,4.390452091116458,4.08809309778735,0.30235899332910776,1
477,1,4.398916655685753,4.366109476890415,0.03280717879533768,1
478,1,4.335914373048581,4.22857679228764,0.10733758076094091,1
479,1,4.040312195313163,3.777392979594879,0.26291921571828425,1
448,10,4.102933883201331,3.8629130902700126,0.24002079293131828,1
449,10,4.238480180501938,3.758750557899475,0.47972962260246277,1
450,10,4.48198107117787,4.3303735055960715,0.15160756558179855,1
451,10,4.147479266859591,3.969505373388529,0.17797389347106218,1
452,10,4.5451275100931525,4.2611469915136695,0.28398051857948303,1
453,10,4.390773654333316,3.97565832932014,0.4151153250131756,1
454,10,4.650955209508538,4.39756572060287,0.25338948890566826,1
455,10,4.323666511569172,4.037697322200984,0.2859691893681884,1
456,10,4.149651846848428,3.949660605750978,0.19999124109745026,1
457,10,4.784451888874173,4.225461022928357,0.558990865945816,1
458,10,4.567878242582083,4.273036852478981,0.29484139010310173,1
459,10,4.562829613685608,3.7000343929976225,0.8627952206879854,2
460,10,4.231697327224538,3.9948478976730257,0.236849429551512,1
461,10,4.228714199329261,3.8483590386458673,0.3803551606833935,1
462,10,4.094248903580592,3.953854411505745,0.14039449207484722,1
463,10,4.534847508184612,4.390512646175921,0.14433486200869083,1
464,10,4.503414219245315,3.776848821900785,0.7265653973445296,2
465,10,4.404776030685753,4.089071885216981,0.31570414546877146,1
466,10,4.157494795508683,3.933150543831289,0.2243442516773939,1
467,10,4.387543523684144,4.0918861497193575,0.29565737396478653,1
468,10,4.519049223512411,4.128835562616587,0.39021366089582443,1
469,10,4.78025028668344,4.364032389596105,0.4162178970873356,1
470,10,4.131478609051555,3.853857127483934,0.27762148156762123,1
471,10,4.507068432634696,4.2784048358444124,0.22866359679028392,1
472,10,4.637977278791368,4.101931392215192,0.5360458865761757,1
473,10,4.523015545681119,4.033153118565679,0.48986242711544037,1
474,10,4.582937197177671,4.491554727195762,0.0913824699819088,1
475,10,4.654803015291691,4.383886378258467,0.2709166370332241,1
476,10,4.390452091116458,3.961413568351418,0.4290385227650404,1
477,10,4.398916655685753,4.271010184194893,0.12790647149085999,1
478,10,4.335914373048581,4.033560674521141,0.30235369852744043,1
479,10,4.040312195313163,3.5209076459286734,0.5194045493844897,1
448,100,4.102933883201331,3.6220397553406656,0.4808941278606653,1
449,100,4.238480180501938,3.465572338551283,0.772907841950655,1
450,100,4.48198107117787,4.098383266013116,0.3835978051647544,1
451,100,4.147479266859591,3.6262083631008863,0.5212709037587047,1
452,100,4.5451275100931525,3.934701061807573,0.6104264482855797,1
453,100,4.390773654333316,3.6767561865272,0.7140174678061157,1
454,100,4.650955209508538,4.089853325858712,0.561101883649826,1
455,100,4.323666511569172,3.7341643455438316,0.5895021660253406,1
456,100,4.149651846848428,3.7306617302820086,0.4189901165664196,1
457,100,4.784451888874173,3.953565152361989,0.8308867365121841,2
458,100,4.567878242582083,3.9959978349506855,0.5718804076313972,1
459,100,4.562829613685608,3.4320083763450384,1.1308212373405695,2
460,100,4.231697327224538,3.7747771891299635,0.4569201380945742,1
461,100,4.228714199329261,3.6131463400670327,0.615567859262228,1
462,100,4.094248903580592,3.852063424550579,0.24218547903001308,1
463,100,4.534847508184612,4.1621165899559855,0.37273091822862625,1
464,100,4.503414219245315,3.2990492237731814,1.2043649954721332,2
465,100,4.404776030685753,3.7186007355339825,0.6861752951517701,1
466,100,4.157494795508683,3.704442922025919,0.45305187348276377,1
467,100,4.387543523684144,3.909300869330764,0.4782426543533802,1
468,100,4.519049223512411,3.744611145928502,0.774438077583909,2
469,100,4.78025028668344,4.0773149486631155,0.7029353380203247,1
470,100,4.131478609051555,3.66875454550609,0.46272406354546547,1
471,100,4.507068432634696,4.133901331806555,0.373167100828141,1
472,100,4.637977278791368,3.7637421330437064,0.8742351457476616,2
473,100,4.523015545681119,3.7349470406770706,0.7880685050040483,2
474,100,4.582937197177671,4.236865808605216,0.34607138857245445,1
475,100,4.654803015291691,4.116478625684977,0.5383243896067142,1
476,100,4.390452091116458,3.6377462805248797,0.7527058105915785,1
477,100,4.398916655685753,4.001520668622106,0.3973959870636463,1
478,100,4.335914373048581,3.80114790040534,0.5347664726432413,1
479,100,4.040312195313163,3.304726172122173,0.7355860231909901,1
480,1,4.231662220438011,3.8863176639424637,0.3453445564955473,1
481,1,4.594486337155104,4.379683636128902,0.21480270102620125,1
482,1,4.607882354874164,4.412954480852932,0.19492787402123213,1
483,1,4.650620627682656,4.617277078796178,0.03334354888647795,1
484,1,4.571967837400734,4.550989582203329,0.020978255197405815,1
485,1,4.398719647550024,4.202996403328143,0.19572324422188103,1
486,1,4.7462745774537325,4.542084446176887,0.20419013127684593,1
487,1,4.291003451682627,4.1769911563023925,0.11401229538023472,1
488,1,4.613481041043997,4.497348677366972,0.11613236367702484,1
489,1,4.350235019053798,4.350235019053798,0.0,1
490,1,4.557659909361973,4.4487531709019095,0.10890673846006393,1
491,1,4.580874444684014,4.482669738819823,0.09820470586419106,1
492,1,4.521019591134973,4.363605301943608,0.15741428919136524,1
493,1,4.3156245322024915,4.176604514854262,0.13902001734822989,1
494,1,4.343086437263992,4.146023581793997,0.19706285546999425,1
495,1,4.407903720391914,4.354814141290262,0.05308957910165191,1
496,1,4.417953832075,4.341541381552815,0.07641245052218437,1
497,1,4.443246376700699,4.443246376700699,0.0,1
498,1,4.81506272405386,4.6501015312969685,0.16496119275689125,1
499,1,4.294923338340595,4.185113328276202,0.10981001006439328,1
500,1,4.452927796635777,4.390642310027033,0.06228548660874367,1
501,1,4.426984075340442,4.4259884502971545,0.0009956250432878733,1
502,1,4.149326247628778,4.117434058804065,0.03189218882471323,1
503,1,4.677747355308384,4.523324816953391,0.15442253835499287,1
504,1,4.478717047371902,4.430917212390341,0.04779983498156071,1
505,1,4.512283445568755,4.36685894546099,0.1454245001077652,1
506,1,4.69562812440563,4.618884602678008,0.07674352172762156,1
507,1,4.4264700610074215,4.228402069595177,0.19806799141224474,1
508,1,4.348491108277813,4.010192809859291,0.3382982984185219,1
509,1,4.556006312719546,4.382866829982959,0.17313948273658752,1
510,1,4.45602909848094,4.438417743891478,0.01761135458946228,1
511,1,4.694650034420192,4.487038548104465,0.20761148631572723,1
480,10,4.231662220438011,3.554555836250074,0.6771063841879368,1
481,10,4.594486337155104,4.095981948077679,0.498504389077425,1
482,10,4.607882354874164,4.131682814564556,0.476199540309608,1
483,10,4.650620627682656,4.3734410288743675,0.2771795988082886,1
484,10,4.571967837400734,4.465042867697775,0.10692496970295906,1
485,10,4.398719647550024,3.952393304905854,0.4463263426441699,1
486,10,4.7462745774537325,4.415326161310077,0.3309484161436558,1
487,10,4.291003451682627,4.027423403225839,0.26358004845678806,1
488,10,4.613481041043997,4.355640131980181,0.25784090906381607,1
489,10,4.350235019053798,4.164615251298528,0.18561976775527,1
490,10,4.557659909361973,4.248137527378276,0.3095223819836974,1
491,10,4.580874444684014,4.233046338194981,0.3478281064890325,1
492,10,4.521019591134973,4.039089012774639,0.48193057836033404,1
493,10,4.3156245322024915,3.8327436762920115,0.48288085591048,1
494,10,4.343086437263992,4.021790850034449,0.32129558722954243,1
495,10,4.407903720391914,4.19432710041292,0.21357661997899413,1
496,10,4.417953832075,4.14377380721271,0.27418002486228943,1
497,10,4.443246376700699,4.272335601039231,0.1709107756614685,1
498,10,4.81506272405386,4.324095144867897,0.4909675791859627,1
499,10,4.294923338340595,4.137618439970538,0.15730489837005734,1
500,10,4.452927796635777,4.070542422588915,0.3823853740468621,1
501,10,4.426984075340442,4.187086939928122,0.2398971354123205,1
502,10,4.149326247628778,3.9823571336455643,0.1669691139832139,1
503,10,4.677747355308384,3.9991165068931878,0.6786308484151959,1
504,10,4.478717047371902,4.24329144845251,0.23542559891939163,1
505,10,4.512283445568755,4.281898214714602,0.23038523085415363,1
506,10,4.69562812440563,4.476014698040672,0.2196134263649583,1
507,10,4.4264700610074215,3.834317463275511,0.5921525977319106,1
508,10,4.348491108277813,3.904047409305349,0.4444436989724636,1
509,10,4.556006312719546,4.069561992189847,0.4864443205296993,1
510,10,4.45602909848094,4.179028924554586,0.27700017392635345,1
511,10,4.694650034420192,4.179548195563257,0.5151018388569355,1
480,100,4.231662220438011,3.278990664635785,0.9526715558022261,1
481,100,4.594486337155104,3.7854688987135887,0.809017438441515,1
482,100,4.607882354874164,3.860030801501125,0.7478515533730388,1
483,100,4.650620627682656,4.1385182165540755,0.5121024111285806,1
484,100,4.571967837400734,4.223728804849088,0.34823903255164623,1
485,100,4.398719647550024,3.584199122735299,0.8145205248147249,2
486,100,4.7462745774537325,4.147312985733151,0.598961591720581,1
487,100,4.291003451682627,3.759026358835399,0.531977092847228,1
488,100,4.613481041043997,4.128622651100159,0.4848583899438381,1
489,100,4.350235019053798,3.948544494982343,0.401690524071455,1
490,100,4.557659909361973,3.939116196008399,0.6185437133535743,1
491,100,4.580874444684014,3.8059312978293747,0.774943146854639,2
492,100,4.521019591134973,3.546268934267573,0.9747506568673998,2
493,100,4.3156245322024915,3.461650730954716,0.8539738012477756,1
494,100,4.343086437263992,3.8078465937287547,0.535239843535237,1
495,100,4.407903720391914,3.9396570653188974,0.4682466550730169,1
496,100,4.417953832075,3.853281019255519,0.5646728128194809,1
497,100,4.443246376700699,4.033204927109182,0.41004144959151745,1
498,100,4.81506272405386,4.009207364171743,0.8058553598821163,2
499,100,4.294923338340595,3.913786842254922,0.38113649608567357,1
500,100,4.452927796635777,3.812040450517088,0.6408873461186886,1
501,100,4.426984075340442,3.7732532733352855,0.6537308020051569,1
502,100,4.149326247628778,3.740692247170955,0.4086340004578233,1
503,100,4.677747355308384,3.574306644964963,1.1034407103434205,2
504,100,4.478717047371902,3.962242416688241,0.5164746306836605,1
505,100,4.512283445568755,4.066876012133434,0.44540743343532085,1
506,100,4.69562812440563,4.0691586380125955,0.6264694863930345,1
507,100,4.4264700610074215,3.578757510695141,0.8477125503122807,1
508,100,4.348491108277813,3.671725334832445,0.6767657734453678,1
509,100,4.556006312719546,3.5877562168752775,0.9682500958442688,2
510,100,4.45602909848094,3.8339889384806156,0.6220401600003242,1
511,100,4.694650034420192,3.8787849312648177,0.8158651031553745,1
512,1,4.551310614682734,4.366429009474814,0.18488160520792007,1
513,1,4.264593229163438,4.116831519175321,0.14776170998811722,1
514,1,3.8283431173767895,3.8283431173767895,0.0,1
515,1,4.036558814084856,4.027658722101478,0.008900091983377934,1
516,1,4.398319655680098,4.334403085173108,0.06391657050698996,1
517,1,4.502645057858899,4.38447276991792,0.118172287940979,1
518,1,4.337397016584873,4.200901713222265,0.13649530336260796,1
519,1,4.420563755556941,4.284973664209247,0.1355900913476944,1
520,1,4.3887103736633435,4.294216262525879,0.09449411113746464,1
521,1,4.586194370232988,4.586194370232988,0.0,1
522,1,4.125614643562585,3.7419674624688923,0.3836471810936928,1
523,1,4.316884910687804,4.22632815502584,0.09055675566196442,1
524,1,4.076305279741064,3.9814268408808857,0.094878438860178,1
525,1,4.582695603836328,4.480857573915273,0.10183802992105484,1
526,1,4.46086580993142,4.368728150031529,0.09213765989989042,1
527,1,3.812393033877015,3.737504918128252,0.07488811574876308,1
528,1,4.261290398892015,4.062183593865484,0.19910680502653122,1
529,1,4.354615005198866,4.288769523147494,0.06584548205137253,1
530,1,4.320278656494338,4.267497802793514,0.05278085370082408,1
531,1,3.9407392024295405,3.679436993668787,0.2613022087607533,1
532,1,4.093919729057234,3.939389889303129,0.15452983975410461,1
533,1,4.032273119781166,3.921534263063222,0.11073885671794415,1
534,1,4.7148307943716645,4.44832409452647,0.2665066998451948,1
535,1,4.407609735935694,4.323378216155106,0.0842315197805874,1
536,1,4.3282310091890395,4.211813370231539,0.11641763895750046,1
537,1,4.348831739742309,4.203529920894653,0.14530181884765625,1
538,1,4.568506273441017,4.542187514714897,0.026318758726119995,1
539,1,4.329174875281751,3.8236132906749845,0.5055615846067667,1
540,1,4.732309042010456,4.687701859977096,0.044607182033360004,1
541,1,4.462665782542899,4.242317657219246,0.22034812532365322,1
542,1,4.6749920807778835,4.214867353439331,0.4601247273385525,1
543,1,4.107256833696738,4.041649986291304,0.06560684740543365,1
512,10,4.551310614682734,4.1358770821243525,0.41543353255838156,1
513,10,4.264593229163438,3.8865297487936914,0.3780634803697467,1
514,10,3.8283431173767895,3.7005673369858414,0.12777578039094806,1
515,10,4.036558814084856,3.893343780451687,0.1432150336331688,1
516,10,4.398319655680098,4.155619891011156,0.2426997646689415,1
517,10,4.502645057858899,4.354592412011698,0.14805264584720135,1
518,10,4.337397016584873,4.0529437102377415,0.28445330634713173,1
519,10,4.420563755556941,3.943548008799553,0.4770157467573881,1
520,10,4.3887103736633435,4.1854927506065,0.20321762305684388,1
521,10,4.586194370232988,4.459849279082846,0.12634509115014225,1
522,10,4.125614643562585,3.527875594329089,0.5977390492334962,1
523,10,4.316884910687804,4.037678873166442,0.2792060375213623,1
524,10,4.076305279741064,3.7216347723733634,0.35467050736770034,1
525,10,4.582695603836328,3.8740020538680255,0.7086935499683022,1
526,10,4.46086580993142,4.12728724104818,0.3335785688832402,1
527,10,3.812393033877015,3.6429665200412273,0.16942651383578777,1
528,10,4.261290398892015,3.9846416315995157,0.27664876729249954,1
529,10,4.354615005198866,4.063126733992249,0.29148827120661736,1
530,10,4.320278656494338,4.219868689018767,0.10040996747557074,1
531,10,3.9407392024295405,3.6385903478367254,0.30214885459281504,1
532,10,4.093919729057234,3.7824522957089357,0.3114674333482981,1
533,10,4.032273119781166,3.697247110772878,0.3350260090082884,1
534,10,4.7148307943716645,4.216881896369159,0.4979488980025053,1
535,10,4.407609735935694,4.2291929606872145,0.1784167752484791,1
536,10,4.3282310091890395,3.960249511990696,0.3679814971983433,1
537,10,4.348831739742309,4.073333751875907,0.2754979878664017,1
538,10,4.568506273441017,4.245545792393386,0.3229604810476303,1
539,10,4.329174875281751,3.6159235229715705,0.7132513523101807,1
540,10,4.732309042010456,4.5425060032866895,0.1898030387237668,1
541,10,4.462665782542899,4.097344803856686,0.3653209786862135,1
542,10,4.6749920807778835,3.8022799901664257,0.8727120906114578,2
543,10,4.107256833696738,3.9324995058123022,0.17475732788443565,1
512,100,4.551310614682734,3.80790841486305,0.743402199819684,1
513,100,4.264593229163438,3.6244494249112904,0.6401438042521477,1
514,100,3.8283431173767895,3.5589530260767788,0.2693900913000107,1
515,100,4.036558814084856,3.710082791541936,0.32647602254291996,1
516,100,4.398319655680098,3.920444559887983,0.47787509579211473,1
517,100,4.502645057858899,4.161926214816049,0.3407188430428505,1
518,100,4.337397016584873,3.7655533719807863,0.5718436446040869,1
519,100,4.420563755556941,3.642762115225196,0.7778016403317451,1
520,100,4.3887103736633435,3.8516334410523996,0.5370769326109439,1
521,100,4.586194370232988,4.082709781534504,0.503484588698484,1
522,100,4.125614643562585,3.212552191223949,0.9130624523386359,2
523,100,4.316884910687804,3.8631751108914614,0.45370979979634285,1
524,100,4.076305279741064,3.504863946000114,0.5714413337409496,1
525,100,4.582695603836328,3.582700111437589,0.9999954923987389,2
526,100,4.46086580993142,3.7164871863787994,0.7443786235526204,1
527,100,3.812393033877015,3.513352183625102,0.29904085025191307,1
528,100,4.261290398892015,3.7391188642941415,0.5221715345978737,1
529,100,4.354615005198866,3.868370810057968,0.4862441951408982,1
530,100,4.320278656494338,4.117523445456754,0.20275521103758365,1
531,100,3.9407392024295405,3.3276935612084344,0.613045641221106,1
532,100,4.093919729057234,3.536183870572131,0.5577358584851027,1
533,100,4.032273119781166,3.45339421229437,0.5788789074867964,1
534,100,4.7148307943716645,3.973635475151241,0.7411953192204237,1
535,100,4.407609735935694,3.9229538325744215,0.48465590336127207,1
536,100,4.3282310091890395,3.664086496923119,0.6641445122659206,1
537,100,4.348831739742309,3.809178811032325,0.5396529287099838,1
538,100,4.568506273441017,3.9518063319846988,0.6166999414563179,1
539,100,4.329174875281751,3.3215660573914647,1.0076088178902864,2
540,100,4.732309042010456,4.373011571820825,0.359297470189631,1
541,100,4.462665782542899,3.877314717741683,0.5853510648012161,1
542,100,4.6749920807778835,3.417659390717745,1.2573326900601387,2
543,100,4.107256833696738,3.488154631340876,0.6191022023558617,1
544,1,4.486034113215283,4.419099780963734,0.06693433225154877,1
545,1,4.292043032124639,4.046730788424611,0.24531224370002747,1
546,1,4.345579690299928,4.268731557764113,0.07684813253581524,1
547,1,4.532326707616448,4.532326707616448,0.0,1
548,1,4.524038671515882,4.4344944739714265,0.08954419754445553,1
549,1,4.392333282157779,4.291119402274489,0.10121387988328934,1
550,1,4.34642733912915,4.217818506062031,0.12860883306711912,1
551,1,4.349659936269745,3.9544883279595524,0.3951716083101928,1
552,1,4.865664167329669,4.686369879171252,0.17929428815841675,1
553,1,4.358088708017021,4.03726357081905,0.32082513719797134,1
554,1,4.202395892236382,4.1544402041472495,0.04795568808913231,1
555,1,4.621042799437419,4.436423693085089,0.18461910635232925,1
556,1,4.488739271648228,4.341528809163719,0.14721046248450875,1
557,1,3.9527849776204675,3.6555327402893454,0.29725223733112216,1
558,1,4.745238550007343,4.745238550007343,0.0,1
559,1,4.622507582418621,4.608751635067165,0.013755947351455688,1
560,1,4.643969394266605,4.606627620756626,0.03734177350997925,1
561,1,4.623599998885766,4.623599998885766,0.0,1
562,1,4.107464262866415,4.041093508130871,0.06637075473554432,1
563,1,4.590379756875336,4.539804560132325,0.050575196743011475,1
564,1,4.5924836348276585,4.500361976446584,0.09212165838107467,1
565,1,4.30127420136705,4.237702211830765,0.0635719895362854,1
566,1,4.464596569072455,4.299125790130347,0.16547077894210815,1
567,1,4.270667205448262,4.219340841169469,0.051326364278793335,1
568,1,3.831158199114725,3.758564333198592,0.07259386591613293,1
569,1,4.1847340585663915,4.093271432444453,0.09146262612193823,1
570,1,4.393418947933242,4.37178356689401,0.021635381039232016,1
571,1,4.187596439325716,3.9677219326258637,0.21987450669985265,1
572,1,4.165969020687044,4.075431286357343,0.09053773432970047,1
573,1,4.12859072862193,3.7585328496061265,0.37005787901580334,1
574,1,4.168411138933152,4.025152089539915,0.14325904939323664,1
575,1,4.494360093958676,4.471360123716295,0.022999970242381096,1
544,10,4.486034113215283,4.2618834071327,0.22415070608258247,1
545,10,4.292043032124639,4.025610717013478,0.2664323151111603,1
546,10,4.345579690299928,4.1710357600823045,0.1745439302176237,1
547,10,4.532326707616448,4.411045538261533,0.12128116935491562,1
548,10,4.524038671515882,4.138838398270309,0.38520027324557304,1
549,10,4.392333282157779,4.191002419218421,0.20133086293935776,1
550,10,4.34642733912915,4.093153307214379,0.2532740319147706,1
551,10,4.349659936269745,3.736985807074234,0.6126741291955113,1
552,10,4.865664167329669,4.51454464904964,0.3511195182800293,1
553,10,4.358088708017021,3.8455079034902155,0.5125808045268059,1
554,10,4.202395892236382,3.9736039410345256,0.22879195120185614,1
555,10,4.621042799437419,4.321158286416903,0.29988451302051544,1
556,10,4.488739271648228,4.145900103263557,0.3428391683846712,1
557,10,3.9527849776204675,3.411992375040427,0.5407926025800407,1
558,10,4.745238550007343,4.599818613380194,0.14541993662714958,1
559,10,4.622507582418621,4.403958762995899,0.21854881942272186,1
560,10,4.643969394266605,4.522490456700325,0.12147893756628036,1
561,10,4.623599998885766,4.454338516807184,0.16926148207858205,1
562,10,4.107464262866415,3.8921072765951976,0.21535698627121747,1
563,10,4.590379756875336,4.354730417020619,0.23564933985471725,1
564,10,4.5924836348276585,4.292075124802068,0.30040851002559066,1
565,10,4.30127420136705,4.0987676358781755,0.2025065654888749,1
566,10,4.464596569072455,4.21153913391754,0.25305743515491486,1
567,10,4.270667205448262,3.937544872169383,0.3331223332788795,1
568,10,3.831158199114725,3.7053309853654355,0.1258272137492895,1
569,10,4.1847340585663915,3.9931150376796722,0.19161902088671923,1
570,10,4.393418947933242,4.198984990594909,0.19443395733833313,1
571,10,4.187596439325716,3.6924380761920474,0.4951583631336689,1
572,10,4.165969020687044,3.9545520497485995,0.21141697093844414,1
573,10,4.12859072862193,3.616695351433009,0.511895377188921,1
574,10,4.168411138933152,3.938072078395635,0.23033906053751707,1
575,10,4.494360093958676,4.423484834842384,0.070875259116292,1
544,100,4.486034113215283,4.116169395623729,0.3698647175915539,1
545,100,4.292043032124639,3.7828208710998297,0.5092221610248089,1
546,100,4.345579690299928,3.9201927231624722,0.42538696713745594,1
547,100,4.532326707616448,4.217312606051564,0.3150141015648842,1
548,100,4.524038671515882,3.924186675809324,0.5998519957065582,1
549,100,4.392333282157779,3.9749845024198294,0.41734877973794937,1
550,100,4.34642733912915,3.7058966998010874,0.6405306393280625,1
551,100,4.349659936269745,3.357314358698204,0.9923455775715411,2
552,100,4.865664167329669,4.189455879852176,0.6762082874774933,1
553,100,4.358088708017021,3.641226051840931,0.7168626561760902,1
554,100,4.202395892236382,3.820245981682092,0.3821499105542898,1
555,100,4.621042799437419,4.036232233745977,0.5848105656914413,1
556,100,4.488739271648228,3.866505208425224,0.6222340632230043,1
557,100,3.9527849776204675,3.1732307134661824,0.7795542641542852,1
558,100,4.745238550007343,4.355327028781176,0.3899115212261677,1
559,100,4.622507582418621,4.1479970114305615,0.47451057098805904,1
560,100,4.643969394266605,4.289458893239498,0.35451050102710724,1
561,100,4.623599998885766,4.226050410186872,0.3975495886988938,1
562,100,4.107464262866415,3.649166390649043,0.45829787221737206,1
563,100,4.590379756875336,4.056492087431252,0.5338876694440842,1
564,100,4.5924836348276585,4.026385047705844,0.5660985871218145,1
565,100,4.30127420136705,3.870856565888971,0.4304176354780793,1
566,100,4.464596569072455,3.967744543682784,0.4968520253896713,1
567,100,4.270667205448262,3.7459114986704662,0.5247557067777961,1
568,100,3.831158199114725,3.6103303094860166,0.22082788962870836,1
569,100,4.1847340585663915,3.8453431809321046,0.3393908776342869,1
570,100,4.393418947933242,4.036155509529635,0.3572634384036064,1
571,100,4.187596439325716,3.3914816462784074,0.7961147930473089,1
572,100,4.165969020687044,3.7876900332048535,0.37827898748219013,1
573,100,4.12859072862193,3.4177369722165167,0.7108537564054132,1
574,100,4.168411138933152,3.8097796491347253,0.35863148979842663,1
575,100,4.494360093958676,4.131074083968997,0.36328600998967886,1
576,1,4.403143428266048,4.2160644344985485,0.18707899376749992,1
577,1,4.790249580517411,4.7657381650060415,0.024511415511369705,1
578,1,4.696234594564885,4.607518445234746,0.08871614933013916,1
579,1,4.306671418366022,4.1389056778280064,0.16776574053801596,1
580,1,4.592069923877716,4.550670221447945,0.04139970242977142,1
581,1,4.52796441805549,4.32886333973147,0.1991010783240199,1
582,1,4.383502236567438,4.266208882443607,0.1172933541238308,1
583,1,4.3658764362335205,4.197921648621559,0.16795478761196136,1
584,1,4.171903408830985,4.057134815258905,0.11476859357208014,1
585,1,4.1803238317370415,3.918542738072574,0.26178109366446733,1
586,1,4.504341843072325,4.402705546934158,0.10163629613816738,1
587,1,4.426033764146268,4.266063726507127,0.15997003763914108,1
588,1,4.17430868325755,3.795454792212695,0.3788538910448551,1
589,1,4.5790806885343045,4.40692854183726,0.17215214669704437,1
590,1,4.364710832713172,4.33849046449177,0.02622036822140217,1
591,1,4.638708025770029,4.560611032502493,0.07809699326753616,1
592,1,4.462578530423343,4.462578530423343,0.0,1
593,1,4.261590990237892,4.168769531883299,0.09282145835459232,1
594,1,4.229795446619391,4.158219208940864,0.07157623767852783,1
595,1,4.162719794083387,3.9718444724567235,0.1908753216266632,1
596,1,4.441547185182571,4.341200429946184,0.10034675523638725,1
597,1,4.109911183360964,3.884640431497246,0.22527075186371803,1
598,1,4.392407558858395,4.392407558858395,0.0,1
599,1,4.535290844854899,4.535290844854899,0.0,1
600,1,4.338332777842879,4.111166572198272,0.22716620564460754,1
601,1,4.591944827698171,4.343663117848337,0.24828170984983444,1
602,1,4.077484049426857,3.885179454984609,0.19230459444224834,1
603,1,4.4510344145819545,4.110953557305038,0.3400808572769165,1
604,1,4.676552967634052,4.650817175861448,0.02573579177260399,1
605,1,4.2377545409835875,4.08778431545943,0.14997022552415729,1
606,1,4.351442688144743,4.138495116494596,0.21294757165014744,1
607,1,4.684574333645287,4.639507349886117,0.0450669837591704,1
576,10,4.403143428266048,4.079358331859112,0.32378509640693665,1
577,10,4.790249580517411,4.67808667384088,0.11216290667653084,1
578,10,4.696234594564885,4.346082653384656,0.3501519411802292,1
579,10,4.306671418366022,4.040212090942077,0.26645932742394507,1
580,10,4.592069923877716,4.306790553033352,0.28527937084436417,1
581,10,4.52796441805549,4.243485433747992,0.28447898430749774,1
582,10,4.383502236567438,4.110675628297031,0.2728266082704067,1
583,10,4.3658764362335205,4.017476662993431,0.3483997732400894,1
584,10,4.171903408830985,3.9144923866260797,0.25741102220490575,1
585,10,4.1803238317370415,3.7201167521998286,0.46020707953721285,1
586,10,4.504341843072325,4.193987858016044,0.3103539850562811,1
587,10,4.426033764146268,3.7893615690991282,0.6366721950471401,1
588,10,4.17430868325755,3.545272098388523,0.6290365848690271,1
589,10,4.5790806885343045,4.308518504025415,0.2705621845088899,1
590,10,4.364710832713172,4.1127879151608795,0.25192291755229235,1
591,10,4.638708025770029,4.471463129477343,0.16724489629268646,1
592,10,4.462578530423343,4.0166441379114985,0.44593439251184464,1
593,10,4.261590990237892,3.9852929869666696,0.2762980032712221,1
594,10,4.229795446619391,4.039711805060506,0.19008364155888557,1
595,10,4.162719794083387,3.764331989455968,0.3983878046274185,1
596,10,4.441547185182571,3.7805737890303135,0.6609733961522579,1
597,10,4.109911183360964,3.726367936935276,0.38354324642568827,1
598,10,4.392407558858395,3.9818630665540695,0.4105444923043251,1
599,10,4.535290844854899,4.476540830102749,0.05875001475214958,1
600,10,4.338332777842879,3.9644052516669035,0.3739275261759758,1
601,10,4.591944827698171,4.166118568740785,0.425826258957386,1
602,10,4.077484049426857,3.726080057618674,0.3514039918081835,1
603,10,4.4510344145819545,3.76733139436692,0.6837030202150345,1
604,10,4.676552967634052,4.460744410287589,0.2158085573464632,1
605,10,4.2377545409835875,3.905972990207374,0.3317815507762134,1
606,10,4.351442688144743,4.02913976367563,0.32230292446911335,1
607,10,4.684574333645287,4.148522711984697,0.5360516216605902,1
576,100,4.403143428266048,3.8252947703003883,0.5778486579656601,1
577,100,4.790249580517411,4.272865714505315,0.5173838660120964,1
578,100,4.696234594564885,3.8533869623206556,0.8428476322442293,1
579,100,4.306671418366022,3.7451195827452466,0.5615518356207758,1
580,100,4.592069923877716,4.059186108410358,0.5328838154673576,1
581,100,4.52796441805549,3.9762991468887776,0.551665271166712,1
582,100,4.383502236567438,3.9522730885073543,0.4312291480600834,1
583,100,4.3658764362335205,3.6897555552423,0.6761208809912205,1
584,100,4.171903408830985,3.7389728685375303,0.4329305402934551,1
585,100,4.1803238317370415,3.4607930425554514,0.7195307891815901,1
586,100,4.504341843072325,3.993237389717251,0.5111044533550739,1
587,100,4.426033764146268,3.5995486360043287,0.8264851281419396,1
588,100,4.17430868325755,3.1817556018941104,0.9925530813634396,1
589,100,4.5790806885343045,4.026829573092982,0.5522511154413223,1
590,100,4.364710832713172,3.7996707188431174,0.5650401138700545,1
591,100,4.638708025770029,4.135580882983049,0.5031271427869797,1
592,100,4.462578530423343,3.6618344550952315,0.8007440753281116,1
593,100,4.261590990237892,3.6913607576861978,0.5702302325516939,1
594,100,4.229795446619391,3.879549892619252,0.35024555400013924,1
595,100,4.162719794083387,3.5618893657810986,0.600830428302288,1
596,100,4.441547185182571,3.450516998767853,0.9910301864147186,2
597,100,4.109911183360964,3.521706588100642,0.5882045952603221,1
598,100,4.392407558858395,3.710799168795347,0.6816083900630474,1
599,100,4.535290844854899,4.176067812251858,0.35922303260304034,1
600,100,4.338332777842879,3.593201057985425,0.7451317198574543,1
601,100,4.591944827698171,3.770489445887506,0.8214553818106651,2
602,100,4.077484049426857,3.5084876049659215,0.5689964444609359,1
603,100,4.4510344145819545,3.333522197790444,1.1175122167915106,2
604,100,4.676552967634052,4.131243584211916,0.5453093834221363,1
605,100,4.2377545409835875,3.596033072564751,0.6417214684188366,1
606,100,4.351442688144743,3.8430494433268905,0.508393244817853,1
607,100,4.684574333645287,3.7954455443396,0.889128789305687,2
608,1,4.307828673394397,4.172029581619427,0.1357990917749703,1
609,1,4.572933719435241,4.536287791153882,0.036645928281359375,1
610,1,4.644693604670465,4.644693604670465,0.0,1
611,1,4.3424974251538515,4.286558734253049,0.05593869090080261,1
612,1,4.430187019053847,4.333229334559292,0.096957684494555,1
613,1,4.743731215596199,4.564929448068142,0.1788017675280571,1
614,1,3.9464160964125767,3.8997459112433717,0.04667018516920507,1
615,1,4.503335801884532,4.503335801884532,0.0,1
616,1,3.8825262098107487,3.8671573565807194,0.015368853230029345,1
617,1,4.316021793521941,4.261042699217796,0.05497909430414438,1
618,1,4.761246412992477,4.447563365101814,0.31368304789066315,1
619,1,4.202371624531224,4.121654542861506,0.08071708166971803,1
620,1,4.580822025425732,4.501690021716058,0.07913200370967388,1
621,1,4.315665838308632,4.213690963573754,0.10197487473487854,1
622,1,4.57419312899583,4.357260183111066,0.2169329458847642,1
623,1,4.580426734872162,4.565413664095104,0.015013070777058601,1
624,1,4.702178981155157,4.562858056277037,0.13932092487812042,1
625,1,4.4145116792060435,4.408967505674809,0.005544173531234264,1
626,1,4.689454962266609,4.682655317010358,0.006799645256251097,1
627,1,4.583568326779641,4.446201940998435,0.1373663857812062,1
628,1,4.223372736945748,3.8650030624121428,0.3583696745336056,1
629,1,4.293583990074694,4.132638377137482,0.160945612937212,1
630,1,4.933976083993912,4.84459725767374,0.08937882632017136,1
631,1,4.303340505051892,4.0016943559166975,0.3016461491351947,1
632,1,4.473785991547629,4.425788284977898,0.047997706569731236,1
633,1,4.293599758297205,4.293599758297205,0.0,1
634,1,4.510879856534302,4.464918387122452,0.045961469411849976,1
635,1,4.796329149976373,4.7029561419039965,0.09337300807237625,1
636,1,3.9518531339708716,3.7843903203029186,0.16746281366795301,1
637,1,4.611902599775931,4.572122576093534,0.03978002368239686,1
638,1,4.334903963143006,4.327178281964734,0.0077256811782717705,1
639,1,4.3148167504696175,4.2788002957822755,0.03601645468734205,1
608,10,4.307828673394397,3.934832739410922,0.37299593398347497,1
609,10,4.572933719435241,4.359450512507465,0.21348320692777634,1
610,10,4.644693604670465,4.170226371847093,0.4744672328233719,1
611,10,4.3424974251538515,3.843635307624936,0.4988621175289154,1
612,10,4.430187019053847,4.120642732363194,0.30954428669065237,1
613,10,4.743731215596199,4.432990409433842,0.31074080616235733,1
614,10,3.9464160964125767,3.819332095910795,0.1270840005017817,1
615,10,4.503335801884532,4.367379570379853,0.13595623150467873,1
616,10,3.8825262098107487,3.763720915885642,0.11880529392510653,1
617,10,4.316021793521941,4.109316070564091,0.2067057229578495,1
618,10,4.761246412992477,4.006477177143097,0.7547692358493805,1
619,10,4.202371624531224,3.9716686706524342,0.23070295387879014,1
620,10,4.580822025425732,4.1476277289912105,0.4331942964345217,1
621,10,4.315665838308632,3.9713392788544297,0.34432655945420265,1
622,10,4.57419312899583,4.18563895081752,0.3885541781783104,1
623,10,4.580426734872162,4.42788986954838,0.15253686532378197,1
624,10,4.702178981155157,4.402036614716053,0.3001423664391041,1
625,10,4.4145116792060435,4.139614417683333,0.2748972615227103,1
626,10,4.689454962266609,4.148392212809995,0.5410627494566143,1
627,10,4.583568326779641,4.035421664244495,0.5481466625351459,1
628,10,4.223372736945748,3.6556128170341253,0.567759919911623,1
629,10,4.293583990074694,4.033507426269352,0.2600765638053417,1
630,10,4.933976083993912,4.771347209811211,0.1626288741827011,1
631,10,4.303340505051892,3.876914535474498,0.4264259695773944,1
632,10,4.473785991547629,4.263057423522696,0.21072856802493334,1
633,10,4.293599758297205,3.887559672817588,0.4060400854796171,1
634,10,4.510879856534302,4.381238182075322,0.12964167445898056,1
635,10,4.796329149976373,4.652565414085984,0.1437637358903885,1
636,10,3.9518531339708716,3.6985899398569018,0.2532631941139698,1
637,10,4.611902599775931,4.281089278316358,0.33081332145957276,1
638,10,4.334903963143006,4.1224287014920264,0.21247526165097952,1
639,10,4.3148167504696175,4.185548139852472,0.1292686106171459,1
608,100,4.307828673394397,3.706052671885118,0.601776001509279,1
609,100,4.572933719435241,4.050980091968086,0.5219536274671555,1
610,100,4.644693604670465,3.795892952941358,0.8488006517291069,1
611,100,4.3424974251538515,3.544993909075856,0.7975035160779953,1
612,100,4.430187019053847,3.822090588044375,0.6080964310094714,1
613,100,4.743731215596199,4.081624753773212,0.6621064618229866,1
614,100,3.9464160964125767,3.684424667269923,0.26199142914265394,1
615,100,4.503335801884532,4.148165451362729,0.3551703505218029,1
616,100,3.8825262098107487,3.6370100581552833,0.24551615165546536,1
617,100,4.316021793521941,3.766709298826754,0.5493124946951866,1
618,100,4.761246412992477,3.6754844188690186,1.0857619941234589,2
619,100,4.202371624531224,3.7929766427259892,0.40939498180523515,1
620,100,4.580822025425732,3.8596040895208716,0.7212179359048605,1
621,100,4.315665838308632,3.642932844348252,0.6727329939603806,1
622,100,4.57419312899583,3.9007888488995377,0.6734042800962925,1
623,100,4.580426734872162,4.218621908687055,0.36180482618510723,1
624,100,4.702178981155157,4.116939052939415,0.5852399282157421,1
625,100,4.4145116792060435,3.9603258813731372,0.45418579783290625,1
626,100,4.689454962266609,3.8418970101047307,0.8475579521618783,1
627,100,4.583568326779641,3.5373519867425784,1.0462163400370628,2
628,100,4.223372736945748,3.3364918548613787,0.8868808820843697,2
629,100,4.293583990074694,3.8152349246665835,0.4783490654081106,1
630,100,4.933976083993912,4.340255655348301,0.5937204286456108,1
631,100,4.303340505051892,3.5819062486407347,0.7214342564111575,1
632,100,4.473785991547629,3.9405120208393782,0.533273970708251,1
633,100,4.293599758297205,3.6929429825395346,0.6006567757576704,1
634,100,4.510879856534302,4.196897749789059,0.3139821067452431,1
635,100,4.796329149976373,4.283077942207456,0.5132512077689171,1
636,100,3.9518531339708716,3.5087920885998756,0.443061045370996,1
637,100,4.611902599775931,3.901331657922128,0.7105709418538027,1
638,100,4.334903963143006,3.860673690913245,0.4742302722297609,1
639,100,4.3148167504696175,3.9756057878257707,0.33921096264384687,1
640,1,4.506487449398264,4.074192947009578,0.43229450238868594,1
641,1,4.392240127257537,4.093826201104093,0.29841392615344375,1
642,1,4.698322922922671,4.361126155592501,0.3371967673301697,1
643,1,4.463419462786987,4.210284496890381,0.25313496589660645,1
644,1,4.43089233757928,4.372255985159427,0.05863635241985321,1
645,1,4.563748810905963,4.376405772287399,0.1873430386185646,1
646,1,4.191937866155058,4.0943676619790494,0.0975702041760087,1
647,1,4.463655480183661,4.206218701787293,0.257436778396368,1
648,1,4.184404662519228,3.791019639756996,0.39338502276223153,1
649,1,4.283646610711003,4.181199323531473,0.10244728717952967,1
650,1,4.561143627157435,4.561143627157435,0.0,1
651,1,4.282422469230369,4.117564485175535,0.16485798405483365,1
652,1,4.561654759570956,4.544430125504732,0.017224634066224098,1
653,1,4.359277395997196,4.299340432975441,0.05993696302175522,1
654,1,4.556124948430806,4.487572052050382,0.0685528963804245,1
655,1,4.155779724474996,4.072297661099583,0.08348206337541342,1
656,1,4.6100979507900774,4.601599575486034,0.008498375304043293,1
657,1,3.943542760796845,3.70362261403352,0.23992014676332474,1
658,1,4.3832603096961975,4.203329633921385,0.1799306757748127,1
659,1,4.267101129575167,4.267101129575167,0.0,1
660,1,4.31914497166872,4.0500494465231895,0.2690955251455307,1
661,1,4.656157600576989,4.593009775853716,0.06314782472327352,1
662,1,4.732893849723041,4.65269738715142,0.08019646257162094,1
663,1,4.44307632278651,4.354402775876224,0.08867354691028595,1
664,1,4.5462364526465535,4.5462364526465535,0.0,1
665,1,4.278914852067828,4.278914852067828,0.0,1
666,1,4.271231258055195,3.778612966882065,0.4926182911731303,1
667,1,4.325932584935799,3.927094144979492,0.3988384399563074,1
668,1,4.182104524341412,4.084526063757949,0.09757846058346331,1
669,1,4.5093966270796955,4.247453346382827,0.2619432806968689,1
670,1,4.594984486233443,4.279371164273471,0.3156133219599724,1
671,1,4.579827779904008,4.4987183678895235,0.0811094120144844,1
640,10,4.506487449398264,3.9586029869969934,0.5478844624012709,1
641,10,4.392240127257537,3.969341526099015,0.42289860115852207,1
642,10,4.698322922922671,4.188568250276148,0.5097546726465225,1
643,10,4.463419462786987,4.023523315088823,0.439896147698164,1
644,10,4.43089233757928,4.054092908743769,0.3767994288355112,1
645,10,4.563748810905963,3.9326883708126843,0.6310604400932789,1
646,10,4.191937866155058,3.946737417485565,0.2452004486694932,1
647,10,4.463655480183661,4.010777595452964,0.4528778847306967,1
648,10,4.184404662519228,3.553824628528673,0.6305800339905545,1
649,10,4.283646610711003,4.093788005557144,0.18985860515385866,1
650,10,4.561143627157435,4.3495874053332955,0.21155622182413936,1
651,10,4.282422469230369,4.018246651394293,0.264175817836076,1
652,10,4.561654759570956,4.005721954628825,0.555932804942131,1
653,10,4.359277395997196,4.142906174529344,0.2163712214678526,1
654,10,4.556124948430806,3.8523302604444325,0.7037946879863739,1
655,10,4.155779724474996,3.998926641885191,0.15685308258980513,1
656,10,4.6100979507900774,4.5378805487416685,0.07221740204840899,1
657,10,3.943542760796845,3.458316189236939,0.485226571559906,1
658,10,4.3832603096961975,3.9443587698042393,0.43890153989195824,1
659,10,4.267101129575167,4.159715106768999,0.1073860228061676,1
660,10,4.31914497166872,3.9065642207860947,0.4125807508826256,1
661,10,4.656157600576989,4.392010134528391,0.2641474660485983,1
662,10,4.732893849723041,4.450677761808038,0.2822160879150033,1
663,10,4.44307632278651,4.207157018594444,0.2359193041920662,1
664,10,4.5462364526465535,4.371585407294333,0.17465104535222054,1
665,10,4.278914852067828,4.070784155279398,0.20813069678843021,1
666,10,4.271231258055195,3.6529658876825124,0.6182653703726828,1
667,10,4.325932584935799,3.7902351750526577,0.5356974098831415,1
668,10,4.182104524341412,4.0119426605524495,0.17016186378896236,1
669,10,4.5093966270796955,3.888772602658719,0.6206240244209766,1
670,10,4.594984486233443,4.164303808938712,0.43068067729473114,1
671,10,4.579827779904008,4.236437268555164,0.3433905113488436,1
640,100,4.506487449398264,3.5612489206250757,0.9452385287731886,2
641,100,4.392240127257537,3.7057439725031145,0.6864961547544226,1
642,100,4.698322922922671,3.7965770373120904,0.9017458856105804,1
643,100,4.463419462786987,3.797131869243458,0.6662875935435295,1
644,100,4.43089233757928,3.8648034990765154,0.5660888385027647,1
645,100,4.563748810905963,3.4721904513426125,1.0915583595633507,2
646,100,4.191937866155058,3.6951041095890105,0.49683375656604767,1
647,100,4.463655480183661,3.696701508946717,0.7669539712369442,1
648,100,4.184404662519228,3.2746829463285394,0.9097217161906883,1
649,100,4.283646610711003,3.8114505597914103,0.4721960509195924,1
650,100,4.561143627157435,4.034462316194549,0.5266813109628856,1
651,100,4.282422469230369,3.657616005046293,0.6248064641840756,1
652,100,4.561654759570956,3.7030310928821564,0.8586236666887999,2
653,100,4.359277395997196,3.9167692554183304,0.442508140578866,1
654,100,4.556124948430806,3.2256575752981007,1.3304673731327057,2
655,100,4.155779724474996,3.8371852063573897,0.31859451811760664,1
656,100,4.6100979507900774,4.279029516968876,0.3310684338212013,1
657,100,3.943542760796845,3.2142172111198306,0.7293255496770144,1
658,100,4.3832603096961975,3.6735708825290203,0.7096894271671772,1
659,100,4.267101129575167,3.992078637762461,0.275022491812706,1
660,100,4.31914497166872,3.594513811171055,0.7246311604976654,1
661,100,4.656157600576989,4.052070249221288,0.6040873513557017,1
662,100,4.732893849723041,4.133209104649723,0.5996847450733185,1
663,100,4.44307632278651,3.949868899770081,0.49320742301642895,1
664,100,4.5462364526465535,4.125052719376981,0.42118373326957226,1
665,100,4.278914852067828,3.9121212661266327,0.3667935859411955,1
666,100,4.271231258055195,3.311878214823082,0.9593530432321131,2
667,100,4.325932584935799,3.5589681474957615,0.7669644374400377,1
668,100,4.182104524341412,3.757387076388113,0.4247174479532987,1
669,100,4.5093966270796955,3.557807855773717,0.9515887713059783,2
670,100,4.594984486233443,3.95384130673483,0.6411431794986129,1
671,100,4.579827779904008,3.726570639759302,0.8532571401447058,1
672,1,4.505485440138727,4.4600507714785635,0.04543466866016388,1
673,1,4.47389965178445,4.421341564971954,0.052558086812496185,1
674,1,4.469596177339554,4.058983784168959,0.41061239317059517,1
675,1,4.470132562331855,4.234334469772875,0.23579809255898,1
676,1,4.565622451715171,4.499554525129497,0.06606792658567429,1
677,1,4.409481608308852,4.201022200286388,0.20845940802246332,1
678,1,4.650141608435661,4.384153574239463,0.265988034196198,1
679,1,4.395874359528534,4.254039334249683,0.1418350252788514,1
680,1,4.67650570301339,4.632825806271285,0.043679896742105484,1
681,1,4.681775436270982,4.148850366938859,0.5329250693321228,1
682,1,3.8060178856248967,3.7739369167829864,0.03208096884191036,1
683,1,4.199797615408897,4.080466575920582,0.11933103948831558,1
684,1,4.717882032506168,4.62905962113291,0.08882241137325764,1
685,1,4.515553988516331,4.302074648439884,0.21347934007644653,1
686,1,4.3491193077061325,4.285482915351167,0.06363639235496521,1
687,1,4.377217628061771,4.176979470998049,0.2002381570637226,1
688,1,4.250060060061514,4.17038922291249,0.07967083714902401,1
689,1,4.388984161429107,4.304916876368225,0.08406728506088257,1
690,1,4.178522870875895,4.0437543941661716,0.13476847670972347,1
691,1,4.3629716308787465,4.209925507195294,0.1530461236834526,1
692,1,4.0372339324094355,4.017837875057012,0.019396057352423668,1
693,1,3.7629416787531227,3.4446775305550545,0.31826414819806814,1
694,1,4.5150377484969795,4.443168475758284,0.07186927273869514,1
695,1,4.714499217458069,4.461258691735566,0.25324052572250366,1
696,1,4.317389344796538,4.262394292280078,0.05499505251646042,1
697,1,4.33474148157984,4.3135260520502925,0.02121542952954769,1
698,1,4.460472580045462,4.460472580045462,0.0,1
699,1,4.307054935023189,4.245141783729196,0.061913151293992996,1
700,1,4.514621630376496,4.385460387849889,0.12916124252660666,1
701,1,4.3867294592782855,4.035082700662315,0.3516467586159706,1
702,1,4.763106291007716,4.761863035673741,0.0012432553339749575,1
703,1,4.345679450081661,4.292592662619427,0.0530867874622345,1
672,10,4.505485440138727,4.313463823404163,0.1920216167345643,1
673,10,4.47389965178445,4.246589503716677,0.2273101480677724,1
674,10,4.469596177339554,3.9195473603904247,0.5500488169491291,1
675,10,4.470132562331855,4.057943222112954,0.41218934021890163,1
676,10,4.565622451715171,4.192606489174068,0.37301596254110336,1
677,10,4.409481608308852,3.9740519262850285,0.43542968202382326,1
678,10,4.650141608435661,4.082845866214484,0.5672957422211766,1
679,10,4.395874359528534,3.9825113833649084,0.4133629761636257,1
680,10,4.67650570301339,4.48964963061735,0.18685607239603996,1
681,10,4.681775436270982,3.9594742101617157,0.7223012261092663,1
682,10,3.8060178856248967,3.6692569462466054,0.13676093937829137,1
683,10,4.199797615408897,3.941839464008808,0.25795815140008926,1
684,10,4.717882032506168,4.5445912489667535,0.1732907835394144,1
685,10,4.515553988516331,4.177150174975395,0.3384038135409355,1
686,10,4.3491193077061325,4.160147277871147,0.18897202983498573,1
687,10,4.377217628061771,4.052750118076801,0.3244675099849701,1
688,10,4.250060060061514,4.037919896654785,0.2121401634067297,1
689,10,4.388984161429107,4.24460253957659,0.14438162185251713,1
690,10,4.178522870875895,3.938033509068191,0.24048936180770397,1
691,10,4.3629716308787465,4.081703101284802,0.28126852959394455,1
692,10,4.0372339324094355,3.9163837865926325,0.12085014581680298,1
693,10,3.7629416787531227,3.2639263661112636,0.49901531264185905,1
694,10,4.5150377484969795,4.274680424015969,0.24035732448101044,1
695,10,4.714499217458069,4.224540841765702,0.48995837569236755,1
696,10,4.317389344796538,3.955023627728224,0.36236571706831455,1
697,10,4.33474148157984,4.1409738985821605,0.1937675829976797,1
698,10,4.460472580045462,4.246580546721816,0.2138920333236456,1
699,10,4.307054935023189,4.098349964246154,0.20870497077703476,1
700,10,4.514621630376496,4.2457084692359786,0.26891316114051733,1
701,10,4.3867294592782855,3.5266654090955853,0.8600640501827002,2
702,10,4.763106291007716,4.360398796910886,0.4027074940968305,1
703,10,4.345679450081661,4.166185588343069,0.1794938617385924,1
672,100,4.505485440138727,4.091047778259963,0.41443766187876463,1
673,100,4.47389965178445,3.955071135889739,0.518828515894711,1
674,100,4.469596177339554,3.571312878280878,0.8982832990586758,1
675,100,4.470132562331855,3.7757232366129756,0.6944093257188797,1
676,100,4.565622451715171,3.8570543779060245,0.7085680738091469,1
677,100,4.409481608308852,3.7501711174845695,0.6593104908242822,1
678,100,4.650141608435661,3.806877371389419,0.8432642370462418,1
679,100,4.395874359528534,3.644163023796864,0.7517113357316703,1
680,100,4.67650570301339,4.234210982453078,0.44229472056031227,1
681,100,4.681775436270982,3.5360106048174202,1.1457648314535618,2
682,100,3.8060178856248967,3.566224118869286,0.2397937667556107,1
683,100,4.199797615408897,3.650126524269581,0.5496710911393166,1
684,100,4.717882032506168,4.346171432174742,0.37171060033142567,1
685,100,4.515553988516331,3.766839511692524,0.7487144768238068,1
686,100,4.3491193077061325,3.9719379416201264,0.37718136608600616,1
687,100,4.377217628061771,3.79131893068552,0.5858986973762512,1
688,100,4.250060060061514,3.8315006559714675,0.4185594040900469,1
689,100,4.388984161429107,4.144614453427494,0.24436970800161362,1
690,100,4.178522870875895,3.768110259436071,0.4104126114398241,1
691,100,4.3629716308787465,3.8083491390571,0.5546224918216467,1
692,100,4.0372339324094355,3.7248910036869347,0.3123429287225008,1
693,100,3.7629416787531227,3.0343358085956424,0.7286058701574802,1
694,100,4.5150377484969795,4.0107269692234695,0.50431077927351,1
695,100,4.714499217458069,3.996887949295342,0.7176112681627274,1
696,100,4.317389344796538,3.66462198831141,0.6527673564851284,1
697,100,4.33474148157984,3.9536719797179103,0.3810695018619299,1
698,100,4.460472580045462,4.008429670706391,0.4520429093390703,1
699,100,4.307054935023189,3.8472692761570215,0.45978565886616707,1
700,100,4.514621630376496,3.954558119243302,0.560063511133194,1
701,100,4.3867294592782855,3.184620668180287,1.2021087910979986,2
702,100,4.763106291007716,4.073012185806874,0.690094105200842,1
703,100,4.345679450081661,4.055263289017603,0.29041616106405854,1
704,1,4.226294141844846,4.222715707612224,0.003578434232622385,1
705,1,4.422054832568392,3.9894614608492702,0.43259337171912193,1
706,1,4.714485939592123,4.580287415534258,0.13419852405786514,1
707,1,4.458314196323045,4.118139748345129,0.3401744479779154,1
708,1,4.201484752353281,4.095944095868617,0.10554065648466349,1
709,1,4.534054746851325,4.397463401779532,0.1365913450717926,1
710,1,4.511771850287914,4.384041476994753,0.1277303732931614,1
711,1,4.572201906004921,4.254471028456464,0.3177308775484562,1
712,1,4.652539620175958,4.635197846218944,0.017341773957014084,1
713,1,4.80687947338447,4.643558470066637,0.16332100331783295,1
714,1,4.573913567466661,4.514524292899296,0.059389274567365646,1
715,1,4.460107266902924,4.440045699477196,0.020061567425727844,1
716,1,3.9278672342188656,3.853814888279885,0.07405234593898058,1
717,1,4.527684870176017,4.466634311713278,0.06105055846273899,1
718,1,4.380978041794151,4.369525393936783,0.011452647857367992,1
719,1,4.217228852212429,4.009331408888102,0.20789744332432747,1
720,1,4.236590087413788,4.210337999276817,0.026252088136970997,1
721,1,4.279815010551829,4.02760550781386,0.25220950273796916,1
722,1,4.516182535560802,4.291277589974925,0.2249049455858767,1
723,1,4.2619287660345435,3.9845429686829448,0.27738579735159874,1
724,1,4.479036755859852,4.2704040594398975,0.2086326964199543,1
725,1,4.081793723860756,3.9783065079245716,0.10348721593618393,1
726,1,4.229441036470234,4.229441036470234,0.0,1
727,1,4.4276735740713775,4.178307655733079,0.2493659183382988,1
728,1,4.125436804257333,4.111722049303353,0.013714754953980446,1
729,1,4.362423832993954,4.302778416778892,0.05964541621506214,1
730,1,4.427301931660622,4.400010173674673,0.027291757985949516,1
731,1,4.343541638110764,4.248678113450296,0.0948635246604681,1
732,1,4.069768885150552,3.9449593480676413,0.12480953708291054,1
733,1,4.427252364810556,4.266181091312319,0.16107127349823713,1
734,1,4.171451429836452,4.057831835001707,0.11361959483474493,1
735,1,4.4174710005754605,4.26931420865003,0.1481567919254303,1
704,10,4.226294141844846,4.1191456814995036,0.10714846034534276,1
705,10,4.422054832568392,3.852262800326571,0.5697920322418213,1
706,10,4.714485939592123,4.1656343303620815,0.5488516092300415,1
707,10,4.458314196323045,3.806930382619612,0.6513838137034327,1
708,10,4.201484752353281,3.9174045617692173,0.28408019058406353,1
709,10,4.534054746851325,4.18297023139894,0.35108451545238495,1
710,10,4.511771850287914,4.212540931999683,0.2992309182882309,1
711,10,4.572201906004921,3.9977673126850277,0.5744345933198929,1
712,10,4.652539620175958,4.414585990831256,0.23795362934470177,1
713,10,4.80687947338447,4.5628090924583375,0.2440703809261322,1
714,10,4.573913567466661,4.41337940027006,0.16053416719660163,1
715,10,4.460107266902924,4.314345249906182,0.1457620169967413,1
716,10,3.9278672342188656,3.620772562455386,0.3070946717634797,1
717,10,4.527684870176017,4.383560792542994,0.14412407763302326,1
718,10,4.380978041794151,4.259682964999229,0.12129507679492235,1
719,10,4.217228852212429,3.933377407491207,0.2838514447212219,1
720,10,4.236590087413788,4.050623591989279,0.18596649542450905,1
721,10,4.279815010551829,3.8506305257906206,0.4291844847612083,1
722,10,4.516182535560802,4.155237565515563,0.36094497004523873,1
723,10,4.2619287660345435,3.8319512670859694,0.42997749894857407,1
724,10,4.479036755859852,4.1713281981647015,0.3077085576951504,1
725,10,4.081793723860756,3.8019446993712336,0.279849024489522,1
726,10,4.229441036470234,4.125308304093778,0.10413273237645626,1
727,10,4.4276735740713775,3.9804859454743564,0.4471876285970211,1
728,10,4.125436804257333,4.013199580833316,0.11223722342401743,1
729,10,4.362423832993954,4.088582854252309,0.2738409787416458,1
730,10,4.427301931660622,4.31059769494459,0.11670423671603203,1
731,10,4.343541638110764,4.115546039189212,0.2279955989215523,1
732,10,4.069768885150552,3.8303848449140787,0.23938404023647308,1
733,10,4.427252364810556,4.1249130493961275,0.3023393154144287,1
734,10,4.171451429836452,3.91940925642848,0.25204217340797186,1
735,10,4.4174710005754605,4.016844192170538,0.4006268084049225,1
704,100,4.226294141844846,3.848644094658084,0.3776500471867621,1
705,100,4.422054832568392,3.6398105227854103,0.7822443097829819,1
706,100,4.714485939592123,3.7622778192162514,0.9522081203758717,2
707,100,4.458314196323045,3.3924380735261366,1.065876122796908,2
708,100,4.201484752353281,3.739515379536897,0.46196937281638384,1
709,100,4.534054746851325,3.9509590454399586,0.5830957014113665,1
710,100,4.511771850287914,3.908291894942522,0.6034799553453922,1
711,100,4.572201906004921,3.6808804406318814,0.8913214653730392,2
712,100,4.652539620175958,4.121998472139239,0.5305411480367184,1
713,100,4.80687947338447,4.139757578726858,0.6671218946576118,1
714,100,4.573913567466661,4.206385188968852,0.36752837849780917,1
715,100,4.460107266902924,3.9374403059482574,0.5226669609546661,1
716,100,3.9278672342188656,3.4240307812578976,0.503836452960968,1
717,100,4.527684870176017,4.09158278349787,0.4361020866781473,1
718,100,4.380978041794151,4.044939578976482,0.3360384628176689,1
719,100,4.217228852212429,3.726603887975216,0.49062496423721313,1
720,100,4.236590087413788,3.9640551013872027,0.2725349860265851,1
721,100,4.279815010551829,3.568592015944887,0.7112229946069419,1
722,100,4.516182535560802,3.8231169742066413,0.6930655613541603,1
723,100,4.2619287660345435,3.5141349947080016,0.7477937713265419,1
724,100,4.479036755859852,3.7015039324760437,0.7775328233838081,1
725,100,4.081793723860756,3.561347823822871,0.5204459000378847,1
726,100,4.229441036470234,3.9996454967185855,0.2297955397516489,1
727,100,4.4276735740713775,3.703289821278304,0.7243837527930737,1
728,100,4.125436804257333,3.850963887758553,0.27447291649878025,1
729,100,4.362423832993954,3.8409386104904115,0.5214852225035429,1
730,100,4.427301931660622,4.034360490273684,0.3929414413869381,1
731,100,4.343541638110764,3.8533595605986193,0.49018207751214504,1
732,100,4.069768885150552,3.588970238342881,0.4807986468076706,1
733,100,4.427252364810556,3.8135791295208037,0.6136732352897525,1
734,100,4.171451429836452,3.6033262200653553,0.5681252097710967,1
735,100,4.4174710005754605,3.7300724625820294,0.6873985379934311,1
736,1,4.180409926455468,4.106914182659239,0.07349574379622936,1
737,1,4.234546348481672,4.120616583182709,0.1139297652989626,1
738,1,4.244418478105217,4.119655611459166,0.1247628666460514,1
739,1,4.240924036130309,4.226847464218736,0.01407657191157341,1
740,1,4.766284336335957,4.61847532261163,0.1478090137243271,1
741,1,4.492238826584071,4.2234392440877855,0.26879958249628544,1
742,1,4.274661515199114,3.827561147219967,0.44710036797914654,1
743,1,4.72102109156549,4.550034185871482,0.17098690569400787,1
744,1,4.640726833604276,4.345795375294983,0.2949314583092928,1
745,1,4.456609747838229,4.396085932385176,0.06052381545305252,1
746,1,4.40314053138718,4.40314053138718,0.0,1
747,1,4.595966548193246,4.595966548193246,0.0,1
748,1,4.790304045192897,4.472067031078041,0.3182370141148567,1
749,1,4.603428945876658,4.554920834489167,0.048508111387491226,1
750,1,4.626569772604853,4.423187280539423,0.2033824920654297,1
751,1,4.104077731259167,3.837314751930535,0.26676297932863235,1
752,1,4.791797768324614,4.791797768324614,0.0,1
753,1,4.5603097644634545,4.441710878629237,0.11859888583421707,1
754,1,4.410005095414817,4.191018070094287,0.21898702532052994,1
755,1,4.462247465737164,4.28065497148782,0.18159249424934387,1
756,1,4.432648650370538,4.432648650370538,0.0,1
757,1,4.3737044632434845,4.314222110435367,0.059482352808117867,1
758,1,4.234342917217873,3.9902494630077854,0.24409345421008766,1
759,1,4.504547938704491,4.383664455264807,0.12088348343968391,1
760,1,4.574800992850214,4.49686977500096,0.07793121784925461,1
761,1,4.530571544077247,4.38345597172156,0.14711557235568762,1
762,1,4.409788983641192,4.057406472740695,0.35238251090049744,1
763,1,4.769328065216541,4.450287871062756,0.3190401941537857,1
764,1,4.195668500411557,4.075916270288872,0.11975223012268543,1
765,1,4.715139697305858,4.586484181694686,0.12865551561117172,1
766,1,3.841507882112637,3.7285258115734905,0.11298207053914666,1
767,1,4.286409390158951,4.1184069802984595,0.16800240986049175,1
736,10,4.180409926455468,4.012966302689165,0.16744362376630306,1
737,10,4.234546348481672,4.0461273416585755,0.18841900682309642,1
738,10,4.244418478105217,3.898138744290918,0.3462797338142991,1
739,10,4.240924036130309,4.069135468453169,0.17178856767714024,1
740,10,4.766284336335957,4.421143704093993,0.34514063224196434,1
741,10,4.492238826584071,3.909702144097537,0.5825366824865341,1
742,10,4.274661515199114,3.522997352934908,0.7516641622642055,1
743,10,4.72102109156549,4.214725179597735,0.5062959119677544,1
744,10,4.640726833604276,4.180236822925508,0.46049001067876816,1
745,10,4.456609747838229,4.209733873140067,0.24687587469816208,1
746,10,4.40314053138718,4.265316166449338,0.1378243649378419,1
747,10,4.595966548193246,4.529865131247789,0.06610141694545746,1
748,10,4.790304045192897,4.233995377086103,0.5563086681067944,1
749,10,4.603428945876658,4.101812412030995,0.5016165338456631,1
750,10,4.626569772604853,3.843736218754202,0.7828335538506508,1
751,10,4.104077731259167,3.701512602157891,0.4025651291012764,1
752,10,4.791797768324614,4.647368099540472,0.14442966878414154,1
753,10,4.5603097644634545,4.364350475836545,0.19595928862690926,1
754,10,4.410005095414817,4.0311821503564715,0.3788229450583458,1
755,10,4.462247465737164,4.0576091716066,0.40463829413056374,1
756,10,4.432648650370538,4.172369255684316,0.2602793946862221,1
757,10,4.3737044632434845,4.111484216526151,0.2622202467173338,1
758,10,4.234342917217873,3.908860777853988,0.3254821393638849,1
759,10,4.504547938704491,4.120879415422678,0.38366852328181267,1
760,10,4.574800992850214,4.327981522772461,0.24681947007775307,1
761,10,4.530571544077247,4.229399690870196,0.30117185320705175,1
762,10,4.409788983641192,3.833555384306237,0.5762335993349552,1
763,10,4.769328065216541,3.8267692178487778,0.9425588473677635,2
764,10,4.195668500411557,3.89733069067006,0.29833780974149704,1
765,10,4.715139697305858,4.464300277642906,0.2508394196629524,1
766,10,3.841507882112637,3.611278407042846,0.23022947506979108,1
767,10,4.286409390158951,3.9432062348350883,0.34320315532386303,1
736,100,4.180409926455468,3.752956793177873,0.42745313327759504,1
737,100,4.234546348481672,3.6407146360434126,0.5938317124382593,1
738,100,4.244418478105217,3.680164916906506,0.5642535611987114,1
739,100,4.240924036130309,3.9240583777427673,0.31686565838754177,1
740,100,4.766284336335957,4.144798503257334,0.6214858330786228,1
741,100,4.492238826584071,3.5277506071142852,0.9644882194697857,2
742,100,4.274661515199114,3.2475586215150543,1.0271028936840594,2
743,100,4.72102109156549,3.8812547754496336,0.8397663161158562,1
744,100,4.640726833604276,3.848627899773419,0.7920989338308573,1
745,100,4.456609747838229,3.897431008052081,0.5591787397861481,1
746,100,4.40314053138718,4.029603049624711,0.3735374817624688,1
747,100,4.595966548193246,4.3352059670723975,0.26076058112084866,1
748,100,4.790304045192897,3.7353407768532634,1.054963268339634,2
749,100,4.603428945876658,3.730406732298434,0.8730222135782242,2
750,100,4.626569772604853,3.368736033793539,1.257833738811314,2
751,100,4.104077731259167,3.4632460037246346,0.6408317275345325,1
752,100,4.791797768324614,4.2959851287305355,0.49581263959407806,1
753,100,4.5603097644634545,4.172812574077398,0.3874971903860569,1
754,100,4.410005095414817,3.777944560162723,0.6320605352520943,1
755,100,4.462247465737164,3.7346940794959664,0.7275533862411976,1
756,100,4.432648650370538,3.9402126437053084,0.4924360066652298,1
757,100,4.3737044632434845,3.8443737737834454,0.5293306894600391,1
758,100,4.234342917217873,3.674511600867845,0.5598313163500279,1
759,100,4.504547938704491,3.748396873474121,0.7561510652303696,1
760,100,4.574800992850214,3.858612250071019,0.7161887427791953,1
761,100,4.530571544077247,3.958959172014147,0.5716123720631003,1
762,100,4.409788983641192,3.594050022540614,0.8157389611005783,1
763,100,4.769328065216541,3.3489995822310448,1.4203284829854965,2
764,100,4.195668500411557,3.6984728523821104,0.4971956480294466,1
765,100,4.715139697305858,4.062427963130176,0.6527117341756821,2
766,100,3.841507882112637,3.4459153267089278,0.3955925554037094,1
767,100,4.286409390158951,3.6943229334428906,0.5920864567160606,1
768,1,4.425725291483104,4.361010977067053,0.06471431441605091,1
769,1,4.798331551253796,4.516393065452576,0.28193848580121994,1
770,1,4.4993149128276855,4.447870675241575,0.05144423758611083,1
771,1,4.5077257407829165,4.5077257407829165,0.0,1
772,1,4.608453979715705,4.490761602297425,0.11769237741827965,1
773,1,4.204675516113639,4.130851401016116,0.07382411509752274,1
774,1,4.525474592810497,4.11546072573401,0.41001386707648635,1
775,1,4.336249559186399,4.310343326069415,0.025906233116984367,1
776,1,4.440094219986349,4.299609968904406,0.1404842510819435,1
777,1,4.370084540918469,4.054763378575444,0.3153211623430252,1
778,1,4.23135243775323,4.13897934788838,0.09237308986485004,1
779,1,4.638914609444328,4.365720482659526,0.2731941267848015,1
780,1,4.208152667153627,4.1478201453574,0.0603325217962265,1
781,1,4.427667859010398,4.251663387753069,0.176004471257329,1
782,1,4.655687013641,4.523941079154611,0.13174593448638916,1
783,1,3.871335192641709,3.6995415418059565,0.1717936508357525,1
784,1,4.567993208882399,4.374564491328783,0.19342871755361557,1
785,1,4.7684396574040875,4.451998032047413,0.3164416253566742,1
786,1,4.433929449296556,4.3915190637344494,0.04241038556210697,1
787,1,4.748422535136342,4.538074696436524,0.21034783869981766,1
788,1,4.742719711968675,4.639889583690092,0.10283012827858329,1
789,1,4.596403739415109,4.10028385091573,0.49611988849937916,1
790,1,3.8597837760462426,3.574671585985925,0.2851121900603175,1
791,1,4.519828847143799,4.517446251120418,0.0023825960233807564,1
792,1,4.539698423817754,4.341772733256221,0.19792569056153297,1
793,1,4.450540912046563,4.138242241635453,0.3122986704111099,1
794,1,4.689936509355903,4.331698352470994,0.3582381568849087,1
795,1,4.422842196654528,4.191497613210231,0.2313445834442973,1
796,1,4.1458838697872125,3.920268961752299,0.22561490803491324,1
797,1,4.205219008028507,4.079183092340827,0.12603591568768024,1
798,1,4.113987556658685,3.919535174034536,0.19445238262414932,1
799,1,4.191445675678551,4.157923302613199,0.03352237306535244,1
768,10,4.425725291483104,4.139657576568425,0.2860677149146795,1
769,10,4.798331551253796,4.126875467598438,0.6714560836553574,2
770,10,4.4993149128276855,4.0839761381503195,0.415338774677366,1
771,10,4.5077257407829165,4.140858377330005,0.3668673634529114,1
772,10,4.608453979715705,4.276909409090877,0.33154457062482834,1
773,10,4.204675516113639,3.9181960048153996,0.28647951129823923,1
774,10,4.525474592810497,3.9841792772058398,0.5412953156046569,1
775,10,4.336249559186399,4.1465926030650735,0.1896569561213255,1
776,10,4.440094219986349,4.1040171147324145,0.33607710525393486,1
777,10,4.370084540918469,3.905719978734851,0.46436456218361855,1
778,10,4.23135243775323,3.990062725264579,0.24128971248865128,1
779,10,4.638914609444328,4.1721124780597165,0.46680213138461113,1
780,10,4.208152667153627,4.127806855831295,0.08034581132233143,1
781,10,4.427667859010398,4.117069291882217,0.31059856712818146,1
782,10,4.655687013641,4.164296450093389,0.49139056354761124,1
783,10,3.871335192641709,3.5405081183998846,0.33082707424182445,1
784,10,4.567993208882399,4.247634837520309,0.3203583713620901,1
785,10,4.7684396574040875,4.151744581176899,0.6166950762271881,1
786,10,4.433929449296556,4.248189125559293,0.18574032373726368,1
787,10,4.748422535136342,4.190935058519244,0.5574874766170979,1
788,10,4.742719711968675,4.536572345299646,0.206147366669029,1
789,10,4.596403739415109,3.9201692612841725,0.6762344781309366,1
790,10,3.8597837760462426,3.517416732327547,0.34236704371869564,1
791,10,4.519828847143799,4.259121885057539,0.2607069620862603,1
792,10,4.539698423817754,4.084053182974458,0.45564524084329605,1
793,10,4.450540912046563,3.916024249687325,0.5345166623592377,1
794,10,4.689936509355903,4.108529290184379,0.581407219171524,1
795,10,4.422842196654528,3.929632079321891,0.4932101173326373,1
796,10,4.1458838697872125,3.65864801738644,0.4872358524007723,1
797,10,4.205219008028507,3.845521980896592,0.3596970271319151,1
798,10,4.113987556658685,3.6297201653942466,0.48426739126443863,1
799,10,4.191445675678551,4.00512723159045,0.1863184440881014,1
768,100,4.425725291483104,3.861496419645846,0.5642288718372583,1
769,100,4.798331551253796,3.5333980470895767,1.264933504164219,2
770,100,4.4993149128276855,3.776215616380796,0.7230992964468896,2
771,100,4.5077257407829165,3.861912830732763,0.6458129100501537,1
772,100,4.608453979715705,3.7844940591603518,0.8239599205553532,1
773,100,4.204675516113639,3.672980976291001,0.531694539822638,1
774,100,4.525474592810497,3.6611543281469494,0.8643202646635473,2
775,100,4.336249559186399,3.980817266739905,0.3554322924464941,1
776,100,4.440094219986349,3.8459393666125834,0.594154853373766,1
777,100,4.370084540918469,3.6356548499315977,0.7344296909868717,1
778,100,4.23135243775323,3.8311040294356644,0.4002484083175659,1
779,100,4.638914609444328,3.9094208722235635,0.7294937372207642,1
780,100,4.208152667153627,4.062772341538221,0.14538032561540604,1
781,100,4.427667859010398,3.887365716509521,0.5403021425008774,1
782,100,4.655687013641,3.79108034260571,0.8646066710352898,2
783,100,3.871335192641709,3.3723147353739478,0.49902045726776123,1
784,100,4.567993208882399,4.044610912096687,0.5233822967857122,1
785,100,4.7684396574040875,3.6928127402206883,1.0756269171833992,2
786,100,4.433929449296556,4.028538450947963,0.4053909983485937,1
787,100,4.748422535136342,3.831349277868867,0.9170732572674751,2
788,100,4.742719711968675,4.222138131270185,0.5205815806984901,1
789,100,4.596403739415109,3.5657129799947143,1.030690759420395,2
790,100,3.8597837760462426,3.351050838769879,0.5087329372763634,1
791,100,4.519828847143799,4.0439854501746595,0.4758433969691396,1
792,100,4.539698423817754,3.8049742933362722,0.7347241304814816,1
793,100,4.450540912046563,3.5533612823928706,0.8971796296536922,2
794,100,4.689936509355903,3.720136309042573,0.9698002003133297,2
795,100,4.422842196654528,3.698850628454238,0.7239915682002902,1
796,100,4.1458838697872125,3.431765425542835,0.7141184442443773,1
797,100,4.205219008028507,3.559926625341177,0.6452923826873302,1
798,100,4.113987556658685,3.419780998490751,0.6942065581679344,1
799,100,4.191445675678551,3.793689695186913,0.3977559804916382,1
800,1,4.585997881367803,4.544376676902175,0.04162120446562767,1
801,1,4.368426644010469,4.250991255743429,0.11743538826704025,1
802,1,4.484718171879649,4.463996076956391,0.020722094923257828,1
803,1,4.721612369641662,4.687269566580653,0.03434280306100845,1
804,1,4.3128965850919485,3.971115045249462,0.3417815398424864,1
805,1,4.5188293205574155,4.356130105443299,0.16269921511411667,1
806,1,4.64924493432045,4.5392400324344635,0.11000490188598633,1
807,1,4.497180911246687,4.375626906286925,0.1215540049597621,1
808,1,4.627423234283924,4.527387669309974,0.10003556497395039,1
809,1,4.096420927904546,3.969422454945743,0.12699847295880318,1
810,1,4.434929113835096,4.243431931361556,0.1914971824735403,1
811,1,4.567485965788364,4.376382149755955,0.19110381603240967,1
812,1,4.205003462033346,4.139599054353312,0.06540440768003464,1
813,1,4.7072251588106155,4.67932815104723,0.027897007763385773,1
814,1,4.5845916997641325,4.482149539515376,0.10244216024875641,1
815,1,4.470067281159572,4.412131916848011,0.05793536431156099,1
816,1,4.539243665523827,4.46840784419328,0.07083582133054733,1
817,1,4.592884214129299,4.510984429623932,0.08189978450536728,1
818,1,4.884691456332803,4.4299055356532335,0.45478592067956924,1
819,1,4.691320969723165,4.376486576162279,0.3148343935608864,1
820,1,4.422489975579083,4.209408233873546,0.21308174170553684,1
821,1,4.243415388278663,4.019094527699053,0.22432086057960987,1
822,1,4.544682092498988,4.490447741933167,0.05423435056582093,1
823,1,4.619897103693802,4.619897103693802,0.0,1
824,1,4.451719236676581,4.257720583002083,0.1939986536744982,1
825,1,4.118630726006813,4.077258262201212,0.041372463805601,1
826,1,4.668613511021249,4.526911203865893,0.1417023071553558,1
827,1,4.416764333844185,4.234758622944355,0.18200571089982986,1
828,1,4.331922245211899,4.232298620976508,0.09962362423539162,1
829,1,4.569208554923534,4.425931356847286,0.14327719807624817,1
830,1,4.431128030177206,4.385397659149021,0.04573037102818489,1
831,1,4.172098013863433,4.1466323920176364,0.025465621845796704,1
800,10,4.585997881367803,4.38515710644424,0.200840774923563,1
801,10,4.368426644010469,4.076732293469831,0.29169435054063797,1
802,10,4.484718171879649,4.364100405946374,0.12061776593327522,1
803,10,4.721612369641662,4.453608078882098,0.26800429075956345,1
804,10,4.3128965850919485,3.8471578415483236,0.4657387435436249,1
805,10,4.5188293205574155,4.289222565479577,0.2296067550778389,1
806,10,4.64924493432045,4.264598362147808,0.38464657217264175,1
807,10,4.497180911246687,4.263325559441,0.23385535180568695,1
808,10,4.627423234283924,4.262833081185818,0.3645901530981064,1
809,10,4.096420927904546,3.719910812564194,0.37651011534035206,1
810,10,4.434929113835096,3.9568792022764683,0.4780499115586281,1
811,10,4.567485965788364,4.2779101729393005,0.2895757928490639,1
812,10,4.205003462033346,3.949722040677443,0.25528142135590315,1
813,10,4.7072251588106155,4.505297366529703,0.2019277922809124,1
814,10,4.5845916997641325,4.283773792907596,0.30081790685653687,1
815,10,4.470067281159572,4.078902367386036,0.3911649137735367,1
816,10,4.539243665523827,4.372742963023484,0.16650070250034332,1
817,10,4.592884214129299,4.269349285867065,0.32353492826223373,1
818,10,4.884691456332803,4.021720165386796,0.8629712909460068,2
819,10,4.691320969723165,4.009100942872465,0.6822200268507004,1
820,10,4.422489975579083,4.007265823893249,0.41522415168583393,1
821,10,4.243415388278663,3.906760356388986,0.33665503188967705,1
822,10,4.544682092498988,4.162586838938296,0.38209525356069207,1
823,10,4.619897103693802,4.4719267802429385,0.14797032345086336,1
824,10,4.451719236676581,4.005017795483582,0.4467014411929995,1
825,10,4.118630726006813,3.8407665846170858,0.2778641413897276,1
826,10,4.668613511021249,4.086873094667681,0.5817404163535684,1
827,10,4.416764333844185,4.075969394296408,0.3407949395477772,1
828,10,4.331922245211899,4.05106611456722,0.28085613064467907,1
829,10,4.569208554923534,4.1420366652309895,0.42717188969254494,1
830,10,4.431128030177206,4.005445963237435,0.4256820669397712,1
831,10,4.172098013863433,3.83545461302856,0.3366434008348733,1
800,100,4.585997881367803,4.153613513335586,0.432384368032217,1
801,100,4.368426644010469,3.847956320969388,0.5204703230410814,1
802,100,4.484718171879649,4.182430798187852,0.30228737369179726,1
803,100,4.721612369641662,4.164288975298405,0.557323394343257,1
804,100,4.3128965850919485,3.646923616528511,0.6659729685634375,1
805,100,4.5188293205574155,4.119464290328324,0.39936503022909164,1
806,100,4.64924493432045,3.848448656499386,0.800796277821064,1
807,100,4.497180911246687,3.9548000800423324,0.5423808312043548,1
808,100,4.627423234283924,3.93775718472898,0.689666049554944,1
809,100,4.096420927904546,3.4085881328210235,0.6878327950835228,1
810,100,4.434929113835096,3.7142735235393047,0.7206555902957916,1
811,100,4.567485965788364,3.9512006267905235,0.6162853389978409,1
812,100,4.205003462033346,3.758020263398066,0.44698319863528013,1
813,100,4.7072251588106155,4.046368073672056,0.6608570851385593,1
814,100,4.5845916997641325,4.104381373152137,0.4802103266119957,1
815,100,4.470067281159572,3.851190600427799,0.6188766807317734,1
816,100,4.539243665523827,4.163156536407769,0.37608712911605835,1
817,100,4.592884214129299,4.003698410000652,0.5891858041286469,1
818,100,4.884691456332803,3.629198970273137,1.2554924860596657,3
819,100,4.691320969723165,3.7610080232843757,0.9303129464387894,2
820,100,4.422489975579083,3.788655619136989,0.6338343564420938,1
821,100,4.243415388278663,3.60574649926275,0.637668889015913,1
822,100,4.544682092498988,3.860649445094168,0.6840326474048197,1
823,100,4.619897103693802,4.271651031274814,0.34824607241898775,1
824,100,4.451719236676581,3.6984825405525044,0.7532366961240768,1
825,100,4.118630726006813,3.6584654649486765,0.4601652610581368,1
826,100,4.668613511021249,3.6669063315493986,1.0017071794718504,2
827,100,4.416764333844185,3.868310909718275,0.5484534241259098,1
828,100,4.331922245211899,3.779418888501823,0.5525033567100763,1
829,100,4.569208554923534,3.8955223876982927,0.6736861672252417,1
830,100,4.431128030177206,3.4855715087614954,0.9455565214157104,2
831,100,4.172098013863433,3.7131864727125503,0.45891154115088284,1
832,1,4.0761282888415735,3.660106290044496,0.4160219987970777,1
833,1,4.579556307289749,4.468467657919973,0.11108864936977625,1
834,1,4.5070686880499125,4.449303705245256,0.05776498280465603,1
835,1,4.45134059805423,4.2272966438904405,0.22404395416378975,1
836,1,4.356500685680658,4.208522674161941,0.1479780115187168,1
837,1,4.638447817414999,4.638447817414999,0.0,1
838,1,4.633352307602763,4.556035285815597,0.0773170217871666,1
839,1,4.555457402952015,4.381671701557934,0.17378570139408112,1
840,1,4.428804174764082,4.360069141257554,0.06873503350652754,1
841,1,4.411423819605261,4.262811867054552,0.14861195255070925,1
842,1,4.333248799317516,4.019431138993241,0.3138176603242755,1
843,1,4.2185046032536775,4.082278928952292,0.13622567430138588,1
844,1,4.008808451704681,3.8138602105900645,0.1949482411146164,1
845,1,4.484749760478735,4.259533513337374,0.22521624714136124,1
846,1,4.707919902168214,4.347333914600313,0.3605859875679016,1
847,1,4.693797050975263,4.690538083203137,0.003258967772126198,1
848,1,4.493498172610998,4.3769422098994255,0.11655596271157265,1
849,1,4.497038369998336,4.378706311807036,0.11833205819129944,1
850,1,4.626509348861873,4.626509348861873,0.0,1
851,1,4.346100028604269,4.2818057760596275,0.0642942525446415,1
852,1,4.3420848664827645,4.17070864373818,0.17137622274458408,1
853,1,4.35715764015913,4.2832514345645905,0.07390620559453964,1
854,1,4.365892149507999,4.365892149507999,0.0,1
855,1,4.229716642119456,4.142168978520203,0.0875476635992527,1
856,1,4.062291781185195,3.7809403587598354,0.2813514224253595,1
857,1,4.207153935683891,3.954146736068651,0.2530071996152401,1
858,1,4.435136966407299,4.291164807975292,0.14397215843200684,1
859,1,4.642891846131533,4.332851394545287,0.3100404515862465,1
860,1,4.312425866723061,4.198275350034237,0.1141505166888237,1
861,1,4.55310482904315,4.358134100213647,0.19497072882950306,1
862,1,4.600683383643627,4.600683383643627,0.0,1
863,1,4.614626420705463,4.614626420705463,0.0,1
832,10,4.0761282888415735,3.569457295088796,0.5066709937527776,1
833,10,4.579556307289749,4.118269228842109,0.46128707844763994,1
834,10,4.5070686880499125,4.311015117913485,0.19605357013642788,1
835,10,4.45134059805423,4.0257988860830665,0.42554171197116375,1
836,10,4.356500685680658,4.0801940080709755,0.2763066776096821,1
837,10,4.638447817414999,4.4292449206113815,0.20920289680361748,1
838,10,4.633352307602763,4.1296535935252905,0.5036987140774727,1
839,10,4.555457402952015,4.104814891703427,0.45064251124858856,1
840,10,4.428804174764082,4.022191718686372,0.4066124560777098,1
841,10,4.411423819605261,4.0821636826731265,0.32926013693213463,1
842,10,4.333248799317516,3.8490264530992135,0.48422234621830285,1
843,10,4.2185046032536775,3.944716256810352,0.2737883464433253,1
844,10,4.008808451704681,3.715467351488769,0.29334110021591187,1
845,10,4.484749760478735,3.8427129462361336,0.6420368142426014,1
846,10,4.707919902168214,4.14276175852865,0.5651581436395645,1
847,10,4.693797050975263,4.595654842443764,0.09814220853149891,1
848,10,4.493498172610998,4.206660781055689,0.2868373915553093,1
849,10,4.497038369998336,4.0082728285342455,0.48876554146409035,1
850,10,4.626509348861873,4.183274234645069,0.4432351142168045,1
851,10,4.346100028604269,4.1911885514855385,0.15491147711873055,1
852,10,4.3420848664827645,4.061411760281771,0.28067310620099306,1
853,10,4.35715764015913,4.204146392643452,0.1530112475156784,1
854,10,4.365892149507999,4.322826664894819,0.04306548461318016,1
855,10,4.229716642119456,4.076328049704898,0.15338859241455793,1
856,10,4.062291781185195,3.712586482288316,0.34970529889687896,1
857,10,4.207153935683891,3.8322881448548287,0.37486579082906246,1
858,10,4.435136966407299,4.045552844181657,0.3895841222256422,1
859,10,4.642891846131533,4.130971447099,0.5119203990325332,1
860,10,4.312425866723061,4.002823397517204,0.3096024692058563,1
861,10,4.55310482904315,4.18732843734324,0.36577639169991016,1
862,10,4.600683383643627,4.58768698386848,0.012996399775147438,1
863,10,4.614626420705463,4.5509320628334535,0.06369435787200928,1
832,100,4.0761282888415735,3.3891236947092693,0.6870045941323042,1
833,100,4.579556307289749,3.686503467615694,0.8930528396740556,2
834,100,4.5070686880499125,4.102114904671907,0.40495378337800503,1
835,100,4.45134059805423,3.7934823064133525,0.6578582916408777,1
836,100,4.356500685680658,3.7831398244015872,0.5733608612790704,1
837,100,4.638447817414999,4.111384883522987,0.5270629338920116,1
838,100,4.633352307602763,3.668544178828597,0.9648081287741661,2
839,100,4.555457402952015,3.7899913610890508,0.7654660418629646,1
840,100,4.428804174764082,3.773539046291262,0.6552651284728199,1
841,100,4.411423819605261,3.7990428232587874,0.6123809963464737,1
842,100,4.333248799317516,3.551237513893284,0.7820112854242325,1
843,100,4.2185046032536775,3.74035759200342,0.4781470112502575,1
844,100,4.008808451704681,3.5061158118769526,0.5026926398277283,1
845,100,4.484749760478735,3.4938255213201046,0.9909242391586304,2
846,100,4.707919902168214,3.6874919598922133,1.020427942276001,2
847,100,4.693797050975263,4.299785307608545,0.3940117433667183,1
848,100,4.493498172610998,3.8895674720406532,0.6039307005703449,1
849,100,4.497038369998336,3.5941417422145605,0.9028966277837753,2
850,100,4.626509348861873,3.835075224749744,0.7914341241121292,1
851,100,4.346100028604269,4.0041220523417,0.3419779762625694,1
852,100,4.3420848664827645,3.818571179639548,0.5235136868432164,1
853,100,4.35715764015913,3.975929245352745,0.38122839480638504,1
854,100,4.365892149507999,3.996655587106943,0.3692365624010563,1
855,100,4.229716642119456,3.8973509085481055,0.3323657335713506,1
856,100,4.062291781185195,3.5327713799197227,0.5295204012654722,1
857,100,4.207153935683891,3.632215630961582,0.5749383047223091,1
858,100,4.435136966407299,3.847558693960309,0.58757827244699,1
859,100,4.642891846131533,3.826352163683623,0.8165396824479103,2
860,100,4.312425866723061,3.785756755620241,0.5266691111028194,1
861,100,4.55310482904315,3.975449562072754,0.577655266970396,1
862,100,4.600683383643627,4.293816931545734,0.30686645209789276,1
863,100,4.614626420705463,4.207875685722684,0.40675073498277925,1
864,1,4.344581363664474,3.9887068006792106,0.35587456298526376,1
865,1,4.23667919752188,4.1247706359717995,0.11190856155008078,1
866,1,4.3025678200647235,4.082665684632957,0.2199021354317665,1
867,1,4.443003476495505,4.267820728113293,0.1751827483822126,1
868,1,4.383813116699457,4.1053884960711,0.27842462062835693,1
869,1,4.301167684607208,4.234824824146926,0.06634286046028137,1
870,1,3.9722458093310706,3.9722458093310706,0.0,1
871,1,4.038125817314722,3.9255683206720278,0.11255749664269388,1
872,1,4.6590576824964955,4.426609396818094,0.2324482856784016,1
873,1,4.6905041337013245,4.6905041337013245,0.0,1
874,1,4.752386089414358,4.752386089414358,0.0,1
875,1,4.351673593744636,4.150180840864778,0.20149275287985802,1
876,1,4.702876949682832,4.667423298582435,0.03545365110039711,1
877,1,4.437522851396352,4.327640432398766,0.10988241899758577,1
878,1,4.099980237195268,3.835192282916978,0.26478795427829027,1
879,1,4.316134721040726,4.034485574811697,0.2816491462290287,1
880,1,4.125850364565849,3.9276052862405777,0.1982450783252716,1
881,1,4.444577843067236,4.344418939086609,0.10015890398062766,1
882,1,4.619985257042572,4.457695830380544,0.16228942666202784,1
883,1,4.768570401589386,4.716040878673084,0.052529522916302085,1
884,1,4.454002482816577,4.454002482816577,0.0,1
885,1,4.60173673206009,4.291993193561211,0.3097435384988785,1
886,1,4.726960194297135,4.6530223460868,0.07393784821033478,1
887,1,4.042175807058811,3.840568182989955,0.20160762406885624,1
888,1,4.769178890041076,4.74929375143256,0.019885138608515263,1
889,1,4.497831535991281,4.488189559895545,0.009641976095736027,1
890,1,4.52401980268769,4.210584881482646,0.3134349212050438,1
891,1,4.279709809248743,4.117402619893255,0.16230718935548794,1
892,1,4.660096168518066,4.553558357059956,0.10653781145811081,1
893,1,4.270757379475981,4.242081408854574,0.028675970621407032,1
894,1,4.887423205189407,4.811692702583969,0.07573050260543823,1
895,1,3.750390093307942,3.670078997965902,0.08031109534204006,1
864,10,4.344581363664474,3.820462738687638,0.5241186249768361,1
865,10,4.23667919752188,3.7644473297987133,0.47223186772316694,1
866,10,4.3025678200647235,3.800652894657105,0.5019149254076183,1
867,10,4.443003476495505,4.037974056889652,0.40502941960585304,1
868,10,4.383813116699457,3.968008942902088,0.415804173797369,1
869,10,4.301167684607208,3.969942101277411,0.3312255833297968,1
870,10,3.9722458093310706,3.80359740491258,0.16864840441849083,1
871,10,4.038125817314722,3.676696632639505,0.3614291846752167,1
872,10,4.6590576824964955,4.203463515383191,0.45559416711330414,1
873,10,4.6905041337013245,4.592831417918205,0.0976727157831192,1
874,10,4.752386089414358,4.3299442660063505,0.4224418234080076,1
875,10,4.351673593744636,4.097202338278294,0.254471255466342,1
876,10,4.702876949682832,4.4426423367112875,0.26023461297154427,1
877,10,4.437522851396352,4.200324501376599,0.23719835001975298,1
878,10,4.099980237195268,3.7698452447075397,0.3301349924877286,1
879,10,4.316134721040726,3.789121337234974,0.5270133838057518,1
880,10,4.125850364565849,3.8001803271472454,0.3256700374186039,1
881,10,4.444577843067236,4.254031919059344,0.1905459240078926,1
882,10,4.619985257042572,4.148790705716237,0.4711945513263345,1
883,10,4.768570401589386,4.401728224824183,0.3668421767652035,1
884,10,4.454002482816577,4.305073726922274,0.14892875589430332,1
885,10,4.60173673206009,4.090525429928675,0.5112113021314144,1
886,10,4.726960194297135,4.538369824178517,0.188590370118618,1
887,10,4.042175807058811,3.702749650925398,0.3394261561334133,1
888,10,4.769178890041076,4.214151139953174,0.555027750087902,1
889,10,4.497831535991281,4.129331134725362,0.3685004012659192,1
890,10,4.52401980268769,3.995138468919322,0.5288813337683678,1
891,10,4.279709809248743,3.960486204152403,0.3192236050963402,1
892,10,4.660096168518066,4.374352335929871,0.2857438325881958,1
893,10,4.270757379475981,4.151096703018993,0.11966067645698786,1
894,10,4.887423205189407,4.460291015915573,0.42713218927383423,1
895,10,3.750390093307942,3.5700083575211465,0.18038173578679562,1
864,100,4.344581363664474,3.525325013382826,0.8192563502816483,1
865,100,4.23667919752188,3.2477155870292336,0.9889636104926467,2
866,100,4.3025678200647235,3.5128372898325324,0.7897305302321911,1
867,100,4.443003476495505,3.8185545700689545,0.6244489064265508,1
868,100,4.383813116699457,3.6813369654119015,0.7024761512875557,1
869,100,4.301167684607208,3.665840112604201,0.6353275720030069,1
870,100,3.9722458093310706,3.5882576035219245,0.38398820580914617,1
871,100,4.038125817314722,3.4845828217221424,0.5535429955925792,1
872,100,4.6590576824964955,3.800685474765487,0.8583722077310085,1
873,100,4.6905041337013245,4.405342414975166,0.28516171872615814,1
874,100,4.752386089414358,4.02263754978776,0.7297485396265984,1
875,100,4.351673593744636,3.944672966375947,0.4070006273686886,1
876,100,4.702876949682832,4.12814193405211,0.574735015630722,1
877,100,4.437522851396352,3.9136567120440304,0.5238661393523216,1
878,100,4.099980237195268,3.592000709148124,0.5079795280471444,1
879,100,4.316134721040726,3.457485932856798,0.8586487881839275,2
880,100,4.125850364565849,3.5635146275162697,0.5623357370495796,1
881,100,4.444577843067236,4.066389054176398,0.3781887888908386,1
882,100,4.619985257042572,3.837989363120869,0.7819958939217031,1
883,100,4.768570401589386,4.144117801566608,0.6244526000227779,1
884,100,4.454002482816577,4.12596152536571,0.3280409574508667,1
885,100,4.60173673206009,3.8256824279669672,0.7760543040931225,2
886,100,4.726960194297135,4.301138979382813,0.4258212149143219,1
887,100,4.042175807058811,3.449040111154318,0.5931356959044933,1
888,100,4.769178890041076,3.8182808231795207,0.950898066861555,2
889,100,4.497831535991281,3.781282303389162,0.7165492326021194,1
890,100,4.52401980268769,3.6691302459221333,0.8548895567655563,2
891,100,4.279709809248743,3.7861646406599903,0.49354516858875286,1
892,100,4.660096168518066,3.9313015043735504,0.728794664144516,1
893,100,4.270757379475981,3.9898182614706457,0.28093911800533533,1
894,100,4.887423205189407,4.108098524622619,0.7793246805667877,2
895,100,3.750390093307942,3.43815910583362,0.3122309874743223,1
896,1,4.25015112455003,4.189320145873353,0.06083097867667675,1
897,1,4.551762064860668,4.479662043915596,0.07210002094507217,1
898,1,4.577465313486755,4.347065438516438,0.2303998749703169,1
899,1,4.443182301009074,4.227493392070755,0.2156889089383185,1
900,1,4.267929275112692,4.191306228342,0.07662304677069187,1
901,1,4.52146548544988,4.52146548544988,0.0,1
902,1,4.5917751037632115,4.529368412389886,0.062406691373325884,1
903,1,4.498638913035393,4.498638913035393,0.0,1
904,1,4.376699592219666,3.878533960087225,0.4981656321324408,1
905,1,4.546853419393301,4.489105746150017,0.057747673243284225,1
906,1,4.433924688026309,4.220399999991059,0.2135246880352497,1
907,1,4.5443684523925185,4.327980206348002,0.21638824604451656,1
908,1,4.484797754324973,4.430165854282677,0.054631900042295456,1
909,1,4.71792222186923,4.5208144299685955,0.19710779190063477,1
910,1,4.625899084843695,4.578697171993554,0.047201912850141525,1
911,1,4.341373190749437,4.329862862359732,0.011510328389704227,1
912,1,4.16558141564019,4.111056425841525,0.05452498979866505,1
913,1,4.689158155582845,4.689158155582845,0.0,1
914,1,4.302655245817732,4.262295894033741,0.04035935178399086,1
915,1,4.351395785575733,4.1068576409015805,0.24453814467415214,1
916,1,4.499375825282186,4.499375825282186,0.0,1
917,1,4.477726497454569,4.334150659618899,0.14357583783566952,1
918,1,4.80825087428093,4.671994477510452,0.1362563967704773,1
919,1,4.407248766045086,4.407248766045086,0.0,1
920,1,4.530389939900488,4.425037010107189,0.10535292979329824,1
921,1,4.747583531308919,4.542683549690992,0.20489998161792755,1
922,1,4.553088751621544,4.4927155347540975,0.0603732168674469,1
923,1,4.356526209041476,4.356526209041476,0.0,1
924,1,4.176976023009047,4.070410395273939,0.10656562773510814,1
925,1,4.2829645038582385,4.248178503010422,0.03478600084781647,1
926,1,4.0774777920451015,4.0094956799875945,0.06798211205750704,1
927,1,4.401544979773462,4.347990996204317,0.0535539835691452,1
896,10,4.25015112455003,4.118831830797717,0.13131929375231266,1
897,10,4.551762064860668,4.305725065933075,0.24603699892759323,1
898,10,4.577465313486755,4.123208154924214,0.454257158562541,1
899,10,4.443182301009074,3.930730691412464,0.5124516095966101,1
900,10,4.267929275112692,4.073503168823663,0.19442610628902912,1
901,10,4.52146548544988,4.330592026468366,0.19087345898151398,1
902,10,4.5917751037632115,4.331459697976243,0.26031540578696877,1
903,10,4.498638913035393,4.305194020271301,0.1934448927640915,1
904,10,4.376699592219666,3.7077852461952716,0.668914346024394,1
905,10,4.546853419393301,4.21311124227941,0.33374217711389065,1
906,10,4.433924688026309,4.123046034947038,0.3108786530792713,1
907,10,4.5443684523925185,4.229356170631945,0.3150122817605734,1
908,10,4.484797754324973,4.253013265319169,0.23178448900580406,1
909,10,4.71792222186923,4.272704105824232,0.44521811604499817,1
910,10,4.625899084843695,4.361312900669873,0.2645861841738224,1
911,10,4.341373190749437,4.157629043329507,0.1837441474199295,1
912,10,4.16558141564019,4.06315607833676,0.10242533730342984,1
913,10,4.689158155582845,4.329780734144151,0.359377421438694,1
914,10,4.302655245817732,4.258793241984677,0.043862003833055496,1
915,10,4.351395785575733,3.8936843595001847,0.45771142607554793,1
916,10,4.499375825282186,4.338070449884981,0.16130537539720535,1
917,10,4.477726497454569,4.172656714683399,0.30506978277117014,1
918,10,4.80825087428093,4.382995113730431,0.42525576055049896,1
919,10,4.407248766045086,4.343965322594158,0.06328344345092773,1
920,10,4.530389939900488,4.265448956284672,0.26494098361581564,1
921,10,4.747583531308919,4.344069302547723,0.40351422876119614,1
922,10,4.553088751621544,4.399576251395047,0.15351250022649765,1
923,10,4.356526209041476,4.09927418641746,0.2572520226240158,1
924,10,4.176976023009047,4.022498358273879,0.15447766473516822,1
925,10,4.2829645038582385,4.1071122088469565,0.17585229501128197,1
926,10,4.0774777920451015,3.8590488301124424,0.21842896193265915,1
927,10,4.401544979773462,4.226197413168848,0.17534756660461426,1
896,100,4.25015112455003,3.9257618102710694,0.32438931427896023,1
897,100,4.551762064860668,4.146829036937561,0.40493302792310715,1
898,100,4.577465313486755,3.895224024541676,0.6822412889450788,1
899,100,4.443182301009074,3.6085814519319683,0.8346008490771055,1
900,100,4.267929275112692,3.8108714772970416,0.4570577978156507,1
901,100,4.52146548544988,3.9856392475776374,0.5358262378722429,1
902,100,4.5917751037632115,4.066992101550568,0.5247830022126436,1
903,100,4.498638913035393,4.110134668648243,0.3885042443871498,1
904,100,4.376699592219666,3.3933368504513055,0.9833627417683601,2
905,100,4.546853419393301,3.97254597581923,0.5743074435740709,1
906,100,4.433924688026309,3.8896792102605104,0.5442454777657986,1
907,100,4.5443684523925185,3.9214521953836083,0.6229162570089102,1
908,100,4.484797754324973,4.014135894365609,0.47066185995936394,1
909,100,4.71792222186923,3.9376739524304867,0.7802482694387436,2
910,100,4.625899084843695,4.078101408667862,0.5477976761758327,1
911,100,4.341373190749437,3.9049913440831006,0.43638184666633606,1
912,100,4.16558141564019,3.871411460218951,0.29416995542123914,1
913,100,4.689158155582845,3.9574291920289397,0.7317289635539055,1
914,100,4.302655245817732,4.103394751728047,0.19926049408968538,1
915,100,4.351395785575733,3.607168454444036,0.7442273311316967,1
916,100,4.499375825282186,4.06621923064813,0.4331565946340561,1
917,100,4.477726497454569,3.8235934178810567,0.6541330795735121,1
918,100,4.80825087428093,4.067750655114651,0.7405002191662788,1
919,100,4.407248766045086,4.22856777429115,0.17868099175393581,1
920,100,4.530389939900488,4.016699512954801,0.5136904269456863,1
921,100,4.747583531308919,4.101093747187406,0.6464897841215134,1
922,100,4.553088751621544,4.076586508192122,0.4765022434294224,1
923,100,4.356526209041476,3.9186057429760695,0.4379204660654068,1
924,100,4.176976023009047,3.8005358742084354,0.3764401488006115,1
925,100,4.2829645038582385,3.8372054644860327,0.44575903937220573,1
926,100,4.0774777920451015,3.6620578037109226,0.4154199883341789,1
927,100,4.401544979773462,3.949706678278744,0.4518383014947176,1
928,1,4.599525213707238,4.503338935319334,0.09618627838790417,1
929,1,4.17527784826234,4.17527784826234,0.0,1
930,1,4.2447613624390215,4.202160507207736,0.042600855231285095,1
931,1,4.516114295460284,4.245070702396333,0.27104359306395054,1
932,1,4.280064127873629,4.038854063022882,0.24121006485074759,1
933,1,4.4006244875490665,4.307546783238649,0.09307770431041718,1
934,1,4.4029580731876194,4.4029580731876194,0.0,1
935,1,4.708321693120524,4.705135852331296,0.0031858407892286777,1
936,1,4.578953710268252,4.375202619354241,0.203751090914011,1
937,1,4.577296549454331,4.3679405096918344,0.20935603976249695,1
938,1,4.597063804860227,4.356471938197501,0.2405918666627258,1
939,1,4.1546912007033825,4.055761602707207,0.09892959799617529,1
940,1,4.499945164425299,4.469864814309403,0.03008035011589527,1
941,1,4.599576998502016,4.184183765202761,0.41539323329925537,1
942,1,4.4127838269632775,4.202050048188539,0.2107337787747383,1
943,1,4.496601169114001,4.432534364168532,0.0640668049454689,1
944,1,4.481923993327655,4.41066592966672,0.07125806366093457,1
945,1,4.44242928083986,4.4117695251479745,0.030659755691885948,1
946,1,4.465267286635935,4.340252858586609,0.12501442804932594,1
947,1,4.584368038922548,4.331221725791693,0.25314631313085556,1
948,1,4.631271092221141,4.222258349880576,0.40901274234056473,1
949,1,4.308934417320415,4.269157892325893,0.03977652499452233,1
950,1,4.252368802437559,4.178525923518464,0.0738428789190948,1
951,1,4.433034994581249,4.3538517886190675,0.07918320596218109,1
952,1,4.530210969038308,4.068034610711038,0.46217635832726955,1
953,1,4.525890399701893,4.321428784169257,0.20446161553263664,1
954,1,4.295092595741153,4.122148512862623,0.17294408287853003,1
955,1,4.6055637708632275,4.335183065268211,0.2703807055950165,1
956,1,4.4407580755651,4.154319580644369,0.2864384949207306,1
957,1,4.363871518522501,4.293605048209429,0.0702664703130722,1
958,1,4.7755290690111,4.7755290690111,0.0,1
959,1,4.178024845896289,3.901649324921891,0.27637552097439766,1
928,10,4.599525213707238,4.289600782562047,0.3099244311451912,1
929,10,4.17527784826234,4.044955066870898,0.13032278139144182,1
930,10,4.2447613624390215,4.079064212506637,0.1656971499323845,1
931,10,4.516114295460284,3.990395321510732,0.5257189739495516,1
932,10,4.280064127873629,3.677231791894883,0.6028323359787464,1
933,10,4.4006244875490665,4.168803263455629,0.2318212240934372,1
934,10,4.4029580731876194,4.117286860477179,0.28567121271044016,1
935,10,4.708321693120524,4.47560549643822,0.23271619668230414,1
936,10,4.578953710268252,4.0925665210234,0.48638718924485147,1
937,10,4.577296549454331,4.288517085835338,0.28877946361899376,1
938,10,4.597063804860227,4.193896626238711,0.40316717862151563,1
939,10,4.1546912007033825,3.8911798344925046,0.2635113662108779,1
940,10,4.499945164425299,4.410106629831716,0.08983853459358215,1
941,10,4.599576998502016,3.979693729430437,0.619883269071579,1
942,10,4.4127838269632775,4.085197010339471,0.32758681662380695,1
943,10,4.496601169114001,4.2489818568574265,0.24761931225657463,1
944,10,4.481923993327655,4.278923701145686,0.2030002921819687,1
945,10,4.44242928083986,4.365552362985909,0.07687691785395145,1
946,10,4.465267286635935,4.173857352696359,0.29140993393957615,1
947,10,4.584368038922548,3.953524947166443,0.6308430917561054,1
948,10,4.631271092221141,4.104045828804374,0.5272252634167671,1
949,10,4.308934417320415,4.129458228358999,0.17947618896141648,1
950,10,4.252368802437559,3.869684901786968,0.38268390065059066,1
951,10,4.433034994581249,4.0583773730904795,0.3746576214907691,1
952,10,4.530210969038308,3.7591706858947873,0.7710402831435204,1
953,10,4.525890399701893,4.217114985920489,0.3087754137814045,1
954,10,4.295092595741153,3.872898750938475,0.42219384480267763,1
955,10,4.6055637708632275,4.161213230225258,0.44435054063796997,1
956,10,4.4407580755651,3.9721655789762735,0.4685924965888262,1
957,10,4.363871518522501,4.060456410050392,0.30341510847210884,1
958,10,4.7755290690111,4.619926591520198,0.15560247749090195,1
959,10,4.178024845896289,3.750393748981878,0.4276310969144106,1
928,100,4.599525213707238,4.050407829228789,0.5491173844784498,1
929,100,4.17527784826234,3.8637672844342887,0.3115105638280511,1
930,100,4.2447613624390215,3.879277223488316,0.36548413895070553,1
931,100,4.516114295460284,3.7668371507897973,0.7492771446704865,1
932,100,4.280064127873629,3.4020869811065495,0.8779771467670798,1
933,100,4.4006244875490665,3.776580810546875,0.6240436770021915,1
934,100,4.4029580731876194,3.7645248020999134,0.6384332710877061,1
935,100,4.708321693120524,4.097160721430555,0.6111609716899693,1
936,100,4.578953710268252,3.773910445277579,0.8050432649906725,2
937,100,4.577296549454331,3.8379570115357637,0.7393395379185677,1
938,100,4.597063804860227,3.958809706266038,0.6382540985941887,1
939,100,4.1546912007033825,3.685253594070673,0.4694376066327095,1
940,100,4.499945164425299,4.1549113157670945,0.3450338486582041,1
941,100,4.599576998502016,3.769381232559681,0.8301957659423351,1
942,100,4.4127838269632775,3.7984513726842124,0.6143324542790651,1
943,100,4.496601169114001,3.9636287345783785,0.5329724345356226,1
944,100,4.481923993327655,4.033867635182105,0.4480563581455499,1
945,100,4.44242928083986,4.012183031998575,0.4302462488412857,1
946,100,4.465267286635935,3.942504401318729,0.5227628853172064,1
947,100,4.584368038922548,3.5908070243895054,0.9935610145330429,2
948,100,4.631271092221141,3.8127458933740854,0.8185251988470554,2
949,100,4.308934417320415,3.7947597375605255,0.5141746797598898,1
950,100,4.252368802437559,3.5400584775488824,0.7123103248886764,1
951,100,4.433034994581249,3.7283983259112574,0.7046366686699912,1
952,100,4.530210969038308,3.4632991338148713,1.0669118352234364,2
953,100,4.525890399701893,3.979719099588692,0.5461713001132011,1
954,100,4.295092595741153,3.5488718701526523,0.7462207255885005,1
955,100,4.6055637708632275,3.9036835263250396,0.701880244538188,2
956,100,4.4407580755651,3.7544313445687294,0.6863267309963703,1
957,100,4.363871518522501,3.8494558250531554,0.5144156934693456,1
958,100,4.7755290690111,4.251826747204177,0.5237023218069226,1
959,100,4.178024845896289,3.43371223914437,0.7443126067519188,1
960,1,4.192452342191245,4.1052107260911725,0.08724161610007286,1
961,1,4.335792886093259,4.24288066662848,0.0929122194647789,1
962,1,4.406543822027743,4.080639113672078,0.3259047083556652,1
963,1,4.857200275175273,4.683897503651679,0.17330277152359486,1
964,1,4.6132244183681905,4.37766678025946,0.23555763810873032,1
965,1,4.386853590956889,4.353524919948541,0.033328671008348465,1
966,1,4.566957079805434,4.51354303676635,0.05341404303908348,1
967,1,4.284072167240083,4.09027539845556,0.193796768784523,1
968,1,4.450352017185651,4.282572975032963,0.1677790421526879,1
969,1,4.645684689283371,4.522605693899095,0.12307899538427591,1
970,1,4.060258486773819,3.905952404718846,0.15430608205497265,1
971,1,4.260386709822342,4.247193799121305,0.013192910701036453,1
972,1,4.544891799800098,4.288845299743116,0.25604650005698204,1
973,1,4.1861982312984765,3.7804658547975123,0.40573237650096416,1
974,1,4.543152624275535,4.298610730562359,0.24454189371317625,1
975,1,4.373464281670749,4.030917192809284,0.34254708886146545,1
976,1,4.375252171885222,3.9285792554728687,0.4466729164123535,1
977,1,4.426130200037733,4.255320051917806,0.17081014811992645,1
978,1,4.3552030199207366,4.295932185370475,0.0592708345502615,1
979,1,4.452634809436859,4.429130097953021,0.023504711483838037,1
980,1,4.035600112751126,3.5062420833855867,0.5293580293655396,1
981,1,4.482679309090599,4.482679309090599,0.0,1
982,1,4.427075089421123,4.427075089421123,0.0,1
983,1,4.345927955815569,4.1126882245298475,0.23323973128572106,1
984,1,4.747815172187984,4.495638978667557,0.25217619352042675,1
985,1,4.580139285419136,4.426650722976774,0.1534885624423623,1
986,1,4.49740043329075,4.475104718934745,0.022295714356005192,1
987,1,4.276654331944883,4.221291906200349,0.05536242574453354,1
988,1,4.525303701404482,4.17594555998221,0.34935814142227173,1
989,1,4.401567451190203,4.23483021510765,0.16673723608255386,1
990,1,4.472371937241405,4.448566786944866,0.023805150296539068,1
991,1,4.3597111328999745,4.1787444623041665,0.18096667059580795,1
960,10,4.192452342191245,3.999886491277721,0.19256585091352463,1
961,10,4.335792886093259,4.127839593216777,0.207953292876482,1
962,10,4.406543822027743,3.9642027216032147,0.4423411004245281,1
963,10,4.857200275175273,4.503274406306446,0.3539258688688278,1
964,10,4.6132244183681905,4.037758605089039,0.5754658132791519,1
965,10,4.386853590956889,4.015804823138751,0.371048767818138,1
966,10,4.566957079805434,4.435032770968974,0.1319243088364601,1
967,10,4.284072167240083,3.747756793163717,0.5363153740763664,1
968,10,4.450352017185651,4.047053892514668,0.40329812467098236,1
969,10,4.645684689283371,4.241744711063802,0.40393997821956873,1
970,10,4.060258486773819,3.695698637049645,0.36455984972417355,1
971,10,4.260386709822342,4.064447055337951,0.1959396544843912,1
972,10,4.544891799800098,4.178949962370098,0.3659418374300003,1
973,10,4.1861982312984765,3.6127202440984547,0.5734779872000217,1
974,10,4.543152624275535,4.106957179028541,0.4361954452469945,1
975,10,4.373464281670749,3.931930372491479,0.44153390917927027,1
976,10,4.375252171885222,3.802671059500426,0.5725811123847961,1
977,10,4.426130200037733,3.9626375946681947,0.46349260536953807,1
978,10,4.3552030199207366,4.127535775769502,0.22766724415123463,1
979,10,4.452634809436859,4.0856250905344496,0.3670097189024091,1
980,10,4.035600112751126,3.382515648379922,0.6530844643712044,1
981,10,4.482679309090599,4.323645603144541,0.15903370594605803,1
982,10,4.427075089421123,4.334700600709766,0.09237448871135712,1
983,10,4.345927955815569,3.863282192265615,0.4826457635499537,1
984,10,4.747815172187984,4.148508806712925,0.5993063654750586,1
985,10,4.580139285419136,4.234246595297009,0.34589269012212753,1
986,10,4.49740043329075,4.052070491481572,0.4453299418091774,1
987,10,4.276654331944883,4.120022329036146,0.15663200290873647,1
988,10,4.525303701404482,3.871137133333832,0.6541665680706501,1
989,10,4.401567451190203,3.965757034253329,0.4358104169368744,1
990,10,4.472371937241405,4.30271020764485,0.16966172959655523,1
991,10,4.3597111328999745,4.064976557172486,0.29473457572748885,1
960,100,4.192452342191245,3.824239381530788,0.3682129606604576,1
961,100,4.335792886093259,3.962321614846587,0.3734712712466717,1
962,100,4.406543822027743,3.6250077495351434,0.7815360724925995,2
963,100,4.857200275175273,4.159951203502715,0.6972490716725588,2
964,100,4.6132244183681905,3.733329602982849,0.8798948153853416,1
965,100,4.386853590956889,3.7700513940071687,0.6168021969497204,1
966,100,4.566957079805434,4.1262428956106305,0.44071418419480324,1
967,100,4.284072167240083,3.4684680169448256,0.8156041502952576,1
968,100,4.450352017185651,3.80864556285087,0.6417064543347806,1
969,100,4.645684689283371,3.7581560453400016,0.8875286439433694,2
970,100,4.060258486773819,3.477968890685588,0.5822895960882306,1
971,100,4.260386709822342,3.8174402962904423,0.44294641353189945,1
972,100,4.544891799800098,3.913665355183184,0.6312264446169138,1
973,100,4.1861982312984765,3.335329045075923,0.8508691862225533,1
974,100,4.543152624275535,3.7844028514809906,0.7587497727945447,1
975,100,4.373464281670749,3.7609322536736727,0.6125320279970765,1
976,100,4.375252171885222,3.5329579333774745,0.8422942385077477,1
977,100,4.426130200037733,3.6673366117756814,0.7587935882620513,1
978,100,4.3552030199207366,3.697266186121851,0.6579368337988853,1
979,100,4.452634809436859,3.765842242995859,0.6867925664409995,1
980,100,4.035600112751126,2.9738645311445,1.0617355816066265,1
981,100,4.482679309090599,4.058783219894394,0.42389608919620514,1
982,100,4.427075089421123,4.12027578195557,0.3067993074655533,1
983,100,4.345927955815569,3.51492091990076,0.8310070359148085,1
984,100,4.747815172187984,3.8008722281083465,0.9469429440796375,2
985,100,4.580139285419136,3.96339408820495,0.6167451972141862,1
986,100,4.49740043329075,3.7697253483347595,0.7276750849559903,1
987,100,4.276654331944883,3.8587486357428133,0.4179056962020695,1
988,100,4.525303701404482,3.3839216181077063,1.1413820832967758,2
989,100,4.401567451190203,3.643108509015292,0.7584589421749115,1
990,100,4.472371937241405,4.003595719579607,0.468776217661798,1
991,100,4.3597111328999745,3.8945340039063012,0.46517712899367325,1
992,1,4.056006671395153,4.027781638782471,0.02822503261268139,1
993,1,4.447746485006064,4.414266399573535,0.03348008543252945,1
994,1,4.526778515428305,4.478166665881872,0.048611849546432495,1
995,1,4.675476469274145,4.603298127476592,0.072178341797553,1
996,1,4.323249393724836,4.313623030087911,0.009626363636925817,1
997,1,4.4572229334153235,4.219020582269877,0.2382023511454463,1
998,1,4.466545173432678,4.133292766753584,0.33325240667909384,1
999,1,4.448976432904601,3.97733916901052,0.4716372638940811,1
992,10,4.056006671395153,3.5988916414789855,0.45711502991616726,1
993,10,4.447746485006064,4.2874304871074855,0.16031599789857864,1
994,10,4.526778515428305,4.295656871050596,0.23112164437770844,1
995,10,4.675476469274145,4.1468755241367035,0.5286009451374412,1
996,10,4.323249393724836,4.25096641422715,0.07228297949768603,1
997,10,4.4572229334153235,4.102360780816525,0.3548621525987983,1
998,10,4.466545173432678,4.019796246197075,0.44674892723560333,1
999,10,4.448976432904601,3.7685204576700926,0.6804559752345085,1
992,100,4.056006671395153,3.371060157660395,0.6849465137347579,1
993,100,4.447746485006064,3.976235299836844,0.47151118516921997,1
994,100,4.526778515428305,4.066535048186779,0.46024346724152565,1
995,100,4.675476469274145,3.6782091624918394,0.9972673067823052,2
996,100,4.323249393724836,4.127113483264111,0.19613591046072543,1
997,100,4.4572229334153235,3.8118223384954035,0.64540059491992,1
998,100,4.466545173432678,3.7095600715838373,0.7569851018488407,1
999,100,4.448976432904601,3.4399253968149424,1.0090510360896587,1
