method,clusters,router,setting_id,top_k,probes,repetitions,measurements,complete_processes,complete,qualified,recall,p50_ms,p95_ms,total_query_ms,process_p50_median_ms,process_p50_min_ms,process_p50_max_ms,logical_index_bytes,lifetime_peak_bytes,mean_documents_scored,mean_nodes,mean_bitplane_words,mean_leaf_words,mean_prefix_levels,mean_prefix_lookups,mean_final_depth,exploration,seed,leaf_size,node_budget,prefer_deeper_ties,start_depth,candidate_target
scan,1,,main-s00000,1,1,1,1000,1,True,True,1.0,2.4842709990480216,2.5692291510495124,2493.4224739772617,2.4842709990480216,2.4842709990480216,2.4842709990480216,8366896,71467008,522931.0,0.0,0.0,0.0,0.0,0.0,0.0,,,,,,,
scan,64,/Users/vinroger/DATA/STUDY/latihan/about/exa-interview/e2e-inverted-bitplane-project/data/prefix-study-2026-09-13/pools/qwen-quora-d32/routers/ivf-64-seed42,main-s00042,100,38,1,1000,1,True,True,0.99016,1.5251665008690907,1.6052035522079677,1524.173068915843,1.5251665008690907,1.5251665008690907,1.5251665008690907,8366896,74825728,311976.533,0.0,0.0,0.0,0.0,0.0,0.0,,,,,,,
scan,64,/Users/vinroger/DATA/STUDY/latihan/about/exa-interview/e2e-inverted-bitplane-project/data/prefix-study-2026-09-13/pools/qwen-quora-d32/routers/ivf-64-seed42,main-s00041,100,23,1,1000,1,True,True,0.95488,0.9513539989711717,1.0257350993924774,948.7402509294043,0.9513539989711717,0.9513539989711717,0.9513539989711717,8366896,74825728,190586.597,0.0,0.0,0.0,0.0,0.0,0.0,,,,,,,
scan,64,/Users/vinroger/DATA/STUDY/latihan/about/exa-interview/e2e-inverted-bitplane-project/data/prefix-study-2026-09-13/pools/qwen-quora-d32/routers/ivf-64-seed42,main-s00034,1,9,1,1000,1,True,True,0.907,0.3615005007304717,0.43151040063094115,362.972773018555,0.3615005007304717,0.3615005007304717,0.3615005007304717,8366896,74825728,75866.901,0.0,0.0,0.0,0.0,0.0,0.0,,,,,,,
scan,1024,/Users/vinroger/DATA/STUDY/latihan/about/exa-interview/e2e-inverted-bitplane-project/data/prefix-study-2026-09-13/pools/qwen-quora-d32/routers/ivf-1024-seed42,main-s00235,100,510,1,1000,1,True,True,0.99504,1.3514579986804165,1.427677750325529,1359.4565280109236,1.3514579986804165,1.3514579986804165,1.3514579986804165,8366896,78839808,260571.38,0.0,0.0,0.0,0.0,0.0,0.0,,,,,,,
scan,1024,/Users/vinroger/DATA/STUDY/latihan/about/exa-interview/e2e-inverted-bitplane-project/data/prefix-study-2026-09-13/pools/qwen-quora-d32/routers/ivf-1024-seed42,main-s00233,100,213,1,1000,1,True,True,0.9504,0.6044170004315674,0.6507583502752823,604.6905010152841,0.6044170004315674,0.6044170004315674,0.6044170004315674,8366896,78839808,109362.477,0.0,0.0,0.0,0.0,0.0,0.0,,,,,,,
scan,1024,/Users/vinroger/DATA/STUDY/latihan/about/exa-interview/e2e-inverted-bitplane-project/data/prefix-study-2026-09-13/pools/qwen-quora-d32/routers/ivf-1024-seed42,main-s00224,1,4,1,1000,1,True,True,0.537,0.018750000890577212,0.022502100182464343,18.936938027763972,0.018750000890577212,0.018750000890577212,0.018750000890577212,8366896,78839808,2160.308,0.0,0.0,0.0,0.0,0.0,0.0,,,,,,,
scan,4096,/Users/vinroger/DATA/STUDY/latihan/about/exa-interview/e2e-inverted-bitplane-project/data/prefix-study-2026-09-13/pools/qwen-quora-d32/routers/ivf-4096-seed42,main-s00420,1,860,1,1000,1,True,True,0.99,0.7524579996243119,0.8021437497518491,753.4753699692374,0.7524579996243119,0.7524579996243119,0.7524579996243119,8366896,76283904,110485.681,0.0,0.0,0.0,0.0,0.0,0.0,,,,,,,
scan,4096,/Users/vinroger/DATA/STUDY/latihan/about/exa-interview/e2e-inverted-bitplane-project/data/prefix-study-2026-09-13/pools/qwen-quora-d32/routers/ivf-4096-seed42,main-s00427,100,1724,1,1000,1,True,True,0.99501,1.4502920002996689,1.521633299489622,1451.752111031965,1.4502920002996689,1.4502920002996689,1.4502920002996689,8366896,76283904,220478.628,0.0,0.0,0.0,0.0,0.0,0.0,,,,,,,
scan,4096,/Users/vinroger/DATA/STUDY/latihan/about/exa-interview/e2e-inverted-bitplane-project/data/prefix-study-2026-09-13/pools/qwen-quora-d32/routers/ivf-4096-seed42,main-s00417,1,65,1,1000,1,True,True,0.801,0.07731250116194133,0.08612915098638041,77.73343296139501,0.07731250116194133,0.07731250116194133,0.07731250116194133,8366896,76283904,8569.049,0.0,0.0,0.0,0.0,0.0,0.0,,,,,,,
scan,1,,main-s00001,100,1,1,1000,1,True,True,1.0,2.541500001825625,2.60730689697084,2552.4568620094215,2.541500001825625,2.541500001825625,2.541500001825625,8366896,71319552,522931.0,0.0,0.0,0.0,0.0,0.0,0.0,,,,,,,
scan,64,/Users/vinroger/DATA/STUDY/latihan/about/exa-interview/e2e-inverted-bitplane-project/data/prefix-study-2026-09-13/pools/qwen-quora-d32/routers/ivf-64-seed42,main-s00037,1,38,1,1000,1,True,True,0.995,1.4842920008959481,1.5677875015171594,1486.1612051063275,1.4842920008959481,1.4842920008959481,1.4842920008959481,8366896,75186176,311976.533,0.0,0.0,0.0,0.0,0.0,0.0,,,,,,,
scan,64,/Users/vinroger/DATA/STUDY/latihan/about/exa-interview/e2e-inverted-bitplane-project/data/prefix-study-2026-09-13/pools/qwen-quora-d32/routers/ivf-64-seed42,main-s00036,1,33,1,1000,1,True,True,0.99,1.2891254991700407,1.3673444000232848,1290.6205850376864,1.2891254991700407,1.2891254991700407,1.2891254991700407,8366896,75186176,271703.165,0.0,0.0,0.0,0.0,0.0,0.0,,,,,,,
scan,64,/Users/vinroger/DATA/STUDY/latihan/about/exa-interview/e2e-inverted-bitplane-project/data/prefix-study-2026-09-13/pools/qwen-quora-d32/routers/ivf-64-seed42,main-s00043,100,44,1,1000,1,True,True,0.9952,1.754145998347667,1.8354901993006933,1756.2510589777958,1.754145998347667,1.754145998347667,1.754145998347667,8366896,75186176,360575.633,0.0,0.0,0.0,0.0,0.0,0.0,,,,,,,
scan,1024,/Users/vinroger/DATA/STUDY/latihan/about/exa-interview/e2e-inverted-bitplane-project/data/prefix-study-2026-09-13/pools/qwen-quora-d32/routers/ivf-1024-seed42,main-s00228,1,326,1,1000,1,True,True,0.99,0.8438960012426833,0.8955860485002631,843.8113749798504,0.8438960012426833,0.8438960012426833,0.8438960012426833,8366896,78381056,167060.878,0.0,0.0,0.0,0.0,0.0,0.0,,,,,,,
scan,1024,/Users/vinroger/DATA/STUDY/latihan/about/exa-interview/e2e-inverted-bitplane-project/data/prefix-study-2026-09-13/pools/qwen-quora-d32/routers/ivf-1024-seed42,main-s00225,1,30,1,1000,1,True,True,0.806,0.08781250107858796,0.1000062475213781,87.70441194428713,0.08781250107858796,0.08781250107858796,0.08781250107858796,8366896,78381056,15645.096,0.0,0.0,0.0,0.0,0.0,0.0,,,,,,,
scan,1024,/Users/vinroger/DATA/STUDY/latihan/about/exa-interview/e2e-inverted-bitplane-project/data/prefix-study-2026-09-13/pools/qwen-quora-d32/routers/ivf-1024-seed42,main-s00229,1,353,1,1000,1,True,True,0.995,0.9125414999289205,0.9690083506939118,916.0139320410963,0.9125414999289205,0.9125414999289205,0.9125414999289205,8366896,78381056,180821.831,0.0,0.0,0.0,0.0,0.0,0.0,,,,,,,
scan,4096,/Users/vinroger/DATA/STUDY/latihan/about/exa-interview/e2e-inverted-bitplane-project/data/prefix-study-2026-09-13/pools/qwen-quora-d32/routers/ivf-4096-seed42,main-s00421,1,1136,1,1000,1,True,True,0.995,0.9840000002441229,1.0398187509053969,984.0586169557355,0.9840000002441229,0.9840000002441229,0.9840000002441229,8366896,76595200,145652.988,0.0,0.0,0.0,0.0,0.0,0.0,,,,,,,
scan,4096,/Users/vinroger/DATA/STUDY/latihan/about/exa-interview/e2e-inverted-bitplane-project/data/prefix-study-2026-09-13/pools/qwen-quora-d32/routers/ivf-4096-seed42,main-s00424,100,411,1,1000,1,True,True,0.90025,0.4302084980736254,0.4626625010132556,430.2274559631769,0.4302084980736254,0.4302084980736254,0.4302084980736254,8366896,76595200,53055.122,0.0,0.0,0.0,0.0,0.0,0.0,,,,,,,
scan,4096,/Users/vinroger/DATA/STUDY/latihan/about/exa-interview/e2e-inverted-bitplane-project/data/prefix-study-2026-09-13/pools/qwen-quora-d32/routers/ivf-4096-seed42,main-s00426,100,1398,1,1000,1,True,True,0.99,1.2202295001770835,1.2964809016921208,1222.7463519593584,1.2202295001770835,1.2202295001770835,1.2202295001770835,8366896,76595200,179006.372,0.0,0.0,0.0,0.0,0.0,0.0,,,,,,,
scan,64,/Users/vinroger/DATA/STUDY/latihan/about/exa-interview/e2e-inverted-bitplane-project/data/prefix-study-2026-09-13/pools/qwen-quora-d32/routers/ivf-64-seed42,main-s00038,100,3,1,1000,1,True,True,0.57577,0.15964600061124656,0.2081354021356674,163.71552399505163,0.15964600061124656,0.15964600061124656,0.15964600061124656,8366896,74874880,25745.518,0.0,0.0,0.0,0.0,0.0,0.0,,,,,,,
scan,64,/Users/vinroger/DATA/STUDY/latihan/about/exa-interview/e2e-inverted-bitplane-project/data/prefix-study-2026-09-13/pools/qwen-quora-d32/routers/ivf-64-seed42,main-s00033,1,5,1,1000,1,True,True,0.822,0.20037500144098885,0.2628086502227234,204.79346998763504,0.20037500144098885,0.20037500144098885,0.20037500144098885,8366896,74874880,42530.179,0.0,0.0,0.0,0.0,0.0,0.0,,,,,,,
scan,64,/Users/vinroger/DATA/STUDY/latihan/about/exa-interview/e2e-inverted-bitplane-project/data/prefix-study-2026-09-13/pools/qwen-quora-d32/routers/ivf-64-seed42,main-s00032,1,2,1,1000,1,True,True,0.621,0.08118749974528328,0.11890799887623864,85.00344401181792,0.08118749974528328,0.08118749974528328,0.08118749974528328,8366896,74874880,17297.774,0.0,0.0,0.0,0.0,0.0,0.0,,,,,,,
scan,1024,/Users/vinroger/DATA/STUDY/latihan/about/exa-interview/e2e-inverted-bitplane-project/data/prefix-study-2026-09-13/pools/qwen-quora-d32/routers/ivf-1024-seed42,main-s00230,100,12,1,1000,1,True,True,0.50469,0.06629199924645945,0.0775440475990763,66.42383293728926,0.06629199924645945,0.06629199924645945,0.06629199924645945,8366896,78561280,6357.221,0.0,0.0,0.0,0.0,0.0,0.0,,,,,,,
scan,1024,/Users/vinroger/DATA/STUDY/latihan/about/exa-interview/e2e-inverted-bitplane-project/data/prefix-study-2026-09-13/pools/qwen-quora-d32/routers/ivf-1024-seed42,main-s00232,100,133,1,1000,1,True,True,0.90029,0.39052100146363955,0.42563539936963934,390.79950889208703,0.39052100146363955,0.39052100146363955,0.39052100146363955,8366896,78561280,68494.75,0.0,0.0,0.0,0.0,0.0,0.0,,,,,,,
scan,1024,/Users/vinroger/DATA/STUDY/latihan/about/exa-interview/e2e-inverted-bitplane-project/data/prefix-study-2026-09-13/pools/qwen-quora-d32/routers/ivf-1024-seed42,main-s00234,100,419,1,1000,1,True,True,0.99006,1.1183335009263828,1.1801416501839412,1117.774234029639,1.1183335009263828,1.1183335009263828,1.1183335009263828,8366896,78561280,214374.115,0.0,0.0,0.0,0.0,0.0,0.0,,,,,,,
scan,4096,/Users/vinroger/DATA/STUDY/latihan/about/exa-interview/e2e-inverted-bitplane-project/data/prefix-study-2026-09-13/pools/qwen-quora-d32/routers/ivf-4096-seed42,main-s00422,100,33,1,1000,1,True,True,0.50089,0.07058349910948891,0.08012499893084168,70.99157801349065,0.07058349910948891,0.07058349910948891,0.07058349910948891,8366896,76562432,4390.982,0.0,0.0,0.0,0.0,0.0,0.0,,,,,,,
scan,4096,/Users/vinroger/DATA/STUDY/latihan/about/exa-interview/e2e-inverted-bitplane-project/data/prefix-study-2026-09-13/pools/qwen-quora-d32/routers/ivf-4096-seed42,main-s00419,1,344,1,1000,1,True,True,0.95,0.3346459998283535,0.36383720180310775,334.89547106728423,0.3346459998283535,0.3346459998283535,0.3346459998283535,8366896,76562432,44474.095,0.0,0.0,0.0,0.0,0.0,0.0,,,,,,,
scan,4096,/Users/vinroger/DATA/STUDY/latihan/about/exa-interview/e2e-inverted-bitplane-project/data/prefix-study-2026-09-13/pools/qwen-quora-d32/routers/ivf-4096-seed42,main-s00418,1,175,1,1000,1,True,True,0.901,0.18710400036070496,0.20845799754170002,187.94058614003006,0.18710400036070496,0.18710400036070496,0.18710400036070496,8366896,76562432,22767.701,0.0,0.0,0.0,0.0,0.0,0.0,,,,,,,
scan,64,/Users/vinroger/DATA/STUDY/latihan/about/exa-interview/e2e-inverted-bitplane-project/data/prefix-study-2026-09-13/pools/qwen-quora-d32/routers/ivf-64-seed42,main-s00035,1,16,1,1000,1,True,True,0.953,0.6395419986802153,0.710216348124959,636.7090598869254,0.6395419986802153,0.6395419986802153,0.6395419986802153,8366896,74907648,133314.713,0.0,0.0,0.0,0.0,0.0,0.0,,,,,,,
scan,64,/Users/vinroger/DATA/STUDY/latihan/about/exa-interview/e2e-inverted-bitplane-project/data/prefix-study-2026-09-13/pools/qwen-quora-d32/routers/ivf-64-seed42,main-s00039,100,9,1,1000,1,True,True,0.81261,0.40447950050293,0.47816904952924233,406.79437297876575,0.40447950050293,0.40447950050293,0.40447950050293,8366896,74907648,75866.901,0.0,0.0,0.0,0.0,0.0,0.0,,,,,,,
scan,64,/Users/vinroger/DATA/STUDY/latihan/about/exa-interview/e2e-inverted-bitplane-project/data/prefix-study-2026-09-13/pools/qwen-quora-d32/routers/ivf-64-seed42,main-s00040,100,15,1,1000,1,True,True,0.90168,0.6395414984581294,0.7120964482965064,638.0328879895387,0.6395414984581294,0.6395414984581294,0.6395414984581294,8366896,74907648,125114.888,0.0,0.0,0.0,0.0,0.0,0.0,,,,,,,
scan,1024,/Users/vinroger/DATA/STUDY/latihan/about/exa-interview/e2e-inverted-bitplane-project/data/prefix-study-2026-09-13/pools/qwen-quora-d32/routers/ivf-1024-seed42,main-s00226,1,65,1,1000,1,True,True,0.902,0.1828125004976755,0.20149999927525641,181.81084100797307,0.1828125004976755,0.1828125004976755,0.1828125004976755,8366896,78479360,33675.652,0.0,0.0,0.0,0.0,0.0,0.0,,,,,,,
scan,1024,/Users/vinroger/DATA/STUDY/latihan/about/exa-interview/e2e-inverted-bitplane-project/data/prefix-study-2026-09-13/pools/qwen-quora-d32/routers/ivf-1024-seed42,main-s00227,1,125,1,1000,1,True,True,0.95,0.33641700065345503,0.37162499957048567,336.4081699801318,0.33641700065345503,0.33641700065345503,0.33641700065345503,8366896,78479360,64408.865,0.0,0.0,0.0,0.0,0.0,0.0,,,,,,,
scan,1024,/Users/vinroger/DATA/STUDY/latihan/about/exa-interview/e2e-inverted-bitplane-project/data/prefix-study-2026-09-13/pools/qwen-quora-d32/routers/ivf-1024-seed42,main-s00231,100,68,1,1000,1,True,True,0.80102,0.21956300042802468,0.24429820114164613,219.96197392581962,0.21956300042802468,0.21956300042802468,0.21956300042802468,8366896,78479360,35192.908,0.0,0.0,0.0,0.0,0.0,0.0,,,,,,,
scan,4096,/Users/vinroger/DATA/STUDY/latihan/about/exa-interview/e2e-inverted-bitplane-project/data/prefix-study-2026-09-13/pools/qwen-quora-d32/routers/ivf-4096-seed42,main-s00416,1,7,1,1000,1,True,True,0.508,0.022625001292908564,0.02474999928381294,22.847476015158463,0.022625001292908564,0.022625001292908564,0.022625001292908564,8366896,76300288,957.358,0.0,0.0,0.0,0.0,0.0,0.0,,,,,,,
scan,4096,/Users/vinroger/DATA/STUDY/latihan/about/exa-interview/e2e-inverted-bitplane-project/data/prefix-study-2026-09-13/pools/qwen-quora-d32/routers/ivf-4096-seed42,main-s00425,100,671,1,1000,1,True,True,0.95011,0.6376875007845229,0.6804378006563638,637.8059690250666,0.6376875007845229,0.6376875007845229,0.6376875007845229,8366896,76300288,86314.941,0.0,0.0,0.0,0.0,0.0,0.0,,,,,,,
scan,4096,/Users/vinroger/DATA/STUDY/latihan/about/exa-interview/e2e-inverted-bitplane-project/data/prefix-study-2026-09-13/pools/qwen-quora-d32/routers/ivf-4096-seed42,main-s00423,100,201,1,1000,1,True,True,0.80013,0.24014599875954445,0.26208509825664805,240.53861403444898,0.24014599875954445,0.24014599875954445,0.24014599875954445,8366896,76300288,26122.829,0.0,0.0,0.0,0.0,0.0,0.0,,,,,,,
branch,1,,main-s00004,1,1,1,1000,1,True,True,1.0,0.16381249952246435,0.4621854490324037,207.29416703034076,0.16381249952246435,0.16381249952246435,0.16381249952246435,10458672,72499200,47.194,25.369,187148.584,20141.515,0.0,0.0,0.0,0,42,32,8192,False,,
prefix,1,,main-s00027,100,1,1,1000,1,True,True,0.0081,0.004270501449354924,0.005666999641107395,4.516071068792371,0.004270501449354924,0.004270501449354924,0.004270501449354924,10458620,71630848,3.05,0.0,0.0,0.0,9.119,18.238,23.881,,,,,,32,1
branch,64,/Users/vinroger/DATA/STUDY/latihan/about/exa-interview/e2e-inverted-bitplane-project/data/prefix-study-2026-09-13/pools/qwen-quora-d32/routers/ivf-64-seed42,main-s00101,100,23,1,1000,1,True,True,0.95488,0.4722494995803572,1.0749812483481944,522.9395249552908,0.4722494995803572,0.4722494995803572,0.4722494995803572,10465840,77299712,5183.668,1280.675,129743.228,40031.413,0.0,0.0,0.0,0,42,32,8192,True,,
branch,64,/Users/vinroger/DATA/STUDY/latihan/about/exa-interview/e2e-inverted-bitplane-project/data/prefix-study-2026-09-13/pools/qwen-quora-d32/routers/ivf-64-seed42,main-s00088,100,9,1,1000,1,True,True,0.81261,0.2535625026212074,0.557295851285744,282.2026290159556,0.2535625026212074,0.2535625026212074,0.2535625026212074,10465840,77299712,2979.139,694.171,70222.834,22842.102,0.0,0.0,0.0,0,42,32,8192,False,,
branch,64,/Users/vinroger/DATA/STUDY/latihan/about/exa-interview/e2e-inverted-bitplane-project/data/prefix-study-2026-09-13/pools/qwen-quora-d32/routers/ivf-64-seed42,main-s00111,100,44,1,1000,1,True,True,0.71805,0.19945850181102287,0.22233925101318164,201.1044489845517,0.19945850181102287,0.19945850181102287,0.19945850181102287,10465840,77299712,1035.51,511.632,59042.008,7609.558,0.0,0.0,0.0,0,42,32,512,True,,
prefix,64,/Users/vinroger/DATA/STUDY/latihan/about/exa-interview/e2e-inverted-bitplane-project/data/prefix-study-2026-09-13/pools/qwen-quora-d32/routers/ivf-64-seed42,main-s00135,1,9,1,1000,1,True,True,0.907,0.352604500221787,0.42137709988310235,353.68585101969074,0.352604500221787,0.352604500221787,0.352604500221787,10458620,74924032,75866.901,0.0,0.0,0.0,2.0,18.0,0.0,,,,,,1,261465
prefix,64,/Users/vinroger/DATA/STUDY/latihan/about/exa-interview/e2e-inverted-bitplane-project/data/prefix-study-2026-09-13/pools/qwen-quora-d32/routers/ivf-64-seed42,main-s00182,100,9,1,1000,1,True,True,0.231,0.0410209995607147,0.07443574922945116,47.6084419824474,0.0410209995607147,0.0410209995607147,0.0410209995607147,10458620,74924032,2581.858,0.0,0.0,0.0,9.144,164.592,7.856,,,,,,16,1000
prefix,64,/Users/vinroger/DATA/STUDY/latihan/about/exa-interview/e2e-inverted-bitplane-project/data/prefix-study-2026-09-13/pools/qwen-quora-d32/routers/ivf-64-seed42,main-s00213,100,38,1,1000,1,True,True,0.54011,0.30597899967688136,0.5007600999306305,283.0232959604473,0.30597899967688136,0.30597899967688136,0.30597899967688136,10458620,74924032,50176.975,0.0,0.0,0.0,1.003,76.228,3.997,,,,,,4,100
branch,1024,/Users/vinroger/DATA/STUDY/latihan/about/exa-interview/e2e-inverted-bitplane-project/data/prefix-study-2026-09-13/pools/qwen-quora-d32/routers/ivf-1024-seed42,main-s00250,1,65,1,1000,1,True,True,0.902,0.1661454989516642,0.21968154942442197,169.1459609901358,0.1661454989516642,0.1661454989516642,0.1661454989516642,10587184,81035264,1335.555,660.592,5173.087,626.045,0.0,0.0,0.0,0,42,32,8192,False,,
branch,1024,/Users/vinroger/DATA/STUDY/latihan/about/exa-interview/e2e-inverted-bitplane-project/data/prefix-study-2026-09-13/pools/qwen-quora-d32/routers/ivf-1024-seed42,main-s00302,100,510,1,1000,1,True,True,0.95546,1.9017709983017994,1.991089251532685,1795.8014480391284,1.9017709983017994,1.9017709983017994,1.9017709983017994,10587184,81035264,6412.928,7616.045,53322.421,12610.219,0.0,0.0,0.0,0,42,8,8192,True,,
branch,1024,/Users/vinroger/DATA/STUDY/latihan/about/exa-interview/e2e-inverted-bitplane-project/data/prefix-study-2026-09-13/pools/qwen-quora-d32/routers/ivf-1024-seed42,main-s00296,100,419,1,1000,1,True,True,0.9606,1.8730000010691583,1.9698166994203348,1730.2675810024084,1.8730000010691583,1.8730000010691583,1.8730000010691583,10587184,81035264,6469.275,7389.923,51347.144,12721.117,0.0,0.0,0.0,0,42,8,8192,True,,
prefix,1024,/Users/vinroger/DATA/STUDY/latihan/about/exa-interview/e2e-inverted-bitplane-project/data/prefix-study-2026-09-13/pools/qwen-quora-d32/routers/ivf-1024-seed42,main-s00376,100,68,1,1000,1,True,True,0.10613,0.08058300045377109,0.09685594868642508,82.61231493816013,0.08058300045377109,0.08058300045377109,0.08058300045377109,10458620,76562432,484.796,0.0,0.0,0.0,21.052,2863.072,11.948,,,,,,32,100
prefix,1024,/Users/vinroger/DATA/STUDY/latihan/about/exa-interview/e2e-inverted-bitplane-project/data/prefix-study-2026-09-13/pools/qwen-quora-d32/routers/ivf-1024-seed42,main-s00382,100,133,1,1000,1,True,True,0.64021,0.1961664984264644,0.3109627992671448,205.73266203791718,0.1961664984264644,0.1961664984264644,0.1961664984264644,10458620,76562432,23640.112,0.0,0.0,0.0,1.912,508.592,3.088,,,,,,4,10000
prefix,1024,/Users/vinroger/DATA/STUDY/latihan/about/exa-interview/e2e-inverted-bitplane-project/data/prefix-study-2026-09-13/pools/qwen-quora-d32/routers/ivf-1024-seed42,main-s00366,100,12,1,1000,1,True,True,0.01012,0.01606250043550972,0.019583053290261887,16.492427988850977,0.01606250043550972,0.01606250043550972,0.01606250043550972,10458620,76562432,14.604,0.0,0.0,0.0,11.542,277.008,21.458,,,,,,32,1
branch,4096,/Users/vinroger/DATA/STUDY/latihan/about/exa-interview/e2e-inverted-bitplane-project/data/prefix-study-2026-09-13/pools/qwen-quora-d32/routers/ivf-4096-seed42,main-s00443,1,175,1,1000,1,True,True,0.901,0.3205419998266734,0.4112788486963836,323.9593579201028,0.3205419998266734,0.3205419998266734,0.3205419998266734,10969392,78970880,3366.559,1282.712,2905.851,451.086,0.0,0.0,0.0,0,42,32,8192,True,,
branch,4096,/Users/vinroger/DATA/STUDY/latihan/about/exa-interview/e2e-inverted-bitplane-project/data/prefix-study-2026-09-13/pools/qwen-quora-d32/routers/ivf-4096-seed42,main-s00493,100,1398,1,1000,1,True,True,0.99,1.3944584989076247,1.4637205020335387,1393.8677290607302,1.3944584989076247,1.3944584989076247,1.3944584989076247,10969392,78970880,179006.372,1398.0,0.0,3479.669,0.0,0.0,0.0,0,42,2048,8192,False,,
branch,4096,/Users/vinroger/DATA/STUDY/latihan/about/exa-interview/e2e-inverted-bitplane-project/data/prefix-study-2026-09-13/pools/qwen-quora-d32/routers/ivf-4096-seed42,main-s00442,1,175,1,1000,1,True,True,0.901,0.3244580002501607,0.41573785019863857,327.8589479959919,0.3244580002501607,0.3244580002501607,0.3244580002501607,10969392,78970880,3366.559,1282.712,2905.851,451.086,0.0,0.0,0.0,0,42,32,8192,False,,
prefix,4096,/Users/vinroger/DATA/STUDY/latihan/about/exa-interview/e2e-inverted-bitplane-project/data/prefix-study-2026-09-13/pools/qwen-quora-d32/routers/ivf-4096-seed42,main-s00566,100,201,1,1000,1,True,True,0.28711,0.18089549848809838,0.22208895243238652,185.04040608240757,0.18089549848809838,0.18089549848809838,0.18089549848809838,10458620,76103680,1964.041,0.0,0.0,0.0,10.187,4095.174,6.813,,,,,,16,1000
prefix,4096,/Users/vinroger/DATA/STUDY/latihan/about/exa-interview/e2e-inverted-bitplane-project/data/prefix-study-2026-09-13/pools/qwen-quora-d32/routers/ivf-4096-seed42,main-s00525,1,175,1,1000,1,True,True,0.706,0.11829149843833875,0.14975835147197358,120.16289304301608,0.11829149843833875,0.11829149843833875,0.11829149843833875,10458620,76103680,5786.763,0.0,0.0,0.0,1.101,385.35,3.899,,,,,,4,100
prefix,4096,/Users/vinroger/DATA/STUDY/latihan/about/exa-interview/e2e-inverted-bitplane-project/data/prefix-study-2026-09-13/pools/qwen-quora-d32/routers/ivf-4096-seed42,main-s00531,1,344,1,1000,1,True,True,0.165,0.20858350217167754,0.27263395204499824,208.99920402371208,0.20858350217167754,0.20858350217167754,0.20858350217167754,10458620,76103680,2.387,0.0,0.0,0.0,9.682,6661.216,23.318,,,,,,32,1
branch,1,,main-s00010,100,1,1,1000,1,True,True,1.0,2.017833501668065,5.523331248150497,2481.561894001061,2.017833501668065,2.017833501668065,2.017833501668065,10458672,136790016,1094.802,246.422,1536360.446,477153.716,0.0,0.0,0.0,0,42,32,8192,False,,
prefix,1,,main-s00023,100,1,1,1000,1,True,True,1.0,2.554791499278508,2.625722901939298,2561.31791010921,2.554791499278508,2.554791499278508,2.554791499278508,10458620,72024064,522931.0,0.0,0.0,0.0,1.0,0.0,0.0,,,,,,0,0
branch,64,/Users/vinroger/DATA/STUDY/latihan/about/exa-interview/e2e-inverted-bitplane-project/data/prefix-study-2026-09-13/pools/qwen-quora-d32/routers/ivf-64-seed42,main-s00050,1,5,1,1000,1,True,True,0.822,0.035062499591731466,0.07200210238806903,39.734985075483564,0.035062499591731466,0.035062499591731466,0.035062499591731466,10465840,77447168,49.062,107.828,13172.078,1350.306,0.0,0.0,0.0,0,42,8,8192,True,,
branch,64,/Users/vinroger/DATA/STUDY/latihan/about/exa-interview/e2e-inverted-bitplane-project/data/prefix-study-2026-09-13/pools/qwen-quora-d32/routers/ivf-64-seed42,main-s00097,100,15,1,1000,1,True,True,0.90168,0.36579150037141517,0.6602080493394169,381.7084190523019,0.36579150037141517,0.36579150037141517,0.36579150037141517,10465840,77447168,49001.791,132.572,11900.372,6211.74,0.0,0.0,0.0,0,42,2048,8192,False,,
branch,64,/Users/vinroger/DATA/STUDY/latihan/about/exa-interview/e2e-inverted-bitplane-project/data/prefix-study-2026-09-13/pools/qwen-quora-d32/routers/ivf-64-seed42,main-s00086,100,9,1,1000,1,True,True,0.81261,0.37010449887020513,0.852312849019654,424.03719399953843,0.37010449887020513,0.37010449887020513,0.37010449887020513,10465840,77447168,1280.036,1200.386,123435.664,36807.584,0.0,0.0,0.0,0,42,8,8192,True,,
prefix,64,/Users/vinroger/DATA/STUDY/latihan/about/exa-interview/e2e-inverted-bitplane-project/data/prefix-study-2026-09-13/pools/qwen-quora-d32/routers/ivf-64-seed42,main-s00201,100,23,1,1000,1,True,True,0.00816,0.019999999494757503,0.0295103989628842,20.300896085245768,0.019999999494757503,0.019999999494757503,0.019999999494757503,10458620,75120640,2.687,0.0,0.0,0.0,9.354,430.284,23.646,,,,,,32,1
prefix,64,/Users/vinroger/DATA/STUDY/latihan/about/exa-interview/e2e-inverted-bitplane-project/data/prefix-study-2026-09-13/pools/qwen-quora-d32/routers/ivf-64-seed42,main-s00148,1,16,1,1000,1,True,True,0.353,0.024895500246202573,0.030082999728620052,25.305902025138494,0.024895500246202573,0.024895500246202573,0.024895500246202573,10458620,75120640,269.295,0.0,0.0,0.0,19.501,624.032,13.499,,,,,,32,100
prefix,64,/Users/vinroger/DATA/STUDY/latihan/about/exa-interview/e2e-inverted-bitplane-project/data/prefix-study-2026-09-13/pools/qwen-quora-d32/routers/ivf-64-seed42,main-s00123,1,2,1,1000,1,True,True,0.499,0.02304150075360667,0.04923094984405905,25.182831974234432,0.02304150075360667,0.02304150075360667,0.02304150075360667,10458620,75120640,4138.546,0.0,0.0,0.0,1.106,4.424,3.894,,,,,,4,100
branch,1024,/Users/vinroger/DATA/STUDY/latihan/about/exa-interview/e2e-inverted-bitplane-project/data/prefix-study-2026-09-13/pools/qwen-quora-d32/routers/ivf-1024-seed42,main-s00260,1,326,1,1000,1,True,True,0.99,0.7689164995099418,0.9920559507008874,782.6004130329238,0.7689164995099418,0.7689164995099418,0.7689164995099418,10587184,81117184,1470.013,3279.485,25504.98,2695.542,0.0,0.0,0.0,0,42,8,8192,True,,
branch,1024,/Users/vinroger/DATA/STUDY/latihan/about/exa-interview/e2e-inverted-bitplane-project/data/prefix-study-2026-09-13/pools/qwen-quora-d32/routers/ivf-1024-seed42,main-s00246,1,30,1,1000,1,True,True,0.806,0.07125000047381036,0.09013959879666798,72.46527999814134,0.07125000047381036,0.07125000047381036,0.07125000047381036,10587184,81117184,2556.645,230.233,1785.581,278.614,0.0,0.0,0.0,0,42,128,8192,True,,
branch,1024,/Users/vinroger/DATA/STUDY/latihan/about/exa-interview/e2e-inverted-bitplane-project/data/prefix-study-2026-09-13/pools/qwen-quora-d32/routers/ivf-1024-seed42,main-s00236,1,4,1,1000,1,True,True,0.537,0.021792002371512353,0.034258348932780784,23.34561595125706,0.021792002371512353,0.021792002371512353,0.021792002371512353,10587184,81117184,45.364,83.057,669.573,84.729,0.0,0.0,0.0,0,42,8,8192,True,,
prefix,1024,/Users/vinroger/DATA/STUDY/latihan/about/exa-interview/e2e-inverted-bitplane-project/data/prefix-study-2026-09-13/pools/qwen-quora-d32/routers/ivf-1024-seed42,main-s00408,100,510,1,1000,1,True,True,0.99504,1.4090415006648982,1.4759000001504319,1409.4771350064548,1.4090415006648982,1.4090415006648982,1.4090415006648982,10458620,76726272,260571.38,0.0,0.0,0.0,2.0,1020.0,0.0,,,,,,1,261465
prefix,1024,/Users/vinroger/DATA/STUDY/latihan/about/exa-interview/e2e-inverted-bitplane-project/data/prefix-study-2026-09-13/pools/qwen-quora-d32/routers/ivf-1024-seed42,main-s00361,1,353,1,1000,1,True,True,0.785,0.28287500026635826,0.4316542013839353,278.7633729967638,0.28287500026635826,0.28287500026635826,0.28287500026635826,10458620,76726272,35704.678,0.0,0.0,0.0,1.11,783.66,3.89,,,,,,4,1000
prefix,1024,/Users/vinroger/DATA/STUDY/latihan/about/exa-interview/e2e-inverted-bitplane-project/data/prefix-study-2026-09-13/pools/qwen-quora-d32/routers/ivf-1024-seed42,main-s00324,1,30,1,1000,1,True,True,0.644,0.03689600089273881,0.05829410001751967,38.19130194824538,0.03689600089273881,0.03689600089273881,0.03689600089273881,10458620,76726272,4062.854,0.0,0.0,0.0,1.108,66.48,3.892,,,,,,4,100
branch,4096,/Users/vinroger/DATA/STUDY/latihan/about/exa-interview/e2e-inverted-bitplane-project/data/prefix-study-2026-09-13/pools/qwen-quora-d32/routers/ivf-4096-seed42,main-s00495,100,1724,1,1000,1,True,True,0.52855,0.5097914981888607,0.5441291496026679,511.3654470333131,0.5097914981888607,0.5097914981888607,0.5097914981888607,10969392,78921728,1248.738,512.0,1184.185,160.188,0.0,0.0,0.0,0,42,32,512,True,,
branch,4096,/Users/vinroger/DATA/STUDY/latihan/about/exa-interview/e2e-inverted-bitplane-project/data/prefix-study-2026-09-13/pools/qwen-quora-d32/routers/ivf-4096-seed42,main-s00441,1,175,1,1000,1,True,True,0.792,0.16816700008348562,0.18013334993156604,168.908423926041,0.16816700008348562,0.16816700008348562,0.16816700008348562,10969392,78921728,1248.738,512.0,1184.185,160.188,0.0,0.0,0.0,0,42,32,512,True,,
branch,4096,/Users/vinroger/DATA/STUDY/latihan/about/exa-interview/e2e-inverted-bitplane-project/data/prefix-study-2026-09-13/pools/qwen-quora-d32/routers/ivf-4096-seed42,main-s00498,100,1724,1,1000,1,True,True,0.99501,1.8682920017454308,2.2562562515304307,1888.836170972354,1.8682920017454308,1.8682920017454308,1.8682920017454308,10969392,78921728,168728.819,3796.888,5753.352,5537.977,0.0,0.0,0.0,0,42,128,8192,True,,
prefix,4096,/Users/vinroger/DATA/STUDY/latihan/about/exa-interview/e2e-inverted-bitplane-project/data/prefix-study-2026-09-13/pools/qwen-quora-d32/routers/ivf-4096-seed42,main-s00553,1,1136,1,1000,1,True,True,0.783,0.5059579998487607,0.6322604011074873,499.5112700125901,0.5059579998487607,0.5059579998487607,0.5059579998487607,10458620,76201984,30056.193,0.0,0.0,0.0,1.11,2521.92,3.89,,,,,,4,1000
prefix,4096,/Users/vinroger/DATA/STUDY/latihan/about/exa-interview/e2e-inverted-bitplane-project/data/prefix-study-2026-09-13/pools/qwen-quora-d32/routers/ivf-4096-seed42,main-s00596,100,1398,1,1000,1,True,True,0.81596,0.9063755005627172,1.0173937514991849,900.236215966288,0.9063755005627172,0.9063755005627172,0.9063755005627172,10458620,76201984,96946.503,0.0,0.0,0.0,1.0,2796.0,1.0,,,,,,1,1
prefix,4096,/Users/vinroger/DATA/STUDY/latihan/about/exa-interview/e2e-inverted-bitplane-project/data/prefix-study-2026-09-13/pools/qwen-quora-d32/routers/ivf-4096-seed42,main-s00518,1,175,1,1000,1,True,True,0.901,0.18558400188339874,0.20379409870656673,186.1898370370909,0.18558400188339874,0.18558400188339874,0.18558400188339874,10458620,76201984,22767.701,0.0,0.0,0.0,1.0,0.0,0.0,,,,,,0,0
branch,1,,main-s00012,100,1,1,1000,1,True,True,1.0,1.1903955000889255,3.294683348212856,1463.9626649732236,1.1903955000889255,1.1903955000889255,1.1903955000889255,10458672,86261760,2509.0,143.802,905363.142,269643.0,0.0,0.0,0.0,0,42,128,8192,True,,
prefix,1,,main-s00031,100,1,1,1000,1,True,True,0.56797,0.4167079987382749,0.7087226011208259,414.5470090370509,0.4167079987382749,0.4167079987382749,0.4167079987382749,10458620,71712768,76096.347,0.0,0.0,0.0,1.096,2.192,3.904,,,,,,4,1000
branch,64,/Users/vinroger/DATA/STUDY/latihan/about/exa-interview/e2e-inverted-bitplane-project/data/prefix-study-2026-09-13/pools/qwen-quora-d32/routers/ivf-64-seed42,main-s00067,1,16,1,1000,1,True,True,0.953,0.15718750000814907,0.18334345240873517,157.32252390444046,0.15718750000814907,0.15718750000814907,0.15718750000814907,10465840,77529088,21461.235,90.256,10062.591,2129.009,0.0,0.0,0.0,0,42,2048,8192,False,,
branch,64,/Users/vinroger/DATA/STUDY/latihan/about/exa-interview/e2e-inverted-bitplane-project/data/prefix-study-2026-09-13/pools/qwen-quora-d32/routers/ivf-64-seed42,main-s00045,1,2,1,1000,1,True,True,0.621,0.017166499674203806,0.033343452560075086,19.314077970193466,0.017166499674203806,0.017166499674203806,0.017166499674203806,10465840,77529088,85.718,41.328,5016.969,604.338,0.0,0.0,0.0,0,42,32,512,True,,
branch,64,/Users/vinroger/DATA/STUDY/latihan/about/exa-interview/e2e-inverted-bitplane-project/data/prefix-study-2026-09-13/pools/qwen-quora-d32/routers/ivf-64-seed42,main-s00077,1,38,1,1000,1,True,True,0.995,0.15527100003964733,0.20812769871554335,162.79722695981036,0.15527100003964733,0.15527100003964733,0.15527100003964733,10465840,77529088,811.367,461.449,54273.442,5843.475,0.0,0.0,0.0,0,42,32,8192,True,,
prefix,64,/Users/vinroger/DATA/STUDY/latihan/about/exa-interview/e2e-inverted-bitplane-project/data/prefix-study-2026-09-13/pools/qwen-quora-d32/routers/ivf-64-seed42,main-s00190,100,15,1,1000,1,True,True,0.5669,0.18212450049759354,0.3158583494951016,186.5452579986595,0.18212450049759354,0.18212450049759354,0.18212450049759354,10458620,74874880,30045.616,0.0,0.0,0.0,1.468,44.04,3.532,,,,,,4,10000
prefix,64,/Users/vinroger/DATA/STUDY/latihan/about/exa-interview/e2e-inverted-bitplane-project/data/prefix-study-2026-09-13/pools/qwen-quora-d32/routers/ivf-64-seed42,main-s00211,100,38,1,1000,1,True,True,0.07602,0.05525000233319588,0.06920799933141097,56.11747301736614,0.05525000233319588,0.05525000233319588,0.05525000233319588,10458620,74874880,198.789,0.0,0.0,0.0,18.563,1410.788,14.437,,,,,,32,100
prefix,64,/Users/vinroger/DATA/STUDY/latihan/about/exa-interview/e2e-inverted-bitplane-project/data/prefix-study-2026-09-13/pools/qwen-quora-d32/routers/ivf-64-seed42,main-s00134,1,9,1,1000,1,True,True,0.907,0.35891649895347655,0.4305851007302408,361.468348033668,0.35891649895347655,0.35891649895347655,0.35891649895347655,10458620,74874880,75866.901,0.0,0.0,0.0,1.0,0.0,0.0,,,,,,0,0
branch,1024,/Users/vinroger/DATA/STUDY/latihan/about/exa-interview/e2e-inverted-bitplane-project/data/prefix-study-2026-09-13/pools/qwen-quora-d32/routers/ivf-1024-seed42,main-s00281,100,68,1,1000,1,True,True,0.80102,0.3965834985137917,0.620948202231375,401.73665006659576,0.3965834985137917,0.3965834985137917,0.3965834985137917,10587184,81051648,7481.155,1671.794,10640.427,4197.056,0.0,0.0,0.0,0,42,32,8192,True,,
branch,1024,/Users/vinroger/DATA/STUDY/latihan/about/exa-interview/e2e-inverted-bitplane-project/data/prefix-study-2026-09-13/pools/qwen-quora-d32/routers/ivf-1024-seed42,main-s00305,100,510,1,1000,1,True,True,0.99263,1.8002085016632918,2.0924229016600293,1653.2182039409236,1.8002085016632918,1.8002085016632918,1.8002085016632918,10587184,81051648,25962.586,6501.132,42250.806,14477.37,0.0,0.0,0.0,0,42,32,8192,True,,
branch,1024,/Users/vinroger/DATA/STUDY/latihan/about/exa-interview/e2e-inverted-bitplane-project/data/prefix-study-2026-09-13/pools/qwen-quora-d32/routers/ivf-1024-seed42,main-s00266,1,353,1,1000,1,True,True,0.995,0.8198750001611188,1.0481042008905204,831.1817759786209,0.8198750001611188,0.8198750001611188,0.8198750001611188,10587184,81051648,1573.538,3493.596,27131.599,2890.705,0.0,0.0,0.0,0,42,8,8192,True,,
prefix,1024,/Users/vinroger/DATA/STUDY/latihan/about/exa-interview/e2e-inverted-bitplane-project/data/prefix-study-2026-09-13/pools/qwen-quora-d32/routers/ivf-1024-seed42,main-s00330,1,65,1,1000,1,True,True,0.163,0.04429200089361984,0.06133605165814515,44.680469032755354,0.04429200089361984,0.04429200089361984,0.04429200089361984,10458620,76349440,2.494,0.0,0.0,0.0,10.004,1300.52,22.996,,,,,,32,1
prefix,1024,/Users/vinroger/DATA/STUDY/latihan/about/exa-interview/e2e-inverted-bitplane-project/data/prefix-study-2026-09-13/pools/qwen-quora-d32/routers/ivf-1024-seed42,main-s00406,100,419,1,1000,1,True,True,0.5744,0.355104499249137,0.5306857527102693,350.4117469419725,0.355104499249137,0.355104499249137,0.355104499249137,10458620,76349440,41110.349,0.0,0.0,0.0,1.11,930.18,3.89,,,,,,4,1000
prefix,1024,/Users/vinroger/DATA/STUDY/latihan/about/exa-interview/e2e-inverted-bitplane-project/data/prefix-study-2026-09-13/pools/qwen-quora-d32/routers/ivf-1024-seed42,main-s00399,100,419,1,1000,1,True,True,0.99006,1.173062499219668,1.2336940506429528,1172.324151986686,1.173062499219668,1.173062499219668,1.173062499219668,10458620,76349440,214374.115,0.0,0.0,0.0,2.0,838.0,0.0,,,,,,1,261465
branch,4096,/Users/vinroger/DATA/STUDY/latihan/about/exa-interview/e2e-inverted-bitplane-project/data/prefix-study-2026-09-13/pools/qwen-quora-d32/routers/ivf-4096-seed42,main-s00428,1,7,1,1000,1,True,True,0.508,0.035520999517757446,0.04641700070351362,36.4013320140657,0.035520999517757446,0.035520999517757446,0.035520999517757446,10969392,79036416,60.638,114.453,274.878,33.372,0.0,0.0,0.0,0,42,8,8192,True,,
branch,4096,/Users/vinroger/DATA/STUDY/latihan/about/exa-interview/e2e-inverted-bitplane-project/data/prefix-study-2026-09-13/pools/qwen-quora-d32/routers/ivf-4096-seed42,main-s00463,1,1136,1,1000,1,True,True,0.995,1.1274369990132982,1.1894622019099188,1127.6595440031087,1.1274369990132982,1.1274369990132982,1.1274369990132982,10969392,79036416,145652.988,1136.0,0.0,2830.443,0.0,0.0,0.0,0,42,2048,8192,False,,
branch,4096,/Users/vinroger/DATA/STUDY/latihan/about/exa-interview/e2e-inverted-bitplane-project/data/prefix-study-2026-09-13/pools/qwen-quora-d32/routers/ivf-4096-seed42,main-s00464,100,33,1,1000,1,True,True,0.50089,0.2406249986961484,0.3193208473021513,241.46274010126945,0.2406249986961484,0.2406249986961484,0.2406249986961484,10969392,79036416,1523.433,1264.217,2452.033,940.44,0.0,0.0,0.0,0,42,8,8192,True,,
prefix,4096,/Users/vinroger/DATA/STUDY/latihan/about/exa-interview/e2e-inverted-bitplane-project/data/prefix-study-2026-09-13/pools/qwen-quora-d32/routers/ivf-4096-seed42,main-s00550,1,1136,1,1000,1,True,True,0.356,0.9638130013627233,1.214552400415414,979.9957610412093,0.9638130013627233,0.9638130013627233,0.9638130013627233,10458620,76496896,296.641,0.0,0.0,0.0,19.061,43306.592,13.939,,,,,,32,100
prefix,4096,/Users/vinroger/DATA/STUDY/latihan/about/exa-interview/e2e-inverted-bitplane-project/data/prefix-study-2026-09-13/pools/qwen-quora-d32/routers/ivf-4096-seed42,main-s00545,1,1136,1,1000,1,True,True,0.995,0.9591459984221729,1.0156961496250005,959.1792269347934,0.9591459984221729,0.9591459984221729,0.9591459984221729,10458620,76496896,145652.988,0.0,0.0,0.0,1.0,0.0,0.0,,,,,,0,0
prefix,4096,/Users/vinroger/DATA/STUDY/latihan/about/exa-interview/e2e-inverted-bitplane-project/data/prefix-study-2026-09-13/pools/qwen-quora-d32/routers/ivf-4096-seed42,main-s00605,100,1724,1,1000,1,True,True,0.82018,1.0946040001726942,1.2045850973663619,1076.4959938642278,1.0946040001726942,1.0946040001726942,1.0946040001726942,10458620,76496896,118271.96,0.0,0.0,0.0,1.0,3448.0,1.0,,,,,,1,1
branch,1,,main-s00013,100,1,1,1000,1,True,True,1.0,0.6190830008563353,1.557364899053936,700.8647319999,0.6190830008563353,0.6190830008563353,0.6190830008563353,10458672,71270400,14561.433,48.464,301730.517,94268.827,0.0,0.0,0.0,0,42,2048,8192,False,,
prefix,1,,main-s00019,1,1,1,1000,1,True,True,0.336,0.005582998710451648,0.007336051385209428,5.7382819686608855,0.005582998710451648,0.005582998710451648,0.005582998710451648,10458620,71958528,184.951,0.0,0.0,0.0,18.28,36.56,14.72,,,,,,32,100
branch,64,/Users/vinroger/DATA/STUDY/latihan/about/exa-interview/e2e-inverted-bitplane-project/data/prefix-study-2026-09-13/pools/qwen-quora-d32/routers/ivf-64-seed42,main-s00044,1,2,1,1000,1,True,True,0.621,0.01870900086942129,0.04125414779991842,21.964857973216567,0.01870900086942129,0.01870900086942129,0.01870900086942129,10465840,77398016,28.354,53.567,6459.665,786.551,0.0,0.0,0.0,0,42,8,8192,True,,
branch,64,/Users/vinroger/DATA/STUDY/latihan/about/exa-interview/e2e-inverted-bitplane-project/data/prefix-study-2026-09-13/pools/qwen-quora-d32/routers/ivf-64-seed42,main-s00068,1,33,1,1000,1,True,True,0.99,0.15093799993337598,0.23732290192128852,162.08373991321423,0.15093799993337598,0.15093799993337598,0.15093799993337598,10465840,77398016,202.059,500.32,59686.876,5541.372,0.0,0.0,0.0,0,42,8,8192,True,,
branch,64,/Users/vinroger/DATA/STUDY/latihan/about/exa-interview/e2e-inverted-bitplane-project/data/prefix-study-2026-09-13/pools/qwen-quora-d32/routers/ivf-64-seed42,main-s00047,1,2,1,1000,1,True,True,0.621,0.01695850005489774,0.032127097438205965,19.009814965102123,0.01695850005489774,0.01695850005489774,0.01695850005489774,10465840,77398016,85.718,41.328,5016.969,604.338,0.0,0.0,0.0,0,42,32,8192,True,,
prefix,64,/Users/vinroger/DATA/STUDY/latihan/about/exa-interview/e2e-inverted-bitplane-project/data/prefix-study-2026-09-13/pools/qwen-quora-d32/routers/ivf-64-seed42,main-s00149,1,16,1,1000,1,True,True,0.874,0.3472084990789881,0.417731901325169,341.44147902406985,0.3472084990789881,0.3472084990789881,0.3472084990789881,10458620,75071488,70986.753,0.0,0.0,0.0,1.0,32.0,1.0,,,,,,1,1
prefix,64,/Users/vinroger/DATA/STUDY/latihan/about/exa-interview/e2e-inverted-bitplane-project/data/prefix-study-2026-09-13/pools/qwen-quora-d32/routers/ivf-64-seed42,main-s00220,100,44,1,1000,1,True,True,0.07467,0.06025000038789585,0.07629104857187485,61.30723306705477,0.06025000038789585,0.06025000038789585,0.06025000038789585,10458620,75071488,184.689,0.0,0.0,0.0,18.438,1622.544,14.562,,,,,,32,100
prefix,64,/Users/vinroger/DATA/STUDY/latihan/about/exa-interview/e2e-inverted-bitplane-project/data/prefix-study-2026-09-13/pools/qwen-quora-d32/routers/ivf-64-seed42,main-s00157,1,33,1,1000,1,True,True,0.347,0.04066700057592243,0.05204614990361733,41.58005499630235,0.04066700057592243,0.04066700057592243,0.04066700057592243,10458620,75071488,193.152,0.0,0.0,0.0,18.694,1233.804,14.306,,,,,,32,100
branch,1024,/Users/vinroger/DATA/STUDY/latihan/about/exa-interview/e2e-inverted-bitplane-project/data/prefix-study-2026-09-13/pools/qwen-quora-d32/routers/ivf-1024-seed42,main-s00245,1,30,1,1000,1,True,True,0.806,0.08233349763031583,0.11099020102847132,84.62011501615052,0.08233349763031583,0.08233349763031583,0.08233349763031583,10587184,81084416,677.033,338.98,2684.228,314.937,0.0,0.0,0.0,0,42,32,8192,True,,
branch,1024,/Users/vinroger/DATA/STUDY/latihan/about/exa-interview/e2e-inverted-bitplane-project/data/prefix-study-2026-09-13/pools/qwen-quora-d32/routers/ivf-1024-seed42,main-s00306,100,510,1,1000,1,True,True,0.99504,1.2577500001498265,2.2141896009998163,1344.8327869700734,1.2577500001498265,1.2577500001498265,1.2577500001498265,10587184,81084416,77263.329,3946.756,23637.645,11334.954,0.0,0.0,0.0,0,42,128,8192,True,,
branch,1024,/Users/vinroger/DATA/STUDY/latihan/about/exa-interview/e2e-inverted-bitplane-project/data/prefix-study-2026-09-13/pools/qwen-quora-d32/routers/ivf-1024-seed42,main-s00253,1,65,1,1000,1,True,True,0.902,0.2030000014201505,0.22389374862541442,202.1255930631014,0.2030000014201505,0.2030000014201505,0.2030000014201505,10587184,81084416,33675.652,65.0,0.0,558.193,0.0,0.0,0.0,0,42,2048,8192,False,,
prefix,1024,/Users/vinroger/DATA/STUDY/latihan/about/exa-interview/e2e-inverted-bitplane-project/data/prefix-study-2026-09-13/pools/qwen-quora-d32/routers/ivf-1024-seed42,main-s00383,100,133,1,1000,1,True,True,0.24928,0.12127099944336805,0.16990654803521454,127.17073099702247,0.12127099944336805,0.12127099944336805,0.12127099944336805,10458620,76529664,2569.932,0.0,0.0,0.0,9.03,2401.98,7.97,,,,,,16,1000
prefix,1024,/Users/vinroger/DATA/STUDY/latihan/about/exa-interview/e2e-inverted-bitplane-project/data/prefix-study-2026-09-13/pools/qwen-quora-d32/routers/ivf-1024-seed42,main-s00356,1,353,1,1000,1,True,True,0.534,0.2040625004156027,0.36842740046267863,217.85967305186205,0.2040625004156027,0.2040625004156027,0.2040625004156027,10458620,76529664,4126.333,0.0,0.0,0.0,7.834,5530.804,9.166,,,,,,16,1000
prefix,1024,/Users/vinroger/DATA/STUDY/latihan/about/exa-interview/e2e-inverted-bitplane-project/data/prefix-study-2026-09-13/pools/qwen-quora-d32/routers/ivf-1024-seed42,main-s00362,100,12,1,1000,1,True,True,0.50469,0.06704100087517872,0.07912709861557232,67.61563700638362,0.06704100087517872,0.06704100087517872,0.06704100087517872,10458620,76529664,6357.221,0.0,0.0,0.0,1.0,0.0,0.0,,,,,,0,0
branch,4096,/Users/vinroger/DATA/STUDY/latihan/about/exa-interview/e2e-inverted-bitplane-project/data/prefix-study-2026-09-13/pools/qwen-quora-d32/routers/ivf-4096-seed42,main-s00472,100,201,1,1000,1,True,True,0.80013,0.5886880007892614,0.7691395992878824,585.8908799491473,0.5886880007892614,0.5886880007892614,0.5886880007892614,10969392,78790656,11191.364,2429.856,4482.776,1992.169,0.0,0.0,0.0,0,42,32,8192,False,,
branch,4096,/Users/vinroger/DATA/STUDY/latihan/about/exa-interview/e2e-inverted-bitplane-project/data/prefix-study-2026-09-13/pools/qwen-quora-d32/routers/ivf-4096-seed42,main-s00485,100,671,1,1000,1,True,True,0.94981,1.5376669998659054,1.9169146004060167,1510.9801759645052,1.5376669998659054,1.5376669998659054,1.5376669998659054,10969392,78790656,28007.63,6249.701,11667.363,4776.505,0.0,0.0,0.0,0,42,32,8192,True,,
branch,4096,/Users/vinroger/DATA/STUDY/latihan/about/exa-interview/e2e-inverted-bitplane-project/data/prefix-study-2026-09-13/pools/qwen-quora-d32/routers/ivf-4096-seed42,main-s00462,1,1136,1,1000,1,True,True,0.995,1.1659789997793268,1.3254190505904262,1172.667280978203,1.1659789997793268,1.1659789997793268,1.1659789997793268,10969392,78790656,101199.17,2283.094,3864.655,2808.94,0.0,0.0,0.0,0,42,128,8192,True,,
prefix,4096,/Users/vinroger/DATA/STUDY/latihan/about/exa-interview/e2e-inverted-bitplane-project/data/prefix-study-2026-09-13/pools/qwen-quora-d32/routers/ivf-4096-seed42,main-s00540,1,860,1,1000,1,True,True,0.163,0.4619999999704305,0.653887499356642,462.7664110157639,0.4619999999704305,0.4619999999704305,0.4619999999704305,10458620,76316672,2.649,0.0,0.0,0.0,9.321,16032.12,23.679,,,,,,32,1
prefix,4096,/Users/vinroger/DATA/STUDY/latihan/about/exa-interview/e2e-inverted-bitplane-project/data/prefix-study-2026-09-13/pools/qwen-quora-d32/routers/ivf-4096-seed42,main-s00571,100,201,1,1000,1,True,True,0.471,0.15658350275771227,0.1968579997992492,157.82863203639863,0.15658350275771227,0.15658350275771227,0.15658350275771227,10458620,76316672,6721.41,0.0,0.0,0.0,1.142,459.084,3.858,,,,,,4,1000
prefix,4096,/Users/vinroger/DATA/STUDY/latihan/about/exa-interview/e2e-inverted-bitplane-project/data/prefix-study-2026-09-13/pools/qwen-quora-d32/routers/ivf-4096-seed42,main-s00551,1,1136,1,1000,1,True,True,0.908,0.732166501620668,0.8156833504472161,725.3652830368083,0.732166501620668,0.732166501620668,0.732166501620668,10458620,76316672,79558.952,0.0,0.0,0.0,1.0,2272.0,1.0,,,,,,1,1
branch,1,,main-s00009,100,1,1,1000,1,True,True,0.99975,2.033645998380962,5.121476748900022,2361.588171981566,2.033645998380962,2.033645998380962,2.033645998380962,10458672,86458368,1030.399,234.727,1469488.982,448465.335,0.0,0.0,0.0,0,42,32,512,True,,
prefix,1,,main-s00024,100,1,1,1000,1,True,True,0.9307,1.571750499351765,2.5770482498046476,1994.5255929342238,1.571750499351765,1.571750499351765,1.571750499351765,10458620,71892992,405667.71,0.0,0.0,0.0,1.455,2.0,0.545,,,,,,1,261465
branch,64,/Users/vinroger/DATA/STUDY/latihan/about/exa-interview/e2e-inverted-bitplane-project/data/prefix-study-2026-09-13/pools/qwen-quora-d32/routers/ivf-64-seed42,main-s00048,1,2,1,1000,1,True,True,0.621,0.01833400165196508,0.03490625003905731,20.37656398169929,0.01833400165196508,0.01833400165196508,0.01833400165196508,10465840,77463552,262.509,31.248,3826.644,452.747,0.0,0.0,0.0,0,42,128,8192,True,,
branch,64,/Users/vinroger/DATA/STUDY/latihan/about/exa-interview/e2e-inverted-bitplane-project/data/prefix-study-2026-09-13/pools/qwen-quora-d32/routers/ivf-64-seed42,main-s00070,1,33,1,1000,1,True,True,0.99,0.14581250070477836,0.20040659746882727,152.4382540010265,0.14581250070477836,0.14581250070477836,0.14581250070477836,10465840,77463552,723.839,413.613,48844.015,5193.756,0.0,0.0,0.0,0,42,32,8192,False,,
branch,64,/Users/vinroger/DATA/STUDY/latihan/about/exa-interview/e2e-inverted-bitplane-project/data/prefix-study-2026-09-13/pools/qwen-quora-d32/routers/ivf-64-seed42,main-s00059,1,9,1,1000,1,True,True,0.907,0.04824999996344559,0.08078125010797518,51.91048197593773,0.04824999996344559,0.04824999996344559,0.04824999996344559,10465840,77463552,248.304,141.965,17255.896,1757.466,0.0,0.0,0.0,0,42,32,8192,True,,
prefix,64,/Users/vinroger/DATA/STUDY/latihan/about/exa-interview/e2e-inverted-bitplane-project/data/prefix-study-2026-09-13/pools/qwen-quora-d32/routers/ivf-64-seed42,main-s00195,100,15,1,1000,1,True,True,0.49317,0.156979500388843,0.27492529807204846,152.15697298117448,0.156979500388843,0.156979500388843,0.156979500388843,10458620,74694656,23521.711,0.0,0.0,0.0,1.025,30.75,3.975,,,,,,4,100
prefix,64,/Users/vinroger/DATA/STUDY/latihan/about/exa-interview/e2e-inverted-bitplane-project/data/prefix-study-2026-09-13/pools/qwen-quora-d32/routers/ivf-64-seed42,main-s00198,100,23,1,1000,1,True,True,0.95488,0.9539380007481668,1.0298351015080698,953.3636300220678,0.9539380007481668,0.9539380007481668,0.9539380007481668,10458620,74694656,190586.597,0.0,0.0,0.0,2.0,46.0,0.0,,,,,,1,261465
prefix,64,/Users/vinroger/DATA/STUDY/latihan/about/exa-interview/e2e-inverted-bitplane-project/data/prefix-study-2026-09-13/pools/qwen-quora-d32/routers/ivf-64-seed42,main-s00203,100,23,1,1000,1,True,True,0.78687,0.5375210002966924,0.6401752996680443,528.6211949714925,0.5375210002966924,0.5375210002966924,0.5375210002966924,10458620,74694656,100468.682,0.0,0.0,0.0,1.0,46.0,1.0,,,,,,1,1
branch,1024,/Users/vinroger/DATA/STUDY/latihan/about/exa-interview/e2e-inverted-bitplane-project/data/prefix-study-2026-09-13/pools/qwen-quora-d32/routers/ivf-1024-seed42,main-s00275,100,12,1,1000,1,True,True,0.50469,0.11268749949522316,0.1529201999801444,112.48241106295609,0.11268749949522316,0.11268749949522316,0.11268749949522316,10587184,80986112,2250.39,453.469,2838.51,1303.724,0.0,0.0,0.0,0,42,32,8192,True,,
branch,1024,/Users/vinroger/DATA/STUDY/latihan/about/exa-interview/e2e-inverted-bitplane-project/data/prefix-study-2026-09-13/pools/qwen-quora-d32/routers/ivf-1024-seed42,main-s00252,1,65,1,1000,1,True,True,0.902,0.13750000107393134,0.17138749899459071,138.69935999900918,0.13750000107393134,0.13750000107393134,0.13750000107393134,10587184,80986112,5231.864,451.559,3435.187,580.07,0.0,0.0,0.0,0,42,128,8192,True,,
branch,1024,/Users/vinroger/DATA/STUDY/latihan/about/exa-interview/e2e-inverted-bitplane-project/data/prefix-study-2026-09-13/pools/qwen-quora-d32/routers/ivf-1024-seed42,main-s00279,100,68,1,1000,1,True,True,0.57452,0.14066699804970995,0.1529181499790866,141.5741199562035,0.14066699804970995,0.14066699804970995,0.14066699804970995,10587184,80986112,979.696,511.971,4036.586,448.749,0.0,0.0,0.0,0,42,32,512,True,,
prefix,1024,/Users/vinroger/DATA/STUDY/latihan/about/exa-interview/e2e-inverted-bitplane-project/data/prefix-study-2026-09-13/pools/qwen-quora-d32/routers/ivf-1024-seed42,main-s00312,1,4,1,1000,1,True,True,0.155,0.011124997399747372,0.012835099369112866,11.265619064943166,0.011124997399747372,0.011124997399747372,0.011124997399747372,10458620,76267520,8.037,0.0,0.0,0.0,13.129,105.032,19.871,,,,,,32,1
prefix,1024,/Users/vinroger/DATA/STUDY/latihan/about/exa-interview/e2e-inverted-bitplane-project/data/prefix-study-2026-09-13/pools/qwen-quora-d32/routers/ivf-1024-seed42,main-s00405,100,419,1,1000,1,True,True,0.54024,0.34249999953317456,0.5138943484780611,330.81251704425085,0.34249999953317456,0.34249999953317456,0.34249999953317456,10458620,76267520,38059.07,0.0,0.0,0.0,1.006,843.028,3.994,,,,,,4,100
prefix,1024,/Users/vinroger/DATA/STUDY/latihan/about/exa-interview/e2e-inverted-bitplane-project/data/prefix-study-2026-09-13/pools/qwen-quora-d32/routers/ivf-1024-seed42,main-s00389,100,213,1,1000,1,True,True,0.9504,0.5961459992249729,0.6405503025234793,596.717302025354,0.5961459992249729,0.5961459992249729,0.5961459992249729,10458620,76267520,109362.477,0.0,0.0,0.0,1.0,0.0,0.0,,,,,,0,0
branch,4096,/Users/vinroger/DATA/STUDY/latihan/about/exa-interview/e2e-inverted-bitplane-project/data/prefix-study-2026-09-13/pools/qwen-quora-d32/routers/ivf-4096-seed42,main-s00491,100,1398,1,1000,1,True,True,0.95996,2.1145204991626088,2.20834135034238,2072.8985749847197,2.1145204991626088,2.1145204991626088,2.1145204991626088,10969392,78905344,27841.421,7920.353,16229.073,4292.58,0.0,0.0,0.0,0,42,32,8192,True,,
branch,4096,/Users/vinroger/DATA/STUDY/latihan/about/exa-interview/e2e-inverted-bitplane-project/data/prefix-study-2026-09-13/pools/qwen-quora-d32/routers/ivf-4096-seed42,main-s00449,1,344,1,1000,1,True,True,0.95,0.585749499805388,0.7387708474198007,588.1625459478528,0.585749499805388,0.585749499805388,0.585749499805388,10969392,78905344,6312.271,2297.643,5114.953,861.417,0.0,0.0,0.0,0,42,32,8192,True,,
branch,4096,/Users/vinroger/DATA/STUDY/latihan/about/exa-interview/e2e-inverted-bitplane-project/data/prefix-study-2026-09-13/pools/qwen-quora-d32/routers/ivf-4096-seed42,main-s00499,100,1724,1,1000,1,True,True,0.99501,1.7033334988809656,1.7682194000371965,1702.62766299129,1.7033334988809656,1.7033334988809656,1.7033334988809656,10969392,78905344,220478.628,1724.0,0.0,4287.377,0.0,0.0,0.0,0,42,2048,8192,False,,
prefix,4096,/Users/vinroger/DATA/STUDY/latihan/about/exa-interview/e2e-inverted-bitplane-project/data/prefix-study-2026-09-13/pools/qwen-quora-d32/routers/ivf-4096-seed42,main-s00541,1,860,1,1000,1,True,True,0.362,0.6784999986848561,0.852768448203278,688.5254260305373,0.6784999986848561,0.6784999986848561,0.6784999986848561,10458620,76349440,398.427,0.0,0.0,0.0,19.347,33276.84,13.653,,,,,,32,100
prefix,4096,/Users/vinroger/DATA/STUDY/latihan/about/exa-interview/e2e-inverted-bitplane-project/data/prefix-study-2026-09-13/pools/qwen-quora-d32/routers/ivf-4096-seed42,main-s00546,1,1136,1,1000,1,True,True,0.995,1.0521879994485062,1.1073672993006767,1052.136856058496,1.0521879994485062,1.0521879994485062,1.0521879994485062,10458620,76349440,145652.988,0.0,0.0,0.0,2.0,2272.0,0.0,,,,,,1,261465
prefix,4096,/Users/vinroger/DATA/STUDY/latihan/about/exa-interview/e2e-inverted-bitplane-project/data/prefix-study-2026-09-13/pools/qwen-quora-d32/routers/ivf-4096-seed42,main-s00519,1,175,1,1000,1,True,True,0.901,0.19916699966415763,0.2167940492654452,199.09789200028172,0.19916699966415763,0.19916699966415763,0.19916699966415763,10458620,76349440,22767.701,0.0,0.0,0.0,2.0,350.0,0.0,,,,,,1,261465
branch,1,,main-s00003,1,1,1,1000,1,True,True,1.0,0.16385449998779222,0.45728364966635116,206.75547296195873,0.16385449998779222,0.16385449998779222,0.16385449998779222,10458672,72318976,47.194,25.369,187148.584,20141.515,0.0,0.0,0.0,0,42,32,512,True,,
prefix,1,,main-s00015,1,1,1,1000,1,True,True,0.973,1.4536250018863939,2.4690083526365925,1910.2978129194526,1.4536250018863939,1.4536250018863939,1.4536250018863939,10458620,71745536,405667.71,0.0,0.0,0.0,1.455,2.0,0.545,,,,,,1,261465
branch,64,/Users/vinroger/DATA/STUDY/latihan/about/exa-interview/e2e-inverted-bitplane-project/data/prefix-study-2026-09-13/pools/qwen-quora-d32/routers/ivf-64-seed42,main-s00063,1,16,1,1000,1,True,True,0.953,0.07700000060140155,0.12016425098408938,81.43540105447755,0.07700000060140155,0.07700000060140155,0.07700000060140155,10465840,77283328,392.685,228.795,27503.869,2783.123,0.0,0.0,0.0,0,42,32,512,True,,
branch,64,/Users/vinroger/DATA/STUDY/latihan/about/exa-interview/e2e-inverted-bitplane-project/data/prefix-study-2026-09-13/pools/qwen-quora-d32/routers/ivf-64-seed42,main-s00055,1,5,1,1000,1,True,True,0.822,0.05752050128648989,0.06896105151099619,57.868599957146216,0.05752050128648989,0.05752050128648989,0.05752050128648989,10465840,77283328,7205.225,32.75,3831.667,690.877,0.0,0.0,0.0,0,42,2048,8192,False,,
branch,64,/Users/vinroger/DATA/STUDY/latihan/about/exa-interview/e2e-inverted-bitplane-project/data/prefix-study-2026-09-13/pools/qwen-quora-d32/routers/ivf-64-seed42,main-s00049,1,2,1,1000,1,True,True,0.621,0.02845800008799415,0.03499999747873517,28.983258926018607,0.02845800008799415,0.02845800008799415,0.02845800008799415,10465840,77283328,3093.595,14.554,1743.492,296.219,0.0,0.0,0.0,0,42,2048,8192,False,,
prefix,64,/Users/vinroger/DATA/STUDY/latihan/about/exa-interview/e2e-inverted-bitplane-project/data/prefix-study-2026-09-13/pools/qwen-quora-d32/routers/ivf-64-seed42,main-s00137,1,9,1,1000,1,True,True,0.53,0.021167001250432804,0.04179614843451417,26.40525493916357,0.021167001250432804,0.021167001250432804,0.021167001250432804,10458620,74792960,2581.858,0.0,0.0,0.0,9.144,164.592,7.856,,,,,,16,1000
prefix,64,/Users/vinroger/DATA/STUDY/latihan/about/exa-interview/e2e-inverted-bitplane-project/data/prefix-study-2026-09-13/pools/qwen-quora-d32/routers/ivf-64-seed42,main-s00138,1,9,1,1000,1,True,True,0.164,0.011333002476021647,0.014668098629044833,11.285195003438275,0.011333002476021647,0.011333002476021647,0.011333002476021647,10458620,74792960,2.603,0.0,0.0,0.0,9.85,177.3,23.15,,,,,,32,1
prefix,64,/Users/vinroger/DATA/STUDY/latihan/about/exa-interview/e2e-inverted-bitplane-project/data/prefix-study-2026-09-13/pools/qwen-quora-d32/routers/ivf-64-seed42,main-s00216,100,44,1,1000,1,True,True,0.9952,1.7517084979772335,1.8201743987447117,1751.974312999664,1.7517084979772335,1.7517084979772335,1.7517084979772335,10458620,74792960,360575.633,0.0,0.0,0.0,2.0,88.0,0.0,,,,,,1,261465
branch,1024,/Users/vinroger/DATA/STUDY/latihan/about/exa-interview/e2e-inverted-bitplane-project/data/prefix-study-2026-09-13/pools/qwen-quora-d32/routers/ivf-1024-seed42,main-s00273,100,12,1,1000,1,True,True,0.50436,0.11212500248802826,0.12721220064122463,107.56689596746583,0.11212500248802826,0.11212500248802826,0.11212500248802826,10587184,81199104,2060.344,427.701,2715.295,1177.13,0.0,0.0,0.0,0,42,32,512,True,,
branch,1024,/Users/vinroger/DATA/STUDY/latihan/about/exa-interview/e2e-inverted-bitplane-project/data/prefix-study-2026-09-13/pools/qwen-quora-d32/routers/ivf-1024-seed42,main-s00289,100,133,1,1000,1,True,True,0.90029,0.43316700066498015,0.4671047990996158,432.86611398434616,0.43316700066498015,0.43316700066498015,0.43316700066498015,10587184,81199104,68494.75,133.0,0.0,1135.399,0.0,0.0,0.0,0,42,2048,8192,False,,
branch,1024,/Users/vinroger/DATA/STUDY/latihan/about/exa-interview/e2e-inverted-bitplane-project/data/prefix-study-2026-09-13/pools/qwen-quora-d32/routers/ivf-1024-seed42,main-s00298,100,419,1,1000,1,True,True,0.9888,1.532686999780708,1.9835954988593585,1483.5979220042645,1.532686999780708,1.532686999780708,1.532686999780708,10587184,81199104,24435.082,6028.312,39012.501,13635.006,0.0,0.0,0.0,0,42,32,8192,False,,
prefix,1024,/Users/vinroger/DATA/STUDY/latihan/about/exa-interview/e2e-inverted-bitplane-project/data/prefix-study-2026-09-13/pools/qwen-quora-d32/routers/ivf-1024-seed42,main-s00373,100,68,1,1000,1,True,True,0.6298,0.14412499876925722,0.1972520994968363,148.4158789680805,0.14412499876925722,0.14412499876925722,0.14412499876925722,10458620,76644352,16543.907,0.0,0.0,0.0,2.403,326.4,2.597,,,,,,4,10000
prefix,1024,/Users/vinroger/DATA/STUDY/latihan/about/exa-interview/e2e-inverted-bitplane-project/data/prefix-study-2026-09-13/pools/qwen-quora-d32/routers/ivf-1024-seed42,main-s00314,1,4,1,1000,1,True,True,0.492,0.015834000805625692,0.019794051695498634,16.010696985176764,0.015834000805625692,0.015834000805625692,0.015834000805625692,10458620,76644352,1339.118,0.0,0.0,0.0,1.0,8.0,1.0,,,,,,1,1
prefix,1024,/Users/vinroger/DATA/STUDY/latihan/about/exa-interview/e2e-inverted-bitplane-project/data/prefix-study-2026-09-13/pools/qwen-quora-d32/routers/ivf-1024-seed42,main-s00310,1,4,1,1000,1,True,True,0.537,0.02037499871221371,0.024044051133387253,20.560632074193563,0.02037499871221371,0.02037499871221371,0.02037499871221371,10458620,76644352,2160.308,0.0,0.0,0.0,5.0,32.0,0.0,,,,,,4,10000
branch,4096,/Users/vinroger/DATA/STUDY/latihan/about/exa-interview/e2e-inverted-bitplane-project/data/prefix-study-2026-09-13/pools/qwen-quora-d32/routers/ivf-4096-seed42,main-s00479,100,411,1,1000,1,True,True,0.90025,1.0438750014145626,1.4230351001970118,1043.718581997382,1.0438750014145626,1.0438750014145626,1.0438750014145626,10969392,78790656,19880.891,4347.155,8043.898,3458.628,0.0,0.0,0.0,0,42,32,8192,True,,
branch,4096,/Users/vinroger/DATA/STUDY/latihan/about/exa-interview/e2e-inverted-bitplane-project/data/prefix-study-2026-09-13/pools/qwen-quora-d32/routers/ivf-4096-seed42,main-s00434,1,65,1,1000,1,True,True,0.801,0.16512499860255048,0.21759345145255793,168.45108201232506,0.16512499860255048,0.16512499860255048,0.16512499860255048,10969392,78790656,357.145,772.162,1823.951,188.001,0.0,0.0,0.0,0,42,8,8192,True,,
branch,4096,/Users/vinroger/DATA/STUDY/latihan/about/exa-interview/e2e-inverted-bitplane-project/data/prefix-study-2026-09-13/pools/qwen-quora-d32/routers/ivf-4096-seed42,main-s00435,1,65,1,1000,1,True,True,0.787,0.12475000039557926,0.13113540153426584,122.31208099547075,0.12475000039557926,0.12475000039557926,0.12475000039557926,10969392,78790656,1161.13,480.45,1117.442,149.391,0.0,0.0,0.0,0,42,32,512,True,,
prefix,4096,/Users/vinroger/DATA/STUDY/latihan/about/exa-interview/e2e-inverted-bitplane-project/data/prefix-study-2026-09-13/pools/qwen-quora-d32/routers/ivf-4096-seed42,main-s00557,100,33,1,1000,1,True,True,0.35472,0.0697919986123452,0.08567115110054146,71.3173320509668,0.0697919986123452,0.0697919986123452,0.0697919986123452,10458620,76267520,1725.192,0.0,0.0,0.0,13.253,874.302,3.747,,,,,,16,1000
prefix,4096,/Users/vinroger/DATA/STUDY/latihan/about/exa-interview/e2e-inverted-bitplane-project/data/prefix-study-2026-09-13/pools/qwen-quora-d32/routers/ivf-4096-seed42,main-s00563,100,201,1,1000,1,True,True,0.80013,0.23335450168815441,0.2543372009313316,233.67711700484506,0.23335450168815441,0.23335450168815441,0.23335450168815441,10458620,76267520,26122.829,0.0,0.0,0.0,1.0,0.0,0.0,,,,,,0,0
prefix,4096,/Users/vinroger/DATA/STUDY/latihan/about/exa-interview/e2e-inverted-bitplane-project/data/prefix-study-2026-09-13/pools/qwen-quora-d32/routers/ivf-4096-seed42,main-s00555,100,33,1,1000,1,True,True,0.50089,0.07260399979713839,0.08042115114221815,72.81251597305527,0.07260399979713839,0.07260399979713839,0.07260399979713839,10458620,76267520,4390.982,0.0,0.0,0.0,2.0,66.0,0.0,,,,,,1,261465
branch,1,,main-s00005,1,1,1,1000,1,True,True,1.0,0.16429200150014367,0.45791875127179077,206.90680802727002,0.16429200150014367,0.16429200150014367,0.16429200150014367,10458672,72368128,47.194,25.369,187148.584,20141.515,0.0,0.0,0.0,0,42,32,8192,True,,
prefix,1,,main-s00029,100,1,1,1000,1,True,True,0.82441,1.4945624989195494,1.5435229486683966,1318.7225009569374,1.4945624989195494,1.4945624989195494,1.4945624989195494,10458620,72105984,265632.815,0.0,0.0,0.0,1.0,2.0,1.0,,,,,,1,1
branch,64,/Users/vinroger/DATA/STUDY/latihan/about/exa-interview/e2e-inverted-bitplane-project/data/prefix-study-2026-09-13/pools/qwen-quora-d32/routers/ivf-64-seed42,main-s00113,100,44,1,1000,1,True,True,0.9952,0.7107920009730151,1.6626889499093522,789.9910559790442,0.7107920009730151,0.7107920009730151,0.7107920009730151,10465840,77398016,7551.176,1917.669,193533.57,58740.183,0.0,0.0,0.0,0,42,32,8192,True,,
branch,64,/Users/vinroger/DATA/STUDY/latihan/about/exa-interview/e2e-inverted-bitplane-project/data/prefix-study-2026-09-13/pools/qwen-quora-d32/routers/ivf-64-seed42,main-s00081,100,3,1,1000,1,True,True,0.57568,0.13264600056572817,0.2094252977258293,137.6393569735228,0.13264600056572817,0.13264600056572817,0.13264600056572817,10465840,77398016,1517.793,331.907,33475.194,11601.588,0.0,0.0,0.0,0,42,32,512,True,,
branch,64,/Users/vinroger/DATA/STUDY/latihan/about/exa-interview/e2e-inverted-bitplane-project/data/prefix-study-2026-09-13/pools/qwen-quora-d32/routers/ivf-64-seed42,main-s00102,100,23,1,1000,1,True,True,0.95488,0.4166250018897699,0.8655523986817566,446.660946981865,0.4166250018897699,0.4166250018897699,0.4166250018897699,10465840,77398016,12926.14,738.474,73120.004,25281.297,0.0,0.0,0.0,0,42,128,8192,True,,
prefix,64,/Users/vinroger/DATA/STUDY/latihan/about/exa-interview/e2e-inverted-bitplane-project/data/prefix-study-2026-09-13/pools/qwen-quora-d32/routers/ivf-64-seed42,main-s00197,100,23,1,1000,1,True,True,0.95488,0.9509169994998956,1.0199305988862761,947.8669450727466,0.9509169994998956,0.9509169994998956,0.9509169994998956,10458620,74940416,190586.597,0.0,0.0,0.0,1.0,0.0,0.0,,,,,,0,0
prefix,64,/Users/vinroger/DATA/STUDY/latihan/about/exa-interview/e2e-inverted-bitplane-project/data/prefix-study-2026-09-13/pools/qwen-quora-d32/routers/ivf-64-seed42,main-s00121,1,2,1,1000,1,True,True,0.333,0.009791499905986711,0.013839249731972808,10.877683002036065,0.009791499905986711,0.009791499905986711,0.009791499905986711,10458620,74940416,409.428,0.0,0.0,0.0,23.02,92.08,9.98,,,,,,32,100
prefix,64,/Users/vinroger/DATA/STUDY/latihan/about/exa-interview/e2e-inverted-bitplane-project/data/prefix-study-2026-09-13/pools/qwen-quora-d32/routers/ivf-64-seed42,main-s00214,100,38,1,1000,1,True,True,0.57151,0.3119789998891065,0.5155583499799832,300.3252229245845,0.3119789998891065,0.3119789998891065,0.3119789998891065,10458620,74940416,53958.984,0.0,0.0,0.0,1.107,84.132,3.893,,,,,,4,1000
branch,1024,/Users/vinroger/DATA/STUDY/latihan/about/exa-interview/e2e-inverted-bitplane-project/data/prefix-study-2026-09-13/pools/qwen-quora-d32/routers/ivf-1024-seed42,main-s00299,100,419,1,1000,1,True,True,0.9889,1.5433545013365801,2.0281860499380855,1498.3860450593056,1.5433545013365801,1.5433545013365801,1.5433545013365801,10587184,80904192,24563.487,6028.312,38975.585,13686.559,0.0,0.0,0.0,0,42,32,8192,True,,
branch,1024,/Users/vinroger/DATA/STUDY/latihan/about/exa-interview/e2e-inverted-bitplane-project/data/prefix-study-2026-09-13/pools/qwen-quora-d32/routers/ivf-1024-seed42,main-s00265,1,326,1,1000,1,True,True,0.99,0.9456460011278978,0.9957961510735913,945.3383689578914,0.9456460011278978,0.9456460011278978,0.9456460011278978,10587184,80904192,167060.878,326.0,0.0,2769.373,0.0,0.0,0.0,0,42,2048,8192,False,,
branch,1024,/Users/vinroger/DATA/STUDY/latihan/about/exa-interview/e2e-inverted-bitplane-project/data/prefix-study-2026-09-13/pools/qwen-quora-d32/routers/ivf-1024-seed42,main-s00283,100,68,1,1000,1,True,True,0.80102,0.240332999965176,0.2633413503644988,239.93971998424968,0.240332999965176,0.240332999965176,0.240332999965176,10587184,80904192,35192.908,68.0,0.0,583.331,0.0,0.0,0.0,0,42,2048,8192,False,,
prefix,1024,/Users/vinroger/DATA/STUDY/latihan/about/exa-interview/e2e-inverted-bitplane-project/data/prefix-study-2026-09-13/pools/qwen-quora-d32/routers/ivf-1024-seed42,main-s00311,1,4,1,1000,1,True,True,0.513,0.019166000129189342,0.023708002117928118,19.593208970036358,0.019166000129189342,0.019166000129189342,0.019166000129189342,10458620,76873728,1469.536,0.0,0.0,0.0,15.02,118.24,1.98,,,,,,16,1000
prefix,1024,/Users/vinroger/DATA/STUDY/latihan/about/exa-interview/e2e-inverted-bitplane-project/data/prefix-study-2026-09-13/pools/qwen-quora-d32/routers/ivf-1024-seed42,main-s00322,1,30,1,1000,1,True,True,0.413,0.03804199877777137,0.04702710120909612,39.09265897164005,0.03804199877777137,0.03804199877777137,0.03804199877777137,10458620,76873728,415.012,0.0,0.0,0.0,22.367,1342.02,10.633,,,,,,32,100
prefix,1024,/Users/vinroger/DATA/STUDY/latihan/about/exa-interview/e2e-inverted-bitplane-project/data/prefix-study-2026-09-13/pools/qwen-quora-d32/routers/ivf-1024-seed42,main-s00323,1,30,1,1000,1,True,True,0.74,0.061103999541956,0.0743423022868228,60.64296101249056,0.061103999541956,0.061103999541956,0.061103999541956,10458620,76873728,9124.284,0.0,0.0,0.0,1.0,60.0,1.0,,,,,,1,1
branch,4096,/Users/vinroger/DATA/STUDY/latihan/about/exa-interview/e2e-inverted-bitplane-project/data/prefix-study-2026-09-13/pools/qwen-quora-d32/routers/ivf-4096-seed42,main-s00492,100,1398,1,1000,1,True,True,0.99,1.5550630014331546,1.868080652820936,1566.778904023522,1.5550630014331546,1.5550630014331546,1.5550630014331546,10969392,78856192,138324.486,3157.832,4871.793,4557.89,0.0,0.0,0.0,0,42,128,8192,True,,
branch,4096,/Users/vinroger/DATA/STUDY/latihan/about/exa-interview/e2e-inverted-bitplane-project/data/prefix-study-2026-09-13/pools/qwen-quora-d32/routers/ivf-4096-seed42,main-s00439,1,65,1,1000,1,True,True,0.801,0.08666649955557659,0.09583399896655465,86.95686802457203,0.08666649955557659,0.08666649955557659,0.08666649955557659,10969392,78856192,8569.049,65.0,0.0,165.229,0.0,0.0,0.0,0,42,2048,8192,False,,
branch,4096,/Users/vinroger/DATA/STUDY/latihan/about/exa-interview/e2e-inverted-bitplane-project/data/prefix-study-2026-09-13/pools/qwen-quora-d32/routers/ivf-4096-seed42,main-s00429,1,7,1,1000,1,True,True,0.508,0.030229499316192232,0.03696105140988948,30.81266104345559,0.030229499316192232,0.030229499316192232,0.030229499316192232,10969392,78856192,182.687,76.893,186.028,25.398,0.0,0.0,0.0,0,42,32,512,True,,
prefix,4096,/Users/vinroger/DATA/STUDY/latihan/about/exa-interview/e2e-inverted-bitplane-project/data/prefix-study-2026-09-13/pools/qwen-quora-d32/routers/ivf-4096-seed42,main-s00539,1,860,1,1000,1,True,True,0.545,0.4725204998976551,0.6724250011757249,483.2592329439649,0.4725204998976551,0.4725204998976551,0.4725204998976551,10458620,76251136,3158.774,0.0,0.0,0.0,8.343,14349.96,8.657,,,,,,16,1000
prefix,4096,/Users/vinroger/DATA/STUDY/latihan/about/exa-interview/e2e-inverted-bitplane-project/data/prefix-study-2026-09-13/pools/qwen-quora-d32/routers/ivf-4096-seed42,main-s00514,1,65,1,1000,1,True,True,0.432,0.0717919974704273,0.08408509984292323,72.66857495415024,0.0717919974704273,0.0717919974704273,0.0717919974704273,10458620,76251136,312.099,0.0,0.0,0.0,23.168,3011.84,9.832,,,,,,32,100
prefix,4096,/Users/vinroger/DATA/STUDY/latihan/about/exa-interview/e2e-inverted-bitplane-project/data/prefix-study-2026-09-13/pools/qwen-quora-d32/routers/ivf-4096-seed42,main-s00601,100,1724,1,1000,1,True,True,0.5822,0.7178329997259425,0.880014549693442,716.9618179905228,0.7178329997259425,0.7178329997259425,0.7178329997259425,10458620,76251136,42945.902,0.0,0.0,0.0,1.187,4092.776,3.813,,,,,,4,10000
branch,1,,main-s00007,1,1,1,1000,1,True,True,1.0,0.121749999379972,0.1837371981309843,132.1925779848243,0.121749999379972,0.121749999379972,0.121749999379972,10458672,71499776,1699.622,13.026,96303.406,10132.04,0.0,0.0,0.0,0,42,2048,8192,False,,
prefix,1,,main-s00020,1,1,1,1000,1,True,True,0.913,1.4411875017685816,1.473323252503178,1256.5486240491737,1.4411875017685816,1.4411875017685816,1.4411875017685816,10458620,71958528,265632.815,0.0,0.0,0.0,1.0,2.0,1.0,,,,,,1,1
branch,64,/Users/vinroger/DATA/STUDY/latihan/about/exa-interview/e2e-inverted-bitplane-project/data/prefix-study-2026-09-13/pools/qwen-quora-d32/routers/ivf-64-seed42,main-s00069,1,33,1,1000,1,True,True,0.985,0.140125001053093,0.18533304955781205,142.8095640258107,0.140125001053093,0.140125001053093,0.140125001053093,10465840,77561856,672.14,402.097,47740.372,4779.589,0.0,0.0,0.0,0,42,32,512,True,,
branch,64,/Users/vinroger/DATA/STUDY/latihan/about/exa-interview/e2e-inverted-bitplane-project/data/prefix-study-2026-09-13/pools/qwen-quora-d32/routers/ivf-64-seed42,main-s00105,100,38,1,1000,1,True,True,0.81057,0.20752100135723595,0.22521010123455198,206.70107399200788,0.20752100135723595,0.20752100135723595,0.20752100135723595,10465840,77561856,1219.581,510.983,57718.036,9154.767,0.0,0.0,0.0,0,42,32,512,True,,
branch,64,/Users/vinroger/DATA/STUDY/latihan/about/exa-interview/e2e-inverted-bitplane-project/data/prefix-study-2026-09-13/pools/qwen-quora-d32/routers/ivf-64-seed42,main-s00052,1,5,1,1000,1,True,True,0.822,0.030958501156419516,0.053675000708608374,33.542930978001095,0.030958501156419516,0.030958501156419516,0.030958501156419516,10465840,77561856,156.613,86.493,10580.347,1107.944,0.0,0.0,0.0,0,42,32,8192,False,,
prefix,64,/Users/vinroger/DATA/STUDY/latihan/about/exa-interview/e2e-inverted-bitplane-project/data/prefix-study-2026-09-13/pools/qwen-quora-d32/routers/ivf-64-seed42,main-s00181,100,9,1,1000,1,True,True,0.57001,0.15095849994395394,0.24571104786446085,156.9645948948164,0.15095849994395394,0.15095849994395394,0.15095849994395394,10458620,74432512,24232.536,0.0,0.0,0.0,1.877,33.786,3.123,,,,,,4,10000
prefix,64,/Users/vinroger/DATA/STUDY/latihan/about/exa-interview/e2e-inverted-bitplane-project/data/prefix-study-2026-09-13/pools/qwen-quora-d32/routers/ivf-64-seed42,main-s00189,100,15,1,1000,1,True,True,0.90168,0.6425005012715701,0.7168770980570116,641.7240939917974,0.6425005012715701,0.6425005012715701,0.6425005012715701,10458620,74432512,125114.888,0.0,0.0,0.0,2.0,30.0,0.0,,,,,,1,261465
prefix,64,/Users/vinroger/DATA/STUDY/latihan/about/exa-interview/e2e-inverted-bitplane-project/data/prefix-study-2026-09-13/pools/qwen-quora-d32/routers/ivf-64-seed42,main-s00210,100,38,1,1000,1,True,True,0.00814,0.027771000532084145,0.04259550023562041,28.067733917851,0.027771000532084145,0.027771000532084145,0.027771000532084145,10458620,74432512,2.897,0.0,0.0,0.0,9.191,698.516,23.809,,,,,,32,1
branch,1024,/Users/vinroger/DATA/STUDY/latihan/about/exa-interview/e2e-inverted-bitplane-project/data/prefix-study-2026-09-13/pools/qwen-quora-d32/routers/ivf-1024-seed42,main-s00270,1,353,1,1000,1,True,True,0.995,0.6052499993529636,0.7483222505470621,607.40199195061,0.6052499993529636,0.6052499993529636,0.6052499993529636,10587184,81166336,25032.51,1905.3,13663.292,3006.827,0.0,0.0,0.0,0,42,128,8192,True,,
branch,1024,/Users/vinroger/DATA/STUDY/latihan/about/exa-interview/e2e-inverted-bitplane-project/data/prefix-study-2026-09-13/pools/qwen-quora-d32/routers/ivf-1024-seed42,main-s00255,1,125,1,1000,1,True,True,0.862,0.1359590005449718,0.14605450251110597,136.69203800236573,0.1359590005449718,0.1359590005449718,0.1359590005449718,10587184,81166336,954.466,512.0,4049.782,433.035,0.0,0.0,0.0,0,42,32,512,True,,
branch,1024,/Users/vinroger/DATA/STUDY/latihan/about/exa-interview/e2e-inverted-bitplane-project/data/prefix-study-2026-09-13/pools/qwen-quora-d32/routers/ivf-1024-seed42,main-s00297,100,419,1,1000,1,True,True,0.5672,0.20112499987590127,0.2135419999831356,202.17177594531677,0.20112499987590127,0.20112499987590127,0.20112499987590127,10587184,81166336,954.466,512.0,4049.782,433.035,0.0,0.0,0.0,0,42,32,512,True,,
prefix,1024,/Users/vinroger/DATA/STUDY/latihan/about/exa-interview/e2e-inverted-bitplane-project/data/prefix-study-2026-09-13/pools/qwen-quora-d32/routers/ivf-1024-seed42,main-s00415,100,510,1,1000,1,True,True,0.57702,0.4118544984521577,0.6055160503819933,405.84799412681605,0.4118544984521577,0.4118544984521577,0.4118544984521577,10458620,76333056,48091.35,0.0,0.0,0.0,1.11,1132.2,3.89,,,,,,4,1000
prefix,1024,/Users/vinroger/DATA/STUDY/latihan/about/exa-interview/e2e-inverted-bitplane-project/data/prefix-study-2026-09-13/pools/qwen-quora-d32/routers/ivf-1024-seed42,main-s00402,100,419,1,1000,1,True,True,0.00811,0.2408955006103497,0.3678812498037587,240.91019992920337,0.2408955006103497,0.2408955006103497,0.2408955006103497,10458620,76333056,2.839,0.0,0.0,0.0,9.19,7701.22,23.81,,,,,,32,1
prefix,1024,/Users/vinroger/DATA/STUDY/latihan/about/exa-interview/e2e-inverted-bitplane-project/data/prefix-study-2026-09-13/pools/qwen-quora-d32/routers/ivf-1024-seed42,main-s00343,1,125,1,1000,1,True,True,0.752,0.1244590021087788,0.1942172984854551,125.23670295558986,0.1244590021087788,0.1244590021087788,0.1244590021087788,10458620,76333056,14598.905,0.0,0.0,0.0,1.112,278.0,3.888,,,,,,4,1000
branch,4096,/Users/vinroger/DATA/STUDY/latihan/about/exa-interview/e2e-inverted-bitplane-project/data/prefix-study-2026-09-13/pools/qwen-quora-d32/routers/ivf-4096-seed42,main-s00497,100,1724,1,1000,1,True,True,0.92988,2.1725000005972106,2.2692955019010697,2161.3858749442443,2.1725000005972106,2.1725000005972106,2.1725000005972106,10969392,79101952,26542.295,8088.021,16844.794,3984.353,0.0,0.0,0.0,0,42,32,8192,True,,
branch,4096,/Users/vinroger/DATA/STUDY/latihan/about/exa-interview/e2e-inverted-bitplane-project/data/prefix-study-2026-09-13/pools/qwen-quora-d32/routers/ivf-4096-seed42,main-s00452,1,860,1,1000,1,True,True,0.987,1.63095800235169,1.9157329988956917,1611.5733580081724,1.63095800235169,1.63095800235169,1.63095800235169,10969392,79101952,3463.769,6831.744,15523.287,1857.475,0.0,0.0,0.0,0,42,8,8192,True,,
branch,4096,/Users/vinroger/DATA/STUDY/latihan/about/exa-interview/e2e-inverted-bitplane-project/data/prefix-study-2026-09-13/pools/qwen-quora-d32/routers/ivf-4096-seed42,main-s00446,1,344,1,1000,1,True,True,0.95,0.7356255009653978,0.9500041478531784,742.9710569776944,0.7356255009653978,0.7356255009653978,0.7356255009653978,10969392,79101952,1568.757,3241.084,7472.998,831.044,0.0,0.0,0.0,0,42,8,8192,True,,
prefix,4096,/Users/vinroger/DATA/STUDY/latihan/about/exa-interview/e2e-inverted-bitplane-project/data/prefix-study-2026-09-13/pools/qwen-quora-d32/routers/ivf-4096-seed42,main-s00564,100,201,1,1000,1,True,True,0.80013,0.2536249994591344,0.2803003024382633,254.5028360291326,0.2536249994591344,0.2536249994591344,0.2536249994591344,10458620,76398592,26122.829,0.0,0.0,0.0,2.0,402.0,0.0,,,,,,1,261465
prefix,4096,/Users/vinroger/DATA/STUDY/latihan/about/exa-interview/e2e-inverted-bitplane-project/data/prefix-study-2026-09-13/pools/qwen-quora-d32/routers/ivf-4096-seed42,main-s00544,1,860,1,1000,1,True,True,0.778,0.4052500007674098,0.5084169995825504,402.51162200002,0.4052500007674098,0.4052500007674098,0.4052500007674098,10458620,76398592,23752.978,0.0,0.0,0.0,1.11,1909.2,3.89,,,,,,4,1000
prefix,4096,/Users/vinroger/DATA/STUDY/latihan/about/exa-interview/e2e-inverted-bitplane-project/data/prefix-study-2026-09-13/pools/qwen-quora-d32/routers/ivf-4096-seed42,main-s00585,100,671,1,1000,1,True,True,0.00827,0.3671039994515013,0.5135624993272357,367.7076560452406,0.3671039994515013,0.3671039994515013,0.3671039994515013,10458620,76398592,2.581,0.0,0.0,0.0,9.429,12653.718,23.571,,,,,,32,1
branch,1,,main-s00011,100,1,1,1000,1,True,True,1.0,2.0212294984958135,5.58674615003838,2487.283454986027,2.0212294984958135,2.0212294984958135,2.0212294984958135,10458672,101908480,1094.802,246.422,1536360.446,477153.716,0.0,0.0,0.0,0,42,32,8192,True,,
prefix,1,,main-s00021,1,1,1,1000,1,True,True,0.743,0.3546249990904471,0.6362541491398588,346.6875799713307,0.3546249990904471,0.3546249990904471,0.3546249990904471,10458620,71712768,72775.786,0.0,0.0,0.0,1.0,2.0,4.0,,,,,,4,100
branch,64,/Users/vinroger/DATA/STUDY/latihan/about/exa-interview/e2e-inverted-bitplane-project/data/prefix-study-2026-09-13/pools/qwen-quora-d32/routers/ivf-64-seed42,main-s00084,100,3,1,1000,1,True,True,0.57577,0.11587499830056913,0.22002500172675352,124.40928005889873,0.11587499830056913,0.11587499830056913,0.11587499830056913,10465840,77660160,3570.619,181.47,17883.56,6947.942,0.0,0.0,0.0,0,42,128,8192,True,,
branch,64,/Users/vinroger/DATA/STUDY/latihan/about/exa-interview/e2e-inverted-bitplane-project/data/prefix-study-2026-09-13/pools/qwen-quora-d32/routers/ivf-64-seed42,main-s00093,100,15,1,1000,1,True,True,0.86298,0.21006249880883843,0.22454824993474176,203.3955679871724,0.21006249880883843,0.21006249880883843,0.21006249880883843,10465840,77660160,1791.073,487.026,51457.517,13677.782,0.0,0.0,0.0,0,42,32,512,True,,
branch,64,/Users/vinroger/DATA/STUDY/latihan/about/exa-interview/e2e-inverted-bitplane-project/data/prefix-study-2026-09-13/pools/qwen-quora-d32/routers/ivf-64-seed42,main-s00104,100,38,1,1000,1,True,True,0.99012,0.9080204999918351,2.1742580005593477,1027.8991849918384,0.9080204999918351,0.9080204999918351,0.9080204999918351,10465840,77660160,2680.159,2792.32,289461.376,77174.472,0.0,0.0,0.0,0,42,8,8192,True,,
prefix,64,/Users/vinroger/DATA/STUDY/latihan/about/exa-interview/e2e-inverted-bitplane-project/data/prefix-study-2026-09-13/pools/qwen-quora-d32/routers/ivf-64-seed42,main-s00191,100,15,1,1000,1,True,True,0.22687,0.043416999687906355,0.08912644825613783,53.31845700129634,0.043416999687906355,0.043416999687906355,0.043416999687906355,10458620,74727424,3291.99,0.0,0.0,0.0,8.493,254.79,8.507,,,,,,16,1000
prefix,64,/Users/vinroger/DATA/STUDY/latihan/about/exa-interview/e2e-inverted-bitplane-project/data/prefix-study-2026-09-13/pools/qwen-quora-d32/routers/ivf-64-seed42,main-s00221,100,44,1,1000,1,True,True,0.82034,1.0126460001629312,1.1231940996367484,939.6591971199086,1.0126460001629312,1.0126460001629312,1.0126460001629312,10458620,74727424,186219.379,0.0,0.0,0.0,1.0,88.0,1.0,,,,,,1,1
prefix,64,/Users/vinroger/DATA/STUDY/latihan/about/exa-interview/e2e-inverted-bitplane-project/data/prefix-study-2026-09-13/pools/qwen-quora-d32/routers/ivf-64-seed42,main-s00151,1,16,1,1000,1,True,True,0.752,0.13320849939191248,0.24408719946222845,131.9432089694601,0.13320849939191248,0.13320849939191248,0.13320849939191248,10458620,74727424,26572.874,0.0,0.0,0.0,1.11,35.52,3.89,,,,,,4,1000
branch,1024,/Users/vinroger/DATA/STUDY/latihan/about/exa-interview/e2e-inverted-bitplane-project/data/prefix-study-2026-09-13/pools/qwen-quora-d32/routers/ivf-1024-seed42,main-s00256,1,125,1,1000,1,True,True,0.95,0.291958500383771,0.37645354914275225,297.4291219616134,0.291958500383771,0.291958500383771,0.291958500383771,10587184,81248256,2404.91,1155.078,8931.352,1139.895,0.0,0.0,0.0,0,42,32,8192,False,,
branch,1024,/Users/vinroger/DATA/STUDY/latihan/about/exa-interview/e2e-inverted-bitplane-project/data/prefix-study-2026-09-13/pools/qwen-quora-d32/routers/ivf-1024-seed42,main-s00295,100,213,1,1000,1,True,True,0.9504,0.6688124994980171,0.716304450907046,668.215524918196,0.6688124994980171,0.6688124994980171,0.6688124994980171,10587184,81248256,109362.477,213.0,0.0,1812.873,0.0,0.0,0.0,0,42,2048,8192,False,,
branch,1024,/Users/vinroger/DATA/STUDY/latihan/about/exa-interview/e2e-inverted-bitplane-project/data/prefix-study-2026-09-13/pools/qwen-quora-d32/routers/ivf-1024-seed42,main-s00294,100,213,1,1000,1,True,True,0.9504,0.6765829984942684,1.0570271013421007,689.666215905163,0.6765829984942684,0.6765829984942684,0.6765829984942684,10587184,81248256,38843.833,1992.298,12012.317,5750.75,0.0,0.0,0.0,0,42,128,8192,True,,
prefix,1024,/Users/vinroger/DATA/STUDY/latihan/about/exa-interview/e2e-inverted-bitplane-project/data/prefix-study-2026-09-13/pools/qwen-quora-d32/routers/ivf-1024-seed42,main-s00378,100,68,1,1000,1,True,True,0.45333,0.09462500020163134,0.14350625133374706,96.31678402729449,0.09462500020163134,0.09462500020163134,0.09462500020163134,10458620,76644352,8253.123,0.0,0.0,0.0,1.08,146.88,3.92,,,,,,4,100
prefix,1024,/Users/vinroger/DATA/STUDY/latihan/about/exa-interview/e2e-inverted-bitplane-project/data/prefix-study-2026-09-13/pools/qwen-quora-d32/routers/ivf-1024-seed42,main-s00377,100,68,1,1000,1,True,True,0.66175,0.15562549924652558,0.18371314854448428,154.14971503196284,0.15562549924652558,0.15562549924652558,0.15562549924652558,10458620,76644352,20004.784,0.0,0.0,0.0,1.0,136.0,1.0,,,,,,1,1
prefix,1024,/Users/vinroger/DATA/STUDY/latihan/about/exa-interview/e2e-inverted-bitplane-project/data/prefix-study-2026-09-13/pools/qwen-quora-d32/routers/ivf-1024-seed42,main-s00404,100,419,1,1000,1,True,True,0.81609,0.7195000016508857,0.8086672984063624,694.2612180027936,0.7195000016508857,0.7195000016508857,0.7195000016508857,10458620,76644352,114429.936,0.0,0.0,0.0,1.0,838.0,1.0,,,,,,1,1
branch,4096,/Users/vinroger/DATA/STUDY/latihan/about/exa-interview/e2e-inverted-bitplane-project/data/prefix-study-2026-09-13/pools/qwen-quora-d32/routers/ivf-4096-seed42,main-s00455,1,860,1,1000,1,True,True,0.99,1.2997089997952571,1.654691997646296,1304.966577074083,1.2997089997952571,1.2997089997952571,1.2997089997952571,10969392,78954496,14702.686,4980.675,10782.214,2078.731,0.0,0.0,0.0,0,42,32,8192,True,,
branch,4096,/Users/vinroger/DATA/STUDY/latihan/about/exa-interview/e2e-inverted-bitplane-project/data/prefix-study-2026-09-13/pools/qwen-quora-d32/routers/ivf-4096-seed42,main-s00447,1,344,1,1000,1,True,True,0.792,0.21545900017372333,0.2307089998794254,216.47520103579154,0.21545900017372333,0.21545900017372333,0.21545900017372333,10969392,78954496,1248.738,512.0,1184.185,160.188,0.0,0.0,0.0,0,42,32,512,True,,
branch,4096,/Users/vinroger/DATA/STUDY/latihan/about/exa-interview/e2e-inverted-bitplane-project/data/prefix-study-2026-09-13/pools/qwen-quora-d32/routers/ivf-4096-seed42,main-s00475,100,201,1,1000,1,True,True,0.80013,0.2655415009940043,0.29233509940240765,266.1280109859945,0.2655415009940043,0.2655415009940043,0.2655415009940043,10969392,78954496,26122.829,201.0,0.0,505.569,0.0,0.0,0.0,0,42,2048,8192,False,,
prefix,4096,/Users/vinroger/DATA/STUDY/latihan/about/exa-interview/e2e-inverted-bitplane-project/data/prefix-study-2026-09-13/pools/qwen-quora-d32/routers/ivf-4096-seed42,main-s00604,100,1724,1,1000,1,True,True,0.07708,1.4286875011748634,1.8376850968707004,1459.0455140787526,1.4286875011748634,1.4286875011748634,1.4286875011748634,10458620,76283904,194.983,0.0,0.0,0.0,18.703,64487.944,14.297,,,,,,32,100
prefix,4096,/Users/vinroger/DATA/STUDY/latihan/about/exa-interview/e2e-inverted-bitplane-project/data/prefix-study-2026-09-13/pools/qwen-quora-d32/routers/ivf-4096-seed42,main-s00504,1,7,1,1000,1,True,True,0.148,0.019499999325489625,0.021794102212879803,19.705556052940665,0.019499999325489625,0.019499999325489625,0.019499999325489625,10458620,76283904,5.687,0.0,0.0,0.0,13.816,193.424,19.184,,,,,,32,1
prefix,4096,/Users/vinroger/DATA/STUDY/latihan/about/exa-interview/e2e-inverted-bitplane-project/data/prefix-study-2026-09-13/pools/qwen-quora-d32/routers/ivf-4096-seed42,main-s00500,1,7,1,1000,1,True,True,0.508,0.02187500285799615,0.02370799847994931,22.039715040591545,0.02187500285799615,0.02187500285799615,0.02187500285799615,10458620,76283904,957.358,0.0,0.0,0.0,1.0,0.0,0.0,,,,,,0,0
branch,1,,main-s00006,1,1,1,1000,1,True,True,1.0,0.14516699957312085,0.34543364999990445,170.85866694833385,0.14516699957312085,0.14516699957312085,0.14516699957312085,10458672,71122944,147.623,20.6,152944.778,15377.822,0.0,0.0,0.0,0,42,128,8192,True,,
prefix,1,,main-s00030,100,1,1,1000,1,True,True,0.54529,0.4153539994149469,0.7045145484880777,397.57749698037514,0.4153539994149469,0.4153539994149469,0.4153539994149469,10458620,71778304,72775.786,0.0,0.0,0.0,1.0,2.0,4.0,,,,,,4,100
branch,64,/Users/vinroger/DATA/STUDY/latihan/about/exa-interview/e2e-inverted-bitplane-project/data/prefix-study-2026-09-13/pools/qwen-quora-d32/routers/ivf-64-seed42,main-s00108,100,38,1,1000,1,True,True,0.99016,0.5732080007874174,1.2237934508448234,618.6736150011711,0.5732080007874174,0.5732080007874174,0.5732080007874174,10465840,77266944,17815.4,1037.019,102126.784,35071.065,0.0,0.0,0.0,0,42,128,8192,True,,
branch,64,/Users/vinroger/DATA/STUDY/latihan/about/exa-interview/e2e-inverted-bitplane-project/data/prefix-study-2026-09-13/pools/qwen-quora-d32/routers/ivf-64-seed42,main-s00073,1,33,1,1000,1,True,True,0.99,0.3029789986612741,0.3516795002724393,300.53391096225823,0.3029789986612741,0.3029789986612741,0.3029789986612741,10465840,77266944,41797.844,165.022,17672.776,4309.932,0.0,0.0,0.0,0,42,2048,8192,False,,
branch,64,/Users/vinroger/DATA/STUDY/latihan/about/exa-interview/e2e-inverted-bitplane-project/data/prefix-study-2026-09-13/pools/qwen-quora-d32/routers/ivf-64-seed42,main-s00075,1,38,1,1000,1,True,True,0.985,0.15383350000774954,0.18163125059800223,153.557672034367,0.15383350000774954,0.15383350000774954,0.15383350000774954,10465840,77266944,728.905,441.697,52327.599,5185.875,0.0,0.0,0.0,0,42,32,512,True,,
prefix,64,/Users/vinroger/DATA/STUDY/latihan/about/exa-interview/e2e-inverted-bitplane-project/data/prefix-study-2026-09-13/pools/qwen-quora-d32/routers/ivf-64-seed42,main-s00128,1,5,1,1000,1,True,True,0.538,0.017834001482697204,0.03665835229185174,21.50638905368396,0.017834001482697204,0.017834001482697204,0.017834001482697204,10458620,74727424,2264.012,0.0,0.0,0.0,9.929,99.29,7.071,,,,,,16,1000
prefix,64,/Users/vinroger/DATA/STUDY/latihan/about/exa-interview/e2e-inverted-bitplane-project/data/prefix-study-2026-09-13/pools/qwen-quora-d32/routers/ivf-64-seed42,main-s00215,100,44,1,1000,1,True,True,0.9952,1.7542504992889008,1.8367080510870437,1756.1151529116614,1.7542504992889008,1.7542504992889008,1.7542504992889008,10458620,74727424,360575.633,0.0,0.0,0.0,1.0,0.0,0.0,,,,,,0,0
prefix,64,/Users/vinroger/DATA/STUDY/latihan/about/exa-interview/e2e-inverted-bitplane-project/data/prefix-study-2026-09-13/pools/qwen-quora-d32/routers/ivf-64-seed42,main-s00131,1,5,1,1000,1,True,True,0.758,0.11291649752820376,0.14734230153408134,111.30182294436963,0.11291649752820376,0.11291649752820376,0.11291649752820376,10458620,74727424,23119.326,0.0,0.0,0.0,1.0,10.0,1.0,,,,,,1,1
branch,1024,/Users/vinroger/DATA/STUDY/latihan/about/exa-interview/e2e-inverted-bitplane-project/data/prefix-study-2026-09-13/pools/qwen-quora-d32/routers/ivf-1024-seed42,main-s00259,1,125,1,1000,1,True,True,0.95,0.38062500061641913,0.41442020101385424,380.38554597005714,0.38062500061641913,0.38062500061641913,0.38062500061641913,10587184,81313792,64408.865,125.0,0.0,1067.605,0.0,0.0,0.0,0,42,2048,8192,False,,
branch,1024,/Users/vinroger/DATA/STUDY/latihan/about/exa-interview/e2e-inverted-bitplane-project/data/prefix-study-2026-09-13/pools/qwen-quora-d32/routers/ivf-1024-seed42,main-s00239,1,4,1,1000,1,True,True,0.537,0.020332998246885836,0.02804404921334935,21.109963021444855,0.020332998246885836,0.020332998246885836,0.020332998246885836,10587184,81313792,132.403,60.042,487.177,64.655,0.0,0.0,0.0,0,42,32,8192,True,,
branch,1024,/Users/vinroger/DATA/STUDY/latihan/about/exa-interview/e2e-inverted-bitplane-project/data/prefix-study-2026-09-13/pools/qwen-quora-d32/routers/ivf-1024-seed42,main-s00261,1,326,1,1000,1,True,True,0.862,0.17541700071888044,0.1886711497718352,176.56827899554628,0.17541700071888044,0.17541700071888044,0.17541700071888044,10587184,81313792,954.466,512.0,4049.782,433.035,0.0,0.0,0.0,0,42,32,512,True,,
prefix,1024,/Users/vinroger/DATA/STUDY/latihan/about/exa-interview/e2e-inverted-bitplane-project/data/prefix-study-2026-09-13/pools/qwen-quora-d32/routers/ivf-1024-seed42,main-s00400,100,419,1,1000,1,True,True,0.58021,0.35797900090983603,0.5350291527065565,359.0649350480817,0.35797900090983603,0.35797900090983603,0.35797900090983603,10458620,76529664,41761.285,0.0,0.0,0.0,1.2,1005.6,3.8,,,,,,4,10000
prefix,1024,/Users/vinroger/DATA/STUDY/latihan/about/exa-interview/e2e-inverted-bitplane-project/data/prefix-study-2026-09-13/pools/qwen-quora-d32/routers/ivf-1024-seed42,main-s00350,1,326,1,1000,1,True,True,0.905,0.5440415006887633,0.6181184488013969,529.3554220406804,0.5440415006887633,0.5440415006887633,0.5440415006887633,10458620,76529664,90136.529,0.0,0.0,0.0,1.0,652.0,1.0,,,,,,1,1
prefix,1024,/Users/vinroger/DATA/STUDY/latihan/about/exa-interview/e2e-inverted-bitplane-project/data/prefix-study-2026-09-13/pools/qwen-quora-d32/routers/ivf-1024-seed42,main-s00410,100,510,1,1000,1,True,True,0.21532,0.311708001390798,0.5951669982096063,333.8362940303341,0.311708001390798,0.311708001390798,0.311708001390798,10458620,76529664,5244.742,0.0,0.0,0.0,7.501,7651.02,9.499,,,,,,16,1000
branch,4096,/Users/vinroger/DATA/STUDY/latihan/about/exa-interview/e2e-inverted-bitplane-project/data/prefix-study-2026-09-13/pools/qwen-quora-d32/routers/ivf-4096-seed42,main-s00436,1,65,1,1000,1,True,True,0.801,0.13837499864166602,0.17421009852114366,138.94714801790542,0.13837499864166602,0.13837499864166602,0.13837499864166602,10969392,78839808,1340.89,541.204,1256.452,177.099,0.0,0.0,0.0,0,42,32,8192,False,,
branch,4096,/Users/vinroger/DATA/STUDY/latihan/about/exa-interview/e2e-inverted-bitplane-project/data/prefix-study-2026-09-13/pools/qwen-quora-d32/routers/ivf-4096-seed42,main-s00451,1,344,1,1000,1,True,True,0.95,0.380667001081747,0.4108413530047983,380.3406581027957,0.380667001081747,0.380667001081747,0.380667001081747,10969392,78839808,44474.095,344.0,0.0,862.089,0.0,0.0,0.0,0,42,2048,8192,False,,
branch,4096,/Users/vinroger/DATA/STUDY/latihan/about/exa-interview/e2e-inverted-bitplane-project/data/prefix-study-2026-09-13/pools/qwen-quora-d32/routers/ivf-4096-seed42,main-s00471,100,201,1,1000,1,True,True,0.52855,0.19158299983246252,0.2037110516539542,192.27442098781466,0.19158299983246252,0.19158299983246252,0.19158299983246252,10969392,78839808,1248.738,512.0,1184.185,160.188,0.0,0.0,0.0,0,42,32,512,True,,
prefix,4096,/Users/vinroger/DATA/STUDY/latihan/about/exa-interview/e2e-inverted-bitplane-project/data/prefix-study-2026-09-13/pools/qwen-quora-d32/routers/ivf-4096-seed42,main-s00515,1,65,1,1000,1,True,True,0.736,0.06779199975426309,0.07929615003376966,68.1506039982196,0.06779199975426309,0.06779199975426309,0.06779199975426309,10458620,76251136,5169.027,0.0,0.0,0.0,1.0,130.0,1.0,,,,,,1,1
prefix,4096,/Users/vinroger/DATA/STUDY/latihan/about/exa-interview/e2e-inverted-bitplane-project/data/prefix-study-2026-09-13/pools/qwen-quora-d32/routers/ivf-4096-seed42,main-s00600,100,1724,1,1000,1,True,True,0.99501,1.614875500308699,1.694089299235202,1616.6724480244739,1.614875500308699,1.614875500308699,1.614875500308699,10458620,76251136,220478.628,0.0,0.0,0.0,2.0,3448.0,0.0,,,,,,1,261465
prefix,4096,/Users/vinroger/DATA/STUDY/latihan/about/exa-interview/e2e-inverted-bitplane-project/data/prefix-study-2026-09-13/pools/qwen-quora-d32/routers/ivf-4096-seed42,main-s00591,100,1398,1,1000,1,True,True,0.99,1.366021000649198,1.4870163473460707,1373.5283600108232,1.366021000649198,1.366021000649198,1.366021000649198,10458620,76251136,179006.372,0.0,0.0,0.0,2.0,2796.0,0.0,,,,,,1,261465
branch,1,,main-s00008,100,1,1,1000,1,True,True,1.0,3.552207999746315,9.445535747363456,4379.350231069111,3.552207999746315,3.552207999746315,3.552207999746315,10458672,136642560,504.448,428.724,2646423.48,856680.324,0.0,0.0,0.0,0,42,8,8192,True,,
prefix,1,,main-s00017,1,1,1,1000,1,True,True,0.495,0.011166001058882102,0.024879150259948798,27.444458057289012,0.011166001058882102,0.011166001058882102,0.011166001058882102,10458620,72073216,4954.733,0.0,0.0,0.0,7.134,14.268,9.866,,,,,,16,1000
branch,64,/Users/vinroger/DATA/STUDY/latihan/about/exa-interview/e2e-inverted-bitplane-project/data/prefix-study-2026-09-13/pools/qwen-quora-d32/routers/ivf-64-seed42,main-s00079,1,38,1,1000,1,True,True,0.995,0.34027099718514364,0.39338955120911123,337.65046996995807,0.34027099718514364,0.34027099718514364,0.34027099718514364,10465840,77381632,47394.564,185.022,19622.203,4944.647,0.0,0.0,0.0,0,42,2048,8192,False,,
branch,64,/Users/vinroger/DATA/STUDY/latihan/about/exa-interview/e2e-inverted-bitplane-project/data/prefix-study-2026-09-13/pools/qwen-quora-d32/routers/ivf-64-seed42,main-s00095,100,15,1,1000,1,True,True,0.90168,0.35418749939708505,0.800166348562925,396.1453249758051,0.35418749939708505,0.35418749939708505,0.35418749939708505,10465840,77381632,4018.433,969.081,98169.912,30902.932,0.0,0.0,0.0,0,42,32,8192,True,,
branch,64,/Users/vinroger/DATA/STUDY/latihan/about/exa-interview/e2e-inverted-bitplane-project/data/prefix-study-2026-09-13/pools/qwen-quora-d32/routers/ivf-64-seed42,main-s00098,100,23,1,1000,1,True,True,0.95488,0.6571044996235287,1.554266049242869,755.9988119646732,0.6571044996235287,0.6571044996235287,0.6571044996235287,10465840,77381632,2078.225,2099.003,217399.242,59834.762,0.0,0.0,0.0,0,42,8,8192,True,,
prefix,64,/Users/vinroger/DATA/STUDY/latihan/about/exa-interview/e2e-inverted-bitplane-project/data/prefix-study-2026-09-13/pools/qwen-quora-d32/routers/ivf-64-seed42,main-s00167,1,38,1,1000,1,True,True,0.909,0.8290629994007759,0.9316353998656268,776.6073829334346,0.8290629994007759,0.8290629994007759,0.8290629994007759,10458620,75251712,161968.954,0.0,0.0,0.0,1.0,76.0,1.0,,,,,,1,1
prefix,64,/Users/vinroger/DATA/STUDY/latihan/about/exa-interview/e2e-inverted-bitplane-project/data/prefix-study-2026-09-13/pools/qwen-quora-d32/routers/ivf-64-seed42,main-s00154,1,33,1,1000,1,True,True,0.781,0.24658300026203506,0.43421220179880027,240.44152797796414,0.24658300026203506,0.24658300026203506,0.24658300026203506,10458620,75251712,48947.498,0.0,0.0,0.0,1.143,75.438,3.857,,,,,,4,10000
prefix,64,/Users/vinroger/DATA/STUDY/latihan/about/exa-interview/e2e-inverted-bitplane-project/data/prefix-study-2026-09-13/pools/qwen-quora-d32/routers/ivf-64-seed42,main-s00125,1,5,1,1000,1,True,True,0.822,0.19666699881781824,0.2549494016420794,200.72394805174554,0.19666699881781824,0.19666699881781824,0.19666699881781824,10458620,75251712,42530.179,0.0,0.0,0.0,1.0,0.0,0.0,,,,,,0,0
branch,1024,/Users/vinroger/DATA/STUDY/latihan/about/exa-interview/e2e-inverted-bitplane-project/data/prefix-study-2026-09-13/pools/qwen-quora-d32/routers/ivf-1024-seed42,main-s00291,100,213,1,1000,1,True,True,0.5672,0.1758124999469146,0.18987705134350108,176.9763470001635,0.1758124999469146,0.1758124999469146,0.1758124999469146,10587184,81379328,954.466,512.0,4049.782,433.035,0.0,0.0,0.0,0,42,32,512,True,,
branch,1024,/Users/vinroger/DATA/STUDY/latihan/about/exa-interview/e2e-inverted-bitplane-project/data/prefix-study-2026-09-13/pools/qwen-quora-d32/routers/ivf-1024-seed42,main-s00304,100,510,1,1000,1,True,True,0.99222,1.769457998307189,2.078795849774906,1638.834047036653,1.769457998307189,1.769457998307189,1.769457998307189,10587184,81379328,25739.725,6501.132,42313.242,14381.137,0.0,0.0,0.0,0,42,32,8192,False,,
branch,1024,/Users/vinroger/DATA/STUDY/latihan/about/exa-interview/e2e-inverted-bitplane-project/data/prefix-study-2026-09-13/pools/qwen-quora-d32/routers/ivf-1024-seed42,main-s00285,100,133,1,1000,1,True,True,0.5672,0.15637499927834142,0.16785899770184184,157.1433319877542,0.15637499927834142,0.15637499927834142,0.15637499927834142,10587184,81379328,954.466,512.0,4049.782,433.035,0.0,0.0,0.0,0,42,32,512,True,,
prefix,1024,/Users/vinroger/DATA/STUDY/latihan/about/exa-interview/e2e-inverted-bitplane-project/data/prefix-study-2026-09-13/pools/qwen-quora-d32/routers/ivf-1024-seed42,main-s00391,100,213,1,1000,1,True,True,0.6079,0.23872900055721402,0.4089124993697623,251.7224270668521,0.23872900055721402,0.23872900055721402,0.23872900055721402,10458620,76775424,28630.004,0.0,0.0,0.0,1.528,650.928,3.472,,,,,,4,10000
prefix,1024,/Users/vinroger/DATA/STUDY/latihan/about/exa-interview/e2e-inverted-bitplane-project/data/prefix-study-2026-09-13/pools/qwen-quora-d32/routers/ivf-1024-seed42,main-s00398,100,419,1,1000,1,True,True,0.99006,1.1130835009680595,1.169510449290101,1112.6243110047653,1.1130835009680595,1.1130835009680595,1.1130835009680595,10458620,76775424,214374.115,0.0,0.0,0.0,1.0,0.0,0.0,,,,,,0,0
prefix,1024,/Users/vinroger/DATA/STUDY/latihan/about/exa-interview/e2e-inverted-bitplane-project/data/prefix-study-2026-09-13/pools/qwen-quora-d32/routers/ivf-1024-seed42,main-s00413,100,510,1,1000,1,True,True,0.82031,0.8699584996065823,0.9608812506485265,829.5080959833285,0.8699584996065823,0.8699584996065823,0.8699584996065823,10458620,76775424,137918.307,0.0,0.0,0.0,1.0,1020.0,1.0,,,,,,1,1
branch,4096,/Users/vinroger/DATA/STUDY/latihan/about/exa-interview/e2e-inverted-bitplane-project/data/prefix-study-2026-09-13/pools/qwen-quora-d32/routers/ivf-4096-seed42,main-s00482,100,671,1,1000,1,True,True,0.92164,1.8251670007884968,1.927192002585798,1779.0425320163195,1.8251670007884968,1.8251670007884968,1.8251670007884968,10969392,79216640,6478.203,7844.85,16452.405,3780.775,0.0,0.0,0.0,0,42,8,8192,True,,
branch,4096,/Users/vinroger/DATA/STUDY/latihan/about/exa-interview/e2e-inverted-bitplane-project/data/prefix-study-2026-09-13/pools/qwen-quora-d32/routers/ivf-4096-seed42,main-s00453,1,860,1,1000,1,True,True,0.792,0.34049999885610305,0.3636375002315617,341.80448793267715,0.34049999885610305,0.34049999885610305,0.34049999885610305,10969392,79216640,1248.738,512.0,1184.185,160.188,0.0,0.0,0.0,0,42,32,512,True,,
branch,4096,/Users/vinroger/DATA/STUDY/latihan/about/exa-interview/e2e-inverted-bitplane-project/data/prefix-study-2026-09-13/pools/qwen-quora-d32/routers/ivf-4096-seed42,main-s00444,1,175,1,1000,1,True,True,0.901,0.22524999985762406,0.2680249997865758,227.97661701770267,0.22524999985762406,0.22524999985762406,0.22524999985762406,10969392,79216640,16376.777,427.312,846.145,441.247,0.0,0.0,0.0,0,42,128,8192,True,,
prefix,4096,/Users/vinroger/DATA/STUDY/latihan/about/exa-interview/e2e-inverted-bitplane-project/data/prefix-study-2026-09-13/pools/qwen-quora-d32/routers/ivf-4096-seed42,main-s00562,100,33,1,1000,1,True,True,0.37082,0.059186999351368286,0.0744999999369611,60.28261802930501,0.059186999351368286,0.059186999351368286,0.059186999351368286,10458620,76464128,1957.499,0.0,0.0,0.0,1.99,130.944,3.01,,,,,,4,1000
prefix,4096,/Users/vinroger/DATA/STUDY/latihan/about/exa-interview/e2e-inverted-bitplane-project/data/prefix-study-2026-09-13/pools/qwen-quora-d32/routers/ivf-4096-seed42,main-s00578,100,411,1,1000,1,True,True,0.74275,0.33837499904620927,0.37814375154994195,338.06249193366966,0.33837499904620927,0.33837499904620927,0.33837499904620927,10458620,76464128,30109.014,0.0,0.0,0.0,1.0,822.0,1.0,,,,,,1,1
prefix,4096,/Users/vinroger/DATA/STUDY/latihan/about/exa-interview/e2e-inverted-bitplane-project/data/prefix-study-2026-09-13/pools/qwen-quora-d32/routers/ivf-4096-seed42,main-s00606,100,1724,1,1000,1,True,True,0.54267,0.7418334989779396,0.9066027487278916,721.9040890740871,0.7418334989779396,0.7418334989779396,0.7418334989779396,10458620,76464128,39203.512,0.0,0.0,0.0,1.006,3468.688,3.994,,,,,,4,100
branch,1,,main-s00002,1,1,1,1000,1,True,True,1.0,0.19002050066774245,0.613499350765777,257.24844109936384,0.19002050066774245,0.19002050066774245,0.19002050066774245,10458672,75169792,15.687,31.224,229090.327,26040.977,0.0,0.0,0.0,0,42,8,8192,True,,
prefix,1,,main-s00026,100,1,1,1000,1,True,True,0.19186,0.030250001145759597,0.05086635119369018,47.77875802028575,0.030250001145759597,0.030250001145759597,0.030250001145759597,10458620,71680000,4954.733,0.0,0.0,0.0,7.134,14.268,9.866,,,,,,16,1000
branch,64,/Users/vinroger/DATA/STUDY/latihan/about/exa-interview/e2e-inverted-bitplane-project/data/prefix-study-2026-09-13/pools/qwen-quora-d32/routers/ivf-64-seed42,main-s00114,100,44,1,1000,1,True,True,0.9952,0.6314379988907604,1.3504673004717913,687.76224803878,0.6314379988907604,0.6314379988907604,0.6314379988907604,10465840,77103104,19485.87,1140.486,112192.506,38499.311,0.0,0.0,0.0,0,42,128,8192,True,,
branch,64,/Users/vinroger/DATA/STUDY/latihan/about/exa-interview/e2e-inverted-bitplane-project/data/prefix-study-2026-09-13/pools/qwen-quora-d32/routers/ivf-64-seed42,main-s00090,100,9,1,1000,1,True,True,0.81261,0.2210629991168389,0.4486006499064388,239.05069298416493,0.2210629991168389,0.2210629991168389,0.2210629991168389,10465840,77103104,6976.433,380.605,37777.947,13562.127,0.0,0.0,0.0,0,42,128,8192,True,,
branch,64,/Users/vinroger/DATA/STUDY/latihan/about/exa-interview/e2e-inverted-bitplane-project/data/prefix-study-2026-09-13/pools/qwen-quora-d32/routers/ivf-64-seed42,main-s00109,100,38,1,1000,1,True,True,0.99016,0.6571459998667706,1.3837416490787289,746.6750020503241,0.6571459998667706,0.6571459998667706,0.6571459998667706,10465840,77103104,102087.988,276.406,24537.79,12669.983,0.0,0.0,0.0,0,42,2048,8192,False,,
prefix,64,/Users/vinroger/DATA/STUDY/latihan/about/exa-interview/e2e-inverted-bitplane-project/data/prefix-study-2026-09-13/pools/qwen-quora-d32/routers/ivf-64-seed42,main-s00139,1,9,1,1000,1,True,True,0.371,0.018250000721309334,0.023420199613610745,19.995673068478936,0.018250000721309334,0.018250000721309334,0.018250000721309334,10458620,74858496,500.212,0.0,0.0,0.0,20.365,366.57,12.635,,,,,,32,100
prefix,64,/Users/vinroger/DATA/STUDY/latihan/about/exa-interview/e2e-inverted-bitplane-project/data/prefix-study-2026-09-13/pools/qwen-quora-d32/routers/ivf-64-seed42,main-s00127,1,5,1,1000,1,True,True,0.743,0.0868540009832941,0.1397562484271475,90.28470799967181,0.0868540009832941,0.0868540009832941,0.0868540009832941,10458620,74858496,18287.605,0.0,0.0,0.0,2.337,23.3,2.663,,,,,,4,10000
prefix,64,/Users/vinroger/DATA/STUDY/latihan/about/exa-interview/e2e-inverted-bitplane-project/data/prefix-study-2026-09-13/pools/qwen-quora-d32/routers/ivf-64-seed42,main-s00207,100,38,1,1000,1,True,True,0.99016,1.5303335003409302,1.6120479000164778,1531.0598830183153,1.5303335003409302,1.5303335003409302,1.5303335003409302,10458620,74858496,311976.533,0.0,0.0,0.0,2.0,76.0,0.0,,,,,,1,261465
branch,1024,/Users/vinroger/DATA/STUDY/latihan/about/exa-interview/e2e-inverted-bitplane-project/data/prefix-study-2026-09-13/pools/qwen-quora-d32/routers/ivf-1024-seed42,main-s00272,100,12,1,1000,1,True,True,0.50469,0.18654199993761722,0.2856047995010158,189.086715108715,0.18654199993761722,0.18654199993761722,0.18654199993761722,10587184,80953344,1153.238,954.97,6303.191,2308.305,0.0,0.0,0.0,0,42,8,8192,True,,
branch,1024,/Users/vinroger/DATA/STUDY/latihan/about/exa-interview/e2e-inverted-bitplane-project/data/prefix-study-2026-09-13/pools/qwen-quora-d32/routers/ivf-1024-seed42,main-s00258,1,125,1,1000,1,True,True,0.95,0.24718750137253664,0.30992500196589384,249.44025398872327,0.24718750137253664,0.24718750137253664,0.24718750137253664,10587184,80953344,9611.213,794.72,5925.902,1090.503,0.0,0.0,0.0,0,42,128,8192,True,,
branch,1024,/Users/vinroger/DATA/STUDY/latihan/about/exa-interview/e2e-inverted-bitplane-project/data/prefix-study-2026-09-13/pools/qwen-quora-d32/routers/ivf-1024-seed42,main-s00238,1,4,1,1000,1,True,True,0.537,0.01964550028787926,0.02721940018091117,20.45813291988452,0.01964550028787926,0.01964550028787926,0.01964550028787926,10587184,80953344,132.403,60.042,487.177,64.655,0.0,0.0,0.0,0,42,32,8192,False,,
prefix,1024,/Users/vinroger/DATA/STUDY/latihan/about/exa-interview/e2e-inverted-bitplane-project/data/prefix-study-2026-09-13/pools/qwen-quora-d32/routers/ivf-1024-seed42,main-s00367,100,12,1,1000,1,True,True,0.12041,0.031207997380988672,0.0426131507992977,32.720881019486114,0.031207997380988672,0.031207997380988672,0.031207997380988672,10458620,76333056,275.386,0.0,0.0,0.0,23.876,573.024,9.124,,,,,,32,100
prefix,1024,/Users/vinroger/DATA/STUDY/latihan/about/exa-interview/e2e-inverted-bitplane-project/data/prefix-study-2026-09-13/pools/qwen-quora-d32/routers/ivf-1024-seed42,main-s00379,100,68,1,1000,1,True,True,0.46916,0.09627100007492118,0.14425209974433528,97.56295298939222,0.09627100007492118,0.09627100007492118,0.09627100007492118,10458620,76333056,8552.893,0.0,0.0,0.0,1.124,152.864,3.876,,,,,,4,1000
prefix,1024,/Users/vinroger/DATA/STUDY/latihan/about/exa-interview/e2e-inverted-bitplane-project/data/prefix-study-2026-09-13/pools/qwen-quora-d32/routers/ivf-1024-seed42,main-s00336,1,125,1,1000,1,True,True,0.95,0.35552050030673854,0.3859663493130938,355.1504530114471,0.35552050030673854,0.35552050030673854,0.35552050030673854,10458620,76333056,64408.865,0.0,0.0,0.0,2.0,250.0,0.0,,,,,,1,261465
branch,4096,/Users/vinroger/DATA/STUDY/latihan/about/exa-interview/e2e-inverted-bitplane-project/data/prefix-study-2026-09-13/pools/qwen-quora-d32/routers/ivf-4096-seed42,main-s00477,100,411,1,1000,1,True,True,0.52855,0.2569794996816199,0.2738381506787846,257.4298689905845,0.2569794996816199,0.2569794996816199,0.2569794996816199,10969392,78938112,1248.738,512.0,1184.185,160.188,0.0,0.0,0.0,0,42,32,512,True,,
branch,4096,/Users/vinroger/DATA/STUDY/latihan/about/exa-interview/e2e-inverted-bitplane-project/data/prefix-study-2026-09-13/pools/qwen-quora-d32/routers/ivf-4096-seed42,main-s00483,100,671,1,1000,1,True,True,0.52855,0.31781250072526745,0.3417562475078739,319.2303949363122,0.31781250072526745,0.31781250072526745,0.31781250072526745,10969392,78938112,1248.738,512.0,1184.185,160.188,0.0,0.0,0.0,0,42,32,512,True,,
branch,4096,/Users/vinroger/DATA/STUDY/latihan/about/exa-interview/e2e-inverted-bitplane-project/data/prefix-study-2026-09-13/pools/qwen-quora-d32/routers/ivf-4096-seed42,main-s00431,1,7,1,1000,1,True,True,0.508,0.03045799894607626,0.03712499892571941,30.988628019258613,0.03045799894607626,0.03045799894607626,0.03045799894607626,10969392,78938112,182.687,76.893,186.028,25.398,0.0,0.0,0.0,0,42,32,8192,True,,
prefix,4096,/Users/vinroger/DATA/STUDY/latihan/about/exa-interview/e2e-inverted-bitplane-project/data/prefix-study-2026-09-13/pools/qwen-quora-d32/routers/ivf-4096-seed42,main-s00523,1,175,1,1000,1,True,True,0.417,0.16427050104539376,0.19743750053748949,165.47629497290473,0.16427050104539376,0.16427050104539376,0.16427050104539376,10458620,76365824,472.507,0.0,0.0,0.0,21.514,7529.9,11.486,,,,,,32,100
prefix,4096,/Users/vinroger/DATA/STUDY/latihan/about/exa-interview/e2e-inverted-bitplane-project/data/prefix-study-2026-09-13/pools/qwen-quora-d32/routers/ivf-4096-seed42,main-s00599,100,1724,1,1000,1,True,True,0.99501,1.4200835012161406,1.4875607485009823,1420.6226470705587,1.4200835012161406,1.4200835012161406,1.4200835012161406,10458620,76365824,220478.628,0.0,0.0,0.0,1.0,0.0,0.0,,,,,,0,0
prefix,4096,/Users/vinroger/DATA/STUDY/latihan/about/exa-interview/e2e-inverted-bitplane-project/data/prefix-study-2026-09-13/pools/qwen-quora-d32/routers/ivf-4096-seed42,main-s00543,1,860,1,1000,1,True,True,0.742,0.3985409985034494,0.5035586500525824,393.62853899001493,0.3985409985034494,0.3985409985034494,0.3985409985034494,10458620,76365824,22297.233,0.0,0.0,0.0,1.031,1773.32,3.969,,,,,,4,100
prefix,1,,main-s00028,100,1,1,1000,1,True,True,0.07297,0.013500000932253897,0.020679497538367276,14.57758600008674,0.013500000932253897,0.013500000932253897,0.013500000932253897,10458620,72089600,184.951,0.0,0.0,0.0,18.28,36.56,14.72,,,,,,32,100
branch,64,/Users/vinroger/DATA/STUDY/latihan/about/exa-interview/e2e-inverted-bitplane-project/data/prefix-study-2026-09-13/pools/qwen-quora-d32/routers/ivf-64-seed42,main-s00115,100,44,1,1000,1,True,True,0.9952,0.710625001374865,1.5469752994249575,822.3712419858202,0.710625001374865,0.710625001374865,0.710625001374865,10465840,77512704,114101.792,309.119,27363.493,14166.466,0.0,0.0,0.0,0,42,2048,8192,False,,
branch,64,/Users/vinroger/DATA/STUDY/latihan/about/exa-interview/e2e-inverted-bitplane-project/data/prefix-study-2026-09-13/pools/qwen-quora-d32/routers/ivf-64-seed42,main-s00096,100,15,1,1000,1,True,True,0.90168,0.30991650055511855,0.6370142504238174,333.9254949860333,0.30991650055511855,0.30991650055511855,0.30991650055511855,10465840,77512704,9754.882,546.338,54171.966,18983.084,0.0,0.0,0.0,0,42,128,8192,True,,
branch,64,/Users/vinroger/DATA/STUDY/latihan/about/exa-interview/e2e-inverted-bitplane-project/data/prefix-study-2026-09-13/pools/qwen-quora-d32/routers/ivf-64-seed42,main-s00087,100,9,1,1000,1,True,True,0.8,0.20083300114492886,0.2225514524980099,188.17265903271618,0.20083300114492886,0.20083300114492886,0.20083300114492886,10465840,77512704,1735.939,458.915,48581.747,13149.519,0.0,0.0,0.0,0,42,32,512,True,,
prefix,64,/Users/vinroger/DATA/STUDY/latihan/about/exa-interview/e2e-inverted-bitplane-project/data/prefix-study-2026-09-13/pools/qwen-quora-d32/routers/ivf-64-seed42,main-s00187,100,9,1,1000,1,True,True,0.474,0.11402050222386606,0.20197355261188932,116.11441297645797,0.11402050222386606,0.11402050222386606,0.11402050222386606,10458620,74809344,15993.235,0.0,0.0,0.0,1.114,20.052,3.886,,,,,,4,1000
prefix,64,/Users/vinroger/DATA/STUDY/latihan/about/exa-interview/e2e-inverted-bitplane-project/data/prefix-study-2026-09-13/pools/qwen-quora-d32/routers/ivf-64-seed42,main-s00208,100,38,1,1000,1,True,True,0.57646,0.3168539988109842,0.5221396027991432,308.6345740921388,0.3168539988109842,0.3168539988109842,0.3168539988109842,10458620,74809344,54623.907,0.0,0.0,0.0,1.132,86.032,3.868,,,,,,4,10000
prefix,64,/Users/vinroger/DATA/STUDY/latihan/about/exa-interview/e2e-inverted-bitplane-project/data/prefix-study-2026-09-13/pools/qwen-quora-d32/routers/ivf-64-seed42,main-s00212,100,38,1,1000,1,True,True,0.81607,0.8745630002522375,0.9825315510170184,823.9185449565412,0.8745630002522375,0.8745630002522375,0.8745630002522375,10458620,74809344,161968.954,0.0,0.0,0.0,1.0,76.0,1.0,,,,,,1,1
branch,1024,/Users/vinroger/DATA/STUDY/latihan/about/exa-interview/e2e-inverted-bitplane-project/data/prefix-study-2026-09-13/pools/qwen-quora-d32/routers/ivf-1024-seed42,main-s00247,1,30,1,1000,1,True,True,0.806,0.10085449866892304,0.11380240066500845,100.65017694068956,0.10085449866892304,0.10085449866892304,0.10085449866892304,10587184,80904192,15645.096,30.0,0.0,259.255,0.0,0.0,0.0,0,42,2048,8192,False,,
branch,1024,/Users/vinroger/DATA/STUDY/latihan/about/exa-interview/e2e-inverted-bitplane-project/data/prefix-study-2026-09-13/pools/qwen-quora-d32/routers/ivf-1024-seed42,main-s00244,1,30,1,1000,1,True,True,0.806,0.08608300049672835,0.11346729843353386,88.10962209099671,0.08608300049672835,0.08608300049672835,0.08608300049672835,10587184,80904192,677.033,338.98,2684.228,314.937,0.0,0.0,0.0,0,42,32,8192,False,,
branch,1024,/Users/vinroger/DATA/STUDY/latihan/about/exa-interview/e2e-inverted-bitplane-project/data/prefix-study-2026-09-13/pools/qwen-quora-d32/routers/ivf-1024-seed42,main-s00242,1,30,1,1000,1,True,True,0.806,0.09445900104765315,0.14209229811967816,98.36140497282031,0.09445900104765315,0.09445900104765315,0.09445900104765315,10587184,80904192,193.48,442.371,3534.828,349.396,0.0,0.0,0.0,0,42,8,8192,True,,
prefix,1024,/Users/vinroger/DATA/STUDY/latihan/about/exa-interview/e2e-inverted-bitplane-project/data/prefix-study-2026-09-13/pools/qwen-quora-d32/routers/ivf-1024-seed42,main-s00359,1,353,1,1000,1,True,True,0.909,0.5825629996252246,0.6626205027714605,563.8214479840826,0.5825629996252246,0.5825629996252246,0.5825629996252246,10458620,76267520,97211.961,0.0,0.0,0.0,1.0,706.0,1.0,,,,,,1,1
prefix,1024,/Users/vinroger/DATA/STUDY/latihan/about/exa-interview/e2e-inverted-bitplane-project/data/prefix-study-2026-09-13/pools/qwen-quora-d32/routers/ivf-1024-seed42,main-s00355,1,353,1,1000,1,True,True,0.799,0.28585449945239816,0.4376684528324403,289.7569719971216,0.28585449945239816,0.28585449945239816,0.28585449945239816,10458620,76267520,36987.782,0.0,0.0,0.0,1.253,884.618,3.747,,,,,,4,10000
prefix,1024,/Users/vinroger/DATA/STUDY/latihan/about/exa-interview/e2e-inverted-bitplane-project/data/prefix-study-2026-09-13/pools/qwen-quora-d32/routers/ivf-1024-seed42,main-s00340,1,125,1,1000,1,True,True,0.384,0.12106250142096542,0.1443024000764126,121.76066598112811,0.12106250142096542,0.12106250142096542,0.12106250142096542,10458620,76267520,521.08,0.0,0.0,0.0,20.171,5042.75,12.829,,,,,,32,100
branch,4096,/Users/vinroger/DATA/STUDY/latihan/about/exa-interview/e2e-inverted-bitplane-project/data/prefix-study-2026-09-13/pools/qwen-quora-d32/routers/ivf-4096-seed42,main-s00460,1,1136,1,1000,1,True,True,0.97,1.6004585013433825,1.983100599318277,1590.6304350610299,1.6004585013433825,1.6004585013433825,1.6004585013433825,10969392,79101952,18711.502,6234.766,13377.527,2672.887,0.0,0.0,0.0,0,42,32,8192,False,,
branch,4096,/Users/vinroger/DATA/STUDY/latihan/about/exa-interview/e2e-inverted-bitplane-project/data/prefix-study-2026-09-13/pools/qwen-quora-d32/routers/ivf-4096-seed42,main-s00454,1,860,1,1000,1,True,True,0.99,1.2730415000987705,1.6072646001703106,1270.9365610062378,1.2730415000987705,1.2730415000987705,1.2730415000987705,10969392,79101952,14702.649,4980.675,10782.194,2078.743,0.0,0.0,0.0,0,42,32,8192,False,,
branch,4096,/Users/vinroger/DATA/STUDY/latihan/about/exa-interview/e2e-inverted-bitplane-project/data/prefix-study-2026-09-13/pools/qwen-quora-d32/routers/ivf-4096-seed42,main-s00489,100,1398,1,1000,1,True,True,0.52855,0.46016650048841257,0.4938978989230236,462.4033339059679,0.46016650048841257,0.46016650048841257,0.46016650048841257,10969392,79101952,1248.738,512.0,1184.185,160.188,0.0,0.0,0.0,0,42,32,512,True,,
prefix,4096,/Users/vinroger/DATA/STUDY/latihan/about/exa-interview/e2e-inverted-bitplane-project/data/prefix-study-2026-09-13/pools/qwen-quora-d32/routers/ivf-4096-seed42,main-s00594,100,1398,1,1000,1,True,True,0.00823,0.7459375010512304,1.1056729495976467,742.2856760204013,0.7459375010512304,0.7459375010512304,0.7459375010512304,10458620,76152832,2.823,0.0,0.0,0.0,9.197,25714.812,23.803,,,,,,32,1
prefix,4096,/Users/vinroger/DATA/STUDY/latihan/about/exa-interview/e2e-inverted-bitplane-project/data/prefix-study-2026-09-13/pools/qwen-quora-d32/routers/ivf-4096-seed42,main-s00558,100,33,1,1000,1,True,True,0.0105,0.03412499791011214,0.04058605009049643,34.32581094966736,0.03412499791011214,0.03412499791011214,0.03412499791011214,10458620,76152832,9.249,0.0,0.0,0.0,11.626,767.316,21.374,,,,,,32,1
prefix,4096,/Users/vinroger/DATA/STUDY/latihan/about/exa-interview/e2e-inverted-bitplane-project/data/prefix-study-2026-09-13/pools/qwen-quora-d32/routers/ivf-4096-seed42,main-s00598,100,1398,1,1000,1,True,True,0.57425,0.619229498624918,0.7590711491502589,609.8702730596415,0.619229498624918,0.619229498624918,0.619229498624918,10458620,76152832,35710.488,0.0,0.0,0.0,1.11,3103.56,3.89,,,,,,4,1000
prefix,1,,main-s00016,1,1,1,1000,1,True,True,0.787,0.356625001586508,0.639129199043964,377.88630298746284,0.356625001586508,0.356625001586508,0.356625001586508,10458620,71958528,79526.459,0.0,0.0,0.0,1.11,2.22,3.89,,,,,,4,10000
branch,64,/Users/vinroger/DATA/STUDY/latihan/about/exa-interview/e2e-inverted-bitplane-project/data/prefix-study-2026-09-13/pools/qwen-quora-d32/routers/ivf-64-seed42,main-s00054,1,5,1,1000,1,True,True,0.822,0.03245799962314777,0.054064900541561635,35.056025939411484,0.03245799962314777,0.03245799962314777,0.03245799962314777,10465840,77348864,523.26,67.621,8271.133,903.897,0.0,0.0,0.0,0,42,128,8192,True,,
branch,64,/Users/vinroger/DATA/STUDY/latihan/about/exa-interview/e2e-inverted-bitplane-project/data/prefix-study-2026-09-13/pools/qwen-quora-d32/routers/ivf-64-seed42,main-s00083,100,3,1,1000,1,True,True,0.57577,0.13602050057670567,0.2752812502876622,150.05411200036178,0.13602050057670567,0.13602050057670567,0.13602050057670567,10465840,77348864,1673.554,356.406,35563.628,12825.282,0.0,0.0,0.0,0,42,32,8192,True,,
branch,64,/Users/vinroger/DATA/STUDY/latihan/about/exa-interview/e2e-inverted-bitplane-project/data/prefix-study-2026-09-13/pools/qwen-quora-d32/routers/ivf-64-seed42,main-s00051,1,5,1,1000,1,True,True,0.822,0.03120800101896748,0.056048251099127804,33.91654200095218,0.03120800101896748,0.03120800101896748,0.03120800101896748,10465840,77348864,156.613,86.493,10580.347,1107.944,0.0,0.0,0.0,0,42,32,512,True,,
prefix,64,/Users/vinroger/DATA/STUDY/latihan/about/exa-interview/e2e-inverted-bitplane-project/data/prefix-study-2026-09-13/pools/qwen-quora-d32/routers/ivf-64-seed42,main-s00160,1,33,1,1000,1,True,True,0.778,0.2476879981259117,0.42717230007838225,238.77746398284216,0.2476879981259117,0.2476879981259117,0.2476879981259117,10458620,75055104,48658.722,0.0,0.0,0.0,1.11,73.26,3.89,,,,,,4,1000
prefix,64,/Users/vinroger/DATA/STUDY/latihan/about/exa-interview/e2e-inverted-bitplane-project/data/prefix-study-2026-09-13/pools/qwen-quora-d32/routers/ivf-64-seed42,main-s00176,100,3,1,1000,1,True,True,0.47614,0.11204149996046908,0.1457952001146623,111.85066706093494,0.11204149996046908,0.11204149996046908,0.11204149996046908,10458620,75055104,14200.792,0.0,0.0,0.0,1.0,6.0,1.0,,,,,,1,1
prefix,64,/Users/vinroger/DATA/STUDY/latihan/about/exa-interview/e2e-inverted-bitplane-project/data/prefix-study-2026-09-13/pools/qwen-quora-d32/routers/ivf-64-seed42,main-s00133,1,5,1,1000,1,True,True,0.655,0.0476039986097021,0.09508924995316193,50.28020200552419,0.0476039986097021,0.0476039986097021,0.0476039986097021,10458620,75055104,9556.86,0.0,0.0,0.0,1.129,11.29,3.871,,,,,,4,1000
branch,1024,/Users/vinroger/DATA/STUDY/latihan/about/exa-interview/e2e-inverted-bitplane-project/data/prefix-study-2026-09-13/pools/qwen-quora-d32/routers/ivf-1024-seed42,main-s00257,1,125,1,1000,1,True,True,0.95,0.27902100009669084,0.3589461510273395,282.9103979820502,0.27902100009669084,0.27902100009669084,0.27902100009669084,10587184,81084416,2404.91,1155.078,8931.352,1139.895,0.0,0.0,0.0,0,42,32,8192,True,,
branch,1024,/Users/vinroger/DATA/STUDY/latihan/about/exa-interview/e2e-inverted-bitplane-project/data/prefix-study-2026-09-13/pools/qwen-quora-d32/routers/ivf-1024-seed42,main-s00264,1,326,1,1000,1,True,True,0.99,0.5553959981625667,0.6834797986812191,557.5432789519255,0.5553959981625667,0.5553959981625667,0.5553959981625667,10587184,81084416,23280.337,1784.711,12842.669,2781.963,0.0,0.0,0.0,0,42,128,8192,True,,
branch,1024,/Users/vinroger/DATA/STUDY/latihan/about/exa-interview/e2e-inverted-bitplane-project/data/prefix-study-2026-09-13/pools/qwen-quora-d32/routers/ivf-1024-seed42,main-s00262,1,326,1,1000,1,True,True,0.99,0.634979498499888,0.8047225974223693,639.1488579829456,0.634979498499888,0.634979498499888,0.634979498499888,10587184,81084416,5722.476,2567.111,19401.768,2803.306,0.0,0.0,0.0,0,42,32,8192,False,,
prefix,1024,/Users/vinroger/DATA/STUDY/latihan/about/exa-interview/e2e-inverted-bitplane-project/data/prefix-study-2026-09-13/pools/qwen-quora-d32/routers/ivf-1024-seed42,main-s00388,100,133,1,1000,1,True,True,0.52393,0.1543750004202593,0.230608001947985,155.7668579625897,0.1543750004202593,0.1543750004202593,0.1543750004202593,10458620,76726272,15429.398,0.0,0.0,0.0,1.112,295.792,3.888,,,,,,4,1000
prefix,1024,/Users/vinroger/DATA/STUDY/latihan/about/exa-interview/e2e-inverted-bitplane-project/data/prefix-study-2026-09-13/pools/qwen-quora-d32/routers/ivf-1024-seed42,main-s00394,100,213,1,1000,1,True,True,0.08824,0.20822949954890646,0.25465419985266635,209.3948259971512,0.20822949954890646,0.20822949954890646,0.20822949954890646,10458620,76726272,457.354,0.0,0.0,0.0,19.516,8313.816,13.484,,,,,,32,100
prefix,1024,/Users/vinroger/DATA/STUDY/latihan/about/exa-interview/e2e-inverted-bitplane-project/data/prefix-study-2026-09-13/pools/qwen-quora-d32/routers/ivf-1024-seed42,main-s00412,100,510,1,1000,1,True,True,0.07593,0.4754170004162006,0.6373444002747419,492.20691204391187,0.4754170004162006,0.4754170004162006,0.4754170004162006,10458620,76726272,182.865,0.0,0.0,0.0,18.598,18969.96,14.402,,,,,,32,100
branch,4096,/Users/vinroger/DATA/STUDY/latihan/about/exa-interview/e2e-inverted-bitplane-project/data/prefix-study-2026-09-13/pools/qwen-quora-d32/routers/ivf-4096-seed42,main-s00433,1,7,1,1000,1,True,True,0.508,0.02504199801478535,0.027375001081964,25.284569986979477,0.02504199801478535,0.02504199801478535,0.02504199801478535,10969392,78872576,957.358,7.0,0.0,18.326,0.0,0.0,0.0,0,42,2048,8192,False,,
branch,4096,/Users/vinroger/DATA/STUDY/latihan/about/exa-interview/e2e-inverted-bitplane-project/data/prefix-study-2026-09-13/pools/qwen-quora-d32/routers/ivf-4096-seed42,main-s00487,100,671,1,1000,1,True,True,0.95011,0.7236454985104501,0.7715544996244716,723.4090519777965,0.7236454985104501,0.7236454985104501,0.7236454985104501,10969392,78872576,86314.941,671.0,0.0,1675.574,0.0,0.0,0.0,0,42,2048,8192,False,,
branch,4096,/Users/vinroger/DATA/STUDY/latihan/about/exa-interview/e2e-inverted-bitplane-project/data/prefix-study-2026-09-13/pools/qwen-quora-d32/routers/ivf-4096-seed42,main-s00461,1,1136,1,1000,1,True,True,0.995,1.6452915006084368,2.035356897067686,1633.895370963728,1.6452915006084368,1.6452915006084368,1.6452915006084368,10969392,78872576,18811.076,6234.766,13367.809,2693.475,0.0,0.0,0.0,0,42,32,8192,True,,
prefix,4096,/Users/vinroger/DATA/STUDY/latihan/about/exa-interview/e2e-inverted-bitplane-project/data/prefix-study-2026-09-13/pools/qwen-quora-d32/routers/ivf-4096-seed42,main-s00506,1,7,1,1000,1,True,True,0.466,0.02112500078510493,0.023711048925179053,21.370573005697224,0.02112500078510493,0.02112500078510493,0.02112500078510493,10458620,76693504,626.762,0.0,0.0,0.0,1.0,14.0,1.0,,,,,,1,1
prefix,4096,/Users/vinroger/DATA/STUDY/latihan/about/exa-interview/e2e-inverted-bitplane-project/data/prefix-study-2026-09-13/pools/qwen-quora-d32/routers/ivf-4096-seed42,main-s00530,1,344,1,1000,1,True,True,0.569,0.23647899979550857,0.29587675053335255,241.14721400474082,0.23647899979550857,0.23647899979550857,0.23647899979550857,10458620,76693504,2220.749,0.0,0.0,0.0,9.485,6525.68,7.515,,,,,,16,1000
prefix,4096,/Users/vinroger/DATA/STUDY/latihan/about/exa-interview/e2e-inverted-bitplane-project/data/prefix-study-2026-09-13/pools/qwen-quora-d32/routers/ivf-4096-seed42,main-s00548,1,1136,1,1000,1,True,True,0.536,0.5918335009482689,0.865312847599852,604.8516979790293,0.5918335009482689,0.5918335009482689,0.5918335009482689,10458620,76693504,3648.599,0.0,0.0,0.0,8.001,18178.272,8.999,,,,,,16,1000
prefix,1,,main-s00018,1,1,1,1000,1,True,True,0.161,0.003917000867659226,0.004625002475222573,3.9875009351817425,0.003917000867659226,0.003917000867659226,0.003917000867659226,10458620,71712768,3.05,0.0,0.0,0.0,9.119,18.238,23.881,,,,,,32,1
branch,64,/Users/vinroger/DATA/STUDY/latihan/about/exa-interview/e2e-inverted-bitplane-project/data/prefix-study-2026-09-13/pools/qwen-quora-d32/routers/ivf-64-seed42,main-s00106,100,38,1,1000,1,True,True,0.99016,0.6756460006727139,1.5127663502425999,748.4627949888818,0.6756460006727139,0.6756460006727139,0.6756460006727139,10465840,77479936,6950.563,1756.046,177332.89,53946.093,0.0,0.0,0.0,0,42,32,8192,False,,
branch,64,/Users/vinroger/DATA/STUDY/latihan/about/exa-interview/e2e-inverted-bitplane-project/data/prefix-study-2026-09-13/pools/qwen-quora-d32/routers/ivf-64-seed42,main-s00064,1,16,1,1000,1,True,True,0.953,0.0776879987824941,0.11709135014825732,82.40897694122395,0.0776879987824941,0.0776879987824941,0.0776879987824941,10465840,77479936,397.619,230.27,27659.541,2817.207,0.0,0.0,0.0,0,42,32,8192,False,,
branch,64,/Users/vinroger/DATA/STUDY/latihan/about/exa-interview/e2e-inverted-bitplane-project/data/prefix-study-2026-09-13/pools/qwen-quora-d32/routers/ivf-64-seed42,main-s00085,100,3,1,1000,1,True,True,0.57577,0.1319585007877322,0.1863916504589724,130.70853101453395,0.1319585007877322,0.1319585007877322,0.1319585007877322,10465840,77479936,13899.975,36.441,3193.936,1921.194,0.0,0.0,0.0,0,42,2048,8192,False,,
prefix,64,/Users/vinroger/DATA/STUDY/latihan/about/exa-interview/e2e-inverted-bitplane-project/data/prefix-study-2026-09-13/pools/qwen-quora-d32/routers/ivf-64-seed42,main-s00202,100,23,1,1000,1,True,True,0.07878,0.041125000279862434,0.05196219899517018,42.127927066758275,0.041125000279862434,0.041125000279862434,0.041125000279862434,10458620,74760192,201.082,0.0,0.0,0.0,19.068,877.128,13.932,,,,,,32,100
prefix,64,/Users/vinroger/DATA/STUDY/latihan/about/exa-interview/e2e-inverted-bitplane-project/data/prefix-study-2026-09-13/pools/qwen-quora-d32/routers/ivf-64-seed42,main-s00144,1,16,1,1000,1,True,True,0.953,0.6367919995682314,0.7073749986375333,632.7351350191748,0.6367919995682314,0.6367919995682314,0.6367919995682314,10458620,74760192,133314.713,0.0,0.0,0.0,2.0,32.0,0.0,,,,,,1,261465
prefix,64,/Users/vinroger/DATA/STUDY/latihan/about/exa-interview/e2e-inverted-bitplane-project/data/prefix-study-2026-09-13/pools/qwen-quora-d32/routers/ivf-64-seed42,main-s00186,100,9,1,1000,1,True,True,0.45252,0.10929200107057113,0.19854615220538108,111.3266329630278,0.10929200107057113,0.10929200107057113,0.10929200107057113,10458620,74760192,15269.265,0.0,0.0,0.0,1.051,18.918,3.949,,,,,,4,100
branch,1024,/Users/vinroger/DATA/STUDY/latihan/about/exa-interview/e2e-inverted-bitplane-project/data/prefix-study-2026-09-13/pools/qwen-quora-d32/routers/ivf-1024-seed42,main-s00271,1,353,1,1000,1,True,True,0.995,1.0311040005035466,1.092264600447379,1032.0688559695554,1.0311040005035466,1.0311040005035466,1.0311040005035466,10587184,81166336,180821.831,353.0,0.0,2997.561,0.0,0.0,0.0,0,42,2048,8192,False,,
branch,1024,/Users/vinroger/DATA/STUDY/latihan/about/exa-interview/e2e-inverted-bitplane-project/data/prefix-study-2026-09-13/pools/qwen-quora-d32/routers/ivf-1024-seed42,main-s00288,100,133,1,1000,1,True,True,0.90029,0.47143750089162495,0.7041562492304365,474.06637102903915,0.47143750089162495,0.47143750089162495,0.47143750089162495,10587184,81166336,26591.849,1362.323,8212.756,3986.14,0.0,0.0,0.0,0,42,128,8192,True,,
branch,1024,/Users/vinroger/DATA/STUDY/latihan/about/exa-interview/e2e-inverted-bitplane-project/data/prefix-study-2026-09-13/pools/qwen-quora-d32/routers/ivf-1024-seed42,main-s00254,1,125,1,1000,1,True,True,0.95,0.3313745019113412,0.4409898996527772,341.56961095141014,0.3313745019113412,0.3313745019113412,0.3313745019113412,10587184,81166336,638.932,1486.607,11725.087,1155.069,0.0,0.0,0.0,0,42,8,8192,True,,
prefix,1024,/Users/vinroger/DATA/STUDY/latihan/about/exa-interview/e2e-inverted-bitplane-project/data/prefix-study-2026-09-13/pools/qwen-quora-d32/routers/ivf-1024-seed42,main-s00381,100,133,1,1000,1,True,True,0.90029,0.4084585016244091,0.4415566007082816,409.03952203370864,0.4084585016244091,0.4084585016244091,0.4084585016244091,10458620,76709888,68494.75,0.0,0.0,0.0,2.0,266.0,0.0,,,,,,1,261465
prefix,1024,/Users/vinroger/DATA/STUDY/latihan/about/exa-interview/e2e-inverted-bitplane-project/data/prefix-study-2026-09-13/pools/qwen-quora-d32/routers/ivf-1024-seed42,main-s00318,1,30,1,1000,1,True,True,0.806,0.09189599768433254,0.10350209868192906,91.46512097868253,0.09189599768433254,0.09189599768433254,0.09189599768433254,10458620,76709888,15645.096,0.0,0.0,0.0,2.0,60.0,0.0,,,,,,1,261465
prefix,1024,/Users/vinroger/DATA/STUDY/latihan/about/exa-interview/e2e-inverted-bitplane-project/data/prefix-study-2026-09-13/pools/qwen-quora-d32/routers/ivf-1024-seed42,main-s00360,1,353,1,1000,1,True,True,0.742,0.27358300030755345,0.42196635040454566,265.0346270056616,0.27358300030755345,0.27358300030755345,0.27358300030755345,10458620,76709888,33097.102,0.0,0.0,0.0,1.011,713.766,3.989,,,,,,4,100
branch,4096,/Users/vinroger/DATA/STUDY/latihan/about/exa-interview/e2e-inverted-bitplane-project/data/prefix-study-2026-09-13/pools/qwen-quora-d32/routers/ivf-4096-seed42,main-s00494,100,1724,1,1000,1,True,True,0.69193,2.04427099924942,2.148557699729281,2049.623362006969,2.04427099924942,2.04427099924942,2.04427099924942,10969392,78774272,4266.111,8191.147,18459.559,2314.18,0.0,0.0,0.0,0,42,8,8192,True,,
branch,4096,/Users/vinroger/DATA/STUDY/latihan/about/exa-interview/e2e-inverted-bitplane-project/data/prefix-study-2026-09-13/pools/qwen-quora-d32/routers/ivf-4096-seed42,main-s00490,100,1398,1,1000,1,True,True,0.80998,2.0064994987478713,2.0864645986875985,1966.5910749608884,2.0064994987478713,2.0064994987478713,2.0064994987478713,10969392,78774272,26876.637,7920.353,16319.488,4108.386,0.0,0.0,0.0,0,42,32,8192,False,,
branch,4096,/Users/vinroger/DATA/STUDY/latihan/about/exa-interview/e2e-inverted-bitplane-project/data/prefix-study-2026-09-13/pools/qwen-quora-d32/routers/ivf-4096-seed42,main-s00488,100,1398,1,1000,1,True,True,0.71526,1.9708960007847054,2.048402097898361,1973.537527006556,1.9708960007847054,1.9708960007847054,1.9708960007847054,10969392,78774272,4360.714,8183.455,18395.893,2371.976,0.0,0.0,0.0,0,42,8,8192,True,,
prefix,4096,/Users/vinroger/DATA/STUDY/latihan/about/exa-interview/e2e-inverted-bitplane-project/data/prefix-study-2026-09-13/pools/qwen-quora-d32/routers/ivf-4096-seed42,main-s00547,1,1136,1,1000,1,True,True,0.806,0.5324584999470972,0.7687722507398568,547.1299130440457,0.5324584999470972,0.5324584999470972,0.5324584999470972,10458620,76120064,32837.636,0.0,0.0,0.0,1.338,3039.936,3.662,,,,,,4,10000
prefix,4096,/Users/vinroger/DATA/STUDY/latihan/about/exa-interview/e2e-inverted-bitplane-project/data/prefix-study-2026-09-13/pools/qwen-quora-d32/routers/ivf-4096-seed42,main-s00512,1,65,1,1000,1,True,True,0.639,0.07091649786161724,0.09231700059899592,73.60639291073312,0.07091649786161724,0.07091649786161724,0.07091649786161724,10458620,76120064,1918.338,0.0,0.0,0.0,12.018,1562.34,4.982,,,,,,16,1000
prefix,4096,/Users/vinroger/DATA/STUDY/latihan/about/exa-interview/e2e-inverted-bitplane-project/data/prefix-study-2026-09-13/pools/qwen-quora-d32/routers/ivf-4096-seed42,main-s00576,100,411,1,1000,1,True,True,0.00825,0.24089600083243567,0.3179271010594675,241.00383996847086,0.24089600083243567,0.24089600083243567,0.24089600083243567,10458620,76120064,2.396,0.0,0.0,0.0,9.61,7899.42,23.39,,,,,,32,1
prefix,1,,main-s00022,1,1,1,1000,1,True,True,0.774,0.35600049886852503,0.6367603989929194,361.78496502543567,0.35600049886852503,0.35600049886852503,0.35600049886852503,10458620,72089600,76096.347,0.0,0.0,0.0,1.096,2.192,3.904,,,,,,4,1000
branch,64,/Users/vinroger/DATA/STUDY/latihan/about/exa-interview/e2e-inverted-bitplane-project/data/prefix-study-2026-09-13/pools/qwen-quora-d32/routers/ivf-64-seed42,main-s00103,100,23,1,1000,1,True,True,0.95488,0.48087499999383,0.9261580011298064,517.401833069016,0.48087499999383,0.48087499999383,0.48087499999383,10465840,77479936,69120.035,186.712,16718.674,8645.24,0.0,0.0,0.0,0,42,2048,8192,False,,
branch,64,/Users/vinroger/DATA/STUDY/latihan/about/exa-interview/e2e-inverted-bitplane-project/data/prefix-study-2026-09-13/pools/qwen-quora-d32/routers/ivf-64-seed42,main-s00107,100,38,1,1000,1,True,True,0.99016,0.6568329990841448,1.4931083529518214,728.8333110736858,0.6568329990841448,0.6568329990841448,0.6568329990841448,10465840,77479936,6950.563,1756.046,177332.89,53946.093,0.0,0.0,0.0,0,42,32,8192,True,,
branch,64,/Users/vinroger/DATA/STUDY/latihan/about/exa-interview/e2e-inverted-bitplane-project/data/prefix-study-2026-09-13/pools/qwen-quora-d32/routers/ivf-64-seed42,main-s00065,1,16,1,1000,1,True,True,0.953,0.07616700168000534,0.11651874938252148,80.88681295339484,0.07616700168000534,0.07616700168000534,0.07616700168000534,10465840,77479936,397.619,230.27,27659.541,2817.207,0.0,0.0,0.0,0,42,32,8192,True,,
prefix,64,/Users/vinroger/DATA/STUDY/latihan/about/exa-interview/e2e-inverted-bitplane-project/data/prefix-study-2026-09-13/pools/qwen-quora-d32/routers/ivf-64-seed42,main-s00162,1,38,1,1000,1,True,True,0.995,1.4866459987388225,1.5828669997063116,1502.7627449599095,1.4866459987388225,1.4866459987388225,1.4866459987388225,10458620,74530816,311976.533,0.0,0.0,0.0,2.0,76.0,0.0,,,,,,1,261465
prefix,64,/Users/vinroger/DATA/STUDY/latihan/about/exa-interview/e2e-inverted-bitplane-project/data/prefix-study-2026-09-13/pools/qwen-quora-d32/routers/ivf-64-seed42,main-s00146,1,16,1,1000,1,True,True,0.531,0.025749999622348696,0.0641860497125888,34.599499915202614,0.025749999622348696,0.025749999622348696,0.025749999622348696,10458620,74530816,3404.016,0.0,0.0,0.0,8.42,269.44,8.58,,,,,,16,1000
prefix,64,/Users/vinroger/DATA/STUDY/latihan/about/exa-interview/e2e-inverted-bitplane-project/data/prefix-study-2026-09-13/pools/qwen-quora-d32/routers/ivf-64-seed42,main-s00184,100,9,1,1000,1,True,True,0.09044,0.026208499548374675,0.033586051176826004,28.54706398284179,0.026208499548374675,0.026208499548374675,0.026208499548374675,10458620,74530816,500.212,0.0,0.0,0.0,20.365,366.57,12.635,,,,,,32,100
branch,1024,/Users/vinroger/DATA/STUDY/latihan/about/exa-interview/e2e-inverted-bitplane-project/data/prefix-study-2026-09-13/pools/qwen-quora-d32/routers/ivf-1024-seed42,main-s00241,1,4,1,1000,1,True,True,0.537,0.021624999135383405,0.02542115071264561,21.797508001327515,0.021624999135383405,0.021624999135383405,0.021624999135383405,10587184,80969728,2160.308,4.0,0.0,35.746,0.0,0.0,0.0,0,42,2048,8192,False,,
branch,1024,/Users/vinroger/DATA/STUDY/latihan/about/exa-interview/e2e-inverted-bitplane-project/data/prefix-study-2026-09-13/pools/qwen-quora-d32/routers/ivf-1024-seed42,main-s00240,1,4,1,1000,1,True,True,0.537,0.018791999536915682,0.023504200544266492,19.203127012588084,0.018791999536915682,0.018791999536915682,0.018791999536915682,10587184,80969728,407.675,39.278,319.802,46.616,0.0,0.0,0.0,0,42,128,8192,True,,
branch,1024,/Users/vinroger/DATA/STUDY/latihan/about/exa-interview/e2e-inverted-bitplane-project/data/prefix-study-2026-09-13/pools/qwen-quora-d32/routers/ivf-1024-seed42,main-s00251,1,65,1,1000,1,True,True,0.902,0.15556250036752317,0.20194405224174258,158.30476700284635,0.15556250036752317,0.15556250036752317,0.15556250036752317,10587184,80969728,1335.555,660.592,5173.087,626.045,0.0,0.0,0.0,0,42,32,8192,True,,
prefix,1024,/Users/vinroger/DATA/STUDY/latihan/about/exa-interview/e2e-inverted-bitplane-project/data/prefix-study-2026-09-13/pools/qwen-quora-d32/routers/ivf-1024-seed42,main-s00351,1,326,1,1000,1,True,True,0.738,0.25402100072824396,0.3877267479765578,244.77514201862505,0.25402100072824396,0.25402100072824396,0.25402100072824396,10458620,76382208,30994.09,0.0,0.0,0.0,1.014,661.128,3.986,,,,,,4,100
prefix,1024,/Users/vinroger/DATA/STUDY/latihan/about/exa-interview/e2e-inverted-bitplane-project/data/prefix-study-2026-09-13/pools/qwen-quora-d32/routers/ivf-1024-seed42,main-s00363,100,12,1,1000,1,True,True,0.50469,0.06679199941572733,0.07721424863120774,67.04705498123076,0.06679199941572733,0.06679199941572733,0.06679199941572733,10458620,76382208,6357.221,0.0,0.0,0.0,2.0,24.0,0.0,,,,,,1,261465
prefix,1024,/Users/vinroger/DATA/STUDY/latihan/about/exa-interview/e2e-inverted-bitplane-project/data/prefix-study-2026-09-13/pools/qwen-quora-d32/routers/ivf-1024-seed42,main-s00346,1,326,1,1000,1,True,True,0.799,0.26810350027517416,0.41630449777585454,275.1038490096107,0.26810350027517416,0.26810350027517416,0.26810350027517416,10458620,76382208,35168.331,0.0,0.0,0.0,1.284,837.168,3.716,,,,,,4,10000
branch,4096,/Users/vinroger/DATA/STUDY/latihan/about/exa-interview/e2e-inverted-bitplane-project/data/prefix-study-2026-09-13/pools/qwen-quora-d32/routers/ivf-4096-seed42,main-s00480,100,411,1,1000,1,True,True,0.90025,0.5427704982139403,0.6542003007780295,547.5193369493354,0.5427704982139403,0.5427704982139403,0.5427704982139403,10969392,78856192,43066.288,1075.01,1800.67,1477.383,0.0,0.0,0.0,0,42,128,8192,True,,
branch,4096,/Users/vinroger/DATA/STUDY/latihan/about/exa-interview/e2e-inverted-bitplane-project/data/prefix-study-2026-09-13/pools/qwen-quora-d32/routers/ivf-4096-seed42,main-s00467,100,33,1,1000,1,True,True,0.50089,0.13504199887393042,0.1675850990068284,135.61380301689496,0.13504199887393042,0.13504199887393042,0.13504199887393042,10969392,78856192,2688.553,559.581,1007.79,522.282,0.0,0.0,0.0,0,42,32,8192,True,,
branch,4096,/Users/vinroger/DATA/STUDY/latihan/about/exa-interview/e2e-inverted-bitplane-project/data/prefix-study-2026-09-13/pools/qwen-quora-d32/routers/ivf-4096-seed42,main-s00450,1,344,1,1000,1,True,True,0.95,0.4018125000584405,0.47347259969683364,406.361089040729,0.4018125000584405,0.4018125000584405,0.4018125000584405,10969392,78856192,31700.78,782.201,1471.653,860.973,0.0,0.0,0.0,0,42,128,8192,True,,
prefix,4096,/Users/vinroger/DATA/STUDY/latihan/about/exa-interview/e2e-inverted-bitplane-project/data/prefix-study-2026-09-13/pools/qwen-quora-d32/routers/ivf-4096-seed42,main-s00560,100,33,1,1000,1,True,True,0.41634,0.06333299825200811,0.073127050200128,63.50788699273835,0.06333299825200811,0.06333299825200811,0.06333299825200811,10458620,76136448,2714.758,0.0,0.0,0.0,1.0,66.0,1.0,,,,,,1,1
prefix,4096,/Users/vinroger/DATA/STUDY/latihan/about/exa-interview/e2e-inverted-bitplane-project/data/prefix-study-2026-09-13/pools/qwen-quora-d32/routers/ivf-4096-seed42,main-s00501,1,7,1,1000,1,True,True,0.508,0.023208998754853383,0.025169048967654813,23.3917291261605,0.023208998754853383,0.023208998754853383,0.023208998754853383,10458620,76136448,957.358,0.0,0.0,0.0,2.0,14.0,0.0,,,,,,1,261465
prefix,4096,/Users/vinroger/DATA/STUDY/latihan/about/exa-interview/e2e-inverted-bitplane-project/data/prefix-study-2026-09-13/pools/qwen-quora-d32/routers/ivf-4096-seed42,main-s00522,1,175,1,1000,1,True,True,0.17,0.1192499985336326,0.1504839499830268,119.27687200295622,0.1192499985336326,0.1192499985336326,0.1192499985336326,10458620,76136448,2.568,0.0,0.0,0.0,10.101,3535.35,22.899,,,,,,32,1
prefix,1,,main-s00025,100,1,1,1000,1,True,True,0.57978,0.42045850022986997,0.7117100985851721,431.0407480188587,0.42045850022986997,0.42045850022986997,0.42045850022986997,10458620,72073216,79526.459,0.0,0.0,0.0,1.11,2.22,3.89,,,,,,4,10000
branch,64,/Users/vinroger/DATA/STUDY/latihan/about/exa-interview/e2e-inverted-bitplane-project/data/prefix-study-2026-09-13/pools/qwen-quora-d32/routers/ivf-64-seed42,main-s00080,100,3,1,1000,1,True,True,0.57577,0.2060209990304429,0.4455124981177505,231.74668602223392,0.2060209990304429,0.2060209990304429,0.2060209990304429,10465840,77201408,788.692,665.915,67155.343,22766.316,0.0,0.0,0.0,0,42,8,8192,True,,
branch,64,/Users/vinroger/DATA/STUDY/latihan/about/exa-interview/e2e-inverted-bitplane-project/data/prefix-study-2026-09-13/pools/qwen-quora-d32/routers/ivf-64-seed42,main-s00057,1,9,1,1000,1,True,True,0.907,0.048062500354717486,0.0822193969725049,51.74602403349127,0.048062500354717486,0.048062500354717486,0.048062500354717486,10465840,77201408,247.895,141.876,17247.221,1754.351,0.0,0.0,0.0,0,42,32,512,True,,
branch,64,/Users/vinroger/DATA/STUDY/latihan/about/exa-interview/e2e-inverted-bitplane-project/data/prefix-study-2026-09-13/pools/qwen-quora-d32/routers/ivf-64-seed42,main-s00056,1,9,1,1000,1,True,True,0.907,0.05275000148685649,0.09904105081659509,58.183134999126196,0.05275000148685649,0.05275000148685649,0.05275000148685649,10465840,77201408,74.981,174.823,21288.416,2059.992,0.0,0.0,0.0,0,42,8,8192,True,,
prefix,64,/Users/vinroger/DATA/STUDY/latihan/about/exa-interview/e2e-inverted-bitplane-project/data/prefix-study-2026-09-13/pools/qwen-quora-d32/routers/ivf-64-seed42,main-s00126,1,5,1,1000,1,True,True,0.822,0.1952085003722459,0.25346010170324007,199.7473759474815,0.1952085003722459,0.1952085003722459,0.1952085003722459,10458620,74809344,42530.179,0.0,0.0,0.0,2.0,10.0,0.0,,,,,,1,261465
prefix,64,/Users/vinroger/DATA/STUDY/latihan/about/exa-interview/e2e-inverted-bitplane-project/data/prefix-study-2026-09-13/pools/qwen-quora-d32/routers/ivf-64-seed42,main-s00130,1,5,1,1000,1,True,True,0.372,0.013333999959286302,0.01712915291136596,15.08476999879349,0.013333999959286302,0.013333999959286302,0.013333999959286302,10458620,74809344,530.361,0.0,0.0,0.0,21.293,212.93,11.707,,,,,,32,100
prefix,64,/Users/vinroger/DATA/STUDY/latihan/about/exa-interview/e2e-inverted-bitplane-project/data/prefix-study-2026-09-13/pools/qwen-quora-d32/routers/ivf-64-seed42,main-s00175,100,3,1,1000,1,True,True,0.09854,0.01904099917737767,0.034752099236357026,21.96903296135133,0.01904099917737767,0.01904099917737767,0.01904099917737767,10458620,74809344,452.36,0.0,0.0,0.0,22.279,133.674,10.721,,,,,,32,100
branch,1024,/Users/vinroger/DATA/STUDY/latihan/about/exa-interview/e2e-inverted-bitplane-project/data/prefix-study-2026-09-13/pools/qwen-quora-d32/routers/ivf-1024-seed42,main-s00268,1,353,1,1000,1,True,True,0.995,0.695416498274426,0.8847475988659426,697.375736956019,0.695416498274426,0.695416498274426,0.695416498274426,10587184,80969728,6144.432,2737.241,20641.49,3020.298,0.0,0.0,0.0,0,42,32,8192,False,,
branch,1024,/Users/vinroger/DATA/STUDY/latihan/about/exa-interview/e2e-inverted-bitplane-project/data/prefix-study-2026-09-13/pools/qwen-quora-d32/routers/ivf-1024-seed42,main-s00282,100,68,1,1000,1,True,True,0.80102,0.2809789984894451,0.38953335078986123,275.74476408335613,0.2809789984894451,0.2809789984894451,0.2809789984894451,10587184,80969728,15495.063,789.798,4736.888,2384.91,0.0,0.0,0.0,0,42,128,8192,True,,
branch,1024,/Users/vinroger/DATA/STUDY/latihan/about/exa-interview/e2e-inverted-bitplane-project/data/prefix-study-2026-09-13/pools/qwen-quora-d32/routers/ivf-1024-seed42,main-s00301,100,419,1,1000,1,True,True,0.99006,1.257374498891295,1.3193770982979913,1257.1117490515462,1.257374498891295,1.257374498891295,1.257374498891295,10587184,80969728,214374.115,419.0,0.0,3553.981,0.0,0.0,0.0,0,42,2048,8192,False,,
prefix,1024,/Users/vinroger/DATA/STUDY/latihan/about/exa-interview/e2e-inverted-bitplane-project/data/prefix-study-2026-09-13/pools/qwen-quora-d32/routers/ivf-1024-seed42,main-s00374,100,68,1,1000,1,True,True,0.26967,0.08175000039045699,0.11046520103263902,86.09221900405828,0.08175000039045699,0.08175000039045699,0.08175000039045699,10458620,76611584,2114.477,0.0,0.0,0.0,9.89,1345.04,7.11,,,,,,16,1000
prefix,1024,/Users/vinroger/DATA/STUDY/latihan/about/exa-interview/e2e-inverted-bitplane-project/data/prefix-study-2026-09-13/pools/qwen-quora-d32/routers/ivf-1024-seed42,main-s00396,100,213,1,1000,1,True,True,0.52356,0.2080214999296004,0.3169041508954251,205.38439399388153,0.2080214999296004,0.2080214999296004,0.2080214999296004,10458620,76611584,21845.451,0.0,0.0,0.0,1.035,440.91,3.965,,,,,,4,100
prefix,1024,/Users/vinroger/DATA/STUDY/latihan/about/exa-interview/e2e-inverted-bitplane-project/data/prefix-study-2026-09-13/pools/qwen-quora-d32/routers/ivf-1024-seed42,main-s00397,100,213,1,1000,1,True,True,0.5522,0.2162709988624556,0.32106814960570773,213.51360995686264,0.2162709988624556,0.2162709988624556,0.2162709988624556,10458620,76611584,23218.29,0.0,0.0,0.0,1.11,472.86,3.89,,,,,,4,1000
branch,4096,/Users/vinroger/DATA/STUDY/latihan/about/exa-interview/e2e-inverted-bitplane-project/data/prefix-study-2026-09-13/pools/qwen-quora-d32/routers/ivf-4096-seed42,main-s00440,1,175,1,1000,1,True,True,0.901,0.4106460000912193,0.5295985483826371,415.6077629995707,0.4106460000912193,0.4106460000912193,0.4106460000912193,10969392,79101952,852.789,1818.635,4236.363,449.13,0.0,0.0,0.0,0,42,8,8192,True,,
branch,4096,/Users/vinroger/DATA/STUDY/latihan/about/exa-interview/e2e-inverted-bitplane-project/data/prefix-study-2026-09-13/pools/qwen-quora-d32/routers/ivf-4096-seed42,main-s00469,100,33,1,1000,1,True,True,0.50089,0.07504199857066851,0.08474999794998439,75.46596702741226,0.07504199857066851,0.07504199857066851,0.07504199857066851,10969392,79101952,4390.982,33.0,0.0,84.437,0.0,0.0,0.0,0,42,2048,8192,False,,
branch,4096,/Users/vinroger/DATA/STUDY/latihan/about/exa-interview/e2e-inverted-bitplane-project/data/prefix-study-2026-09-13/pools/qwen-quora-d32/routers/ivf-4096-seed42,main-s00470,100,201,1,1000,1,True,True,0.80012,0.9838960013439646,1.433538950368529,977.036602973385,0.9838960013439646,0.9838960013439646,0.9838960013439646,10969392,79101952,5221.77,4879.285,9626.098,3129.254,0.0,0.0,0.0,0,42,8,8192,True,,
prefix,4096,/Users/vinroger/DATA/STUDY/latihan/about/exa-interview/e2e-inverted-bitplane-project/data/prefix-study-2026-09-13/pools/qwen-quora-d32/routers/ivf-4096-seed42,main-s00581,100,671,1,1000,1,True,True,0.95011,0.6256669985305052,0.6705944022542099,626.0162649850827,0.6256669985305052,0.6256669985305052,0.6256669985305052,10458620,76283904,86314.941,0.0,0.0,0.0,1.0,0.0,0.0,,,,,,0,0
prefix,4096,/Users/vinroger/DATA/STUDY/latihan/about/exa-interview/e2e-inverted-bitplane-project/data/prefix-study-2026-09-13/pools/qwen-quora-d32/routers/ivf-4096-seed42,main-s00565,100,201,1,1000,1,True,True,0.65483,0.20945799951732624,0.26601039917295566,214.4175599751179,0.20945799951732624,0.20945799951732624,0.20945799951732624,10458620,76283904,14100.218,0.0,0.0,0.0,2.733,1079.772,2.267,,,,,,4,10000
prefix,4096,/Users/vinroger/DATA/STUDY/latihan/about/exa-interview/e2e-inverted-bitplane-project/data/prefix-study-2026-09-13/pools/qwen-quora-d32/routers/ivf-4096-seed42,main-s00593,100,1398,1,1000,1,True,True,0.22262,0.7335834998229984,1.1336419987856061,755.8375679582241,0.7335834998229984,0.7335834998229984,0.7335834998229984,10458620,76283904,4139.149,0.0,0.0,0.0,7.797,21800.412,9.203,,,,,,16,1000
prefix,1,,main-s00014,1,1,1,1000,1,True,True,1.0,2.4672920008015353,2.539408296797774,2477.4106440672767,2.4672920008015353,2.4672920008015353,2.4672920008015353,10458620,71565312,522931.0,0.0,0.0,0.0,1.0,0.0,0.0,,,,,,0,0
branch,64,/Users/vinroger/DATA/STUDY/latihan/about/exa-interview/e2e-inverted-bitplane-project/data/prefix-study-2026-09-13/pools/qwen-quora-d32/routers/ivf-64-seed42,main-s00062,1,16,1,1000,1,True,True,0.953,0.0838959986140253,0.1507791508629451,92.76396900895634,0.0838959986140253,0.0838959986140253,0.0838959986140253,10465840,77119488,115.974,281.04,33925.325,3170.744,0.0,0.0,0.0,0,42,8,8192,True,,
branch,64,/Users/vinroger/DATA/STUDY/latihan/about/exa-interview/e2e-inverted-bitplane-project/data/prefix-study-2026-09-13/pools/qwen-quora-d32/routers/ivf-64-seed42,main-s00053,1,5,1,1000,1,True,True,0.822,0.031457999284612015,0.05705239800590788,34.18979902198771,0.031457999284612015,0.031457999284612015,0.031457999284612015,10465840,77119488,156.613,86.493,10580.347,1107.944,0.0,0.0,0.0,0,42,32,8192,True,,
branch,64,/Users/vinroger/DATA/STUDY/latihan/about/exa-interview/e2e-inverted-bitplane-project/data/prefix-study-2026-09-13/pools/qwen-quora-d32/routers/ivf-64-seed42,main-s00082,100,3,1,1000,1,True,True,0.57577,0.13583349937107414,0.2741005990174017,151.24567207385553,0.13583349937107414,0.13583349937107414,0.13583349937107414,10465840,77119488,1673.554,356.406,35563.628,12825.282,0.0,0.0,0.0,0,42,32,8192,False,,
prefix,64,/Users/vinroger/DATA/STUDY/latihan/about/exa-interview/e2e-inverted-bitplane-project/data/prefix-study-2026-09-13/pools/qwen-quora-d32/routers/ivf-64-seed42,main-s00185,100,9,1,1000,1,True,True,0.67004,0.24412550010310952,0.30287499976111576,241.9980919257796,0.24412550010310952,0.24412550010310952,0.24412550010310952,10458620,74743808,40811.655,0.0,0.0,0.0,1.0,18.0,1.0,,,,,,1,1
prefix,64,/Users/vinroger/DATA/STUDY/latihan/about/exa-interview/e2e-inverted-bitplane-project/data/prefix-study-2026-09-13/pools/qwen-quora-d32/routers/ivf-64-seed42,main-s00153,1,33,1,1000,1,True,True,0.99,1.2896664993604645,1.368293149425881,1290.772416999971,1.2896664993604645,1.2896664993604645,1.2896664993604645,10458620,74743808,271703.165,0.0,0.0,0.0,2.0,66.0,0.0,,,,,,1,261465
prefix,64,/Users/vinroger/DATA/STUDY/latihan/about/exa-interview/e2e-inverted-bitplane-project/data/prefix-study-2026-09-13/pools/qwen-quora-d32/routers/ivf-64-seed42,main-s00156,1,33,1,1000,1,True,True,0.161,0.02495800072210841,0.037211049857432954,25.076658013858832,0.02495800072210841,0.02495800072210841,0.02495800072210841,10458620,74743808,2.85,0.0,0.0,0.0,9.224,608.784,23.776,,,,,,32,1
branch,1024,/Users/vinroger/DATA/STUDY/latihan/about/exa-interview/e2e-inverted-bitplane-project/data/prefix-study-2026-09-13/pools/qwen-quora-d32/routers/ivf-1024-seed42,main-s00249,1,65,1,1000,1,True,True,0.862,0.12568750025820918,0.13614164963655637,126.27037897254922,0.12568750025820918,0.12568750025820918,0.12568750025820918,10587184,80904192,944.774,506.693,4011.635,428.845,0.0,0.0,0.0,0,42,32,512,True,,
branch,1024,/Users/vinroger/DATA/STUDY/latihan/about/exa-interview/e2e-inverted-bitplane-project/data/prefix-study-2026-09-13/pools/qwen-quora-d32/routers/ivf-1024-seed42,main-s00267,1,353,1,1000,1,True,True,0.862,0.17504200150142424,0.18579105271783192,176.01705500783282,0.17504200150142424,0.17504200150142424,0.17504200150142424,10587184,80904192,954.466,512.0,4049.782,433.035,0.0,0.0,0.0,0,42,32,512,True,,
branch,1024,/Users/vinroger/DATA/STUDY/latihan/about/exa-interview/e2e-inverted-bitplane-project/data/prefix-study-2026-09-13/pools/qwen-quora-d32/routers/ivf-1024-seed42,main-s00269,1,353,1,1000,1,True,True,0.995,0.6903749999764841,0.8761607487031141,692.537401089794,0.6903749999764841,0.6903749999764841,0.6903749999764841,10587184,80904192,6144.432,2737.241,20641.49,3020.298,0.0,0.0,0.0,0,42,32,8192,True,,
prefix,1024,/Users/vinroger/DATA/STUDY/latihan/about/exa-interview/e2e-inverted-bitplane-project/data/prefix-study-2026-09-13/pools/qwen-quora-d32/routers/ivf-1024-seed42,main-s00403,100,419,1,1000,1,True,True,0.07829,0.38027099981263746,0.5035997000959469,392.4251260359597,0.38027099981263746,0.38027099981263746,0.38027099981263746,10458620,76496896,210.619,0.0,0.0,0.0,18.744,15707.472,14.256,,,,,,32,100
prefix,1024,/Users/vinroger/DATA/STUDY/latihan/about/exa-interview/e2e-inverted-bitplane-project/data/prefix-study-2026-09-13/pools/qwen-quora-d32/routers/ivf-1024-seed42,main-s00385,100,133,1,1000,1,True,True,0.09625,0.13829200179316103,0.1642276993152336,139.63194401367218,0.13829200179316103,0.13829200179316103,0.13829200179316103,10458620,76496896,536.49,0.0,0.0,0.0,20.092,5344.472,12.908,,,,,,32,100
prefix,1024,/Users/vinroger/DATA/STUDY/latihan/about/exa-interview/e2e-inverted-bitplane-project/data/prefix-study-2026-09-13/pools/qwen-quora-d32/routers/ivf-1024-seed42,main-s00369,100,12,1,1000,1,True,True,0.29815,0.03897949864040129,0.05583814981946488,39.78936399653321,0.03897949864040129,0.03897949864040129,0.03897949864040129,10458620,76496896,1773.911,0.0,0.0,0.0,1.115,26.76,3.885,,,,,,4,100
branch,4096,/Users/vinroger/DATA/STUDY/latihan/about/exa-interview/e2e-inverted-bitplane-project/data/prefix-study-2026-09-13/pools/qwen-quora-d32/routers/ivf-4096-seed42,main-s00456,1,860,1,1000,1,True,True,0.99,0.9007914995891042,1.0388601009253762,909.9804199577193,0.9007914995891042,0.9007914995891042,0.9007914995891042,10969392,78856192,77317.477,1780.2,3095.864,2133.684,0.0,0.0,0.0,0,42,128,8192,True,,
branch,4096,/Users/vinroger/DATA/STUDY/latihan/about/exa-interview/e2e-inverted-bitplane-project/data/prefix-study-2026-09-13/pools/qwen-quora-d32/routers/ivf-4096-seed42,main-s00484,100,671,1,1000,1,True,True,0.94976,1.4925209998182254,1.8547413497799425,1467.808221012092,1.4925209998182254,1.4925209998182254,1.4925209998182254,10969392,78856192,28007.545,6249.701,11653.002,4784.051,0.0,0.0,0.0,0,42,32,8192,False,,
branch,4096,/Users/vinroger/DATA/STUDY/latihan/about/exa-interview/e2e-inverted-bitplane-project/data/prefix-study-2026-09-13/pools/qwen-quora-d32/routers/ivf-4096-seed42,main-s00437,1,65,1,1000,1,True,True,0.801,0.13227099952928256,0.16863959972397424,134.03564697000547,0.13227099952928256,0.13227099952928256,0.13227099952928256,10969392,78856192,1340.89,541.204,1256.452,177.099,0.0,0.0,0.0,0,42,32,8192,True,,
prefix,4096,/Users/vinroger/DATA/STUDY/latihan/about/exa-interview/e2e-inverted-bitplane-project/data/prefix-study-2026-09-13/pools/qwen-quora-d32/routers/ivf-4096-seed42,main-s00524,1,175,1,1000,1,True,True,0.824,0.15647900181647856,0.17808299908210756,156.06149400991853,0.15647900181647856,0.15647900181647856,0.15647900181647856,10458620,76595200,13309.129,0.0,0.0,0.0,1.0,350.0,1.0,,,,,,1,1
prefix,4096,/Users/vinroger/DATA/STUDY/latihan/about/exa-interview/e2e-inverted-bitplane-project/data/prefix-study-2026-09-13/pools/qwen-quora-d32/routers/ivf-4096-seed42,main-s00595,100,1398,1,1000,1,True,True,0.0791,1.0981665000144858,1.4074145996346483,1125.156200992933,1.0981665000144858,1.0981665000144858,1.0981665000144858,10458620,76595200,202.938,0.0,0.0,0.0,18.857,52724.172,14.143,,,,,,32,100
prefix,4096,/Users/vinroger/DATA/STUDY/latihan/about/exa-interview/e2e-inverted-bitplane-project/data/prefix-study-2026-09-13/pools/qwen-quora-d32/routers/ivf-4096-seed42,main-s00570,100,201,1,1000,1,True,True,0.45666,0.1549795015307609,0.19475624885672005,156.1661450396059,0.1549795015307609,0.1549795015307609,0.1549795015307609,10458620,76595200,6478.569,0.0,0.0,0.0,1.091,438.582,3.909,,,,,,4,100
branch,64,/Users/vinroger/DATA/STUDY/latihan/about/exa-interview/e2e-inverted-bitplane-project/data/prefix-study-2026-09-13/pools/qwen-quora-d32/routers/ivf-64-seed42,main-s00099,100,23,1,1000,1,True,True,0.88724,0.2151669996237615,0.2310021016455721,212.7771990126348,0.2151669996237615,0.2151669996237615,0.2151669996237615,10465840,77381632,1721.131,501.465,53430.395,13277.037,0.0,0.0,0.0,0,42,32,512,True,,
branch,64,/Users/vinroger/DATA/STUDY/latihan/about/exa-interview/e2e-inverted-bitplane-project/data/prefix-study-2026-09-13/pools/qwen-quora-d32/routers/ivf-64-seed42,main-s00112,100,44,1,1000,1,True,True,0.9952,0.7378125010291114,1.6798253513115922,816.643199945247,0.7378125010291114,0.7378125010291114,0.7378125010291114,10465840,77381632,7551.176,1917.669,193533.57,58740.183,0.0,0.0,0.0,0,42,32,8192,False,,
branch,64,/Users/vinroger/DATA/STUDY/latihan/about/exa-interview/e2e-inverted-bitplane-project/data/prefix-study-2026-09-13/pools/qwen-quora-d32/routers/ivf-64-seed42,main-s00074,1,38,1,1000,1,True,True,0.995,0.17156249850813765,0.2564336517025366,184.00600604581996,0.17156249850813765,0.17156249850813765,0.17156249850813765,10465840,77381632,224.791,557.108,66264.4,6162.959,0.0,0.0,0.0,0,42,8,8192,True,,
prefix,64,/Users/vinroger/DATA/STUDY/latihan/about/exa-interview/e2e-inverted-bitplane-project/data/prefix-study-2026-09-13/pools/qwen-quora-d32/routers/ivf-64-seed42,main-s00171,100,3,1,1000,1,True,True,0.57577,0.1627080000616843,0.21187914826441556,167.27982209340553,0.1627080000616843,0.1627080000616843,0.1627080000616843,10458620,75202560,25745.518,0.0,0.0,0.0,2.0,6.0,0.0,,,,,,1,261465
prefix,64,/Users/vinroger/DATA/STUDY/latihan/about/exa-interview/e2e-inverted-bitplane-project/data/prefix-study-2026-09-13/pools/qwen-quora-d32/routers/ivf-64-seed42,main-s00166,1,38,1,1000,1,True,True,0.344,0.045250000766827725,0.05796425084554357,46.433917985268636,0.045250000766827725,0.045250000766827725,0.045250000766827725,10458620,75202560,198.789,0.0,0.0,0.0,18.563,1410.788,14.437,,,,,,32,100
prefix,64,/Users/vinroger/DATA/STUDY/latihan/about/exa-interview/e2e-inverted-bitplane-project/data/prefix-study-2026-09-13/pools/qwen-quora-d32/routers/ivf-64-seed42,main-s00168,1,38,1,1000,1,True,True,0.74,0.2668960005394183,0.4496604002270032,246.50756900155102,0.2668960005394183,0.2668960005394183,0.2668960005394183,10458620,75202560,50176.975,0.0,0.0,0.0,1.003,76.228,3.997,,,,,,4,100
branch,1024,/Users/vinroger/DATA/STUDY/latihan/about/exa-interview/e2e-inverted-bitplane-project/data/prefix-study-2026-09-13/pools/qwen-quora-d32/routers/ivf-1024-seed42,main-s00263,1,326,1,1000,1,True,True,0.99,0.6455625007220078,0.8245145991168101,649.9217940217932,0.6455625007220078,0.6455625007220078,0.6455625007220078,10587184,81149952,5722.476,2567.111,19401.768,2803.306,0.0,0.0,0.0,0,42,32,8192,True,,
branch,1024,/Users/vinroger/DATA/STUDY/latihan/about/exa-interview/e2e-inverted-bitplane-project/data/prefix-study-2026-09-13/pools/qwen-quora-d32/routers/ivf-1024-seed42,main-s00280,100,68,1,1000,1,True,True,0.80102,0.41218750084226485,0.6295020984907751,418.94299492196296,0.41218750084226485,0.41218750084226485,0.41218750084226485,10587184,81149952,7481.155,1671.794,10640.427,4197.056,0.0,0.0,0.0,0,42,32,8192,False,,
branch,1024,/Users/vinroger/DATA/STUDY/latihan/about/exa-interview/e2e-inverted-bitplane-project/data/prefix-study-2026-09-13/pools/qwen-quora-d32/routers/ivf-1024-seed42,main-s00248,1,65,1,1000,1,True,True,0.902,0.18622950119606685,0.2532121998228831,193.3075500819541,0.18622950119606685,0.18622950119606685,0.18622950119606685,10587184,81149952,366.369,853.836,6786.642,659.701,0.0,0.0,0.0,0,42,8,8192,True,,
prefix,1024,/Users/vinroger/DATA/STUDY/latihan/about/exa-interview/e2e-inverted-bitplane-project/data/prefix-study-2026-09-13/pools/qwen-quora-d32/routers/ivf-1024-seed42,main-s00315,1,4,1,1000,1,True,True,0.441,0.013041997590335086,0.017587152615305964,13.46435907180421,0.013041997590335086,0.013041997590335086,0.013041997590335086,10458620,76578816,679.731,0.0,0.0,0.0,1.197,9.576,3.803,,,,,,4,100
prefix,1024,/Users/vinroger/DATA/STUDY/latihan/about/exa-interview/e2e-inverted-bitplane-project/data/prefix-study-2026-09-13/pools/qwen-quora-d32/routers/ivf-1024-seed42,main-s00349,1,326,1,1000,1,True,True,0.355,0.3061879997403594,0.3921149020243319,311.36146400967846,0.3061879997403594,0.3061879997403594,0.3061879997403594,10458620,76578816,210.361,0.0,0.0,0.0,18.981,12375.612,14.019,,,,,,32,100
prefix,1024,/Users/vinroger/DATA/STUDY/latihan/about/exa-interview/e2e-inverted-bitplane-project/data/prefix-study-2026-09-13/pools/qwen-quora-d32/routers/ivf-1024-seed42,main-s00348,1,326,1,1000,1,True,True,0.162,0.18731199998001102,0.28005865060549695,188.0724849870603,0.18731199998001102,0.18731199998001102,0.18731199998001102,10458620,76578816,2.728,0.0,0.0,0.0,9.227,6016.004,23.773,,,,,,32,1
branch,4096,/Users/vinroger/DATA/STUDY/latihan/about/exa-interview/e2e-inverted-bitplane-project/data/prefix-study-2026-09-13/pools/qwen-quora-d32/routers/ivf-4096-seed42,main-s00430,1,7,1,1000,1,True,True,0.508,0.032166997698368505,0.0387541504096589,32.67167705780594,0.032166997698368505,0.032166997698368505,0.032166997698368505,10969392,78987264,182.687,76.893,186.028,25.398,0.0,0.0,0.0,0,42,32,8192,False,,
branch,4096,/Users/vinroger/DATA/STUDY/latihan/about/exa-interview/e2e-inverted-bitplane-project/data/prefix-study-2026-09-13/pools/qwen-quora-d32/routers/ivf-4096-seed42,main-s00486,100,671,1,1000,1,True,True,0.95011,0.8280210004159017,0.9931816028256435,833.0626540409867,0.8280210004159017,0.8280210004159017,0.8280210004159017,10969392,78987264,68811.078,1655.635,2692.09,2316.286,0.0,0.0,0.0,0,42,128,8192,True,,
branch,4096,/Users/vinroger/DATA/STUDY/latihan/about/exa-interview/e2e-inverted-bitplane-project/data/prefix-study-2026-09-13/pools/qwen-quora-d32/routers/ivf-4096-seed42,main-s00465,100,33,1,1000,1,True,True,0.49949,0.12785449871444143,0.1369169987810892,125.90813995848293,0.12785449871444143,0.12785449871444143,0.12785449871444143,10969392,78987264,2151.983,485.223,917.957,395.208,0.0,0.0,0.0,0,42,32,512,True,,
prefix,4096,/Users/vinroger/DATA/STUDY/latihan/about/exa-interview/e2e-inverted-bitplane-project/data/prefix-study-2026-09-13/pools/qwen-quora-d32/routers/ivf-4096-seed42,main-s00549,1,1136,1,1000,1,True,True,0.161,0.5870419990969822,0.8446089494100306,586.0197489782877,0.5870419990969822,0.5870419990969822,0.5870419990969822,10458620,76300288,2.753,0.0,0.0,0.0,9.241,20995.552,23.759,,,,,,32,1
prefix,4096,/Users/vinroger/DATA/STUDY/latihan/about/exa-interview/e2e-inverted-bitplane-project/data/prefix-study-2026-09-13/pools/qwen-quora-d32/routers/ivf-4096-seed42,main-s00568,100,201,1,1000,1,True,True,0.11406,0.19635450007626787,0.22734759932063753,197.5228280025476,0.19635450007626787,0.19635450007626787,0.19635450007626787,10458620,76300288,444.24,0.0,0.0,0.0,21.29,8558.58,11.71,,,,,,32,100
prefix,4096,/Users/vinroger/DATA/STUDY/latihan/about/exa-interview/e2e-inverted-bitplane-project/data/prefix-study-2026-09-13/pools/qwen-quora-d32/routers/ivf-4096-seed42,main-s00532,1,344,1,1000,1,True,True,0.388,0.3004794998560101,0.3515976030030288,299.2808989693003,0.3004794998560101,0.3004794998560101,0.3004794998560101,10458620,76300288,490.618,0.0,0.0,0.0,20.495,14100.56,12.505,,,,,,32,100
branch,64,/Users/vinroger/DATA/STUDY/latihan/about/exa-interview/e2e-inverted-bitplane-project/data/prefix-study-2026-09-13/pools/qwen-quora-d32/routers/ivf-64-seed42,main-s00058,1,9,1,1000,1,True,True,0.907,0.049000000217347406,0.08529614842700539,52.948469998227665,0.049000000217347406,0.049000000217347406,0.049000000217347406,10465840,77348864,248.304,141.965,17255.896,1757.466,0.0,0.0,0.0,0,42,32,8192,False,,
branch,64,/Users/vinroger/DATA/STUDY/latihan/about/exa-interview/e2e-inverted-bitplane-project/data/prefix-study-2026-09-13/pools/qwen-quora-d32/routers/ivf-64-seed42,main-s00100,100,23,1,1000,1,True,True,0.95488,0.47839550097705796,1.0679669481760352,529.4580299814697,0.47839550097705796,0.47839550097705796,0.47839550097705796,10465840,77348864,5183.668,1280.675,129743.228,40031.413,0.0,0.0,0.0,0,42,32,8192,False,,
branch,64,/Users/vinroger/DATA/STUDY/latihan/about/exa-interview/e2e-inverted-bitplane-project/data/prefix-study-2026-09-13/pools/qwen-quora-d32/routers/ivf-64-seed42,main-s00094,100,15,1,1000,1,True,True,0.90168,0.3528335018927464,0.7807023981513337,395.6827899819473,0.3528335018927464,0.3528335018927464,0.3528335018927464,10465840,77348864,4018.433,969.081,98169.912,30902.932,0.0,0.0,0.0,0,42,32,8192,False,,
prefix,64,/Users/vinroger/DATA/STUDY/latihan/about/exa-interview/e2e-inverted-bitplane-project/data/prefix-study-2026-09-13/pools/qwen-quora-d32/routers/ivf-64-seed42,main-s00116,1,2,1,1000,1,True,True,0.621,0.0834795009723166,0.12086839960829818,86.8787949802936,0.0834795009723166,0.0834795009723166,0.0834795009723166,10458620,74743808,17297.774,0.0,0.0,0.0,1.0,0.0,0.0,,,,,,0,0
prefix,64,/Users/vinroger/DATA/STUDY/latihan/about/exa-interview/e2e-inverted-bitplane-project/data/prefix-study-2026-09-13/pools/qwen-quora-d32/routers/ivf-64-seed42,main-s00159,1,33,1,1000,1,True,True,0.735,0.2441870001348434,0.4173652485405909,224.51747997911298,0.2441870001348434,0.2441870001348434,0.2441870001348434,10458620,74743808,44950.182,0.0,0.0,0.0,1.004,66.264,3.996,,,,,,4,100
prefix,64,/Users/vinroger/DATA/STUDY/latihan/about/exa-interview/e2e-inverted-bitplane-project/data/prefix-study-2026-09-13/pools/qwen-quora-d32/routers/ivf-64-seed42,main-s00180,100,9,1,1000,1,True,True,0.81261,0.40470800013281405,0.48047054860944627,407.81599591718987,0.40470800013281405,0.40470800013281405,0.40470800013281405,10458620,74743808,75866.901,0.0,0.0,0.0,2.0,18.0,0.0,,,,,,1,261465
branch,1024,/Users/vinroger/DATA/STUDY/latihan/about/exa-interview/e2e-inverted-bitplane-project/data/prefix-study-2026-09-13/pools/qwen-quora-d32/routers/ivf-1024-seed42,main-s00292,100,213,1,1000,1,True,True,0.9504,0.9620835007808637,1.643254151349538,997.2759319898614,0.9620835007808637,0.9620835007808637,0.9620835007808637,10587184,81084416,17017.967,3979.111,25455.867,9480.913,0.0,0.0,0.0,0,42,32,8192,False,,
branch,1024,/Users/vinroger/DATA/STUDY/latihan/about/exa-interview/e2e-inverted-bitplane-project/data/prefix-study-2026-09-13/pools/qwen-quora-d32/routers/ivf-1024-seed42,main-s00243,1,30,1,1000,1,True,True,0.806,0.0792499995441176,0.10788125273393234,81.33784902020125,0.0792499995441176,0.0792499995441176,0.0792499995441176,10587184,81084416,662.723,336.576,2671.104,306.57,0.0,0.0,0.0,0,42,32,512,True,,
branch,1024,/Users/vinroger/DATA/STUDY/latihan/about/exa-interview/e2e-inverted-bitplane-project/data/prefix-study-2026-09-13/pools/qwen-quora-d32/routers/ivf-1024-seed42,main-s00278,100,68,1,1000,1,True,True,0.80102,0.638333000097191,1.1269181512034263,664.8277009553567,0.638333000097191,0.638333000097191,0.638333000097191,10587184,81084416,3251.701,3090.166,20762.19,6386.791,0.0,0.0,0.0,0,42,8,8192,True,,
prefix,1024,/Users/vinroger/DATA/STUDY/latihan/about/exa-interview/e2e-inverted-bitplane-project/data/prefix-study-2026-09-13/pools/qwen-quora-d32/routers/ivf-1024-seed42,main-s00320,1,30,1,1000,1,True,True,0.587,0.04012499994132668,0.06463750105467624,42.902300963760354,0.04012499994132668,0.04012499994132668,0.04012499994132668,10458620,76660736,1974.089,0.0,0.0,0.0,11.097,665.82,5.903,,,,,,16,1000
prefix,1024,/Users/vinroger/DATA/STUDY/latihan/about/exa-interview/e2e-inverted-bitplane-project/data/prefix-study-2026-09-13/pools/qwen-quora-d32/routers/ivf-1024-seed42,main-s00337,1,125,1,1000,1,True,True,0.835,0.16191649956454057,0.2663062508872826,172.10924097889801,0.16191649956454057,0.16191649956454057,0.16191649956454057,10458620,76660736,22898.897,0.0,0.0,0.0,1.956,489.0,3.044,,,,,,4,10000
prefix,1024,/Users/vinroger/DATA/STUDY/latihan/about/exa-interview/e2e-inverted-bitplane-project/data/prefix-study-2026-09-13/pools/qwen-quora-d32/routers/ivf-1024-seed42,main-s00344,1,326,1,1000,1,True,True,0.99,0.8442084999842336,0.8945482513809111,843.9177559885138,0.8442084999842336,0.8442084999842336,0.8442084999842336,10458620,76660736,167060.878,0.0,0.0,0.0,1.0,0.0,0.0,,,,,,0,0
branch,4096,/Users/vinroger/DATA/STUDY/latihan/about/exa-interview/e2e-inverted-bitplane-project/data/prefix-study-2026-09-13/pools/qwen-quora-d32/routers/ivf-4096-seed42,main-s00432,1,7,1,1000,1,True,True,0.508,0.02554200000304263,0.031124997076403815,26.06573601224227,0.02554200000304263,0.02554200000304263,0.02554200000304263,10969392,79233024,698.849,24.88,60.863,18.949,0.0,0.0,0.0,0,42,128,8192,True,,
branch,4096,/Users/vinroger/DATA/STUDY/latihan/about/exa-interview/e2e-inverted-bitplane-project/data/prefix-study-2026-09-13/pools/qwen-quora-d32/routers/ivf-4096-seed42,main-s00459,1,1136,1,1000,1,True,True,0.792,0.4005210012110183,0.42930864856316475,402.0883379234874,0.4005210012110183,0.4005210012110183,0.4005210012110183,10969392,79233024,1248.738,512.0,1184.185,160.188,0.0,0.0,0.0,0,42,32,512,True,,
branch,4096,/Users/vinroger/DATA/STUDY/latihan/about/exa-interview/e2e-inverted-bitplane-project/data/prefix-study-2026-09-13/pools/qwen-quora-d32/routers/ivf-4096-seed42,main-s00478,100,411,1,1000,1,True,True,0.90025,1.0438749977765838,1.4151899002172286,1048.9209720217332,1.0438749977765838,1.0438749977765838,1.0438749977765838,10969392,79233024,19880.888,4347.155,8043.904,3458.621,0.0,0.0,0.0,0,42,32,8192,False,,
prefix,4096,/Users/vinroger/DATA/STUDY/latihan/about/exa-interview/e2e-inverted-bitplane-project/data/prefix-study-2026-09-13/pools/qwen-quora-d32/routers/ivf-4096-seed42,main-s00537,1,860,1,1000,1,True,True,0.99,0.8543335006834241,0.9087329997782945,854.7578739235178,0.8543335006834241,0.8543335006834241,0.8543335006834241,10458620,76103680,110485.681,0.0,0.0,0.0,2.0,1720.0,0.0,,,,,,1,261465
prefix,4096,/Users/vinroger/DATA/STUDY/latihan/about/exa-interview/e2e-inverted-bitplane-project/data/prefix-study-2026-09-13/pools/qwen-quora-d32/routers/ivf-4096-seed42,main-s00520,1,175,1,1000,1,True,True,0.854,0.17635450058151037,0.2338958516702405,181.7012359169894,0.17635450058151037,0.17635450058151037,0.17635450058151037,10458620,76103680,13699.009,0.0,0.0,0.0,3.062,1027.6,1.938,,,,,,4,10000
prefix,4096,/Users/vinroger/DATA/STUDY/latihan/about/exa-interview/e2e-inverted-bitplane-project/data/prefix-study-2026-09-13/pools/qwen-quora-d32/routers/ivf-4096-seed42,main-s00592,100,1398,1,1000,1,True,True,0.58616,0.6383544987329515,0.7793149005010491,641.8474690799485,0.6383544987329515,0.6383544987329515,0.6383544987329515,10458620,76103680,37001.36,0.0,0.0,0.0,1.249,3492.204,3.751,,,,,,4,10000
branch,64,/Users/vinroger/DATA/STUDY/latihan/about/exa-interview/e2e-inverted-bitplane-project/data/prefix-study-2026-09-13/pools/qwen-quora-d32/routers/ivf-64-seed42,main-s00071,1,33,1,1000,1,True,True,0.99,0.13954200039734133,0.19447565027803645,146.92793798167259,0.13954200039734133,0.13954200039734133,0.13954200039734133,10465840,77152256,723.839,413.613,48844.015,5193.756,0.0,0.0,0.0,0,42,32,8192,True,,
branch,64,/Users/vinroger/DATA/STUDY/latihan/about/exa-interview/e2e-inverted-bitplane-project/data/prefix-study-2026-09-13/pools/qwen-quora-d32/routers/ivf-64-seed42,main-s00061,1,9,1,1000,1,True,True,0.907,0.09466649862588383,0.11313329923723357,94.78721892446629,0.09466649862588383,0.09466649862588383,0.09466649862588383,10465840,77152256,12471.839,54.825,6283.599,1217.772,0.0,0.0,0.0,0,42,2048,8192,False,,
branch,64,/Users/vinroger/DATA/STUDY/latihan/about/exa-interview/e2e-inverted-bitplane-project/data/prefix-study-2026-09-13/pools/qwen-quora-d32/routers/ivf-64-seed42,main-s00072,1,33,1,1000,1,True,True,0.99,0.1414580001437571,0.18317319791094633,146.85686795564834,0.1414580001437571,0.1414580001437571,0.1414580001437571,10465840,77152256,2698.005,329.63,38443.537,4773.137,0.0,0.0,0.0,0,42,128,8192,True,,
prefix,64,/Users/vinroger/DATA/STUDY/latihan/about/exa-interview/e2e-inverted-bitplane-project/data/prefix-study-2026-09-13/pools/qwen-quora-d32/routers/ivf-64-seed42,main-s00163,1,38,1,1000,1,True,True,0.785,0.2738125003816094,0.4706458501459565,268.0822079964855,0.2738125003816094,0.2738125003816094,0.2738125003816094,10458620,74891264,54623.907,0.0,0.0,0.0,1.132,86.032,3.868,,,,,,4,10000
prefix,64,/Users/vinroger/DATA/STUDY/latihan/about/exa-interview/e2e-inverted-bitplane-project/data/prefix-study-2026-09-13/pools/qwen-quora-d32/routers/ivf-64-seed42,main-s00174,100,3,1,1000,1,True,True,0.00747,0.008582999726058915,0.010959000064758584,8.944659995904658,0.008582999726058915,0.008582999726058915,0.008582999726058915,10458620,74891264,2.666,0.0,0.0,0.0,10.91,65.46,22.09,,,,,,32,1
prefix,64,/Users/vinroger/DATA/STUDY/latihan/about/exa-interview/e2e-inverted-bitplane-project/data/prefix-study-2026-09-13/pools/qwen-quora-d32/routers/ivf-64-seed42,main-s00118,1,2,1,1000,1,True,True,0.614,0.0698750009178184,0.09451874921069246,71.0527209630527,0.0698750009178184,0.0698750009178184,0.0698750009178184,10458620,74891264,14078.951,0.0,0.0,0.0,4.22,14.568,0.78,,,,,,4,10000
branch,1024,/Users/vinroger/DATA/STUDY/latihan/about/exa-interview/e2e-inverted-bitplane-project/data/prefix-study-2026-09-13/pools/qwen-quora-d32/routers/ivf-1024-seed42,main-s00286,100,133,1,1000,1,True,True,0.90029,0.6805214979976881,1.1006544984411448,698.6060939852905,0.6805214979976881,0.6805214979976881,0.6805214979976881,10587184,81051648,12120.452,2787.857,17814.256,6768.047,0.0,0.0,0.0,0,42,32,8192,False,,
branch,1024,/Users/vinroger/DATA/STUDY/latihan/about/exa-interview/e2e-inverted-bitplane-project/data/prefix-study-2026-09-13/pools/qwen-quora-d32/routers/ivf-1024-seed42,main-s00277,100,12,1,1000,1,True,True,0.50469,0.07210399962787051,0.08420799731538864,72.42470692654024,0.07210399962787051,0.07210399962787051,0.07210399962787051,10587184,81051648,6357.221,12.0,0.0,105.292,0.0,0.0,0.0,0,42,2048,8192,False,,
branch,1024,/Users/vinroger/DATA/STUDY/latihan/about/exa-interview/e2e-inverted-bitplane-project/data/prefix-study-2026-09-13/pools/qwen-quora-d32/routers/ivf-1024-seed42,main-s00274,100,12,1,1000,1,True,True,0.50469,0.11641599849099293,0.15667114985262742,116.14117503268062,0.11641599849099293,0.11641599849099293,0.11641599849099293,10587184,81051648,2250.39,453.469,2838.51,1303.724,0.0,0.0,0.0,0,42,32,8192,False,,
prefix,1024,/Users/vinroger/DATA/STUDY/latihan/about/exa-interview/e2e-inverted-bitplane-project/data/prefix-study-2026-09-13/pools/qwen-quora-d32/routers/ivf-1024-seed42,main-s00353,1,353,1,1000,1,True,True,0.995,0.9123750005528564,0.9727079996082466,914.2555729995365,0.9123750005528564,0.9123750005528564,0.9123750005528564,10458620,76349440,180821.831,0.0,0.0,0.0,1.0,0.0,0.0,,,,,,0,0
prefix,1024,/Users/vinroger/DATA/STUDY/latihan/about/exa-interview/e2e-inverted-bitplane-project/data/prefix-study-2026-09-13/pools/qwen-quora-d32/routers/ivf-1024-seed42,main-s00345,1,326,1,1000,1,True,True,0.99,0.8976669978437712,0.9583895996911451,900.7426289135765,0.8976669978437712,0.8976669978437712,0.8976669978437712,10458620,76349440,167060.878,0.0,0.0,0.0,2.0,652.0,0.0,,,,,,1,261465
prefix,1024,/Users/vinroger/DATA/STUDY/latihan/about/exa-interview/e2e-inverted-bitplane-project/data/prefix-study-2026-09-13/pools/qwen-quora-d32/routers/ivf-1024-seed42,main-s00341,1,125,1,1000,1,True,True,0.869,0.227999998969608,0.2688329986995086,225.35548299492802,0.227999998969608,0.227999998969608,0.227999998969608,10458620,76349440,35902.493,0.0,0.0,0.0,1.0,250.0,1.0,,,,,,1,1
branch,4096,/Users/vinroger/DATA/STUDY/latihan/about/exa-interview/e2e-inverted-bitplane-project/data/prefix-study-2026-09-13/pools/qwen-quora-d32/routers/ivf-4096-seed42,main-s00458,1,1136,1,1000,1,True,True,0.983,1.938749999681022,2.030176450716681,1884.1529919482127,1.938749999681022,1.938749999681022,1.938749999681022,10969392,79036416,3997.824,7796.323,17636.482,2153.684,0.0,0.0,0.0,0,42,8,8192,True,,
branch,4096,/Users/vinroger/DATA/STUDY/latihan/about/exa-interview/e2e-inverted-bitplane-project/data/prefix-study-2026-09-13/pools/qwen-quora-d32/routers/ivf-4096-seed42,main-s00481,100,411,1,1000,1,True,True,0.90025,0.48297899957105983,0.5230228987784358,483.6431031508255,0.48297899957105983,0.48297899957105983,0.48297899957105983,10969392,79036416,53055.122,411.0,0.0,1028.816,0.0,0.0,0.0,0,42,2048,8192,False,,
branch,4096,/Users/vinroger/DATA/STUDY/latihan/about/exa-interview/e2e-inverted-bitplane-project/data/prefix-study-2026-09-13/pools/qwen-quora-d32/routers/ivf-4096-seed42,main-s00468,100,33,1,1000,1,True,True,0.50089,0.0849584994284669,0.10450834906805538,86.42914296069648,0.0849584994284669,0.0849584994284669,0.0849584994284669,10969392,79036416,3949.401,124.143,226.115,170.275,0.0,0.0,0.0,0,42,128,8192,True,,
prefix,4096,/Users/vinroger/DATA/STUDY/latihan/about/exa-interview/e2e-inverted-bitplane-project/data/prefix-study-2026-09-13/pools/qwen-quora-d32/routers/ivf-4096-seed42,main-s00597,100,1398,1,1000,1,True,True,0.54021,0.5941250019532163,0.7418329987558536,581.0403620380384,0.5941250019532163,0.5941250019532163,0.5941250019532163,10458620,76038144,33100.556,0.0,0.0,0.0,1.013,2832.348,3.987,,,,,,4,100
prefix,4096,/Users/vinroger/DATA/STUDY/latihan/about/exa-interview/e2e-inverted-bitplane-project/data/prefix-study-2026-09-13/pools/qwen-quora-d32/routers/ivf-4096-seed42,main-s00509,1,65,1,1000,1,True,True,0.801,0.07543749961769208,0.0842961515445495,75.85329404901131,0.07543749961769208,0.07543749961769208,0.07543749961769208,10458620,76038144,8569.049,0.0,0.0,0.0,1.0,0.0,0.0,,,,,,0,0
prefix,4096,/Users/vinroger/DATA/STUDY/latihan/about/exa-interview/e2e-inverted-bitplane-project/data/prefix-study-2026-09-13/pools/qwen-quora-d32/routers/ivf-4096-seed42,main-s00529,1,344,1,1000,1,True,True,0.847,0.2441455017105909,0.35032020023209043,260.5796110256051,0.2441455017105909,0.2441455017105909,0.2441455017105909,10458620,76038144,18813.862,0.0,0.0,0.0,2.181,1500.528,2.819,,,,,,4,10000
branch,64,/Users/vinroger/DATA/STUDY/latihan/about/exa-interview/e2e-inverted-bitplane-project/data/prefix-study-2026-09-13/pools/qwen-quora-d32/routers/ivf-64-seed42,main-s00089,100,9,1,1000,1,True,True,0.81261,0.26064600024255924,0.5717701980756827,290.78423693499644,0.26064600024255924,0.26064600024255924,0.26064600024255924,10465840,77758464,2979.139,694.171,70222.834,22842.102,0.0,0.0,0.0,0,42,32,8192,True,,
branch,64,/Users/vinroger/DATA/STUDY/latihan/about/exa-interview/e2e-inverted-bitplane-project/data/prefix-study-2026-09-13/pools/qwen-quora-d32/routers/ivf-64-seed42,main-s00066,1,16,1,1000,1,True,True,0.953,0.0787919998401776,0.11137679994135392,82.94092495998484,0.0787919998401776,0.0787919998401776,0.0787919998401776,10465840,77758464,1432.325,182.41,21755.299,2478.351,0.0,0.0,0.0,0,42,128,8192,True,,
branch,64,/Users/vinroger/DATA/STUDY/latihan/about/exa-interview/e2e-inverted-bitplane-project/data/prefix-study-2026-09-13/pools/qwen-quora-d32/routers/ivf-64-seed42,main-s00110,100,44,1,1000,1,True,True,0.99512,0.9707704994070809,2.4025330514632515,1105.0565170553455,0.9707704994070809,0.9707704994070809,0.9707704994070809,10465840,77758464,2870.521,3015.871,312859.863,82697.895,0.0,0.0,0.0,0,42,8,8192,True,,
prefix,64,/Users/vinroger/DATA/STUDY/latihan/about/exa-interview/e2e-inverted-bitplane-project/data/prefix-study-2026-09-13/pools/qwen-quora-d32/routers/ivf-64-seed42,main-s00158,1,33,1,1000,1,True,True,0.904,0.7151665013225283,0.8230795023337123,682.2681990270212,0.7151665013225283,0.7151665013225283,0.7151665013225283,10458620,74432512,141719.477,0.0,0.0,0.0,1.0,66.0,1.0,,,,,,1,1
prefix,64,/Users/vinroger/DATA/STUDY/latihan/about/exa-interview/e2e-inverted-bitplane-project/data/prefix-study-2026-09-13/pools/qwen-quora-d32/routers/ivf-64-seed42,main-s00147,1,16,1,1000,1,True,True,0.158,0.016041998605942354,0.022707998141413555,16.256191996944835,0.016041998605942354,0.016041998605942354,0.016041998605942354,10458620,74432512,2.608,0.0,0.0,0.0,9.498,303.936,23.502,,,,,,32,1
prefix,64,/Users/vinroger/DATA/STUDY/latihan/about/exa-interview/e2e-inverted-bitplane-project/data/prefix-study-2026-09-13/pools/qwen-quora-d32/routers/ivf-64-seed42,main-s00152,1,33,1,1000,1,True,True,0.99,1.2897915003122762,1.368310699945141,1289.411213088897,1.2897915003122762,1.2897915003122762,1.2897915003122762,10458620,74432512,271703.165,0.0,0.0,0.0,1.0,0.0,0.0,,,,,,0,0
branch,1024,/Users/vinroger/DATA/STUDY/latihan/about/exa-interview/e2e-inverted-bitplane-project/data/prefix-study-2026-09-13/pools/qwen-quora-d32/routers/ivf-1024-seed42,main-s00237,1,4,1,1000,1,True,True,0.537,0.02029149982263334,0.027752100140787658,21.020545027568005,0.02029149982263334,0.02029149982263334,0.02029149982263334,10587184,81068032,132.403,60.042,487.177,64.655,0.0,0.0,0.0,0,42,32,512,True,,
branch,1024,/Users/vinroger/DATA/STUDY/latihan/about/exa-interview/e2e-inverted-bitplane-project/data/prefix-study-2026-09-13/pools/qwen-quora-d32/routers/ivf-1024-seed42,main-s00276,100,12,1,1000,1,True,True,0.50469,0.08054149839153979,0.10046520128526026,80.02975105046062,0.08054149839153979,0.08054149839153979,0.08054149839153979,10587184,81068032,3919.608,193.599,1125.794,671.719,0.0,0.0,0.0,0,42,128,8192,True,,
branch,1024,/Users/vinroger/DATA/STUDY/latihan/about/exa-interview/e2e-inverted-bitplane-project/data/prefix-study-2026-09-13/pools/qwen-quora-d32/routers/ivf-1024-seed42,main-s00287,100,133,1,1000,1,True,True,0.90029,0.6581249999726424,1.09441874865297,677.2034210043785,0.6581249999726424,0.6581249999726424,0.6581249999726424,10587184,81068032,12120.452,2787.857,17814.256,6768.047,0.0,0.0,0.0,0,42,32,8192,True,,
prefix,1024,/Users/vinroger/DATA/STUDY/latihan/about/exa-interview/e2e-inverted-bitplane-project/data/prefix-study-2026-09-13/pools/qwen-quora-d32/routers/ivf-1024-seed42,main-s00390,100,213,1,1000,1,True,True,0.9504,0.6272499995247927,0.6791773985241889,629.2549640129437,0.6272499995247927,0.6272499995247927,0.6272499995247927,10458620,76808192,109362.477,0.0,0.0,0.0,2.0,426.0,0.0,,,,,,1,261465
prefix,1024,/Users/vinroger/DATA/STUDY/latihan/about/exa-interview/e2e-inverted-bitplane-project/data/prefix-study-2026-09-13/pools/qwen-quora-d32/routers/ivf-1024-seed42,main-s00328,1,65,1,1000,1,True,True,0.815,0.11170800098625477,0.15737705143692438,114.86006608902244,0.11170800098625477,0.11170800098625477,0.11170800098625477,10458620,76808192,16150.867,0.0,0.0,0.0,2.451,317.46,2.549,,,,,,4,10000
prefix,1024,/Users/vinroger/DATA/STUDY/latihan/about/exa-interview/e2e-inverted-bitplane-project/data/prefix-study-2026-09-13/pools/qwen-quora-d32/routers/ivf-1024-seed42,main-s00395,100,213,1,1000,1,True,True,0.78365,0.3962914997828193,0.45851635186409107,390.80144098988967,0.3962914997828193,0.3962914997828193,0.3962914997828193,10458620,76808192,59870.217,0.0,0.0,0.0,1.0,426.0,1.0,,,,,,1,1
branch,4096,/Users/vinroger/DATA/STUDY/latihan/about/exa-interview/e2e-inverted-bitplane-project/data/prefix-study-2026-09-13/pools/qwen-quora-d32/routers/ivf-4096-seed42,main-s00476,100,411,1,1000,1,True,True,0.8924,1.6427084992756136,1.7571815496921772,1508.262656887382,1.6427084992756136,1.6427084992756136,1.6427084992756136,10969392,78921728,6887.52,7114.228,14364.671,4079.702,0.0,0.0,0.0,0,42,8,8192,True,,
branch,4096,/Users/vinroger/DATA/STUDY/latihan/about/exa-interview/e2e-inverted-bitplane-project/data/prefix-study-2026-09-13/pools/qwen-quora-d32/routers/ivf-4096-seed42,main-s00445,1,175,1,1000,1,True,True,0.901,0.21043750166427344,0.23040000069158847,210.64645202204701,0.21043750166427344,0.21043750166427344,0.21043750166427344,10969392,78921728,22767.701,175.0,0.0,440.497,0.0,0.0,0.0,0,42,2048,8192,False,,
branch,4096,/Users/vinroger/DATA/STUDY/latihan/about/exa-interview/e2e-inverted-bitplane-project/data/prefix-study-2026-09-13/pools/qwen-quora-d32/routers/ivf-4096-seed42,main-s00496,100,1724,1,1000,1,True,True,0.53118,2.0836455005337484,2.2366354512996622,2089.2974600210437,2.0836455005337484,2.0836455005337484,2.0836455005337484,10969392,78921728,23166.643,8088.021,17197.132,3386.252,0.0,0.0,0.0,0,42,32,8192,False,,
prefix,4096,/Users/vinroger/DATA/STUDY/latihan/about/exa-interview/e2e-inverted-bitplane-project/data/prefix-study-2026-09-13/pools/qwen-quora-d32/routers/ivf-4096-seed42,main-s00582,100,671,1,1000,1,True,True,0.95011,0.6905830014147796,0.742083000659477,692.9887740079721,0.6905830014147796,0.6905830014147796,0.6905830014147796,10458620,76185600,86314.941,0.0,0.0,0.0,2.0,1342.0,0.0,,,,,,1,261465
prefix,4096,/Users/vinroger/DATA/STUDY/latihan/about/exa-interview/e2e-inverted-bitplane-project/data/prefix-study-2026-09-13/pools/qwen-quora-d32/routers/ivf-4096-seed42,main-s00577,100,411,1,1000,1,True,True,0.1012,0.3669580000860151,0.4324312500102678,366.7654319469875,0.3669580000860151,0.3669580000860151,0.3669580000860151,10458620,76185600,516.413,0.0,0.0,0.0,20.268,16660.296,12.732,,,,,,32,100
prefix,4096,/Users/vinroger/DATA/STUDY/latihan/about/exa-interview/e2e-inverted-bitplane-project/data/prefix-study-2026-09-13/pools/qwen-quora-d32/routers/ivf-4096-seed42,main-s00589,100,671,1,1000,1,True,True,0.55236,0.35743800071941223,0.44330239961709594,355.6221159888082,0.35743800071941223,0.35743800071941223,0.35743800071941223,10458620,76185600,19165.207,0.0,0.0,0.0,1.11,1489.62,3.89,,,,,,4,1000
branch,64,/Users/vinroger/DATA/STUDY/latihan/about/exa-interview/e2e-inverted-bitplane-project/data/prefix-study-2026-09-13/pools/qwen-quora-d32/routers/ivf-64-seed42,main-s00076,1,38,1,1000,1,True,True,0.995,0.15914600044197869,0.21726489867432966,167.18716499963193,0.15914600044197869,0.15914600044197869,0.15914600044197869,10465840,77381632,811.367,461.449,54273.442,5843.475,0.0,0.0,0.0,0,42,32,8192,False,,
branch,64,/Users/vinroger/DATA/STUDY/latihan/about/exa-interview/e2e-inverted-bitplane-project/data/prefix-study-2026-09-13/pools/qwen-quora-d32/routers/ivf-64-seed42,main-s00078,1,38,1,1000,1,True,True,0.995,0.15852099932089914,0.20241250203980596,164.11519396933727,0.15852099932089914,0.15852099932089914,0.15852099932089914,10465840,77381632,3048.275,368.103,42706.622,5418.756,0.0,0.0,0.0,0,42,128,8192,True,,
branch,64,/Users/vinroger/DATA/STUDY/latihan/about/exa-interview/e2e-inverted-bitplane-project/data/prefix-study-2026-09-13/pools/qwen-quora-d32/routers/ivf-64-seed42,main-s00091,100,9,1,1000,1,True,True,0.81261,0.2609585026220884,0.42378334965178505,262.5601119980274,0.2609585026220884,0.2609585026220884,0.2609585026220884,10465840,77381632,32544.408,87.652,7878.483,4213.234,0.0,0.0,0.0,0,42,2048,8192,False,,
prefix,64,/Users/vinroger/DATA/STUDY/latihan/about/exa-interview/e2e-inverted-bitplane-project/data/prefix-study-2026-09-13/pools/qwen-quora-d32/routers/ivf-64-seed42,main-s00194,100,15,1,1000,1,True,True,0.74294,0.37452099968504626,0.4480006489757215,367.4629900197033,0.37452099968504626,0.37452099968504626,0.37452099968504626,10458620,74661888,66792.982,0.0,0.0,0.0,1.0,30.0,1.0,,,,,,1,1
prefix,64,/Users/vinroger/DATA/STUDY/latihan/about/exa-interview/e2e-inverted-bitplane-project/data/prefix-study-2026-09-13/pools/qwen-quora-d32/routers/ivf-64-seed42,main-s00164,1,38,1,1000,1,True,True,0.517,0.038207999750738963,0.1418604488208074,56.815183957951376,0.038207999750738963,0.038207999750738963,0.038207999750738963,10458620,74661888,5403.384,0.0,0.0,0.0,7.442,565.592,9.558,,,,,,16,1000
prefix,64,/Users/vinroger/DATA/STUDY/latihan/about/exa-interview/e2e-inverted-bitplane-project/data/prefix-study-2026-09-13/pools/qwen-quora-d32/routers/ivf-64-seed42,main-s00172,100,3,1,1000,1,True,True,0.48789,0.10360449959989637,0.1498434485256439,109.01145494062803,0.10360449959989637,0.10360449959989637,0.10360449959989637,10458620,74661888,14665.941,0.0,0.0,0.0,3.038,17.418,1.962,,,,,,4,10000
branch,1024,/Users/vinroger/DATA/STUDY/latihan/about/exa-interview/e2e-inverted-bitplane-project/data/prefix-study-2026-09-13/pools/qwen-quora-d32/routers/ivf-1024-seed42,main-s00307,100,510,1,1000,1,True,True,0.99504,1.5002290001575602,1.5694368492404465,1501.5304470653064,1.5002290001575602,1.5002290001575602,1.5002290001575602,10587184,80920576,260571.38,510.0,0.0,4320.3,0.0,0.0,0.0,0,42,2048,8192,False,,
branch,1024,/Users/vinroger/DATA/STUDY/latihan/about/exa-interview/e2e-inverted-bitplane-project/data/prefix-study-2026-09-13/pools/qwen-quora-d32/routers/ivf-1024-seed42,main-s00290,100,213,1,1000,1,True,True,0.94663,1.4662499997939449,1.8307951995666372,1381.6683520562947,1.4662499997939449,1.4662499997939449,1.4662499997939449,10587184,80920576,5829.797,6171.1,42264.121,11412.575,0.0,0.0,0.0,0,42,8,8192,True,,
branch,1024,/Users/vinroger/DATA/STUDY/latihan/about/exa-interview/e2e-inverted-bitplane-project/data/prefix-study-2026-09-13/pools/qwen-quora-d32/routers/ivf-1024-seed42,main-s00284,100,133,1,1000,1,True,True,0.90006,1.0347499992349185,1.7495020993010257,1066.1575309604814,1.0347499992349185,1.0347499992349185,1.0347499992349185,10587184,80920576,4850.634,4849.978,32841.775,9513.169,0.0,0.0,0.0,0,42,8,8192,True,,
prefix,1024,/Users/vinroger/DATA/STUDY/latihan/about/exa-interview/e2e-inverted-bitplane-project/data/prefix-study-2026-09-13/pools/qwen-quora-d32/routers/ivf-1024-seed42,main-s00368,100,12,1,1000,1,True,True,0.41843,0.054604499382548966,0.06692019996989984,54.441568929178175,0.054604499382548966,0.054604499382548966,0.054604499382548966,10458620,76349440,3810.253,0.0,0.0,0.0,1.0,24.0,1.0,,,,,,1,1
prefix,1024,/Users/vinroger/DATA/STUDY/latihan/about/exa-interview/e2e-inverted-bitplane-project/data/prefix-study-2026-09-13/pools/qwen-quora-d32/routers/ivf-1024-seed42,main-s00327,1,65,1,1000,1,True,True,0.902,0.18766699940897524,0.2070598007776425,187.0892109873239,0.18766699940897524,0.18766699940897524,0.18766699940897524,10458620,76349440,33675.652,0.0,0.0,0.0,2.0,130.0,0.0,,,,,,1,261465
prefix,1024,/Users/vinroger/DATA/STUDY/latihan/about/exa-interview/e2e-inverted-bitplane-project/data/prefix-study-2026-09-13/pools/qwen-quora-d32/routers/ivf-1024-seed42,main-s00384,100,133,1,1000,1,True,True,0.00808,0.0825830011308426,0.11455654930614399,82.83708805902279,0.0825830011308426,0.0825830011308426,0.0825830011308426,10458620,76349440,2.452,0.0,0.0,0.0,9.578,2547.748,23.422,,,,,,32,1
branch,4096,/Users/vinroger/DATA/STUDY/latihan/about/exa-interview/e2e-inverted-bitplane-project/data/prefix-study-2026-09-13/pools/qwen-quora-d32/routers/ivf-4096-seed42,main-s00466,100,33,1,1000,1,True,True,0.50089,0.14358350199472625,0.17734135053615319,144.8768230402493,0.14358350199472625,0.14358350199472625,0.14358350199472625,10969392,79085568,2688.553,559.581,1007.79,522.282,0.0,0.0,0.0,0,42,32,8192,False,,
branch,4096,/Users/vinroger/DATA/STUDY/latihan/about/exa-interview/e2e-inverted-bitplane-project/data/prefix-study-2026-09-13/pools/qwen-quora-d32/routers/ivf-4096-seed42,main-s00448,1,344,1,1000,1,True,True,0.95,0.5786039982922375,0.7209562494608689,579.9121778945846,0.5786039982922375,0.5786039982922375,0.5786039982922375,10969392,79085568,6312.271,2297.643,5114.953,861.417,0.0,0.0,0.0,0,42,32,8192,False,,
branch,4096,/Users/vinroger/DATA/STUDY/latihan/about/exa-interview/e2e-inverted-bitplane-project/data/prefix-study-2026-09-13/pools/qwen-quora-d32/routers/ivf-4096-seed42,main-s00473,100,201,1,1000,1,True,True,0.80013,0.5772709992015734,0.7602422974741785,574.5184540101036,0.5772709992015734,0.5772709992015734,0.5772709992015734,10969392,79085568,11191.364,2429.856,4482.776,1992.169,0.0,0.0,0.0,0,42,32,8192,True,,
prefix,4096,/Users/vinroger/DATA/STUDY/latihan/about/exa-interview/e2e-inverted-bitplane-project/data/prefix-study-2026-09-13/pools/qwen-quora-d32/routers/ivf-4096-seed42,main-s00569,100,201,1,1000,1,True,True,0.66108,0.19910400078515522,0.2260410501548904,198.86374704219634,0.19910400078515522,0.19910400078515522,0.19910400078515522,10458620,76169216,15185.183,0.0,0.0,0.0,1.0,402.0,1.0,,,,,,1,1
prefix,4096,/Users/vinroger/DATA/STUDY/latihan/about/exa-interview/e2e-inverted-bitplane-project/data/prefix-study-2026-09-13/pools/qwen-quora-d32/routers/ivf-4096-seed42,main-s00510,1,65,1,1000,1,True,True,0.801,0.08279199937533122,0.091583002358675,83.05417502560886,0.08279199937533122,0.08279199937533122,0.08279199937533122,10458620,76169216,8569.049,0.0,0.0,0.0,2.0,130.0,0.0,,,,,,1,261465
prefix,4096,/Users/vinroger/DATA/STUDY/latihan/about/exa-interview/e2e-inverted-bitplane-project/data/prefix-study-2026-09-13/pools/qwen-quora-d32/routers/ivf-4096-seed42,main-s00556,100,33,1,1000,1,True,True,0.50089,0.0764164997235639,0.08596424959250726,76.81599902207381,0.0764164997235639,0.0764164997235639,0.0764164997235639,10458620,76169216,4390.982,0.0,0.0,0.0,5.0,264.0,0.0,,,,,,4,10000
branch,64,/Users/vinroger/DATA/STUDY/latihan/about/exa-interview/e2e-inverted-bitplane-project/data/prefix-study-2026-09-13/pools/qwen-quora-d32/routers/ivf-64-seed42,main-s00046,1,2,1,1000,1,True,True,0.621,0.0180000024556648,0.03479404949757736,20.397827043780126,0.0180000024556648,0.0180000024556648,0.0180000024556648,10465840,77709312,85.718,41.328,5016.969,604.338,0.0,0.0,0.0,0,42,32,8192,False,,
branch,64,/Users/vinroger/DATA/STUDY/latihan/about/exa-interview/e2e-inverted-bitplane-project/data/prefix-study-2026-09-13/pools/qwen-quora-d32/routers/ivf-64-seed42,main-s00092,100,15,1,1000,1,True,True,0.90168,0.5040835003455868,1.1854014494019793,582.5672969876905,0.5040835003455868,0.5040835003455868,0.5040835003455868,10465840,77709312,1660.003,1624.869,167848.257,47700.934,0.0,0.0,0.0,0,42,8,8192,True,,
branch,64,/Users/vinroger/DATA/STUDY/latihan/about/exa-interview/e2e-inverted-bitplane-project/data/prefix-study-2026-09-13/pools/qwen-quora-d32/routers/ivf-64-seed42,main-s00060,1,9,1,1000,1,True,True,0.907,0.049875001423060894,0.0745142493542516,52.747944955626735,0.049875001423060894,0.049875001423060894,0.049875001423060894,10465840,77709312,864.813,111.846,13554.929,1490.682,0.0,0.0,0.0,0,42,128,8192,True,,
prefix,64,/Users/vinroger/DATA/STUDY/latihan/about/exa-interview/e2e-inverted-bitplane-project/data/prefix-study-2026-09-13/pools/qwen-quora-d32/routers/ivf-64-seed42,main-s00179,100,9,1,1000,1,True,True,0.81261,0.40558299951953813,0.48016910022852244,408.18240698718,0.40558299951953813,0.40558299951953813,0.40558299951953813,10458620,74956800,75866.901,0.0,0.0,0.0,1.0,0.0,0.0,,,,,,0,0
prefix,64,/Users/vinroger/DATA/STUDY/latihan/about/exa-interview/e2e-inverted-bitplane-project/data/prefix-study-2026-09-13/pools/qwen-quora-d32/routers/ivf-64-seed42,main-s00120,1,2,1,1000,1,True,True,0.138,0.00733299930288922,0.008583049748267513,7.416541968268575,0.00733299930288922,0.00733299930288922,0.00733299930288922,10458620,74956800,4.335,0.0,0.0,0.0,11.532,46.128,21.468,,,,,,32,1
prefix,64,/Users/vinroger/DATA/STUDY/latihan/about/exa-interview/e2e-inverted-bitplane-project/data/prefix-study-2026-09-13/pools/qwen-quora-d32/routers/ivf-64-seed42,main-s00205,100,23,1,1000,1,True,True,0.55423,0.22066699966671877,0.3765892506635282,215.3438779678254,0.22066699966671877,0.22066699966671877,0.22066699966671877,10458620,74956800,36146.961,0.0,0.0,0.0,1.11,51.06,3.89,,,,,,4,1000
branch,1024,/Users/vinroger/DATA/STUDY/latihan/about/exa-interview/e2e-inverted-bitplane-project/data/prefix-study-2026-09-13/pools/qwen-quora-d32/routers/ivf-1024-seed42,main-s00300,100,419,1,1000,1,True,True,0.99006,1.103041500755353,1.8947454987937817,1168.2553830723919,1.103041500755353,1.103041500755353,1.103041500755353,10587184,81330176,66410.425,3396.636,20401.494,9746.372,0.0,0.0,0.0,0,42,128,8192,True,,
branch,1024,/Users/vinroger/DATA/STUDY/latihan/about/exa-interview/e2e-inverted-bitplane-project/data/prefix-study-2026-09-13/pools/qwen-quora-d32/routers/ivf-1024-seed42,main-s00303,100,510,1,1000,1,True,True,0.5672,0.2178329996240791,0.22909854851604905,218.5853618902911,0.2178329996240791,0.2178329996240791,0.2178329996240791,10587184,81330176,954.466,512.0,4049.782,433.035,0.0,0.0,0.0,0,42,32,512,True,,
branch,1024,/Users/vinroger/DATA/STUDY/latihan/about/exa-interview/e2e-inverted-bitplane-project/data/prefix-study-2026-09-13/pools/qwen-quora-d32/routers/ivf-1024-seed42,main-s00293,100,213,1,1000,1,True,True,0.9504,0.963791499088984,1.6648877983243437,996.186888009106,0.963791499088984,0.963791499088984,0.963791499088984,10587184,81330176,17017.692,3979.111,25456.398,9480.569,0.0,0.0,0.0,0,42,32,8192,True,,
prefix,1024,/Users/vinroger/DATA/STUDY/latihan/about/exa-interview/e2e-inverted-bitplane-project/data/prefix-study-2026-09-13/pools/qwen-quora-d32/routers/ivf-1024-seed42,main-s00339,1,125,1,1000,1,True,True,0.163,0.07839600039005745,0.10876459855353458,78.66102602201863,0.07839600039005745,0.07839600039005745,0.07839600039005745,10458620,76824576,2.439,0.0,0.0,0.0,9.614,2403.5,23.386,,,,,,32,1
prefix,1024,/Users/vinroger/DATA/STUDY/latihan/about/exa-interview/e2e-inverted-bitplane-project/data/prefix-study-2026-09-13/pools/qwen-quora-d32/routers/ivf-1024-seed42,main-s00325,1,30,1,1000,1,True,True,0.658,0.03787500099861063,0.06013124948367476,39.763183009199565,0.03787500099861063,0.03787500099861063,0.03787500099861063,10458620,76824576,4332.208,0.0,0.0,0.0,1.247,74.82,3.753,,,,,,4,1000
prefix,1024,/Users/vinroger/DATA/STUDY/latihan/about/exa-interview/e2e-inverted-bitplane-project/data/prefix-study-2026-09-13/pools/qwen-quora-d32/routers/ivf-1024-seed42,main-s00352,1,326,1,1000,1,True,True,0.781,0.26641700060281437,0.41238330049964134,263.86117898800876,0.26641700060281437,0.26641700060281437,0.26641700060281437,10458620,76824576,33408.34,0.0,0.0,0.0,1.11,723.72,3.89,,,,,,4,1000
branch,4096,/Users/vinroger/DATA/STUDY/latihan/about/exa-interview/e2e-inverted-bitplane-project/data/prefix-study-2026-09-13/pools/qwen-quora-d32/routers/ivf-4096-seed42,main-s00457,1,860,1,1000,1,True,True,0.99,0.8972710002126405,0.9502708497166168,897.2638279774401,0.8972710002126405,0.8972710002126405,0.8972710002126405,10969392,79101952,110485.681,860.0,0.0,2145.609,0.0,0.0,0.0,0,42,2048,8192,False,,
branch,4096,/Users/vinroger/DATA/STUDY/latihan/about/exa-interview/e2e-inverted-bitplane-project/data/prefix-study-2026-09-13/pools/qwen-quora-d32/routers/ivf-4096-seed42,main-s00474,100,201,1,1000,1,True,True,0.80013,0.3069379999942612,0.37598399994749343,311.2533789644658,0.3069379999942612,0.3069379999942612,0.3069379999942612,10969392,79101952,21789.281,576.81,1000.103,779.163,0.0,0.0,0.0,0,42,128,8192,True,,
branch,4096,/Users/vinroger/DATA/STUDY/latihan/about/exa-interview/e2e-inverted-bitplane-project/data/prefix-study-2026-09-13/pools/qwen-quora-d32/routers/ivf-4096-seed42,main-s00438,1,65,1,1000,1,True,True,0.801,0.09481250162934884,0.11583510149648646,96.19337607728085,0.09481250162934884,0.09481250162934884,0.09481250162934884,10969392,79101952,6193.265,177.417,378.347,165.982,0.0,0.0,0.0,0,42,128,8192,True,,
prefix,4096,/Users/vinroger/DATA/STUDY/latihan/about/exa-interview/e2e-inverted-bitplane-project/data/prefix-study-2026-09-13/pools/qwen-quora-d32/routers/ivf-4096-seed42,main-s00567,100,201,1,1000,1,True,True,0.00821,0.1340829985565506,0.17021939765982097,134.08531804088852,0.1340829985565506,0.1340829985565506,0.1340829985565506,10458620,76169216,2.435,0.0,0.0,0.0,10.005,4022.01,22.995,,,,,,32,1
prefix,4096,/Users/vinroger/DATA/STUDY/latihan/about/exa-interview/e2e-inverted-bitplane-project/data/prefix-study-2026-09-13/pools/qwen-quora-d32/routers/ivf-4096-seed42,main-s00521,1,175,1,1000,1,True,True,0.609,0.1465205023123417,0.17785450072551606,148.6344760087377,0.1465205023123417,0.1465205023123417,0.1465205023123417,10458620,76169216,1963.178,0.0,0.0,0.0,10.388,3635.8,6.612,,,,,,16,1000
prefix,4096,/Users/vinroger/DATA/STUDY/latihan/about/exa-interview/e2e-inverted-bitplane-project/data/prefix-study-2026-09-13/pools/qwen-quora-d32/routers/ivf-4096-seed42,main-s00554,100,33,1,1000,1,True,True,0.50089,0.06916699931025505,0.0785431511758361,69.64289093230036,0.06916699931025505,0.06916699931025505,0.06916699931025505,10458620,76169216,4390.982,0.0,0.0,0.0,1.0,0.0,0.0,,,,,,0,0
prefix,64,/Users/vinroger/DATA/STUDY/latihan/about/exa-interview/e2e-inverted-bitplane-project/data/prefix-study-2026-09-13/pools/qwen-quora-d32/routers/ivf-64-seed42,main-s00132,1,5,1,1000,1,True,True,0.638,0.0460620012745494,0.09387709815200651,48.72094897655188,0.0460620012745494,0.0460620012745494,0.0460620012745494,10458620,74891264,9233.26,0.0,0.0,0.0,1.083,10.83,3.917,,,,,,4,100
prefix,64,/Users/vinroger/DATA/STUDY/latihan/about/exa-interview/e2e-inverted-bitplane-project/data/prefix-study-2026-09-13/pools/qwen-quora-d32/routers/ivf-64-seed42,main-s00200,100,23,1,1000,1,True,True,0.21989,0.04722949961433187,0.13451875183818626,61.75454401454772,0.04722949961433187,0.04722949961433187,0.04722949961433187,10458620,74891264,4147.233,0.0,0.0,0.0,7.934,364.964,9.066,,,,,,16,1000
prefix,64,/Users/vinroger/DATA/STUDY/latihan/about/exa-interview/e2e-inverted-bitplane-project/data/prefix-study-2026-09-13/pools/qwen-quora-d32/routers/ivf-64-seed42,main-s00119,1,2,1,1000,1,True,True,0.464,0.014624998584622517,0.03755654870474244,17.629594014579197,0.014624998584622517,0.014624998584622517,0.014624998584622517,10458620,74891264,2151.931,0.0,0.0,0.0,11.327,45.308,5.673,,,,,,16,1000
prefix,1024,/Users/vinroger/DATA/STUDY/latihan/about/exa-interview/e2e-inverted-bitplane-project/data/prefix-study-2026-09-13/pools/qwen-quora-d32/routers/ivf-1024-seed42,main-s00347,1,326,1,1000,1,True,True,0.534,0.19470850020297803,0.33803365022322374,208.148764919315,0.19470850020297803,0.19470850020297803,0.19470850020297803,10458620,76316672,3945.939,0.0,0.0,0.0,7.919,5163.188,9.081,,,,,,16,1000
prefix,1024,/Users/vinroger/DATA/STUDY/latihan/about/exa-interview/e2e-inverted-bitplane-project/data/prefix-study-2026-09-13/pools/qwen-quora-d32/routers/ivf-1024-seed42,main-s00401,100,419,1,1000,1,True,True,0.21857,0.25700049991428386,0.470044099529332,273.9722469850676,0.25700049991428386,0.25700049991428386,0.25700049991428386,10458620,76316672,4600.022,0.0,0.0,0.0,7.657,6416.566,9.343,,,,,,16,1000
prefix,1024,/Users/vinroger/DATA/STUDY/latihan/about/exa-interview/e2e-inverted-bitplane-project/data/prefix-study-2026-09-13/pools/qwen-quora-d32/routers/ivf-1024-seed42,main-s00357,1,353,1,1000,1,True,True,0.162,0.1949795005202759,0.2972976000819471,195.86468903071363,0.1949795005202759,0.1949795005202759,0.1949795005202759,10458620,76316672,2.774,0.0,0.0,0.0,9.208,6500.848,23.792,,,,,,32,1
prefix,4096,/Users/vinroger/DATA/STUDY/latihan/about/exa-interview/e2e-inverted-bitplane-project/data/prefix-study-2026-09-13/pools/qwen-quora-d32/routers/ivf-4096-seed42,main-s00559,100,33,1,1000,1,True,True,0.12765,0.05616600174107589,0.0694622012815671,57.52750402825768,0.05616600174107589,0.05616600174107589,0.05616600174107589,10458620,76480512,242.314,0.0,0.0,0.0,24.29,1603.14,8.71,,,,,,32,100
prefix,4096,/Users/vinroger/DATA/STUDY/latihan/about/exa-interview/e2e-inverted-bitplane-project/data/prefix-study-2026-09-13/pools/qwen-quora-d32/routers/ivf-4096-seed42,main-s00542,1,860,1,1000,1,True,True,0.903,0.5679584992321907,0.6416291998903034,564.4746699908865,0.5679584992321907,0.5679584992321907,0.5679584992321907,10458620,76480512,61041.011,0.0,0.0,0.0,1.0,1720.0,1.0,,,,,,1,1
prefix,4096,/Users/vinroger/DATA/STUDY/latihan/about/exa-interview/e2e-inverted-bitplane-project/data/prefix-study-2026-09-13/pools/qwen-quora-d32/routers/ivf-4096-seed42,main-s00573,100,411,1,1000,1,True,True,0.90025,0.4549375007627532,0.49248089890170377,456.0594630311243,0.4549375007627532,0.4549375007627532,0.4549375007627532,10458620,76480512,53055.122,0.0,0.0,0.0,2.0,822.0,0.0,,,,,,1,261465
prefix,64,/Users/vinroger/DATA/STUDY/latihan/about/exa-interview/e2e-inverted-bitplane-project/data/prefix-study-2026-09-13/pools/qwen-quora-d32/routers/ivf-64-seed42,main-s00209,100,38,1,1000,1,True,True,0.21043,0.055812499340390787,0.16929549874475894,76.21396397371427,0.055812499340390787,0.055812499340390787,0.055812499340390787,10458620,74989568,5403.384,0.0,0.0,0.0,7.442,565.592,9.558,,,,,,16,1000
prefix,64,/Users/vinroger/DATA/STUDY/latihan/about/exa-interview/e2e-inverted-bitplane-project/data/prefix-study-2026-09-13/pools/qwen-quora-d32/routers/ivf-64-seed42,main-s00141,1,9,1,1000,1,True,True,0.687,0.07462500070687383,0.15455145130545134,78.92450694635045,0.07462500070687383,0.07462500070687383,0.07462500070687383,10458620,74989568,15269.265,0.0,0.0,0.0,1.051,18.918,3.949,,,,,,4,100
prefix,64,/Users/vinroger/DATA/STUDY/latihan/about/exa-interview/e2e-inverted-bitplane-project/data/prefix-study-2026-09-13/pools/qwen-quora-d32/routers/ivf-64-seed42,main-s00222,100,44,1,1000,1,True,True,0.54273,0.33506249928905163,0.5688223014658433,316.7333630481153,0.33506249928905163,0.33506249928905163,0.33506249928905163,10458620,74989568,56231.756,0.0,0.0,0.0,1.002,88.176,3.998,,,,,,4,100
prefix,1024,/Users/vinroger/DATA/STUDY/latihan/about/exa-interview/e2e-inverted-bitplane-project/data/prefix-study-2026-09-13/pools/qwen-quora-d32/routers/ivf-1024-seed42,main-s00338,1,125,1,1000,1,True,True,0.552,0.1002709996100748,0.14036635238880987,105.83028004839434,0.1002709996100748,0.1002709996100748,0.1002709996100748,10458620,76726272,2510.173,0.0,0.0,0.0,9.101,2275.25,7.899,,,,,,16,1000
prefix,1024,/Users/vinroger/DATA/STUDY/latihan/about/exa-interview/e2e-inverted-bitplane-project/data/prefix-study-2026-09-13/pools/qwen-quora-d32/routers/ivf-1024-seed42,main-s00309,1,4,1,1000,1,True,True,0.537,0.0194589993043337,0.023249998957908247,19.779992984695127,0.0194589993043337,0.0194589993043337,0.0194589993043337,10458620,76726272,2160.308,0.0,0.0,0.0,2.0,8.0,0.0,,,,,,1,261465
prefix,1024,/Users/vinroger/DATA/STUDY/latihan/about/exa-interview/e2e-inverted-bitplane-project/data/prefix-study-2026-09-13/pools/qwen-quora-d32/routers/ivf-1024-seed42,main-s00354,1,353,1,1000,1,True,True,0.995,0.9721040005388204,1.0362645996792708,972.346719019697,0.9721040005388204,0.9721040005388204,0.9721040005388204,10458620,76726272,180821.831,0.0,0.0,0.0,2.0,706.0,0.0,,,,,,1,261465
prefix,4096,/Users/vinroger/DATA/STUDY/latihan/about/exa-interview/e2e-inverted-bitplane-project/data/prefix-study-2026-09-13/pools/qwen-quora-d32/routers/ivf-4096-seed42,main-s00507,1,7,1,1000,1,True,True,0.426,0.02058400059468113,0.023627051632502113,20.929948004777543,0.02058400059468113,0.02058400059468113,0.02058400059468113,10458620,76513280,364.969,0.0,0.0,0.0,1.383,19.362,3.617,,,,,,4,100
prefix,4096,/Users/vinroger/DATA/STUDY/latihan/about/exa-interview/e2e-inverted-bitplane-project/data/prefix-study-2026-09-13/pools/qwen-quora-d32/routers/ivf-4096-seed42,main-s00508,1,7,1,1000,1,True,True,0.507,0.024291999579872936,0.02633400072227232,24.410503003309714,0.024291999579872936,0.024291999579872936,0.024291999579872936,10458620,76513280,948.301,0.0,0.0,0.0,4.905,55.328,0.095,,,,,,4,1000
prefix,4096,/Users/vinroger/DATA/STUDY/latihan/about/exa-interview/e2e-inverted-bitplane-project/data/prefix-study-2026-09-13/pools/qwen-quora-d32/routers/ivf-4096-seed42,main-s00590,100,1398,1,1000,1,True,True,0.99,1.1829169998236466,1.2439809521310963,1183.2564089963853,1.1829169998236466,1.1829169998236466,1.1829169998236466,10458620,76513280,179006.372,0.0,0.0,0.0,1.0,0.0,0.0,,,,,,0,0
prefix,64,/Users/vinroger/DATA/STUDY/latihan/about/exa-interview/e2e-inverted-bitplane-project/data/prefix-study-2026-09-13/pools/qwen-quora-d32/routers/ivf-64-seed42,main-s00192,100,15,1,1000,1,True,True,0.0081,0.01564550075272564,0.02221315189672168,15.867274047195679,0.01564550075272564,0.01564550075272564,0.01564550075272564,10458620,74809344,2.708,0.0,0.0,0.0,9.519,285.57,23.481,,,,,,32,1
prefix,64,/Users/vinroger/DATA/STUDY/latihan/about/exa-interview/e2e-inverted-bitplane-project/data/prefix-study-2026-09-13/pools/qwen-quora-d32/routers/ivf-64-seed42,main-s00173,100,3,1,1000,1,True,True,0.2346,0.034166998375440016,0.06550835041707613,38.28734295166214,0.034166998375440016,0.034166998375440016,0.034166998375440016,10458620,74809344,2172.982,0.0,0.0,0.0,10.69,64.14,6.31,,,,,,16,1000
prefix,64,/Users/vinroger/DATA/STUDY/latihan/about/exa-interview/e2e-inverted-bitplane-project/data/prefix-study-2026-09-13/pools/qwen-quora-d32/routers/ivf-64-seed42,main-s00199,100,23,1,1000,1,True,True,0.57015,0.22570799956156407,0.38722950139344897,226.0328779630072,0.22570799956156407,0.22570799956156407,0.22570799956156407,10458620,74809344,38157.175,0.0,0.0,0.0,1.27,58.42,3.73,,,,,,4,10000
prefix,1024,/Users/vinroger/DATA/STUDY/latihan/about/exa-interview/e2e-inverted-bitplane-project/data/prefix-study-2026-09-13/pools/qwen-quora-d32/routers/ivf-1024-seed42,main-s00393,100,213,1,1000,1,True,True,0.00815,0.1250000004802132,0.180591349817405,125.38257105552475,0.1250000004802132,0.1250000004802132,0.1250000004802132,10458620,76808192,2.62,0.0,0.0,0.0,9.387,3998.862,23.613,,,,,,32,1
prefix,1024,/Users/vinroger/DATA/STUDY/latihan/about/exa-interview/e2e-inverted-bitplane-project/data/prefix-study-2026-09-13/pools/qwen-quora-d32/routers/ivf-1024-seed42,main-s00372,100,68,1,1000,1,True,True,0.80102,0.22770800023863558,0.25141909736703383,227.44224211055553,0.22770800023863558,0.22770800023863558,0.22770800023863558,10458620,76808192,35192.908,0.0,0.0,0.0,2.0,136.0,0.0,,,,,,1,261465
prefix,1024,/Users/vinroger/DATA/STUDY/latihan/about/exa-interview/e2e-inverted-bitplane-project/data/prefix-study-2026-09-13/pools/qwen-quora-d32/routers/ivf-1024-seed42,main-s00313,1,4,1,1000,1,True,True,0.372,0.013708999176742509,0.016756250261096277,14.108456034591654,0.013708999176742509,0.013708999176742509,0.013708999176742509,10458620,76808192,226.23,0.0,0.0,0.0,25.838,206.704,7.162,,,,,,32,100
prefix,4096,/Users/vinroger/DATA/STUDY/latihan/about/exa-interview/e2e-inverted-bitplane-project/data/prefix-study-2026-09-13/pools/qwen-quora-d32/routers/ivf-4096-seed42,main-s00502,1,7,1,1000,1,True,True,0.508,0.02487500023562461,0.027333047000865918,25.04527497876552,0.02487500023562461,0.02487500023562461,0.02487500023562461,10458620,76120064,957.358,0.0,0.0,0.0,5.0,56.0,0.0,,,,,,4,10000
prefix,4096,/Users/vinroger/DATA/STUDY/latihan/about/exa-interview/e2e-inverted-bitplane-project/data/prefix-study-2026-09-13/pools/qwen-quora-d32/routers/ivf-4096-seed42,main-s00517,1,65,1,1000,1,True,True,0.674,0.0563749999855645,0.07387500227196142,58.12228403738118,0.0563749999855645,0.0563749999855645,0.0563749999855645,10458620,76120064,2841.964,0.0,0.0,0.0,1.476,191.88,3.524,,,,,,4,1000
prefix,4096,/Users/vinroger/DATA/STUDY/latihan/about/exa-interview/e2e-inverted-bitplane-project/data/prefix-study-2026-09-13/pools/qwen-quora-d32/routers/ivf-4096-seed42,main-s00513,1,65,1,1000,1,True,True,0.169,0.05262500053504482,0.06426665167964528,52.55754589961725,0.05262500053504482,0.05262500053504482,0.05262500053504482,10458620,76120064,14.625,0.0,0.0,0.0,10.959,1424.67,22.041,,,,,,32,1
prefix,64,/Users/vinroger/DATA/STUDY/latihan/about/exa-interview/e2e-inverted-bitplane-project/data/prefix-study-2026-09-13/pools/qwen-quora-d32/routers/ivf-64-seed42,main-s00183,100,9,1,1000,1,True,True,0.00816,0.01208300091093406,0.016082998808997218,12.256506022822578,0.01208300091093406,0.01208300091093406,0.01208300091093406,10458620,75104256,2.603,0.0,0.0,0.0,9.85,177.3,23.15,,,,,,32,1
prefix,64,/Users/vinroger/DATA/STUDY/latihan/about/exa-interview/e2e-inverted-bitplane-project/data/prefix-study-2026-09-13/pools/qwen-quora-d32/routers/ivf-64-seed42,main-s00196,100,15,1,1000,1,True,True,0.52379,0.16097900152090006,0.278050350061676,160.3964269743301,0.16097900152090006,0.16097900152090006,0.16097900152090006,10458620,75104256,25180.594,0.0,0.0,0.0,1.11,33.3,3.89,,,,,,4,1000
prefix,64,/Users/vinroger/DATA/STUDY/latihan/about/exa-interview/e2e-inverted-bitplane-project/data/prefix-study-2026-09-13/pools/qwen-quora-d32/routers/ivf-64-seed42,main-s00150,1,16,1,1000,1,True,True,0.71,0.12687500020547304,0.2382455519182258,124.0167179130367,0.12687500020547304,0.12687500020547304,0.12687500020547304,10458620,75104256,24812.748,0.0,0.0,0.0,1.024,32.768,3.976,,,,,,4,100
prefix,1024,/Users/vinroger/DATA/STUDY/latihan/about/exa-interview/e2e-inverted-bitplane-project/data/prefix-study-2026-09-13/pools/qwen-quora-d32/routers/ivf-1024-seed42,main-s00387,100,133,1,1000,1,True,True,0.50098,0.15166649791353848,0.22844820050522682,151.46861394532607,0.15166649791353848,0.15166649791353848,0.15166649791353848,10458620,76578816,14723.2,0.0,0.0,0.0,1.052,279.832,3.948,,,,,,4,100
prefix,1024,/Users/vinroger/DATA/STUDY/latihan/about/exa-interview/e2e-inverted-bitplane-project/data/prefix-study-2026-09-13/pools/qwen-quora-d32/routers/ivf-1024-seed42,main-s00326,1,65,1,1000,1,True,True,0.902,0.1786875000107102,0.19796220112766605,178.00703996545053,0.1786875000107102,0.1786875000107102,0.1786875000107102,10458620,76578816,33675.652,0.0,0.0,0.0,1.0,0.0,0.0,,,,,,0,0
prefix,1024,/Users/vinroger/DATA/STUDY/latihan/about/exa-interview/e2e-inverted-bitplane-project/data/prefix-study-2026-09-13/pools/qwen-quora-d32/routers/ivf-1024-seed42,main-s00332,1,65,1,1000,1,True,True,0.822,0.12149999929533806,0.14546104830515105,120.09255992961698,0.12149999929533806,0.12149999929533806,0.12149999929533806,10458620,76578816,19154.562,0.0,0.0,0.0,1.0,130.0,1.0,,,,,,1,1
prefix,4096,/Users/vinroger/DATA/STUDY/latihan/about/exa-interview/e2e-inverted-bitplane-project/data/prefix-study-2026-09-13/pools/qwen-quora-d32/routers/ivf-4096-seed42,main-s00583,100,671,1,1000,1,True,True,0.63301,0.3925000000890577,0.5997298010697705,417.35785795754055,0.3925000000890577,0.3925000000890577,0.3925000000890577,10458620,76595200,25612.02,0.0,0.0,0.0,1.691,2269.322,3.309,,,,,,4,10000
prefix,4096,/Users/vinroger/DATA/STUDY/latihan/about/exa-interview/e2e-inverted-bitplane-project/data/prefix-study-2026-09-13/pools/qwen-quora-d32/routers/ivf-4096-seed42,main-s00534,1,344,1,1000,1,True,True,0.725,0.19699999938893598,0.2492666990292491,198.0546610429883,0.19699999938893598,0.19699999938893598,0.19699999938893598,10458620,76595200,10276.447,0.0,0.0,0.0,1.067,734.096,3.933,,,,,,4,100
prefix,4096,/Users/vinroger/DATA/STUDY/latihan/about/exa-interview/e2e-inverted-bitplane-project/data/prefix-study-2026-09-13/pools/qwen-quora-d32/routers/ivf-4096-seed42,main-s00538,1,860,1,1000,1,True,True,0.815,0.43456300045363605,0.676466999357217,454.821198098216,0.43456300045363605,0.43456300045363605,0.43456300045363605,10458620,76595200,28549.214,0.0,0.0,0.0,1.496,2573.12,3.504,,,,,,4,10000
prefix,64,/Users/vinroger/DATA/STUDY/latihan/about/exa-interview/e2e-inverted-bitplane-project/data/prefix-study-2026-09-13/pools/qwen-quora-d32/routers/ivf-64-seed42,main-s00177,100,3,1,1000,1,True,True,0.33331,0.06139600009191781,0.1058253015798982,63.05842100846348,0.06139600009191781,0.06139600009191781,0.06139600009191781,10458620,74858496,5933.696,0.0,0.0,0.0,1.098,6.588,3.902,,,,,,4,100
prefix,64,/Users/vinroger/DATA/STUDY/latihan/about/exa-interview/e2e-inverted-bitplane-project/data/prefix-study-2026-09-13/pools/qwen-quora-d32/routers/ivf-64-seed42,main-s00193,100,15,1,1000,1,True,True,0.08188,0.03308300074422732,0.04116700074519031,34.03813304612413,0.03308300074422732,0.03308300074422732,0.03308300074422732,10458620,74858496,260.466,0.0,0.0,0.0,19.594,587.82,13.406,,,,,,32,100
prefix,64,/Users/vinroger/DATA/STUDY/latihan/about/exa-interview/e2e-inverted-bitplane-project/data/prefix-study-2026-09-13/pools/qwen-quora-d32/routers/ivf-64-seed42,main-s00136,1,9,1,1000,1,True,True,0.787,0.11391650150471833,0.20574344816850496,120.19543295537005,0.11391650150471833,0.11391650150471833,0.11391650150471833,10458620,74858496,24232.536,0.0,0.0,0.0,1.877,33.786,3.123,,,,,,4,10000
prefix,1024,/Users/vinroger/DATA/STUDY/latihan/about/exa-interview/e2e-inverted-bitplane-project/data/prefix-study-2026-09-13/pools/qwen-quora-d32/routers/ivf-1024-seed42,main-s00364,100,12,1,1000,1,True,True,0.50469,0.0694170012138784,0.08166809948306764,69.92971901854617,0.0694170012138784,0.0694170012138784,0.0694170012138784,10458620,76627968,6357.221,0.0,0.0,0.0,5.0,96.0,0.0,,,,,,4,10000
prefix,1024,/Users/vinroger/DATA/STUDY/latihan/about/exa-interview/e2e-inverted-bitplane-project/data/prefix-study-2026-09-13/pools/qwen-quora-d32/routers/ivf-1024-seed42,main-s00392,100,213,1,1000,1,True,True,0.23448,0.16224999853875488,0.24607770137663432,170.32611904869555,0.16224999853875488,0.16224999853875488,0.16224999853875488,10458620,76627968,3110.586,0.0,0.0,0.0,8.412,3583.512,8.588,,,,,,16,1000
prefix,1024,/Users/vinroger/DATA/STUDY/latihan/about/exa-interview/e2e-inverted-bitplane-project/data/prefix-study-2026-09-13/pools/qwen-quora-d32/routers/ivf-1024-seed42,main-s00375,100,68,1,1000,1,True,True,0.00792,0.045729000703431666,0.06224135049706089,45.921208009531256,0.045729000703431666,0.045729000703431666,0.045729000703431666,10458620,76627968,2.499,0.0,0.0,0.0,9.971,1356.056,23.029,,,,,,32,1
prefix,4096,/Users/vinroger/DATA/STUDY/latihan/about/exa-interview/e2e-inverted-bitplane-project/data/prefix-study-2026-09-13/pools/qwen-quora-d32/routers/ivf-4096-seed42,main-s00572,100,411,1,1000,1,True,True,0.90025,0.41683349991217256,0.4502267509451485,417.5137420788815,0.41683349991217256,0.41683349991217256,0.41683349991217256,10458620,76185600,53055.122,0.0,0.0,0.0,1.0,0.0,0.0,,,,,,0,0
prefix,4096,/Users/vinroger/DATA/STUDY/latihan/about/exa-interview/e2e-inverted-bitplane-project/data/prefix-study-2026-09-13/pools/qwen-quora-d32/routers/ivf-4096-seed42,main-s00588,100,671,1,1000,1,True,True,0.52428,0.3546249990904471,0.44465414866863284,353.27019802934956,0.3546249990904471,0.3546249990904471,0.3546249990904471,10458620,76185600,18091.072,0.0,0.0,0.0,1.04,1395.68,3.96,,,,,,4,100
prefix,4096,/Users/vinroger/DATA/STUDY/latihan/about/exa-interview/e2e-inverted-bitplane-project/data/prefix-study-2026-09-13/pools/qwen-quora-d32/routers/ivf-4096-seed42,main-s00575,100,411,1,1000,1,True,True,0.2617,0.29912549871369265,0.38154824869707227,303.97570303466637,0.29912549871369265,0.29912549871369265,0.29912549871369265,10458620,76185600,2347.856,0.0,0.0,0.0,9.256,7608.432,7.744,,,,,,16,1000
prefix,64,/Users/vinroger/DATA/STUDY/latihan/about/exa-interview/e2e-inverted-bitplane-project/data/prefix-study-2026-09-13/pools/qwen-quora-d32/routers/ivf-64-seed42,main-s00161,1,38,1,1000,1,True,True,0.995,1.475208498959546,1.5568792021440458,1476.726093027537,1.475208498959546,1.475208498959546,1.475208498959546,10458620,74989568,311976.533,0.0,0.0,0.0,1.0,0.0,0.0,,,,,,0,0
prefix,64,/Users/vinroger/DATA/STUDY/latihan/about/exa-interview/e2e-inverted-bitplane-project/data/prefix-study-2026-09-13/pools/qwen-quora-d32/routers/ivf-64-seed42,main-s00129,1,5,1,1000,1,True,True,0.151,0.009250001312466338,0.011583000741666183,9.357343893498182,0.009250001312466338,0.009250001312466338,0.009250001312466338,10458620,74989568,2.554,0.0,0.0,0.0,10.297,102.97,22.703,,,,,,32,1
prefix,64,/Users/vinroger/DATA/STUDY/latihan/about/exa-interview/e2e-inverted-bitplane-project/data/prefix-study-2026-09-13/pools/qwen-quora-d32/routers/ivf-64-seed42,main-s00217,100,44,1,1000,1,True,True,0.57751,0.33970799813687336,0.5786440498923183,337.47507192674675,0.33970799813687336,0.33970799813687336,0.33970799813687336,10458620,74989568,61131.641,0.0,0.0,0.0,1.113,97.944,3.887,,,,,,4,10000
prefix,1024,/Users/vinroger/DATA/STUDY/latihan/about/exa-interview/e2e-inverted-bitplane-project/data/prefix-study-2026-09-13/pools/qwen-quora-d32/routers/ivf-1024-seed42,main-s00308,1,4,1,1000,1,True,True,0.537,0.018875001842388883,0.022958000045036897,19.158506042003864,0.018875001842388883,0.018875001842388883,0.018875001842388883,10458620,76480512,2160.308,0.0,0.0,0.0,1.0,0.0,0.0,,,,,,0,0
prefix,1024,/Users/vinroger/DATA/STUDY/latihan/about/exa-interview/e2e-inverted-bitplane-project/data/prefix-study-2026-09-13/pools/qwen-quora-d32/routers/ivf-1024-seed42,main-s00321,1,30,1,1000,1,True,True,0.166,0.025833000108832493,0.03350209699419793,25.978743949963246,0.025833000108832493,0.025833000108832493,0.025833000108832493,10458620,76480512,3.82,0.0,0.0,0.0,10.616,636.96,22.384,,,,,,32,1
prefix,1024,/Users/vinroger/DATA/STUDY/latihan/about/exa-interview/e2e-inverted-bitplane-project/data/prefix-study-2026-09-13/pools/qwen-quora-d32/routers/ivf-1024-seed42,main-s00334,1,65,1,1000,1,True,True,0.714,0.06904099973326083,0.11019825215043963,71.00115406501573,0.06904099973326083,0.06904099973326083,0.06904099973326083,10458620,76480512,8228.43,0.0,0.0,0.0,1.127,146.51,3.873,,,,,,4,1000
prefix,4096,/Users/vinroger/DATA/STUDY/latihan/about/exa-interview/e2e-inverted-bitplane-project/data/prefix-study-2026-09-13/pools/qwen-quora-d32/routers/ivf-4096-seed42,main-s00580,100,411,1,1000,1,True,True,0.52411,0.2505624997866107,0.3186353997080005,250.38523203329532,0.2505624997866107,0.2505624997866107,0.2505624997866107,10458620,76201984,12499.165,0.0,0.0,0.0,1.115,916.53,3.885,,,,,,4,1000
prefix,4096,/Users/vinroger/DATA/STUDY/latihan/about/exa-interview/e2e-inverted-bitplane-project/data/prefix-study-2026-09-13/pools/qwen-quora-d32/routers/ivf-4096-seed42,main-s00587,100,671,1,1000,1,True,True,0.7838,0.48754150157037657,0.5547152504732367,487.47048197037657,0.48754150157037657,0.48754150157037657,0.48754150157037657,10458620,76201984,48108.506,0.0,0.0,0.0,1.0,1342.0,1.0,,,,,,1,1
prefix,4096,/Users/vinroger/DATA/STUDY/latihan/about/exa-interview/e2e-inverted-bitplane-project/data/prefix-study-2026-09-13/pools/qwen-quora-d32/routers/ivf-4096-seed42,main-s00516,1,65,1,1000,1,True,True,0.642,0.05295849950925913,0.06696010041196132,53.76605410128832,0.05295849950925913,0.05295849950925913,0.05295849950925913,10458620,76201984,2405.536,0.0,0.0,0.0,1.112,144.56,3.888,,,,,,4,100
prefix,64,/Users/vinroger/DATA/STUDY/latihan/about/exa-interview/e2e-inverted-bitplane-project/data/prefix-study-2026-09-13/pools/qwen-quora-d32/routers/ivf-64-seed42,main-s00169,1,38,1,1000,1,True,True,0.781,0.2748749993770616,0.47240384865290247,265.42721498481114,0.2748749993770616,0.2748749993770616,0.2748749993770616,10458620,75005952,53958.984,0.0,0.0,0.0,1.107,84.132,3.893,,,,,,4,1000
prefix,64,/Users/vinroger/DATA/STUDY/latihan/about/exa-interview/e2e-inverted-bitplane-project/data/prefix-study-2026-09-13/pools/qwen-quora-d32/routers/ivf-64-seed42,main-s00145,1,16,1,1000,1,True,True,0.781,0.14962499881221447,0.2850336511983186,155.36559895554092,0.14962499881221447,0.14962499881221447,0.14962499881221447,10458620,75005952,31103.25,0.0,0.0,0.0,1.434,45.888,3.566,,,,,,4,10000
prefix,64,/Users/vinroger/DATA/STUDY/latihan/about/exa-interview/e2e-inverted-bitplane-project/data/prefix-study-2026-09-13/pools/qwen-quora-d32/routers/ivf-64-seed42,main-s00143,1,16,1,1000,1,True,True,0.953,0.6370624996634433,0.7063652483338956,633.7626190215815,0.6370624996634433,0.6370624996634433,0.6370624996634433,10458620,75005952,133314.713,0.0,0.0,0.0,1.0,0.0,0.0,,,,,,0,0
prefix,1024,/Users/vinroger/DATA/STUDY/latihan/about/exa-interview/e2e-inverted-bitplane-project/data/prefix-study-2026-09-13/pools/qwen-quora-d32/routers/ivf-1024-seed42,main-s00358,1,353,1,1000,1,True,True,0.356,0.3219170012016548,0.4161826998824836,329.4290129451838,0.3219170012016548,0.3219170012016548,0.3219170012016548,10458620,76791808,204.5,0.0,0.0,0.0,18.905,13346.93,14.095,,,,,,32,100
prefix,1024,/Users/vinroger/DATA/STUDY/latihan/about/exa-interview/e2e-inverted-bitplane-project/data/prefix-study-2026-09-13/pools/qwen-quora-d32/routers/ivf-1024-seed42,main-s00335,1,125,1,1000,1,True,True,0.95,0.3384379997442011,0.3709378013809328,338.97222901214263,0.3384379997442011,0.3384379997442011,0.3384379997442011,10458620,76791808,64408.865,0.0,0.0,0.0,1.0,0.0,0.0,,,,,,0,0
prefix,1024,/Users/vinroger/DATA/STUDY/latihan/about/exa-interview/e2e-inverted-bitplane-project/data/prefix-study-2026-09-13/pools/qwen-quora-d32/routers/ivf-1024-seed42,main-s00329,1,65,1,1000,1,True,True,0.579,0.06112499977461994,0.0845711498186574,64.20995396183571,0.06112499977461994,0.06112499977461994,0.06112499977461994,10458620,76791808,2113.423,0.0,0.0,0.0,9.945,1292.85,7.055,,,,,,16,1000
prefix,4096,/Users/vinroger/DATA/STUDY/latihan/about/exa-interview/e2e-inverted-bitplane-project/data/prefix-study-2026-09-13/pools/qwen-quora-d32/routers/ivf-4096-seed42,main-s00533,1,344,1,1000,1,True,True,0.868,0.2701460016396595,0.3078056004596874,269.83767709316453,0.2701460016396595,0.2701460016396595,0.2701460016396595,10458620,76251136,25389.976,0.0,0.0,0.0,1.0,688.0,1.0,,,,,,1,1
prefix,4096,/Users/vinroger/DATA/STUDY/latihan/about/exa-interview/e2e-inverted-bitplane-project/data/prefix-study-2026-09-13/pools/qwen-quora-d32/routers/ivf-4096-seed42,main-s00535,1,344,1,1000,1,True,True,0.749,0.20041700008732732,0.252948247907625,201.14133300376125,0.20041700008732732,0.20041700008732732,0.20041700008732732,10458620,76251136,10690.453,0.0,0.0,0.0,1.115,767.12,3.885,,,,,,4,1000
prefix,4096,/Users/vinroger/DATA/STUDY/latihan/about/exa-interview/e2e-inverted-bitplane-project/data/prefix-study-2026-09-13/pools/qwen-quora-d32/routers/ivf-4096-seed42,main-s00561,100,33,1,1000,1,True,True,0.29685,0.0519164987053955,0.06524999862449476,52.29254698133445,0.0519164987053955,0.0519164987053955,0.0519164987053955,10458620,76251136,1312.464,0.0,0.0,0.0,1.117,73.722,3.883,,,,,,4,100
prefix,64,/Users/vinroger/DATA/STUDY/latihan/about/exa-interview/e2e-inverted-bitplane-project/data/prefix-study-2026-09-13/pools/qwen-quora-d32/routers/ivf-64-seed42,main-s00170,100,3,1,1000,1,True,True,0.57577,0.1660625002841698,0.21692115005862433,171.00146191296517,0.1660625002841698,0.1660625002841698,0.1660625002841698,10458620,74579968,25745.518,0.0,0.0,0.0,1.0,0.0,0.0,,,,,,0,0
prefix,64,/Users/vinroger/DATA/STUDY/latihan/about/exa-interview/e2e-inverted-bitplane-project/data/prefix-study-2026-09-13/pools/qwen-quora-d32/routers/ivf-64-seed42,main-s00218,100,44,1,1000,1,True,True,0.20604,0.059750498621724546,0.17467325105826545,81.66584199716453,0.059750498621724546,0.059750498621724546,0.059750498621724546,10458620,74579968,5785.88,0.0,0.0,0.0,7.323,644.424,9.677,,,,,,16,1000
prefix,64,/Users/vinroger/DATA/STUDY/latihan/about/exa-interview/e2e-inverted-bitplane-project/data/prefix-study-2026-09-13/pools/qwen-quora-d32/routers/ivf-64-seed42,main-s00188,100,15,1,1000,1,True,True,0.90168,0.646833499558852,0.7236354020278668,646.8199139671924,0.646833499558852,0.646833499558852,0.646833499558852,10458620,74579968,125114.888,0.0,0.0,0.0,1.0,0.0,0.0,,,,,,0,0
prefix,1024,/Users/vinroger/DATA/STUDY/latihan/about/exa-interview/e2e-inverted-bitplane-project/data/prefix-study-2026-09-13/pools/qwen-quora-d32/routers/ivf-1024-seed42,main-s00365,100,12,1,1000,1,True,True,0.32116,0.04512500163400546,0.06550625039380975,47.84109002866899,0.04512500163400546,0.04512500163400546,0.04512500163400546,10458620,76333056,1882.554,0.0,0.0,0.0,12.681,304.344,4.319,,,,,,16,1000
prefix,1024,/Users/vinroger/DATA/STUDY/latihan/about/exa-interview/e2e-inverted-bitplane-project/data/prefix-study-2026-09-13/pools/qwen-quora-d32/routers/ivf-1024-seed42,main-s00319,1,30,1,1000,1,True,True,0.798,0.09008350025396794,0.10713125084294006,88.2541059727373,0.09008350025396794,0.09008350025396794,0.09008350025396794,10458620,76333056,13757.435,0.0,0.0,0.0,4.476,230.52,0.524,,,,,,4,10000
prefix,1024,/Users/vinroger/DATA/STUDY/latihan/about/exa-interview/e2e-inverted-bitplane-project/data/prefix-study-2026-09-13/pools/qwen-quora-d32/routers/ivf-1024-seed42,main-s00316,1,4,1,1000,1,True,True,0.514,0.016500001947861165,0.020749998111568857,16.935427971475292,0.016500001947861165,0.016500001947861165,0.016500001947861165,10458620,76333056,1498.5,0.0,0.0,0.0,3.226,23.888,1.774,,,,,,4,1000
prefix,4096,/Users/vinroger/DATA/STUDY/latihan/about/exa-interview/e2e-inverted-bitplane-project/data/prefix-study-2026-09-13/pools/qwen-quora-d32/routers/ivf-4096-seed42,main-s00528,1,344,1,1000,1,True,True,0.95,0.3611249994719401,0.39456039903598134,362.33686703417334,0.3611249994719401,0.3611249994719401,0.3611249994719401,10458620,76152832,44474.095,0.0,0.0,0.0,2.0,688.0,0.0,,,,,,1,261465
prefix,4096,/Users/vinroger/DATA/STUDY/latihan/about/exa-interview/e2e-inverted-bitplane-project/data/prefix-study-2026-09-13/pools/qwen-quora-d32/routers/ivf-4096-seed42,main-s00603,100,1724,1,1000,1,True,True,0.00817,0.8549165013391757,1.2473999993744656,852.2742320310499,0.8549165013391757,0.8549165013391757,0.8549165013391757,10458620,76152832,2.903,0.0,0.0,0.0,9.172,31625.056,23.828,,,,,,32,1
prefix,4096,/Users/vinroger/DATA/STUDY/latihan/about/exa-interview/e2e-inverted-bitplane-project/data/prefix-study-2026-09-13/pools/qwen-quora-d32/routers/ivf-4096-seed42,main-s00586,100,671,1,1000,1,True,True,0.09122,0.5729165004595416,0.7013958000243292,568.6612409372174,0.5729165004595416,0.5729165004595416,0.5729165004595416,10458620,76152832,443.242,0.0,0.0,0.0,19.684,26415.928,13.316,,,,,,32,100
prefix,64,/Users/vinroger/DATA/STUDY/latihan/about/exa-interview/e2e-inverted-bitplane-project/data/prefix-study-2026-09-13/pools/qwen-quora-d32/routers/ivf-64-seed42,main-s00165,1,38,1,1000,1,True,True,0.161,0.027395501092541963,0.04150204949837644,27.53995399689302,0.027395501092541963,0.027395501092541963,0.027395501092541963,10458620,74694656,2.897,0.0,0.0,0.0,9.191,698.516,23.809,,,,,,32,1
prefix,64,/Users/vinroger/DATA/STUDY/latihan/about/exa-interview/e2e-inverted-bitplane-project/data/prefix-study-2026-09-13/pools/qwen-quora-d32/routers/ivf-64-seed42,main-s00140,1,9,1,1000,1,True,True,0.831,0.19556249753804877,0.24771104835963342,193.52637504198356,0.19556249753804877,0.19556249753804877,0.19556249753804877,10458620,74694656,40811.655,0.0,0.0,0.0,1.0,18.0,1.0,,,,,,1,1
prefix,64,/Users/vinroger/DATA/STUDY/latihan/about/exa-interview/e2e-inverted-bitplane-project/data/prefix-study-2026-09-13/pools/qwen-quora-d32/routers/ivf-64-seed42,main-s00219,100,44,1,1000,1,True,True,0.00812,0.03041649870283436,0.046677398859173984,30.756372994801495,0.03041649870283436,0.03041649870283436,0.03041649870283436,10458620,74694656,3.001,0.0,0.0,0.0,9.182,808.016,23.818,,,,,,32,1
prefix,1024,/Users/vinroger/DATA/STUDY/latihan/about/exa-interview/e2e-inverted-bitplane-project/data/prefix-study-2026-09-13/pools/qwen-quora-d32/routers/ivf-1024-seed42,main-s00414,100,510,1,1000,1,True,True,0.54263,0.3960624999308493,0.5838875003973953,379.25156401252025,0.3960624999308493,0.3960624999308493,0.3960624999308493,10458620,76496896,44415.774,0.0,0.0,0.0,1.002,1022.04,3.998,,,,,,4,100
prefix,1024,/Users/vinroger/DATA/STUDY/latihan/about/exa-interview/e2e-inverted-bitplane-project/data/prefix-study-2026-09-13/pools/qwen-quora-d32/routers/ivf-1024-seed42,main-s00411,100,510,1,1000,1,True,True,0.00814,0.2855830007320037,0.45147529945097625,287.28439493715996,0.2855830007320037,0.2855830007320037,0.2855830007320037,10458620,76496896,2.881,0.0,0.0,0.0,9.164,9347.28,23.836,,,,,,32,1
prefix,1024,/Users/vinroger/DATA/STUDY/latihan/about/exa-interview/e2e-inverted-bitplane-project/data/prefix-study-2026-09-13/pools/qwen-quora-d32/routers/ivf-1024-seed42,main-s00380,100,133,1,1000,1,True,True,0.90029,0.3921455008821795,0.42775210094987415,392.51200495345984,0.3921455008821795,0.3921455008821795,0.3921455008821795,10458620,76496896,68494.75,0.0,0.0,0.0,1.0,0.0,0.0,,,,,,0,0
prefix,4096,/Users/vinroger/DATA/STUDY/latihan/about/exa-interview/e2e-inverted-bitplane-project/data/prefix-study-2026-09-13/pools/qwen-quora-d32/routers/ivf-4096-seed42,main-s00574,100,411,1,1000,1,True,True,0.66609,0.29689599978155456,0.43271220220049145,317.95829796465114,0.29689599978155456,0.29689599978155456,0.29689599978155456,10458620,76365824,20806.005,0.0,0.0,0.0,2.067,1699.074,2.933,,,,,,4,10000
prefix,4096,/Users/vinroger/DATA/STUDY/latihan/about/exa-interview/e2e-inverted-bitplane-project/data/prefix-study-2026-09-13/pools/qwen-quora-d32/routers/ivf-4096-seed42,main-s00511,1,65,1,1000,1,True,True,0.801,0.0915829987206962,0.10125204971700441,91.89919600612484,0.0915829987206962,0.0915829987206962,0.0915829987206962,10458620,76365824,8569.049,0.0,0.0,0.0,5.0,520.0,0.0,,,,,,4,10000
prefix,4096,/Users/vinroger/DATA/STUDY/latihan/about/exa-interview/e2e-inverted-bitplane-project/data/prefix-study-2026-09-13/pools/qwen-quora-d32/routers/ivf-4096-seed42,main-s00505,1,7,1,1000,1,True,True,0.384,0.024166998628061265,0.027002051865565587,24.551744016207522,0.024166998628061265,0.024166998628061265,0.024166998628061265,10458620,76365824,203.683,0.0,0.0,0.0,27.075,379.05,5.925,,,,,,32,100
prefix,64,/Users/vinroger/DATA/STUDY/latihan/about/exa-interview/e2e-inverted-bitplane-project/data/prefix-study-2026-09-13/pools/qwen-quora-d32/routers/ivf-64-seed42,main-s00155,1,33,1,1000,1,True,True,0.521,0.03600000127335079,0.13601459886558587,54.2452550798771,0.03600000127335079,0.03600000127335079,0.03600000127335079,10458620,74989568,5281.373,0.0,0.0,0.0,7.55,498.3,9.45,,,,,,16,1000
prefix,64,/Users/vinroger/DATA/STUDY/latihan/about/exa-interview/e2e-inverted-bitplane-project/data/prefix-study-2026-09-13/pools/qwen-quora-d32/routers/ivf-64-seed42,main-s00206,100,38,1,1000,1,True,True,0.99016,1.5299579990823986,1.6139295001266873,1530.9800450449984,1.5299579990823986,1.5299579990823986,1.5299579990823986,10458620,74989568,311976.533,0.0,0.0,0.0,1.0,0.0,0.0,,,,,,0,0
prefix,64,/Users/vinroger/DATA/STUDY/latihan/about/exa-interview/e2e-inverted-bitplane-project/data/prefix-study-2026-09-13/pools/qwen-quora-d32/routers/ivf-64-seed42,main-s00223,100,44,1,1000,1,True,True,0.57378,0.34050000067509245,0.5826961520142504,336.24078795401147,0.34050000067509245,0.34050000067509245,0.34050000067509245,10458620,74989568,60409.763,0.0,0.0,0.0,1.106,97.328,3.894,,,,,,4,1000
prefix,1024,/Users/vinroger/DATA/STUDY/latihan/about/exa-interview/e2e-inverted-bitplane-project/data/prefix-study-2026-09-13/pools/qwen-quora-d32/routers/ivf-1024-seed42,main-s00371,100,68,1,1000,1,True,True,0.80102,0.21758299953944515,0.2407910496913246,218.00349812110653,0.21758299953944515,0.21758299953944515,0.21758299953944515,10458620,76660736,35192.908,0.0,0.0,0.0,1.0,0.0,0.0,,,,,,0,0
prefix,1024,/Users/vinroger/DATA/STUDY/latihan/about/exa-interview/e2e-inverted-bitplane-project/data/prefix-study-2026-09-13/pools/qwen-quora-d32/routers/ivf-1024-seed42,main-s00409,100,510,1,1000,1,True,True,0.5797,0.40856250052456744,0.6063402006475371,407.01611201438936,0.40856250052456744,0.40856250052456744,0.40856250052456744,10458620,76660736,48431.848,0.0,0.0,0.0,1.15,1173.0,3.85,,,,,,4,10000
prefix,1024,/Users/vinroger/DATA/STUDY/latihan/about/exa-interview/e2e-inverted-bitplane-project/data/prefix-study-2026-09-13/pools/qwen-quora-d32/routers/ivf-1024-seed42,main-s00407,100,510,1,1000,1,True,True,0.99504,1.3373749989114003,1.4016375023857108,1338.6766450603318,1.3373749989114003,1.3373749989114003,1.3373749989114003,10458620,76660736,260571.38,0.0,0.0,0.0,1.0,0.0,0.0,,,,,,0,0
prefix,4096,/Users/vinroger/DATA/STUDY/latihan/about/exa-interview/e2e-inverted-bitplane-project/data/prefix-study-2026-09-13/pools/qwen-quora-d32/routers/ivf-4096-seed42,main-s00579,100,411,1,1000,1,True,True,0.50237,0.2547290005168179,0.32313335104845464,254.902959055471,0.2547290005168179,0.2547290005168179,0.2547290005168179,10458620,76333056,11978.735,0.0,0.0,0.0,1.057,868.854,3.943,,,,,,4,100
prefix,4096,/Users/vinroger/DATA/STUDY/latihan/about/exa-interview/e2e-inverted-bitplane-project/data/prefix-study-2026-09-13/pools/qwen-quora-d32/routers/ivf-4096-seed42,main-s00602,100,1724,1,1000,1,True,True,0.21752,0.8637704995635431,1.3687191025383072,885.3443260632048,0.8637704995635431,0.8637704995635431,0.8637704995635431,10458620,76333056,4723.977,0.0,0.0,0.0,7.606,26225.488,9.394,,,,,,16,1000
prefix,4096,/Users/vinroger/DATA/STUDY/latihan/about/exa-interview/e2e-inverted-bitplane-project/data/prefix-study-2026-09-13/pools/qwen-quora-d32/routers/ivf-4096-seed42,main-s00536,1,860,1,1000,1,True,True,0.99,0.7462085013685282,0.7982562527104164,747.1896169918182,0.7462085013685282,0.7462085013685282,0.7462085013685282,10458620,76333056,110485.681,0.0,0.0,0.0,1.0,0.0,0.0,,,,,,0,0
prefix,64,/Users/vinroger/DATA/STUDY/latihan/about/exa-interview/e2e-inverted-bitplane-project/data/prefix-study-2026-09-13/pools/qwen-quora-d32/routers/ivf-64-seed42,main-s00117,1,2,1,1000,1,True,True,0.621,0.08229200102505274,0.11844410310004602,85.84030794372666,0.08229200102505274,0.08229200102505274,0.08229200102505274,10458620,75087872,17297.774,0.0,0.0,0.0,2.0,4.0,0.0,,,,,,1,261465
prefix,64,/Users/vinroger/DATA/STUDY/latihan/about/exa-interview/e2e-inverted-bitplane-project/data/prefix-study-2026-09-13/pools/qwen-quora-d32/routers/ivf-64-seed42,main-s00178,100,3,1,1000,1,True,True,0.3463,0.06335400212265085,0.10766699797386536,65.16415802616393,0.06335400212265085,0.06335400212265085,0.06335400212265085,10458620,75087872,6264.73,0.0,0.0,0.0,1.192,7.152,3.808,,,,,,4,1000
prefix,64,/Users/vinroger/DATA/STUDY/latihan/about/exa-interview/e2e-inverted-bitplane-project/data/prefix-study-2026-09-13/pools/qwen-quora-d32/routers/ivf-64-seed42,main-s00142,1,9,1,1000,1,True,True,0.716,0.07962500058056321,0.1551690493215574,81.56563100055791,0.07962500058056321,0.07962500058056321,0.07962500058056321,10458620,75087872,15993.235,0.0,0.0,0.0,1.114,20.052,3.886,,,,,,4,1000
prefix,1024,/Users/vinroger/DATA/STUDY/latihan/about/exa-interview/e2e-inverted-bitplane-project/data/prefix-study-2026-09-13/pools/qwen-quora-d32/routers/ivf-1024-seed42,main-s00370,100,12,1,1000,1,True,True,0.34851,0.04400000034365803,0.06075625060475431,45.42554601357551,0.04400000034365803,0.04400000034365803,0.04400000034365803,10458620,76808192,2350.935,0.0,0.0,0.0,1.718,41.232,3.282,,,,,,4,1000
prefix,1024,/Users/vinroger/DATA/STUDY/latihan/about/exa-interview/e2e-inverted-bitplane-project/data/prefix-study-2026-09-13/pools/qwen-quora-d32/routers/ivf-1024-seed42,main-s00333,1,65,1,1000,1,True,True,0.695,0.06672900053672493,0.10689789887692311,68.18784199640504,0.06672900053672493,0.06672900053672493,0.06672900053672493,10458620,76808192,7919.828,0.0,0.0,0.0,1.08,140.4,3.92,,,,,,4,100
prefix,1024,/Users/vinroger/DATA/STUDY/latihan/about/exa-interview/e2e-inverted-bitplane-project/data/prefix-study-2026-09-13/pools/qwen-quora-d32/routers/ivf-1024-seed42,main-s00342,1,125,1,1000,1,True,True,0.725,0.11777050167438574,0.18688960044528358,118.79079098798684,0.11777050167438574,0.11777050167438574,0.11777050167438574,10458620,76808192,13938.754,0.0,0.0,0.0,1.054,263.5,3.946,,,,,,4,100
prefix,4096,/Users/vinroger/DATA/STUDY/latihan/about/exa-interview/e2e-inverted-bitplane-project/data/prefix-study-2026-09-13/pools/qwen-quora-d32/routers/ivf-4096-seed42,main-s00526,1,175,1,1000,1,True,True,0.721,0.11958350114582572,0.15466904915228952,121.86535900764284,0.11958350114582572,0.11958350114582572,0.11958350114582572,10458620,76283904,5985.897,0.0,0.0,0.0,1.155,404.25,3.845,,,,,,4,1000
prefix,4096,/Users/vinroger/DATA/STUDY/latihan/about/exa-interview/e2e-inverted-bitplane-project/data/prefix-study-2026-09-13/pools/qwen-quora-d32/routers/ivf-4096-seed42,main-s00527,1,344,1,1000,1,True,True,0.95,0.3302710010757437,0.3591375023461296,330.39407792603015,0.3302710010757437,0.3302710010757437,0.3302710010757437,10458620,76283904,44474.095,0.0,0.0,0.0,1.0,0.0,0.0,,,,,,0,0
prefix,4096,/Users/vinroger/DATA/STUDY/latihan/about/exa-interview/e2e-inverted-bitplane-project/data/prefix-study-2026-09-13/pools/qwen-quora-d32/routers/ivf-4096-seed42,main-s00584,100,671,1,1000,1,True,True,0.24329,0.41406299897062127,0.5567437501667881,422.4422249462805,0.41406299897062127,0.41406299897062127,0.41406299897062127,10458620,76283904,2797.193,0.0,0.0,0.0,8.637,11590.854,8.363,,,,,,16,1000
prefix,64,/Users/vinroger/DATA/STUDY/latihan/about/exa-interview/e2e-inverted-bitplane-project/data/prefix-study-2026-09-13/pools/qwen-quora-d32/routers/ivf-64-seed42,main-s00122,1,2,1,1000,1,True,True,0.578,0.050020500566461124,0.07080240065988617,50.180955997348065,0.050020500566461124,0.050020500566461124,0.050020500566461124,10458620,75071488,9605.037,0.0,0.0,0.0,1.0,4.0,1.0,,,,,,1,1
prefix,64,/Users/vinroger/DATA/STUDY/latihan/about/exa-interview/e2e-inverted-bitplane-project/data/prefix-study-2026-09-13/pools/qwen-quora-d32/routers/ivf-64-seed42,main-s00204,100,23,1,1000,1,True,True,0.52132,0.21212550200289115,0.3650951999588869,202.15158100472763,0.21212550200289115,0.21212550200289115,0.21212550200289115,10458620,75071488,33536.556,0.0,0.0,0.0,1.01,46.46,3.99,,,,,,4,100
prefix,64,/Users/vinroger/DATA/STUDY/latihan/about/exa-interview/e2e-inverted-bitplane-project/data/prefix-study-2026-09-13/pools/qwen-quora-d32/routers/ivf-64-seed42,main-s00124,1,2,1,1000,1,True,True,0.511,0.02479149952705484,0.050423248649167356,26.71384696441237,0.02479149952705484,0.02479149952705484,0.02479149952705484,10458620,75071488,4541.701,0.0,0.0,0.0,1.304,5.216,3.696,,,,,,4,1000
prefix,1024,/Users/vinroger/DATA/STUDY/latihan/about/exa-interview/e2e-inverted-bitplane-project/data/prefix-study-2026-09-13/pools/qwen-quora-d32/routers/ivf-1024-seed42,main-s00317,1,30,1,1000,1,True,True,0.806,0.08641699969302863,0.0978792029854958,86.07826400111662,0.08641699969302863,0.08641699969302863,0.08641699969302863,10458620,76742656,15645.096,0.0,0.0,0.0,1.0,0.0,0.0,,,,,,0,0
prefix,1024,/Users/vinroger/DATA/STUDY/latihan/about/exa-interview/e2e-inverted-bitplane-project/data/prefix-study-2026-09-13/pools/qwen-quora-d32/routers/ivf-1024-seed42,main-s00386,100,133,1,1000,1,True,True,0.74265,0.2663750001374865,0.30850625244056573,262.9634180411813,0.2663750001374865,0.2663750001374865,0.2663750001374865,10458620,76742656,38136.675,0.0,0.0,0.0,1.0,266.0,1.0,,,,,,1,1
prefix,1024,/Users/vinroger/DATA/STUDY/latihan/about/exa-interview/e2e-inverted-bitplane-project/data/prefix-study-2026-09-13/pools/qwen-quora-d32/routers/ivf-1024-seed42,main-s00331,1,65,1,1000,1,True,True,0.393,0.06891600060043857,0.08175835027941501,69.65361299444339,0.06891600060043857,0.06891600060043857,0.06891600060043857,10458620,76742656,469.163,0.0,0.0,0.0,21.134,2747.42,11.866,,,,,,32,100
prefix,4096,/Users/vinroger/DATA/STUDY/latihan/about/exa-interview/e2e-inverted-bitplane-project/data/prefix-study-2026-09-13/pools/qwen-quora-d32/routers/ivf-4096-seed42,main-s00503,1,7,1,1000,1,True,True,0.507,0.028375001420499757,0.03146009930787841,28.583125997101888,0.028375001420499757,0.028375001420499757,0.028375001420499757,10458620,76267520,948.301,0.0,0.0,0.0,16.905,223.328,0.095,,,,,,16,1000
prefix,4096,/Users/vinroger/DATA/STUDY/latihan/about/exa-interview/e2e-inverted-bitplane-project/data/prefix-study-2026-09-13/pools/qwen-quora-d32/routers/ivf-4096-seed42,main-s00552,1,1136,1,1000,1,True,True,0.742,0.5155415001354413,0.6568086491824943,509.31320305971894,0.5155415001354413,0.5155415001354413,0.5155415001354413,10458620,76267520,27996.978,0.0,0.0,0.0,1.021,2319.712,3.979,,,,,,4,100
prefix,4096,/Users/vinroger/DATA/STUDY/latihan/about/exa-interview/e2e-inverted-bitplane-project/data/prefix-study-2026-09-13/pools/qwen-quora-d32/routers/ivf-4096-seed42,main-s00607,100,1724,1,1000,1,True,True,0.57699,0.7543544998043217,0.9240691004379187,740.9370850073174,0.7543544998043217,0.7543544998043217,0.7543544998043217,10458620,76267520,42376.937,0.0,0.0,0.0,1.11,3827.28,3.89,,,,,,4,1000
