query,depth,top_k,matched_rows,balanced_rows,reference_matches,neighbor_survival
0,1,1,234334,500000.0,0,0.0
1,1,1,765666,500000.0,1,1.0
2,1,1,765666,500000.0,1,1.0
3,1,1,234334,500000.0,1,1.0
4,1,1,765666,500000.0,1,1.0
5,1,1,765666,500000.0,1,1.0
6,1,1,765666,500000.0,1,1.0
7,1,1,234334,500000.0,0,0.0
8,1,1,765666,500000.0,1,1.0
9,1,1,765666,500000.0,0,0.0
10,1,1,234334,500000.0,1,1.0
11,1,1,234334,500000.0,0,0.0
12,1,1,765666,500000.0,1,1.0
13,1,1,765666,500000.0,1,1.0
14,1,1,765666,500000.0,1,1.0
15,1,1,234334,500000.0,1,1.0
16,1,1,765666,500000.0,1,1.0
17,1,1,765666,500000.0,1,1.0
18,1,1,765666,500000.0,1,1.0
19,1,1,234334,500000.0,0,0.0
20,1,1,765666,500000.0,1,1.0
21,1,1,765666,500000.0,1,1.0
22,1,1,765666,500000.0,1,1.0
23,1,1,765666,500000.0,0,0.0
24,1,1,765666,500000.0,1,1.0
25,1,1,765666,500000.0,0,0.0
26,1,1,765666,500000.0,1,1.0
27,1,1,765666,500000.0,1,1.0
28,1,1,234334,500000.0,0,0.0
29,1,1,765666,500000.0,1,1.0
30,1,1,234334,500000.0,0,0.0
31,1,1,765666,500000.0,1,1.0
32,1,1,765666,500000.0,1,1.0
33,1,1,765666,500000.0,1,1.0
34,1,1,765666,500000.0,1,1.0
35,1,1,765666,500000.0,1,1.0
36,1,1,234334,500000.0,0,0.0
37,1,1,765666,500000.0,0,0.0
38,1,1,765666,500000.0,1,1.0
39,1,1,765666,500000.0,1,1.0
40,1,1,765666,500000.0,1,1.0
41,1,1,765666,500000.0,1,1.0
42,1,1,765666,500000.0,1,1.0
43,1,1,765666,500000.0,1,1.0
44,1,1,765666,500000.0,1,1.0
45,1,1,765666,500000.0,1,1.0
46,1,1,234334,500000.0,1,1.0
47,1,1,765666,500000.0,1,1.0
48,1,1,765666,500000.0,1,1.0
49,1,1,765666,500000.0,1,1.0
50,1,1,765666,500000.0,1,1.0
51,1,1,765666,500000.0,1,1.0
52,1,1,765666,500000.0,1,1.0
53,1,1,765666,500000.0,1,1.0
54,1,1,765666,500000.0,1,1.0
55,1,1,765666,500000.0,1,1.0
56,1,1,765666,500000.0,1,1.0
57,1,1,234334,500000.0,0,0.0
58,1,1,765666,500000.0,1,1.0
59,1,1,765666,500000.0,1,1.0
60,1,1,765666,500000.0,1,1.0
61,1,1,765666,500000.0,1,1.0
62,1,1,765666,500000.0,1,1.0
63,1,1,765666,500000.0,1,1.0
64,1,1,765666,500000.0,1,1.0
65,1,1,765666,500000.0,1,1.0
66,1,1,234334,500000.0,1,1.0
67,1,1,234334,500000.0,1,1.0
68,1,1,234334,500000.0,0,0.0
69,1,1,765666,500000.0,0,0.0
70,1,1,765666,500000.0,1,1.0
71,1,1,765666,500000.0,1,1.0
72,1,1,765666,500000.0,0,0.0
73,1,1,765666,500000.0,1,1.0
74,1,1,765666,500000.0,1,1.0
75,1,1,765666,500000.0,1,1.0
76,1,1,765666,500000.0,1,1.0
77,1,1,234334,500000.0,1,1.0
78,1,1,765666,500000.0,1,1.0
79,1,1,765666,500000.0,1,1.0
80,1,1,234334,500000.0,1,1.0
81,1,1,765666,500000.0,1,1.0
82,1,1,765666,500000.0,0,0.0
83,1,1,234334,500000.0,0,0.0
84,1,1,765666,500000.0,1,1.0
85,1,1,765666,500000.0,0,0.0
86,1,1,765666,500000.0,1,1.0
87,1,1,765666,500000.0,1,1.0
88,1,1,234334,500000.0,1,1.0
89,1,1,765666,500000.0,1,1.0
90,1,1,765666,500000.0,1,1.0
91,1,1,765666,500000.0,0,0.0
92,1,1,765666,500000.0,0,0.0
93,1,1,765666,500000.0,1,1.0
94,1,1,765666,500000.0,1,1.0
95,1,1,234334,500000.0,0,0.0
96,1,1,234334,500000.0,0,0.0
97,1,1,234334,500000.0,1,1.0
98,1,1,234334,500000.0,1,1.0
99,1,1,765666,500000.0,1,1.0
100,1,1,765666,500000.0,1,1.0
101,1,1,234334,500000.0,1,1.0
102,1,1,234334,500000.0,1,1.0
103,1,1,765666,500000.0,1,1.0
104,1,1,765666,500000.0,1,1.0
105,1,1,765666,500000.0,1,1.0
106,1,1,765666,500000.0,1,1.0
107,1,1,765666,500000.0,1,1.0
108,1,1,765666,500000.0,1,1.0
109,1,1,765666,500000.0,0,0.0
110,1,1,765666,500000.0,0,0.0
111,1,1,765666,500000.0,1,1.0
112,1,1,234334,500000.0,1,1.0
113,1,1,765666,500000.0,1,1.0
114,1,1,765666,500000.0,1,1.0
115,1,1,765666,500000.0,1,1.0
116,1,1,765666,500000.0,1,1.0
117,1,1,765666,500000.0,1,1.0
118,1,1,765666,500000.0,1,1.0
119,1,1,234334,500000.0,1,1.0
120,1,1,234334,500000.0,1,1.0
121,1,1,765666,500000.0,1,1.0
122,1,1,765666,500000.0,1,1.0
123,1,1,234334,500000.0,1,1.0
124,1,1,765666,500000.0,1,1.0
125,1,1,765666,500000.0,1,1.0
126,1,1,234334,500000.0,0,0.0
127,1,1,765666,500000.0,0,0.0
128,1,1,765666,500000.0,1,1.0
129,1,1,234334,500000.0,0,0.0
130,1,1,234334,500000.0,0,0.0
131,1,1,765666,500000.0,1,1.0
132,1,1,765666,500000.0,1,1.0
133,1,1,234334,500000.0,0,0.0
134,1,1,234334,500000.0,1,1.0
135,1,1,234334,500000.0,0,0.0
136,1,1,765666,500000.0,1,1.0
137,1,1,765666,500000.0,1,1.0
138,1,1,765666,500000.0,1,1.0
139,1,1,765666,500000.0,0,0.0
140,1,1,765666,500000.0,1,1.0
141,1,1,765666,500000.0,1,1.0
142,1,1,765666,500000.0,1,1.0
143,1,1,765666,500000.0,1,1.0
144,1,1,765666,500000.0,1,1.0
145,1,1,765666,500000.0,0,0.0
146,1,1,765666,500000.0,1,1.0
147,1,1,234334,500000.0,1,1.0
148,1,1,765666,500000.0,1,1.0
149,1,1,234334,500000.0,0,0.0
150,1,1,765666,500000.0,1,1.0
151,1,1,765666,500000.0,1,1.0
152,1,1,765666,500000.0,1,1.0
153,1,1,765666,500000.0,1,1.0
154,1,1,765666,500000.0,1,1.0
155,1,1,765666,500000.0,1,1.0
156,1,1,765666,500000.0,1,1.0
157,1,1,765666,500000.0,1,1.0
158,1,1,765666,500000.0,1,1.0
159,1,1,765666,500000.0,1,1.0
160,1,1,234334,500000.0,0,0.0
161,1,1,765666,500000.0,1,1.0
162,1,1,765666,500000.0,1,1.0
163,1,1,765666,500000.0,1,1.0
164,1,1,234334,500000.0,0,0.0
165,1,1,765666,500000.0,1,1.0
166,1,1,765666,500000.0,1,1.0
167,1,1,765666,500000.0,1,1.0
168,1,1,234334,500000.0,0,0.0
169,1,1,765666,500000.0,1,1.0
170,1,1,765666,500000.0,1,1.0
171,1,1,765666,500000.0,1,1.0
172,1,1,765666,500000.0,1,1.0
173,1,1,765666,500000.0,1,1.0
174,1,1,234334,500000.0,0,0.0
175,1,1,765666,500000.0,1,1.0
176,1,1,765666,500000.0,1,1.0
177,1,1,765666,500000.0,1,1.0
178,1,1,765666,500000.0,1,1.0
179,1,1,765666,500000.0,1,1.0
180,1,1,765666,500000.0,1,1.0
181,1,1,234334,500000.0,0,0.0
182,1,1,234334,500000.0,0,0.0
183,1,1,234334,500000.0,0,0.0
184,1,1,765666,500000.0,1,1.0
185,1,1,765666,500000.0,1,1.0
186,1,1,765666,500000.0,0,0.0
187,1,1,765666,500000.0,1,1.0
188,1,1,765666,500000.0,1,1.0
189,1,1,765666,500000.0,1,1.0
190,1,1,234334,500000.0,0,0.0
191,1,1,765666,500000.0,1,1.0
192,1,1,765666,500000.0,1,1.0
193,1,1,765666,500000.0,0,0.0
194,1,1,765666,500000.0,0,0.0
195,1,1,765666,500000.0,1,1.0
196,1,1,765666,500000.0,1,1.0
197,1,1,765666,500000.0,1,1.0
198,1,1,765666,500000.0,1,1.0
199,1,1,765666,500000.0,1,1.0
200,1,1,234334,500000.0,0,0.0
201,1,1,765666,500000.0,0,0.0
202,1,1,765666,500000.0,1,1.0
203,1,1,765666,500000.0,1,1.0
204,1,1,765666,500000.0,1,1.0
205,1,1,765666,500000.0,0,0.0
206,1,1,765666,500000.0,1,1.0
207,1,1,765666,500000.0,1,1.0
208,1,1,234334,500000.0,1,1.0
209,1,1,234334,500000.0,0,0.0
210,1,1,765666,500000.0,1,1.0
211,1,1,765666,500000.0,0,0.0
212,1,1,765666,500000.0,0,0.0
213,1,1,765666,500000.0,1,1.0
214,1,1,765666,500000.0,1,1.0
215,1,1,234334,500000.0,1,1.0
216,1,1,765666,500000.0,1,1.0
217,1,1,765666,500000.0,1,1.0
218,1,1,765666,500000.0,1,1.0
219,1,1,765666,500000.0,1,1.0
220,1,1,765666,500000.0,1,1.0
221,1,1,765666,500000.0,1,1.0
222,1,1,765666,500000.0,1,1.0
223,1,1,765666,500000.0,1,1.0
224,1,1,765666,500000.0,1,1.0
225,1,1,234334,500000.0,1,1.0
226,1,1,765666,500000.0,1,1.0
227,1,1,765666,500000.0,1,1.0
228,1,1,765666,500000.0,1,1.0
229,1,1,765666,500000.0,1,1.0
230,1,1,234334,500000.0,0,0.0
231,1,1,765666,500000.0,1,1.0
232,1,1,765666,500000.0,1,1.0
233,1,1,234334,500000.0,0,0.0
234,1,1,765666,500000.0,1,1.0
235,1,1,765666,500000.0,1,1.0
236,1,1,765666,500000.0,1,1.0
237,1,1,234334,500000.0,0,0.0
238,1,1,234334,500000.0,1,1.0
239,1,1,765666,500000.0,1,1.0
240,1,1,765666,500000.0,1,1.0
241,1,1,765666,500000.0,1,1.0
242,1,1,765666,500000.0,1,1.0
243,1,1,765666,500000.0,1,1.0
244,1,1,765666,500000.0,1,1.0
245,1,1,765666,500000.0,1,1.0
246,1,1,234334,500000.0,1,1.0
247,1,1,765666,500000.0,1,1.0
248,1,1,765666,500000.0,1,1.0
249,1,1,765666,500000.0,0,0.0
250,1,1,765666,500000.0,1,1.0
251,1,1,765666,500000.0,1,1.0
252,1,1,765666,500000.0,1,1.0
253,1,1,234334,500000.0,0,0.0
254,1,1,765666,500000.0,1,1.0
255,1,1,234334,500000.0,0,0.0
256,1,1,234334,500000.0,1,1.0
257,1,1,765666,500000.0,0,0.0
258,1,1,765666,500000.0,1,1.0
259,1,1,765666,500000.0,0,0.0
260,1,1,234334,500000.0,1,1.0
261,1,1,765666,500000.0,1,1.0
262,1,1,234334,500000.0,1,1.0
263,1,1,234334,500000.0,1,1.0
264,1,1,765666,500000.0,1,1.0
265,1,1,234334,500000.0,1,1.0
266,1,1,234334,500000.0,1,1.0
267,1,1,765666,500000.0,1,1.0
268,1,1,234334,500000.0,1,1.0
269,1,1,765666,500000.0,1,1.0
270,1,1,765666,500000.0,0,0.0
271,1,1,765666,500000.0,1,1.0
272,1,1,765666,500000.0,1,1.0
273,1,1,234334,500000.0,0,0.0
274,1,1,234334,500000.0,0,0.0
275,1,1,765666,500000.0,1,1.0
276,1,1,765666,500000.0,1,1.0
277,1,1,234334,500000.0,0,0.0
278,1,1,765666,500000.0,1,1.0
279,1,1,765666,500000.0,1,1.0
280,1,1,765666,500000.0,1,1.0
281,1,1,765666,500000.0,1,1.0
282,1,1,765666,500000.0,1,1.0
283,1,1,765666,500000.0,1,1.0
284,1,1,765666,500000.0,0,0.0
285,1,1,234334,500000.0,1,1.0
286,1,1,765666,500000.0,1,1.0
287,1,1,234334,500000.0,1,1.0
288,1,1,765666,500000.0,1,1.0
289,1,1,765666,500000.0,1,1.0
290,1,1,765666,500000.0,1,1.0
291,1,1,234334,500000.0,1,1.0
292,1,1,234334,500000.0,0,0.0
293,1,1,234334,500000.0,0,0.0
294,1,1,765666,500000.0,1,1.0
295,1,1,765666,500000.0,1,1.0
296,1,1,765666,500000.0,1,1.0
297,1,1,765666,500000.0,1,1.0
298,1,1,765666,500000.0,0,0.0
299,1,1,765666,500000.0,1,1.0
300,1,1,234334,500000.0,0,0.0
301,1,1,234334,500000.0,1,1.0
302,1,1,765666,500000.0,1,1.0
303,1,1,234334,500000.0,0,0.0
304,1,1,765666,500000.0,1,1.0
305,1,1,765666,500000.0,1,1.0
306,1,1,765666,500000.0,1,1.0
307,1,1,234334,500000.0,0,0.0
308,1,1,765666,500000.0,1,1.0
309,1,1,765666,500000.0,1,1.0
310,1,1,234334,500000.0,0,0.0
311,1,1,234334,500000.0,1,1.0
312,1,1,765666,500000.0,1,1.0
313,1,1,765666,500000.0,1,1.0
314,1,1,765666,500000.0,1,1.0
315,1,1,765666,500000.0,1,1.0
316,1,1,765666,500000.0,1,1.0
317,1,1,765666,500000.0,1,1.0
318,1,1,765666,500000.0,1,1.0
319,1,1,765666,500000.0,1,1.0
320,1,1,765666,500000.0,1,1.0
321,1,1,234334,500000.0,0,0.0
322,1,1,234334,500000.0,1,1.0
323,1,1,765666,500000.0,1,1.0
324,1,1,765666,500000.0,0,0.0
325,1,1,234334,500000.0,0,0.0
326,1,1,765666,500000.0,1,1.0
327,1,1,234334,500000.0,1,1.0
328,1,1,765666,500000.0,1,1.0
329,1,1,765666,500000.0,1,1.0
330,1,1,765666,500000.0,1,1.0
331,1,1,234334,500000.0,1,1.0
332,1,1,765666,500000.0,1,1.0
333,1,1,765666,500000.0,1,1.0
334,1,1,765666,500000.0,1,1.0
335,1,1,765666,500000.0,1,1.0
336,1,1,234334,500000.0,0,0.0
337,1,1,234334,500000.0,1,1.0
338,1,1,234334,500000.0,1,1.0
339,1,1,765666,500000.0,1,1.0
340,1,1,765666,500000.0,1,1.0
341,1,1,765666,500000.0,1,1.0
342,1,1,234334,500000.0,1,1.0
343,1,1,765666,500000.0,1,1.0
344,1,1,765666,500000.0,1,1.0
345,1,1,765666,500000.0,1,1.0
346,1,1,765666,500000.0,1,1.0
347,1,1,765666,500000.0,1,1.0
348,1,1,765666,500000.0,0,0.0
349,1,1,765666,500000.0,1,1.0
350,1,1,234334,500000.0,1,1.0
351,1,1,765666,500000.0,1,1.0
352,1,1,234334,500000.0,0,0.0
353,1,1,234334,500000.0,0,0.0
354,1,1,765666,500000.0,1,1.0
355,1,1,765666,500000.0,1,1.0
356,1,1,765666,500000.0,1,1.0
357,1,1,234334,500000.0,0,0.0
358,1,1,765666,500000.0,1,1.0
359,1,1,765666,500000.0,1,1.0
360,1,1,234334,500000.0,1,1.0
361,1,1,765666,500000.0,1,1.0
362,1,1,765666,500000.0,1,1.0
363,1,1,765666,500000.0,1,1.0
364,1,1,765666,500000.0,1,1.0
365,1,1,765666,500000.0,1,1.0
366,1,1,765666,500000.0,1,1.0
367,1,1,765666,500000.0,1,1.0
368,1,1,765666,500000.0,1,1.0
369,1,1,765666,500000.0,1,1.0
370,1,1,765666,500000.0,1,1.0
371,1,1,234334,500000.0,1,1.0
372,1,1,234334,500000.0,1,1.0
373,1,1,765666,500000.0,1,1.0
374,1,1,765666,500000.0,1,1.0
375,1,1,765666,500000.0,1,1.0
376,1,1,765666,500000.0,1,1.0
377,1,1,765666,500000.0,1,1.0
378,1,1,234334,500000.0,0,0.0
379,1,1,765666,500000.0,1,1.0
380,1,1,234334,500000.0,1,1.0
381,1,1,234334,500000.0,0,0.0
382,1,1,765666,500000.0,1,1.0
383,1,1,765666,500000.0,1,1.0
384,1,1,234334,500000.0,0,0.0
385,1,1,765666,500000.0,1,1.0
386,1,1,765666,500000.0,1,1.0
387,1,1,765666,500000.0,1,1.0
388,1,1,234334,500000.0,0,0.0
389,1,1,765666,500000.0,1,1.0
390,1,1,765666,500000.0,1,1.0
391,1,1,765666,500000.0,1,1.0
392,1,1,234334,500000.0,1,1.0
393,1,1,765666,500000.0,1,1.0
394,1,1,765666,500000.0,1,1.0
395,1,1,765666,500000.0,1,1.0
396,1,1,765666,500000.0,1,1.0
397,1,1,765666,500000.0,1,1.0
398,1,1,765666,500000.0,1,1.0
399,1,1,234334,500000.0,1,1.0
400,1,1,765666,500000.0,1,1.0
401,1,1,765666,500000.0,0,0.0
402,1,1,765666,500000.0,1,1.0
403,1,1,765666,500000.0,1,1.0
404,1,1,234334,500000.0,1,1.0
405,1,1,765666,500000.0,1,1.0
406,1,1,765666,500000.0,1,1.0
407,1,1,765666,500000.0,1,1.0
408,1,1,765666,500000.0,1,1.0
409,1,1,765666,500000.0,1,1.0
410,1,1,765666,500000.0,0,0.0
411,1,1,234334,500000.0,1,1.0
412,1,1,234334,500000.0,0,0.0
413,1,1,234334,500000.0,1,1.0
414,1,1,765666,500000.0,1,1.0
415,1,1,765666,500000.0,1,1.0
416,1,1,765666,500000.0,1,1.0
417,1,1,234334,500000.0,1,1.0
418,1,1,234334,500000.0,0,0.0
419,1,1,765666,500000.0,1,1.0
420,1,1,765666,500000.0,0,0.0
421,1,1,234334,500000.0,0,0.0
422,1,1,765666,500000.0,1,1.0
423,1,1,765666,500000.0,0,0.0
424,1,1,234334,500000.0,1,1.0
425,1,1,765666,500000.0,1,1.0
426,1,1,765666,500000.0,1,1.0
427,1,1,765666,500000.0,0,0.0
428,1,1,234334,500000.0,1,1.0
429,1,1,765666,500000.0,1,1.0
430,1,1,765666,500000.0,1,1.0
431,1,1,765666,500000.0,1,1.0
432,1,1,765666,500000.0,1,1.0
433,1,1,234334,500000.0,0,0.0
434,1,1,765666,500000.0,1,1.0
435,1,1,765666,500000.0,1,1.0
436,1,1,234334,500000.0,1,1.0
437,1,1,765666,500000.0,1,1.0
438,1,1,765666,500000.0,0,0.0
439,1,1,765666,500000.0,1,1.0
440,1,1,765666,500000.0,1,1.0
441,1,1,765666,500000.0,1,1.0
442,1,1,765666,500000.0,1,1.0
443,1,1,765666,500000.0,1,1.0
444,1,1,234334,500000.0,1,1.0
445,1,1,765666,500000.0,1,1.0
446,1,1,765666,500000.0,1,1.0
447,1,1,765666,500000.0,1,1.0
448,1,1,234334,500000.0,1,1.0
449,1,1,765666,500000.0,1,1.0
450,1,1,765666,500000.0,1,1.0
451,1,1,234334,500000.0,1,1.0
452,1,1,765666,500000.0,0,0.0
453,1,1,234334,500000.0,0,0.0
454,1,1,765666,500000.0,1,1.0
455,1,1,234334,500000.0,1,1.0
456,1,1,765666,500000.0,1,1.0
457,1,1,765666,500000.0,1,1.0
458,1,1,765666,500000.0,1,1.0
459,1,1,765666,500000.0,1,1.0
460,1,1,234334,500000.0,1,1.0
461,1,1,765666,500000.0,0,0.0
462,1,1,234334,500000.0,1,1.0
463,1,1,765666,500000.0,1,1.0
464,1,1,765666,500000.0,1,1.0
465,1,1,765666,500000.0,1,1.0
466,1,1,765666,500000.0,1,1.0
467,1,1,234334,500000.0,0,0.0
468,1,1,234334,500000.0,0,0.0
469,1,1,765666,500000.0,1,1.0
470,1,1,234334,500000.0,1,1.0
471,1,1,765666,500000.0,0,0.0
472,1,1,234334,500000.0,0,0.0
473,1,1,765666,500000.0,1,1.0
474,1,1,765666,500000.0,1,1.0
475,1,1,765666,500000.0,1,1.0
476,1,1,765666,500000.0,1,1.0
477,1,1,765666,500000.0,1,1.0
478,1,1,234334,500000.0,1,1.0
479,1,1,765666,500000.0,1,1.0
480,1,1,765666,500000.0,1,1.0
481,1,1,765666,500000.0,0,0.0
482,1,1,234334,500000.0,1,1.0
483,1,1,234334,500000.0,0,0.0
484,1,1,234334,500000.0,1,1.0
485,1,1,765666,500000.0,1,1.0
486,1,1,234334,500000.0,1,1.0
487,1,1,765666,500000.0,1,1.0
488,1,1,765666,500000.0,1,1.0
489,1,1,765666,500000.0,1,1.0
490,1,1,765666,500000.0,1,1.0
491,1,1,765666,500000.0,1,1.0
492,1,1,234334,500000.0,1,1.0
493,1,1,234334,500000.0,0,0.0
494,1,1,765666,500000.0,1,1.0
495,1,1,765666,500000.0,1,1.0
496,1,1,765666,500000.0,1,1.0
497,1,1,234334,500000.0,0,0.0
498,1,1,765666,500000.0,1,1.0
499,1,1,765666,500000.0,1,1.0
500,1,1,234334,500000.0,1,1.0
501,1,1,765666,500000.0,1,1.0
502,1,1,765666,500000.0,1,1.0
503,1,1,765666,500000.0,1,1.0
504,1,1,765666,500000.0,1,1.0
505,1,1,765666,500000.0,1,1.0
506,1,1,765666,500000.0,1,1.0
507,1,1,765666,500000.0,1,1.0
508,1,1,765666,500000.0,1,1.0
509,1,1,765666,500000.0,1,1.0
510,1,1,765666,500000.0,1,1.0
511,1,1,765666,500000.0,1,1.0
512,1,1,765666,500000.0,1,1.0
513,1,1,765666,500000.0,1,1.0
514,1,1,234334,500000.0,1,1.0
515,1,1,765666,500000.0,1,1.0
516,1,1,234334,500000.0,1,1.0
517,1,1,765666,500000.0,1,1.0
518,1,1,765666,500000.0,1,1.0
519,1,1,765666,500000.0,1,1.0
520,1,1,765666,500000.0,1,1.0
521,1,1,765666,500000.0,1,1.0
522,1,1,234334,500000.0,0,0.0
523,1,1,765666,500000.0,1,1.0
524,1,1,234334,500000.0,0,0.0
525,1,1,765666,500000.0,1,1.0
526,1,1,234334,500000.0,0,0.0
527,1,1,234334,500000.0,0,0.0
528,1,1,765666,500000.0,1,1.0
529,1,1,234334,500000.0,1,1.0
530,1,1,234334,500000.0,1,1.0
531,1,1,765666,500000.0,1,1.0
532,1,1,765666,500000.0,1,1.0
533,1,1,765666,500000.0,1,1.0
534,1,1,234334,500000.0,1,1.0
535,1,1,765666,500000.0,1,1.0
536,1,1,765666,500000.0,1,1.0
537,1,1,765666,500000.0,0,0.0
538,1,1,765666,500000.0,1,1.0
539,1,1,765666,500000.0,1,1.0
540,1,1,234334,500000.0,0,0.0
541,1,1,765666,500000.0,1,1.0
542,1,1,765666,500000.0,1,1.0
543,1,1,765666,500000.0,1,1.0
544,1,1,765666,500000.0,0,0.0
545,1,1,765666,500000.0,0,0.0
546,1,1,765666,500000.0,1,1.0
547,1,1,234334,500000.0,1,1.0
548,1,1,234334,500000.0,1,1.0
549,1,1,765666,500000.0,1,1.0
550,1,1,765666,500000.0,1,1.0
551,1,1,765666,500000.0,1,1.0
552,1,1,765666,500000.0,1,1.0
553,1,1,234334,500000.0,1,1.0
554,1,1,234334,500000.0,1,1.0
555,1,1,765666,500000.0,1,1.0
556,1,1,765666,500000.0,1,1.0
557,1,1,765666,500000.0,1,1.0
558,1,1,765666,500000.0,1,1.0
559,1,1,765666,500000.0,1,1.0
560,1,1,765666,500000.0,1,1.0
561,1,1,234334,500000.0,0,0.0
562,1,1,765666,500000.0,1,1.0
563,1,1,234334,500000.0,0,0.0
564,1,1,234334,500000.0,1,1.0
565,1,1,234334,500000.0,0,0.0
566,1,1,234334,500000.0,0,0.0
567,1,1,234334,500000.0,1,1.0
568,1,1,765666,500000.0,1,1.0
569,1,1,765666,500000.0,1,1.0
570,1,1,765666,500000.0,1,1.0
571,1,1,765666,500000.0,1,1.0
572,1,1,765666,500000.0,1,1.0
573,1,1,234334,500000.0,0,0.0
574,1,1,765666,500000.0,1,1.0
575,1,1,765666,500000.0,1,1.0
576,1,1,234334,500000.0,0,0.0
577,1,1,234334,500000.0,1,1.0
578,1,1,765666,500000.0,1,1.0
579,1,1,234334,500000.0,1,1.0
580,1,1,765666,500000.0,1,1.0
581,1,1,234334,500000.0,1,1.0
582,1,1,765666,500000.0,1,1.0
583,1,1,765666,500000.0,1,1.0
584,1,1,765666,500000.0,1,1.0
585,1,1,765666,500000.0,1,1.0
586,1,1,765666,500000.0,1,1.0
587,1,1,765666,500000.0,1,1.0
588,1,1,234334,500000.0,0,0.0
589,1,1,765666,500000.0,1,1.0
590,1,1,765666,500000.0,1,1.0
591,1,1,765666,500000.0,0,0.0
592,1,1,765666,500000.0,1,1.0
593,1,1,765666,500000.0,1,1.0
594,1,1,765666,500000.0,1,1.0
595,1,1,765666,500000.0,1,1.0
596,1,1,765666,500000.0,0,0.0
597,1,1,234334,500000.0,0,0.0
598,1,1,234334,500000.0,1,1.0
599,1,1,765666,500000.0,1,1.0
600,1,1,765666,500000.0,1,1.0
601,1,1,765666,500000.0,1,1.0
602,1,1,234334,500000.0,1,1.0
603,1,1,765666,500000.0,1,1.0
604,1,1,765666,500000.0,1,1.0
605,1,1,234334,500000.0,0,0.0
606,1,1,234334,500000.0,1,1.0
607,1,1,765666,500000.0,1,1.0
608,1,1,234334,500000.0,1,1.0
609,1,1,234334,500000.0,1,1.0
610,1,1,234334,500000.0,1,1.0
611,1,1,765666,500000.0,1,1.0
612,1,1,234334,500000.0,1,1.0
613,1,1,234334,500000.0,0,0.0
614,1,1,765666,500000.0,0,0.0
615,1,1,765666,500000.0,1,1.0
616,1,1,765666,500000.0,1,1.0
617,1,1,765666,500000.0,1,1.0
618,1,1,765666,500000.0,1,1.0
619,1,1,234334,500000.0,0,0.0
620,1,1,765666,500000.0,1,1.0
621,1,1,765666,500000.0,0,0.0
622,1,1,765666,500000.0,1,1.0
623,1,1,765666,500000.0,1,1.0
624,1,1,765666,500000.0,1,1.0
625,1,1,765666,500000.0,1,1.0
626,1,1,765666,500000.0,1,1.0
627,1,1,765666,500000.0,1,1.0
628,1,1,765666,500000.0,1,1.0
629,1,1,765666,500000.0,1,1.0
630,1,1,765666,500000.0,1,1.0
631,1,1,765666,500000.0,0,0.0
632,1,1,765666,500000.0,1,1.0
633,1,1,765666,500000.0,1,1.0
634,1,1,234334,500000.0,0,0.0
635,1,1,765666,500000.0,1,1.0
636,1,1,765666,500000.0,1,1.0
637,1,1,765666,500000.0,1,1.0
638,1,1,234334,500000.0,1,1.0
639,1,1,765666,500000.0,1,1.0
640,1,1,765666,500000.0,1,1.0
641,1,1,234334,500000.0,1,1.0
642,1,1,234334,500000.0,0,0.0
643,1,1,765666,500000.0,1,1.0
644,1,1,765666,500000.0,1,1.0
645,1,1,765666,500000.0,0,0.0
646,1,1,765666,500000.0,1,1.0
647,1,1,765666,500000.0,1,1.0
648,1,1,765666,500000.0,1,1.0
649,1,1,765666,500000.0,1,1.0
650,1,1,765666,500000.0,0,0.0
651,1,1,765666,500000.0,1,1.0
652,1,1,765666,500000.0,1,1.0
653,1,1,765666,500000.0,1,1.0
654,1,1,765666,500000.0,1,1.0
655,1,1,234334,500000.0,1,1.0
656,1,1,765666,500000.0,1,1.0
657,1,1,234334,500000.0,0,0.0
658,1,1,765666,500000.0,1,1.0
659,1,1,765666,500000.0,1,1.0
660,1,1,234334,500000.0,0,0.0
661,1,1,765666,500000.0,1,1.0
662,1,1,234334,500000.0,0,0.0
663,1,1,765666,500000.0,1,1.0
664,1,1,765666,500000.0,1,1.0
665,1,1,765666,500000.0,1,1.0
666,1,1,234334,500000.0,0,0.0
667,1,1,765666,500000.0,1,1.0
668,1,1,765666,500000.0,1,1.0
669,1,1,765666,500000.0,1,1.0
670,1,1,234334,500000.0,1,1.0
671,1,1,765666,500000.0,1,1.0
672,1,1,765666,500000.0,1,1.0
673,1,1,765666,500000.0,1,1.0
674,1,1,765666,500000.0,1,1.0
675,1,1,765666,500000.0,1,1.0
676,1,1,765666,500000.0,1,1.0
677,1,1,765666,500000.0,1,1.0
678,1,1,765666,500000.0,0,0.0
679,1,1,765666,500000.0,1,1.0
680,1,1,765666,500000.0,1,1.0
681,1,1,765666,500000.0,1,1.0
682,1,1,765666,500000.0,1,1.0
683,1,1,765666,500000.0,1,1.0
684,1,1,765666,500000.0,0,0.0
685,1,1,765666,500000.0,1,1.0
686,1,1,765666,500000.0,1,1.0
687,1,1,765666,500000.0,1,1.0
688,1,1,765666,500000.0,1,1.0
689,1,1,765666,500000.0,1,1.0
690,1,1,765666,500000.0,0,0.0
691,1,1,234334,500000.0,1,1.0
692,1,1,765666,500000.0,1,1.0
693,1,1,765666,500000.0,0,0.0
694,1,1,765666,500000.0,1,1.0
695,1,1,765666,500000.0,1,1.0
696,1,1,765666,500000.0,1,1.0
697,1,1,765666,500000.0,1,1.0
698,1,1,765666,500000.0,1,1.0
699,1,1,765666,500000.0,1,1.0
700,1,1,234334,500000.0,0,0.0
701,1,1,765666,500000.0,1,1.0
702,1,1,765666,500000.0,1,1.0
703,1,1,765666,500000.0,1,1.0
704,1,1,234334,500000.0,0,0.0
705,1,1,765666,500000.0,1,1.0
706,1,1,765666,500000.0,0,0.0
707,1,1,234334,500000.0,1,1.0
708,1,1,765666,500000.0,1,1.0
709,1,1,765666,500000.0,1,1.0
710,1,1,765666,500000.0,1,1.0
711,1,1,234334,500000.0,1,1.0
712,1,1,765666,500000.0,1,1.0
713,1,1,765666,500000.0,1,1.0
714,1,1,234334,500000.0,1,1.0
715,1,1,765666,500000.0,1,1.0
716,1,1,765666,500000.0,1,1.0
717,1,1,765666,500000.0,1,1.0
718,1,1,765666,500000.0,1,1.0
719,1,1,234334,500000.0,1,1.0
720,1,1,234334,500000.0,1,1.0
721,1,1,234334,500000.0,0,0.0
722,1,1,765666,500000.0,1,1.0
723,1,1,765666,500000.0,1,1.0
724,1,1,234334,500000.0,0,0.0
725,1,1,765666,500000.0,1,1.0
726,1,1,765666,500000.0,1,1.0
727,1,1,765666,500000.0,1,1.0
728,1,1,765666,500000.0,1,1.0
729,1,1,765666,500000.0,1,1.0
730,1,1,765666,500000.0,0,0.0
731,1,1,765666,500000.0,1,1.0
732,1,1,765666,500000.0,1,1.0
733,1,1,765666,500000.0,0,0.0
734,1,1,765666,500000.0,1,1.0
735,1,1,234334,500000.0,0,0.0
736,1,1,765666,500000.0,1,1.0
737,1,1,234334,500000.0,1,1.0
738,1,1,234334,500000.0,0,0.0
739,1,1,765666,500000.0,1,1.0
740,1,1,765666,500000.0,1,1.0
741,1,1,765666,500000.0,1,1.0
742,1,1,765666,500000.0,1,1.0
743,1,1,765666,500000.0,1,1.0
744,1,1,765666,500000.0,1,1.0
745,1,1,234334,500000.0,0,0.0
746,1,1,765666,500000.0,1,1.0
747,1,1,765666,500000.0,1,1.0
748,1,1,765666,500000.0,1,1.0
749,1,1,765666,500000.0,1,1.0
750,1,1,765666,500000.0,1,1.0
751,1,1,765666,500000.0,1,1.0
752,1,1,234334,500000.0,1,1.0
753,1,1,765666,500000.0,1,1.0
754,1,1,234334,500000.0,0,0.0
755,1,1,234334,500000.0,1,1.0
756,1,1,765666,500000.0,1,1.0
757,1,1,234334,500000.0,1,1.0
758,1,1,234334,500000.0,1,1.0
759,1,1,765666,500000.0,0,0.0
760,1,1,765666,500000.0,1,1.0
761,1,1,765666,500000.0,1,1.0
762,1,1,765666,500000.0,1,1.0
763,1,1,765666,500000.0,1,1.0
764,1,1,765666,500000.0,1,1.0
765,1,1,765666,500000.0,1,1.0
766,1,1,234334,500000.0,0,0.0
767,1,1,765666,500000.0,1,1.0
768,1,1,234334,500000.0,1,1.0
769,1,1,765666,500000.0,1,1.0
770,1,1,765666,500000.0,1,1.0
771,1,1,234334,500000.0,1,1.0
772,1,1,765666,500000.0,1,1.0
773,1,1,765666,500000.0,1,1.0
774,1,1,765666,500000.0,1,1.0
775,1,1,234334,500000.0,0,0.0
776,1,1,234334,500000.0,1,1.0
777,1,1,765666,500000.0,1,1.0
778,1,1,765666,500000.0,1,1.0
779,1,1,765666,500000.0,1,1.0
780,1,1,234334,500000.0,1,1.0
781,1,1,765666,500000.0,0,0.0
782,1,1,234334,500000.0,1,1.0
783,1,1,234334,500000.0,1,1.0
784,1,1,765666,500000.0,1,1.0
785,1,1,765666,500000.0,1,1.0
786,1,1,765666,500000.0,1,1.0
787,1,1,765666,500000.0,1,1.0
788,1,1,765666,500000.0,1,1.0
789,1,1,765666,500000.0,1,1.0
790,1,1,765666,500000.0,0,0.0
791,1,1,765666,500000.0,1,1.0
792,1,1,765666,500000.0,1,1.0
793,1,1,765666,500000.0,1,1.0
794,1,1,765666,500000.0,1,1.0
795,1,1,234334,500000.0,1,1.0
796,1,1,765666,500000.0,1,1.0
797,1,1,234334,500000.0,1,1.0
798,1,1,765666,500000.0,0,0.0
799,1,1,765666,500000.0,1,1.0
800,1,1,234334,500000.0,1,1.0
801,1,1,765666,500000.0,1,1.0
802,1,1,765666,500000.0,1,1.0
803,1,1,234334,500000.0,1,1.0
804,1,1,765666,500000.0,1,1.0
805,1,1,765666,500000.0,1,1.0
806,1,1,765666,500000.0,1,1.0
807,1,1,234334,500000.0,0,0.0
808,1,1,765666,500000.0,1,1.0
809,1,1,765666,500000.0,1,1.0
810,1,1,765666,500000.0,1,1.0
811,1,1,765666,500000.0,1,1.0
812,1,1,765666,500000.0,1,1.0
813,1,1,765666,500000.0,1,1.0
814,1,1,765666,500000.0,1,1.0
815,1,1,234334,500000.0,0,0.0
816,1,1,765666,500000.0,1,1.0
817,1,1,765666,500000.0,1,1.0
818,1,1,234334,500000.0,0,0.0
819,1,1,765666,500000.0,1,1.0
820,1,1,765666,500000.0,1,1.0
821,1,1,765666,500000.0,1,1.0
822,1,1,765666,500000.0,1,1.0
823,1,1,234334,500000.0,0,0.0
824,1,1,765666,500000.0,1,1.0
825,1,1,765666,500000.0,1,1.0
826,1,1,765666,500000.0,1,1.0
827,1,1,765666,500000.0,1,1.0
828,1,1,765666,500000.0,1,1.0
829,1,1,234334,500000.0,1,1.0
830,1,1,765666,500000.0,1,1.0
831,1,1,765666,500000.0,1,1.0
832,1,1,234334,500000.0,1,1.0
833,1,1,765666,500000.0,1,1.0
834,1,1,765666,500000.0,1,1.0
835,1,1,765666,500000.0,1,1.0
836,1,1,765666,500000.0,1,1.0
837,1,1,765666,500000.0,1,1.0
838,1,1,765666,500000.0,1,1.0
839,1,1,765666,500000.0,1,1.0
840,1,1,765666,500000.0,1,1.0
841,1,1,765666,500000.0,0,0.0
842,1,1,765666,500000.0,1,1.0
843,1,1,765666,500000.0,1,1.0
844,1,1,765666,500000.0,1,1.0
845,1,1,765666,500000.0,1,1.0
846,1,1,765666,500000.0,1,1.0
847,1,1,765666,500000.0,1,1.0
848,1,1,765666,500000.0,1,1.0
849,1,1,765666,500000.0,1,1.0
850,1,1,234334,500000.0,1,1.0
851,1,1,765666,500000.0,1,1.0
852,1,1,765666,500000.0,0,0.0
853,1,1,765666,500000.0,1,1.0
854,1,1,765666,500000.0,1,1.0
855,1,1,765666,500000.0,1,1.0
856,1,1,765666,500000.0,1,1.0
857,1,1,765666,500000.0,0,0.0
858,1,1,765666,500000.0,1,1.0
859,1,1,234334,500000.0,1,1.0
860,1,1,234334,500000.0,1,1.0
861,1,1,765666,500000.0,1,1.0
862,1,1,765666,500000.0,1,1.0
863,1,1,234334,500000.0,1,1.0
864,1,1,765666,500000.0,1,1.0
865,1,1,765666,500000.0,1,1.0
866,1,1,765666,500000.0,1,1.0
867,1,1,234334,500000.0,1,1.0
868,1,1,765666,500000.0,1,1.0
869,1,1,765666,500000.0,1,1.0
870,1,1,765666,500000.0,1,1.0
871,1,1,765666,500000.0,1,1.0
872,1,1,765666,500000.0,1,1.0
873,1,1,765666,500000.0,0,0.0
874,1,1,765666,500000.0,1,1.0
875,1,1,234334,500000.0,0,0.0
876,1,1,765666,500000.0,1,1.0
877,1,1,234334,500000.0,1,1.0
878,1,1,765666,500000.0,1,1.0
879,1,1,234334,500000.0,0,0.0
880,1,1,765666,500000.0,0,0.0
881,1,1,765666,500000.0,0,0.0
882,1,1,234334,500000.0,1,1.0
883,1,1,765666,500000.0,1,1.0
884,1,1,765666,500000.0,0,0.0
885,1,1,765666,500000.0,1,1.0
886,1,1,765666,500000.0,1,1.0
887,1,1,234334,500000.0,0,0.0
888,1,1,765666,500000.0,1,1.0
889,1,1,765666,500000.0,1,1.0
890,1,1,765666,500000.0,1,1.0
891,1,1,765666,500000.0,1,1.0
892,1,1,234334,500000.0,1,1.0
893,1,1,765666,500000.0,1,1.0
894,1,1,765666,500000.0,1,1.0
895,1,1,765666,500000.0,1,1.0
896,1,1,765666,500000.0,1,1.0
897,1,1,765666,500000.0,1,1.0
898,1,1,765666,500000.0,1,1.0
899,1,1,765666,500000.0,1,1.0
900,1,1,234334,500000.0,0,0.0
901,1,1,765666,500000.0,1,1.0
902,1,1,765666,500000.0,0,0.0
903,1,1,765666,500000.0,1,1.0
904,1,1,765666,500000.0,1,1.0
905,1,1,765666,500000.0,1,1.0
906,1,1,765666,500000.0,1,1.0
907,1,1,234334,500000.0,1,1.0
908,1,1,765666,500000.0,1,1.0
909,1,1,765666,500000.0,1,1.0
910,1,1,765666,500000.0,1,1.0
911,1,1,765666,500000.0,1,1.0
912,1,1,765666,500000.0,1,1.0
913,1,1,234334,500000.0,0,0.0
914,1,1,765666,500000.0,1,1.0
915,1,1,765666,500000.0,1,1.0
916,1,1,765666,500000.0,1,1.0
917,1,1,765666,500000.0,1,1.0
918,1,1,234334,500000.0,0,0.0
919,1,1,234334,500000.0,0,0.0
920,1,1,765666,500000.0,1,1.0
921,1,1,765666,500000.0,1,1.0
922,1,1,234334,500000.0,1,1.0
923,1,1,234334,500000.0,1,1.0
924,1,1,765666,500000.0,1,1.0
925,1,1,765666,500000.0,1,1.0
926,1,1,765666,500000.0,1,1.0
927,1,1,765666,500000.0,1,1.0
928,1,1,765666,500000.0,1,1.0
929,1,1,765666,500000.0,0,0.0
930,1,1,765666,500000.0,1,1.0
931,1,1,765666,500000.0,1,1.0
932,1,1,765666,500000.0,1,1.0
933,1,1,765666,500000.0,1,1.0
934,1,1,234334,500000.0,1,1.0
935,1,1,234334,500000.0,1,1.0
936,1,1,234334,500000.0,0,0.0
937,1,1,765666,500000.0,1,1.0
938,1,1,765666,500000.0,1,1.0
939,1,1,234334,500000.0,0,0.0
940,1,1,765666,500000.0,1,1.0
941,1,1,765666,500000.0,1,1.0
942,1,1,765666,500000.0,1,1.0
943,1,1,765666,500000.0,1,1.0
944,1,1,765666,500000.0,1,1.0
945,1,1,234334,500000.0,1,1.0
946,1,1,765666,500000.0,1,1.0
947,1,1,765666,500000.0,0,0.0
948,1,1,234334,500000.0,1,1.0
949,1,1,234334,500000.0,0,0.0
950,1,1,765666,500000.0,1,1.0
951,1,1,765666,500000.0,1,1.0
952,1,1,765666,500000.0,1,1.0
953,1,1,765666,500000.0,1,1.0
954,1,1,765666,500000.0,1,1.0
955,1,1,765666,500000.0,1,1.0
956,1,1,765666,500000.0,1,1.0
957,1,1,234334,500000.0,0,0.0
958,1,1,765666,500000.0,1,1.0
959,1,1,234334,500000.0,1,1.0
960,1,1,234334,500000.0,1,1.0
961,1,1,765666,500000.0,1,1.0
962,1,1,765666,500000.0,1,1.0
963,1,1,765666,500000.0,1,1.0
964,1,1,765666,500000.0,1,1.0
965,1,1,765666,500000.0,1,1.0
966,1,1,234334,500000.0,0,0.0
967,1,1,765666,500000.0,1,1.0
968,1,1,234334,500000.0,1,1.0
969,1,1,234334,500000.0,0,0.0
970,1,1,765666,500000.0,1,1.0
971,1,1,765666,500000.0,1,1.0
972,1,1,765666,500000.0,1,1.0
973,1,1,765666,500000.0,1,1.0
974,1,1,765666,500000.0,1,1.0
975,1,1,765666,500000.0,1,1.0
976,1,1,765666,500000.0,0,0.0
977,1,1,765666,500000.0,0,0.0
978,1,1,765666,500000.0,1,1.0
979,1,1,765666,500000.0,1,1.0
980,1,1,234334,500000.0,1,1.0
981,1,1,765666,500000.0,1,1.0
982,1,1,765666,500000.0,1,1.0
983,1,1,765666,500000.0,1,1.0
984,1,1,234334,500000.0,0,0.0
985,1,1,765666,500000.0,1,1.0
986,1,1,765666,500000.0,1,1.0
987,1,1,234334,500000.0,1,1.0
988,1,1,765666,500000.0,1,1.0
989,1,1,765666,500000.0,1,1.0
990,1,1,765666,500000.0,1,1.0
991,1,1,765666,500000.0,1,1.0
992,1,1,765666,500000.0,0,0.0
993,1,1,765666,500000.0,1,1.0
994,1,1,765666,500000.0,1,1.0
995,1,1,765666,500000.0,1,1.0
996,1,1,765666,500000.0,1,1.0
997,1,1,234334,500000.0,0,0.0
998,1,1,765666,500000.0,1,1.0
999,1,1,765666,500000.0,1,1.0
0,1,10,234334,500000.0,6,0.6
1,1,10,765666,500000.0,10,1.0
2,1,10,765666,500000.0,5,0.5
3,1,10,234334,500000.0,10,1.0
4,1,10,765666,500000.0,10,1.0
5,1,10,765666,500000.0,9,0.9
6,1,10,765666,500000.0,9,0.9
7,1,10,234334,500000.0,7,0.7
8,1,10,765666,500000.0,9,0.9
9,1,10,765666,500000.0,8,0.8
10,1,10,234334,500000.0,2,0.2
11,1,10,234334,500000.0,1,0.1
12,1,10,765666,500000.0,8,0.8
13,1,10,765666,500000.0,10,1.0
14,1,10,765666,500000.0,8,0.8
15,1,10,234334,500000.0,7,0.7
16,1,10,765666,500000.0,10,1.0
17,1,10,765666,500000.0,10,1.0
18,1,10,765666,500000.0,10,1.0
19,1,10,234334,500000.0,1,0.1
20,1,10,765666,500000.0,10,1.0
21,1,10,765666,500000.0,10,1.0
22,1,10,765666,500000.0,6,0.6
23,1,10,765666,500000.0,6,0.6
24,1,10,765666,500000.0,10,1.0
25,1,10,765666,500000.0,7,0.7
26,1,10,765666,500000.0,10,1.0
27,1,10,765666,500000.0,10,1.0
28,1,10,234334,500000.0,4,0.4
29,1,10,765666,500000.0,10,1.0
30,1,10,234334,500000.0,1,0.1
31,1,10,765666,500000.0,10,1.0
32,1,10,765666,500000.0,8,0.8
33,1,10,765666,500000.0,10,1.0
34,1,10,765666,500000.0,9,0.9
35,1,10,765666,500000.0,10,1.0
36,1,10,234334,500000.0,0,0.0
37,1,10,765666,500000.0,7,0.7
38,1,10,765666,500000.0,10,1.0
39,1,10,765666,500000.0,10,1.0
40,1,10,765666,500000.0,9,0.9
41,1,10,765666,500000.0,9,0.9
42,1,10,765666,500000.0,9,0.9
43,1,10,765666,500000.0,10,1.0
44,1,10,765666,500000.0,10,1.0
45,1,10,765666,500000.0,10,1.0
46,1,10,234334,500000.0,2,0.2
47,1,10,765666,500000.0,9,0.9
48,1,10,765666,500000.0,10,1.0
49,1,10,765666,500000.0,10,1.0
50,1,10,765666,500000.0,9,0.9
51,1,10,765666,500000.0,10,1.0
52,1,10,765666,500000.0,10,1.0
53,1,10,765666,500000.0,10,1.0
54,1,10,765666,500000.0,10,1.0
55,1,10,765666,500000.0,10,1.0
56,1,10,765666,500000.0,10,1.0
57,1,10,234334,500000.0,5,0.5
58,1,10,765666,500000.0,10,1.0
59,1,10,765666,500000.0,10,1.0
60,1,10,765666,500000.0,10,1.0
61,1,10,765666,500000.0,10,1.0
62,1,10,765666,500000.0,10,1.0
63,1,10,765666,500000.0,8,0.8
64,1,10,765666,500000.0,10,1.0
65,1,10,765666,500000.0,10,1.0
66,1,10,234334,500000.0,4,0.4
67,1,10,234334,500000.0,10,1.0
68,1,10,234334,500000.0,3,0.3
69,1,10,765666,500000.0,9,0.9
70,1,10,765666,500000.0,10,1.0
71,1,10,765666,500000.0,5,0.5
72,1,10,765666,500000.0,7,0.7
73,1,10,765666,500000.0,7,0.7
74,1,10,765666,500000.0,9,0.9
75,1,10,765666,500000.0,10,1.0
76,1,10,765666,500000.0,10,1.0
77,1,10,234334,500000.0,5,0.5
78,1,10,765666,500000.0,4,0.4
79,1,10,765666,500000.0,10,1.0
80,1,10,234334,500000.0,6,0.6
81,1,10,765666,500000.0,10,1.0
82,1,10,765666,500000.0,8,0.8
83,1,10,234334,500000.0,1,0.1
84,1,10,765666,500000.0,10,1.0
85,1,10,765666,500000.0,9,0.9
86,1,10,765666,500000.0,8,0.8
87,1,10,765666,500000.0,10,1.0
88,1,10,234334,500000.0,6,0.6
89,1,10,765666,500000.0,10,1.0
90,1,10,765666,500000.0,10,1.0
91,1,10,765666,500000.0,7,0.7
92,1,10,765666,500000.0,4,0.4
93,1,10,765666,500000.0,10,1.0
94,1,10,765666,500000.0,10,1.0
95,1,10,234334,500000.0,3,0.3
96,1,10,234334,500000.0,0,0.0
97,1,10,234334,500000.0,8,0.8
98,1,10,234334,500000.0,8,0.8
99,1,10,765666,500000.0,9,0.9
100,1,10,765666,500000.0,10,1.0
101,1,10,234334,500000.0,6,0.6
102,1,10,234334,500000.0,4,0.4
103,1,10,765666,500000.0,10,1.0
104,1,10,765666,500000.0,8,0.8
105,1,10,765666,500000.0,6,0.6
106,1,10,765666,500000.0,9,0.9
107,1,10,765666,500000.0,7,0.7
108,1,10,765666,500000.0,10,1.0
109,1,10,765666,500000.0,2,0.2
110,1,10,765666,500000.0,2,0.2
111,1,10,765666,500000.0,8,0.8
112,1,10,234334,500000.0,5,0.5
113,1,10,765666,500000.0,7,0.7
114,1,10,765666,500000.0,9,0.9
115,1,10,765666,500000.0,9,0.9
116,1,10,765666,500000.0,9,0.9
117,1,10,765666,500000.0,8,0.8
118,1,10,765666,500000.0,9,0.9
119,1,10,234334,500000.0,5,0.5
120,1,10,234334,500000.0,10,1.0
121,1,10,765666,500000.0,10,1.0
122,1,10,765666,500000.0,10,1.0
123,1,10,234334,500000.0,8,0.8
124,1,10,765666,500000.0,10,1.0
125,1,10,765666,500000.0,10,1.0
126,1,10,234334,500000.0,4,0.4
127,1,10,765666,500000.0,5,0.5
128,1,10,765666,500000.0,10,1.0
129,1,10,234334,500000.0,4,0.4
130,1,10,234334,500000.0,0,0.0
131,1,10,765666,500000.0,10,1.0
132,1,10,765666,500000.0,10,1.0
133,1,10,234334,500000.0,6,0.6
134,1,10,234334,500000.0,7,0.7
135,1,10,234334,500000.0,1,0.1
136,1,10,765666,500000.0,10,1.0
137,1,10,765666,500000.0,7,0.7
138,1,10,765666,500000.0,9,0.9
139,1,10,765666,500000.0,8,0.8
140,1,10,765666,500000.0,6,0.6
141,1,10,765666,500000.0,10,1.0
142,1,10,765666,500000.0,10,1.0
143,1,10,765666,500000.0,10,1.0
144,1,10,765666,500000.0,6,0.6
145,1,10,765666,500000.0,3,0.3
146,1,10,765666,500000.0,10,1.0
147,1,10,234334,500000.0,7,0.7
148,1,10,765666,500000.0,10,1.0
149,1,10,234334,500000.0,2,0.2
150,1,10,765666,500000.0,9,0.9
151,1,10,765666,500000.0,7,0.7
152,1,10,765666,500000.0,3,0.3
153,1,10,765666,500000.0,10,1.0
154,1,10,765666,500000.0,7,0.7
155,1,10,765666,500000.0,10,1.0
156,1,10,765666,500000.0,10,1.0
157,1,10,765666,500000.0,9,0.9
158,1,10,765666,500000.0,8,0.8
159,1,10,765666,500000.0,10,1.0
160,1,10,234334,500000.0,1,0.1
161,1,10,765666,500000.0,8,0.8
162,1,10,765666,500000.0,8,0.8
163,1,10,765666,500000.0,5,0.5
164,1,10,234334,500000.0,3,0.3
165,1,10,765666,500000.0,10,1.0
166,1,10,765666,500000.0,6,0.6
167,1,10,765666,500000.0,7,0.7
168,1,10,234334,500000.0,3,0.3
169,1,10,765666,500000.0,7,0.7
170,1,10,765666,500000.0,10,1.0
171,1,10,765666,500000.0,10,1.0
172,1,10,765666,500000.0,6,0.6
173,1,10,765666,500000.0,10,1.0
174,1,10,234334,500000.0,1,0.1
175,1,10,765666,500000.0,10,1.0
176,1,10,765666,500000.0,6,0.6
177,1,10,765666,500000.0,9,0.9
178,1,10,765666,500000.0,9,0.9
179,1,10,765666,500000.0,10,1.0
180,1,10,765666,500000.0,10,1.0
181,1,10,234334,500000.0,3,0.3
182,1,10,234334,500000.0,4,0.4
183,1,10,234334,500000.0,3,0.3
184,1,10,765666,500000.0,10,1.0
185,1,10,765666,500000.0,10,1.0
186,1,10,765666,500000.0,8,0.8
187,1,10,765666,500000.0,9,0.9
188,1,10,765666,500000.0,4,0.4
189,1,10,765666,500000.0,10,1.0
190,1,10,234334,500000.0,4,0.4
191,1,10,765666,500000.0,9,0.9
192,1,10,765666,500000.0,10,1.0
193,1,10,765666,500000.0,8,0.8
194,1,10,765666,500000.0,5,0.5
195,1,10,765666,500000.0,10,1.0
196,1,10,765666,500000.0,10,1.0
197,1,10,765666,500000.0,10,1.0
198,1,10,765666,500000.0,10,1.0
199,1,10,765666,500000.0,9,0.9
200,1,10,234334,500000.0,2,0.2
201,1,10,765666,500000.0,4,0.4
202,1,10,765666,500000.0,10,1.0
203,1,10,765666,500000.0,10,1.0
204,1,10,765666,500000.0,10,1.0
205,1,10,765666,500000.0,9,0.9
206,1,10,765666,500000.0,6,0.6
207,1,10,765666,500000.0,10,1.0
208,1,10,234334,500000.0,3,0.3
209,1,10,234334,500000.0,1,0.1
210,1,10,765666,500000.0,9,0.9
211,1,10,765666,500000.0,6,0.6
212,1,10,765666,500000.0,4,0.4
213,1,10,765666,500000.0,10,1.0
214,1,10,765666,500000.0,10,1.0
215,1,10,234334,500000.0,1,0.1
216,1,10,765666,500000.0,10,1.0
217,1,10,765666,500000.0,9,0.9
218,1,10,765666,500000.0,10,1.0
219,1,10,765666,500000.0,10,1.0
220,1,10,765666,500000.0,10,1.0
221,1,10,765666,500000.0,3,0.3
222,1,10,765666,500000.0,10,1.0
223,1,10,765666,500000.0,10,1.0
224,1,10,765666,500000.0,10,1.0
225,1,10,234334,500000.0,5,0.5
226,1,10,765666,500000.0,8,0.8
227,1,10,765666,500000.0,10,1.0
228,1,10,765666,500000.0,10,1.0
229,1,10,765666,500000.0,9,0.9
230,1,10,234334,500000.0,8,0.8
231,1,10,765666,500000.0,10,1.0
232,1,10,765666,500000.0,8,0.8
233,1,10,234334,500000.0,4,0.4
234,1,10,765666,500000.0,6,0.6
235,1,10,765666,500000.0,10,1.0
236,1,10,765666,500000.0,10,1.0
237,1,10,234334,500000.0,1,0.1
238,1,10,234334,500000.0,10,1.0
239,1,10,765666,500000.0,7,0.7
240,1,10,765666,500000.0,10,1.0
241,1,10,765666,500000.0,10,1.0
242,1,10,765666,500000.0,10,1.0
243,1,10,765666,500000.0,10,1.0
244,1,10,765666,500000.0,10,1.0
245,1,10,765666,500000.0,10,1.0
246,1,10,234334,500000.0,9,0.9
247,1,10,765666,500000.0,10,1.0
248,1,10,765666,500000.0,10,1.0
249,1,10,765666,500000.0,9,0.9
250,1,10,765666,500000.0,10,1.0
251,1,10,765666,500000.0,10,1.0
252,1,10,765666,500000.0,10,1.0
253,1,10,234334,500000.0,1,0.1
254,1,10,765666,500000.0,8,0.8
255,1,10,234334,500000.0,6,0.6
256,1,10,234334,500000.0,6,0.6
257,1,10,765666,500000.0,9,0.9
258,1,10,765666,500000.0,9,0.9
259,1,10,765666,500000.0,8,0.8
260,1,10,234334,500000.0,6,0.6
261,1,10,765666,500000.0,7,0.7
262,1,10,234334,500000.0,4,0.4
263,1,10,234334,500000.0,3,0.3
264,1,10,765666,500000.0,7,0.7
265,1,10,234334,500000.0,8,0.8
266,1,10,234334,500000.0,6,0.6
267,1,10,765666,500000.0,10,1.0
268,1,10,234334,500000.0,6,0.6
269,1,10,765666,500000.0,10,1.0
270,1,10,765666,500000.0,1,0.1
271,1,10,765666,500000.0,9,0.9
272,1,10,765666,500000.0,9,0.9
273,1,10,234334,500000.0,2,0.2
274,1,10,234334,500000.0,1,0.1
275,1,10,765666,500000.0,7,0.7
276,1,10,765666,500000.0,10,1.0
277,1,10,234334,500000.0,2,0.2
278,1,10,765666,500000.0,10,1.0
279,1,10,765666,500000.0,9,0.9
280,1,10,765666,500000.0,8,0.8
281,1,10,765666,500000.0,10,1.0
282,1,10,765666,500000.0,10,1.0
283,1,10,765666,500000.0,10,1.0
284,1,10,765666,500000.0,5,0.5
285,1,10,234334,500000.0,6,0.6
286,1,10,765666,500000.0,8,0.8
287,1,10,234334,500000.0,1,0.1
288,1,10,765666,500000.0,10,1.0
289,1,10,765666,500000.0,10,1.0
290,1,10,765666,500000.0,9,0.9
291,1,10,234334,500000.0,8,0.8
292,1,10,234334,500000.0,0,0.0
293,1,10,234334,500000.0,3,0.3
294,1,10,765666,500000.0,10,1.0
295,1,10,765666,500000.0,8,0.8
296,1,10,765666,500000.0,8,0.8
297,1,10,765666,500000.0,10,1.0
298,1,10,765666,500000.0,2,0.2
299,1,10,765666,500000.0,10,1.0
300,1,10,234334,500000.0,4,0.4
301,1,10,234334,500000.0,7,0.7
302,1,10,765666,500000.0,8,0.8
303,1,10,234334,500000.0,5,0.5
304,1,10,765666,500000.0,10,1.0
305,1,10,765666,500000.0,10,1.0
306,1,10,765666,500000.0,10,1.0
307,1,10,234334,500000.0,5,0.5
308,1,10,765666,500000.0,9,0.9
309,1,10,765666,500000.0,10,1.0
310,1,10,234334,500000.0,4,0.4
311,1,10,234334,500000.0,7,0.7
312,1,10,765666,500000.0,10,1.0
313,1,10,765666,500000.0,10,1.0
314,1,10,765666,500000.0,8,0.8
315,1,10,765666,500000.0,10,1.0
316,1,10,765666,500000.0,10,1.0
317,1,10,765666,500000.0,5,0.5
318,1,10,765666,500000.0,10,1.0
319,1,10,765666,500000.0,9,0.9
320,1,10,765666,500000.0,10,1.0
321,1,10,234334,500000.0,8,0.8
322,1,10,234334,500000.0,7,0.7
323,1,10,765666,500000.0,10,1.0
324,1,10,765666,500000.0,7,0.7
325,1,10,234334,500000.0,4,0.4
326,1,10,765666,500000.0,10,1.0
327,1,10,234334,500000.0,10,1.0
328,1,10,765666,500000.0,10,1.0
329,1,10,765666,500000.0,8,0.8
330,1,10,765666,500000.0,10,1.0
331,1,10,234334,500000.0,6,0.6
332,1,10,765666,500000.0,9,0.9
333,1,10,765666,500000.0,4,0.4
334,1,10,765666,500000.0,10,1.0
335,1,10,765666,500000.0,10,1.0
336,1,10,234334,500000.0,1,0.1
337,1,10,234334,500000.0,8,0.8
338,1,10,234334,500000.0,7,0.7
339,1,10,765666,500000.0,10,1.0
340,1,10,765666,500000.0,7,0.7
341,1,10,765666,500000.0,6,0.6
342,1,10,234334,500000.0,10,1.0
343,1,10,765666,500000.0,10,1.0
344,1,10,765666,500000.0,10,1.0
345,1,10,765666,500000.0,9,0.9
346,1,10,765666,500000.0,10,1.0
347,1,10,765666,500000.0,9,0.9
348,1,10,765666,500000.0,3,0.3
349,1,10,765666,500000.0,9,0.9
350,1,10,234334,500000.0,6,0.6
351,1,10,765666,500000.0,10,1.0
352,1,10,234334,500000.0,8,0.8
353,1,10,234334,500000.0,7,0.7
354,1,10,765666,500000.0,10,1.0
355,1,10,765666,500000.0,10,1.0
356,1,10,765666,500000.0,10,1.0
357,1,10,234334,500000.0,2,0.2
358,1,10,765666,500000.0,10,1.0
359,1,10,765666,500000.0,10,1.0
360,1,10,234334,500000.0,6,0.6
361,1,10,765666,500000.0,10,1.0
362,1,10,765666,500000.0,10,1.0
363,1,10,765666,500000.0,10,1.0
364,1,10,765666,500000.0,10,1.0
365,1,10,765666,500000.0,10,1.0
366,1,10,765666,500000.0,8,0.8
367,1,10,765666,500000.0,10,1.0
368,1,10,765666,500000.0,10,1.0
369,1,10,765666,500000.0,10,1.0
370,1,10,765666,500000.0,10,1.0
371,1,10,234334,500000.0,2,0.2
372,1,10,234334,500000.0,7,0.7
373,1,10,765666,500000.0,7,0.7
374,1,10,765666,500000.0,9,0.9
375,1,10,765666,500000.0,10,1.0
376,1,10,765666,500000.0,10,1.0
377,1,10,765666,500000.0,10,1.0
378,1,10,234334,500000.0,2,0.2
379,1,10,765666,500000.0,10,1.0
380,1,10,234334,500000.0,7,0.7
381,1,10,234334,500000.0,2,0.2
382,1,10,765666,500000.0,9,0.9
383,1,10,765666,500000.0,10,1.0
384,1,10,234334,500000.0,8,0.8
385,1,10,765666,500000.0,7,0.7
386,1,10,765666,500000.0,10,1.0
387,1,10,765666,500000.0,5,0.5
388,1,10,234334,500000.0,4,0.4
389,1,10,765666,500000.0,10,1.0
390,1,10,765666,500000.0,10,1.0
391,1,10,765666,500000.0,10,1.0
392,1,10,234334,500000.0,10,1.0
393,1,10,765666,500000.0,10,1.0
394,1,10,765666,500000.0,10,1.0
395,1,10,765666,500000.0,10,1.0
396,1,10,765666,500000.0,10,1.0
397,1,10,765666,500000.0,9,0.9
398,1,10,765666,500000.0,9,0.9
399,1,10,234334,500000.0,7,0.7
400,1,10,765666,500000.0,10,1.0
401,1,10,765666,500000.0,4,0.4
402,1,10,765666,500000.0,10,1.0
403,1,10,765666,500000.0,10,1.0
404,1,10,234334,500000.0,5,0.5
405,1,10,765666,500000.0,10,1.0
406,1,10,765666,500000.0,9,0.9
407,1,10,765666,500000.0,9,0.9
408,1,10,765666,500000.0,10,1.0
409,1,10,765666,500000.0,10,1.0
410,1,10,765666,500000.0,5,0.5
411,1,10,234334,500000.0,8,0.8
412,1,10,234334,500000.0,2,0.2
413,1,10,234334,500000.0,5,0.5
414,1,10,765666,500000.0,9,0.9
415,1,10,765666,500000.0,9,0.9
416,1,10,765666,500000.0,8,0.8
417,1,10,234334,500000.0,7,0.7
418,1,10,234334,500000.0,2,0.2
419,1,10,765666,500000.0,9,0.9
420,1,10,765666,500000.0,3,0.3
421,1,10,234334,500000.0,1,0.1
422,1,10,765666,500000.0,10,1.0
423,1,10,765666,500000.0,9,0.9
424,1,10,234334,500000.0,7,0.7
425,1,10,765666,500000.0,10,1.0
426,1,10,765666,500000.0,9,0.9
427,1,10,765666,500000.0,7,0.7
428,1,10,234334,500000.0,7,0.7
429,1,10,765666,500000.0,10,1.0
430,1,10,765666,500000.0,10,1.0
431,1,10,765666,500000.0,9,0.9
432,1,10,765666,500000.0,10,1.0
433,1,10,234334,500000.0,4,0.4
434,1,10,765666,500000.0,10,1.0
435,1,10,765666,500000.0,5,0.5
436,1,10,234334,500000.0,3,0.3
437,1,10,765666,500000.0,10,1.0
438,1,10,765666,500000.0,9,0.9
439,1,10,765666,500000.0,8,0.8
440,1,10,765666,500000.0,8,0.8
441,1,10,765666,500000.0,9,0.9
442,1,10,765666,500000.0,10,1.0
443,1,10,765666,500000.0,8,0.8
444,1,10,234334,500000.0,5,0.5
445,1,10,765666,500000.0,10,1.0
446,1,10,765666,500000.0,10,1.0
447,1,10,765666,500000.0,10,1.0
448,1,10,234334,500000.0,9,0.9
449,1,10,765666,500000.0,10,1.0
450,1,10,765666,500000.0,9,0.9
451,1,10,234334,500000.0,6,0.6
452,1,10,765666,500000.0,3,0.3
453,1,10,234334,500000.0,4,0.4
454,1,10,765666,500000.0,10,1.0
455,1,10,234334,500000.0,1,0.1
456,1,10,765666,500000.0,10,1.0
457,1,10,765666,500000.0,10,1.0
458,1,10,765666,500000.0,9,0.9
459,1,10,765666,500000.0,10,1.0
460,1,10,234334,500000.0,4,0.4
461,1,10,765666,500000.0,6,0.6
462,1,10,234334,500000.0,7,0.7
463,1,10,765666,500000.0,9,0.9
464,1,10,765666,500000.0,10,1.0
465,1,10,765666,500000.0,10,1.0
466,1,10,765666,500000.0,8,0.8
467,1,10,234334,500000.0,4,0.4
468,1,10,234334,500000.0,3,0.3
469,1,10,765666,500000.0,9,0.9
470,1,10,234334,500000.0,9,0.9
471,1,10,765666,500000.0,9,0.9
472,1,10,234334,500000.0,7,0.7
473,1,10,765666,500000.0,8,0.8
474,1,10,765666,500000.0,10,1.0
475,1,10,765666,500000.0,10,1.0
476,1,10,765666,500000.0,10,1.0
477,1,10,765666,500000.0,10,1.0
478,1,10,234334,500000.0,7,0.7
479,1,10,765666,500000.0,6,0.6
480,1,10,765666,500000.0,8,0.8
481,1,10,765666,500000.0,2,0.2
482,1,10,234334,500000.0,10,1.0
483,1,10,234334,500000.0,3,0.3
484,1,10,234334,500000.0,10,1.0
485,1,10,765666,500000.0,10,1.0
486,1,10,234334,500000.0,10,1.0
487,1,10,765666,500000.0,10,1.0
488,1,10,765666,500000.0,10,1.0
489,1,10,765666,500000.0,9,0.9
490,1,10,765666,500000.0,9,0.9
491,1,10,765666,500000.0,6,0.6
492,1,10,234334,500000.0,9,0.9
493,1,10,234334,500000.0,2,0.2
494,1,10,765666,500000.0,10,1.0
495,1,10,765666,500000.0,10,1.0
496,1,10,765666,500000.0,10,1.0
497,1,10,234334,500000.0,2,0.2
498,1,10,765666,500000.0,10,1.0
499,1,10,765666,500000.0,10,1.0
500,1,10,234334,500000.0,5,0.5
501,1,10,765666,500000.0,3,0.3
502,1,10,765666,500000.0,10,1.0
503,1,10,765666,500000.0,10,1.0
504,1,10,765666,500000.0,9,0.9
505,1,10,765666,500000.0,9,0.9
506,1,10,765666,500000.0,10,1.0
507,1,10,765666,500000.0,10,1.0
508,1,10,765666,500000.0,9,0.9
509,1,10,765666,500000.0,10,1.0
510,1,10,765666,500000.0,10,1.0
511,1,10,765666,500000.0,6,0.6
512,1,10,765666,500000.0,9,0.9
513,1,10,765666,500000.0,10,1.0
514,1,10,234334,500000.0,5,0.5
515,1,10,765666,500000.0,10,1.0
516,1,10,234334,500000.0,7,0.7
517,1,10,765666,500000.0,10,1.0
518,1,10,765666,500000.0,10,1.0
519,1,10,765666,500000.0,8,0.8
520,1,10,765666,500000.0,8,0.8
521,1,10,765666,500000.0,10,1.0
522,1,10,234334,500000.0,0,0.0
523,1,10,765666,500000.0,9,0.9
524,1,10,234334,500000.0,5,0.5
525,1,10,765666,500000.0,10,1.0
526,1,10,234334,500000.0,2,0.2
527,1,10,234334,500000.0,3,0.3
528,1,10,765666,500000.0,10,1.0
529,1,10,234334,500000.0,7,0.7
530,1,10,234334,500000.0,7,0.7
531,1,10,765666,500000.0,10,1.0
532,1,10,765666,500000.0,10,1.0
533,1,10,765666,500000.0,9,0.9
534,1,10,234334,500000.0,7,0.7
535,1,10,765666,500000.0,10,1.0
536,1,10,765666,500000.0,9,0.9
537,1,10,765666,500000.0,8,0.8
538,1,10,765666,500000.0,8,0.8
539,1,10,765666,500000.0,9,0.9
540,1,10,234334,500000.0,2,0.2
541,1,10,765666,500000.0,10,1.0
542,1,10,765666,500000.0,8,0.8
543,1,10,765666,500000.0,8,0.8
544,1,10,765666,500000.0,7,0.7
545,1,10,765666,500000.0,9,0.9
546,1,10,765666,500000.0,9,0.9
547,1,10,234334,500000.0,7,0.7
548,1,10,234334,500000.0,2,0.2
549,1,10,765666,500000.0,8,0.8
550,1,10,765666,500000.0,10,1.0
551,1,10,765666,500000.0,10,1.0
552,1,10,765666,500000.0,9,0.9
553,1,10,234334,500000.0,4,0.4
554,1,10,234334,500000.0,5,0.5
555,1,10,765666,500000.0,10,1.0
556,1,10,765666,500000.0,10,1.0
557,1,10,765666,500000.0,9,0.9
558,1,10,765666,500000.0,10,1.0
559,1,10,765666,500000.0,10,1.0
560,1,10,765666,500000.0,6,0.6
561,1,10,234334,500000.0,2,0.2
562,1,10,765666,500000.0,9,0.9
563,1,10,234334,500000.0,1,0.1
564,1,10,234334,500000.0,5,0.5
565,1,10,234334,500000.0,0,0.0
566,1,10,234334,500000.0,9,0.9
567,1,10,234334,500000.0,4,0.4
568,1,10,765666,500000.0,10,1.0
569,1,10,765666,500000.0,10,1.0
570,1,10,765666,500000.0,10,1.0
571,1,10,765666,500000.0,8,0.8
572,1,10,765666,500000.0,10,1.0
573,1,10,234334,500000.0,7,0.7
574,1,10,765666,500000.0,10,1.0
575,1,10,765666,500000.0,10,1.0
576,1,10,234334,500000.0,8,0.8
577,1,10,234334,500000.0,7,0.7
578,1,10,765666,500000.0,9,0.9
579,1,10,234334,500000.0,3,0.3
580,1,10,765666,500000.0,7,0.7
581,1,10,234334,500000.0,10,1.0
582,1,10,765666,500000.0,10,1.0
583,1,10,765666,500000.0,10,1.0
584,1,10,765666,500000.0,9,0.9
585,1,10,765666,500000.0,10,1.0
586,1,10,765666,500000.0,10,1.0
587,1,10,765666,500000.0,10,1.0
588,1,10,234334,500000.0,1,0.1
589,1,10,765666,500000.0,10,1.0
590,1,10,765666,500000.0,8,0.8
591,1,10,765666,500000.0,8,0.8
592,1,10,765666,500000.0,10,1.0
593,1,10,765666,500000.0,9,0.9
594,1,10,765666,500000.0,10,1.0
595,1,10,765666,500000.0,10,1.0
596,1,10,765666,500000.0,7,0.7
597,1,10,234334,500000.0,4,0.4
598,1,10,234334,500000.0,1,0.1
599,1,10,765666,500000.0,10,1.0
600,1,10,765666,500000.0,10,1.0
601,1,10,765666,500000.0,9,0.9
602,1,10,234334,500000.0,2,0.2
603,1,10,765666,500000.0,10,1.0
604,1,10,765666,500000.0,10,1.0
605,1,10,234334,500000.0,1,0.1
606,1,10,234334,500000.0,9,0.9
607,1,10,765666,500000.0,10,1.0
608,1,10,234334,500000.0,10,1.0
609,1,10,234334,500000.0,6,0.6
610,1,10,234334,500000.0,7,0.7
611,1,10,765666,500000.0,10,1.0
612,1,10,234334,500000.0,10,1.0
613,1,10,234334,500000.0,1,0.1
614,1,10,765666,500000.0,7,0.7
615,1,10,765666,500000.0,9,0.9
616,1,10,765666,500000.0,10,1.0
617,1,10,765666,500000.0,8,0.8
618,1,10,765666,500000.0,8,0.8
619,1,10,234334,500000.0,4,0.4
620,1,10,765666,500000.0,10,1.0
621,1,10,765666,500000.0,7,0.7
622,1,10,765666,500000.0,10,1.0
623,1,10,765666,500000.0,10,1.0
624,1,10,765666,500000.0,10,1.0
625,1,10,765666,500000.0,10,1.0
626,1,10,765666,500000.0,9,0.9
627,1,10,765666,500000.0,9,0.9
628,1,10,765666,500000.0,9,0.9
629,1,10,765666,500000.0,10,1.0
630,1,10,765666,500000.0,10,1.0
631,1,10,765666,500000.0,4,0.4
632,1,10,765666,500000.0,10,1.0
633,1,10,765666,500000.0,10,1.0
634,1,10,234334,500000.0,3,0.3
635,1,10,765666,500000.0,9,0.9
636,1,10,765666,500000.0,10,1.0
637,1,10,765666,500000.0,10,1.0
638,1,10,234334,500000.0,1,0.1
639,1,10,765666,500000.0,7,0.7
640,1,10,765666,500000.0,9,0.9
641,1,10,234334,500000.0,4,0.4
642,1,10,234334,500000.0,6,0.6
643,1,10,765666,500000.0,10,1.0
644,1,10,765666,500000.0,10,1.0
645,1,10,765666,500000.0,7,0.7
646,1,10,765666,500000.0,10,1.0
647,1,10,765666,500000.0,9,0.9
648,1,10,765666,500000.0,10,1.0
649,1,10,765666,500000.0,9,0.9
650,1,10,765666,500000.0,9,0.9
651,1,10,765666,500000.0,10,1.0
652,1,10,765666,500000.0,10,1.0
653,1,10,765666,500000.0,9,0.9
654,1,10,765666,500000.0,10,1.0
655,1,10,234334,500000.0,3,0.3
656,1,10,765666,500000.0,10,1.0
657,1,10,234334,500000.0,5,0.5
658,1,10,765666,500000.0,8,0.8
659,1,10,765666,500000.0,10,1.0
660,1,10,234334,500000.0,3,0.3
661,1,10,765666,500000.0,10,1.0
662,1,10,234334,500000.0,1,0.1
663,1,10,765666,500000.0,10,1.0
664,1,10,765666,500000.0,10,1.0
665,1,10,765666,500000.0,10,1.0
666,1,10,234334,500000.0,6,0.6
667,1,10,765666,500000.0,10,1.0
668,1,10,765666,500000.0,9,0.9
669,1,10,765666,500000.0,6,0.6
670,1,10,234334,500000.0,7,0.7
671,1,10,765666,500000.0,10,1.0
672,1,10,765666,500000.0,10,1.0
673,1,10,765666,500000.0,10,1.0
674,1,10,765666,500000.0,8,0.8
675,1,10,765666,500000.0,10,1.0
676,1,10,765666,500000.0,10,1.0
677,1,10,765666,500000.0,10,1.0
678,1,10,765666,500000.0,7,0.7
679,1,10,765666,500000.0,8,0.8
680,1,10,765666,500000.0,10,1.0
681,1,10,765666,500000.0,10,1.0
682,1,10,765666,500000.0,10,1.0
683,1,10,765666,500000.0,9,0.9
684,1,10,765666,500000.0,9,0.9
685,1,10,765666,500000.0,10,1.0
686,1,10,765666,500000.0,10,1.0
687,1,10,765666,500000.0,10,1.0
688,1,10,765666,500000.0,10,1.0
689,1,10,765666,500000.0,8,0.8
690,1,10,765666,500000.0,6,0.6
691,1,10,234334,500000.0,8,0.8
692,1,10,765666,500000.0,7,0.7
693,1,10,765666,500000.0,4,0.4
694,1,10,765666,500000.0,10,1.0
695,1,10,765666,500000.0,10,1.0
696,1,10,765666,500000.0,10,1.0
697,1,10,765666,500000.0,8,0.8
698,1,10,765666,500000.0,10,1.0
699,1,10,765666,500000.0,7,0.7
700,1,10,234334,500000.0,2,0.2
701,1,10,765666,500000.0,10,1.0
702,1,10,765666,500000.0,10,1.0
703,1,10,765666,500000.0,10,1.0
704,1,10,234334,500000.0,1,0.1
705,1,10,765666,500000.0,10,1.0
706,1,10,765666,500000.0,7,0.7
707,1,10,234334,500000.0,9,0.9
708,1,10,765666,500000.0,10,1.0
709,1,10,765666,500000.0,10,1.0
710,1,10,765666,500000.0,10,1.0
711,1,10,234334,500000.0,7,0.7
712,1,10,765666,500000.0,10,1.0
713,1,10,765666,500000.0,10,1.0
714,1,10,234334,500000.0,7,0.7
715,1,10,765666,500000.0,10,1.0
716,1,10,765666,500000.0,8,0.8
717,1,10,765666,500000.0,10,1.0
718,1,10,765666,500000.0,10,1.0
719,1,10,234334,500000.0,9,0.9
720,1,10,234334,500000.0,10,1.0
721,1,10,234334,500000.0,2,0.2
722,1,10,765666,500000.0,10,1.0
723,1,10,765666,500000.0,10,1.0
724,1,10,234334,500000.0,3,0.3
725,1,10,765666,500000.0,10,1.0
726,1,10,765666,500000.0,9,0.9
727,1,10,765666,500000.0,9,0.9
728,1,10,765666,500000.0,10,1.0
729,1,10,765666,500000.0,8,0.8
730,1,10,765666,500000.0,9,0.9
731,1,10,765666,500000.0,10,1.0
732,1,10,765666,500000.0,10,1.0
733,1,10,765666,500000.0,7,0.7
734,1,10,765666,500000.0,9,0.9
735,1,10,234334,500000.0,0,0.0
736,1,10,765666,500000.0,10,1.0
737,1,10,234334,500000.0,8,0.8
738,1,10,234334,500000.0,1,0.1
739,1,10,765666,500000.0,10,1.0
740,1,10,765666,500000.0,7,0.7
741,1,10,765666,500000.0,10,1.0
742,1,10,765666,500000.0,10,1.0
743,1,10,765666,500000.0,10,1.0
744,1,10,765666,500000.0,10,1.0
745,1,10,234334,500000.0,1,0.1
746,1,10,765666,500000.0,10,1.0
747,1,10,765666,500000.0,10,1.0
748,1,10,765666,500000.0,10,1.0
749,1,10,765666,500000.0,10,1.0
750,1,10,765666,500000.0,9,0.9
751,1,10,765666,500000.0,7,0.7
752,1,10,234334,500000.0,3,0.3
753,1,10,765666,500000.0,10,1.0
754,1,10,234334,500000.0,0,0.0
755,1,10,234334,500000.0,8,0.8
756,1,10,765666,500000.0,10,1.0
757,1,10,234334,500000.0,9,0.9
758,1,10,234334,500000.0,6,0.6
759,1,10,765666,500000.0,5,0.5
760,1,10,765666,500000.0,9,0.9
761,1,10,765666,500000.0,8,0.8
762,1,10,765666,500000.0,9,0.9
763,1,10,765666,500000.0,6,0.6
764,1,10,765666,500000.0,10,1.0
765,1,10,765666,500000.0,9,0.9
766,1,10,234334,500000.0,3,0.3
767,1,10,765666,500000.0,9,0.9
768,1,10,234334,500000.0,8,0.8
769,1,10,765666,500000.0,10,1.0
770,1,10,765666,500000.0,10,1.0
771,1,10,234334,500000.0,7,0.7
772,1,10,765666,500000.0,7,0.7
773,1,10,765666,500000.0,7,0.7
774,1,10,765666,500000.0,10,1.0
775,1,10,234334,500000.0,2,0.2
776,1,10,234334,500000.0,10,1.0
777,1,10,765666,500000.0,10,1.0
778,1,10,765666,500000.0,10,1.0
779,1,10,765666,500000.0,8,0.8
780,1,10,234334,500000.0,4,0.4
781,1,10,765666,500000.0,7,0.7
782,1,10,234334,500000.0,10,1.0
783,1,10,234334,500000.0,5,0.5
784,1,10,765666,500000.0,9,0.9
785,1,10,765666,500000.0,10,1.0
786,1,10,765666,500000.0,7,0.7
787,1,10,765666,500000.0,9,0.9
788,1,10,765666,500000.0,10,1.0
789,1,10,765666,500000.0,9,0.9
790,1,10,765666,500000.0,8,0.8
791,1,10,765666,500000.0,9,0.9
792,1,10,765666,500000.0,9,0.9
793,1,10,765666,500000.0,10,1.0
794,1,10,765666,500000.0,8,0.8
795,1,10,234334,500000.0,9,0.9
796,1,10,765666,500000.0,6,0.6
797,1,10,234334,500000.0,4,0.4
798,1,10,765666,500000.0,8,0.8
799,1,10,765666,500000.0,10,1.0
800,1,10,234334,500000.0,9,0.9
801,1,10,765666,500000.0,9,0.9
802,1,10,765666,500000.0,8,0.8
803,1,10,234334,500000.0,8,0.8
804,1,10,765666,500000.0,7,0.7
805,1,10,765666,500000.0,10,1.0
806,1,10,765666,500000.0,10,1.0
807,1,10,234334,500000.0,5,0.5
808,1,10,765666,500000.0,10,1.0
809,1,10,765666,500000.0,10,1.0
810,1,10,765666,500000.0,10,1.0
811,1,10,765666,500000.0,10,1.0
812,1,10,765666,500000.0,10,1.0
813,1,10,765666,500000.0,10,1.0
814,1,10,765666,500000.0,10,1.0
815,1,10,234334,500000.0,2,0.2
816,1,10,765666,500000.0,10,1.0
817,1,10,765666,500000.0,10,1.0
818,1,10,234334,500000.0,0,0.0
819,1,10,765666,500000.0,10,1.0
820,1,10,765666,500000.0,10,1.0
821,1,10,765666,500000.0,6,0.6
822,1,10,765666,500000.0,10,1.0
823,1,10,234334,500000.0,5,0.5
824,1,10,765666,500000.0,10,1.0
825,1,10,765666,500000.0,10,1.0
826,1,10,765666,500000.0,6,0.6
827,1,10,765666,500000.0,10,1.0
828,1,10,765666,500000.0,10,1.0
829,1,10,234334,500000.0,9,0.9
830,1,10,765666,500000.0,10,1.0
831,1,10,765666,500000.0,10,1.0
832,1,10,234334,500000.0,8,0.8
833,1,10,765666,500000.0,10,1.0
834,1,10,765666,500000.0,10,1.0
835,1,10,765666,500000.0,10,1.0
836,1,10,765666,500000.0,10,1.0
837,1,10,765666,500000.0,10,1.0
838,1,10,765666,500000.0,10,1.0
839,1,10,765666,500000.0,10,1.0
840,1,10,765666,500000.0,10,1.0
841,1,10,765666,500000.0,9,0.9
842,1,10,765666,500000.0,10,1.0
843,1,10,765666,500000.0,10,1.0
844,1,10,765666,500000.0,10,1.0
845,1,10,765666,500000.0,10,1.0
846,1,10,765666,500000.0,10,1.0
847,1,10,765666,500000.0,9,0.9
848,1,10,765666,500000.0,10,1.0
849,1,10,765666,500000.0,9,0.9
850,1,10,234334,500000.0,7,0.7
851,1,10,765666,500000.0,10,1.0
852,1,10,765666,500000.0,7,0.7
853,1,10,765666,500000.0,7,0.7
854,1,10,765666,500000.0,8,0.8
855,1,10,765666,500000.0,8,0.8
856,1,10,765666,500000.0,10,1.0
857,1,10,765666,500000.0,4,0.4
858,1,10,765666,500000.0,10,1.0
859,1,10,234334,500000.0,3,0.3
860,1,10,234334,500000.0,7,0.7
861,1,10,765666,500000.0,9,0.9
862,1,10,765666,500000.0,10,1.0
863,1,10,234334,500000.0,5,0.5
864,1,10,765666,500000.0,10,1.0
865,1,10,765666,500000.0,10,1.0
866,1,10,765666,500000.0,10,1.0
867,1,10,234334,500000.0,7,0.7
868,1,10,765666,500000.0,9,0.9
869,1,10,765666,500000.0,10,1.0
870,1,10,765666,500000.0,10,1.0
871,1,10,765666,500000.0,8,0.8
872,1,10,765666,500000.0,10,1.0
873,1,10,765666,500000.0,9,0.9
874,1,10,765666,500000.0,10,1.0
875,1,10,234334,500000.0,4,0.4
876,1,10,765666,500000.0,5,0.5
877,1,10,234334,500000.0,7,0.7
878,1,10,765666,500000.0,10,1.0
879,1,10,234334,500000.0,4,0.4
880,1,10,765666,500000.0,5,0.5
881,1,10,765666,500000.0,4,0.4
882,1,10,234334,500000.0,7,0.7
883,1,10,765666,500000.0,10,1.0
884,1,10,765666,500000.0,3,0.3
885,1,10,765666,500000.0,9,0.9
886,1,10,765666,500000.0,9,0.9
887,1,10,234334,500000.0,3,0.3
888,1,10,765666,500000.0,10,1.0
889,1,10,765666,500000.0,10,1.0
890,1,10,765666,500000.0,10,1.0
891,1,10,765666,500000.0,7,0.7
892,1,10,234334,500000.0,10,1.0
893,1,10,765666,500000.0,10,1.0
894,1,10,765666,500000.0,10,1.0
895,1,10,765666,500000.0,10,1.0
896,1,10,765666,500000.0,7,0.7
897,1,10,765666,500000.0,10,1.0
898,1,10,765666,500000.0,10,1.0
899,1,10,765666,500000.0,10,1.0
900,1,10,234334,500000.0,1,0.1
901,1,10,765666,500000.0,10,1.0
902,1,10,765666,500000.0,7,0.7
903,1,10,765666,500000.0,10,1.0
904,1,10,765666,500000.0,10,1.0
905,1,10,765666,500000.0,10,1.0
906,1,10,765666,500000.0,10,1.0
907,1,10,234334,500000.0,8,0.8
908,1,10,765666,500000.0,10,1.0
909,1,10,765666,500000.0,10,1.0
910,1,10,765666,500000.0,6,0.6
911,1,10,765666,500000.0,9,0.9
912,1,10,765666,500000.0,10,1.0
913,1,10,234334,500000.0,5,0.5
914,1,10,765666,500000.0,10,1.0
915,1,10,765666,500000.0,10,1.0
916,1,10,765666,500000.0,10,1.0
917,1,10,765666,500000.0,10,1.0
918,1,10,234334,500000.0,2,0.2
919,1,10,234334,500000.0,3,0.3
920,1,10,765666,500000.0,9,0.9
921,1,10,765666,500000.0,10,1.0
922,1,10,234334,500000.0,7,0.7
923,1,10,234334,500000.0,9,0.9
924,1,10,765666,500000.0,8,0.8
925,1,10,765666,500000.0,6,0.6
926,1,10,765666,500000.0,10,1.0
927,1,10,765666,500000.0,9,0.9
928,1,10,765666,500000.0,10,1.0
929,1,10,765666,500000.0,8,0.8
930,1,10,765666,500000.0,10,1.0
931,1,10,765666,500000.0,5,0.5
932,1,10,765666,500000.0,10,1.0
933,1,10,765666,500000.0,4,0.4
934,1,10,234334,500000.0,5,0.5
935,1,10,234334,500000.0,9,0.9
936,1,10,234334,500000.0,4,0.4
937,1,10,765666,500000.0,8,0.8
938,1,10,765666,500000.0,7,0.7
939,1,10,234334,500000.0,1,0.1
940,1,10,765666,500000.0,9,0.9
941,1,10,765666,500000.0,7,0.7
942,1,10,765666,500000.0,10,1.0
943,1,10,765666,500000.0,10,1.0
944,1,10,765666,500000.0,9,0.9
945,1,10,234334,500000.0,6,0.6
946,1,10,765666,500000.0,10,1.0
947,1,10,765666,500000.0,6,0.6
948,1,10,234334,500000.0,1,0.1
949,1,10,234334,500000.0,2,0.2
950,1,10,765666,500000.0,10,1.0
951,1,10,765666,500000.0,6,0.6
952,1,10,765666,500000.0,10,1.0
953,1,10,765666,500000.0,10,1.0
954,1,10,765666,500000.0,10,1.0
955,1,10,765666,500000.0,10,1.0
956,1,10,765666,500000.0,10,1.0
957,1,10,234334,500000.0,3,0.3
958,1,10,765666,500000.0,10,1.0
959,1,10,234334,500000.0,8,0.8
960,1,10,234334,500000.0,1,0.1
961,1,10,765666,500000.0,10,1.0
962,1,10,765666,500000.0,10,1.0
963,1,10,765666,500000.0,10,1.0
964,1,10,765666,500000.0,10,1.0
965,1,10,765666,500000.0,10,1.0
966,1,10,234334,500000.0,7,0.7
967,1,10,765666,500000.0,8,0.8
968,1,10,234334,500000.0,3,0.3
969,1,10,234334,500000.0,2,0.2
970,1,10,765666,500000.0,10,1.0
971,1,10,765666,500000.0,8,0.8
972,1,10,765666,500000.0,10,1.0
973,1,10,765666,500000.0,8,0.8
974,1,10,765666,500000.0,10,1.0
975,1,10,765666,500000.0,8,0.8
976,1,10,765666,500000.0,4,0.4
977,1,10,765666,500000.0,7,0.7
978,1,10,765666,500000.0,10,1.0
979,1,10,765666,500000.0,8,0.8
980,1,10,234334,500000.0,5,0.5
981,1,10,765666,500000.0,10,1.0
982,1,10,765666,500000.0,9,0.9
983,1,10,765666,500000.0,7,0.7
984,1,10,234334,500000.0,6,0.6
985,1,10,765666,500000.0,8,0.8
986,1,10,765666,500000.0,9,0.9
987,1,10,234334,500000.0,10,1.0
988,1,10,765666,500000.0,10,1.0
989,1,10,765666,500000.0,7,0.7
990,1,10,765666,500000.0,8,0.8
991,1,10,765666,500000.0,10,1.0
992,1,10,765666,500000.0,7,0.7
993,1,10,765666,500000.0,8,0.8
994,1,10,765666,500000.0,10,1.0
995,1,10,765666,500000.0,10,1.0
996,1,10,765666,500000.0,10,1.0
997,1,10,234334,500000.0,1,0.1
998,1,10,765666,500000.0,8,0.8
999,1,10,765666,500000.0,10,1.0
0,1,100,234334,500000.0,53,0.53
1,1,100,765666,500000.0,100,1.0
2,1,100,765666,500000.0,69,0.69
3,1,100,234334,500000.0,71,0.71
4,1,100,765666,500000.0,94,0.94
5,1,100,765666,500000.0,90,0.9
6,1,100,765666,500000.0,85,0.85
7,1,100,234334,500000.0,71,0.71
8,1,100,765666,500000.0,88,0.88
9,1,100,765666,500000.0,90,0.9
10,1,100,234334,500000.0,19,0.19
11,1,100,234334,500000.0,30,0.3
12,1,100,765666,500000.0,87,0.87
13,1,100,765666,500000.0,100,1.0
14,1,100,765666,500000.0,90,0.9
15,1,100,234334,500000.0,56,0.56
16,1,100,765666,500000.0,90,0.9
17,1,100,765666,500000.0,100,1.0
18,1,100,765666,500000.0,99,0.99
19,1,100,234334,500000.0,23,0.23
20,1,100,765666,500000.0,92,0.92
21,1,100,765666,500000.0,100,1.0
22,1,100,765666,500000.0,66,0.66
23,1,100,765666,500000.0,81,0.81
24,1,100,765666,500000.0,99,0.99
25,1,100,765666,500000.0,87,0.87
26,1,100,765666,500000.0,100,1.0
27,1,100,765666,500000.0,98,0.98
28,1,100,234334,500000.0,45,0.45
29,1,100,765666,500000.0,100,1.0
30,1,100,234334,500000.0,14,0.14
31,1,100,765666,500000.0,100,1.0
32,1,100,765666,500000.0,96,0.96
33,1,100,765666,500000.0,94,0.94
34,1,100,765666,500000.0,89,0.89
35,1,100,765666,500000.0,89,0.89
36,1,100,234334,500000.0,11,0.11
37,1,100,765666,500000.0,83,0.83
38,1,100,765666,500000.0,100,1.0
39,1,100,765666,500000.0,100,1.0
40,1,100,765666,500000.0,74,0.74
41,1,100,765666,500000.0,91,0.91
42,1,100,765666,500000.0,80,0.8
43,1,100,765666,500000.0,96,0.96
44,1,100,765666,500000.0,99,0.99
45,1,100,765666,500000.0,97,0.97
46,1,100,234334,500000.0,14,0.14
47,1,100,765666,500000.0,89,0.89
48,1,100,765666,500000.0,92,0.92
49,1,100,765666,500000.0,99,0.99
50,1,100,765666,500000.0,74,0.74
51,1,100,765666,500000.0,100,1.0
52,1,100,765666,500000.0,90,0.9
53,1,100,765666,500000.0,95,0.95
54,1,100,765666,500000.0,98,0.98
55,1,100,765666,500000.0,100,1.0
56,1,100,765666,500000.0,100,1.0
57,1,100,234334,500000.0,54,0.54
58,1,100,765666,500000.0,100,1.0
59,1,100,765666,500000.0,94,0.94
60,1,100,765666,500000.0,93,0.93
61,1,100,765666,500000.0,98,0.98
62,1,100,765666,500000.0,99,0.99
63,1,100,765666,500000.0,83,0.83
64,1,100,765666,500000.0,95,0.95
65,1,100,765666,500000.0,99,0.99
66,1,100,234334,500000.0,13,0.13
67,1,100,234334,500000.0,92,0.92
68,1,100,234334,500000.0,20,0.2
69,1,100,765666,500000.0,93,0.93
70,1,100,765666,500000.0,100,1.0
71,1,100,765666,500000.0,67,0.67
72,1,100,765666,500000.0,74,0.74
73,1,100,765666,500000.0,64,0.64
74,1,100,765666,500000.0,96,0.96
75,1,100,765666,500000.0,88,0.88
76,1,100,765666,500000.0,88,0.88
77,1,100,234334,500000.0,45,0.45
78,1,100,765666,500000.0,51,0.51
79,1,100,765666,500000.0,98,0.98
80,1,100,234334,500000.0,30,0.3
81,1,100,765666,500000.0,96,0.96
82,1,100,765666,500000.0,94,0.94
83,1,100,234334,500000.0,23,0.23
84,1,100,765666,500000.0,100,1.0
85,1,100,765666,500000.0,90,0.9
86,1,100,765666,500000.0,88,0.88
87,1,100,765666,500000.0,89,0.89
88,1,100,234334,500000.0,52,0.52
89,1,100,765666,500000.0,98,0.98
90,1,100,765666,500000.0,100,1.0
91,1,100,765666,500000.0,79,0.79
92,1,100,765666,500000.0,55,0.55
93,1,100,765666,500000.0,100,1.0
94,1,100,765666,500000.0,100,1.0
95,1,100,234334,500000.0,30,0.3
96,1,100,234334,500000.0,2,0.02
97,1,100,234334,500000.0,72,0.72
98,1,100,234334,500000.0,71,0.71
99,1,100,765666,500000.0,82,0.82
100,1,100,765666,500000.0,90,0.9
101,1,100,234334,500000.0,54,0.54
102,1,100,234334,500000.0,51,0.51
103,1,100,765666,500000.0,98,0.98
104,1,100,765666,500000.0,71,0.71
105,1,100,765666,500000.0,84,0.84
106,1,100,765666,500000.0,93,0.93
107,1,100,765666,500000.0,66,0.66
108,1,100,765666,500000.0,80,0.8
109,1,100,765666,500000.0,61,0.61
110,1,100,765666,500000.0,20,0.2
111,1,100,765666,500000.0,86,0.86
112,1,100,234334,500000.0,51,0.51
113,1,100,765666,500000.0,85,0.85
114,1,100,765666,500000.0,87,0.87
115,1,100,765666,500000.0,95,0.95
116,1,100,765666,500000.0,90,0.9
117,1,100,765666,500000.0,84,0.84
118,1,100,765666,500000.0,96,0.96
119,1,100,234334,500000.0,51,0.51
120,1,100,234334,500000.0,95,0.95
121,1,100,765666,500000.0,94,0.94
122,1,100,765666,500000.0,100,1.0
123,1,100,234334,500000.0,50,0.5
124,1,100,765666,500000.0,96,0.96
125,1,100,765666,500000.0,96,0.96
126,1,100,234334,500000.0,44,0.44
127,1,100,765666,500000.0,47,0.47
128,1,100,765666,500000.0,93,0.93
129,1,100,234334,500000.0,35,0.35
130,1,100,234334,500000.0,9,0.09
131,1,100,765666,500000.0,99,0.99
132,1,100,765666,500000.0,100,1.0
133,1,100,234334,500000.0,66,0.66
134,1,100,234334,500000.0,41,0.41
135,1,100,234334,500000.0,10,0.1
136,1,100,765666,500000.0,96,0.96
137,1,100,765666,500000.0,85,0.85
138,1,100,765666,500000.0,79,0.79
139,1,100,765666,500000.0,71,0.71
140,1,100,765666,500000.0,43,0.43
141,1,100,765666,500000.0,99,0.99
142,1,100,765666,500000.0,95,0.95
143,1,100,765666,500000.0,94,0.94
144,1,100,765666,500000.0,76,0.76
145,1,100,765666,500000.0,35,0.35
146,1,100,765666,500000.0,99,0.99
147,1,100,234334,500000.0,71,0.71
148,1,100,765666,500000.0,100,1.0
149,1,100,234334,500000.0,21,0.21
150,1,100,765666,500000.0,80,0.8
151,1,100,765666,500000.0,81,0.81
152,1,100,765666,500000.0,61,0.61
153,1,100,765666,500000.0,100,1.0
154,1,100,765666,500000.0,61,0.61
155,1,100,765666,500000.0,100,1.0
156,1,100,765666,500000.0,99,0.99
157,1,100,765666,500000.0,86,0.86
158,1,100,765666,500000.0,77,0.77
159,1,100,765666,500000.0,96,0.96
160,1,100,234334,500000.0,27,0.27
161,1,100,765666,500000.0,85,0.85
162,1,100,765666,500000.0,81,0.81
163,1,100,765666,500000.0,76,0.76
164,1,100,234334,500000.0,20,0.2
165,1,100,765666,500000.0,96,0.96
166,1,100,765666,500000.0,70,0.7
167,1,100,765666,500000.0,90,0.9
168,1,100,234334,500000.0,20,0.2
169,1,100,765666,500000.0,82,0.82
170,1,100,765666,500000.0,93,0.93
171,1,100,765666,500000.0,99,0.99
172,1,100,765666,500000.0,78,0.78
173,1,100,765666,500000.0,100,1.0
174,1,100,234334,500000.0,37,0.37
175,1,100,765666,500000.0,100,1.0
176,1,100,765666,500000.0,69,0.69
177,1,100,765666,500000.0,93,0.93
178,1,100,765666,500000.0,89,0.89
179,1,100,765666,500000.0,73,0.73
180,1,100,765666,500000.0,100,1.0
181,1,100,234334,500000.0,19,0.19
182,1,100,234334,500000.0,23,0.23
183,1,100,234334,500000.0,19,0.19
184,1,100,765666,500000.0,100,1.0
185,1,100,765666,500000.0,94,0.94
186,1,100,765666,500000.0,68,0.68
187,1,100,765666,500000.0,68,0.68
188,1,100,765666,500000.0,72,0.72
189,1,100,765666,500000.0,98,0.98
190,1,100,234334,500000.0,25,0.25
191,1,100,765666,500000.0,70,0.7
192,1,100,765666,500000.0,100,1.0
193,1,100,765666,500000.0,81,0.81
194,1,100,765666,500000.0,68,0.68
195,1,100,765666,500000.0,100,1.0
196,1,100,765666,500000.0,96,0.96
197,1,100,765666,500000.0,97,0.97
198,1,100,765666,500000.0,92,0.92
199,1,100,765666,500000.0,84,0.84
200,1,100,234334,500000.0,10,0.1
201,1,100,765666,500000.0,80,0.8
202,1,100,765666,500000.0,100,1.0
203,1,100,765666,500000.0,100,1.0
204,1,100,765666,500000.0,92,0.92
205,1,100,765666,500000.0,86,0.86
206,1,100,765666,500000.0,60,0.6
207,1,100,765666,500000.0,100,1.0
208,1,100,234334,500000.0,25,0.25
209,1,100,234334,500000.0,20,0.2
210,1,100,765666,500000.0,92,0.92
211,1,100,765666,500000.0,74,0.74
212,1,100,765666,500000.0,38,0.38
213,1,100,765666,500000.0,86,0.86
214,1,100,765666,500000.0,83,0.83
215,1,100,234334,500000.0,7,0.07
216,1,100,765666,500000.0,93,0.93
217,1,100,765666,500000.0,90,0.9
218,1,100,765666,500000.0,100,1.0
219,1,100,765666,500000.0,89,0.89
220,1,100,765666,500000.0,93,0.93
221,1,100,765666,500000.0,39,0.39
222,1,100,765666,500000.0,96,0.96
223,1,100,765666,500000.0,97,0.97
224,1,100,765666,500000.0,98,0.98
225,1,100,234334,500000.0,25,0.25
226,1,100,765666,500000.0,65,0.65
227,1,100,765666,500000.0,100,1.0
228,1,100,765666,500000.0,99,0.99
229,1,100,765666,500000.0,74,0.74
230,1,100,234334,500000.0,78,0.78
231,1,100,765666,500000.0,100,1.0
232,1,100,765666,500000.0,91,0.91
233,1,100,234334,500000.0,44,0.44
234,1,100,765666,500000.0,79,0.79
235,1,100,765666,500000.0,100,1.0
236,1,100,765666,500000.0,98,0.98
237,1,100,234334,500000.0,28,0.28
238,1,100,234334,500000.0,76,0.76
239,1,100,765666,500000.0,69,0.69
240,1,100,765666,500000.0,94,0.94
241,1,100,765666,500000.0,100,1.0
242,1,100,765666,500000.0,100,1.0
243,1,100,765666,500000.0,100,1.0
244,1,100,765666,500000.0,90,0.9
245,1,100,765666,500000.0,97,0.97
246,1,100,234334,500000.0,81,0.81
247,1,100,765666,500000.0,95,0.95
248,1,100,765666,500000.0,82,0.82
249,1,100,765666,500000.0,88,0.88
250,1,100,765666,500000.0,90,0.9
251,1,100,765666,500000.0,93,0.93
252,1,100,765666,500000.0,96,0.96
253,1,100,234334,500000.0,33,0.33
254,1,100,765666,500000.0,75,0.75
255,1,100,234334,500000.0,77,0.77
256,1,100,234334,500000.0,28,0.28
257,1,100,765666,500000.0,96,0.96
258,1,100,765666,500000.0,86,0.86
259,1,100,765666,500000.0,79,0.79
260,1,100,234334,500000.0,45,0.45
261,1,100,765666,500000.0,72,0.72
262,1,100,234334,500000.0,41,0.41
263,1,100,234334,500000.0,29,0.29
264,1,100,765666,500000.0,60,0.6
265,1,100,234334,500000.0,74,0.74
266,1,100,234334,500000.0,64,0.64
267,1,100,765666,500000.0,97,0.97
268,1,100,234334,500000.0,52,0.52
269,1,100,765666,500000.0,98,0.98
270,1,100,765666,500000.0,61,0.61
271,1,100,765666,500000.0,89,0.89
272,1,100,765666,500000.0,90,0.9
273,1,100,234334,500000.0,9,0.09
274,1,100,234334,500000.0,10,0.1
275,1,100,765666,500000.0,81,0.81
276,1,100,765666,500000.0,93,0.93
277,1,100,234334,500000.0,15,0.15
278,1,100,765666,500000.0,94,0.94
279,1,100,765666,500000.0,91,0.91
280,1,100,765666,500000.0,71,0.71
281,1,100,765666,500000.0,94,0.94
282,1,100,765666,500000.0,99,0.99
283,1,100,765666,500000.0,96,0.96
284,1,100,765666,500000.0,52,0.52
285,1,100,234334,500000.0,47,0.47
286,1,100,765666,500000.0,86,0.86
287,1,100,234334,500000.0,21,0.21
288,1,100,765666,500000.0,68,0.68
289,1,100,765666,500000.0,100,1.0
290,1,100,765666,500000.0,91,0.91
291,1,100,234334,500000.0,40,0.4
292,1,100,234334,500000.0,12,0.12
293,1,100,234334,500000.0,39,0.39
294,1,100,765666,500000.0,100,1.0
295,1,100,765666,500000.0,73,0.73
296,1,100,765666,500000.0,83,0.83
297,1,100,765666,500000.0,92,0.92
298,1,100,765666,500000.0,51,0.51
299,1,100,765666,500000.0,95,0.95
300,1,100,234334,500000.0,37,0.37
301,1,100,234334,500000.0,73,0.73
302,1,100,765666,500000.0,76,0.76
303,1,100,234334,500000.0,45,0.45
304,1,100,765666,500000.0,100,1.0
305,1,100,765666,500000.0,100,1.0
306,1,100,765666,500000.0,100,1.0
307,1,100,234334,500000.0,29,0.29
308,1,100,765666,500000.0,86,0.86
309,1,100,765666,500000.0,100,1.0
310,1,100,234334,500000.0,16,0.16
311,1,100,234334,500000.0,75,0.75
312,1,100,765666,500000.0,100,1.0
313,1,100,765666,500000.0,93,0.93
314,1,100,765666,500000.0,92,0.92
315,1,100,765666,500000.0,75,0.75
316,1,100,765666,500000.0,98,0.98
317,1,100,765666,500000.0,49,0.49
318,1,100,765666,500000.0,93,0.93
319,1,100,765666,500000.0,99,0.99
320,1,100,765666,500000.0,94,0.94
321,1,100,234334,500000.0,58,0.58
322,1,100,234334,500000.0,62,0.62
323,1,100,765666,500000.0,99,0.99
324,1,100,765666,500000.0,80,0.8
325,1,100,234334,500000.0,26,0.26
326,1,100,765666,500000.0,98,0.98
327,1,100,234334,500000.0,91,0.91
328,1,100,765666,500000.0,92,0.92
329,1,100,765666,500000.0,92,0.92
330,1,100,765666,500000.0,93,0.93
331,1,100,234334,500000.0,79,0.79
332,1,100,765666,500000.0,98,0.98
333,1,100,765666,500000.0,37,0.37
334,1,100,765666,500000.0,89,0.89
335,1,100,765666,500000.0,100,1.0
336,1,100,234334,500000.0,5,0.05
337,1,100,234334,500000.0,78,0.78
338,1,100,234334,500000.0,35,0.35
339,1,100,765666,500000.0,98,0.98
340,1,100,765666,500000.0,66,0.66
341,1,100,765666,500000.0,71,0.71
342,1,100,234334,500000.0,55,0.55
343,1,100,765666,500000.0,99,0.99
344,1,100,765666,500000.0,97,0.97
345,1,100,765666,500000.0,92,0.92
346,1,100,765666,500000.0,97,0.97
347,1,100,765666,500000.0,95,0.95
348,1,100,765666,500000.0,49,0.49
349,1,100,765666,500000.0,84,0.84
350,1,100,234334,500000.0,42,0.42
351,1,100,765666,500000.0,100,1.0
352,1,100,234334,500000.0,64,0.64
353,1,100,234334,500000.0,23,0.23
354,1,100,765666,500000.0,99,0.99
355,1,100,765666,500000.0,82,0.82
356,1,100,765666,500000.0,96,0.96
357,1,100,234334,500000.0,35,0.35
358,1,100,765666,500000.0,92,0.92
359,1,100,765666,500000.0,93,0.93
360,1,100,234334,500000.0,49,0.49
361,1,100,765666,500000.0,98,0.98
362,1,100,765666,500000.0,79,0.79
363,1,100,765666,500000.0,91,0.91
364,1,100,765666,500000.0,99,0.99
365,1,100,765666,500000.0,99,0.99
366,1,100,765666,500000.0,75,0.75
367,1,100,765666,500000.0,95,0.95
368,1,100,765666,500000.0,95,0.95
369,1,100,765666,500000.0,94,0.94
370,1,100,765666,500000.0,90,0.9
371,1,100,234334,500000.0,31,0.31
372,1,100,234334,500000.0,35,0.35
373,1,100,765666,500000.0,45,0.45
374,1,100,765666,500000.0,94,0.94
375,1,100,765666,500000.0,100,1.0
376,1,100,765666,500000.0,95,0.95
377,1,100,765666,500000.0,100,1.0
378,1,100,234334,500000.0,26,0.26
379,1,100,765666,500000.0,100,1.0
380,1,100,234334,500000.0,50,0.5
381,1,100,234334,500000.0,25,0.25
382,1,100,765666,500000.0,74,0.74
383,1,100,765666,500000.0,98,0.98
384,1,100,234334,500000.0,77,0.77
385,1,100,765666,500000.0,84,0.84
386,1,100,765666,500000.0,100,1.0
387,1,100,765666,500000.0,73,0.73
388,1,100,234334,500000.0,57,0.57
389,1,100,765666,500000.0,97,0.97
390,1,100,765666,500000.0,98,0.98
391,1,100,765666,500000.0,92,0.92
392,1,100,234334,500000.0,75,0.75
393,1,100,765666,500000.0,69,0.69
394,1,100,765666,500000.0,100,1.0
395,1,100,765666,500000.0,85,0.85
396,1,100,765666,500000.0,100,1.0
397,1,100,765666,500000.0,81,0.81
398,1,100,765666,500000.0,93,0.93
399,1,100,234334,500000.0,76,0.76
400,1,100,765666,500000.0,96,0.96
401,1,100,765666,500000.0,48,0.48
402,1,100,765666,500000.0,99,0.99
403,1,100,765666,500000.0,100,1.0
404,1,100,234334,500000.0,22,0.22
405,1,100,765666,500000.0,98,0.98
406,1,100,765666,500000.0,70,0.7
407,1,100,765666,500000.0,94,0.94
408,1,100,765666,500000.0,98,0.98
409,1,100,765666,500000.0,100,1.0
410,1,100,765666,500000.0,59,0.59
411,1,100,234334,500000.0,69,0.69
412,1,100,234334,500000.0,32,0.32
413,1,100,234334,500000.0,50,0.5
414,1,100,765666,500000.0,96,0.96
415,1,100,765666,500000.0,84,0.84
416,1,100,765666,500000.0,78,0.78
417,1,100,234334,500000.0,68,0.68
418,1,100,234334,500000.0,6,0.06
419,1,100,765666,500000.0,99,0.99
420,1,100,765666,500000.0,38,0.38
421,1,100,234334,500000.0,23,0.23
422,1,100,765666,500000.0,100,1.0
423,1,100,765666,500000.0,89,0.89
424,1,100,234334,500000.0,50,0.5
425,1,100,765666,500000.0,100,1.0
426,1,100,765666,500000.0,88,0.88
427,1,100,765666,500000.0,88,0.88
428,1,100,234334,500000.0,68,0.68
429,1,100,765666,500000.0,100,1.0
430,1,100,765666,500000.0,99,0.99
431,1,100,765666,500000.0,78,0.78
432,1,100,765666,500000.0,100,1.0
433,1,100,234334,500000.0,34,0.34
434,1,100,765666,500000.0,94,0.94
435,1,100,765666,500000.0,62,0.62
436,1,100,234334,500000.0,48,0.48
437,1,100,765666,500000.0,100,1.0
438,1,100,765666,500000.0,64,0.64
439,1,100,765666,500000.0,83,0.83
440,1,100,765666,500000.0,87,0.87
441,1,100,765666,500000.0,95,0.95
442,1,100,765666,500000.0,78,0.78
443,1,100,765666,500000.0,57,0.57
444,1,100,234334,500000.0,55,0.55
445,1,100,765666,500000.0,100,1.0
446,1,100,765666,500000.0,100,1.0
447,1,100,765666,500000.0,95,0.95
448,1,100,234334,500000.0,59,0.59
449,1,100,765666,500000.0,96,0.96
450,1,100,765666,500000.0,95,0.95
451,1,100,234334,500000.0,42,0.42
452,1,100,765666,500000.0,50,0.5
453,1,100,234334,500000.0,29,0.29
454,1,100,765666,500000.0,98,0.98
455,1,100,234334,500000.0,12,0.12
456,1,100,765666,500000.0,87,0.87
457,1,100,765666,500000.0,97,0.97
458,1,100,765666,500000.0,85,0.85
459,1,100,765666,500000.0,99,0.99
460,1,100,234334,500000.0,8,0.08
461,1,100,765666,500000.0,58,0.58
462,1,100,234334,500000.0,48,0.48
463,1,100,765666,500000.0,97,0.97
464,1,100,765666,500000.0,99,0.99
465,1,100,765666,500000.0,100,1.0
466,1,100,765666,500000.0,81,0.81
467,1,100,234334,500000.0,49,0.49
468,1,100,234334,500000.0,24,0.24
469,1,100,765666,500000.0,92,0.92
470,1,100,234334,500000.0,83,0.83
471,1,100,765666,500000.0,95,0.95
472,1,100,234334,500000.0,60,0.6
473,1,100,765666,500000.0,67,0.67
474,1,100,765666,500000.0,100,1.0
475,1,100,765666,500000.0,99,0.99
476,1,100,765666,500000.0,99,0.99
477,1,100,765666,500000.0,92,0.92
478,1,100,234334,500000.0,73,0.73
479,1,100,765666,500000.0,83,0.83
480,1,100,765666,500000.0,84,0.84
481,1,100,765666,500000.0,57,0.57
482,1,100,234334,500000.0,84,0.84
483,1,100,234334,500000.0,45,0.45
484,1,100,234334,500000.0,82,0.82
485,1,100,765666,500000.0,97,0.97
486,1,100,234334,500000.0,72,0.72
487,1,100,765666,500000.0,100,1.0
488,1,100,765666,500000.0,100,1.0
489,1,100,765666,500000.0,98,0.98
490,1,100,765666,500000.0,88,0.88
491,1,100,765666,500000.0,70,0.7
492,1,100,234334,500000.0,85,0.85
493,1,100,234334,500000.0,34,0.34
494,1,100,765666,500000.0,94,0.94
495,1,100,765666,500000.0,99,0.99
496,1,100,765666,500000.0,93,0.93
497,1,100,234334,500000.0,33,0.33
498,1,100,765666,500000.0,100,1.0
499,1,100,765666,500000.0,100,1.0
500,1,100,234334,500000.0,64,0.64
501,1,100,765666,500000.0,33,0.33
502,1,100,765666,500000.0,95,0.95
503,1,100,765666,500000.0,96,0.96
504,1,100,765666,500000.0,79,0.79
505,1,100,765666,500000.0,96,0.96
506,1,100,765666,500000.0,99,0.99
507,1,100,765666,500000.0,99,0.99
508,1,100,765666,500000.0,98,0.98
509,1,100,765666,500000.0,91,0.91
510,1,100,765666,500000.0,99,0.99
511,1,100,765666,500000.0,74,0.74
512,1,100,765666,500000.0,76,0.76
513,1,100,765666,500000.0,97,0.97
514,1,100,234334,500000.0,44,0.44
515,1,100,765666,500000.0,96,0.96
516,1,100,234334,500000.0,75,0.75
517,1,100,765666,500000.0,90,0.9
518,1,100,765666,500000.0,100,1.0
519,1,100,765666,500000.0,85,0.85
520,1,100,765666,500000.0,65,0.65
521,1,100,765666,500000.0,98,0.98
522,1,100,234334,500000.0,14,0.14
523,1,100,765666,500000.0,94,0.94
524,1,100,234334,500000.0,13,0.13
525,1,100,765666,500000.0,97,0.97
526,1,100,234334,500000.0,41,0.41
527,1,100,234334,500000.0,32,0.32
528,1,100,765666,500000.0,95,0.95
529,1,100,234334,500000.0,66,0.66
530,1,100,234334,500000.0,80,0.8
531,1,100,765666,500000.0,97,0.97
532,1,100,765666,500000.0,99,0.99
533,1,100,765666,500000.0,82,0.82
534,1,100,234334,500000.0,79,0.79
535,1,100,765666,500000.0,94,0.94
536,1,100,765666,500000.0,88,0.88
537,1,100,765666,500000.0,80,0.8
538,1,100,765666,500000.0,58,0.58
539,1,100,765666,500000.0,92,0.92
540,1,100,234334,500000.0,27,0.27
541,1,100,765666,500000.0,91,0.91
542,1,100,765666,500000.0,87,0.87
543,1,100,765666,500000.0,85,0.85
544,1,100,765666,500000.0,74,0.74
545,1,100,765666,500000.0,91,0.91
546,1,100,765666,500000.0,99,0.99
547,1,100,234334,500000.0,58,0.58
548,1,100,234334,500000.0,16,0.16
549,1,100,765666,500000.0,83,0.83
550,1,100,765666,500000.0,93,0.93
551,1,100,765666,500000.0,95,0.95
552,1,100,765666,500000.0,87,0.87
553,1,100,234334,500000.0,61,0.61
554,1,100,234334,500000.0,47,0.47
555,1,100,765666,500000.0,83,0.83
556,1,100,765666,500000.0,99,0.99
557,1,100,765666,500000.0,96,0.96
558,1,100,765666,500000.0,100,1.0
559,1,100,765666,500000.0,98,0.98
560,1,100,765666,500000.0,58,0.58
561,1,100,234334,500000.0,17,0.17
562,1,100,765666,500000.0,83,0.83
563,1,100,234334,500000.0,31,0.31
564,1,100,234334,500000.0,28,0.28
565,1,100,234334,500000.0,18,0.18
566,1,100,234334,500000.0,83,0.83
567,1,100,234334,500000.0,34,0.34
568,1,100,765666,500000.0,98,0.98
569,1,100,765666,500000.0,95,0.95
570,1,100,765666,500000.0,97,0.97
571,1,100,765666,500000.0,90,0.9
572,1,100,765666,500000.0,93,0.93
573,1,100,234334,500000.0,65,0.65
574,1,100,765666,500000.0,99,0.99
575,1,100,765666,500000.0,100,1.0
576,1,100,234334,500000.0,59,0.59
577,1,100,234334,500000.0,63,0.63
578,1,100,765666,500000.0,60,0.6
579,1,100,234334,500000.0,28,0.28
580,1,100,765666,500000.0,85,0.85
581,1,100,234334,500000.0,68,0.68
582,1,100,765666,500000.0,98,0.98
583,1,100,765666,500000.0,99,0.99
584,1,100,765666,500000.0,90,0.9
585,1,100,765666,500000.0,99,0.99
586,1,100,765666,500000.0,94,0.94
587,1,100,765666,500000.0,91,0.91
588,1,100,234334,500000.0,22,0.22
589,1,100,765666,500000.0,94,0.94
590,1,100,765666,500000.0,93,0.93
591,1,100,765666,500000.0,95,0.95
592,1,100,765666,500000.0,80,0.8
593,1,100,765666,500000.0,90,0.9
594,1,100,765666,500000.0,98,0.98
595,1,100,765666,500000.0,99,0.99
596,1,100,765666,500000.0,84,0.84
597,1,100,234334,500000.0,33,0.33
598,1,100,234334,500000.0,15,0.15
599,1,100,765666,500000.0,99,0.99
600,1,100,765666,500000.0,99,0.99
601,1,100,765666,500000.0,67,0.67
602,1,100,234334,500000.0,27,0.27
603,1,100,765666,500000.0,100,1.0
604,1,100,765666,500000.0,95,0.95
605,1,100,234334,500000.0,24,0.24
606,1,100,234334,500000.0,53,0.53
607,1,100,765666,500000.0,99,0.99
608,1,100,234334,500000.0,83,0.83
609,1,100,234334,500000.0,40,0.4
610,1,100,234334,500000.0,72,0.72
611,1,100,765666,500000.0,98,0.98
612,1,100,234334,500000.0,88,0.88
613,1,100,234334,500000.0,18,0.18
614,1,100,765666,500000.0,77,0.77
615,1,100,765666,500000.0,97,0.97
616,1,100,765666,500000.0,100,1.0
617,1,100,765666,500000.0,70,0.7
618,1,100,765666,500000.0,66,0.66
619,1,100,234334,500000.0,29,0.29
620,1,100,765666,500000.0,100,1.0
621,1,100,765666,500000.0,77,0.77
622,1,100,765666,500000.0,93,0.93
623,1,100,765666,500000.0,98,0.98
624,1,100,765666,500000.0,99,0.99
625,1,100,765666,500000.0,100,1.0
626,1,100,765666,500000.0,99,0.99
627,1,100,765666,500000.0,89,0.89
628,1,100,765666,500000.0,91,0.91
629,1,100,765666,500000.0,99,0.99
630,1,100,765666,500000.0,100,1.0
631,1,100,765666,500000.0,68,0.68
632,1,100,765666,500000.0,86,0.86
633,1,100,765666,500000.0,99,0.99
634,1,100,234334,500000.0,27,0.27
635,1,100,765666,500000.0,85,0.85
636,1,100,765666,500000.0,100,1.0
637,1,100,765666,500000.0,95,0.95
638,1,100,234334,500000.0,15,0.15
639,1,100,765666,500000.0,79,0.79
640,1,100,765666,500000.0,90,0.9
641,1,100,234334,500000.0,32,0.32
642,1,100,234334,500000.0,64,0.64
643,1,100,765666,500000.0,96,0.96
644,1,100,765666,500000.0,99,0.99
645,1,100,765666,500000.0,86,0.86
646,1,100,765666,500000.0,90,0.9
647,1,100,765666,500000.0,90,0.9
648,1,100,765666,500000.0,100,1.0
649,1,100,765666,500000.0,81,0.81
650,1,100,765666,500000.0,94,0.94
651,1,100,765666,500000.0,100,1.0
652,1,100,765666,500000.0,100,1.0
653,1,100,765666,500000.0,89,0.89
654,1,100,765666,500000.0,96,0.96
655,1,100,234334,500000.0,32,0.32
656,1,100,765666,500000.0,72,0.72
657,1,100,234334,500000.0,51,0.51
658,1,100,765666,500000.0,65,0.65
659,1,100,765666,500000.0,91,0.91
660,1,100,234334,500000.0,33,0.33
661,1,100,765666,500000.0,98,0.98
662,1,100,234334,500000.0,28,0.28
663,1,100,765666,500000.0,90,0.9
664,1,100,765666,500000.0,98,0.98
665,1,100,765666,500000.0,98,0.98
666,1,100,234334,500000.0,71,0.71
667,1,100,765666,500000.0,100,1.0
668,1,100,765666,500000.0,96,0.96
669,1,100,765666,500000.0,53,0.53
670,1,100,234334,500000.0,80,0.8
671,1,100,765666,500000.0,93,0.93
672,1,100,765666,500000.0,100,1.0
673,1,100,765666,500000.0,100,1.0
674,1,100,765666,500000.0,72,0.72
675,1,100,765666,500000.0,99,0.99
676,1,100,765666,500000.0,99,0.99
677,1,100,765666,500000.0,97,0.97
678,1,100,765666,500000.0,66,0.66
679,1,100,765666,500000.0,69,0.69
680,1,100,765666,500000.0,99,0.99
681,1,100,765666,500000.0,100,1.0
682,1,100,765666,500000.0,96,0.96
683,1,100,765666,500000.0,94,0.94
684,1,100,765666,500000.0,87,0.87
685,1,100,765666,500000.0,100,1.0
686,1,100,765666,500000.0,100,1.0
687,1,100,765666,500000.0,80,0.8
688,1,100,765666,500000.0,99,0.99
689,1,100,765666,500000.0,82,0.82
690,1,100,765666,500000.0,71,0.71
691,1,100,234334,500000.0,24,0.24
692,1,100,765666,500000.0,85,0.85
693,1,100,765666,500000.0,47,0.47
694,1,100,765666,500000.0,89,0.89
695,1,100,765666,500000.0,82,0.82
696,1,100,765666,500000.0,86,0.86
697,1,100,765666,500000.0,92,0.92
698,1,100,765666,500000.0,95,0.95
699,1,100,765666,500000.0,71,0.71
700,1,100,234334,500000.0,38,0.38
701,1,100,765666,500000.0,97,0.97
702,1,100,765666,500000.0,97,0.97
703,1,100,765666,500000.0,99,0.99
704,1,100,234334,500000.0,25,0.25
705,1,100,765666,500000.0,99,0.99
706,1,100,765666,500000.0,71,0.71
707,1,100,234334,500000.0,83,0.83
708,1,100,765666,500000.0,94,0.94
709,1,100,765666,500000.0,78,0.78
710,1,100,765666,500000.0,100,1.0
711,1,100,234334,500000.0,42,0.42
712,1,100,765666,500000.0,89,0.89
713,1,100,765666,500000.0,99,0.99
714,1,100,234334,500000.0,67,0.67
715,1,100,765666,500000.0,91,0.91
716,1,100,765666,500000.0,54,0.54
717,1,100,765666,500000.0,97,0.97
718,1,100,765666,500000.0,94,0.94
719,1,100,234334,500000.0,88,0.88
720,1,100,234334,500000.0,84,0.84
721,1,100,234334,500000.0,31,0.31
722,1,100,765666,500000.0,99,0.99
723,1,100,765666,500000.0,97,0.97
724,1,100,234334,500000.0,24,0.24
725,1,100,765666,500000.0,98,0.98
726,1,100,765666,500000.0,96,0.96
727,1,100,765666,500000.0,87,0.87
728,1,100,765666,500000.0,100,1.0
729,1,100,765666,500000.0,85,0.85
730,1,100,765666,500000.0,88,0.88
731,1,100,765666,500000.0,99,0.99
732,1,100,765666,500000.0,96,0.96
733,1,100,765666,500000.0,47,0.47
734,1,100,765666,500000.0,81,0.81
735,1,100,234334,500000.0,14,0.14
736,1,100,765666,500000.0,99,0.99
737,1,100,234334,500000.0,36,0.36
738,1,100,234334,500000.0,13,0.13
739,1,100,765666,500000.0,77,0.77
740,1,100,765666,500000.0,57,0.57
741,1,100,765666,500000.0,98,0.98
742,1,100,765666,500000.0,100,1.0
743,1,100,765666,500000.0,92,0.92
744,1,100,765666,500000.0,92,0.92
745,1,100,234334,500000.0,16,0.16
746,1,100,765666,500000.0,98,0.98
747,1,100,765666,500000.0,100,1.0
748,1,100,765666,500000.0,100,1.0
749,1,100,765666,500000.0,91,0.91
750,1,100,765666,500000.0,80,0.8
751,1,100,765666,500000.0,83,0.83
752,1,100,234334,500000.0,68,0.68
753,1,100,765666,500000.0,99,0.99
754,1,100,234334,500000.0,23,0.23
755,1,100,234334,500000.0,56,0.56
756,1,100,765666,500000.0,99,0.99
757,1,100,234334,500000.0,69,0.69
758,1,100,234334,500000.0,59,0.59
759,1,100,765666,500000.0,70,0.7
760,1,100,765666,500000.0,83,0.83
761,1,100,765666,500000.0,90,0.9
762,1,100,765666,500000.0,96,0.96
763,1,100,765666,500000.0,76,0.76
764,1,100,765666,500000.0,92,0.92
765,1,100,765666,500000.0,80,0.8
766,1,100,234334,500000.0,35,0.35
767,1,100,765666,500000.0,87,0.87
768,1,100,234334,500000.0,85,0.85
769,1,100,765666,500000.0,97,0.97
770,1,100,765666,500000.0,100,1.0
771,1,100,234334,500000.0,51,0.51
772,1,100,765666,500000.0,78,0.78
773,1,100,765666,500000.0,61,0.61
774,1,100,765666,500000.0,98,0.98
775,1,100,234334,500000.0,77,0.77
776,1,100,234334,500000.0,82,0.82
777,1,100,765666,500000.0,99,0.99
778,1,100,765666,500000.0,98,0.98
779,1,100,765666,500000.0,82,0.82
780,1,100,234334,500000.0,31,0.31
781,1,100,765666,500000.0,85,0.85
782,1,100,234334,500000.0,91,0.91
783,1,100,234334,500000.0,39,0.39
784,1,100,765666,500000.0,82,0.82
785,1,100,765666,500000.0,100,1.0
786,1,100,765666,500000.0,91,0.91
787,1,100,765666,500000.0,62,0.62
788,1,100,765666,500000.0,100,1.0
789,1,100,765666,500000.0,93,0.93
790,1,100,765666,500000.0,85,0.85
791,1,100,765666,500000.0,94,0.94
792,1,100,765666,500000.0,87,0.87
793,1,100,765666,500000.0,99,0.99
794,1,100,765666,500000.0,73,0.73
795,1,100,234334,500000.0,94,0.94
796,1,100,765666,500000.0,79,0.79
797,1,100,234334,500000.0,39,0.39
798,1,100,765666,500000.0,79,0.79
799,1,100,765666,500000.0,96,0.96
800,1,100,234334,500000.0,64,0.64
801,1,100,765666,500000.0,96,0.96
802,1,100,765666,500000.0,72,0.72
803,1,100,234334,500000.0,46,0.46
804,1,100,765666,500000.0,89,0.89
805,1,100,765666,500000.0,95,0.95
806,1,100,765666,500000.0,99,0.99
807,1,100,234334,500000.0,46,0.46
808,1,100,765666,500000.0,99,0.99
809,1,100,765666,500000.0,98,0.98
810,1,100,765666,500000.0,100,1.0
811,1,100,765666,500000.0,99,0.99
812,1,100,765666,500000.0,100,1.0
813,1,100,765666,500000.0,92,0.92
814,1,100,765666,500000.0,99,0.99
815,1,100,234334,500000.0,12,0.12
816,1,100,765666,500000.0,100,1.0
817,1,100,765666,500000.0,90,0.9
818,1,100,234334,500000.0,22,0.22
819,1,100,765666,500000.0,99,0.99
820,1,100,765666,500000.0,93,0.93
821,1,100,765666,500000.0,74,0.74
822,1,100,765666,500000.0,99,0.99
823,1,100,234334,500000.0,44,0.44
824,1,100,765666,500000.0,100,1.0
825,1,100,765666,500000.0,93,0.93
826,1,100,765666,500000.0,72,0.72
827,1,100,765666,500000.0,100,1.0
828,1,100,765666,500000.0,97,0.97
829,1,100,234334,500000.0,90,0.9
830,1,100,765666,500000.0,100,1.0
831,1,100,765666,500000.0,92,0.92
832,1,100,234334,500000.0,84,0.84
833,1,100,765666,500000.0,99,0.99
834,1,100,765666,500000.0,100,1.0
835,1,100,765666,500000.0,95,0.95
836,1,100,765666,500000.0,98,0.98
837,1,100,765666,500000.0,96,0.96
838,1,100,765666,500000.0,100,1.0
839,1,100,765666,500000.0,100,1.0
840,1,100,765666,500000.0,95,0.95
841,1,100,765666,500000.0,92,0.92
842,1,100,765666,500000.0,100,1.0
843,1,100,765666,500000.0,97,0.97
844,1,100,765666,500000.0,98,0.98
845,1,100,765666,500000.0,91,0.91
846,1,100,765666,500000.0,91,0.91
847,1,100,765666,500000.0,80,0.8
848,1,100,765666,500000.0,96,0.96
849,1,100,765666,500000.0,80,0.8
850,1,100,234334,500000.0,40,0.4
851,1,100,765666,500000.0,100,1.0
852,1,100,765666,500000.0,73,0.73
853,1,100,765666,500000.0,85,0.85
854,1,100,765666,500000.0,49,0.49
855,1,100,765666,500000.0,87,0.87
856,1,100,765666,500000.0,100,1.0
857,1,100,765666,500000.0,52,0.52
858,1,100,765666,500000.0,100,1.0
859,1,100,234334,500000.0,46,0.46
860,1,100,234334,500000.0,69,0.69
861,1,100,765666,500000.0,85,0.85
862,1,100,765666,500000.0,100,1.0
863,1,100,234334,500000.0,43,0.43
864,1,100,765666,500000.0,100,1.0
865,1,100,765666,500000.0,99,0.99
866,1,100,765666,500000.0,96,0.96
867,1,100,234334,500000.0,67,0.67
868,1,100,765666,500000.0,96,0.96
869,1,100,765666,500000.0,97,0.97
870,1,100,765666,500000.0,100,1.0
871,1,100,765666,500000.0,86,0.86
872,1,100,765666,500000.0,82,0.82
873,1,100,765666,500000.0,95,0.95
874,1,100,765666,500000.0,91,0.91
875,1,100,234334,500000.0,35,0.35
876,1,100,765666,500000.0,74,0.74
877,1,100,234334,500000.0,64,0.64
878,1,100,765666,500000.0,99,0.99
879,1,100,234334,500000.0,22,0.22
880,1,100,765666,500000.0,50,0.5
881,1,100,765666,500000.0,55,0.55
882,1,100,234334,500000.0,42,0.42
883,1,100,765666,500000.0,99,0.99
884,1,100,765666,500000.0,76,0.76
885,1,100,765666,500000.0,77,0.77
886,1,100,765666,500000.0,97,0.97
887,1,100,234334,500000.0,34,0.34
888,1,100,765666,500000.0,100,1.0
889,1,100,765666,500000.0,95,0.95
890,1,100,765666,500000.0,92,0.92
891,1,100,765666,500000.0,87,0.87
892,1,100,234334,500000.0,80,0.8
893,1,100,765666,500000.0,100,1.0
894,1,100,765666,500000.0,100,1.0
895,1,100,765666,500000.0,92,0.92
896,1,100,765666,500000.0,65,0.65
897,1,100,765666,500000.0,84,0.84
898,1,100,765666,500000.0,99,0.99
899,1,100,765666,500000.0,94,0.94
900,1,100,234334,500000.0,30,0.3
901,1,100,765666,500000.0,97,0.97
902,1,100,765666,500000.0,76,0.76
903,1,100,765666,500000.0,97,0.97
904,1,100,765666,500000.0,98,0.98
905,1,100,765666,500000.0,79,0.79
906,1,100,765666,500000.0,91,0.91
907,1,100,234334,500000.0,66,0.66
908,1,100,765666,500000.0,95,0.95
909,1,100,765666,500000.0,95,0.95
910,1,100,765666,500000.0,76,0.76
911,1,100,765666,500000.0,86,0.86
912,1,100,765666,500000.0,100,1.0
913,1,100,234334,500000.0,85,0.85
914,1,100,765666,500000.0,91,0.91
915,1,100,765666,500000.0,99,0.99
916,1,100,765666,500000.0,96,0.96
917,1,100,765666,500000.0,81,0.81
918,1,100,234334,500000.0,36,0.36
919,1,100,234334,500000.0,47,0.47
920,1,100,765666,500000.0,85,0.85
921,1,100,765666,500000.0,98,0.98
922,1,100,234334,500000.0,63,0.63
923,1,100,234334,500000.0,60,0.6
924,1,100,765666,500000.0,82,0.82
925,1,100,765666,500000.0,68,0.68
926,1,100,765666,500000.0,95,0.95
927,1,100,765666,500000.0,78,0.78
928,1,100,765666,500000.0,100,1.0
929,1,100,765666,500000.0,90,0.9
930,1,100,765666,500000.0,100,1.0
931,1,100,765666,500000.0,57,0.57
932,1,100,765666,500000.0,91,0.91
933,1,100,765666,500000.0,81,0.81
934,1,100,234334,500000.0,35,0.35
935,1,100,234334,500000.0,64,0.64
936,1,100,234334,500000.0,12,0.12
937,1,100,765666,500000.0,73,0.73
938,1,100,765666,500000.0,66,0.66
939,1,100,234334,500000.0,21,0.21
940,1,100,765666,500000.0,83,0.83
941,1,100,765666,500000.0,66,0.66
942,1,100,765666,500000.0,100,1.0
943,1,100,765666,500000.0,96,0.96
944,1,100,765666,500000.0,98,0.98
945,1,100,234334,500000.0,63,0.63
946,1,100,765666,500000.0,99,0.99
947,1,100,765666,500000.0,90,0.9
948,1,100,234334,500000.0,15,0.15
949,1,100,234334,500000.0,23,0.23
950,1,100,765666,500000.0,89,0.89
951,1,100,765666,500000.0,71,0.71
952,1,100,765666,500000.0,99,0.99
953,1,100,765666,500000.0,83,0.83
954,1,100,765666,500000.0,80,0.8
955,1,100,765666,500000.0,100,1.0
956,1,100,765666,500000.0,100,1.0
957,1,100,234334,500000.0,22,0.22
958,1,100,765666,500000.0,98,0.98
959,1,100,234334,500000.0,63,0.63
960,1,100,234334,500000.0,43,0.43
961,1,100,765666,500000.0,96,0.96
962,1,100,765666,500000.0,94,0.94
963,1,100,765666,500000.0,93,0.93
964,1,100,765666,500000.0,98,0.98
965,1,100,765666,500000.0,100,1.0
966,1,100,234334,500000.0,77,0.77
967,1,100,765666,500000.0,87,0.87
968,1,100,234334,500000.0,20,0.2
969,1,100,234334,500000.0,41,0.41
970,1,100,765666,500000.0,96,0.96
971,1,100,765666,500000.0,76,0.76
972,1,100,765666,500000.0,98,0.98
973,1,100,765666,500000.0,80,0.8
974,1,100,765666,500000.0,89,0.89
975,1,100,765666,500000.0,66,0.66
976,1,100,765666,500000.0,55,0.55
977,1,100,765666,500000.0,85,0.85
978,1,100,765666,500000.0,99,0.99
979,1,100,765666,500000.0,84,0.84
980,1,100,234334,500000.0,51,0.51
981,1,100,765666,500000.0,96,0.96
982,1,100,765666,500000.0,78,0.78
983,1,100,765666,500000.0,83,0.83
984,1,100,234334,500000.0,51,0.51
985,1,100,765666,500000.0,87,0.87
986,1,100,765666,500000.0,97,0.97
987,1,100,234334,500000.0,81,0.81
988,1,100,765666,500000.0,97,0.97
989,1,100,765666,500000.0,65,0.65
990,1,100,765666,500000.0,68,0.68
991,1,100,765666,500000.0,91,0.91
992,1,100,765666,500000.0,74,0.74
993,1,100,765666,500000.0,79,0.79
994,1,100,765666,500000.0,96,0.96
995,1,100,765666,500000.0,100,1.0
996,1,100,765666,500000.0,100,1.0
997,1,100,234334,500000.0,33,0.33
998,1,100,765666,500000.0,65,0.65
999,1,100,765666,500000.0,93,0.93
0,2,1,210658,250000.0,0,0.0
1,2,1,58650,250000.0,1,1.0
2,2,1,707016,250000.0,1,1.0
3,2,1,23676,250000.0,1,1.0
4,2,1,707016,250000.0,1,1.0
5,2,1,707016,250000.0,1,1.0
6,2,1,707016,250000.0,1,1.0
7,2,1,210658,250000.0,0,0.0
8,2,1,707016,250000.0,1,1.0
9,2,1,58650,250000.0,0,0.0
10,2,1,210658,250000.0,1,1.0
11,2,1,23676,250000.0,0,0.0
12,2,1,707016,250000.0,1,1.0
13,2,1,58650,250000.0,1,1.0
14,2,1,707016,250000.0,1,1.0
15,2,1,210658,250000.0,1,1.0
16,2,1,707016,250000.0,1,1.0
17,2,1,707016,250000.0,1,1.0
18,2,1,707016,250000.0,1,1.0
19,2,1,210658,250000.0,0,0.0
20,2,1,707016,250000.0,1,1.0
21,2,1,707016,250000.0,1,1.0
22,2,1,58650,250000.0,0,0.0
23,2,1,707016,250000.0,0,0.0
24,2,1,58650,250000.0,1,1.0
25,2,1,707016,250000.0,0,0.0
26,2,1,707016,250000.0,1,1.0
27,2,1,707016,250000.0,1,1.0
28,2,1,210658,250000.0,0,0.0
29,2,1,707016,250000.0,1,1.0
30,2,1,210658,250000.0,0,0.0
31,2,1,707016,250000.0,1,1.0
32,2,1,58650,250000.0,0,0.0
33,2,1,707016,250000.0,1,1.0
34,2,1,707016,250000.0,1,1.0
35,2,1,707016,250000.0,1,1.0
36,2,1,210658,250000.0,0,0.0
37,2,1,707016,250000.0,0,0.0
38,2,1,707016,250000.0,1,1.0
39,2,1,707016,250000.0,1,1.0
40,2,1,707016,250000.0,1,1.0
41,2,1,707016,250000.0,1,1.0
42,2,1,707016,250000.0,1,1.0
43,2,1,707016,250000.0,1,1.0
44,2,1,58650,250000.0,1,1.0
45,2,1,707016,250000.0,1,1.0
46,2,1,210658,250000.0,1,1.0
47,2,1,707016,250000.0,1,1.0
48,2,1,707016,250000.0,1,1.0
49,2,1,707016,250000.0,1,1.0
50,2,1,707016,250000.0,1,1.0
51,2,1,707016,250000.0,1,1.0
52,2,1,707016,250000.0,1,1.0
53,2,1,707016,250000.0,1,1.0
54,2,1,707016,250000.0,1,1.0
55,2,1,58650,250000.0,0,0.0
56,2,1,707016,250000.0,1,1.0
57,2,1,23676,250000.0,0,0.0
58,2,1,707016,250000.0,1,1.0
59,2,1,707016,250000.0,1,1.0
60,2,1,707016,250000.0,1,1.0
61,2,1,707016,250000.0,1,1.0
62,2,1,707016,250000.0,1,1.0
63,2,1,707016,250000.0,1,1.0
64,2,1,707016,250000.0,1,1.0
65,2,1,707016,250000.0,1,1.0
66,2,1,210658,250000.0,1,1.0
67,2,1,210658,250000.0,1,1.0
68,2,1,210658,250000.0,0,0.0
69,2,1,707016,250000.0,0,0.0
70,2,1,58650,250000.0,1,1.0
71,2,1,707016,250000.0,1,1.0
72,2,1,707016,250000.0,0,0.0
73,2,1,707016,250000.0,1,1.0
74,2,1,707016,250000.0,1,1.0
75,2,1,707016,250000.0,1,1.0
76,2,1,707016,250000.0,1,1.0
77,2,1,23676,250000.0,1,1.0
78,2,1,707016,250000.0,1,1.0
79,2,1,707016,250000.0,1,1.0
80,2,1,210658,250000.0,1,1.0
81,2,1,707016,250000.0,1,1.0
82,2,1,707016,250000.0,0,0.0
83,2,1,210658,250000.0,0,0.0
84,2,1,707016,250000.0,1,1.0
85,2,1,707016,250000.0,0,0.0
86,2,1,707016,250000.0,1,1.0
87,2,1,707016,250000.0,1,1.0
88,2,1,23676,250000.0,0,0.0
89,2,1,707016,250000.0,1,1.0
90,2,1,707016,250000.0,1,1.0
91,2,1,707016,250000.0,0,0.0
92,2,1,707016,250000.0,0,0.0
93,2,1,707016,250000.0,1,1.0
94,2,1,707016,250000.0,1,1.0
95,2,1,210658,250000.0,0,0.0
96,2,1,210658,250000.0,0,0.0
97,2,1,210658,250000.0,1,1.0
98,2,1,210658,250000.0,1,1.0
99,2,1,58650,250000.0,1,1.0
100,2,1,707016,250000.0,1,1.0
101,2,1,210658,250000.0,1,1.0
102,2,1,210658,250000.0,1,1.0
103,2,1,707016,250000.0,1,1.0
104,2,1,707016,250000.0,1,1.0
105,2,1,58650,250000.0,1,1.0
106,2,1,707016,250000.0,1,1.0
107,2,1,707016,250000.0,1,1.0
108,2,1,58650,250000.0,1,1.0
109,2,1,707016,250000.0,0,0.0
110,2,1,707016,250000.0,0,0.0
111,2,1,707016,250000.0,1,1.0
112,2,1,210658,250000.0,1,1.0
113,2,1,707016,250000.0,1,1.0
114,2,1,58650,250000.0,1,1.0
115,2,1,707016,250000.0,1,1.0
116,2,1,707016,250000.0,1,1.0
117,2,1,707016,250000.0,1,1.0
118,2,1,707016,250000.0,1,1.0
119,2,1,23676,250000.0,1,1.0
120,2,1,210658,250000.0,1,1.0
121,2,1,707016,250000.0,1,1.0
122,2,1,707016,250000.0,1,1.0
123,2,1,210658,250000.0,1,1.0
124,2,1,707016,250000.0,1,1.0
125,2,1,707016,250000.0,1,1.0
126,2,1,23676,250000.0,0,0.0
127,2,1,707016,250000.0,0,0.0
128,2,1,707016,250000.0,0,0.0
129,2,1,210658,250000.0,0,0.0
130,2,1,210658,250000.0,0,0.0
131,2,1,707016,250000.0,1,1.0
132,2,1,707016,250000.0,1,1.0
133,2,1,23676,250000.0,0,0.0
134,2,1,23676,250000.0,1,1.0
135,2,1,210658,250000.0,0,0.0
136,2,1,707016,250000.0,1,1.0
137,2,1,58650,250000.0,1,1.0
138,2,1,707016,250000.0,1,1.0
139,2,1,707016,250000.0,0,0.0
140,2,1,707016,250000.0,1,1.0
141,2,1,707016,250000.0,1,1.0
142,2,1,707016,250000.0,1,1.0
143,2,1,707016,250000.0,1,1.0
144,2,1,707016,250000.0,1,1.0
145,2,1,707016,250000.0,0,0.0
146,2,1,707016,250000.0,1,1.0
147,2,1,210658,250000.0,1,1.0
148,2,1,707016,250000.0,1,1.0
149,2,1,210658,250000.0,0,0.0
150,2,1,707016,250000.0,1,1.0
151,2,1,707016,250000.0,1,1.0
152,2,1,707016,250000.0,0,0.0
153,2,1,707016,250000.0,1,1.0
154,2,1,707016,250000.0,0,0.0
155,2,1,707016,250000.0,1,1.0
156,2,1,707016,250000.0,1,1.0
157,2,1,707016,250000.0,1,1.0
158,2,1,707016,250000.0,1,1.0
159,2,1,58650,250000.0,1,1.0
160,2,1,23676,250000.0,0,0.0
161,2,1,707016,250000.0,1,1.0
162,2,1,707016,250000.0,1,1.0
163,2,1,707016,250000.0,1,1.0
164,2,1,23676,250000.0,0,0.0
165,2,1,707016,250000.0,1,1.0
166,2,1,58650,250000.0,0,0.0
167,2,1,707016,250000.0,1,1.0
168,2,1,210658,250000.0,0,0.0
169,2,1,58650,250000.0,1,1.0
170,2,1,58650,250000.0,0,0.0
171,2,1,707016,250000.0,1,1.0
172,2,1,707016,250000.0,1,1.0
173,2,1,707016,250000.0,1,1.0
174,2,1,210658,250000.0,0,0.0
175,2,1,707016,250000.0,1,1.0
176,2,1,707016,250000.0,1,1.0
177,2,1,707016,250000.0,1,1.0
178,2,1,707016,250000.0,1,1.0
179,2,1,707016,250000.0,1,1.0
180,2,1,707016,250000.0,1,1.0
181,2,1,210658,250000.0,0,0.0
182,2,1,210658,250000.0,0,0.0
183,2,1,210658,250000.0,0,0.0
184,2,1,707016,250000.0,1,1.0
185,2,1,707016,250000.0,1,1.0
186,2,1,707016,250000.0,0,0.0
187,2,1,707016,250000.0,1,1.0
188,2,1,707016,250000.0,1,1.0
189,2,1,707016,250000.0,1,1.0
190,2,1,210658,250000.0,0,0.0
191,2,1,58650,250000.0,0,0.0
192,2,1,707016,250000.0,1,1.0
193,2,1,707016,250000.0,0,0.0
194,2,1,707016,250000.0,0,0.0
195,2,1,707016,250000.0,1,1.0
196,2,1,707016,250000.0,1,1.0
197,2,1,707016,250000.0,1,1.0
198,2,1,707016,250000.0,1,1.0
199,2,1,707016,250000.0,1,1.0
200,2,1,210658,250000.0,0,0.0
201,2,1,707016,250000.0,0,0.0
202,2,1,707016,250000.0,1,1.0
203,2,1,707016,250000.0,1,1.0
204,2,1,707016,250000.0,1,1.0
205,2,1,58650,250000.0,0,0.0
206,2,1,707016,250000.0,1,1.0
207,2,1,707016,250000.0,1,1.0
208,2,1,210658,250000.0,1,1.0
209,2,1,210658,250000.0,0,0.0
210,2,1,58650,250000.0,1,1.0
211,2,1,707016,250000.0,0,0.0
212,2,1,707016,250000.0,0,0.0
213,2,1,707016,250000.0,0,0.0
214,2,1,707016,250000.0,1,1.0
215,2,1,210658,250000.0,1,1.0
216,2,1,707016,250000.0,1,1.0
217,2,1,707016,250000.0,1,1.0
218,2,1,707016,250000.0,1,1.0
219,2,1,707016,250000.0,1,1.0
220,2,1,707016,250000.0,1,1.0
221,2,1,707016,250000.0,1,1.0
222,2,1,707016,250000.0,1,1.0
223,2,1,707016,250000.0,1,1.0
224,2,1,707016,250000.0,1,1.0
225,2,1,23676,250000.0,0,0.0
226,2,1,707016,250000.0,1,1.0
227,2,1,707016,250000.0,1,1.0
228,2,1,707016,250000.0,1,1.0
229,2,1,707016,250000.0,1,1.0
230,2,1,210658,250000.0,0,0.0
231,2,1,707016,250000.0,1,1.0
232,2,1,58650,250000.0,0,0.0
233,2,1,210658,250000.0,0,0.0
234,2,1,707016,250000.0,1,1.0
235,2,1,707016,250000.0,1,1.0
236,2,1,707016,250000.0,1,1.0
237,2,1,210658,250000.0,0,0.0
238,2,1,210658,250000.0,1,1.0
239,2,1,707016,250000.0,0,0.0
240,2,1,707016,250000.0,1,1.0
241,2,1,707016,250000.0,1,1.0
242,2,1,707016,250000.0,1,1.0
243,2,1,707016,250000.0,1,1.0
244,2,1,707016,250000.0,0,0.0
245,2,1,707016,250000.0,1,1.0
246,2,1,210658,250000.0,1,1.0
247,2,1,707016,250000.0,1,1.0
248,2,1,58650,250000.0,0,0.0
249,2,1,707016,250000.0,0,0.0
250,2,1,707016,250000.0,1,1.0
251,2,1,707016,250000.0,1,1.0
252,2,1,707016,250000.0,1,1.0
253,2,1,210658,250000.0,0,0.0
254,2,1,58650,250000.0,0,0.0
255,2,1,210658,250000.0,0,0.0
256,2,1,210658,250000.0,1,1.0
257,2,1,707016,250000.0,0,0.0
258,2,1,707016,250000.0,1,1.0
259,2,1,707016,250000.0,0,0.0
260,2,1,210658,250000.0,1,1.0
261,2,1,707016,250000.0,1,1.0
262,2,1,210658,250000.0,1,1.0
263,2,1,23676,250000.0,1,1.0
264,2,1,707016,250000.0,1,1.0
265,2,1,210658,250000.0,1,1.0
266,2,1,210658,250000.0,1,1.0
267,2,1,707016,250000.0,1,1.0
268,2,1,210658,250000.0,1,1.0
269,2,1,707016,250000.0,1,1.0
270,2,1,707016,250000.0,0,0.0
271,2,1,707016,250000.0,1,1.0
272,2,1,707016,250000.0,1,1.0
273,2,1,210658,250000.0,0,0.0
274,2,1,210658,250000.0,0,0.0
275,2,1,707016,250000.0,1,1.0
276,2,1,707016,250000.0,1,1.0
277,2,1,210658,250000.0,0,0.0
278,2,1,707016,250000.0,1,1.0
279,2,1,707016,250000.0,1,1.0
280,2,1,707016,250000.0,1,1.0
281,2,1,707016,250000.0,1,1.0
282,2,1,707016,250000.0,1,1.0
283,2,1,707016,250000.0,1,1.0
284,2,1,707016,250000.0,0,0.0
285,2,1,210658,250000.0,0,0.0
286,2,1,58650,250000.0,1,1.0
287,2,1,210658,250000.0,1,1.0
288,2,1,707016,250000.0,1,1.0
289,2,1,707016,250000.0,1,1.0
290,2,1,707016,250000.0,1,1.0
291,2,1,210658,250000.0,1,1.0
292,2,1,210658,250000.0,0,0.0
293,2,1,23676,250000.0,0,0.0
294,2,1,707016,250000.0,1,1.0
295,2,1,707016,250000.0,1,1.0
296,2,1,707016,250000.0,1,1.0
297,2,1,58650,250000.0,0,0.0
298,2,1,707016,250000.0,0,0.0
299,2,1,707016,250000.0,1,1.0
300,2,1,210658,250000.0,0,0.0
301,2,1,210658,250000.0,1,1.0
302,2,1,58650,250000.0,0,0.0
303,2,1,210658,250000.0,0,0.0
304,2,1,58650,250000.0,0,0.0
305,2,1,707016,250000.0,1,1.0
306,2,1,707016,250000.0,1,1.0
307,2,1,210658,250000.0,0,0.0
308,2,1,707016,250000.0,1,1.0
309,2,1,707016,250000.0,1,1.0
310,2,1,210658,250000.0,0,0.0
311,2,1,23676,250000.0,1,1.0
312,2,1,707016,250000.0,1,1.0
313,2,1,707016,250000.0,1,1.0
314,2,1,58650,250000.0,0,0.0
315,2,1,707016,250000.0,1,1.0
316,2,1,707016,250000.0,1,1.0
317,2,1,707016,250000.0,1,1.0
318,2,1,707016,250000.0,1,1.0
319,2,1,58650,250000.0,0,0.0
320,2,1,58650,250000.0,0,0.0
321,2,1,210658,250000.0,0,0.0
322,2,1,210658,250000.0,1,1.0
323,2,1,707016,250000.0,1,1.0
324,2,1,707016,250000.0,0,0.0
325,2,1,210658,250000.0,0,0.0
326,2,1,707016,250000.0,1,1.0
327,2,1,210658,250000.0,1,1.0
328,2,1,707016,250000.0,1,1.0
329,2,1,58650,250000.0,1,1.0
330,2,1,707016,250000.0,1,1.0
331,2,1,210658,250000.0,1,1.0
332,2,1,707016,250000.0,1,1.0
333,2,1,707016,250000.0,1,1.0
334,2,1,707016,250000.0,0,0.0
335,2,1,707016,250000.0,1,1.0
336,2,1,210658,250000.0,0,0.0
337,2,1,210658,250000.0,1,1.0
338,2,1,210658,250000.0,1,1.0
339,2,1,707016,250000.0,1,1.0
340,2,1,707016,250000.0,1,1.0
341,2,1,707016,250000.0,1,1.0
342,2,1,210658,250000.0,1,1.0
343,2,1,707016,250000.0,1,1.0
344,2,1,707016,250000.0,0,0.0
345,2,1,707016,250000.0,1,1.0
346,2,1,707016,250000.0,1,1.0
347,2,1,707016,250000.0,1,1.0
348,2,1,707016,250000.0,0,0.0
349,2,1,707016,250000.0,1,1.0
350,2,1,23676,250000.0,0,0.0
351,2,1,58650,250000.0,1,1.0
352,2,1,210658,250000.0,0,0.0
353,2,1,210658,250000.0,0,0.0
354,2,1,707016,250000.0,1,1.0
355,2,1,707016,250000.0,1,1.0
356,2,1,707016,250000.0,1,1.0
357,2,1,210658,250000.0,0,0.0
358,2,1,58650,250000.0,1,1.0
359,2,1,707016,250000.0,1,1.0
360,2,1,210658,250000.0,1,1.0
361,2,1,707016,250000.0,1,1.0
362,2,1,58650,250000.0,0,0.0
363,2,1,707016,250000.0,1,1.0
364,2,1,707016,250000.0,1,1.0
365,2,1,58650,250000.0,0,0.0
366,2,1,707016,250000.0,1,1.0
367,2,1,707016,250000.0,1,1.0
368,2,1,58650,250000.0,0,0.0
369,2,1,58650,250000.0,1,1.0
370,2,1,58650,250000.0,1,1.0
371,2,1,23676,250000.0,1,1.0
372,2,1,210658,250000.0,1,1.0
373,2,1,58650,250000.0,0,0.0
374,2,1,707016,250000.0,1,1.0
375,2,1,707016,250000.0,1,1.0
376,2,1,707016,250000.0,1,1.0
377,2,1,707016,250000.0,1,1.0
378,2,1,210658,250000.0,0,0.0
379,2,1,707016,250000.0,1,1.0
380,2,1,210658,250000.0,1,1.0
381,2,1,210658,250000.0,0,0.0
382,2,1,707016,250000.0,1,1.0
383,2,1,707016,250000.0,0,0.0
384,2,1,210658,250000.0,0,0.0
385,2,1,707016,250000.0,1,1.0
386,2,1,707016,250000.0,1,1.0
387,2,1,707016,250000.0,1,1.0
388,2,1,23676,250000.0,0,0.0
389,2,1,707016,250000.0,1,1.0
390,2,1,707016,250000.0,1,1.0
391,2,1,707016,250000.0,1,1.0
392,2,1,210658,250000.0,1,1.0
393,2,1,707016,250000.0,1,1.0
394,2,1,707016,250000.0,1,1.0
395,2,1,707016,250000.0,1,1.0
396,2,1,58650,250000.0,1,1.0
397,2,1,707016,250000.0,1,1.0
398,2,1,707016,250000.0,1,1.0
399,2,1,210658,250000.0,1,1.0
400,2,1,58650,250000.0,0,0.0
401,2,1,707016,250000.0,0,0.0
402,2,1,707016,250000.0,1,1.0
403,2,1,707016,250000.0,1,1.0
404,2,1,210658,250000.0,1,1.0
405,2,1,707016,250000.0,1,1.0
406,2,1,707016,250000.0,1,1.0
407,2,1,707016,250000.0,1,1.0
408,2,1,707016,250000.0,1,1.0
409,2,1,707016,250000.0,1,1.0
410,2,1,707016,250000.0,0,0.0
411,2,1,23676,250000.0,0,0.0
412,2,1,23676,250000.0,0,0.0
413,2,1,210658,250000.0,1,1.0
414,2,1,707016,250000.0,1,1.0
415,2,1,707016,250000.0,1,1.0
416,2,1,707016,250000.0,1,1.0
417,2,1,210658,250000.0,1,1.0
418,2,1,210658,250000.0,0,0.0
419,2,1,707016,250000.0,1,1.0
420,2,1,58650,250000.0,0,0.0
421,2,1,210658,250000.0,0,0.0
422,2,1,707016,250000.0,1,1.0
423,2,1,707016,250000.0,0,0.0
424,2,1,210658,250000.0,1,1.0
425,2,1,707016,250000.0,1,1.0
426,2,1,707016,250000.0,1,1.0
427,2,1,707016,250000.0,0,0.0
428,2,1,210658,250000.0,1,1.0
429,2,1,707016,250000.0,1,1.0
430,2,1,707016,250000.0,1,1.0
431,2,1,707016,250000.0,1,1.0
432,2,1,707016,250000.0,1,1.0
433,2,1,23676,250000.0,0,0.0
434,2,1,707016,250000.0,1,1.0
435,2,1,707016,250000.0,1,1.0
436,2,1,23676,250000.0,0,0.0
437,2,1,58650,250000.0,0,0.0
438,2,1,707016,250000.0,0,0.0
439,2,1,707016,250000.0,1,1.0
440,2,1,707016,250000.0,0,0.0
441,2,1,707016,250000.0,1,1.0
442,2,1,707016,250000.0,1,1.0
443,2,1,58650,250000.0,0,0.0
444,2,1,210658,250000.0,1,1.0
445,2,1,707016,250000.0,1,1.0
446,2,1,707016,250000.0,1,1.0
447,2,1,707016,250000.0,1,1.0
448,2,1,210658,250000.0,1,1.0
449,2,1,707016,250000.0,1,1.0
450,2,1,707016,250000.0,1,1.0
451,2,1,210658,250000.0,1,1.0
452,2,1,707016,250000.0,0,0.0
453,2,1,210658,250000.0,0,0.0
454,2,1,707016,250000.0,1,1.0
455,2,1,23676,250000.0,1,1.0
456,2,1,707016,250000.0,1,1.0
457,2,1,707016,250000.0,1,1.0
458,2,1,58650,250000.0,0,0.0
459,2,1,707016,250000.0,1,1.0
460,2,1,210658,250000.0,1,1.0
461,2,1,58650,250000.0,0,0.0
462,2,1,210658,250000.0,1,1.0
463,2,1,707016,250000.0,1,1.0
464,2,1,707016,250000.0,1,1.0
465,2,1,707016,250000.0,1,1.0
466,2,1,707016,250000.0,1,1.0
467,2,1,210658,250000.0,0,0.0
468,2,1,210658,250000.0,0,0.0
469,2,1,707016,250000.0,1,1.0
470,2,1,210658,250000.0,0,0.0
471,2,1,707016,250000.0,0,0.0
472,2,1,210658,250000.0,0,0.0
473,2,1,58650,250000.0,1,1.0
474,2,1,707016,250000.0,1,1.0
475,2,1,707016,250000.0,1,1.0
476,2,1,707016,250000.0,1,1.0
477,2,1,58650,250000.0,1,1.0
478,2,1,210658,250000.0,1,1.0
479,2,1,707016,250000.0,1,1.0
480,2,1,707016,250000.0,1,1.0
481,2,1,58650,250000.0,0,0.0
482,2,1,210658,250000.0,1,1.0
483,2,1,23676,250000.0,0,0.0
484,2,1,23676,250000.0,0,0.0
485,2,1,58650,250000.0,0,0.0
486,2,1,210658,250000.0,1,1.0
487,2,1,707016,250000.0,1,1.0
488,2,1,707016,250000.0,1,1.0
489,2,1,707016,250000.0,1,1.0
490,2,1,58650,250000.0,0,0.0
491,2,1,707016,250000.0,1,1.0
492,2,1,23676,250000.0,0,0.0
493,2,1,210658,250000.0,0,0.0
494,2,1,58650,250000.0,1,1.0
495,2,1,707016,250000.0,1,1.0
496,2,1,707016,250000.0,1,1.0
497,2,1,210658,250000.0,0,0.0
498,2,1,707016,250000.0,1,1.0
499,2,1,707016,250000.0,1,1.0
500,2,1,210658,250000.0,1,1.0
501,2,1,58650,250000.0,1,1.0
502,2,1,707016,250000.0,1,1.0
503,2,1,707016,250000.0,1,1.0
504,2,1,707016,250000.0,1,1.0
505,2,1,58650,250000.0,0,0.0
506,2,1,707016,250000.0,1,1.0
507,2,1,707016,250000.0,1,1.0
508,2,1,707016,250000.0,1,1.0
509,2,1,58650,250000.0,0,0.0
510,2,1,707016,250000.0,1,1.0
511,2,1,707016,250000.0,1,1.0
512,2,1,707016,250000.0,1,1.0
513,2,1,707016,250000.0,1,1.0
514,2,1,210658,250000.0,1,1.0
515,2,1,707016,250000.0,1,1.0
516,2,1,23676,250000.0,1,1.0
517,2,1,707016,250000.0,1,1.0
518,2,1,707016,250000.0,1,1.0
519,2,1,58650,250000.0,1,1.0
520,2,1,707016,250000.0,1,1.0
521,2,1,707016,250000.0,1,1.0
522,2,1,23676,250000.0,0,0.0
523,2,1,707016,250000.0,1,1.0
524,2,1,210658,250000.0,0,0.0
525,2,1,707016,250000.0,1,1.0
526,2,1,210658,250000.0,0,0.0
527,2,1,23676,250000.0,0,0.0
528,2,1,707016,250000.0,1,1.0
529,2,1,210658,250000.0,1,1.0
530,2,1,210658,250000.0,1,1.0
531,2,1,707016,250000.0,1,1.0
532,2,1,707016,250000.0,1,1.0
533,2,1,58650,250000.0,0,0.0
534,2,1,210658,250000.0,1,1.0
535,2,1,707016,250000.0,1,1.0
536,2,1,58650,250000.0,1,1.0
537,2,1,707016,250000.0,0,0.0
538,2,1,707016,250000.0,1,1.0
539,2,1,58650,250000.0,1,1.0
540,2,1,210658,250000.0,0,0.0
541,2,1,707016,250000.0,1,1.0
542,2,1,707016,250000.0,1,1.0
543,2,1,58650,250000.0,0,0.0
544,2,1,707016,250000.0,0,0.0
545,2,1,707016,250000.0,0,0.0
546,2,1,707016,250000.0,1,1.0
547,2,1,210658,250000.0,1,1.0
548,2,1,23676,250000.0,0,0.0
549,2,1,58650,250000.0,1,1.0
550,2,1,707016,250000.0,1,1.0
551,2,1,707016,250000.0,1,1.0
552,2,1,58650,250000.0,0,0.0
553,2,1,210658,250000.0,1,1.0
554,2,1,210658,250000.0,1,1.0
555,2,1,707016,250000.0,1,1.0
556,2,1,707016,250000.0,1,1.0
557,2,1,707016,250000.0,1,1.0
558,2,1,707016,250000.0,1,1.0
559,2,1,707016,250000.0,1,1.0
560,2,1,707016,250000.0,1,1.0
561,2,1,210658,250000.0,0,0.0
562,2,1,707016,250000.0,1,1.0
563,2,1,210658,250000.0,0,0.0
564,2,1,23676,250000.0,1,1.0
565,2,1,210658,250000.0,0,0.0
566,2,1,23676,250000.0,0,0.0
567,2,1,210658,250000.0,1,1.0
568,2,1,707016,250000.0,1,1.0
569,2,1,707016,250000.0,1,1.0
570,2,1,707016,250000.0,1,1.0
571,2,1,707016,250000.0,1,1.0
572,2,1,707016,250000.0,1,1.0
573,2,1,210658,250000.0,0,0.0
574,2,1,707016,250000.0,1,1.0
575,2,1,707016,250000.0,1,1.0
576,2,1,210658,250000.0,0,0.0
577,2,1,210658,250000.0,1,1.0
578,2,1,707016,250000.0,1,1.0
579,2,1,210658,250000.0,1,1.0
580,2,1,707016,250000.0,1,1.0
581,2,1,23676,250000.0,1,1.0
582,2,1,707016,250000.0,1,1.0
583,2,1,707016,250000.0,1,1.0
584,2,1,707016,250000.0,1,1.0
585,2,1,707016,250000.0,1,1.0
586,2,1,707016,250000.0,1,1.0
587,2,1,707016,250000.0,1,1.0
588,2,1,210658,250000.0,0,0.0
589,2,1,707016,250000.0,1,1.0
590,2,1,707016,250000.0,1,1.0
591,2,1,707016,250000.0,0,0.0
592,2,1,707016,250000.0,1,1.0
593,2,1,707016,250000.0,1,1.0
594,2,1,707016,250000.0,1,1.0
595,2,1,707016,250000.0,1,1.0
596,2,1,707016,250000.0,0,0.0
597,2,1,210658,250000.0,0,0.0
598,2,1,210658,250000.0,1,1.0
599,2,1,707016,250000.0,1,1.0
600,2,1,707016,250000.0,1,1.0
601,2,1,707016,250000.0,1,1.0
602,2,1,210658,250000.0,1,1.0
603,2,1,707016,250000.0,0,0.0
604,2,1,707016,250000.0,1,1.0
605,2,1,210658,250000.0,0,0.0
606,2,1,210658,250000.0,1,1.0
607,2,1,58650,250000.0,0,0.0
608,2,1,210658,250000.0,1,1.0
609,2,1,210658,250000.0,1,1.0
610,2,1,23676,250000.0,1,1.0
611,2,1,707016,250000.0,1,1.0
612,2,1,210658,250000.0,1,1.0
613,2,1,210658,250000.0,0,0.0
614,2,1,707016,250000.0,0,0.0
615,2,1,707016,250000.0,1,1.0
616,2,1,707016,250000.0,1,1.0
617,2,1,58650,250000.0,0,0.0
618,2,1,58650,250000.0,1,1.0
619,2,1,210658,250000.0,0,0.0
620,2,1,707016,250000.0,1,1.0
621,2,1,707016,250000.0,0,0.0
622,2,1,707016,250000.0,1,1.0
623,2,1,707016,250000.0,1,1.0
624,2,1,707016,250000.0,1,1.0
625,2,1,707016,250000.0,1,1.0
626,2,1,707016,250000.0,1,1.0
627,2,1,707016,250000.0,1,1.0
628,2,1,707016,250000.0,1,1.0
629,2,1,707016,250000.0,1,1.0
630,2,1,707016,250000.0,1,1.0
631,2,1,707016,250000.0,0,0.0
632,2,1,707016,250000.0,1,1.0
633,2,1,707016,250000.0,1,1.0
634,2,1,210658,250000.0,0,0.0
635,2,1,58650,250000.0,0,0.0
636,2,1,707016,250000.0,1,1.0
637,2,1,707016,250000.0,1,1.0
638,2,1,210658,250000.0,1,1.0
639,2,1,707016,250000.0,1,1.0
640,2,1,707016,250000.0,1,1.0
641,2,1,210658,250000.0,1,1.0
642,2,1,210658,250000.0,0,0.0
643,2,1,707016,250000.0,0,0.0
644,2,1,707016,250000.0,1,1.0
645,2,1,707016,250000.0,0,0.0
646,2,1,707016,250000.0,1,1.0
647,2,1,707016,250000.0,1,1.0
648,2,1,707016,250000.0,1,1.0
649,2,1,707016,250000.0,1,1.0
650,2,1,707016,250000.0,0,0.0
651,2,1,707016,250000.0,1,1.0
652,2,1,707016,250000.0,1,1.0
653,2,1,58650,250000.0,0,0.0
654,2,1,707016,250000.0,0,0.0
655,2,1,210658,250000.0,1,1.0
656,2,1,707016,250000.0,1,1.0
657,2,1,210658,250000.0,0,0.0
658,2,1,707016,250000.0,1,1.0
659,2,1,707016,250000.0,1,1.0
660,2,1,210658,250000.0,0,0.0
661,2,1,707016,250000.0,1,1.0
662,2,1,210658,250000.0,0,0.0
663,2,1,58650,250000.0,1,1.0
664,2,1,707016,250000.0,1,1.0
665,2,1,707016,250000.0,1,1.0
666,2,1,210658,250000.0,0,0.0
667,2,1,707016,250000.0,1,1.0
668,2,1,707016,250000.0,1,1.0
669,2,1,707016,250000.0,1,1.0
670,2,1,210658,250000.0,1,1.0
671,2,1,707016,250000.0,1,1.0
672,2,1,707016,250000.0,1,1.0
673,2,1,707016,250000.0,1,1.0
674,2,1,707016,250000.0,1,1.0
675,2,1,707016,250000.0,1,1.0
676,2,1,707016,250000.0,0,0.0
677,2,1,707016,250000.0,1,1.0
678,2,1,707016,250000.0,0,0.0
679,2,1,707016,250000.0,1,1.0
680,2,1,707016,250000.0,1,1.0
681,2,1,707016,250000.0,1,1.0
682,2,1,707016,250000.0,1,1.0
683,2,1,707016,250000.0,1,1.0
684,2,1,707016,250000.0,0,0.0
685,2,1,707016,250000.0,1,1.0
686,2,1,707016,250000.0,1,1.0
687,2,1,707016,250000.0,1,1.0
688,2,1,58650,250000.0,0,0.0
689,2,1,707016,250000.0,1,1.0
690,2,1,707016,250000.0,0,0.0
691,2,1,210658,250000.0,1,1.0
692,2,1,707016,250000.0,1,1.0
693,2,1,707016,250000.0,0,0.0
694,2,1,58650,250000.0,1,1.0
695,2,1,58650,250000.0,1,1.0
696,2,1,707016,250000.0,1,1.0
697,2,1,707016,250000.0,1,1.0
698,2,1,707016,250000.0,1,1.0
699,2,1,707016,250000.0,0,0.0
700,2,1,210658,250000.0,0,0.0
701,2,1,707016,250000.0,1,1.0
702,2,1,707016,250000.0,1,1.0
703,2,1,707016,250000.0,0,0.0
704,2,1,210658,250000.0,0,0.0
705,2,1,707016,250000.0,1,1.0
706,2,1,58650,250000.0,0,0.0
707,2,1,210658,250000.0,1,1.0
708,2,1,707016,250000.0,1,1.0
709,2,1,707016,250000.0,1,1.0
710,2,1,707016,250000.0,1,1.0
711,2,1,23676,250000.0,0,0.0
712,2,1,707016,250000.0,1,1.0
713,2,1,707016,250000.0,1,1.0
714,2,1,210658,250000.0,1,1.0
715,2,1,707016,250000.0,1,1.0
716,2,1,58650,250000.0,1,1.0
717,2,1,707016,250000.0,1,1.0
718,2,1,707016,250000.0,1,1.0
719,2,1,210658,250000.0,1,1.0
720,2,1,210658,250000.0,1,1.0
721,2,1,23676,250000.0,0,0.0
722,2,1,58650,250000.0,0,0.0
723,2,1,707016,250000.0,1,1.0
724,2,1,23676,250000.0,0,0.0
725,2,1,58650,250000.0,0,0.0
726,2,1,707016,250000.0,1,1.0
727,2,1,707016,250000.0,1,1.0
728,2,1,707016,250000.0,1,1.0
729,2,1,707016,250000.0,1,1.0
730,2,1,707016,250000.0,0,0.0
731,2,1,707016,250000.0,1,1.0
732,2,1,58650,250000.0,1,1.0
733,2,1,707016,250000.0,0,0.0
734,2,1,707016,250000.0,1,1.0
735,2,1,210658,250000.0,0,0.0
736,2,1,707016,250000.0,1,1.0
737,2,1,210658,250000.0,1,1.0
738,2,1,210658,250000.0,0,0.0
739,2,1,58650,250000.0,0,0.0
740,2,1,707016,250000.0,1,1.0
741,2,1,707016,250000.0,1,1.0
742,2,1,707016,250000.0,1,1.0
743,2,1,707016,250000.0,1,1.0
744,2,1,707016,250000.0,1,1.0
745,2,1,210658,250000.0,0,0.0
746,2,1,707016,250000.0,1,1.0
747,2,1,707016,250000.0,1,1.0
748,2,1,707016,250000.0,1,1.0
749,2,1,58650,250000.0,1,1.0
750,2,1,58650,250000.0,0,0.0
751,2,1,707016,250000.0,1,1.0
752,2,1,210658,250000.0,1,1.0
753,2,1,707016,250000.0,1,1.0
754,2,1,210658,250000.0,0,0.0
755,2,1,210658,250000.0,1,1.0
756,2,1,707016,250000.0,1,1.0
757,2,1,210658,250000.0,1,1.0
758,2,1,210658,250000.0,1,1.0
759,2,1,707016,250000.0,0,0.0
760,2,1,707016,250000.0,0,0.0
761,2,1,58650,250000.0,0,0.0
762,2,1,707016,250000.0,1,1.0
763,2,1,707016,250000.0,1,1.0
764,2,1,707016,250000.0,1,1.0
765,2,1,707016,250000.0,1,1.0
766,2,1,210658,250000.0,0,0.0
767,2,1,707016,250000.0,1,1.0
768,2,1,210658,250000.0,1,1.0
769,2,1,707016,250000.0,1,1.0
770,2,1,707016,250000.0,1,1.0
771,2,1,210658,250000.0,1,1.0
772,2,1,707016,250000.0,1,1.0
773,2,1,707016,250000.0,1,1.0
774,2,1,707016,250000.0,1,1.0
775,2,1,210658,250000.0,0,0.0
776,2,1,23676,250000.0,1,1.0
777,2,1,58650,250000.0,0,0.0
778,2,1,707016,250000.0,1,1.0
779,2,1,707016,250000.0,1,1.0
780,2,1,210658,250000.0,1,1.0
781,2,1,707016,250000.0,0,0.0
782,2,1,210658,250000.0,1,1.0
783,2,1,23676,250000.0,1,1.0
784,2,1,707016,250000.0,1,1.0
785,2,1,707016,250000.0,1,1.0
786,2,1,707016,250000.0,1,1.0
787,2,1,707016,250000.0,1,1.0
788,2,1,707016,250000.0,1,1.0
789,2,1,707016,250000.0,1,1.0
790,2,1,707016,250000.0,0,0.0
791,2,1,707016,250000.0,1,1.0
792,2,1,707016,250000.0,1,1.0
793,2,1,707016,250000.0,1,1.0
794,2,1,58650,250000.0,0,0.0
795,2,1,210658,250000.0,1,1.0
796,2,1,707016,250000.0,1,1.0
797,2,1,210658,250000.0,1,1.0
798,2,1,707016,250000.0,0,0.0
799,2,1,707016,250000.0,1,1.0
800,2,1,23676,250000.0,0,0.0
801,2,1,707016,250000.0,1,1.0
802,2,1,707016,250000.0,1,1.0
803,2,1,210658,250000.0,1,1.0
804,2,1,707016,250000.0,1,1.0
805,2,1,707016,250000.0,1,1.0
806,2,1,707016,250000.0,1,1.0
807,2,1,210658,250000.0,0,0.0
808,2,1,707016,250000.0,1,1.0
809,2,1,707016,250000.0,1,1.0
810,2,1,707016,250000.0,1,1.0
811,2,1,707016,250000.0,1,1.0
812,2,1,707016,250000.0,1,1.0
813,2,1,707016,250000.0,1,1.0
814,2,1,707016,250000.0,1,1.0
815,2,1,210658,250000.0,0,0.0
816,2,1,58650,250000.0,0,0.0
817,2,1,707016,250000.0,1,1.0
818,2,1,210658,250000.0,0,0.0
819,2,1,707016,250000.0,1,1.0
820,2,1,707016,250000.0,1,1.0
821,2,1,707016,250000.0,1,1.0
822,2,1,707016,250000.0,1,1.0
823,2,1,210658,250000.0,0,0.0
824,2,1,707016,250000.0,1,1.0
825,2,1,707016,250000.0,1,1.0
826,2,1,707016,250000.0,1,1.0
827,2,1,707016,250000.0,1,1.0
828,2,1,707016,250000.0,1,1.0
829,2,1,210658,250000.0,1,1.0
830,2,1,707016,250000.0,1,1.0
831,2,1,707016,250000.0,1,1.0
832,2,1,23676,250000.0,0,0.0
833,2,1,707016,250000.0,1,1.0
834,2,1,707016,250000.0,1,1.0
835,2,1,707016,250000.0,1,1.0
836,2,1,707016,250000.0,1,1.0
837,2,1,707016,250000.0,1,1.0
838,2,1,707016,250000.0,1,1.0
839,2,1,707016,250000.0,1,1.0
840,2,1,707016,250000.0,1,1.0
841,2,1,58650,250000.0,0,0.0
842,2,1,707016,250000.0,1,1.0
843,2,1,707016,250000.0,1,1.0
844,2,1,707016,250000.0,1,1.0
845,2,1,707016,250000.0,1,1.0
846,2,1,707016,250000.0,1,1.0
847,2,1,707016,250000.0,1,1.0
848,2,1,707016,250000.0,1,1.0
849,2,1,707016,250000.0,1,1.0
850,2,1,210658,250000.0,1,1.0
851,2,1,707016,250000.0,1,1.0
852,2,1,707016,250000.0,0,0.0
853,2,1,707016,250000.0,1,1.0
854,2,1,707016,250000.0,1,1.0
855,2,1,707016,250000.0,1,1.0
856,2,1,707016,250000.0,1,1.0
857,2,1,707016,250000.0,0,0.0
858,2,1,707016,250000.0,1,1.0
859,2,1,210658,250000.0,1,1.0
860,2,1,210658,250000.0,0,0.0
861,2,1,58650,250000.0,0,0.0
862,2,1,707016,250000.0,1,1.0
863,2,1,23676,250000.0,0,0.0
864,2,1,58650,250000.0,0,0.0
865,2,1,707016,250000.0,1,1.0
866,2,1,707016,250000.0,1,1.0
867,2,1,210658,250000.0,1,1.0
868,2,1,707016,250000.0,1,1.0
869,2,1,707016,250000.0,1,1.0
870,2,1,707016,250000.0,1,1.0
871,2,1,707016,250000.0,1,1.0
872,2,1,58650,250000.0,1,1.0
873,2,1,58650,250000.0,0,0.0
874,2,1,707016,250000.0,1,1.0
875,2,1,210658,250000.0,0,0.0
876,2,1,58650,250000.0,1,1.0
877,2,1,210658,250000.0,1,1.0
878,2,1,707016,250000.0,1,1.0
879,2,1,210658,250000.0,0,0.0
880,2,1,707016,250000.0,0,0.0
881,2,1,707016,250000.0,0,0.0
882,2,1,210658,250000.0,1,1.0
883,2,1,707016,250000.0,1,1.0
884,2,1,707016,250000.0,0,0.0
885,2,1,707016,250000.0,1,1.0
886,2,1,58650,250000.0,1,1.0
887,2,1,210658,250000.0,0,0.0
888,2,1,707016,250000.0,1,1.0
889,2,1,707016,250000.0,1,1.0
890,2,1,707016,250000.0,1,1.0
891,2,1,707016,250000.0,1,1.0
892,2,1,210658,250000.0,1,1.0
893,2,1,707016,250000.0,1,1.0
894,2,1,707016,250000.0,1,1.0
895,2,1,58650,250000.0,1,1.0
896,2,1,58650,250000.0,0,0.0
897,2,1,707016,250000.0,1,1.0
898,2,1,707016,250000.0,1,1.0
899,2,1,707016,250000.0,1,1.0
900,2,1,210658,250000.0,0,0.0
901,2,1,707016,250000.0,1,1.0
902,2,1,707016,250000.0,0,0.0
903,2,1,707016,250000.0,1,1.0
904,2,1,707016,250000.0,1,1.0
905,2,1,707016,250000.0,1,1.0
906,2,1,58650,250000.0,1,1.0
907,2,1,210658,250000.0,1,1.0
908,2,1,707016,250000.0,1,1.0
909,2,1,707016,250000.0,1,1.0
910,2,1,707016,250000.0,0,0.0
911,2,1,58650,250000.0,1,1.0
912,2,1,707016,250000.0,1,1.0
913,2,1,210658,250000.0,0,0.0
914,2,1,707016,250000.0,1,1.0
915,2,1,707016,250000.0,1,1.0
916,2,1,707016,250000.0,1,1.0
917,2,1,707016,250000.0,1,1.0
918,2,1,23676,250000.0,0,0.0
919,2,1,210658,250000.0,0,0.0
920,2,1,707016,250000.0,1,1.0
921,2,1,707016,250000.0,1,1.0
922,2,1,210658,250000.0,1,1.0
923,2,1,23676,250000.0,0,0.0
924,2,1,707016,250000.0,1,1.0
925,2,1,707016,250000.0,1,1.0
926,2,1,707016,250000.0,1,1.0
927,2,1,707016,250000.0,1,1.0
928,2,1,707016,250000.0,1,1.0
929,2,1,707016,250000.0,0,0.0
930,2,1,58650,250000.0,1,1.0
931,2,1,707016,250000.0,1,1.0
932,2,1,707016,250000.0,1,1.0
933,2,1,707016,250000.0,1,1.0
934,2,1,210658,250000.0,1,1.0
935,2,1,210658,250000.0,1,1.0
936,2,1,210658,250000.0,0,0.0
937,2,1,707016,250000.0,1,1.0
938,2,1,707016,250000.0,1,1.0
939,2,1,23676,250000.0,0,0.0
940,2,1,707016,250000.0,1,1.0
941,2,1,707016,250000.0,1,1.0
942,2,1,707016,250000.0,1,1.0
943,2,1,707016,250000.0,1,1.0
944,2,1,707016,250000.0,1,1.0
945,2,1,210658,250000.0,1,1.0
946,2,1,707016,250000.0,1,1.0
947,2,1,58650,250000.0,0,0.0
948,2,1,210658,250000.0,1,1.0
949,2,1,210658,250000.0,0,0.0
950,2,1,707016,250000.0,1,1.0
951,2,1,707016,250000.0,1,1.0
952,2,1,707016,250000.0,1,1.0
953,2,1,707016,250000.0,1,1.0
954,2,1,707016,250000.0,1,1.0
955,2,1,707016,250000.0,1,1.0
956,2,1,707016,250000.0,1,1.0
957,2,1,210658,250000.0,0,0.0
958,2,1,58650,250000.0,0,0.0
959,2,1,210658,250000.0,1,1.0
960,2,1,210658,250000.0,1,1.0
961,2,1,707016,250000.0,1,1.0
962,2,1,707016,250000.0,1,1.0
963,2,1,58650,250000.0,0,0.0
964,2,1,707016,250000.0,1,1.0
965,2,1,707016,250000.0,1,1.0
966,2,1,210658,250000.0,0,0.0
967,2,1,707016,250000.0,1,1.0
968,2,1,210658,250000.0,1,1.0
969,2,1,210658,250000.0,0,0.0
970,2,1,707016,250000.0,0,0.0
971,2,1,58650,250000.0,0,0.0
972,2,1,707016,250000.0,1,1.0
973,2,1,707016,250000.0,0,0.0
974,2,1,707016,250000.0,1,1.0
975,2,1,58650,250000.0,1,1.0
976,2,1,707016,250000.0,0,0.0
977,2,1,707016,250000.0,0,0.0
978,2,1,707016,250000.0,1,1.0
979,2,1,707016,250000.0,1,1.0
980,2,1,210658,250000.0,1,1.0
981,2,1,707016,250000.0,1,1.0
982,2,1,707016,250000.0,1,1.0
983,2,1,707016,250000.0,1,1.0
984,2,1,210658,250000.0,0,0.0
985,2,1,707016,250000.0,1,1.0
986,2,1,707016,250000.0,1,1.0
987,2,1,210658,250000.0,1,1.0
988,2,1,707016,250000.0,1,1.0
989,2,1,707016,250000.0,1,1.0
990,2,1,707016,250000.0,1,1.0
991,2,1,58650,250000.0,1,1.0
992,2,1,707016,250000.0,0,0.0
993,2,1,58650,250000.0,1,1.0
994,2,1,58650,250000.0,0,0.0
995,2,1,707016,250000.0,1,1.0
996,2,1,707016,250000.0,1,1.0
997,2,1,210658,250000.0,0,0.0
998,2,1,707016,250000.0,1,1.0
999,2,1,707016,250000.0,1,1.0
0,2,10,210658,250000.0,6,0.6
1,2,10,58650,250000.0,6,0.6
2,2,10,707016,250000.0,5,0.5
3,2,10,23676,250000.0,7,0.7
4,2,10,707016,250000.0,10,1.0
5,2,10,707016,250000.0,8,0.8
6,2,10,707016,250000.0,7,0.7
7,2,10,210658,250000.0,7,0.7
8,2,10,707016,250000.0,9,0.9
9,2,10,58650,250000.0,3,0.3
10,2,10,210658,250000.0,1,0.1
11,2,10,23676,250000.0,0,0.0
12,2,10,707016,250000.0,7,0.7
13,2,10,58650,250000.0,3,0.3
14,2,10,707016,250000.0,8,0.8
15,2,10,210658,250000.0,7,0.7
16,2,10,707016,250000.0,10,1.0
17,2,10,707016,250000.0,10,1.0
18,2,10,707016,250000.0,10,1.0
19,2,10,210658,250000.0,0,0.0
20,2,10,707016,250000.0,10,1.0
21,2,10,707016,250000.0,10,1.0
22,2,10,58650,250000.0,1,0.1
23,2,10,707016,250000.0,6,0.6
24,2,10,58650,250000.0,6,0.6
25,2,10,707016,250000.0,7,0.7
26,2,10,707016,250000.0,10,1.0
27,2,10,707016,250000.0,10,1.0
28,2,10,210658,250000.0,3,0.3
29,2,10,707016,250000.0,10,1.0
30,2,10,210658,250000.0,1,0.1
31,2,10,707016,250000.0,10,1.0
32,2,10,58650,250000.0,0,0.0
33,2,10,707016,250000.0,9,0.9
34,2,10,707016,250000.0,9,0.9
35,2,10,707016,250000.0,10,1.0
36,2,10,210658,250000.0,0,0.0
37,2,10,707016,250000.0,3,0.3
38,2,10,707016,250000.0,10,1.0
39,2,10,707016,250000.0,10,1.0
40,2,10,707016,250000.0,9,0.9
41,2,10,707016,250000.0,5,0.5
42,2,10,707016,250000.0,9,0.9
43,2,10,707016,250000.0,10,1.0
44,2,10,58650,250000.0,8,0.8
45,2,10,707016,250000.0,10,1.0
46,2,10,210658,250000.0,2,0.2
47,2,10,707016,250000.0,9,0.9
48,2,10,707016,250000.0,10,1.0
49,2,10,707016,250000.0,9,0.9
50,2,10,707016,250000.0,7,0.7
51,2,10,707016,250000.0,10,1.0
52,2,10,707016,250000.0,8,0.8
53,2,10,707016,250000.0,10,1.0
54,2,10,707016,250000.0,10,1.0
55,2,10,58650,250000.0,0,0.0
56,2,10,707016,250000.0,10,1.0
57,2,10,23676,250000.0,1,0.1
58,2,10,707016,250000.0,10,1.0
59,2,10,707016,250000.0,10,1.0
60,2,10,707016,250000.0,10,1.0
61,2,10,707016,250000.0,10,1.0
62,2,10,707016,250000.0,8,0.8
63,2,10,707016,250000.0,8,0.8
64,2,10,707016,250000.0,10,1.0
65,2,10,707016,250000.0,10,1.0
66,2,10,210658,250000.0,4,0.4
67,2,10,210658,250000.0,10,1.0
68,2,10,210658,250000.0,3,0.3
69,2,10,707016,250000.0,9,0.9
70,2,10,58650,250000.0,2,0.2
71,2,10,707016,250000.0,5,0.5
72,2,10,707016,250000.0,7,0.7
73,2,10,707016,250000.0,6,0.6
74,2,10,707016,250000.0,9,0.9
75,2,10,707016,250000.0,10,1.0
76,2,10,707016,250000.0,9,0.9
77,2,10,23676,250000.0,2,0.2
78,2,10,707016,250000.0,4,0.4
79,2,10,707016,250000.0,10,1.0
80,2,10,210658,250000.0,5,0.5
81,2,10,707016,250000.0,10,1.0
82,2,10,707016,250000.0,7,0.7
83,2,10,210658,250000.0,1,0.1
84,2,10,707016,250000.0,10,1.0
85,2,10,707016,250000.0,9,0.9
86,2,10,707016,250000.0,7,0.7
87,2,10,707016,250000.0,9,0.9
88,2,10,23676,250000.0,4,0.4
89,2,10,707016,250000.0,10,1.0
90,2,10,707016,250000.0,9,0.9
91,2,10,707016,250000.0,3,0.3
92,2,10,707016,250000.0,4,0.4
93,2,10,707016,250000.0,10,1.0
94,2,10,707016,250000.0,10,1.0
95,2,10,210658,250000.0,3,0.3
96,2,10,210658,250000.0,0,0.0
97,2,10,210658,250000.0,8,0.8
98,2,10,210658,250000.0,8,0.8
99,2,10,58650,250000.0,6,0.6
100,2,10,707016,250000.0,10,1.0
101,2,10,210658,250000.0,4,0.4
102,2,10,210658,250000.0,4,0.4
103,2,10,707016,250000.0,10,1.0
104,2,10,707016,250000.0,8,0.8
105,2,10,58650,250000.0,3,0.3
106,2,10,707016,250000.0,8,0.8
107,2,10,707016,250000.0,7,0.7
108,2,10,58650,250000.0,6,0.6
109,2,10,707016,250000.0,2,0.2
110,2,10,707016,250000.0,2,0.2
111,2,10,707016,250000.0,8,0.8
112,2,10,210658,250000.0,5,0.5
113,2,10,707016,250000.0,7,0.7
114,2,10,58650,250000.0,3,0.3
115,2,10,707016,250000.0,9,0.9
116,2,10,707016,250000.0,9,0.9
117,2,10,707016,250000.0,8,0.8
118,2,10,707016,250000.0,9,0.9
119,2,10,23676,250000.0,3,0.3
120,2,10,210658,250000.0,10,1.0
121,2,10,707016,250000.0,10,1.0
122,2,10,707016,250000.0,10,1.0
123,2,10,210658,250000.0,8,0.8
124,2,10,707016,250000.0,10,1.0
125,2,10,707016,250000.0,9,0.9
126,2,10,23676,250000.0,1,0.1
127,2,10,707016,250000.0,5,0.5
128,2,10,707016,250000.0,1,0.1
129,2,10,210658,250000.0,4,0.4
130,2,10,210658,250000.0,0,0.0
131,2,10,707016,250000.0,10,1.0
132,2,10,707016,250000.0,10,1.0
133,2,10,23676,250000.0,4,0.4
134,2,10,23676,250000.0,2,0.2
135,2,10,210658,250000.0,1,0.1
136,2,10,707016,250000.0,10,1.0
137,2,10,58650,250000.0,3,0.3
138,2,10,707016,250000.0,8,0.8
139,2,10,707016,250000.0,8,0.8
140,2,10,707016,250000.0,5,0.5
141,2,10,707016,250000.0,10,1.0
142,2,10,707016,250000.0,10,1.0
143,2,10,707016,250000.0,10,1.0
144,2,10,707016,250000.0,6,0.6
145,2,10,707016,250000.0,3,0.3
146,2,10,707016,250000.0,10,1.0
147,2,10,210658,250000.0,7,0.7
148,2,10,707016,250000.0,10,1.0
149,2,10,210658,250000.0,2,0.2
150,2,10,707016,250000.0,9,0.9
151,2,10,707016,250000.0,7,0.7
152,2,10,707016,250000.0,2,0.2
153,2,10,707016,250000.0,10,1.0
154,2,10,707016,250000.0,5,0.5
155,2,10,707016,250000.0,10,1.0
156,2,10,707016,250000.0,10,1.0
157,2,10,707016,250000.0,8,0.8
158,2,10,707016,250000.0,8,0.8
159,2,10,58650,250000.0,6,0.6
160,2,10,23676,250000.0,0,0.0
161,2,10,707016,250000.0,8,0.8
162,2,10,707016,250000.0,5,0.5
163,2,10,707016,250000.0,5,0.5
164,2,10,23676,250000.0,1,0.1
165,2,10,707016,250000.0,10,1.0
166,2,10,58650,250000.0,1,0.1
167,2,10,707016,250000.0,7,0.7
168,2,10,210658,250000.0,3,0.3
169,2,10,58650,250000.0,4,0.4
170,2,10,58650,250000.0,3,0.3
171,2,10,707016,250000.0,10,1.0
172,2,10,707016,250000.0,5,0.5
173,2,10,707016,250000.0,10,1.0
174,2,10,210658,250000.0,0,0.0
175,2,10,707016,250000.0,10,1.0
176,2,10,707016,250000.0,6,0.6
177,2,10,707016,250000.0,8,0.8
178,2,10,707016,250000.0,8,0.8
179,2,10,707016,250000.0,10,1.0
180,2,10,707016,250000.0,10,1.0
181,2,10,210658,250000.0,3,0.3
182,2,10,210658,250000.0,4,0.4
183,2,10,210658,250000.0,3,0.3
184,2,10,707016,250000.0,10,1.0
185,2,10,707016,250000.0,10,1.0
186,2,10,707016,250000.0,8,0.8
187,2,10,707016,250000.0,8,0.8
188,2,10,707016,250000.0,4,0.4
189,2,10,707016,250000.0,10,1.0
190,2,10,210658,250000.0,4,0.4
191,2,10,58650,250000.0,2,0.2
192,2,10,707016,250000.0,10,1.0
193,2,10,707016,250000.0,8,0.8
194,2,10,707016,250000.0,5,0.5
195,2,10,707016,250000.0,10,1.0
196,2,10,707016,250000.0,10,1.0
197,2,10,707016,250000.0,7,0.7
198,2,10,707016,250000.0,9,0.9
199,2,10,707016,250000.0,7,0.7
200,2,10,210658,250000.0,2,0.2
201,2,10,707016,250000.0,4,0.4
202,2,10,707016,250000.0,10,1.0
203,2,10,707016,250000.0,10,1.0
204,2,10,707016,250000.0,9,0.9
205,2,10,58650,250000.0,3,0.3
206,2,10,707016,250000.0,6,0.6
207,2,10,707016,250000.0,10,1.0
208,2,10,210658,250000.0,3,0.3
209,2,10,210658,250000.0,1,0.1
210,2,10,58650,250000.0,6,0.6
211,2,10,707016,250000.0,5,0.5
212,2,10,707016,250000.0,4,0.4
213,2,10,707016,250000.0,8,0.8
214,2,10,707016,250000.0,8,0.8
215,2,10,210658,250000.0,1,0.1
216,2,10,707016,250000.0,10,1.0
217,2,10,707016,250000.0,7,0.7
218,2,10,707016,250000.0,10,1.0
219,2,10,707016,250000.0,10,1.0
220,2,10,707016,250000.0,10,1.0
221,2,10,707016,250000.0,3,0.3
222,2,10,707016,250000.0,10,1.0
223,2,10,707016,250000.0,10,1.0
224,2,10,707016,250000.0,10,1.0
225,2,10,23676,250000.0,0,0.0
226,2,10,707016,250000.0,8,0.8
227,2,10,707016,250000.0,10,1.0
228,2,10,707016,250000.0,10,1.0
229,2,10,707016,250000.0,8,0.8
230,2,10,210658,250000.0,7,0.7
231,2,10,707016,250000.0,10,1.0
232,2,10,58650,250000.0,7,0.7
233,2,10,210658,250000.0,4,0.4
234,2,10,707016,250000.0,5,0.5
235,2,10,707016,250000.0,10,1.0
236,2,10,707016,250000.0,9,0.9
237,2,10,210658,250000.0,1,0.1
238,2,10,210658,250000.0,10,1.0
239,2,10,707016,250000.0,5,0.5
240,2,10,707016,250000.0,10,1.0
241,2,10,707016,250000.0,10,1.0
242,2,10,707016,250000.0,10,1.0
243,2,10,707016,250000.0,9,0.9
244,2,10,707016,250000.0,5,0.5
245,2,10,707016,250000.0,10,1.0
246,2,10,210658,250000.0,6,0.6
247,2,10,707016,250000.0,10,1.0
248,2,10,58650,250000.0,1,0.1
249,2,10,707016,250000.0,9,0.9
250,2,10,707016,250000.0,10,1.0
251,2,10,707016,250000.0,10,1.0
252,2,10,707016,250000.0,8,0.8
253,2,10,210658,250000.0,1,0.1
254,2,10,58650,250000.0,0,0.0
255,2,10,210658,250000.0,6,0.6
256,2,10,210658,250000.0,6,0.6
257,2,10,707016,250000.0,9,0.9
258,2,10,707016,250000.0,9,0.9
259,2,10,707016,250000.0,8,0.8
260,2,10,210658,250000.0,6,0.6
261,2,10,707016,250000.0,7,0.7
262,2,10,210658,250000.0,3,0.3
263,2,10,23676,250000.0,2,0.2
264,2,10,707016,250000.0,6,0.6
265,2,10,210658,250000.0,8,0.8
266,2,10,210658,250000.0,6,0.6
267,2,10,707016,250000.0,10,1.0
268,2,10,210658,250000.0,6,0.6
269,2,10,707016,250000.0,10,1.0
270,2,10,707016,250000.0,1,0.1
271,2,10,707016,250000.0,9,0.9
272,2,10,707016,250000.0,9,0.9
273,2,10,210658,250000.0,2,0.2
274,2,10,210658,250000.0,1,0.1
275,2,10,707016,250000.0,6,0.6
276,2,10,707016,250000.0,10,1.0
277,2,10,210658,250000.0,2,0.2
278,2,10,707016,250000.0,10,1.0
279,2,10,707016,250000.0,9,0.9
280,2,10,707016,250000.0,6,0.6
281,2,10,707016,250000.0,10,1.0
282,2,10,707016,250000.0,10,1.0
283,2,10,707016,250000.0,10,1.0
284,2,10,707016,250000.0,3,0.3
285,2,10,210658,250000.0,5,0.5
286,2,10,58650,250000.0,5,0.5
287,2,10,210658,250000.0,1,0.1
288,2,10,707016,250000.0,10,1.0
289,2,10,707016,250000.0,10,1.0
290,2,10,707016,250000.0,9,0.9
291,2,10,210658,250000.0,8,0.8
292,2,10,210658,250000.0,0,0.0
293,2,10,23676,250000.0,3,0.3
294,2,10,707016,250000.0,10,1.0
295,2,10,707016,250000.0,8,0.8
296,2,10,707016,250000.0,8,0.8
297,2,10,58650,250000.0,0,0.0
298,2,10,707016,250000.0,2,0.2
299,2,10,707016,250000.0,9,0.9
300,2,10,210658,250000.0,4,0.4
301,2,10,210658,250000.0,6,0.6
302,2,10,58650,250000.0,1,0.1
303,2,10,210658,250000.0,5,0.5
304,2,10,58650,250000.0,5,0.5
305,2,10,707016,250000.0,10,1.0
306,2,10,707016,250000.0,10,1.0
307,2,10,210658,250000.0,5,0.5
308,2,10,707016,250000.0,9,0.9
309,2,10,707016,250000.0,10,1.0
310,2,10,210658,250000.0,4,0.4
311,2,10,23676,250000.0,6,0.6
312,2,10,707016,250000.0,10,1.0
313,2,10,707016,250000.0,10,1.0
314,2,10,58650,250000.0,3,0.3
315,2,10,707016,250000.0,8,0.8
316,2,10,707016,250000.0,9,0.9
317,2,10,707016,250000.0,5,0.5
318,2,10,707016,250000.0,9,0.9
319,2,10,58650,250000.0,1,0.1
320,2,10,58650,250000.0,1,0.1
321,2,10,210658,250000.0,8,0.8
322,2,10,210658,250000.0,7,0.7
323,2,10,707016,250000.0,10,1.0
324,2,10,707016,250000.0,7,0.7
325,2,10,210658,250000.0,4,0.4
326,2,10,707016,250000.0,10,1.0
327,2,10,210658,250000.0,6,0.6
328,2,10,707016,250000.0,10,1.0
329,2,10,58650,250000.0,4,0.4
330,2,10,707016,250000.0,10,1.0
331,2,10,210658,250000.0,4,0.4
332,2,10,707016,250000.0,9,0.9
333,2,10,707016,250000.0,4,0.4
334,2,10,707016,250000.0,9,0.9
335,2,10,707016,250000.0,10,1.0
336,2,10,210658,250000.0,1,0.1
337,2,10,210658,250000.0,8,0.8
338,2,10,210658,250000.0,7,0.7
339,2,10,707016,250000.0,10,1.0
340,2,10,707016,250000.0,7,0.7
341,2,10,707016,250000.0,6,0.6
342,2,10,210658,250000.0,9,0.9
343,2,10,707016,250000.0,10,1.0
344,2,10,707016,250000.0,9,0.9
345,2,10,707016,250000.0,9,0.9
346,2,10,707016,250000.0,10,1.0
347,2,10,707016,250000.0,9,0.9
348,2,10,707016,250000.0,3,0.3
349,2,10,707016,250000.0,9,0.9
350,2,10,23676,250000.0,1,0.1
351,2,10,58650,250000.0,8,0.8
352,2,10,210658,250000.0,8,0.8
353,2,10,210658,250000.0,7,0.7
354,2,10,707016,250000.0,10,1.0
355,2,10,707016,250000.0,10,1.0
356,2,10,707016,250000.0,10,1.0
357,2,10,210658,250000.0,2,0.2
358,2,10,58650,250000.0,9,0.9
359,2,10,707016,250000.0,10,1.0
360,2,10,210658,250000.0,5,0.5
361,2,10,707016,250000.0,10,1.0
362,2,10,58650,250000.0,1,0.1
363,2,10,707016,250000.0,10,1.0
364,2,10,707016,250000.0,10,1.0
365,2,10,58650,250000.0,0,0.0
366,2,10,707016,250000.0,8,0.8
367,2,10,707016,250000.0,10,1.0
368,2,10,58650,250000.0,1,0.1
369,2,10,58650,250000.0,5,0.5
370,2,10,58650,250000.0,6,0.6
371,2,10,23676,250000.0,2,0.2
372,2,10,210658,250000.0,7,0.7
373,2,10,58650,250000.0,2,0.2
374,2,10,707016,250000.0,9,0.9
375,2,10,707016,250000.0,5,0.5
376,2,10,707016,250000.0,10,1.0
377,2,10,707016,250000.0,10,1.0
378,2,10,210658,250000.0,2,0.2
379,2,10,707016,250000.0,10,1.0
380,2,10,210658,250000.0,7,0.7
381,2,10,210658,250000.0,2,0.2
382,2,10,707016,250000.0,9,0.9
383,2,10,707016,250000.0,6,0.6
384,2,10,210658,250000.0,8,0.8
385,2,10,707016,250000.0,7,0.7
386,2,10,707016,250000.0,10,1.0
387,2,10,707016,250000.0,5,0.5
388,2,10,23676,250000.0,1,0.1
389,2,10,707016,250000.0,10,1.0
390,2,10,707016,250000.0,10,1.0
391,2,10,707016,250000.0,10,1.0
392,2,10,210658,250000.0,10,1.0
393,2,10,707016,250000.0,7,0.7
394,2,10,707016,250000.0,10,1.0
395,2,10,707016,250000.0,10,1.0
396,2,10,58650,250000.0,5,0.5
397,2,10,707016,250000.0,9,0.9
398,2,10,707016,250000.0,9,0.9
399,2,10,210658,250000.0,7,0.7
400,2,10,58650,250000.0,0,0.0
401,2,10,707016,250000.0,3,0.3
402,2,10,707016,250000.0,10,1.0
403,2,10,707016,250000.0,10,1.0
404,2,10,210658,250000.0,5,0.5
405,2,10,707016,250000.0,9,0.9
406,2,10,707016,250000.0,9,0.9
407,2,10,707016,250000.0,9,0.9
408,2,10,707016,250000.0,10,1.0
409,2,10,707016,250000.0,10,1.0
410,2,10,707016,250000.0,4,0.4
411,2,10,23676,250000.0,3,0.3
412,2,10,23676,250000.0,0,0.0
413,2,10,210658,250000.0,5,0.5
414,2,10,707016,250000.0,9,0.9
415,2,10,707016,250000.0,9,0.9
416,2,10,707016,250000.0,8,0.8
417,2,10,210658,250000.0,7,0.7
418,2,10,210658,250000.0,2,0.2
419,2,10,707016,250000.0,9,0.9
420,2,10,58650,250000.0,0,0.0
421,2,10,210658,250000.0,1,0.1
422,2,10,707016,250000.0,10,1.0
423,2,10,707016,250000.0,6,0.6
424,2,10,210658,250000.0,5,0.5
425,2,10,707016,250000.0,10,1.0
426,2,10,707016,250000.0,9,0.9
427,2,10,707016,250000.0,7,0.7
428,2,10,210658,250000.0,7,0.7
429,2,10,707016,250000.0,10,1.0
430,2,10,707016,250000.0,10,1.0
431,2,10,707016,250000.0,9,0.9
432,2,10,707016,250000.0,10,1.0
433,2,10,23676,250000.0,2,0.2
434,2,10,707016,250000.0,10,1.0
435,2,10,707016,250000.0,5,0.5
436,2,10,23676,250000.0,1,0.1
437,2,10,58650,250000.0,1,0.1
438,2,10,707016,250000.0,9,0.9
439,2,10,707016,250000.0,7,0.7
440,2,10,707016,250000.0,4,0.4
441,2,10,707016,250000.0,9,0.9
442,2,10,707016,250000.0,10,1.0
443,2,10,58650,250000.0,2,0.2
444,2,10,210658,250000.0,5,0.5
445,2,10,707016,250000.0,10,1.0
446,2,10,707016,250000.0,10,1.0
447,2,10,707016,250000.0,9,0.9
448,2,10,210658,250000.0,9,0.9
449,2,10,707016,250000.0,10,1.0
450,2,10,707016,250000.0,9,0.9
451,2,10,210658,250000.0,6,0.6
452,2,10,707016,250000.0,3,0.3
453,2,10,210658,250000.0,2,0.2
454,2,10,707016,250000.0,10,1.0
455,2,10,23676,250000.0,1,0.1
456,2,10,707016,250000.0,10,1.0
457,2,10,707016,250000.0,10,1.0
458,2,10,58650,250000.0,2,0.2
459,2,10,707016,250000.0,10,1.0
460,2,10,210658,250000.0,4,0.4
461,2,10,58650,250000.0,3,0.3
462,2,10,210658,250000.0,7,0.7
463,2,10,707016,250000.0,9,0.9
464,2,10,707016,250000.0,10,1.0
465,2,10,707016,250000.0,10,1.0
466,2,10,707016,250000.0,5,0.5
467,2,10,210658,250000.0,4,0.4
468,2,10,210658,250000.0,3,0.3
469,2,10,707016,250000.0,9,0.9
470,2,10,210658,250000.0,6,0.6
471,2,10,707016,250000.0,9,0.9
472,2,10,210658,250000.0,7,0.7
473,2,10,58650,250000.0,5,0.5
474,2,10,707016,250000.0,10,1.0
475,2,10,707016,250000.0,10,1.0
476,2,10,707016,250000.0,10,1.0
477,2,10,58650,250000.0,6,0.6
478,2,10,210658,250000.0,7,0.7
479,2,10,707016,250000.0,6,0.6
480,2,10,707016,250000.0,8,0.8
481,2,10,58650,250000.0,1,0.1
482,2,10,210658,250000.0,10,1.0
483,2,10,23676,250000.0,0,0.0
484,2,10,23676,250000.0,4,0.4
485,2,10,58650,250000.0,1,0.1
486,2,10,210658,250000.0,9,0.9
487,2,10,707016,250000.0,10,1.0
488,2,10,707016,250000.0,10,1.0
489,2,10,707016,250000.0,9,0.9
490,2,10,58650,250000.0,1,0.1
491,2,10,707016,250000.0,5,0.5
492,2,10,23676,250000.0,4,0.4
493,2,10,210658,250000.0,2,0.2
494,2,10,58650,250000.0,7,0.7
495,2,10,707016,250000.0,10,1.0
496,2,10,707016,250000.0,10,1.0
497,2,10,210658,250000.0,2,0.2
498,2,10,707016,250000.0,10,1.0
499,2,10,707016,250000.0,10,1.0
500,2,10,210658,250000.0,5,0.5
501,2,10,58650,250000.0,3,0.3
502,2,10,707016,250000.0,10,1.0
503,2,10,707016,250000.0,8,0.8
504,2,10,707016,250000.0,9,0.9
505,2,10,58650,250000.0,1,0.1
506,2,10,707016,250000.0,10,1.0
507,2,10,707016,250000.0,10,1.0
508,2,10,707016,250000.0,9,0.9
509,2,10,58650,250000.0,5,0.5
510,2,10,707016,250000.0,10,1.0
511,2,10,707016,250000.0,6,0.6
512,2,10,707016,250000.0,3,0.3
513,2,10,707016,250000.0,10,1.0
514,2,10,210658,250000.0,5,0.5
515,2,10,707016,250000.0,10,1.0
516,2,10,23676,250000.0,6,0.6
517,2,10,707016,250000.0,10,1.0
518,2,10,707016,250000.0,10,1.0
519,2,10,58650,250000.0,8,0.8
520,2,10,707016,250000.0,8,0.8
521,2,10,707016,250000.0,10,1.0
522,2,10,23676,250000.0,0,0.0
523,2,10,707016,250000.0,9,0.9
524,2,10,210658,250000.0,5,0.5
525,2,10,707016,250000.0,10,1.0
526,2,10,210658,250000.0,2,0.2
527,2,10,23676,250000.0,0,0.0
528,2,10,707016,250000.0,6,0.6
529,2,10,210658,250000.0,7,0.7
530,2,10,210658,250000.0,7,0.7
531,2,10,707016,250000.0,10,1.0
532,2,10,707016,250000.0,10,1.0
533,2,10,58650,250000.0,1,0.1
534,2,10,210658,250000.0,7,0.7
535,2,10,707016,250000.0,10,1.0
536,2,10,58650,250000.0,3,0.3
537,2,10,707016,250000.0,8,0.8
538,2,10,707016,250000.0,8,0.8
539,2,10,58650,250000.0,5,0.5
540,2,10,210658,250000.0,2,0.2
541,2,10,707016,250000.0,10,1.0
542,2,10,707016,250000.0,8,0.8
543,2,10,58650,250000.0,0,0.0
544,2,10,707016,250000.0,7,0.7
545,2,10,707016,250000.0,9,0.9
546,2,10,707016,250000.0,9,0.9
547,2,10,210658,250000.0,7,0.7
548,2,10,23676,250000.0,0,0.0
549,2,10,58650,250000.0,6,0.6
550,2,10,707016,250000.0,10,1.0
551,2,10,707016,250000.0,10,1.0
552,2,10,58650,250000.0,4,0.4
553,2,10,210658,250000.0,4,0.4
554,2,10,210658,250000.0,5,0.5
555,2,10,707016,250000.0,10,1.0
556,2,10,707016,250000.0,10,1.0
557,2,10,707016,250000.0,9,0.9
558,2,10,707016,250000.0,10,1.0
559,2,10,707016,250000.0,10,1.0
560,2,10,707016,250000.0,6,0.6
561,2,10,210658,250000.0,2,0.2
562,2,10,707016,250000.0,9,0.9
563,2,10,210658,250000.0,1,0.1
564,2,10,23676,250000.0,4,0.4
565,2,10,210658,250000.0,0,0.0
566,2,10,23676,250000.0,4,0.4
567,2,10,210658,250000.0,4,0.4
568,2,10,707016,250000.0,10,1.0
569,2,10,707016,250000.0,10,1.0
570,2,10,707016,250000.0,10,1.0
571,2,10,707016,250000.0,8,0.8
572,2,10,707016,250000.0,10,1.0
573,2,10,210658,250000.0,7,0.7
574,2,10,707016,250000.0,10,1.0
575,2,10,707016,250000.0,10,1.0
576,2,10,210658,250000.0,7,0.7
577,2,10,210658,250000.0,7,0.7
578,2,10,707016,250000.0,9,0.9
579,2,10,210658,250000.0,3,0.3
580,2,10,707016,250000.0,7,0.7
581,2,10,23676,250000.0,2,0.2
582,2,10,707016,250000.0,10,1.0
583,2,10,707016,250000.0,10,1.0
584,2,10,707016,250000.0,9,0.9
585,2,10,707016,250000.0,10,1.0
586,2,10,707016,250000.0,10,1.0
587,2,10,707016,250000.0,10,1.0
588,2,10,210658,250000.0,1,0.1
589,2,10,707016,250000.0,10,1.0
590,2,10,707016,250000.0,8,0.8
591,2,10,707016,250000.0,8,0.8
592,2,10,707016,250000.0,4,0.4
593,2,10,707016,250000.0,9,0.9
594,2,10,707016,250000.0,10,1.0
595,2,10,707016,250000.0,10,1.0
596,2,10,707016,250000.0,7,0.7
597,2,10,210658,250000.0,4,0.4
598,2,10,210658,250000.0,1,0.1
599,2,10,707016,250000.0,10,1.0
600,2,10,707016,250000.0,10,1.0
601,2,10,707016,250000.0,7,0.7
602,2,10,210658,250000.0,2,0.2
603,2,10,707016,250000.0,2,0.2
604,2,10,707016,250000.0,10,1.0
605,2,10,210658,250000.0,1,0.1
606,2,10,210658,250000.0,9,0.9
607,2,10,58650,250000.0,1,0.1
608,2,10,210658,250000.0,10,1.0
609,2,10,210658,250000.0,6,0.6
610,2,10,23676,250000.0,3,0.3
611,2,10,707016,250000.0,10,1.0
612,2,10,210658,250000.0,10,1.0
613,2,10,210658,250000.0,1,0.1
614,2,10,707016,250000.0,7,0.7
615,2,10,707016,250000.0,8,0.8
616,2,10,707016,250000.0,10,1.0
617,2,10,58650,250000.0,1,0.1
618,2,10,58650,250000.0,6,0.6
619,2,10,210658,250000.0,4,0.4
620,2,10,707016,250000.0,10,1.0
621,2,10,707016,250000.0,7,0.7
622,2,10,707016,250000.0,10,1.0
623,2,10,707016,250000.0,10,1.0
624,2,10,707016,250000.0,10,1.0
625,2,10,707016,250000.0,10,1.0
626,2,10,707016,250000.0,9,0.9
627,2,10,707016,250000.0,9,0.9
628,2,10,707016,250000.0,9,0.9
629,2,10,707016,250000.0,10,1.0
630,2,10,707016,250000.0,10,1.0
631,2,10,707016,250000.0,4,0.4
632,2,10,707016,250000.0,9,0.9
633,2,10,707016,250000.0,10,1.0
634,2,10,210658,250000.0,3,0.3
635,2,10,58650,250000.0,5,0.5
636,2,10,707016,250000.0,9,0.9
637,2,10,707016,250000.0,10,1.0
638,2,10,210658,250000.0,1,0.1
639,2,10,707016,250000.0,7,0.7
640,2,10,707016,250000.0,9,0.9
641,2,10,210658,250000.0,4,0.4
642,2,10,210658,250000.0,6,0.6
643,2,10,707016,250000.0,7,0.7
644,2,10,707016,250000.0,10,1.0
645,2,10,707016,250000.0,7,0.7
646,2,10,707016,250000.0,10,1.0
647,2,10,707016,250000.0,9,0.9
648,2,10,707016,250000.0,10,1.0
649,2,10,707016,250000.0,9,0.9
650,2,10,707016,250000.0,9,0.9
651,2,10,707016,250000.0,10,1.0
652,2,10,707016,250000.0,10,1.0
653,2,10,58650,250000.0,0,0.0
654,2,10,707016,250000.0,5,0.5
655,2,10,210658,250000.0,2,0.2
656,2,10,707016,250000.0,10,1.0
657,2,10,210658,250000.0,5,0.5
658,2,10,707016,250000.0,8,0.8
659,2,10,707016,250000.0,10,1.0
660,2,10,210658,250000.0,2,0.2
661,2,10,707016,250000.0,10,1.0
662,2,10,210658,250000.0,0,0.0
663,2,10,58650,250000.0,9,0.9
664,2,10,707016,250000.0,10,1.0
665,2,10,707016,250000.0,10,1.0
666,2,10,210658,250000.0,4,0.4
667,2,10,707016,250000.0,10,1.0
668,2,10,707016,250000.0,9,0.9
669,2,10,707016,250000.0,6,0.6
670,2,10,210658,250000.0,7,0.7
671,2,10,707016,250000.0,10,1.0
672,2,10,707016,250000.0,10,1.0
673,2,10,707016,250000.0,10,1.0
674,2,10,707016,250000.0,8,0.8
675,2,10,707016,250000.0,10,1.0
676,2,10,707016,250000.0,5,0.5
677,2,10,707016,250000.0,10,1.0
678,2,10,707016,250000.0,7,0.7
679,2,10,707016,250000.0,8,0.8
680,2,10,707016,250000.0,10,1.0
681,2,10,707016,250000.0,9,0.9
682,2,10,707016,250000.0,10,1.0
683,2,10,707016,250000.0,9,0.9
684,2,10,707016,250000.0,8,0.8
685,2,10,707016,250000.0,10,1.0
686,2,10,707016,250000.0,10,1.0
687,2,10,707016,250000.0,10,1.0
688,2,10,58650,250000.0,1,0.1
689,2,10,707016,250000.0,8,0.8
690,2,10,707016,250000.0,6,0.6
691,2,10,210658,250000.0,8,0.8
692,2,10,707016,250000.0,7,0.7
693,2,10,707016,250000.0,4,0.4
694,2,10,58650,250000.0,4,0.4
695,2,10,58650,250000.0,10,1.0
696,2,10,707016,250000.0,8,0.8
697,2,10,707016,250000.0,8,0.8
698,2,10,707016,250000.0,10,1.0
699,2,10,707016,250000.0,5,0.5
700,2,10,210658,250000.0,2,0.2
701,2,10,707016,250000.0,9,0.9
702,2,10,707016,250000.0,10,1.0
703,2,10,707016,250000.0,8,0.8
704,2,10,210658,250000.0,1,0.1
705,2,10,707016,250000.0,10,1.0
706,2,10,58650,250000.0,5,0.5
707,2,10,210658,250000.0,9,0.9
708,2,10,707016,250000.0,10,1.0
709,2,10,707016,250000.0,10,1.0
710,2,10,707016,250000.0,10,1.0
711,2,10,23676,250000.0,1,0.1
712,2,10,707016,250000.0,9,0.9
713,2,10,707016,250000.0,10,1.0
714,2,10,210658,250000.0,7,0.7
715,2,10,707016,250000.0,10,1.0
716,2,10,58650,250000.0,6,0.6
717,2,10,707016,250000.0,10,1.0
718,2,10,707016,250000.0,10,1.0
719,2,10,210658,250000.0,9,0.9
720,2,10,210658,250000.0,10,1.0
721,2,10,23676,250000.0,0,0.0
722,2,10,58650,250000.0,2,0.2
723,2,10,707016,250000.0,10,1.0
724,2,10,23676,250000.0,0,0.0
725,2,10,58650,250000.0,1,0.1
726,2,10,707016,250000.0,9,0.9
727,2,10,707016,250000.0,9,0.9
728,2,10,707016,250000.0,10,1.0
729,2,10,707016,250000.0,7,0.7
730,2,10,707016,250000.0,9,0.9
731,2,10,707016,250000.0,10,1.0
732,2,10,58650,250000.0,1,0.1
733,2,10,707016,250000.0,7,0.7
734,2,10,707016,250000.0,9,0.9
735,2,10,210658,250000.0,0,0.0
736,2,10,707016,250000.0,10,1.0
737,2,10,210658,250000.0,8,0.8
738,2,10,210658,250000.0,1,0.1
739,2,10,58650,250000.0,3,0.3
740,2,10,707016,250000.0,7,0.7
741,2,10,707016,250000.0,10,1.0
742,2,10,707016,250000.0,10,1.0
743,2,10,707016,250000.0,10,1.0
744,2,10,707016,250000.0,9,0.9
745,2,10,210658,250000.0,1,0.1
746,2,10,707016,250000.0,10,1.0
747,2,10,707016,250000.0,9,0.9
748,2,10,707016,250000.0,10,1.0
749,2,10,58650,250000.0,9,0.9
750,2,10,58650,250000.0,3,0.3
751,2,10,707016,250000.0,7,0.7
752,2,10,210658,250000.0,3,0.3
753,2,10,707016,250000.0,10,1.0
754,2,10,210658,250000.0,0,0.0
755,2,10,210658,250000.0,8,0.8
756,2,10,707016,250000.0,10,1.0
757,2,10,210658,250000.0,6,0.6
758,2,10,210658,250000.0,6,0.6
759,2,10,707016,250000.0,5,0.5
760,2,10,707016,250000.0,6,0.6
761,2,10,58650,250000.0,1,0.1
762,2,10,707016,250000.0,9,0.9
763,2,10,707016,250000.0,6,0.6
764,2,10,707016,250000.0,10,1.0
765,2,10,707016,250000.0,9,0.9
766,2,10,210658,250000.0,3,0.3
767,2,10,707016,250000.0,9,0.9
768,2,10,210658,250000.0,4,0.4
769,2,10,707016,250000.0,10,1.0
770,2,10,707016,250000.0,10,1.0
771,2,10,210658,250000.0,7,0.7
772,2,10,707016,250000.0,7,0.7
773,2,10,707016,250000.0,5,0.5
774,2,10,707016,250000.0,10,1.0
775,2,10,210658,250000.0,2,0.2
776,2,10,23676,250000.0,9,0.9
777,2,10,58650,250000.0,0,0.0
778,2,10,707016,250000.0,9,0.9
779,2,10,707016,250000.0,7,0.7
780,2,10,210658,250000.0,4,0.4
781,2,10,707016,250000.0,7,0.7
782,2,10,210658,250000.0,10,1.0
783,2,10,23676,250000.0,3,0.3
784,2,10,707016,250000.0,9,0.9
785,2,10,707016,250000.0,10,1.0
786,2,10,707016,250000.0,7,0.7
787,2,10,707016,250000.0,9,0.9
788,2,10,707016,250000.0,10,1.0
789,2,10,707016,250000.0,9,0.9
790,2,10,707016,250000.0,8,0.8
791,2,10,707016,250000.0,9,0.9
792,2,10,707016,250000.0,9,0.9
793,2,10,707016,250000.0,10,1.0
794,2,10,58650,250000.0,6,0.6
795,2,10,210658,250000.0,8,0.8
796,2,10,707016,250000.0,6,0.6
797,2,10,210658,250000.0,4,0.4
798,2,10,707016,250000.0,8,0.8
799,2,10,707016,250000.0,10,1.0
800,2,10,23676,250000.0,2,0.2
801,2,10,707016,250000.0,9,0.9
802,2,10,707016,250000.0,8,0.8
803,2,10,210658,250000.0,8,0.8
804,2,10,707016,250000.0,4,0.4
805,2,10,707016,250000.0,10,1.0
806,2,10,707016,250000.0,10,1.0
807,2,10,210658,250000.0,5,0.5
808,2,10,707016,250000.0,10,1.0
809,2,10,707016,250000.0,10,1.0
810,2,10,707016,250000.0,10,1.0
811,2,10,707016,250000.0,10,1.0
812,2,10,707016,250000.0,10,1.0
813,2,10,707016,250000.0,10,1.0
814,2,10,707016,250000.0,10,1.0
815,2,10,210658,250000.0,2,0.2
816,2,10,58650,250000.0,0,0.0
817,2,10,707016,250000.0,8,0.8
818,2,10,210658,250000.0,0,0.0
819,2,10,707016,250000.0,10,1.0
820,2,10,707016,250000.0,10,1.0
821,2,10,707016,250000.0,6,0.6
822,2,10,707016,250000.0,10,1.0
823,2,10,210658,250000.0,5,0.5
824,2,10,707016,250000.0,10,1.0
825,2,10,707016,250000.0,10,1.0
826,2,10,707016,250000.0,6,0.6
827,2,10,707016,250000.0,10,1.0
828,2,10,707016,250000.0,10,1.0
829,2,10,210658,250000.0,9,0.9
830,2,10,707016,250000.0,10,1.0
831,2,10,707016,250000.0,8,0.8
832,2,10,23676,250000.0,2,0.2
833,2,10,707016,250000.0,10,1.0
834,2,10,707016,250000.0,10,1.0
835,2,10,707016,250000.0,10,1.0
836,2,10,707016,250000.0,10,1.0
837,2,10,707016,250000.0,10,1.0
838,2,10,707016,250000.0,10,1.0
839,2,10,707016,250000.0,10,1.0
840,2,10,707016,250000.0,10,1.0
841,2,10,58650,250000.0,6,0.6
842,2,10,707016,250000.0,10,1.0
843,2,10,707016,250000.0,9,0.9
844,2,10,707016,250000.0,10,1.0
845,2,10,707016,250000.0,10,1.0
846,2,10,707016,250000.0,9,0.9
847,2,10,707016,250000.0,8,0.8
848,2,10,707016,250000.0,10,1.0
849,2,10,707016,250000.0,9,0.9
850,2,10,210658,250000.0,7,0.7
851,2,10,707016,250000.0,10,1.0
852,2,10,707016,250000.0,6,0.6
853,2,10,707016,250000.0,7,0.7
854,2,10,707016,250000.0,8,0.8
855,2,10,707016,250000.0,8,0.8
856,2,10,707016,250000.0,10,1.0
857,2,10,707016,250000.0,4,0.4
858,2,10,707016,250000.0,10,1.0
859,2,10,210658,250000.0,3,0.3
860,2,10,210658,250000.0,6,0.6
861,2,10,58650,250000.0,3,0.3
862,2,10,707016,250000.0,10,1.0
863,2,10,23676,250000.0,1,0.1
864,2,10,58650,250000.0,1,0.1
865,2,10,707016,250000.0,10,1.0
866,2,10,707016,250000.0,10,1.0
867,2,10,210658,250000.0,7,0.7
868,2,10,707016,250000.0,9,0.9
869,2,10,707016,250000.0,10,1.0
870,2,10,707016,250000.0,10,1.0
871,2,10,707016,250000.0,8,0.8
872,2,10,58650,250000.0,6,0.6
873,2,10,58650,250000.0,3,0.3
874,2,10,707016,250000.0,10,1.0
875,2,10,210658,250000.0,4,0.4
876,2,10,58650,250000.0,3,0.3
877,2,10,210658,250000.0,4,0.4
878,2,10,707016,250000.0,10,1.0
879,2,10,210658,250000.0,4,0.4
880,2,10,707016,250000.0,5,0.5
881,2,10,707016,250000.0,4,0.4
882,2,10,210658,250000.0,7,0.7
883,2,10,707016,250000.0,9,0.9
884,2,10,707016,250000.0,3,0.3
885,2,10,707016,250000.0,8,0.8
886,2,10,58650,250000.0,5,0.5
887,2,10,210658,250000.0,3,0.3
888,2,10,707016,250000.0,10,1.0
889,2,10,707016,250000.0,10,1.0
890,2,10,707016,250000.0,10,1.0
891,2,10,707016,250000.0,7,0.7
892,2,10,210658,250000.0,10,1.0
893,2,10,707016,250000.0,10,1.0
894,2,10,707016,250000.0,10,1.0
895,2,10,58650,250000.0,7,0.7
896,2,10,58650,250000.0,1,0.1
897,2,10,707016,250000.0,10,1.0
898,2,10,707016,250000.0,10,1.0
899,2,10,707016,250000.0,10,1.0
900,2,10,210658,250000.0,1,0.1
901,2,10,707016,250000.0,10,1.0
902,2,10,707016,250000.0,7,0.7
903,2,10,707016,250000.0,10,1.0
904,2,10,707016,250000.0,9,0.9
905,2,10,707016,250000.0,10,1.0
906,2,10,58650,250000.0,3,0.3
907,2,10,210658,250000.0,8,0.8
908,2,10,707016,250000.0,10,1.0
909,2,10,707016,250000.0,10,1.0
910,2,10,707016,250000.0,5,0.5
911,2,10,58650,250000.0,3,0.3
912,2,10,707016,250000.0,9,0.9
913,2,10,210658,250000.0,5,0.5
914,2,10,707016,250000.0,10,1.0
915,2,10,707016,250000.0,10,1.0
916,2,10,707016,250000.0,10,1.0
917,2,10,707016,250000.0,10,1.0
918,2,10,23676,250000.0,0,0.0
919,2,10,210658,250000.0,3,0.3
920,2,10,707016,250000.0,9,0.9
921,2,10,707016,250000.0,9,0.9
922,2,10,210658,250000.0,7,0.7
923,2,10,23676,250000.0,0,0.0
924,2,10,707016,250000.0,8,0.8
925,2,10,707016,250000.0,6,0.6
926,2,10,707016,250000.0,9,0.9
927,2,10,707016,250000.0,9,0.9
928,2,10,707016,250000.0,10,1.0
929,2,10,707016,250000.0,7,0.7
930,2,10,58650,250000.0,4,0.4
931,2,10,707016,250000.0,4,0.4
932,2,10,707016,250000.0,10,1.0
933,2,10,707016,250000.0,4,0.4
934,2,10,210658,250000.0,5,0.5
935,2,10,210658,250000.0,9,0.9
936,2,10,210658,250000.0,4,0.4
937,2,10,707016,250000.0,8,0.8
938,2,10,707016,250000.0,7,0.7
939,2,10,23676,250000.0,1,0.1
940,2,10,707016,250000.0,9,0.9
941,2,10,707016,250000.0,7,0.7
942,2,10,707016,250000.0,10,1.0
943,2,10,707016,250000.0,9,0.9
944,2,10,707016,250000.0,9,0.9
945,2,10,210658,250000.0,6,0.6
946,2,10,707016,250000.0,10,1.0
947,2,10,58650,250000.0,1,0.1
948,2,10,210658,250000.0,1,0.1
949,2,10,210658,250000.0,2,0.2
950,2,10,707016,250000.0,10,1.0
951,2,10,707016,250000.0,6,0.6
952,2,10,707016,250000.0,10,1.0
953,2,10,707016,250000.0,10,1.0
954,2,10,707016,250000.0,10,1.0
955,2,10,707016,250000.0,10,1.0
956,2,10,707016,250000.0,10,1.0
957,2,10,210658,250000.0,3,0.3
958,2,10,58650,250000.0,1,0.1
959,2,10,210658,250000.0,8,0.8
960,2,10,210658,250000.0,1,0.1
961,2,10,707016,250000.0,10,1.0
962,2,10,707016,250000.0,9,0.9
963,2,10,58650,250000.0,2,0.2
964,2,10,707016,250000.0,10,1.0
965,2,10,707016,250000.0,10,1.0
966,2,10,210658,250000.0,6,0.6
967,2,10,707016,250000.0,8,0.8
968,2,10,210658,250000.0,3,0.3
969,2,10,210658,250000.0,2,0.2
970,2,10,707016,250000.0,4,0.4
971,2,10,58650,250000.0,2,0.2
972,2,10,707016,250000.0,10,1.0
973,2,10,707016,250000.0,4,0.4
974,2,10,707016,250000.0,10,1.0
975,2,10,58650,250000.0,4,0.4
976,2,10,707016,250000.0,4,0.4
977,2,10,707016,250000.0,7,0.7
978,2,10,707016,250000.0,10,1.0
979,2,10,707016,250000.0,8,0.8
980,2,10,210658,250000.0,5,0.5
981,2,10,707016,250000.0,9,0.9
982,2,10,707016,250000.0,9,0.9
983,2,10,707016,250000.0,7,0.7
984,2,10,210658,250000.0,6,0.6
985,2,10,707016,250000.0,7,0.7
986,2,10,707016,250000.0,9,0.9
987,2,10,210658,250000.0,10,1.0
988,2,10,707016,250000.0,10,1.0
989,2,10,707016,250000.0,7,0.7
990,2,10,707016,250000.0,8,0.8
991,2,10,58650,250000.0,9,0.9
992,2,10,707016,250000.0,6,0.6
993,2,10,58650,250000.0,8,0.8
994,2,10,58650,250000.0,0,0.0
995,2,10,707016,250000.0,10,1.0
996,2,10,707016,250000.0,10,1.0
997,2,10,210658,250000.0,1,0.1
998,2,10,707016,250000.0,8,0.8
999,2,10,707016,250000.0,10,1.0
0,2,100,210658,250000.0,43,0.43
1,2,100,58650,250000.0,29,0.29
2,2,100,707016,250000.0,69,0.69
3,2,100,23676,250000.0,29,0.29
4,2,100,707016,250000.0,91,0.91
5,2,100,707016,250000.0,84,0.84
6,2,100,707016,250000.0,78,0.78
7,2,100,210658,250000.0,65,0.65
8,2,100,707016,250000.0,79,0.79
9,2,100,58650,250000.0,14,0.14
10,2,100,210658,250000.0,18,0.18
11,2,100,23676,250000.0,1,0.01
12,2,100,707016,250000.0,82,0.82
13,2,100,58650,250000.0,11,0.11
14,2,100,707016,250000.0,90,0.9
15,2,100,210658,250000.0,54,0.54
16,2,100,707016,250000.0,90,0.9
17,2,100,707016,250000.0,100,1.0
18,2,100,707016,250000.0,98,0.98
19,2,100,210658,250000.0,11,0.11
20,2,100,707016,250000.0,90,0.9
21,2,100,707016,250000.0,100,1.0
22,2,100,58650,250000.0,13,0.13
23,2,100,707016,250000.0,79,0.79
24,2,100,58650,250000.0,15,0.15
25,2,100,707016,250000.0,87,0.87
26,2,100,707016,250000.0,100,1.0
27,2,100,707016,250000.0,98,0.98
28,2,100,210658,250000.0,43,0.43
29,2,100,707016,250000.0,99,0.99
30,2,100,210658,250000.0,14,0.14
31,2,100,707016,250000.0,100,1.0
32,2,100,58650,250000.0,7,0.07
33,2,100,707016,250000.0,86,0.86
34,2,100,707016,250000.0,89,0.89
35,2,100,707016,250000.0,88,0.88
36,2,100,210658,250000.0,11,0.11
37,2,100,707016,250000.0,63,0.63
38,2,100,707016,250000.0,97,0.97
39,2,100,707016,250000.0,100,1.0
40,2,100,707016,250000.0,74,0.74
41,2,100,707016,250000.0,78,0.78
42,2,100,707016,250000.0,79,0.79
43,2,100,707016,250000.0,96,0.96
44,2,100,58650,250000.0,73,0.73
45,2,100,707016,250000.0,97,0.97
46,2,100,210658,250000.0,10,0.1
47,2,100,707016,250000.0,89,0.89
48,2,100,707016,250000.0,92,0.92
49,2,100,707016,250000.0,95,0.95
50,2,100,707016,250000.0,49,0.49
51,2,100,707016,250000.0,100,1.0
52,2,100,707016,250000.0,83,0.83
53,2,100,707016,250000.0,95,0.95
54,2,100,707016,250000.0,98,0.98
55,2,100,58650,250000.0,8,0.08
56,2,100,707016,250000.0,99,0.99
57,2,100,23676,250000.0,21,0.21
58,2,100,707016,250000.0,100,1.0
59,2,100,707016,250000.0,91,0.91
60,2,100,707016,250000.0,93,0.93
61,2,100,707016,250000.0,97,0.97
62,2,100,707016,250000.0,80,0.8
63,2,100,707016,250000.0,79,0.79
64,2,100,707016,250000.0,94,0.94
65,2,100,707016,250000.0,96,0.96
66,2,100,210658,250000.0,13,0.13
67,2,100,210658,250000.0,91,0.91
68,2,100,210658,250000.0,20,0.2
69,2,100,707016,250000.0,93,0.93
70,2,100,58650,250000.0,11,0.11
71,2,100,707016,250000.0,67,0.67
72,2,100,707016,250000.0,74,0.74
73,2,100,707016,250000.0,61,0.61
74,2,100,707016,250000.0,96,0.96
75,2,100,707016,250000.0,88,0.88
76,2,100,707016,250000.0,83,0.83
77,2,100,23676,250000.0,4,0.04
78,2,100,707016,250000.0,50,0.5
79,2,100,707016,250000.0,98,0.98
80,2,100,210658,250000.0,28,0.28
81,2,100,707016,250000.0,95,0.95
82,2,100,707016,250000.0,91,0.91
83,2,100,210658,250000.0,23,0.23
84,2,100,707016,250000.0,98,0.98
85,2,100,707016,250000.0,80,0.8
86,2,100,707016,250000.0,76,0.76
87,2,100,707016,250000.0,83,0.83
88,2,100,23676,250000.0,33,0.33
89,2,100,707016,250000.0,97,0.97
90,2,100,707016,250000.0,95,0.95
91,2,100,707016,250000.0,67,0.67
92,2,100,707016,250000.0,55,0.55
93,2,100,707016,250000.0,100,1.0
94,2,100,707016,250000.0,98,0.98
95,2,100,210658,250000.0,30,0.3
96,2,100,210658,250000.0,2,0.02
97,2,100,210658,250000.0,62,0.62
98,2,100,210658,250000.0,67,0.67
99,2,100,58650,250000.0,27,0.27
100,2,100,707016,250000.0,88,0.88
101,2,100,210658,250000.0,48,0.48
102,2,100,210658,250000.0,51,0.51
103,2,100,707016,250000.0,91,0.91
104,2,100,707016,250000.0,67,0.67
105,2,100,58650,250000.0,42,0.42
106,2,100,707016,250000.0,85,0.85
107,2,100,707016,250000.0,66,0.66
108,2,100,58650,250000.0,33,0.33
109,2,100,707016,250000.0,59,0.59
110,2,100,707016,250000.0,18,0.18
111,2,100,707016,250000.0,84,0.84
112,2,100,210658,250000.0,50,0.5
113,2,100,707016,250000.0,83,0.83
114,2,100,58650,250000.0,18,0.18
115,2,100,707016,250000.0,92,0.92
116,2,100,707016,250000.0,90,0.9
117,2,100,707016,250000.0,84,0.84
118,2,100,707016,250000.0,96,0.96
119,2,100,23676,250000.0,31,0.31
120,2,100,210658,250000.0,93,0.93
121,2,100,707016,250000.0,93,0.93
122,2,100,707016,250000.0,96,0.96
123,2,100,210658,250000.0,50,0.5
124,2,100,707016,250000.0,94,0.94
125,2,100,707016,250000.0,94,0.94
126,2,100,23676,250000.0,8,0.08
127,2,100,707016,250000.0,46,0.46
128,2,100,707016,250000.0,17,0.17
129,2,100,210658,250000.0,35,0.35
130,2,100,210658,250000.0,8,0.08
131,2,100,707016,250000.0,99,0.99
132,2,100,707016,250000.0,97,0.97
133,2,100,23676,250000.0,23,0.23
134,2,100,23676,250000.0,8,0.08
135,2,100,210658,250000.0,10,0.1
136,2,100,707016,250000.0,96,0.96
137,2,100,58650,250000.0,18,0.18
138,2,100,707016,250000.0,72,0.72
139,2,100,707016,250000.0,70,0.7
140,2,100,707016,250000.0,35,0.35
141,2,100,707016,250000.0,99,0.99
142,2,100,707016,250000.0,95,0.95
143,2,100,707016,250000.0,88,0.88
144,2,100,707016,250000.0,76,0.76
145,2,100,707016,250000.0,31,0.31
146,2,100,707016,250000.0,93,0.93
147,2,100,210658,250000.0,70,0.7
148,2,100,707016,250000.0,100,1.0
149,2,100,210658,250000.0,20,0.2
150,2,100,707016,250000.0,80,0.8
151,2,100,707016,250000.0,80,0.8
152,2,100,707016,250000.0,54,0.54
153,2,100,707016,250000.0,100,1.0
154,2,100,707016,250000.0,54,0.54
155,2,100,707016,250000.0,100,1.0
156,2,100,707016,250000.0,99,0.99
157,2,100,707016,250000.0,83,0.83
158,2,100,707016,250000.0,76,0.76
159,2,100,58650,250000.0,25,0.25
160,2,100,23676,250000.0,8,0.08
161,2,100,707016,250000.0,85,0.85
162,2,100,707016,250000.0,74,0.74
163,2,100,707016,250000.0,75,0.75
164,2,100,23676,250000.0,4,0.04
165,2,100,707016,250000.0,96,0.96
166,2,100,58650,250000.0,9,0.09
167,2,100,707016,250000.0,90,0.9
168,2,100,210658,250000.0,20,0.2
169,2,100,58650,250000.0,56,0.56
170,2,100,58650,250000.0,13,0.13
171,2,100,707016,250000.0,97,0.97
172,2,100,707016,250000.0,77,0.77
173,2,100,707016,250000.0,99,0.99
174,2,100,210658,250000.0,34,0.34
175,2,100,707016,250000.0,100,1.0
176,2,100,707016,250000.0,69,0.69
177,2,100,707016,250000.0,89,0.89
178,2,100,707016,250000.0,78,0.78
179,2,100,707016,250000.0,73,0.73
180,2,100,707016,250000.0,100,1.0
181,2,100,210658,250000.0,19,0.19
182,2,100,210658,250000.0,23,0.23
183,2,100,210658,250000.0,19,0.19
184,2,100,707016,250000.0,100,1.0
185,2,100,707016,250000.0,94,0.94
186,2,100,707016,250000.0,66,0.66
187,2,100,707016,250000.0,61,0.61
188,2,100,707016,250000.0,72,0.72
189,2,100,707016,250000.0,96,0.96
190,2,100,210658,250000.0,25,0.25
191,2,100,58650,250000.0,15,0.15
192,2,100,707016,250000.0,100,1.0
193,2,100,707016,250000.0,80,0.8
194,2,100,707016,250000.0,65,0.65
195,2,100,707016,250000.0,99,0.99
196,2,100,707016,250000.0,96,0.96
197,2,100,707016,250000.0,88,0.88
198,2,100,707016,250000.0,91,0.91
199,2,100,707016,250000.0,82,0.82
200,2,100,210658,250000.0,10,0.1
201,2,100,707016,250000.0,80,0.8
202,2,100,707016,250000.0,99,0.99
203,2,100,707016,250000.0,100,1.0
204,2,100,707016,250000.0,85,0.85
205,2,100,58650,250000.0,44,0.44
206,2,100,707016,250000.0,56,0.56
207,2,100,707016,250000.0,99,0.99
208,2,100,210658,250000.0,25,0.25
209,2,100,210658,250000.0,18,0.18
210,2,100,58650,250000.0,37,0.37
211,2,100,707016,250000.0,63,0.63
212,2,100,707016,250000.0,37,0.37
213,2,100,707016,250000.0,73,0.73
214,2,100,707016,250000.0,72,0.72
215,2,100,210658,250000.0,5,0.05
216,2,100,707016,250000.0,93,0.93
217,2,100,707016,250000.0,85,0.85
218,2,100,707016,250000.0,100,1.0
219,2,100,707016,250000.0,87,0.87
220,2,100,707016,250000.0,85,0.85
221,2,100,707016,250000.0,32,0.32
222,2,100,707016,250000.0,94,0.94
223,2,100,707016,250000.0,97,0.97
224,2,100,707016,250000.0,98,0.98
225,2,100,23676,250000.0,8,0.08
226,2,100,707016,250000.0,65,0.65
227,2,100,707016,250000.0,99,0.99
228,2,100,707016,250000.0,89,0.89
229,2,100,707016,250000.0,68,0.68
230,2,100,210658,250000.0,74,0.74
231,2,100,707016,250000.0,100,1.0
232,2,100,58650,250000.0,56,0.56
233,2,100,210658,250000.0,44,0.44
234,2,100,707016,250000.0,68,0.68
235,2,100,707016,250000.0,98,0.98
236,2,100,707016,250000.0,94,0.94
237,2,100,210658,250000.0,27,0.27
238,2,100,210658,250000.0,76,0.76
239,2,100,707016,250000.0,64,0.64
240,2,100,707016,250000.0,94,0.94
241,2,100,707016,250000.0,100,1.0
242,2,100,707016,250000.0,98,0.98
243,2,100,707016,250000.0,99,0.99
244,2,100,707016,250000.0,29,0.29
245,2,100,707016,250000.0,91,0.91
246,2,100,210658,250000.0,46,0.46
247,2,100,707016,250000.0,94,0.94
248,2,100,58650,250000.0,12,0.12
249,2,100,707016,250000.0,87,0.87
250,2,100,707016,250000.0,87,0.87
251,2,100,707016,250000.0,90,0.9
252,2,100,707016,250000.0,89,0.89
253,2,100,210658,250000.0,32,0.32
254,2,100,58650,250000.0,5,0.05
255,2,100,210658,250000.0,73,0.73
256,2,100,210658,250000.0,25,0.25
257,2,100,707016,250000.0,93,0.93
258,2,100,707016,250000.0,86,0.86
259,2,100,707016,250000.0,78,0.78
260,2,100,210658,250000.0,45,0.45
261,2,100,707016,250000.0,72,0.72
262,2,100,210658,250000.0,33,0.33
263,2,100,23676,250000.0,9,0.09
264,2,100,707016,250000.0,45,0.45
265,2,100,210658,250000.0,74,0.74
266,2,100,210658,250000.0,55,0.55
267,2,100,707016,250000.0,92,0.92
268,2,100,210658,250000.0,52,0.52
269,2,100,707016,250000.0,98,0.98
270,2,100,707016,250000.0,60,0.6
271,2,100,707016,250000.0,88,0.88
272,2,100,707016,250000.0,90,0.9
273,2,100,210658,250000.0,9,0.09
274,2,100,210658,250000.0,7,0.07
275,2,100,707016,250000.0,78,0.78
276,2,100,707016,250000.0,93,0.93
277,2,100,210658,250000.0,15,0.15
278,2,100,707016,250000.0,94,0.94
279,2,100,707016,250000.0,89,0.89
280,2,100,707016,250000.0,55,0.55
281,2,100,707016,250000.0,93,0.93
282,2,100,707016,250000.0,99,0.99
283,2,100,707016,250000.0,93,0.93
284,2,100,707016,250000.0,48,0.48
285,2,100,210658,250000.0,40,0.4
286,2,100,58650,250000.0,32,0.32
287,2,100,210658,250000.0,21,0.21
288,2,100,707016,250000.0,63,0.63
289,2,100,707016,250000.0,100,1.0
290,2,100,707016,250000.0,91,0.91
291,2,100,210658,250000.0,39,0.39
292,2,100,210658,250000.0,11,0.11
293,2,100,23676,250000.0,21,0.21
294,2,100,707016,250000.0,100,1.0
295,2,100,707016,250000.0,73,0.73
296,2,100,707016,250000.0,83,0.83
297,2,100,58650,250000.0,22,0.22
298,2,100,707016,250000.0,51,0.51
299,2,100,707016,250000.0,83,0.83
300,2,100,210658,250000.0,37,0.37
301,2,100,210658,250000.0,70,0.7
302,2,100,58650,250000.0,12,0.12
303,2,100,210658,250000.0,45,0.45
304,2,100,58650,250000.0,18,0.18
305,2,100,707016,250000.0,100,1.0
306,2,100,707016,250000.0,100,1.0
307,2,100,210658,250000.0,29,0.29
308,2,100,707016,250000.0,81,0.81
309,2,100,707016,250000.0,96,0.96
310,2,100,210658,250000.0,16,0.16
311,2,100,23676,250000.0,41,0.41
312,2,100,707016,250000.0,100,1.0
313,2,100,707016,250000.0,92,0.92
314,2,100,58650,250000.0,14,0.14
315,2,100,707016,250000.0,65,0.65
316,2,100,707016,250000.0,85,0.85
317,2,100,707016,250000.0,48,0.48
318,2,100,707016,250000.0,88,0.88
319,2,100,58650,250000.0,11,0.11
320,2,100,58650,250000.0,9,0.09
321,2,100,210658,250000.0,58,0.58
322,2,100,210658,250000.0,59,0.59
323,2,100,707016,250000.0,99,0.99
324,2,100,707016,250000.0,80,0.8
325,2,100,210658,250000.0,26,0.26
326,2,100,707016,250000.0,96,0.96
327,2,100,210658,250000.0,60,0.6
328,2,100,707016,250000.0,86,0.86
329,2,100,58650,250000.0,20,0.2
330,2,100,707016,250000.0,82,0.82
331,2,100,210658,250000.0,65,0.65
332,2,100,707016,250000.0,97,0.97
333,2,100,707016,250000.0,36,0.36
334,2,100,707016,250000.0,84,0.84
335,2,100,707016,250000.0,97,0.97
336,2,100,210658,250000.0,5,0.05
337,2,100,210658,250000.0,78,0.78
338,2,100,210658,250000.0,35,0.35
339,2,100,707016,250000.0,97,0.97
340,2,100,707016,250000.0,66,0.66
341,2,100,707016,250000.0,67,0.67
342,2,100,210658,250000.0,42,0.42
343,2,100,707016,250000.0,98,0.98
344,2,100,707016,250000.0,89,0.89
345,2,100,707016,250000.0,90,0.9
346,2,100,707016,250000.0,97,0.97
347,2,100,707016,250000.0,91,0.91
348,2,100,707016,250000.0,45,0.45
349,2,100,707016,250000.0,78,0.78
350,2,100,23676,250000.0,3,0.03
351,2,100,58650,250000.0,46,0.46
352,2,100,210658,250000.0,62,0.62
353,2,100,210658,250000.0,23,0.23
354,2,100,707016,250000.0,97,0.97
355,2,100,707016,250000.0,80,0.8
356,2,100,707016,250000.0,93,0.93
357,2,100,210658,250000.0,34,0.34
358,2,100,58650,250000.0,65,0.65
359,2,100,707016,250000.0,91,0.91
360,2,100,210658,250000.0,28,0.28
361,2,100,707016,250000.0,98,0.98
362,2,100,58650,250000.0,4,0.04
363,2,100,707016,250000.0,91,0.91
364,2,100,707016,250000.0,93,0.93
365,2,100,58650,250000.0,4,0.04
366,2,100,707016,250000.0,72,0.72
367,2,100,707016,250000.0,95,0.95
368,2,100,58650,250000.0,11,0.11
369,2,100,58650,250000.0,34,0.34
370,2,100,58650,250000.0,63,0.63
371,2,100,23676,250000.0,20,0.2
372,2,100,210658,250000.0,34,0.34
373,2,100,58650,250000.0,8,0.08
374,2,100,707016,250000.0,91,0.91
375,2,100,707016,250000.0,73,0.73
376,2,100,707016,250000.0,95,0.95
377,2,100,707016,250000.0,99,0.99
378,2,100,210658,250000.0,25,0.25
379,2,100,707016,250000.0,99,0.99
380,2,100,210658,250000.0,49,0.49
381,2,100,210658,250000.0,24,0.24
382,2,100,707016,250000.0,73,0.73
383,2,100,707016,250000.0,77,0.77
384,2,100,210658,250000.0,70,0.7
385,2,100,707016,250000.0,83,0.83
386,2,100,707016,250000.0,94,0.94
387,2,100,707016,250000.0,68,0.68
388,2,100,23676,250000.0,9,0.09
389,2,100,707016,250000.0,92,0.92
390,2,100,707016,250000.0,98,0.98
391,2,100,707016,250000.0,88,0.88
392,2,100,210658,250000.0,71,0.71
393,2,100,707016,250000.0,61,0.61
394,2,100,707016,250000.0,100,1.0
395,2,100,707016,250000.0,77,0.77
396,2,100,58650,250000.0,45,0.45
397,2,100,707016,250000.0,80,0.8
398,2,100,707016,250000.0,93,0.93
399,2,100,210658,250000.0,75,0.75
400,2,100,58650,250000.0,7,0.07
401,2,100,707016,250000.0,44,0.44
402,2,100,707016,250000.0,97,0.97
403,2,100,707016,250000.0,91,0.91
404,2,100,210658,250000.0,22,0.22
405,2,100,707016,250000.0,91,0.91
406,2,100,707016,250000.0,70,0.7
407,2,100,707016,250000.0,94,0.94
408,2,100,707016,250000.0,93,0.93
409,2,100,707016,250000.0,99,0.99
410,2,100,707016,250000.0,53,0.53
411,2,100,23676,250000.0,15,0.15
412,2,100,23676,250000.0,5,0.05
413,2,100,210658,250000.0,43,0.43
414,2,100,707016,250000.0,96,0.96
415,2,100,707016,250000.0,84,0.84
416,2,100,707016,250000.0,75,0.75
417,2,100,210658,250000.0,67,0.67
418,2,100,210658,250000.0,6,0.06
419,2,100,707016,250000.0,97,0.97
420,2,100,58650,250000.0,10,0.1
421,2,100,210658,250000.0,22,0.22
422,2,100,707016,250000.0,96,0.96
423,2,100,707016,250000.0,75,0.75
424,2,100,210658,250000.0,40,0.4
425,2,100,707016,250000.0,99,0.99
426,2,100,707016,250000.0,85,0.85
427,2,100,707016,250000.0,88,0.88
428,2,100,210658,250000.0,60,0.6
429,2,100,707016,250000.0,98,0.98
430,2,100,707016,250000.0,96,0.96
431,2,100,707016,250000.0,78,0.78
432,2,100,707016,250000.0,99,0.99
433,2,100,23676,250000.0,12,0.12
434,2,100,707016,250000.0,91,0.91
435,2,100,707016,250000.0,62,0.62
436,2,100,23676,250000.0,10,0.1
437,2,100,58650,250000.0,15,0.15
438,2,100,707016,250000.0,63,0.63
439,2,100,707016,250000.0,82,0.82
440,2,100,707016,250000.0,76,0.76
441,2,100,707016,250000.0,95,0.95
442,2,100,707016,250000.0,77,0.77
443,2,100,58650,250000.0,15,0.15
444,2,100,210658,250000.0,55,0.55
445,2,100,707016,250000.0,100,1.0
446,2,100,707016,250000.0,100,1.0
447,2,100,707016,250000.0,89,0.89
448,2,100,210658,250000.0,58,0.58
449,2,100,707016,250000.0,96,0.96
450,2,100,707016,250000.0,95,0.95
451,2,100,210658,250000.0,39,0.39
452,2,100,707016,250000.0,47,0.47
453,2,100,210658,250000.0,20,0.2
454,2,100,707016,250000.0,98,0.98
455,2,100,23676,250000.0,2,0.02
456,2,100,707016,250000.0,87,0.87
457,2,100,707016,250000.0,97,0.97
458,2,100,58650,250000.0,8,0.08
459,2,100,707016,250000.0,99,0.99
460,2,100,210658,250000.0,8,0.08
461,2,100,58650,250000.0,16,0.16
462,2,100,210658,250000.0,48,0.48
463,2,100,707016,250000.0,94,0.94
464,2,100,707016,250000.0,99,0.99
465,2,100,707016,250000.0,99,0.99
466,2,100,707016,250000.0,75,0.75
467,2,100,210658,250000.0,49,0.49
468,2,100,210658,250000.0,23,0.23
469,2,100,707016,250000.0,91,0.91
470,2,100,210658,250000.0,65,0.65
471,2,100,707016,250000.0,95,0.95
472,2,100,210658,250000.0,60,0.6
473,2,100,58650,250000.0,29,0.29
474,2,100,707016,250000.0,100,1.0
475,2,100,707016,250000.0,99,0.99
476,2,100,707016,250000.0,99,0.99
477,2,100,58650,250000.0,45,0.45
478,2,100,210658,250000.0,72,0.72
479,2,100,707016,250000.0,83,0.83
480,2,100,707016,250000.0,78,0.78
481,2,100,58650,250000.0,24,0.24
482,2,100,210658,250000.0,82,0.82
483,2,100,23676,250000.0,1,0.01
484,2,100,23676,250000.0,24,0.24
485,2,100,58650,250000.0,14,0.14
486,2,100,210658,250000.0,56,0.56
487,2,100,707016,250000.0,100,1.0
488,2,100,707016,250000.0,100,1.0
489,2,100,707016,250000.0,93,0.93
490,2,100,58650,250000.0,12,0.12
491,2,100,707016,250000.0,67,0.67
492,2,100,23676,250000.0,39,0.39
493,2,100,210658,250000.0,34,0.34
494,2,100,58650,250000.0,29,0.29
495,2,100,707016,250000.0,95,0.95
496,2,100,707016,250000.0,93,0.93
497,2,100,210658,250000.0,32,0.32
498,2,100,707016,250000.0,98,0.98
499,2,100,707016,250000.0,89,0.89
500,2,100,210658,250000.0,61,0.61
501,2,100,58650,250000.0,18,0.18
502,2,100,707016,250000.0,94,0.94
503,2,100,707016,250000.0,81,0.81
504,2,100,707016,250000.0,79,0.79
505,2,100,58650,250000.0,17,0.17
506,2,100,707016,250000.0,97,0.97
507,2,100,707016,250000.0,97,0.97
508,2,100,707016,250000.0,93,0.93
509,2,100,58650,250000.0,43,0.43
510,2,100,707016,250000.0,96,0.96
511,2,100,707016,250000.0,64,0.64
512,2,100,707016,250000.0,22,0.22
513,2,100,707016,250000.0,97,0.97
514,2,100,210658,250000.0,44,0.44
515,2,100,707016,250000.0,95,0.95
516,2,100,23676,250000.0,25,0.25
517,2,100,707016,250000.0,86,0.86
518,2,100,707016,250000.0,100,1.0
519,2,100,58650,250000.0,73,0.73
520,2,100,707016,250000.0,61,0.61
521,2,100,707016,250000.0,98,0.98
522,2,100,23676,250000.0,0,0.0
523,2,100,707016,250000.0,94,0.94
524,2,100,210658,250000.0,12,0.12
525,2,100,707016,250000.0,97,0.97
526,2,100,210658,250000.0,38,0.38
527,2,100,23676,250000.0,6,0.06
528,2,100,707016,250000.0,84,0.84
529,2,100,210658,250000.0,66,0.66
530,2,100,210658,250000.0,59,0.59
531,2,100,707016,250000.0,97,0.97
532,2,100,707016,250000.0,98,0.98
533,2,100,58650,250000.0,23,0.23
534,2,100,210658,250000.0,78,0.78
535,2,100,707016,250000.0,94,0.94
536,2,100,58650,250000.0,47,0.47
537,2,100,707016,250000.0,74,0.74
538,2,100,707016,250000.0,58,0.58
539,2,100,58650,250000.0,43,0.43
540,2,100,210658,250000.0,27,0.27
541,2,100,707016,250000.0,87,0.87
542,2,100,707016,250000.0,87,0.87
543,2,100,58650,250000.0,15,0.15
544,2,100,707016,250000.0,74,0.74
545,2,100,707016,250000.0,90,0.9
546,2,100,707016,250000.0,98,0.98
547,2,100,210658,250000.0,57,0.57
548,2,100,23676,250000.0,1,0.01
549,2,100,58650,250000.0,53,0.53
550,2,100,707016,250000.0,91,0.91
551,2,100,707016,250000.0,89,0.89
552,2,100,58650,250000.0,21,0.21
553,2,100,210658,250000.0,61,0.61
554,2,100,210658,250000.0,46,0.46
555,2,100,707016,250000.0,77,0.77
556,2,100,707016,250000.0,99,0.99
557,2,100,707016,250000.0,95,0.95
558,2,100,707016,250000.0,100,1.0
559,2,100,707016,250000.0,98,0.98
560,2,100,707016,250000.0,51,0.51
561,2,100,210658,250000.0,17,0.17
562,2,100,707016,250000.0,83,0.83
563,2,100,210658,250000.0,31,0.31
564,2,100,23676,250000.0,24,0.24
565,2,100,210658,250000.0,17,0.17
566,2,100,23676,250000.0,37,0.37
567,2,100,210658,250000.0,33,0.33
568,2,100,707016,250000.0,96,0.96
569,2,100,707016,250000.0,95,0.95
570,2,100,707016,250000.0,93,0.93
571,2,100,707016,250000.0,90,0.9
572,2,100,707016,250000.0,87,0.87
573,2,100,210658,250000.0,65,0.65
574,2,100,707016,250000.0,85,0.85
575,2,100,707016,250000.0,98,0.98
576,2,100,210658,250000.0,54,0.54
577,2,100,210658,250000.0,62,0.62
578,2,100,707016,250000.0,60,0.6
579,2,100,210658,250000.0,28,0.28
580,2,100,707016,250000.0,85,0.85
581,2,100,23676,250000.0,7,0.07
582,2,100,707016,250000.0,91,0.91
583,2,100,707016,250000.0,92,0.92
584,2,100,707016,250000.0,90,0.9
585,2,100,707016,250000.0,99,0.99
586,2,100,707016,250000.0,94,0.94
587,2,100,707016,250000.0,91,0.91
588,2,100,210658,250000.0,19,0.19
589,2,100,707016,250000.0,91,0.91
590,2,100,707016,250000.0,92,0.92
591,2,100,707016,250000.0,95,0.95
592,2,100,707016,250000.0,38,0.38
593,2,100,707016,250000.0,90,0.9
594,2,100,707016,250000.0,98,0.98
595,2,100,707016,250000.0,99,0.99
596,2,100,707016,250000.0,82,0.82
597,2,100,210658,250000.0,33,0.33
598,2,100,210658,250000.0,15,0.15
599,2,100,707016,250000.0,99,0.99
600,2,100,707016,250000.0,99,0.99
601,2,100,707016,250000.0,57,0.57
602,2,100,210658,250000.0,24,0.24
603,2,100,707016,250000.0,58,0.58
604,2,100,707016,250000.0,90,0.9
605,2,100,210658,250000.0,17,0.17
606,2,100,210658,250000.0,53,0.53
607,2,100,58650,250000.0,12,0.12
608,2,100,210658,250000.0,79,0.79
609,2,100,210658,250000.0,39,0.39
610,2,100,23676,250000.0,25,0.25
611,2,100,707016,250000.0,94,0.94
612,2,100,210658,250000.0,82,0.82
613,2,100,210658,250000.0,17,0.17
614,2,100,707016,250000.0,76,0.76
615,2,100,707016,250000.0,95,0.95
616,2,100,707016,250000.0,98,0.98
617,2,100,58650,250000.0,24,0.24
618,2,100,58650,250000.0,50,0.5
619,2,100,210658,250000.0,28,0.28
620,2,100,707016,250000.0,96,0.96
621,2,100,707016,250000.0,73,0.73
622,2,100,707016,250000.0,91,0.91
623,2,100,707016,250000.0,98,0.98
624,2,100,707016,250000.0,98,0.98
625,2,100,707016,250000.0,100,1.0
626,2,100,707016,250000.0,99,0.99
627,2,100,707016,250000.0,86,0.86
628,2,100,707016,250000.0,88,0.88
629,2,100,707016,250000.0,99,0.99
630,2,100,707016,250000.0,100,1.0
631,2,100,707016,250000.0,66,0.66
632,2,100,707016,250000.0,79,0.79
633,2,100,707016,250000.0,98,0.98
634,2,100,210658,250000.0,23,0.23
635,2,100,58650,250000.0,36,0.36
636,2,100,707016,250000.0,77,0.77
637,2,100,707016,250000.0,88,0.88
638,2,100,210658,250000.0,15,0.15
639,2,100,707016,250000.0,79,0.79
640,2,100,707016,250000.0,86,0.86
641,2,100,210658,250000.0,29,0.29
642,2,100,210658,250000.0,62,0.62
643,2,100,707016,250000.0,79,0.79
644,2,100,707016,250000.0,99,0.99
645,2,100,707016,250000.0,86,0.86
646,2,100,707016,250000.0,84,0.84
647,2,100,707016,250000.0,88,0.88
648,2,100,707016,250000.0,100,1.0
649,2,100,707016,250000.0,77,0.77
650,2,100,707016,250000.0,91,0.91
651,2,100,707016,250000.0,100,1.0
652,2,100,707016,250000.0,100,1.0
653,2,100,58650,250000.0,6,0.06
654,2,100,707016,250000.0,68,0.68
655,2,100,210658,250000.0,30,0.3
656,2,100,707016,250000.0,69,0.69
657,2,100,210658,250000.0,43,0.43
658,2,100,707016,250000.0,64,0.64
659,2,100,707016,250000.0,91,0.91
660,2,100,210658,250000.0,28,0.28
661,2,100,707016,250000.0,97,0.97
662,2,100,210658,250000.0,19,0.19
663,2,100,58650,250000.0,64,0.64
664,2,100,707016,250000.0,98,0.98
665,2,100,707016,250000.0,98,0.98
666,2,100,210658,250000.0,63,0.63
667,2,100,707016,250000.0,98,0.98
668,2,100,707016,250000.0,94,0.94
669,2,100,707016,250000.0,50,0.5
670,2,100,210658,250000.0,76,0.76
671,2,100,707016,250000.0,93,0.93
672,2,100,707016,250000.0,100,1.0
673,2,100,707016,250000.0,100,1.0
674,2,100,707016,250000.0,72,0.72
675,2,100,707016,250000.0,90,0.9
676,2,100,707016,250000.0,40,0.4
677,2,100,707016,250000.0,95,0.95
678,2,100,707016,250000.0,66,0.66
679,2,100,707016,250000.0,69,0.69
680,2,100,707016,250000.0,99,0.99
681,2,100,707016,250000.0,93,0.93
682,2,100,707016,250000.0,92,0.92
683,2,100,707016,250000.0,94,0.94
684,2,100,707016,250000.0,79,0.79
685,2,100,707016,250000.0,100,1.0
686,2,100,707016,250000.0,100,1.0
687,2,100,707016,250000.0,80,0.8
688,2,100,58650,250000.0,11,0.11
689,2,100,707016,250000.0,82,0.82
690,2,100,707016,250000.0,71,0.71
691,2,100,210658,250000.0,24,0.24
692,2,100,707016,250000.0,83,0.83
693,2,100,707016,250000.0,43,0.43
694,2,100,58650,250000.0,17,0.17
695,2,100,58650,250000.0,80,0.8
696,2,100,707016,250000.0,63,0.63
697,2,100,707016,250000.0,90,0.9
698,2,100,707016,250000.0,94,0.94
699,2,100,707016,250000.0,49,0.49
700,2,100,210658,250000.0,35,0.35
701,2,100,707016,250000.0,91,0.91
702,2,100,707016,250000.0,97,0.97
703,2,100,707016,250000.0,91,0.91
704,2,100,210658,250000.0,25,0.25
705,2,100,707016,250000.0,99,0.99
706,2,100,58650,250000.0,49,0.49
707,2,100,210658,250000.0,74,0.74
708,2,100,707016,250000.0,94,0.94
709,2,100,707016,250000.0,78,0.78
710,2,100,707016,250000.0,100,1.0
711,2,100,23676,250000.0,5,0.05
712,2,100,707016,250000.0,88,0.88
713,2,100,707016,250000.0,97,0.97
714,2,100,210658,250000.0,67,0.67
715,2,100,707016,250000.0,91,0.91
716,2,100,58650,250000.0,45,0.45
717,2,100,707016,250000.0,97,0.97
718,2,100,707016,250000.0,91,0.91
719,2,100,210658,250000.0,84,0.84
720,2,100,210658,250000.0,84,0.84
721,2,100,23676,250000.0,16,0.16
722,2,100,58650,250000.0,6,0.06
723,2,100,707016,250000.0,97,0.97
724,2,100,23676,250000.0,5,0.05
725,2,100,58650,250000.0,17,0.17
726,2,100,707016,250000.0,95,0.95
727,2,100,707016,250000.0,87,0.87
728,2,100,707016,250000.0,100,1.0
729,2,100,707016,250000.0,83,0.83
730,2,100,707016,250000.0,88,0.88
731,2,100,707016,250000.0,99,0.99
732,2,100,58650,250000.0,5,0.05
733,2,100,707016,250000.0,46,0.46
734,2,100,707016,250000.0,72,0.72
735,2,100,210658,250000.0,14,0.14
736,2,100,707016,250000.0,99,0.99
737,2,100,210658,250000.0,36,0.36
738,2,100,210658,250000.0,13,0.13
739,2,100,58650,250000.0,39,0.39
740,2,100,707016,250000.0,55,0.55
741,2,100,707016,250000.0,97,0.97
742,2,100,707016,250000.0,98,0.98
743,2,100,707016,250000.0,92,0.92
744,2,100,707016,250000.0,91,0.91
745,2,100,210658,250000.0,16,0.16
746,2,100,707016,250000.0,98,0.98
747,2,100,707016,250000.0,90,0.9
748,2,100,707016,250000.0,100,1.0
749,2,100,58650,250000.0,68,0.68
750,2,100,58650,250000.0,36,0.36
751,2,100,707016,250000.0,83,0.83
752,2,100,210658,250000.0,67,0.67
753,2,100,707016,250000.0,99,0.99
754,2,100,210658,250000.0,23,0.23
755,2,100,210658,250000.0,53,0.53
756,2,100,707016,250000.0,99,0.99
757,2,100,210658,250000.0,55,0.55
758,2,100,210658,250000.0,54,0.54
759,2,100,707016,250000.0,66,0.66
760,2,100,707016,250000.0,68,0.68
761,2,100,58650,250000.0,11,0.11
762,2,100,707016,250000.0,96,0.96
763,2,100,707016,250000.0,72,0.72
764,2,100,707016,250000.0,92,0.92
765,2,100,707016,250000.0,80,0.8
766,2,100,210658,250000.0,30,0.3
767,2,100,707016,250000.0,87,0.87
768,2,100,210658,250000.0,50,0.5
769,2,100,707016,250000.0,95,0.95
770,2,100,707016,250000.0,99,0.99
771,2,100,210658,250000.0,51,0.51
772,2,100,707016,250000.0,78,0.78
773,2,100,707016,250000.0,55,0.55
774,2,100,707016,250000.0,95,0.95
775,2,100,210658,250000.0,76,0.76
776,2,100,23676,250000.0,53,0.53
777,2,100,58650,250000.0,6,0.06
778,2,100,707016,250000.0,97,0.97
779,2,100,707016,250000.0,81,0.81
780,2,100,210658,250000.0,31,0.31
781,2,100,707016,250000.0,81,0.81
782,2,100,210658,250000.0,87,0.87
783,2,100,23676,250000.0,23,0.23
784,2,100,707016,250000.0,79,0.79
785,2,100,707016,250000.0,97,0.97
786,2,100,707016,250000.0,78,0.78
787,2,100,707016,250000.0,61,0.61
788,2,100,707016,250000.0,100,1.0
789,2,100,707016,250000.0,92,0.92
790,2,100,707016,250000.0,85,0.85
791,2,100,707016,250000.0,93,0.93
792,2,100,707016,250000.0,81,0.81
793,2,100,707016,250000.0,99,0.99
794,2,100,58650,250000.0,30,0.3
795,2,100,210658,250000.0,86,0.86
796,2,100,707016,250000.0,77,0.77
797,2,100,210658,250000.0,39,0.39
798,2,100,707016,250000.0,79,0.79
799,2,100,707016,250000.0,96,0.96
800,2,100,23676,250000.0,18,0.18
801,2,100,707016,250000.0,91,0.91
802,2,100,707016,250000.0,70,0.7
803,2,100,210658,250000.0,45,0.45
804,2,100,707016,250000.0,70,0.7
805,2,100,707016,250000.0,95,0.95
806,2,100,707016,250000.0,99,0.99
807,2,100,210658,250000.0,44,0.44
808,2,100,707016,250000.0,99,0.99
809,2,100,707016,250000.0,97,0.97
810,2,100,707016,250000.0,99,0.99
811,2,100,707016,250000.0,97,0.97
812,2,100,707016,250000.0,97,0.97
813,2,100,707016,250000.0,92,0.92
814,2,100,707016,250000.0,99,0.99
815,2,100,210658,250000.0,11,0.11
816,2,100,58650,250000.0,7,0.07
817,2,100,707016,250000.0,78,0.78
818,2,100,210658,250000.0,21,0.21
819,2,100,707016,250000.0,98,0.98
820,2,100,707016,250000.0,93,0.93
821,2,100,707016,250000.0,73,0.73
822,2,100,707016,250000.0,99,0.99
823,2,100,210658,250000.0,41,0.41
824,2,100,707016,250000.0,100,1.0
825,2,100,707016,250000.0,93,0.93
826,2,100,707016,250000.0,71,0.71
827,2,100,707016,250000.0,95,0.95
828,2,100,707016,250000.0,92,0.92
829,2,100,210658,250000.0,89,0.89
830,2,100,707016,250000.0,100,1.0
831,2,100,707016,250000.0,81,0.81
832,2,100,23676,250000.0,43,0.43
833,2,100,707016,250000.0,95,0.95
834,2,100,707016,250000.0,99,0.99
835,2,100,707016,250000.0,95,0.95
836,2,100,707016,250000.0,98,0.98
837,2,100,707016,250000.0,93,0.93
838,2,100,707016,250000.0,97,0.97
839,2,100,707016,250000.0,96,0.96
840,2,100,707016,250000.0,95,0.95
841,2,100,58650,250000.0,77,0.77
842,2,100,707016,250000.0,100,1.0
843,2,100,707016,250000.0,92,0.92
844,2,100,707016,250000.0,96,0.96
845,2,100,707016,250000.0,89,0.89
846,2,100,707016,250000.0,81,0.81
847,2,100,707016,250000.0,60,0.6
848,2,100,707016,250000.0,96,0.96
849,2,100,707016,250000.0,80,0.8
850,2,100,210658,250000.0,37,0.37
851,2,100,707016,250000.0,100,1.0
852,2,100,707016,250000.0,69,0.69
853,2,100,707016,250000.0,85,0.85
854,2,100,707016,250000.0,45,0.45
855,2,100,707016,250000.0,86,0.86
856,2,100,707016,250000.0,100,1.0
857,2,100,707016,250000.0,52,0.52
858,2,100,707016,250000.0,100,1.0
859,2,100,210658,250000.0,46,0.46
860,2,100,210658,250000.0,55,0.55
861,2,100,58650,250000.0,40,0.4
862,2,100,707016,250000.0,100,1.0
863,2,100,23676,250000.0,20,0.2
864,2,100,58650,250000.0,4,0.04
865,2,100,707016,250000.0,98,0.98
866,2,100,707016,250000.0,96,0.96
867,2,100,210658,250000.0,63,0.63
868,2,100,707016,250000.0,96,0.96
869,2,100,707016,250000.0,96,0.96
870,2,100,707016,250000.0,100,1.0
871,2,100,707016,250000.0,86,0.86
872,2,100,58650,250000.0,39,0.39
873,2,100,58650,250000.0,9,0.09
874,2,100,707016,250000.0,89,0.89
875,2,100,210658,250000.0,35,0.35
876,2,100,58650,250000.0,33,0.33
877,2,100,210658,250000.0,33,0.33
878,2,100,707016,250000.0,99,0.99
879,2,100,210658,250000.0,21,0.21
880,2,100,707016,250000.0,49,0.49
881,2,100,707016,250000.0,50,0.5
882,2,100,210658,250000.0,42,0.42
883,2,100,707016,250000.0,97,0.97
884,2,100,707016,250000.0,75,0.75
885,2,100,707016,250000.0,68,0.68
886,2,100,58650,250000.0,36,0.36
887,2,100,210658,250000.0,32,0.32
888,2,100,707016,250000.0,100,1.0
889,2,100,707016,250000.0,94,0.94
890,2,100,707016,250000.0,92,0.92
891,2,100,707016,250000.0,87,0.87
892,2,100,210658,250000.0,79,0.79
893,2,100,707016,250000.0,100,1.0
894,2,100,707016,250000.0,99,0.99
895,2,100,58650,250000.0,61,0.61
896,2,100,58650,250000.0,19,0.19
897,2,100,707016,250000.0,82,0.82
898,2,100,707016,250000.0,98,0.98
899,2,100,707016,250000.0,94,0.94
900,2,100,210658,250000.0,27,0.27
901,2,100,707016,250000.0,97,0.97
902,2,100,707016,250000.0,75,0.75
903,2,100,707016,250000.0,87,0.87
904,2,100,707016,250000.0,92,0.92
905,2,100,707016,250000.0,76,0.76
906,2,100,58650,250000.0,23,0.23
907,2,100,210658,250000.0,60,0.6
908,2,100,707016,250000.0,89,0.89
909,2,100,707016,250000.0,93,0.93
910,2,100,707016,250000.0,70,0.7
911,2,100,58650,250000.0,24,0.24
912,2,100,707016,250000.0,94,0.94
913,2,100,210658,250000.0,82,0.82
914,2,100,707016,250000.0,85,0.85
915,2,100,707016,250000.0,99,0.99
916,2,100,707016,250000.0,96,0.96
917,2,100,707016,250000.0,80,0.8
918,2,100,23676,250000.0,2,0.02
919,2,100,210658,250000.0,47,0.47
920,2,100,707016,250000.0,84,0.84
921,2,100,707016,250000.0,93,0.93
922,2,100,210658,250000.0,62,0.62
923,2,100,23676,250000.0,7,0.07
924,2,100,707016,250000.0,81,0.81
925,2,100,707016,250000.0,68,0.68
926,2,100,707016,250000.0,80,0.8
927,2,100,707016,250000.0,76,0.76
928,2,100,707016,250000.0,100,1.0
929,2,100,707016,250000.0,84,0.84
930,2,100,58650,250000.0,18,0.18
931,2,100,707016,250000.0,52,0.52
932,2,100,707016,250000.0,90,0.9
933,2,100,707016,250000.0,80,0.8
934,2,100,210658,250000.0,34,0.34
935,2,100,210658,250000.0,61,0.61
936,2,100,210658,250000.0,12,0.12
937,2,100,707016,250000.0,70,0.7
938,2,100,707016,250000.0,63,0.63
939,2,100,23676,250000.0,9,0.09
940,2,100,707016,250000.0,82,0.82
941,2,100,707016,250000.0,64,0.64
942,2,100,707016,250000.0,100,1.0
943,2,100,707016,250000.0,91,0.91
944,2,100,707016,250000.0,98,0.98
945,2,100,210658,250000.0,60,0.6
946,2,100,707016,250000.0,99,0.99
947,2,100,58650,250000.0,14,0.14
948,2,100,210658,250000.0,15,0.15
949,2,100,210658,250000.0,18,0.18
950,2,100,707016,250000.0,89,0.89
951,2,100,707016,250000.0,71,0.71
952,2,100,707016,250000.0,98,0.98
953,2,100,707016,250000.0,83,0.83
954,2,100,707016,250000.0,79,0.79
955,2,100,707016,250000.0,100,1.0
956,2,100,707016,250000.0,100,1.0
957,2,100,210658,250000.0,22,0.22
958,2,100,58650,250000.0,2,0.02
959,2,100,210658,250000.0,63,0.63
960,2,100,210658,250000.0,43,0.43
961,2,100,707016,250000.0,94,0.94
962,2,100,707016,250000.0,90,0.9
963,2,100,58650,250000.0,7,0.07
964,2,100,707016,250000.0,98,0.98
965,2,100,707016,250000.0,100,1.0
966,2,100,210658,250000.0,49,0.49
967,2,100,707016,250000.0,79,0.79
968,2,100,210658,250000.0,20,0.2
969,2,100,210658,250000.0,37,0.37
970,2,100,707016,250000.0,48,0.48
971,2,100,58650,250000.0,11,0.11
972,2,100,707016,250000.0,98,0.98
973,2,100,707016,250000.0,26,0.26
974,2,100,707016,250000.0,88,0.88
975,2,100,58650,250000.0,21,0.21
976,2,100,707016,250000.0,54,0.54
977,2,100,707016,250000.0,84,0.84
978,2,100,707016,250000.0,94,0.94
979,2,100,707016,250000.0,81,0.81
980,2,100,210658,250000.0,50,0.5
981,2,100,707016,250000.0,89,0.89
982,2,100,707016,250000.0,62,0.62
983,2,100,707016,250000.0,82,0.82
984,2,100,210658,250000.0,50,0.5
985,2,100,707016,250000.0,81,0.81
986,2,100,707016,250000.0,95,0.95
987,2,100,210658,250000.0,81,0.81
988,2,100,707016,250000.0,95,0.95
989,2,100,707016,250000.0,65,0.65
990,2,100,707016,250000.0,56,0.56
991,2,100,58650,250000.0,55,0.55
992,2,100,707016,250000.0,54,0.54
993,2,100,58650,250000.0,65,0.65
994,2,100,58650,250000.0,22,0.22
995,2,100,707016,250000.0,100,1.0
996,2,100,707016,250000.0,100,1.0
997,2,100,210658,250000.0,33,0.33
998,2,100,707016,250000.0,59,0.59
999,2,100,707016,250000.0,92,0.92
0,4,1,138445,62500.0,0,0.0
1,4,1,44642,62500.0,0,0.0
2,4,1,167915,62500.0,0,0.0
3,4,1,7521,62500.0,1,1.0
4,4,1,539101,62500.0,1,1.0
5,4,1,539101,62500.0,1,1.0
6,4,1,167915,62500.0,1,1.0
7,4,1,138445,62500.0,0,0.0
8,4,1,539101,62500.0,1,1.0
9,4,1,44642,62500.0,0,0.0
10,4,1,138445,62500.0,1,1.0
11,4,1,16155,62500.0,0,0.0
12,4,1,539101,62500.0,0,0.0
13,4,1,44642,62500.0,1,1.0
14,4,1,167915,62500.0,0,0.0
15,4,1,72213,62500.0,0,0.0
16,4,1,167915,62500.0,1,1.0
17,4,1,539101,62500.0,1,1.0
18,4,1,539101,62500.0,1,1.0
19,4,1,138445,62500.0,0,0.0
20,4,1,539101,62500.0,1,1.0
21,4,1,539101,62500.0,1,1.0
22,4,1,44642,62500.0,0,0.0
23,4,1,167915,62500.0,0,0.0
24,4,1,44642,62500.0,1,1.0
25,4,1,539101,62500.0,0,0.0
26,4,1,167915,62500.0,1,1.0
27,4,1,539101,62500.0,1,1.0
28,4,1,138445,62500.0,0,0.0
29,4,1,539101,62500.0,1,1.0
30,4,1,138445,62500.0,0,0.0
31,4,1,539101,62500.0,1,1.0
32,4,1,44642,62500.0,0,0.0
33,4,1,167915,62500.0,0,0.0
34,4,1,167915,62500.0,1,1.0
35,4,1,539101,62500.0,1,1.0
36,4,1,138445,62500.0,0,0.0
37,4,1,539101,62500.0,0,0.0
38,4,1,539101,62500.0,1,1.0
39,4,1,167915,62500.0,1,1.0
40,4,1,539101,62500.0,1,1.0
41,4,1,539101,62500.0,1,1.0
42,4,1,167915,62500.0,0,0.0
43,4,1,539101,62500.0,1,1.0
44,4,1,14008,62500.0,1,1.0
45,4,1,167915,62500.0,1,1.0
46,4,1,138445,62500.0,1,1.0
47,4,1,539101,62500.0,1,1.0
48,4,1,539101,62500.0,1,1.0
49,4,1,167915,62500.0,1,1.0
50,4,1,167915,62500.0,1,1.0
51,4,1,539101,62500.0,1,1.0
52,4,1,539101,62500.0,1,1.0
53,4,1,539101,62500.0,1,1.0
54,4,1,539101,62500.0,1,1.0
55,4,1,44642,62500.0,0,0.0
56,4,1,539101,62500.0,1,1.0
57,4,1,16155,62500.0,0,0.0
58,4,1,167915,62500.0,1,1.0
59,4,1,539101,62500.0,1,1.0
60,4,1,167915,62500.0,1,1.0
61,4,1,539101,62500.0,1,1.0
62,4,1,539101,62500.0,1,1.0
63,4,1,539101,62500.0,1,1.0
64,4,1,539101,62500.0,1,1.0
65,4,1,539101,62500.0,1,1.0
66,4,1,138445,62500.0,1,1.0
67,4,1,72213,62500.0,1,1.0
68,4,1,138445,62500.0,0,0.0
69,4,1,167915,62500.0,0,0.0
70,4,1,44642,62500.0,1,1.0
71,4,1,539101,62500.0,0,0.0
72,4,1,539101,62500.0,0,0.0
73,4,1,167915,62500.0,0,0.0
74,4,1,539101,62500.0,1,1.0
75,4,1,539101,62500.0,1,1.0
76,4,1,539101,62500.0,1,1.0
77,4,1,16155,62500.0,1,1.0
78,4,1,539101,62500.0,1,1.0
79,4,1,167915,62500.0,0,0.0
80,4,1,138445,62500.0,1,1.0
81,4,1,539101,62500.0,0,0.0
82,4,1,539101,62500.0,0,0.0
83,4,1,138445,62500.0,0,0.0
84,4,1,539101,62500.0,1,1.0
85,4,1,539101,62500.0,0,0.0
86,4,1,539101,62500.0,1,1.0
87,4,1,539101,62500.0,1,1.0
88,4,1,16155,62500.0,0,0.0
89,4,1,539101,62500.0,1,1.0
90,4,1,539101,62500.0,1,1.0
91,4,1,167915,62500.0,0,0.0
92,4,1,167915,62500.0,0,0.0
93,4,1,539101,62500.0,1,1.0
94,4,1,539101,62500.0,1,1.0
95,4,1,72213,62500.0,0,0.0
96,4,1,138445,62500.0,0,0.0
97,4,1,138445,62500.0,1,1.0
98,4,1,72213,62500.0,1,1.0
99,4,1,44642,62500.0,1,1.0
100,4,1,539101,62500.0,1,1.0
101,4,1,138445,62500.0,1,1.0
102,4,1,138445,62500.0,1,1.0
103,4,1,539101,62500.0,1,1.0
104,4,1,539101,62500.0,1,1.0
105,4,1,44642,62500.0,1,1.0
106,4,1,539101,62500.0,1,1.0
107,4,1,539101,62500.0,1,1.0
108,4,1,44642,62500.0,1,1.0
109,4,1,539101,62500.0,0,0.0
110,4,1,539101,62500.0,0,0.0
111,4,1,539101,62500.0,0,0.0
112,4,1,72213,62500.0,1,1.0
113,4,1,539101,62500.0,1,1.0
114,4,1,44642,62500.0,1,1.0
115,4,1,167915,62500.0,1,1.0
116,4,1,167915,62500.0,0,0.0
117,4,1,539101,62500.0,1,1.0
118,4,1,167915,62500.0,1,1.0
119,4,1,7521,62500.0,0,0.0
120,4,1,72213,62500.0,0,0.0
121,4,1,167915,62500.0,0,0.0
122,4,1,539101,62500.0,1,1.0
123,4,1,138445,62500.0,1,1.0
124,4,1,539101,62500.0,1,1.0
125,4,1,539101,62500.0,1,1.0
126,4,1,7521,62500.0,0,0.0
127,4,1,167915,62500.0,0,0.0
128,4,1,539101,62500.0,0,0.0
129,4,1,138445,62500.0,0,0.0
130,4,1,138445,62500.0,0,0.0
131,4,1,539101,62500.0,1,1.0
132,4,1,539101,62500.0,1,1.0
133,4,1,7521,62500.0,0,0.0
134,4,1,16155,62500.0,0,0.0
135,4,1,138445,62500.0,0,0.0
136,4,1,167915,62500.0,1,1.0
137,4,1,44642,62500.0,1,1.0
138,4,1,539101,62500.0,1,1.0
139,4,1,539101,62500.0,0,0.0
140,4,1,539101,62500.0,1,1.0
141,4,1,539101,62500.0,0,0.0
142,4,1,167915,62500.0,0,0.0
143,4,1,539101,62500.0,1,1.0
144,4,1,539101,62500.0,1,1.0
145,4,1,167915,62500.0,0,0.0
146,4,1,539101,62500.0,1,1.0
147,4,1,72213,62500.0,1,1.0
148,4,1,539101,62500.0,0,0.0
149,4,1,138445,62500.0,0,0.0
150,4,1,539101,62500.0,1,1.0
151,4,1,539101,62500.0,1,1.0
152,4,1,167915,62500.0,0,0.0
153,4,1,539101,62500.0,1,1.0
154,4,1,539101,62500.0,0,0.0
155,4,1,167915,62500.0,1,1.0
156,4,1,539101,62500.0,1,1.0
157,4,1,539101,62500.0,1,1.0
158,4,1,167915,62500.0,1,1.0
159,4,1,44642,62500.0,1,1.0
160,4,1,7521,62500.0,0,0.0
161,4,1,539101,62500.0,1,1.0
162,4,1,539101,62500.0,1,1.0
163,4,1,539101,62500.0,1,1.0
164,4,1,16155,62500.0,0,0.0
165,4,1,539101,62500.0,1,1.0
166,4,1,44642,62500.0,0,0.0
167,4,1,539101,62500.0,1,1.0
168,4,1,138445,62500.0,0,0.0
169,4,1,44642,62500.0,0,0.0
170,4,1,44642,62500.0,0,0.0
171,4,1,539101,62500.0,1,1.0
172,4,1,539101,62500.0,1,1.0
173,4,1,539101,62500.0,1,1.0
174,4,1,138445,62500.0,0,0.0
175,4,1,167915,62500.0,0,0.0
176,4,1,539101,62500.0,1,1.0
177,4,1,539101,62500.0,1,1.0
178,4,1,539101,62500.0,1,1.0
179,4,1,167915,62500.0,1,1.0
180,4,1,539101,62500.0,1,1.0
181,4,1,72213,62500.0,0,0.0
182,4,1,138445,62500.0,0,0.0
183,4,1,72213,62500.0,0,0.0
184,4,1,539101,62500.0,1,1.0
185,4,1,539101,62500.0,1,1.0
186,4,1,167915,62500.0,0,0.0
187,4,1,167915,62500.0,0,0.0
188,4,1,539101,62500.0,1,1.0
189,4,1,539101,62500.0,1,1.0
190,4,1,72213,62500.0,0,0.0
191,4,1,44642,62500.0,0,0.0
192,4,1,539101,62500.0,1,1.0
193,4,1,539101,62500.0,0,0.0
194,4,1,539101,62500.0,0,0.0
195,4,1,539101,62500.0,1,1.0
196,4,1,539101,62500.0,1,1.0
197,4,1,539101,62500.0,1,1.0
198,4,1,539101,62500.0,1,1.0
199,4,1,539101,62500.0,1,1.0
200,4,1,72213,62500.0,0,0.0
201,4,1,167915,62500.0,0,0.0
202,4,1,539101,62500.0,1,1.0
203,4,1,539101,62500.0,1,1.0
204,4,1,539101,62500.0,1,1.0
205,4,1,44642,62500.0,0,0.0
206,4,1,167915,62500.0,1,1.0
207,4,1,539101,62500.0,1,1.0
208,4,1,138445,62500.0,1,1.0
209,4,1,138445,62500.0,0,0.0
210,4,1,44642,62500.0,1,1.0
211,4,1,167915,62500.0,0,0.0
212,4,1,539101,62500.0,0,0.0
213,4,1,539101,62500.0,0,0.0
214,4,1,539101,62500.0,1,1.0
215,4,1,138445,62500.0,1,1.0
216,4,1,167915,62500.0,1,1.0
217,4,1,539101,62500.0,1,1.0
218,4,1,539101,62500.0,1,1.0
219,4,1,539101,62500.0,1,1.0
220,4,1,539101,62500.0,1,1.0
221,4,1,167915,62500.0,1,1.0
222,4,1,539101,62500.0,1,1.0
223,4,1,539101,62500.0,1,1.0
224,4,1,539101,62500.0,1,1.0
225,4,1,16155,62500.0,0,0.0
226,4,1,539101,62500.0,1,1.0
227,4,1,539101,62500.0,0,0.0
228,4,1,539101,62500.0,1,1.0
229,4,1,539101,62500.0,1,1.0
230,4,1,72213,62500.0,0,0.0
231,4,1,539101,62500.0,1,1.0
232,4,1,44642,62500.0,0,0.0
233,4,1,72213,62500.0,0,0.0
234,4,1,167915,62500.0,0,0.0
235,4,1,539101,62500.0,0,0.0
236,4,1,539101,62500.0,1,1.0
237,4,1,138445,62500.0,0,0.0
238,4,1,72213,62500.0,1,1.0
239,4,1,539101,62500.0,0,0.0
240,4,1,539101,62500.0,1,1.0
241,4,1,539101,62500.0,1,1.0
242,4,1,539101,62500.0,0,0.0
243,4,1,539101,62500.0,0,0.0
244,4,1,539101,62500.0,0,0.0
245,4,1,539101,62500.0,1,1.0
246,4,1,138445,62500.0,1,1.0
247,4,1,539101,62500.0,1,1.0
248,4,1,14008,62500.0,0,0.0
249,4,1,539101,62500.0,0,0.0
250,4,1,539101,62500.0,1,1.0
251,4,1,539101,62500.0,1,1.0
252,4,1,539101,62500.0,1,1.0
253,4,1,138445,62500.0,0,0.0
254,4,1,44642,62500.0,0,0.0
255,4,1,138445,62500.0,0,0.0
256,4,1,138445,62500.0,1,1.0
257,4,1,539101,62500.0,0,0.0
258,4,1,167915,62500.0,0,0.0
259,4,1,539101,62500.0,0,0.0
260,4,1,138445,62500.0,1,1.0
261,4,1,539101,62500.0,1,1.0
262,4,1,138445,62500.0,1,1.0
263,4,1,16155,62500.0,1,1.0
264,4,1,539101,62500.0,1,1.0
265,4,1,72213,62500.0,1,1.0
266,4,1,72213,62500.0,1,1.0
267,4,1,539101,62500.0,1,1.0
268,4,1,138445,62500.0,0,0.0
269,4,1,167915,62500.0,1,1.0
270,4,1,539101,62500.0,0,0.0
271,4,1,167915,62500.0,0,0.0
272,4,1,167915,62500.0,1,1.0
273,4,1,138445,62500.0,0,0.0
274,4,1,138445,62500.0,0,0.0
275,4,1,539101,62500.0,1,1.0
276,4,1,539101,62500.0,1,1.0
277,4,1,138445,62500.0,0,0.0
278,4,1,539101,62500.0,0,0.0
279,4,1,539101,62500.0,1,1.0
280,4,1,167915,62500.0,1,1.0
281,4,1,539101,62500.0,1,1.0
282,4,1,539101,62500.0,1,1.0
283,4,1,539101,62500.0,1,1.0
284,4,1,167915,62500.0,0,0.0
285,4,1,138445,62500.0,0,0.0
286,4,1,44642,62500.0,1,1.0
287,4,1,138445,62500.0,1,1.0
288,4,1,539101,62500.0,1,1.0
289,4,1,167915,62500.0,0,0.0
290,4,1,539101,62500.0,1,1.0
291,4,1,138445,62500.0,1,1.0
292,4,1,138445,62500.0,0,0.0
293,4,1,16155,62500.0,0,0.0
294,4,1,539101,62500.0,1,1.0
295,4,1,167915,62500.0,1,1.0
296,4,1,167915,62500.0,1,1.0
297,4,1,44642,62500.0,0,0.0
298,4,1,539101,62500.0,0,0.0
299,4,1,167915,62500.0,1,1.0
300,4,1,138445,62500.0,0,0.0
301,4,1,138445,62500.0,1,1.0
302,4,1,44642,62500.0,0,0.0
303,4,1,138445,62500.0,0,0.0
304,4,1,44642,62500.0,0,0.0
305,4,1,539101,62500.0,1,1.0
306,4,1,167915,62500.0,1,1.0
307,4,1,72213,62500.0,0,0.0
308,4,1,167915,62500.0,0,0.0
309,4,1,539101,62500.0,1,1.0
310,4,1,138445,62500.0,0,0.0
311,4,1,7521,62500.0,1,1.0
312,4,1,539101,62500.0,1,1.0
313,4,1,539101,62500.0,1,1.0
314,4,1,44642,62500.0,0,0.0
315,4,1,539101,62500.0,1,1.0
316,4,1,167915,62500.0,1,1.0
317,4,1,167915,62500.0,0,0.0
318,4,1,539101,62500.0,1,1.0
319,4,1,44642,62500.0,0,0.0
320,4,1,44642,62500.0,0,0.0
321,4,1,72213,62500.0,0,0.0
322,4,1,72213,62500.0,1,1.0
323,4,1,539101,62500.0,1,1.0
324,4,1,539101,62500.0,0,0.0
325,4,1,138445,62500.0,0,0.0
326,4,1,539101,62500.0,1,1.0
327,4,1,138445,62500.0,1,1.0
328,4,1,539101,62500.0,1,1.0
329,4,1,44642,62500.0,1,1.0
330,4,1,539101,62500.0,1,1.0
331,4,1,138445,62500.0,1,1.0
332,4,1,539101,62500.0,1,1.0
333,4,1,539101,62500.0,1,1.0
334,4,1,539101,62500.0,0,0.0
335,4,1,539101,62500.0,1,1.0
336,4,1,138445,62500.0,0,0.0
337,4,1,72213,62500.0,1,1.0
338,4,1,138445,62500.0,1,1.0
339,4,1,539101,62500.0,0,0.0
340,4,1,167915,62500.0,0,0.0
341,4,1,539101,62500.0,1,1.0
342,4,1,138445,62500.0,1,1.0
343,4,1,539101,62500.0,1,1.0
344,4,1,539101,62500.0,0,0.0
345,4,1,539101,62500.0,1,1.0
346,4,1,539101,62500.0,1,1.0
347,4,1,539101,62500.0,1,1.0
348,4,1,539101,62500.0,0,0.0
349,4,1,539101,62500.0,0,0.0
350,4,1,16155,62500.0,0,0.0
351,4,1,44642,62500.0,1,1.0
352,4,1,138445,62500.0,0,0.0
353,4,1,138445,62500.0,0,0.0
354,4,1,539101,62500.0,1,1.0
355,4,1,539101,62500.0,1,1.0
356,4,1,539101,62500.0,1,1.0
357,4,1,138445,62500.0,0,0.0
358,4,1,44642,62500.0,1,1.0
359,4,1,539101,62500.0,1,1.0
360,4,1,138445,62500.0,1,1.0
361,4,1,167915,62500.0,1,1.0
362,4,1,44642,62500.0,0,0.0
363,4,1,539101,62500.0,1,1.0
364,4,1,539101,62500.0,1,1.0
365,4,1,14008,62500.0,0,0.0
366,4,1,539101,62500.0,1,1.0
367,4,1,167915,62500.0,0,0.0
368,4,1,44642,62500.0,0,0.0
369,4,1,44642,62500.0,0,0.0
370,4,1,14008,62500.0,0,0.0
371,4,1,16155,62500.0,1,1.0
372,4,1,138445,62500.0,1,1.0
373,4,1,44642,62500.0,0,0.0
374,4,1,539101,62500.0,1,1.0
375,4,1,167915,62500.0,0,0.0
376,4,1,539101,62500.0,1,1.0
377,4,1,167915,62500.0,1,1.0
378,4,1,72213,62500.0,0,0.0
379,4,1,539101,62500.0,0,0.0
380,4,1,138445,62500.0,1,1.0
381,4,1,72213,62500.0,0,0.0
382,4,1,167915,62500.0,1,1.0
383,4,1,539101,62500.0,0,0.0
384,4,1,138445,62500.0,0,0.0
385,4,1,539101,62500.0,1,1.0
386,4,1,539101,62500.0,1,1.0
387,4,1,167915,62500.0,1,1.0
388,4,1,16155,62500.0,0,0.0
389,4,1,539101,62500.0,1,1.0
390,4,1,539101,62500.0,1,1.0
391,4,1,539101,62500.0,1,1.0
392,4,1,72213,62500.0,0,0.0
393,4,1,539101,62500.0,1,1.0
394,4,1,539101,62500.0,1,1.0
395,4,1,539101,62500.0,1,1.0
396,4,1,44642,62500.0,1,1.0
397,4,1,539101,62500.0,1,1.0
398,4,1,539101,62500.0,1,1.0
399,4,1,72213,62500.0,1,1.0
400,4,1,14008,62500.0,0,0.0
401,4,1,539101,62500.0,0,0.0
402,4,1,539101,62500.0,1,1.0
403,4,1,167915,62500.0,1,1.0
404,4,1,138445,62500.0,1,1.0
405,4,1,539101,62500.0,1,1.0
406,4,1,167915,62500.0,1,1.0
407,4,1,539101,62500.0,1,1.0
408,4,1,539101,62500.0,1,1.0
409,4,1,539101,62500.0,1,1.0
410,4,1,539101,62500.0,0,0.0
411,4,1,16155,62500.0,0,0.0
412,4,1,16155,62500.0,0,0.0
413,4,1,72213,62500.0,0,0.0
414,4,1,539101,62500.0,1,1.0
415,4,1,539101,62500.0,1,1.0
416,4,1,539101,62500.0,1,1.0
417,4,1,138445,62500.0,1,1.0
418,4,1,72213,62500.0,0,0.0
419,4,1,539101,62500.0,1,1.0
420,4,1,44642,62500.0,0,0.0
421,4,1,72213,62500.0,0,0.0
422,4,1,539101,62500.0,1,1.0
423,4,1,167915,62500.0,0,0.0
424,4,1,138445,62500.0,1,1.0
425,4,1,167915,62500.0,1,1.0
426,4,1,539101,62500.0,1,1.0
427,4,1,167915,62500.0,0,0.0
428,4,1,138445,62500.0,0,0.0
429,4,1,167915,62500.0,0,0.0
430,4,1,539101,62500.0,1,1.0
431,4,1,539101,62500.0,1,1.0
432,4,1,167915,62500.0,0,0.0
433,4,1,16155,62500.0,0,0.0
434,4,1,539101,62500.0,1,1.0
435,4,1,167915,62500.0,1,1.0
436,4,1,16155,62500.0,0,0.0
437,4,1,44642,62500.0,0,0.0
438,4,1,167915,62500.0,0,0.0
439,4,1,539101,62500.0,1,1.0
440,4,1,539101,62500.0,0,0.0
441,4,1,539101,62500.0,1,1.0
442,4,1,167915,62500.0,1,1.0
443,4,1,44642,62500.0,0,0.0
444,4,1,138445,62500.0,1,1.0
445,4,1,539101,62500.0,1,1.0
446,4,1,539101,62500.0,0,0.0
447,4,1,539101,62500.0,1,1.0
448,4,1,138445,62500.0,1,1.0
449,4,1,167915,62500.0,1,1.0
450,4,1,539101,62500.0,1,1.0
451,4,1,138445,62500.0,1,1.0
452,4,1,539101,62500.0,0,0.0
453,4,1,138445,62500.0,0,0.0
454,4,1,167915,62500.0,0,0.0
455,4,1,16155,62500.0,1,1.0
456,4,1,167915,62500.0,0,0.0
457,4,1,539101,62500.0,1,1.0
458,4,1,44642,62500.0,0,0.0
459,4,1,539101,62500.0,1,1.0
460,4,1,138445,62500.0,1,1.0
461,4,1,44642,62500.0,0,0.0
462,4,1,72213,62500.0,0,0.0
463,4,1,167915,62500.0,1,1.0
464,4,1,539101,62500.0,1,1.0
465,4,1,167915,62500.0,0,0.0
466,4,1,539101,62500.0,1,1.0
467,4,1,72213,62500.0,0,0.0
468,4,1,138445,62500.0,0,0.0
469,4,1,167915,62500.0,0,0.0
470,4,1,138445,62500.0,0,0.0
471,4,1,539101,62500.0,0,0.0
472,4,1,138445,62500.0,0,0.0
473,4,1,44642,62500.0,1,1.0
474,4,1,539101,62500.0,0,0.0
475,4,1,539101,62500.0,1,1.0
476,4,1,167915,62500.0,1,1.0
477,4,1,44642,62500.0,1,1.0
478,4,1,72213,62500.0,1,1.0
479,4,1,539101,62500.0,1,1.0
480,4,1,539101,62500.0,1,1.0
481,4,1,14008,62500.0,0,0.0
482,4,1,138445,62500.0,1,1.0
483,4,1,16155,62500.0,0,0.0
484,4,1,7521,62500.0,0,0.0
485,4,1,44642,62500.0,0,0.0
486,4,1,72213,62500.0,0,0.0
487,4,1,539101,62500.0,1,1.0
488,4,1,167915,62500.0,0,0.0
489,4,1,539101,62500.0,1,1.0
490,4,1,44642,62500.0,0,0.0
491,4,1,539101,62500.0,1,1.0
492,4,1,16155,62500.0,0,0.0
493,4,1,138445,62500.0,0,0.0
494,4,1,44642,62500.0,0,0.0
495,4,1,167915,62500.0,1,1.0
496,4,1,539101,62500.0,1,1.0
497,4,1,138445,62500.0,0,0.0
498,4,1,539101,62500.0,1,1.0
499,4,1,539101,62500.0,1,1.0
500,4,1,72213,62500.0,1,1.0
501,4,1,14008,62500.0,1,1.0
502,4,1,539101,62500.0,1,1.0
503,4,1,539101,62500.0,1,1.0
504,4,1,167915,62500.0,1,1.0
505,4,1,14008,62500.0,0,0.0
506,4,1,167915,62500.0,1,1.0
507,4,1,167915,62500.0,0,0.0
508,4,1,539101,62500.0,1,1.0
509,4,1,44642,62500.0,0,0.0
510,4,1,539101,62500.0,1,1.0
511,4,1,167915,62500.0,0,0.0
512,4,1,167915,62500.0,1,1.0
513,4,1,167915,62500.0,1,1.0
514,4,1,138445,62500.0,0,0.0
515,4,1,167915,62500.0,0,0.0
516,4,1,7521,62500.0,1,1.0
517,4,1,539101,62500.0,1,1.0
518,4,1,167915,62500.0,1,1.0
519,4,1,14008,62500.0,1,1.0
520,4,1,539101,62500.0,1,1.0
521,4,1,539101,62500.0,1,1.0
522,4,1,16155,62500.0,0,0.0
523,4,1,539101,62500.0,1,1.0
524,4,1,138445,62500.0,0,0.0
525,4,1,539101,62500.0,1,1.0
526,4,1,72213,62500.0,0,0.0
527,4,1,7521,62500.0,0,0.0
528,4,1,539101,62500.0,1,1.0
529,4,1,72213,62500.0,1,1.0
530,4,1,72213,62500.0,0,0.0
531,4,1,539101,62500.0,1,1.0
532,4,1,539101,62500.0,1,1.0
533,4,1,14008,62500.0,0,0.0
534,4,1,72213,62500.0,0,0.0
535,4,1,539101,62500.0,1,1.0
536,4,1,44642,62500.0,1,1.0
537,4,1,539101,62500.0,0,0.0
538,4,1,539101,62500.0,1,1.0
539,4,1,44642,62500.0,0,0.0
540,4,1,72213,62500.0,0,0.0
541,4,1,167915,62500.0,1,1.0
542,4,1,167915,62500.0,0,0.0
543,4,1,44642,62500.0,0,0.0
544,4,1,539101,62500.0,0,0.0
545,4,1,539101,62500.0,0,0.0
546,4,1,539101,62500.0,1,1.0
547,4,1,138445,62500.0,1,1.0
548,4,1,7521,62500.0,0,0.0
549,4,1,14008,62500.0,1,1.0
550,4,1,539101,62500.0,1,1.0
551,4,1,539101,62500.0,1,1.0
552,4,1,14008,62500.0,0,0.0
553,4,1,72213,62500.0,1,1.0
554,4,1,72213,62500.0,1,1.0
555,4,1,167915,62500.0,1,1.0
556,4,1,539101,62500.0,1,1.0
557,4,1,539101,62500.0,1,1.0
558,4,1,539101,62500.0,1,1.0
559,4,1,167915,62500.0,1,1.0
560,4,1,167915,62500.0,0,0.0
561,4,1,138445,62500.0,0,0.0
562,4,1,539101,62500.0,1,1.0
563,4,1,138445,62500.0,0,0.0
564,4,1,7521,62500.0,1,1.0
565,4,1,138445,62500.0,0,0.0
566,4,1,16155,62500.0,0,0.0
567,4,1,138445,62500.0,1,1.0
568,4,1,539101,62500.0,1,1.0
569,4,1,539101,62500.0,1,1.0
570,4,1,539101,62500.0,1,1.0
571,4,1,167915,62500.0,1,1.0
572,4,1,539101,62500.0,1,1.0
573,4,1,138445,62500.0,0,0.0
574,4,1,539101,62500.0,1,1.0
575,4,1,539101,62500.0,1,1.0
576,4,1,138445,62500.0,0,0.0
577,4,1,138445,62500.0,1,1.0
578,4,1,539101,62500.0,1,1.0
579,4,1,72213,62500.0,1,1.0
580,4,1,539101,62500.0,1,1.0
581,4,1,16155,62500.0,1,1.0
582,4,1,539101,62500.0,1,1.0
583,4,1,539101,62500.0,1,1.0
584,4,1,539101,62500.0,1,1.0
585,4,1,539101,62500.0,1,1.0
586,4,1,167915,62500.0,1,1.0
587,4,1,539101,62500.0,1,1.0
588,4,1,138445,62500.0,0,0.0
589,4,1,539101,62500.0,1,1.0
590,4,1,539101,62500.0,0,0.0
591,4,1,539101,62500.0,0,0.0
592,4,1,539101,62500.0,1,1.0
593,4,1,539101,62500.0,1,1.0
594,4,1,539101,62500.0,0,0.0
595,4,1,167915,62500.0,1,1.0
596,4,1,539101,62500.0,0,0.0
597,4,1,138445,62500.0,0,0.0
598,4,1,138445,62500.0,1,1.0
599,4,1,167915,62500.0,1,1.0
600,4,1,167915,62500.0,1,1.0
601,4,1,539101,62500.0,1,1.0
602,4,1,138445,62500.0,1,1.0
603,4,1,539101,62500.0,0,0.0
604,4,1,167915,62500.0,1,1.0
605,4,1,138445,62500.0,0,0.0
606,4,1,138445,62500.0,1,1.0
607,4,1,44642,62500.0,0,0.0
608,4,1,138445,62500.0,1,1.0
609,4,1,138445,62500.0,1,1.0
610,4,1,16155,62500.0,1,1.0
611,4,1,539101,62500.0,1,1.0
612,4,1,72213,62500.0,1,1.0
613,4,1,138445,62500.0,0,0.0
614,4,1,539101,62500.0,0,0.0
615,4,1,539101,62500.0,1,1.0
616,4,1,539101,62500.0,1,1.0
617,4,1,44642,62500.0,0,0.0
618,4,1,44642,62500.0,1,1.0
619,4,1,138445,62500.0,0,0.0
620,4,1,539101,62500.0,1,1.0
621,4,1,539101,62500.0,0,0.0
622,4,1,539101,62500.0,1,1.0
623,4,1,539101,62500.0,1,1.0
624,4,1,539101,62500.0,0,0.0
625,4,1,539101,62500.0,1,1.0
626,4,1,539101,62500.0,1,1.0
627,4,1,539101,62500.0,1,1.0
628,4,1,539101,62500.0,1,1.0
629,4,1,539101,62500.0,1,1.0
630,4,1,167915,62500.0,0,0.0
631,4,1,167915,62500.0,0,0.0
632,4,1,539101,62500.0,1,1.0
633,4,1,167915,62500.0,1,1.0
634,4,1,138445,62500.0,0,0.0
635,4,1,14008,62500.0,0,0.0
636,4,1,539101,62500.0,1,1.0
637,4,1,539101,62500.0,1,1.0
638,4,1,138445,62500.0,1,1.0
639,4,1,539101,62500.0,1,1.0
640,4,1,539101,62500.0,1,1.0
641,4,1,138445,62500.0,1,1.0
642,4,1,138445,62500.0,0,0.0
643,4,1,539101,62500.0,0,0.0
644,4,1,539101,62500.0,1,1.0
645,4,1,167915,62500.0,0,0.0
646,4,1,539101,62500.0,1,1.0
647,4,1,539101,62500.0,1,1.0
648,4,1,539101,62500.0,1,1.0
649,4,1,539101,62500.0,1,1.0
650,4,1,167915,62500.0,0,0.0
651,4,1,539101,62500.0,1,1.0
652,4,1,539101,62500.0,1,1.0
653,4,1,44642,62500.0,0,0.0
654,4,1,539101,62500.0,0,0.0
655,4,1,138445,62500.0,1,1.0
656,4,1,167915,62500.0,0,0.0
657,4,1,72213,62500.0,0,0.0
658,4,1,167915,62500.0,1,1.0
659,4,1,539101,62500.0,1,1.0
660,4,1,72213,62500.0,0,0.0
661,4,1,539101,62500.0,1,1.0
662,4,1,138445,62500.0,0,0.0
663,4,1,44642,62500.0,1,1.0
664,4,1,539101,62500.0,1,1.0
665,4,1,539101,62500.0,1,1.0
666,4,1,72213,62500.0,0,0.0
667,4,1,539101,62500.0,1,1.0
668,4,1,539101,62500.0,1,1.0
669,4,1,539101,62500.0,0,0.0
670,4,1,138445,62500.0,1,1.0
671,4,1,539101,62500.0,1,1.0
672,4,1,167915,62500.0,0,0.0
673,4,1,539101,62500.0,1,1.0
674,4,1,167915,62500.0,1,1.0
675,4,1,539101,62500.0,1,1.0
676,4,1,539101,62500.0,0,0.0
677,4,1,539101,62500.0,1,1.0
678,4,1,167915,62500.0,0,0.0
679,4,1,539101,62500.0,1,1.0
680,4,1,539101,62500.0,1,1.0
681,4,1,539101,62500.0,1,1.0
682,4,1,539101,62500.0,1,1.0
683,4,1,539101,62500.0,1,1.0
684,4,1,539101,62500.0,0,0.0
685,4,1,539101,62500.0,1,1.0
686,4,1,539101,62500.0,1,1.0
687,4,1,539101,62500.0,1,1.0
688,4,1,44642,62500.0,0,0.0
689,4,1,539101,62500.0,1,1.0
690,4,1,167915,62500.0,0,0.0
691,4,1,72213,62500.0,1,1.0
692,4,1,539101,62500.0,1,1.0
693,4,1,539101,62500.0,0,0.0
694,4,1,44642,62500.0,1,1.0
695,4,1,14008,62500.0,1,1.0
696,4,1,539101,62500.0,1,1.0
697,4,1,539101,62500.0,1,1.0
698,4,1,539101,62500.0,0,0.0
699,4,1,167915,62500.0,0,0.0
700,4,1,138445,62500.0,0,0.0
701,4,1,539101,62500.0,1,1.0
702,4,1,539101,62500.0,1,1.0
703,4,1,539101,62500.0,0,0.0
704,4,1,138445,62500.0,0,0.0
705,4,1,539101,62500.0,1,1.0
706,4,1,44642,62500.0,0,0.0
707,4,1,138445,62500.0,1,1.0
708,4,1,539101,62500.0,1,1.0
709,4,1,167915,62500.0,1,1.0
710,4,1,167915,62500.0,0,0.0
711,4,1,16155,62500.0,0,0.0
712,4,1,539101,62500.0,1,1.0
713,4,1,539101,62500.0,1,1.0
714,4,1,138445,62500.0,1,1.0
715,4,1,539101,62500.0,1,1.0
716,4,1,44642,62500.0,1,1.0
717,4,1,539101,62500.0,1,1.0
718,4,1,167915,62500.0,0,0.0
719,4,1,72213,62500.0,1,1.0
720,4,1,72213,62500.0,1,1.0
721,4,1,16155,62500.0,0,0.0
722,4,1,44642,62500.0,0,0.0
723,4,1,539101,62500.0,1,1.0
724,4,1,16155,62500.0,0,0.0
725,4,1,44642,62500.0,0,0.0
726,4,1,539101,62500.0,0,0.0
727,4,1,539101,62500.0,1,1.0
728,4,1,539101,62500.0,1,1.0
729,4,1,167915,62500.0,0,0.0
730,4,1,539101,62500.0,0,0.0
731,4,1,539101,62500.0,1,1.0
732,4,1,44642,62500.0,1,1.0
733,4,1,539101,62500.0,0,0.0
734,4,1,167915,62500.0,0,0.0
735,4,1,72213,62500.0,0,0.0
736,4,1,167915,62500.0,0,0.0
737,4,1,138445,62500.0,1,1.0
738,4,1,72213,62500.0,0,0.0
739,4,1,44642,62500.0,0,0.0
740,4,1,539101,62500.0,1,1.0
741,4,1,167915,62500.0,1,1.0
742,4,1,539101,62500.0,1,1.0
743,4,1,539101,62500.0,1,1.0
744,4,1,539101,62500.0,1,1.0
745,4,1,138445,62500.0,0,0.0
746,4,1,539101,62500.0,1,1.0
747,4,1,167915,62500.0,0,0.0
748,4,1,167915,62500.0,1,1.0
749,4,1,44642,62500.0,1,1.0
750,4,1,44642,62500.0,0,0.0
751,4,1,539101,62500.0,1,1.0
752,4,1,138445,62500.0,1,1.0
753,4,1,539101,62500.0,1,1.0
754,4,1,138445,62500.0,0,0.0
755,4,1,138445,62500.0,1,1.0
756,4,1,539101,62500.0,1,1.0
757,4,1,138445,62500.0,1,1.0
758,4,1,138445,62500.0,1,1.0
759,4,1,539101,62500.0,0,0.0
760,4,1,539101,62500.0,0,0.0
761,4,1,44642,62500.0,0,0.0
762,4,1,539101,62500.0,1,1.0
763,4,1,539101,62500.0,0,0.0
764,4,1,167915,62500.0,1,1.0
765,4,1,539101,62500.0,1,1.0
766,4,1,72213,62500.0,0,0.0
767,4,1,167915,62500.0,0,0.0
768,4,1,72213,62500.0,1,1.0
769,4,1,539101,62500.0,1,1.0
770,4,1,539101,62500.0,0,0.0
771,4,1,138445,62500.0,1,1.0
772,4,1,539101,62500.0,1,1.0
773,4,1,539101,62500.0,1,1.0
774,4,1,167915,62500.0,0,0.0
775,4,1,72213,62500.0,0,0.0
776,4,1,16155,62500.0,1,1.0
777,4,1,44642,62500.0,0,0.0
778,4,1,167915,62500.0,1,1.0
779,4,1,539101,62500.0,1,1.0
780,4,1,138445,62500.0,1,1.0
781,4,1,167915,62500.0,0,0.0
782,4,1,72213,62500.0,1,1.0
783,4,1,16155,62500.0,1,1.0
784,4,1,167915,62500.0,1,1.0
785,4,1,539101,62500.0,1,1.0
786,4,1,539101,62500.0,1,1.0
787,4,1,539101,62500.0,1,1.0
788,4,1,539101,62500.0,1,1.0
789,4,1,539101,62500.0,1,1.0
790,4,1,539101,62500.0,0,0.0
791,4,1,167915,62500.0,1,1.0
792,4,1,539101,62500.0,1,1.0
793,4,1,539101,62500.0,1,1.0
794,4,1,44642,62500.0,0,0.0
795,4,1,72213,62500.0,0,0.0
796,4,1,539101,62500.0,1,1.0
797,4,1,72213,62500.0,0,0.0
798,4,1,539101,62500.0,0,0.0
799,4,1,167915,62500.0,0,0.0
800,4,1,7521,62500.0,0,0.0
801,4,1,539101,62500.0,1,1.0
802,4,1,167915,62500.0,0,0.0
803,4,1,138445,62500.0,1,1.0
804,4,1,539101,62500.0,1,1.0
805,4,1,539101,62500.0,1,1.0
806,4,1,539101,62500.0,1,1.0
807,4,1,72213,62500.0,0,0.0
808,4,1,539101,62500.0,1,1.0
809,4,1,539101,62500.0,1,1.0
810,4,1,539101,62500.0,1,1.0
811,4,1,539101,62500.0,1,1.0
812,4,1,539101,62500.0,1,1.0
813,4,1,539101,62500.0,1,1.0
814,4,1,539101,62500.0,1,1.0
815,4,1,138445,62500.0,0,0.0
816,4,1,44642,62500.0,0,0.0
817,4,1,539101,62500.0,1,1.0
818,4,1,72213,62500.0,0,0.0
819,4,1,167915,62500.0,1,1.0
820,4,1,539101,62500.0,1,1.0
821,4,1,539101,62500.0,1,1.0
822,4,1,539101,62500.0,1,1.0
823,4,1,138445,62500.0,0,0.0
824,4,1,539101,62500.0,1,1.0
825,4,1,539101,62500.0,1,1.0
826,4,1,539101,62500.0,1,1.0
827,4,1,539101,62500.0,1,1.0
828,4,1,539101,62500.0,1,1.0
829,4,1,138445,62500.0,1,1.0
830,4,1,539101,62500.0,1,1.0
831,4,1,167915,62500.0,1,1.0
832,4,1,7521,62500.0,0,0.0
833,4,1,539101,62500.0,1,1.0
834,4,1,539101,62500.0,1,1.0
835,4,1,539101,62500.0,1,1.0
836,4,1,167915,62500.0,0,0.0
837,4,1,539101,62500.0,1,1.0
838,4,1,539101,62500.0,1,1.0
839,4,1,539101,62500.0,1,1.0
840,4,1,539101,62500.0,1,1.0
841,4,1,44642,62500.0,0,0.0
842,4,1,167915,62500.0,0,0.0
843,4,1,539101,62500.0,1,1.0
844,4,1,539101,62500.0,1,1.0
845,4,1,539101,62500.0,1,1.0
846,4,1,539101,62500.0,1,1.0
847,4,1,539101,62500.0,1,1.0
848,4,1,539101,62500.0,1,1.0
849,4,1,167915,62500.0,1,1.0
850,4,1,138445,62500.0,1,1.0
851,4,1,539101,62500.0,1,1.0
852,4,1,539101,62500.0,0,0.0
853,4,1,539101,62500.0,1,1.0
854,4,1,539101,62500.0,1,1.0
855,4,1,167915,62500.0,1,1.0
856,4,1,539101,62500.0,1,1.0
857,4,1,539101,62500.0,0,0.0
858,4,1,539101,62500.0,1,1.0
859,4,1,138445,62500.0,1,1.0
860,4,1,72213,62500.0,0,0.0
861,4,1,44642,62500.0,0,0.0
862,4,1,539101,62500.0,0,0.0
863,4,1,7521,62500.0,0,0.0
864,4,1,44642,62500.0,0,0.0
865,4,1,539101,62500.0,1,1.0
866,4,1,539101,62500.0,1,1.0
867,4,1,138445,62500.0,1,1.0
868,4,1,539101,62500.0,1,1.0
869,4,1,539101,62500.0,1,1.0
870,4,1,539101,62500.0,1,1.0
871,4,1,539101,62500.0,1,1.0
872,4,1,44642,62500.0,1,1.0
873,4,1,44642,62500.0,0,0.0
874,4,1,539101,62500.0,1,1.0
875,4,1,138445,62500.0,0,0.0
876,4,1,44642,62500.0,1,1.0
877,4,1,138445,62500.0,1,1.0
878,4,1,539101,62500.0,1,1.0
879,4,1,72213,62500.0,0,0.0
880,4,1,167915,62500.0,0,0.0
881,4,1,539101,62500.0,0,0.0
882,4,1,138445,62500.0,1,1.0
883,4,1,539101,62500.0,1,1.0
884,4,1,539101,62500.0,0,0.0
885,4,1,167915,62500.0,1,1.0
886,4,1,44642,62500.0,1,1.0
887,4,1,138445,62500.0,0,0.0
888,4,1,539101,62500.0,1,1.0
889,4,1,167915,62500.0,0,0.0
890,4,1,539101,62500.0,1,1.0
891,4,1,539101,62500.0,1,1.0
892,4,1,138445,62500.0,1,1.0
893,4,1,539101,62500.0,1,1.0
894,4,1,539101,62500.0,1,1.0
895,4,1,44642,62500.0,1,1.0
896,4,1,14008,62500.0,0,0.0
897,4,1,539101,62500.0,1,1.0
898,4,1,167915,62500.0,1,1.0
899,4,1,167915,62500.0,1,1.0
900,4,1,138445,62500.0,0,0.0
901,4,1,539101,62500.0,1,1.0
902,4,1,167915,62500.0,0,0.0
903,4,1,539101,62500.0,1,1.0
904,4,1,539101,62500.0,1,1.0
905,4,1,539101,62500.0,1,1.0
906,4,1,44642,62500.0,1,1.0
907,4,1,138445,62500.0,1,1.0
908,4,1,539101,62500.0,1,1.0
909,4,1,167915,62500.0,0,0.0
910,4,1,539101,62500.0,0,0.0
911,4,1,44642,62500.0,1,1.0
912,4,1,539101,62500.0,1,1.0
913,4,1,72213,62500.0,0,0.0
914,4,1,167915,62500.0,0,0.0
915,4,1,539101,62500.0,1,1.0
916,4,1,167915,62500.0,0,0.0
917,4,1,539101,62500.0,1,1.0
918,4,1,16155,62500.0,0,0.0
919,4,1,72213,62500.0,0,0.0
920,4,1,539101,62500.0,1,1.0
921,4,1,539101,62500.0,1,1.0
922,4,1,138445,62500.0,1,1.0
923,4,1,16155,62500.0,0,0.0
924,4,1,539101,62500.0,1,1.0
925,4,1,539101,62500.0,1,1.0
926,4,1,539101,62500.0,1,1.0
927,4,1,539101,62500.0,1,1.0
928,4,1,539101,62500.0,1,1.0
929,4,1,539101,62500.0,0,0.0
930,4,1,44642,62500.0,1,1.0
931,4,1,167915,62500.0,0,0.0
932,4,1,539101,62500.0,1,1.0
933,4,1,539101,62500.0,1,1.0
934,4,1,72213,62500.0,1,1.0
935,4,1,138445,62500.0,1,1.0
936,4,1,138445,62500.0,0,0.0
937,4,1,167915,62500.0,1,1.0
938,4,1,539101,62500.0,1,1.0
939,4,1,16155,62500.0,0,0.0
940,4,1,167915,62500.0,1,1.0
941,4,1,539101,62500.0,1,1.0
942,4,1,539101,62500.0,0,0.0
943,4,1,539101,62500.0,1,1.0
944,4,1,539101,62500.0,1,1.0
945,4,1,72213,62500.0,1,1.0
946,4,1,167915,62500.0,0,0.0
947,4,1,44642,62500.0,0,0.0
948,4,1,138445,62500.0,1,1.0
949,4,1,138445,62500.0,0,0.0
950,4,1,539101,62500.0,1,1.0
951,4,1,539101,62500.0,1,1.0
952,4,1,539101,62500.0,1,1.0
953,4,1,539101,62500.0,1,1.0
954,4,1,539101,62500.0,1,1.0
955,4,1,539101,62500.0,1,1.0
956,4,1,539101,62500.0,1,1.0
957,4,1,138445,62500.0,0,0.0
958,4,1,44642,62500.0,0,0.0
959,4,1,72213,62500.0,1,1.0
960,4,1,72213,62500.0,1,1.0
961,4,1,539101,62500.0,1,1.0
962,4,1,539101,62500.0,0,0.0
963,4,1,14008,62500.0,0,0.0
964,4,1,539101,62500.0,1,1.0
965,4,1,539101,62500.0,1,1.0
966,4,1,138445,62500.0,0,0.0
967,4,1,539101,62500.0,1,1.0
968,4,1,138445,62500.0,1,1.0
969,4,1,72213,62500.0,0,0.0
970,4,1,167915,62500.0,0,0.0
971,4,1,44642,62500.0,0,0.0
972,4,1,539101,62500.0,1,1.0
973,4,1,167915,62500.0,0,0.0
974,4,1,167915,62500.0,1,1.0
975,4,1,14008,62500.0,1,1.0
976,4,1,167915,62500.0,0,0.0
977,4,1,167915,62500.0,0,0.0
978,4,1,539101,62500.0,1,1.0
979,4,1,539101,62500.0,1,1.0
980,4,1,72213,62500.0,0,0.0
981,4,1,539101,62500.0,1,1.0
982,4,1,539101,62500.0,1,1.0
983,4,1,539101,62500.0,1,1.0
984,4,1,138445,62500.0,0,0.0
985,4,1,539101,62500.0,1,1.0
986,4,1,167915,62500.0,1,1.0
987,4,1,138445,62500.0,1,1.0
988,4,1,539101,62500.0,0,0.0
989,4,1,167915,62500.0,1,1.0
990,4,1,539101,62500.0,1,1.0
991,4,1,14008,62500.0,1,1.0
992,4,1,539101,62500.0,0,0.0
993,4,1,14008,62500.0,1,1.0
994,4,1,44642,62500.0,0,0.0
995,4,1,539101,62500.0,1,1.0
996,4,1,539101,62500.0,1,1.0
997,4,1,72213,62500.0,0,0.0
998,4,1,539101,62500.0,1,1.0
999,4,1,539101,62500.0,1,1.0
0,4,10,138445,62500.0,5,0.5
1,4,10,44642,62500.0,4,0.4
2,4,10,167915,62500.0,1,0.1
3,4,10,7521,62500.0,6,0.6
4,4,10,539101,62500.0,8,0.8
5,4,10,539101,62500.0,8,0.8
6,4,10,167915,62500.0,6,0.6
7,4,10,138445,62500.0,7,0.7
8,4,10,539101,62500.0,9,0.9
9,4,10,44642,62500.0,2,0.2
10,4,10,138445,62500.0,1,0.1
11,4,10,16155,62500.0,0,0.0
12,4,10,539101,62500.0,5,0.5
13,4,10,44642,62500.0,3,0.3
14,4,10,167915,62500.0,4,0.4
15,4,10,72213,62500.0,3,0.3
16,4,10,167915,62500.0,6,0.6
17,4,10,539101,62500.0,10,1.0
18,4,10,539101,62500.0,10,1.0
19,4,10,138445,62500.0,0,0.0
20,4,10,539101,62500.0,10,1.0
21,4,10,539101,62500.0,10,1.0
22,4,10,44642,62500.0,1,0.1
23,4,10,167915,62500.0,2,0.2
24,4,10,44642,62500.0,6,0.6
25,4,10,539101,62500.0,4,0.4
26,4,10,167915,62500.0,9,0.9
27,4,10,539101,62500.0,10,1.0
28,4,10,138445,62500.0,2,0.2
29,4,10,539101,62500.0,9,0.9
30,4,10,138445,62500.0,1,0.1
31,4,10,539101,62500.0,10,1.0
32,4,10,44642,62500.0,0,0.0
33,4,10,167915,62500.0,5,0.5
34,4,10,167915,62500.0,6,0.6
35,4,10,539101,62500.0,8,0.8
36,4,10,138445,62500.0,0,0.0
37,4,10,539101,62500.0,3,0.3
38,4,10,539101,62500.0,10,1.0
39,4,10,167915,62500.0,3,0.3
40,4,10,539101,62500.0,7,0.7
41,4,10,539101,62500.0,5,0.5
42,4,10,167915,62500.0,3,0.3
43,4,10,539101,62500.0,9,0.9
44,4,10,14008,62500.0,7,0.7
45,4,10,167915,62500.0,4,0.4
46,4,10,138445,62500.0,1,0.1
47,4,10,539101,62500.0,9,0.9
48,4,10,539101,62500.0,7,0.7
49,4,10,167915,62500.0,5,0.5
50,4,10,167915,62500.0,4,0.4
51,4,10,539101,62500.0,10,1.0
52,4,10,539101,62500.0,7,0.7
53,4,10,539101,62500.0,8,0.8
54,4,10,539101,62500.0,10,1.0
55,4,10,44642,62500.0,0,0.0
56,4,10,539101,62500.0,10,1.0
57,4,10,16155,62500.0,1,0.1
58,4,10,167915,62500.0,3,0.3
59,4,10,539101,62500.0,9,0.9
60,4,10,167915,62500.0,10,1.0
61,4,10,539101,62500.0,10,1.0
62,4,10,539101,62500.0,8,0.8
63,4,10,539101,62500.0,7,0.7
64,4,10,539101,62500.0,10,1.0
65,4,10,539101,62500.0,9,0.9
66,4,10,138445,62500.0,4,0.4
67,4,10,72213,62500.0,10,1.0
68,4,10,138445,62500.0,1,0.1
69,4,10,167915,62500.0,1,0.1
70,4,10,44642,62500.0,2,0.2
71,4,10,539101,62500.0,4,0.4
72,4,10,539101,62500.0,6,0.6
73,4,10,167915,62500.0,0,0.0
74,4,10,539101,62500.0,8,0.8
75,4,10,539101,62500.0,10,1.0
76,4,10,539101,62500.0,8,0.8
77,4,10,16155,62500.0,2,0.2
78,4,10,539101,62500.0,4,0.4
79,4,10,167915,62500.0,5,0.5
80,4,10,138445,62500.0,5,0.5
81,4,10,539101,62500.0,8,0.8
82,4,10,539101,62500.0,6,0.6
83,4,10,138445,62500.0,1,0.1
84,4,10,539101,62500.0,9,0.9
85,4,10,539101,62500.0,8,0.8
86,4,10,539101,62500.0,7,0.7
87,4,10,539101,62500.0,9,0.9
88,4,10,16155,62500.0,3,0.3
89,4,10,539101,62500.0,10,1.0
90,4,10,539101,62500.0,4,0.4
91,4,10,167915,62500.0,1,0.1
92,4,10,167915,62500.0,2,0.2
93,4,10,539101,62500.0,10,1.0
94,4,10,539101,62500.0,10,1.0
95,4,10,72213,62500.0,1,0.1
96,4,10,138445,62500.0,0,0.0
97,4,10,138445,62500.0,8,0.8
98,4,10,72213,62500.0,6,0.6
99,4,10,44642,62500.0,6,0.6
100,4,10,539101,62500.0,10,1.0
101,4,10,138445,62500.0,4,0.4
102,4,10,138445,62500.0,3,0.3
103,4,10,539101,62500.0,9,0.9
104,4,10,539101,62500.0,8,0.8
105,4,10,44642,62500.0,3,0.3
106,4,10,539101,62500.0,8,0.8
107,4,10,539101,62500.0,7,0.7
108,4,10,44642,62500.0,6,0.6
109,4,10,539101,62500.0,1,0.1
110,4,10,539101,62500.0,2,0.2
111,4,10,539101,62500.0,5,0.5
112,4,10,72213,62500.0,1,0.1
113,4,10,539101,62500.0,7,0.7
114,4,10,44642,62500.0,3,0.3
115,4,10,167915,62500.0,8,0.8
116,4,10,167915,62500.0,5,0.5
117,4,10,539101,62500.0,8,0.8
118,4,10,167915,62500.0,6,0.6
119,4,10,7521,62500.0,2,0.2
120,4,10,72213,62500.0,7,0.7
121,4,10,167915,62500.0,8,0.8
122,4,10,539101,62500.0,10,1.0
123,4,10,138445,62500.0,7,0.7
124,4,10,539101,62500.0,9,0.9
125,4,10,539101,62500.0,9,0.9
126,4,10,7521,62500.0,0,0.0
127,4,10,167915,62500.0,5,0.5
128,4,10,539101,62500.0,1,0.1
129,4,10,138445,62500.0,4,0.4
130,4,10,138445,62500.0,0,0.0
131,4,10,539101,62500.0,8,0.8
132,4,10,539101,62500.0,10,1.0
133,4,10,7521,62500.0,3,0.3
134,4,10,16155,62500.0,1,0.1
135,4,10,138445,62500.0,1,0.1
136,4,10,167915,62500.0,4,0.4
137,4,10,44642,62500.0,3,0.3
138,4,10,539101,62500.0,8,0.8
139,4,10,539101,62500.0,8,0.8
140,4,10,539101,62500.0,5,0.5
141,4,10,539101,62500.0,7,0.7
142,4,10,167915,62500.0,6,0.6
143,4,10,539101,62500.0,10,1.0
144,4,10,539101,62500.0,6,0.6
145,4,10,167915,62500.0,1,0.1
146,4,10,539101,62500.0,10,1.0
147,4,10,72213,62500.0,4,0.4
148,4,10,539101,62500.0,3,0.3
149,4,10,138445,62500.0,2,0.2
150,4,10,539101,62500.0,6,0.6
151,4,10,539101,62500.0,6,0.6
152,4,10,167915,62500.0,0,0.0
153,4,10,539101,62500.0,10,1.0
154,4,10,539101,62500.0,5,0.5
155,4,10,167915,62500.0,9,0.9
156,4,10,539101,62500.0,3,0.3
157,4,10,539101,62500.0,8,0.8
158,4,10,167915,62500.0,7,0.7
159,4,10,44642,62500.0,6,0.6
160,4,10,7521,62500.0,0,0.0
161,4,10,539101,62500.0,8,0.8
162,4,10,539101,62500.0,5,0.5
163,4,10,539101,62500.0,3,0.3
164,4,10,16155,62500.0,1,0.1
165,4,10,539101,62500.0,10,1.0
166,4,10,44642,62500.0,1,0.1
167,4,10,539101,62500.0,7,0.7
168,4,10,138445,62500.0,3,0.3
169,4,10,44642,62500.0,3,0.3
170,4,10,44642,62500.0,3,0.3
171,4,10,539101,62500.0,8,0.8
172,4,10,539101,62500.0,5,0.5
173,4,10,539101,62500.0,9,0.9
174,4,10,138445,62500.0,0,0.0
175,4,10,167915,62500.0,3,0.3
176,4,10,539101,62500.0,5,0.5
177,4,10,539101,62500.0,3,0.3
178,4,10,539101,62500.0,8,0.8
179,4,10,167915,62500.0,3,0.3
180,4,10,539101,62500.0,8,0.8
181,4,10,72213,62500.0,0,0.0
182,4,10,138445,62500.0,3,0.3
183,4,10,72213,62500.0,2,0.2
184,4,10,539101,62500.0,9,0.9
185,4,10,539101,62500.0,10,1.0
186,4,10,167915,62500.0,4,0.4
187,4,10,167915,62500.0,1,0.1
188,4,10,539101,62500.0,4,0.4
189,4,10,539101,62500.0,10,1.0
190,4,10,72213,62500.0,0,0.0
191,4,10,44642,62500.0,2,0.2
192,4,10,539101,62500.0,8,0.8
193,4,10,539101,62500.0,8,0.8
194,4,10,539101,62500.0,4,0.4
195,4,10,539101,62500.0,6,0.6
196,4,10,539101,62500.0,10,1.0
197,4,10,539101,62500.0,7,0.7
198,4,10,539101,62500.0,9,0.9
199,4,10,539101,62500.0,7,0.7
200,4,10,72213,62500.0,0,0.0
201,4,10,167915,62500.0,1,0.1
202,4,10,539101,62500.0,9,0.9
203,4,10,539101,62500.0,10,1.0
204,4,10,539101,62500.0,9,0.9
205,4,10,44642,62500.0,1,0.1
206,4,10,167915,62500.0,5,0.5
207,4,10,539101,62500.0,8,0.8
208,4,10,138445,62500.0,3,0.3
209,4,10,138445,62500.0,1,0.1
210,4,10,44642,62500.0,6,0.6
211,4,10,167915,62500.0,3,0.3
212,4,10,539101,62500.0,4,0.4
213,4,10,539101,62500.0,5,0.5
214,4,10,539101,62500.0,7,0.7
215,4,10,138445,62500.0,1,0.1
216,4,10,167915,62500.0,7,0.7
217,4,10,539101,62500.0,6,0.6
218,4,10,539101,62500.0,10,1.0
219,4,10,539101,62500.0,8,0.8
220,4,10,539101,62500.0,10,1.0
221,4,10,167915,62500.0,2,0.2
222,4,10,539101,62500.0,9,0.9
223,4,10,539101,62500.0,10,1.0
224,4,10,539101,62500.0,9,0.9
225,4,10,16155,62500.0,0,0.0
226,4,10,539101,62500.0,5,0.5
227,4,10,539101,62500.0,2,0.2
228,4,10,539101,62500.0,10,1.0
229,4,10,539101,62500.0,8,0.8
230,4,10,72213,62500.0,3,0.3
231,4,10,539101,62500.0,10,1.0
232,4,10,44642,62500.0,2,0.2
233,4,10,72213,62500.0,3,0.3
234,4,10,167915,62500.0,0,0.0
235,4,10,539101,62500.0,3,0.3
236,4,10,539101,62500.0,9,0.9
237,4,10,138445,62500.0,1,0.1
238,4,10,72213,62500.0,4,0.4
239,4,10,539101,62500.0,3,0.3
240,4,10,539101,62500.0,9,0.9
241,4,10,539101,62500.0,10,1.0
242,4,10,539101,62500.0,1,0.1
243,4,10,539101,62500.0,8,0.8
244,4,10,539101,62500.0,2,0.2
245,4,10,539101,62500.0,10,1.0
246,4,10,138445,62500.0,6,0.6
247,4,10,539101,62500.0,10,1.0
248,4,10,14008,62500.0,0,0.0
249,4,10,539101,62500.0,9,0.9
250,4,10,539101,62500.0,10,1.0
251,4,10,539101,62500.0,9,0.9
252,4,10,539101,62500.0,8,0.8
253,4,10,138445,62500.0,1,0.1
254,4,10,44642,62500.0,0,0.0
255,4,10,138445,62500.0,4,0.4
256,4,10,138445,62500.0,5,0.5
257,4,10,539101,62500.0,8,0.8
258,4,10,167915,62500.0,2,0.2
259,4,10,539101,62500.0,8,0.8
260,4,10,138445,62500.0,6,0.6
261,4,10,539101,62500.0,6,0.6
262,4,10,138445,62500.0,3,0.3
263,4,10,16155,62500.0,1,0.1
264,4,10,539101,62500.0,5,0.5
265,4,10,72213,62500.0,8,0.8
266,4,10,72213,62500.0,5,0.5
267,4,10,539101,62500.0,9,0.9
268,4,10,138445,62500.0,3,0.3
269,4,10,167915,62500.0,5,0.5
270,4,10,539101,62500.0,1,0.1
271,4,10,167915,62500.0,4,0.4
272,4,10,167915,62500.0,7,0.7
273,4,10,138445,62500.0,2,0.2
274,4,10,138445,62500.0,0,0.0
275,4,10,539101,62500.0,6,0.6
276,4,10,539101,62500.0,9,0.9
277,4,10,138445,62500.0,2,0.2
278,4,10,539101,62500.0,9,0.9
279,4,10,539101,62500.0,8,0.8
280,4,10,167915,62500.0,4,0.4
281,4,10,539101,62500.0,10,1.0
282,4,10,539101,62500.0,8,0.8
283,4,10,539101,62500.0,9,0.9
284,4,10,167915,62500.0,3,0.3
285,4,10,138445,62500.0,5,0.5
286,4,10,44642,62500.0,3,0.3
287,4,10,138445,62500.0,1,0.1
288,4,10,539101,62500.0,10,1.0
289,4,10,167915,62500.0,2,0.2
290,4,10,539101,62500.0,9,0.9
291,4,10,138445,62500.0,8,0.8
292,4,10,138445,62500.0,0,0.0
293,4,10,16155,62500.0,3,0.3
294,4,10,539101,62500.0,10,1.0
295,4,10,167915,62500.0,3,0.3
296,4,10,167915,62500.0,1,0.1
297,4,10,44642,62500.0,0,0.0
298,4,10,539101,62500.0,1,0.1
299,4,10,167915,62500.0,9,0.9
300,4,10,138445,62500.0,4,0.4
301,4,10,138445,62500.0,4,0.4
302,4,10,44642,62500.0,1,0.1
303,4,10,138445,62500.0,5,0.5
304,4,10,44642,62500.0,5,0.5
305,4,10,539101,62500.0,10,1.0
306,4,10,167915,62500.0,7,0.7
307,4,10,72213,62500.0,4,0.4
308,4,10,167915,62500.0,2,0.2
309,4,10,539101,62500.0,10,1.0
310,4,10,138445,62500.0,4,0.4
311,4,10,7521,62500.0,4,0.4
312,4,10,539101,62500.0,10,1.0
313,4,10,539101,62500.0,10,1.0
314,4,10,44642,62500.0,2,0.2
315,4,10,539101,62500.0,5,0.5
316,4,10,167915,62500.0,8,0.8
317,4,10,167915,62500.0,2,0.2
318,4,10,539101,62500.0,9,0.9
319,4,10,44642,62500.0,1,0.1
320,4,10,44642,62500.0,1,0.1
321,4,10,72213,62500.0,6,0.6
322,4,10,72213,62500.0,4,0.4
323,4,10,539101,62500.0,10,1.0
324,4,10,539101,62500.0,5,0.5
325,4,10,138445,62500.0,3,0.3
326,4,10,539101,62500.0,10,1.0
327,4,10,138445,62500.0,6,0.6
328,4,10,539101,62500.0,10,1.0
329,4,10,44642,62500.0,4,0.4
330,4,10,539101,62500.0,10,1.0
331,4,10,138445,62500.0,4,0.4
332,4,10,539101,62500.0,6,0.6
333,4,10,539101,62500.0,2,0.2
334,4,10,539101,62500.0,7,0.7
335,4,10,539101,62500.0,10,1.0
336,4,10,138445,62500.0,1,0.1
337,4,10,72213,62500.0,6,0.6
338,4,10,138445,62500.0,7,0.7
339,4,10,539101,62500.0,6,0.6
340,4,10,167915,62500.0,4,0.4
341,4,10,539101,62500.0,3,0.3
342,4,10,138445,62500.0,9,0.9
343,4,10,539101,62500.0,10,1.0
344,4,10,539101,62500.0,8,0.8
345,4,10,539101,62500.0,9,0.9
346,4,10,539101,62500.0,10,1.0
347,4,10,539101,62500.0,9,0.9
348,4,10,539101,62500.0,3,0.3
349,4,10,539101,62500.0,1,0.1
350,4,10,16155,62500.0,1,0.1
351,4,10,44642,62500.0,8,0.8
352,4,10,138445,62500.0,8,0.8
353,4,10,138445,62500.0,7,0.7
354,4,10,539101,62500.0,10,1.0
355,4,10,539101,62500.0,10,1.0
356,4,10,539101,62500.0,10,1.0
357,4,10,138445,62500.0,2,0.2
358,4,10,44642,62500.0,6,0.6
359,4,10,539101,62500.0,10,1.0
360,4,10,138445,62500.0,3,0.3
361,4,10,167915,62500.0,5,0.5
362,4,10,44642,62500.0,1,0.1
363,4,10,539101,62500.0,10,1.0
364,4,10,539101,62500.0,10,1.0
365,4,10,14008,62500.0,0,0.0
366,4,10,539101,62500.0,6,0.6
367,4,10,167915,62500.0,0,0.0
368,4,10,44642,62500.0,0,0.0
369,4,10,44642,62500.0,3,0.3
370,4,10,14008,62500.0,3,0.3
371,4,10,16155,62500.0,2,0.2
372,4,10,138445,62500.0,5,0.5
373,4,10,44642,62500.0,1,0.1
374,4,10,539101,62500.0,9,0.9
375,4,10,167915,62500.0,3,0.3
376,4,10,539101,62500.0,10,1.0
377,4,10,167915,62500.0,7,0.7
378,4,10,72213,62500.0,2,0.2
379,4,10,539101,62500.0,6,0.6
380,4,10,138445,62500.0,6,0.6
381,4,10,72213,62500.0,0,0.0
382,4,10,167915,62500.0,7,0.7
383,4,10,539101,62500.0,4,0.4
384,4,10,138445,62500.0,4,0.4
385,4,10,539101,62500.0,7,0.7
386,4,10,539101,62500.0,10,1.0
387,4,10,167915,62500.0,5,0.5
388,4,10,16155,62500.0,1,0.1
389,4,10,539101,62500.0,10,1.0
390,4,10,539101,62500.0,10,1.0
391,4,10,539101,62500.0,10,1.0
392,4,10,72213,62500.0,2,0.2
393,4,10,539101,62500.0,6,0.6
394,4,10,539101,62500.0,7,0.7
395,4,10,539101,62500.0,10,1.0
396,4,10,44642,62500.0,5,0.5
397,4,10,539101,62500.0,7,0.7
398,4,10,539101,62500.0,7,0.7
399,4,10,72213,62500.0,6,0.6
400,4,10,14008,62500.0,0,0.0
401,4,10,539101,62500.0,2,0.2
402,4,10,539101,62500.0,9,0.9
403,4,10,167915,62500.0,7,0.7
404,4,10,138445,62500.0,4,0.4
405,4,10,539101,62500.0,9,0.9
406,4,10,167915,62500.0,7,0.7
407,4,10,539101,62500.0,9,0.9
408,4,10,539101,62500.0,10,1.0
409,4,10,539101,62500.0,10,1.0
410,4,10,539101,62500.0,3,0.3
411,4,10,16155,62500.0,3,0.3
412,4,10,16155,62500.0,0,0.0
413,4,10,72213,62500.0,3,0.3
414,4,10,539101,62500.0,6,0.6
415,4,10,539101,62500.0,8,0.8
416,4,10,539101,62500.0,8,0.8
417,4,10,138445,62500.0,7,0.7
418,4,10,72213,62500.0,0,0.0
419,4,10,539101,62500.0,9,0.9
420,4,10,44642,62500.0,0,0.0
421,4,10,72213,62500.0,1,0.1
422,4,10,539101,62500.0,10,1.0
423,4,10,167915,62500.0,6,0.6
424,4,10,138445,62500.0,4,0.4
425,4,10,167915,62500.0,4,0.4
426,4,10,539101,62500.0,3,0.3
427,4,10,167915,62500.0,3,0.3
428,4,10,138445,62500.0,5,0.5
429,4,10,167915,62500.0,3,0.3
430,4,10,539101,62500.0,10,1.0
431,4,10,539101,62500.0,9,0.9
432,4,10,167915,62500.0,7,0.7
433,4,10,16155,62500.0,2,0.2
434,4,10,539101,62500.0,10,1.0
435,4,10,167915,62500.0,4,0.4
436,4,10,16155,62500.0,1,0.1
437,4,10,44642,62500.0,0,0.0
438,4,10,167915,62500.0,5,0.5
439,4,10,539101,62500.0,7,0.7
440,4,10,539101,62500.0,4,0.4
441,4,10,539101,62500.0,9,0.9
442,4,10,167915,62500.0,7,0.7
443,4,10,44642,62500.0,2,0.2
444,4,10,138445,62500.0,5,0.5
445,4,10,539101,62500.0,10,1.0
446,4,10,539101,62500.0,4,0.4
447,4,10,539101,62500.0,9,0.9
448,4,10,138445,62500.0,7,0.7
449,4,10,167915,62500.0,7,0.7
450,4,10,539101,62500.0,8,0.8
451,4,10,138445,62500.0,6,0.6
452,4,10,539101,62500.0,3,0.3
453,4,10,138445,62500.0,1,0.1
454,4,10,167915,62500.0,3,0.3
455,4,10,16155,62500.0,1,0.1
456,4,10,167915,62500.0,3,0.3
457,4,10,539101,62500.0,10,1.0
458,4,10,44642,62500.0,2,0.2
459,4,10,539101,62500.0,9,0.9
460,4,10,138445,62500.0,3,0.3
461,4,10,44642,62500.0,3,0.3
462,4,10,72213,62500.0,2,0.2
463,4,10,167915,62500.0,7,0.7
464,4,10,539101,62500.0,10,1.0
465,4,10,167915,62500.0,2,0.2
466,4,10,539101,62500.0,5,0.5
467,4,10,72213,62500.0,3,0.3
468,4,10,138445,62500.0,3,0.3
469,4,10,167915,62500.0,3,0.3
470,4,10,138445,62500.0,5,0.5
471,4,10,539101,62500.0,6,0.6
472,4,10,138445,62500.0,2,0.2
473,4,10,44642,62500.0,3,0.3
474,4,10,539101,62500.0,6,0.6
475,4,10,539101,62500.0,9,0.9
476,4,10,167915,62500.0,5,0.5
477,4,10,44642,62500.0,2,0.2
478,4,10,72213,62500.0,5,0.5
479,4,10,539101,62500.0,5,0.5
480,4,10,539101,62500.0,8,0.8
481,4,10,14008,62500.0,0,0.0
482,4,10,138445,62500.0,6,0.6
483,4,10,16155,62500.0,0,0.0
484,4,10,7521,62500.0,3,0.3
485,4,10,44642,62500.0,1,0.1
486,4,10,72213,62500.0,5,0.5
487,4,10,539101,62500.0,9,0.9
488,4,10,167915,62500.0,4,0.4
489,4,10,539101,62500.0,9,0.9
490,4,10,44642,62500.0,1,0.1
491,4,10,539101,62500.0,4,0.4
492,4,10,16155,62500.0,4,0.4
493,4,10,138445,62500.0,1,0.1
494,4,10,44642,62500.0,6,0.6
495,4,10,167915,62500.0,8,0.8
496,4,10,539101,62500.0,10,1.0
497,4,10,138445,62500.0,1,0.1
498,4,10,539101,62500.0,10,1.0
499,4,10,539101,62500.0,10,1.0
500,4,10,72213,62500.0,5,0.5
501,4,10,14008,62500.0,3,0.3
502,4,10,539101,62500.0,10,1.0
503,4,10,539101,62500.0,7,0.7
504,4,10,167915,62500.0,8,0.8
505,4,10,14008,62500.0,0,0.0
506,4,10,167915,62500.0,8,0.8
507,4,10,167915,62500.0,2,0.2
508,4,10,539101,62500.0,9,0.9
509,4,10,44642,62500.0,5,0.5
510,4,10,539101,62500.0,10,1.0
511,4,10,167915,62500.0,2,0.2
512,4,10,167915,62500.0,2,0.2
513,4,10,167915,62500.0,6,0.6
514,4,10,138445,62500.0,2,0.2
515,4,10,167915,62500.0,4,0.4
516,4,10,7521,62500.0,3,0.3
517,4,10,539101,62500.0,10,1.0
518,4,10,167915,62500.0,7,0.7
519,4,10,14008,62500.0,5,0.5
520,4,10,539101,62500.0,8,0.8
521,4,10,539101,62500.0,10,1.0
522,4,10,16155,62500.0,0,0.0
523,4,10,539101,62500.0,9,0.9
524,4,10,138445,62500.0,5,0.5
525,4,10,539101,62500.0,10,1.0
526,4,10,72213,62500.0,1,0.1
527,4,10,7521,62500.0,0,0.0
528,4,10,539101,62500.0,5,0.5
529,4,10,72213,62500.0,6,0.6
530,4,10,72213,62500.0,2,0.2
531,4,10,539101,62500.0,10,1.0
532,4,10,539101,62500.0,10,1.0
533,4,10,14008,62500.0,0,0.0
534,4,10,72213,62500.0,1,0.1
535,4,10,539101,62500.0,10,1.0
536,4,10,44642,62500.0,3,0.3
537,4,10,539101,62500.0,8,0.8
538,4,10,539101,62500.0,8,0.8
539,4,10,44642,62500.0,3,0.3
540,4,10,72213,62500.0,1,0.1
541,4,10,167915,62500.0,7,0.7
542,4,10,167915,62500.0,1,0.1
543,4,10,44642,62500.0,0,0.0
544,4,10,539101,62500.0,7,0.7
545,4,10,539101,62500.0,9,0.9
546,4,10,539101,62500.0,9,0.9
547,4,10,138445,62500.0,7,0.7
548,4,10,7521,62500.0,0,0.0
549,4,10,14008,62500.0,5,0.5
550,4,10,539101,62500.0,8,0.8
551,4,10,539101,62500.0,10,1.0
552,4,10,14008,62500.0,2,0.2
553,4,10,72213,62500.0,4,0.4
554,4,10,72213,62500.0,3,0.3
555,4,10,167915,62500.0,9,0.9
556,4,10,539101,62500.0,9,0.9
557,4,10,539101,62500.0,7,0.7
558,4,10,539101,62500.0,10,1.0
559,4,10,167915,62500.0,7,0.7
560,4,10,167915,62500.0,2,0.2
561,4,10,138445,62500.0,2,0.2
562,4,10,539101,62500.0,8,0.8
563,4,10,138445,62500.0,1,0.1
564,4,10,7521,62500.0,2,0.2
565,4,10,138445,62500.0,0,0.0
566,4,10,16155,62500.0,1,0.1
567,4,10,138445,62500.0,4,0.4
568,4,10,539101,62500.0,10,1.0
569,4,10,539101,62500.0,10,1.0
570,4,10,539101,62500.0,9,0.9
571,4,10,167915,62500.0,5,0.5
572,4,10,539101,62500.0,10,1.0
573,4,10,138445,62500.0,3,0.3
574,4,10,539101,62500.0,5,0.5
575,4,10,539101,62500.0,10,1.0
576,4,10,138445,62500.0,7,0.7
577,4,10,138445,62500.0,6,0.6
578,4,10,539101,62500.0,8,0.8
579,4,10,72213,62500.0,2,0.2
580,4,10,539101,62500.0,7,0.7
581,4,10,16155,62500.0,2,0.2
582,4,10,539101,62500.0,10,1.0
583,4,10,539101,62500.0,10,1.0
584,4,10,539101,62500.0,9,0.9
585,4,10,539101,62500.0,8,0.8
586,4,10,167915,62500.0,7,0.7
587,4,10,539101,62500.0,10,1.0
588,4,10,138445,62500.0,1,0.1
589,4,10,539101,62500.0,10,1.0
590,4,10,539101,62500.0,5,0.5
591,4,10,539101,62500.0,8,0.8
592,4,10,539101,62500.0,2,0.2
593,4,10,539101,62500.0,9,0.9
594,4,10,539101,62500.0,9,0.9
595,4,10,167915,62500.0,5,0.5
596,4,10,539101,62500.0,6,0.6
597,4,10,138445,62500.0,4,0.4
598,4,10,138445,62500.0,1,0.1
599,4,10,167915,62500.0,6,0.6
600,4,10,167915,62500.0,10,1.0
601,4,10,539101,62500.0,7,0.7
602,4,10,138445,62500.0,2,0.2
603,4,10,539101,62500.0,2,0.2
604,4,10,167915,62500.0,8,0.8
605,4,10,138445,62500.0,1,0.1
606,4,10,138445,62500.0,4,0.4
607,4,10,44642,62500.0,1,0.1
608,4,10,138445,62500.0,5,0.5
609,4,10,138445,62500.0,4,0.4
610,4,10,16155,62500.0,3,0.3
611,4,10,539101,62500.0,10,1.0
612,4,10,72213,62500.0,9,0.9
613,4,10,138445,62500.0,0,0.0
614,4,10,539101,62500.0,7,0.7
615,4,10,539101,62500.0,8,0.8
616,4,10,539101,62500.0,10,1.0
617,4,10,44642,62500.0,1,0.1
618,4,10,44642,62500.0,5,0.5
619,4,10,138445,62500.0,4,0.4
620,4,10,539101,62500.0,10,1.0
621,4,10,539101,62500.0,6,0.6
622,4,10,539101,62500.0,9,0.9
623,4,10,539101,62500.0,8,0.8
624,4,10,539101,62500.0,5,0.5
625,4,10,539101,62500.0,10,1.0
626,4,10,539101,62500.0,6,0.6
627,4,10,539101,62500.0,9,0.9
628,4,10,539101,62500.0,7,0.7
629,4,10,539101,62500.0,10,1.0
630,4,10,167915,62500.0,4,0.4
631,4,10,167915,62500.0,0,0.0
632,4,10,539101,62500.0,9,0.9
633,4,10,167915,62500.0,7,0.7
634,4,10,138445,62500.0,3,0.3
635,4,10,14008,62500.0,5,0.5
636,4,10,539101,62500.0,8,0.8
637,4,10,539101,62500.0,9,0.9
638,4,10,138445,62500.0,1,0.1
639,4,10,539101,62500.0,7,0.7
640,4,10,539101,62500.0,9,0.9
641,4,10,138445,62500.0,4,0.4
642,4,10,138445,62500.0,5,0.5
643,4,10,539101,62500.0,7,0.7
644,4,10,539101,62500.0,10,1.0
645,4,10,167915,62500.0,6,0.6
646,4,10,539101,62500.0,10,1.0
647,4,10,539101,62500.0,9,0.9
648,4,10,539101,62500.0,9,0.9
649,4,10,539101,62500.0,9,0.9
650,4,10,167915,62500.0,2,0.2
651,4,10,539101,62500.0,10,1.0
652,4,10,539101,62500.0,10,1.0
653,4,10,44642,62500.0,0,0.0
654,4,10,539101,62500.0,5,0.5
655,4,10,138445,62500.0,2,0.2
656,4,10,167915,62500.0,7,0.7
657,4,10,72213,62500.0,4,0.4
658,4,10,167915,62500.0,5,0.5
659,4,10,539101,62500.0,8,0.8
660,4,10,72213,62500.0,2,0.2
661,4,10,539101,62500.0,10,1.0
662,4,10,138445,62500.0,0,0.0
663,4,10,44642,62500.0,9,0.9
664,4,10,539101,62500.0,9,0.9
665,4,10,539101,62500.0,10,1.0
666,4,10,72213,62500.0,3,0.3
667,4,10,539101,62500.0,4,0.4
668,4,10,539101,62500.0,9,0.9
669,4,10,539101,62500.0,4,0.4
670,4,10,138445,62500.0,7,0.7
671,4,10,539101,62500.0,9,0.9
672,4,10,167915,62500.0,0,0.0
673,4,10,539101,62500.0,10,1.0
674,4,10,167915,62500.0,4,0.4
675,4,10,539101,62500.0,10,1.0
676,4,10,539101,62500.0,4,0.4
677,4,10,539101,62500.0,10,1.0
678,4,10,167915,62500.0,4,0.4
679,4,10,539101,62500.0,7,0.7
680,4,10,539101,62500.0,10,1.0
681,4,10,539101,62500.0,6,0.6
682,4,10,539101,62500.0,10,1.0
683,4,10,539101,62500.0,9,0.9
684,4,10,539101,62500.0,8,0.8
685,4,10,539101,62500.0,9,0.9
686,4,10,539101,62500.0,10,1.0
687,4,10,539101,62500.0,8,0.8
688,4,10,44642,62500.0,1,0.1
689,4,10,539101,62500.0,8,0.8
690,4,10,167915,62500.0,6,0.6
691,4,10,72213,62500.0,8,0.8
692,4,10,539101,62500.0,6,0.6
693,4,10,539101,62500.0,4,0.4
694,4,10,44642,62500.0,3,0.3
695,4,10,14008,62500.0,9,0.9
696,4,10,539101,62500.0,8,0.8
697,4,10,539101,62500.0,7,0.7
698,4,10,539101,62500.0,5,0.5
699,4,10,167915,62500.0,0,0.0
700,4,10,138445,62500.0,1,0.1
701,4,10,539101,62500.0,9,0.9
702,4,10,539101,62500.0,10,1.0
703,4,10,539101,62500.0,8,0.8
704,4,10,138445,62500.0,0,0.0
705,4,10,539101,62500.0,7,0.7
706,4,10,44642,62500.0,4,0.4
707,4,10,138445,62500.0,8,0.8
708,4,10,539101,62500.0,10,1.0
709,4,10,167915,62500.0,9,0.9
710,4,10,167915,62500.0,7,0.7
711,4,10,16155,62500.0,1,0.1
712,4,10,539101,62500.0,9,0.9
713,4,10,539101,62500.0,10,1.0
714,4,10,138445,62500.0,6,0.6
715,4,10,539101,62500.0,10,1.0
716,4,10,44642,62500.0,6,0.6
717,4,10,539101,62500.0,7,0.7
718,4,10,167915,62500.0,2,0.2
719,4,10,72213,62500.0,8,0.8
720,4,10,72213,62500.0,8,0.8
721,4,10,16155,62500.0,0,0.0
722,4,10,44642,62500.0,2,0.2
723,4,10,539101,62500.0,10,1.0
724,4,10,16155,62500.0,0,0.0
725,4,10,44642,62500.0,1,0.1
726,4,10,539101,62500.0,6,0.6
727,4,10,539101,62500.0,9,0.9
728,4,10,539101,62500.0,6,0.6
729,4,10,167915,62500.0,1,0.1
730,4,10,539101,62500.0,8,0.8
731,4,10,539101,62500.0,10,1.0
732,4,10,44642,62500.0,1,0.1
733,4,10,539101,62500.0,6,0.6
734,4,10,167915,62500.0,0,0.0
735,4,10,72213,62500.0,0,0.0
736,4,10,167915,62500.0,0,0.0
737,4,10,138445,62500.0,8,0.8
738,4,10,72213,62500.0,1,0.1
739,4,10,44642,62500.0,2,0.2
740,4,10,539101,62500.0,6,0.6
741,4,10,167915,62500.0,9,0.9
742,4,10,539101,62500.0,9,0.9
743,4,10,539101,62500.0,10,1.0
744,4,10,539101,62500.0,9,0.9
745,4,10,138445,62500.0,1,0.1
746,4,10,539101,62500.0,10,1.0
747,4,10,167915,62500.0,5,0.5
748,4,10,167915,62500.0,7,0.7
749,4,10,44642,62500.0,7,0.7
750,4,10,44642,62500.0,3,0.3
751,4,10,539101,62500.0,6,0.6
752,4,10,138445,62500.0,2,0.2
753,4,10,539101,62500.0,10,1.0
754,4,10,138445,62500.0,0,0.0
755,4,10,138445,62500.0,8,0.8
756,4,10,539101,62500.0,8,0.8
757,4,10,138445,62500.0,6,0.6
758,4,10,138445,62500.0,6,0.6
759,4,10,539101,62500.0,4,0.4
760,4,10,539101,62500.0,6,0.6
761,4,10,44642,62500.0,1,0.1
762,4,10,539101,62500.0,9,0.9
763,4,10,539101,62500.0,4,0.4
764,4,10,167915,62500.0,8,0.8
765,4,10,539101,62500.0,9,0.9
766,4,10,72213,62500.0,2,0.2
767,4,10,167915,62500.0,5,0.5
768,4,10,72213,62500.0,3,0.3
769,4,10,539101,62500.0,9,0.9
770,4,10,539101,62500.0,4,0.4
771,4,10,138445,62500.0,6,0.6
772,4,10,539101,62500.0,7,0.7
773,4,10,539101,62500.0,5,0.5
774,4,10,167915,62500.0,3,0.3
775,4,10,72213,62500.0,2,0.2
776,4,10,16155,62500.0,9,0.9
777,4,10,44642,62500.0,0,0.0
778,4,10,167915,62500.0,9,0.9
779,4,10,539101,62500.0,7,0.7
780,4,10,138445,62500.0,3,0.3
781,4,10,167915,62500.0,3,0.3
782,4,10,72213,62500.0,7,0.7
783,4,10,16155,62500.0,3,0.3
784,4,10,167915,62500.0,7,0.7
785,4,10,539101,62500.0,10,1.0
786,4,10,539101,62500.0,7,0.7
787,4,10,539101,62500.0,9,0.9
788,4,10,539101,62500.0,10,1.0
789,4,10,539101,62500.0,9,0.9
790,4,10,539101,62500.0,8,0.8
791,4,10,167915,62500.0,3,0.3
792,4,10,539101,62500.0,8,0.8
793,4,10,539101,62500.0,5,0.5
794,4,10,44642,62500.0,6,0.6
795,4,10,72213,62500.0,3,0.3
796,4,10,539101,62500.0,5,0.5
797,4,10,72213,62500.0,1,0.1
798,4,10,539101,62500.0,4,0.4
799,4,10,167915,62500.0,3,0.3
800,4,10,7521,62500.0,1,0.1
801,4,10,539101,62500.0,9,0.9
802,4,10,167915,62500.0,3,0.3
803,4,10,138445,62500.0,8,0.8
804,4,10,539101,62500.0,4,0.4
805,4,10,539101,62500.0,8,0.8
806,4,10,539101,62500.0,10,1.0
807,4,10,72213,62500.0,0,0.0
808,4,10,539101,62500.0,9,0.9
809,4,10,539101,62500.0,9,0.9
810,4,10,539101,62500.0,10,1.0
811,4,10,539101,62500.0,9,0.9
812,4,10,539101,62500.0,10,1.0
813,4,10,539101,62500.0,10,1.0
814,4,10,539101,62500.0,10,1.0
815,4,10,138445,62500.0,2,0.2
816,4,10,44642,62500.0,0,0.0
817,4,10,539101,62500.0,6,0.6
818,4,10,72213,62500.0,0,0.0
819,4,10,167915,62500.0,9,0.9
820,4,10,539101,62500.0,4,0.4
821,4,10,539101,62500.0,4,0.4
822,4,10,539101,62500.0,9,0.9
823,4,10,138445,62500.0,5,0.5
824,4,10,539101,62500.0,7,0.7
825,4,10,539101,62500.0,8,0.8
826,4,10,539101,62500.0,6,0.6
827,4,10,539101,62500.0,10,1.0
828,4,10,539101,62500.0,9,0.9
829,4,10,138445,62500.0,7,0.7
830,4,10,539101,62500.0,10,1.0
831,4,10,167915,62500.0,4,0.4
832,4,10,7521,62500.0,0,0.0
833,4,10,539101,62500.0,6,0.6
834,4,10,539101,62500.0,10,1.0
835,4,10,539101,62500.0,10,1.0
836,4,10,167915,62500.0,4,0.4
837,4,10,539101,62500.0,10,1.0
838,4,10,539101,62500.0,10,1.0
839,4,10,539101,62500.0,10,1.0
840,4,10,539101,62500.0,9,0.9
841,4,10,44642,62500.0,2,0.2
842,4,10,167915,62500.0,5,0.5
843,4,10,539101,62500.0,9,0.9
844,4,10,539101,62500.0,10,1.0
845,4,10,539101,62500.0,8,0.8
846,4,10,539101,62500.0,9,0.9
847,4,10,539101,62500.0,8,0.8
848,4,10,539101,62500.0,9,0.9
849,4,10,167915,62500.0,4,0.4
850,4,10,138445,62500.0,3,0.3
851,4,10,539101,62500.0,10,1.0
852,4,10,539101,62500.0,1,0.1
853,4,10,539101,62500.0,7,0.7
854,4,10,539101,62500.0,8,0.8
855,4,10,167915,62500.0,5,0.5
856,4,10,539101,62500.0,10,1.0
857,4,10,539101,62500.0,3,0.3
858,4,10,539101,62500.0,4,0.4
859,4,10,138445,62500.0,2,0.2
860,4,10,72213,62500.0,3,0.3
861,4,10,44642,62500.0,3,0.3
862,4,10,539101,62500.0,4,0.4
863,4,10,7521,62500.0,0,0.0
864,4,10,44642,62500.0,1,0.1
865,4,10,539101,62500.0,7,0.7
866,4,10,539101,62500.0,10,1.0
867,4,10,138445,62500.0,6,0.6
868,4,10,539101,62500.0,9,0.9
869,4,10,539101,62500.0,10,1.0
870,4,10,539101,62500.0,10,1.0
871,4,10,539101,62500.0,8,0.8
872,4,10,44642,62500.0,6,0.6
873,4,10,44642,62500.0,0,0.0
874,4,10,539101,62500.0,9,0.9
875,4,10,138445,62500.0,4,0.4
876,4,10,44642,62500.0,2,0.2
877,4,10,138445,62500.0,4,0.4
878,4,10,539101,62500.0,8,0.8
879,4,10,72213,62500.0,3,0.3
880,4,10,167915,62500.0,5,0.5
881,4,10,539101,62500.0,3,0.3
882,4,10,138445,62500.0,7,0.7
883,4,10,539101,62500.0,8,0.8
884,4,10,539101,62500.0,3,0.3
885,4,10,167915,62500.0,3,0.3
886,4,10,44642,62500.0,3,0.3
887,4,10,138445,62500.0,2,0.2
888,4,10,539101,62500.0,10,1.0
889,4,10,167915,62500.0,2,0.2
890,4,10,539101,62500.0,6,0.6
891,4,10,539101,62500.0,6,0.6
892,4,10,138445,62500.0,9,0.9
893,4,10,539101,62500.0,10,1.0
894,4,10,539101,62500.0,10,1.0
895,4,10,44642,62500.0,4,0.4
896,4,10,14008,62500.0,0,0.0
897,4,10,539101,62500.0,10,1.0
898,4,10,167915,62500.0,2,0.2
899,4,10,167915,62500.0,3,0.3
900,4,10,138445,62500.0,1,0.1
901,4,10,539101,62500.0,10,1.0
902,4,10,167915,62500.0,4,0.4
903,4,10,539101,62500.0,10,1.0
904,4,10,539101,62500.0,9,0.9
905,4,10,539101,62500.0,10,1.0
906,4,10,44642,62500.0,3,0.3
907,4,10,138445,62500.0,7,0.7
908,4,10,539101,62500.0,10,1.0
909,4,10,167915,62500.0,4,0.4
910,4,10,539101,62500.0,4,0.4
911,4,10,44642,62500.0,3,0.3
912,4,10,539101,62500.0,9,0.9
913,4,10,72213,62500.0,3,0.3
914,4,10,167915,62500.0,3,0.3
915,4,10,539101,62500.0,10,1.0
916,4,10,167915,62500.0,3,0.3
917,4,10,539101,62500.0,10,1.0
918,4,10,16155,62500.0,0,0.0
919,4,10,72213,62500.0,1,0.1
920,4,10,539101,62500.0,8,0.8
921,4,10,539101,62500.0,9,0.9
922,4,10,138445,62500.0,5,0.5
923,4,10,16155,62500.0,0,0.0
924,4,10,539101,62500.0,7,0.7
925,4,10,539101,62500.0,5,0.5
926,4,10,539101,62500.0,9,0.9
927,4,10,539101,62500.0,9,0.9
928,4,10,539101,62500.0,10,1.0
929,4,10,539101,62500.0,7,0.7
930,4,10,44642,62500.0,4,0.4
931,4,10,167915,62500.0,2,0.2
932,4,10,539101,62500.0,9,0.9
933,4,10,539101,62500.0,4,0.4
934,4,10,72213,62500.0,5,0.5
935,4,10,138445,62500.0,5,0.5
936,4,10,138445,62500.0,3,0.3
937,4,10,167915,62500.0,5,0.5
938,4,10,539101,62500.0,7,0.7
939,4,10,16155,62500.0,1,0.1
940,4,10,167915,62500.0,2,0.2
941,4,10,539101,62500.0,7,0.7
942,4,10,539101,62500.0,0,0.0
943,4,10,539101,62500.0,9,0.9
944,4,10,539101,62500.0,8,0.8
945,4,10,72213,62500.0,2,0.2
946,4,10,167915,62500.0,1,0.1
947,4,10,44642,62500.0,1,0.1
948,4,10,138445,62500.0,1,0.1
949,4,10,138445,62500.0,2,0.2
950,4,10,539101,62500.0,8,0.8
951,4,10,539101,62500.0,5,0.5
952,4,10,539101,62500.0,10,1.0
953,4,10,539101,62500.0,10,1.0
954,4,10,539101,62500.0,10,1.0
955,4,10,539101,62500.0,10,1.0
956,4,10,539101,62500.0,10,1.0
957,4,10,138445,62500.0,3,0.3
958,4,10,44642,62500.0,1,0.1
959,4,10,72213,62500.0,4,0.4
960,4,10,72213,62500.0,1,0.1
961,4,10,539101,62500.0,7,0.7
962,4,10,539101,62500.0,8,0.8
963,4,10,14008,62500.0,0,0.0
964,4,10,539101,62500.0,10,1.0
965,4,10,539101,62500.0,9,0.9
966,4,10,138445,62500.0,1,0.1
967,4,10,539101,62500.0,8,0.8
968,4,10,138445,62500.0,3,0.3
969,4,10,72213,62500.0,1,0.1
970,4,10,167915,62500.0,4,0.4
971,4,10,44642,62500.0,2,0.2
972,4,10,539101,62500.0,5,0.5
973,4,10,167915,62500.0,3,0.3
974,4,10,167915,62500.0,6,0.6
975,4,10,14008,62500.0,2,0.2
976,4,10,167915,62500.0,1,0.1
977,4,10,167915,62500.0,7,0.7
978,4,10,539101,62500.0,10,1.0
979,4,10,539101,62500.0,8,0.8
980,4,10,72213,62500.0,0,0.0
981,4,10,539101,62500.0,7,0.7
982,4,10,539101,62500.0,4,0.4
983,4,10,539101,62500.0,5,0.5
984,4,10,138445,62500.0,6,0.6
985,4,10,539101,62500.0,7,0.7
986,4,10,167915,62500.0,9,0.9
987,4,10,138445,62500.0,7,0.7
988,4,10,539101,62500.0,7,0.7
989,4,10,167915,62500.0,7,0.7
990,4,10,539101,62500.0,8,0.8
991,4,10,14008,62500.0,9,0.9
992,4,10,539101,62500.0,6,0.6
993,4,10,14008,62500.0,8,0.8
994,4,10,44642,62500.0,0,0.0
995,4,10,539101,62500.0,10,1.0
996,4,10,539101,62500.0,10,1.0
997,4,10,72213,62500.0,1,0.1
998,4,10,539101,62500.0,4,0.4
999,4,10,539101,62500.0,8,0.8
0,4,100,138445,62500.0,36,0.36
1,4,100,44642,62500.0,26,0.26
2,4,100,167915,62500.0,21,0.21
3,4,100,7521,62500.0,18,0.18
4,4,100,539101,62500.0,72,0.72
5,4,100,539101,62500.0,82,0.82
6,4,100,167915,62500.0,54,0.54
7,4,100,138445,62500.0,49,0.49
8,4,100,539101,62500.0,75,0.75
9,4,100,44642,62500.0,13,0.13
10,4,100,138445,62500.0,16,0.16
11,4,100,16155,62500.0,1,0.01
12,4,100,539101,62500.0,60,0.6
13,4,100,44642,62500.0,11,0.11
14,4,100,167915,62500.0,32,0.32
15,4,100,72213,62500.0,22,0.22
16,4,100,167915,62500.0,45,0.45
17,4,100,539101,62500.0,93,0.93
18,4,100,539101,62500.0,94,0.94
19,4,100,138445,62500.0,8,0.08
20,4,100,539101,62500.0,90,0.9
21,4,100,539101,62500.0,97,0.97
22,4,100,44642,62500.0,11,0.11
23,4,100,167915,62500.0,35,0.35
24,4,100,44642,62500.0,15,0.15
25,4,100,539101,62500.0,71,0.71
26,4,100,167915,62500.0,54,0.54
27,4,100,539101,62500.0,84,0.84
28,4,100,138445,62500.0,29,0.29
29,4,100,539101,62500.0,90,0.9
30,4,100,138445,62500.0,13,0.13
31,4,100,539101,62500.0,98,0.98
32,4,100,44642,62500.0,7,0.07
33,4,100,167915,62500.0,25,0.25
34,4,100,167915,62500.0,38,0.38
35,4,100,539101,62500.0,81,0.81
36,4,100,138445,62500.0,10,0.1
37,4,100,539101,62500.0,59,0.59
38,4,100,539101,62500.0,92,0.92
39,4,100,167915,62500.0,28,0.28
40,4,100,539101,62500.0,59,0.59
41,4,100,539101,62500.0,73,0.73
42,4,100,167915,62500.0,27,0.27
43,4,100,539101,62500.0,91,0.91
44,4,100,14008,62500.0,63,0.63
45,4,100,167915,62500.0,26,0.26
46,4,100,138445,62500.0,8,0.08
47,4,100,539101,62500.0,82,0.82
48,4,100,539101,62500.0,55,0.55
49,4,100,167915,62500.0,30,0.3
50,4,100,167915,62500.0,22,0.22
51,4,100,539101,62500.0,92,0.92
52,4,100,539101,62500.0,56,0.56
53,4,100,539101,62500.0,70,0.7
54,4,100,539101,62500.0,94,0.94
55,4,100,44642,62500.0,8,0.08
56,4,100,539101,62500.0,98,0.98
57,4,100,16155,62500.0,20,0.2
58,4,100,167915,62500.0,27,0.27
59,4,100,539101,62500.0,87,0.87
60,4,100,167915,62500.0,66,0.66
61,4,100,539101,62500.0,97,0.97
62,4,100,539101,62500.0,78,0.78
63,4,100,539101,62500.0,64,0.64
64,4,100,539101,62500.0,94,0.94
65,4,100,539101,62500.0,82,0.82
66,4,100,138445,62500.0,13,0.13
67,4,100,72213,62500.0,76,0.76
68,4,100,138445,62500.0,6,0.06
69,4,100,167915,62500.0,5,0.05
70,4,100,44642,62500.0,10,0.1
71,4,100,539101,62500.0,45,0.45
72,4,100,539101,62500.0,59,0.59
73,4,100,167915,62500.0,33,0.33
74,4,100,539101,62500.0,72,0.72
75,4,100,539101,62500.0,81,0.81
76,4,100,539101,62500.0,79,0.79
77,4,100,16155,62500.0,4,0.04
78,4,100,539101,62500.0,45,0.45
79,4,100,167915,62500.0,32,0.32
80,4,100,138445,62500.0,27,0.27
81,4,100,539101,62500.0,75,0.75
82,4,100,539101,62500.0,81,0.81
83,4,100,138445,62500.0,20,0.2
84,4,100,539101,62500.0,89,0.89
85,4,100,539101,62500.0,62,0.62
86,4,100,539101,62500.0,73,0.73
87,4,100,539101,62500.0,80,0.8
88,4,100,16155,62500.0,29,0.29
89,4,100,539101,62500.0,96,0.96
90,4,100,539101,62500.0,52,0.52
91,4,100,167915,62500.0,34,0.34
92,4,100,167915,62500.0,34,0.34
93,4,100,539101,62500.0,98,0.98
94,4,100,539101,62500.0,92,0.92
95,4,100,72213,62500.0,12,0.12
96,4,100,138445,62500.0,0,0.0
97,4,100,138445,62500.0,60,0.6
98,4,100,72213,62500.0,49,0.49
99,4,100,44642,62500.0,24,0.24
100,4,100,539101,62500.0,83,0.83
101,4,100,138445,62500.0,40,0.4
102,4,100,138445,62500.0,33,0.33
103,4,100,539101,62500.0,80,0.8
104,4,100,539101,62500.0,64,0.64
105,4,100,44642,62500.0,32,0.32
106,4,100,539101,62500.0,82,0.82
107,4,100,539101,62500.0,64,0.64
108,4,100,44642,62500.0,32,0.32
109,4,100,539101,62500.0,42,0.42
110,4,100,539101,62500.0,15,0.15
111,4,100,539101,62500.0,59,0.59
112,4,100,72213,62500.0,13,0.13
113,4,100,539101,62500.0,82,0.82
114,4,100,44642,62500.0,18,0.18
115,4,100,167915,62500.0,61,0.61
116,4,100,167915,62500.0,52,0.52
117,4,100,539101,62500.0,83,0.83
118,4,100,167915,62500.0,56,0.56
119,4,100,7521,62500.0,17,0.17
120,4,100,72213,62500.0,64,0.64
121,4,100,167915,62500.0,74,0.74
122,4,100,539101,62500.0,88,0.88
123,4,100,138445,62500.0,40,0.4
124,4,100,539101,62500.0,84,0.84
125,4,100,539101,62500.0,93,0.93
126,4,100,7521,62500.0,5,0.05
127,4,100,167915,62500.0,34,0.34
128,4,100,539101,62500.0,2,0.02
129,4,100,138445,62500.0,33,0.33
130,4,100,138445,62500.0,7,0.07
131,4,100,539101,62500.0,80,0.8
132,4,100,539101,62500.0,92,0.92
133,4,100,7521,62500.0,10,0.1
134,4,100,16155,62500.0,6,0.06
135,4,100,138445,62500.0,6,0.06
136,4,100,167915,62500.0,18,0.18
137,4,100,44642,62500.0,16,0.16
138,4,100,539101,62500.0,68,0.68
139,4,100,539101,62500.0,67,0.67
140,4,100,539101,62500.0,21,0.21
141,4,100,539101,62500.0,67,0.67
142,4,100,167915,62500.0,40,0.4
143,4,100,539101,62500.0,88,0.88
144,4,100,539101,62500.0,75,0.75
145,4,100,167915,62500.0,11,0.11
146,4,100,539101,62500.0,70,0.7
147,4,100,72213,62500.0,24,0.24
148,4,100,539101,62500.0,41,0.41
149,4,100,138445,62500.0,20,0.2
150,4,100,539101,62500.0,49,0.49
151,4,100,539101,62500.0,71,0.71
152,4,100,167915,62500.0,19,0.19
153,4,100,539101,62500.0,99,0.99
154,4,100,539101,62500.0,54,0.54
155,4,100,167915,62500.0,74,0.74
156,4,100,539101,62500.0,60,0.6
157,4,100,539101,62500.0,79,0.79
158,4,100,167915,62500.0,49,0.49
159,4,100,44642,62500.0,25,0.25
160,4,100,7521,62500.0,1,0.01
161,4,100,539101,62500.0,79,0.79
162,4,100,539101,62500.0,66,0.66
163,4,100,539101,62500.0,60,0.6
164,4,100,16155,62500.0,4,0.04
165,4,100,539101,62500.0,79,0.79
166,4,100,44642,62500.0,8,0.08
167,4,100,539101,62500.0,74,0.74
168,4,100,138445,62500.0,20,0.2
169,4,100,44642,62500.0,22,0.22
170,4,100,44642,62500.0,13,0.13
171,4,100,539101,62500.0,80,0.8
172,4,100,539101,62500.0,77,0.77
173,4,100,539101,62500.0,94,0.94
174,4,100,138445,62500.0,19,0.19
175,4,100,167915,62500.0,43,0.43
176,4,100,539101,62500.0,58,0.58
177,4,100,539101,62500.0,48,0.48
178,4,100,539101,62500.0,72,0.72
179,4,100,167915,62500.0,12,0.12
180,4,100,539101,62500.0,75,0.75
181,4,100,72213,62500.0,5,0.05
182,4,100,138445,62500.0,15,0.15
183,4,100,72213,62500.0,7,0.07
184,4,100,539101,62500.0,98,0.98
185,4,100,539101,62500.0,79,0.79
186,4,100,167915,62500.0,49,0.49
187,4,100,167915,62500.0,14,0.14
188,4,100,539101,62500.0,70,0.7
189,4,100,539101,62500.0,96,0.96
190,4,100,72213,62500.0,10,0.1
191,4,100,44642,62500.0,13,0.13
192,4,100,539101,62500.0,71,0.71
193,4,100,539101,62500.0,73,0.73
194,4,100,539101,62500.0,54,0.54
195,4,100,539101,62500.0,70,0.7
196,4,100,539101,62500.0,93,0.93
197,4,100,539101,62500.0,88,0.88
198,4,100,539101,62500.0,90,0.9
199,4,100,539101,62500.0,73,0.73
200,4,100,72213,62500.0,4,0.04
201,4,100,167915,62500.0,21,0.21
202,4,100,539101,62500.0,84,0.84
203,4,100,539101,62500.0,100,1.0
204,4,100,539101,62500.0,83,0.83
205,4,100,44642,62500.0,40,0.4
206,4,100,167915,62500.0,33,0.33
207,4,100,539101,62500.0,82,0.82
208,4,100,138445,62500.0,25,0.25
209,4,100,138445,62500.0,18,0.18
210,4,100,44642,62500.0,36,0.36
211,4,100,167915,62500.0,17,0.17
212,4,100,539101,62500.0,27,0.27
213,4,100,539101,62500.0,51,0.51
214,4,100,539101,62500.0,62,0.62
215,4,100,138445,62500.0,5,0.05
216,4,100,167915,62500.0,40,0.4
217,4,100,539101,62500.0,82,0.82
218,4,100,539101,62500.0,90,0.9
219,4,100,539101,62500.0,69,0.69
220,4,100,539101,62500.0,81,0.81
221,4,100,167915,62500.0,16,0.16
222,4,100,539101,62500.0,92,0.92
223,4,100,539101,62500.0,95,0.95
224,4,100,539101,62500.0,92,0.92
225,4,100,16155,62500.0,8,0.08
226,4,100,539101,62500.0,46,0.46
227,4,100,539101,62500.0,46,0.46
228,4,100,539101,62500.0,89,0.89
229,4,100,539101,62500.0,62,0.62
230,4,100,72213,62500.0,33,0.33
231,4,100,539101,62500.0,97,0.97
232,4,100,44642,62500.0,16,0.16
233,4,100,72213,62500.0,29,0.29
234,4,100,167915,62500.0,11,0.11
235,4,100,539101,62500.0,55,0.55
236,4,100,539101,62500.0,81,0.81
237,4,100,138445,62500.0,24,0.24
238,4,100,72213,62500.0,31,0.31
239,4,100,539101,62500.0,45,0.45
240,4,100,539101,62500.0,69,0.69
241,4,100,539101,62500.0,100,1.0
242,4,100,539101,62500.0,64,0.64
243,4,100,539101,62500.0,95,0.95
244,4,100,539101,62500.0,11,0.11
245,4,100,539101,62500.0,91,0.91
246,4,100,138445,62500.0,38,0.38
247,4,100,539101,62500.0,87,0.87
248,4,100,14008,62500.0,5,0.05
249,4,100,539101,62500.0,84,0.84
250,4,100,539101,62500.0,84,0.84
251,4,100,539101,62500.0,83,0.83
252,4,100,539101,62500.0,82,0.82
253,4,100,138445,62500.0,23,0.23
254,4,100,44642,62500.0,4,0.04
255,4,100,138445,62500.0,50,0.5
256,4,100,138445,62500.0,23,0.23
257,4,100,539101,62500.0,67,0.67
258,4,100,167915,62500.0,18,0.18
259,4,100,539101,62500.0,74,0.74
260,4,100,138445,62500.0,42,0.42
261,4,100,539101,62500.0,59,0.59
262,4,100,138445,62500.0,29,0.29
263,4,100,16155,62500.0,3,0.03
264,4,100,539101,62500.0,30,0.3
265,4,100,72213,62500.0,62,0.62
266,4,100,72213,62500.0,27,0.27
267,4,100,539101,62500.0,68,0.68
268,4,100,138445,62500.0,36,0.36
269,4,100,167915,62500.0,40,0.4
270,4,100,539101,62500.0,56,0.56
271,4,100,167915,62500.0,35,0.35
272,4,100,167915,62500.0,59,0.59
273,4,100,138445,62500.0,8,0.08
274,4,100,138445,62500.0,6,0.06
275,4,100,539101,62500.0,73,0.73
276,4,100,539101,62500.0,80,0.8
277,4,100,138445,62500.0,12,0.12
278,4,100,539101,62500.0,88,0.88
279,4,100,539101,62500.0,72,0.72
280,4,100,167915,62500.0,28,0.28
281,4,100,539101,62500.0,86,0.86
282,4,100,539101,62500.0,82,0.82
283,4,100,539101,62500.0,77,0.77
284,4,100,167915,62500.0,37,0.37
285,4,100,138445,62500.0,26,0.26
286,4,100,44642,62500.0,21,0.21
287,4,100,138445,62500.0,21,0.21
288,4,100,539101,62500.0,61,0.61
289,4,100,167915,62500.0,14,0.14
290,4,100,539101,62500.0,91,0.91
291,4,100,138445,62500.0,39,0.39
292,4,100,138445,62500.0,8,0.08
293,4,100,16155,62500.0,16,0.16
294,4,100,539101,62500.0,98,0.98
295,4,100,167915,62500.0,32,0.32
296,4,100,167915,62500.0,19,0.19
297,4,100,44642,62500.0,20,0.2
298,4,100,539101,62500.0,23,0.23
299,4,100,167915,62500.0,73,0.73
300,4,100,138445,62500.0,36,0.36
301,4,100,138445,62500.0,53,0.53
302,4,100,44642,62500.0,11,0.11
303,4,100,138445,62500.0,41,0.41
304,4,100,44642,62500.0,18,0.18
305,4,100,539101,62500.0,77,0.77
306,4,100,167915,62500.0,70,0.7
307,4,100,72213,62500.0,22,0.22
308,4,100,167915,62500.0,28,0.28
309,4,100,539101,62500.0,95,0.95
310,4,100,138445,62500.0,16,0.16
311,4,100,7521,62500.0,28,0.28
312,4,100,539101,62500.0,99,0.99
313,4,100,539101,62500.0,90,0.9
314,4,100,44642,62500.0,11,0.11
315,4,100,539101,62500.0,43,0.43
316,4,100,167915,62500.0,56,0.56
317,4,100,167915,62500.0,22,0.22
318,4,100,539101,62500.0,85,0.85
319,4,100,44642,62500.0,11,0.11
320,4,100,44642,62500.0,9,0.09
321,4,100,72213,62500.0,37,0.37
322,4,100,72213,62500.0,32,0.32
323,4,100,539101,62500.0,90,0.9
324,4,100,539101,62500.0,67,0.67
325,4,100,138445,62500.0,20,0.2
326,4,100,539101,62500.0,77,0.77
327,4,100,138445,62500.0,49,0.49
328,4,100,539101,62500.0,86,0.86
329,4,100,44642,62500.0,20,0.2
330,4,100,539101,62500.0,81,0.81
331,4,100,138445,62500.0,56,0.56
332,4,100,539101,62500.0,79,0.79
333,4,100,539101,62500.0,26,0.26
334,4,100,539101,62500.0,68,0.68
335,4,100,539101,62500.0,95,0.95
336,4,100,138445,62500.0,4,0.04
337,4,100,72213,62500.0,51,0.51
338,4,100,138445,62500.0,35,0.35
339,4,100,539101,62500.0,75,0.75
340,4,100,167915,62500.0,34,0.34
341,4,100,539101,62500.0,38,0.38
342,4,100,138445,62500.0,42,0.42
343,4,100,539101,62500.0,86,0.86
344,4,100,539101,62500.0,86,0.86
345,4,100,539101,62500.0,90,0.9
346,4,100,539101,62500.0,88,0.88
347,4,100,539101,62500.0,76,0.76
348,4,100,539101,62500.0,44,0.44
349,4,100,539101,62500.0,44,0.44
350,4,100,16155,62500.0,3,0.03
351,4,100,44642,62500.0,46,0.46
352,4,100,138445,62500.0,53,0.53
353,4,100,138445,62500.0,23,0.23
354,4,100,539101,62500.0,97,0.97
355,4,100,539101,62500.0,79,0.79
356,4,100,539101,62500.0,90,0.9
357,4,100,138445,62500.0,27,0.27
358,4,100,44642,62500.0,36,0.36
359,4,100,539101,62500.0,90,0.9
360,4,100,138445,62500.0,21,0.21
361,4,100,167915,62500.0,41,0.41
362,4,100,44642,62500.0,3,0.03
363,4,100,539101,62500.0,88,0.88
364,4,100,539101,62500.0,91,0.91
365,4,100,14008,62500.0,1,0.01
366,4,100,539101,62500.0,69,0.69
367,4,100,167915,62500.0,23,0.23
368,4,100,44642,62500.0,8,0.08
369,4,100,44642,62500.0,31,0.31
370,4,100,14008,62500.0,30,0.3
371,4,100,16155,62500.0,18,0.18
372,4,100,138445,62500.0,28,0.28
373,4,100,44642,62500.0,7,0.07
374,4,100,539101,62500.0,91,0.91
375,4,100,167915,62500.0,40,0.4
376,4,100,539101,62500.0,95,0.95
377,4,100,167915,62500.0,66,0.66
378,4,100,72213,62500.0,10,0.1
379,4,100,539101,62500.0,70,0.7
380,4,100,138445,62500.0,34,0.34
381,4,100,72213,62500.0,12,0.12
382,4,100,167915,62500.0,25,0.25
383,4,100,539101,62500.0,71,0.71
384,4,100,138445,62500.0,31,0.31
385,4,100,539101,62500.0,75,0.75
386,4,100,539101,62500.0,93,0.93
387,4,100,167915,62500.0,58,0.58
388,4,100,16155,62500.0,7,0.07
389,4,100,539101,62500.0,91,0.91
390,4,100,539101,62500.0,87,0.87
391,4,100,539101,62500.0,84,0.84
392,4,100,72213,62500.0,15,0.15
393,4,100,539101,62500.0,49,0.49
394,4,100,539101,62500.0,44,0.44
395,4,100,539101,62500.0,65,0.65
396,4,100,44642,62500.0,43,0.43
397,4,100,539101,62500.0,52,0.52
398,4,100,539101,62500.0,71,0.71
399,4,100,72213,62500.0,54,0.54
400,4,100,14008,62500.0,3,0.03
401,4,100,539101,62500.0,28,0.28
402,4,100,539101,62500.0,91,0.91
403,4,100,167915,62500.0,20,0.2
404,4,100,138445,62500.0,10,0.1
405,4,100,539101,62500.0,89,0.89
406,4,100,167915,62500.0,41,0.41
407,4,100,539101,62500.0,86,0.86
408,4,100,539101,62500.0,93,0.93
409,4,100,539101,62500.0,97,0.97
410,4,100,539101,62500.0,44,0.44
411,4,100,16155,62500.0,14,0.14
412,4,100,16155,62500.0,5,0.05
413,4,100,72213,62500.0,17,0.17
414,4,100,539101,62500.0,55,0.55
415,4,100,539101,62500.0,66,0.66
416,4,100,539101,62500.0,65,0.65
417,4,100,138445,62500.0,54,0.54
418,4,100,72213,62500.0,2,0.02
419,4,100,539101,62500.0,97,0.97
420,4,100,44642,62500.0,9,0.09
421,4,100,72213,62500.0,17,0.17
422,4,100,539101,62500.0,87,0.87
423,4,100,167915,62500.0,44,0.44
424,4,100,138445,62500.0,33,0.33
425,4,100,167915,62500.0,42,0.42
426,4,100,539101,62500.0,59,0.59
427,4,100,167915,62500.0,37,0.37
428,4,100,138445,62500.0,51,0.51
429,4,100,167915,62500.0,57,0.57
430,4,100,539101,62500.0,96,0.96
431,4,100,539101,62500.0,78,0.78
432,4,100,167915,62500.0,52,0.52
433,4,100,16155,62500.0,11,0.11
434,4,100,539101,62500.0,90,0.9
435,4,100,167915,62500.0,36,0.36
436,4,100,16155,62500.0,2,0.02
437,4,100,44642,62500.0,12,0.12
438,4,100,167915,62500.0,26,0.26
439,4,100,539101,62500.0,76,0.76
440,4,100,539101,62500.0,73,0.73
441,4,100,539101,62500.0,88,0.88
442,4,100,167915,62500.0,59,0.59
443,4,100,44642,62500.0,13,0.13
444,4,100,138445,62500.0,46,0.46
445,4,100,539101,62500.0,100,1.0
446,4,100,539101,62500.0,51,0.51
447,4,100,539101,62500.0,85,0.85
448,4,100,138445,62500.0,32,0.32
449,4,100,167915,62500.0,65,0.65
450,4,100,539101,62500.0,71,0.71
451,4,100,138445,62500.0,38,0.38
452,4,100,539101,62500.0,44,0.44
453,4,100,138445,62500.0,18,0.18
454,4,100,167915,62500.0,40,0.4
455,4,100,16155,62500.0,2,0.02
456,4,100,167915,62500.0,20,0.2
457,4,100,539101,62500.0,84,0.84
458,4,100,44642,62500.0,7,0.07
459,4,100,539101,62500.0,93,0.93
460,4,100,138445,62500.0,5,0.05
461,4,100,44642,62500.0,10,0.1
462,4,100,72213,62500.0,13,0.13
463,4,100,167915,62500.0,75,0.75
464,4,100,539101,62500.0,97,0.97
465,4,100,167915,62500.0,17,0.17
466,4,100,539101,62500.0,74,0.74
467,4,100,72213,62500.0,25,0.25
468,4,100,138445,62500.0,22,0.22
469,4,100,167915,62500.0,22,0.22
470,4,100,138445,62500.0,54,0.54
471,4,100,539101,62500.0,88,0.88
472,4,100,138445,62500.0,24,0.24
473,4,100,44642,62500.0,27,0.27
474,4,100,539101,62500.0,81,0.81
475,4,100,539101,62500.0,60,0.6
476,4,100,167915,62500.0,38,0.38
477,4,100,44642,62500.0,19,0.19
478,4,100,72213,62500.0,40,0.4
479,4,100,539101,62500.0,72,0.72
480,4,100,539101,62500.0,66,0.66
481,4,100,14008,62500.0,8,0.08
482,4,100,138445,62500.0,46,0.46
483,4,100,16155,62500.0,0,0.0
484,4,100,7521,62500.0,23,0.23
485,4,100,44642,62500.0,13,0.13
486,4,100,72213,62500.0,41,0.41
487,4,100,539101,62500.0,86,0.86
488,4,100,167915,62500.0,56,0.56
489,4,100,539101,62500.0,85,0.85
490,4,100,44642,62500.0,12,0.12
491,4,100,539101,62500.0,55,0.55
492,4,100,16155,62500.0,36,0.36
493,4,100,138445,62500.0,29,0.29
494,4,100,44642,62500.0,23,0.23
495,4,100,167915,62500.0,54,0.54
496,4,100,539101,62500.0,93,0.93
497,4,100,138445,62500.0,9,0.09
498,4,100,539101,62500.0,97,0.97
499,4,100,539101,62500.0,85,0.85
500,4,100,72213,62500.0,42,0.42
501,4,100,14008,62500.0,17,0.17
502,4,100,539101,62500.0,87,0.87
503,4,100,539101,62500.0,66,0.66
504,4,100,167915,62500.0,60,0.6
505,4,100,14008,62500.0,1,0.01
506,4,100,167915,62500.0,66,0.66
507,4,100,167915,62500.0,28,0.28
508,4,100,539101,62500.0,93,0.93
509,4,100,44642,62500.0,43,0.43
510,4,100,539101,62500.0,82,0.82
511,4,100,167915,62500.0,15,0.15
512,4,100,167915,62500.0,19,0.19
513,4,100,167915,62500.0,80,0.8
514,4,100,138445,62500.0,26,0.26
515,4,100,167915,62500.0,52,0.52
516,4,100,7521,62500.0,9,0.09
517,4,100,539101,62500.0,77,0.77
518,4,100,167915,62500.0,52,0.52
519,4,100,14008,62500.0,55,0.55
520,4,100,539101,62500.0,50,0.5
521,4,100,539101,62500.0,97,0.97
522,4,100,16155,62500.0,0,0.0
523,4,100,539101,62500.0,92,0.92
524,4,100,138445,62500.0,10,0.1
525,4,100,539101,62500.0,94,0.94
526,4,100,72213,62500.0,14,0.14
527,4,100,7521,62500.0,3,0.03
528,4,100,539101,62500.0,70,0.7
529,4,100,72213,62500.0,32,0.32
530,4,100,72213,62500.0,28,0.28
531,4,100,539101,62500.0,96,0.96
532,4,100,539101,62500.0,95,0.95
533,4,100,14008,62500.0,5,0.05
534,4,100,72213,62500.0,22,0.22
535,4,100,539101,62500.0,84,0.84
536,4,100,44642,62500.0,46,0.46
537,4,100,539101,62500.0,70,0.7
538,4,100,539101,62500.0,52,0.52
539,4,100,44642,62500.0,32,0.32
540,4,100,72213,62500.0,18,0.18
541,4,100,167915,62500.0,51,0.51
542,4,100,167915,62500.0,21,0.21
543,4,100,44642,62500.0,14,0.14
544,4,100,539101,62500.0,70,0.7
545,4,100,539101,62500.0,84,0.84
546,4,100,539101,62500.0,88,0.88
547,4,100,138445,62500.0,54,0.54
548,4,100,7521,62500.0,1,0.01
549,4,100,14008,62500.0,19,0.19
550,4,100,539101,62500.0,79,0.79
551,4,100,539101,62500.0,89,0.89
552,4,100,14008,62500.0,8,0.08
553,4,100,72213,62500.0,48,0.48
554,4,100,72213,62500.0,16,0.16
555,4,100,167915,62500.0,55,0.55
556,4,100,539101,62500.0,93,0.93
557,4,100,539101,62500.0,73,0.73
558,4,100,539101,62500.0,98,0.98
559,4,100,167915,62500.0,65,0.65
560,4,100,167915,62500.0,14,0.14
561,4,100,138445,62500.0,17,0.17
562,4,100,539101,62500.0,68,0.68
563,4,100,138445,62500.0,27,0.27
564,4,100,7521,62500.0,11,0.11
565,4,100,138445,62500.0,14,0.14
566,4,100,16155,62500.0,17,0.17
567,4,100,138445,62500.0,20,0.2
568,4,100,539101,62500.0,96,0.96
569,4,100,539101,62500.0,88,0.88
570,4,100,539101,62500.0,90,0.9
571,4,100,167915,62500.0,56,0.56
572,4,100,539101,62500.0,86,0.86
573,4,100,138445,62500.0,35,0.35
574,4,100,539101,62500.0,60,0.6
575,4,100,539101,62500.0,98,0.98
576,4,100,138445,62500.0,39,0.39
577,4,100,138445,62500.0,43,0.43
578,4,100,539101,62500.0,47,0.47
579,4,100,72213,62500.0,18,0.18
580,4,100,539101,62500.0,82,0.82
581,4,100,16155,62500.0,4,0.04
582,4,100,539101,62500.0,89,0.89
583,4,100,539101,62500.0,91,0.91
584,4,100,539101,62500.0,87,0.87
585,4,100,539101,62500.0,65,0.65
586,4,100,167915,62500.0,36,0.36
587,4,100,539101,62500.0,91,0.91
588,4,100,138445,62500.0,19,0.19
589,4,100,539101,62500.0,76,0.76
590,4,100,539101,62500.0,78,0.78
591,4,100,539101,62500.0,93,0.93
592,4,100,539101,62500.0,24,0.24
593,4,100,539101,62500.0,86,0.86
594,4,100,539101,62500.0,92,0.92
595,4,100,167915,62500.0,27,0.27
596,4,100,539101,62500.0,63,0.63
597,4,100,138445,62500.0,29,0.29
598,4,100,138445,62500.0,14,0.14
599,4,100,167915,62500.0,45,0.45
600,4,100,167915,62500.0,89,0.89
601,4,100,539101,62500.0,52,0.52
602,4,100,138445,62500.0,24,0.24
603,4,100,539101,62500.0,56,0.56
604,4,100,167915,62500.0,61,0.61
605,4,100,138445,62500.0,16,0.16
606,4,100,138445,62500.0,28,0.28
607,4,100,44642,62500.0,12,0.12
608,4,100,138445,62500.0,46,0.46
609,4,100,138445,62500.0,20,0.2
610,4,100,16155,62500.0,22,0.22
611,4,100,539101,62500.0,93,0.93
612,4,100,72213,62500.0,64,0.64
613,4,100,138445,62500.0,13,0.13
614,4,100,539101,62500.0,74,0.74
615,4,100,539101,62500.0,93,0.93
616,4,100,539101,62500.0,93,0.93
617,4,100,44642,62500.0,22,0.22
618,4,100,44642,62500.0,44,0.44
619,4,100,138445,62500.0,28,0.28
620,4,100,539101,62500.0,94,0.94
621,4,100,539101,62500.0,60,0.6
622,4,100,539101,62500.0,78,0.78
623,4,100,539101,62500.0,79,0.79
624,4,100,539101,62500.0,53,0.53
625,4,100,539101,62500.0,90,0.9
626,4,100,539101,62500.0,84,0.84
627,4,100,539101,62500.0,86,0.86
628,4,100,539101,62500.0,64,0.64
629,4,100,539101,62500.0,82,0.82
630,4,100,167915,62500.0,36,0.36
631,4,100,167915,62500.0,13,0.13
632,4,100,539101,62500.0,72,0.72
633,4,100,167915,62500.0,54,0.54
634,4,100,138445,62500.0,16,0.16
635,4,100,14008,62500.0,19,0.19
636,4,100,539101,62500.0,72,0.72
637,4,100,539101,62500.0,73,0.73
638,4,100,138445,62500.0,12,0.12
639,4,100,539101,62500.0,66,0.66
640,4,100,539101,62500.0,85,0.85
641,4,100,138445,62500.0,25,0.25
642,4,100,138445,62500.0,56,0.56
643,4,100,539101,62500.0,56,0.56
644,4,100,539101,62500.0,97,0.97
645,4,100,167915,62500.0,35,0.35
646,4,100,539101,62500.0,81,0.81
647,4,100,539101,62500.0,77,0.77
648,4,100,539101,62500.0,95,0.95
649,4,100,539101,62500.0,73,0.73
650,4,100,167915,62500.0,15,0.15
651,4,100,539101,62500.0,100,1.0
652,4,100,539101,62500.0,95,0.95
653,4,100,44642,62500.0,6,0.06
654,4,100,539101,62500.0,60,0.6
655,4,100,138445,62500.0,24,0.24
656,4,100,167915,62500.0,32,0.32
657,4,100,72213,62500.0,34,0.34
658,4,100,167915,62500.0,29,0.29
659,4,100,539101,62500.0,65,0.65
660,4,100,72213,62500.0,17,0.17
661,4,100,539101,62500.0,95,0.95
662,4,100,138445,62500.0,14,0.14
663,4,100,44642,62500.0,53,0.53
664,4,100,539101,62500.0,73,0.73
665,4,100,539101,62500.0,89,0.89
666,4,100,72213,62500.0,52,0.52
667,4,100,539101,62500.0,47,0.47
668,4,100,539101,62500.0,91,0.91
669,4,100,539101,62500.0,40,0.4
670,4,100,138445,62500.0,71,0.71
671,4,100,539101,62500.0,72,0.72
672,4,100,167915,62500.0,9,0.09
673,4,100,539101,62500.0,96,0.96
674,4,100,167915,62500.0,23,0.23
675,4,100,539101,62500.0,82,0.82
676,4,100,539101,62500.0,12,0.12
677,4,100,539101,62500.0,92,0.92
678,4,100,167915,62500.0,22,0.22
679,4,100,539101,62500.0,61,0.61
680,4,100,539101,62500.0,81,0.81
681,4,100,539101,62500.0,88,0.88
682,4,100,539101,62500.0,91,0.91
683,4,100,539101,62500.0,91,0.91
684,4,100,539101,62500.0,77,0.77
685,4,100,539101,62500.0,90,0.9
686,4,100,539101,62500.0,95,0.95
687,4,100,539101,62500.0,70,0.7
688,4,100,44642,62500.0,11,0.11
689,4,100,539101,62500.0,82,0.82
690,4,100,167915,62500.0,61,0.61
691,4,100,72213,62500.0,21,0.21
692,4,100,539101,62500.0,75,0.75
693,4,100,539101,62500.0,30,0.3
694,4,100,44642,62500.0,15,0.15
695,4,100,14008,62500.0,59,0.59
696,4,100,539101,62500.0,63,0.63
697,4,100,539101,62500.0,78,0.78
698,4,100,539101,62500.0,47,0.47
699,4,100,167915,62500.0,9,0.09
700,4,100,138445,62500.0,26,0.26
701,4,100,539101,62500.0,90,0.9
702,4,100,539101,62500.0,89,0.89
703,4,100,539101,62500.0,90,0.9
704,4,100,138445,62500.0,15,0.15
705,4,100,539101,62500.0,84,0.84
706,4,100,44642,62500.0,30,0.3
707,4,100,138445,62500.0,56,0.56
708,4,100,539101,62500.0,87,0.87
709,4,100,167915,62500.0,60,0.6
710,4,100,167915,62500.0,55,0.55
711,4,100,16155,62500.0,5,0.05
712,4,100,539101,62500.0,88,0.88
713,4,100,539101,62500.0,92,0.92
714,4,100,138445,62500.0,49,0.49
715,4,100,539101,62500.0,83,0.83
716,4,100,44642,62500.0,45,0.45
717,4,100,539101,62500.0,79,0.79
718,4,100,167915,62500.0,16,0.16
719,4,100,72213,62500.0,70,0.7
720,4,100,72213,62500.0,72,0.72
721,4,100,16155,62500.0,15,0.15
722,4,100,44642,62500.0,6,0.06
723,4,100,539101,62500.0,96,0.96
724,4,100,16155,62500.0,5,0.05
725,4,100,44642,62500.0,16,0.16
726,4,100,539101,62500.0,74,0.74
727,4,100,539101,62500.0,86,0.86
728,4,100,539101,62500.0,51,0.51
729,4,100,167915,62500.0,13,0.13
730,4,100,539101,62500.0,71,0.71
731,4,100,539101,62500.0,99,0.99
732,4,100,44642,62500.0,5,0.05
733,4,100,539101,62500.0,29,0.29
734,4,100,167915,62500.0,18,0.18
735,4,100,72213,62500.0,4,0.04
736,4,100,167915,62500.0,33,0.33
737,4,100,138445,62500.0,36,0.36
738,4,100,72213,62500.0,7,0.07
739,4,100,44642,62500.0,29,0.29
740,4,100,539101,62500.0,40,0.4
741,4,100,167915,62500.0,63,0.63
742,4,100,539101,62500.0,77,0.77
743,4,100,539101,62500.0,88,0.88
744,4,100,539101,62500.0,88,0.88
745,4,100,138445,62500.0,16,0.16
746,4,100,539101,62500.0,97,0.97
747,4,100,167915,62500.0,55,0.55
748,4,100,167915,62500.0,76,0.76
749,4,100,44642,62500.0,59,0.59
750,4,100,44642,62500.0,34,0.34
751,4,100,539101,62500.0,75,0.75
752,4,100,138445,62500.0,19,0.19
753,4,100,539101,62500.0,90,0.9
754,4,100,138445,62500.0,22,0.22
755,4,100,138445,62500.0,50,0.5
756,4,100,539101,62500.0,95,0.95
757,4,100,138445,62500.0,49,0.49
758,4,100,138445,62500.0,50,0.5
759,4,100,539101,62500.0,48,0.48
760,4,100,539101,62500.0,65,0.65
761,4,100,44642,62500.0,10,0.1
762,4,100,539101,62500.0,91,0.91
763,4,100,539101,62500.0,50,0.5
764,4,100,167915,62500.0,48,0.48
765,4,100,539101,62500.0,72,0.72
766,4,100,72213,62500.0,18,0.18
767,4,100,167915,62500.0,48,0.48
768,4,100,72213,62500.0,30,0.3
769,4,100,539101,62500.0,87,0.87
770,4,100,539101,62500.0,51,0.51
771,4,100,138445,62500.0,41,0.41
772,4,100,539101,62500.0,70,0.7
773,4,100,539101,62500.0,52,0.52
774,4,100,167915,62500.0,33,0.33
775,4,100,72213,62500.0,72,0.72
776,4,100,16155,62500.0,51,0.51
777,4,100,44642,62500.0,6,0.06
778,4,100,167915,62500.0,63,0.63
779,4,100,539101,62500.0,74,0.74
780,4,100,138445,62500.0,27,0.27
781,4,100,167915,62500.0,31,0.31
782,4,100,72213,62500.0,59,0.59
783,4,100,16155,62500.0,23,0.23
784,4,100,167915,62500.0,39,0.39
785,4,100,539101,62500.0,96,0.96
786,4,100,539101,62500.0,62,0.62
787,4,100,539101,62500.0,59,0.59
788,4,100,539101,62500.0,91,0.91
789,4,100,539101,62500.0,83,0.83
790,4,100,539101,62500.0,71,0.71
791,4,100,167915,62500.0,13,0.13
792,4,100,539101,62500.0,72,0.72
793,4,100,539101,62500.0,46,0.46
794,4,100,44642,62500.0,30,0.3
795,4,100,72213,62500.0,58,0.58
796,4,100,539101,62500.0,62,0.62
797,4,100,72213,62500.0,18,0.18
798,4,100,539101,62500.0,38,0.38
799,4,100,167915,62500.0,44,0.44
800,4,100,7521,62500.0,2,0.02
801,4,100,539101,62500.0,86,0.86
802,4,100,167915,62500.0,12,0.12
803,4,100,138445,62500.0,36,0.36
804,4,100,539101,62500.0,65,0.65
805,4,100,539101,62500.0,68,0.68
806,4,100,539101,62500.0,96,0.96
807,4,100,72213,62500.0,13,0.13
808,4,100,539101,62500.0,88,0.88
809,4,100,539101,62500.0,80,0.8
810,4,100,539101,62500.0,99,0.99
811,4,100,539101,62500.0,57,0.57
812,4,100,539101,62500.0,96,0.96
813,4,100,539101,62500.0,87,0.87
814,4,100,539101,62500.0,90,0.9
815,4,100,138445,62500.0,11,0.11
816,4,100,44642,62500.0,7,0.07
817,4,100,539101,62500.0,67,0.67
818,4,100,72213,62500.0,9,0.09
819,4,100,167915,62500.0,82,0.82
820,4,100,539101,62500.0,57,0.57
821,4,100,539101,62500.0,62,0.62
822,4,100,539101,62500.0,89,0.89
823,4,100,138445,62500.0,40,0.4
824,4,100,539101,62500.0,60,0.6
825,4,100,539101,62500.0,76,0.76
826,4,100,539101,62500.0,65,0.65
827,4,100,539101,62500.0,95,0.95
828,4,100,539101,62500.0,90,0.9
829,4,100,138445,62500.0,55,0.55
830,4,100,539101,62500.0,96,0.96
831,4,100,167915,62500.0,26,0.26
832,4,100,7521,62500.0,10,0.1
833,4,100,539101,62500.0,68,0.68
834,4,100,539101,62500.0,99,0.99
835,4,100,539101,62500.0,95,0.95
836,4,100,167915,62500.0,24,0.24
837,4,100,539101,62500.0,93,0.93
838,4,100,539101,62500.0,77,0.77
839,4,100,539101,62500.0,94,0.94
840,4,100,539101,62500.0,90,0.9
841,4,100,44642,62500.0,59,0.59
842,4,100,167915,62500.0,64,0.64
843,4,100,539101,62500.0,87,0.87
844,4,100,539101,62500.0,96,0.96
845,4,100,539101,62500.0,76,0.76
846,4,100,539101,62500.0,78,0.78
847,4,100,539101,62500.0,48,0.48
848,4,100,539101,62500.0,88,0.88
849,4,100,167915,62500.0,22,0.22
850,4,100,138445,62500.0,20,0.2
851,4,100,539101,62500.0,97,0.97
852,4,100,539101,62500.0,38,0.38
853,4,100,539101,62500.0,84,0.84
854,4,100,539101,62500.0,41,0.41
855,4,100,167915,62500.0,30,0.3
856,4,100,539101,62500.0,100,1.0
857,4,100,539101,62500.0,30,0.3
858,4,100,539101,62500.0,74,0.74
859,4,100,138445,62500.0,39,0.39
860,4,100,72213,62500.0,31,0.31
861,4,100,44642,62500.0,39,0.39
862,4,100,539101,62500.0,50,0.5
863,4,100,7521,62500.0,4,0.04
864,4,100,44642,62500.0,4,0.04
865,4,100,539101,62500.0,69,0.69
866,4,100,539101,62500.0,90,0.9
867,4,100,138445,62500.0,57,0.57
868,4,100,539101,62500.0,95,0.95
869,4,100,539101,62500.0,72,0.72
870,4,100,539101,62500.0,97,0.97
871,4,100,539101,62500.0,82,0.82
872,4,100,44642,62500.0,39,0.39
873,4,100,44642,62500.0,3,0.03
874,4,100,539101,62500.0,80,0.8
875,4,100,138445,62500.0,34,0.34
876,4,100,44642,62500.0,32,0.32
877,4,100,138445,62500.0,26,0.26
878,4,100,539101,62500.0,59,0.59
879,4,100,72213,62500.0,14,0.14
880,4,100,167915,62500.0,34,0.34
881,4,100,539101,62500.0,44,0.44
882,4,100,138445,62500.0,40,0.4
883,4,100,539101,62500.0,89,0.89
884,4,100,539101,62500.0,74,0.74
885,4,100,167915,62500.0,24,0.24
886,4,100,44642,62500.0,22,0.22
887,4,100,138445,62500.0,31,0.31
888,4,100,539101,62500.0,100,1.0
889,4,100,167915,62500.0,20,0.2
890,4,100,539101,62500.0,64,0.64
891,4,100,539101,62500.0,78,0.78
892,4,100,138445,62500.0,62,0.62
893,4,100,539101,62500.0,94,0.94
894,4,100,539101,62500.0,94,0.94
895,4,100,44642,62500.0,35,0.35
896,4,100,14008,62500.0,4,0.04
897,4,100,539101,62500.0,75,0.75
898,4,100,167915,62500.0,31,0.31
899,4,100,167915,62500.0,23,0.23
900,4,100,138445,62500.0,21,0.21
901,4,100,539101,62500.0,96,0.96
902,4,100,167915,62500.0,28,0.28
903,4,100,539101,62500.0,85,0.85
904,4,100,539101,62500.0,92,0.92
905,4,100,539101,62500.0,73,0.73
906,4,100,44642,62500.0,23,0.23
907,4,100,138445,62500.0,50,0.5
908,4,100,539101,62500.0,84,0.84
909,4,100,167915,62500.0,33,0.33
910,4,100,539101,62500.0,69,0.69
911,4,100,44642,62500.0,18,0.18
912,4,100,539101,62500.0,88,0.88
913,4,100,72213,62500.0,37,0.37
914,4,100,167915,62500.0,21,0.21
915,4,100,539101,62500.0,93,0.93
916,4,100,167915,62500.0,12,0.12
917,4,100,539101,62500.0,74,0.74
918,4,100,16155,62500.0,0,0.0
919,4,100,72213,62500.0,11,0.11
920,4,100,539101,62500.0,80,0.8
921,4,100,539101,62500.0,85,0.85
922,4,100,138445,62500.0,38,0.38
923,4,100,16155,62500.0,7,0.07
924,4,100,539101,62500.0,77,0.77
925,4,100,539101,62500.0,48,0.48
926,4,100,539101,62500.0,78,0.78
927,4,100,539101,62500.0,73,0.73
928,4,100,539101,62500.0,92,0.92
929,4,100,539101,62500.0,79,0.79
930,4,100,44642,62500.0,16,0.16
931,4,100,167915,62500.0,25,0.25
932,4,100,539101,62500.0,87,0.87
933,4,100,539101,62500.0,79,0.79
934,4,100,72213,62500.0,24,0.24
935,4,100,138445,62500.0,46,0.46
936,4,100,138445,62500.0,8,0.08
937,4,100,167915,62500.0,35,0.35
938,4,100,539101,62500.0,61,0.61
939,4,100,16155,62500.0,9,0.09
940,4,100,167915,62500.0,26,0.26
941,4,100,539101,62500.0,64,0.64
942,4,100,539101,62500.0,4,0.04
943,4,100,539101,62500.0,89,0.89
944,4,100,539101,62500.0,91,0.91
945,4,100,72213,62500.0,24,0.24
946,4,100,167915,62500.0,33,0.33
947,4,100,44642,62500.0,14,0.14
948,4,100,138445,62500.0,15,0.15
949,4,100,138445,62500.0,15,0.15
950,4,100,539101,62500.0,56,0.56
951,4,100,539101,62500.0,58,0.58
952,4,100,539101,62500.0,97,0.97
953,4,100,539101,62500.0,82,0.82
954,4,100,539101,62500.0,72,0.72
955,4,100,539101,62500.0,98,0.98
956,4,100,539101,62500.0,100,1.0
957,4,100,138445,62500.0,22,0.22
958,4,100,44642,62500.0,2,0.02
959,4,100,72213,62500.0,24,0.24
960,4,100,72213,62500.0,33,0.33
961,4,100,539101,62500.0,67,0.67
962,4,100,539101,62500.0,72,0.72
963,4,100,14008,62500.0,1,0.01
964,4,100,539101,62500.0,84,0.84
965,4,100,539101,62500.0,93,0.93
966,4,100,138445,62500.0,24,0.24
967,4,100,539101,62500.0,74,0.74
968,4,100,138445,62500.0,20,0.2
969,4,100,72213,62500.0,13,0.13
970,4,100,167915,62500.0,47,0.47
971,4,100,44642,62500.0,11,0.11
972,4,100,539101,62500.0,77,0.77
973,4,100,167915,62500.0,20,0.2
974,4,100,167915,62500.0,31,0.31
975,4,100,14008,62500.0,7,0.07
976,4,100,167915,62500.0,26,0.26
977,4,100,167915,62500.0,52,0.52
978,4,100,539101,62500.0,94,0.94
979,4,100,539101,62500.0,81,0.81
980,4,100,72213,62500.0,9,0.09
981,4,100,539101,62500.0,76,0.76
982,4,100,539101,62500.0,35,0.35
983,4,100,539101,62500.0,64,0.64
984,4,100,138445,62500.0,45,0.45
985,4,100,539101,62500.0,72,0.72
986,4,100,167915,62500.0,82,0.82
987,4,100,138445,62500.0,61,0.61
988,4,100,539101,62500.0,71,0.71
989,4,100,167915,62500.0,38,0.38
990,4,100,539101,62500.0,55,0.55
991,4,100,14008,62500.0,52,0.52
992,4,100,539101,62500.0,49,0.49
993,4,100,14008,62500.0,49,0.49
994,4,100,44642,62500.0,22,0.22
995,4,100,539101,62500.0,98,0.98
996,4,100,539101,62500.0,89,0.89
997,4,100,72213,62500.0,29,0.29
998,4,100,539101,62500.0,39,0.39
999,4,100,539101,62500.0,83,0.83
0,8,1,2307,3906.25,0,0.0
1,8,1,5186,3906.25,0,0.0
2,8,1,10178,3906.25,0,0.0
3,8,1,516,3906.25,1,1.0
4,8,1,83384,3906.25,0,0.0
5,8,1,62670,3906.25,1,1.0
6,8,1,5513,3906.25,1,1.0
7,8,1,14644,3906.25,0,0.0
8,8,1,52957,3906.25,0,0.0
9,8,1,4327,3906.25,0,0.0
10,8,1,19402,3906.25,1,1.0
11,8,1,2139,3906.25,0,0.0
12,8,1,55766,3906.25,0,0.0
13,8,1,2363,3906.25,1,1.0
14,8,1,22435,3906.25,0,0.0
15,8,1,3026,3906.25,0,0.0
16,8,1,15049,3906.25,1,1.0
17,8,1,67756,3906.25,1,1.0
18,8,1,52957,3906.25,0,0.0
19,8,1,3873,3906.25,0,0.0
20,8,1,62670,3906.25,0,0.0
21,8,1,62670,3906.25,0,0.0
22,8,1,1653,3906.25,0,0.0
23,8,1,5886,3906.25,0,0.0
24,8,1,2363,3906.25,1,1.0
25,8,1,55766,3906.25,0,0.0
26,8,1,22435,3906.25,0,0.0
27,8,1,83384,3906.25,0,0.0
28,8,1,11896,3906.25,0,0.0
29,8,1,67756,3906.25,0,0.0
30,8,1,2307,3906.25,0,0.0
31,8,1,36208,3906.25,0,0.0
32,8,1,4372,3906.25,0,0.0
33,8,1,22435,3906.25,0,0.0
34,8,1,15092,3906.25,1,1.0
35,8,1,52957,3906.25,1,1.0
36,8,1,19832,3906.25,0,0.0
37,8,1,83384,3906.25,0,0.0
38,8,1,55766,3906.25,1,1.0
39,8,1,18470,3906.25,1,1.0
40,8,1,59860,3906.25,0,0.0
41,8,1,59860,3906.25,1,1.0
42,8,1,15049,3906.25,0,0.0
43,8,1,83384,3906.25,1,1.0
44,8,1,909,3906.25,1,1.0
45,8,1,15049,3906.25,0,0.0
46,8,1,3873,3906.25,0,0.0
47,8,1,14197,3906.25,0,0.0
48,8,1,33927,3906.25,1,1.0
49,8,1,5886,3906.25,0,0.0
50,8,1,5513,3906.25,0,0.0
51,8,1,52957,3906.25,0,0.0
52,8,1,33927,3906.25,1,1.0
53,8,1,62670,3906.25,0,0.0
54,8,1,83384,3906.25,1,1.0
55,8,1,6353,3906.25,0,0.0
56,8,1,62670,3906.25,0,0.0
57,8,1,246,3906.25,0,0.0
58,8,1,5886,3906.25,0,0.0
59,8,1,62670,3906.25,0,0.0
60,8,1,5122,3906.25,1,1.0
61,8,1,62670,3906.25,0,0.0
62,8,1,55766,3906.25,1,1.0
63,8,1,52957,3906.25,1,1.0
64,8,1,55766,3906.25,1,1.0
65,8,1,52957,3906.25,0,0.0
66,8,1,9739,3906.25,0,0.0
67,8,1,3397,3906.25,1,1.0
68,8,1,14644,3906.25,0,0.0
69,8,1,3444,3906.25,0,0.0
70,8,1,5228,3906.25,0,0.0
71,8,1,12641,3906.25,0,0.0
72,8,1,11062,3906.25,0,0.0
73,8,1,25946,3906.25,0,0.0
74,8,1,62670,3906.25,0,0.0
75,8,1,62670,3906.25,0,0.0
76,8,1,59860,3906.25,0,0.0
77,8,1,246,3906.25,0,0.0
78,8,1,12641,3906.25,0,0.0
79,8,1,16887,3906.25,0,0.0
80,8,1,14644,3906.25,0,0.0
81,8,1,8603,3906.25,0,0.0
82,8,1,83384,3906.25,0,0.0
83,8,1,9105,3906.25,0,0.0
84,8,1,67756,3906.25,1,1.0
85,8,1,14282,3906.25,0,0.0
86,8,1,36208,3906.25,0,0.0
87,8,1,36208,3906.25,1,1.0
88,8,1,1145,3906.25,0,0.0
89,8,1,36208,3906.25,0,0.0
90,8,1,67756,3906.25,1,1.0
91,8,1,15092,3906.25,0,0.0
92,8,1,8864,3906.25,0,0.0
93,8,1,83384,3906.25,0,0.0
94,8,1,83384,3906.25,0,0.0
95,8,1,4114,3906.25,0,0.0
96,8,1,11896,3906.25,0,0.0
97,8,1,5759,3906.25,1,1.0
98,8,1,8811,3906.25,1,1.0
99,8,1,2363,3906.25,1,1.0
100,8,1,12641,3906.25,0,0.0
101,8,1,2983,3906.25,0,0.0
102,8,1,11896,3906.25,0,0.0
103,8,1,11152,3906.25,0,0.0
104,8,1,14282,3906.25,0,0.0
105,8,1,4372,3906.25,0,0.0
106,8,1,55766,3906.25,0,0.0
107,8,1,55766,3906.25,1,1.0
108,8,1,447,3906.25,0,0.0
109,8,1,11152,3906.25,0,0.0
110,8,1,33927,3906.25,0,0.0
111,8,1,83384,3906.25,0,0.0
112,8,1,3426,3906.25,1,1.0
113,8,1,36208,3906.25,1,1.0
114,8,1,4979,3906.25,1,1.0
115,8,1,5886,3906.25,0,0.0
116,8,1,22435,3906.25,0,0.0
117,8,1,36208,3906.25,0,0.0
118,8,1,8864,3906.25,0,0.0
119,8,1,460,3906.25,0,0.0
120,8,1,3645,3906.25,0,0.0
121,8,1,16887,3906.25,0,0.0
122,8,1,14197,3906.25,0,0.0
123,8,1,11896,3906.25,0,0.0
124,8,1,59860,3906.25,0,0.0
125,8,1,36208,3906.25,1,1.0
126,8,1,554,3906.25,0,0.0
127,8,1,5513,3906.25,0,0.0
128,8,1,9191,3906.25,0,0.0
129,8,1,14644,3906.25,0,0.0
130,8,1,14644,3906.25,0,0.0
131,8,1,14197,3906.25,1,1.0
132,8,1,62670,3906.25,1,1.0
133,8,1,775,3906.25,0,0.0
134,8,1,730,3906.25,0,0.0
135,8,1,2025,3906.25,0,0.0
136,8,1,18470,3906.25,1,1.0
137,8,1,4372,3906.25,1,1.0
138,8,1,11062,3906.25,0,0.0
139,8,1,55766,3906.25,0,0.0
140,8,1,14282,3906.25,1,1.0
141,8,1,62670,3906.25,0,0.0
142,8,1,16887,3906.25,0,0.0
143,8,1,52957,3906.25,0,0.0
144,8,1,55766,3906.25,0,0.0
145,8,1,8864,3906.25,0,0.0
146,8,1,59860,3906.25,1,1.0
147,8,1,8211,3906.25,1,1.0
148,8,1,59860,3906.25,0,0.0
149,8,1,11896,3906.25,0,0.0
150,8,1,14282,3906.25,1,1.0
151,8,1,5445,3906.25,0,0.0
152,8,1,25946,3906.25,0,0.0
153,8,1,59860,3906.25,1,1.0
154,8,1,14282,3906.25,0,0.0
155,8,1,16887,3906.25,1,1.0
156,8,1,11062,3906.25,0,0.0
157,8,1,52957,3906.25,0,0.0
158,8,1,10178,3906.25,0,0.0
159,8,1,1438,3906.25,0,0.0
160,8,1,460,3906.25,0,0.0
161,8,1,67756,3906.25,0,0.0
162,8,1,62670,3906.25,1,1.0
163,8,1,14282,3906.25,1,1.0
164,8,1,1145,3906.25,0,0.0
165,8,1,59860,3906.25,1,1.0
166,8,1,6353,3906.25,0,0.0
167,8,1,12641,3906.25,0,0.0
168,8,1,14644,3906.25,0,0.0
169,8,1,1525,3906.25,0,0.0
170,8,1,2918,3906.25,0,0.0
171,8,1,36208,3906.25,0,0.0
172,8,1,36208,3906.25,0,0.0
173,8,1,67756,3906.25,0,0.0
174,8,1,9146,3906.25,0,0.0
175,8,1,15049,3906.25,0,0.0
176,8,1,8603,3906.25,1,1.0
177,8,1,83384,3906.25,1,1.0
178,8,1,52957,3906.25,0,0.0
179,8,1,8864,3906.25,1,1.0
180,8,1,14197,3906.25,0,0.0
181,8,1,1597,3906.25,0,0.0
182,8,1,4328,3906.25,0,0.0
183,8,1,3026,3906.25,0,0.0
184,8,1,52957,3906.25,0,0.0
185,8,1,14282,3906.25,1,1.0
186,8,1,22435,3906.25,0,0.0
187,8,1,15049,3906.25,0,0.0
188,8,1,62670,3906.25,0,0.0
189,8,1,36208,3906.25,0,0.0
190,8,1,8470,3906.25,0,0.0
191,8,1,2918,3906.25,0,0.0
192,8,1,67756,3906.25,0,0.0
193,8,1,55766,3906.25,0,0.0
194,8,1,12641,3906.25,0,0.0
195,8,1,62670,3906.25,0,0.0
196,8,1,83384,3906.25,1,1.0
197,8,1,83384,3906.25,1,1.0
198,8,1,55766,3906.25,0,0.0
199,8,1,52957,3906.25,0,0.0
200,8,1,4089,3906.25,0,0.0
201,8,1,22435,3906.25,0,0.0
202,8,1,52957,3906.25,0,0.0
203,8,1,14282,3906.25,0,0.0
204,8,1,59860,3906.25,0,0.0
205,8,1,2918,3906.25,0,0.0
206,8,1,10178,3906.25,0,0.0
207,8,1,55766,3906.25,0,0.0
208,8,1,9105,3906.25,1,1.0
209,8,1,19832,3906.25,0,0.0
210,8,1,4372,3906.25,0,0.0
211,8,1,5886,3906.25,0,0.0
212,8,1,55766,3906.25,0,0.0
213,8,1,67756,3906.25,0,0.0
214,8,1,11062,3906.25,0,0.0
215,8,1,2025,3906.25,0,0.0
216,8,1,3516,3906.25,0,0.0
217,8,1,59860,3906.25,0,0.0
218,8,1,67756,3906.25,1,1.0
219,8,1,59860,3906.25,1,1.0
220,8,1,83384,3906.25,0,0.0
221,8,1,15092,3906.25,1,1.0
222,8,1,83384,3906.25,1,1.0
223,8,1,36208,3906.25,0,0.0
224,8,1,11152,3906.25,0,0.0
225,8,1,2139,3906.25,0,0.0
226,8,1,62670,3906.25,1,1.0
227,8,1,83384,3906.25,0,0.0
228,8,1,83384,3906.25,0,0.0
229,8,1,52957,3906.25,1,1.0
230,8,1,3026,3906.25,0,0.0
231,8,1,36208,3906.25,0,0.0
232,8,1,1438,3906.25,0,0.0
233,8,1,3645,3906.25,0,0.0
234,8,1,15092,3906.25,0,0.0
235,8,1,67756,3906.25,0,0.0
236,8,1,52957,3906.25,0,0.0
237,8,1,14644,3906.25,0,0.0
238,8,1,8512,3906.25,1,1.0
239,8,1,9191,3906.25,0,0.0
240,8,1,8603,3906.25,0,0.0
241,8,1,36208,3906.25,1,1.0
242,8,1,14197,3906.25,0,0.0
243,8,1,52957,3906.25,0,0.0
244,8,1,55766,3906.25,0,0.0
245,8,1,59860,3906.25,1,1.0
246,8,1,9146,3906.25,0,0.0
247,8,1,14197,3906.25,1,1.0
248,8,1,680,3906.25,0,0.0
249,8,1,55766,3906.25,0,0.0
250,8,1,52957,3906.25,0,0.0
251,8,1,11062,3906.25,0,0.0
252,8,1,83384,3906.25,1,1.0
253,8,1,14644,3906.25,0,0.0
254,8,1,2363,3906.25,0,0.0
255,8,1,9146,3906.25,0,0.0
256,8,1,1740,3906.25,0,0.0
257,8,1,9191,3906.25,0,0.0
258,8,1,15049,3906.25,0,0.0
259,8,1,83384,3906.25,0,0.0
260,8,1,4328,3906.25,0,0.0
261,8,1,33927,3906.25,1,1.0
262,8,1,19832,3906.25,1,1.0
263,8,1,1145,3906.25,0,0.0
264,8,1,67756,3906.25,0,0.0
265,8,1,1597,3906.25,0,0.0
266,8,1,8512,3906.25,0,0.0
267,8,1,12641,3906.25,0,0.0
268,8,1,11896,3906.25,0,0.0
269,8,1,10178,3906.25,0,0.0
270,8,1,55766,3906.25,0,0.0
271,8,1,5051,3906.25,0,0.0
272,8,1,22435,3906.25,1,1.0
273,8,1,2983,3906.25,0,0.0
274,8,1,16570,3906.25,0,0.0
275,8,1,55766,3906.25,1,1.0
276,8,1,11062,3906.25,0,0.0
277,8,1,19832,3906.25,0,0.0
278,8,1,5445,3906.25,0,0.0
279,8,1,14197,3906.25,0,0.0
280,8,1,15092,3906.25,1,1.0
281,8,1,8603,3906.25,1,1.0
282,8,1,83384,3906.25,1,1.0
283,8,1,8603,3906.25,0,0.0
284,8,1,10178,3906.25,0,0.0
285,8,1,19402,3906.25,0,0.0
286,8,1,2040,3906.25,0,0.0
287,8,1,19402,3906.25,1,1.0
288,8,1,83384,3906.25,1,1.0
289,8,1,16887,3906.25,0,0.0
290,8,1,12641,3906.25,0,0.0
291,8,1,2307,3906.25,0,0.0
292,8,1,19402,3906.25,0,0.0
293,8,1,246,3906.25,0,0.0
294,8,1,8603,3906.25,0,0.0
295,8,1,4309,3906.25,1,1.0
296,8,1,15049,3906.25,0,0.0
297,8,1,1653,3906.25,0,0.0
298,8,1,36208,3906.25,0,0.0
299,8,1,4309,3906.25,1,1.0
300,8,1,19832,3906.25,0,0.0
301,8,1,16570,3906.25,1,1.0
302,8,1,6353,3906.25,0,0.0
303,8,1,5759,3906.25,0,0.0
304,8,1,5228,3906.25,0,0.0
305,8,1,62670,3906.25,1,1.0
306,8,1,3516,3906.25,0,0.0
307,8,1,3397,3906.25,0,0.0
308,8,1,18470,3906.25,0,0.0
309,8,1,55766,3906.25,0,0.0
310,8,1,19832,3906.25,0,0.0
311,8,1,775,3906.25,0,0.0
312,8,1,67756,3906.25,1,1.0
313,8,1,9191,3906.25,0,0.0
314,8,1,4327,3906.25,0,0.0
315,8,1,9191,3906.25,1,1.0
316,8,1,25946,3906.25,1,1.0
317,8,1,4309,3906.25,0,0.0
318,8,1,83384,3906.25,1,1.0
319,8,1,1525,3906.25,0,0.0
320,8,1,4327,3906.25,0,0.0
321,8,1,3397,3906.25,0,0.0
322,8,1,4114,3906.25,0,0.0
323,8,1,11152,3906.25,0,0.0
324,8,1,52957,3906.25,0,0.0
325,8,1,19832,3906.25,0,0.0
326,8,1,5445,3906.25,0,0.0
327,8,1,19832,3906.25,1,1.0
328,8,1,52957,3906.25,0,0.0
329,8,1,1653,3906.25,0,0.0
330,8,1,83384,3906.25,1,1.0
331,8,1,16570,3906.25,0,0.0
332,8,1,67756,3906.25,0,0.0
333,8,1,12641,3906.25,1,1.0
334,8,1,33927,3906.25,0,0.0
335,8,1,5445,3906.25,0,0.0
336,8,1,5759,3906.25,0,0.0
337,8,1,8470,3906.25,0,0.0
338,8,1,19832,3906.25,1,1.0
339,8,1,33927,3906.25,0,0.0
340,8,1,5051,3906.25,0,0.0
341,8,1,67756,3906.25,0,0.0
342,8,1,19402,3906.25,0,0.0
343,8,1,67756,3906.25,1,1.0
344,8,1,33927,3906.25,0,0.0
345,8,1,33927,3906.25,1,1.0
346,8,1,52957,3906.25,0,0.0
347,8,1,52957,3906.25,0,0.0
348,8,1,33927,3906.25,0,0.0
349,8,1,83384,3906.25,0,0.0
350,8,1,2235,3906.25,0,0.0
351,8,1,859,3906.25,0,0.0
352,8,1,4328,3906.25,0,0.0
353,8,1,19402,3906.25,0,0.0
354,8,1,52957,3906.25,0,0.0
355,8,1,11062,3906.25,0,0.0
356,8,1,83384,3906.25,1,1.0
357,8,1,14644,3906.25,0,0.0
358,8,1,5186,3906.25,1,1.0
359,8,1,55766,3906.25,1,1.0
360,8,1,19832,3906.25,0,0.0
361,8,1,8864,3906.25,1,1.0
362,8,1,630,3906.25,0,0.0
363,8,1,83384,3906.25,0,0.0
364,8,1,33927,3906.25,0,0.0
365,8,1,787,3906.25,0,0.0
366,8,1,67756,3906.25,0,0.0
367,8,1,25946,3906.25,0,0.0
368,8,1,4327,3906.25,0,0.0
369,8,1,859,3906.25,0,0.0
370,8,1,909,3906.25,0,0.0
371,8,1,2139,3906.25,0,0.0
372,8,1,9105,3906.25,0,0.0
373,8,1,4372,3906.25,0,0.0
374,8,1,9191,3906.25,0,0.0
375,8,1,5513,3906.25,0,0.0
376,8,1,62670,3906.25,0,0.0
377,8,1,8864,3906.25,0,0.0
378,8,1,8811,3906.25,0,0.0
379,8,1,8603,3906.25,0,0.0
380,8,1,14644,3906.25,0,0.0
381,8,1,3426,3906.25,0,0.0
382,8,1,15049,3906.25,0,0.0
383,8,1,59860,3906.25,0,0.0
384,8,1,11896,3906.25,0,0.0
385,8,1,14197,3906.25,1,1.0
386,8,1,55766,3906.25,0,0.0
387,8,1,2153,3906.25,0,0.0
388,8,1,651,3906.25,0,0.0
389,8,1,55766,3906.25,0,0.0
390,8,1,83384,3906.25,0,0.0
391,8,1,55766,3906.25,0,0.0
392,8,1,3645,3906.25,0,0.0
393,8,1,52957,3906.25,0,0.0
394,8,1,8603,3906.25,1,1.0
395,8,1,67756,3906.25,1,1.0
396,8,1,1653,3906.25,0,0.0
397,8,1,33927,3906.25,1,1.0
398,8,1,62670,3906.25,1,1.0
399,8,1,1597,3906.25,1,1.0
400,8,1,1008,3906.25,0,0.0
401,8,1,52957,3906.25,0,0.0
402,8,1,55766,3906.25,0,0.0
403,8,1,22435,3906.25,1,1.0
404,8,1,14644,3906.25,0,0.0
405,8,1,52957,3906.25,0,0.0
406,8,1,15092,3906.25,1,1.0
407,8,1,36208,3906.25,0,0.0
408,8,1,83384,3906.25,0,0.0
409,8,1,67756,3906.25,0,0.0
410,8,1,12641,3906.25,0,0.0
411,8,1,166,3906.25,0,0.0
412,8,1,730,3906.25,0,0.0
413,8,1,8512,3906.25,0,0.0
414,8,1,11062,3906.25,1,1.0
415,8,1,52957,3906.25,1,1.0
416,8,1,36208,3906.25,0,0.0
417,8,1,19832,3906.25,0,0.0
418,8,1,2179,3906.25,0,0.0
419,8,1,67756,3906.25,1,1.0
420,8,1,2363,3906.25,0,0.0
421,8,1,3397,3906.25,0,0.0
422,8,1,14197,3906.25,1,1.0
423,8,1,25946,3906.25,0,0.0
424,8,1,14644,3906.25,1,1.0
425,8,1,3516,3906.25,0,0.0
426,8,1,11062,3906.25,1,1.0
427,8,1,10178,3906.25,0,0.0
428,8,1,9739,3906.25,0,0.0
429,8,1,16887,3906.25,0,0.0
430,8,1,36208,3906.25,1,1.0
431,8,1,11062,3906.25,0,0.0
432,8,1,22435,3906.25,0,0.0
433,8,1,1096,3906.25,0,0.0
434,8,1,55766,3906.25,0,0.0
435,8,1,25946,3906.25,1,1.0
436,8,1,960,3906.25,0,0.0
437,8,1,6353,3906.25,0,0.0
438,8,1,18470,3906.25,0,0.0
439,8,1,83384,3906.25,1,1.0
440,8,1,36208,3906.25,0,0.0
441,8,1,55766,3906.25,0,0.0
442,8,1,5122,3906.25,0,0.0
443,8,1,6353,3906.25,0,0.0
444,8,1,19402,3906.25,1,1.0
445,8,1,83384,3906.25,0,0.0
446,8,1,83384,3906.25,0,0.0
447,8,1,52957,3906.25,0,0.0
448,8,1,19832,3906.25,0,0.0
449,8,1,5122,3906.25,1,1.0
450,8,1,12641,3906.25,1,1.0
451,8,1,19832,3906.25,0,0.0
452,8,1,9191,3906.25,0,0.0
453,8,1,5759,3906.25,0,0.0
454,8,1,18470,3906.25,0,0.0
455,8,1,2235,3906.25,0,0.0
456,8,1,8864,3906.25,0,0.0
457,8,1,36208,3906.25,1,1.0
458,8,1,4327,3906.25,0,0.0
459,8,1,59860,3906.25,0,0.0
460,8,1,11896,3906.25,1,1.0
461,8,1,2918,3906.25,0,0.0
462,8,1,8811,3906.25,0,0.0
463,8,1,15049,3906.25,1,1.0
464,8,1,36208,3906.25,0,0.0
465,8,1,18470,3906.25,0,0.0
466,8,1,55766,3906.25,0,0.0
467,8,1,1253,3906.25,0,0.0
468,8,1,9146,3906.25,0,0.0
469,8,1,15092,3906.25,0,0.0
470,8,1,2307,3906.25,0,0.0
471,8,1,62670,3906.25,0,0.0
472,8,1,5759,3906.25,0,0.0
473,8,1,2918,3906.25,0,0.0
474,8,1,62670,3906.25,0,0.0
475,8,1,12641,3906.25,0,0.0
476,8,1,5513,3906.25,0,0.0
477,8,1,5186,3906.25,1,1.0
478,8,1,3397,3906.25,1,1.0
479,8,1,33927,3906.25,1,1.0
480,8,1,62670,3906.25,0,0.0
481,8,1,1661,3906.25,0,0.0
482,8,1,2983,3906.25,0,0.0
483,8,1,234,3906.25,0,0.0
484,8,1,775,3906.25,0,0.0
485,8,1,6353,3906.25,0,0.0
486,8,1,8211,3906.25,0,0.0
487,8,1,83384,3906.25,1,1.0
488,8,1,22435,3906.25,0,0.0
489,8,1,36208,3906.25,1,1.0
490,8,1,5228,3906.25,0,0.0
491,8,1,59860,3906.25,1,1.0
492,8,1,1096,3906.25,0,0.0
493,8,1,19402,3906.25,0,0.0
494,8,1,6353,3906.25,0,0.0
495,8,1,3516,3906.25,0,0.0
496,8,1,83384,3906.25,1,1.0
497,8,1,4328,3906.25,0,0.0
498,8,1,67756,3906.25,0,0.0
499,8,1,36208,3906.25,0,0.0
500,8,1,4114,3906.25,1,1.0
501,8,1,1359,3906.25,0,0.0
502,8,1,33927,3906.25,0,0.0
503,8,1,83384,3906.25,1,1.0
504,8,1,5051,3906.25,0,0.0
505,8,1,680,3906.25,0,0.0
506,8,1,2153,3906.25,0,0.0
507,8,1,25946,3906.25,0,0.0
508,8,1,33927,3906.25,0,0.0
509,8,1,5228,3906.25,0,0.0
510,8,1,52957,3906.25,1,1.0
511,8,1,4309,3906.25,0,0.0
512,8,1,4309,3906.25,0,0.0
513,8,1,25946,3906.25,1,1.0
514,8,1,2025,3906.25,0,0.0
515,8,1,5122,3906.25,0,0.0
516,8,1,125,3906.25,0,0.0
517,8,1,59860,3906.25,1,1.0
518,8,1,18470,3906.25,1,1.0
519,8,1,1144,3906.25,1,1.0
520,8,1,55766,3906.25,0,0.0
521,8,1,55766,3906.25,1,1.0
522,8,1,1096,3906.25,0,0.0
523,8,1,62670,3906.25,0,0.0
524,8,1,19832,3906.25,0,0.0
525,8,1,59860,3906.25,1,1.0
526,8,1,3026,3906.25,0,0.0
527,8,1,442,3906.25,0,0.0
528,8,1,11062,3906.25,0,0.0
529,8,1,5314,3906.25,1,1.0
530,8,1,3026,3906.25,0,0.0
531,8,1,14197,3906.25,0,0.0
532,8,1,62670,3906.25,1,1.0
533,8,1,1661,3906.25,0,0.0
534,8,1,4544,3906.25,0,0.0
535,8,1,33927,3906.25,1,1.0
536,8,1,5228,3906.25,0,0.0
537,8,1,62670,3906.25,0,0.0
538,8,1,62670,3906.25,1,1.0
539,8,1,4979,3906.25,0,0.0
540,8,1,4089,3906.25,0,0.0
541,8,1,5513,3906.25,0,0.0
542,8,1,15049,3906.25,0,0.0
543,8,1,5228,3906.25,0,0.0
544,8,1,36208,3906.25,0,0.0
545,8,1,33927,3906.25,0,0.0
546,8,1,33927,3906.25,0,0.0
547,8,1,11896,3906.25,0,0.0
548,8,1,892,3906.25,0,0.0
549,8,1,1359,3906.25,0,0.0
550,8,1,83384,3906.25,1,1.0
551,8,1,52957,3906.25,1,1.0
552,8,1,1592,3906.25,0,0.0
553,8,1,8811,3906.25,1,1.0
554,8,1,3645,3906.25,0,0.0
555,8,1,5122,3906.25,1,1.0
556,8,1,52957,3906.25,1,1.0
557,8,1,62670,3906.25,1,1.0
558,8,1,55766,3906.25,0,0.0
559,8,1,22435,3906.25,0,0.0
560,8,1,16887,3906.25,0,0.0
561,8,1,9739,3906.25,0,0.0
562,8,1,14282,3906.25,0,0.0
563,8,1,4328,3906.25,0,0.0
564,8,1,917,3906.25,0,0.0
565,8,1,2307,3906.25,0,0.0
566,8,1,960,3906.25,0,0.0
567,8,1,5759,3906.25,0,0.0
568,8,1,36208,3906.25,0,0.0
569,8,1,55766,3906.25,1,1.0
570,8,1,67756,3906.25,1,1.0
571,8,1,15092,3906.25,0,0.0
572,8,1,11152,3906.25,0,0.0
573,8,1,4328,3906.25,0,0.0
574,8,1,62670,3906.25,0,0.0
575,8,1,5445,3906.25,0,0.0
576,8,1,14644,3906.25,0,0.0
577,8,1,19832,3906.25,1,1.0
578,8,1,67756,3906.25,0,0.0
579,8,1,8811,3906.25,1,1.0
580,8,1,11062,3906.25,0,0.0
581,8,1,234,3906.25,0,0.0
582,8,1,55766,3906.25,0,0.0
583,8,1,67756,3906.25,0,0.0
584,8,1,5445,3906.25,0,0.0
585,8,1,14197,3906.25,0,0.0
586,8,1,22435,3906.25,0,0.0
587,8,1,55766,3906.25,1,1.0
588,8,1,9739,3906.25,0,0.0
589,8,1,33927,3906.25,1,1.0
590,8,1,14197,3906.25,0,0.0
591,8,1,83384,3906.25,0,0.0
592,8,1,11062,3906.25,0,0.0
593,8,1,59860,3906.25,1,1.0
594,8,1,83384,3906.25,0,0.0
595,8,1,22435,3906.25,1,1.0
596,8,1,55766,3906.25,0,0.0
597,8,1,9739,3906.25,0,0.0
598,8,1,14644,3906.25,0,0.0
599,8,1,22435,3906.25,1,1.0
600,8,1,3516,3906.25,0,0.0
601,8,1,14282,3906.25,0,0.0
602,8,1,9105,3906.25,0,0.0
603,8,1,62670,3906.25,0,0.0
604,8,1,15049,3906.25,1,1.0
605,8,1,19832,3906.25,0,0.0
606,8,1,16570,3906.25,0,0.0
607,8,1,2363,3906.25,0,0.0
608,8,1,11896,3906.25,0,0.0
609,8,1,1740,3906.25,0,0.0
610,8,1,2139,3906.25,0,0.0
611,8,1,55766,3906.25,1,1.0
612,8,1,8470,3906.25,1,1.0
613,8,1,19832,3906.25,0,0.0
614,8,1,55766,3906.25,0,0.0
615,8,1,33927,3906.25,0,0.0
616,8,1,59860,3906.25,1,1.0
617,8,1,2363,3906.25,0,0.0
618,8,1,1525,3906.25,0,0.0
619,8,1,16570,3906.25,0,0.0
620,8,1,14282,3906.25,0,0.0
621,8,1,83384,3906.25,0,0.0
622,8,1,9191,3906.25,0,0.0
623,8,1,83384,3906.25,0,0.0
624,8,1,12641,3906.25,0,0.0
625,8,1,14197,3906.25,0,0.0
626,8,1,8603,3906.25,1,1.0
627,8,1,62670,3906.25,0,0.0
628,8,1,59860,3906.25,0,0.0
629,8,1,52957,3906.25,0,0.0
630,8,1,25946,3906.25,0,0.0
631,8,1,3516,3906.25,0,0.0
632,8,1,52957,3906.25,0,0.0
633,8,1,16887,3906.25,1,1.0
634,8,1,2983,3906.25,0,0.0
635,8,1,1661,3906.25,0,0.0
636,8,1,11062,3906.25,0,0.0
637,8,1,52957,3906.25,1,1.0
638,8,1,9146,3906.25,1,1.0
639,8,1,9191,3906.25,0,0.0
640,8,1,67756,3906.25,1,1.0
641,8,1,19402,3906.25,0,0.0
642,8,1,14644,3906.25,0,0.0
643,8,1,83384,3906.25,0,0.0
644,8,1,59860,3906.25,0,0.0
645,8,1,25946,3906.25,0,0.0
646,8,1,14282,3906.25,0,0.0
647,8,1,55766,3906.25,1,1.0
648,8,1,52957,3906.25,1,1.0
649,8,1,11152,3906.25,0,0.0
650,8,1,10178,3906.25,0,0.0
651,8,1,59860,3906.25,1,1.0
652,8,1,67756,3906.25,0,0.0
653,8,1,4327,3906.25,0,0.0
654,8,1,52957,3906.25,0,0.0
655,8,1,14644,3906.25,0,0.0
656,8,1,15049,3906.25,0,0.0
657,8,1,3645,3906.25,0,0.0
658,8,1,2153,3906.25,0,0.0
659,8,1,55766,3906.25,0,0.0
660,8,1,4544,3906.25,0,0.0
661,8,1,55766,3906.25,1,1.0
662,8,1,19402,3906.25,0,0.0
663,8,1,1438,3906.25,1,1.0
664,8,1,83384,3906.25,0,0.0
665,8,1,62670,3906.25,1,1.0
666,8,1,8811,3906.25,0,0.0
667,8,1,83384,3906.25,0,0.0
668,8,1,83384,3906.25,1,1.0
669,8,1,9191,3906.25,0,0.0
670,8,1,5096,3906.25,1,1.0
671,8,1,52957,3906.25,0,0.0
672,8,1,16887,3906.25,0,0.0
673,8,1,52957,3906.25,0,0.0
674,8,1,25946,3906.25,0,0.0
675,8,1,55766,3906.25,0,0.0
676,8,1,67756,3906.25,0,0.0
677,8,1,33927,3906.25,1,1.0
678,8,1,3516,3906.25,0,0.0
679,8,1,14282,3906.25,1,1.0
680,8,1,55766,3906.25,0,0.0
681,8,1,33927,3906.25,0,0.0
682,8,1,11152,3906.25,0,0.0
683,8,1,83384,3906.25,1,1.0
684,8,1,83384,3906.25,0,0.0
685,8,1,62670,3906.25,1,1.0
686,8,1,67756,3906.25,0,0.0
687,8,1,33927,3906.25,0,0.0
688,8,1,2918,3906.25,0,0.0
689,8,1,14197,3906.25,1,1.0
690,8,1,15092,3906.25,0,0.0
691,8,1,8512,3906.25,0,0.0
692,8,1,83384,3906.25,1,1.0
693,8,1,83384,3906.25,0,0.0
694,8,1,2918,3906.25,1,1.0
695,8,1,1576,3906.25,0,0.0
696,8,1,83384,3906.25,0,0.0
697,8,1,52957,3906.25,1,1.0
698,8,1,11062,3906.25,0,0.0
699,8,1,8864,3906.25,0,0.0
700,8,1,9739,3906.25,0,0.0
701,8,1,9191,3906.25,0,0.0
702,8,1,83384,3906.25,1,1.0
703,8,1,11152,3906.25,0,0.0
704,8,1,19402,3906.25,0,0.0
705,8,1,83384,3906.25,0,0.0
706,8,1,859,3906.25,0,0.0
707,8,1,19402,3906.25,0,0.0
708,8,1,83384,3906.25,1,1.0
709,8,1,3444,3906.25,0,0.0
710,8,1,16887,3906.25,0,0.0
711,8,1,1949,3906.25,0,0.0
712,8,1,36208,3906.25,0,0.0
713,8,1,83384,3906.25,0,0.0
714,8,1,5096,3906.25,0,0.0
715,8,1,36208,3906.25,0,0.0
716,8,1,6353,3906.25,0,0.0
717,8,1,33927,3906.25,0,0.0
718,8,1,22435,3906.25,0,0.0
719,8,1,3645,3906.25,0,0.0
720,8,1,3397,3906.25,1,1.0
721,8,1,166,3906.25,0,0.0
722,8,1,6353,3906.25,0,0.0
723,8,1,67756,3906.25,1,1.0
724,8,1,1563,3906.25,0,0.0
725,8,1,2040,3906.25,0,0.0
726,8,1,59860,3906.25,0,0.0
727,8,1,55766,3906.25,0,0.0
728,8,1,9191,3906.25,1,1.0
729,8,1,25946,3906.25,0,0.0
730,8,1,62670,3906.25,0,0.0
731,8,1,36208,3906.25,0,0.0
732,8,1,4979,3906.25,1,1.0
733,8,1,59860,3906.25,0,0.0
734,8,1,18470,3906.25,0,0.0
735,8,1,4544,3906.25,0,0.0
736,8,1,25946,3906.25,0,0.0
737,8,1,9739,3906.25,0,0.0
738,8,1,5314,3906.25,0,0.0
739,8,1,5186,3906.25,0,0.0
740,8,1,83384,3906.25,1,1.0
741,8,1,8864,3906.25,0,0.0
742,8,1,83384,3906.25,1,1.0
743,8,1,55766,3906.25,0,0.0
744,8,1,52957,3906.25,1,1.0
745,8,1,9739,3906.25,0,0.0
746,8,1,36208,3906.25,1,1.0
747,8,1,16887,3906.25,0,0.0
748,8,1,25946,3906.25,0,0.0
749,8,1,324,3906.25,0,0.0
750,8,1,4979,3906.25,0,0.0
751,8,1,11062,3906.25,0,0.0
752,8,1,19402,3906.25,1,1.0
753,8,1,14197,3906.25,1,1.0
754,8,1,19402,3906.25,0,0.0
755,8,1,11896,3906.25,0,0.0
756,8,1,55766,3906.25,0,0.0
757,8,1,5759,3906.25,0,0.0
758,8,1,3873,3906.25,1,1.0
759,8,1,67756,3906.25,0,0.0
760,8,1,8603,3906.25,0,0.0
761,8,1,4327,3906.25,0,0.0
762,8,1,62670,3906.25,1,1.0
763,8,1,12641,3906.25,0,0.0
764,8,1,16887,3906.25,0,0.0
765,8,1,62670,3906.25,0,0.0
766,8,1,3426,3906.25,0,0.0
767,8,1,15092,3906.25,0,0.0
768,8,1,3645,3906.25,1,1.0
769,8,1,52957,3906.25,0,0.0
770,8,1,67756,3906.25,0,0.0
771,8,1,9739,3906.25,0,0.0
772,8,1,36208,3906.25,0,0.0
773,8,1,59860,3906.25,0,0.0
774,8,1,22435,3906.25,0,0.0
775,8,1,3426,3906.25,0,0.0
776,8,1,234,3906.25,1,1.0
777,8,1,6353,3906.25,0,0.0
778,8,1,18470,3906.25,1,1.0
779,8,1,36208,3906.25,0,0.0
780,8,1,16570,3906.25,1,1.0
781,8,1,25946,3906.25,0,0.0
782,8,1,3397,3906.25,1,1.0
783,8,1,2139,3906.25,0,0.0
784,8,1,10178,3906.25,0,0.0
785,8,1,52957,3906.25,0,0.0
786,8,1,11062,3906.25,0,0.0
787,8,1,5445,3906.25,0,0.0
788,8,1,67756,3906.25,1,1.0
789,8,1,62670,3906.25,1,1.0
790,8,1,59860,3906.25,0,0.0
791,8,1,18470,3906.25,1,1.0
792,8,1,36208,3906.25,0,0.0
793,8,1,52957,3906.25,1,1.0
794,8,1,4327,3906.25,0,0.0
795,8,1,3645,3906.25,0,0.0
796,8,1,33927,3906.25,0,0.0
797,8,1,4544,3906.25,0,0.0
798,8,1,14197,3906.25,0,0.0
799,8,1,2153,3906.25,0,0.0
800,8,1,406,3906.25,0,0.0
801,8,1,52957,3906.25,0,0.0
802,8,1,16887,3906.25,0,0.0
803,8,1,9105,3906.25,0,0.0
804,8,1,55766,3906.25,1,1.0
805,8,1,11152,3906.25,0,0.0
806,8,1,59860,3906.25,1,1.0
807,8,1,4544,3906.25,0,0.0
808,8,1,11152,3906.25,1,1.0
809,8,1,14197,3906.25,1,1.0
810,8,1,59860,3906.25,1,1.0
811,8,1,11062,3906.25,0,0.0
812,8,1,36208,3906.25,1,1.0
813,8,1,67756,3906.25,1,1.0
814,8,1,12641,3906.25,0,0.0
815,8,1,19402,3906.25,0,0.0
816,8,1,4372,3906.25,0,0.0
817,8,1,33927,3906.25,0,0.0
818,8,1,8512,3906.25,0,0.0
819,8,1,22435,3906.25,0,0.0
820,8,1,5445,3906.25,0,0.0
821,8,1,67756,3906.25,1,1.0
822,8,1,83384,3906.25,0,0.0
823,8,1,2983,3906.25,0,0.0
824,8,1,14197,3906.25,0,0.0
825,8,1,33927,3906.25,0,0.0
826,8,1,14282,3906.25,0,0.0
827,8,1,52957,3906.25,0,0.0
828,8,1,36208,3906.25,1,1.0
829,8,1,2025,3906.25,0,0.0
830,8,1,67756,3906.25,0,0.0
831,8,1,5122,3906.25,0,0.0
832,8,1,406,3906.25,0,0.0
833,8,1,67756,3906.25,0,0.0
834,8,1,36208,3906.25,1,1.0
835,8,1,12641,3906.25,0,0.0
836,8,1,2153,3906.25,0,0.0
837,8,1,83384,3906.25,0,0.0
838,8,1,83384,3906.25,1,1.0
839,8,1,52957,3906.25,0,0.0
840,8,1,83384,3906.25,1,1.0
841,8,1,2363,3906.25,0,0.0
842,8,1,5886,3906.25,0,0.0
843,8,1,52957,3906.25,0,0.0
844,8,1,55766,3906.25,1,1.0
845,8,1,36208,3906.25,1,1.0
846,8,1,11062,3906.25,0,0.0
847,8,1,83384,3906.25,0,0.0
848,8,1,55766,3906.25,0,0.0
849,8,1,2153,3906.25,0,0.0
850,8,1,4328,3906.25,0,0.0
851,8,1,36208,3906.25,1,1.0
852,8,1,9191,3906.25,0,0.0
853,8,1,14282,3906.25,0,0.0
854,8,1,55766,3906.25,0,0.0
855,8,1,3516,3906.25,0,0.0
856,8,1,14197,3906.25,0,0.0
857,8,1,52957,3906.25,0,0.0
858,8,1,62670,3906.25,0,0.0
859,8,1,9146,3906.25,1,1.0
860,8,1,3645,3906.25,0,0.0
861,8,1,4979,3906.25,0,0.0
862,8,1,67756,3906.25,0,0.0
863,8,1,460,3906.25,0,0.0
864,8,1,5186,3906.25,0,0.0
865,8,1,67756,3906.25,0,0.0
866,8,1,12641,3906.25,0,0.0
867,8,1,4328,3906.25,0,0.0
868,8,1,62670,3906.25,0,0.0
869,8,1,55766,3906.25,1,1.0
870,8,1,52957,3906.25,0,0.0
871,8,1,59860,3906.25,0,0.0
872,8,1,630,3906.25,0,0.0
873,8,1,2363,3906.25,0,0.0
874,8,1,55766,3906.25,0,0.0
875,8,1,19402,3906.25,0,0.0
876,8,1,1653,3906.25,0,0.0
877,8,1,3873,3906.25,0,0.0
878,8,1,9191,3906.25,1,1.0
879,8,1,1625,3906.25,0,0.0
880,8,1,2153,3906.25,0,0.0
881,8,1,36208,3906.25,0,0.0
882,8,1,9146,3906.25,1,1.0
883,8,1,59860,3906.25,1,1.0
884,8,1,62670,3906.25,0,0.0
885,8,1,25946,3906.25,1,1.0
886,8,1,6353,3906.25,0,0.0
887,8,1,16570,3906.25,0,0.0
888,8,1,59860,3906.25,0,0.0
889,8,1,2153,3906.25,0,0.0
890,8,1,52957,3906.25,1,1.0
891,8,1,52957,3906.25,1,1.0
892,8,1,11896,3906.25,1,1.0
893,8,1,52957,3906.25,1,1.0
894,8,1,5445,3906.25,0,0.0
895,8,1,1438,3906.25,1,1.0
896,8,1,887,3906.25,0,0.0
897,8,1,36208,3906.25,0,0.0
898,8,1,25946,3906.25,1,1.0
899,8,1,25946,3906.25,1,1.0
900,8,1,11896,3906.25,0,0.0
901,8,1,11062,3906.25,1,1.0
902,8,1,22435,3906.25,0,0.0
903,8,1,36208,3906.25,0,0.0
904,8,1,59860,3906.25,0,0.0
905,8,1,36208,3906.25,0,0.0
906,8,1,4327,3906.25,0,0.0
907,8,1,5759,3906.25,1,1.0
908,8,1,52957,3906.25,0,0.0
909,8,1,10178,3906.25,0,0.0
910,8,1,8603,3906.25,0,0.0
911,8,1,2040,3906.25,0,0.0
912,8,1,83384,3906.25,0,0.0
913,8,1,8470,3906.25,0,0.0
914,8,1,25946,3906.25,0,0.0
915,8,1,36208,3906.25,1,1.0
916,8,1,18470,3906.25,0,0.0
917,8,1,52957,3906.25,0,0.0
918,8,1,730,3906.25,0,0.0
919,8,1,4114,3906.25,0,0.0
920,8,1,52957,3906.25,0,0.0
921,8,1,83384,3906.25,1,1.0
922,8,1,4328,3906.25,0,0.0
923,8,1,960,3906.25,0,0.0
924,8,1,59860,3906.25,0,0.0
925,8,1,36208,3906.25,1,1.0
926,8,1,62670,3906.25,0,0.0
927,8,1,14282,3906.25,1,1.0
928,8,1,67756,3906.25,1,1.0
929,8,1,52957,3906.25,0,0.0
930,8,1,4372,3906.25,0,0.0
931,8,1,18470,3906.25,0,0.0
932,8,1,14197,3906.25,0,0.0
933,8,1,55766,3906.25,1,1.0
934,8,1,8811,3906.25,0,0.0
935,8,1,9739,3906.25,0,0.0
936,8,1,5759,3906.25,0,0.0
937,8,1,5513,3906.25,1,1.0
938,8,1,59860,3906.25,1,1.0
939,8,1,1949,3906.25,0,0.0
940,8,1,8864,3906.25,0,0.0
941,8,1,8603,3906.25,0,0.0
942,8,1,9191,3906.25,0,0.0
943,8,1,67756,3906.25,1,1.0
944,8,1,59860,3906.25,1,1.0
945,8,1,8512,3906.25,0,0.0
946,8,1,15049,3906.25,0,0.0
947,8,1,2363,3906.25,0,0.0
948,8,1,11896,3906.25,0,0.0
949,8,1,4328,3906.25,0,0.0
950,8,1,8603,3906.25,1,1.0
951,8,1,36208,3906.25,0,0.0
952,8,1,55766,3906.25,1,1.0
953,8,1,62670,3906.25,1,1.0
954,8,1,14197,3906.25,0,0.0
955,8,1,67756,3906.25,1,1.0
956,8,1,67756,3906.25,0,0.0
957,8,1,14644,3906.25,0,0.0
958,8,1,5186,3906.25,0,0.0
959,8,1,3645,3906.25,1,1.0
960,8,1,1253,3906.25,0,0.0
961,8,1,59860,3906.25,0,0.0
962,8,1,62670,3906.25,0,0.0
963,8,1,1592,3906.25,0,0.0
964,8,1,33927,3906.25,0,0.0
965,8,1,62670,3906.25,0,0.0
966,8,1,5759,3906.25,0,0.0
967,8,1,59860,3906.25,0,0.0
968,8,1,9739,3906.25,0,0.0
969,8,1,3645,3906.25,0,0.0
970,8,1,5051,3906.25,0,0.0
971,8,1,4979,3906.25,0,0.0
972,8,1,14282,3906.25,0,0.0
973,8,1,5051,3906.25,0,0.0
974,8,1,5122,3906.25,0,0.0
975,8,1,625,3906.25,0,0.0
976,8,1,3444,3906.25,0,0.0
977,8,1,4309,3906.25,0,0.0
978,8,1,83384,3906.25,0,0.0
979,8,1,5445,3906.25,0,0.0
980,8,1,3426,3906.25,0,0.0
981,8,1,83384,3906.25,1,1.0
982,8,1,55766,3906.25,0,0.0
983,8,1,55766,3906.25,0,0.0
984,8,1,5096,3906.25,0,0.0
985,8,1,14282,3906.25,0,0.0
986,8,1,3444,3906.25,0,0.0
987,8,1,16570,3906.25,1,1.0
988,8,1,36208,3906.25,0,0.0
989,8,1,5513,3906.25,1,1.0
990,8,1,59860,3906.25,1,1.0
991,8,1,1661,3906.25,0,0.0
992,8,1,83384,3906.25,0,0.0
993,8,1,909,3906.25,0,0.0
994,8,1,2918,3906.25,0,0.0
995,8,1,33927,3906.25,0,0.0
996,8,1,59860,3906.25,0,0.0
997,8,1,4089,3906.25,0,0.0
998,8,1,9191,3906.25,0,0.0
999,8,1,55766,3906.25,1,1.0
0,8,10,2307,3906.25,0,0.0
1,8,10,5186,3906.25,3,0.3
2,8,10,10178,3906.25,1,0.1
3,8,10,516,3906.25,5,0.5
4,8,10,83384,3906.25,0,0.0
5,8,10,62670,3906.25,2,0.2
6,8,10,5513,3906.25,5,0.5
7,8,10,14644,3906.25,2,0.2
8,8,10,52957,3906.25,3,0.3
9,8,10,4327,3906.25,0,0.0
10,8,10,19402,3906.25,1,0.1
11,8,10,2139,3906.25,0,0.0
12,8,10,55766,3906.25,2,0.2
13,8,10,2363,3906.25,1,0.1
14,8,10,22435,3906.25,0,0.0
15,8,10,3026,3906.25,0,0.0
16,8,10,15049,3906.25,1,0.1
17,8,10,67756,3906.25,6,0.6
18,8,10,52957,3906.25,5,0.5
19,8,10,3873,3906.25,0,0.0
20,8,10,62670,3906.25,1,0.1
21,8,10,62670,3906.25,0,0.0
22,8,10,1653,3906.25,0,0.0
23,8,10,5886,3906.25,1,0.1
24,8,10,2363,3906.25,1,0.1
25,8,10,55766,3906.25,0,0.0
26,8,10,22435,3906.25,4,0.4
27,8,10,83384,3906.25,4,0.4
28,8,10,11896,3906.25,2,0.2
29,8,10,67756,3906.25,2,0.2
30,8,10,2307,3906.25,0,0.0
31,8,10,36208,3906.25,2,0.2
32,8,10,4372,3906.25,0,0.0
33,8,10,22435,3906.25,1,0.1
34,8,10,15092,3906.25,4,0.4
35,8,10,52957,3906.25,5,0.5
36,8,10,19832,3906.25,0,0.0
37,8,10,83384,3906.25,1,0.1
38,8,10,55766,3906.25,5,0.5
39,8,10,18470,3906.25,3,0.3
40,8,10,59860,3906.25,1,0.1
41,8,10,59860,3906.25,2,0.2
42,8,10,15049,3906.25,2,0.2
43,8,10,83384,3906.25,8,0.8
44,8,10,909,3906.25,5,0.5
45,8,10,15049,3906.25,1,0.1
46,8,10,3873,3906.25,0,0.0
47,8,10,14197,3906.25,3,0.3
48,8,10,33927,3906.25,3,0.3
49,8,10,5886,3906.25,2,0.2
50,8,10,5513,3906.25,1,0.1
51,8,10,52957,3906.25,3,0.3
52,8,10,33927,3906.25,2,0.2
53,8,10,62670,3906.25,2,0.2
54,8,10,83384,3906.25,8,0.8
55,8,10,6353,3906.25,0,0.0
56,8,10,62670,3906.25,2,0.2
57,8,10,246,3906.25,0,0.0
58,8,10,5886,3906.25,0,0.0
59,8,10,62670,3906.25,1,0.1
60,8,10,5122,3906.25,7,0.7
61,8,10,62670,3906.25,0,0.0
62,8,10,55766,3906.25,2,0.2
63,8,10,52957,3906.25,5,0.5
64,8,10,55766,3906.25,4,0.4
65,8,10,52957,3906.25,1,0.1
66,8,10,9739,3906.25,0,0.0
67,8,10,3397,3906.25,4,0.4
68,8,10,14644,3906.25,0,0.0
69,8,10,3444,3906.25,0,0.0
70,8,10,5228,3906.25,0,0.0
71,8,10,12641,3906.25,2,0.2
72,8,10,11062,3906.25,1,0.1
73,8,10,25946,3906.25,0,0.0
74,8,10,62670,3906.25,4,0.4
75,8,10,62670,3906.25,0,0.0
76,8,10,59860,3906.25,2,0.2
77,8,10,246,3906.25,0,0.0
78,8,10,12641,3906.25,0,0.0
79,8,10,16887,3906.25,0,0.0
80,8,10,14644,3906.25,0,0.0
81,8,10,8603,3906.25,1,0.1
82,8,10,83384,3906.25,4,0.4
83,8,10,9105,3906.25,0,0.0
84,8,10,67756,3906.25,7,0.7
85,8,10,14282,3906.25,4,0.4
86,8,10,36208,3906.25,1,0.1
87,8,10,36208,3906.25,4,0.4
88,8,10,1145,3906.25,1,0.1
89,8,10,36208,3906.25,5,0.5
90,8,10,67756,3906.25,3,0.3
91,8,10,15092,3906.25,0,0.0
92,8,10,8864,3906.25,0,0.0
93,8,10,83384,3906.25,0,0.0
94,8,10,83384,3906.25,5,0.5
95,8,10,4114,3906.25,0,0.0
96,8,10,11896,3906.25,0,0.0
97,8,10,5759,3906.25,2,0.2
98,8,10,8811,3906.25,2,0.2
99,8,10,2363,3906.25,2,0.2
100,8,10,12641,3906.25,3,0.3
101,8,10,2983,3906.25,0,0.0
102,8,10,11896,3906.25,0,0.0
103,8,10,11152,3906.25,2,0.2
104,8,10,14282,3906.25,1,0.1
105,8,10,4372,3906.25,2,0.2
106,8,10,55766,3906.25,4,0.4
107,8,10,55766,3906.25,5,0.5
108,8,10,447,3906.25,0,0.0
109,8,10,11152,3906.25,1,0.1
110,8,10,33927,3906.25,0,0.0
111,8,10,83384,3906.25,5,0.5
112,8,10,3426,3906.25,1,0.1
113,8,10,36208,3906.25,5,0.5
114,8,10,4979,3906.25,2,0.2
115,8,10,5886,3906.25,2,0.2
116,8,10,22435,3906.25,0,0.0
117,8,10,36208,3906.25,0,0.0
118,8,10,8864,3906.25,0,0.0
119,8,10,460,3906.25,1,0.1
120,8,10,3645,3906.25,2,0.2
121,8,10,16887,3906.25,1,0.1
122,8,10,14197,3906.25,0,0.0
123,8,10,11896,3906.25,2,0.2
124,8,10,59860,3906.25,4,0.4
125,8,10,36208,3906.25,5,0.5
126,8,10,554,3906.25,0,0.0
127,8,10,5513,3906.25,2,0.2
128,8,10,9191,3906.25,0,0.0
129,8,10,14644,3906.25,0,0.0
130,8,10,14644,3906.25,0,0.0
131,8,10,14197,3906.25,6,0.6
132,8,10,62670,3906.25,3,0.3
133,8,10,775,3906.25,1,0.1
134,8,10,730,3906.25,0,0.0
135,8,10,2025,3906.25,0,0.0
136,8,10,18470,3906.25,4,0.4
137,8,10,4372,3906.25,1,0.1
138,8,10,11062,3906.25,0,0.0
139,8,10,55766,3906.25,3,0.3
140,8,10,14282,3906.25,4,0.4
141,8,10,62670,3906.25,4,0.4
142,8,10,16887,3906.25,0,0.0
143,8,10,52957,3906.25,2,0.2
144,8,10,55766,3906.25,2,0.2
145,8,10,8864,3906.25,0,0.0
146,8,10,59860,3906.25,7,0.7
147,8,10,8211,3906.25,3,0.3
148,8,10,59860,3906.25,2,0.2
149,8,10,11896,3906.25,1,0.1
150,8,10,14282,3906.25,4,0.4
151,8,10,5445,3906.25,0,0.0
152,8,10,25946,3906.25,0,0.0
153,8,10,59860,3906.25,6,0.6
154,8,10,14282,3906.25,1,0.1
155,8,10,16887,3906.25,5,0.5
156,8,10,11062,3906.25,0,0.0
157,8,10,52957,3906.25,2,0.2
158,8,10,10178,3906.25,4,0.4
159,8,10,1438,3906.25,0,0.0
160,8,10,460,3906.25,0,0.0
161,8,10,67756,3906.25,2,0.2
162,8,10,62670,3906.25,3,0.3
163,8,10,14282,3906.25,1,0.1
164,8,10,1145,3906.25,0,0.0
165,8,10,59860,3906.25,8,0.8
166,8,10,6353,3906.25,1,0.1
167,8,10,12641,3906.25,3,0.3
168,8,10,14644,3906.25,0,0.0
169,8,10,1525,3906.25,0,0.0
170,8,10,2918,3906.25,2,0.2
171,8,10,36208,3906.25,1,0.1
172,8,10,36208,3906.25,2,0.2
173,8,10,67756,3906.25,0,0.0
174,8,10,9146,3906.25,0,0.0
175,8,10,15049,3906.25,3,0.3
176,8,10,8603,3906.25,3,0.3
177,8,10,83384,3906.25,3,0.3
178,8,10,52957,3906.25,4,0.4
179,8,10,8864,3906.25,1,0.1
180,8,10,14197,3906.25,1,0.1
181,8,10,1597,3906.25,0,0.0
182,8,10,4328,3906.25,2,0.2
183,8,10,3026,3906.25,1,0.1
184,8,10,52957,3906.25,7,0.7
185,8,10,14282,3906.25,4,0.4
186,8,10,22435,3906.25,3,0.3
187,8,10,15049,3906.25,1,0.1
188,8,10,62670,3906.25,3,0.3
189,8,10,36208,3906.25,5,0.5
190,8,10,8470,3906.25,0,0.0
191,8,10,2918,3906.25,0,0.0
192,8,10,67756,3906.25,0,0.0
193,8,10,55766,3906.25,3,0.3
194,8,10,12641,3906.25,0,0.0
195,8,10,62670,3906.25,1,0.1
196,8,10,83384,3906.25,9,0.9
197,8,10,83384,3906.25,2,0.2
198,8,10,55766,3906.25,1,0.1
199,8,10,52957,3906.25,2,0.2
200,8,10,4089,3906.25,0,0.0
201,8,10,22435,3906.25,0,0.0
202,8,10,52957,3906.25,0,0.0
203,8,10,14282,3906.25,0,0.0
204,8,10,59860,3906.25,4,0.4
205,8,10,2918,3906.25,0,0.0
206,8,10,10178,3906.25,0,0.0
207,8,10,55766,3906.25,1,0.1
208,8,10,9105,3906.25,2,0.2
209,8,10,19832,3906.25,0,0.0
210,8,10,4372,3906.25,1,0.1
211,8,10,5886,3906.25,0,0.0
212,8,10,55766,3906.25,1,0.1
213,8,10,67756,3906.25,0,0.0
214,8,10,11062,3906.25,0,0.0
215,8,10,2025,3906.25,0,0.0
216,8,10,3516,3906.25,0,0.0
217,8,10,59860,3906.25,2,0.2
218,8,10,67756,3906.25,6,0.6
219,8,10,59860,3906.25,7,0.7
220,8,10,83384,3906.25,6,0.6
221,8,10,15092,3906.25,1,0.1
222,8,10,83384,3906.25,6,0.6
223,8,10,36208,3906.25,3,0.3
224,8,10,11152,3906.25,0,0.0
225,8,10,2139,3906.25,0,0.0
226,8,10,62670,3906.25,4,0.4
227,8,10,83384,3906.25,1,0.1
228,8,10,83384,3906.25,2,0.2
229,8,10,52957,3906.25,2,0.2
230,8,10,3026,3906.25,1,0.1
231,8,10,36208,3906.25,7,0.7
232,8,10,1438,3906.25,0,0.0
233,8,10,3645,3906.25,2,0.2
234,8,10,15092,3906.25,0,0.0
235,8,10,67756,3906.25,1,0.1
236,8,10,52957,3906.25,1,0.1
237,8,10,14644,3906.25,1,0.1
238,8,10,8512,3906.25,4,0.4
239,8,10,9191,3906.25,1,0.1
240,8,10,8603,3906.25,2,0.2
241,8,10,36208,3906.25,3,0.3
242,8,10,14197,3906.25,0,0.0
243,8,10,52957,3906.25,5,0.5
244,8,10,55766,3906.25,1,0.1
245,8,10,59860,3906.25,5,0.5
246,8,10,9146,3906.25,1,0.1
247,8,10,14197,3906.25,7,0.7
248,8,10,680,3906.25,0,0.0
249,8,10,55766,3906.25,1,0.1
250,8,10,52957,3906.25,1,0.1
251,8,10,11062,3906.25,0,0.0
252,8,10,83384,3906.25,7,0.7
253,8,10,14644,3906.25,1,0.1
254,8,10,2363,3906.25,0,0.0
255,8,10,9146,3906.25,0,0.0
256,8,10,1740,3906.25,0,0.0
257,8,10,9191,3906.25,6,0.6
258,8,10,15049,3906.25,1,0.1
259,8,10,83384,3906.25,2,0.2
260,8,10,4328,3906.25,0,0.0
261,8,10,33927,3906.25,4,0.4
262,8,10,19832,3906.25,3,0.3
263,8,10,1145,3906.25,0,0.0
264,8,10,67756,3906.25,2,0.2
265,8,10,1597,3906.25,3,0.3
266,8,10,8512,3906.25,1,0.1
267,8,10,12641,3906.25,0,0.0
268,8,10,11896,3906.25,1,0.1
269,8,10,10178,3906.25,0,0.0
270,8,10,55766,3906.25,0,0.0
271,8,10,5051,3906.25,0,0.0
272,8,10,22435,3906.25,1,0.1
273,8,10,2983,3906.25,1,0.1
274,8,10,16570,3906.25,0,0.0
275,8,10,55766,3906.25,2,0.2
276,8,10,11062,3906.25,0,0.0
277,8,10,19832,3906.25,1,0.1
278,8,10,5445,3906.25,4,0.4
279,8,10,14197,3906.25,2,0.2
280,8,10,15092,3906.25,4,0.4
281,8,10,8603,3906.25,1,0.1
282,8,10,83384,3906.25,6,0.6
283,8,10,8603,3906.25,2,0.2
284,8,10,10178,3906.25,1,0.1
285,8,10,19402,3906.25,3,0.3
286,8,10,2040,3906.25,0,0.0
287,8,10,19402,3906.25,1,0.1
288,8,10,83384,3906.25,7,0.7
289,8,10,16887,3906.25,1,0.1
290,8,10,12641,3906.25,1,0.1
291,8,10,2307,3906.25,1,0.1
292,8,10,19402,3906.25,0,0.0
293,8,10,246,3906.25,1,0.1
294,8,10,8603,3906.25,2,0.2
295,8,10,4309,3906.25,1,0.1
296,8,10,15049,3906.25,0,0.0
297,8,10,1653,3906.25,0,0.0
298,8,10,36208,3906.25,0,0.0
299,8,10,4309,3906.25,7,0.7
300,8,10,19832,3906.25,3,0.3
301,8,10,16570,3906.25,2,0.2
302,8,10,6353,3906.25,1,0.1
303,8,10,5759,3906.25,2,0.2
304,8,10,5228,3906.25,0,0.0
305,8,10,62670,3906.25,7,0.7
306,8,10,3516,3906.25,1,0.1
307,8,10,3397,3906.25,0,0.0
308,8,10,18470,3906.25,1,0.1
309,8,10,55766,3906.25,5,0.5
310,8,10,19832,3906.25,3,0.3
311,8,10,775,3906.25,0,0.0
312,8,10,67756,3906.25,7,0.7
313,8,10,9191,3906.25,0,0.0
314,8,10,4327,3906.25,0,0.0
315,8,10,9191,3906.25,3,0.3
316,8,10,25946,3906.25,7,0.7
317,8,10,4309,3906.25,0,0.0
318,8,10,83384,3906.25,9,0.9
319,8,10,1525,3906.25,0,0.0
320,8,10,4327,3906.25,1,0.1
321,8,10,3397,3906.25,1,0.1
322,8,10,4114,3906.25,0,0.0
323,8,10,11152,3906.25,0,0.0
324,8,10,52957,3906.25,2,0.2
325,8,10,19832,3906.25,2,0.2
326,8,10,5445,3906.25,0,0.0
327,8,10,19832,3906.25,2,0.2
328,8,10,52957,3906.25,1,0.1
329,8,10,1653,3906.25,0,0.0
330,8,10,83384,3906.25,10,1.0
331,8,10,16570,3906.25,0,0.0
332,8,10,67756,3906.25,1,0.1
333,8,10,12641,3906.25,1,0.1
334,8,10,33927,3906.25,1,0.1
335,8,10,5445,3906.25,0,0.0
336,8,10,5759,3906.25,0,0.0
337,8,10,8470,3906.25,3,0.3
338,8,10,19832,3906.25,4,0.4
339,8,10,33927,3906.25,0,0.0
340,8,10,5051,3906.25,1,0.1
341,8,10,67756,3906.25,0,0.0
342,8,10,19402,3906.25,5,0.5
343,8,10,67756,3906.25,8,0.8
344,8,10,33927,3906.25,4,0.4
345,8,10,33927,3906.25,6,0.6
346,8,10,52957,3906.25,1,0.1
347,8,10,52957,3906.25,4,0.4
348,8,10,33927,3906.25,0,0.0
349,8,10,83384,3906.25,1,0.1
350,8,10,2235,3906.25,1,0.1
351,8,10,859,3906.25,0,0.0
352,8,10,4328,3906.25,5,0.5
353,8,10,19402,3906.25,2,0.2
354,8,10,52957,3906.25,5,0.5
355,8,10,11062,3906.25,3,0.3
356,8,10,83384,3906.25,6,0.6
357,8,10,14644,3906.25,1,0.1
358,8,10,5186,3906.25,2,0.2
359,8,10,55766,3906.25,6,0.6
360,8,10,19832,3906.25,1,0.1
361,8,10,8864,3906.25,4,0.4
362,8,10,630,3906.25,0,0.0
363,8,10,83384,3906.25,0,0.0
364,8,10,33927,3906.25,3,0.3
365,8,10,787,3906.25,0,0.0
366,8,10,67756,3906.25,2,0.2
367,8,10,25946,3906.25,0,0.0
368,8,10,4327,3906.25,0,0.0
369,8,10,859,3906.25,0,0.0
370,8,10,909,3906.25,2,0.2
371,8,10,2139,3906.25,0,0.0
372,8,10,9105,3906.25,0,0.0
373,8,10,4372,3906.25,1,0.1
374,8,10,9191,3906.25,3,0.3
375,8,10,5513,3906.25,0,0.0
376,8,10,62670,3906.25,1,0.1
377,8,10,8864,3906.25,5,0.5
378,8,10,8811,3906.25,1,0.1
379,8,10,8603,3906.25,0,0.0
380,8,10,14644,3906.25,0,0.0
381,8,10,3426,3906.25,0,0.0
382,8,10,15049,3906.25,3,0.3
383,8,10,59860,3906.25,2,0.2
384,8,10,11896,3906.25,1,0.1
385,8,10,14197,3906.25,1,0.1
386,8,10,55766,3906.25,0,0.0
387,8,10,2153,3906.25,0,0.0
388,8,10,651,3906.25,0,0.0
389,8,10,55766,3906.25,1,0.1
390,8,10,83384,3906.25,0,0.0
391,8,10,55766,3906.25,6,0.6
392,8,10,3645,3906.25,2,0.2
393,8,10,52957,3906.25,0,0.0
394,8,10,8603,3906.25,4,0.4
395,8,10,67756,3906.25,3,0.3
396,8,10,1653,3906.25,0,0.0
397,8,10,33927,3906.25,1,0.1
398,8,10,62670,3906.25,6,0.6
399,8,10,1597,3906.25,3,0.3
400,8,10,1008,3906.25,0,0.0
401,8,10,52957,3906.25,0,0.0
402,8,10,55766,3906.25,1,0.1
403,8,10,22435,3906.25,1,0.1
404,8,10,14644,3906.25,0,0.0
405,8,10,52957,3906.25,4,0.4
406,8,10,15092,3906.25,6,0.6
407,8,10,36208,3906.25,3,0.3
408,8,10,83384,3906.25,0,0.0
409,8,10,67756,3906.25,6,0.6
410,8,10,12641,3906.25,0,0.0
411,8,10,166,3906.25,0,0.0
412,8,10,730,3906.25,0,0.0
413,8,10,8512,3906.25,2,0.2
414,8,10,11062,3906.25,1,0.1
415,8,10,52957,3906.25,5,0.5
416,8,10,36208,3906.25,3,0.3
417,8,10,19832,3906.25,3,0.3
418,8,10,2179,3906.25,0,0.0
419,8,10,67756,3906.25,4,0.4
420,8,10,2363,3906.25,0,0.0
421,8,10,3397,3906.25,1,0.1
422,8,10,14197,3906.25,1,0.1
423,8,10,25946,3906.25,4,0.4
424,8,10,14644,3906.25,1,0.1
425,8,10,3516,3906.25,1,0.1
426,8,10,11062,3906.25,1,0.1
427,8,10,10178,3906.25,0,0.0
428,8,10,9739,3906.25,3,0.3
429,8,10,16887,3906.25,3,0.3
430,8,10,36208,3906.25,2,0.2
431,8,10,11062,3906.25,4,0.4
432,8,10,22435,3906.25,4,0.4
433,8,10,1096,3906.25,0,0.0
434,8,10,55766,3906.25,5,0.5
435,8,10,25946,3906.25,4,0.4
436,8,10,960,3906.25,0,0.0
437,8,10,6353,3906.25,0,0.0
438,8,10,18470,3906.25,0,0.0
439,8,10,83384,3906.25,6,0.6
440,8,10,36208,3906.25,2,0.2
441,8,10,55766,3906.25,2,0.2
442,8,10,5122,3906.25,1,0.1
443,8,10,6353,3906.25,1,0.1
444,8,10,19402,3906.25,4,0.4
445,8,10,83384,3906.25,1,0.1
446,8,10,83384,3906.25,0,0.0
447,8,10,52957,3906.25,6,0.6
448,8,10,19832,3906.25,1,0.1
449,8,10,5122,3906.25,1,0.1
450,8,10,12641,3906.25,1,0.1
451,8,10,19832,3906.25,3,0.3
452,8,10,9191,3906.25,0,0.0
453,8,10,5759,3906.25,1,0.1
454,8,10,18470,3906.25,2,0.2
455,8,10,2235,3906.25,0,0.0
456,8,10,8864,3906.25,3,0.3
457,8,10,36208,3906.25,9,0.9
458,8,10,4327,3906.25,0,0.0
459,8,10,59860,3906.25,2,0.2
460,8,10,11896,3906.25,3,0.3
461,8,10,2918,3906.25,0,0.0
462,8,10,8811,3906.25,2,0.2
463,8,10,15049,3906.25,5,0.5
464,8,10,36208,3906.25,4,0.4
465,8,10,18470,3906.25,1,0.1
466,8,10,55766,3906.25,3,0.3
467,8,10,1253,3906.25,0,0.0
468,8,10,9146,3906.25,0,0.0
469,8,10,15092,3906.25,0,0.0
470,8,10,2307,3906.25,1,0.1
471,8,10,62670,3906.25,3,0.3
472,8,10,5759,3906.25,0,0.0
473,8,10,2918,3906.25,1,0.1
474,8,10,62670,3906.25,2,0.2
475,8,10,12641,3906.25,5,0.5
476,8,10,5513,3906.25,0,0.0
477,8,10,5186,3906.25,2,0.2
478,8,10,3397,3906.25,4,0.4
479,8,10,33927,3906.25,3,0.3
480,8,10,62670,3906.25,2,0.2
481,8,10,1661,3906.25,0,0.0
482,8,10,2983,3906.25,0,0.0
483,8,10,234,3906.25,0,0.0
484,8,10,775,3906.25,0,0.0
485,8,10,6353,3906.25,0,0.0
486,8,10,8211,3906.25,1,0.1
487,8,10,83384,3906.25,9,0.9
488,8,10,22435,3906.25,2,0.2
489,8,10,36208,3906.25,5,0.5
490,8,10,5228,3906.25,0,0.0
491,8,10,59860,3906.25,2,0.2
492,8,10,1096,3906.25,2,0.2
493,8,10,19402,3906.25,1,0.1
494,8,10,6353,3906.25,0,0.0
495,8,10,3516,3906.25,2,0.2
496,8,10,83384,3906.25,4,0.4
497,8,10,4328,3906.25,0,0.0
498,8,10,67756,3906.25,7,0.7
499,8,10,36208,3906.25,5,0.5
500,8,10,4114,3906.25,1,0.1
501,8,10,1359,3906.25,0,0.0
502,8,10,33927,3906.25,7,0.7
503,8,10,83384,3906.25,7,0.7
504,8,10,5051,3906.25,3,0.3
505,8,10,680,3906.25,0,0.0
506,8,10,2153,3906.25,0,0.0
507,8,10,25946,3906.25,0,0.0
508,8,10,33927,3906.25,0,0.0
509,8,10,5228,3906.25,0,0.0
510,8,10,52957,3906.25,10,1.0
511,8,10,4309,3906.25,1,0.1
512,8,10,4309,3906.25,0,0.0
513,8,10,25946,3906.25,3,0.3
514,8,10,2025,3906.25,1,0.1
515,8,10,5122,3906.25,0,0.0
516,8,10,125,3906.25,0,0.0
517,8,10,59860,3906.25,10,1.0
518,8,10,18470,3906.25,3,0.3
519,8,10,1144,3906.25,5,0.5
520,8,10,55766,3906.25,2,0.2
521,8,10,55766,3906.25,9,0.9
522,8,10,1096,3906.25,0,0.0
523,8,10,62670,3906.25,2,0.2
524,8,10,19832,3906.25,2,0.2
525,8,10,59860,3906.25,5,0.5
526,8,10,3026,3906.25,0,0.0
527,8,10,442,3906.25,0,0.0
528,8,10,11062,3906.25,0,0.0
529,8,10,5314,3906.25,2,0.2
530,8,10,3026,3906.25,1,0.1
531,8,10,14197,3906.25,1,0.1
532,8,10,62670,3906.25,7,0.7
533,8,10,1661,3906.25,0,0.0
534,8,10,4544,3906.25,0,0.0
535,8,10,33927,3906.25,9,0.9
536,8,10,5228,3906.25,1,0.1
537,8,10,62670,3906.25,4,0.4
538,8,10,62670,3906.25,7,0.7
539,8,10,4979,3906.25,1,0.1
540,8,10,4089,3906.25,1,0.1
541,8,10,5513,3906.25,1,0.1
542,8,10,15049,3906.25,0,0.0
543,8,10,5228,3906.25,0,0.0
544,8,10,36208,3906.25,0,0.0
545,8,10,33927,3906.25,4,0.4
546,8,10,33927,3906.25,1,0.1
547,8,10,11896,3906.25,1,0.1
548,8,10,892,3906.25,0,0.0
549,8,10,1359,3906.25,1,0.1
550,8,10,83384,3906.25,5,0.5
551,8,10,52957,3906.25,3,0.3
552,8,10,1592,3906.25,0,0.0
553,8,10,8811,3906.25,3,0.3
554,8,10,3645,3906.25,0,0.0
555,8,10,5122,3906.25,4,0.4
556,8,10,52957,3906.25,4,0.4
557,8,10,62670,3906.25,6,0.6
558,8,10,55766,3906.25,2,0.2
559,8,10,22435,3906.25,0,0.0
560,8,10,16887,3906.25,0,0.0
561,8,10,9739,3906.25,2,0.2
562,8,10,14282,3906.25,0,0.0
563,8,10,4328,3906.25,0,0.0
564,8,10,917,3906.25,1,0.1
565,8,10,2307,3906.25,0,0.0
566,8,10,960,3906.25,0,0.0
567,8,10,5759,3906.25,2,0.2
568,8,10,36208,3906.25,1,0.1
569,8,10,55766,3906.25,2,0.2
570,8,10,67756,3906.25,2,0.2
571,8,10,15092,3906.25,0,0.0
572,8,10,11152,3906.25,0,0.0
573,8,10,4328,3906.25,1,0.1
574,8,10,62670,3906.25,0,0.0
575,8,10,5445,3906.25,2,0.2
576,8,10,14644,3906.25,3,0.3
577,8,10,19832,3906.25,5,0.5
578,8,10,67756,3906.25,4,0.4
579,8,10,8811,3906.25,1,0.1
580,8,10,11062,3906.25,1,0.1
581,8,10,234,3906.25,0,0.0
582,8,10,55766,3906.25,0,0.0
583,8,10,67756,3906.25,2,0.2
584,8,10,5445,3906.25,1,0.1
585,8,10,14197,3906.25,5,0.5
586,8,10,22435,3906.25,4,0.4
587,8,10,55766,3906.25,8,0.8
588,8,10,9739,3906.25,0,0.0
589,8,10,33927,3906.25,5,0.5
590,8,10,14197,3906.25,3,0.3
591,8,10,83384,3906.25,7,0.7
592,8,10,11062,3906.25,1,0.1
593,8,10,59860,3906.25,5,0.5
594,8,10,83384,3906.25,3,0.3
595,8,10,22435,3906.25,4,0.4
596,8,10,55766,3906.25,1,0.1
597,8,10,9739,3906.25,0,0.0
598,8,10,14644,3906.25,0,0.0
599,8,10,22435,3906.25,2,0.2
600,8,10,3516,3906.25,0,0.0
601,8,10,14282,3906.25,1,0.1
602,8,10,9105,3906.25,0,0.0
603,8,10,62670,3906.25,1,0.1
604,8,10,15049,3906.25,1,0.1
605,8,10,19832,3906.25,0,0.0
606,8,10,16570,3906.25,0,0.0
607,8,10,2363,3906.25,0,0.0
608,8,10,11896,3906.25,0,0.0
609,8,10,1740,3906.25,0,0.0
610,8,10,2139,3906.25,0,0.0
611,8,10,55766,3906.25,8,0.8
612,8,10,8470,3906.25,3,0.3
613,8,10,19832,3906.25,0,0.0
614,8,10,55766,3906.25,5,0.5
615,8,10,33927,3906.25,0,0.0
616,8,10,59860,3906.25,5,0.5
617,8,10,2363,3906.25,1,0.1
618,8,10,1525,3906.25,1,0.1
619,8,10,16570,3906.25,1,0.1
620,8,10,14282,3906.25,0,0.0
621,8,10,83384,3906.25,1,0.1
622,8,10,9191,3906.25,0,0.0
623,8,10,83384,3906.25,1,0.1
624,8,10,12641,3906.25,0,0.0
625,8,10,14197,3906.25,0,0.0
626,8,10,8603,3906.25,3,0.3
627,8,10,62670,3906.25,2,0.2
628,8,10,59860,3906.25,0,0.0
629,8,10,52957,3906.25,0,0.0
630,8,10,25946,3906.25,1,0.1
631,8,10,3516,3906.25,0,0.0
632,8,10,52957,3906.25,3,0.3
633,8,10,16887,3906.25,5,0.5
634,8,10,2983,3906.25,1,0.1
635,8,10,1661,3906.25,1,0.1
636,8,10,11062,3906.25,2,0.2
637,8,10,52957,3906.25,9,0.9
638,8,10,9146,3906.25,1,0.1
639,8,10,9191,3906.25,1,0.1
640,8,10,67756,3906.25,8,0.8
641,8,10,19402,3906.25,0,0.0
642,8,10,14644,3906.25,1,0.1
643,8,10,83384,3906.25,1,0.1
644,8,10,59860,3906.25,1,0.1
645,8,10,25946,3906.25,1,0.1
646,8,10,14282,3906.25,4,0.4
647,8,10,55766,3906.25,3,0.3
648,8,10,52957,3906.25,3,0.3
649,8,10,11152,3906.25,0,0.0
650,8,10,10178,3906.25,1,0.1
651,8,10,59860,3906.25,7,0.7
652,8,10,67756,3906.25,5,0.5
653,8,10,4327,3906.25,0,0.0
654,8,10,52957,3906.25,3,0.3
655,8,10,14644,3906.25,0,0.0
656,8,10,15049,3906.25,4,0.4
657,8,10,3645,3906.25,2,0.2
658,8,10,2153,3906.25,0,0.0
659,8,10,55766,3906.25,1,0.1
660,8,10,4544,3906.25,0,0.0
661,8,10,55766,3906.25,5,0.5
662,8,10,19402,3906.25,0,0.0
663,8,10,1438,3906.25,6,0.6
664,8,10,83384,3906.25,2,0.2
665,8,10,62670,3906.25,8,0.8
666,8,10,8811,3906.25,2,0.2
667,8,10,83384,3906.25,2,0.2
668,8,10,83384,3906.25,6,0.6
669,8,10,9191,3906.25,0,0.0
670,8,10,5096,3906.25,4,0.4
671,8,10,52957,3906.25,2,0.2
672,8,10,16887,3906.25,0,0.0
673,8,10,52957,3906.25,4,0.4
674,8,10,25946,3906.25,2,0.2
675,8,10,55766,3906.25,2,0.2
676,8,10,67756,3906.25,0,0.0
677,8,10,33927,3906.25,5,0.5
678,8,10,3516,3906.25,1,0.1
679,8,10,14282,3906.25,1,0.1
680,8,10,55766,3906.25,1,0.1
681,8,10,33927,3906.25,0,0.0
682,8,10,11152,3906.25,0,0.0
683,8,10,83384,3906.25,9,0.9
684,8,10,83384,3906.25,6,0.6
685,8,10,62670,3906.25,5,0.5
686,8,10,67756,3906.25,1,0.1
687,8,10,33927,3906.25,1,0.1
688,8,10,2918,3906.25,0,0.0
689,8,10,14197,3906.25,7,0.7
690,8,10,15092,3906.25,1,0.1
691,8,10,8512,3906.25,1,0.1
692,8,10,83384,3906.25,6,0.6
693,8,10,83384,3906.25,3,0.3
694,8,10,2918,3906.25,1,0.1
695,8,10,1576,3906.25,2,0.2
696,8,10,83384,3906.25,1,0.1
697,8,10,52957,3906.25,2,0.2
698,8,10,11062,3906.25,4,0.4
699,8,10,8864,3906.25,0,0.0
700,8,10,9739,3906.25,0,0.0
701,8,10,9191,3906.25,0,0.0
702,8,10,83384,3906.25,7,0.7
703,8,10,11152,3906.25,3,0.3
704,8,10,19402,3906.25,0,0.0
705,8,10,83384,3906.25,1,0.1
706,8,10,859,3906.25,0,0.0
707,8,10,19402,3906.25,6,0.6
708,8,10,83384,3906.25,7,0.7
709,8,10,3444,3906.25,1,0.1
710,8,10,16887,3906.25,2,0.2
711,8,10,1949,3906.25,0,0.0
712,8,10,36208,3906.25,1,0.1
713,8,10,83384,3906.25,0,0.0
714,8,10,5096,3906.25,0,0.0
715,8,10,36208,3906.25,1,0.1
716,8,10,6353,3906.25,2,0.2
717,8,10,33927,3906.25,4,0.4
718,8,10,22435,3906.25,1,0.1
719,8,10,3645,3906.25,3,0.3
720,8,10,3397,3906.25,7,0.7
721,8,10,166,3906.25,0,0.0
722,8,10,6353,3906.25,0,0.0
723,8,10,67756,3906.25,6,0.6
724,8,10,1563,3906.25,0,0.0
725,8,10,2040,3906.25,0,0.0
726,8,10,59860,3906.25,5,0.5
727,8,10,55766,3906.25,4,0.4
728,8,10,9191,3906.25,1,0.1
729,8,10,25946,3906.25,1,0.1
730,8,10,62670,3906.25,2,0.2
731,8,10,36208,3906.25,2,0.2
732,8,10,4979,3906.25,1,0.1
733,8,10,59860,3906.25,3,0.3
734,8,10,18470,3906.25,0,0.0
735,8,10,4544,3906.25,0,0.0
736,8,10,25946,3906.25,0,0.0
737,8,10,9739,3906.25,0,0.0
738,8,10,5314,3906.25,1,0.1
739,8,10,5186,3906.25,1,0.1
740,8,10,83384,3906.25,1,0.1
741,8,10,8864,3906.25,1,0.1
742,8,10,83384,3906.25,8,0.8
743,8,10,55766,3906.25,0,0.0
744,8,10,52957,3906.25,4,0.4
745,8,10,9739,3906.25,0,0.0
746,8,10,36208,3906.25,8,0.8
747,8,10,16887,3906.25,0,0.0
748,8,10,25946,3906.25,0,0.0
749,8,10,324,3906.25,0,0.0
750,8,10,4979,3906.25,0,0.0
751,8,10,11062,3906.25,1,0.1
752,8,10,19402,3906.25,1,0.1
753,8,10,14197,3906.25,5,0.5
754,8,10,19402,3906.25,0,0.0
755,8,10,11896,3906.25,3,0.3
756,8,10,55766,3906.25,2,0.2
757,8,10,5759,3906.25,0,0.0
758,8,10,3873,3906.25,3,0.3
759,8,10,67756,3906.25,3,0.3
760,8,10,8603,3906.25,0,0.0
761,8,10,4327,3906.25,0,0.0
762,8,10,62670,3906.25,5,0.5
763,8,10,12641,3906.25,1,0.1
764,8,10,16887,3906.25,2,0.2
765,8,10,62670,3906.25,0,0.0
766,8,10,3426,3906.25,1,0.1
767,8,10,15092,3906.25,5,0.5
768,8,10,3645,3906.25,3,0.3
769,8,10,52957,3906.25,0,0.0
770,8,10,67756,3906.25,1,0.1
771,8,10,9739,3906.25,0,0.0
772,8,10,36208,3906.25,3,0.3
773,8,10,59860,3906.25,0,0.0
774,8,10,22435,3906.25,1,0.1
775,8,10,3426,3906.25,1,0.1
776,8,10,234,3906.25,1,0.1
777,8,10,6353,3906.25,0,0.0
778,8,10,18470,3906.25,8,0.8
779,8,10,36208,3906.25,1,0.1
780,8,10,16570,3906.25,2,0.2
781,8,10,25946,3906.25,2,0.2
782,8,10,3397,3906.25,5,0.5
783,8,10,2139,3906.25,0,0.0
784,8,10,10178,3906.25,0,0.0
785,8,10,52957,3906.25,4,0.4
786,8,10,11062,3906.25,1,0.1
787,8,10,5445,3906.25,0,0.0
788,8,10,67756,3906.25,6,0.6
789,8,10,62670,3906.25,5,0.5
790,8,10,59860,3906.25,6,0.6
791,8,10,18470,3906.25,2,0.2
792,8,10,36208,3906.25,5,0.5
793,8,10,52957,3906.25,3,0.3
794,8,10,4327,3906.25,2,0.2
795,8,10,3645,3906.25,2,0.2
796,8,10,33927,3906.25,3,0.3
797,8,10,4544,3906.25,1,0.1
798,8,10,14197,3906.25,0,0.0
799,8,10,2153,3906.25,0,0.0
800,8,10,406,3906.25,0,0.0
801,8,10,52957,3906.25,2,0.2
802,8,10,16887,3906.25,0,0.0
803,8,10,9105,3906.25,4,0.4
804,8,10,55766,3906.25,1,0.1
805,8,10,11152,3906.25,0,0.0
806,8,10,59860,3906.25,5,0.5
807,8,10,4544,3906.25,0,0.0
808,8,10,11152,3906.25,2,0.2
809,8,10,14197,3906.25,4,0.4
810,8,10,59860,3906.25,10,1.0
811,8,10,11062,3906.25,5,0.5
812,8,10,36208,3906.25,4,0.4
813,8,10,67756,3906.25,5,0.5
814,8,10,12641,3906.25,4,0.4
815,8,10,19402,3906.25,0,0.0
816,8,10,4372,3906.25,0,0.0
817,8,10,33927,3906.25,1,0.1
818,8,10,8512,3906.25,0,0.0
819,8,10,22435,3906.25,3,0.3
820,8,10,5445,3906.25,0,0.0
821,8,10,67756,3906.25,3,0.3
822,8,10,83384,3906.25,5,0.5
823,8,10,2983,3906.25,0,0.0
824,8,10,14197,3906.25,3,0.3
825,8,10,33927,3906.25,1,0.1
826,8,10,14282,3906.25,0,0.0
827,8,10,52957,3906.25,2,0.2
828,8,10,36208,3906.25,3,0.3
829,8,10,2025,3906.25,0,0.0
830,8,10,67756,3906.25,2,0.2
831,8,10,5122,3906.25,0,0.0
832,8,10,406,3906.25,0,0.0
833,8,10,67756,3906.25,1,0.1
834,8,10,36208,3906.25,7,0.7
835,8,10,12641,3906.25,0,0.0
836,8,10,2153,3906.25,0,0.0
837,8,10,83384,3906.25,1,0.1
838,8,10,83384,3906.25,4,0.4
839,8,10,52957,3906.25,4,0.4
840,8,10,83384,3906.25,3,0.3
841,8,10,2363,3906.25,0,0.0
842,8,10,5886,3906.25,0,0.0
843,8,10,52957,3906.25,3,0.3
844,8,10,55766,3906.25,10,1.0
845,8,10,36208,3906.25,5,0.5
846,8,10,11062,3906.25,4,0.4
847,8,10,83384,3906.25,5,0.5
848,8,10,55766,3906.25,1,0.1
849,8,10,2153,3906.25,0,0.0
850,8,10,4328,3906.25,0,0.0
851,8,10,36208,3906.25,9,0.9
852,8,10,9191,3906.25,1,0.1
853,8,10,14282,3906.25,1,0.1
854,8,10,55766,3906.25,5,0.5
855,8,10,3516,3906.25,0,0.0
856,8,10,14197,3906.25,2,0.2
857,8,10,52957,3906.25,1,0.1
858,8,10,62670,3906.25,0,0.0
859,8,10,9146,3906.25,1,0.1
860,8,10,3645,3906.25,2,0.2
861,8,10,4979,3906.25,1,0.1
862,8,10,67756,3906.25,0,0.0
863,8,10,460,3906.25,0,0.0
864,8,10,5186,3906.25,1,0.1
865,8,10,67756,3906.25,4,0.4
866,8,10,12641,3906.25,0,0.0
867,8,10,4328,3906.25,1,0.1
868,8,10,62670,3906.25,5,0.5
869,8,10,55766,3906.25,6,0.6
870,8,10,52957,3906.25,3,0.3
871,8,10,59860,3906.25,2,0.2
872,8,10,630,3906.25,1,0.1
873,8,10,2363,3906.25,0,0.0
874,8,10,55766,3906.25,6,0.6
875,8,10,19402,3906.25,4,0.4
876,8,10,1653,3906.25,1,0.1
877,8,10,3873,3906.25,0,0.0
878,8,10,9191,3906.25,4,0.4
879,8,10,1625,3906.25,0,0.0
880,8,10,2153,3906.25,0,0.0
881,8,10,36208,3906.25,1,0.1
882,8,10,9146,3906.25,5,0.5
883,8,10,59860,3906.25,4,0.4
884,8,10,62670,3906.25,0,0.0
885,8,10,25946,3906.25,1,0.1
886,8,10,6353,3906.25,1,0.1
887,8,10,16570,3906.25,1,0.1
888,8,10,59860,3906.25,5,0.5
889,8,10,2153,3906.25,0,0.0
890,8,10,52957,3906.25,5,0.5
891,8,10,52957,3906.25,2,0.2
892,8,10,11896,3906.25,4,0.4
893,8,10,52957,3906.25,4,0.4
894,8,10,5445,3906.25,0,0.0
895,8,10,1438,3906.25,1,0.1
896,8,10,887,3906.25,0,0.0
897,8,10,36208,3906.25,1,0.1
898,8,10,25946,3906.25,1,0.1
899,8,10,25946,3906.25,1,0.1
900,8,10,11896,3906.25,0,0.0
901,8,10,11062,3906.25,1,0.1
902,8,10,22435,3906.25,0,0.0
903,8,10,36208,3906.25,0,0.0
904,8,10,59860,3906.25,0,0.0
905,8,10,36208,3906.25,3,0.3
906,8,10,4327,3906.25,0,0.0
907,8,10,5759,3906.25,3,0.3
908,8,10,52957,3906.25,4,0.4
909,8,10,10178,3906.25,0,0.0
910,8,10,8603,3906.25,0,0.0
911,8,10,2040,3906.25,1,0.1
912,8,10,83384,3906.25,2,0.2
913,8,10,8470,3906.25,0,0.0
914,8,10,25946,3906.25,0,0.0
915,8,10,36208,3906.25,8,0.8
916,8,10,18470,3906.25,3,0.3
917,8,10,52957,3906.25,5,0.5
918,8,10,730,3906.25,0,0.0
919,8,10,4114,3906.25,0,0.0
920,8,10,52957,3906.25,0,0.0
921,8,10,83384,3906.25,6,0.6
922,8,10,4328,3906.25,1,0.1
923,8,10,960,3906.25,0,0.0
924,8,10,59860,3906.25,3,0.3
925,8,10,36208,3906.25,1,0.1
926,8,10,62670,3906.25,1,0.1
927,8,10,14282,3906.25,2,0.2
928,8,10,67756,3906.25,9,0.9
929,8,10,52957,3906.25,2,0.2
930,8,10,4372,3906.25,1,0.1
931,8,10,18470,3906.25,0,0.0
932,8,10,14197,3906.25,0,0.0
933,8,10,55766,3906.25,3,0.3
934,8,10,8811,3906.25,1,0.1
935,8,10,9739,3906.25,1,0.1
936,8,10,5759,3906.25,1,0.1
937,8,10,5513,3906.25,2,0.2
938,8,10,59860,3906.25,4,0.4
939,8,10,1949,3906.25,1,0.1
940,8,10,8864,3906.25,0,0.0
941,8,10,8603,3906.25,0,0.0
942,8,10,9191,3906.25,0,0.0
943,8,10,67756,3906.25,3,0.3
944,8,10,59860,3906.25,3,0.3
945,8,10,8512,3906.25,1,0.1
946,8,10,15049,3906.25,0,0.0
947,8,10,2363,3906.25,0,0.0
948,8,10,11896,3906.25,0,0.0
949,8,10,4328,3906.25,2,0.2
950,8,10,8603,3906.25,5,0.5
951,8,10,36208,3906.25,0,0.0
952,8,10,55766,3906.25,2,0.2
953,8,10,62670,3906.25,3,0.3
954,8,10,14197,3906.25,2,0.2
955,8,10,67756,3906.25,9,0.9
956,8,10,67756,3906.25,3,0.3
957,8,10,14644,3906.25,1,0.1
958,8,10,5186,3906.25,0,0.0
959,8,10,3645,3906.25,1,0.1
960,8,10,1253,3906.25,0,0.0
961,8,10,59860,3906.25,2,0.2
962,8,10,62670,3906.25,2,0.2
963,8,10,1592,3906.25,0,0.0
964,8,10,33927,3906.25,0,0.0
965,8,10,62670,3906.25,0,0.0
966,8,10,5759,3906.25,1,0.1
967,8,10,59860,3906.25,2,0.2
968,8,10,9739,3906.25,0,0.0
969,8,10,3645,3906.25,0,0.0
970,8,10,5051,3906.25,2,0.2
971,8,10,4979,3906.25,1,0.1
972,8,10,14282,3906.25,2,0.2
973,8,10,5051,3906.25,2,0.2
974,8,10,5122,3906.25,1,0.1
975,8,10,625,3906.25,0,0.0
976,8,10,3444,3906.25,0,0.0
977,8,10,4309,3906.25,1,0.1
978,8,10,83384,3906.25,1,0.1
979,8,10,5445,3906.25,2,0.2
980,8,10,3426,3906.25,0,0.0
981,8,10,83384,3906.25,3,0.3
982,8,10,55766,3906.25,0,0.0
983,8,10,55766,3906.25,1,0.1
984,8,10,5096,3906.25,0,0.0
985,8,10,14282,3906.25,3,0.3
986,8,10,3444,3906.25,0,0.0
987,8,10,16570,3906.25,1,0.1
988,8,10,36208,3906.25,3,0.3
989,8,10,5513,3906.25,5,0.5
990,8,10,59860,3906.25,4,0.4
991,8,10,1661,3906.25,5,0.5
992,8,10,83384,3906.25,2,0.2
993,8,10,909,3906.25,6,0.6
994,8,10,2918,3906.25,0,0.0
995,8,10,33927,3906.25,0,0.0
996,8,10,59860,3906.25,2,0.2
997,8,10,4089,3906.25,0,0.0
998,8,10,9191,3906.25,1,0.1
999,8,10,55766,3906.25,4,0.4
0,8,100,2307,3906.25,0,0.0
1,8,100,5186,3906.25,19,0.19
2,8,100,10178,3906.25,7,0.07
3,8,100,516,3906.25,9,0.09
4,8,100,83384,3906.25,17,0.17
5,8,100,62670,3906.25,21,0.21
6,8,100,5513,3906.25,30,0.3
7,8,100,14644,3906.25,11,0.11
8,8,100,52957,3906.25,15,0.15
9,8,100,4327,3906.25,4,0.04
10,8,100,19402,3906.25,5,0.05
11,8,100,2139,3906.25,0,0.0
12,8,100,55766,3906.25,23,0.23
13,8,100,2363,3906.25,2,0.02
14,8,100,22435,3906.25,2,0.02
15,8,100,3026,3906.25,2,0.02
16,8,100,15049,3906.25,1,0.01
17,8,100,67756,3906.25,30,0.3
18,8,100,52957,3906.25,26,0.26
19,8,100,3873,3906.25,5,0.05
20,8,100,62670,3906.25,19,0.19
21,8,100,62670,3906.25,7,0.07
22,8,100,1653,3906.25,2,0.02
23,8,100,5886,3906.25,4,0.04
24,8,100,2363,3906.25,5,0.05
25,8,100,55766,3906.25,25,0.25
26,8,100,22435,3906.25,19,0.19
27,8,100,83384,3906.25,25,0.25
28,8,100,11896,3906.25,14,0.14
29,8,100,67756,3906.25,30,0.3
30,8,100,2307,3906.25,1,0.01
31,8,100,36208,3906.25,15,0.15
32,8,100,4372,3906.25,7,0.07
33,8,100,22435,3906.25,7,0.07
34,8,100,15092,3906.25,23,0.23
35,8,100,52957,3906.25,50,0.5
36,8,100,19832,3906.25,2,0.02
37,8,100,83384,3906.25,33,0.33
38,8,100,55766,3906.25,33,0.33
39,8,100,18470,3906.25,10,0.1
40,8,100,59860,3906.25,18,0.18
41,8,100,59860,3906.25,13,0.13
42,8,100,15049,3906.25,9,0.09
43,8,100,83384,3906.25,70,0.7
44,8,100,909,3906.25,35,0.35
45,8,100,15049,3906.25,2,0.02
46,8,100,3873,3906.25,3,0.03
47,8,100,14197,3906.25,10,0.1
48,8,100,33927,3906.25,20,0.2
49,8,100,5886,3906.25,6,0.06
50,8,100,5513,3906.25,7,0.07
51,8,100,52957,3906.25,41,0.41
52,8,100,33927,3906.25,13,0.13
53,8,100,62670,3906.25,19,0.19
54,8,100,83384,3906.25,52,0.52
55,8,100,6353,3906.25,3,0.03
56,8,100,62670,3906.25,25,0.25
57,8,100,246,3906.25,0,0.0
58,8,100,5886,3906.25,0,0.0
59,8,100,62670,3906.25,16,0.16
60,8,100,5122,3906.25,32,0.32
61,8,100,62670,3906.25,11,0.11
62,8,100,55766,3906.25,15,0.15
63,8,100,52957,3906.25,28,0.28
64,8,100,55766,3906.25,35,0.35
65,8,100,52957,3906.25,24,0.24
66,8,100,9739,3906.25,2,0.02
67,8,100,3397,3906.25,11,0.11
68,8,100,14644,3906.25,2,0.02
69,8,100,3444,3906.25,3,0.03
70,8,100,5228,3906.25,0,0.0
71,8,100,12641,3906.25,10,0.1
72,8,100,11062,3906.25,5,0.05
73,8,100,25946,3906.25,21,0.21
74,8,100,62670,3906.25,24,0.24
75,8,100,62670,3906.25,1,0.01
76,8,100,59860,3906.25,41,0.41
77,8,100,246,3906.25,0,0.0
78,8,100,12641,3906.25,4,0.04
79,8,100,16887,3906.25,5,0.05
80,8,100,14644,3906.25,2,0.02
81,8,100,8603,3906.25,13,0.13
82,8,100,83384,3906.25,34,0.34
83,8,100,9105,3906.25,5,0.05
84,8,100,67756,3906.25,62,0.62
85,8,100,14282,3906.25,16,0.16
86,8,100,36208,3906.25,11,0.11
87,8,100,36208,3906.25,21,0.21
88,8,100,1145,3906.25,6,0.06
89,8,100,36208,3906.25,20,0.2
90,8,100,67756,3906.25,25,0.25
91,8,100,15092,3906.25,3,0.03
92,8,100,8864,3906.25,2,0.02
93,8,100,83384,3906.25,25,0.25
94,8,100,83384,3906.25,23,0.23
95,8,100,4114,3906.25,2,0.02
96,8,100,11896,3906.25,0,0.0
97,8,100,5759,3906.25,11,0.11
98,8,100,8811,3906.25,11,0.11
99,8,100,2363,3906.25,7,0.07
100,8,100,12641,3906.25,5,0.05
101,8,100,2983,3906.25,2,0.02
102,8,100,11896,3906.25,17,0.17
103,8,100,11152,3906.25,4,0.04
104,8,100,14282,3906.25,10,0.1
105,8,100,4372,3906.25,22,0.22
106,8,100,55766,3906.25,38,0.38
107,8,100,55766,3906.25,21,0.21
108,8,100,447,3906.25,4,0.04
109,8,100,11152,3906.25,15,0.15
110,8,100,33927,3906.25,1,0.01
111,8,100,83384,3906.25,28,0.28
112,8,100,3426,3906.25,3,0.03
113,8,100,36208,3906.25,38,0.38
114,8,100,4979,3906.25,7,0.07
115,8,100,5886,3906.25,18,0.18
116,8,100,22435,3906.25,6,0.06
117,8,100,36208,3906.25,7,0.07
118,8,100,8864,3906.25,3,0.03
119,8,100,460,3906.25,7,0.07
120,8,100,3645,3906.25,12,0.12
121,8,100,16887,3906.25,9,0.09
122,8,100,14197,3906.25,8,0.08
123,8,100,11896,3906.25,11,0.11
124,8,100,59860,3906.25,19,0.19
125,8,100,36208,3906.25,40,0.4
126,8,100,554,3906.25,2,0.02
127,8,100,5513,3906.25,10,0.1
128,8,100,9191,3906.25,1,0.01
129,8,100,14644,3906.25,2,0.02
130,8,100,14644,3906.25,2,0.02
131,8,100,14197,3906.25,35,0.35
132,8,100,62670,3906.25,21,0.21
133,8,100,775,3906.25,2,0.02
134,8,100,730,3906.25,1,0.01
135,8,100,2025,3906.25,1,0.01
136,8,100,18470,3906.25,15,0.15
137,8,100,4372,3906.25,2,0.02
138,8,100,11062,3906.25,2,0.02
139,8,100,55766,3906.25,18,0.18
140,8,100,14282,3906.25,7,0.07
141,8,100,62670,3906.25,33,0.33
142,8,100,16887,3906.25,11,0.11
143,8,100,52957,3906.25,27,0.27
144,8,100,55766,3906.25,15,0.15
145,8,100,8864,3906.25,0,0.0
146,8,100,59860,3906.25,30,0.3
147,8,100,8211,3906.25,6,0.06
148,8,100,59860,3906.25,9,0.09
149,8,100,11896,3906.25,5,0.05
150,8,100,14282,3906.25,20,0.2
151,8,100,5445,3906.25,5,0.05
152,8,100,25946,3906.25,7,0.07
153,8,100,59860,3906.25,26,0.26
154,8,100,14282,3906.25,17,0.17
155,8,100,16887,3906.25,34,0.34
156,8,100,11062,3906.25,3,0.03
157,8,100,52957,3906.25,19,0.19
158,8,100,10178,3906.25,20,0.2
159,8,100,1438,3906.25,0,0.0
160,8,100,460,3906.25,1,0.01
161,8,100,67756,3906.25,17,0.17
162,8,100,62670,3906.25,14,0.14
163,8,100,14282,3906.25,3,0.03
164,8,100,1145,3906.25,0,0.0
165,8,100,59860,3906.25,36,0.36
166,8,100,6353,3906.25,1,0.01
167,8,100,12641,3906.25,12,0.12
168,8,100,14644,3906.25,2,0.02
169,8,100,1525,3906.25,6,0.06
170,8,100,2918,3906.25,6,0.06
171,8,100,36208,3906.25,10,0.1
172,8,100,36208,3906.25,21,0.21
173,8,100,67756,3906.25,27,0.27
174,8,100,9146,3906.25,5,0.05
175,8,100,15049,3906.25,20,0.2
176,8,100,8603,3906.25,21,0.21
177,8,100,83384,3906.25,27,0.27
178,8,100,52957,3906.25,27,0.27
179,8,100,8864,3906.25,1,0.01
180,8,100,14197,3906.25,7,0.07
181,8,100,1597,3906.25,1,0.01
182,8,100,4328,3906.25,7,0.07
183,8,100,3026,3906.25,3,0.03
184,8,100,52957,3906.25,55,0.55
185,8,100,14282,3906.25,8,0.08
186,8,100,22435,3906.25,28,0.28
187,8,100,15049,3906.25,5,0.05
188,8,100,62670,3906.25,29,0.29
189,8,100,36208,3906.25,44,0.44
190,8,100,8470,3906.25,2,0.02
191,8,100,2918,3906.25,2,0.02
192,8,100,67756,3906.25,2,0.02
193,8,100,55766,3906.25,19,0.19
194,8,100,12641,3906.25,5,0.05
195,8,100,62670,3906.25,13,0.13
196,8,100,83384,3906.25,67,0.67
197,8,100,83384,3906.25,20,0.2
198,8,100,55766,3906.25,31,0.31
199,8,100,52957,3906.25,23,0.23
200,8,100,4089,3906.25,3,0.03
201,8,100,22435,3906.25,7,0.07
202,8,100,52957,3906.25,6,0.06
203,8,100,14282,3906.25,3,0.03
204,8,100,59860,3906.25,35,0.35
205,8,100,2918,3906.25,2,0.02
206,8,100,10178,3906.25,3,0.03
207,8,100,55766,3906.25,9,0.09
208,8,100,9105,3906.25,5,0.05
209,8,100,19832,3906.25,6,0.06
210,8,100,4372,3906.25,4,0.04
211,8,100,5886,3906.25,1,0.01
212,8,100,55766,3906.25,3,0.03
213,8,100,67756,3906.25,4,0.04
214,8,100,11062,3906.25,4,0.04
215,8,100,2025,3906.25,0,0.0
216,8,100,3516,3906.25,7,0.07
217,8,100,59860,3906.25,30,0.3
218,8,100,67756,3906.25,50,0.5
219,8,100,59860,3906.25,47,0.47
220,8,100,83384,3906.25,20,0.2
221,8,100,15092,3906.25,2,0.02
222,8,100,83384,3906.25,57,0.57
223,8,100,36208,3906.25,32,0.32
224,8,100,11152,3906.25,1,0.01
225,8,100,2139,3906.25,2,0.02
226,8,100,62670,3906.25,18,0.18
227,8,100,83384,3906.25,10,0.1
228,8,100,83384,3906.25,11,0.11
229,8,100,52957,3906.25,11,0.11
230,8,100,3026,3906.25,4,0.04
231,8,100,36208,3906.25,76,0.76
232,8,100,1438,3906.25,3,0.03
233,8,100,3645,3906.25,13,0.13
234,8,100,15092,3906.25,1,0.01
235,8,100,67756,3906.25,17,0.17
236,8,100,52957,3906.25,23,0.23
237,8,100,14644,3906.25,4,0.04
238,8,100,8512,3906.25,13,0.13
239,8,100,9191,3906.25,4,0.04
240,8,100,8603,3906.25,10,0.1
241,8,100,36208,3906.25,21,0.21
242,8,100,14197,3906.25,3,0.03
243,8,100,52957,3906.25,62,0.62
244,8,100,55766,3906.25,2,0.02
245,8,100,59860,3906.25,32,0.32
246,8,100,9146,3906.25,5,0.05
247,8,100,14197,3906.25,54,0.54
248,8,100,680,3906.25,1,0.01
249,8,100,55766,3906.25,31,0.31
250,8,100,52957,3906.25,3,0.03
251,8,100,11062,3906.25,11,0.11
252,8,100,83384,3906.25,62,0.62
253,8,100,14644,3906.25,2,0.02
254,8,100,2363,3906.25,1,0.01
255,8,100,9146,3906.25,8,0.08
256,8,100,1740,3906.25,0,0.0
257,8,100,9191,3906.25,30,0.3
258,8,100,15049,3906.25,6,0.06
259,8,100,83384,3906.25,28,0.28
260,8,100,4328,3906.25,0,0.0
261,8,100,33927,3906.25,13,0.13
262,8,100,19832,3906.25,10,0.1
263,8,100,1145,3906.25,0,0.0
264,8,100,67756,3906.25,14,0.14
265,8,100,1597,3906.25,20,0.2
266,8,100,8512,3906.25,5,0.05
267,8,100,12641,3906.25,6,0.06
268,8,100,11896,3906.25,2,0.02
269,8,100,10178,3906.25,9,0.09
270,8,100,55766,3906.25,17,0.17
271,8,100,5051,3906.25,2,0.02
272,8,100,22435,3906.25,12,0.12
273,8,100,2983,3906.25,3,0.03
274,8,100,16570,3906.25,0,0.0
275,8,100,55766,3906.25,21,0.21
276,8,100,11062,3906.25,2,0.02
277,8,100,19832,3906.25,8,0.08
278,8,100,5445,3906.25,9,0.09
279,8,100,14197,3906.25,10,0.1
280,8,100,15092,3906.25,21,0.21
281,8,100,8603,3906.25,3,0.03
282,8,100,83384,3906.25,52,0.52
283,8,100,8603,3906.25,12,0.12
284,8,100,10178,3906.25,11,0.11
285,8,100,19402,3906.25,10,0.1
286,8,100,2040,3906.25,7,0.07
287,8,100,19402,3906.25,14,0.14
288,8,100,83384,3906.25,33,0.33
289,8,100,16887,3906.25,5,0.05
290,8,100,12641,3906.25,4,0.04
291,8,100,2307,3906.25,2,0.02
292,8,100,19402,3906.25,3,0.03
293,8,100,246,3906.25,3,0.03
294,8,100,8603,3906.25,5,0.05
295,8,100,4309,3906.25,1,0.01
296,8,100,15049,3906.25,7,0.07
297,8,100,1653,3906.25,8,0.08
298,8,100,36208,3906.25,0,0.0
299,8,100,4309,3906.25,32,0.32
300,8,100,19832,3906.25,16,0.16
301,8,100,16570,3906.25,33,0.33
302,8,100,6353,3906.25,3,0.03
303,8,100,5759,3906.25,7,0.07
304,8,100,5228,3906.25,4,0.04
305,8,100,62670,3906.25,51,0.51
306,8,100,3516,3906.25,6,0.06
307,8,100,3397,3906.25,4,0.04
308,8,100,18470,3906.25,9,0.09
309,8,100,55766,3906.25,39,0.39
310,8,100,19832,3906.25,8,0.08
311,8,100,775,3906.25,2,0.02
312,8,100,67756,3906.25,36,0.36
313,8,100,9191,3906.25,0,0.0
314,8,100,4327,3906.25,4,0.04
315,8,100,9191,3906.25,12,0.12
316,8,100,25946,3906.25,42,0.42
317,8,100,4309,3906.25,1,0.01
318,8,100,83384,3906.25,54,0.54
319,8,100,1525,3906.25,0,0.0
320,8,100,4327,3906.25,6,0.06
321,8,100,3397,3906.25,11,0.11
322,8,100,4114,3906.25,5,0.05
323,8,100,11152,3906.25,11,0.11
324,8,100,52957,3906.25,13,0.13
325,8,100,19832,3906.25,9,0.09
326,8,100,5445,3906.25,4,0.04
327,8,100,19832,3906.25,11,0.11
328,8,100,52957,3906.25,18,0.18
329,8,100,1653,3906.25,1,0.01
330,8,100,83384,3906.25,65,0.65
331,8,100,16570,3906.25,2,0.02
332,8,100,67756,3906.25,2,0.02
333,8,100,12641,3906.25,4,0.04
334,8,100,33927,3906.25,11,0.11
335,8,100,5445,3906.25,2,0.02
336,8,100,5759,3906.25,2,0.02
337,8,100,8470,3906.25,21,0.21
338,8,100,19832,3906.25,11,0.11
339,8,100,33927,3906.25,16,0.16
340,8,100,5051,3906.25,5,0.05
341,8,100,67756,3906.25,7,0.07
342,8,100,19402,3906.25,23,0.23
343,8,100,67756,3906.25,41,0.41
344,8,100,33927,3906.25,23,0.23
345,8,100,33927,3906.25,15,0.15
346,8,100,52957,3906.25,14,0.14
347,8,100,52957,3906.25,14,0.14
348,8,100,33927,3906.25,4,0.04
349,8,100,83384,3906.25,32,0.32
350,8,100,2235,3906.25,3,0.03
351,8,100,859,3906.25,5,0.05
352,8,100,4328,3906.25,13,0.13
353,8,100,19402,3906.25,8,0.08
354,8,100,52957,3906.25,15,0.15
355,8,100,11062,3906.25,15,0.15
356,8,100,83384,3906.25,55,0.55
357,8,100,14644,3906.25,6,0.06
358,8,100,5186,3906.25,16,0.16
359,8,100,55766,3906.25,33,0.33
360,8,100,19832,3906.25,3,0.03
361,8,100,8864,3906.25,13,0.13
362,8,100,630,3906.25,0,0.0
363,8,100,83384,3906.25,21,0.21
364,8,100,33927,3906.25,11,0.11
365,8,100,787,3906.25,1,0.01
366,8,100,67756,3906.25,25,0.25
367,8,100,25946,3906.25,22,0.22
368,8,100,4327,3906.25,6,0.06
369,8,100,859,3906.25,2,0.02
370,8,100,909,3906.25,7,0.07
371,8,100,2139,3906.25,2,0.02
372,8,100,9105,3906.25,2,0.02
373,8,100,4372,3906.25,1,0.01
374,8,100,9191,3906.25,11,0.11
375,8,100,5513,3906.25,3,0.03
376,8,100,62670,3906.25,16,0.16
377,8,100,8864,3906.25,32,0.32
378,8,100,8811,3906.25,6,0.06
379,8,100,8603,3906.25,0,0.0
380,8,100,14644,3906.25,3,0.03
381,8,100,3426,3906.25,2,0.02
382,8,100,15049,3906.25,9,0.09
383,8,100,59860,3906.25,29,0.29
384,8,100,11896,3906.25,5,0.05
385,8,100,14197,3906.25,8,0.08
386,8,100,55766,3906.25,6,0.06
387,8,100,2153,3906.25,1,0.01
388,8,100,651,3906.25,0,0.0
389,8,100,55766,3906.25,25,0.25
390,8,100,83384,3906.25,15,0.15
391,8,100,55766,3906.25,19,0.19
392,8,100,3645,3906.25,4,0.04
393,8,100,52957,3906.25,6,0.06
394,8,100,8603,3906.25,14,0.14
395,8,100,67756,3906.25,18,0.18
396,8,100,1653,3906.25,3,0.03
397,8,100,33927,3906.25,12,0.12
398,8,100,62670,3906.25,48,0.48
399,8,100,1597,3906.25,10,0.1
400,8,100,1008,3906.25,1,0.01
401,8,100,52957,3906.25,5,0.05
402,8,100,55766,3906.25,22,0.22
403,8,100,22435,3906.25,2,0.02
404,8,100,14644,3906.25,0,0.0
405,8,100,52957,3906.25,37,0.37
406,8,100,15092,3906.25,19,0.19
407,8,100,36208,3906.25,24,0.24
408,8,100,83384,3906.25,18,0.18
409,8,100,67756,3906.25,47,0.47
410,8,100,12641,3906.25,0,0.0
411,8,100,166,3906.25,0,0.0
412,8,100,730,3906.25,0,0.0
413,8,100,8512,3906.25,5,0.05
414,8,100,11062,3906.25,1,0.01
415,8,100,52957,3906.25,24,0.24
416,8,100,36208,3906.25,20,0.2
417,8,100,19832,3906.25,19,0.19
418,8,100,2179,3906.25,0,0.0
419,8,100,67756,3906.25,30,0.3
420,8,100,2363,3906.25,3,0.03
421,8,100,3397,3906.25,1,0.01
422,8,100,14197,3906.25,15,0.15
423,8,100,25946,3906.25,29,0.29
424,8,100,14644,3906.25,6,0.06
425,8,100,3516,3906.25,3,0.03
426,8,100,11062,3906.25,18,0.18
427,8,100,10178,3906.25,5,0.05
428,8,100,9739,3906.25,21,0.21
429,8,100,16887,3906.25,27,0.27
430,8,100,36208,3906.25,27,0.27
431,8,100,11062,3906.25,35,0.35
432,8,100,22435,3906.25,30,0.3
433,8,100,1096,3906.25,1,0.01
434,8,100,55766,3906.25,29,0.29
435,8,100,25946,3906.25,31,0.31
436,8,100,960,3906.25,1,0.01
437,8,100,6353,3906.25,1,0.01
438,8,100,18470,3906.25,2,0.02
439,8,100,83384,3906.25,45,0.45
440,8,100,36208,3906.25,26,0.26
441,8,100,55766,3906.25,13,0.13
442,8,100,5122,3906.25,19,0.19
443,8,100,6353,3906.25,7,0.07
444,8,100,19402,3906.25,27,0.27
445,8,100,83384,3906.25,20,0.2
446,8,100,83384,3906.25,6,0.06
447,8,100,52957,3906.25,26,0.26
448,8,100,19832,3906.25,8,0.08
449,8,100,5122,3906.25,3,0.03
450,8,100,12641,3906.25,5,0.05
451,8,100,19832,3906.25,12,0.12
452,8,100,9191,3906.25,3,0.03
453,8,100,5759,3906.25,2,0.02
454,8,100,18470,3906.25,20,0.2
455,8,100,2235,3906.25,0,0.0
456,8,100,8864,3906.25,11,0.11
457,8,100,36208,3906.25,43,0.43
458,8,100,4327,3906.25,1,0.01
459,8,100,59860,3906.25,20,0.2
460,8,100,11896,3906.25,5,0.05
461,8,100,2918,3906.25,3,0.03
462,8,100,8811,3906.25,8,0.08
463,8,100,15049,3906.25,20,0.2
464,8,100,36208,3906.25,35,0.35
465,8,100,18470,3906.25,11,0.11
466,8,100,55766,3906.25,44,0.44
467,8,100,1253,3906.25,1,0.01
468,8,100,9146,3906.25,3,0.03
469,8,100,15092,3906.25,3,0.03
470,8,100,2307,3906.25,4,0.04
471,8,100,62670,3906.25,32,0.32
472,8,100,5759,3906.25,6,0.06
473,8,100,2918,3906.25,3,0.03
474,8,100,62670,3906.25,26,0.26
475,8,100,12641,3906.25,14,0.14
476,8,100,5513,3906.25,2,0.02
477,8,100,5186,3906.25,11,0.11
478,8,100,3397,3906.25,22,0.22
479,8,100,33927,3906.25,35,0.35
480,8,100,62670,3906.25,16,0.16
481,8,100,1661,3906.25,1,0.01
482,8,100,2983,3906.25,1,0.01
483,8,100,234,3906.25,0,0.0
484,8,100,775,3906.25,0,0.0
485,8,100,6353,3906.25,6,0.06
486,8,100,8211,3906.25,2,0.02
487,8,100,83384,3906.25,68,0.68
488,8,100,22435,3906.25,19,0.19
489,8,100,36208,3906.25,28,0.28
490,8,100,5228,3906.25,4,0.04
491,8,100,59860,3906.25,21,0.21
492,8,100,1096,3906.25,11,0.11
493,8,100,19402,3906.25,13,0.13
494,8,100,6353,3906.25,8,0.08
495,8,100,3516,3906.25,14,0.14
496,8,100,83384,3906.25,25,0.25
497,8,100,4328,3906.25,1,0.01
498,8,100,67756,3906.25,52,0.52
499,8,100,36208,3906.25,38,0.38
500,8,100,4114,3906.25,5,0.05
501,8,100,1359,3906.25,3,0.03
502,8,100,33927,3906.25,27,0.27
503,8,100,83384,3906.25,56,0.56
504,8,100,5051,3906.25,9,0.09
505,8,100,680,3906.25,0,0.0
506,8,100,2153,3906.25,12,0.12
507,8,100,25946,3906.25,14,0.14
508,8,100,33927,3906.25,4,0.04
509,8,100,5228,3906.25,16,0.16
510,8,100,52957,3906.25,43,0.43
511,8,100,4309,3906.25,3,0.03
512,8,100,4309,3906.25,3,0.03
513,8,100,25946,3906.25,42,0.42
514,8,100,2025,3906.25,3,0.03
515,8,100,5122,3906.25,5,0.05
516,8,100,125,3906.25,0,0.0
517,8,100,59860,3906.25,46,0.46
518,8,100,18470,3906.25,11,0.11
519,8,100,1144,3906.25,40,0.4
520,8,100,55766,3906.25,11,0.11
521,8,100,55766,3906.25,58,0.58
522,8,100,1096,3906.25,0,0.0
523,8,100,62670,3906.25,26,0.26
524,8,100,19832,3906.25,4,0.04
525,8,100,59860,3906.25,35,0.35
526,8,100,3026,3906.25,1,0.01
527,8,100,442,3906.25,1,0.01
528,8,100,11062,3906.25,10,0.1
529,8,100,5314,3906.25,6,0.06
530,8,100,3026,3906.25,9,0.09
531,8,100,14197,3906.25,15,0.15
532,8,100,62670,3906.25,57,0.57
533,8,100,1661,3906.25,1,0.01
534,8,100,4544,3906.25,10,0.1
535,8,100,33927,3906.25,47,0.47
536,8,100,5228,3906.25,6,0.06
537,8,100,62670,3906.25,24,0.24
538,8,100,62670,3906.25,31,0.31
539,8,100,4979,3906.25,11,0.11
540,8,100,4089,3906.25,4,0.04
541,8,100,5513,3906.25,2,0.02
542,8,100,15049,3906.25,11,0.11
543,8,100,5228,3906.25,6,0.06
544,8,100,36208,3906.25,19,0.19
545,8,100,33927,3906.25,19,0.19
546,8,100,33927,3906.25,11,0.11
547,8,100,11896,3906.25,9,0.09
548,8,100,892,3906.25,0,0.0
549,8,100,1359,3906.25,3,0.03
550,8,100,83384,3906.25,36,0.36
551,8,100,52957,3906.25,9,0.09
552,8,100,1592,3906.25,2,0.02
553,8,100,8811,3906.25,20,0.2
554,8,100,3645,3906.25,2,0.02
555,8,100,5122,3906.25,10,0.1
556,8,100,52957,3906.25,26,0.26
557,8,100,62670,3906.25,62,0.62
558,8,100,55766,3906.25,19,0.19
559,8,100,22435,3906.25,6,0.06
560,8,100,16887,3906.25,1,0.01
561,8,100,9739,3906.25,5,0.05
562,8,100,14282,3906.25,11,0.11
563,8,100,4328,3906.25,11,0.11
564,8,100,917,3906.25,2,0.02
565,8,100,2307,3906.25,3,0.03
566,8,100,960,3906.25,4,0.04
567,8,100,5759,3906.25,3,0.03
568,8,100,36208,3906.25,24,0.24
569,8,100,55766,3906.25,25,0.25
570,8,100,67756,3906.25,26,0.26
571,8,100,15092,3906.25,9,0.09
572,8,100,11152,3906.25,1,0.01
573,8,100,4328,3906.25,11,0.11
574,8,100,62670,3906.25,4,0.04
575,8,100,5445,3906.25,7,0.07
576,8,100,14644,3906.25,18,0.18
577,8,100,19832,3906.25,28,0.28
578,8,100,67756,3906.25,9,0.09
579,8,100,8811,3906.25,12,0.12
580,8,100,11062,3906.25,2,0.02
581,8,100,234,3906.25,0,0.0
582,8,100,55766,3906.25,13,0.13
583,8,100,67756,3906.25,28,0.28
584,8,100,5445,3906.25,12,0.12
585,8,100,14197,3906.25,24,0.24
586,8,100,22435,3906.25,11,0.11
587,8,100,55766,3906.25,38,0.38
588,8,100,9739,3906.25,3,0.03
589,8,100,33927,3906.25,20,0.2
590,8,100,14197,3906.25,36,0.36
591,8,100,83384,3906.25,60,0.6
592,8,100,11062,3906.25,2,0.02
593,8,100,59860,3906.25,38,0.38
594,8,100,83384,3906.25,17,0.17
595,8,100,22435,3906.25,13,0.13
596,8,100,55766,3906.25,5,0.05
597,8,100,9739,3906.25,1,0.01
598,8,100,14644,3906.25,1,0.01
599,8,100,22435,3906.25,13,0.13
600,8,100,3516,3906.25,5,0.05
601,8,100,14282,3906.25,6,0.06
602,8,100,9105,3906.25,8,0.08
603,8,100,62670,3906.25,37,0.37
604,8,100,15049,3906.25,4,0.04
605,8,100,19832,3906.25,11,0.11
606,8,100,16570,3906.25,5,0.05
607,8,100,2363,3906.25,4,0.04
608,8,100,11896,3906.25,5,0.05
609,8,100,1740,3906.25,2,0.02
610,8,100,2139,3906.25,3,0.03
611,8,100,55766,3906.25,52,0.52
612,8,100,8470,3906.25,19,0.19
613,8,100,19832,3906.25,3,0.03
614,8,100,55766,3906.25,27,0.27
615,8,100,33927,3906.25,12,0.12
616,8,100,59860,3906.25,28,0.28
617,8,100,2363,3906.25,5,0.05
618,8,100,1525,3906.25,14,0.14
619,8,100,16570,3906.25,10,0.1
620,8,100,14282,3906.25,6,0.06
621,8,100,83384,3906.25,6,0.06
622,8,100,9191,3906.25,4,0.04
623,8,100,83384,3906.25,36,0.36
624,8,100,12641,3906.25,2,0.02
625,8,100,14197,3906.25,0,0.0
626,8,100,8603,3906.25,33,0.33
627,8,100,62670,3906.25,18,0.18
628,8,100,59860,3906.25,13,0.13
629,8,100,52957,3906.25,25,0.25
630,8,100,25946,3906.25,23,0.23
631,8,100,3516,3906.25,0,0.0
632,8,100,52957,3906.25,11,0.11
633,8,100,16887,3906.25,22,0.22
634,8,100,2983,3906.25,2,0.02
635,8,100,1661,3906.25,6,0.06
636,8,100,11062,3906.25,14,0.14
637,8,100,52957,3906.25,46,0.46
638,8,100,9146,3906.25,3,0.03
639,8,100,9191,3906.25,22,0.22
640,8,100,67756,3906.25,36,0.36
641,8,100,19402,3906.25,5,0.05
642,8,100,14644,3906.25,8,0.08
643,8,100,83384,3906.25,17,0.17
644,8,100,59860,3906.25,27,0.27
645,8,100,25946,3906.25,13,0.13
646,8,100,14282,3906.25,22,0.22
647,8,100,55766,3906.25,13,0.13
648,8,100,52957,3906.25,11,0.11
649,8,100,11152,3906.25,4,0.04
650,8,100,10178,3906.25,3,0.03
651,8,100,59860,3906.25,58,0.58
652,8,100,67756,3906.25,51,0.51
653,8,100,4327,3906.25,1,0.01
654,8,100,52957,3906.25,31,0.31
655,8,100,14644,3906.25,5,0.05
656,8,100,15049,3906.25,11,0.11
657,8,100,3645,3906.25,12,0.12
658,8,100,2153,3906.25,2,0.02
659,8,100,55766,3906.25,21,0.21
660,8,100,4544,3906.25,1,0.01
661,8,100,55766,3906.25,44,0.44
662,8,100,19402,3906.25,7,0.07
663,8,100,1438,3906.25,26,0.26
664,8,100,83384,3906.25,20,0.2
665,8,100,62670,3906.25,70,0.7
666,8,100,8811,3906.25,20,0.2
667,8,100,83384,3906.25,33,0.33
668,8,100,83384,3906.25,37,0.37
669,8,100,9191,3906.25,4,0.04
670,8,100,5096,3906.25,22,0.22
671,8,100,52957,3906.25,12,0.12
672,8,100,16887,3906.25,4,0.04
673,8,100,52957,3906.25,35,0.35
674,8,100,25946,3906.25,14,0.14
675,8,100,55766,3906.25,20,0.2
676,8,100,67756,3906.25,3,0.03
677,8,100,33927,3906.25,23,0.23
678,8,100,3516,3906.25,7,0.07
679,8,100,14282,3906.25,4,0.04
680,8,100,55766,3906.25,9,0.09
681,8,100,33927,3906.25,4,0.04
682,8,100,11152,3906.25,0,0.0
683,8,100,83384,3906.25,84,0.84
684,8,100,83384,3906.25,27,0.27
685,8,100,62670,3906.25,31,0.31
686,8,100,67756,3906.25,22,0.22
687,8,100,33927,3906.25,8,0.08
688,8,100,2918,3906.25,5,0.05
689,8,100,14197,3906.25,29,0.29
690,8,100,15092,3906.25,25,0.25
691,8,100,8512,3906.25,5,0.05
692,8,100,83384,3906.25,55,0.55
693,8,100,83384,3906.25,12,0.12
694,8,100,2918,3906.25,7,0.07
695,8,100,1576,3906.25,10,0.1
696,8,100,83384,3906.25,16,0.16
697,8,100,52957,3906.25,14,0.14
698,8,100,11062,3906.25,39,0.39
699,8,100,8864,3906.25,1,0.01
700,8,100,9739,3906.25,3,0.03
701,8,100,9191,3906.25,4,0.04
702,8,100,83384,3906.25,51,0.51
703,8,100,11152,3906.25,30,0.3
704,8,100,19402,3906.25,5,0.05
705,8,100,83384,3906.25,6,0.06
706,8,100,859,3906.25,0,0.0
707,8,100,19402,3906.25,21,0.21
708,8,100,83384,3906.25,50,0.5
709,8,100,3444,3906.25,11,0.11
710,8,100,16887,3906.25,9,0.09
711,8,100,1949,3906.25,1,0.01
712,8,100,36208,3906.25,22,0.22
713,8,100,83384,3906.25,8,0.08
714,8,100,5096,3906.25,5,0.05
715,8,100,36208,3906.25,10,0.1
716,8,100,6353,3906.25,18,0.18
717,8,100,33927,3906.25,26,0.26
718,8,100,22435,3906.25,5,0.05
719,8,100,3645,3906.25,28,0.28
720,8,100,3397,3906.25,50,0.5
721,8,100,166,3906.25,0,0.0
722,8,100,6353,3906.25,1,0.01
723,8,100,67756,3906.25,29,0.29
724,8,100,1563,3906.25,0,0.0
725,8,100,2040,3906.25,0,0.0
726,8,100,59860,3906.25,32,0.32
727,8,100,55766,3906.25,43,0.43
728,8,100,9191,3906.25,4,0.04
729,8,100,25946,3906.25,12,0.12
730,8,100,62670,3906.25,17,0.17
731,8,100,36208,3906.25,24,0.24
732,8,100,4979,3906.25,5,0.05
733,8,100,59860,3906.25,18,0.18
734,8,100,18470,3906.25,1,0.01
735,8,100,4544,3906.25,1,0.01
736,8,100,25946,3906.25,21,0.21
737,8,100,9739,3906.25,2,0.02
738,8,100,5314,3906.25,4,0.04
739,8,100,5186,3906.25,11,0.11
740,8,100,83384,3906.25,9,0.09
741,8,100,8864,3906.25,2,0.02
742,8,100,83384,3906.25,53,0.53
743,8,100,55766,3906.25,31,0.31
744,8,100,52957,3906.25,31,0.31
745,8,100,9739,3906.25,2,0.02
746,8,100,36208,3906.25,36,0.36
747,8,100,16887,3906.25,1,0.01
748,8,100,25946,3906.25,9,0.09
749,8,100,324,3906.25,6,0.06
750,8,100,4979,3906.25,6,0.06
751,8,100,11062,3906.25,1,0.01
752,8,100,19402,3906.25,6,0.06
753,8,100,14197,3906.25,21,0.21
754,8,100,19402,3906.25,11,0.11
755,8,100,11896,3906.25,18,0.18
756,8,100,55766,3906.25,30,0.3
757,8,100,5759,3906.25,8,0.08
758,8,100,3873,3906.25,13,0.13
759,8,100,67756,3906.25,12,0.12
760,8,100,8603,3906.25,5,0.05
761,8,100,4327,3906.25,1,0.01
762,8,100,62670,3906.25,31,0.31
763,8,100,12641,3906.25,16,0.16
764,8,100,16887,3906.25,15,0.15
765,8,100,62670,3906.25,10,0.1
766,8,100,3426,3906.25,3,0.03
767,8,100,15092,3906.25,37,0.37
768,8,100,3645,3906.25,13,0.13
769,8,100,52957,3906.25,5,0.05
770,8,100,67756,3906.25,31,0.31
771,8,100,9739,3906.25,3,0.03
772,8,100,36208,3906.25,39,0.39
773,8,100,59860,3906.25,7,0.07
774,8,100,22435,3906.25,11,0.11
775,8,100,3426,3906.25,26,0.26
776,8,100,234,3906.25,3,0.03
777,8,100,6353,3906.25,5,0.05
778,8,100,18470,3906.25,39,0.39
779,8,100,36208,3906.25,20,0.2
780,8,100,16570,3906.25,7,0.07
781,8,100,25946,3906.25,12,0.12
782,8,100,3397,3906.25,11,0.11
783,8,100,2139,3906.25,2,0.02
784,8,100,10178,3906.25,4,0.04
785,8,100,52957,3906.25,23,0.23
786,8,100,11062,3906.25,4,0.04
787,8,100,5445,3906.25,0,0.0
788,8,100,67756,3906.25,37,0.37
789,8,100,62670,3906.25,37,0.37
790,8,100,59860,3906.25,61,0.61
791,8,100,18470,3906.25,7,0.07
792,8,100,36208,3906.25,33,0.33
793,8,100,52957,3906.25,25,0.25
794,8,100,4327,3906.25,6,0.06
795,8,100,3645,3906.25,24,0.24
796,8,100,33927,3906.25,17,0.17
797,8,100,4544,3906.25,5,0.05
798,8,100,14197,3906.25,14,0.14
799,8,100,2153,3906.25,2,0.02
800,8,100,406,3906.25,0,0.0
801,8,100,52957,3906.25,23,0.23
802,8,100,16887,3906.25,3,0.03
803,8,100,9105,3906.25,19,0.19
804,8,100,55766,3906.25,16,0.16
805,8,100,11152,3906.25,4,0.04
806,8,100,59860,3906.25,36,0.36
807,8,100,4544,3906.25,2,0.02
808,8,100,11152,3906.25,5,0.05
809,8,100,14197,3906.25,9,0.09
810,8,100,59860,3906.25,60,0.6
811,8,100,11062,3906.25,15,0.15
812,8,100,36208,3906.25,29,0.29
813,8,100,67756,3906.25,29,0.29
814,8,100,12641,3906.25,11,0.11
815,8,100,19402,3906.25,3,0.03
816,8,100,4372,3906.25,4,0.04
817,8,100,33927,3906.25,4,0.04
818,8,100,8512,3906.25,4,0.04
819,8,100,22435,3906.25,25,0.25
820,8,100,5445,3906.25,14,0.14
821,8,100,67756,3906.25,28,0.28
822,8,100,83384,3906.25,56,0.56
823,8,100,2983,3906.25,0,0.0
824,8,100,14197,3906.25,18,0.18
825,8,100,33927,3906.25,9,0.09
826,8,100,14282,3906.25,18,0.18
827,8,100,52957,3906.25,29,0.29
828,8,100,36208,3906.25,53,0.53
829,8,100,2025,3906.25,2,0.02
830,8,100,67756,3906.25,24,0.24
831,8,100,5122,3906.25,2,0.02
832,8,100,406,3906.25,5,0.05
833,8,100,67756,3906.25,24,0.24
834,8,100,36208,3906.25,22,0.22
835,8,100,12641,3906.25,3,0.03
836,8,100,2153,3906.25,2,0.02
837,8,100,83384,3906.25,14,0.14
838,8,100,83384,3906.25,14,0.14
839,8,100,52957,3906.25,42,0.42
840,8,100,83384,3906.25,30,0.3
841,8,100,2363,3906.25,0,0.0
842,8,100,5886,3906.25,3,0.03
843,8,100,52957,3906.25,27,0.27
844,8,100,55766,3906.25,61,0.61
845,8,100,36208,3906.25,32,0.32
846,8,100,11062,3906.25,11,0.11
847,8,100,83384,3906.25,20,0.2
848,8,100,55766,3906.25,9,0.09
849,8,100,2153,3906.25,4,0.04
850,8,100,4328,3906.25,3,0.03
851,8,100,36208,3906.25,60,0.6
852,8,100,9191,3906.25,5,0.05
853,8,100,14282,3906.25,4,0.04
854,8,100,55766,3906.25,15,0.15
855,8,100,3516,3906.25,1,0.01
856,8,100,14197,3906.25,7,0.07
857,8,100,52957,3906.25,16,0.16
858,8,100,62670,3906.25,8,0.08
859,8,100,9146,3906.25,14,0.14
860,8,100,3645,3906.25,13,0.13
861,8,100,4979,3906.25,6,0.06
862,8,100,67756,3906.25,13,0.13
863,8,100,460,3906.25,3,0.03
864,8,100,5186,3906.25,1,0.01
865,8,100,67756,3906.25,25,0.25
866,8,100,12641,3906.25,2,0.02
867,8,100,4328,3906.25,4,0.04
868,8,100,62670,3906.25,29,0.29
869,8,100,55766,3906.25,40,0.4
870,8,100,52957,3906.25,25,0.25
871,8,100,59860,3906.25,15,0.15
872,8,100,630,3906.25,4,0.04
873,8,100,2363,3906.25,1,0.01
874,8,100,55766,3906.25,38,0.38
875,8,100,19402,3906.25,21,0.21
876,8,100,1653,3906.25,5,0.05
877,8,100,3873,3906.25,0,0.0
878,8,100,9191,3906.25,19,0.19
879,8,100,1625,3906.25,0,0.0
880,8,100,2153,3906.25,1,0.01
881,8,100,36208,3906.25,8,0.08
882,8,100,9146,3906.25,20,0.2
883,8,100,59860,3906.25,25,0.25
884,8,100,62670,3906.25,12,0.12
885,8,100,25946,3906.25,6,0.06
886,8,100,6353,3906.25,7,0.07
887,8,100,16570,3906.25,15,0.15
888,8,100,59860,3906.25,31,0.31
889,8,100,2153,3906.25,1,0.01
890,8,100,52957,3906.25,14,0.14
891,8,100,52957,3906.25,22,0.22
892,8,100,11896,3906.25,10,0.1
893,8,100,52957,3906.25,39,0.39
894,8,100,5445,3906.25,6,0.06
895,8,100,1438,3906.25,9,0.09
896,8,100,887,3906.25,1,0.01
897,8,100,36208,3906.25,11,0.11
898,8,100,25946,3906.25,14,0.14
899,8,100,25946,3906.25,13,0.13
900,8,100,11896,3906.25,3,0.03
901,8,100,11062,3906.25,11,0.11
902,8,100,22435,3906.25,6,0.06
903,8,100,36208,3906.25,4,0.04
904,8,100,59860,3906.25,12,0.12
905,8,100,36208,3906.25,14,0.14
906,8,100,4327,3906.25,1,0.01
907,8,100,5759,3906.25,28,0.28
908,8,100,52957,3906.25,27,0.27
909,8,100,10178,3906.25,3,0.03
910,8,100,8603,3906.25,2,0.02
911,8,100,2040,3906.25,3,0.03
912,8,100,83384,3906.25,42,0.42
913,8,100,8470,3906.25,5,0.05
914,8,100,25946,3906.25,3,0.03
915,8,100,36208,3906.25,31,0.31
916,8,100,18470,3906.25,9,0.09
917,8,100,52957,3906.25,28,0.28
918,8,100,730,3906.25,0,0.0
919,8,100,4114,3906.25,2,0.02
920,8,100,52957,3906.25,16,0.16
921,8,100,83384,3906.25,38,0.38
922,8,100,4328,3906.25,9,0.09
923,8,100,960,3906.25,1,0.01
924,8,100,59860,3906.25,44,0.44
925,8,100,36208,3906.25,6,0.06
926,8,100,62670,3906.25,16,0.16
927,8,100,14282,3906.25,6,0.06
928,8,100,67756,3906.25,59,0.59
929,8,100,52957,3906.25,28,0.28
930,8,100,4372,3906.25,6,0.06
931,8,100,18470,3906.25,4,0.04
932,8,100,14197,3906.25,5,0.05
933,8,100,55766,3906.25,43,0.43
934,8,100,8811,3906.25,5,0.05
935,8,100,9739,3906.25,17,0.17
936,8,100,5759,3906.25,1,0.01
937,8,100,5513,3906.25,9,0.09
938,8,100,59860,3906.25,33,0.33
939,8,100,1949,3906.25,6,0.06
940,8,100,8864,3906.25,3,0.03
941,8,100,8603,3906.25,1,0.01
942,8,100,9191,3906.25,0,0.0
943,8,100,67756,3906.25,10,0.1
944,8,100,59860,3906.25,25,0.25
945,8,100,8512,3906.25,6,0.06
946,8,100,15049,3906.25,7,0.07
947,8,100,2363,3906.25,1,0.01
948,8,100,11896,3906.25,4,0.04
949,8,100,4328,3906.25,7,0.07
950,8,100,8603,3906.25,24,0.24
951,8,100,36208,3906.25,26,0.26
952,8,100,55766,3906.25,19,0.19
953,8,100,62670,3906.25,17,0.17
954,8,100,14197,3906.25,12,0.12
955,8,100,67756,3906.25,48,0.48
956,8,100,67756,3906.25,23,0.23
957,8,100,14644,3906.25,13,0.13
958,8,100,5186,3906.25,0,0.0
959,8,100,3645,3906.25,7,0.07
960,8,100,1253,3906.25,5,0.05
961,8,100,59860,3906.25,17,0.17
962,8,100,62670,3906.25,4,0.04
963,8,100,1592,3906.25,1,0.01
964,8,100,33927,3906.25,3,0.03
965,8,100,62670,3906.25,8,0.08
966,8,100,5759,3906.25,6,0.06
967,8,100,59860,3906.25,17,0.17
968,8,100,9739,3906.25,4,0.04
969,8,100,3645,3906.25,4,0.04
970,8,100,5051,3906.25,19,0.19
971,8,100,4979,3906.25,3,0.03
972,8,100,14282,3906.25,11,0.11
973,8,100,5051,3906.25,10,0.1
974,8,100,5122,3906.25,6,0.06
975,8,100,625,3906.25,0,0.0
976,8,100,3444,3906.25,0,0.0
977,8,100,4309,3906.25,5,0.05
978,8,100,83384,3906.25,23,0.23
979,8,100,5445,3906.25,10,0.1
980,8,100,3426,3906.25,2,0.02
981,8,100,83384,3906.25,45,0.45
982,8,100,55766,3906.25,4,0.04
983,8,100,55766,3906.25,14,0.14
984,8,100,5096,3906.25,1,0.01
985,8,100,14282,3906.25,8,0.08
986,8,100,3444,3906.25,3,0.03
987,8,100,16570,3906.25,10,0.1
988,8,100,36208,3906.25,17,0.17
989,8,100,5513,3906.25,31,0.31
990,8,100,59860,3906.25,13,0.13
991,8,100,1661,3906.25,10,0.1
992,8,100,83384,3906.25,11,0.11
993,8,100,909,3906.25,14,0.14
994,8,100,2918,3906.25,3,0.03
995,8,100,33927,3906.25,18,0.18
996,8,100,59860,3906.25,16,0.16
997,8,100,4089,3906.25,7,0.07
998,8,100,9191,3906.25,3,0.03
999,8,100,55766,3906.25,22,0.22
0,16,1,11,15.2587890625,0,0.0
1,16,1,8,15.2587890625,0,0.0
2,16,1,58,15.2587890625,0,0.0
3,16,1,2,15.2587890625,0,0.0
4,16,1,5809,15.2587890625,0,0.0
5,16,1,132,15.2587890625,0,0.0
6,16,1,57,15.2587890625,0,0.0
7,16,1,2,15.2587890625,0,0.0
8,16,1,470,15.2587890625,0,0.0
9,16,1,289,15.2587890625,0,0.0
10,16,1,35,15.2587890625,0,0.0
11,16,1,48,15.2587890625,0,0.0
12,16,1,414,15.2587890625,0,0.0
13,16,1,121,15.2587890625,0,0.0
14,16,1,17,15.2587890625,0,0.0
15,16,1,24,15.2587890625,0,0.0
16,16,1,55,15.2587890625,0,0.0
17,16,1,606,15.2587890625,0,0.0
18,16,1,988,15.2587890625,0,0.0
19,16,1,2,15.2587890625,0,0.0
20,16,1,2988,15.2587890625,0,0.0
21,16,1,1903,15.2587890625,0,0.0
22,16,1,4,15.2587890625,0,0.0
23,16,1,3,15.2587890625,0,0.0
24,16,1,52,15.2587890625,1,1.0
25,16,1,616,15.2587890625,0,0.0
26,16,1,1372,15.2587890625,0,0.0
27,16,1,804,15.2587890625,0,0.0
28,16,1,142,15.2587890625,0,0.0
29,16,1,2408,15.2587890625,0,0.0
30,16,1,47,15.2587890625,0,0.0
31,16,1,135,15.2587890625,0,0.0
32,16,1,393,15.2587890625,0,0.0
33,16,1,669,15.2587890625,0,0.0
34,16,1,521,15.2587890625,1,1.0
35,16,1,664,15.2587890625,0,0.0
36,16,1,152,15.2587890625,0,0.0
37,16,1,657,15.2587890625,0,0.0
38,16,1,2,15.2587890625,0,0.0
39,16,1,14,15.2587890625,1,1.0
40,16,1,205,15.2587890625,0,0.0
41,16,1,1144,15.2587890625,0,0.0
42,16,1,399,15.2587890625,0,0.0
43,16,1,2302,15.2587890625,0,0.0
44,16,1,11,15.2587890625,0,0.0
45,16,1,714,15.2587890625,0,0.0
46,16,1,39,15.2587890625,0,0.0
47,16,1,108,15.2587890625,0,0.0
48,16,1,134,15.2587890625,0,0.0
49,16,1,168,15.2587890625,0,0.0
50,16,1,69,15.2587890625,0,0.0
51,16,1,349,15.2587890625,0,0.0
52,16,1,13,15.2587890625,0,0.0
53,16,1,5026,15.2587890625,0,0.0
54,16,1,3626,15.2587890625,0,0.0
55,16,1,1,15.2587890625,0,0.0
56,16,1,830,15.2587890625,0,0.0
57,16,1,3,15.2587890625,0,0.0
58,16,1,101,15.2587890625,0,0.0
59,16,1,391,15.2587890625,0,0.0
60,16,1,8,15.2587890625,0,0.0
61,16,1,3089,15.2587890625,0,0.0
62,16,1,1090,15.2587890625,0,0.0
63,16,1,370,15.2587890625,0,0.0
64,16,1,855,15.2587890625,0,0.0
65,16,1,1188,15.2587890625,0,0.0
66,16,1,25,15.2587890625,0,0.0
67,16,1,42,15.2587890625,1,1.0
68,16,1,50,15.2587890625,0,0.0
69,16,1,34,15.2587890625,0,0.0
70,16,1,98,15.2587890625,0,0.0
71,16,1,143,15.2587890625,0,0.0
72,16,1,410,15.2587890625,0,0.0
73,16,1,841,15.2587890625,0,0.0
74,16,1,3089,15.2587890625,0,0.0
75,16,1,60,15.2587890625,0,0.0
76,16,1,3440,15.2587890625,0,0.0
77,16,1,1,15.2587890625,0,0.0
78,16,1,152,15.2587890625,0,0.0
79,16,1,295,15.2587890625,0,0.0
80,16,1,72,15.2587890625,0,0.0
81,16,1,54,15.2587890625,0,0.0
82,16,1,149,15.2587890625,0,0.0
83,16,1,85,15.2587890625,0,0.0
84,16,1,109,15.2587890625,0,0.0
85,16,1,192,15.2587890625,0,0.0
86,16,1,1146,15.2587890625,0,0.0
87,16,1,186,15.2587890625,0,0.0
88,16,1,0,15.2587890625,0,0.0
89,16,1,494,15.2587890625,0,0.0
90,16,1,4264,15.2587890625,0,0.0
91,16,1,104,15.2587890625,0,0.0
92,16,1,21,15.2587890625,0,0.0
93,16,1,6696,15.2587890625,0,0.0
94,16,1,56,15.2587890625,0,0.0
95,16,1,21,15.2587890625,0,0.0
96,16,1,24,15.2587890625,0,0.0
97,16,1,31,15.2587890625,0,0.0
98,16,1,33,15.2587890625,0,0.0
99,16,1,36,15.2587890625,1,1.0
100,16,1,119,15.2587890625,0,0.0
101,16,1,19,15.2587890625,0,0.0
102,16,1,28,15.2587890625,0,0.0
103,16,1,188,15.2587890625,0,0.0
104,16,1,162,15.2587890625,0,0.0
105,16,1,77,15.2587890625,0,0.0
106,16,1,2140,15.2587890625,0,0.0
107,16,1,26,15.2587890625,0,0.0
108,16,1,0,15.2587890625,0,0.0
109,16,1,110,15.2587890625,0,0.0
110,16,1,39,15.2587890625,0,0.0
111,16,1,386,15.2587890625,0,0.0
112,16,1,10,15.2587890625,0,0.0
113,16,1,425,15.2587890625,0,0.0
114,16,1,115,15.2587890625,1,1.0
115,16,1,37,15.2587890625,0,0.0
116,16,1,351,15.2587890625,0,0.0
117,16,1,54,15.2587890625,0,0.0
118,16,1,101,15.2587890625,0,0.0
119,16,1,8,15.2587890625,0,0.0
120,16,1,54,15.2587890625,0,0.0
121,16,1,613,15.2587890625,0,0.0
122,16,1,108,15.2587890625,0,0.0
123,16,1,64,15.2587890625,0,0.0
124,16,1,630,15.2587890625,0,0.0
125,16,1,274,15.2587890625,0,0.0
126,16,1,2,15.2587890625,0,0.0
127,16,1,94,15.2587890625,0,0.0
128,16,1,2,15.2587890625,0,0.0
129,16,1,185,15.2587890625,0,0.0
130,16,1,575,15.2587890625,0,0.0
131,16,1,75,15.2587890625,0,0.0
132,16,1,199,15.2587890625,0,0.0
133,16,1,13,15.2587890625,0,0.0
134,16,1,13,15.2587890625,0,0.0
135,16,1,56,15.2587890625,0,0.0
136,16,1,646,15.2587890625,0,0.0
137,16,1,3,15.2587890625,0,0.0
138,16,1,142,15.2587890625,0,0.0
139,16,1,100,15.2587890625,0,0.0
140,16,1,192,15.2587890625,0,0.0
141,16,1,48,15.2587890625,0,0.0
142,16,1,109,15.2587890625,0,0.0
143,16,1,2338,15.2587890625,0,0.0
144,16,1,1132,15.2587890625,0,0.0
145,16,1,1,15.2587890625,0,0.0
146,16,1,1673,15.2587890625,0,0.0
147,16,1,114,15.2587890625,0,0.0
148,16,1,2571,15.2587890625,0,0.0
149,16,1,192,15.2587890625,0,0.0
150,16,1,292,15.2587890625,0,0.0
151,16,1,39,15.2587890625,0,0.0
152,16,1,12,15.2587890625,0,0.0
153,16,1,14,15.2587890625,0,0.0
154,16,1,233,15.2587890625,0,0.0
155,16,1,101,15.2587890625,1,1.0
156,16,1,42,15.2587890625,0,0.0
157,16,1,302,15.2587890625,0,0.0
158,16,1,182,15.2587890625,0,0.0
159,16,1,40,15.2587890625,0,0.0
160,16,1,0,15.2587890625,0,0.0
161,16,1,268,15.2587890625,0,0.0
162,16,1,1056,15.2587890625,0,0.0
163,16,1,75,15.2587890625,0,0.0
164,16,1,36,15.2587890625,0,0.0
165,16,1,2571,15.2587890625,1,1.0
166,16,1,79,15.2587890625,0,0.0
167,16,1,27,15.2587890625,0,0.0
168,16,1,94,15.2587890625,0,0.0
169,16,1,4,15.2587890625,0,0.0
170,16,1,212,15.2587890625,0,0.0
171,16,1,109,15.2587890625,0,0.0
172,16,1,1748,15.2587890625,0,0.0
173,16,1,26,15.2587890625,0,0.0
174,16,1,133,15.2587890625,0,0.0
175,16,1,53,15.2587890625,0,0.0
176,16,1,196,15.2587890625,0,0.0
177,16,1,3718,15.2587890625,0,0.0
178,16,1,2338,15.2587890625,0,0.0
179,16,1,7,15.2587890625,0,0.0
180,16,1,9,15.2587890625,0,0.0
181,16,1,2,15.2587890625,0,0.0
182,16,1,101,15.2587890625,0,0.0
183,16,1,22,15.2587890625,0,0.0
184,16,1,714,15.2587890625,0,0.0
185,16,1,79,15.2587890625,1,1.0
186,16,1,261,15.2587890625,0,0.0
187,16,1,0,15.2587890625,0,0.0
188,16,1,28,15.2587890625,0,0.0
189,16,1,566,15.2587890625,0,0.0
190,16,1,18,15.2587890625,0,0.0
191,16,1,83,15.2587890625,0,0.0
192,16,1,1118,15.2587890625,0,0.0
193,16,1,1129,15.2587890625,0,0.0
194,16,1,367,15.2587890625,0,0.0
195,16,1,385,15.2587890625,0,0.0
196,16,1,707,15.2587890625,0,0.0
197,16,1,313,15.2587890625,0,0.0
198,16,1,1931,15.2587890625,0,0.0
199,16,1,349,15.2587890625,0,0.0
200,16,1,3,15.2587890625,0,0.0
201,16,1,67,15.2587890625,0,0.0
202,16,1,611,15.2587890625,0,0.0
203,16,1,292,15.2587890625,0,0.0
204,16,1,344,15.2587890625,0,0.0
205,16,1,42,15.2587890625,0,0.0
206,16,1,197,15.2587890625,0,0.0
207,16,1,344,15.2587890625,0,0.0
208,16,1,128,15.2587890625,1,1.0
209,16,1,661,15.2587890625,0,0.0
210,16,1,3,15.2587890625,0,0.0
211,16,1,287,15.2587890625,0,0.0
212,16,1,344,15.2587890625,0,0.0
213,16,1,58,15.2587890625,0,0.0
214,16,1,376,15.2587890625,0,0.0
215,16,1,9,15.2587890625,0,0.0
216,16,1,4,15.2587890625,0,0.0
217,16,1,919,15.2587890625,0,0.0
218,16,1,120,15.2587890625,0,0.0
219,16,1,1544,15.2587890625,1,1.0
220,16,1,3718,15.2587890625,0,0.0
221,16,1,1187,15.2587890625,0,0.0
222,16,1,874,15.2587890625,0,0.0
223,16,1,53,15.2587890625,0,0.0
224,16,1,314,15.2587890625,0,0.0
225,16,1,234,15.2587890625,0,0.0
226,16,1,34,15.2587890625,0,0.0
227,16,1,176,15.2587890625,0,0.0
228,16,1,837,15.2587890625,0,0.0
229,16,1,69,15.2587890625,0,0.0
230,16,1,5,15.2587890625,0,0.0
231,16,1,0,15.2587890625,0,0.0
232,16,1,4,15.2587890625,0,0.0
233,16,1,2,15.2587890625,0,0.0
234,16,1,101,15.2587890625,0,0.0
235,16,1,1960,15.2587890625,0,0.0
236,16,1,663,15.2587890625,0,0.0
237,16,1,10,15.2587890625,0,0.0
238,16,1,117,15.2587890625,1,1.0
239,16,1,0,15.2587890625,0,0.0
240,16,1,57,15.2587890625,0,0.0
241,16,1,1176,15.2587890625,1,1.0
242,16,1,86,15.2587890625,0,0.0
243,16,1,370,15.2587890625,0,0.0
244,16,1,121,15.2587890625,0,0.0
245,16,1,397,15.2587890625,0,0.0
246,16,1,86,15.2587890625,0,0.0
247,16,1,229,15.2587890625,1,1.0
248,16,1,2,15.2587890625,0,0.0
249,16,1,113,15.2587890625,0,0.0
250,16,1,103,15.2587890625,0,0.0
251,16,1,804,15.2587890625,0,0.0
252,16,1,3718,15.2587890625,0,0.0
253,16,1,29,15.2587890625,0,0.0
254,16,1,27,15.2587890625,0,0.0
255,16,1,46,15.2587890625,0,0.0
256,16,1,15,15.2587890625,0,0.0
257,16,1,944,15.2587890625,0,0.0
258,16,1,18,15.2587890625,0,0.0
259,16,1,677,15.2587890625,0,0.0
260,16,1,53,15.2587890625,0,0.0
261,16,1,39,15.2587890625,1,1.0
262,16,1,6,15.2587890625,0,0.0
263,16,1,0,15.2587890625,0,0.0
264,16,1,387,15.2587890625,0,0.0
265,16,1,14,15.2587890625,0,0.0
266,16,1,44,15.2587890625,0,0.0
267,16,1,216,15.2587890625,0,0.0
268,16,1,433,15.2587890625,0,0.0
269,16,1,142,15.2587890625,0,0.0
270,16,1,142,15.2587890625,0,0.0
271,16,1,77,15.2587890625,0,0.0
272,16,1,6,15.2587890625,0,0.0
273,16,1,34,15.2587890625,0,0.0
274,16,1,10,15.2587890625,0,0.0
275,16,1,885,15.2587890625,1,1.0
276,16,1,148,15.2587890625,0,0.0
277,16,1,445,15.2587890625,0,0.0
278,16,1,18,15.2587890625,0,0.0
279,16,1,103,15.2587890625,0,0.0
280,16,1,104,15.2587890625,1,1.0
281,16,1,20,15.2587890625,0,0.0
282,16,1,657,15.2587890625,0,0.0
283,16,1,23,15.2587890625,0,0.0
284,16,1,325,15.2587890625,0,0.0
285,16,1,95,15.2587890625,0,0.0
286,16,1,45,15.2587890625,0,0.0
287,16,1,713,15.2587890625,1,1.0
288,16,1,2715,15.2587890625,0,0.0
289,16,1,299,15.2587890625,0,0.0
290,16,1,367,15.2587890625,0,0.0
291,16,1,9,15.2587890625,0,0.0
292,16,1,156,15.2587890625,0,0.0
293,16,1,0,15.2587890625,0,0.0
294,16,1,280,15.2587890625,0,0.0
295,16,1,49,15.2587890625,0,0.0
296,16,1,22,15.2587890625,0,0.0
297,16,1,83,15.2587890625,0,0.0
298,16,1,98,15.2587890625,0,0.0
299,16,1,28,15.2587890625,0,0.0
300,16,1,19,15.2587890625,0,0.0
301,16,1,132,15.2587890625,0,0.0
302,16,1,41,15.2587890625,0,0.0
303,16,1,0,15.2587890625,0,0.0
304,16,1,159,15.2587890625,0,0.0
305,16,1,467,15.2587890625,0,0.0
306,16,1,57,15.2587890625,0,0.0
307,16,1,36,15.2587890625,0,0.0
308,16,1,153,15.2587890625,0,0.0
309,16,1,4666,15.2587890625,0,0.0
310,16,1,661,15.2587890625,0,0.0
311,16,1,14,15.2587890625,0,0.0
312,16,1,1605,15.2587890625,0,0.0
313,16,1,70,15.2587890625,0,0.0
314,16,1,46,15.2587890625,0,0.0
315,16,1,54,15.2587890625,0,0.0
316,16,1,40,15.2587890625,0,0.0
317,16,1,91,15.2587890625,0,0.0
318,16,1,837,15.2587890625,1,1.0
319,16,1,2,15.2587890625,0,0.0
320,16,1,46,15.2587890625,0,0.0
321,16,1,13,15.2587890625,0,0.0
322,16,1,76,15.2587890625,0,0.0
323,16,1,301,15.2587890625,0,0.0
324,16,1,25,15.2587890625,0,0.0
325,16,1,459,15.2587890625,0,0.0
326,16,1,107,15.2587890625,0,0.0
327,16,1,214,15.2587890625,0,0.0
328,16,1,142,15.2587890625,0,0.0
329,16,1,10,15.2587890625,0,0.0
330,16,1,6696,15.2587890625,0,0.0
331,16,1,2,15.2587890625,0,0.0
332,16,1,284,15.2587890625,0,0.0
333,16,1,528,15.2587890625,1,1.0
334,16,1,176,15.2587890625,0,0.0
335,16,1,18,15.2587890625,0,0.0
336,16,1,68,15.2587890625,0,0.0
337,16,1,63,15.2587890625,0,0.0
338,16,1,5,15.2587890625,0,0.0
339,16,1,128,15.2587890625,0,0.0
340,16,1,286,15.2587890625,0,0.0
341,16,1,105,15.2587890625,0,0.0
342,16,1,677,15.2587890625,0,0.0
343,16,1,1195,15.2587890625,0,0.0
344,16,1,1755,15.2587890625,0,0.0
345,16,1,904,15.2587890625,0,0.0
346,16,1,1323,15.2587890625,0,0.0
347,16,1,56,15.2587890625,0,0.0
348,16,1,296,15.2587890625,0,0.0
349,16,1,3718,15.2587890625,0,0.0
350,16,1,30,15.2587890625,0,0.0
351,16,1,1,15.2587890625,0,0.0
352,16,1,1,15.2587890625,0,0.0
353,16,1,823,15.2587890625,0,0.0
354,16,1,2338,15.2587890625,0,0.0
355,16,1,102,15.2587890625,0,0.0
356,16,1,1945,15.2587890625,1,1.0
357,16,1,19,15.2587890625,0,0.0
358,16,1,0,15.2587890625,0,0.0
359,16,1,1129,15.2587890625,0,0.0
360,16,1,86,15.2587890625,0,0.0
361,16,1,24,15.2587890625,0,0.0
362,16,1,8,15.2587890625,0,0.0
363,16,1,3626,15.2587890625,0,0.0
364,16,1,38,15.2587890625,0,0.0
365,16,1,42,15.2587890625,0,0.0
366,16,1,268,15.2587890625,0,0.0
367,16,1,1949,15.2587890625,0,0.0
368,16,1,116,15.2587890625,0,0.0
369,16,1,5,15.2587890625,0,0.0
370,16,1,11,15.2587890625,0,0.0
371,16,1,29,15.2587890625,0,0.0
372,16,1,47,15.2587890625,0,0.0
373,16,1,64,15.2587890625,0,0.0
374,16,1,167,15.2587890625,0,0.0
375,16,1,18,15.2587890625,0,0.0
376,16,1,285,15.2587890625,0,0.0
377,16,1,13,15.2587890625,0,0.0
378,16,1,708,15.2587890625,0,0.0
379,16,1,257,15.2587890625,0,0.0
380,16,1,1,15.2587890625,0,0.0
381,16,1,49,15.2587890625,0,0.0
382,16,1,50,15.2587890625,0,0.0
383,16,1,2170,15.2587890625,0,0.0
384,16,1,251,15.2587890625,0,0.0
385,16,1,133,15.2587890625,0,0.0
386,16,1,1931,15.2587890625,0,0.0
387,16,1,15,15.2587890625,0,0.0
388,16,1,3,15.2587890625,0,0.0
389,16,1,1072,15.2587890625,0,0.0
390,16,1,1048,15.2587890625,0,0.0
391,16,1,441,15.2587890625,0,0.0
392,16,1,43,15.2587890625,0,0.0
393,16,1,439,15.2587890625,0,0.0
394,16,1,84,15.2587890625,0,0.0
395,16,1,1195,15.2587890625,0,0.0
396,16,1,36,15.2587890625,0,0.0
397,16,1,430,15.2587890625,0,0.0
398,16,1,557,15.2587890625,0,0.0
399,16,1,63,15.2587890625,0,0.0
400,16,1,0,15.2587890625,0,0.0
401,16,1,8,15.2587890625,0,0.0
402,16,1,305,15.2587890625,0,0.0
403,16,1,212,15.2587890625,0,0.0
404,16,1,158,15.2587890625,0,0.0
405,16,1,972,15.2587890625,0,0.0
406,16,1,41,15.2587890625,0,0.0
407,16,1,1748,15.2587890625,0,0.0
408,16,1,3718,15.2587890625,0,0.0
409,16,1,2408,15.2587890625,0,0.0
410,16,1,357,15.2587890625,0,0.0
411,16,1,3,15.2587890625,0,0.0
412,16,1,5,15.2587890625,0,0.0
413,16,1,321,15.2587890625,0,0.0
414,16,1,44,15.2587890625,1,1.0
415,16,1,250,15.2587890625,0,0.0
416,16,1,0,15.2587890625,0,0.0
417,16,1,30,15.2587890625,0,0.0
418,16,1,20,15.2587890625,0,0.0
419,16,1,1134,15.2587890625,1,1.0
420,16,1,29,15.2587890625,0,0.0
421,16,1,15,15.2587890625,0,0.0
422,16,1,573,15.2587890625,0,0.0
423,16,1,428,15.2587890625,0,0.0
424,16,1,21,15.2587890625,0,0.0
425,16,1,24,15.2587890625,0,0.0
426,16,1,102,15.2587890625,1,1.0
427,16,1,308,15.2587890625,0,0.0
428,16,1,65,15.2587890625,0,0.0
429,16,1,95,15.2587890625,0,0.0
430,16,1,1111,15.2587890625,0,0.0
431,16,1,376,15.2587890625,0,0.0
432,16,1,317,15.2587890625,0,0.0
433,16,1,34,15.2587890625,0,0.0
434,16,1,4666,15.2587890625,0,0.0
435,16,1,632,15.2587890625,0,0.0
436,16,1,73,15.2587890625,0,0.0
437,16,1,7,15.2587890625,0,0.0
438,16,1,80,15.2587890625,0,0.0
439,16,1,314,15.2587890625,0,0.0
440,16,1,24,15.2587890625,0,0.0
441,16,1,207,15.2587890625,0,0.0
442,16,1,46,15.2587890625,0,0.0
443,16,1,4,15.2587890625,0,0.0
444,16,1,717,15.2587890625,0,0.0
445,16,1,928,15.2587890625,0,0.0
446,16,1,11,15.2587890625,0,0.0
447,16,1,50,15.2587890625,0,0.0
448,16,1,29,15.2587890625,0,0.0
449,16,1,27,15.2587890625,0,0.0
450,16,1,25,15.2587890625,0,0.0
451,16,1,1318,15.2587890625,0,0.0
452,16,1,73,15.2587890625,0,0.0
453,16,1,0,15.2587890625,0,0.0
454,16,1,28,15.2587890625,0,0.0
455,16,1,0,15.2587890625,0,0.0
456,16,1,77,15.2587890625,0,0.0
457,16,1,520,15.2587890625,0,0.0
458,16,1,63,15.2587890625,0,0.0
459,16,1,1307,15.2587890625,0,0.0
460,16,1,5,15.2587890625,0,0.0
461,16,1,37,15.2587890625,0,0.0
462,16,1,43,15.2587890625,0,0.0
463,16,1,474,15.2587890625,0,0.0
464,16,1,153,15.2587890625,0,0.0
465,16,1,108,15.2587890625,0,0.0
466,16,1,194,15.2587890625,0,0.0
467,16,1,18,15.2587890625,0,0.0
468,16,1,212,15.2587890625,0,0.0
469,16,1,69,15.2587890625,0,0.0
470,16,1,21,15.2587890625,0,0.0
471,16,1,393,15.2587890625,0,0.0
472,16,1,220,15.2587890625,0,0.0
473,16,1,14,15.2587890625,0,0.0
474,16,1,2420,15.2587890625,0,0.0
475,16,1,27,15.2587890625,0,0.0
476,16,1,8,15.2587890625,0,0.0
477,16,1,52,15.2587890625,1,1.0
478,16,1,56,15.2587890625,0,0.0
479,16,1,545,15.2587890625,0,0.0
480,16,1,211,15.2587890625,0,0.0
481,16,1,32,15.2587890625,0,0.0
482,16,1,4,15.2587890625,0,0.0
483,16,1,0,15.2587890625,0,0.0
484,16,1,0,15.2587890625,0,0.0
485,16,1,98,15.2587890625,0,0.0
486,16,1,138,15.2587890625,0,0.0
487,16,1,5809,15.2587890625,1,1.0
488,16,1,1742,15.2587890625,0,0.0
489,16,1,303,15.2587890625,0,0.0
490,16,1,483,15.2587890625,0,0.0
491,16,1,2571,15.2587890625,1,1.0
492,16,1,10,15.2587890625,0,0.0
493,16,1,275,15.2587890625,0,0.0
494,16,1,74,15.2587890625,0,0.0
495,16,1,108,15.2587890625,0,0.0
496,16,1,2120,15.2587890625,0,0.0
497,16,1,7,15.2587890625,0,0.0
498,16,1,405,15.2587890625,0,0.0
499,16,1,1955,15.2587890625,0,0.0
500,16,1,21,15.2587890625,0,0.0
501,16,1,21,15.2587890625,0,0.0
502,16,1,185,15.2587890625,0,0.0
503,16,1,2715,15.2587890625,0,0.0
504,16,1,1,15.2587890625,0,0.0
505,16,1,13,15.2587890625,0,0.0
506,16,1,23,15.2587890625,0,0.0
507,16,1,833,15.2587890625,0,0.0
508,16,1,176,15.2587890625,0,0.0
509,16,1,126,15.2587890625,0,0.0
510,16,1,1878,15.2587890625,1,1.0
511,16,1,65,15.2587890625,0,0.0
512,16,1,13,15.2587890625,0,0.0
513,16,1,24,15.2587890625,0,0.0
514,16,1,6,15.2587890625,0,0.0
515,16,1,9,15.2587890625,0,0.0
516,16,1,0,15.2587890625,0,0.0
517,16,1,26,15.2587890625,0,0.0
518,16,1,942,15.2587890625,1,1.0
519,16,1,7,15.2587890625,0,0.0
520,16,1,49,15.2587890625,0,0.0
521,16,1,2386,15.2587890625,0,0.0
522,16,1,30,15.2587890625,0,0.0
523,16,1,179,15.2587890625,0,0.0
524,16,1,485,15.2587890625,0,0.0
525,16,1,1435,15.2587890625,0,0.0
526,16,1,17,15.2587890625,0,0.0
527,16,1,0,15.2587890625,0,0.0
528,16,1,42,15.2587890625,0,0.0
529,16,1,16,15.2587890625,0,0.0
530,16,1,7,15.2587890625,0,0.0
531,16,1,783,15.2587890625,0,0.0
532,16,1,2988,15.2587890625,0,0.0
533,16,1,2,15.2587890625,0,0.0
534,16,1,30,15.2587890625,0,0.0
535,16,1,156,15.2587890625,0,0.0
536,16,1,0,15.2587890625,0,0.0
537,16,1,5026,15.2587890625,0,0.0
538,16,1,265,15.2587890625,0,0.0
539,16,1,37,15.2587890625,0,0.0
540,16,1,4,15.2587890625,0,0.0
541,16,1,28,15.2587890625,0,0.0
542,16,1,629,15.2587890625,0,0.0
543,16,1,254,15.2587890625,0,0.0
544,16,1,96,15.2587890625,0,0.0
545,16,1,1233,15.2587890625,0,0.0
546,16,1,121,15.2587890625,0,0.0
547,16,1,210,15.2587890625,0,0.0
548,16,1,29,15.2587890625,0,0.0
549,16,1,0,15.2587890625,0,0.0
550,16,1,52,15.2587890625,0,0.0
551,16,1,39,15.2587890625,0,0.0
552,16,1,168,15.2587890625,0,0.0
553,16,1,89,15.2587890625,0,0.0
554,16,1,62,15.2587890625,0,0.0
555,16,1,17,15.2587890625,0,0.0
556,16,1,972,15.2587890625,1,1.0
557,16,1,347,15.2587890625,0,0.0
558,16,1,36,15.2587890625,0,0.0
559,16,1,84,15.2587890625,0,0.0
560,16,1,127,15.2587890625,0,0.0
561,16,1,54,15.2587890625,0,0.0
562,16,1,677,15.2587890625,0,0.0
563,16,1,108,15.2587890625,0,0.0
564,16,1,1,15.2587890625,0,0.0
565,16,1,14,15.2587890625,0,0.0
566,16,1,31,15.2587890625,0,0.0
567,16,1,27,15.2587890625,0,0.0
568,16,1,1955,15.2587890625,0,0.0
569,16,1,141,15.2587890625,0,0.0
570,16,1,1810,15.2587890625,0,0.0
571,16,1,925,15.2587890625,0,0.0
572,16,1,64,15.2587890625,0,0.0
573,16,1,0,15.2587890625,0,0.0
574,16,1,624,15.2587890625,0,0.0
575,16,1,47,15.2587890625,0,0.0
576,16,1,158,15.2587890625,0,0.0
577,16,1,256,15.2587890625,0,0.0
578,16,1,80,15.2587890625,0,0.0
579,16,1,33,15.2587890625,0,0.0
580,16,1,54,15.2587890625,0,0.0
581,16,1,1,15.2587890625,0,0.0
582,16,1,4666,15.2587890625,0,0.0
583,16,1,268,15.2587890625,0,0.0
584,16,1,3,15.2587890625,0,0.0
585,16,1,75,15.2587890625,0,0.0
586,16,1,138,15.2587890625,0,0.0
587,16,1,133,15.2587890625,0,0.0
588,16,1,136,15.2587890625,0,0.0
589,16,1,123,15.2587890625,0,0.0
590,16,1,96,15.2587890625,0,0.0
591,16,1,1383,15.2587890625,0,0.0
592,16,1,31,15.2587890625,0,0.0
593,16,1,1144,15.2587890625,1,1.0
594,16,1,102,15.2587890625,0,0.0
595,16,1,515,15.2587890625,1,1.0
596,16,1,884,15.2587890625,0,0.0
597,16,1,30,15.2587890625,0,0.0
598,16,1,908,15.2587890625,0,0.0
599,16,1,134,15.2587890625,0,0.0
600,16,1,30,15.2587890625,0,0.0
601,16,1,82,15.2587890625,0,0.0
602,16,1,176,15.2587890625,0,0.0
603,16,1,2306,15.2587890625,0,0.0
604,16,1,105,15.2587890625,0,0.0
605,16,1,135,15.2587890625,0,0.0
606,16,1,74,15.2587890625,0,0.0
607,16,1,5,15.2587890625,0,0.0
608,16,1,224,15.2587890625,0,0.0
609,16,1,48,15.2587890625,0,0.0
610,16,1,0,15.2587890625,0,0.0
611,16,1,1171,15.2587890625,1,1.0
612,16,1,90,15.2587890625,0,0.0
613,16,1,8,15.2587890625,0,0.0
614,16,1,627,15.2587890625,0,0.0
615,16,1,69,15.2587890625,0,0.0
616,16,1,1544,15.2587890625,0,0.0
617,16,1,31,15.2587890625,0,0.0
618,16,1,2,15.2587890625,0,0.0
619,16,1,166,15.2587890625,0,0.0
620,16,1,285,15.2587890625,0,0.0
621,16,1,10,15.2587890625,0,0.0
622,16,1,43,15.2587890625,0,0.0
623,16,1,28,15.2587890625,0,0.0
624,16,1,21,15.2587890625,0,0.0
625,16,1,280,15.2587890625,0,0.0
626,16,1,1,15.2587890625,0,0.0
627,16,1,1230,15.2587890625,0,0.0
628,16,1,2031,15.2587890625,0,0.0
629,16,1,93,15.2587890625,0,0.0
630,16,1,1838,15.2587890625,0,0.0
631,16,1,90,15.2587890625,0,0.0
632,16,1,113,15.2587890625,0,0.0
633,16,1,1153,15.2587890625,1,1.0
634,16,1,28,15.2587890625,0,0.0
635,16,1,19,15.2587890625,0,0.0
636,16,1,410,15.2587890625,0,0.0
637,16,1,126,15.2587890625,0,0.0
638,16,1,51,15.2587890625,0,0.0
639,16,1,1,15.2587890625,0,0.0
640,16,1,928,15.2587890625,0,0.0
641,16,1,405,15.2587890625,0,0.0
642,16,1,191,15.2587890625,0,0.0
643,16,1,363,15.2587890625,0,0.0
644,16,1,1309,15.2587890625,0,0.0
645,16,1,24,15.2587890625,0,0.0
646,16,1,922,15.2587890625,0,0.0
647,16,1,1618,15.2587890625,0,0.0
648,16,1,533,15.2587890625,0,0.0
649,16,1,78,15.2587890625,0,0.0
650,16,1,42,15.2587890625,0,0.0
651,16,1,251,15.2587890625,0,0.0
652,16,1,188,15.2587890625,0,0.0
653,16,1,41,15.2587890625,0,0.0
654,16,1,85,15.2587890625,0,0.0
655,16,1,29,15.2587890625,0,0.0
656,16,1,126,15.2587890625,0,0.0
657,16,1,54,15.2587890625,0,0.0
658,16,1,48,15.2587890625,0,0.0
659,16,1,53,15.2587890625,0,0.0
660,16,1,131,15.2587890625,0,0.0
661,16,1,1340,15.2587890625,1,1.0
662,16,1,717,15.2587890625,0,0.0
663,16,1,16,15.2587890625,0,0.0
664,16,1,1520,15.2587890625,0,0.0
665,16,1,981,15.2587890625,0,0.0
666,16,1,16,15.2587890625,0,0.0
667,16,1,928,15.2587890625,0,0.0
668,16,1,3718,15.2587890625,0,0.0
669,16,1,45,15.2587890625,0,0.0
670,16,1,33,15.2587890625,0,0.0
671,16,1,160,15.2587890625,0,0.0
672,16,1,450,15.2587890625,0,0.0
673,16,1,1878,15.2587890625,0,0.0
674,16,1,13,15.2587890625,0,0.0
675,16,1,853,15.2587890625,0,0.0
676,16,1,1,15.2587890625,0,0.0
677,16,1,132,15.2587890625,0,0.0
678,16,1,62,15.2587890625,0,0.0
679,16,1,879,15.2587890625,0,0.0
680,16,1,305,15.2587890625,0,0.0
681,16,1,1755,15.2587890625,0,0.0
682,16,1,189,15.2587890625,0,0.0
683,16,1,1529,15.2587890625,0,0.0
684,16,1,56,15.2587890625,0,0.0
685,16,1,2420,15.2587890625,0,0.0
686,16,1,477,15.2587890625,0,0.0
687,16,1,123,15.2587890625,0,0.0
688,16,1,19,15.2587890625,0,0.0
689,16,1,415,15.2587890625,0,0.0
690,16,1,731,15.2587890625,0,0.0
691,16,1,52,15.2587890625,0,0.0
692,16,1,5809,15.2587890625,1,1.0
693,16,1,6696,15.2587890625,0,0.0
694,16,1,8,15.2587890625,0,0.0
695,16,1,1,15.2587890625,0,0.0
696,16,1,178,15.2587890625,0,0.0
697,16,1,1470,15.2587890625,0,0.0
698,16,1,554,15.2587890625,0,0.0
699,16,1,18,15.2587890625,0,0.0
700,16,1,61,15.2587890625,0,0.0
701,16,1,85,15.2587890625,0,0.0
702,16,1,1927,15.2587890625,0,0.0
703,16,1,139,15.2587890625,0,0.0
704,16,1,592,15.2587890625,0,0.0
705,16,1,1447,15.2587890625,0,0.0
706,16,1,1,15.2587890625,0,0.0
707,16,1,1281,15.2587890625,0,0.0
708,16,1,3718,15.2587890625,0,0.0
709,16,1,52,15.2587890625,0,0.0
710,16,1,101,15.2587890625,0,0.0
711,16,1,90,15.2587890625,0,0.0
712,16,1,103,15.2587890625,0,0.0
713,16,1,84,15.2587890625,0,0.0
714,16,1,16,15.2587890625,0,0.0
715,16,1,1748,15.2587890625,0,0.0
716,16,1,150,15.2587890625,0,0.0
717,16,1,69,15.2587890625,0,0.0
718,16,1,132,15.2587890625,0,0.0
719,16,1,90,15.2587890625,0,0.0
720,16,1,56,15.2587890625,1,1.0
721,16,1,0,15.2587890625,0,0.0
722,16,1,254,15.2587890625,0,0.0
723,16,1,1134,15.2587890625,0,0.0
724,16,1,40,15.2587890625,0,0.0
725,16,1,88,15.2587890625,0,0.0
726,16,1,2565,15.2587890625,0,0.0
727,16,1,17,15.2587890625,0,0.0
728,16,1,183,15.2587890625,0,0.0
729,16,1,1838,15.2587890625,0,0.0
730,16,1,19,15.2587890625,0,0.0
731,16,1,152,15.2587890625,0,0.0
732,16,1,244,15.2587890625,0,0.0
733,16,1,631,15.2587890625,0,0.0
734,16,1,85,15.2587890625,0,0.0
735,16,1,20,15.2587890625,0,0.0
736,16,1,156,15.2587890625,0,0.0
737,16,1,367,15.2587890625,0,0.0
738,16,1,52,15.2587890625,0,0.0
739,16,1,549,15.2587890625,0,0.0
740,16,1,811,15.2587890625,0,0.0
741,16,1,40,15.2587890625,0,0.0
742,16,1,2816,15.2587890625,0,0.0
743,16,1,184,15.2587890625,0,0.0
744,16,1,1222,15.2587890625,0,0.0
745,16,1,131,15.2587890625,0,0.0
746,16,1,671,15.2587890625,0,0.0
747,16,1,398,15.2587890625,0,0.0
748,16,1,158,15.2587890625,0,0.0
749,16,1,26,15.2587890625,0,0.0
750,16,1,143,15.2587890625,0,0.0
751,16,1,14,15.2587890625,0,0.0
752,16,1,130,15.2587890625,0,0.0
753,16,1,20,15.2587890625,1,1.0
754,16,1,95,15.2587890625,0,0.0
755,16,1,19,15.2587890625,0,0.0
756,16,1,349,15.2587890625,0,0.0
757,16,1,40,15.2587890625,0,0.0
758,16,1,139,15.2587890625,0,0.0
759,16,1,1960,15.2587890625,0,0.0
760,16,1,31,15.2587890625,0,0.0
761,16,1,60,15.2587890625,0,0.0
762,16,1,1588,15.2587890625,0,0.0
763,16,1,367,15.2587890625,0,0.0
764,16,1,37,15.2587890625,0,0.0
765,16,1,4178,15.2587890625,0,0.0
766,16,1,25,15.2587890625,0,0.0
767,16,1,124,15.2587890625,0,0.0
768,16,1,0,15.2587890625,0,0.0
769,16,1,611,15.2587890625,0,0.0
770,16,1,647,15.2587890625,0,0.0
771,16,1,132,15.2587890625,0,0.0
772,16,1,11,15.2587890625,0,0.0
773,16,1,236,15.2587890625,0,0.0
774,16,1,84,15.2587890625,0,0.0
775,16,1,2,15.2587890625,0,0.0
776,16,1,4,15.2587890625,0,0.0
777,16,1,20,15.2587890625,0,0.0
778,16,1,13,15.2587890625,1,1.0
779,16,1,962,15.2587890625,0,0.0
780,16,1,15,15.2587890625,0,0.0
781,16,1,138,15.2587890625,0,0.0
782,16,1,11,15.2587890625,0,0.0
783,16,1,0,15.2587890625,0,0.0
784,16,1,325,15.2587890625,0,0.0
785,16,1,308,15.2587890625,0,0.0
786,16,1,554,15.2587890625,0,0.0
787,16,1,61,15.2587890625,0,0.0
788,16,1,19,15.2587890625,0,0.0
789,16,1,132,15.2587890625,1,1.0
790,16,1,251,15.2587890625,0,0.0
791,16,1,28,15.2587890625,0,0.0
792,16,1,626,15.2587890625,0,0.0
793,16,1,664,15.2587890625,0,0.0
794,16,1,20,15.2587890625,0,0.0
795,16,1,43,15.2587890625,0,0.0
796,16,1,1,15.2587890625,0,0.0
797,16,1,16,15.2587890625,0,0.0
798,16,1,139,15.2587890625,0,0.0
799,16,1,32,15.2587890625,0,0.0
800,16,1,23,15.2587890625,0,0.0
801,16,1,1807,15.2587890625,0,0.0
802,16,1,374,15.2587890625,0,0.0
803,16,1,90,15.2587890625,0,0.0
804,16,1,1618,15.2587890625,0,0.0
805,16,1,301,15.2587890625,0,0.0
806,16,1,3440,15.2587890625,1,1.0
807,16,1,16,15.2587890625,0,0.0
808,16,1,66,15.2587890625,0,0.0
809,16,1,542,15.2587890625,0,0.0
810,16,1,38,15.2587890625,0,0.0
811,16,1,192,15.2587890625,0,0.0
812,16,1,425,15.2587890625,1,1.0
813,16,1,1118,15.2587890625,1,1.0
814,16,1,286,15.2587890625,0,0.0
815,16,1,236,15.2587890625,0,0.0
816,16,1,235,15.2587890625,0,0.0
817,16,1,201,15.2587890625,0,0.0
818,16,1,192,15.2587890625,0,0.0
819,16,1,669,15.2587890625,0,0.0
820,16,1,30,15.2587890625,0,0.0
821,16,1,51,15.2587890625,0,0.0
822,16,1,2302,15.2587890625,0,0.0
823,16,1,11,15.2587890625,0,0.0
824,16,1,14,15.2587890625,0,0.0
825,16,1,113,15.2587890625,0,0.0
826,16,1,169,15.2587890625,0,0.0
827,16,1,3649,15.2587890625,0,0.0
828,16,1,157,15.2587890625,1,1.0
829,16,1,1,15.2587890625,0,0.0
830,16,1,1932,15.2587890625,0,0.0
831,16,1,97,15.2587890625,0,0.0
832,16,1,1,15.2587890625,0,0.0
833,16,1,465,15.2587890625,0,0.0
834,16,1,318,15.2587890625,0,0.0
835,16,1,49,15.2587890625,0,0.0
836,16,1,48,15.2587890625,0,0.0
837,16,1,314,15.2587890625,0,0.0
838,16,1,3568,15.2587890625,1,1.0
839,16,1,3649,15.2587890625,0,0.0
840,16,1,539,15.2587890625,0,0.0
841,16,1,48,15.2587890625,0,0.0
842,16,1,246,15.2587890625,0,0.0
843,16,1,160,15.2587890625,0,0.0
844,16,1,1340,15.2587890625,1,1.0
845,16,1,5,15.2587890625,0,0.0
846,16,1,320,15.2587890625,0,0.0
847,16,1,1571,15.2587890625,0,0.0
848,16,1,333,15.2587890625,0,0.0
849,16,1,1,15.2587890625,0,0.0
850,16,1,1,15.2587890625,0,0.0
851,16,1,494,15.2587890625,1,1.0
852,16,1,7,15.2587890625,0,0.0
853,16,1,6,15.2587890625,0,0.0
854,16,1,2573,15.2587890625,0,0.0
855,16,1,132,15.2587890625,0,0.0
856,16,1,291,15.2587890625,0,0.0
857,16,1,1009,15.2587890625,0,0.0
858,16,1,3486,15.2587890625,0,0.0
859,16,1,128,15.2587890625,0,0.0
860,16,1,0,15.2587890625,0,0.0
861,16,1,4,15.2587890625,0,0.0
862,16,1,622,15.2587890625,0,0.0
863,16,1,1,15.2587890625,0,0.0
864,16,1,4,15.2587890625,0,0.0
865,16,1,5650,15.2587890625,0,0.0
866,16,1,16,15.2587890625,0,0.0
867,16,1,5,15.2587890625,0,0.0
868,16,1,3089,15.2587890625,0,0.0
869,16,1,376,15.2587890625,0,0.0
870,16,1,3947,15.2587890625,0,0.0
871,16,1,33,15.2587890625,0,0.0
872,16,1,5,15.2587890625,0,0.0
873,16,1,2,15.2587890625,0,0.0
874,16,1,76,15.2587890625,0,0.0
875,16,1,886,15.2587890625,0,0.0
876,16,1,83,15.2587890625,0,0.0
877,16,1,62,15.2587890625,0,0.0
878,16,1,944,15.2587890625,0,0.0
879,16,1,10,15.2587890625,0,0.0
880,16,1,48,15.2587890625,0,0.0
881,16,1,128,15.2587890625,0,0.0
882,16,1,40,15.2587890625,0,0.0
883,16,1,125,15.2587890625,0,0.0
884,16,1,3089,15.2587890625,0,0.0
885,16,1,158,15.2587890625,0,0.0
886,16,1,217,15.2587890625,0,0.0
887,16,1,314,15.2587890625,0,0.0
888,16,1,3440,15.2587890625,0,0.0
889,16,1,65,15.2587890625,0,0.0
890,16,1,141,15.2587890625,0,0.0
891,16,1,391,15.2587890625,0,0.0
892,16,1,192,15.2587890625,0,0.0
893,16,1,153,15.2587890625,0,0.0
894,16,1,9,15.2587890625,0,0.0
895,16,1,14,15.2587890625,0,0.0
896,16,1,1,15.2587890625,0,0.0
897,16,1,262,15.2587890625,0,0.0
898,16,1,266,15.2587890625,0,0.0
899,16,1,1838,15.2587890625,0,0.0
900,16,1,99,15.2587890625,0,0.0
901,16,1,87,15.2587890625,1,1.0
902,16,1,94,15.2587890625,0,0.0
903,16,1,425,15.2587890625,0,0.0
904,16,1,919,15.2587890625,0,0.0
905,16,1,1176,15.2587890625,0,0.0
906,16,1,85,15.2587890625,0,0.0
907,16,1,11,15.2587890625,1,1.0
908,16,1,1009,15.2587890625,0,0.0
909,16,1,182,15.2587890625,0,0.0
910,16,1,58,15.2587890625,0,0.0
911,16,1,7,15.2587890625,0,0.0
912,16,1,6696,15.2587890625,0,0.0
913,16,1,13,15.2587890625,0,0.0
914,16,1,841,15.2587890625,0,0.0
915,16,1,2564,15.2587890625,0,0.0
916,16,1,264,15.2587890625,0,0.0
917,16,1,2338,15.2587890625,0,0.0
918,16,1,27,15.2587890625,0,0.0
919,16,1,18,15.2587890625,0,0.0
920,16,1,36,15.2587890625,0,0.0
921,16,1,6696,15.2587890625,0,0.0
922,16,1,65,15.2587890625,0,0.0
923,16,1,1,15.2587890625,0,0.0
924,16,1,634,15.2587890625,0,0.0
925,16,1,174,15.2587890625,0,0.0
926,16,1,2988,15.2587890625,0,0.0
927,16,1,377,15.2587890625,0,0.0
928,16,1,4264,15.2587890625,0,0.0
929,16,1,458,15.2587890625,0,0.0
930,16,1,64,15.2587890625,0,0.0
931,16,1,17,15.2587890625,0,0.0
932,16,1,8,15.2587890625,0,0.0
933,16,1,1129,15.2587890625,1,1.0
934,16,1,72,15.2587890625,0,0.0
935,16,1,51,15.2587890625,0,0.0
936,16,1,31,15.2587890625,0,0.0
937,16,1,72,15.2587890625,0,0.0
938,16,1,377,15.2587890625,0,0.0
939,16,1,30,15.2587890625,0,0.0
940,16,1,39,15.2587890625,0,0.0
941,16,1,24,15.2587890625,0,0.0
942,16,1,115,15.2587890625,0,0.0
943,16,1,647,15.2587890625,0,0.0
944,16,1,1252,15.2587890625,0,0.0
945,16,1,136,15.2587890625,0,0.0
946,16,1,105,15.2587890625,0,0.0
947,16,1,51,15.2587890625,0,0.0
948,16,1,412,15.2587890625,0,0.0
949,16,1,53,15.2587890625,0,0.0
950,16,1,68,15.2587890625,0,0.0
951,16,1,1068,15.2587890625,0,0.0
952,16,1,591,15.2587890625,1,1.0
953,16,1,5026,15.2587890625,0,0.0
954,16,1,783,15.2587890625,0,0.0
955,16,1,202,15.2587890625,0,0.0
956,16,1,1195,15.2587890625,0,0.0
957,16,1,143,15.2587890625,0,0.0
958,16,1,232,15.2587890625,0,0.0
959,16,1,43,15.2587890625,1,1.0
960,16,1,49,15.2587890625,0,0.0
961,16,1,5,15.2587890625,0,0.0
962,16,1,108,15.2587890625,0,0.0
963,16,1,0,15.2587890625,0,0.0
964,16,1,904,15.2587890625,0,0.0
965,16,1,1588,15.2587890625,0,0.0
966,16,1,10,15.2587890625,0,0.0
967,16,1,3,15.2587890625,0,0.0
968,16,1,135,15.2587890625,0,0.0
969,16,1,37,15.2587890625,0,0.0
970,16,1,20,15.2587890625,0,0.0
971,16,1,20,15.2587890625,0,0.0
972,16,1,169,15.2587890625,0,0.0
973,16,1,44,15.2587890625,0,0.0
974,16,1,41,15.2587890625,0,0.0
975,16,1,12,15.2587890625,0,0.0
976,16,1,4,15.2587890625,0,0.0
977,16,1,0,15.2587890625,0,0.0
978,16,1,3568,15.2587890625,0,0.0
979,16,1,30,15.2587890625,0,0.0
980,16,1,41,15.2587890625,0,0.0
981,16,1,874,15.2587890625,1,1.0
982,16,1,4666,15.2587890625,0,0.0
983,16,1,884,15.2587890625,0,0.0
984,16,1,4,15.2587890625,0,0.0
985,16,1,264,15.2587890625,0,0.0
986,16,1,1,15.2587890625,0,0.0
987,16,1,73,15.2587890625,0,0.0
988,16,1,1111,15.2587890625,0,0.0
989,16,1,429,15.2587890625,1,1.0
990,16,1,2565,15.2587890625,0,0.0
991,16,1,45,15.2587890625,0,0.0
992,16,1,43,15.2587890625,0,0.0
993,16,1,1,15.2587890625,0,0.0
994,16,1,83,15.2587890625,0,0.0
995,16,1,132,15.2587890625,0,0.0
996,16,1,1554,15.2587890625,0,0.0
997,16,1,7,15.2587890625,0,0.0
998,16,1,171,15.2587890625,0,0.0
999,16,1,571,15.2587890625,0,0.0
0,16,10,11,15.2587890625,0,0.0
1,16,10,8,15.2587890625,0,0.0
2,16,10,58,15.2587890625,0,0.0
3,16,10,2,15.2587890625,0,0.0
4,16,10,5809,15.2587890625,0,0.0
5,16,10,132,15.2587890625,0,0.0
6,16,10,57,15.2587890625,4,0.4
7,16,10,2,15.2587890625,0,0.0
8,16,10,470,15.2587890625,1,0.1
9,16,10,289,15.2587890625,0,0.0
10,16,10,35,15.2587890625,0,0.0
11,16,10,48,15.2587890625,0,0.0
12,16,10,414,15.2587890625,0,0.0
13,16,10,121,15.2587890625,0,0.0
14,16,10,17,15.2587890625,0,0.0
15,16,10,24,15.2587890625,0,0.0
16,16,10,55,15.2587890625,0,0.0
17,16,10,606,15.2587890625,0,0.0
18,16,10,988,15.2587890625,0,0.0
19,16,10,2,15.2587890625,0,0.0
20,16,10,2988,15.2587890625,0,0.0
21,16,10,1903,15.2587890625,0,0.0
22,16,10,4,15.2587890625,0,0.0
23,16,10,3,15.2587890625,0,0.0
24,16,10,52,15.2587890625,1,0.1
25,16,10,616,15.2587890625,0,0.0
26,16,10,1372,15.2587890625,1,0.1
27,16,10,804,15.2587890625,0,0.0
28,16,10,142,15.2587890625,0,0.0
29,16,10,2408,15.2587890625,1,0.1
30,16,10,47,15.2587890625,0,0.0
31,16,10,135,15.2587890625,0,0.0
32,16,10,393,15.2587890625,0,0.0
33,16,10,669,15.2587890625,1,0.1
34,16,10,521,15.2587890625,3,0.3
35,16,10,664,15.2587890625,0,0.0
36,16,10,152,15.2587890625,0,0.0
37,16,10,657,15.2587890625,0,0.0
38,16,10,2,15.2587890625,1,0.1
39,16,10,14,15.2587890625,3,0.3
40,16,10,205,15.2587890625,0,0.0
41,16,10,1144,15.2587890625,0,0.0
42,16,10,399,15.2587890625,0,0.0
43,16,10,2302,15.2587890625,2,0.2
44,16,10,11,15.2587890625,3,0.3
45,16,10,714,15.2587890625,0,0.0
46,16,10,39,15.2587890625,0,0.0
47,16,10,108,15.2587890625,3,0.3
48,16,10,134,15.2587890625,0,0.0
49,16,10,168,15.2587890625,1,0.1
50,16,10,69,15.2587890625,0,0.0
51,16,10,349,15.2587890625,1,0.1
52,16,10,13,15.2587890625,0,0.0
53,16,10,5026,15.2587890625,0,0.0
54,16,10,3626,15.2587890625,3,0.3
55,16,10,1,15.2587890625,0,0.0
56,16,10,830,15.2587890625,0,0.0
57,16,10,3,15.2587890625,0,0.0
58,16,10,101,15.2587890625,0,0.0
59,16,10,391,15.2587890625,0,0.0
60,16,10,8,15.2587890625,0,0.0
61,16,10,3089,15.2587890625,0,0.0
62,16,10,1090,15.2587890625,0,0.0
63,16,10,370,15.2587890625,0,0.0
64,16,10,855,15.2587890625,0,0.0
65,16,10,1188,15.2587890625,0,0.0
66,16,10,25,15.2587890625,0,0.0
67,16,10,42,15.2587890625,2,0.2
68,16,10,50,15.2587890625,0,0.0
69,16,10,34,15.2587890625,0,0.0
70,16,10,98,15.2587890625,0,0.0
71,16,10,143,15.2587890625,0,0.0
72,16,10,410,15.2587890625,0,0.0
73,16,10,841,15.2587890625,0,0.0
74,16,10,3089,15.2587890625,1,0.1
75,16,10,60,15.2587890625,0,0.0
76,16,10,3440,15.2587890625,0,0.0
77,16,10,1,15.2587890625,0,0.0
78,16,10,152,15.2587890625,0,0.0
79,16,10,295,15.2587890625,0,0.0
80,16,10,72,15.2587890625,0,0.0
81,16,10,54,15.2587890625,1,0.1
82,16,10,149,15.2587890625,0,0.0
83,16,10,85,15.2587890625,0,0.0
84,16,10,109,15.2587890625,0,0.0
85,16,10,192,15.2587890625,0,0.0
86,16,10,1146,15.2587890625,0,0.0
87,16,10,186,15.2587890625,0,0.0
88,16,10,0,15.2587890625,0,0.0
89,16,10,494,15.2587890625,3,0.3
90,16,10,4264,15.2587890625,0,0.0
91,16,10,104,15.2587890625,0,0.0
92,16,10,21,15.2587890625,0,0.0
93,16,10,6696,15.2587890625,0,0.0
94,16,10,56,15.2587890625,0,0.0
95,16,10,21,15.2587890625,0,0.0
96,16,10,24,15.2587890625,0,0.0
97,16,10,31,15.2587890625,0,0.0
98,16,10,33,15.2587890625,0,0.0
99,16,10,36,15.2587890625,1,0.1
100,16,10,119,15.2587890625,0,0.0
101,16,10,19,15.2587890625,0,0.0
102,16,10,28,15.2587890625,0,0.0
103,16,10,188,15.2587890625,2,0.2
104,16,10,162,15.2587890625,0,0.0
105,16,10,77,15.2587890625,0,0.0
106,16,10,2140,15.2587890625,1,0.1
107,16,10,26,15.2587890625,1,0.1
108,16,10,0,15.2587890625,0,0.0
109,16,10,110,15.2587890625,1,0.1
110,16,10,39,15.2587890625,0,0.0
111,16,10,386,15.2587890625,0,0.0
112,16,10,10,15.2587890625,0,0.0
113,16,10,425,15.2587890625,0,0.0
114,16,10,115,15.2587890625,2,0.2
115,16,10,37,15.2587890625,0,0.0
116,16,10,351,15.2587890625,0,0.0
117,16,10,54,15.2587890625,0,0.0
118,16,10,101,15.2587890625,0,0.0
119,16,10,8,15.2587890625,0,0.0
120,16,10,54,15.2587890625,0,0.0
121,16,10,613,15.2587890625,0,0.0
122,16,10,108,15.2587890625,0,0.0
123,16,10,64,15.2587890625,0,0.0
124,16,10,630,15.2587890625,0,0.0
125,16,10,274,15.2587890625,0,0.0
126,16,10,2,15.2587890625,0,0.0
127,16,10,94,15.2587890625,0,0.0
128,16,10,2,15.2587890625,0,0.0
129,16,10,185,15.2587890625,0,0.0
130,16,10,575,15.2587890625,0,0.0
131,16,10,75,15.2587890625,0,0.0
132,16,10,199,15.2587890625,0,0.0
133,16,10,13,15.2587890625,0,0.0
134,16,10,13,15.2587890625,0,0.0
135,16,10,56,15.2587890625,0,0.0
136,16,10,646,15.2587890625,2,0.2
137,16,10,3,15.2587890625,0,0.0
138,16,10,142,15.2587890625,0,0.0
139,16,10,100,15.2587890625,0,0.0
140,16,10,192,15.2587890625,0,0.0
141,16,10,48,15.2587890625,0,0.0
142,16,10,109,15.2587890625,0,0.0
143,16,10,2338,15.2587890625,0,0.0
144,16,10,1132,15.2587890625,0,0.0
145,16,10,1,15.2587890625,0,0.0
146,16,10,1673,15.2587890625,1,0.1
147,16,10,114,15.2587890625,0,0.0
148,16,10,2571,15.2587890625,1,0.1
149,16,10,192,15.2587890625,0,0.0
150,16,10,292,15.2587890625,1,0.1
151,16,10,39,15.2587890625,0,0.0
152,16,10,12,15.2587890625,0,0.0
153,16,10,14,15.2587890625,0,0.0
154,16,10,233,15.2587890625,0,0.0
155,16,10,101,15.2587890625,1,0.1
156,16,10,42,15.2587890625,0,0.0
157,16,10,302,15.2587890625,0,0.0
158,16,10,182,15.2587890625,2,0.2
159,16,10,40,15.2587890625,0,0.0
160,16,10,0,15.2587890625,0,0.0
161,16,10,268,15.2587890625,0,0.0
162,16,10,1056,15.2587890625,1,0.1
163,16,10,75,15.2587890625,0,0.0
164,16,10,36,15.2587890625,0,0.0
165,16,10,2571,15.2587890625,3,0.3
166,16,10,79,15.2587890625,1,0.1
167,16,10,27,15.2587890625,0,0.0
168,16,10,94,15.2587890625,0,0.0
169,16,10,4,15.2587890625,0,0.0
170,16,10,212,15.2587890625,1,0.1
171,16,10,109,15.2587890625,0,0.0
172,16,10,1748,15.2587890625,1,0.1
173,16,10,26,15.2587890625,0,0.0
174,16,10,133,15.2587890625,0,0.0
175,16,10,53,15.2587890625,0,0.0
176,16,10,196,15.2587890625,0,0.0
177,16,10,3718,15.2587890625,0,0.0
178,16,10,2338,15.2587890625,2,0.2
179,16,10,7,15.2587890625,0,0.0
180,16,10,9,15.2587890625,0,0.0
181,16,10,2,15.2587890625,0,0.0
182,16,10,101,15.2587890625,0,0.0
183,16,10,22,15.2587890625,0,0.0
184,16,10,714,15.2587890625,2,0.2
185,16,10,79,15.2587890625,1,0.1
186,16,10,261,15.2587890625,0,0.0
187,16,10,0,15.2587890625,0,0.0
188,16,10,28,15.2587890625,0,0.0
189,16,10,566,15.2587890625,2,0.2
190,16,10,18,15.2587890625,0,0.0
191,16,10,83,15.2587890625,0,0.0
192,16,10,1118,15.2587890625,0,0.0
193,16,10,1129,15.2587890625,1,0.1
194,16,10,367,15.2587890625,0,0.0
195,16,10,385,15.2587890625,0,0.0
196,16,10,707,15.2587890625,0,0.0
197,16,10,313,15.2587890625,0,0.0
198,16,10,1931,15.2587890625,0,0.0
199,16,10,349,15.2587890625,0,0.0
200,16,10,3,15.2587890625,0,0.0
201,16,10,67,15.2587890625,0,0.0
202,16,10,611,15.2587890625,0,0.0
203,16,10,292,15.2587890625,0,0.0
204,16,10,344,15.2587890625,0,0.0
205,16,10,42,15.2587890625,0,0.0
206,16,10,197,15.2587890625,0,0.0
207,16,10,344,15.2587890625,1,0.1
208,16,10,128,15.2587890625,1,0.1
209,16,10,661,15.2587890625,0,0.0
210,16,10,3,15.2587890625,0,0.0
211,16,10,287,15.2587890625,0,0.0
212,16,10,344,15.2587890625,0,0.0
213,16,10,58,15.2587890625,0,0.0
214,16,10,376,15.2587890625,0,0.0
215,16,10,9,15.2587890625,0,0.0
216,16,10,4,15.2587890625,0,0.0
217,16,10,919,15.2587890625,0,0.0
218,16,10,120,15.2587890625,0,0.0
219,16,10,1544,15.2587890625,4,0.4
220,16,10,3718,15.2587890625,1,0.1
221,16,10,1187,15.2587890625,0,0.0
222,16,10,874,15.2587890625,0,0.0
223,16,10,53,15.2587890625,0,0.0
224,16,10,314,15.2587890625,0,0.0
225,16,10,234,15.2587890625,0,0.0
226,16,10,34,15.2587890625,0,0.0
227,16,10,176,15.2587890625,0,0.0
228,16,10,837,15.2587890625,0,0.0
229,16,10,69,15.2587890625,0,0.0
230,16,10,5,15.2587890625,0,0.0
231,16,10,0,15.2587890625,0,0.0
232,16,10,4,15.2587890625,0,0.0
233,16,10,2,15.2587890625,0,0.0
234,16,10,101,15.2587890625,0,0.0
235,16,10,1960,15.2587890625,0,0.0
236,16,10,663,15.2587890625,1,0.1
237,16,10,10,15.2587890625,0,0.0
238,16,10,117,15.2587890625,1,0.1
239,16,10,0,15.2587890625,0,0.0
240,16,10,57,15.2587890625,1,0.1
241,16,10,1176,15.2587890625,1,0.1
242,16,10,86,15.2587890625,0,0.0
243,16,10,370,15.2587890625,0,0.0
244,16,10,121,15.2587890625,0,0.0
245,16,10,397,15.2587890625,0,0.0
246,16,10,86,15.2587890625,0,0.0
247,16,10,229,15.2587890625,1,0.1
248,16,10,2,15.2587890625,0,0.0
249,16,10,113,15.2587890625,0,0.0
250,16,10,103,15.2587890625,0,0.0
251,16,10,804,15.2587890625,0,0.0
252,16,10,3718,15.2587890625,1,0.1
253,16,10,29,15.2587890625,0,0.0
254,16,10,27,15.2587890625,0,0.0
255,16,10,46,15.2587890625,0,0.0
256,16,10,15,15.2587890625,0,0.0
257,16,10,944,15.2587890625,4,0.4
258,16,10,18,15.2587890625,0,0.0
259,16,10,677,15.2587890625,0,0.0
260,16,10,53,15.2587890625,0,0.0
261,16,10,39,15.2587890625,3,0.3
262,16,10,6,15.2587890625,0,0.0
263,16,10,0,15.2587890625,0,0.0
264,16,10,387,15.2587890625,0,0.0
265,16,10,14,15.2587890625,0,0.0
266,16,10,44,15.2587890625,0,0.0
267,16,10,216,15.2587890625,0,0.0
268,16,10,433,15.2587890625,0,0.0
269,16,10,142,15.2587890625,0,0.0
270,16,10,142,15.2587890625,0,0.0
271,16,10,77,15.2587890625,0,0.0
272,16,10,6,15.2587890625,0,0.0
273,16,10,34,15.2587890625,0,0.0
274,16,10,10,15.2587890625,0,0.0
275,16,10,885,15.2587890625,1,0.1
276,16,10,148,15.2587890625,0,0.0
277,16,10,445,15.2587890625,0,0.0
278,16,10,18,15.2587890625,1,0.1
279,16,10,103,15.2587890625,0,0.0
280,16,10,104,15.2587890625,1,0.1
281,16,10,20,15.2587890625,0,0.0
282,16,10,657,15.2587890625,0,0.0
283,16,10,23,15.2587890625,0,0.0
284,16,10,325,15.2587890625,0,0.0
285,16,10,95,15.2587890625,0,0.0
286,16,10,45,15.2587890625,0,0.0
287,16,10,713,15.2587890625,1,0.1
288,16,10,2715,15.2587890625,3,0.3
289,16,10,299,15.2587890625,0,0.0
290,16,10,367,15.2587890625,1,0.1
291,16,10,9,15.2587890625,0,0.0
292,16,10,156,15.2587890625,0,0.0
293,16,10,0,15.2587890625,0,0.0
294,16,10,280,15.2587890625,1,0.1
295,16,10,49,15.2587890625,0,0.0
296,16,10,22,15.2587890625,0,0.0
297,16,10,83,15.2587890625,0,0.0
298,16,10,98,15.2587890625,0,0.0
299,16,10,28,15.2587890625,4,0.4
300,16,10,19,15.2587890625,0,0.0
301,16,10,132,15.2587890625,0,0.0
302,16,10,41,15.2587890625,0,0.0
303,16,10,0,15.2587890625,0,0.0
304,16,10,159,15.2587890625,0,0.0
305,16,10,467,15.2587890625,0,0.0
306,16,10,57,15.2587890625,0,0.0
307,16,10,36,15.2587890625,0,0.0
308,16,10,153,15.2587890625,0,0.0
309,16,10,4666,15.2587890625,3,0.3
310,16,10,661,15.2587890625,3,0.3
311,16,10,14,15.2587890625,0,0.0
312,16,10,1605,15.2587890625,0,0.0
313,16,10,70,15.2587890625,0,0.0
314,16,10,46,15.2587890625,0,0.0
315,16,10,54,15.2587890625,1,0.1
316,16,10,40,15.2587890625,0,0.0
317,16,10,91,15.2587890625,0,0.0
318,16,10,837,15.2587890625,2,0.2
319,16,10,2,15.2587890625,0,0.0
320,16,10,46,15.2587890625,0,0.0
321,16,10,13,15.2587890625,1,0.1
322,16,10,76,15.2587890625,0,0.0
323,16,10,301,15.2587890625,0,0.0
324,16,10,25,15.2587890625,0,0.0
325,16,10,459,15.2587890625,1,0.1
326,16,10,107,15.2587890625,0,0.0
327,16,10,214,15.2587890625,0,0.0
328,16,10,142,15.2587890625,0,0.0
329,16,10,10,15.2587890625,0,0.0
330,16,10,6696,15.2587890625,2,0.2
331,16,10,2,15.2587890625,0,0.0
332,16,10,284,15.2587890625,0,0.0
333,16,10,528,15.2587890625,1,0.1
334,16,10,176,15.2587890625,0,0.0
335,16,10,18,15.2587890625,0,0.0
336,16,10,68,15.2587890625,0,0.0
337,16,10,63,15.2587890625,0,0.0
338,16,10,5,15.2587890625,0,0.0
339,16,10,128,15.2587890625,0,0.0
340,16,10,286,15.2587890625,0,0.0
341,16,10,105,15.2587890625,0,0.0
342,16,10,677,15.2587890625,2,0.2
343,16,10,1195,15.2587890625,0,0.0
344,16,10,1755,15.2587890625,0,0.0
345,16,10,904,15.2587890625,1,0.1
346,16,10,1323,15.2587890625,0,0.0
347,16,10,56,15.2587890625,1,0.1
348,16,10,296,15.2587890625,0,0.0
349,16,10,3718,15.2587890625,1,0.1
350,16,10,30,15.2587890625,0,0.0
351,16,10,1,15.2587890625,0,0.0
352,16,10,1,15.2587890625,1,0.1
353,16,10,823,15.2587890625,1,0.1
354,16,10,2338,15.2587890625,0,0.0
355,16,10,102,15.2587890625,0,0.0
356,16,10,1945,15.2587890625,4,0.4
357,16,10,19,15.2587890625,0,0.0
358,16,10,0,15.2587890625,0,0.0
359,16,10,1129,15.2587890625,1,0.1
360,16,10,86,15.2587890625,0,0.0
361,16,10,24,15.2587890625,1,0.1
362,16,10,8,15.2587890625,0,0.0
363,16,10,3626,15.2587890625,0,0.0
364,16,10,38,15.2587890625,0,0.0
365,16,10,42,15.2587890625,0,0.0
366,16,10,268,15.2587890625,0,0.0
367,16,10,1949,15.2587890625,0,0.0
368,16,10,116,15.2587890625,0,0.0
369,16,10,5,15.2587890625,0,0.0
370,16,10,11,15.2587890625,0,0.0
371,16,10,29,15.2587890625,0,0.0
372,16,10,47,15.2587890625,0,0.0
373,16,10,64,15.2587890625,0,0.0
374,16,10,167,15.2587890625,1,0.1
375,16,10,18,15.2587890625,0,0.0
376,16,10,285,15.2587890625,0,0.0
377,16,10,13,15.2587890625,1,0.1
378,16,10,708,15.2587890625,1,0.1
379,16,10,257,15.2587890625,0,0.0
380,16,10,1,15.2587890625,0,0.0
381,16,10,49,15.2587890625,0,0.0
382,16,10,50,15.2587890625,0,0.0
383,16,10,2170,15.2587890625,0,0.0
384,16,10,251,15.2587890625,0,0.0
385,16,10,133,15.2587890625,0,0.0
386,16,10,1931,15.2587890625,0,0.0
387,16,10,15,15.2587890625,0,0.0
388,16,10,3,15.2587890625,0,0.0
389,16,10,1072,15.2587890625,0,0.0
390,16,10,1048,15.2587890625,0,0.0
391,16,10,441,15.2587890625,0,0.0
392,16,10,43,15.2587890625,0,0.0
393,16,10,439,15.2587890625,0,0.0
394,16,10,84,15.2587890625,1,0.1
395,16,10,1195,15.2587890625,0,0.0
396,16,10,36,15.2587890625,0,0.0
397,16,10,430,15.2587890625,0,0.0
398,16,10,557,15.2587890625,0,0.0
399,16,10,63,15.2587890625,1,0.1
400,16,10,0,15.2587890625,0,0.0
401,16,10,8,15.2587890625,0,0.0
402,16,10,305,15.2587890625,0,0.0
403,16,10,212,15.2587890625,0,0.0
404,16,10,158,15.2587890625,0,0.0
405,16,10,972,15.2587890625,0,0.0
406,16,10,41,15.2587890625,0,0.0
407,16,10,1748,15.2587890625,1,0.1
408,16,10,3718,15.2587890625,0,0.0
409,16,10,2408,15.2587890625,1,0.1
410,16,10,357,15.2587890625,0,0.0
411,16,10,3,15.2587890625,0,0.0
412,16,10,5,15.2587890625,0,0.0
413,16,10,321,15.2587890625,1,0.1
414,16,10,44,15.2587890625,1,0.1
415,16,10,250,15.2587890625,0,0.0
416,16,10,0,15.2587890625,0,0.0
417,16,10,30,15.2587890625,0,0.0
418,16,10,20,15.2587890625,0,0.0
419,16,10,1134,15.2587890625,2,0.2
420,16,10,29,15.2587890625,0,0.0
421,16,10,15,15.2587890625,0,0.0
422,16,10,573,15.2587890625,0,0.0
423,16,10,428,15.2587890625,3,0.3
424,16,10,21,15.2587890625,0,0.0
425,16,10,24,15.2587890625,0,0.0
426,16,10,102,15.2587890625,1,0.1
427,16,10,308,15.2587890625,0,0.0
428,16,10,65,15.2587890625,0,0.0
429,16,10,95,15.2587890625,0,0.0
430,16,10,1111,15.2587890625,0,0.0
431,16,10,376,15.2587890625,0,0.0
432,16,10,317,15.2587890625,0,0.0
433,16,10,34,15.2587890625,0,0.0
434,16,10,4666,15.2587890625,2,0.2
435,16,10,632,15.2587890625,0,0.0
436,16,10,73,15.2587890625,0,0.0
437,16,10,7,15.2587890625,0,0.0
438,16,10,80,15.2587890625,0,0.0
439,16,10,314,15.2587890625,0,0.0
440,16,10,24,15.2587890625,0,0.0
441,16,10,207,15.2587890625,0,0.0
442,16,10,46,15.2587890625,0,0.0
443,16,10,4,15.2587890625,0,0.0
444,16,10,717,15.2587890625,1,0.1
445,16,10,928,15.2587890625,0,0.0
446,16,10,11,15.2587890625,0,0.0
447,16,10,50,15.2587890625,0,0.0
448,16,10,29,15.2587890625,0,0.0
449,16,10,27,15.2587890625,0,0.0
450,16,10,25,15.2587890625,0,0.0
451,16,10,1318,15.2587890625,3,0.3
452,16,10,73,15.2587890625,0,0.0
453,16,10,0,15.2587890625,0,0.0
454,16,10,28,15.2587890625,0,0.0
455,16,10,0,15.2587890625,0,0.0
456,16,10,77,15.2587890625,0,0.0
457,16,10,520,15.2587890625,0,0.0
458,16,10,63,15.2587890625,0,0.0
459,16,10,1307,15.2587890625,0,0.0
460,16,10,5,15.2587890625,0,0.0
461,16,10,37,15.2587890625,0,0.0
462,16,10,43,15.2587890625,0,0.0
463,16,10,474,15.2587890625,0,0.0
464,16,10,153,15.2587890625,0,0.0
465,16,10,108,15.2587890625,0,0.0
466,16,10,194,15.2587890625,0,0.0
467,16,10,18,15.2587890625,0,0.0
468,16,10,212,15.2587890625,0,0.0
469,16,10,69,15.2587890625,0,0.0
470,16,10,21,15.2587890625,0,0.0
471,16,10,393,15.2587890625,1,0.1
472,16,10,220,15.2587890625,0,0.0
473,16,10,14,15.2587890625,0,0.0
474,16,10,2420,15.2587890625,0,0.0
475,16,10,27,15.2587890625,1,0.1
476,16,10,8,15.2587890625,0,0.0
477,16,10,52,15.2587890625,2,0.2
478,16,10,56,15.2587890625,0,0.0
479,16,10,545,15.2587890625,1,0.1
480,16,10,211,15.2587890625,0,0.0
481,16,10,32,15.2587890625,0,0.0
482,16,10,4,15.2587890625,0,0.0
483,16,10,0,15.2587890625,0,0.0
484,16,10,0,15.2587890625,0,0.0
485,16,10,98,15.2587890625,0,0.0
486,16,10,138,15.2587890625,0,0.0
487,16,10,5809,15.2587890625,5,0.5
488,16,10,1742,15.2587890625,2,0.2
489,16,10,303,15.2587890625,1,0.1
490,16,10,483,15.2587890625,0,0.0
491,16,10,2571,15.2587890625,1,0.1
492,16,10,10,15.2587890625,0,0.0
493,16,10,275,15.2587890625,0,0.0
494,16,10,74,15.2587890625,0,0.0
495,16,10,108,15.2587890625,0,0.0
496,16,10,2120,15.2587890625,0,0.0
497,16,10,7,15.2587890625,0,0.0
498,16,10,405,15.2587890625,0,0.0
499,16,10,1955,15.2587890625,4,0.4
500,16,10,21,15.2587890625,0,0.0
501,16,10,21,15.2587890625,0,0.0
502,16,10,185,15.2587890625,1,0.1
503,16,10,2715,15.2587890625,0,0.0
504,16,10,1,15.2587890625,0,0.0
505,16,10,13,15.2587890625,0,0.0
506,16,10,23,15.2587890625,0,0.0
507,16,10,833,15.2587890625,0,0.0
508,16,10,176,15.2587890625,0,0.0
509,16,10,126,15.2587890625,0,0.0
510,16,10,1878,15.2587890625,7,0.7
511,16,10,65,15.2587890625,0,0.0
512,16,10,13,15.2587890625,0,0.0
513,16,10,24,15.2587890625,0,0.0
514,16,10,6,15.2587890625,0,0.0
515,16,10,9,15.2587890625,0,0.0
516,16,10,0,15.2587890625,0,0.0
517,16,10,26,15.2587890625,0,0.0
518,16,10,942,15.2587890625,2,0.2
519,16,10,7,15.2587890625,0,0.0
520,16,10,49,15.2587890625,0,0.0
521,16,10,2386,15.2587890625,3,0.3
522,16,10,30,15.2587890625,0,0.0
523,16,10,179,15.2587890625,1,0.1
524,16,10,485,15.2587890625,2,0.2
525,16,10,1435,15.2587890625,2,0.2
526,16,10,17,15.2587890625,0,0.0
527,16,10,0,15.2587890625,0,0.0
528,16,10,42,15.2587890625,0,0.0
529,16,10,16,15.2587890625,0,0.0
530,16,10,7,15.2587890625,0,0.0
531,16,10,783,15.2587890625,0,0.0
532,16,10,2988,15.2587890625,1,0.1
533,16,10,2,15.2587890625,0,0.0
534,16,10,30,15.2587890625,0,0.0
535,16,10,156,15.2587890625,0,0.0
536,16,10,0,15.2587890625,0,0.0
537,16,10,5026,15.2587890625,2,0.2
538,16,10,265,15.2587890625,0,0.0
539,16,10,37,15.2587890625,0,0.0
540,16,10,4,15.2587890625,0,0.0
541,16,10,28,15.2587890625,0,0.0
542,16,10,629,15.2587890625,0,0.0
543,16,10,254,15.2587890625,0,0.0
544,16,10,96,15.2587890625,0,0.0
545,16,10,1233,15.2587890625,1,0.1
546,16,10,121,15.2587890625,0,0.0
547,16,10,210,15.2587890625,0,0.0
548,16,10,29,15.2587890625,0,0.0
549,16,10,0,15.2587890625,0,0.0
550,16,10,52,15.2587890625,0,0.0
551,16,10,39,15.2587890625,0,0.0
552,16,10,168,15.2587890625,0,0.0
553,16,10,89,15.2587890625,0,0.0
554,16,10,62,15.2587890625,0,0.0
555,16,10,17,15.2587890625,0,0.0
556,16,10,972,15.2587890625,1,0.1
557,16,10,347,15.2587890625,1,0.1
558,16,10,36,15.2587890625,1,0.1
559,16,10,84,15.2587890625,0,0.0
560,16,10,127,15.2587890625,0,0.0
561,16,10,54,15.2587890625,1,0.1
562,16,10,677,15.2587890625,0,0.0
563,16,10,108,15.2587890625,0,0.0
564,16,10,1,15.2587890625,0,0.0
565,16,10,14,15.2587890625,0,0.0
566,16,10,31,15.2587890625,0,0.0
567,16,10,27,15.2587890625,0,0.0
568,16,10,1955,15.2587890625,0,0.0
569,16,10,141,15.2587890625,0,0.0
570,16,10,1810,15.2587890625,0,0.0
571,16,10,925,15.2587890625,0,0.0
572,16,10,64,15.2587890625,0,0.0
573,16,10,0,15.2587890625,0,0.0
574,16,10,624,15.2587890625,0,0.0
575,16,10,47,15.2587890625,0,0.0
576,16,10,158,15.2587890625,0,0.0
577,16,10,256,15.2587890625,0,0.0
578,16,10,80,15.2587890625,0,0.0
579,16,10,33,15.2587890625,0,0.0
580,16,10,54,15.2587890625,0,0.0
581,16,10,1,15.2587890625,0,0.0
582,16,10,4666,15.2587890625,0,0.0
583,16,10,268,15.2587890625,0,0.0
584,16,10,3,15.2587890625,1,0.1
585,16,10,75,15.2587890625,1,0.1
586,16,10,138,15.2587890625,0,0.0
587,16,10,133,15.2587890625,2,0.2
588,16,10,136,15.2587890625,0,0.0
589,16,10,123,15.2587890625,0,0.0
590,16,10,96,15.2587890625,0,0.0
591,16,10,1383,15.2587890625,0,0.0
592,16,10,31,15.2587890625,0,0.0
593,16,10,1144,15.2587890625,5,0.5
594,16,10,102,15.2587890625,0,0.0
595,16,10,515,15.2587890625,3,0.3
596,16,10,884,15.2587890625,1,0.1
597,16,10,30,15.2587890625,0,0.0
598,16,10,908,15.2587890625,0,0.0
599,16,10,134,15.2587890625,0,0.0
600,16,10,30,15.2587890625,0,0.0
601,16,10,82,15.2587890625,0,0.0
602,16,10,176,15.2587890625,0,0.0
603,16,10,2306,15.2587890625,0,0.0
604,16,10,105,15.2587890625,0,0.0
605,16,10,135,15.2587890625,0,0.0
606,16,10,74,15.2587890625,0,0.0
607,16,10,5,15.2587890625,0,0.0
608,16,10,224,15.2587890625,0,0.0
609,16,10,48,15.2587890625,0,0.0
610,16,10,0,15.2587890625,0,0.0
611,16,10,1171,15.2587890625,3,0.3
612,16,10,90,15.2587890625,0,0.0
613,16,10,8,15.2587890625,0,0.0
614,16,10,627,15.2587890625,0,0.0
615,16,10,69,15.2587890625,0,0.0
616,16,10,1544,15.2587890625,0,0.0
617,16,10,31,15.2587890625,0,0.0
618,16,10,2,15.2587890625,0,0.0
619,16,10,166,15.2587890625,0,0.0
620,16,10,285,15.2587890625,0,0.0
621,16,10,10,15.2587890625,0,0.0
622,16,10,43,15.2587890625,0,0.0
623,16,10,28,15.2587890625,0,0.0
624,16,10,21,15.2587890625,0,0.0
625,16,10,280,15.2587890625,0,0.0
626,16,10,1,15.2587890625,0,0.0
627,16,10,1230,15.2587890625,0,0.0
628,16,10,2031,15.2587890625,0,0.0
629,16,10,93,15.2587890625,0,0.0
630,16,10,1838,15.2587890625,1,0.1
631,16,10,90,15.2587890625,0,0.0
632,16,10,113,15.2587890625,0,0.0
633,16,10,1153,15.2587890625,4,0.4
634,16,10,28,15.2587890625,0,0.0
635,16,10,19,15.2587890625,1,0.1
636,16,10,410,15.2587890625,0,0.0
637,16,10,126,15.2587890625,0,0.0
638,16,10,51,15.2587890625,0,0.0
639,16,10,1,15.2587890625,0,0.0
640,16,10,928,15.2587890625,0,0.0
641,16,10,405,15.2587890625,0,0.0
642,16,10,191,15.2587890625,0,0.0
643,16,10,363,15.2587890625,0,0.0
644,16,10,1309,15.2587890625,0,0.0
645,16,10,24,15.2587890625,0,0.0
646,16,10,922,15.2587890625,1,0.1
647,16,10,1618,15.2587890625,0,0.0
648,16,10,533,15.2587890625,0,0.0
649,16,10,78,15.2587890625,0,0.0
650,16,10,42,15.2587890625,0,0.0
651,16,10,251,15.2587890625,1,0.1
652,16,10,188,15.2587890625,0,0.0
653,16,10,41,15.2587890625,0,0.0
654,16,10,85,15.2587890625,0,0.0
655,16,10,29,15.2587890625,0,0.0
656,16,10,126,15.2587890625,0,0.0
657,16,10,54,15.2587890625,0,0.0
658,16,10,48,15.2587890625,0,0.0
659,16,10,53,15.2587890625,0,0.0
660,16,10,131,15.2587890625,0,0.0
661,16,10,1340,15.2587890625,2,0.2
662,16,10,717,15.2587890625,0,0.0
663,16,10,16,15.2587890625,0,0.0
664,16,10,1520,15.2587890625,1,0.1
665,16,10,981,15.2587890625,2,0.2
666,16,10,16,15.2587890625,0,0.0
667,16,10,928,15.2587890625,0,0.0
668,16,10,3718,15.2587890625,0,0.0
669,16,10,45,15.2587890625,0,0.0
670,16,10,33,15.2587890625,1,0.1
671,16,10,160,15.2587890625,1,0.1
672,16,10,450,15.2587890625,0,0.0
673,16,10,1878,15.2587890625,0,0.0
674,16,10,13,15.2587890625,0,0.0
675,16,10,853,15.2587890625,0,0.0
676,16,10,1,15.2587890625,0,0.0
677,16,10,132,15.2587890625,0,0.0
678,16,10,62,15.2587890625,0,0.0
679,16,10,879,15.2587890625,0,0.0
680,16,10,305,15.2587890625,1,0.1
681,16,10,1755,15.2587890625,0,0.0
682,16,10,189,15.2587890625,0,0.0
683,16,10,1529,15.2587890625,0,0.0
684,16,10,56,15.2587890625,0,0.0
685,16,10,2420,15.2587890625,3,0.3
686,16,10,477,15.2587890625,0,0.0
687,16,10,123,15.2587890625,0,0.0
688,16,10,19,15.2587890625,0,0.0
689,16,10,415,15.2587890625,1,0.1
690,16,10,731,15.2587890625,0,0.0
691,16,10,52,15.2587890625,0,0.0
692,16,10,5809,15.2587890625,4,0.4
693,16,10,6696,15.2587890625,1,0.1
694,16,10,8,15.2587890625,0,0.0
695,16,10,1,15.2587890625,0,0.0
696,16,10,178,15.2587890625,0,0.0
697,16,10,1470,15.2587890625,1,0.1
698,16,10,554,15.2587890625,0,0.0
699,16,10,18,15.2587890625,0,0.0
700,16,10,61,15.2587890625,0,0.0
701,16,10,85,15.2587890625,0,0.0
702,16,10,1927,15.2587890625,2,0.2
703,16,10,139,15.2587890625,0,0.0
704,16,10,592,15.2587890625,0,0.0
705,16,10,1447,15.2587890625,1,0.1
706,16,10,1,15.2587890625,0,0.0
707,16,10,1281,15.2587890625,0,0.0
708,16,10,3718,15.2587890625,0,0.0
709,16,10,52,15.2587890625,0,0.0
710,16,10,101,15.2587890625,0,0.0
711,16,10,90,15.2587890625,0,0.0
712,16,10,103,15.2587890625,1,0.1
713,16,10,84,15.2587890625,0,0.0
714,16,10,16,15.2587890625,0,0.0
715,16,10,1748,15.2587890625,0,0.0
716,16,10,150,15.2587890625,0,0.0
717,16,10,69,15.2587890625,0,0.0
718,16,10,132,15.2587890625,1,0.1
719,16,10,90,15.2587890625,0,0.0
720,16,10,56,15.2587890625,2,0.2
721,16,10,0,15.2587890625,0,0.0
722,16,10,254,15.2587890625,0,0.0
723,16,10,1134,15.2587890625,0,0.0
724,16,10,40,15.2587890625,0,0.0
725,16,10,88,15.2587890625,0,0.0
726,16,10,2565,15.2587890625,1,0.1
727,16,10,17,15.2587890625,0,0.0
728,16,10,183,15.2587890625,0,0.0
729,16,10,1838,15.2587890625,1,0.1
730,16,10,19,15.2587890625,0,0.0
731,16,10,152,15.2587890625,0,0.0
732,16,10,244,15.2587890625,0,0.0
733,16,10,631,15.2587890625,2,0.2
734,16,10,85,15.2587890625,0,0.0
735,16,10,20,15.2587890625,0,0.0
736,16,10,156,15.2587890625,0,0.0
737,16,10,367,15.2587890625,0,0.0
738,16,10,52,15.2587890625,1,0.1
739,16,10,549,15.2587890625,0,0.0
740,16,10,811,15.2587890625,0,0.0
741,16,10,40,15.2587890625,0,0.0
742,16,10,2816,15.2587890625,1,0.1
743,16,10,184,15.2587890625,0,0.0
744,16,10,1222,15.2587890625,0,0.0
745,16,10,131,15.2587890625,0,0.0
746,16,10,671,15.2587890625,2,0.2
747,16,10,398,15.2587890625,0,0.0
748,16,10,158,15.2587890625,0,0.0
749,16,10,26,15.2587890625,0,0.0
750,16,10,143,15.2587890625,0,0.0
751,16,10,14,15.2587890625,0,0.0
752,16,10,130,15.2587890625,0,0.0
753,16,10,20,15.2587890625,2,0.2
754,16,10,95,15.2587890625,0,0.0
755,16,10,19,15.2587890625,0,0.0
756,16,10,349,15.2587890625,1,0.1
757,16,10,40,15.2587890625,0,0.0
758,16,10,139,15.2587890625,0,0.0
759,16,10,1960,15.2587890625,0,0.0
760,16,10,31,15.2587890625,0,0.0
761,16,10,60,15.2587890625,0,0.0
762,16,10,1588,15.2587890625,2,0.2
763,16,10,367,15.2587890625,0,0.0
764,16,10,37,15.2587890625,0,0.0
765,16,10,4178,15.2587890625,0,0.0
766,16,10,25,15.2587890625,0,0.0
767,16,10,124,15.2587890625,0,0.0
768,16,10,0,15.2587890625,0,0.0
769,16,10,611,15.2587890625,0,0.0
770,16,10,647,15.2587890625,0,0.0
771,16,10,132,15.2587890625,0,0.0
772,16,10,11,15.2587890625,0,0.0
773,16,10,236,15.2587890625,0,0.0
774,16,10,84,15.2587890625,0,0.0
775,16,10,2,15.2587890625,0,0.0
776,16,10,4,15.2587890625,0,0.0
777,16,10,20,15.2587890625,0,0.0
778,16,10,13,15.2587890625,1,0.1
779,16,10,962,15.2587890625,0,0.0
780,16,10,15,15.2587890625,0,0.0
781,16,10,138,15.2587890625,1,0.1
782,16,10,11,15.2587890625,0,0.0
783,16,10,0,15.2587890625,0,0.0
784,16,10,325,15.2587890625,0,0.0
785,16,10,308,15.2587890625,0,0.0
786,16,10,554,15.2587890625,0,0.0
787,16,10,61,15.2587890625,0,0.0
788,16,10,19,15.2587890625,0,0.0
789,16,10,132,15.2587890625,1,0.1
790,16,10,251,15.2587890625,0,0.0
791,16,10,28,15.2587890625,0,0.0
792,16,10,626,15.2587890625,0,0.0
793,16,10,664,15.2587890625,0,0.0
794,16,10,20,15.2587890625,0,0.0
795,16,10,43,15.2587890625,0,0.0
796,16,10,1,15.2587890625,0,0.0
797,16,10,16,15.2587890625,0,0.0
798,16,10,139,15.2587890625,0,0.0
799,16,10,32,15.2587890625,0,0.0
800,16,10,23,15.2587890625,0,0.0
801,16,10,1807,15.2587890625,0,0.0
802,16,10,374,15.2587890625,0,0.0
803,16,10,90,15.2587890625,1,0.1
804,16,10,1618,15.2587890625,0,0.0
805,16,10,301,15.2587890625,0,0.0
806,16,10,3440,15.2587890625,3,0.3
807,16,10,16,15.2587890625,0,0.0
808,16,10,66,15.2587890625,0,0.0
809,16,10,542,15.2587890625,0,0.0
810,16,10,38,15.2587890625,0,0.0
811,16,10,192,15.2587890625,2,0.2
812,16,10,425,15.2587890625,1,0.1
813,16,10,1118,15.2587890625,1,0.1
814,16,10,286,15.2587890625,0,0.0
815,16,10,236,15.2587890625,0,0.0
816,16,10,235,15.2587890625,0,0.0
817,16,10,201,15.2587890625,0,0.0
818,16,10,192,15.2587890625,0,0.0
819,16,10,669,15.2587890625,3,0.3
820,16,10,30,15.2587890625,0,0.0
821,16,10,51,15.2587890625,0,0.0
822,16,10,2302,15.2587890625,1,0.1
823,16,10,11,15.2587890625,0,0.0
824,16,10,14,15.2587890625,0,0.0
825,16,10,113,15.2587890625,0,0.0
826,16,10,169,15.2587890625,0,0.0
827,16,10,3649,15.2587890625,1,0.1
828,16,10,157,15.2587890625,2,0.2
829,16,10,1,15.2587890625,0,0.0
830,16,10,1932,15.2587890625,0,0.0
831,16,10,97,15.2587890625,0,0.0
832,16,10,1,15.2587890625,0,0.0
833,16,10,465,15.2587890625,0,0.0
834,16,10,318,15.2587890625,0,0.0
835,16,10,49,15.2587890625,0,0.0
836,16,10,48,15.2587890625,0,0.0
837,16,10,314,15.2587890625,0,0.0
838,16,10,3568,15.2587890625,3,0.3
839,16,10,3649,15.2587890625,3,0.3
840,16,10,539,15.2587890625,2,0.2
841,16,10,48,15.2587890625,0,0.0
842,16,10,246,15.2587890625,0,0.0
843,16,10,160,15.2587890625,0,0.0
844,16,10,1340,15.2587890625,2,0.2
845,16,10,5,15.2587890625,0,0.0
846,16,10,320,15.2587890625,0,0.0
847,16,10,1571,15.2587890625,2,0.2
848,16,10,333,15.2587890625,0,0.0
849,16,10,1,15.2587890625,0,0.0
850,16,10,1,15.2587890625,0,0.0
851,16,10,494,15.2587890625,3,0.3
852,16,10,7,15.2587890625,0,0.0
853,16,10,6,15.2587890625,0,0.0
854,16,10,2573,15.2587890625,1,0.1
855,16,10,132,15.2587890625,0,0.0
856,16,10,291,15.2587890625,0,0.0
857,16,10,1009,15.2587890625,0,0.0
858,16,10,3486,15.2587890625,0,0.0
859,16,10,128,15.2587890625,0,0.0
860,16,10,0,15.2587890625,0,0.0
861,16,10,4,15.2587890625,0,0.0
862,16,10,622,15.2587890625,0,0.0
863,16,10,1,15.2587890625,0,0.0
864,16,10,4,15.2587890625,0,0.0
865,16,10,5650,15.2587890625,4,0.4
866,16,10,16,15.2587890625,0,0.0
867,16,10,5,15.2587890625,0,0.0
868,16,10,3089,15.2587890625,0,0.0
869,16,10,376,15.2587890625,0,0.0
870,16,10,3947,15.2587890625,2,0.2
871,16,10,33,15.2587890625,0,0.0
872,16,10,5,15.2587890625,0,0.0
873,16,10,2,15.2587890625,0,0.0
874,16,10,76,15.2587890625,0,0.0
875,16,10,886,15.2587890625,1,0.1
876,16,10,83,15.2587890625,1,0.1
877,16,10,62,15.2587890625,0,0.0
878,16,10,944,15.2587890625,0,0.0
879,16,10,10,15.2587890625,0,0.0
880,16,10,48,15.2587890625,0,0.0
881,16,10,128,15.2587890625,0,0.0
882,16,10,40,15.2587890625,0,0.0
883,16,10,125,15.2587890625,0,0.0
884,16,10,3089,15.2587890625,0,0.0
885,16,10,158,15.2587890625,0,0.0
886,16,10,217,15.2587890625,0,0.0
887,16,10,314,15.2587890625,0,0.0
888,16,10,3440,15.2587890625,0,0.0
889,16,10,65,15.2587890625,0,0.0
890,16,10,141,15.2587890625,0,0.0
891,16,10,391,15.2587890625,0,0.0
892,16,10,192,15.2587890625,1,0.1
893,16,10,153,15.2587890625,0,0.0
894,16,10,9,15.2587890625,0,0.0
895,16,10,14,15.2587890625,0,0.0
896,16,10,1,15.2587890625,0,0.0
897,16,10,262,15.2587890625,0,0.0
898,16,10,266,15.2587890625,0,0.0
899,16,10,1838,15.2587890625,0,0.0
900,16,10,99,15.2587890625,0,0.0
901,16,10,87,15.2587890625,1,0.1
902,16,10,94,15.2587890625,0,0.0
903,16,10,425,15.2587890625,0,0.0
904,16,10,919,15.2587890625,0,0.0
905,16,10,1176,15.2587890625,0,0.0
906,16,10,85,15.2587890625,0,0.0
907,16,10,11,15.2587890625,1,0.1
908,16,10,1009,15.2587890625,0,0.0
909,16,10,182,15.2587890625,0,0.0
910,16,10,58,15.2587890625,0,0.0
911,16,10,7,15.2587890625,0,0.0
912,16,10,6696,15.2587890625,0,0.0
913,16,10,13,15.2587890625,0,0.0
914,16,10,841,15.2587890625,0,0.0
915,16,10,2564,15.2587890625,5,0.5
916,16,10,264,15.2587890625,0,0.0
917,16,10,2338,15.2587890625,3,0.3
918,16,10,27,15.2587890625,0,0.0
919,16,10,18,15.2587890625,0,0.0
920,16,10,36,15.2587890625,0,0.0
921,16,10,6696,15.2587890625,1,0.1
922,16,10,65,15.2587890625,0,0.0
923,16,10,1,15.2587890625,0,0.0
924,16,10,634,15.2587890625,0,0.0
925,16,10,174,15.2587890625,0,0.0
926,16,10,2988,15.2587890625,0,0.0
927,16,10,377,15.2587890625,0,0.0
928,16,10,4264,15.2587890625,1,0.1
929,16,10,458,15.2587890625,0,0.0
930,16,10,64,15.2587890625,0,0.0
931,16,10,17,15.2587890625,0,0.0
932,16,10,8,15.2587890625,0,0.0
933,16,10,1129,15.2587890625,1,0.1
934,16,10,72,15.2587890625,0,0.0
935,16,10,51,15.2587890625,0,0.0
936,16,10,31,15.2587890625,0,0.0
937,16,10,72,15.2587890625,0,0.0
938,16,10,377,15.2587890625,1,0.1
939,16,10,30,15.2587890625,1,0.1
940,16,10,39,15.2587890625,0,0.0
941,16,10,24,15.2587890625,0,0.0
942,16,10,115,15.2587890625,0,0.0
943,16,10,647,15.2587890625,0,0.0
944,16,10,1252,15.2587890625,2,0.2
945,16,10,136,15.2587890625,0,0.0
946,16,10,105,15.2587890625,0,0.0
947,16,10,51,15.2587890625,0,0.0
948,16,10,412,15.2587890625,0,0.0
949,16,10,53,15.2587890625,0,0.0
950,16,10,68,15.2587890625,1,0.1
951,16,10,1068,15.2587890625,0,0.0
952,16,10,591,15.2587890625,1,0.1
953,16,10,5026,15.2587890625,1,0.1
954,16,10,783,15.2587890625,0,0.0
955,16,10,202,15.2587890625,0,0.0
956,16,10,1195,15.2587890625,0,0.0
957,16,10,143,15.2587890625,1,0.1
958,16,10,232,15.2587890625,0,0.0
959,16,10,43,15.2587890625,1,0.1
960,16,10,49,15.2587890625,0,0.0
961,16,10,5,15.2587890625,0,0.0
962,16,10,108,15.2587890625,0,0.0
963,16,10,0,15.2587890625,0,0.0
964,16,10,904,15.2587890625,0,0.0
965,16,10,1588,15.2587890625,0,0.0
966,16,10,10,15.2587890625,0,0.0
967,16,10,3,15.2587890625,0,0.0
968,16,10,135,15.2587890625,0,0.0
969,16,10,37,15.2587890625,0,0.0
970,16,10,20,15.2587890625,1,0.1
971,16,10,20,15.2587890625,0,0.0
972,16,10,169,15.2587890625,0,0.0
973,16,10,44,15.2587890625,0,0.0
974,16,10,41,15.2587890625,0,0.0
975,16,10,12,15.2587890625,0,0.0
976,16,10,4,15.2587890625,0,0.0
977,16,10,0,15.2587890625,0,0.0
978,16,10,3568,15.2587890625,0,0.0
979,16,10,30,15.2587890625,0,0.0
980,16,10,41,15.2587890625,0,0.0
981,16,10,874,15.2587890625,2,0.2
982,16,10,4666,15.2587890625,0,0.0
983,16,10,884,15.2587890625,0,0.0
984,16,10,4,15.2587890625,0,0.0
985,16,10,264,15.2587890625,0,0.0
986,16,10,1,15.2587890625,0,0.0
987,16,10,73,15.2587890625,0,0.0
988,16,10,1111,15.2587890625,0,0.0
989,16,10,429,15.2587890625,3,0.3
990,16,10,2565,15.2587890625,0,0.0
991,16,10,45,15.2587890625,2,0.2
992,16,10,43,15.2587890625,0,0.0
993,16,10,1,15.2587890625,0,0.0
994,16,10,83,15.2587890625,0,0.0
995,16,10,132,15.2587890625,0,0.0
996,16,10,1554,15.2587890625,1,0.1
997,16,10,7,15.2587890625,0,0.0
998,16,10,171,15.2587890625,0,0.0
999,16,10,571,15.2587890625,0,0.0
0,16,100,11,15.2587890625,0,0.0
1,16,100,8,15.2587890625,1,0.01
2,16,100,58,15.2587890625,0,0.0
3,16,100,2,15.2587890625,0,0.0
4,16,100,5809,15.2587890625,3,0.03
5,16,100,132,15.2587890625,0,0.0
6,16,100,57,15.2587890625,6,0.06
7,16,100,2,15.2587890625,0,0.0
8,16,100,470,15.2587890625,2,0.02
9,16,100,289,15.2587890625,0,0.0
10,16,100,35,15.2587890625,0,0.0
11,16,100,48,15.2587890625,0,0.0
12,16,100,414,15.2587890625,0,0.0
13,16,100,121,15.2587890625,0,0.0
14,16,100,17,15.2587890625,0,0.0
15,16,100,24,15.2587890625,0,0.0
16,16,100,55,15.2587890625,0,0.0
17,16,100,606,15.2587890625,0,0.0
18,16,100,988,15.2587890625,0,0.0
19,16,100,2,15.2587890625,0,0.0
20,16,100,2988,15.2587890625,3,0.03
21,16,100,1903,15.2587890625,0,0.0
22,16,100,4,15.2587890625,0,0.0
23,16,100,3,15.2587890625,0,0.0
24,16,100,52,15.2587890625,1,0.01
25,16,100,616,15.2587890625,1,0.01
26,16,100,1372,15.2587890625,6,0.06
27,16,100,804,15.2587890625,1,0.01
28,16,100,142,15.2587890625,0,0.0
29,16,100,2408,15.2587890625,4,0.04
30,16,100,47,15.2587890625,0,0.0
31,16,100,135,15.2587890625,0,0.0
32,16,100,393,15.2587890625,3,0.03
33,16,100,669,15.2587890625,3,0.03
34,16,100,521,15.2587890625,6,0.06
35,16,100,664,15.2587890625,0,0.0
36,16,100,152,15.2587890625,0,0.0
37,16,100,657,15.2587890625,0,0.0
38,16,100,2,15.2587890625,1,0.01
39,16,100,14,15.2587890625,3,0.03
40,16,100,205,15.2587890625,2,0.02
41,16,100,1144,15.2587890625,0,0.0
42,16,100,399,15.2587890625,2,0.02
43,16,100,2302,15.2587890625,24,0.24
44,16,100,11,15.2587890625,3,0.03
45,16,100,714,15.2587890625,0,0.0
46,16,100,39,15.2587890625,0,0.0
47,16,100,108,15.2587890625,5,0.05
48,16,100,134,15.2587890625,0,0.0
49,16,100,168,15.2587890625,3,0.03
50,16,100,69,15.2587890625,0,0.0
51,16,100,349,15.2587890625,13,0.13
52,16,100,13,15.2587890625,0,0.0
53,16,100,5026,15.2587890625,1,0.01
54,16,100,3626,15.2587890625,8,0.08
55,16,100,1,15.2587890625,0,0.0
56,16,100,830,15.2587890625,1,0.01
57,16,100,3,15.2587890625,0,0.0
58,16,100,101,15.2587890625,0,0.0
59,16,100,391,15.2587890625,3,0.03
60,16,100,8,15.2587890625,0,0.0
61,16,100,3089,15.2587890625,1,0.01
62,16,100,1090,15.2587890625,0,0.0
63,16,100,370,15.2587890625,1,0.01
64,16,100,855,15.2587890625,3,0.03
65,16,100,1188,15.2587890625,2,0.02
66,16,100,25,15.2587890625,0,0.0
67,16,100,42,15.2587890625,4,0.04
68,16,100,50,15.2587890625,0,0.0
69,16,100,34,15.2587890625,0,0.0
70,16,100,98,15.2587890625,0,0.0
71,16,100,143,15.2587890625,1,0.01
72,16,100,410,15.2587890625,0,0.0
73,16,100,841,15.2587890625,1,0.01
74,16,100,3089,15.2587890625,9,0.09
75,16,100,60,15.2587890625,0,0.0
76,16,100,3440,15.2587890625,6,0.06
77,16,100,1,15.2587890625,0,0.0
78,16,100,152,15.2587890625,3,0.03
79,16,100,295,15.2587890625,0,0.0
80,16,100,72,15.2587890625,0,0.0
81,16,100,54,15.2587890625,5,0.05
82,16,100,149,15.2587890625,0,0.0
83,16,100,85,15.2587890625,1,0.01
84,16,100,109,15.2587890625,1,0.01
85,16,100,192,15.2587890625,1,0.01
86,16,100,1146,15.2587890625,0,0.0
87,16,100,186,15.2587890625,0,0.0
88,16,100,0,15.2587890625,0,0.0
89,16,100,494,15.2587890625,3,0.03
90,16,100,4264,15.2587890625,4,0.04
91,16,100,104,15.2587890625,0,0.0
92,16,100,21,15.2587890625,0,0.0
93,16,100,6696,15.2587890625,4,0.04
94,16,100,56,15.2587890625,1,0.01
95,16,100,21,15.2587890625,0,0.0
96,16,100,24,15.2587890625,0,0.0
97,16,100,31,15.2587890625,0,0.0
98,16,100,33,15.2587890625,0,0.0
99,16,100,36,15.2587890625,2,0.02
100,16,100,119,15.2587890625,0,0.0
101,16,100,19,15.2587890625,0,0.0
102,16,100,28,15.2587890625,1,0.01
103,16,100,188,15.2587890625,4,0.04
104,16,100,162,15.2587890625,0,0.0
105,16,100,77,15.2587890625,0,0.0
106,16,100,2140,15.2587890625,7,0.07
107,16,100,26,15.2587890625,1,0.01
108,16,100,0,15.2587890625,0,0.0
109,16,100,110,15.2587890625,7,0.07
110,16,100,39,15.2587890625,0,0.0
111,16,100,386,15.2587890625,1,0.01
112,16,100,10,15.2587890625,0,0.0
113,16,100,425,15.2587890625,1,0.01
114,16,100,115,15.2587890625,3,0.03
115,16,100,37,15.2587890625,1,0.01
116,16,100,351,15.2587890625,2,0.02
117,16,100,54,15.2587890625,0,0.0
118,16,100,101,15.2587890625,1,0.01
119,16,100,8,15.2587890625,1,0.01
120,16,100,54,15.2587890625,3,0.03
121,16,100,613,15.2587890625,4,0.04
122,16,100,108,15.2587890625,2,0.02
123,16,100,64,15.2587890625,0,0.0
124,16,100,630,15.2587890625,0,0.0
125,16,100,274,15.2587890625,2,0.02
126,16,100,2,15.2587890625,0,0.0
127,16,100,94,15.2587890625,2,0.02
128,16,100,2,15.2587890625,0,0.0
129,16,100,185,15.2587890625,1,0.01
130,16,100,575,15.2587890625,0,0.0
131,16,100,75,15.2587890625,0,0.0
132,16,100,199,15.2587890625,0,0.0
133,16,100,13,15.2587890625,0,0.0
134,16,100,13,15.2587890625,1,0.01
135,16,100,56,15.2587890625,0,0.0
136,16,100,646,15.2587890625,4,0.04
137,16,100,3,15.2587890625,0,0.0
138,16,100,142,15.2587890625,0,0.0
139,16,100,100,15.2587890625,0,0.0
140,16,100,192,15.2587890625,0,0.0
141,16,100,48,15.2587890625,0,0.0
142,16,100,109,15.2587890625,1,0.01
143,16,100,2338,15.2587890625,4,0.04
144,16,100,1132,15.2587890625,2,0.02
145,16,100,1,15.2587890625,0,0.0
146,16,100,1673,15.2587890625,4,0.04
147,16,100,114,15.2587890625,0,0.0
148,16,100,2571,15.2587890625,1,0.01
149,16,100,192,15.2587890625,0,0.0
150,16,100,292,15.2587890625,3,0.03
151,16,100,39,15.2587890625,0,0.0
152,16,100,12,15.2587890625,0,0.0
153,16,100,14,15.2587890625,0,0.0
154,16,100,233,15.2587890625,2,0.02
155,16,100,101,15.2587890625,4,0.04
156,16,100,42,15.2587890625,0,0.0
157,16,100,302,15.2587890625,0,0.0
158,16,100,182,15.2587890625,6,0.06
159,16,100,40,15.2587890625,0,0.0
160,16,100,0,15.2587890625,0,0.0
161,16,100,268,15.2587890625,2,0.02
162,16,100,1056,15.2587890625,2,0.02
163,16,100,75,15.2587890625,0,0.0
164,16,100,36,15.2587890625,0,0.0
165,16,100,2571,15.2587890625,4,0.04
166,16,100,79,15.2587890625,1,0.01
167,16,100,27,15.2587890625,0,0.0
168,16,100,94,15.2587890625,0,0.0
169,16,100,4,15.2587890625,0,0.0
170,16,100,212,15.2587890625,2,0.02
171,16,100,109,15.2587890625,0,0.0
172,16,100,1748,15.2587890625,5,0.05
173,16,100,26,15.2587890625,0,0.0
174,16,100,133,15.2587890625,0,0.0
175,16,100,53,15.2587890625,0,0.0
176,16,100,196,15.2587890625,0,0.0
177,16,100,3718,15.2587890625,0,0.0
178,16,100,2338,15.2587890625,8,0.08
179,16,100,7,15.2587890625,0,0.0
180,16,100,9,15.2587890625,0,0.0
181,16,100,2,15.2587890625,0,0.0
182,16,100,101,15.2587890625,0,0.0
183,16,100,22,15.2587890625,0,0.0
184,16,100,714,15.2587890625,13,0.13
185,16,100,79,15.2587890625,1,0.01
186,16,100,261,15.2587890625,2,0.02
187,16,100,0,15.2587890625,0,0.0
188,16,100,28,15.2587890625,1,0.01
189,16,100,566,15.2587890625,4,0.04
190,16,100,18,15.2587890625,0,0.0
191,16,100,83,15.2587890625,0,0.0
192,16,100,1118,15.2587890625,0,0.0
193,16,100,1129,15.2587890625,2,0.02
194,16,100,367,15.2587890625,1,0.01
195,16,100,385,15.2587890625,0,0.0
196,16,100,707,15.2587890625,0,0.0
197,16,100,313,15.2587890625,1,0.01
198,16,100,1931,15.2587890625,3,0.03
199,16,100,349,15.2587890625,0,0.0
200,16,100,3,15.2587890625,0,0.0
201,16,100,67,15.2587890625,0,0.0
202,16,100,611,15.2587890625,1,0.01
203,16,100,292,15.2587890625,0,0.0
204,16,100,344,15.2587890625,0,0.0
205,16,100,42,15.2587890625,0,0.0
206,16,100,197,15.2587890625,1,0.01
207,16,100,344,15.2587890625,2,0.02
208,16,100,128,15.2587890625,1,0.01
209,16,100,661,15.2587890625,1,0.01
210,16,100,3,15.2587890625,0,0.0
211,16,100,287,15.2587890625,0,0.0
212,16,100,344,15.2587890625,0,0.0
213,16,100,58,15.2587890625,0,0.0
214,16,100,376,15.2587890625,0,0.0
215,16,100,9,15.2587890625,0,0.0
216,16,100,4,15.2587890625,0,0.0
217,16,100,919,15.2587890625,1,0.01
218,16,100,120,15.2587890625,0,0.0
219,16,100,1544,15.2587890625,14,0.14
220,16,100,3718,15.2587890625,8,0.08
221,16,100,1187,15.2587890625,0,0.0
222,16,100,874,15.2587890625,1,0.01
223,16,100,53,15.2587890625,0,0.0
224,16,100,314,15.2587890625,1,0.01
225,16,100,234,15.2587890625,1,0.01
226,16,100,34,15.2587890625,1,0.01
227,16,100,176,15.2587890625,0,0.0
228,16,100,837,15.2587890625,0,0.0
229,16,100,69,15.2587890625,0,0.0
230,16,100,5,15.2587890625,0,0.0
231,16,100,0,15.2587890625,0,0.0
232,16,100,4,15.2587890625,0,0.0
233,16,100,2,15.2587890625,0,0.0
234,16,100,101,15.2587890625,0,0.0
235,16,100,1960,15.2587890625,1,0.01
236,16,100,663,15.2587890625,3,0.03
237,16,100,10,15.2587890625,0,0.0
238,16,100,117,15.2587890625,1,0.01
239,16,100,0,15.2587890625,0,0.0
240,16,100,57,15.2587890625,1,0.01
241,16,100,1176,15.2587890625,2,0.02
242,16,100,86,15.2587890625,0,0.0
243,16,100,370,15.2587890625,0,0.0
244,16,100,121,15.2587890625,0,0.0
245,16,100,397,15.2587890625,0,0.0
246,16,100,86,15.2587890625,0,0.0
247,16,100,229,15.2587890625,13,0.13
248,16,100,2,15.2587890625,0,0.0
249,16,100,113,15.2587890625,0,0.0
250,16,100,103,15.2587890625,0,0.0
251,16,100,804,15.2587890625,8,0.08
252,16,100,3718,15.2587890625,11,0.11
253,16,100,29,15.2587890625,0,0.0
254,16,100,27,15.2587890625,0,0.0
255,16,100,46,15.2587890625,0,0.0
256,16,100,15,15.2587890625,0,0.0
257,16,100,944,15.2587890625,16,0.16
258,16,100,18,15.2587890625,0,0.0
259,16,100,677,15.2587890625,0,0.0
260,16,100,53,15.2587890625,0,0.0
261,16,100,39,15.2587890625,4,0.04
262,16,100,6,15.2587890625,0,0.0
263,16,100,0,15.2587890625,0,0.0
264,16,100,387,15.2587890625,0,0.0
265,16,100,14,15.2587890625,0,0.0
266,16,100,44,15.2587890625,0,0.0
267,16,100,216,15.2587890625,0,0.0
268,16,100,433,15.2587890625,0,0.0
269,16,100,142,15.2587890625,0,0.0
270,16,100,142,15.2587890625,0,0.0
271,16,100,77,15.2587890625,0,0.0
272,16,100,6,15.2587890625,0,0.0
273,16,100,34,15.2587890625,0,0.0
274,16,100,10,15.2587890625,0,0.0
275,16,100,885,15.2587890625,4,0.04
276,16,100,148,15.2587890625,0,0.0
277,16,100,445,15.2587890625,0,0.0
278,16,100,18,15.2587890625,2,0.02
279,16,100,103,15.2587890625,1,0.01
280,16,100,104,15.2587890625,1,0.01
281,16,100,20,15.2587890625,0,0.0
282,16,100,657,15.2587890625,5,0.05
283,16,100,23,15.2587890625,0,0.0
284,16,100,325,15.2587890625,3,0.03
285,16,100,95,15.2587890625,0,0.0
286,16,100,45,15.2587890625,0,0.0
287,16,100,713,15.2587890625,1,0.01
288,16,100,2715,15.2587890625,6,0.06
289,16,100,299,15.2587890625,0,0.0
290,16,100,367,15.2587890625,2,0.02
291,16,100,9,15.2587890625,0,0.0
292,16,100,156,15.2587890625,0,0.0
293,16,100,0,15.2587890625,0,0.0
294,16,100,280,15.2587890625,2,0.02
295,16,100,49,15.2587890625,0,0.0
296,16,100,22,15.2587890625,0,0.0
297,16,100,83,15.2587890625,2,0.02
298,16,100,98,15.2587890625,0,0.0
299,16,100,28,15.2587890625,4,0.04
300,16,100,19,15.2587890625,0,0.0
301,16,100,132,15.2587890625,1,0.01
302,16,100,41,15.2587890625,0,0.0
303,16,100,0,15.2587890625,0,0.0
304,16,100,159,15.2587890625,1,0.01
305,16,100,467,15.2587890625,3,0.03
306,16,100,57,15.2587890625,0,0.0
307,16,100,36,15.2587890625,2,0.02
308,16,100,153,15.2587890625,0,0.0
309,16,100,4666,15.2587890625,14,0.14
310,16,100,661,15.2587890625,5,0.05
311,16,100,14,15.2587890625,1,0.01
312,16,100,1605,15.2587890625,4,0.04
313,16,100,70,15.2587890625,0,0.0
314,16,100,46,15.2587890625,1,0.01
315,16,100,54,15.2587890625,3,0.03
316,16,100,40,15.2587890625,1,0.01
317,16,100,91,15.2587890625,0,0.0
318,16,100,837,15.2587890625,2,0.02
319,16,100,2,15.2587890625,0,0.0
320,16,100,46,15.2587890625,0,0.0
321,16,100,13,15.2587890625,1,0.01
322,16,100,76,15.2587890625,0,0.0
323,16,100,301,15.2587890625,1,0.01
324,16,100,25,15.2587890625,0,0.0
325,16,100,459,15.2587890625,2,0.02
326,16,100,107,15.2587890625,0,0.0
327,16,100,214,15.2587890625,0,0.0
328,16,100,142,15.2587890625,0,0.0
329,16,100,10,15.2587890625,0,0.0
330,16,100,6696,15.2587890625,18,0.18
331,16,100,2,15.2587890625,0,0.0
332,16,100,284,15.2587890625,0,0.0
333,16,100,528,15.2587890625,2,0.02
334,16,100,176,15.2587890625,1,0.01
335,16,100,18,15.2587890625,0,0.0
336,16,100,68,15.2587890625,0,0.0
337,16,100,63,15.2587890625,0,0.0
338,16,100,5,15.2587890625,0,0.0
339,16,100,128,15.2587890625,0,0.0
340,16,100,286,15.2587890625,1,0.01
341,16,100,105,15.2587890625,0,0.0
342,16,100,677,15.2587890625,5,0.05
343,16,100,1195,15.2587890625,0,0.0
344,16,100,1755,15.2587890625,3,0.03
345,16,100,904,15.2587890625,3,0.03
346,16,100,1323,15.2587890625,0,0.0
347,16,100,56,15.2587890625,2,0.02
348,16,100,296,15.2587890625,0,0.0
349,16,100,3718,15.2587890625,3,0.03
350,16,100,30,15.2587890625,0,0.0
351,16,100,1,15.2587890625,0,0.0
352,16,100,1,15.2587890625,1,0.01
353,16,100,823,15.2587890625,4,0.04
354,16,100,2338,15.2587890625,1,0.01
355,16,100,102,15.2587890625,1,0.01
356,16,100,1945,15.2587890625,27,0.27
357,16,100,19,15.2587890625,0,0.0
358,16,100,0,15.2587890625,0,0.0
359,16,100,1129,15.2587890625,3,0.03
360,16,100,86,15.2587890625,1,0.01
361,16,100,24,15.2587890625,1,0.01
362,16,100,8,15.2587890625,0,0.0
363,16,100,3626,15.2587890625,5,0.05
364,16,100,38,15.2587890625,0,0.0
365,16,100,42,15.2587890625,0,0.0
366,16,100,268,15.2587890625,0,0.0
367,16,100,1949,15.2587890625,10,0.1
368,16,100,116,15.2587890625,1,0.01
369,16,100,5,15.2587890625,0,0.0
370,16,100,11,15.2587890625,1,0.01
371,16,100,29,15.2587890625,1,0.01
372,16,100,47,15.2587890625,0,0.0
373,16,100,64,15.2587890625,0,0.0
374,16,100,167,15.2587890625,1,0.01
375,16,100,18,15.2587890625,0,0.0
376,16,100,285,15.2587890625,0,0.0
377,16,100,13,15.2587890625,1,0.01
378,16,100,708,15.2587890625,1,0.01
379,16,100,257,15.2587890625,0,0.0
380,16,100,1,15.2587890625,0,0.0
381,16,100,49,15.2587890625,0,0.0
382,16,100,50,15.2587890625,0,0.0
383,16,100,2170,15.2587890625,1,0.01
384,16,100,251,15.2587890625,0,0.0
385,16,100,133,15.2587890625,0,0.0
386,16,100,1931,15.2587890625,0,0.0
387,16,100,15,15.2587890625,0,0.0
388,16,100,3,15.2587890625,0,0.0
389,16,100,1072,15.2587890625,2,0.02
390,16,100,1048,15.2587890625,0,0.0
391,16,100,441,15.2587890625,0,0.0
392,16,100,43,15.2587890625,0,0.0
393,16,100,439,15.2587890625,0,0.0
394,16,100,84,15.2587890625,3,0.03
395,16,100,1195,15.2587890625,0,0.0
396,16,100,36,15.2587890625,0,0.0
397,16,100,430,15.2587890625,0,0.0
398,16,100,557,15.2587890625,4,0.04
399,16,100,63,15.2587890625,4,0.04
400,16,100,0,15.2587890625,0,0.0
401,16,100,8,15.2587890625,0,0.0
402,16,100,305,15.2587890625,0,0.0
403,16,100,212,15.2587890625,0,0.0
404,16,100,158,15.2587890625,0,0.0
405,16,100,972,15.2587890625,1,0.01
406,16,100,41,15.2587890625,1,0.01
407,16,100,1748,15.2587890625,2,0.02
408,16,100,3718,15.2587890625,3,0.03
409,16,100,2408,15.2587890625,1,0.01
410,16,100,357,15.2587890625,0,0.0
411,16,100,3,15.2587890625,0,0.0
412,16,100,5,15.2587890625,0,0.0
413,16,100,321,15.2587890625,1,0.01
414,16,100,44,15.2587890625,1,0.01
415,16,100,250,15.2587890625,0,0.0
416,16,100,0,15.2587890625,0,0.0
417,16,100,30,15.2587890625,0,0.0
418,16,100,20,15.2587890625,0,0.0
419,16,100,1134,15.2587890625,3,0.03
420,16,100,29,15.2587890625,0,0.0
421,16,100,15,15.2587890625,0,0.0
422,16,100,573,15.2587890625,0,0.0
423,16,100,428,15.2587890625,8,0.08
424,16,100,21,15.2587890625,0,0.0
425,16,100,24,15.2587890625,0,0.0
426,16,100,102,15.2587890625,6,0.06
427,16,100,308,15.2587890625,3,0.03
428,16,100,65,15.2587890625,0,0.0
429,16,100,95,15.2587890625,5,0.05
430,16,100,1111,15.2587890625,7,0.07
431,16,100,376,15.2587890625,3,0.03
432,16,100,317,15.2587890625,4,0.04
433,16,100,34,15.2587890625,1,0.01
434,16,100,4666,15.2587890625,10,0.1
435,16,100,632,15.2587890625,0,0.0
436,16,100,73,15.2587890625,0,0.0
437,16,100,7,15.2587890625,0,0.0
438,16,100,80,15.2587890625,0,0.0
439,16,100,314,15.2587890625,2,0.02
440,16,100,24,15.2587890625,0,0.0
441,16,100,207,15.2587890625,0,0.0
442,16,100,46,15.2587890625,1,0.01
443,16,100,4,15.2587890625,0,0.0
444,16,100,717,15.2587890625,4,0.04
445,16,100,928,15.2587890625,1,0.01
446,16,100,11,15.2587890625,0,0.0
447,16,100,50,15.2587890625,1,0.01
448,16,100,29,15.2587890625,0,0.0
449,16,100,27,15.2587890625,0,0.0
450,16,100,25,15.2587890625,0,0.0
451,16,100,1318,15.2587890625,6,0.06
452,16,100,73,15.2587890625,0,0.0
453,16,100,0,15.2587890625,0,0.0
454,16,100,28,15.2587890625,0,0.0
455,16,100,0,15.2587890625,0,0.0
456,16,100,77,15.2587890625,0,0.0
457,16,100,520,15.2587890625,2,0.02
458,16,100,63,15.2587890625,0,0.0
459,16,100,1307,15.2587890625,0,0.0
460,16,100,5,15.2587890625,0,0.0
461,16,100,37,15.2587890625,0,0.0
462,16,100,43,15.2587890625,1,0.01
463,16,100,474,15.2587890625,1,0.01
464,16,100,153,15.2587890625,2,0.02
465,16,100,108,15.2587890625,0,0.0
466,16,100,194,15.2587890625,1,0.01
467,16,100,18,15.2587890625,0,0.0
468,16,100,212,15.2587890625,0,0.0
469,16,100,69,15.2587890625,0,0.0
470,16,100,21,15.2587890625,0,0.0
471,16,100,393,15.2587890625,4,0.04
472,16,100,220,15.2587890625,0,0.0
473,16,100,14,15.2587890625,0,0.0
474,16,100,2420,15.2587890625,2,0.02
475,16,100,27,15.2587890625,1,0.01
476,16,100,8,15.2587890625,0,0.0
477,16,100,52,15.2587890625,2,0.02
478,16,100,56,15.2587890625,1,0.01
479,16,100,545,15.2587890625,3,0.03
480,16,100,211,15.2587890625,4,0.04
481,16,100,32,15.2587890625,0,0.0
482,16,100,4,15.2587890625,0,0.0
483,16,100,0,15.2587890625,0,0.0
484,16,100,0,15.2587890625,0,0.0
485,16,100,98,15.2587890625,0,0.0
486,16,100,138,15.2587890625,0,0.0
487,16,100,5809,15.2587890625,26,0.26
488,16,100,1742,15.2587890625,5,0.05
489,16,100,303,15.2587890625,3,0.03
490,16,100,483,15.2587890625,0,0.0
491,16,100,2571,15.2587890625,1,0.01
492,16,100,10,15.2587890625,0,0.0
493,16,100,275,15.2587890625,0,0.0
494,16,100,74,15.2587890625,3,0.03
495,16,100,108,15.2587890625,2,0.02
496,16,100,2120,15.2587890625,2,0.02
497,16,100,7,15.2587890625,0,0.0
498,16,100,405,15.2587890625,5,0.05
499,16,100,1955,15.2587890625,31,0.31
500,16,100,21,15.2587890625,0,0.0
501,16,100,21,15.2587890625,0,0.0
502,16,100,185,15.2587890625,1,0.01
503,16,100,2715,15.2587890625,2,0.02
504,16,100,1,15.2587890625,0,0.0
505,16,100,13,15.2587890625,0,0.0
506,16,100,23,15.2587890625,0,0.0
507,16,100,833,15.2587890625,0,0.0
508,16,100,176,15.2587890625,0,0.0
509,16,100,126,15.2587890625,3,0.03
510,16,100,1878,15.2587890625,15,0.15
511,16,100,65,15.2587890625,0,0.0
512,16,100,13,15.2587890625,0,0.0
513,16,100,24,15.2587890625,2,0.02
514,16,100,6,15.2587890625,0,0.0
515,16,100,9,15.2587890625,0,0.0
516,16,100,0,15.2587890625,0,0.0
517,16,100,26,15.2587890625,0,0.0
518,16,100,942,15.2587890625,3,0.03
519,16,100,7,15.2587890625,1,0.01
520,16,100,49,15.2587890625,0,0.0
521,16,100,2386,15.2587890625,10,0.1
522,16,100,30,15.2587890625,0,0.0
523,16,100,179,15.2587890625,3,0.03
524,16,100,485,15.2587890625,3,0.03
525,16,100,1435,15.2587890625,6,0.06
526,16,100,17,15.2587890625,0,0.0
527,16,100,0,15.2587890625,0,0.0
528,16,100,42,15.2587890625,0,0.0
529,16,100,16,15.2587890625,1,0.01
530,16,100,7,15.2587890625,0,0.0
531,16,100,783,15.2587890625,0,0.0
532,16,100,2988,15.2587890625,13,0.13
533,16,100,2,15.2587890625,0,0.0
534,16,100,30,15.2587890625,1,0.01
535,16,100,156,15.2587890625,0,0.0
536,16,100,0,15.2587890625,0,0.0
537,16,100,5026,15.2587890625,7,0.07
538,16,100,265,15.2587890625,1,0.01
539,16,100,37,15.2587890625,3,0.03
540,16,100,4,15.2587890625,0,0.0
541,16,100,28,15.2587890625,0,0.0
542,16,100,629,15.2587890625,6,0.06
543,16,100,254,15.2587890625,0,0.0
544,16,100,96,15.2587890625,2,0.02
545,16,100,1233,15.2587890625,5,0.05
546,16,100,121,15.2587890625,0,0.0
547,16,100,210,15.2587890625,1,0.01
548,16,100,29,15.2587890625,0,0.0
549,16,100,0,15.2587890625,0,0.0
550,16,100,52,15.2587890625,0,0.0
551,16,100,39,15.2587890625,0,0.0
552,16,100,168,15.2587890625,0,0.0
553,16,100,89,15.2587890625,0,0.0
554,16,100,62,15.2587890625,0,0.0
555,16,100,17,15.2587890625,2,0.02
556,16,100,972,15.2587890625,3,0.03
557,16,100,347,15.2587890625,2,0.02
558,16,100,36,15.2587890625,2,0.02
559,16,100,84,15.2587890625,0,0.0
560,16,100,127,15.2587890625,0,0.0
561,16,100,54,15.2587890625,1,0.01
562,16,100,677,15.2587890625,1,0.01
563,16,100,108,15.2587890625,0,0.0
564,16,100,1,15.2587890625,0,0.0
565,16,100,14,15.2587890625,0,0.0
566,16,100,31,15.2587890625,0,0.0
567,16,100,27,15.2587890625,0,0.0
568,16,100,1955,15.2587890625,2,0.02
569,16,100,141,15.2587890625,0,0.0
570,16,100,1810,15.2587890625,3,0.03
571,16,100,925,15.2587890625,1,0.01
572,16,100,64,15.2587890625,0,0.0
573,16,100,0,15.2587890625,0,0.0
574,16,100,624,15.2587890625,0,0.0
575,16,100,47,15.2587890625,2,0.02
576,16,100,158,15.2587890625,0,0.0
577,16,100,256,15.2587890625,0,0.0
578,16,100,80,15.2587890625,0,0.0
579,16,100,33,15.2587890625,0,0.0
580,16,100,54,15.2587890625,0,0.0
581,16,100,1,15.2587890625,0,0.0
582,16,100,4666,15.2587890625,3,0.03
583,16,100,268,15.2587890625,1,0.01
584,16,100,3,15.2587890625,1,0.01
585,16,100,75,15.2587890625,1,0.01
586,16,100,138,15.2587890625,2,0.02
587,16,100,133,15.2587890625,3,0.03
588,16,100,136,15.2587890625,2,0.02
589,16,100,123,15.2587890625,0,0.0
590,16,100,96,15.2587890625,0,0.0
591,16,100,1383,15.2587890625,0,0.0
592,16,100,31,15.2587890625,0,0.0
593,16,100,1144,15.2587890625,18,0.18
594,16,100,102,15.2587890625,0,0.0
595,16,100,515,15.2587890625,6,0.06
596,16,100,884,15.2587890625,1,0.01
597,16,100,30,15.2587890625,0,0.0
598,16,100,908,15.2587890625,0,0.0
599,16,100,134,15.2587890625,0,0.0
600,16,100,30,15.2587890625,1,0.01
601,16,100,82,15.2587890625,0,0.0
602,16,100,176,15.2587890625,2,0.02
603,16,100,2306,15.2587890625,2,0.02
604,16,100,105,15.2587890625,0,0.0
605,16,100,135,15.2587890625,0,0.0
606,16,100,74,15.2587890625,0,0.0
607,16,100,5,15.2587890625,0,0.0
608,16,100,224,15.2587890625,0,0.0
609,16,100,48,15.2587890625,0,0.0
610,16,100,0,15.2587890625,0,0.0
611,16,100,1171,15.2587890625,9,0.09
612,16,100,90,15.2587890625,1,0.01
613,16,100,8,15.2587890625,0,0.0
614,16,100,627,15.2587890625,2,0.02
615,16,100,69,15.2587890625,0,0.0
616,16,100,1544,15.2587890625,0,0.0
617,16,100,31,15.2587890625,0,0.0
618,16,100,2,15.2587890625,0,0.0
619,16,100,166,15.2587890625,0,0.0
620,16,100,285,15.2587890625,0,0.0
621,16,100,10,15.2587890625,0,0.0
622,16,100,43,15.2587890625,0,0.0
623,16,100,28,15.2587890625,0,0.0
624,16,100,21,15.2587890625,0,0.0
625,16,100,280,15.2587890625,0,0.0
626,16,100,1,15.2587890625,0,0.0
627,16,100,1230,15.2587890625,1,0.01
628,16,100,2031,15.2587890625,1,0.01
629,16,100,93,15.2587890625,2,0.02
630,16,100,1838,15.2587890625,8,0.08
631,16,100,90,15.2587890625,0,0.0
632,16,100,113,15.2587890625,0,0.0
633,16,100,1153,15.2587890625,16,0.16
634,16,100,28,15.2587890625,0,0.0
635,16,100,19,15.2587890625,2,0.02
636,16,100,410,15.2587890625,2,0.02
637,16,100,126,15.2587890625,1,0.01
638,16,100,51,15.2587890625,0,0.0
639,16,100,1,15.2587890625,0,0.0
640,16,100,928,15.2587890625,1,0.01
641,16,100,405,15.2587890625,3,0.03
642,16,100,191,15.2587890625,0,0.0
643,16,100,363,15.2587890625,0,0.0
644,16,100,1309,15.2587890625,5,0.05
645,16,100,24,15.2587890625,0,0.0
646,16,100,922,15.2587890625,2,0.02
647,16,100,1618,15.2587890625,1,0.01
648,16,100,533,15.2587890625,0,0.0
649,16,100,78,15.2587890625,0,0.0
650,16,100,42,15.2587890625,0,0.0
651,16,100,251,15.2587890625,9,0.09
652,16,100,188,15.2587890625,0,0.0
653,16,100,41,15.2587890625,0,0.0
654,16,100,85,15.2587890625,0,0.0
655,16,100,29,15.2587890625,0,0.0
656,16,100,126,15.2587890625,0,0.0
657,16,100,54,15.2587890625,0,0.0
658,16,100,48,15.2587890625,0,0.0
659,16,100,53,15.2587890625,0,0.0
660,16,100,131,15.2587890625,0,0.0
661,16,100,1340,15.2587890625,10,0.1
662,16,100,717,15.2587890625,4,0.04
663,16,100,16,15.2587890625,0,0.0
664,16,100,1520,15.2587890625,5,0.05
665,16,100,981,15.2587890625,9,0.09
666,16,100,16,15.2587890625,0,0.0
667,16,100,928,15.2587890625,2,0.02
668,16,100,3718,15.2587890625,0,0.0
669,16,100,45,15.2587890625,0,0.0
670,16,100,33,15.2587890625,1,0.01
671,16,100,160,15.2587890625,1,0.01
672,16,100,450,15.2587890625,1,0.01
673,16,100,1878,15.2587890625,6,0.06
674,16,100,13,15.2587890625,0,0.0
675,16,100,853,15.2587890625,1,0.01
676,16,100,1,15.2587890625,0,0.0
677,16,100,132,15.2587890625,1,0.01
678,16,100,62,15.2587890625,2,0.02
679,16,100,879,15.2587890625,0,0.0
680,16,100,305,15.2587890625,5,0.05
681,16,100,1755,15.2587890625,0,0.0
682,16,100,189,15.2587890625,0,0.0
683,16,100,1529,15.2587890625,5,0.05
684,16,100,56,15.2587890625,0,0.0
685,16,100,2420,15.2587890625,12,0.12
686,16,100,477,15.2587890625,5,0.05
687,16,100,123,15.2587890625,1,0.01
688,16,100,19,15.2587890625,0,0.0
689,16,100,415,15.2587890625,5,0.05
690,16,100,731,15.2587890625,3,0.03
691,16,100,52,15.2587890625,0,0.0
692,16,100,5809,15.2587890625,28,0.28
693,16,100,6696,15.2587890625,3,0.03
694,16,100,8,15.2587890625,1,0.01
695,16,100,1,15.2587890625,0,0.0
696,16,100,178,15.2587890625,3,0.03
697,16,100,1470,15.2587890625,1,0.01
698,16,100,554,15.2587890625,2,0.02
699,16,100,18,15.2587890625,0,0.0
700,16,100,61,15.2587890625,1,0.01
701,16,100,85,15.2587890625,0,0.0
702,16,100,1927,15.2587890625,19,0.19
703,16,100,139,15.2587890625,0,0.0
704,16,100,592,15.2587890625,0,0.0
705,16,100,1447,15.2587890625,1,0.01
706,16,100,1,15.2587890625,0,0.0
707,16,100,1281,15.2587890625,3,0.03
708,16,100,3718,15.2587890625,2,0.02
709,16,100,52,15.2587890625,7,0.07
710,16,100,101,15.2587890625,0,0.0
711,16,100,90,15.2587890625,0,0.0
712,16,100,103,15.2587890625,2,0.02
713,16,100,84,15.2587890625,0,0.0
714,16,100,16,15.2587890625,0,0.0
715,16,100,1748,15.2587890625,3,0.03
716,16,100,150,15.2587890625,1,0.01
717,16,100,69,15.2587890625,1,0.01
718,16,100,132,15.2587890625,2,0.02
719,16,100,90,15.2587890625,2,0.02
720,16,100,56,15.2587890625,10,0.1
721,16,100,0,15.2587890625,0,0.0
722,16,100,254,15.2587890625,0,0.0
723,16,100,1134,15.2587890625,4,0.04
724,16,100,40,15.2587890625,0,0.0
725,16,100,88,15.2587890625,0,0.0
726,16,100,2565,15.2587890625,6,0.06
727,16,100,17,15.2587890625,0,0.0
728,16,100,183,15.2587890625,0,0.0
729,16,100,1838,15.2587890625,2,0.02
730,16,100,19,15.2587890625,0,0.0
731,16,100,152,15.2587890625,1,0.01
732,16,100,244,15.2587890625,2,0.02
733,16,100,631,15.2587890625,6,0.06
734,16,100,85,15.2587890625,0,0.0
735,16,100,20,15.2587890625,0,0.0
736,16,100,156,15.2587890625,0,0.0
737,16,100,367,15.2587890625,0,0.0
738,16,100,52,15.2587890625,1,0.01
739,16,100,549,15.2587890625,0,0.0
740,16,100,811,15.2587890625,2,0.02
741,16,100,40,15.2587890625,0,0.0
742,16,100,2816,15.2587890625,1,0.01
743,16,100,184,15.2587890625,1,0.01
744,16,100,1222,15.2587890625,3,0.03
745,16,100,131,15.2587890625,0,0.0
746,16,100,671,15.2587890625,7,0.07
747,16,100,398,15.2587890625,0,0.0
748,16,100,158,15.2587890625,0,0.0
749,16,100,26,15.2587890625,1,0.01
750,16,100,143,15.2587890625,0,0.0
751,16,100,14,15.2587890625,0,0.0
752,16,100,130,15.2587890625,0,0.0
753,16,100,20,15.2587890625,3,0.03
754,16,100,95,15.2587890625,0,0.0
755,16,100,19,15.2587890625,0,0.0
756,16,100,349,15.2587890625,10,0.1
757,16,100,40,15.2587890625,0,0.0
758,16,100,139,15.2587890625,0,0.0
759,16,100,1960,15.2587890625,0,0.0
760,16,100,31,15.2587890625,0,0.0
761,16,100,60,15.2587890625,0,0.0
762,16,100,1588,15.2587890625,3,0.03
763,16,100,367,15.2587890625,0,0.0
764,16,100,37,15.2587890625,0,0.0
765,16,100,4178,15.2587890625,3,0.03
766,16,100,25,15.2587890625,0,0.0
767,16,100,124,15.2587890625,0,0.0
768,16,100,0,15.2587890625,0,0.0
769,16,100,611,15.2587890625,0,0.0
770,16,100,647,15.2587890625,2,0.02
771,16,100,132,15.2587890625,1,0.01
772,16,100,11,15.2587890625,0,0.0
773,16,100,236,15.2587890625,0,0.0
774,16,100,84,15.2587890625,0,0.0
775,16,100,2,15.2587890625,1,0.01
776,16,100,4,15.2587890625,0,0.0
777,16,100,20,15.2587890625,0,0.0
778,16,100,13,15.2587890625,2,0.02
779,16,100,962,15.2587890625,1,0.01
780,16,100,15,15.2587890625,0,0.0
781,16,100,138,15.2587890625,3,0.03
782,16,100,11,15.2587890625,0,0.0
783,16,100,0,15.2587890625,0,0.0
784,16,100,325,15.2587890625,1,0.01
785,16,100,308,15.2587890625,0,0.0
786,16,100,554,15.2587890625,0,0.0
787,16,100,61,15.2587890625,0,0.0
788,16,100,19,15.2587890625,0,0.0
789,16,100,132,15.2587890625,2,0.02
790,16,100,251,15.2587890625,5,0.05
791,16,100,28,15.2587890625,0,0.0
792,16,100,626,15.2587890625,2,0.02
793,16,100,664,15.2587890625,5,0.05
794,16,100,20,15.2587890625,0,0.0
795,16,100,43,15.2587890625,0,0.0
796,16,100,1,15.2587890625,0,0.0
797,16,100,16,15.2587890625,0,0.0
798,16,100,139,15.2587890625,1,0.01
799,16,100,32,15.2587890625,0,0.0
800,16,100,23,15.2587890625,0,0.0
801,16,100,1807,15.2587890625,1,0.01
802,16,100,374,15.2587890625,0,0.0
803,16,100,90,15.2587890625,1,0.01
804,16,100,1618,15.2587890625,1,0.01
805,16,100,301,15.2587890625,1,0.01
806,16,100,3440,15.2587890625,9,0.09
807,16,100,16,15.2587890625,0,0.0
808,16,100,66,15.2587890625,0,0.0
809,16,100,542,15.2587890625,1,0.01
810,16,100,38,15.2587890625,1,0.01
811,16,100,192,15.2587890625,2,0.02
812,16,100,425,15.2587890625,4,0.04
813,16,100,1118,15.2587890625,2,0.02
814,16,100,286,15.2587890625,0,0.0
815,16,100,236,15.2587890625,0,0.0
816,16,100,235,15.2587890625,0,0.0
817,16,100,201,15.2587890625,1,0.01
818,16,100,192,15.2587890625,1,0.01
819,16,100,669,15.2587890625,13,0.13
820,16,100,30,15.2587890625,0,0.0
821,16,100,51,15.2587890625,1,0.01
822,16,100,2302,15.2587890625,23,0.23
823,16,100,11,15.2587890625,0,0.0
824,16,100,14,15.2587890625,0,0.0
825,16,100,113,15.2587890625,0,0.0
826,16,100,169,15.2587890625,2,0.02
827,16,100,3649,15.2587890625,5,0.05
828,16,100,157,15.2587890625,8,0.08
829,16,100,1,15.2587890625,0,0.0
830,16,100,1932,15.2587890625,5,0.05
831,16,100,97,15.2587890625,1,0.01
832,16,100,1,15.2587890625,0,0.0
833,16,100,465,15.2587890625,1,0.01
834,16,100,318,15.2587890625,2,0.02
835,16,100,49,15.2587890625,0,0.0
836,16,100,48,15.2587890625,0,0.0
837,16,100,314,15.2587890625,1,0.01
838,16,100,3568,15.2587890625,3,0.03
839,16,100,3649,15.2587890625,21,0.21
840,16,100,539,15.2587890625,4,0.04
841,16,100,48,15.2587890625,0,0.0
842,16,100,246,15.2587890625,2,0.02
843,16,100,160,15.2587890625,2,0.02
844,16,100,1340,15.2587890625,9,0.09
845,16,100,5,15.2587890625,0,0.0
846,16,100,320,15.2587890625,0,0.0
847,16,100,1571,15.2587890625,8,0.08
848,16,100,333,15.2587890625,0,0.0
849,16,100,1,15.2587890625,0,0.0
850,16,100,1,15.2587890625,0,0.0
851,16,100,494,15.2587890625,4,0.04
852,16,100,7,15.2587890625,0,0.0
853,16,100,6,15.2587890625,1,0.01
854,16,100,2573,15.2587890625,1,0.01
855,16,100,132,15.2587890625,0,0.0
856,16,100,291,15.2587890625,1,0.01
857,16,100,1009,15.2587890625,0,0.0
858,16,100,3486,15.2587890625,4,0.04
859,16,100,128,15.2587890625,2,0.02
860,16,100,0,15.2587890625,0,0.0
861,16,100,4,15.2587890625,0,0.0
862,16,100,622,15.2587890625,1,0.01
863,16,100,1,15.2587890625,0,0.0
864,16,100,4,15.2587890625,0,0.0
865,16,100,5650,15.2587890625,14,0.14
866,16,100,16,15.2587890625,0,0.0
867,16,100,5,15.2587890625,0,0.0
868,16,100,3089,15.2587890625,1,0.01
869,16,100,376,15.2587890625,0,0.0
870,16,100,3947,15.2587890625,8,0.08
871,16,100,33,15.2587890625,0,0.0
872,16,100,5,15.2587890625,0,0.0
873,16,100,2,15.2587890625,0,0.0
874,16,100,76,15.2587890625,0,0.0
875,16,100,886,15.2587890625,9,0.09
876,16,100,83,15.2587890625,1,0.01
877,16,100,62,15.2587890625,0,0.0
878,16,100,944,15.2587890625,0,0.0
879,16,100,10,15.2587890625,0,0.0
880,16,100,48,15.2587890625,0,0.0
881,16,100,128,15.2587890625,0,0.0
882,16,100,40,15.2587890625,0,0.0
883,16,100,125,15.2587890625,0,0.0
884,16,100,3089,15.2587890625,2,0.02
885,16,100,158,15.2587890625,1,0.01
886,16,100,217,15.2587890625,3,0.03
887,16,100,314,15.2587890625,1,0.01
888,16,100,3440,15.2587890625,3,0.03
889,16,100,65,15.2587890625,1,0.01
890,16,100,141,15.2587890625,0,0.0
891,16,100,391,15.2587890625,0,0.0
892,16,100,192,15.2587890625,2,0.02
893,16,100,153,15.2587890625,0,0.0
894,16,100,9,15.2587890625,0,0.0
895,16,100,14,15.2587890625,1,0.01
896,16,100,1,15.2587890625,0,0.0
897,16,100,262,15.2587890625,0,0.0
898,16,100,266,15.2587890625,0,0.0
899,16,100,1838,15.2587890625,8,0.08
900,16,100,99,15.2587890625,0,0.0
901,16,100,87,15.2587890625,3,0.03
902,16,100,94,15.2587890625,0,0.0
903,16,100,425,15.2587890625,0,0.0
904,16,100,919,15.2587890625,1,0.01
905,16,100,1176,15.2587890625,1,0.01
906,16,100,85,15.2587890625,1,0.01
907,16,100,11,15.2587890625,1,0.01
908,16,100,1009,15.2587890625,1,0.01
909,16,100,182,15.2587890625,1,0.01
910,16,100,58,15.2587890625,0,0.0
911,16,100,7,15.2587890625,0,0.0
912,16,100,6696,15.2587890625,11,0.11
913,16,100,13,15.2587890625,0,0.0
914,16,100,841,15.2587890625,1,0.01
915,16,100,2564,15.2587890625,16,0.16
916,16,100,264,15.2587890625,0,0.0
917,16,100,2338,15.2587890625,9,0.09
918,16,100,27,15.2587890625,0,0.0
919,16,100,18,15.2587890625,0,0.0
920,16,100,36,15.2587890625,0,0.0
921,16,100,6696,15.2587890625,12,0.12
922,16,100,65,15.2587890625,0,0.0
923,16,100,1,15.2587890625,0,0.0
924,16,100,634,15.2587890625,3,0.03
925,16,100,174,15.2587890625,0,0.0
926,16,100,2988,15.2587890625,2,0.02
927,16,100,377,15.2587890625,0,0.0
928,16,100,4264,15.2587890625,8,0.08
929,16,100,458,15.2587890625,2,0.02
930,16,100,64,15.2587890625,0,0.0
931,16,100,17,15.2587890625,0,0.0
932,16,100,8,15.2587890625,0,0.0
933,16,100,1129,15.2587890625,6,0.06
934,16,100,72,15.2587890625,0,0.0
935,16,100,51,15.2587890625,0,0.0
936,16,100,31,15.2587890625,0,0.0
937,16,100,72,15.2587890625,0,0.0
938,16,100,377,15.2587890625,3,0.03
939,16,100,30,15.2587890625,1,0.01
940,16,100,39,15.2587890625,0,0.0
941,16,100,24,15.2587890625,0,0.0
942,16,100,115,15.2587890625,0,0.0
943,16,100,647,15.2587890625,0,0.0
944,16,100,1252,15.2587890625,5,0.05
945,16,100,136,15.2587890625,1,0.01
946,16,100,105,15.2587890625,2,0.02
947,16,100,51,15.2587890625,0,0.0
948,16,100,412,15.2587890625,1,0.01
949,16,100,53,15.2587890625,0,0.0
950,16,100,68,15.2587890625,2,0.02
951,16,100,1068,15.2587890625,3,0.03
952,16,100,591,15.2587890625,2,0.02
953,16,100,5026,15.2587890625,7,0.07
954,16,100,783,15.2587890625,2,0.02
955,16,100,202,15.2587890625,1,0.01
956,16,100,1195,15.2587890625,0,0.0
957,16,100,143,15.2587890625,9,0.09
958,16,100,232,15.2587890625,0,0.0
959,16,100,43,15.2587890625,1,0.01
960,16,100,49,15.2587890625,0,0.0
961,16,100,5,15.2587890625,0,0.0
962,16,100,108,15.2587890625,0,0.0
963,16,100,0,15.2587890625,0,0.0
964,16,100,904,15.2587890625,0,0.0
965,16,100,1588,15.2587890625,1,0.01
966,16,100,10,15.2587890625,0,0.0
967,16,100,3,15.2587890625,0,0.0
968,16,100,135,15.2587890625,0,0.0
969,16,100,37,15.2587890625,0,0.0
970,16,100,20,15.2587890625,1,0.01
971,16,100,20,15.2587890625,0,0.0
972,16,100,169,15.2587890625,0,0.0
973,16,100,44,15.2587890625,0,0.0
974,16,100,41,15.2587890625,0,0.0
975,16,100,12,15.2587890625,0,0.0
976,16,100,4,15.2587890625,0,0.0
977,16,100,0,15.2587890625,0,0.0
978,16,100,3568,15.2587890625,8,0.08
979,16,100,30,15.2587890625,0,0.0
980,16,100,41,15.2587890625,0,0.0
981,16,100,874,15.2587890625,4,0.04
982,16,100,4666,15.2587890625,1,0.01
983,16,100,884,15.2587890625,0,0.0
984,16,100,4,15.2587890625,0,0.0
985,16,100,264,15.2587890625,0,0.0
986,16,100,1,15.2587890625,0,0.0
987,16,100,73,15.2587890625,0,0.0
988,16,100,1111,15.2587890625,0,0.0
989,16,100,429,15.2587890625,19,0.19
990,16,100,2565,15.2587890625,0,0.0
991,16,100,45,15.2587890625,4,0.04
992,16,100,43,15.2587890625,0,0.0
993,16,100,1,15.2587890625,0,0.0
994,16,100,83,15.2587890625,1,0.01
995,16,100,132,15.2587890625,0,0.0
996,16,100,1554,15.2587890625,4,0.04
997,16,100,7,15.2587890625,0,0.0
998,16,100,171,15.2587890625,1,0.01
999,16,100,571,15.2587890625,2,0.02
0,32,1,0,0.00023283064365386963,0,0.0
1,32,1,0,0.00023283064365386963,0,0.0
2,32,1,0,0.00023283064365386963,0,0.0
3,32,1,0,0.00023283064365386963,0,0.0
4,32,1,0,0.00023283064365386963,0,0.0
5,32,1,0,0.00023283064365386963,0,0.0
6,32,1,0,0.00023283064365386963,0,0.0
7,32,1,0,0.00023283064365386963,0,0.0
8,32,1,2,0.00023283064365386963,0,0.0
9,32,1,1,0.00023283064365386963,0,0.0
10,32,1,0,0.00023283064365386963,0,0.0
11,32,1,0,0.00023283064365386963,0,0.0
12,32,1,0,0.00023283064365386963,0,0.0
13,32,1,0,0.00023283064365386963,0,0.0
14,32,1,0,0.00023283064365386963,0,0.0
15,32,1,0,0.00023283064365386963,0,0.0
16,32,1,0,0.00023283064365386963,0,0.0
17,32,1,0,0.00023283064365386963,0,0.0
18,32,1,0,0.00023283064365386963,0,0.0
19,32,1,0,0.00023283064365386963,0,0.0
20,32,1,0,0.00023283064365386963,0,0.0
21,32,1,3,0.00023283064365386963,0,0.0
22,32,1,0,0.00023283064365386963,0,0.0
23,32,1,0,0.00023283064365386963,0,0.0
24,32,1,0,0.00023283064365386963,0,0.0
25,32,1,0,0.00023283064365386963,0,0.0
26,32,1,4,0.00023283064365386963,0,0.0
27,32,1,18,0.00023283064365386963,0,0.0
28,32,1,0,0.00023283064365386963,0,0.0
29,32,1,0,0.00023283064365386963,0,0.0
30,32,1,0,0.00023283064365386963,0,0.0
31,32,1,0,0.00023283064365386963,0,0.0
32,32,1,3,0.00023283064365386963,0,0.0
33,32,1,0,0.00023283064365386963,0,0.0
34,32,1,0,0.00023283064365386963,0,0.0
35,32,1,0,0.00023283064365386963,0,0.0
36,32,1,0,0.00023283064365386963,0,0.0
37,32,1,0,0.00023283064365386963,0,0.0
38,32,1,0,0.00023283064365386963,0,0.0
39,32,1,0,0.00023283064365386963,0,0.0
40,32,1,0,0.00023283064365386963,0,0.0
41,32,1,0,0.00023283064365386963,0,0.0
42,32,1,0,0.00023283064365386963,0,0.0
43,32,1,3,0.00023283064365386963,0,0.0
44,32,1,0,0.00023283064365386963,0,0.0
45,32,1,1,0.00023283064365386963,0,0.0
46,32,1,0,0.00023283064365386963,0,0.0
47,32,1,1,0.00023283064365386963,0,0.0
48,32,1,0,0.00023283064365386963,0,0.0
49,32,1,0,0.00023283064365386963,0,0.0
50,32,1,0,0.00023283064365386963,0,0.0
51,32,1,1,0.00023283064365386963,0,0.0
52,32,1,0,0.00023283064365386963,0,0.0
53,32,1,3,0.00023283064365386963,0,0.0
54,32,1,1,0.00023283064365386963,0,0.0
55,32,1,0,0.00023283064365386963,0,0.0
56,32,1,0,0.00023283064365386963,0,0.0
57,32,1,0,0.00023283064365386963,0,0.0
58,32,1,0,0.00023283064365386963,0,0.0
59,32,1,0,0.00023283064365386963,0,0.0
60,32,1,0,0.00023283064365386963,0,0.0
61,32,1,1,0.00023283064365386963,0,0.0
62,32,1,0,0.00023283064365386963,0,0.0
63,32,1,0,0.00023283064365386963,0,0.0
64,32,1,0,0.00023283064365386963,0,0.0
65,32,1,0,0.00023283064365386963,0,0.0
66,32,1,0,0.00023283064365386963,0,0.0
67,32,1,0,0.00023283064365386963,0,0.0
68,32,1,0,0.00023283064365386963,0,0.0
69,32,1,0,0.00023283064365386963,0,0.0
70,32,1,0,0.00023283064365386963,0,0.0
71,32,1,0,0.00023283064365386963,0,0.0
72,32,1,0,0.00023283064365386963,0,0.0
73,32,1,0,0.00023283064365386963,0,0.0
74,32,1,0,0.00023283064365386963,0,0.0
75,32,1,0,0.00023283064365386963,0,0.0
76,32,1,0,0.00023283064365386963,0,0.0
77,32,1,0,0.00023283064365386963,0,0.0
78,32,1,0,0.00023283064365386963,0,0.0
79,32,1,0,0.00023283064365386963,0,0.0
80,32,1,0,0.00023283064365386963,0,0.0
81,32,1,0,0.00023283064365386963,0,0.0
82,32,1,0,0.00023283064365386963,0,0.0
83,32,1,0,0.00023283064365386963,0,0.0
84,32,1,0,0.00023283064365386963,0,0.0
85,32,1,0,0.00023283064365386963,0,0.0
86,32,1,0,0.00023283064365386963,0,0.0
87,32,1,0,0.00023283064365386963,0,0.0
88,32,1,0,0.00023283064365386963,0,0.0
89,32,1,1,0.00023283064365386963,0,0.0
90,32,1,0,0.00023283064365386963,0,0.0
91,32,1,0,0.00023283064365386963,0,0.0
92,32,1,0,0.00023283064365386963,0,0.0
93,32,1,0,0.00023283064365386963,0,0.0
94,32,1,0,0.00023283064365386963,0,0.0
95,32,1,0,0.00023283064365386963,0,0.0
96,32,1,0,0.00023283064365386963,0,0.0
97,32,1,0,0.00023283064365386963,0,0.0
98,32,1,0,0.00023283064365386963,0,0.0
99,32,1,0,0.00023283064365386963,0,0.0
100,32,1,0,0.00023283064365386963,0,0.0
101,32,1,0,0.00023283064365386963,0,0.0
102,32,1,0,0.00023283064365386963,0,0.0
103,32,1,0,0.00023283064365386963,0,0.0
104,32,1,0,0.00023283064365386963,0,0.0
105,32,1,0,0.00023283064365386963,0,0.0
106,32,1,0,0.00023283064365386963,0,0.0
107,32,1,0,0.00023283064365386963,0,0.0
108,32,1,0,0.00023283064365386963,0,0.0
109,32,1,0,0.00023283064365386963,0,0.0
110,32,1,0,0.00023283064365386963,0,0.0
111,32,1,0,0.00023283064365386963,0,0.0
112,32,1,0,0.00023283064365386963,0,0.0
113,32,1,0,0.00023283064365386963,0,0.0
114,32,1,0,0.00023283064365386963,0,0.0
115,32,1,0,0.00023283064365386963,0,0.0
116,32,1,0,0.00023283064365386963,0,0.0
117,32,1,0,0.00023283064365386963,0,0.0
118,32,1,2,0.00023283064365386963,0,0.0
119,32,1,0,0.00023283064365386963,0,0.0
120,32,1,0,0.00023283064365386963,0,0.0
121,32,1,1,0.00023283064365386963,0,0.0
122,32,1,0,0.00023283064365386963,0,0.0
123,32,1,0,0.00023283064365386963,0,0.0
124,32,1,0,0.00023283064365386963,0,0.0
125,32,1,0,0.00023283064365386963,0,0.0
126,32,1,0,0.00023283064365386963,0,0.0
127,32,1,0,0.00023283064365386963,0,0.0
128,32,1,0,0.00023283064365386963,0,0.0
129,32,1,0,0.00023283064365386963,0,0.0
130,32,1,0,0.00023283064365386963,0,0.0
131,32,1,0,0.00023283064365386963,0,0.0
132,32,1,0,0.00023283064365386963,0,0.0
133,32,1,0,0.00023283064365386963,0,0.0
134,32,1,0,0.00023283064365386963,0,0.0
135,32,1,1,0.00023283064365386963,0,0.0
136,32,1,0,0.00023283064365386963,0,0.0
137,32,1,0,0.00023283064365386963,0,0.0
138,32,1,0,0.00023283064365386963,0,0.0
139,32,1,0,0.00023283064365386963,0,0.0
140,32,1,0,0.00023283064365386963,0,0.0
141,32,1,0,0.00023283064365386963,0,0.0
142,32,1,0,0.00023283064365386963,0,0.0
143,32,1,0,0.00023283064365386963,0,0.0
144,32,1,0,0.00023283064365386963,0,0.0
145,32,1,0,0.00023283064365386963,0,0.0
146,32,1,0,0.00023283064365386963,0,0.0
147,32,1,0,0.00023283064365386963,0,0.0
148,32,1,0,0.00023283064365386963,0,0.0
149,32,1,0,0.00023283064365386963,0,0.0
150,32,1,0,0.00023283064365386963,0,0.0
151,32,1,0,0.00023283064365386963,0,0.0
152,32,1,0,0.00023283064365386963,0,0.0
153,32,1,0,0.00023283064365386963,0,0.0
154,32,1,0,0.00023283064365386963,0,0.0
155,32,1,0,0.00023283064365386963,0,0.0
156,32,1,0,0.00023283064365386963,0,0.0
157,32,1,0,0.00023283064365386963,0,0.0
158,32,1,0,0.00023283064365386963,0,0.0
159,32,1,0,0.00023283064365386963,0,0.0
160,32,1,0,0.00023283064365386963,0,0.0
161,32,1,0,0.00023283064365386963,0,0.0
162,32,1,1,0.00023283064365386963,0,0.0
163,32,1,0,0.00023283064365386963,0,0.0
164,32,1,0,0.00023283064365386963,0,0.0
165,32,1,0,0.00023283064365386963,0,0.0
166,32,1,0,0.00023283064365386963,0,0.0
167,32,1,0,0.00023283064365386963,0,0.0
168,32,1,0,0.00023283064365386963,0,0.0
169,32,1,0,0.00023283064365386963,0,0.0
170,32,1,0,0.00023283064365386963,0,0.0
171,32,1,0,0.00023283064365386963,0,0.0
172,32,1,0,0.00023283064365386963,0,0.0
173,32,1,0,0.00023283064365386963,0,0.0
174,32,1,0,0.00023283064365386963,0,0.0
175,32,1,0,0.00023283064365386963,0,0.0
176,32,1,0,0.00023283064365386963,0,0.0
177,32,1,3,0.00023283064365386963,0,0.0
178,32,1,1,0.00023283064365386963,0,0.0
179,32,1,0,0.00023283064365386963,0,0.0
180,32,1,0,0.00023283064365386963,0,0.0
181,32,1,0,0.00023283064365386963,0,0.0
182,32,1,0,0.00023283064365386963,0,0.0
183,32,1,0,0.00023283064365386963,0,0.0
184,32,1,0,0.00023283064365386963,0,0.0
185,32,1,0,0.00023283064365386963,0,0.0
186,32,1,0,0.00023283064365386963,0,0.0
187,32,1,0,0.00023283064365386963,0,0.0
188,32,1,0,0.00023283064365386963,0,0.0
189,32,1,2,0.00023283064365386963,0,0.0
190,32,1,0,0.00023283064365386963,0,0.0
191,32,1,0,0.00023283064365386963,0,0.0
192,32,1,0,0.00023283064365386963,0,0.0
193,32,1,0,0.00023283064365386963,0,0.0
194,32,1,0,0.00023283064365386963,0,0.0
195,32,1,0,0.00023283064365386963,0,0.0
196,32,1,0,0.00023283064365386963,0,0.0
197,32,1,0,0.00023283064365386963,0,0.0
198,32,1,1,0.00023283064365386963,0,0.0
199,32,1,0,0.00023283064365386963,0,0.0
200,32,1,0,0.00023283064365386963,0,0.0
201,32,1,0,0.00023283064365386963,0,0.0
202,32,1,0,0.00023283064365386963,0,0.0
203,32,1,0,0.00023283064365386963,0,0.0
204,32,1,0,0.00023283064365386963,0,0.0
205,32,1,0,0.00023283064365386963,0,0.0
206,32,1,0,0.00023283064365386963,0,0.0
207,32,1,0,0.00023283064365386963,0,0.0
208,32,1,0,0.00023283064365386963,0,0.0
209,32,1,0,0.00023283064365386963,0,0.0
210,32,1,0,0.00023283064365386963,0,0.0
211,32,1,0,0.00023283064365386963,0,0.0
212,32,1,0,0.00023283064365386963,0,0.0
213,32,1,0,0.00023283064365386963,0,0.0
214,32,1,0,0.00023283064365386963,0,0.0
215,32,1,0,0.00023283064365386963,0,0.0
216,32,1,0,0.00023283064365386963,0,0.0
217,32,1,0,0.00023283064365386963,0,0.0
218,32,1,0,0.00023283064365386963,0,0.0
219,32,1,0,0.00023283064365386963,0,0.0
220,32,1,0,0.00023283064365386963,0,0.0
221,32,1,0,0.00023283064365386963,0,0.0
222,32,1,0,0.00023283064365386963,0,0.0
223,32,1,0,0.00023283064365386963,0,0.0
224,32,1,0,0.00023283064365386963,0,0.0
225,32,1,0,0.00023283064365386963,0,0.0
226,32,1,0,0.00023283064365386963,0,0.0
227,32,1,0,0.00023283064365386963,0,0.0
228,32,1,0,0.00023283064365386963,0,0.0
229,32,1,0,0.00023283064365386963,0,0.0
230,32,1,0,0.00023283064365386963,0,0.0
231,32,1,0,0.00023283064365386963,0,0.0
232,32,1,0,0.00023283064365386963,0,0.0
233,32,1,0,0.00023283064365386963,0,0.0
234,32,1,0,0.00023283064365386963,0,0.0
235,32,1,2,0.00023283064365386963,0,0.0
236,32,1,0,0.00023283064365386963,0,0.0
237,32,1,0,0.00023283064365386963,0,0.0
238,32,1,0,0.00023283064365386963,0,0.0
239,32,1,0,0.00023283064365386963,0,0.0
240,32,1,0,0.00023283064365386963,0,0.0
241,32,1,0,0.00023283064365386963,0,0.0
242,32,1,0,0.00023283064365386963,0,0.0
243,32,1,0,0.00023283064365386963,0,0.0
244,32,1,0,0.00023283064365386963,0,0.0
245,32,1,0,0.00023283064365386963,0,0.0
246,32,1,0,0.00023283064365386963,0,0.0
247,32,1,2,0.00023283064365386963,0,0.0
248,32,1,0,0.00023283064365386963,0,0.0
249,32,1,0,0.00023283064365386963,0,0.0
250,32,1,0,0.00023283064365386963,0,0.0
251,32,1,1,0.00023283064365386963,0,0.0
252,32,1,0,0.00023283064365386963,0,0.0
253,32,1,0,0.00023283064365386963,0,0.0
254,32,1,0,0.00023283064365386963,0,0.0
255,32,1,0,0.00023283064365386963,0,0.0
256,32,1,0,0.00023283064365386963,0,0.0
257,32,1,0,0.00023283064365386963,0,0.0
258,32,1,0,0.00023283064365386963,0,0.0
259,32,1,0,0.00023283064365386963,0,0.0
260,32,1,0,0.00023283064365386963,0,0.0
261,32,1,0,0.00023283064365386963,0,0.0
262,32,1,0,0.00023283064365386963,0,0.0
263,32,1,0,0.00023283064365386963,0,0.0
264,32,1,1,0.00023283064365386963,0,0.0
265,32,1,0,0.00023283064365386963,0,0.0
266,32,1,0,0.00023283064365386963,0,0.0
267,32,1,0,0.00023283064365386963,0,0.0
268,32,1,0,0.00023283064365386963,0,0.0
269,32,1,1,0.00023283064365386963,0,0.0
270,32,1,0,0.00023283064365386963,0,0.0
271,32,1,0,0.00023283064365386963,0,0.0
272,32,1,0,0.00023283064365386963,0,0.0
273,32,1,0,0.00023283064365386963,0,0.0
274,32,1,0,0.00023283064365386963,0,0.0
275,32,1,0,0.00023283064365386963,0,0.0
276,32,1,0,0.00023283064365386963,0,0.0
277,32,1,0,0.00023283064365386963,0,0.0
278,32,1,0,0.00023283064365386963,0,0.0
279,32,1,0,0.00023283064365386963,0,0.0
280,32,1,0,0.00023283064365386963,0,0.0
281,32,1,0,0.00023283064365386963,0,0.0
282,32,1,0,0.00023283064365386963,0,0.0
283,32,1,0,0.00023283064365386963,0,0.0
284,32,1,0,0.00023283064365386963,0,0.0
285,32,1,0,0.00023283064365386963,0,0.0
286,32,1,0,0.00023283064365386963,0,0.0
287,32,1,0,0.00023283064365386963,0,0.0
288,32,1,0,0.00023283064365386963,0,0.0
289,32,1,0,0.00023283064365386963,0,0.0
290,32,1,0,0.00023283064365386963,0,0.0
291,32,1,0,0.00023283064365386963,0,0.0
292,32,1,0,0.00023283064365386963,0,0.0
293,32,1,0,0.00023283064365386963,0,0.0
294,32,1,1,0.00023283064365386963,0,0.0
295,32,1,0,0.00023283064365386963,0,0.0
296,32,1,0,0.00023283064365386963,0,0.0
297,32,1,0,0.00023283064365386963,0,0.0
298,32,1,0,0.00023283064365386963,0,0.0
299,32,1,0,0.00023283064365386963,0,0.0
300,32,1,0,0.00023283064365386963,0,0.0
301,32,1,0,0.00023283064365386963,0,0.0
302,32,1,0,0.00023283064365386963,0,0.0
303,32,1,0,0.00023283064365386963,0,0.0
304,32,1,0,0.00023283064365386963,0,0.0
305,32,1,2,0.00023283064365386963,0,0.0
306,32,1,0,0.00023283064365386963,0,0.0
307,32,1,0,0.00023283064365386963,0,0.0
308,32,1,0,0.00023283064365386963,0,0.0
309,32,1,2,0.00023283064365386963,0,0.0
310,32,1,1,0.00023283064365386963,0,0.0
311,32,1,0,0.00023283064365386963,0,0.0
312,32,1,0,0.00023283064365386963,0,0.0
313,32,1,0,0.00023283064365386963,0,0.0
314,32,1,0,0.00023283064365386963,0,0.0
315,32,1,0,0.00023283064365386963,0,0.0
316,32,1,0,0.00023283064365386963,0,0.0
317,32,1,0,0.00023283064365386963,0,0.0
318,32,1,0,0.00023283064365386963,0,0.0
319,32,1,0,0.00023283064365386963,0,0.0
320,32,1,0,0.00023283064365386963,0,0.0
321,32,1,0,0.00023283064365386963,0,0.0
322,32,1,0,0.00023283064365386963,0,0.0
323,32,1,0,0.00023283064365386963,0,0.0
324,32,1,0,0.00023283064365386963,0,0.0
325,32,1,0,0.00023283064365386963,0,0.0
326,32,1,0,0.00023283064365386963,0,0.0
327,32,1,0,0.00023283064365386963,0,0.0
328,32,1,0,0.00023283064365386963,0,0.0
329,32,1,0,0.00023283064365386963,0,0.0
330,32,1,0,0.00023283064365386963,0,0.0
331,32,1,0,0.00023283064365386963,0,0.0
332,32,1,0,0.00023283064365386963,0,0.0
333,32,1,1,0.00023283064365386963,1,1.0
334,32,1,0,0.00023283064365386963,0,0.0
335,32,1,0,0.00023283064365386963,0,0.0
336,32,1,0,0.00023283064365386963,0,0.0
337,32,1,0,0.00023283064365386963,0,0.0
338,32,1,0,0.00023283064365386963,0,0.0
339,32,1,0,0.00023283064365386963,0,0.0
340,32,1,0,0.00023283064365386963,0,0.0
341,32,1,0,0.00023283064365386963,0,0.0
342,32,1,0,0.00023283064365386963,0,0.0
343,32,1,0,0.00023283064365386963,0,0.0
344,32,1,0,0.00023283064365386963,0,0.0
345,32,1,1,0.00023283064365386963,0,0.0
346,32,1,1,0.00023283064365386963,0,0.0
347,32,1,0,0.00023283064365386963,0,0.0
348,32,1,0,0.00023283064365386963,0,0.0
349,32,1,0,0.00023283064365386963,0,0.0
350,32,1,0,0.00023283064365386963,0,0.0
351,32,1,0,0.00023283064365386963,0,0.0
352,32,1,0,0.00023283064365386963,0,0.0
353,32,1,0,0.00023283064365386963,0,0.0
354,32,1,0,0.00023283064365386963,0,0.0
355,32,1,0,0.00023283064365386963,0,0.0
356,32,1,3,0.00023283064365386963,0,0.0
357,32,1,0,0.00023283064365386963,0,0.0
358,32,1,0,0.00023283064365386963,0,0.0
359,32,1,1,0.00023283064365386963,0,0.0
360,32,1,0,0.00023283064365386963,0,0.0
361,32,1,0,0.00023283064365386963,0,0.0
362,32,1,1,0.00023283064365386963,0,0.0
363,32,1,1,0.00023283064365386963,0,0.0
364,32,1,0,0.00023283064365386963,0,0.0
365,32,1,0,0.00023283064365386963,0,0.0
366,32,1,0,0.00023283064365386963,0,0.0
367,32,1,0,0.00023283064365386963,0,0.0
368,32,1,0,0.00023283064365386963,0,0.0
369,32,1,0,0.00023283064365386963,0,0.0
370,32,1,0,0.00023283064365386963,0,0.0
371,32,1,0,0.00023283064365386963,0,0.0
372,32,1,0,0.00023283064365386963,0,0.0
373,32,1,0,0.00023283064365386963,0,0.0
374,32,1,0,0.00023283064365386963,0,0.0
375,32,1,1,0.00023283064365386963,0,0.0
376,32,1,0,0.00023283064365386963,0,0.0
377,32,1,0,0.00023283064365386963,0,0.0
378,32,1,0,0.00023283064365386963,0,0.0
379,32,1,0,0.00023283064365386963,0,0.0
380,32,1,0,0.00023283064365386963,0,0.0
381,32,1,0,0.00023283064365386963,0,0.0
382,32,1,0,0.00023283064365386963,0,0.0
383,32,1,0,0.00023283064365386963,0,0.0
384,32,1,2,0.00023283064365386963,0,0.0
385,32,1,0,0.00023283064365386963,0,0.0
386,32,1,1,0.00023283064365386963,0,0.0
387,32,1,0,0.00023283064365386963,0,0.0
388,32,1,0,0.00023283064365386963,0,0.0
389,32,1,0,0.00023283064365386963,0,0.0
390,32,1,0,0.00023283064365386963,0,0.0
391,32,1,0,0.00023283064365386963,0,0.0
392,32,1,0,0.00023283064365386963,0,0.0
393,32,1,0,0.00023283064365386963,0,0.0
394,32,1,1,0.00023283064365386963,0,0.0
395,32,1,0,0.00023283064365386963,0,0.0
396,32,1,0,0.00023283064365386963,0,0.0
397,32,1,1,0.00023283064365386963,0,0.0
398,32,1,0,0.00023283064365386963,0,0.0
399,32,1,0,0.00023283064365386963,0,0.0
400,32,1,0,0.00023283064365386963,0,0.0
401,32,1,0,0.00023283064365386963,0,0.0
402,32,1,0,0.00023283064365386963,0,0.0
403,32,1,0,0.00023283064365386963,0,0.0
404,32,1,0,0.00023283064365386963,0,0.0
405,32,1,0,0.00023283064365386963,0,0.0
406,32,1,0,0.00023283064365386963,0,0.0
407,32,1,0,0.00023283064365386963,0,0.0
408,32,1,0,0.00023283064365386963,0,0.0
409,32,1,1,0.00023283064365386963,0,0.0
410,32,1,0,0.00023283064365386963,0,0.0
411,32,1,0,0.00023283064365386963,0,0.0
412,32,1,0,0.00023283064365386963,0,0.0
413,32,1,0,0.00023283064365386963,0,0.0
414,32,1,0,0.00023283064365386963,0,0.0
415,32,1,0,0.00023283064365386963,0,0.0
416,32,1,0,0.00023283064365386963,0,0.0
417,32,1,0,0.00023283064365386963,0,0.0
418,32,1,0,0.00023283064365386963,0,0.0
419,32,1,0,0.00023283064365386963,0,0.0
420,32,1,0,0.00023283064365386963,0,0.0
421,32,1,0,0.00023283064365386963,0,0.0
422,32,1,0,0.00023283064365386963,0,0.0
423,32,1,1,0.00023283064365386963,0,0.0
424,32,1,0,0.00023283064365386963,0,0.0
425,32,1,0,0.00023283064365386963,0,0.0
426,32,1,0,0.00023283064365386963,0,0.0
427,32,1,0,0.00023283064365386963,0,0.0
428,32,1,0,0.00023283064365386963,0,0.0
429,32,1,0,0.00023283064365386963,0,0.0
430,32,1,0,0.00023283064365386963,0,0.0
431,32,1,1,0.00023283064365386963,0,0.0
432,32,1,0,0.00023283064365386963,0,0.0
433,32,1,0,0.00023283064365386963,0,0.0
434,32,1,0,0.00023283064365386963,0,0.0
435,32,1,0,0.00023283064365386963,0,0.0
436,32,1,0,0.00023283064365386963,0,0.0
437,32,1,0,0.00023283064365386963,0,0.0
438,32,1,0,0.00023283064365386963,0,0.0
439,32,1,0,0.00023283064365386963,0,0.0
440,32,1,0,0.00023283064365386963,0,0.0
441,32,1,0,0.00023283064365386963,0,0.0
442,32,1,0,0.00023283064365386963,0,0.0
443,32,1,0,0.00023283064365386963,0,0.0
444,32,1,0,0.00023283064365386963,0,0.0
445,32,1,0,0.00023283064365386963,0,0.0
446,32,1,0,0.00023283064365386963,0,0.0
447,32,1,0,0.00023283064365386963,0,0.0
448,32,1,0,0.00023283064365386963,0,0.0
449,32,1,0,0.00023283064365386963,0,0.0
450,32,1,0,0.00023283064365386963,0,0.0
451,32,1,0,0.00023283064365386963,0,0.0
452,32,1,0,0.00023283064365386963,0,0.0
453,32,1,0,0.00023283064365386963,0,0.0
454,32,1,0,0.00023283064365386963,0,0.0
455,32,1,0,0.00023283064365386963,0,0.0
456,32,1,0,0.00023283064365386963,0,0.0
457,32,1,0,0.00023283064365386963,0,0.0
458,32,1,0,0.00023283064365386963,0,0.0
459,32,1,0,0.00023283064365386963,0,0.0
460,32,1,0,0.00023283064365386963,0,0.0
461,32,1,0,0.00023283064365386963,0,0.0
462,32,1,0,0.00023283064365386963,0,0.0
463,32,1,2,0.00023283064365386963,0,0.0
464,32,1,0,0.00023283064365386963,0,0.0
465,32,1,0,0.00023283064365386963,0,0.0
466,32,1,1,0.00023283064365386963,0,0.0
467,32,1,0,0.00023283064365386963,0,0.0
468,32,1,0,0.00023283064365386963,0,0.0
469,32,1,0,0.00023283064365386963,0,0.0
470,32,1,0,0.00023283064365386963,0,0.0
471,32,1,0,0.00023283064365386963,0,0.0
472,32,1,0,0.00023283064365386963,0,0.0
473,32,1,0,0.00023283064365386963,0,0.0
474,32,1,18,0.00023283064365386963,0,0.0
475,32,1,0,0.00023283064365386963,0,0.0
476,32,1,0,0.00023283064365386963,0,0.0
477,32,1,0,0.00023283064365386963,0,0.0
478,32,1,0,0.00023283064365386963,0,0.0
479,32,1,0,0.00023283064365386963,0,0.0
480,32,1,0,0.00023283064365386963,0,0.0
481,32,1,0,0.00023283064365386963,0,0.0
482,32,1,0,0.00023283064365386963,0,0.0
483,32,1,0,0.00023283064365386963,0,0.0
484,32,1,0,0.00023283064365386963,0,0.0
485,32,1,0,0.00023283064365386963,0,0.0
486,32,1,0,0.00023283064365386963,0,0.0
487,32,1,1,0.00023283064365386963,0,0.0
488,32,1,0,0.00023283064365386963,0,0.0
489,32,1,0,0.00023283064365386963,0,0.0
490,32,1,0,0.00023283064365386963,0,0.0
491,32,1,0,0.00023283064365386963,0,0.0
492,32,1,0,0.00023283064365386963,0,0.0
493,32,1,0,0.00023283064365386963,0,0.0
494,32,1,0,0.00023283064365386963,0,0.0
495,32,1,0,0.00023283064365386963,0,0.0
496,32,1,0,0.00023283064365386963,0,0.0
497,32,1,0,0.00023283064365386963,0,0.0
498,32,1,0,0.00023283064365386963,0,0.0
499,32,1,0,0.00023283064365386963,0,0.0
500,32,1,0,0.00023283064365386963,0,0.0
501,32,1,0,0.00023283064365386963,0,0.0
502,32,1,0,0.00023283064365386963,0,0.0
503,32,1,0,0.00023283064365386963,0,0.0
504,32,1,0,0.00023283064365386963,0,0.0
505,32,1,0,0.00023283064365386963,0,0.0
506,32,1,0,0.00023283064365386963,0,0.0
507,32,1,0,0.00023283064365386963,0,0.0
508,32,1,0,0.00023283064365386963,0,0.0
509,32,1,0,0.00023283064365386963,0,0.0
510,32,1,1,0.00023283064365386963,0,0.0
511,32,1,0,0.00023283064365386963,0,0.0
512,32,1,0,0.00023283064365386963,0,0.0
513,32,1,0,0.00023283064365386963,0,0.0
514,32,1,0,0.00023283064365386963,0,0.0
515,32,1,0,0.00023283064365386963,0,0.0
516,32,1,0,0.00023283064365386963,0,0.0
517,32,1,0,0.00023283064365386963,0,0.0
518,32,1,0,0.00023283064365386963,0,0.0
519,32,1,0,0.00023283064365386963,0,0.0
520,32,1,0,0.00023283064365386963,0,0.0
521,32,1,0,0.00023283064365386963,0,0.0
522,32,1,0,0.00023283064365386963,0,0.0
523,32,1,0,0.00023283064365386963,0,0.0
524,32,1,1,0.00023283064365386963,0,0.0
525,32,1,0,0.00023283064365386963,0,0.0
526,32,1,0,0.00023283064365386963,0,0.0
527,32,1,0,0.00023283064365386963,0,0.0
528,32,1,0,0.00023283064365386963,0,0.0
529,32,1,0,0.00023283064365386963,0,0.0
530,32,1,0,0.00023283064365386963,0,0.0
531,32,1,3,0.00023283064365386963,0,0.0
532,32,1,11,0.00023283064365386963,0,0.0
533,32,1,0,0.00023283064365386963,0,0.0
534,32,1,0,0.00023283064365386963,0,0.0
535,32,1,0,0.00023283064365386963,0,0.0
536,32,1,0,0.00023283064365386963,0,0.0
537,32,1,0,0.00023283064365386963,0,0.0
538,32,1,0,0.00023283064365386963,0,0.0
539,32,1,0,0.00023283064365386963,0,0.0
540,32,1,0,0.00023283064365386963,0,0.0
541,32,1,0,0.00023283064365386963,0,0.0
542,32,1,1,0.00023283064365386963,0,0.0
543,32,1,0,0.00023283064365386963,0,0.0
544,32,1,0,0.00023283064365386963,0,0.0
545,32,1,0,0.00023283064365386963,0,0.0
546,32,1,0,0.00023283064365386963,0,0.0
547,32,1,0,0.00023283064365386963,0,0.0
548,32,1,0,0.00023283064365386963,0,0.0
549,32,1,0,0.00023283064365386963,0,0.0
550,32,1,0,0.00023283064365386963,0,0.0
551,32,1,0,0.00023283064365386963,0,0.0
552,32,1,0,0.00023283064365386963,0,0.0
553,32,1,0,0.00023283064365386963,0,0.0
554,32,1,0,0.00023283064365386963,0,0.0
555,32,1,0,0.00023283064365386963,0,0.0
556,32,1,0,0.00023283064365386963,0,0.0
557,32,1,1,0.00023283064365386963,0,0.0
558,32,1,0,0.00023283064365386963,0,0.0
559,32,1,0,0.00023283064365386963,0,0.0
560,32,1,0,0.00023283064365386963,0,0.0
561,32,1,0,0.00023283064365386963,0,0.0
562,32,1,0,0.00023283064365386963,0,0.0
563,32,1,0,0.00023283064365386963,0,0.0
564,32,1,0,0.00023283064365386963,0,0.0
565,32,1,0,0.00023283064365386963,0,0.0
566,32,1,0,0.00023283064365386963,0,0.0
567,32,1,0,0.00023283064365386963,0,0.0
568,32,1,0,0.00023283064365386963,0,0.0
569,32,1,0,0.00023283064365386963,0,0.0
570,32,1,0,0.00023283064365386963,0,0.0
571,32,1,0,0.00023283064365386963,0,0.0
572,32,1,0,0.00023283064365386963,0,0.0
573,32,1,0,0.00023283064365386963,0,0.0
574,32,1,0,0.00023283064365386963,0,0.0
575,32,1,0,0.00023283064365386963,0,0.0
576,32,1,0,0.00023283064365386963,0,0.0
577,32,1,0,0.00023283064365386963,0,0.0
578,32,1,0,0.00023283064365386963,0,0.0
579,32,1,0,0.00023283064365386963,0,0.0
580,32,1,0,0.00023283064365386963,0,0.0
581,32,1,0,0.00023283064365386963,0,0.0
582,32,1,4,0.00023283064365386963,0,0.0
583,32,1,0,0.00023283064365386963,0,0.0
584,32,1,0,0.00023283064365386963,0,0.0
585,32,1,0,0.00023283064365386963,0,0.0
586,32,1,0,0.00023283064365386963,0,0.0
587,32,1,0,0.00023283064365386963,0,0.0
588,32,1,0,0.00023283064365386963,0,0.0
589,32,1,0,0.00023283064365386963,0,0.0
590,32,1,0,0.00023283064365386963,0,0.0
591,32,1,0,0.00023283064365386963,0,0.0
592,32,1,0,0.00023283064365386963,0,0.0
593,32,1,0,0.00023283064365386963,0,0.0
594,32,1,0,0.00023283064365386963,0,0.0
595,32,1,0,0.00023283064365386963,0,0.0
596,32,1,0,0.00023283064365386963,0,0.0
597,32,1,0,0.00023283064365386963,0,0.0
598,32,1,0,0.00023283064365386963,0,0.0
599,32,1,0,0.00023283064365386963,0,0.0
600,32,1,0,0.00023283064365386963,0,0.0
601,32,1,0,0.00023283064365386963,0,0.0
602,32,1,0,0.00023283064365386963,0,0.0
603,32,1,1,0.00023283064365386963,0,0.0
604,32,1,0,0.00023283064365386963,0,0.0
605,32,1,0,0.00023283064365386963,0,0.0
606,32,1,0,0.00023283064365386963,0,0.0
607,32,1,0,0.00023283064365386963,0,0.0
608,32,1,0,0.00023283064365386963,0,0.0
609,32,1,0,0.00023283064365386963,0,0.0
610,32,1,0,0.00023283064365386963,0,0.0
611,32,1,0,0.00023283064365386963,0,0.0
612,32,1,0,0.00023283064365386963,0,0.0
613,32,1,0,0.00023283064365386963,0,0.0
614,32,1,0,0.00023283064365386963,0,0.0
615,32,1,0,0.00023283064365386963,0,0.0
616,32,1,0,0.00023283064365386963,0,0.0
617,32,1,0,0.00023283064365386963,0,0.0
618,32,1,0,0.00023283064365386963,0,0.0
619,32,1,0,0.00023283064365386963,0,0.0
620,32,1,0,0.00023283064365386963,0,0.0
621,32,1,0,0.00023283064365386963,0,0.0
622,32,1,0,0.00023283064365386963,0,0.0
623,32,1,0,0.00023283064365386963,0,0.0
624,32,1,0,0.00023283064365386963,0,0.0
625,32,1,0,0.00023283064365386963,0,0.0
626,32,1,0,0.00023283064365386963,0,0.0
627,32,1,1,0.00023283064365386963,0,0.0
628,32,1,1,0.00023283064365386963,0,0.0
629,32,1,1,0.00023283064365386963,0,0.0
630,32,1,0,0.00023283064365386963,0,0.0
631,32,1,0,0.00023283064365386963,0,0.0
632,32,1,0,0.00023283064365386963,0,0.0
633,32,1,0,0.00023283064365386963,0,0.0
634,32,1,0,0.00023283064365386963,0,0.0
635,32,1,0,0.00023283064365386963,0,0.0
636,32,1,0,0.00023283064365386963,0,0.0
637,32,1,0,0.00023283064365386963,0,0.0
638,32,1,0,0.00023283064365386963,0,0.0
639,32,1,0,0.00023283064365386963,0,0.0
640,32,1,0,0.00023283064365386963,0,0.0
641,32,1,0,0.00023283064365386963,0,0.0
642,32,1,0,0.00023283064365386963,0,0.0
643,32,1,0,0.00023283064365386963,0,0.0
644,32,1,0,0.00023283064365386963,0,0.0
645,32,1,0,0.00023283064365386963,0,0.0
646,32,1,0,0.00023283064365386963,0,0.0
647,32,1,0,0.00023283064365386963,0,0.0
648,32,1,0,0.00023283064365386963,0,0.0
649,32,1,0,0.00023283064365386963,0,0.0
650,32,1,0,0.00023283064365386963,0,0.0
651,32,1,0,0.00023283064365386963,0,0.0
652,32,1,0,0.00023283064365386963,0,0.0
653,32,1,0,0.00023283064365386963,0,0.0
654,32,1,1,0.00023283064365386963,0,0.0
655,32,1,0,0.00023283064365386963,0,0.0
656,32,1,0,0.00023283064365386963,0,0.0
657,32,1,0,0.00023283064365386963,0,0.0
658,32,1,0,0.00023283064365386963,0,0.0
659,32,1,0,0.00023283064365386963,0,0.0
660,32,1,0,0.00023283064365386963,0,0.0
661,32,1,0,0.00023283064365386963,0,0.0
662,32,1,0,0.00023283064365386963,0,0.0
663,32,1,0,0.00023283064365386963,0,0.0
664,32,1,0,0.00023283064365386963,0,0.0
665,32,1,0,0.00023283064365386963,0,0.0
666,32,1,0,0.00023283064365386963,0,0.0
667,32,1,0,0.00023283064365386963,0,0.0
668,32,1,4,0.00023283064365386963,0,0.0
669,32,1,0,0.00023283064365386963,0,0.0
670,32,1,0,0.00023283064365386963,0,0.0
671,32,1,0,0.00023283064365386963,0,0.0
672,32,1,0,0.00023283064365386963,0,0.0
673,32,1,0,0.00023283064365386963,0,0.0
674,32,1,0,0.00023283064365386963,0,0.0
675,32,1,0,0.00023283064365386963,0,0.0
676,32,1,0,0.00023283064365386963,0,0.0
677,32,1,0,0.00023283064365386963,0,0.0
678,32,1,0,0.00023283064365386963,0,0.0
679,32,1,0,0.00023283064365386963,0,0.0
680,32,1,0,0.00023283064365386963,0,0.0
681,32,1,0,0.00023283064365386963,0,0.0
682,32,1,0,0.00023283064365386963,0,0.0
683,32,1,1,0.00023283064365386963,0,0.0
684,32,1,0,0.00023283064365386963,0,0.0
685,32,1,0,0.00023283064365386963,0,0.0
686,32,1,0,0.00023283064365386963,0,0.0
687,32,1,0,0.00023283064365386963,0,0.0
688,32,1,0,0.00023283064365386963,0,0.0
689,32,1,0,0.00023283064365386963,0,0.0
690,32,1,0,0.00023283064365386963,0,0.0
691,32,1,0,0.00023283064365386963,0,0.0
692,32,1,0,0.00023283064365386963,0,0.0
693,32,1,0,0.00023283064365386963,0,0.0
694,32,1,0,0.00023283064365386963,0,0.0
695,32,1,0,0.00023283064365386963,0,0.0
696,32,1,0,0.00023283064365386963,0,0.0
697,32,1,0,0.00023283064365386963,0,0.0
698,32,1,0,0.00023283064365386963,0,0.0
699,32,1,0,0.00023283064365386963,0,0.0
700,32,1,0,0.00023283064365386963,0,0.0
701,32,1,0,0.00023283064365386963,0,0.0
702,32,1,13,0.00023283064365386963,0,0.0
703,32,1,0,0.00023283064365386963,0,0.0
704,32,1,0,0.00023283064365386963,0,0.0
705,32,1,0,0.00023283064365386963,0,0.0
706,32,1,0,0.00023283064365386963,0,0.0
707,32,1,0,0.00023283064365386963,0,0.0
708,32,1,1,0.00023283064365386963,0,0.0
709,32,1,0,0.00023283064365386963,0,0.0
710,32,1,0,0.00023283064365386963,0,0.0
711,32,1,0,0.00023283064365386963,0,0.0
712,32,1,0,0.00023283064365386963,0,0.0
713,32,1,0,0.00023283064365386963,0,0.0
714,32,1,0,0.00023283064365386963,0,0.0
715,32,1,0,0.00023283064365386963,0,0.0
716,32,1,0,0.00023283064365386963,0,0.0
717,32,1,0,0.00023283064365386963,0,0.0
718,32,1,0,0.00023283064365386963,0,0.0
719,32,1,0,0.00023283064365386963,0,0.0
720,32,1,0,0.00023283064365386963,0,0.0
721,32,1,0,0.00023283064365386963,0,0.0
722,32,1,0,0.00023283064365386963,0,0.0
723,32,1,0,0.00023283064365386963,0,0.0
724,32,1,0,0.00023283064365386963,0,0.0
725,32,1,0,0.00023283064365386963,0,0.0
726,32,1,0,0.00023283064365386963,0,0.0
727,32,1,0,0.00023283064365386963,0,0.0
728,32,1,0,0.00023283064365386963,0,0.0
729,32,1,1,0.00023283064365386963,0,0.0
730,32,1,0,0.00023283064365386963,0,0.0
731,32,1,0,0.00023283064365386963,0,0.0
732,32,1,0,0.00023283064365386963,0,0.0
733,32,1,0,0.00023283064365386963,0,0.0
734,32,1,0,0.00023283064365386963,0,0.0
735,32,1,0,0.00023283064365386963,0,0.0
736,32,1,0,0.00023283064365386963,0,0.0
737,32,1,0,0.00023283064365386963,0,0.0
738,32,1,0,0.00023283064365386963,0,0.0
739,32,1,0,0.00023283064365386963,0,0.0
740,32,1,0,0.00023283064365386963,0,0.0
741,32,1,0,0.00023283064365386963,0,0.0
742,32,1,0,0.00023283064365386963,0,0.0
743,32,1,0,0.00023283064365386963,0,0.0
744,32,1,0,0.00023283064365386963,0,0.0
745,32,1,0,0.00023283064365386963,0,0.0
746,32,1,2,0.00023283064365386963,0,0.0
747,32,1,0,0.00023283064365386963,0,0.0
748,32,1,0,0.00023283064365386963,0,0.0
749,32,1,0,0.00023283064365386963,0,0.0
750,32,1,0,0.00023283064365386963,0,0.0
751,32,1,0,0.00023283064365386963,0,0.0
752,32,1,0,0.00023283064365386963,0,0.0
753,32,1,0,0.00023283064365386963,0,0.0
754,32,1,0,0.00023283064365386963,0,0.0
755,32,1,0,0.00023283064365386963,0,0.0
756,32,1,1,0.00023283064365386963,0,0.0
757,32,1,0,0.00023283064365386963,0,0.0
758,32,1,0,0.00023283064365386963,0,0.0
759,32,1,0,0.00023283064365386963,0,0.0
760,32,1,0,0.00023283064365386963,0,0.0
761,32,1,0,0.00023283064365386963,0,0.0
762,32,1,1,0.00023283064365386963,0,0.0
763,32,1,0,0.00023283064365386963,0,0.0
764,32,1,0,0.00023283064365386963,0,0.0
765,32,1,0,0.00023283064365386963,0,0.0
766,32,1,0,0.00023283064365386963,0,0.0
767,32,1,0,0.00023283064365386963,0,0.0
768,32,1,0,0.00023283064365386963,0,0.0
769,32,1,0,0.00023283064365386963,0,0.0
770,32,1,0,0.00023283064365386963,0,0.0
771,32,1,0,0.00023283064365386963,0,0.0
772,32,1,0,0.00023283064365386963,0,0.0
773,32,1,0,0.00023283064365386963,0,0.0
774,32,1,0,0.00023283064365386963,0,0.0
775,32,1,0,0.00023283064365386963,0,0.0
776,32,1,0,0.00023283064365386963,0,0.0
777,32,1,0,0.00023283064365386963,0,0.0
778,32,1,0,0.00023283064365386963,0,0.0
779,32,1,0,0.00023283064365386963,0,0.0
780,32,1,0,0.00023283064365386963,0,0.0
781,32,1,1,0.00023283064365386963,0,0.0
782,32,1,0,0.00023283064365386963,0,0.0
783,32,1,0,0.00023283064365386963,0,0.0
784,32,1,0,0.00023283064365386963,0,0.0
785,32,1,0,0.00023283064365386963,0,0.0
786,32,1,0,0.00023283064365386963,0,0.0
787,32,1,0,0.00023283064365386963,0,0.0
788,32,1,0,0.00023283064365386963,0,0.0
789,32,1,0,0.00023283064365386963,0,0.0
790,32,1,0,0.00023283064365386963,0,0.0
791,32,1,0,0.00023283064365386963,0,0.0
792,32,1,0,0.00023283064365386963,0,0.0
793,32,1,1,0.00023283064365386963,0,0.0
794,32,1,0,0.00023283064365386963,0,0.0
795,32,1,0,0.00023283064365386963,0,0.0
796,32,1,0,0.00023283064365386963,0,0.0
797,32,1,0,0.00023283064365386963,0,0.0
798,32,1,0,0.00023283064365386963,0,0.0
799,32,1,0,0.00023283064365386963,0,0.0
800,32,1,0,0.00023283064365386963,0,0.0
801,32,1,0,0.00023283064365386963,0,0.0
802,32,1,0,0.00023283064365386963,0,0.0
803,32,1,0,0.00023283064365386963,0,0.0
804,32,1,0,0.00023283064365386963,0,0.0
805,32,1,1,0.00023283064365386963,0,0.0
806,32,1,0,0.00023283064365386963,0,0.0
807,32,1,0,0.00023283064365386963,0,0.0
808,32,1,0,0.00023283064365386963,0,0.0
809,32,1,2,0.00023283064365386963,0,0.0
810,32,1,0,0.00023283064365386963,0,0.0
811,32,1,0,0.00023283064365386963,0,0.0
812,32,1,0,0.00023283064365386963,0,0.0
813,32,1,0,0.00023283064365386963,0,0.0
814,32,1,0,0.00023283064365386963,0,0.0
815,32,1,0,0.00023283064365386963,0,0.0
816,32,1,1,0.00023283064365386963,0,0.0
817,32,1,0,0.00023283064365386963,0,0.0
818,32,1,0,0.00023283064365386963,0,0.0
819,32,1,1,0.00023283064365386963,0,0.0
820,32,1,0,0.00023283064365386963,0,0.0
821,32,1,0,0.00023283064365386963,0,0.0
822,32,1,0,0.00023283064365386963,0,0.0
823,32,1,0,0.00023283064365386963,0,0.0
824,32,1,0,0.00023283064365386963,0,0.0
825,32,1,0,0.00023283064365386963,0,0.0
826,32,1,0,0.00023283064365386963,0,0.0
827,32,1,1,0.00023283064365386963,0,0.0
828,32,1,0,0.00023283064365386963,0,0.0
829,32,1,0,0.00023283064365386963,0,0.0
830,32,1,1,0.00023283064365386963,0,0.0
831,32,1,0,0.00023283064365386963,0,0.0
832,32,1,0,0.00023283064365386963,0,0.0
833,32,1,0,0.00023283064365386963,0,0.0
834,32,1,1,0.00023283064365386963,0,0.0
835,32,1,0,0.00023283064365386963,0,0.0
836,32,1,0,0.00023283064365386963,0,0.0
837,32,1,0,0.00023283064365386963,0,0.0
838,32,1,0,0.00023283064365386963,0,0.0
839,32,1,2,0.00023283064365386963,0,0.0
840,32,1,0,0.00023283064365386963,0,0.0
841,32,1,0,0.00023283064365386963,0,0.0
842,32,1,1,0.00023283064365386963,0,0.0
843,32,1,0,0.00023283064365386963,0,0.0
844,32,1,0,0.00023283064365386963,0,0.0
845,32,1,0,0.00023283064365386963,0,0.0
846,32,1,0,0.00023283064365386963,0,0.0
847,32,1,0,0.00023283064365386963,0,0.0
848,32,1,0,0.00023283064365386963,0,0.0
849,32,1,0,0.00023283064365386963,0,0.0
850,32,1,0,0.00023283064365386963,0,0.0
851,32,1,2,0.00023283064365386963,0,0.0
852,32,1,0,0.00023283064365386963,0,0.0
853,32,1,0,0.00023283064365386963,0,0.0
854,32,1,0,0.00023283064365386963,0,0.0
855,32,1,1,0.00023283064365386963,0,0.0
856,32,1,0,0.00023283064365386963,0,0.0
857,32,1,0,0.00023283064365386963,0,0.0
858,32,1,3,0.00023283064365386963,0,0.0
859,32,1,0,0.00023283064365386963,0,0.0
860,32,1,0,0.00023283064365386963,0,0.0
861,32,1,0,0.00023283064365386963,0,0.0
862,32,1,0,0.00023283064365386963,0,0.0
863,32,1,0,0.00023283064365386963,0,0.0
864,32,1,0,0.00023283064365386963,0,0.0
865,32,1,2,0.00023283064365386963,0,0.0
866,32,1,0,0.00023283064365386963,0,0.0
867,32,1,0,0.00023283064365386963,0,0.0
868,32,1,0,0.00023283064365386963,0,0.0
869,32,1,1,0.00023283064365386963,0,0.0
870,32,1,0,0.00023283064365386963,0,0.0
871,32,1,0,0.00023283064365386963,0,0.0
872,32,1,0,0.00023283064365386963,0,0.0
873,32,1,0,0.00023283064365386963,0,0.0
874,32,1,0,0.00023283064365386963,0,0.0
875,32,1,1,0.00023283064365386963,0,0.0
876,32,1,0,0.00023283064365386963,0,0.0
877,32,1,0,0.00023283064365386963,0,0.0
878,32,1,0,0.00023283064365386963,0,0.0
879,32,1,0,0.00023283064365386963,0,0.0
880,32,1,0,0.00023283064365386963,0,0.0
881,32,1,0,0.00023283064365386963,0,0.0
882,32,1,0,0.00023283064365386963,0,0.0
883,32,1,0,0.00023283064365386963,0,0.0
884,32,1,0,0.00023283064365386963,0,0.0
885,32,1,0,0.00023283064365386963,0,0.0
886,32,1,0,0.00023283064365386963,0,0.0
887,32,1,0,0.00023283064365386963,0,0.0
888,32,1,0,0.00023283064365386963,0,0.0
889,32,1,0,0.00023283064365386963,0,0.0
890,32,1,0,0.00023283064365386963,0,0.0
891,32,1,1,0.00023283064365386963,0,0.0
892,32,1,0,0.00023283064365386963,0,0.0
893,32,1,0,0.00023283064365386963,0,0.0
894,32,1,0,0.00023283064365386963,0,0.0
895,32,1,0,0.00023283064365386963,0,0.0
896,32,1,0,0.00023283064365386963,0,0.0
897,32,1,0,0.00023283064365386963,0,0.0
898,32,1,0,0.00023283064365386963,0,0.0
899,32,1,0,0.00023283064365386963,0,0.0
900,32,1,0,0.00023283064365386963,0,0.0
901,32,1,0,0.00023283064365386963,0,0.0
902,32,1,0,0.00023283064365386963,0,0.0
903,32,1,0,0.00023283064365386963,0,0.0
904,32,1,0,0.00023283064365386963,0,0.0
905,32,1,0,0.00023283064365386963,0,0.0
906,32,1,0,0.00023283064365386963,0,0.0
907,32,1,0,0.00023283064365386963,0,0.0
908,32,1,0,0.00023283064365386963,0,0.0
909,32,1,0,0.00023283064365386963,0,0.0
910,32,1,0,0.00023283064365386963,0,0.0
911,32,1,0,0.00023283064365386963,0,0.0
912,32,1,0,0.00023283064365386963,0,0.0
913,32,1,0,0.00023283064365386963,0,0.0
914,32,1,0,0.00023283064365386963,0,0.0
915,32,1,1,0.00023283064365386963,0,0.0
916,32,1,0,0.00023283064365386963,0,0.0
917,32,1,0,0.00023283064365386963,0,0.0
918,32,1,0,0.00023283064365386963,0,0.0
919,32,1,0,0.00023283064365386963,0,0.0
920,32,1,0,0.00023283064365386963,0,0.0
921,32,1,0,0.00023283064365386963,0,0.0
922,32,1,0,0.00023283064365386963,0,0.0
923,32,1,0,0.00023283064365386963,0,0.0
924,32,1,0,0.00023283064365386963,0,0.0
925,32,1,0,0.00023283064365386963,0,0.0
926,32,1,1,0.00023283064365386963,0,0.0
927,32,1,0,0.00023283064365386963,0,0.0
928,32,1,1,0.00023283064365386963,0,0.0
929,32,1,0,0.00023283064365386963,0,0.0
930,32,1,0,0.00023283064365386963,0,0.0
931,32,1,0,0.00023283064365386963,0,0.0
932,32,1,0,0.00023283064365386963,0,0.0
933,32,1,0,0.00023283064365386963,0,0.0
934,32,1,0,0.00023283064365386963,0,0.0
935,32,1,0,0.00023283064365386963,0,0.0
936,32,1,0,0.00023283064365386963,0,0.0
937,32,1,0,0.00023283064365386963,0,0.0
938,32,1,0,0.00023283064365386963,0,0.0
939,32,1,0,0.00023283064365386963,0,0.0
940,32,1,0,0.00023283064365386963,0,0.0
941,32,1,0,0.00023283064365386963,0,0.0
942,32,1,0,0.00023283064365386963,0,0.0
943,32,1,0,0.00023283064365386963,0,0.0
944,32,1,0,0.00023283064365386963,0,0.0
945,32,1,0,0.00023283064365386963,0,0.0
946,32,1,0,0.00023283064365386963,0,0.0
947,32,1,0,0.00023283064365386963,0,0.0
948,32,1,0,0.00023283064365386963,0,0.0
949,32,1,0,0.00023283064365386963,0,0.0
950,32,1,0,0.00023283064365386963,0,0.0
951,32,1,0,0.00023283064365386963,0,0.0
952,32,1,0,0.00023283064365386963,0,0.0
953,32,1,0,0.00023283064365386963,0,0.0
954,32,1,0,0.00023283064365386963,0,0.0
955,32,1,0,0.00023283064365386963,0,0.0
956,32,1,0,0.00023283064365386963,0,0.0
957,32,1,0,0.00023283064365386963,0,0.0
958,32,1,0,0.00023283064365386963,0,0.0
959,32,1,0,0.00023283064365386963,0,0.0
960,32,1,0,0.00023283064365386963,0,0.0
961,32,1,0,0.00023283064365386963,0,0.0
962,32,1,0,0.00023283064365386963,0,0.0
963,32,1,0,0.00023283064365386963,0,0.0
964,32,1,0,0.00023283064365386963,0,0.0
965,32,1,1,0.00023283064365386963,0,0.0
966,32,1,0,0.00023283064365386963,0,0.0
967,32,1,0,0.00023283064365386963,0,0.0
968,32,1,0,0.00023283064365386963,0,0.0
969,32,1,0,0.00023283064365386963,0,0.0
970,32,1,0,0.00023283064365386963,0,0.0
971,32,1,0,0.00023283064365386963,0,0.0
972,32,1,0,0.00023283064365386963,0,0.0
973,32,1,0,0.00023283064365386963,0,0.0
974,32,1,0,0.00023283064365386963,0,0.0
975,32,1,0,0.00023283064365386963,0,0.0
976,32,1,0,0.00023283064365386963,0,0.0
977,32,1,0,0.00023283064365386963,0,0.0
978,32,1,0,0.00023283064365386963,0,0.0
979,32,1,0,0.00023283064365386963,0,0.0
980,32,1,0,0.00023283064365386963,0,0.0
981,32,1,0,0.00023283064365386963,0,0.0
982,32,1,0,0.00023283064365386963,0,0.0
983,32,1,2,0.00023283064365386963,0,0.0
984,32,1,0,0.00023283064365386963,0,0.0
985,32,1,0,0.00023283064365386963,0,0.0
986,32,1,0,0.00023283064365386963,0,0.0
987,32,1,0,0.00023283064365386963,0,0.0
988,32,1,0,0.00023283064365386963,0,0.0
989,32,1,0,0.00023283064365386963,0,0.0
990,32,1,0,0.00023283064365386963,0,0.0
991,32,1,0,0.00023283064365386963,0,0.0
992,32,1,0,0.00023283064365386963,0,0.0
993,32,1,0,0.00023283064365386963,0,0.0
994,32,1,0,0.00023283064365386963,0,0.0
995,32,1,0,0.00023283064365386963,0,0.0
996,32,1,0,0.00023283064365386963,0,0.0
997,32,1,0,0.00023283064365386963,0,0.0
998,32,1,0,0.00023283064365386963,0,0.0
999,32,1,0,0.00023283064365386963,0,0.0
0,32,10,0,0.00023283064365386963,0,0.0
1,32,10,0,0.00023283064365386963,0,0.0
2,32,10,0,0.00023283064365386963,0,0.0
3,32,10,0,0.00023283064365386963,0,0.0
4,32,10,0,0.00023283064365386963,0,0.0
5,32,10,0,0.00023283064365386963,0,0.0
6,32,10,0,0.00023283064365386963,0,0.0
7,32,10,0,0.00023283064365386963,0,0.0
8,32,10,2,0.00023283064365386963,1,0.1
9,32,10,1,0.00023283064365386963,0,0.0
10,32,10,0,0.00023283064365386963,0,0.0
11,32,10,0,0.00023283064365386963,0,0.0
12,32,10,0,0.00023283064365386963,0,0.0
13,32,10,0,0.00023283064365386963,0,0.0
14,32,10,0,0.00023283064365386963,0,0.0
15,32,10,0,0.00023283064365386963,0,0.0
16,32,10,0,0.00023283064365386963,0,0.0
17,32,10,0,0.00023283064365386963,0,0.0
18,32,10,0,0.00023283064365386963,0,0.0
19,32,10,0,0.00023283064365386963,0,0.0
20,32,10,0,0.00023283064365386963,0,0.0
21,32,10,3,0.00023283064365386963,0,0.0
22,32,10,0,0.00023283064365386963,0,0.0
23,32,10,0,0.00023283064365386963,0,0.0
24,32,10,0,0.00023283064365386963,0,0.0
25,32,10,0,0.00023283064365386963,0,0.0
26,32,10,4,0.00023283064365386963,0,0.0
27,32,10,18,0.00023283064365386963,0,0.0
28,32,10,0,0.00023283064365386963,0,0.0
29,32,10,0,0.00023283064365386963,0,0.0
30,32,10,0,0.00023283064365386963,0,0.0
31,32,10,0,0.00023283064365386963,0,0.0
32,32,10,3,0.00023283064365386963,0,0.0
33,32,10,0,0.00023283064365386963,0,0.0
34,32,10,0,0.00023283064365386963,0,0.0
35,32,10,0,0.00023283064365386963,0,0.0
36,32,10,0,0.00023283064365386963,0,0.0
37,32,10,0,0.00023283064365386963,0,0.0
38,32,10,0,0.00023283064365386963,0,0.0
39,32,10,0,0.00023283064365386963,0,0.0
40,32,10,0,0.00023283064365386963,0,0.0
41,32,10,0,0.00023283064365386963,0,0.0
42,32,10,0,0.00023283064365386963,0,0.0
43,32,10,3,0.00023283064365386963,0,0.0
44,32,10,0,0.00023283064365386963,0,0.0
45,32,10,1,0.00023283064365386963,0,0.0
46,32,10,0,0.00023283064365386963,0,0.0
47,32,10,1,0.00023283064365386963,0,0.0
48,32,10,0,0.00023283064365386963,0,0.0
49,32,10,0,0.00023283064365386963,0,0.0
50,32,10,0,0.00023283064365386963,0,0.0
51,32,10,1,0.00023283064365386963,0,0.0
52,32,10,0,0.00023283064365386963,0,0.0
53,32,10,3,0.00023283064365386963,0,0.0
54,32,10,1,0.00023283064365386963,0,0.0
55,32,10,0,0.00023283064365386963,0,0.0
56,32,10,0,0.00023283064365386963,0,0.0
57,32,10,0,0.00023283064365386963,0,0.0
58,32,10,0,0.00023283064365386963,0,0.0
59,32,10,0,0.00023283064365386963,0,0.0
60,32,10,0,0.00023283064365386963,0,0.0
61,32,10,1,0.00023283064365386963,0,0.0
62,32,10,0,0.00023283064365386963,0,0.0
63,32,10,0,0.00023283064365386963,0,0.0
64,32,10,0,0.00023283064365386963,0,0.0
65,32,10,0,0.00023283064365386963,0,0.0
66,32,10,0,0.00023283064365386963,0,0.0
67,32,10,0,0.00023283064365386963,0,0.0
68,32,10,0,0.00023283064365386963,0,0.0
69,32,10,0,0.00023283064365386963,0,0.0
70,32,10,0,0.00023283064365386963,0,0.0
71,32,10,0,0.00023283064365386963,0,0.0
72,32,10,0,0.00023283064365386963,0,0.0
73,32,10,0,0.00023283064365386963,0,0.0
74,32,10,0,0.00023283064365386963,0,0.0
75,32,10,0,0.00023283064365386963,0,0.0
76,32,10,0,0.00023283064365386963,0,0.0
77,32,10,0,0.00023283064365386963,0,0.0
78,32,10,0,0.00023283064365386963,0,0.0
79,32,10,0,0.00023283064365386963,0,0.0
80,32,10,0,0.00023283064365386963,0,0.0
81,32,10,0,0.00023283064365386963,0,0.0
82,32,10,0,0.00023283064365386963,0,0.0
83,32,10,0,0.00023283064365386963,0,0.0
84,32,10,0,0.00023283064365386963,0,0.0
85,32,10,0,0.00023283064365386963,0,0.0
86,32,10,0,0.00023283064365386963,0,0.0
87,32,10,0,0.00023283064365386963,0,0.0
88,32,10,0,0.00023283064365386963,0,0.0
89,32,10,1,0.00023283064365386963,0,0.0
90,32,10,0,0.00023283064365386963,0,0.0
91,32,10,0,0.00023283064365386963,0,0.0
92,32,10,0,0.00023283064365386963,0,0.0
93,32,10,0,0.00023283064365386963,0,0.0
94,32,10,0,0.00023283064365386963,0,0.0
95,32,10,0,0.00023283064365386963,0,0.0
96,32,10,0,0.00023283064365386963,0,0.0
97,32,10,0,0.00023283064365386963,0,0.0
98,32,10,0,0.00023283064365386963,0,0.0
99,32,10,0,0.00023283064365386963,0,0.0
100,32,10,0,0.00023283064365386963,0,0.0
101,32,10,0,0.00023283064365386963,0,0.0
102,32,10,0,0.00023283064365386963,0,0.0
103,32,10,0,0.00023283064365386963,0,0.0
104,32,10,0,0.00023283064365386963,0,0.0
105,32,10,0,0.00023283064365386963,0,0.0
106,32,10,0,0.00023283064365386963,0,0.0
107,32,10,0,0.00023283064365386963,0,0.0
108,32,10,0,0.00023283064365386963,0,0.0
109,32,10,0,0.00023283064365386963,0,0.0
110,32,10,0,0.00023283064365386963,0,0.0
111,32,10,0,0.00023283064365386963,0,0.0
112,32,10,0,0.00023283064365386963,0,0.0
113,32,10,0,0.00023283064365386963,0,0.0
114,32,10,0,0.00023283064365386963,0,0.0
115,32,10,0,0.00023283064365386963,0,0.0
116,32,10,0,0.00023283064365386963,0,0.0
117,32,10,0,0.00023283064365386963,0,0.0
118,32,10,2,0.00023283064365386963,0,0.0
119,32,10,0,0.00023283064365386963,0,0.0
120,32,10,0,0.00023283064365386963,0,0.0
121,32,10,1,0.00023283064365386963,0,0.0
122,32,10,0,0.00023283064365386963,0,0.0
123,32,10,0,0.00023283064365386963,0,0.0
124,32,10,0,0.00023283064365386963,0,0.0
125,32,10,0,0.00023283064365386963,0,0.0
126,32,10,0,0.00023283064365386963,0,0.0
127,32,10,0,0.00023283064365386963,0,0.0
128,32,10,0,0.00023283064365386963,0,0.0
129,32,10,0,0.00023283064365386963,0,0.0
130,32,10,0,0.00023283064365386963,0,0.0
131,32,10,0,0.00023283064365386963,0,0.0
132,32,10,0,0.00023283064365386963,0,0.0
133,32,10,0,0.00023283064365386963,0,0.0
134,32,10,0,0.00023283064365386963,0,0.0
135,32,10,1,0.00023283064365386963,0,0.0
136,32,10,0,0.00023283064365386963,0,0.0
137,32,10,0,0.00023283064365386963,0,0.0
138,32,10,0,0.00023283064365386963,0,0.0
139,32,10,0,0.00023283064365386963,0,0.0
140,32,10,0,0.00023283064365386963,0,0.0
141,32,10,0,0.00023283064365386963,0,0.0
142,32,10,0,0.00023283064365386963,0,0.0
143,32,10,0,0.00023283064365386963,0,0.0
144,32,10,0,0.00023283064365386963,0,0.0
145,32,10,0,0.00023283064365386963,0,0.0
146,32,10,0,0.00023283064365386963,0,0.0
147,32,10,0,0.00023283064365386963,0,0.0
148,32,10,0,0.00023283064365386963,0,0.0
149,32,10,0,0.00023283064365386963,0,0.0
150,32,10,0,0.00023283064365386963,0,0.0
151,32,10,0,0.00023283064365386963,0,0.0
152,32,10,0,0.00023283064365386963,0,0.0
153,32,10,0,0.00023283064365386963,0,0.0
154,32,10,0,0.00023283064365386963,0,0.0
155,32,10,0,0.00023283064365386963,0,0.0
156,32,10,0,0.00023283064365386963,0,0.0
157,32,10,0,0.00023283064365386963,0,0.0
158,32,10,0,0.00023283064365386963,0,0.0
159,32,10,0,0.00023283064365386963,0,0.0
160,32,10,0,0.00023283064365386963,0,0.0
161,32,10,0,0.00023283064365386963,0,0.0
162,32,10,1,0.00023283064365386963,0,0.0
163,32,10,0,0.00023283064365386963,0,0.0
164,32,10,0,0.00023283064365386963,0,0.0
165,32,10,0,0.00023283064365386963,0,0.0
166,32,10,0,0.00023283064365386963,0,0.0
167,32,10,0,0.00023283064365386963,0,0.0
168,32,10,0,0.00023283064365386963,0,0.0
169,32,10,0,0.00023283064365386963,0,0.0
170,32,10,0,0.00023283064365386963,0,0.0
171,32,10,0,0.00023283064365386963,0,0.0
172,32,10,0,0.00023283064365386963,0,0.0
173,32,10,0,0.00023283064365386963,0,0.0
174,32,10,0,0.00023283064365386963,0,0.0
175,32,10,0,0.00023283064365386963,0,0.0
176,32,10,0,0.00023283064365386963,0,0.0
177,32,10,3,0.00023283064365386963,0,0.0
178,32,10,1,0.00023283064365386963,0,0.0
179,32,10,0,0.00023283064365386963,0,0.0
180,32,10,0,0.00023283064365386963,0,0.0
181,32,10,0,0.00023283064365386963,0,0.0
182,32,10,0,0.00023283064365386963,0,0.0
183,32,10,0,0.00023283064365386963,0,0.0
184,32,10,0,0.00023283064365386963,0,0.0
185,32,10,0,0.00023283064365386963,0,0.0
186,32,10,0,0.00023283064365386963,0,0.0
187,32,10,0,0.00023283064365386963,0,0.0
188,32,10,0,0.00023283064365386963,0,0.0
189,32,10,2,0.00023283064365386963,0,0.0
190,32,10,0,0.00023283064365386963,0,0.0
191,32,10,0,0.00023283064365386963,0,0.0
192,32,10,0,0.00023283064365386963,0,0.0
193,32,10,0,0.00023283064365386963,0,0.0
194,32,10,0,0.00023283064365386963,0,0.0
195,32,10,0,0.00023283064365386963,0,0.0
196,32,10,0,0.00023283064365386963,0,0.0
197,32,10,0,0.00023283064365386963,0,0.0
198,32,10,1,0.00023283064365386963,0,0.0
199,32,10,0,0.00023283064365386963,0,0.0
200,32,10,0,0.00023283064365386963,0,0.0
201,32,10,0,0.00023283064365386963,0,0.0
202,32,10,0,0.00023283064365386963,0,0.0
203,32,10,0,0.00023283064365386963,0,0.0
204,32,10,0,0.00023283064365386963,0,0.0
205,32,10,0,0.00023283064365386963,0,0.0
206,32,10,0,0.00023283064365386963,0,0.0
207,32,10,0,0.00023283064365386963,0,0.0
208,32,10,0,0.00023283064365386963,0,0.0
209,32,10,0,0.00023283064365386963,0,0.0
210,32,10,0,0.00023283064365386963,0,0.0
211,32,10,0,0.00023283064365386963,0,0.0
212,32,10,0,0.00023283064365386963,0,0.0
213,32,10,0,0.00023283064365386963,0,0.0
214,32,10,0,0.00023283064365386963,0,0.0
215,32,10,0,0.00023283064365386963,0,0.0
216,32,10,0,0.00023283064365386963,0,0.0
217,32,10,0,0.00023283064365386963,0,0.0
218,32,10,0,0.00023283064365386963,0,0.0
219,32,10,0,0.00023283064365386963,0,0.0
220,32,10,0,0.00023283064365386963,0,0.0
221,32,10,0,0.00023283064365386963,0,0.0
222,32,10,0,0.00023283064365386963,0,0.0
223,32,10,0,0.00023283064365386963,0,0.0
224,32,10,0,0.00023283064365386963,0,0.0
225,32,10,0,0.00023283064365386963,0,0.0
226,32,10,0,0.00023283064365386963,0,0.0
227,32,10,0,0.00023283064365386963,0,0.0
228,32,10,0,0.00023283064365386963,0,0.0
229,32,10,0,0.00023283064365386963,0,0.0
230,32,10,0,0.00023283064365386963,0,0.0
231,32,10,0,0.00023283064365386963,0,0.0
232,32,10,0,0.00023283064365386963,0,0.0
233,32,10,0,0.00023283064365386963,0,0.0
234,32,10,0,0.00023283064365386963,0,0.0
235,32,10,2,0.00023283064365386963,0,0.0
236,32,10,0,0.00023283064365386963,0,0.0
237,32,10,0,0.00023283064365386963,0,0.0
238,32,10,0,0.00023283064365386963,0,0.0
239,32,10,0,0.00023283064365386963,0,0.0
240,32,10,0,0.00023283064365386963,0,0.0
241,32,10,0,0.00023283064365386963,0,0.0
242,32,10,0,0.00023283064365386963,0,0.0
243,32,10,0,0.00023283064365386963,0,0.0
244,32,10,0,0.00023283064365386963,0,0.0
245,32,10,0,0.00023283064365386963,0,0.0
246,32,10,0,0.00023283064365386963,0,0.0
247,32,10,2,0.00023283064365386963,0,0.0
248,32,10,0,0.00023283064365386963,0,0.0
249,32,10,0,0.00023283064365386963,0,0.0
250,32,10,0,0.00023283064365386963,0,0.0
251,32,10,1,0.00023283064365386963,0,0.0
252,32,10,0,0.00023283064365386963,0,0.0
253,32,10,0,0.00023283064365386963,0,0.0
254,32,10,0,0.00023283064365386963,0,0.0
255,32,10,0,0.00023283064365386963,0,0.0
256,32,10,0,0.00023283064365386963,0,0.0
257,32,10,0,0.00023283064365386963,0,0.0
258,32,10,0,0.00023283064365386963,0,0.0
259,32,10,0,0.00023283064365386963,0,0.0
260,32,10,0,0.00023283064365386963,0,0.0
261,32,10,0,0.00023283064365386963,0,0.0
262,32,10,0,0.00023283064365386963,0,0.0
263,32,10,0,0.00023283064365386963,0,0.0
264,32,10,1,0.00023283064365386963,0,0.0
265,32,10,0,0.00023283064365386963,0,0.0
266,32,10,0,0.00023283064365386963,0,0.0
267,32,10,0,0.00023283064365386963,0,0.0
268,32,10,0,0.00023283064365386963,0,0.0
269,32,10,1,0.00023283064365386963,0,0.0
270,32,10,0,0.00023283064365386963,0,0.0
271,32,10,0,0.00023283064365386963,0,0.0
272,32,10,0,0.00023283064365386963,0,0.0
273,32,10,0,0.00023283064365386963,0,0.0
274,32,10,0,0.00023283064365386963,0,0.0
275,32,10,0,0.00023283064365386963,0,0.0
276,32,10,0,0.00023283064365386963,0,0.0
277,32,10,0,0.00023283064365386963,0,0.0
278,32,10,0,0.00023283064365386963,0,0.0
279,32,10,0,0.00023283064365386963,0,0.0
280,32,10,0,0.00023283064365386963,0,0.0
281,32,10,0,0.00023283064365386963,0,0.0
282,32,10,0,0.00023283064365386963,0,0.0
283,32,10,0,0.00023283064365386963,0,0.0
284,32,10,0,0.00023283064365386963,0,0.0
285,32,10,0,0.00023283064365386963,0,0.0
286,32,10,0,0.00023283064365386963,0,0.0
287,32,10,0,0.00023283064365386963,0,0.0
288,32,10,0,0.00023283064365386963,0,0.0
289,32,10,0,0.00023283064365386963,0,0.0
290,32,10,0,0.00023283064365386963,0,0.0
291,32,10,0,0.00023283064365386963,0,0.0
292,32,10,0,0.00023283064365386963,0,0.0
293,32,10,0,0.00023283064365386963,0,0.0
294,32,10,1,0.00023283064365386963,0,0.0
295,32,10,0,0.00023283064365386963,0,0.0
296,32,10,0,0.00023283064365386963,0,0.0
297,32,10,0,0.00023283064365386963,0,0.0
298,32,10,0,0.00023283064365386963,0,0.0
299,32,10,0,0.00023283064365386963,0,0.0
300,32,10,0,0.00023283064365386963,0,0.0
301,32,10,0,0.00023283064365386963,0,0.0
302,32,10,0,0.00023283064365386963,0,0.0
303,32,10,0,0.00023283064365386963,0,0.0
304,32,10,0,0.00023283064365386963,0,0.0
305,32,10,2,0.00023283064365386963,0,0.0
306,32,10,0,0.00023283064365386963,0,0.0
307,32,10,0,0.00023283064365386963,0,0.0
308,32,10,0,0.00023283064365386963,0,0.0
309,32,10,2,0.00023283064365386963,0,0.0
310,32,10,1,0.00023283064365386963,0,0.0
311,32,10,0,0.00023283064365386963,0,0.0
312,32,10,0,0.00023283064365386963,0,0.0
313,32,10,0,0.00023283064365386963,0,0.0
314,32,10,0,0.00023283064365386963,0,0.0
315,32,10,0,0.00023283064365386963,0,0.0
316,32,10,0,0.00023283064365386963,0,0.0
317,32,10,0,0.00023283064365386963,0,0.0
318,32,10,0,0.00023283064365386963,0,0.0
319,32,10,0,0.00023283064365386963,0,0.0
320,32,10,0,0.00023283064365386963,0,0.0
321,32,10,0,0.00023283064365386963,0,0.0
322,32,10,0,0.00023283064365386963,0,0.0
323,32,10,0,0.00023283064365386963,0,0.0
324,32,10,0,0.00023283064365386963,0,0.0
325,32,10,0,0.00023283064365386963,0,0.0
326,32,10,0,0.00023283064365386963,0,0.0
327,32,10,0,0.00023283064365386963,0,0.0
328,32,10,0,0.00023283064365386963,0,0.0
329,32,10,0,0.00023283064365386963,0,0.0
330,32,10,0,0.00023283064365386963,0,0.0
331,32,10,0,0.00023283064365386963,0,0.0
332,32,10,0,0.00023283064365386963,0,0.0
333,32,10,1,0.00023283064365386963,1,0.1
334,32,10,0,0.00023283064365386963,0,0.0
335,32,10,0,0.00023283064365386963,0,0.0
336,32,10,0,0.00023283064365386963,0,0.0
337,32,10,0,0.00023283064365386963,0,0.0
338,32,10,0,0.00023283064365386963,0,0.0
339,32,10,0,0.00023283064365386963,0,0.0
340,32,10,0,0.00023283064365386963,0,0.0
341,32,10,0,0.00023283064365386963,0,0.0
342,32,10,0,0.00023283064365386963,0,0.0
343,32,10,0,0.00023283064365386963,0,0.0
344,32,10,0,0.00023283064365386963,0,0.0
345,32,10,1,0.00023283064365386963,0,0.0
346,32,10,1,0.00023283064365386963,0,0.0
347,32,10,0,0.00023283064365386963,0,0.0
348,32,10,0,0.00023283064365386963,0,0.0
349,32,10,0,0.00023283064365386963,0,0.0
350,32,10,0,0.00023283064365386963,0,0.0
351,32,10,0,0.00023283064365386963,0,0.0
352,32,10,0,0.00023283064365386963,0,0.0
353,32,10,0,0.00023283064365386963,0,0.0
354,32,10,0,0.00023283064365386963,0,0.0
355,32,10,0,0.00023283064365386963,0,0.0
356,32,10,3,0.00023283064365386963,0,0.0
357,32,10,0,0.00023283064365386963,0,0.0
358,32,10,0,0.00023283064365386963,0,0.0
359,32,10,1,0.00023283064365386963,0,0.0
360,32,10,0,0.00023283064365386963,0,0.0
361,32,10,0,0.00023283064365386963,0,0.0
362,32,10,1,0.00023283064365386963,0,0.0
363,32,10,1,0.00023283064365386963,0,0.0
364,32,10,0,0.00023283064365386963,0,0.0
365,32,10,0,0.00023283064365386963,0,0.0
366,32,10,0,0.00023283064365386963,0,0.0
367,32,10,0,0.00023283064365386963,0,0.0
368,32,10,0,0.00023283064365386963,0,0.0
369,32,10,0,0.00023283064365386963,0,0.0
370,32,10,0,0.00023283064365386963,0,0.0
371,32,10,0,0.00023283064365386963,0,0.0
372,32,10,0,0.00023283064365386963,0,0.0
373,32,10,0,0.00023283064365386963,0,0.0
374,32,10,0,0.00023283064365386963,0,0.0
375,32,10,1,0.00023283064365386963,0,0.0
376,32,10,0,0.00023283064365386963,0,0.0
377,32,10,0,0.00023283064365386963,0,0.0
378,32,10,0,0.00023283064365386963,0,0.0
379,32,10,0,0.00023283064365386963,0,0.0
380,32,10,0,0.00023283064365386963,0,0.0
381,32,10,0,0.00023283064365386963,0,0.0
382,32,10,0,0.00023283064365386963,0,0.0
383,32,10,0,0.00023283064365386963,0,0.0
384,32,10,2,0.00023283064365386963,0,0.0
385,32,10,0,0.00023283064365386963,0,0.0
386,32,10,1,0.00023283064365386963,0,0.0
387,32,10,0,0.00023283064365386963,0,0.0
388,32,10,0,0.00023283064365386963,0,0.0
389,32,10,0,0.00023283064365386963,0,0.0
390,32,10,0,0.00023283064365386963,0,0.0
391,32,10,0,0.00023283064365386963,0,0.0
392,32,10,0,0.00023283064365386963,0,0.0
393,32,10,0,0.00023283064365386963,0,0.0
394,32,10,1,0.00023283064365386963,1,0.1
395,32,10,0,0.00023283064365386963,0,0.0
396,32,10,0,0.00023283064365386963,0,0.0
397,32,10,1,0.00023283064365386963,0,0.0
398,32,10,0,0.00023283064365386963,0,0.0
399,32,10,0,0.00023283064365386963,0,0.0
400,32,10,0,0.00023283064365386963,0,0.0
401,32,10,0,0.00023283064365386963,0,0.0
402,32,10,0,0.00023283064365386963,0,0.0
403,32,10,0,0.00023283064365386963,0,0.0
404,32,10,0,0.00023283064365386963,0,0.0
405,32,10,0,0.00023283064365386963,0,0.0
406,32,10,0,0.00023283064365386963,0,0.0
407,32,10,0,0.00023283064365386963,0,0.0
408,32,10,0,0.00023283064365386963,0,0.0
409,32,10,1,0.00023283064365386963,0,0.0
410,32,10,0,0.00023283064365386963,0,0.0
411,32,10,0,0.00023283064365386963,0,0.0
412,32,10,0,0.00023283064365386963,0,0.0
413,32,10,0,0.00023283064365386963,0,0.0
414,32,10,0,0.00023283064365386963,0,0.0
415,32,10,0,0.00023283064365386963,0,0.0
416,32,10,0,0.00023283064365386963,0,0.0
417,32,10,0,0.00023283064365386963,0,0.0
418,32,10,0,0.00023283064365386963,0,0.0
419,32,10,0,0.00023283064365386963,0,0.0
420,32,10,0,0.00023283064365386963,0,0.0
421,32,10,0,0.00023283064365386963,0,0.0
422,32,10,0,0.00023283064365386963,0,0.0
423,32,10,1,0.00023283064365386963,0,0.0
424,32,10,0,0.00023283064365386963,0,0.0
425,32,10,0,0.00023283064365386963,0,0.0
426,32,10,0,0.00023283064365386963,0,0.0
427,32,10,0,0.00023283064365386963,0,0.0
428,32,10,0,0.00023283064365386963,0,0.0
429,32,10,0,0.00023283064365386963,0,0.0
430,32,10,0,0.00023283064365386963,0,0.0
431,32,10,1,0.00023283064365386963,0,0.0
432,32,10,0,0.00023283064365386963,0,0.0
433,32,10,0,0.00023283064365386963,0,0.0
434,32,10,0,0.00023283064365386963,0,0.0
435,32,10,0,0.00023283064365386963,0,0.0
436,32,10,0,0.00023283064365386963,0,0.0
437,32,10,0,0.00023283064365386963,0,0.0
438,32,10,0,0.00023283064365386963,0,0.0
439,32,10,0,0.00023283064365386963,0,0.0
440,32,10,0,0.00023283064365386963,0,0.0
441,32,10,0,0.00023283064365386963,0,0.0
442,32,10,0,0.00023283064365386963,0,0.0
443,32,10,0,0.00023283064365386963,0,0.0
444,32,10,0,0.00023283064365386963,0,0.0
445,32,10,0,0.00023283064365386963,0,0.0
446,32,10,0,0.00023283064365386963,0,0.0
447,32,10,0,0.00023283064365386963,0,0.0
448,32,10,0,0.00023283064365386963,0,0.0
449,32,10,0,0.00023283064365386963,0,0.0
450,32,10,0,0.00023283064365386963,0,0.0
451,32,10,0,0.00023283064365386963,0,0.0
452,32,10,0,0.00023283064365386963,0,0.0
453,32,10,0,0.00023283064365386963,0,0.0
454,32,10,0,0.00023283064365386963,0,0.0
455,32,10,0,0.00023283064365386963,0,0.0
456,32,10,0,0.00023283064365386963,0,0.0
457,32,10,0,0.00023283064365386963,0,0.0
458,32,10,0,0.00023283064365386963,0,0.0
459,32,10,0,0.00023283064365386963,0,0.0
460,32,10,0,0.00023283064365386963,0,0.0
461,32,10,0,0.00023283064365386963,0,0.0
462,32,10,0,0.00023283064365386963,0,0.0
463,32,10,2,0.00023283064365386963,0,0.0
464,32,10,0,0.00023283064365386963,0,0.0
465,32,10,0,0.00023283064365386963,0,0.0
466,32,10,1,0.00023283064365386963,0,0.0
467,32,10,0,0.00023283064365386963,0,0.0
468,32,10,0,0.00023283064365386963,0,0.0
469,32,10,0,0.00023283064365386963,0,0.0
470,32,10,0,0.00023283064365386963,0,0.0
471,32,10,0,0.00023283064365386963,0,0.0
472,32,10,0,0.00023283064365386963,0,0.0
473,32,10,0,0.00023283064365386963,0,0.0
474,32,10,18,0.00023283064365386963,0,0.0
475,32,10,0,0.00023283064365386963,0,0.0
476,32,10,0,0.00023283064365386963,0,0.0
477,32,10,0,0.00023283064365386963,0,0.0
478,32,10,0,0.00023283064365386963,0,0.0
479,32,10,0,0.00023283064365386963,0,0.0
480,32,10,0,0.00023283064365386963,0,0.0
481,32,10,0,0.00023283064365386963,0,0.0
482,32,10,0,0.00023283064365386963,0,0.0
483,32,10,0,0.00023283064365386963,0,0.0
484,32,10,0,0.00023283064365386963,0,0.0
485,32,10,0,0.00023283064365386963,0,0.0
486,32,10,0,0.00023283064365386963,0,0.0
487,32,10,1,0.00023283064365386963,1,0.1
488,32,10,0,0.00023283064365386963,0,0.0
489,32,10,0,0.00023283064365386963,0,0.0
490,32,10,0,0.00023283064365386963,0,0.0
491,32,10,0,0.00023283064365386963,0,0.0
492,32,10,0,0.00023283064365386963,0,0.0
493,32,10,0,0.00023283064365386963,0,0.0
494,32,10,0,0.00023283064365386963,0,0.0
495,32,10,0,0.00023283064365386963,0,0.0
496,32,10,0,0.00023283064365386963,0,0.0
497,32,10,0,0.00023283064365386963,0,0.0
498,32,10,0,0.00023283064365386963,0,0.0
499,32,10,0,0.00023283064365386963,0,0.0
500,32,10,0,0.00023283064365386963,0,0.0
501,32,10,0,0.00023283064365386963,0,0.0
502,32,10,0,0.00023283064365386963,0,0.0
503,32,10,0,0.00023283064365386963,0,0.0
504,32,10,0,0.00023283064365386963,0,0.0
505,32,10,0,0.00023283064365386963,0,0.0
506,32,10,0,0.00023283064365386963,0,0.0
507,32,10,0,0.00023283064365386963,0,0.0
508,32,10,0,0.00023283064365386963,0,0.0
509,32,10,0,0.00023283064365386963,0,0.0
510,32,10,1,0.00023283064365386963,0,0.0
511,32,10,0,0.00023283064365386963,0,0.0
512,32,10,0,0.00023283064365386963,0,0.0
513,32,10,0,0.00023283064365386963,0,0.0
514,32,10,0,0.00023283064365386963,0,0.0
515,32,10,0,0.00023283064365386963,0,0.0
516,32,10,0,0.00023283064365386963,0,0.0
517,32,10,0,0.00023283064365386963,0,0.0
518,32,10,0,0.00023283064365386963,0,0.0
519,32,10,0,0.00023283064365386963,0,0.0
520,32,10,0,0.00023283064365386963,0,0.0
521,32,10,0,0.00023283064365386963,0,0.0
522,32,10,0,0.00023283064365386963,0,0.0
523,32,10,0,0.00023283064365386963,0,0.0
524,32,10,1,0.00023283064365386963,0,0.0
525,32,10,0,0.00023283064365386963,0,0.0
526,32,10,0,0.00023283064365386963,0,0.0
527,32,10,0,0.00023283064365386963,0,0.0
528,32,10,0,0.00023283064365386963,0,0.0
529,32,10,0,0.00023283064365386963,0,0.0
530,32,10,0,0.00023283064365386963,0,0.0
531,32,10,3,0.00023283064365386963,0,0.0
532,32,10,11,0.00023283064365386963,0,0.0
533,32,10,0,0.00023283064365386963,0,0.0
534,32,10,0,0.00023283064365386963,0,0.0
535,32,10,0,0.00023283064365386963,0,0.0
536,32,10,0,0.00023283064365386963,0,0.0
537,32,10,0,0.00023283064365386963,0,0.0
538,32,10,0,0.00023283064365386963,0,0.0
539,32,10,0,0.00023283064365386963,0,0.0
540,32,10,0,0.00023283064365386963,0,0.0
541,32,10,0,0.00023283064365386963,0,0.0
542,32,10,1,0.00023283064365386963,0,0.0
543,32,10,0,0.00023283064365386963,0,0.0
544,32,10,0,0.00023283064365386963,0,0.0
545,32,10,0,0.00023283064365386963,0,0.0
546,32,10,0,0.00023283064365386963,0,0.0
547,32,10,0,0.00023283064365386963,0,0.0
548,32,10,0,0.00023283064365386963,0,0.0
549,32,10,0,0.00023283064365386963,0,0.0
550,32,10,0,0.00023283064365386963,0,0.0
551,32,10,0,0.00023283064365386963,0,0.0
552,32,10,0,0.00023283064365386963,0,0.0
553,32,10,0,0.00023283064365386963,0,0.0
554,32,10,0,0.00023283064365386963,0,0.0
555,32,10,0,0.00023283064365386963,0,0.0
556,32,10,0,0.00023283064365386963,0,0.0
557,32,10,1,0.00023283064365386963,0,0.0
558,32,10,0,0.00023283064365386963,0,0.0
559,32,10,0,0.00023283064365386963,0,0.0
560,32,10,0,0.00023283064365386963,0,0.0
561,32,10,0,0.00023283064365386963,0,0.0
562,32,10,0,0.00023283064365386963,0,0.0
563,32,10,0,0.00023283064365386963,0,0.0
564,32,10,0,0.00023283064365386963,0,0.0
565,32,10,0,0.00023283064365386963,0,0.0
566,32,10,0,0.00023283064365386963,0,0.0
567,32,10,0,0.00023283064365386963,0,0.0
568,32,10,0,0.00023283064365386963,0,0.0
569,32,10,0,0.00023283064365386963,0,0.0
570,32,10,0,0.00023283064365386963,0,0.0
571,32,10,0,0.00023283064365386963,0,0.0
572,32,10,0,0.00023283064365386963,0,0.0
573,32,10,0,0.00023283064365386963,0,0.0
574,32,10,0,0.00023283064365386963,0,0.0
575,32,10,0,0.00023283064365386963,0,0.0
576,32,10,0,0.00023283064365386963,0,0.0
577,32,10,0,0.00023283064365386963,0,0.0
578,32,10,0,0.00023283064365386963,0,0.0
579,32,10,0,0.00023283064365386963,0,0.0
580,32,10,0,0.00023283064365386963,0,0.0
581,32,10,0,0.00023283064365386963,0,0.0
582,32,10,4,0.00023283064365386963,0,0.0
583,32,10,0,0.00023283064365386963,0,0.0
584,32,10,0,0.00023283064365386963,0,0.0
585,32,10,0,0.00023283064365386963,0,0.0
586,32,10,0,0.00023283064365386963,0,0.0
587,32,10,0,0.00023283064365386963,0,0.0
588,32,10,0,0.00023283064365386963,0,0.0
589,32,10,0,0.00023283064365386963,0,0.0
590,32,10,0,0.00023283064365386963,0,0.0
591,32,10,0,0.00023283064365386963,0,0.0
592,32,10,0,0.00023283064365386963,0,0.0
593,32,10,0,0.00023283064365386963,0,0.0
594,32,10,0,0.00023283064365386963,0,0.0
595,32,10,0,0.00023283064365386963,0,0.0
596,32,10,0,0.00023283064365386963,0,0.0
597,32,10,0,0.00023283064365386963,0,0.0
598,32,10,0,0.00023283064365386963,0,0.0
599,32,10,0,0.00023283064365386963,0,0.0
600,32,10,0,0.00023283064365386963,0,0.0
601,32,10,0,0.00023283064365386963,0,0.0
602,32,10,0,0.00023283064365386963,0,0.0
603,32,10,1,0.00023283064365386963,0,0.0
604,32,10,0,0.00023283064365386963,0,0.0
605,32,10,0,0.00023283064365386963,0,0.0
606,32,10,0,0.00023283064365386963,0,0.0
607,32,10,0,0.00023283064365386963,0,0.0
608,32,10,0,0.00023283064365386963,0,0.0
609,32,10,0,0.00023283064365386963,0,0.0
610,32,10,0,0.00023283064365386963,0,0.0
611,32,10,0,0.00023283064365386963,0,0.0
612,32,10,0,0.00023283064365386963,0,0.0
613,32,10,0,0.00023283064365386963,0,0.0
614,32,10,0,0.00023283064365386963,0,0.0
615,32,10,0,0.00023283064365386963,0,0.0
616,32,10,0,0.00023283064365386963,0,0.0
617,32,10,0,0.00023283064365386963,0,0.0
618,32,10,0,0.00023283064365386963,0,0.0
619,32,10,0,0.00023283064365386963,0,0.0
620,32,10,0,0.00023283064365386963,0,0.0
621,32,10,0,0.00023283064365386963,0,0.0
622,32,10,0,0.00023283064365386963,0,0.0
623,32,10,0,0.00023283064365386963,0,0.0
624,32,10,0,0.00023283064365386963,0,0.0
625,32,10,0,0.00023283064365386963,0,0.0
626,32,10,0,0.00023283064365386963,0,0.0
627,32,10,1,0.00023283064365386963,0,0.0
628,32,10,1,0.00023283064365386963,0,0.0
629,32,10,1,0.00023283064365386963,0,0.0
630,32,10,0,0.00023283064365386963,0,0.0
631,32,10,0,0.00023283064365386963,0,0.0
632,32,10,0,0.00023283064365386963,0,0.0
633,32,10,0,0.00023283064365386963,0,0.0
634,32,10,0,0.00023283064365386963,0,0.0
635,32,10,0,0.00023283064365386963,0,0.0
636,32,10,0,0.00023283064365386963,0,0.0
637,32,10,0,0.00023283064365386963,0,0.0
638,32,10,0,0.00023283064365386963,0,0.0
639,32,10,0,0.00023283064365386963,0,0.0
640,32,10,0,0.00023283064365386963,0,0.0
641,32,10,0,0.00023283064365386963,0,0.0
642,32,10,0,0.00023283064365386963,0,0.0
643,32,10,0,0.00023283064365386963,0,0.0
644,32,10,0,0.00023283064365386963,0,0.0
645,32,10,0,0.00023283064365386963,0,0.0
646,32,10,0,0.00023283064365386963,0,0.0
647,32,10,0,0.00023283064365386963,0,0.0
648,32,10,0,0.00023283064365386963,0,0.0
649,32,10,0,0.00023283064365386963,0,0.0
650,32,10,0,0.00023283064365386963,0,0.0
651,32,10,0,0.00023283064365386963,0,0.0
652,32,10,0,0.00023283064365386963,0,0.0
653,32,10,0,0.00023283064365386963,0,0.0
654,32,10,1,0.00023283064365386963,0,0.0
655,32,10,0,0.00023283064365386963,0,0.0
656,32,10,0,0.00023283064365386963,0,0.0
657,32,10,0,0.00023283064365386963,0,0.0
658,32,10,0,0.00023283064365386963,0,0.0
659,32,10,0,0.00023283064365386963,0,0.0
660,32,10,0,0.00023283064365386963,0,0.0
661,32,10,0,0.00023283064365386963,0,0.0
662,32,10,0,0.00023283064365386963,0,0.0
663,32,10,0,0.00023283064365386963,0,0.0
664,32,10,0,0.00023283064365386963,0,0.0
665,32,10,0,0.00023283064365386963,0,0.0
666,32,10,0,0.00023283064365386963,0,0.0
667,32,10,0,0.00023283064365386963,0,0.0
668,32,10,4,0.00023283064365386963,0,0.0
669,32,10,0,0.00023283064365386963,0,0.0
670,32,10,0,0.00023283064365386963,0,0.0
671,32,10,0,0.00023283064365386963,0,0.0
672,32,10,0,0.00023283064365386963,0,0.0
673,32,10,0,0.00023283064365386963,0,0.0
674,32,10,0,0.00023283064365386963,0,0.0
675,32,10,0,0.00023283064365386963,0,0.0
676,32,10,0,0.00023283064365386963,0,0.0
677,32,10,0,0.00023283064365386963,0,0.0
678,32,10,0,0.00023283064365386963,0,0.0
679,32,10,0,0.00023283064365386963,0,0.0
680,32,10,0,0.00023283064365386963,0,0.0
681,32,10,0,0.00023283064365386963,0,0.0
682,32,10,0,0.00023283064365386963,0,0.0
683,32,10,1,0.00023283064365386963,0,0.0
684,32,10,0,0.00023283064365386963,0,0.0
685,32,10,0,0.00023283064365386963,0,0.0
686,32,10,0,0.00023283064365386963,0,0.0
687,32,10,0,0.00023283064365386963,0,0.0
688,32,10,0,0.00023283064365386963,0,0.0
689,32,10,0,0.00023283064365386963,0,0.0
690,32,10,0,0.00023283064365386963,0,0.0
691,32,10,0,0.00023283064365386963,0,0.0
692,32,10,0,0.00023283064365386963,0,0.0
693,32,10,0,0.00023283064365386963,0,0.0
694,32,10,0,0.00023283064365386963,0,0.0
695,32,10,0,0.00023283064365386963,0,0.0
696,32,10,0,0.00023283064365386963,0,0.0
697,32,10,0,0.00023283064365386963,0,0.0
698,32,10,0,0.00023283064365386963,0,0.0
699,32,10,0,0.00023283064365386963,0,0.0
700,32,10,0,0.00023283064365386963,0,0.0
701,32,10,0,0.00023283064365386963,0,0.0
702,32,10,13,0.00023283064365386963,0,0.0
703,32,10,0,0.00023283064365386963,0,0.0
704,32,10,0,0.00023283064365386963,0,0.0
705,32,10,0,0.00023283064365386963,0,0.0
706,32,10,0,0.00023283064365386963,0,0.0
707,32,10,0,0.00023283064365386963,0,0.0
708,32,10,1,0.00023283064365386963,0,0.0
709,32,10,0,0.00023283064365386963,0,0.0
710,32,10,0,0.00023283064365386963,0,0.0
711,32,10,0,0.00023283064365386963,0,0.0
712,32,10,0,0.00023283064365386963,0,0.0
713,32,10,0,0.00023283064365386963,0,0.0
714,32,10,0,0.00023283064365386963,0,0.0
715,32,10,0,0.00023283064365386963,0,0.0
716,32,10,0,0.00023283064365386963,0,0.0
717,32,10,0,0.00023283064365386963,0,0.0
718,32,10,0,0.00023283064365386963,0,0.0
719,32,10,0,0.00023283064365386963,0,0.0
720,32,10,0,0.00023283064365386963,0,0.0
721,32,10,0,0.00023283064365386963,0,0.0
722,32,10,0,0.00023283064365386963,0,0.0
723,32,10,0,0.00023283064365386963,0,0.0
724,32,10,0,0.00023283064365386963,0,0.0
725,32,10,0,0.00023283064365386963,0,0.0
726,32,10,0,0.00023283064365386963,0,0.0
727,32,10,0,0.00023283064365386963,0,0.0
728,32,10,0,0.00023283064365386963,0,0.0
729,32,10,1,0.00023283064365386963,0,0.0
730,32,10,0,0.00023283064365386963,0,0.0
731,32,10,0,0.00023283064365386963,0,0.0
732,32,10,0,0.00023283064365386963,0,0.0
733,32,10,0,0.00023283064365386963,0,0.0
734,32,10,0,0.00023283064365386963,0,0.0
735,32,10,0,0.00023283064365386963,0,0.0
736,32,10,0,0.00023283064365386963,0,0.0
737,32,10,0,0.00023283064365386963,0,0.0
738,32,10,0,0.00023283064365386963,0,0.0
739,32,10,0,0.00023283064365386963,0,0.0
740,32,10,0,0.00023283064365386963,0,0.0
741,32,10,0,0.00023283064365386963,0,0.0
742,32,10,0,0.00023283064365386963,0,0.0
743,32,10,0,0.00023283064365386963,0,0.0
744,32,10,0,0.00023283064365386963,0,0.0
745,32,10,0,0.00023283064365386963,0,0.0
746,32,10,2,0.00023283064365386963,0,0.0
747,32,10,0,0.00023283064365386963,0,0.0
748,32,10,0,0.00023283064365386963,0,0.0
749,32,10,0,0.00023283064365386963,0,0.0
750,32,10,0,0.00023283064365386963,0,0.0
751,32,10,0,0.00023283064365386963,0,0.0
752,32,10,0,0.00023283064365386963,0,0.0
753,32,10,0,0.00023283064365386963,0,0.0
754,32,10,0,0.00023283064365386963,0,0.0
755,32,10,0,0.00023283064365386963,0,0.0
756,32,10,1,0.00023283064365386963,0,0.0
757,32,10,0,0.00023283064365386963,0,0.0
758,32,10,0,0.00023283064365386963,0,0.0
759,32,10,0,0.00023283064365386963,0,0.0
760,32,10,0,0.00023283064365386963,0,0.0
761,32,10,0,0.00023283064365386963,0,0.0
762,32,10,1,0.00023283064365386963,0,0.0
763,32,10,0,0.00023283064365386963,0,0.0
764,32,10,0,0.00023283064365386963,0,0.0
765,32,10,0,0.00023283064365386963,0,0.0
766,32,10,0,0.00023283064365386963,0,0.0
767,32,10,0,0.00023283064365386963,0,0.0
768,32,10,0,0.00023283064365386963,0,0.0
769,32,10,0,0.00023283064365386963,0,0.0
770,32,10,0,0.00023283064365386963,0,0.0
771,32,10,0,0.00023283064365386963,0,0.0
772,32,10,0,0.00023283064365386963,0,0.0
773,32,10,0,0.00023283064365386963,0,0.0
774,32,10,0,0.00023283064365386963,0,0.0
775,32,10,0,0.00023283064365386963,0,0.0
776,32,10,0,0.00023283064365386963,0,0.0
777,32,10,0,0.00023283064365386963,0,0.0
778,32,10,0,0.00023283064365386963,0,0.0
779,32,10,0,0.00023283064365386963,0,0.0
780,32,10,0,0.00023283064365386963,0,0.0
781,32,10,1,0.00023283064365386963,0,0.0
782,32,10,0,0.00023283064365386963,0,0.0
783,32,10,0,0.00023283064365386963,0,0.0
784,32,10,0,0.00023283064365386963,0,0.0
785,32,10,0,0.00023283064365386963,0,0.0
786,32,10,0,0.00023283064365386963,0,0.0
787,32,10,0,0.00023283064365386963,0,0.0
788,32,10,0,0.00023283064365386963,0,0.0
789,32,10,0,0.00023283064365386963,0,0.0
790,32,10,0,0.00023283064365386963,0,0.0
791,32,10,0,0.00023283064365386963,0,0.0
792,32,10,0,0.00023283064365386963,0,0.0
793,32,10,1,0.00023283064365386963,0,0.0
794,32,10,0,0.00023283064365386963,0,0.0
795,32,10,0,0.00023283064365386963,0,0.0
796,32,10,0,0.00023283064365386963,0,0.0
797,32,10,0,0.00023283064365386963,0,0.0
798,32,10,0,0.00023283064365386963,0,0.0
799,32,10,0,0.00023283064365386963,0,0.0
800,32,10,0,0.00023283064365386963,0,0.0
801,32,10,0,0.00023283064365386963,0,0.0
802,32,10,0,0.00023283064365386963,0,0.0
803,32,10,0,0.00023283064365386963,0,0.0
804,32,10,0,0.00023283064365386963,0,0.0
805,32,10,1,0.00023283064365386963,0,0.0
806,32,10,0,0.00023283064365386963,0,0.0
807,32,10,0,0.00023283064365386963,0,0.0
808,32,10,0,0.00023283064365386963,0,0.0
809,32,10,2,0.00023283064365386963,0,0.0
810,32,10,0,0.00023283064365386963,0,0.0
811,32,10,0,0.00023283064365386963,0,0.0
812,32,10,0,0.00023283064365386963,0,0.0
813,32,10,0,0.00023283064365386963,0,0.0
814,32,10,0,0.00023283064365386963,0,0.0
815,32,10,0,0.00023283064365386963,0,0.0
816,32,10,1,0.00023283064365386963,0,0.0
817,32,10,0,0.00023283064365386963,0,0.0
818,32,10,0,0.00023283064365386963,0,0.0
819,32,10,1,0.00023283064365386963,0,0.0
820,32,10,0,0.00023283064365386963,0,0.0
821,32,10,0,0.00023283064365386963,0,0.0
822,32,10,0,0.00023283064365386963,0,0.0
823,32,10,0,0.00023283064365386963,0,0.0
824,32,10,0,0.00023283064365386963,0,0.0
825,32,10,0,0.00023283064365386963,0,0.0
826,32,10,0,0.00023283064365386963,0,0.0
827,32,10,1,0.00023283064365386963,0,0.0
828,32,10,0,0.00023283064365386963,0,0.0
829,32,10,0,0.00023283064365386963,0,0.0
830,32,10,1,0.00023283064365386963,0,0.0
831,32,10,0,0.00023283064365386963,0,0.0
832,32,10,0,0.00023283064365386963,0,0.0
833,32,10,0,0.00023283064365386963,0,0.0
834,32,10,1,0.00023283064365386963,0,0.0
835,32,10,0,0.00023283064365386963,0,0.0
836,32,10,0,0.00023283064365386963,0,0.0
837,32,10,0,0.00023283064365386963,0,0.0
838,32,10,0,0.00023283064365386963,0,0.0
839,32,10,2,0.00023283064365386963,0,0.0
840,32,10,0,0.00023283064365386963,0,0.0
841,32,10,0,0.00023283064365386963,0,0.0
842,32,10,1,0.00023283064365386963,0,0.0
843,32,10,0,0.00023283064365386963,0,0.0
844,32,10,0,0.00023283064365386963,0,0.0
845,32,10,0,0.00023283064365386963,0,0.0
846,32,10,0,0.00023283064365386963,0,0.0
847,32,10,0,0.00023283064365386963,0,0.0
848,32,10,0,0.00023283064365386963,0,0.0
849,32,10,0,0.00023283064365386963,0,0.0
850,32,10,0,0.00023283064365386963,0,0.0
851,32,10,2,0.00023283064365386963,0,0.0
852,32,10,0,0.00023283064365386963,0,0.0
853,32,10,0,0.00023283064365386963,0,0.0
854,32,10,0,0.00023283064365386963,0,0.0
855,32,10,1,0.00023283064365386963,0,0.0
856,32,10,0,0.00023283064365386963,0,0.0
857,32,10,0,0.00023283064365386963,0,0.0
858,32,10,3,0.00023283064365386963,0,0.0
859,32,10,0,0.00023283064365386963,0,0.0
860,32,10,0,0.00023283064365386963,0,0.0
861,32,10,0,0.00023283064365386963,0,0.0
862,32,10,0,0.00023283064365386963,0,0.0
863,32,10,0,0.00023283064365386963,0,0.0
864,32,10,0,0.00023283064365386963,0,0.0
865,32,10,2,0.00023283064365386963,0,0.0
866,32,10,0,0.00023283064365386963,0,0.0
867,32,10,0,0.00023283064365386963,0,0.0
868,32,10,0,0.00023283064365386963,0,0.0
869,32,10,1,0.00023283064365386963,0,0.0
870,32,10,0,0.00023283064365386963,0,0.0
871,32,10,0,0.00023283064365386963,0,0.0
872,32,10,0,0.00023283064365386963,0,0.0
873,32,10,0,0.00023283064365386963,0,0.0
874,32,10,0,0.00023283064365386963,0,0.0
875,32,10,1,0.00023283064365386963,0,0.0
876,32,10,0,0.00023283064365386963,0,0.0
877,32,10,0,0.00023283064365386963,0,0.0
878,32,10,0,0.00023283064365386963,0,0.0
879,32,10,0,0.00023283064365386963,0,0.0
880,32,10,0,0.00023283064365386963,0,0.0
881,32,10,0,0.00023283064365386963,0,0.0
882,32,10,0,0.00023283064365386963,0,0.0
883,32,10,0,0.00023283064365386963,0,0.0
884,32,10,0,0.00023283064365386963,0,0.0
885,32,10,0,0.00023283064365386963,0,0.0
886,32,10,0,0.00023283064365386963,0,0.0
887,32,10,0,0.00023283064365386963,0,0.0
888,32,10,0,0.00023283064365386963,0,0.0
889,32,10,0,0.00023283064365386963,0,0.0
890,32,10,0,0.00023283064365386963,0,0.0
891,32,10,1,0.00023283064365386963,0,0.0
892,32,10,0,0.00023283064365386963,0,0.0
893,32,10,0,0.00023283064365386963,0,0.0
894,32,10,0,0.00023283064365386963,0,0.0
895,32,10,0,0.00023283064365386963,0,0.0
896,32,10,0,0.00023283064365386963,0,0.0
897,32,10,0,0.00023283064365386963,0,0.0
898,32,10,0,0.00023283064365386963,0,0.0
899,32,10,0,0.00023283064365386963,0,0.0
900,32,10,0,0.00023283064365386963,0,0.0
901,32,10,0,0.00023283064365386963,0,0.0
902,32,10,0,0.00023283064365386963,0,0.0
903,32,10,0,0.00023283064365386963,0,0.0
904,32,10,0,0.00023283064365386963,0,0.0
905,32,10,0,0.00023283064365386963,0,0.0
906,32,10,0,0.00023283064365386963,0,0.0
907,32,10,0,0.00023283064365386963,0,0.0
908,32,10,0,0.00023283064365386963,0,0.0
909,32,10,0,0.00023283064365386963,0,0.0
910,32,10,0,0.00023283064365386963,0,0.0
911,32,10,0,0.00023283064365386963,0,0.0
912,32,10,0,0.00023283064365386963,0,0.0
913,32,10,0,0.00023283064365386963,0,0.0
914,32,10,0,0.00023283064365386963,0,0.0
915,32,10,1,0.00023283064365386963,0,0.0
916,32,10,0,0.00023283064365386963,0,0.0
917,32,10,0,0.00023283064365386963,0,0.0
918,32,10,0,0.00023283064365386963,0,0.0
919,32,10,0,0.00023283064365386963,0,0.0
920,32,10,0,0.00023283064365386963,0,0.0
921,32,10,0,0.00023283064365386963,0,0.0
922,32,10,0,0.00023283064365386963,0,0.0
923,32,10,0,0.00023283064365386963,0,0.0
924,32,10,0,0.00023283064365386963,0,0.0
925,32,10,0,0.00023283064365386963,0,0.0
926,32,10,1,0.00023283064365386963,0,0.0
927,32,10,0,0.00023283064365386963,0,0.0
928,32,10,1,0.00023283064365386963,0,0.0
929,32,10,0,0.00023283064365386963,0,0.0
930,32,10,0,0.00023283064365386963,0,0.0
931,32,10,0,0.00023283064365386963,0,0.0
932,32,10,0,0.00023283064365386963,0,0.0
933,32,10,0,0.00023283064365386963,0,0.0
934,32,10,0,0.00023283064365386963,0,0.0
935,32,10,0,0.00023283064365386963,0,0.0
936,32,10,0,0.00023283064365386963,0,0.0
937,32,10,0,0.00023283064365386963,0,0.0
938,32,10,0,0.00023283064365386963,0,0.0
939,32,10,0,0.00023283064365386963,0,0.0
940,32,10,0,0.00023283064365386963,0,0.0
941,32,10,0,0.00023283064365386963,0,0.0
942,32,10,0,0.00023283064365386963,0,0.0
943,32,10,0,0.00023283064365386963,0,0.0
944,32,10,0,0.00023283064365386963,0,0.0
945,32,10,0,0.00023283064365386963,0,0.0
946,32,10,0,0.00023283064365386963,0,0.0
947,32,10,0,0.00023283064365386963,0,0.0
948,32,10,0,0.00023283064365386963,0,0.0
949,32,10,0,0.00023283064365386963,0,0.0
950,32,10,0,0.00023283064365386963,0,0.0
951,32,10,0,0.00023283064365386963,0,0.0
952,32,10,0,0.00023283064365386963,0,0.0
953,32,10,0,0.00023283064365386963,0,0.0
954,32,10,0,0.00023283064365386963,0,0.0
955,32,10,0,0.00023283064365386963,0,0.0
956,32,10,0,0.00023283064365386963,0,0.0
957,32,10,0,0.00023283064365386963,0,0.0
958,32,10,0,0.00023283064365386963,0,0.0
959,32,10,0,0.00023283064365386963,0,0.0
960,32,10,0,0.00023283064365386963,0,0.0
961,32,10,0,0.00023283064365386963,0,0.0
962,32,10,0,0.00023283064365386963,0,0.0
963,32,10,0,0.00023283064365386963,0,0.0
964,32,10,0,0.00023283064365386963,0,0.0
965,32,10,1,0.00023283064365386963,0,0.0
966,32,10,0,0.00023283064365386963,0,0.0
967,32,10,0,0.00023283064365386963,0,0.0
968,32,10,0,0.00023283064365386963,0,0.0
969,32,10,0,0.00023283064365386963,0,0.0
970,32,10,0,0.00023283064365386963,0,0.0
971,32,10,0,0.00023283064365386963,0,0.0
972,32,10,0,0.00023283064365386963,0,0.0
973,32,10,0,0.00023283064365386963,0,0.0
974,32,10,0,0.00023283064365386963,0,0.0
975,32,10,0,0.00023283064365386963,0,0.0
976,32,10,0,0.00023283064365386963,0,0.0
977,32,10,0,0.00023283064365386963,0,0.0
978,32,10,0,0.00023283064365386963,0,0.0
979,32,10,0,0.00023283064365386963,0,0.0
980,32,10,0,0.00023283064365386963,0,0.0
981,32,10,0,0.00023283064365386963,0,0.0
982,32,10,0,0.00023283064365386963,0,0.0
983,32,10,2,0.00023283064365386963,0,0.0
984,32,10,0,0.00023283064365386963,0,0.0
985,32,10,0,0.00023283064365386963,0,0.0
986,32,10,0,0.00023283064365386963,0,0.0
987,32,10,0,0.00023283064365386963,0,0.0
988,32,10,0,0.00023283064365386963,0,0.0
989,32,10,0,0.00023283064365386963,0,0.0
990,32,10,0,0.00023283064365386963,0,0.0
991,32,10,0,0.00023283064365386963,0,0.0
992,32,10,0,0.00023283064365386963,0,0.0
993,32,10,0,0.00023283064365386963,0,0.0
994,32,10,0,0.00023283064365386963,0,0.0
995,32,10,0,0.00023283064365386963,0,0.0
996,32,10,0,0.00023283064365386963,0,0.0
997,32,10,0,0.00023283064365386963,0,0.0
998,32,10,0,0.00023283064365386963,0,0.0
999,32,10,0,0.00023283064365386963,0,0.0
0,32,100,0,0.00023283064365386963,0,0.0
1,32,100,0,0.00023283064365386963,0,0.0
2,32,100,0,0.00023283064365386963,0,0.0
3,32,100,0,0.00023283064365386963,0,0.0
4,32,100,0,0.00023283064365386963,0,0.0
5,32,100,0,0.00023283064365386963,0,0.0
6,32,100,0,0.00023283064365386963,0,0.0
7,32,100,0,0.00023283064365386963,0,0.0
8,32,100,2,0.00023283064365386963,1,0.01
9,32,100,1,0.00023283064365386963,0,0.0
10,32,100,0,0.00023283064365386963,0,0.0
11,32,100,0,0.00023283064365386963,0,0.0
12,32,100,0,0.00023283064365386963,0,0.0
13,32,100,0,0.00023283064365386963,0,0.0
14,32,100,0,0.00023283064365386963,0,0.0
15,32,100,0,0.00023283064365386963,0,0.0
16,32,100,0,0.00023283064365386963,0,0.0
17,32,100,0,0.00023283064365386963,0,0.0
18,32,100,0,0.00023283064365386963,0,0.0
19,32,100,0,0.00023283064365386963,0,0.0
20,32,100,0,0.00023283064365386963,0,0.0
21,32,100,3,0.00023283064365386963,0,0.0
22,32,100,0,0.00023283064365386963,0,0.0
23,32,100,0,0.00023283064365386963,0,0.0
24,32,100,0,0.00023283064365386963,0,0.0
25,32,100,0,0.00023283064365386963,0,0.0
26,32,100,4,0.00023283064365386963,0,0.0
27,32,100,18,0.00023283064365386963,0,0.0
28,32,100,0,0.00023283064365386963,0,0.0
29,32,100,0,0.00023283064365386963,0,0.0
30,32,100,0,0.00023283064365386963,0,0.0
31,32,100,0,0.00023283064365386963,0,0.0
32,32,100,3,0.00023283064365386963,2,0.02
33,32,100,0,0.00023283064365386963,0,0.0
34,32,100,0,0.00023283064365386963,0,0.0
35,32,100,0,0.00023283064365386963,0,0.0
36,32,100,0,0.00023283064365386963,0,0.0
37,32,100,0,0.00023283064365386963,0,0.0
38,32,100,0,0.00023283064365386963,0,0.0
39,32,100,0,0.00023283064365386963,0,0.0
40,32,100,0,0.00023283064365386963,0,0.0
41,32,100,0,0.00023283064365386963,0,0.0
42,32,100,0,0.00023283064365386963,0,0.0
43,32,100,3,0.00023283064365386963,2,0.02
44,32,100,0,0.00023283064365386963,0,0.0
45,32,100,1,0.00023283064365386963,0,0.0
46,32,100,0,0.00023283064365386963,0,0.0
47,32,100,1,0.00023283064365386963,0,0.0
48,32,100,0,0.00023283064365386963,0,0.0
49,32,100,0,0.00023283064365386963,0,0.0
50,32,100,0,0.00023283064365386963,0,0.0
51,32,100,1,0.00023283064365386963,0,0.0
52,32,100,0,0.00023283064365386963,0,0.0
53,32,100,3,0.00023283064365386963,0,0.0
54,32,100,1,0.00023283064365386963,0,0.0
55,32,100,0,0.00023283064365386963,0,0.0
56,32,100,0,0.00023283064365386963,0,0.0
57,32,100,0,0.00023283064365386963,0,0.0
58,32,100,0,0.00023283064365386963,0,0.0
59,32,100,0,0.00023283064365386963,0,0.0
60,32,100,0,0.00023283064365386963,0,0.0
61,32,100,1,0.00023283064365386963,0,0.0
62,32,100,0,0.00023283064365386963,0,0.0
63,32,100,0,0.00023283064365386963,0,0.0
64,32,100,0,0.00023283064365386963,0,0.0
65,32,100,0,0.00023283064365386963,0,0.0
66,32,100,0,0.00023283064365386963,0,0.0
67,32,100,0,0.00023283064365386963,0,0.0
68,32,100,0,0.00023283064365386963,0,0.0
69,32,100,0,0.00023283064365386963,0,0.0
70,32,100,0,0.00023283064365386963,0,0.0
71,32,100,0,0.00023283064365386963,0,0.0
72,32,100,0,0.00023283064365386963,0,0.0
73,32,100,0,0.00023283064365386963,0,0.0
74,32,100,0,0.00023283064365386963,0,0.0
75,32,100,0,0.00023283064365386963,0,0.0
76,32,100,0,0.00023283064365386963,0,0.0
77,32,100,0,0.00023283064365386963,0,0.0
78,32,100,0,0.00023283064365386963,0,0.0
79,32,100,0,0.00023283064365386963,0,0.0
80,32,100,0,0.00023283064365386963,0,0.0
81,32,100,0,0.00023283064365386963,0,0.0
82,32,100,0,0.00023283064365386963,0,0.0
83,32,100,0,0.00023283064365386963,0,0.0
84,32,100,0,0.00023283064365386963,0,0.0
85,32,100,0,0.00023283064365386963,0,0.0
86,32,100,0,0.00023283064365386963,0,0.0
87,32,100,0,0.00023283064365386963,0,0.0
88,32,100,0,0.00023283064365386963,0,0.0
89,32,100,1,0.00023283064365386963,0,0.0
90,32,100,0,0.00023283064365386963,0,0.0
91,32,100,0,0.00023283064365386963,0,0.0
92,32,100,0,0.00023283064365386963,0,0.0
93,32,100,0,0.00023283064365386963,0,0.0
94,32,100,0,0.00023283064365386963,0,0.0
95,32,100,0,0.00023283064365386963,0,0.0
96,32,100,0,0.00023283064365386963,0,0.0
97,32,100,0,0.00023283064365386963,0,0.0
98,32,100,0,0.00023283064365386963,0,0.0
99,32,100,0,0.00023283064365386963,0,0.0
100,32,100,0,0.00023283064365386963,0,0.0
101,32,100,0,0.00023283064365386963,0,0.0
102,32,100,0,0.00023283064365386963,0,0.0
103,32,100,0,0.00023283064365386963,0,0.0
104,32,100,0,0.00023283064365386963,0,0.0
105,32,100,0,0.00023283064365386963,0,0.0
106,32,100,0,0.00023283064365386963,0,0.0
107,32,100,0,0.00023283064365386963,0,0.0
108,32,100,0,0.00023283064365386963,0,0.0
109,32,100,0,0.00023283064365386963,0,0.0
110,32,100,0,0.00023283064365386963,0,0.0
111,32,100,0,0.00023283064365386963,0,0.0
112,32,100,0,0.00023283064365386963,0,0.0
113,32,100,0,0.00023283064365386963,0,0.0
114,32,100,0,0.00023283064365386963,0,0.0
115,32,100,0,0.00023283064365386963,0,0.0
116,32,100,0,0.00023283064365386963,0,0.0
117,32,100,0,0.00023283064365386963,0,0.0
118,32,100,2,0.00023283064365386963,0,0.0
119,32,100,0,0.00023283064365386963,0,0.0
120,32,100,0,0.00023283064365386963,0,0.0
121,32,100,1,0.00023283064365386963,0,0.0
122,32,100,0,0.00023283064365386963,0,0.0
123,32,100,0,0.00023283064365386963,0,0.0
124,32,100,0,0.00023283064365386963,0,0.0
125,32,100,0,0.00023283064365386963,0,0.0
126,32,100,0,0.00023283064365386963,0,0.0
127,32,100,0,0.00023283064365386963,0,0.0
128,32,100,0,0.00023283064365386963,0,0.0
129,32,100,0,0.00023283064365386963,0,0.0
130,32,100,0,0.00023283064365386963,0,0.0
131,32,100,0,0.00023283064365386963,0,0.0
132,32,100,0,0.00023283064365386963,0,0.0
133,32,100,0,0.00023283064365386963,0,0.0
134,32,100,0,0.00023283064365386963,0,0.0
135,32,100,1,0.00023283064365386963,0,0.0
136,32,100,0,0.00023283064365386963,0,0.0
137,32,100,0,0.00023283064365386963,0,0.0
138,32,100,0,0.00023283064365386963,0,0.0
139,32,100,0,0.00023283064365386963,0,0.0
140,32,100,0,0.00023283064365386963,0,0.0
141,32,100,0,0.00023283064365386963,0,0.0
142,32,100,0,0.00023283064365386963,0,0.0
143,32,100,0,0.00023283064365386963,0,0.0
144,32,100,0,0.00023283064365386963,0,0.0
145,32,100,0,0.00023283064365386963,0,0.0
146,32,100,0,0.00023283064365386963,0,0.0
147,32,100,0,0.00023283064365386963,0,0.0
148,32,100,0,0.00023283064365386963,0,0.0
149,32,100,0,0.00023283064365386963,0,0.0
150,32,100,0,0.00023283064365386963,0,0.0
151,32,100,0,0.00023283064365386963,0,0.0
152,32,100,0,0.00023283064365386963,0,0.0
153,32,100,0,0.00023283064365386963,0,0.0
154,32,100,0,0.00023283064365386963,0,0.0
155,32,100,0,0.00023283064365386963,0,0.0
156,32,100,0,0.00023283064365386963,0,0.0
157,32,100,0,0.00023283064365386963,0,0.0
158,32,100,0,0.00023283064365386963,0,0.0
159,32,100,0,0.00023283064365386963,0,0.0
160,32,100,0,0.00023283064365386963,0,0.0
161,32,100,0,0.00023283064365386963,0,0.0
162,32,100,1,0.00023283064365386963,0,0.0
163,32,100,0,0.00023283064365386963,0,0.0
164,32,100,0,0.00023283064365386963,0,0.0
165,32,100,0,0.00023283064365386963,0,0.0
166,32,100,0,0.00023283064365386963,0,0.0
167,32,100,0,0.00023283064365386963,0,0.0
168,32,100,0,0.00023283064365386963,0,0.0
169,32,100,0,0.00023283064365386963,0,0.0
170,32,100,0,0.00023283064365386963,0,0.0
171,32,100,0,0.00023283064365386963,0,0.0
172,32,100,0,0.00023283064365386963,0,0.0
173,32,100,0,0.00023283064365386963,0,0.0
174,32,100,0,0.00023283064365386963,0,0.0
175,32,100,0,0.00023283064365386963,0,0.0
176,32,100,0,0.00023283064365386963,0,0.0
177,32,100,3,0.00023283064365386963,0,0.0
178,32,100,1,0.00023283064365386963,0,0.0
179,32,100,0,0.00023283064365386963,0,0.0
180,32,100,0,0.00023283064365386963,0,0.0
181,32,100,0,0.00023283064365386963,0,0.0
182,32,100,0,0.00023283064365386963,0,0.0
183,32,100,0,0.00023283064365386963,0,0.0
184,32,100,0,0.00023283064365386963,0,0.0
185,32,100,0,0.00023283064365386963,0,0.0
186,32,100,0,0.00023283064365386963,0,0.0
187,32,100,0,0.00023283064365386963,0,0.0
188,32,100,0,0.00023283064365386963,0,0.0
189,32,100,2,0.00023283064365386963,0,0.0
190,32,100,0,0.00023283064365386963,0,0.0
191,32,100,0,0.00023283064365386963,0,0.0
192,32,100,0,0.00023283064365386963,0,0.0
193,32,100,0,0.00023283064365386963,0,0.0
194,32,100,0,0.00023283064365386963,0,0.0
195,32,100,0,0.00023283064365386963,0,0.0
196,32,100,0,0.00023283064365386963,0,0.0
197,32,100,0,0.00023283064365386963,0,0.0
198,32,100,1,0.00023283064365386963,1,0.01
199,32,100,0,0.00023283064365386963,0,0.0
200,32,100,0,0.00023283064365386963,0,0.0
201,32,100,0,0.00023283064365386963,0,0.0
202,32,100,0,0.00023283064365386963,0,0.0
203,32,100,0,0.00023283064365386963,0,0.0
204,32,100,0,0.00023283064365386963,0,0.0
205,32,100,0,0.00023283064365386963,0,0.0
206,32,100,0,0.00023283064365386963,0,0.0
207,32,100,0,0.00023283064365386963,0,0.0
208,32,100,0,0.00023283064365386963,0,0.0
209,32,100,0,0.00023283064365386963,0,0.0
210,32,100,0,0.00023283064365386963,0,0.0
211,32,100,0,0.00023283064365386963,0,0.0
212,32,100,0,0.00023283064365386963,0,0.0
213,32,100,0,0.00023283064365386963,0,0.0
214,32,100,0,0.00023283064365386963,0,0.0
215,32,100,0,0.00023283064365386963,0,0.0
216,32,100,0,0.00023283064365386963,0,0.0
217,32,100,0,0.00023283064365386963,0,0.0
218,32,100,0,0.00023283064365386963,0,0.0
219,32,100,0,0.00023283064365386963,0,0.0
220,32,100,0,0.00023283064365386963,0,0.0
221,32,100,0,0.00023283064365386963,0,0.0
222,32,100,0,0.00023283064365386963,0,0.0
223,32,100,0,0.00023283064365386963,0,0.0
224,32,100,0,0.00023283064365386963,0,0.0
225,32,100,0,0.00023283064365386963,0,0.0
226,32,100,0,0.00023283064365386963,0,0.0
227,32,100,0,0.00023283064365386963,0,0.0
228,32,100,0,0.00023283064365386963,0,0.0
229,32,100,0,0.00023283064365386963,0,0.0
230,32,100,0,0.00023283064365386963,0,0.0
231,32,100,0,0.00023283064365386963,0,0.0
232,32,100,0,0.00023283064365386963,0,0.0
233,32,100,0,0.00023283064365386963,0,0.0
234,32,100,0,0.00023283064365386963,0,0.0
235,32,100,2,0.00023283064365386963,0,0.0
236,32,100,0,0.00023283064365386963,0,0.0
237,32,100,0,0.00023283064365386963,0,0.0
238,32,100,0,0.00023283064365386963,0,0.0
239,32,100,0,0.00023283064365386963,0,0.0
240,32,100,0,0.00023283064365386963,0,0.0
241,32,100,0,0.00023283064365386963,0,0.0
242,32,100,0,0.00023283064365386963,0,0.0
243,32,100,0,0.00023283064365386963,0,0.0
244,32,100,0,0.00023283064365386963,0,0.0
245,32,100,0,0.00023283064365386963,0,0.0
246,32,100,0,0.00023283064365386963,0,0.0
247,32,100,2,0.00023283064365386963,2,0.02
248,32,100,0,0.00023283064365386963,0,0.0
249,32,100,0,0.00023283064365386963,0,0.0
250,32,100,0,0.00023283064365386963,0,0.0
251,32,100,1,0.00023283064365386963,0,0.0
252,32,100,0,0.00023283064365386963,0,0.0
253,32,100,0,0.00023283064365386963,0,0.0
254,32,100,0,0.00023283064365386963,0,0.0
255,32,100,0,0.00023283064365386963,0,0.0
256,32,100,0,0.00023283064365386963,0,0.0
257,32,100,0,0.00023283064365386963,0,0.0
258,32,100,0,0.00023283064365386963,0,0.0
259,32,100,0,0.00023283064365386963,0,0.0
260,32,100,0,0.00023283064365386963,0,0.0
261,32,100,0,0.00023283064365386963,0,0.0
262,32,100,0,0.00023283064365386963,0,0.0
263,32,100,0,0.00023283064365386963,0,0.0
264,32,100,1,0.00023283064365386963,0,0.0
265,32,100,0,0.00023283064365386963,0,0.0
266,32,100,0,0.00023283064365386963,0,0.0
267,32,100,0,0.00023283064365386963,0,0.0
268,32,100,0,0.00023283064365386963,0,0.0
269,32,100,1,0.00023283064365386963,0,0.0
270,32,100,0,0.00023283064365386963,0,0.0
271,32,100,0,0.00023283064365386963,0,0.0
272,32,100,0,0.00023283064365386963,0,0.0
273,32,100,0,0.00023283064365386963,0,0.0
274,32,100,0,0.00023283064365386963,0,0.0
275,32,100,0,0.00023283064365386963,0,0.0
276,32,100,0,0.00023283064365386963,0,0.0
277,32,100,0,0.00023283064365386963,0,0.0
278,32,100,0,0.00023283064365386963,0,0.0
279,32,100,0,0.00023283064365386963,0,0.0
280,32,100,0,0.00023283064365386963,0,0.0
281,32,100,0,0.00023283064365386963,0,0.0
282,32,100,0,0.00023283064365386963,0,0.0
283,32,100,0,0.00023283064365386963,0,0.0
284,32,100,0,0.00023283064365386963,0,0.0
285,32,100,0,0.00023283064365386963,0,0.0
286,32,100,0,0.00023283064365386963,0,0.0
287,32,100,0,0.00023283064365386963,0,0.0
288,32,100,0,0.00023283064365386963,0,0.0
289,32,100,0,0.00023283064365386963,0,0.0
290,32,100,0,0.00023283064365386963,0,0.0
291,32,100,0,0.00023283064365386963,0,0.0
292,32,100,0,0.00023283064365386963,0,0.0
293,32,100,0,0.00023283064365386963,0,0.0
294,32,100,1,0.00023283064365386963,0,0.0
295,32,100,0,0.00023283064365386963,0,0.0
296,32,100,0,0.00023283064365386963,0,0.0
297,32,100,0,0.00023283064365386963,0,0.0
298,32,100,0,0.00023283064365386963,0,0.0
299,32,100,0,0.00023283064365386963,0,0.0
300,32,100,0,0.00023283064365386963,0,0.0
301,32,100,0,0.00023283064365386963,0,0.0
302,32,100,0,0.00023283064365386963,0,0.0
303,32,100,0,0.00023283064365386963,0,0.0
304,32,100,0,0.00023283064365386963,0,0.0
305,32,100,2,0.00023283064365386963,0,0.0
306,32,100,0,0.00023283064365386963,0,0.0
307,32,100,0,0.00023283064365386963,0,0.0
308,32,100,0,0.00023283064365386963,0,0.0
309,32,100,2,0.00023283064365386963,0,0.0
310,32,100,1,0.00023283064365386963,0,0.0
311,32,100,0,0.00023283064365386963,0,0.0
312,32,100,0,0.00023283064365386963,0,0.0
313,32,100,0,0.00023283064365386963,0,0.0
314,32,100,0,0.00023283064365386963,0,0.0
315,32,100,0,0.00023283064365386963,0,0.0
316,32,100,0,0.00023283064365386963,0,0.0
317,32,100,0,0.00023283064365386963,0,0.0
318,32,100,0,0.00023283064365386963,0,0.0
319,32,100,0,0.00023283064365386963,0,0.0
320,32,100,0,0.00023283064365386963,0,0.0
321,32,100,0,0.00023283064365386963,0,0.0
322,32,100,0,0.00023283064365386963,0,0.0
323,32,100,0,0.00023283064365386963,0,0.0
324,32,100,0,0.00023283064365386963,0,0.0
325,32,100,0,0.00023283064365386963,0,0.0
326,32,100,0,0.00023283064365386963,0,0.0
327,32,100,0,0.00023283064365386963,0,0.0
328,32,100,0,0.00023283064365386963,0,0.0
329,32,100,0,0.00023283064365386963,0,0.0
330,32,100,0,0.00023283064365386963,0,0.0
331,32,100,0,0.00023283064365386963,0,0.0
332,32,100,0,0.00023283064365386963,0,0.0
333,32,100,1,0.00023283064365386963,1,0.01
334,32,100,0,0.00023283064365386963,0,0.0
335,32,100,0,0.00023283064365386963,0,0.0
336,32,100,0,0.00023283064365386963,0,0.0
337,32,100,0,0.00023283064365386963,0,0.0
338,32,100,0,0.00023283064365386963,0,0.0
339,32,100,0,0.00023283064365386963,0,0.0
340,32,100,0,0.00023283064365386963,0,0.0
341,32,100,0,0.00023283064365386963,0,0.0
342,32,100,0,0.00023283064365386963,0,0.0
343,32,100,0,0.00023283064365386963,0,0.0
344,32,100,0,0.00023283064365386963,0,0.0
345,32,100,1,0.00023283064365386963,0,0.0
346,32,100,1,0.00023283064365386963,0,0.0
347,32,100,0,0.00023283064365386963,0,0.0
348,32,100,0,0.00023283064365386963,0,0.0
349,32,100,0,0.00023283064365386963,0,0.0
350,32,100,0,0.00023283064365386963,0,0.0
351,32,100,0,0.00023283064365386963,0,0.0
352,32,100,0,0.00023283064365386963,0,0.0
353,32,100,0,0.00023283064365386963,0,0.0
354,32,100,0,0.00023283064365386963,0,0.0
355,32,100,0,0.00023283064365386963,0,0.0
356,32,100,3,0.00023283064365386963,0,0.0
357,32,100,0,0.00023283064365386963,0,0.0
358,32,100,0,0.00023283064365386963,0,0.0
359,32,100,1,0.00023283064365386963,0,0.0
360,32,100,0,0.00023283064365386963,0,0.0
361,32,100,0,0.00023283064365386963,0,0.0
362,32,100,1,0.00023283064365386963,0,0.0
363,32,100,1,0.00023283064365386963,1,0.01
364,32,100,0,0.00023283064365386963,0,0.0
365,32,100,0,0.00023283064365386963,0,0.0
366,32,100,0,0.00023283064365386963,0,0.0
367,32,100,0,0.00023283064365386963,0,0.0
368,32,100,0,0.00023283064365386963,0,0.0
369,32,100,0,0.00023283064365386963,0,0.0
370,32,100,0,0.00023283064365386963,0,0.0
371,32,100,0,0.00023283064365386963,0,0.0
372,32,100,0,0.00023283064365386963,0,0.0
373,32,100,0,0.00023283064365386963,0,0.0
374,32,100,0,0.00023283064365386963,0,0.0
375,32,100,1,0.00023283064365386963,0,0.0
376,32,100,0,0.00023283064365386963,0,0.0
377,32,100,0,0.00023283064365386963,0,0.0
378,32,100,0,0.00023283064365386963,0,0.0
379,32,100,0,0.00023283064365386963,0,0.0
380,32,100,0,0.00023283064365386963,0,0.0
381,32,100,0,0.00023283064365386963,0,0.0
382,32,100,0,0.00023283064365386963,0,0.0
383,32,100,0,0.00023283064365386963,0,0.0
384,32,100,2,0.00023283064365386963,0,0.0
385,32,100,0,0.00023283064365386963,0,0.0
386,32,100,1,0.00023283064365386963,0,0.0
387,32,100,0,0.00023283064365386963,0,0.0
388,32,100,0,0.00023283064365386963,0,0.0
389,32,100,0,0.00023283064365386963,0,0.0
390,32,100,0,0.00023283064365386963,0,0.0
391,32,100,0,0.00023283064365386963,0,0.0
392,32,100,0,0.00023283064365386963,0,0.0
393,32,100,0,0.00023283064365386963,0,0.0
394,32,100,1,0.00023283064365386963,1,0.01
395,32,100,0,0.00023283064365386963,0,0.0
396,32,100,0,0.00023283064365386963,0,0.0
397,32,100,1,0.00023283064365386963,0,0.0
398,32,100,0,0.00023283064365386963,0,0.0
399,32,100,0,0.00023283064365386963,0,0.0
400,32,100,0,0.00023283064365386963,0,0.0
401,32,100,0,0.00023283064365386963,0,0.0
402,32,100,0,0.00023283064365386963,0,0.0
403,32,100,0,0.00023283064365386963,0,0.0
404,32,100,0,0.00023283064365386963,0,0.0
405,32,100,0,0.00023283064365386963,0,0.0
406,32,100,0,0.00023283064365386963,0,0.0
407,32,100,0,0.00023283064365386963,0,0.0
408,32,100,0,0.00023283064365386963,0,0.0
409,32,100,1,0.00023283064365386963,0,0.0
410,32,100,0,0.00023283064365386963,0,0.0
411,32,100,0,0.00023283064365386963,0,0.0
412,32,100,0,0.00023283064365386963,0,0.0
413,32,100,0,0.00023283064365386963,0,0.0
414,32,100,0,0.00023283064365386963,0,0.0
415,32,100,0,0.00023283064365386963,0,0.0
416,32,100,0,0.00023283064365386963,0,0.0
417,32,100,0,0.00023283064365386963,0,0.0
418,32,100,0,0.00023283064365386963,0,0.0
419,32,100,0,0.00023283064365386963,0,0.0
420,32,100,0,0.00023283064365386963,0,0.0
421,32,100,0,0.00023283064365386963,0,0.0
422,32,100,0,0.00023283064365386963,0,0.0
423,32,100,1,0.00023283064365386963,0,0.0
424,32,100,0,0.00023283064365386963,0,0.0
425,32,100,0,0.00023283064365386963,0,0.0
426,32,100,0,0.00023283064365386963,0,0.0
427,32,100,0,0.00023283064365386963,0,0.0
428,32,100,0,0.00023283064365386963,0,0.0
429,32,100,0,0.00023283064365386963,0,0.0
430,32,100,0,0.00023283064365386963,0,0.0
431,32,100,1,0.00023283064365386963,1,0.01
432,32,100,0,0.00023283064365386963,0,0.0
433,32,100,0,0.00023283064365386963,0,0.0
434,32,100,0,0.00023283064365386963,0,0.0
435,32,100,0,0.00023283064365386963,0,0.0
436,32,100,0,0.00023283064365386963,0,0.0
437,32,100,0,0.00023283064365386963,0,0.0
438,32,100,0,0.00023283064365386963,0,0.0
439,32,100,0,0.00023283064365386963,0,0.0
440,32,100,0,0.00023283064365386963,0,0.0
441,32,100,0,0.00023283064365386963,0,0.0
442,32,100,0,0.00023283064365386963,0,0.0
443,32,100,0,0.00023283064365386963,0,0.0
444,32,100,0,0.00023283064365386963,0,0.0
445,32,100,0,0.00023283064365386963,0,0.0
446,32,100,0,0.00023283064365386963,0,0.0
447,32,100,0,0.00023283064365386963,0,0.0
448,32,100,0,0.00023283064365386963,0,0.0
449,32,100,0,0.00023283064365386963,0,0.0
450,32,100,0,0.00023283064365386963,0,0.0
451,32,100,0,0.00023283064365386963,0,0.0
452,32,100,0,0.00023283064365386963,0,0.0
453,32,100,0,0.00023283064365386963,0,0.0
454,32,100,0,0.00023283064365386963,0,0.0
455,32,100,0,0.00023283064365386963,0,0.0
456,32,100,0,0.00023283064365386963,0,0.0
457,32,100,0,0.00023283064365386963,0,0.0
458,32,100,0,0.00023283064365386963,0,0.0
459,32,100,0,0.00023283064365386963,0,0.0
460,32,100,0,0.00023283064365386963,0,0.0
461,32,100,0,0.00023283064365386963,0,0.0
462,32,100,0,0.00023283064365386963,0,0.0
463,32,100,2,0.00023283064365386963,0,0.0
464,32,100,0,0.00023283064365386963,0,0.0
465,32,100,0,0.00023283064365386963,0,0.0
466,32,100,1,0.00023283064365386963,0,0.0
467,32,100,0,0.00023283064365386963,0,0.0
468,32,100,0,0.00023283064365386963,0,0.0
469,32,100,0,0.00023283064365386963,0,0.0
470,32,100,0,0.00023283064365386963,0,0.0
471,32,100,0,0.00023283064365386963,0,0.0
472,32,100,0,0.00023283064365386963,0,0.0
473,32,100,0,0.00023283064365386963,0,0.0
474,32,100,18,0.00023283064365386963,0,0.0
475,32,100,0,0.00023283064365386963,0,0.0
476,32,100,0,0.00023283064365386963,0,0.0
477,32,100,0,0.00023283064365386963,0,0.0
478,32,100,0,0.00023283064365386963,0,0.0
479,32,100,0,0.00023283064365386963,0,0.0
480,32,100,0,0.00023283064365386963,0,0.0
481,32,100,0,0.00023283064365386963,0,0.0
482,32,100,0,0.00023283064365386963,0,0.0
483,32,100,0,0.00023283064365386963,0,0.0
484,32,100,0,0.00023283064365386963,0,0.0
485,32,100,0,0.00023283064365386963,0,0.0
486,32,100,0,0.00023283064365386963,0,0.0
487,32,100,1,0.00023283064365386963,1,0.01
488,32,100,0,0.00023283064365386963,0,0.0
489,32,100,0,0.00023283064365386963,0,0.0
490,32,100,0,0.00023283064365386963,0,0.0
491,32,100,0,0.00023283064365386963,0,0.0
492,32,100,0,0.00023283064365386963,0,0.0
493,32,100,0,0.00023283064365386963,0,0.0
494,32,100,0,0.00023283064365386963,0,0.0
495,32,100,0,0.00023283064365386963,0,0.0
496,32,100,0,0.00023283064365386963,0,0.0
497,32,100,0,0.00023283064365386963,0,0.0
498,32,100,0,0.00023283064365386963,0,0.0
499,32,100,0,0.00023283064365386963,0,0.0
500,32,100,0,0.00023283064365386963,0,0.0
501,32,100,0,0.00023283064365386963,0,0.0
502,32,100,0,0.00023283064365386963,0,0.0
503,32,100,0,0.00023283064365386963,0,0.0
504,32,100,0,0.00023283064365386963,0,0.0
505,32,100,0,0.00023283064365386963,0,0.0
506,32,100,0,0.00023283064365386963,0,0.0
507,32,100,0,0.00023283064365386963,0,0.0
508,32,100,0,0.00023283064365386963,0,0.0
509,32,100,0,0.00023283064365386963,0,0.0
510,32,100,1,0.00023283064365386963,0,0.0
511,32,100,0,0.00023283064365386963,0,0.0
512,32,100,0,0.00023283064365386963,0,0.0
513,32,100,0,0.00023283064365386963,0,0.0
514,32,100,0,0.00023283064365386963,0,0.0
515,32,100,0,0.00023283064365386963,0,0.0
516,32,100,0,0.00023283064365386963,0,0.0
517,32,100,0,0.00023283064365386963,0,0.0
518,32,100,0,0.00023283064365386963,0,0.0
519,32,100,0,0.00023283064365386963,0,0.0
520,32,100,0,0.00023283064365386963,0,0.0
521,32,100,0,0.00023283064365386963,0,0.0
522,32,100,0,0.00023283064365386963,0,0.0
523,32,100,0,0.00023283064365386963,0,0.0
524,32,100,1,0.00023283064365386963,0,0.0
525,32,100,0,0.00023283064365386963,0,0.0
526,32,100,0,0.00023283064365386963,0,0.0
527,32,100,0,0.00023283064365386963,0,0.0
528,32,100,0,0.00023283064365386963,0,0.0
529,32,100,0,0.00023283064365386963,0,0.0
530,32,100,0,0.00023283064365386963,0,0.0
531,32,100,3,0.00023283064365386963,0,0.0
532,32,100,11,0.00023283064365386963,0,0.0
533,32,100,0,0.00023283064365386963,0,0.0
534,32,100,0,0.00023283064365386963,0,0.0
535,32,100,0,0.00023283064365386963,0,0.0
536,32,100,0,0.00023283064365386963,0,0.0
537,32,100,0,0.00023283064365386963,0,0.0
538,32,100,0,0.00023283064365386963,0,0.0
539,32,100,0,0.00023283064365386963,0,0.0
540,32,100,0,0.00023283064365386963,0,0.0
541,32,100,0,0.00023283064365386963,0,0.0
542,32,100,1,0.00023283064365386963,0,0.0
543,32,100,0,0.00023283064365386963,0,0.0
544,32,100,0,0.00023283064365386963,0,0.0
545,32,100,0,0.00023283064365386963,0,0.0
546,32,100,0,0.00023283064365386963,0,0.0
547,32,100,0,0.00023283064365386963,0,0.0
548,32,100,0,0.00023283064365386963,0,0.0
549,32,100,0,0.00023283064365386963,0,0.0
550,32,100,0,0.00023283064365386963,0,0.0
551,32,100,0,0.00023283064365386963,0,0.0
552,32,100,0,0.00023283064365386963,0,0.0
553,32,100,0,0.00023283064365386963,0,0.0
554,32,100,0,0.00023283064365386963,0,0.0
555,32,100,0,0.00023283064365386963,0,0.0
556,32,100,0,0.00023283064365386963,0,0.0
557,32,100,1,0.00023283064365386963,0,0.0
558,32,100,0,0.00023283064365386963,0,0.0
559,32,100,0,0.00023283064365386963,0,0.0
560,32,100,0,0.00023283064365386963,0,0.0
561,32,100,0,0.00023283064365386963,0,0.0
562,32,100,0,0.00023283064365386963,0,0.0
563,32,100,0,0.00023283064365386963,0,0.0
564,32,100,0,0.00023283064365386963,0,0.0
565,32,100,0,0.00023283064365386963,0,0.0
566,32,100,0,0.00023283064365386963,0,0.0
567,32,100,0,0.00023283064365386963,0,0.0
568,32,100,0,0.00023283064365386963,0,0.0
569,32,100,0,0.00023283064365386963,0,0.0
570,32,100,0,0.00023283064365386963,0,0.0
571,32,100,0,0.00023283064365386963,0,0.0
572,32,100,0,0.00023283064365386963,0,0.0
573,32,100,0,0.00023283064365386963,0,0.0
574,32,100,0,0.00023283064365386963,0,0.0
575,32,100,0,0.00023283064365386963,0,0.0
576,32,100,0,0.00023283064365386963,0,0.0
577,32,100,0,0.00023283064365386963,0,0.0
578,32,100,0,0.00023283064365386963,0,0.0
579,32,100,0,0.00023283064365386963,0,0.0
580,32,100,0,0.00023283064365386963,0,0.0
581,32,100,0,0.00023283064365386963,0,0.0
582,32,100,4,0.00023283064365386963,0,0.0
583,32,100,0,0.00023283064365386963,0,0.0
584,32,100,0,0.00023283064365386963,0,0.0
585,32,100,0,0.00023283064365386963,0,0.0
586,32,100,0,0.00023283064365386963,0,0.0
587,32,100,0,0.00023283064365386963,0,0.0
588,32,100,0,0.00023283064365386963,0,0.0
589,32,100,0,0.00023283064365386963,0,0.0
590,32,100,0,0.00023283064365386963,0,0.0
591,32,100,0,0.00023283064365386963,0,0.0
592,32,100,0,0.00023283064365386963,0,0.0
593,32,100,0,0.00023283064365386963,0,0.0
594,32,100,0,0.00023283064365386963,0,0.0
595,32,100,0,0.00023283064365386963,0,0.0
596,32,100,0,0.00023283064365386963,0,0.0
597,32,100,0,0.00023283064365386963,0,0.0
598,32,100,0,0.00023283064365386963,0,0.0
599,32,100,0,0.00023283064365386963,0,0.0
600,32,100,0,0.00023283064365386963,0,0.0
601,32,100,0,0.00023283064365386963,0,0.0
602,32,100,0,0.00023283064365386963,0,0.0
603,32,100,1,0.00023283064365386963,0,0.0
604,32,100,0,0.00023283064365386963,0,0.0
605,32,100,0,0.00023283064365386963,0,0.0
606,32,100,0,0.00023283064365386963,0,0.0
607,32,100,0,0.00023283064365386963,0,0.0
608,32,100,0,0.00023283064365386963,0,0.0
609,32,100,0,0.00023283064365386963,0,0.0
610,32,100,0,0.00023283064365386963,0,0.0
611,32,100,0,0.00023283064365386963,0,0.0
612,32,100,0,0.00023283064365386963,0,0.0
613,32,100,0,0.00023283064365386963,0,0.0
614,32,100,0,0.00023283064365386963,0,0.0
615,32,100,0,0.00023283064365386963,0,0.0
616,32,100,0,0.00023283064365386963,0,0.0
617,32,100,0,0.00023283064365386963,0,0.0
618,32,100,0,0.00023283064365386963,0,0.0
619,32,100,0,0.00023283064365386963,0,0.0
620,32,100,0,0.00023283064365386963,0,0.0
621,32,100,0,0.00023283064365386963,0,0.0
622,32,100,0,0.00023283064365386963,0,0.0
623,32,100,0,0.00023283064365386963,0,0.0
624,32,100,0,0.00023283064365386963,0,0.0
625,32,100,0,0.00023283064365386963,0,0.0
626,32,100,0,0.00023283064365386963,0,0.0
627,32,100,1,0.00023283064365386963,0,0.0
628,32,100,1,0.00023283064365386963,0,0.0
629,32,100,1,0.00023283064365386963,1,0.01
630,32,100,0,0.00023283064365386963,0,0.0
631,32,100,0,0.00023283064365386963,0,0.0
632,32,100,0,0.00023283064365386963,0,0.0
633,32,100,0,0.00023283064365386963,0,0.0
634,32,100,0,0.00023283064365386963,0,0.0
635,32,100,0,0.00023283064365386963,0,0.0
636,32,100,0,0.00023283064365386963,0,0.0
637,32,100,0,0.00023283064365386963,0,0.0
638,32,100,0,0.00023283064365386963,0,0.0
639,32,100,0,0.00023283064365386963,0,0.0
640,32,100,0,0.00023283064365386963,0,0.0
641,32,100,0,0.00023283064365386963,0,0.0
642,32,100,0,0.00023283064365386963,0,0.0
643,32,100,0,0.00023283064365386963,0,0.0
644,32,100,0,0.00023283064365386963,0,0.0
645,32,100,0,0.00023283064365386963,0,0.0
646,32,100,0,0.00023283064365386963,0,0.0
647,32,100,0,0.00023283064365386963,0,0.0
648,32,100,0,0.00023283064365386963,0,0.0
649,32,100,0,0.00023283064365386963,0,0.0
650,32,100,0,0.00023283064365386963,0,0.0
651,32,100,0,0.00023283064365386963,0,0.0
652,32,100,0,0.00023283064365386963,0,0.0
653,32,100,0,0.00023283064365386963,0,0.0
654,32,100,1,0.00023283064365386963,0,0.0
655,32,100,0,0.00023283064365386963,0,0.0
656,32,100,0,0.00023283064365386963,0,0.0
657,32,100,0,0.00023283064365386963,0,0.0
658,32,100,0,0.00023283064365386963,0,0.0
659,32,100,0,0.00023283064365386963,0,0.0
660,32,100,0,0.00023283064365386963,0,0.0
661,32,100,0,0.00023283064365386963,0,0.0
662,32,100,0,0.00023283064365386963,0,0.0
663,32,100,0,0.00023283064365386963,0,0.0
664,32,100,0,0.00023283064365386963,0,0.0
665,32,100,0,0.00023283064365386963,0,0.0
666,32,100,0,0.00023283064365386963,0,0.0
667,32,100,0,0.00023283064365386963,0,0.0
668,32,100,4,0.00023283064365386963,0,0.0
669,32,100,0,0.00023283064365386963,0,0.0
670,32,100,0,0.00023283064365386963,0,0.0
671,32,100,0,0.00023283064365386963,0,0.0
672,32,100,0,0.00023283064365386963,0,0.0
673,32,100,0,0.00023283064365386963,0,0.0
674,32,100,0,0.00023283064365386963,0,0.0
675,32,100,0,0.00023283064365386963,0,0.0
676,32,100,0,0.00023283064365386963,0,0.0
677,32,100,0,0.00023283064365386963,0,0.0
678,32,100,0,0.00023283064365386963,0,0.0
679,32,100,0,0.00023283064365386963,0,0.0
680,32,100,0,0.00023283064365386963,0,0.0
681,32,100,0,0.00023283064365386963,0,0.0
682,32,100,0,0.00023283064365386963,0,0.0
683,32,100,1,0.00023283064365386963,0,0.0
684,32,100,0,0.00023283064365386963,0,0.0
685,32,100,0,0.00023283064365386963,0,0.0
686,32,100,0,0.00023283064365386963,0,0.0
687,32,100,0,0.00023283064365386963,0,0.0
688,32,100,0,0.00023283064365386963,0,0.0
689,32,100,0,0.00023283064365386963,0,0.0
690,32,100,0,0.00023283064365386963,0,0.0
691,32,100,0,0.00023283064365386963,0,0.0
692,32,100,0,0.00023283064365386963,0,0.0
693,32,100,0,0.00023283064365386963,0,0.0
694,32,100,0,0.00023283064365386963,0,0.0
695,32,100,0,0.00023283064365386963,0,0.0
696,32,100,0,0.00023283064365386963,0,0.0
697,32,100,0,0.00023283064365386963,0,0.0
698,32,100,0,0.00023283064365386963,0,0.0
699,32,100,0,0.00023283064365386963,0,0.0
700,32,100,0,0.00023283064365386963,0,0.0
701,32,100,0,0.00023283064365386963,0,0.0
702,32,100,13,0.00023283064365386963,0,0.0
703,32,100,0,0.00023283064365386963,0,0.0
704,32,100,0,0.00023283064365386963,0,0.0
705,32,100,0,0.00023283064365386963,0,0.0
706,32,100,0,0.00023283064365386963,0,0.0
707,32,100,0,0.00023283064365386963,0,0.0
708,32,100,1,0.00023283064365386963,0,0.0
709,32,100,0,0.00023283064365386963,0,0.0
710,32,100,0,0.00023283064365386963,0,0.0
711,32,100,0,0.00023283064365386963,0,0.0
712,32,100,0,0.00023283064365386963,0,0.0
713,32,100,0,0.00023283064365386963,0,0.0
714,32,100,0,0.00023283064365386963,0,0.0
715,32,100,0,0.00023283064365386963,0,0.0
716,32,100,0,0.00023283064365386963,0,0.0
717,32,100,0,0.00023283064365386963,0,0.0
718,32,100,0,0.00023283064365386963,0,0.0
719,32,100,0,0.00023283064365386963,0,0.0
720,32,100,0,0.00023283064365386963,0,0.0
721,32,100,0,0.00023283064365386963,0,0.0
722,32,100,0,0.00023283064365386963,0,0.0
723,32,100,0,0.00023283064365386963,0,0.0
724,32,100,0,0.00023283064365386963,0,0.0
725,32,100,0,0.00023283064365386963,0,0.0
726,32,100,0,0.00023283064365386963,0,0.0
727,32,100,0,0.00023283064365386963,0,0.0
728,32,100,0,0.00023283064365386963,0,0.0
729,32,100,1,0.00023283064365386963,0,0.0
730,32,100,0,0.00023283064365386963,0,0.0
731,32,100,0,0.00023283064365386963,0,0.0
732,32,100,0,0.00023283064365386963,0,0.0
733,32,100,0,0.00023283064365386963,0,0.0
734,32,100,0,0.00023283064365386963,0,0.0
735,32,100,0,0.00023283064365386963,0,0.0
736,32,100,0,0.00023283064365386963,0,0.0
737,32,100,0,0.00023283064365386963,0,0.0
738,32,100,0,0.00023283064365386963,0,0.0
739,32,100,0,0.00023283064365386963,0,0.0
740,32,100,0,0.00023283064365386963,0,0.0
741,32,100,0,0.00023283064365386963,0,0.0
742,32,100,0,0.00023283064365386963,0,0.0
743,32,100,0,0.00023283064365386963,0,0.0
744,32,100,0,0.00023283064365386963,0,0.0
745,32,100,0,0.00023283064365386963,0,0.0
746,32,100,2,0.00023283064365386963,0,0.0
747,32,100,0,0.00023283064365386963,0,0.0
748,32,100,0,0.00023283064365386963,0,0.0
749,32,100,0,0.00023283064365386963,0,0.0
750,32,100,0,0.00023283064365386963,0,0.0
751,32,100,0,0.00023283064365386963,0,0.0
752,32,100,0,0.00023283064365386963,0,0.0
753,32,100,0,0.00023283064365386963,0,0.0
754,32,100,0,0.00023283064365386963,0,0.0
755,32,100,0,0.00023283064365386963,0,0.0
756,32,100,1,0.00023283064365386963,0,0.0
757,32,100,0,0.00023283064365386963,0,0.0
758,32,100,0,0.00023283064365386963,0,0.0
759,32,100,0,0.00023283064365386963,0,0.0
760,32,100,0,0.00023283064365386963,0,0.0
761,32,100,0,0.00023283064365386963,0,0.0
762,32,100,1,0.00023283064365386963,1,0.01
763,32,100,0,0.00023283064365386963,0,0.0
764,32,100,0,0.00023283064365386963,0,0.0
765,32,100,0,0.00023283064365386963,0,0.0
766,32,100,0,0.00023283064365386963,0,0.0
767,32,100,0,0.00023283064365386963,0,0.0
768,32,100,0,0.00023283064365386963,0,0.0
769,32,100,0,0.00023283064365386963,0,0.0
770,32,100,0,0.00023283064365386963,0,0.0
771,32,100,0,0.00023283064365386963,0,0.0
772,32,100,0,0.00023283064365386963,0,0.0
773,32,100,0,0.00023283064365386963,0,0.0
774,32,100,0,0.00023283064365386963,0,0.0
775,32,100,0,0.00023283064365386963,0,0.0
776,32,100,0,0.00023283064365386963,0,0.0
777,32,100,0,0.00023283064365386963,0,0.0
778,32,100,0,0.00023283064365386963,0,0.0
779,32,100,0,0.00023283064365386963,0,0.0
780,32,100,0,0.00023283064365386963,0,0.0
781,32,100,1,0.00023283064365386963,0,0.0
782,32,100,0,0.00023283064365386963,0,0.0
783,32,100,0,0.00023283064365386963,0,0.0
784,32,100,0,0.00023283064365386963,0,0.0
785,32,100,0,0.00023283064365386963,0,0.0
786,32,100,0,0.00023283064365386963,0,0.0
787,32,100,0,0.00023283064365386963,0,0.0
788,32,100,0,0.00023283064365386963,0,0.0
789,32,100,0,0.00023283064365386963,0,0.0
790,32,100,0,0.00023283064365386963,0,0.0
791,32,100,0,0.00023283064365386963,0,0.0
792,32,100,0,0.00023283064365386963,0,0.0
793,32,100,1,0.00023283064365386963,0,0.0
794,32,100,0,0.00023283064365386963,0,0.0
795,32,100,0,0.00023283064365386963,0,0.0
796,32,100,0,0.00023283064365386963,0,0.0
797,32,100,0,0.00023283064365386963,0,0.0
798,32,100,0,0.00023283064365386963,0,0.0
799,32,100,0,0.00023283064365386963,0,0.0
800,32,100,0,0.00023283064365386963,0,0.0
801,32,100,0,0.00023283064365386963,0,0.0
802,32,100,0,0.00023283064365386963,0,0.0
803,32,100,0,0.00023283064365386963,0,0.0
804,32,100,0,0.00023283064365386963,0,0.0
805,32,100,1,0.00023283064365386963,0,0.0
806,32,100,0,0.00023283064365386963,0,0.0
807,32,100,0,0.00023283064365386963,0,0.0
808,32,100,0,0.00023283064365386963,0,0.0
809,32,100,2,0.00023283064365386963,0,0.0
810,32,100,0,0.00023283064365386963,0,0.0
811,32,100,0,0.00023283064365386963,0,0.0
812,32,100,0,0.00023283064365386963,0,0.0
813,32,100,0,0.00023283064365386963,0,0.0
814,32,100,0,0.00023283064365386963,0,0.0
815,32,100,0,0.00023283064365386963,0,0.0
816,32,100,1,0.00023283064365386963,0,0.0
817,32,100,0,0.00023283064365386963,0,0.0
818,32,100,0,0.00023283064365386963,0,0.0
819,32,100,1,0.00023283064365386963,0,0.0
820,32,100,0,0.00023283064365386963,0,0.0
821,32,100,0,0.00023283064365386963,0,0.0
822,32,100,0,0.00023283064365386963,0,0.0
823,32,100,0,0.00023283064365386963,0,0.0
824,32,100,0,0.00023283064365386963,0,0.0
825,32,100,0,0.00023283064365386963,0,0.0
826,32,100,0,0.00023283064365386963,0,0.0
827,32,100,1,0.00023283064365386963,0,0.0
828,32,100,0,0.00023283064365386963,0,0.0
829,32,100,0,0.00023283064365386963,0,0.0
830,32,100,1,0.00023283064365386963,0,0.0
831,32,100,0,0.00023283064365386963,0,0.0
832,32,100,0,0.00023283064365386963,0,0.0
833,32,100,0,0.00023283064365386963,0,0.0
834,32,100,1,0.00023283064365386963,0,0.0
835,32,100,0,0.00023283064365386963,0,0.0
836,32,100,0,0.00023283064365386963,0,0.0
837,32,100,0,0.00023283064365386963,0,0.0
838,32,100,0,0.00023283064365386963,0,0.0
839,32,100,2,0.00023283064365386963,0,0.0
840,32,100,0,0.00023283064365386963,0,0.0
841,32,100,0,0.00023283064365386963,0,0.0
842,32,100,1,0.00023283064365386963,0,0.0
843,32,100,0,0.00023283064365386963,0,0.0
844,32,100,0,0.00023283064365386963,0,0.0
845,32,100,0,0.00023283064365386963,0,0.0
846,32,100,0,0.00023283064365386963,0,0.0
847,32,100,0,0.00023283064365386963,0,0.0
848,32,100,0,0.00023283064365386963,0,0.0
849,32,100,0,0.00023283064365386963,0,0.0
850,32,100,0,0.00023283064365386963,0,0.0
851,32,100,2,0.00023283064365386963,0,0.0
852,32,100,0,0.00023283064365386963,0,0.0
853,32,100,0,0.00023283064365386963,0,0.0
854,32,100,0,0.00023283064365386963,0,0.0
855,32,100,1,0.00023283064365386963,0,0.0
856,32,100,0,0.00023283064365386963,0,0.0
857,32,100,0,0.00023283064365386963,0,0.0
858,32,100,3,0.00023283064365386963,0,0.0
859,32,100,0,0.00023283064365386963,0,0.0
860,32,100,0,0.00023283064365386963,0,0.0
861,32,100,0,0.00023283064365386963,0,0.0
862,32,100,0,0.00023283064365386963,0,0.0
863,32,100,0,0.00023283064365386963,0,0.0
864,32,100,0,0.00023283064365386963,0,0.0
865,32,100,2,0.00023283064365386963,0,0.0
866,32,100,0,0.00023283064365386963,0,0.0
867,32,100,0,0.00023283064365386963,0,0.0
868,32,100,0,0.00023283064365386963,0,0.0
869,32,100,1,0.00023283064365386963,0,0.0
870,32,100,0,0.00023283064365386963,0,0.0
871,32,100,0,0.00023283064365386963,0,0.0
872,32,100,0,0.00023283064365386963,0,0.0
873,32,100,0,0.00023283064365386963,0,0.0
874,32,100,0,0.00023283064365386963,0,0.0
875,32,100,1,0.00023283064365386963,0,0.0
876,32,100,0,0.00023283064365386963,0,0.0
877,32,100,0,0.00023283064365386963,0,0.0
878,32,100,0,0.00023283064365386963,0,0.0
879,32,100,0,0.00023283064365386963,0,0.0
880,32,100,0,0.00023283064365386963,0,0.0
881,32,100,0,0.00023283064365386963,0,0.0
882,32,100,0,0.00023283064365386963,0,0.0
883,32,100,0,0.00023283064365386963,0,0.0
884,32,100,0,0.00023283064365386963,0,0.0
885,32,100,0,0.00023283064365386963,0,0.0
886,32,100,0,0.00023283064365386963,0,0.0
887,32,100,0,0.00023283064365386963,0,0.0
888,32,100,0,0.00023283064365386963,0,0.0
889,32,100,0,0.00023283064365386963,0,0.0
890,32,100,0,0.00023283064365386963,0,0.0
891,32,100,1,0.00023283064365386963,0,0.0
892,32,100,0,0.00023283064365386963,0,0.0
893,32,100,0,0.00023283064365386963,0,0.0
894,32,100,0,0.00023283064365386963,0,0.0
895,32,100,0,0.00023283064365386963,0,0.0
896,32,100,0,0.00023283064365386963,0,0.0
897,32,100,0,0.00023283064365386963,0,0.0
898,32,100,0,0.00023283064365386963,0,0.0
899,32,100,0,0.00023283064365386963,0,0.0
900,32,100,0,0.00023283064365386963,0,0.0
901,32,100,0,0.00023283064365386963,0,0.0
902,32,100,0,0.00023283064365386963,0,0.0
903,32,100,0,0.00023283064365386963,0,0.0
904,32,100,0,0.00023283064365386963,0,0.0
905,32,100,0,0.00023283064365386963,0,0.0
906,32,100,0,0.00023283064365386963,0,0.0
907,32,100,0,0.00023283064365386963,0,0.0
908,32,100,0,0.00023283064365386963,0,0.0
909,32,100,0,0.00023283064365386963,0,0.0
910,32,100,0,0.00023283064365386963,0,0.0
911,32,100,0,0.00023283064365386963,0,0.0
912,32,100,0,0.00023283064365386963,0,0.0
913,32,100,0,0.00023283064365386963,0,0.0
914,32,100,0,0.00023283064365386963,0,0.0
915,32,100,1,0.00023283064365386963,0,0.0
916,32,100,0,0.00023283064365386963,0,0.0
917,32,100,0,0.00023283064365386963,0,0.0
918,32,100,0,0.00023283064365386963,0,0.0
919,32,100,0,0.00023283064365386963,0,0.0
920,32,100,0,0.00023283064365386963,0,0.0
921,32,100,0,0.00023283064365386963,0,0.0
922,32,100,0,0.00023283064365386963,0,0.0
923,32,100,0,0.00023283064365386963,0,0.0
924,32,100,0,0.00023283064365386963,0,0.0
925,32,100,0,0.00023283064365386963,0,0.0
926,32,100,1,0.00023283064365386963,0,0.0
927,32,100,0,0.00023283064365386963,0,0.0
928,32,100,1,0.00023283064365386963,0,0.0
929,32,100,0,0.00023283064365386963,0,0.0
930,32,100,0,0.00023283064365386963,0,0.0
931,32,100,0,0.00023283064365386963,0,0.0
932,32,100,0,0.00023283064365386963,0,0.0
933,32,100,0,0.00023283064365386963,0,0.0
934,32,100,0,0.00023283064365386963,0,0.0
935,32,100,0,0.00023283064365386963,0,0.0
936,32,100,0,0.00023283064365386963,0,0.0
937,32,100,0,0.00023283064365386963,0,0.0
938,32,100,0,0.00023283064365386963,0,0.0
939,32,100,0,0.00023283064365386963,0,0.0
940,32,100,0,0.00023283064365386963,0,0.0
941,32,100,0,0.00023283064365386963,0,0.0
942,32,100,0,0.00023283064365386963,0,0.0
943,32,100,0,0.00023283064365386963,0,0.0
944,32,100,0,0.00023283064365386963,0,0.0
945,32,100,0,0.00023283064365386963,0,0.0
946,32,100,0,0.00023283064365386963,0,0.0
947,32,100,0,0.00023283064365386963,0,0.0
948,32,100,0,0.00023283064365386963,0,0.0
949,32,100,0,0.00023283064365386963,0,0.0
950,32,100,0,0.00023283064365386963,0,0.0
951,32,100,0,0.00023283064365386963,0,0.0
952,32,100,0,0.00023283064365386963,0,0.0
953,32,100,0,0.00023283064365386963,0,0.0
954,32,100,0,0.00023283064365386963,0,0.0
955,32,100,0,0.00023283064365386963,0,0.0
956,32,100,0,0.00023283064365386963,0,0.0
957,32,100,0,0.00023283064365386963,0,0.0
958,32,100,0,0.00023283064365386963,0,0.0
959,32,100,0,0.00023283064365386963,0,0.0
960,32,100,0,0.00023283064365386963,0,0.0
961,32,100,0,0.00023283064365386963,0,0.0
962,32,100,0,0.00023283064365386963,0,0.0
963,32,100,0,0.00023283064365386963,0,0.0
964,32,100,0,0.00023283064365386963,0,0.0
965,32,100,1,0.00023283064365386963,0,0.0
966,32,100,0,0.00023283064365386963,0,0.0
967,32,100,0,0.00023283064365386963,0,0.0
968,32,100,0,0.00023283064365386963,0,0.0
969,32,100,0,0.00023283064365386963,0,0.0
970,32,100,0,0.00023283064365386963,0,0.0
971,32,100,0,0.00023283064365386963,0,0.0
972,32,100,0,0.00023283064365386963,0,0.0
973,32,100,0,0.00023283064365386963,0,0.0
974,32,100,0,0.00023283064365386963,0,0.0
975,32,100,0,0.00023283064365386963,0,0.0
976,32,100,0,0.00023283064365386963,0,0.0
977,32,100,0,0.00023283064365386963,0,0.0
978,32,100,0,0.00023283064365386963,0,0.0
979,32,100,0,0.00023283064365386963,0,0.0
980,32,100,0,0.00023283064365386963,0,0.0
981,32,100,0,0.00023283064365386963,0,0.0
982,32,100,0,0.00023283064365386963,0,0.0
983,32,100,2,0.00023283064365386963,0,0.0
984,32,100,0,0.00023283064365386963,0,0.0
985,32,100,0,0.00023283064365386963,0,0.0
986,32,100,0,0.00023283064365386963,0,0.0
987,32,100,0,0.00023283064365386963,0,0.0
988,32,100,0,0.00023283064365386963,0,0.0
989,32,100,0,0.00023283064365386963,0,0.0
990,32,100,0,0.00023283064365386963,0,0.0
991,32,100,0,0.00023283064365386963,0,0.0
992,32,100,0,0.00023283064365386963,0,0.0
993,32,100,0,0.00023283064365386963,0,0.0
994,32,100,0,0.00023283064365386963,0,0.0
995,32,100,0,0.00023283064365386963,0,0.0
996,32,100,0,0.00023283064365386963,0,0.0
997,32,100,0,0.00023283064365386963,0,0.0
998,32,100,0,0.00023283064365386963,0,0.0
999,32,100,0,0.00023283064365386963,0,0.0
