method,clusters,router,setting_id,top_k,probes,repetitions,measurements,complete_processes,complete,qualified,recall,p50_ms,p95_ms,total_query_ms,process_p50_median_ms,process_p50_min_ms,process_p50_max_ms,logical_index_bytes,lifetime_peak_bytes,mean_documents_scored,mean_nodes,mean_bitplane_words,mean_leaf_words,mean_prefix_levels,mean_prefix_lookups,mean_final_depth,start_depth,candidate_target,leaf_size,node_budget,exploration,seed
scan,64,/Users/vinroger/DATA/STUDY/latihan/about/exa-interview/e2e-inverted-bitplane-project/data/prefix-study-2026-09-13/pools/nomic-msmarco-d256/routers/ivf-64-seed42,main-s00039,10,16,1,1000,1,True,True,0.9533,9.92322950014568,11.52591219961323,9892.090441007895,9.92322950014568,9.92322950014568,9.92322950014568,40000000,148439040,252835.439,0.0,0.0,0.0,0.0,0.0,0.0,,,,,,
scan,64,/Users/vinroger/DATA/STUDY/latihan/about/exa-interview/e2e-inverted-bitplane-project/data/prefix-study-2026-09-13/pools/nomic-msmarco-d256/routers/ivf-64-seed42,main-s00047,100,64,1,1000,1,True,True,1.0,39.97677100005603,40.33356730005835,39204.79079598408,39.97677100005603,39.97677100005603,39.97677100005603,40000000,148439040,1000000.0,0.0,0.0,0.0,0.0,0.0,0.0,,,,,,
scan,64,/Users/vinroger/DATA/STUDY/latihan/about/exa-interview/e2e-inverted-bitplane-project/data/prefix-study-2026-09-13/pools/nomic-msmarco-d256/routers/ivf-64-seed42,main-s00036,10,1,1,1000,1,True,True,0.5198,0.6305629999587836,1.0956774002806924,687.7301780141352,0.6305629999587836,0.6305629999587836,0.6305629999587836,40000000,148439040,17173.241,0.0,0.0,0.0,0.0,0.0,0.0,,,,,,
scan,64,/Users/vinroger/DATA/STUDY/latihan/about/exa-interview/e2e-inverted-bitplane-project/data/prefix-study-2026-09-13/pools/nomic-msmarco-d256/routers/ivf-64-seed42,main-s00040,10,33,1,1000,1,True,True,0.9905,20.16195850001168,22.308306549757617,20108.491620994755,20.16195850001168,20.16195850001168,20.16195850001168,40000000,148439040,516707.155,0.0,0.0,0.0,0.0,0.0,0.0,,,,,,
scan,64,/Users/vinroger/DATA/STUDY/latihan/about/exa-interview/e2e-inverted-bitplane-project/data/prefix-study-2026-09-13/pools/nomic-msmarco-d256/routers/ivf-64-seed42,main-s00031,1,3,1,1000,1,True,True,0.81,1.8730629999481607,2.4442062506750517,1893.8270089965954,1.8730629999481607,1.8730629999481607,1.8730629999481607,40000000,148439040,49531.735,0.0,0.0,0.0,0.0,0.0,0.0,,,,,,
scan,64,/Users/vinroger/DATA/STUDY/latihan/about/exa-interview/e2e-inverted-bitplane-project/data/prefix-study-2026-09-13/pools/nomic-msmarco-d256/routers/ivf-64-seed42,main-s00034,1,26,1,1000,1,True,True,0.991,15.935854500185087,17.895768449716343,15886.939862999498,15.935854500185087,15.935854500185087,15.935854500185087,40000000,148439040,407575.079,0.0,0.0,0.0,0.0,0.0,0.0,,,,,,
scan,64,/Users/vinroger/DATA/STUDY/latihan/about/exa-interview/e2e-inverted-bitplane-project/data/prefix-study-2026-09-13/pools/nomic-msmarco-d256/routers/ivf-64-seed42,main-s00038,10,9,1,1000,1,True,True,0.9055,5.608082999515318,6.738091999568496,5586.666949981918,5.608082999515318,5.608082999515318,5.608082999515318,40000000,148439040,143579.335,0.0,0.0,0.0,0.0,0.0,0.0,,,,,,
scan,64,/Users/vinroger/DATA/STUDY/latihan/about/exa-interview/e2e-inverted-bitplane-project/data/prefix-study-2026-09-13/pools/nomic-msmarco-d256/routers/ivf-64-seed42,main-s00041,10,64,1,1000,1,True,True,1.0,40.06995800000368,40.30107055045846,39222.317101986846,40.06995800000368,40.06995800000368,40.06995800000368,40000000,148439040,1000000.0,0.0,0.0,0.0,0.0,0.0,0.0,,,,,,
scan,64,/Users/vinroger/DATA/STUDY/latihan/about/exa-interview/e2e-inverted-bitplane-project/data/prefix-study-2026-09-13/pools/nomic-msmarco-d256/routers/ivf-64-seed42,main-s00037,10,4,1,1000,1,True,True,0.8,2.564479499596928,3.26110444934784,2552.4592469855634,2.564479499596928,2.564479499596928,2.564479499596928,40000000,148439040,65176.568,0.0,0.0,0.0,0.0,0.0,0.0,,,,,,
scan,64,/Users/vinroger/DATA/STUDY/latihan/about/exa-interview/e2e-inverted-bitplane-project/data/prefix-study-2026-09-13/pools/nomic-msmarco-d256/routers/ivf-64-seed42,main-s00044,100,12,1,1000,1,True,True,0.90377,7.673270999930537,8.974989250191356,7623.155220009721,7.673270999930537,7.673270999930537,7.673270999930537,40000000,148439040,190403.179,0.0,0.0,0.0,0.0,0.0,0.0,,,,,,
scan,64,/Users/vinroger/DATA/STUDY/latihan/about/exa-interview/e2e-inverted-bitplane-project/data/prefix-study-2026-09-13/pools/nomic-msmarco-d256/routers/ivf-64-seed42,main-s00035,1,64,1,1000,1,True,True,1.0,39.983020999898145,40.317874350239435,38990.25704601081,39.983020999898145,39.983020999898145,39.983020999898145,40000000,148439040,1000000.0,0.0,0.0,0.0,0.0,0.0,0.0,,,,,,
scan,64,/Users/vinroger/DATA/STUDY/latihan/about/exa-interview/e2e-inverted-bitplane-project/data/prefix-study-2026-09-13/pools/nomic-msmarco-d256/routers/ivf-64-seed42,main-s00043,100,6,1,1000,1,True,True,0.8163,3.7899375001870794,4.622772599213931,3775.3461149914074,3.7899375001870794,3.7899375001870794,3.7899375001870794,40000000,148439040,96613.447,0.0,0.0,0.0,0.0,0.0,0.0,,,,,,
scan,64,/Users/vinroger/DATA/STUDY/latihan/about/exa-interview/e2e-inverted-bitplane-project/data/prefix-study-2026-09-13/pools/nomic-msmarco-d256/routers/ivf-64-seed42,main-s00042,100,2,1,1000,1,True,True,0.60889,1.3763124998149578,1.8441006494867906,1390.3269989950786,1.3763124998149578,1.3763124998149578,1.3763124998149578,40000000,148439040,33634.429,0.0,0.0,0.0,0.0,0.0,0.0,,,,,,
scan,64,/Users/vinroger/DATA/STUDY/latihan/about/exa-interview/e2e-inverted-bitplane-project/data/prefix-study-2026-09-13/pools/nomic-msmarco-d256/routers/ivf-64-seed42,main-s00030,1,1,1,1000,1,True,True,0.568,0.5909789997531334,1.082294050274868,651.2788090021786,0.5909789997531334,0.5909789997531334,0.5909789997531334,40000000,148439040,17173.241,0.0,0.0,0.0,0.0,0.0,0.0,,,,,,
scan,64,/Users/vinroger/DATA/STUDY/latihan/about/exa-interview/e2e-inverted-bitplane-project/data/prefix-study-2026-09-13/pools/nomic-msmarco-d256/routers/ivf-64-seed42,main-s00046,100,39,1,1000,1,True,True,0.99089,24.162916500245046,26.34633365018999,24121.89922701691,24.162916500245046,24.162916500245046,24.162916500245046,40000000,148439040,610841.271,0.0,0.0,0.0,0.0,0.0,0.0,,,,,,
scan,64,/Users/vinroger/DATA/STUDY/latihan/about/exa-interview/e2e-inverted-bitplane-project/data/prefix-study-2026-09-13/pools/nomic-msmarco-d256/routers/ivf-64-seed42,main-s00045,100,20,1,1000,1,True,True,0.95261,12.500979499691312,14.213237800777279,12495.569091006473,12.500979499691312,12.500979499691312,12.500979499691312,40000000,148439040,314421.779,0.0,0.0,0.0,0.0,0.0,0.0,,,,,,
scan,64,/Users/vinroger/DATA/STUDY/latihan/about/exa-interview/e2e-inverted-bitplane-project/data/prefix-study-2026-09-13/pools/nomic-msmarco-d256/routers/ivf-64-seed42,main-s00033,1,14,1,1000,1,True,True,0.957,8.579833500334644,10.030056900268391,8552.82113499652,8.579833500334644,8.579833500334644,8.579833500334644,40000000,148439040,221608.706,0.0,0.0,0.0,0.0,0.0,0.0,,,,,,
scan,64,/Users/vinroger/DATA/STUDY/latihan/about/exa-interview/e2e-inverted-bitplane-project/data/prefix-study-2026-09-13/pools/nomic-msmarco-d256/routers/ivf-64-seed42,main-s00032,1,8,1,1000,1,True,True,0.91,4.858292000335496,5.752979449880513,4798.624614015353,4.858292000335496,4.858292000335496,4.858292000335496,40000000,148439040,127952.642,0.0,0.0,0.0,0.0,0.0,0.0,,,,,,
prefix,4096,/Users/vinroger/DATA/STUDY/latihan/about/exa-interview/e2e-inverted-bitplane-project/data/prefix-study-2026-09-13/pools/nomic-msmarco-d256/routers/ivf-4096-seed42,main-s00525,10,289,1,1000,1,True,True,0.1466,0.36349999982121517,0.449999999591455,369.571684006587,0.36349999982121517,0.36349999982121517,0.36349999982121517,44000000,157073408,1661.953,0.0,0.0,0.0,8.091,4676.598,8.909,16,1000,,,,
prefix,4096,/Users/vinroger/DATA/STUDY/latihan/about/exa-interview/e2e-inverted-bitplane-project/data/prefix-study-2026-09-13/pools/nomic-msmarco-d256/routers/ivf-4096-seed42,main-s00563,100,1414,1,1000,1,True,True,0.99002,15.883333000147104,17.107518749799056,15891.94819799468,15.883333000147104,15.883333000147104,15.883333000147104,44000000,157073408,345279.339,0.0,0.0,0.0,17.0,45248.0,0.0,16,500000,,,,
prefix,4096,/Users/vinroger/DATA/STUDY/latihan/about/exa-interview/e2e-inverted-bitplane-project/data/prefix-study-2026-09-13/pools/nomic-msmarco-d256/routers/ivf-4096-seed42,main-s00498,1,125,1,1000,1,True,True,0.95,1.4825835005467525,1.6693832994860713,1491.4577069939696,1.4825835005467525,1.4825835005467525,1.4825835005467525,44000000,157073408,30948.356,0.0,0.0,0.0,17.0,4000.0,0.0,16,500000,,,,
prefix,4096,/Users/vinroger/DATA/STUDY/latihan/about/exa-interview/e2e-inverted-bitplane-project/data/prefix-study-2026-09-13/pools/nomic-msmarco-d256/routers/ivf-4096-seed42,main-s00484,1,2,1,1000,1,True,True,0.552,0.10331249995942926,0.11666699992929352,104.33630598436139,0.10331249995942926,0.10331249995942926,0.10331249995942926,44000000,157073408,535.118,0.0,0.0,0.0,17.0,64.0,0.0,16,0,,,,
prefix,4096,/Users/vinroger/DATA/STUDY/latihan/about/exa-interview/e2e-inverted-bitplane-project/data/prefix-study-2026-09-13/pools/nomic-msmarco-d256/routers/ivf-4096-seed42,main-s00544,100,9,1,1000,1,True,True,0.51447,0.21618750042762258,0.2467080502810859,217.30370001750998,0.21618750042762258,0.21618750042762258,0.21618750042762258,44000000,157073408,2366.209,0.0,0.0,0.0,17.0,288.0,0.0,16,0,,,,
prefix,4096,/Users/vinroger/DATA/STUDY/latihan/about/exa-interview/e2e-inverted-bitplane-project/data/prefix-study-2026-09-13/pools/nomic-msmarco-d256/routers/ivf-4096-seed42,main-s00539,10,4096,1,1000,1,True,True,1.0,46.52087499971458,49.52960415052985,46356.73036001481,46.52087499971458,46.52087499971458,46.52087499971458,44000000,157073408,1000000.0,0.0,0.0,0.0,17.0,131072.0,0.0,16,0,,,,
prefix,4096,/Users/vinroger/DATA/STUDY/latihan/about/exa-interview/e2e-inverted-bitplane-project/data/prefix-study-2026-09-13/pools/nomic-msmarco-d256/routers/ivf-4096-seed42,main-s00487,1,15,1,1000,1,True,True,0.804,0.2537289997235348,0.2937919999112637,255.24822900388244,0.2537289997235348,0.2537289997235348,0.2537289997235348,44000000,157073408,3886.685,0.0,0.0,0.0,17.0,480.0,0.0,16,100000,,,,
prefix,4096,/Users/vinroger/DATA/STUDY/latihan/about/exa-interview/e2e-inverted-bitplane-project/data/prefix-study-2026-09-13/pools/nomic-msmarco-d256/routers/ivf-4096-seed42,main-s00491,1,53,1,1000,1,True,True,0.874,0.6210619999365008,0.7117580003523472,622.7709600079834,0.6210619999365008,0.6210619999365008,0.6210619999365008,44000000,157073408,12029.049,0.0,0.0,0.0,15.53,1593.18,1.47,16,10000,,,,
prefix,4096,/Users/vinroger/DATA/STUDY/latihan/about/exa-interview/e2e-inverted-bitplane-project/data/prefix-study-2026-09-13/pools/nomic-msmarco-d256/routers/ivf-4096-seed42,main-s00560,100,1414,1,1000,1,True,True,0.05326,0.9066045004146872,1.1665250001442473,895.6764990070951,0.9066045004146872,0.9066045004146872,0.9066045004146872,44000000,157073408,1733.607,0.0,0.0,0.0,6.012,17001.936,10.988,16,1000,,,,
prefix,4096,/Users/vinroger/DATA/STUDY/latihan/about/exa-interview/e2e-inverted-bitplane-project/data/prefix-study-2026-09-13/pools/nomic-msmarco-d256/routers/ivf-4096-seed42,main-s00505,1,4096,1,1000,1,True,True,0.101,2.118354500453279,3.36553094998635,2213.9445069960857,2.118354500453279,2.118354500453279,2.118354500453279,44000000,157073408,2019.298,0.0,0.0,0.0,5.007,41017.344,11.993,16,1000,,,,
prefix,4096,/Users/vinroger/DATA/STUDY/latihan/about/exa-interview/e2e-inverted-bitplane-project/data/prefix-study-2026-09-13/pools/nomic-msmarco-d256/routers/ivf-4096-seed42,main-s00503,1,527,1,1000,1,True,True,0.99,5.924749999849155,6.500889300195922,5940.302969005643,5.924749999849155,5.924749999849155,5.924749999849155,44000000,157073408,128686.342,0.0,0.0,0.0,17.0,16864.0,0.0,16,500000,,,,
prefix,4096,/Users/vinroger/DATA/STUDY/latihan/about/exa-interview/e2e-inverted-bitplane-project/data/prefix-study-2026-09-13/pools/nomic-msmarco-d256/routers/ivf-4096-seed42,main-s00535,10,4096,1,1000,1,True,True,0.0718,2.0718959999612707,3.3256642503147305,2166.307750998385,2.0718959999612707,2.0718959999612707,2.0718959999612707,44000000,157073408,2019.298,0.0,0.0,0.0,5.007,41017.344,11.993,16,1000,,,,
prefix,4096,/Users/vinroger/DATA/STUDY/latihan/about/exa-interview/e2e-inverted-bitplane-project/data/prefix-study-2026-09-13/pools/nomic-msmarco-d256/routers/ivf-4096-seed42,main-s00558,100,513,1,1000,1,True,True,0.95003,5.828749499869446,6.36983780036644,5841.211255990856,5.828749499869446,5.828749499869446,5.828749499869446,44000000,157073408,125302.799,0.0,0.0,0.0,17.0,16416.0,0.0,16,500000,,,,
prefix,4096,/Users/vinroger/DATA/STUDY/latihan/about/exa-interview/e2e-inverted-bitplane-project/data/prefix-study-2026-09-13/pools/nomic-msmarco-d256/routers/ivf-4096-seed42,main-s00520,10,118,1,1000,1,True,True,0.2064,0.2503750001778826,0.32891839991862065,262.57039900519885,0.2503750001778826,0.2503750001778826,0.2503750001778826,44000000,157073408,1759.091,0.0,0.0,0.0,9.491,2239.876,7.509,16,1000,,,,
prefix,4096,/Users/vinroger/DATA/STUDY/latihan/about/exa-interview/e2e-inverted-bitplane-project/data/prefix-study-2026-09-13/pools/nomic-msmarco-d256/routers/ivf-4096-seed42,main-s00494,1,53,1,1000,1,True,True,0.901,0.6779585000913357,0.7727121500920475,680.2987330229371,0.6779585000913357,0.6779585000913357,0.6779585000913357,44000000,157073408,13302.015,0.0,0.0,0.0,17.0,1696.0,0.0,16,0,,,,
prefix,4096,/Users/vinroger/DATA/STUDY/latihan/about/exa-interview/e2e-inverted-bitplane-project/data/prefix-study-2026-09-13/pools/nomic-msmarco-d256/routers/ivf-4096-seed42,main-s00506,1,4096,1,1000,1,True,True,0.246,4.22231250013283,6.0871541496453565,4352.08538799543,4.22231250013283,4.22231250013283,4.22231250013283,44000000,157073408,16245.516,0.0,0.0,0.0,8.759,71753.728,8.241,16,10000,,,,
prefix,4096,/Users/vinroger/DATA/STUDY/latihan/about/exa-interview/e2e-inverted-bitplane-project/data/prefix-study-2026-09-13/pools/nomic-msmarco-d256/routers/ivf-4096-seed42,main-s00532,10,994,1,1000,1,True,True,0.8369,7.095083499734756,10.961450300465003,7785.505779002051,7.095083499734756,7.095083499734756,7.095083499734756,44000000,157073408,165165.408,0.0,0.0,0.0,14.195,27748.504,2.805,16,100000,,,,
prefix,4096,/Users/vinroger/DATA/STUDY/latihan/about/exa-interview/e2e-inverted-bitplane-project/data/prefix-study-2026-09-13/pools/nomic-msmarco-d256/routers/ivf-4096-seed42,main-s00519,10,35,1,1000,1,True,True,0.8008,0.4804790000889625,0.550016649731333,482.87645402160706,0.4804790000889625,0.4804790000889625,0.4804790000889625,44000000,157073408,8847.072,0.0,0.0,0.0,17.0,1120.0,0.0,16,0,,,,
prefix,4096,/Users/vinroger/DATA/STUDY/latihan/about/exa-interview/e2e-inverted-bitplane-project/data/prefix-study-2026-09-13/pools/nomic-msmarco-d256/routers/ivf-4096-seed42,main-s00521,10,118,1,1000,1,True,True,0.6855,0.8268130000033125,1.3726770999255677,905.9849179793673,0.8268130000033125,0.8268130000033125,0.8268130000033125,44000000,157073408,17176.496,0.0,0.0,0.0,13.656,3198.98,3.344,16,10000,,,,
prefix,4096,/Users/vinroger/DATA/STUDY/latihan/about/exa-interview/e2e-inverted-bitplane-project/data/prefix-study-2026-09-13/pools/nomic-msmarco-d256/routers/ivf-4096-seed42,main-s00517,10,35,1,1000,1,True,True,0.8008,0.4811039998458,0.5542131493712077,484.3153509873446,0.4811039998458,0.4811039998458,0.4811039998458,44000000,157073408,8847.072,0.0,0.0,0.0,17.0,1120.0,0.0,16,100000,,,,
prefix,4096,/Users/vinroger/DATA/STUDY/latihan/about/exa-interview/e2e-inverted-bitplane-project/data/prefix-study-2026-09-13/pools/nomic-msmarco-d256/routers/ivf-4096-seed42,main-s00492,1,53,1,1000,1,True,True,0.901,0.6758334998266946,0.7705607502430212,679.1823409703284,0.6758334998266946,0.6758334998266946,0.6758334998266946,44000000,157073408,13302.015,0.0,0.0,0.0,17.0,1696.0,0.0,16,100000,,,,
prefix,4096,/Users/vinroger/DATA/STUDY/latihan/about/exa-interview/e2e-inverted-bitplane-project/data/prefix-study-2026-09-13/pools/nomic-msmarco-d256/routers/ivf-4096-seed42,main-s00504,1,527,1,1000,1,True,True,0.99,5.900958500205888,6.455279800684366,5916.347229009261,5.900958500205888,5.900958500205888,5.900958500205888,44000000,157073408,128686.342,0.0,0.0,0.0,17.0,16864.0,0.0,16,0,,,,
prefix,4096,/Users/vinroger/DATA/STUDY/latihan/about/exa-interview/e2e-inverted-bitplane-project/data/prefix-study-2026-09-13/pools/nomic-msmarco-d256/routers/ivf-4096-seed42,main-s00541,100,9,1,1000,1,True,True,0.51447,0.21418749975055107,0.2460395995967701,215.79570501671697,0.21418749975055107,0.21418749975055107,0.21418749975055107,44000000,157073408,2366.209,0.0,0.0,0.0,17.0,288.0,0.0,16,10000,,,,
prefix,4096,/Users/vinroger/DATA/STUDY/latihan/about/exa-interview/e2e-inverted-bitplane-project/data/prefix-study-2026-09-13/pools/nomic-msmarco-d256/routers/ivf-4096-seed42,main-s00551,100,246,1,1000,1,True,True,0.46844,0.9803954999370035,2.235500350525399,1208.5255609918022,0.9803954999370035,0.9803954999370035,0.9803954999370035,44000000,157073408,20744.83,0.0,0.0,0.0,12.537,6163.284,4.463,16,10000,,,,
prefix,4096,/Users/vinroger/DATA/STUDY/latihan/about/exa-interview/e2e-inverted-bitplane-project/data/prefix-study-2026-09-13/pools/nomic-msmarco-d256/routers/ivf-4096-seed42,main-s00524,10,118,1,1000,1,True,True,0.9002,1.4172709998092614,1.5899576998435805,1421.3387979798426,1.4172709998092614,1.4172709998092614,1.4172709998092614,44000000,157073408,29231.202,0.0,0.0,0.0,17.0,3776.0,0.0,16,0,,,,
prefix,4096,/Users/vinroger/DATA/STUDY/latihan/about/exa-interview/e2e-inverted-bitplane-project/data/prefix-study-2026-09-13/pools/nomic-msmarco-d256/routers/ivf-4096-seed42,main-s00536,10,4096,1,1000,1,True,True,0.182,4.065542000262212,5.774602099336334,4159.137639990149,4.065542000262212,4.065542000262212,4.065542000262212,44000000,157073408,16245.516,0.0,0.0,0.0,8.759,71753.728,8.241,16,10000,,,,
prefix,4096,/Users/vinroger/DATA/STUDY/latihan/about/exa-interview/e2e-inverted-bitplane-project/data/prefix-study-2026-09-13/pools/nomic-msmarco-d256/routers/ivf-4096-seed42,main-s00565,100,4096,1,1000,1,True,True,0.04154,2.1565414995166066,3.3899228997142923,2253.579011007787,2.1565414995166066,2.1565414995166066,2.1565414995166066,44000000,157073408,2019.298,0.0,0.0,0.0,5.007,41017.344,11.993,16,1000,,,,
prefix,4096,/Users/vinroger/DATA/STUDY/latihan/about/exa-interview/e2e-inverted-bitplane-project/data/prefix-study-2026-09-13/pools/nomic-msmarco-d256/routers/ivf-4096-seed42,main-s00545,100,87,1,1000,1,True,True,0.16398,0.23485400015488267,0.32209824944402493,252.89205499120726,0.23485400015488267,0.23485400015488267,0.23485400015488267,44000000,157073408,1875.102,0.0,0.0,0.0,9.97,1734.78,7.03,16,1000,,,,
prefix,4096,/Users/vinroger/DATA/STUDY/latihan/about/exa-interview/e2e-inverted-bitplane-project/data/prefix-study-2026-09-13/pools/nomic-msmarco-d256/routers/ivf-4096-seed42,main-s00509,1,4096,1,1000,1,True,True,1.0,46.296104500015645,48.98667145057516,46165.408369987745,46.296104500015645,46.296104500015645,46.296104500015645,44000000,157073408,1000000.0,0.0,0.0,0.0,17.0,131072.0,0.0,16,0,,,,
prefix,4096,/Users/vinroger/DATA/STUDY/latihan/about/exa-interview/e2e-inverted-bitplane-project/data/prefix-study-2026-09-13/pools/nomic-msmarco-d256/routers/ivf-4096-seed42,main-s00522,10,118,1,1000,1,True,True,0.9002,1.4076254997235083,1.5823586495571362,1417.1940319865826,1.4076254997235083,1.4076254997235083,1.4076254997235083,44000000,157073408,29231.202,0.0,0.0,0.0,17.0,3776.0,0.0,16,100000,,,,
prefix,4096,/Users/vinroger/DATA/STUDY/latihan/about/exa-interview/e2e-inverted-bitplane-project/data/prefix-study-2026-09-13/pools/nomic-msmarco-d256/routers/ivf-4096-seed42,main-s00531,10,994,1,1000,1,True,True,0.2808,1.4903754999977536,2.0514041496426216,1576.2300350133955,1.4903754999977536,1.4903754999977536,1.4903754999977536,44000000,157073408,16242.699,0.0,0.0,0.0,10.423,20720.924,6.577,16,10000,,,,
prefix,4096,/Users/vinroger/DATA/STUDY/latihan/about/exa-interview/e2e-inverted-bitplane-project/data/prefix-study-2026-09-13/pools/nomic-msmarco-d256/routers/ivf-4096-seed42,main-s00556,100,513,1,1000,1,True,True,0.3301,1.1772500001825392,3.7838764504158435,1466.2603960159686,1.1772500001825392,1.1772500001825392,1.1772500001825392,44000000,157073408,21740.578,0.0,0.0,0.0,11.46,11757.96,5.54,16,10000,,,,
prefix,4096,/Users/vinroger/DATA/STUDY/latihan/about/exa-interview/e2e-inverted-bitplane-project/data/prefix-study-2026-09-13/pools/nomic-msmarco-d256/routers/ivf-4096-seed42,main-s00516,10,35,1,1000,1,True,True,0.8004,0.4772499996761326,0.5450901999211055,479.8934669979644,0.4772499996761326,0.4772499996761326,0.4772499996761326,44000000,157073408,8840.137,0.0,0.0,0.0,16.975,1119.02,0.025,16,10000,,,,
prefix,4096,/Users/vinroger/DATA/STUDY/latihan/about/exa-interview/e2e-inverted-bitplane-project/data/prefix-study-2026-09-13/pools/nomic-msmarco-d256/routers/ivf-4096-seed42,main-s00564,100,1414,1,1000,1,True,True,0.99002,15.920853999887186,17.083900350417025,15905.978826998762,15.920853999887186,15.920853999887186,15.920853999887186,44000000,157073408,345279.339,0.0,0.0,0.0,17.0,45248.0,0.0,16,0,,,,
prefix,4096,/Users/vinroger/DATA/STUDY/latihan/about/exa-interview/e2e-inverted-bitplane-project/data/prefix-study-2026-09-13/pools/nomic-msmarco-d256/routers/ivf-4096-seed42,main-s00555,100,513,1,1000,1,True,True,0.077,0.5154165000931243,0.6225764497685304,513.9888710018568,0.5154165000931243,0.5154165000931243,0.5154165000931243,44000000,157073408,1693.083,0.0,0.0,0.0,7.311,7501.086,9.689,16,1000,,,,
prefix,4096,/Users/vinroger/DATA/STUDY/latihan/about/exa-interview/e2e-inverted-bitplane-project/data/prefix-study-2026-09-13/pools/nomic-msmarco-d256/routers/ivf-4096-seed42,main-s00514,10,3,1,1000,1,True,True,0.5101,0.11741700018319534,0.13289794951560904,118.39503098144633,0.11741700018319534,0.11741700018319534,0.11741700018319534,44000000,157073408,801.38,0.0,0.0,0.0,17.0,96.0,0.0,16,0,,,,
prefix,4096,/Users/vinroger/DATA/STUDY/latihan/about/exa-interview/e2e-inverted-bitplane-project/data/prefix-study-2026-09-13/pools/nomic-msmarco-d256/routers/ivf-4096-seed42,main-s00489,1,15,1,1000,1,True,True,0.804,0.25195799935318064,0.29268155039972044,253.46632099444832,0.25195799935318064,0.25195799935318064,0.25195799935318064,44000000,157073408,3886.685,0.0,0.0,0.0,17.0,480.0,0.0,16,0,,,,
prefix,4096,/Users/vinroger/DATA/STUDY/latihan/about/exa-interview/e2e-inverted-bitplane-project/data/prefix-study-2026-09-13/pools/nomic-msmarco-d256/routers/ivf-4096-seed42,main-s00488,1,15,1,1000,1,True,True,0.804,0.25474999983998714,0.2946583496850507,255.94370499675279,0.25474999983998714,0.25474999983998714,0.25474999983998714,44000000,157073408,3886.685,0.0,0.0,0.0,17.0,480.0,0.0,16,500000,,,,
prefix,4096,/Users/vinroger/DATA/STUDY/latihan/about/exa-interview/e2e-inverted-bitplane-project/data/prefix-study-2026-09-13/pools/nomic-msmarco-d256/routers/ivf-4096-seed42,main-s00526,10,289,1,1000,1,True,True,0.509,0.98775000014939,2.5018374999490325,1236.8874220237558,0.98775000014939,0.98775000014939,0.98775000014939,44000000,157073408,21103.946,0.0,0.0,0.0,12.289,7100.152,4.711,16,10000,,,,
prefix,4096,/Users/vinroger/DATA/STUDY/latihan/about/exa-interview/e2e-inverted-bitplane-project/data/prefix-study-2026-09-13/pools/nomic-msmarco-d256/routers/ivf-4096-seed42,main-s00569,100,4096,1,1000,1,True,True,1.0,46.40795849991264,49.18608989974018,46288.51224198297,46.40795849991264,46.40795849991264,46.40795849991264,44000000,157073408,1000000.0,0.0,0.0,0.0,17.0,131072.0,0.0,16,0,,,,
prefix,4096,/Users/vinroger/DATA/STUDY/latihan/about/exa-interview/e2e-inverted-bitplane-project/data/prefix-study-2026-09-13/pools/nomic-msmarco-d256/routers/ivf-4096-seed42,main-s00486,1,15,1,1000,1,True,True,0.804,0.25420850033697207,0.2945062505204987,255.86975501482812,0.25420850033697207,0.25420850033697207,0.25420850033697207,44000000,157073408,3886.685,0.0,0.0,0.0,17.0,480.0,0.0,16,10000,,,,
prefix,4096,/Users/vinroger/DATA/STUDY/latihan/about/exa-interview/e2e-inverted-bitplane-project/data/prefix-study-2026-09-13/pools/nomic-msmarco-d256/routers/ivf-4096-seed42,main-s00495,1,125,1,1000,1,True,True,0.281,0.2531669997551944,0.3336812501402164,264.5221799975843,0.2531669997551944,0.2531669997551944,0.2531669997551944,44000000,157073408,1728.62,0.0,0.0,0.0,9.384,2346.0,7.616,16,1000,,,,
prefix,4096,/Users/vinroger/DATA/STUDY/latihan/about/exa-interview/e2e-inverted-bitplane-project/data/prefix-study-2026-09-13/pools/nomic-msmarco-d256/routers/ivf-4096-seed42,main-s00562,100,1414,1,1000,1,True,True,0.70596,8.573207999688748,15.260016649790485,9066.38733800628,8.573207999688748,8.573207999688748,8.573207999688748,44000000,157073408,185425.185,0.0,0.0,0.0,13.625,38313.744,3.375,16,100000,,,,
prefix,4096,/Users/vinroger/DATA/STUDY/latihan/about/exa-interview/e2e-inverted-bitplane-project/data/prefix-study-2026-09-13/pools/nomic-msmarco-d256/routers/ivf-4096-seed42,main-s00547,100,87,1,1000,1,True,True,0.80098,1.0929164996014151,1.2305607504458749,1099.282158994356,1.0929164996014151,1.0929164996014151,1.0929164996014151,44000000,157073408,21658.065,0.0,0.0,0.0,17.0,2784.0,0.0,16,100000,,,,
prefix,4096,/Users/vinroger/DATA/STUDY/latihan/about/exa-interview/e2e-inverted-bitplane-project/data/prefix-study-2026-09-13/pools/nomic-msmarco-d256/routers/ivf-4096-seed42,main-s00493,1,53,1,1000,1,True,True,0.901,0.6746045000909362,0.768337150429943,678.3310499959043,0.6746045000909362,0.6746045000909362,0.6746045000909362,44000000,157073408,13302.015,0.0,0.0,0.0,17.0,1696.0,0.0,16,500000,,,,
prefix,4096,/Users/vinroger/DATA/STUDY/latihan/about/exa-interview/e2e-inverted-bitplane-project/data/prefix-study-2026-09-13/pools/nomic-msmarco-d256/routers/ivf-4096-seed42,main-s00507,1,4096,1,1000,1,True,True,0.6,10.996166499808169,34.07318124973244,14842.02534297583,10.996166499808169,10.996166499808169,10.996166499808169,44000000,157073408,267891.285,0.0,0.0,0.0,12.389,101490.688,4.611,16,100000,,,,
prefix,4096,/Users/vinroger/DATA/STUDY/latihan/about/exa-interview/e2e-inverted-bitplane-project/data/prefix-study-2026-09-13/pools/nomic-msmarco-d256/routers/ivf-4096-seed42,main-s00553,100,246,1,1000,1,True,True,0.90028,2.871145500193961,3.1636274000447884,2874.5908739920196,2.871145500193961,2.871145500193961,2.871145500193961,44000000,157073408,60451.827,0.0,0.0,0.0,17.0,7872.0,0.0,16,500000,,,,
prefix,4096,/Users/vinroger/DATA/STUDY/latihan/about/exa-interview/e2e-inverted-bitplane-project/data/prefix-study-2026-09-13/pools/nomic-msmarco-d256/routers/ivf-4096-seed42,main-s00527,10,289,1,1000,1,True,True,0.9501,3.310249999685766,3.6663767501067923,3315.0402150095033,3.310249999685766,3.310249999685766,3.310249999685766,44000000,157073408,70870.196,0.0,0.0,0.0,17.0,9248.0,0.0,16,100000,,,,
prefix,4096,/Users/vinroger/DATA/STUDY/latihan/about/exa-interview/e2e-inverted-bitplane-project/data/prefix-study-2026-09-13/pools/nomic-msmarco-d256/routers/ivf-4096-seed42,main-s00501,1,527,1,1000,1,True,True,0.473,1.1529795001479215,3.5195770999052858,1437.178998005038,1.1529795001479215,1.1529795001479215,1.1529795001479215,44000000,157073408,21767.825,0.0,0.0,0.0,11.434,12051.436,5.566,16,10000,,,,
prefix,4096,/Users/vinroger/DATA/STUDY/latihan/about/exa-interview/e2e-inverted-bitplane-project/data/prefix-study-2026-09-13/pools/nomic-msmarco-d256/routers/ivf-4096-seed42,main-s00554,100,246,1,1000,1,True,True,0.90028,2.875583499644563,3.1789452002158214,2880.4350999716917,2.875583499644563,2.875583499644563,2.875583499644563,44000000,157073408,60451.827,0.0,0.0,0.0,17.0,7872.0,0.0,16,0,,,,
prefix,4096,/Users/vinroger/DATA/STUDY/latihan/about/exa-interview/e2e-inverted-bitplane-project/data/prefix-study-2026-09-13/pools/nomic-msmarco-d256/routers/ivf-4096-seed42,main-s00513,10,3,1,1000,1,True,True,0.5101,0.11758350001400686,0.13406285033852325,118.44646200825082,0.11758350001400686,0.11758350001400686,0.11758350001400686,44000000,157073408,801.38,0.0,0.0,0.0,17.0,96.0,0.0,16,500000,,,,
prefix,4096,/Users/vinroger/DATA/STUDY/latihan/about/exa-interview/e2e-inverted-bitplane-project/data/prefix-study-2026-09-13/pools/nomic-msmarco-d256/routers/ivf-4096-seed42,main-s00528,10,289,1,1000,1,True,True,0.9501,3.3302920001005987,3.669543450268975,3337.2013840271393,3.3302920001005987,3.3302920001005987,3.3302920001005987,44000000,157073408,70870.196,0.0,0.0,0.0,17.0,9248.0,0.0,16,500000,,,,
prefix,4096,/Users/vinroger/DATA/STUDY/latihan/about/exa-interview/e2e-inverted-bitplane-project/data/prefix-study-2026-09-13/pools/nomic-msmarco-d256/routers/ivf-4096-seed42,main-s00559,100,513,1,1000,1,True,True,0.95003,5.795666999802052,6.34244555008081,5810.14518100892,5.795666999802052,5.795666999802052,5.795666999802052,44000000,157073408,125302.799,0.0,0.0,0.0,17.0,16416.0,0.0,16,0,,,,
prefix,4096,/Users/vinroger/DATA/STUDY/latihan/about/exa-interview/e2e-inverted-bitplane-project/data/prefix-study-2026-09-13/pools/nomic-msmarco-d256/routers/ivf-4096-seed42,main-s00533,10,994,1,1000,1,True,True,0.99,11.137041500205669,12.026927049601,11137.299407007049,11.137041500205669,11.137041500205669,11.137041500205669,44000000,157073408,242528.686,0.0,0.0,0.0,17.0,31808.0,0.0,16,500000,,,,
prefix,4096,/Users/vinroger/DATA/STUDY/latihan/about/exa-interview/e2e-inverted-bitplane-project/data/prefix-study-2026-09-13/pools/nomic-msmarco-d256/routers/ivf-4096-seed42,main-s00512,10,3,1,1000,1,True,True,0.5101,0.11864599991895375,0.1361764497232798,119.69452600169461,0.11864599991895375,0.11864599991895375,0.11864599991895375,44000000,157073408,801.38,0.0,0.0,0.0,17.0,96.0,0.0,16,100000,,,,
prefix,4096,/Users/vinroger/DATA/STUDY/latihan/about/exa-interview/e2e-inverted-bitplane-project/data/prefix-study-2026-09-13/pools/nomic-msmarco-d256/routers/ivf-4096-seed42,main-s00490,1,53,1,1000,1,True,True,0.379,0.18741699977908866,0.37064999978610963,211.30591400378762,0.18741699977908866,0.18741699977908866,0.18741699977908866,44000000,157073408,2041.011,0.0,0.0,0.0,10.776,1142.15,6.224,16,1000,,,,
prefix,4096,/Users/vinroger/DATA/STUDY/latihan/about/exa-interview/e2e-inverted-bitplane-project/data/prefix-study-2026-09-13/pools/nomic-msmarco-d256/routers/ivf-4096-seed42,main-s00483,1,2,1,1000,1,True,True,0.552,0.10270799975842237,0.11647150031421914,103.69497699593921,0.10270799975842237,0.10270799975842237,0.10270799975842237,44000000,157073408,535.118,0.0,0.0,0.0,17.0,64.0,0.0,16,500000,,,,
prefix,4096,/Users/vinroger/DATA/STUDY/latihan/about/exa-interview/e2e-inverted-bitplane-project/data/prefix-study-2026-09-13/pools/nomic-msmarco-d256/routers/ivf-4096-seed42,main-s00523,10,118,1,1000,1,True,True,0.9002,1.4139170002636092,1.594698250073634,1420.2224069831573,1.4139170002636092,1.4139170002636092,1.4139170002636092,44000000,157073408,29231.202,0.0,0.0,0.0,17.0,3776.0,0.0,16,500000,,,,
prefix,4096,/Users/vinroger/DATA/STUDY/latihan/about/exa-interview/e2e-inverted-bitplane-project/data/prefix-study-2026-09-13/pools/nomic-msmarco-d256/routers/ivf-4096-seed42,main-s00546,100,87,1,1000,1,True,True,0.65829,0.7774170003358449,1.1008044993559452,818.9895039849944,0.7774170003358449,0.7774170003358449,0.7774170003358449,44000000,157073408,15197.285,0.0,0.0,0.0,14.232,2442.786,2.768,16,10000,,,,
prefix,4096,/Users/vinroger/DATA/STUDY/latihan/about/exa-interview/e2e-inverted-bitplane-project/data/prefix-study-2026-09-13/pools/nomic-msmarco-d256/routers/ivf-4096-seed42,main-s00566,100,4096,1,1000,1,True,True,0.1286,3.9889784998194955,5.860147950170358,4126.760073993864,3.9889784998194955,3.9889784998194955,3.9889784998194955,44000000,157073408,16245.516,0.0,0.0,0.0,8.759,71753.728,8.241,16,10000,,,,
prefix,4096,/Users/vinroger/DATA/STUDY/latihan/about/exa-interview/e2e-inverted-bitplane-project/data/prefix-study-2026-09-13/pools/nomic-msmarco-d256/routers/ivf-4096-seed42,main-s00502,1,527,1,1000,1,True,True,0.974,5.60145800045575,6.20673779981189,5532.177742001295,5.60145800045575,5.60145800045575,5.60145800045575,44000000,157073408,119677.317,0.0,0.0,0.0,16.15,16366.512,0.85,16,100000,,,,
prefix,4096,/Users/vinroger/DATA/STUDY/latihan/about/exa-interview/e2e-inverted-bitplane-project/data/prefix-study-2026-09-13/pools/nomic-msmarco-d256/routers/ivf-4096-seed42,main-s00482,1,2,1,1000,1,True,True,0.552,0.1033749995258404,0.11604940018514752,104.15324199129827,0.1033749995258404,0.1033749995258404,0.1033749995258404,44000000,157073408,535.118,0.0,0.0,0.0,17.0,64.0,0.0,16,100000,,,,
prefix,4096,/Users/vinroger/DATA/STUDY/latihan/about/exa-interview/e2e-inverted-bitplane-project/data/prefix-study-2026-09-13/pools/nomic-msmarco-d256/routers/ivf-4096-seed42,main-s00496,1,125,1,1000,1,True,True,0.729,0.8359580001524591,1.4250062503379013,920.8876169886935,0.8359580001524591,0.8359580001524591,0.8359580001524591,44000000,157073408,17422.2,0.0,0.0,0.0,13.555,3368.25,3.445,16,10000,,,,
prefix,4096,/Users/vinroger/DATA/STUDY/latihan/about/exa-interview/e2e-inverted-bitplane-project/data/prefix-study-2026-09-13/pools/nomic-msmarco-d256/routers/ivf-4096-seed42,main-s00511,10,3,1,1000,1,True,True,0.5101,0.11739549972844543,0.13378539979385093,118.41498499416048,0.11739549972844543,0.11739549972844543,0.11739549972844543,44000000,157073408,801.38,0.0,0.0,0.0,17.0,96.0,0.0,16,10000,,,,
prefix,4096,/Users/vinroger/DATA/STUDY/latihan/about/exa-interview/e2e-inverted-bitplane-project/data/prefix-study-2026-09-13/pools/nomic-msmarco-d256/routers/ivf-4096-seed42,main-s00515,10,35,1,1000,1,True,True,0.3603,0.17395849999957136,0.37647259969162405,199.59893199302314,0.17395849999957136,0.17395849999957136,0.17395849999957136,44000000,157073408,2113.455,0.0,0.0,0.0,11.524,806.19,5.476,16,1000,,,,
prefix,4096,/Users/vinroger/DATA/STUDY/latihan/about/exa-interview/e2e-inverted-bitplane-project/data/prefix-study-2026-09-13/pools/nomic-msmarco-d256/routers/ivf-4096-seed42,main-s00534,10,994,1,1000,1,True,True,0.99,11.136104500565125,12.053827100589842,11138.7636219888,11.136104500565125,11.136104500565125,11.136104500565125,44000000,157073408,242528.686,0.0,0.0,0.0,17.0,31808.0,0.0,16,0,,,,
prefix,4096,/Users/vinroger/DATA/STUDY/latihan/about/exa-interview/e2e-inverted-bitplane-project/data/prefix-study-2026-09-13/pools/nomic-msmarco-d256/routers/ivf-4096-seed42,main-s00518,10,35,1,1000,1,True,True,0.8008,0.4786870003954391,0.5475933994148363,481.78645499501727,0.4786870003954391,0.4786870003954391,0.4786870003954391,44000000,157073408,8847.072,0.0,0.0,0.0,17.0,1120.0,0.0,16,500000,,,,
prefix,4096,/Users/vinroger/DATA/STUDY/latihan/about/exa-interview/e2e-inverted-bitplane-project/data/prefix-study-2026-09-13/pools/nomic-msmarco-d256/routers/ivf-4096-seed42,main-s00557,100,513,1,1000,1,True,True,0.9374,5.575708500145993,6.159181550810899,5537.627128000167,5.575708500145993,5.575708500145993,5.575708500145993,44000000,157073408,118467.949,0.0,0.0,0.0,16.283,16008.678,0.717,16,100000,,,,
prefix,4096,/Users/vinroger/DATA/STUDY/latihan/about/exa-interview/e2e-inverted-bitplane-project/data/prefix-study-2026-09-13/pools/nomic-msmarco-d256/routers/ivf-4096-seed42,main-s00543,100,9,1,1000,1,True,True,0.51447,0.2156669997930294,0.25100204948103055,218.21921902483155,0.2156669997930294,0.2156669997930294,0.2156669997930294,44000000,157073408,2366.209,0.0,0.0,0.0,17.0,288.0,0.0,16,500000,,,,
prefix,4096,/Users/vinroger/DATA/STUDY/latihan/about/exa-interview/e2e-inverted-bitplane-project/data/prefix-study-2026-09-13/pools/nomic-msmarco-d256/routers/ivf-4096-seed42,main-s00480,1,2,1,1000,1,True,True,0.552,0.10383349990661372,0.1179621503524686,104.70122099377477,0.10383349990661372,0.10383349990661372,0.10383349990661372,44000000,157073408,534.938,0.0,0.0,0.0,16.99,63.976,0.01,16,1000,,,,
prefix,4096,/Users/vinroger/DATA/STUDY/latihan/about/exa-interview/e2e-inverted-bitplane-project/data/prefix-study-2026-09-13/pools/nomic-msmarco-d256/routers/ivf-4096-seed42,main-s00510,10,3,1,1000,1,True,True,0.5087,0.1177909998659743,0.1327645994933846,118.8655039841251,0.1177909998659743,0.1177909998659743,0.1177909998659743,44000000,157073408,796.23,0.0,0.0,0.0,16.88,95.556,0.12,16,1000,,,,
prefix,4096,/Users/vinroger/DATA/STUDY/latihan/about/exa-interview/e2e-inverted-bitplane-project/data/prefix-study-2026-09-13/pools/nomic-msmarco-d256/routers/ivf-4096-seed42,main-s00485,1,15,1,1000,1,True,True,0.587,0.16010400031518657,0.2508139494693751,174.51879601503606,0.16010400031518657,0.16010400031518657,0.16010400031518657,44000000,157073408,1950.089,0.0,0.0,0.0,13.031,388.71,3.969,16,1000,,,,
prefix,4096,/Users/vinroger/DATA/STUDY/latihan/about/exa-interview/e2e-inverted-bitplane-project/data/prefix-study-2026-09-13/pools/nomic-msmarco-d256/routers/ivf-4096-seed42,main-s00499,1,125,1,1000,1,True,True,0.95,1.4850415004730166,1.6657214500355622,1490.4970700090416,1.4850415004730166,1.4850415004730166,1.4850415004730166,44000000,157073408,30948.356,0.0,0.0,0.0,17.0,4000.0,0.0,16,0,,,,
prefix,4096,/Users/vinroger/DATA/STUDY/latihan/about/exa-interview/e2e-inverted-bitplane-project/data/prefix-study-2026-09-13/pools/nomic-msmarco-d256/routers/ivf-4096-seed42,main-s00497,1,125,1,1000,1,True,True,0.95,1.479395999922417,1.6733812498841871,1488.5257830055707,1.479395999922417,1.479395999922417,1.479395999922417,44000000,157073408,30948.356,0.0,0.0,0.0,17.0,4000.0,0.0,16,100000,,,,
prefix,4096,/Users/vinroger/DATA/STUDY/latihan/about/exa-interview/e2e-inverted-bitplane-project/data/prefix-study-2026-09-13/pools/nomic-msmarco-d256/routers/ivf-4096-seed42,main-s00542,100,9,1,1000,1,True,True,0.51447,0.21391700011008652,0.2440997003304801,215.50361398476525,0.21391700011008652,0.21391700011008652,0.21391700011008652,44000000,157073408,2366.209,0.0,0.0,0.0,17.0,288.0,0.0,16,100000,,,,
prefix,4096,/Users/vinroger/DATA/STUDY/latihan/about/exa-interview/e2e-inverted-bitplane-project/data/prefix-study-2026-09-13/pools/nomic-msmarco-d256/routers/ivf-4096-seed42,main-s00561,100,1414,1,1000,1,True,True,0.18953,1.8581879999146622,2.3764645995925093,1894.0736490085328,1.8581879999146622,1.8581879999146622,1.8581879999146622,44000000,157073408,16366.011,0.0,0.0,0.0,10.0,28280.0,7.0,16,10000,,,,
prefix,4096,/Users/vinroger/DATA/STUDY/latihan/about/exa-interview/e2e-inverted-bitplane-project/data/prefix-study-2026-09-13/pools/nomic-msmarco-d256/routers/ivf-4096-seed42,main-s00508,1,4096,1,1000,1,True,True,0.878,32.99733399990146,45.3433048005536,33158.97651798423,32.99733399990146,32.99733399990146,32.99733399990146,44000000,157073408,704544.149,0.0,0.0,0.0,14.472,116498.432,2.528,16,500000,,,,
prefix,4096,/Users/vinroger/DATA/STUDY/latihan/about/exa-interview/e2e-inverted-bitplane-project/data/prefix-study-2026-09-13/pools/nomic-msmarco-d256/routers/ivf-4096-seed42,main-s00537,10,4096,1,1000,1,True,True,0.5364,10.955854000258114,34.05516840052769,14889.403306996428,10.955854000258114,10.955854000258114,10.955854000258114,44000000,157073408,267891.285,0.0,0.0,0.0,12.389,101490.688,4.611,16,100000,,,,
prefix,4096,/Users/vinroger/DATA/STUDY/latihan/about/exa-interview/e2e-inverted-bitplane-project/data/prefix-study-2026-09-13/pools/nomic-msmarco-d256/routers/ivf-4096-seed42,main-s00481,1,2,1,1000,1,True,True,0.552,0.10397899995950866,0.11749999976018444,105.04771600153617,0.10397899995950866,0.10397899995950866,0.10397899995950866,44000000,157073408,535.118,0.0,0.0,0.0,17.0,64.0,0.0,16,10000,,,,
prefix,4096,/Users/vinroger/DATA/STUDY/latihan/about/exa-interview/e2e-inverted-bitplane-project/data/prefix-study-2026-09-13/pools/nomic-msmarco-d256/routers/ivf-4096-seed42,main-s00552,100,246,1,1000,1,True,True,0.90028,2.8846874997725536,3.1857131498327362,2886.6795030235153,2.8846874997725536,2.8846874997725536,2.8846874997725536,44000000,157073408,60451.827,0.0,0.0,0.0,17.0,7872.0,0.0,16,100000,,,,
prefix,4096,/Users/vinroger/DATA/STUDY/latihan/about/exa-interview/e2e-inverted-bitplane-project/data/prefix-study-2026-09-13/pools/nomic-msmarco-d256/routers/ivf-4096-seed42,main-s00500,1,527,1,1000,1,True,True,0.172,0.4980625003554451,0.6072475996006688,497.5281259894473,0.4980625003554451,0.4980625003554451,0.4980625003554451,44000000,157073408,1695.866,0.0,0.0,0.0,7.28,7673.12,9.72,16,1000,,,,
prefix,4096,/Users/vinroger/DATA/STUDY/latihan/about/exa-interview/e2e-inverted-bitplane-project/data/prefix-study-2026-09-13/pools/nomic-msmarco-d256/routers/ivf-4096-seed42,main-s00567,100,4096,1,1000,1,True,True,0.48161,11.113000000477768,34.072879149789514,14938.31173601393,11.113000000477768,11.113000000477768,11.113000000477768,44000000,157073408,267891.285,0.0,0.0,0.0,12.389,101490.688,4.611,16,100000,,,,
prefix,4096,/Users/vinroger/DATA/STUDY/latihan/about/exa-interview/e2e-inverted-bitplane-project/data/prefix-study-2026-09-13/pools/nomic-msmarco-d256/routers/ivf-4096-seed42,main-s00548,100,87,1,1000,1,True,True,0.80098,1.0874580002564471,1.224506249809565,1092.1371629910936,1.0874580002564471,1.0874580002564471,1.0874580002564471,44000000,157073408,21658.065,0.0,0.0,0.0,17.0,2784.0,0.0,16,500000,,,,
prefix,4096,/Users/vinroger/DATA/STUDY/latihan/about/exa-interview/e2e-inverted-bitplane-project/data/prefix-study-2026-09-13/pools/nomic-msmarco-d256/routers/ivf-4096-seed42,main-s00550,100,246,1,1000,1,True,True,0.10101,0.35633299967230414,0.44662114974016726,364.70665000433655,0.35633299967230414,0.35633299967230414,0.35633299967230414,44000000,157073408,1674.705,0.0,0.0,0.0,8.328,4097.376,8.672,16,1000,,,,
prefix,4096,/Users/vinroger/DATA/STUDY/latihan/about/exa-interview/e2e-inverted-bitplane-project/data/prefix-study-2026-09-13/pools/nomic-msmarco-d256/routers/ivf-4096-seed42,main-s00538,10,4096,1,1000,1,True,True,0.8562,33.0159165000623,45.330006250515,33153.18641900376,33.0159165000623,33.0159165000623,33.0159165000623,44000000,157073408,704544.149,0.0,0.0,0.0,14.472,116498.432,2.528,16,500000,,,,
prefix,4096,/Users/vinroger/DATA/STUDY/latihan/about/exa-interview/e2e-inverted-bitplane-project/data/prefix-study-2026-09-13/pools/nomic-msmarco-d256/routers/ivf-4096-seed42,main-s00529,10,289,1,1000,1,True,True,0.9501,3.3108335005636036,3.648861050078267,3314.5474770090004,3.3108335005636036,3.3108335005636036,3.3108335005636036,44000000,157073408,70870.196,0.0,0.0,0.0,17.0,9248.0,0.0,16,0,,,,
prefix,4096,/Users/vinroger/DATA/STUDY/latihan/about/exa-interview/e2e-inverted-bitplane-project/data/prefix-study-2026-09-13/pools/nomic-msmarco-d256/routers/ivf-4096-seed42,main-s00568,100,4096,1,1000,1,True,True,0.83962,33.07331250016432,45.43060560072263,33200.60432599348,33.07331250016432,33.07331250016432,33.07331250016432,44000000,157073408,704544.149,0.0,0.0,0.0,14.472,116498.432,2.528,16,500000,,,,
prefix,4096,/Users/vinroger/DATA/STUDY/latihan/about/exa-interview/e2e-inverted-bitplane-project/data/prefix-study-2026-09-13/pools/nomic-msmarco-d256/routers/ivf-4096-seed42,main-s00530,10,994,1,1000,1,True,True,0.1017,0.7165624997469422,0.9213997003826079,711.4783939960034,0.7165624997469422,0.7165624997469422,0.7165624997469422,44000000,157073408,1756.01,0.0,0.0,0.0,6.452,12826.576,10.548,16,1000,,,,
prefix,4096,/Users/vinroger/DATA/STUDY/latihan/about/exa-interview/e2e-inverted-bitplane-project/data/prefix-study-2026-09-13/pools/nomic-msmarco-d256/routers/ivf-4096-seed42,main-s00549,100,87,1,1000,1,True,True,0.80098,1.0945209996862104,1.2301836503411323,1099.0907970208355,1.0945209996862104,1.0945209996862104,1.0945209996862104,44000000,157073408,21658.065,0.0,0.0,0.0,17.0,2784.0,0.0,16,0,,,,
prefix,4096,/Users/vinroger/DATA/STUDY/latihan/about/exa-interview/e2e-inverted-bitplane-project/data/prefix-study-2026-09-13/pools/nomic-msmarco-d256/routers/ivf-4096-seed42,main-s00540,100,9,1,1000,1,True,True,0.40157,0.17585449950274779,0.2233398996850155,181.30702401595045,0.17585449950274779,0.17585449950274779,0.17585449950274779,44000000,157073408,1614.029,0.0,0.0,0.0,13.896,246.87,3.104,16,1000,,,,
branch,1,,main-s00003,1,1,1,1000,1,True,True,0.949,7.64616649985328,9.817362199737545,7986.294816988448,7.64616649985328,7.64616649985328,7.64616649985328,72000000,821149696,4779.81,511.926,6953281.25,1045562.5,0.0,0.0,0.0,,,128,512,0,42
branch,1,,main-s00011,100,1,1,1000,1,True,True,0.64693,7.658583499960514,9.830237200458214,8009.3550980036525,7.658583499960514,7.658583499960514,7.658583499960514,72000000,821149696,4780.842,512.0,6954093.75,1045906.25,0.0,0.0,0.0,,,128,512,0,42
branch,1,,main-s00010,10,1,1,1000,1,True,True,1.0,306.53439599973353,328.0346003501563,294465.57964799646,306.53439599973353,306.53439599973353,306.53439599973353,72000000,821149696,999374.871,2391.462,18689781.25,18676812.5,0.0,0.0,0.0,,,2048,8192,0,42
branch,1,,main-s00013,100,1,1,1000,1,True,True,0.9632,45.06847949960502,54.39747885002362,43866.21481900238,45.06847949960502,45.06847949960502,45.06847949960502,72000000,821149696,140506.428,512.0,5820812.5,2179187.5,0.0,0.0,0.0,,,2048,512,0,42
branch,1,,main-s00012,100,1,1,1000,1,True,True,0.98674,186.7556454994883,239.88746665063445,193941.37269000566,186.7556454994883,186.7556454994883,186.7556454994883,72000000,821149696,154920.512,8192.0,89412187.5,38587812.5,0.0,0.0,0.0,,,128,8192,0,42
branch,1,,main-s00006,1,1,1,1000,1,True,True,1.0,304.2321045004428,327.16049969999403,287331.7985540043,304.2321045004428,304.2321045004428,304.2321045004428,72000000,821149696,970935.991,2336.378,18434906.25,18071000.0,0.0,0.0,0.0,,,2048,8192,0,42
branch,1,,main-s00009,10,1,1,1000,1,True,True,0.9897,44.95374999987689,55.50883270034319,43721.725598999,44.95374999987689,44.95374999987689,44.95374999987689,72000000,821149696,140506.428,512.0,5820812.5,2179187.5,0.0,0.0,0.0,,,2048,512,0,42
branch,1,,main-s00008,10,1,1,1000,1,True,True,0.9978,187.85033349968216,238.8196690506902,194337.26607401695,187.85033349968216,187.85033349968216,187.85033349968216,72000000,821149696,154920.512,8192.0,89412187.5,38587812.5,0.0,0.0,0.0,,,128,8192,0,42
branch,1,,main-s00005,1,1,1,1000,1,True,True,0.999,44.936770999811415,54.49927320078132,43552.714692020345,44.936770999811415,44.936770999811415,44.936770999811415,72000000,821149696,140420.468,511.651,5816859.375,2177687.5,0.0,0.0,0.0,,,2048,512,0,42
branch,1,,main-s00007,10,1,1,1000,1,True,True,0.8584,7.641583500117122,9.829978849393228,7989.066242022091,7.641583500117122,7.641583500117122,7.641583500117122,72000000,821149696,4780.842,512.0,6954093.75,1045906.25,0.0,0.0,0.0,,,128,512,0,42
branch,1,,main-s00014,100,1,1,1000,1,True,True,1.0,307.2130834998461,327.91828124945823,296875.50088503305,307.2130834998461,307.2130834998461,307.2130834998461,72000000,821149696,1000000.0,2392.481,18693218.75,18689296.875,0.0,0.0,0.0,,,2048,8192,0,42
branch,1,,main-s00004,1,1,1,1000,1,True,True,1.0,186.82679150060721,238.92289964887823,192647.0904440339,186.82679150060721,186.82679150060721,186.82679150060721,72000000,821149696,154042.299,8149.747,88988218.75,38351578.125,0.0,0.0,0.0,,,128,8192,0,42
branch,1024,/Users/vinroger/DATA/STUDY/latihan/about/exa-interview/e2e-inverted-bitplane-project/data/prefix-study-2026-09-13/pools/nomic-msmarco-d256/routers/ivf-1024-seed42,main-s00244,1,176,1,1000,1,True,True,0.001,0.18483299936633557,0.21580865068244745,189.68866200157208,0.18483299936633557,0.18483299936633557,0.18483299936633557,73024000,218759168,42.468,512.0,8041.036,7.221,0.0,0.0,0.0,,,128,512,0,42
branch,1024,/Users/vinroger/DATA/STUDY/latihan/about/exa-interview/e2e-inverted-bitplane-project/data/prefix-study-2026-09-13/pools/nomic-msmarco-d256/routers/ivf-1024-seed42,main-s00236,1,29,1,1000,1,True,True,0.465,0.2961465006592334,0.5321181500221427,313.2572889790026,0.2961465006592334,0.2961465006592334,0.2961465006592334,73024000,218759168,3090.437,512.0,7515.263,843.938,0.0,0.0,0.0,,,128,512,0,42
branch,1024,/Users/vinroger/DATA/STUDY/latihan/about/exa-interview/e2e-inverted-bitplane-project/data/prefix-study-2026-09-13/pools/nomic-msmarco-d256/routers/ivf-1024-seed42,main-s00262,10,49,1,1000,1,True,True,0.9,1.9058959996982594,2.1284708493112703,1906.6023840186972,1.9058959996982594,1.9058959996982594,1.9058959996982594,73024000,218759168,48021.36,49.498,10.895,781.061,0.0,0.0,0.0,,,2048,512,0,42
branch,1024,/Users/vinroger/DATA/STUDY/latihan/about/exa-interview/e2e-inverted-bitplane-project/data/prefix-study-2026-09-13/pools/nomic-msmarco-d256/routers/ivf-1024-seed42,main-s00254,10,3,1,1000,1,True,True,0.5565,0.15533349960605847,0.20008304909424623,156.97345301850874,0.15533349960605847,0.15533349960605847,0.15533349960605847,73024000,218759168,3082.531,3.094,2.059,50.873,0.0,0.0,0.0,,,2048,512,0,42
branch,1024,/Users/vinroger/DATA/STUDY/latihan/about/exa-interview/e2e-inverted-bitplane-project/data/prefix-study-2026-09-13/pools/nomic-msmarco-d256/routers/ivf-1024-seed42,main-s00247,1,176,1,1000,1,True,True,0.99,7.153270499657083,7.7938610500496,7159.010922019661,7.153270499657083,7.153270499657083,7.153270499657083,73024000,218759168,171491.395,177.143,24.98,2780.931,0.0,0.0,0.0,,,2048,8192,0,42
branch,1024,/Users/vinroger/DATA/STUDY/latihan/about/exa-interview/e2e-inverted-bitplane-project/data/prefix-study-2026-09-13/pools/nomic-msmarco-d256/routers/ivf-1024-seed42,main-s00271,10,345,1,1000,1,True,True,0.9902,13.065520999589353,14.044882699727168,13094.853148997572,13.065520999589353,13.065520999589353,13.065520999589353,73024000,218759168,336897.756,346.913,41.709,5458.194,0.0,0.0,0.0,,,2048,8192,0,42
branch,1024,/Users/vinroger/DATA/STUDY/latihan/about/exa-interview/e2e-inverted-bitplane-project/data/prefix-study-2026-09-13/pools/nomic-msmarco-d256/routers/ivf-1024-seed42,main-s00250,1,1024,1,1000,1,True,True,0.992,20.59477100010554,21.408118749968708,20615.802936992623,20.59477100010554,20.59477100010554,20.59477100010554,73024000,218759168,500070.191,512.0,18.915,8064.674,0.0,0.0,0.0,,,2048,512,0,42
branch,1024,/Users/vinroger/DATA/STUDY/latihan/about/exa-interview/e2e-inverted-bitplane-project/data/prefix-study-2026-09-13/pools/nomic-msmarco-d256/routers/ivf-1024-seed42,main-s00283,100,34,1,1000,1,True,True,0.80024,1.3862084997526836,1.5888735502812779,1394.8098820001178,1.3862084997526836,1.3862084997526836,1.3862084997526836,73024000,218759168,33473.982,34.335,7.3,544.268,0.0,0.0,0.0,,,2048,8192,0,42
branch,1024,/Users/vinroger/DATA/STUDY/latihan/about/exa-interview/e2e-inverted-bitplane-project/data/prefix-study-2026-09-13/pools/nomic-msmarco-d256/routers/ivf-1024-seed42,main-s00298,100,1024,1,1000,1,True,True,0.98816,19.389895999665896,20.538321449748764,19445.75724401693,19.389895999665896,19.389895999665896,19.389895999665896,73024000,218759168,500070.191,512.0,18.915,8064.674,0.0,0.0,0.0,,,2048,512,0,42
branch,1024,/Users/vinroger/DATA/STUDY/latihan/about/exa-interview/e2e-inverted-bitplane-project/data/prefix-study-2026-09-13/pools/nomic-msmarco-d256/routers/ivf-1024-seed42,main-s00287,100,87,1,1000,1,True,True,0.90028,3.417353999793704,3.8180457991984436,3438.254616001359,3.417353999793704,3.417353999793704,3.417353999793704,73024000,218759168,84827.422,87.679,14.842,1377.273,0.0,0.0,0.0,,,2048,8192,0,42
branch,1024,/Users/vinroger/DATA/STUDY/latihan/about/exa-interview/e2e-inverted-bitplane-project/data/prefix-study-2026-09-13/pools/nomic-msmarco-d256/routers/ivf-1024-seed42,main-s00243,1,65,1,1000,1,True,True,0.951,2.754729501248221,3.0282204988907324,2751.374134004436,2.754729501248221,2.754729501248221,2.754729501248221,73024000,218759168,63471.262,65.573,12.558,1031.324,0.0,0.0,0.0,,,2048,8192,0,42
branch,1024,/Users/vinroger/DATA/STUDY/latihan/about/exa-interview/e2e-inverted-bitplane-project/data/prefix-study-2026-09-13/pools/nomic-msmarco-d256/routers/ivf-1024-seed42,main-s00288,100,171,1,1000,1,True,True,0.0007,0.1826664993131999,0.21243159881123574,186.6982250194269,0.1826664993131999,0.1826664993131999,0.1826664993131999,73024000,218759168,46.233,512.0,8040.147,7.956,0.0,0.0,0.0,,,128,512,0,42
branch,1024,/Users/vinroger/DATA/STUDY/latihan/about/exa-interview/e2e-inverted-bitplane-project/data/prefix-study-2026-09-13/pools/nomic-msmarco-d256/routers/ivf-1024-seed42,main-s00251,1,1024,1,1000,1,True,True,1.0,40.9060629999658,43.82343814913838,41185.098314032075,40.9060629999658,40.9060629999658,40.9060629999658,73024000,218759168,1000000.0,1037.284,287.584,16293.818,0.0,0.0,0.0,,,2048,8192,0,42
branch,1024,/Users/vinroger/DATA/STUDY/latihan/about/exa-interview/e2e-inverted-bitplane-project/data/prefix-study-2026-09-13/pools/nomic-msmarco-d256/routers/ivf-1024-seed42,main-s00281,100,34,1,1000,1,True,True,0.80024,1.9437499995547114,2.273368750047666,1947.1605410162738,1.9437499995547114,1.9437499995547114,1.9437499995547114,73024000,218759168,33473.982,1923.849,17618.524,15321.644,0.0,0.0,0.0,,,128,8192,0,42
branch,1024,/Users/vinroger/DATA/STUDY/latihan/about/exa-interview/e2e-inverted-bitplane-project/data/prefix-study-2026-09-13/pools/nomic-msmarco-d256/routers/ivf-1024-seed42,main-s00261,10,49,1,1000,1,True,True,0.9,2.790666499095096,3.235142299308791,2799.7518429856427,2.790666499095096,2.790666499095096,2.790666499095096,73024000,218759168,48021.322,2710.716,24680.98,21541.729,0.0,0.0,0.0,,,128,8192,0,42
branch,1024,/Users/vinroger/DATA/STUDY/latihan/about/exa-interview/e2e-inverted-bitplane-project/data/prefix-study-2026-09-13/pools/nomic-msmarco-d256/routers/ivf-1024-seed42,main-s00270,10,345,1,1000,1,True,True,0.9902,12.997979000829218,13.556995499766344,12998.30313701932,12.997979000829218,12.997979000829218,12.997979000829218,73024000,218759168,336897.756,346.913,41.709,5458.194,0.0,0.0,0.0,,,2048,512,0,42
branch,1024,/Users/vinroger/DATA/STUDY/latihan/about/exa-interview/e2e-inverted-bitplane-project/data/prefix-study-2026-09-13/pools/nomic-msmarco-d256/routers/ivf-1024-seed42,main-s00228,1,2,1,1000,1,True,True,0.601,0.14416649992199382,0.19825210147246253,147.14338399426197,0.14416649992199382,0.14416649992199382,0.14416649992199382,73024000,218759168,2072.47,135.949,1334.201,1133.845,0.0,0.0,0.0,,,128,512,0,42
branch,1024,/Users/vinroger/DATA/STUDY/latihan/about/exa-interview/e2e-inverted-bitplane-project/data/prefix-study-2026-09-13/pools/nomic-msmarco-d256/routers/ivf-1024-seed42,main-s00277,100,5,1,1000,1,True,True,0.53191,0.32752100014477037,0.4192413513010251,332.1983810237725,0.32752100014477037,0.32752100014477037,0.32752100014477037,73024000,218759168,5115.291,321.616,3090.703,2646.275,0.0,0.0,0.0,,,128,8192,0,42
branch,1024,/Users/vinroger/DATA/STUDY/latihan/about/exa-interview/e2e-inverted-bitplane-project/data/prefix-study-2026-09-13/pools/nomic-msmarco-d256/routers/ivf-1024-seed42,main-s00246,1,176,1,1000,1,True,True,0.99,7.244729499689129,7.889295498989667,7264.545981015544,7.244729499689129,7.244729499689129,7.244729499689129,73024000,218759168,171491.395,177.143,24.98,2780.931,0.0,0.0,0.0,,,2048,512,0,42
branch,1024,/Users/vinroger/DATA/STUDY/latihan/about/exa-interview/e2e-inverted-bitplane-project/data/prefix-study-2026-09-13/pools/nomic-msmarco-d256/routers/ivf-1024-seed42,main-s00264,10,108,1,1000,1,True,True,0.0045,0.18172950058215065,0.22510035023515224,189.73799299419625,0.18172950058215065,0.18172950058215065,0.18172950058215065,73024000,218759168,146.028,512.0,8028.605,24.687,0.0,0.0,0.0,,,128,512,0,42
branch,1024,/Users/vinroger/DATA/STUDY/latihan/about/exa-interview/e2e-inverted-bitplane-project/data/prefix-study-2026-09-13/pools/nomic-msmarco-d256/routers/ivf-1024-seed42,main-s00278,100,5,1,1000,1,True,True,0.53191,0.271666999651643,0.33267644903389737,273.1647610435175,0.271666999651643,0.271666999651643,0.271666999651643,73024000,218759168,5115.291,5.114,2.504,83.879,0.0,0.0,0.0,,,2048,512,0,42
branch,1024,/Users/vinroger/DATA/STUDY/latihan/about/exa-interview/e2e-inverted-bitplane-project/data/prefix-study-2026-09-13/pools/nomic-msmarco-d256/routers/ivf-1024-seed42,main-s00260,10,49,1,1000,1,True,True,0.0786,0.18604199976834934,0.37974790111547896,217.31128702413116,0.18604199976834934,0.18604199976834934,0.18604199976834934,73024000,218759168,952.35,512.0,7975.674,178.14,0.0,0.0,0.0,,,128,512,0,42
branch,1024,/Users/vinroger/DATA/STUDY/latihan/about/exa-interview/e2e-inverted-bitplane-project/data/prefix-study-2026-09-13/pools/nomic-msmarco-d256/routers/ivf-1024-seed42,main-s00233,1,9,1,1000,1,True,True,0.814,0.5359374999898137,0.6560892989000422,540.3952189863048,0.5359374999898137,0.5359374999898137,0.5359374999898137,73024000,218759168,9088.208,556.058,5266.186,4518.052,0.0,0.0,0.0,,,128,8192,0,42
branch,1024,/Users/vinroger/DATA/STUDY/latihan/about/exa-interview/e2e-inverted-bitplane-project/data/prefix-study-2026-09-13/pools/nomic-msmarco-d256/routers/ivf-1024-seed42,main-s00232,1,9,1,1000,1,True,True,0.813,0.466853999569139,0.5555648994231888,466.56412901393196,0.466853999569139,0.466853999569139,0.466853999569139,73024000,218759168,7639.896,483.633,4966.736,3407.992,0.0,0.0,0.0,,,128,512,0,42
branch,1024,/Users/vinroger/DATA/STUDY/latihan/about/exa-interview/e2e-inverted-bitplane-project/data/prefix-study-2026-09-13/pools/nomic-msmarco-d256/routers/ivf-1024-seed42,main-s00238,1,29,1,1000,1,True,True,0.906,1.2065204991813516,1.3758958009020714,1209.7510519779462,1.2065204991813516,1.2065204991813516,1.2065204991813516,73024000,218759168,28586.182,29.296,6.479,464.913,0.0,0.0,0.0,,,2048,512,0,42
branch,1024,/Users/vinroger/DATA/STUDY/latihan/about/exa-interview/e2e-inverted-bitplane-project/data/prefix-study-2026-09-13/pools/nomic-msmarco-d256/routers/ivf-1024-seed42,main-s00290,100,171,1,1000,1,True,True,0.95043,6.586583000171231,7.210944050439139,6599.434402967745,6.586583000171231,6.586583000171231,6.586583000171231,73024000,218759168,166596.467,172.117,24.393,2701.732,0.0,0.0,0.0,,,2048,512,0,42
branch,1024,/Users/vinroger/DATA/STUDY/latihan/about/exa-interview/e2e-inverted-bitplane-project/data/prefix-study-2026-09-13/pools/nomic-msmarco-d256/routers/ivf-1024-seed42,main-s00291,100,171,1,1000,1,True,True,0.95043,6.637708500420558,7.312489301239111,6666.475545984213,6.637708500420558,6.637708500420558,6.637708500420558,73024000,218759168,166596.467,172.117,24.393,2701.732,0.0,0.0,0.0,,,2048,8192,0,42
branch,1024,/Users/vinroger/DATA/STUDY/latihan/about/exa-interview/e2e-inverted-bitplane-project/data/prefix-study-2026-09-13/pools/nomic-msmarco-d256/routers/ivf-1024-seed42,main-s00296,100,1024,1,1000,1,True,True,6e-05,0.28412499978003325,0.3049996991649095,287.9683290157118,0.28412499978003325,0.28412499978003325,0.28412499978003325,73024000,218759168,16.826,512.0,8083.231,0.358,0.0,0.0,0.0,,,128,512,0,42
branch,1024,/Users/vinroger/DATA/STUDY/latihan/about/exa-interview/e2e-inverted-bitplane-project/data/prefix-study-2026-09-13/pools/nomic-msmarco-d256/routers/ivf-1024-seed42,main-s00241,1,65,1,1000,1,True,True,0.951,3.7678959997720085,4.346735101171362,3781.090813978153,3.7678959997720085,3.7678959997720085,3.7678959997720085,73024000,218759168,63362.603,3531.056,32026.414,27975.329,0.0,0.0,0.0,,,128,8192,0,42
branch,1024,/Users/vinroger/DATA/STUDY/latihan/about/exa-interview/e2e-inverted-bitplane-project/data/prefix-study-2026-09-13/pools/nomic-msmarco-d256/routers/ivf-1024-seed42,main-s00231,1,2,1,1000,1,True,True,0.601,0.12066699946444714,0.15875210092417547,122.36659897280333,0.12066699946444714,0.12066699946444714,0.12066699946444714,73024000,218759168,2073.908,2.091,1.991,34.577,0.0,0.0,0.0,,,2048,8192,0,42
branch,1024,/Users/vinroger/DATA/STUDY/latihan/about/exa-interview/e2e-inverted-bitplane-project/data/prefix-study-2026-09-13/pools/nomic-msmarco-d256/routers/ivf-1024-seed42,main-s00242,1,65,1,1000,1,True,True,0.951,2.710646000195993,3.021812849328853,2715.3807529957703,2.710646000195993,2.710646000195993,2.710646000195993,73024000,218759168,63471.262,65.573,12.558,1031.324,0.0,0.0,0.0,,,2048,512,0,42
branch,1024,/Users/vinroger/DATA/STUDY/latihan/about/exa-interview/e2e-inverted-bitplane-project/data/prefix-study-2026-09-13/pools/nomic-msmarco-d256/routers/ivf-1024-seed42,main-s00240,1,65,1,1000,1,True,True,0.024,0.1781249993655365,0.3049545009162102,196.86416700096743,0.1781249993655365,0.1781249993655365,0.1781249993655365,73024000,218759168,472.598,512.0,8005.446,83.184,0.0,0.0,0.0,,,128,512,0,42
branch,1024,/Users/vinroger/DATA/STUDY/latihan/about/exa-interview/e2e-inverted-bitplane-project/data/prefix-study-2026-09-13/pools/nomic-msmarco-d256/routers/ivf-1024-seed42,main-s00248,1,1024,1,1000,1,True,True,0.001,0.28370799918775447,0.30014375061000464,286.4248860078078,0.28370799918775447,0.28370799918775447,0.28370799918775447,73024000,218759168,16.826,512.0,8083.231,0.358,0.0,0.0,0.0,,,128,512,0,42
branch,1024,/Users/vinroger/DATA/STUDY/latihan/about/exa-interview/e2e-inverted-bitplane-project/data/prefix-study-2026-09-13/pools/nomic-msmarco-d256/routers/ivf-1024-seed42,main-s00285,100,87,1,1000,1,True,True,0.90028,5.023124999752326,5.705501749980612,5029.730275997281,5.023124999752326,5.023124999752326,5.023124999752326,73024000,218759168,84827.422,4656.09,42114.381,36953.609,0.0,0.0,0.0,,,128,8192,0,42
branch,1024,/Users/vinroger/DATA/STUDY/latihan/about/exa-interview/e2e-inverted-bitplane-project/data/prefix-study-2026-09-13/pools/nomic-msmarco-d256/routers/ivf-1024-seed42,main-s00267,10,108,1,1000,1,True,True,0.9501,4.109020999749191,4.403464900497056,4095.250767973994,4.109020999749191,4.109020999749191,4.109020999749191,73024000,218759168,105220.109,108.806,17.622,1707.837,0.0,0.0,0.0,,,2048,8192,0,42
branch,1024,/Users/vinroger/DATA/STUDY/latihan/about/exa-interview/e2e-inverted-bitplane-project/data/prefix-study-2026-09-13/pools/nomic-msmarco-d256/routers/ivf-1024-seed42,main-s00230,1,2,1,1000,1,True,True,0.601,0.1205829994432861,0.15764375139042383,122.59911704859405,0.1205829994432861,0.1205829994432861,0.1205829994432861,73024000,218759168,2073.908,2.091,1.991,34.577,0.0,0.0,0.0,,,2048,512,0,42
branch,1024,/Users/vinroger/DATA/STUDY/latihan/about/exa-interview/e2e-inverted-bitplane-project/data/prefix-study-2026-09-13/pools/nomic-msmarco-d256/routers/ivf-1024-seed42,main-s00258,10,18,1,1000,1,True,True,0.8049,0.7347920000029262,0.8478423004817159,736.872837989722,0.7347920000029262,0.7347920000029262,0.7347920000029262,73024000,218759168,17903.866,18.214,4.697,291.474,0.0,0.0,0.0,,,2048,512,0,42
branch,1024,/Users/vinroger/DATA/STUDY/latihan/about/exa-interview/e2e-inverted-bitplane-project/data/prefix-study-2026-09-13/pools/nomic-msmarco-d256/routers/ivf-1024-seed42,main-s00292,100,427,1,1000,1,True,True,6e-05,0.20954149931640131,0.22613750106756925,211.28607802893384,0.20954149931640131,0.20954149931640131,0.20954149931640131,73024000,218759168,13.63,512.0,8070.285,0.29,0.0,0.0,0.0,,,128,512,0,42
branch,1024,/Users/vinroger/DATA/STUDY/latihan/about/exa-interview/e2e-inverted-bitplane-project/data/prefix-study-2026-09-13/pools/nomic-msmarco-d256/routers/ivf-1024-seed42,main-s00274,10,1024,1,1000,1,True,True,0.9896,19.314271000439476,20.101239899577195,19338.6474719955,19.314271000439476,19.314271000439476,19.314271000439476,73024000,218759168,500070.191,512.0,18.915,8064.674,0.0,0.0,0.0,,,2048,512,0,42
branch,1024,/Users/vinroger/DATA/STUDY/latihan/about/exa-interview/e2e-inverted-bitplane-project/data/prefix-study-2026-09-13/pools/nomic-msmarco-d256/routers/ivf-1024-seed42,main-s00294,100,427,1,1000,1,True,True,0.99,16.087041500213672,16.758912199475162,16098.381319012333,16.087041500213672,16.087041500213672,16.087041500213672,73024000,218759168,417488.039,429.318,50.459,6762.627,0.0,0.0,0.0,,,2048,512,0,42
branch,1024,/Users/vinroger/DATA/STUDY/latihan/about/exa-interview/e2e-inverted-bitplane-project/data/prefix-study-2026-09-13/pools/nomic-msmarco-d256/routers/ivf-1024-seed42,main-s00253,10,3,1,1000,1,True,True,0.5565,0.1987289997487096,0.26946424986817874,202.15689401629788,0.1987289997487096,0.1987289997487096,0.1987289997487096,73024000,218759168,3082.531,198.66,1926.945,1643.649,0.0,0.0,0.0,,,128,8192,0,42
branch,1024,/Users/vinroger/DATA/STUDY/latihan/about/exa-interview/e2e-inverted-bitplane-project/data/prefix-study-2026-09-13/pools/nomic-msmarco-d256/routers/ivf-1024-seed42,main-s00279,100,5,1,1000,1,True,True,0.53191,0.26631250057107536,0.32604404987068847,268.580786030725,0.26631250057107536,0.26631250057107536,0.26631250057107536,73024000,218759168,5115.291,5.114,2.504,83.879,0.0,0.0,0.0,,,2048,8192,0,42
branch,1024,/Users/vinroger/DATA/STUDY/latihan/about/exa-interview/e2e-inverted-bitplane-project/data/prefix-study-2026-09-13/pools/nomic-msmarco-d256/routers/ivf-1024-seed42,main-s00266,10,108,1,1000,1,True,True,0.9501,4.091792000508576,4.384001801190607,4081.7393780052953,4.091792000508576,4.091792000508576,4.091792000508576,73024000,218759168,105220.109,108.806,17.622,1707.837,0.0,0.0,0.0,,,2048,512,0,42
branch,1024,/Users/vinroger/DATA/STUDY/latihan/about/exa-interview/e2e-inverted-bitplane-project/data/prefix-study-2026-09-13/pools/nomic-msmarco-d256/routers/ivf-1024-seed42,main-s00289,100,171,1,1000,1,True,True,0.94647,9.372104500471323,10.691886049608001,9288.382522952816,9.372104500471323,9.372104500471323,9.372104500471323,73024000,218759168,145343.591,7916.728,76390.415,56821.518,0.0,0.0,0.0,,,128,8192,0,42
branch,1024,/Users/vinroger/DATA/STUDY/latihan/about/exa-interview/e2e-inverted-bitplane-project/data/prefix-study-2026-09-13/pools/nomic-msmarco-d256/routers/ivf-1024-seed42,main-s00276,100,5,1,1000,1,True,True,0.53189,0.3315834992463351,0.41729404983925633,335.6447140304226,0.3315834992463351,0.3315834992463351,0.3315834992463351,73024000,218759168,5105.646,321.004,3089.305,2632.559,0.0,0.0,0.0,,,128,512,0,42
branch,1024,/Users/vinroger/DATA/STUDY/latihan/about/exa-interview/e2e-inverted-bitplane-project/data/prefix-study-2026-09-13/pools/nomic-msmarco-d256/routers/ivf-1024-seed42,main-s00275,10,1024,1,1000,1,True,True,1.0,38.26062500047556,39.558739899894135,38430.32518293148,38.26062500047556,38.26062500047556,38.26062500047556,73024000,218759168,1000000.0,1037.284,287.584,16293.818,0.0,0.0,0.0,,,2048,8192,0,42
branch,1024,/Users/vinroger/DATA/STUDY/latihan/about/exa-interview/e2e-inverted-bitplane-project/data/prefix-study-2026-09-13/pools/nomic-msmarco-d256/routers/ivf-1024-seed42,main-s00252,10,3,1,1000,1,True,True,0.5565,0.19804149997071363,0.2670701994247793,201.63178999064257,0.19804149997071363,0.19804149997071363,0.19804149997071363,73024000,218759168,3082.531,198.66,1926.945,1643.649,0.0,0.0,0.0,,,128,512,0,42
branch,1024,/Users/vinroger/DATA/STUDY/latihan/about/exa-interview/e2e-inverted-bitplane-project/data/prefix-study-2026-09-13/pools/nomic-msmarco-d256/routers/ivf-1024-seed42,main-s00269,10,345,1,1000,1,True,True,0.959,8.334187999935239,10.673593399133095,8356.858314973579,8.334187999935239,8.334187999935239,8.334187999935239,73024000,218759168,112819.698,8192.0,97870.081,37376.005,0.0,0.0,0.0,,,128,8192,0,42
branch,1024,/Users/vinroger/DATA/STUDY/latihan/about/exa-interview/e2e-inverted-bitplane-project/data/prefix-study-2026-09-13/pools/nomic-msmarco-d256/routers/ivf-1024-seed42,main-s00273,10,1024,1,1000,1,True,True,0.1078,3.509479000058491,7.749747949947048,4062.303992011948,3.509479000058491,3.509479000058491,3.509479000058491,73024000,218759168,28192.361,8192.0,124587.89,5852.039,0.0,0.0,0.0,,,128,8192,0,42
branch,1024,/Users/vinroger/DATA/STUDY/latihan/about/exa-interview/e2e-inverted-bitplane-project/data/prefix-study-2026-09-13/pools/nomic-msmarco-d256/routers/ivf-1024-seed42,main-s00299,100,1024,1,1000,1,True,True,1.0,38.28549999980169,39.93684614979429,38489.736970001104,38.28549999980169,38.28549999980169,38.28549999980169,73024000,218759168,1000000.0,1037.284,287.584,16293.818,0.0,0.0,0.0,,,2048,8192,0,42
branch,1024,/Users/vinroger/DATA/STUDY/latihan/about/exa-interview/e2e-inverted-bitplane-project/data/prefix-study-2026-09-13/pools/nomic-msmarco-d256/routers/ivf-1024-seed42,main-s00284,100,87,1,1000,1,True,True,0.00689,0.1843329991970677,0.2768875000583648,199.16350501625857,0.1843329991970677,0.1843329991970677,0.1843329991970677,73024000,218759168,253.975,512.0,8020.431,43.023,0.0,0.0,0.0,,,128,512,0,42
branch,1024,/Users/vinroger/DATA/STUDY/latihan/about/exa-interview/e2e-inverted-bitplane-project/data/prefix-study-2026-09-13/pools/nomic-msmarco-d256/routers/ivf-1024-seed42,main-s00256,10,18,1,1000,1,True,True,0.7283,0.41891650016623316,0.570339899695682,418.26011502234905,0.41891650016623316,0.41891650016623316,0.41891650016623316,73024000,218759168,5718.468,512.0,6514.442,2055.675,0.0,0.0,0.0,,,128,512,0,42
branch,1024,/Users/vinroger/DATA/STUDY/latihan/about/exa-interview/e2e-inverted-bitplane-project/data/prefix-study-2026-09-13/pools/nomic-msmarco-d256/routers/ivf-1024-seed42,main-s00263,10,49,1,1000,1,True,True,0.9,1.885374499579484,2.0848690487582644,1885.341760042138,1.885374499579484,1.885374499579484,1.885374499579484,73024000,218759168,48021.36,49.498,10.895,781.061,0.0,0.0,0.0,,,2048,8192,0,42
branch,1024,/Users/vinroger/DATA/STUDY/latihan/about/exa-interview/e2e-inverted-bitplane-project/data/prefix-study-2026-09-13/pools/nomic-msmarco-d256/routers/ivf-1024-seed42,main-s00257,10,18,1,1000,1,True,True,0.8049,1.0322710004402325,1.2404975993376866,1034.6705150222988,1.0322710004402325,1.0322710004402325,1.0322710004402325,73024000,218759168,17903.866,1061.313,9843.561,8510.263,0.0,0.0,0.0,,,128,8192,0,42
branch,1024,/Users/vinroger/DATA/STUDY/latihan/about/exa-interview/e2e-inverted-bitplane-project/data/prefix-study-2026-09-13/pools/nomic-msmarco-d256/routers/ivf-1024-seed42,main-s00268,10,345,1,1000,1,True,True,0.0002,0.20347949975985102,0.2191982491240196,203.97065799261327,0.20347949975985102,0.20347949975985102,0.20347949975985102,73024000,218759168,9.87,512.0,8058.955,0.21,0.0,0.0,0.0,,,128,512,0,42
branch,1024,/Users/vinroger/DATA/STUDY/latihan/about/exa-interview/e2e-inverted-bitplane-project/data/prefix-study-2026-09-13/pools/nomic-msmarco-d256/routers/ivf-1024-seed42,main-s00239,1,29,1,1000,1,True,True,0.906,1.2132914998801425,1.3827628001308767,1217.8582289743645,1.2132914998801425,1.2132914998801425,1.2132914998801425,73024000,218759168,28586.182,29.296,6.479,464.913,0.0,0.0,0.0,,,2048,8192,0,42
branch,1024,/Users/vinroger/DATA/STUDY/latihan/about/exa-interview/e2e-inverted-bitplane-project/data/prefix-study-2026-09-13/pools/nomic-msmarco-d256/routers/ivf-1024-seed42,main-s00280,100,34,1,1000,1,True,True,0.21159,0.26570849968265975,0.5331270995156956,307.4207909357938,0.26570849968265975,0.26570849968265975,0.26570849968265975,73024000,218759168,2276.405,512.0,7734.32,554.8,0.0,0.0,0.0,,,128,512,0,42
branch,1024,/Users/vinroger/DATA/STUDY/latihan/about/exa-interview/e2e-inverted-bitplane-project/data/prefix-study-2026-09-13/pools/nomic-msmarco-d256/routers/ivf-1024-seed42,main-s00295,100,427,1,1000,1,True,True,0.99,16.106333499919856,16.81298299881746,16119.791231012641,16.106333499919856,16.106333499919856,16.106333499919856,73024000,218759168,417488.039,429.318,50.459,6762.627,0.0,0.0,0.0,,,2048,8192,0,42
branch,1024,/Users/vinroger/DATA/STUDY/latihan/about/exa-interview/e2e-inverted-bitplane-project/data/prefix-study-2026-09-13/pools/nomic-msmarco-d256/routers/ivf-1024-seed42,main-s00235,1,9,1,1000,1,True,True,0.814,0.40937549965747166,0.4907485505100339,410.84776002026047,0.40937549965747166,0.40937549965747166,0.40937549965747166,73024000,218759168,9097.764,9.146,3.192,148.563,0.0,0.0,0.0,,,2048,8192,0,42
branch,1024,/Users/vinroger/DATA/STUDY/latihan/about/exa-interview/e2e-inverted-bitplane-project/data/prefix-study-2026-09-13/pools/nomic-msmarco-d256/routers/ivf-1024-seed42,main-s00297,100,1024,1,1000,1,True,True,0.09892,3.4891249997599516,7.779073549954772,4082.7314849884715,3.4891249997599516,3.4891249997599516,3.4891249997599516,73024000,218759168,28192.361,8192.0,124587.89,5852.039,0.0,0.0,0.0,,,128,8192,0,42
branch,1024,/Users/vinroger/DATA/STUDY/latihan/about/exa-interview/e2e-inverted-bitplane-project/data/prefix-study-2026-09-13/pools/nomic-msmarco-d256/routers/ivf-1024-seed42,main-s00229,1,2,1,1000,1,True,True,0.601,0.14679150081065018,0.20449824969546163,149.48862199526047,0.14679150081065018,0.14679150081065018,0.14679150081065018,73024000,218759168,2072.47,135.949,1334.201,1133.845,0.0,0.0,0.0,,,128,8192,0,42
branch,1024,/Users/vinroger/DATA/STUDY/latihan/about/exa-interview/e2e-inverted-bitplane-project/data/prefix-study-2026-09-13/pools/nomic-msmarco-d256/routers/ivf-1024-seed42,main-s00255,10,3,1,1000,1,True,True,0.5565,0.16018750011426164,0.2095228999678511,161.87871198053472,0.16018750011426164,0.16018750011426164,0.16018750011426164,73024000,218759168,3082.531,3.094,2.059,50.873,0.0,0.0,0.0,,,2048,8192,0,42
branch,1024,/Users/vinroger/DATA/STUDY/latihan/about/exa-interview/e2e-inverted-bitplane-project/data/prefix-study-2026-09-13/pools/nomic-msmarco-d256/routers/ivf-1024-seed42,main-s00234,1,9,1,1000,1,True,True,0.814,0.4138959993724711,0.4927122007757134,414.5995870239858,0.4138959993724711,0.4138959993724711,0.4138959993724711,73024000,218759168,9097.764,9.146,3.192,148.563,0.0,0.0,0.0,,,2048,512,0,42
branch,1024,/Users/vinroger/DATA/STUDY/latihan/about/exa-interview/e2e-inverted-bitplane-project/data/prefix-study-2026-09-13/pools/nomic-msmarco-d256/routers/ivf-1024-seed42,main-s00293,100,427,1,1000,1,True,True,0.84334,7.753499498903693,10.362023248580954,7663.814550996904,7.753499498903693,7.753499498903693,7.753499498903693,73024000,218759168,97002.04,8192.0,104797.315,30109.553,0.0,0.0,0.0,,,128,8192,0,42
branch,1024,/Users/vinroger/DATA/STUDY/latihan/about/exa-interview/e2e-inverted-bitplane-project/data/prefix-study-2026-09-13/pools/nomic-msmarco-d256/routers/ivf-1024-seed42,main-s00286,100,87,1,1000,1,True,True,0.90028,3.370250000443775,3.6896437502946355,3364.6568869680777,3.370250000443775,3.370250000443775,3.370250000443775,73024000,218759168,84827.422,87.679,14.842,1377.273,0.0,0.0,0.0,,,2048,512,0,42
branch,1024,/Users/vinroger/DATA/STUDY/latihan/about/exa-interview/e2e-inverted-bitplane-project/data/prefix-study-2026-09-13/pools/nomic-msmarco-d256/routers/ivf-1024-seed42,main-s00245,1,176,1,1000,1,True,True,0.989,9.492146000411594,10.846381249302794,9411.831481982517,9.492146000411594,9.492146000411594,9.492146000411594,73024000,218759168,145685.347,7975.907,77774.995,56256.783,0.0,0.0,0.0,,,128,8192,0,42
branch,1024,/Users/vinroger/DATA/STUDY/latihan/about/exa-interview/e2e-inverted-bitplane-project/data/prefix-study-2026-09-13/pools/nomic-msmarco-d256/routers/ivf-1024-seed42,main-s00237,1,29,1,1000,1,True,True,0.906,1.6806459989311406,1.9860642505591384,1681.7848780192435,1.6806459989311406,1.6806459989311406,1.6806459989311406,73024000,218759168,28547.092,1654.531,15188.414,13167.601,0.0,0.0,0.0,,,128,8192,0,42
branch,1024,/Users/vinroger/DATA/STUDY/latihan/about/exa-interview/e2e-inverted-bitplane-project/data/prefix-study-2026-09-13/pools/nomic-msmarco-d256/routers/ivf-1024-seed42,main-s00249,1,1024,1,1000,1,True,True,0.115,3.591187500205706,8.176683649799088,4238.568785003736,3.591187500205706,3.591187500205706,3.591187500205706,73024000,218759168,28192.361,8192.0,124587.89,5852.039,0.0,0.0,0.0,,,128,8192,0,42
branch,1024,/Users/vinroger/DATA/STUDY/latihan/about/exa-interview/e2e-inverted-bitplane-project/data/prefix-study-2026-09-13/pools/nomic-msmarco-d256/routers/ivf-1024-seed42,main-s00259,10,18,1,1000,1,True,True,0.8049,0.7268539993674494,0.837613148996752,730.0321540005825,0.7268539993674494,0.7268539993674494,0.7268539993674494,73024000,218759168,17903.866,18.214,4.697,291.474,0.0,0.0,0.0,,,2048,8192,0,42
branch,1024,/Users/vinroger/DATA/STUDY/latihan/about/exa-interview/e2e-inverted-bitplane-project/data/prefix-study-2026-09-13/pools/nomic-msmarco-d256/routers/ivf-1024-seed42,main-s00265,10,108,1,1000,1,True,True,0.9501,6.453562999922724,7.323104499300825,6438.582630989913,6.453562999922724,6.453562999922724,6.453562999922724,73024000,218759168,105168.249,5710.217,51585.107,45333.404,0.0,0.0,0.0,,,128,8192,0,42
branch,1024,/Users/vinroger/DATA/STUDY/latihan/about/exa-interview/e2e-inverted-bitplane-project/data/prefix-study-2026-09-13/pools/nomic-msmarco-d256/routers/ivf-1024-seed42,main-s00272,10,1024,1,1000,1,True,True,0.0002,0.28420799935702235,0.304928550394834,287.6427889623301,0.28420799935702235,0.28420799935702235,0.28420799935702235,73024000,218759168,16.826,512.0,8083.231,0.358,0.0,0.0,0.0,,,128,512,0,42
branch,1024,/Users/vinroger/DATA/STUDY/latihan/about/exa-interview/e2e-inverted-bitplane-project/data/prefix-study-2026-09-13/pools/nomic-msmarco-d256/routers/ivf-1024-seed42,main-s00282,100,34,1,1000,1,True,True,0.80024,1.3812084998789942,1.5606148993356326,1384.423055978914,1.3812084998789942,1.3812084998789942,1.3812084998789942,73024000,218759168,33473.982,34.335,7.3,544.268,0.0,0.0,0.0,,,2048,512,0,42
prefix,1,,main-s00022,10,1,1,1000,1,True,True,0.5364,6.9042504992467,28.441635401395615,10224.327429981713,6.9042504992467,6.9042504992467,6.9042504992467,44000000,142508032,267891.285,0.0,0.0,0.0,12.389,24.778,4.611,16,100000,,,,
prefix,1,,main-s00029,100,1,1,1000,1,True,True,1.0,38.91643749921059,41.924172948256455,39218.3372199579,38.91643749921059,38.91643749921059,38.91643749921059,44000000,142508032,1000000.0,0.0,0.0,0.0,17.0,32.0,0.0,16,0,,,,
prefix,1,,main-s00019,1,1,1,1000,1,True,True,1.0,38.61658350069774,41.72170625006402,38906.605532996764,38.61658350069774,38.61658350069774,38.61658350069774,44000000,142508032,1000000.0,0.0,0.0,0.0,17.0,32.0,0.0,16,0,,,,
prefix,1,,main-s00017,1,1,1,1000,1,True,True,0.6,6.882333999783441,28.424094100410002,10196.46764996287,6.882333999783441,6.882333999783441,6.882333999783441,44000000,142508032,267891.285,0.0,0.0,0.0,12.389,24.778,4.611,16,100000,,,,
prefix,1,,main-s00027,100,1,1,1000,1,True,True,0.48161,6.979542000408401,28.567410400410154,10368.734078027046,6.979542000408401,6.979542000408401,6.979542000408401,44000000,142508032,267891.285,0.0,0.0,0.0,12.389,24.778,4.611,16,100000,,,,
prefix,1,,main-s00020,10,1,1,1000,1,True,True,0.0718,0.07135449959605467,0.1847372010161051,90.3255550074391,0.07135449959605467,0.07135449959605467,0.07135449959605467,44000000,142508032,2019.298,0.0,0.0,0.0,5.007,10.014,11.993,16,1000,,,,
prefix,1,,main-s00016,1,1,1,1000,1,True,True,0.246,0.5538124996746774,1.0691645515180421,638.6417020312365,0.5538124996746774,0.5538124996746774,0.5538124996746774,44000000,142508032,16245.516,0.0,0.0,0.0,8.759,17.518,8.241,16,10000,,,,
prefix,1,,main-s00023,10,1,1,1000,1,True,True,0.8562,28.072499999325373,38.00732434847305,27211.908376028077,28.072499999325373,28.072499999325373,28.072499999325373,44000000,142508032,704544.149,0.0,0.0,0.0,14.472,28.442,2.528,16,500000,,,,
prefix,1,,main-s00026,100,1,1,1000,1,True,True,0.1286,0.6152505002319231,1.1590917012654245,703.1462940030906,0.6152505002319231,0.6152505002319231,0.6152505002319231,44000000,142508032,16245.516,0.0,0.0,0.0,8.759,17.518,8.241,16,10000,,,,
prefix,1,,main-s00025,100,1,1,1000,1,True,True,0.04154,0.09545850025460823,0.21679585061065149,115.12583399417053,0.09545850025460823,0.09545850025460823,0.09545850025460823,44000000,142508032,2019.298,0.0,0.0,0.0,5.007,10.014,11.993,16,1000,,,,
prefix,1,,main-s00024,10,1,1,1000,1,True,True,1.0,38.82912449989817,41.61643990009907,39044.73953100387,38.82912449989817,38.82912449989817,38.82912449989817,44000000,142508032,1000000.0,0.0,0.0,0.0,17.0,32.0,0.0,16,0,,,,
prefix,1,,main-s00021,10,1,1,1000,1,True,True,0.182,0.5668954991051578,1.079866348663927,651.9149740415742,0.5668954991051578,0.5668954991051578,0.5668954991051578,44000000,142508032,16245.516,0.0,0.0,0.0,8.759,17.518,8.241,16,10000,,,,
prefix,1,,main-s00028,100,1,1,1000,1,True,True,0.83962,28.145999999651394,38.05711670102028,27306.49011904279,28.145999999651394,28.145999999651394,28.145999999651394,44000000,142508032,704544.149,0.0,0.0,0.0,14.472,28.442,2.528,16,500000,,,,
prefix,1,,main-s00018,1,1,1,1000,1,True,True,0.878,27.044020999710483,37.78455800065785,27104.98244302471,27.044020999710483,27.044020999710483,27.044020999710483,44000000,142508032,704544.149,0.0,0.0,0.0,14.472,28.442,2.528,16,500000,,,,
prefix,1,,main-s00015,1,1,1,1000,1,True,True,0.101,0.06864599890832324,0.17628570085435047,87.02312900641118,0.06864599890832324,0.06864599890832324,0.06864599890832324,44000000,142508032,2019.298,0.0,0.0,0.0,5.007,10.014,11.993,16,1000,,,,
scan,1,,main-s00002,100,1,1,1000,1,True,True,1.0,37.25049999957264,40.2132194002661,38129.2626409886,37.25049999957264,37.25049999957264,37.25049999957264,40000000,155254784,1000000.0,0.0,0.0,0.0,0.0,0.0,0.0,,,,,,
scan,1,,main-s00001,10,1,1,1000,1,True,True,1.0,37.165271000958455,40.18770035027046,37831.36557397847,37.165271000958455,37.165271000958455,37.165271000958455,40000000,155254784,1000000.0,0.0,0.0,0.0,0.0,0.0,0.0,,,,,,
scan,1,,main-s00000,1,1,1,1000,1,True,True,1.0,37.192104500718415,40.169123250325356,37898.31504797621,37.192104500718415,37.192104500718415,37.192104500718415,40000000,155254784,1000000.0,0.0,0.0,0.0,0.0,0.0,0.0,,,,,,
scan,1024,/Users/vinroger/DATA/STUDY/latihan/about/exa-interview/e2e-inverted-bitplane-project/data/prefix-study-2026-09-13/pools/nomic-msmarco-d256/routers/ivf-1024-seed42,main-s00223,100,34,1,1000,1,True,True,0.80024,1.337271000011242,1.5204999999696156,1342.4829599862278,1.337271000011242,1.337271000011242,1.337271000011242,40000000,180961280,33473.982,0.0,0.0,0.0,0.0,0.0,0.0,,,,,,
scan,1024,/Users/vinroger/DATA/STUDY/latihan/about/exa-interview/e2e-inverted-bitplane-project/data/prefix-study-2026-09-13/pools/nomic-msmarco-d256/routers/ivf-1024-seed42,main-s00224,100,87,1,1000,1,True,True,0.90028,3.304104000562802,3.641360449455533,3307.515081976817,3.304104000562802,3.304104000562802,3.304104000562802,40000000,180961280,84827.422,0.0,0.0,0.0,0.0,0.0,0.0,,,,,,
scan,1024,/Users/vinroger/DATA/STUDY/latihan/about/exa-interview/e2e-inverted-bitplane-project/data/prefix-study-2026-09-13/pools/nomic-msmarco-d256/routers/ivf-1024-seed42,main-s00216,10,3,1,1000,1,True,True,0.5565,0.14343749990075594,0.18743574937616356,145.00251200297498,0.14343749990075594,0.14343749990075594,0.14343749990075594,40000000,180961280,3082.531,0.0,0.0,0.0,0.0,0.0,0.0,,,,,,
scan,1024,/Users/vinroger/DATA/STUDY/latihan/about/exa-interview/e2e-inverted-bitplane-project/data/prefix-study-2026-09-13/pools/nomic-msmarco-d256/routers/ivf-1024-seed42,main-s00213,1,65,1,1000,1,True,True,0.951,2.4229794998973375,2.6443270992785983,2417.4757249820686,2.4229794998973375,2.4229794998973375,2.4229794998973375,40000000,180961280,63471.262,0.0,0.0,0.0,0.0,0.0,0.0,,,,,,
scan,1024,/Users/vinroger/DATA/STUDY/latihan/about/exa-interview/e2e-inverted-bitplane-project/data/prefix-study-2026-09-13/pools/nomic-msmarco-d256/routers/ivf-1024-seed42,main-s00227,100,1024,1,1000,1,True,True,1.0,37.585729000056745,40.39189790155433,37948.10512901313,37.585729000056745,37.585729000056745,37.585729000056745,40000000,180961280,1000000.0,0.0,0.0,0.0,0.0,0.0,0.0,,,,,,
scan,1024,/Users/vinroger/DATA/STUDY/latihan/about/exa-interview/e2e-inverted-bitplane-project/data/prefix-study-2026-09-13/pools/nomic-msmarco-d256/routers/ivf-1024-seed42,main-s00225,100,171,1,1000,1,True,True,0.95043,6.392645499545324,6.923980900501192,6398.71836200291,6.392645499545324,6.392645499545324,6.392645499545324,40000000,180961280,166596.467,0.0,0.0,0.0,0.0,0.0,0.0,,,,,,
scan,1024,/Users/vinroger/DATA/STUDY/latihan/about/exa-interview/e2e-inverted-bitplane-project/data/prefix-study-2026-09-13/pools/nomic-msmarco-d256/routers/ivf-1024-seed42,main-s00212,1,29,1,1000,1,True,True,0.906,1.0965209994537872,1.2367583485684008,1100.8989750043838,1.0965209994537872,1.0965209994537872,1.0965209994537872,40000000,180961280,28586.182,0.0,0.0,0.0,0.0,0.0,0.0,,,,,,
scan,1024,/Users/vinroger/DATA/STUDY/latihan/about/exa-interview/e2e-inverted-bitplane-project/data/prefix-study-2026-09-13/pools/nomic-msmarco-d256/routers/ivf-1024-seed42,main-s00222,100,5,1,1000,1,True,True,0.53191,0.2500414993846789,0.30441040025834804,251.71921998298785,0.2500414993846789,0.2500414993846789,0.2500414993846789,40000000,180961280,5115.291,0.0,0.0,0.0,0.0,0.0,0.0,,,,,,
scan,1024,/Users/vinroger/DATA/STUDY/latihan/about/exa-interview/e2e-inverted-bitplane-project/data/prefix-study-2026-09-13/pools/nomic-msmarco-d256/routers/ivf-1024-seed42,main-s00219,10,108,1,1000,1,True,True,0.9501,4.016208000393817,4.336814900580066,4006.8872349893354,4.016208000393817,4.016208000393817,4.016208000393817,40000000,180961280,105220.109,0.0,0.0,0.0,0.0,0.0,0.0,,,,,,
scan,1024,/Users/vinroger/DATA/STUDY/latihan/about/exa-interview/e2e-inverted-bitplane-project/data/prefix-study-2026-09-13/pools/nomic-msmarco-d256/routers/ivf-1024-seed42,main-s00221,10,1024,1,1000,1,True,True,1.0,37.572083500890585,39.169785749618306,37752.54395200136,37.572083500890585,37.572083500890585,37.572083500890585,40000000,180961280,1000000.0,0.0,0.0,0.0,0.0,0.0,0.0,,,,,,
scan,1024,/Users/vinroger/DATA/STUDY/latihan/about/exa-interview/e2e-inverted-bitplane-project/data/prefix-study-2026-09-13/pools/nomic-msmarco-d256/routers/ivf-1024-seed42,main-s00218,10,49,1,1000,1,True,True,0.9,1.838250501350558,2.025587200478185,1836.5562300423335,1.838250501350558,1.838250501350558,1.838250501350558,40000000,180961280,48021.36,0.0,0.0,0.0,0.0,0.0,0.0,,,,,,
scan,1024,/Users/vinroger/DATA/STUDY/latihan/about/exa-interview/e2e-inverted-bitplane-project/data/prefix-study-2026-09-13/pools/nomic-msmarco-d256/routers/ivf-1024-seed42,main-s00226,100,427,1,1000,1,True,True,0.99,15.873187500801578,17.231214250296034,15991.721809003138,15.873187500801578,15.873187500801578,15.873187500801578,40000000,180961280,417488.039,0.0,0.0,0.0,0.0,0.0,0.0,,,,,,
scan,1024,/Users/vinroger/DATA/STUDY/latihan/about/exa-interview/e2e-inverted-bitplane-project/data/prefix-study-2026-09-13/pools/nomic-msmarco-d256/routers/ivf-1024-seed42,main-s00215,1,1024,1,1000,1,True,True,1.0,37.55543750048673,40.09652565073338,37831.470643031935,37.55543750048673,37.55543750048673,37.55543750048673,40000000,180961280,1000000.0,0.0,0.0,0.0,0.0,0.0,0.0,,,,,,
scan,1024,/Users/vinroger/DATA/STUDY/latihan/about/exa-interview/e2e-inverted-bitplane-project/data/prefix-study-2026-09-13/pools/nomic-msmarco-d256/routers/ivf-1024-seed42,main-s00220,10,345,1,1000,1,True,True,0.9902,12.742249999973865,13.568814600512269,12764.859264983897,12.742249999973865,12.742249999973865,12.742249999973865,40000000,180961280,336897.756,0.0,0.0,0.0,0.0,0.0,0.0,,,,,,
scan,1024,/Users/vinroger/DATA/STUDY/latihan/about/exa-interview/e2e-inverted-bitplane-project/data/prefix-study-2026-09-13/pools/nomic-msmarco-d256/routers/ivf-1024-seed42,main-s00214,1,176,1,1000,1,True,True,0.99,6.500229499579291,6.941847899906861,6498.4523249841,6.500229499579291,6.500229499579291,6.500229499579291,40000000,180961280,171491.395,0.0,0.0,0.0,0.0,0.0,0.0,,,,,,
scan,1024,/Users/vinroger/DATA/STUDY/latihan/about/exa-interview/e2e-inverted-bitplane-project/data/prefix-study-2026-09-13/pools/nomic-msmarco-d256/routers/ivf-1024-seed42,main-s00210,1,2,1,1000,1,True,True,0.601,0.10170800032938132,0.13420239956758448,102.83985100249993,0.10170800032938132,0.10170800032938132,0.10170800032938132,40000000,180961280,2073.908,0.0,0.0,0.0,0.0,0.0,0.0,,,,,,
scan,1024,/Users/vinroger/DATA/STUDY/latihan/about/exa-interview/e2e-inverted-bitplane-project/data/prefix-study-2026-09-13/pools/nomic-msmarco-d256/routers/ivf-1024-seed42,main-s00217,10,18,1,1000,1,True,True,0.8049,0.7032289995549945,0.8149273990056827,706.0449240125308,0.7032289995549945,0.7032289995549945,0.7032289995549945,40000000,180961280,17903.866,0.0,0.0,0.0,0.0,0.0,0.0,,,,,,
scan,1024,/Users/vinroger/DATA/STUDY/latihan/about/exa-interview/e2e-inverted-bitplane-project/data/prefix-study-2026-09-13/pools/nomic-msmarco-d256/routers/ivf-1024-seed42,main-s00211,1,9,1,1000,1,True,True,0.814,0.3650835005828412,0.43410240004959627,367.08414503118547,0.3650835005828412,0.3650835005828412,0.3650835005828412,40000000,180961280,9097.764,0.0,0.0,0.0,0.0,0.0,0.0,,,,,,
prefix,64,/Users/vinroger/DATA/STUDY/latihan/about/exa-interview/e2e-inverted-bitplane-project/data/prefix-study-2026-09-13/pools/nomic-msmarco-d256/routers/ivf-64-seed42,main-s00173,10,33,1,1000,1,True,True,0.9905,20.956312999260263,23.57768334868524,20975.024625991864,20.956312999260263,20.956312999260263,20.956312999260263,44000000,144408576,516707.155,0.0,0.0,0.0,17.0,1056.0,0.0,16,500000,,,,
prefix,64,/Users/vinroger/DATA/STUDY/latihan/about/exa-interview/e2e-inverted-bitplane-project/data/prefix-study-2026-09-13/pools/nomic-msmarco-d256/routers/ivf-64-seed42,main-s00127,1,3,1,1000,1,True,True,0.81,2.012020499932987,2.635822899173945,2027.5644249704783,2.012020499932987,2.012020499932987,2.012020499932987,44000000,144408576,49531.735,0.0,0.0,0.0,17.0,96.0,0.0,16,100000,,,,
prefix,64,/Users/vinroger/DATA/STUDY/latihan/about/exa-interview/e2e-inverted-bitplane-project/data/prefix-study-2026-09-13/pools/nomic-msmarco-d256/routers/ivf-64-seed42,main-s00189,100,6,1,1000,1,True,True,0.8163,4.0834579995134845,5.013314249663381,4052.591999012293,4.0834579995134845,4.0834579995134845,4.0834579995134845,44000000,144408576,96613.447,0.0,0.0,0.0,17.0,192.0,0.0,16,0,,,,
prefix,64,/Users/vinroger/DATA/STUDY/latihan/about/exa-interview/e2e-inverted-bitplane-project/data/prefix-study-2026-09-13/pools/nomic-msmarco-d256/routers/ivf-64-seed42,main-s00160,10,9,1,1000,1,True,True,0.1161,0.08066699956543744,0.1583413511980325,92.1765089933615,0.08066699956543744,0.08066699956543744,0.08066699956543744,44000000,144408576,1746.513,0.0,0.0,0.0,7.317,131.706,9.683,16,1000,,,,
prefix,64,/Users/vinroger/DATA/STUDY/latihan/about/exa-interview/e2e-inverted-bitplane-project/data/prefix-study-2026-09-13/pools/nomic-msmarco-d256/routers/ivf-64-seed42,main-s00161,10,9,1,1000,1,True,True,0.366,0.6021665003572707,3.064855948832697,921.2248440198891,0.6021665003572707,0.6021665003572707,0.6021665003572707,44000000,144408576,22811.31,0.0,0.0,0.0,11.355,204.372,5.645,16,10000,,,,
prefix,64,/Users/vinroger/DATA/STUDY/latihan/about/exa-interview/e2e-inverted-bitplane-project/data/prefix-study-2026-09-13/pools/nomic-msmarco-d256/routers/ivf-64-seed42,main-s00156,10,4,1,1000,1,True,True,0.4645,0.6440420011131209,2.2294205503385456,904.1391540067707,0.6440420011131209,0.6440420011131209,0.6440420011131209,44000000,144408576,22173.802,0.0,0.0,0.0,12.557,100.288,4.443,16,10000,,,,
prefix,64,/Users/vinroger/DATA/STUDY/latihan/about/exa-interview/e2e-inverted-bitplane-project/data/prefix-study-2026-09-13/pools/nomic-msmarco-d256/routers/ivf-64-seed42,main-s00205,100,64,1,1000,1,True,True,0.04154,0.13825000041833846,0.26811845027623343,156.4551749943348,0.13825000041833846,0.13825000041833846,0.13825000041833846,44000000,144408576,2019.298,0.0,0.0,0.0,5.007,640.896,11.993,16,1000,,,,
prefix,64,/Users/vinroger/DATA/STUDY/latihan/about/exa-interview/e2e-inverted-bitplane-project/data/prefix-study-2026-09-13/pools/nomic-msmarco-d256/routers/ivf-64-seed42,main-s00146,1,64,1,1000,1,True,True,0.246,0.6347085009110742,1.178121149951039,724.5486180017906,0.6347085009110742,0.6347085009110742,0.6347085009110742,44000000,144408576,16245.516,0.0,0.0,0.0,8.759,1121.152,8.241,16,10000,,,,
prefix,64,/Users/vinroger/DATA/STUDY/latihan/about/exa-interview/e2e-inverted-bitplane-project/data/prefix-study-2026-09-13/pools/nomic-msmarco-d256/routers/ivf-64-seed42,main-s00167,10,16,1,1000,1,True,True,0.7996,6.136104500001238,10.552703850316902,6807.911104933737,6.136104500001238,6.136104500001238,6.136104500001238,44000000,144408576,168999.361,0.0,0.0,0.0,14.185,446.656,2.815,16,100000,,,,
prefix,64,/Users/vinroger/DATA/STUDY/latihan/about/exa-interview/e2e-inverted-bitplane-project/data/prefix-study-2026-09-13/pools/nomic-msmarco-d256/routers/ivf-64-seed42,main-s00190,100,12,1,1000,1,True,True,0.0667,0.1065420010490925,0.1991253004234749,119.3150590188452,0.1065420010490925,0.1065420010490925,0.1065420010490925,44000000,144408576,1764.319,0.0,0.0,0.0,6.951,166.824,10.049,16,1000,,,,
prefix,64,/Users/vinroger/DATA/STUDY/latihan/about/exa-interview/e2e-inverted-bitplane-project/data/prefix-study-2026-09-13/pools/nomic-msmarco-d256/routers/ivf-64-seed42,main-s00140,1,26,1,1000,1,True,True,0.124,0.0884374994711834,0.16421394839198905,100.43055003552581,0.0884374994711834,0.0884374994711834,0.0884374994711834,44000000,144408576,1774.24,0.0,0.0,0.0,5.89,306.28,11.11,16,1000,,,,
prefix,64,/Users/vinroger/DATA/STUDY/latihan/about/exa-interview/e2e-inverted-bitplane-project/data/prefix-study-2026-09-13/pools/nomic-msmarco-d256/routers/ivf-64-seed42,main-s00142,1,26,1,1000,1,True,True,0.728,6.422166999072942,14.56229374934992,7662.483753998458,6.422166999072942,6.422166999072942,6.422166999072942,44000000,144408576,193027.575,0.0,0.0,0.0,13.38,694.096,3.62,16,100000,,,,
prefix,64,/Users/vinroger/DATA/STUDY/latihan/about/exa-interview/e2e-inverted-bitplane-project/data/prefix-study-2026-09-13/pools/nomic-msmarco-d256/routers/ivf-64-seed42,main-s00157,10,4,1,1000,1,True,True,0.8,2.7082504993813927,3.437318749456608,2701.9329570139234,2.7082504993813927,2.7082504993813927,2.7082504993813927,44000000,144408576,65176.568,0.0,0.0,0.0,17.0,128.0,0.0,16,100000,,,,
prefix,64,/Users/vinroger/DATA/STUDY/latihan/about/exa-interview/e2e-inverted-bitplane-project/data/prefix-study-2026-09-13/pools/nomic-msmarco-d256/routers/ivf-64-seed42,main-s00126,1,3,1,1000,1,True,True,0.567,0.6685419994028052,1.9269169997642164,860.3854719531228,0.6685419994028052,0.6685419994028052,0.6685419994028052,44000000,144408576,21125.711,0.0,0.0,0.0,12.98,77.592,4.02,16,10000,,,,
prefix,64,/Users/vinroger/DATA/STUDY/latihan/about/exa-interview/e2e-inverted-bitplane-project/data/prefix-study-2026-09-13/pools/nomic-msmarco-d256/routers/ivf-64-seed42,main-s00170,10,33,1,1000,1,True,True,0.0821,0.09672899977886118,0.18297049964530743,109.39411398248922,0.09672899977886118,0.09672899977886118,0.09672899977886118,44000000,144408576,1825.508,0.0,0.0,0.0,5.62,370.92,11.38,16,1000,,,,
prefix,64,/Users/vinroger/DATA/STUDY/latihan/about/exa-interview/e2e-inverted-bitplane-project/data/prefix-study-2026-09-13/pools/nomic-msmarco-d256/routers/ivf-64-seed42,main-s00201,100,39,1,1000,1,True,True,0.14906,0.6363330003296142,1.2366163506158043,714.8284100130695,0.6363330003296142,0.6363330003296142,0.6363330003296142,44000000,144408576,15765.505,0.0,0.0,0.0,9.27,723.06,7.73,16,10000,,,,
prefix,64,/Users/vinroger/DATA/STUDY/latihan/about/exa-interview/e2e-inverted-bitplane-project/data/prefix-study-2026-09-13/pools/nomic-msmarco-d256/routers/ivf-64-seed42,main-s00200,100,39,1,1000,1,True,True,0.04623,0.12147899997216882,0.2215961508227337,136.84524599557335,0.12147899997216882,0.12147899997216882,0.12147899997216882,44000000,144408576,1884.507,0.0,0.0,0.0,5.446,424.788,11.554,16,1000,,,,
prefix,64,/Users/vinroger/DATA/STUDY/latihan/about/exa-interview/e2e-inverted-bitplane-project/data/prefix-study-2026-09-13/pools/nomic-msmarco-d256/routers/ivf-64-seed42,main-s00195,100,20,1,1000,1,True,True,0.05629,0.10860450038308045,0.20103364850001515,123.26502900214109,0.10860450038308045,0.10860450038308045,0.10860450038308045,44000000,144408576,1797.64,0.0,0.0,0.0,6.216,248.64,10.784,16,1000,,,,
prefix,64,/Users/vinroger/DATA/STUDY/latihan/about/exa-interview/e2e-inverted-bitplane-project/data/prefix-study-2026-09-13/pools/nomic-msmarco-d256/routers/ivf-64-seed42,main-s00144,1,26,1,1000,1,True,True,0.991,16.552021000279638,18.83882324973456,16509.096467989366,16.552021000279638,16.552021000279638,16.552021000279638,44000000,144408576,407575.079,0.0,0.0,0.0,17.0,832.0,0.0,16,0,,,,
prefix,64,/Users/vinroger/DATA/STUDY/latihan/about/exa-interview/e2e-inverted-bitplane-project/data/prefix-study-2026-09-13/pools/nomic-msmarco-d256/routers/ivf-64-seed42,main-s00192,100,12,1,1000,1,True,True,0.79357,5.441541999971378,8.167873550792137,5815.64847595655,5.441541999971378,5.441541999971378,5.441541999971378,44000000,144408576,142488.29,0.0,0.0,0.0,14.719,345.768,2.281,16,100000,,,,
prefix,64,/Users/vinroger/DATA/STUDY/latihan/about/exa-interview/e2e-inverted-bitplane-project/data/prefix-study-2026-09-13/pools/nomic-msmarco-d256/routers/ivf-64-seed42,main-s00154,10,1,1,1000,1,True,True,0.5198,0.6595204995392123,1.163464249566459,721.5377740158146,0.6595204995392123,0.6595204995392123,0.6595204995392123,44000000,144408576,17173.241,0.0,0.0,0.0,17.0,32.0,0.0,16,0,,,,
prefix,64,/Users/vinroger/DATA/STUDY/latihan/about/exa-interview/e2e-inverted-bitplane-project/data/prefix-study-2026-09-13/pools/nomic-msmarco-d256/routers/ivf-64-seed42,main-s00121,1,1,1,1000,1,True,True,0.519,0.52602100004151,0.8856774010382651,557.8438900447509,0.52602100004151,0.52602100004151,0.52602100004151,44000000,144408576,13866.009,0.0,0.0,0.0,14.92,29.062,2.08,16,10000,,,,
prefix,64,/Users/vinroger/DATA/STUDY/latihan/about/exa-interview/e2e-inverted-bitplane-project/data/prefix-study-2026-09-13/pools/nomic-msmarco-d256/routers/ivf-64-seed42,main-s00183,100,2,1,1000,1,True,True,0.60889,1.4127290005490067,1.9097520998002433,1423.8042730121379,1.4127290005490067,1.4127290005490067,1.4127290005490067,44000000,144408576,33634.429,0.0,0.0,0.0,17.0,64.0,0.0,16,500000,,,,
prefix,64,/Users/vinroger/DATA/STUDY/latihan/about/exa-interview/e2e-inverted-bitplane-project/data/prefix-study-2026-09-13/pools/nomic-msmarco-d256/routers/ivf-64-seed42,main-s00163,10,9,1,1000,1,True,True,0.9055,5.827645999488595,6.983618449794448,5782.134929031599,5.827645999488595,5.827645999488595,5.827645999488595,44000000,144408576,143579.335,0.0,0.0,0.0,17.0,288.0,0.0,16,500000,,,,
prefix,64,/Users/vinroger/DATA/STUDY/latihan/about/exa-interview/e2e-inverted-bitplane-project/data/prefix-study-2026-09-13/pools/nomic-msmarco-d256/routers/ivf-64-seed42,main-s00162,10,9,1,1000,1,True,True,0.8598,4.920854499687266,6.313081250664254,5030.823022023469,4.920854499687266,4.920854499687266,4.920854499687266,44000000,144408576,124204.517,0.0,0.0,0.0,15.587,270.954,1.413,16,100000,,,,
prefix,64,/Users/vinroger/DATA/STUDY/latihan/about/exa-interview/e2e-inverted-bitplane-project/data/prefix-study-2026-09-13/pools/nomic-msmarco-d256/routers/ivf-64-seed42,main-s00136,1,14,1,1000,1,True,True,0.364,0.5893125007787603,1.3824544991621222,756.6390050160408,0.5893125007787603,0.5893125007787603,0.5893125007787603,44000000,144408576,18575.25,0.0,0.0,0.0,10.676,298.928,6.324,16,10000,,,,
prefix,64,/Users/vinroger/DATA/STUDY/latihan/about/exa-interview/e2e-inverted-bitplane-project/data/prefix-study-2026-09-13/pools/nomic-msmarco-d256/routers/ivf-64-seed42,main-s00138,1,14,1,1000,1,True,True,0.957,9.050603999639861,10.686106251250749,9025.933124985386,9.050603999639861,9.050603999639861,9.050603999639861,44000000,144408576,221608.706,0.0,0.0,0.0,17.0,448.0,0.0,16,500000,,,,
prefix,64,/Users/vinroger/DATA/STUDY/latihan/about/exa-interview/e2e-inverted-bitplane-project/data/prefix-study-2026-09-13/pools/nomic-msmarco-d256/routers/ivf-64-seed42,main-s00145,1,64,1,1000,1,True,True,0.101,0.11489600001368672,0.23054615030559944,131.21600200247485,0.11489600001368672,0.11489600001368672,0.11489600001368672,44000000,144408576,2019.298,0.0,0.0,0.0,5.007,640.896,11.993,16,1000,,,,
prefix,64,/Users/vinroger/DATA/STUDY/latihan/about/exa-interview/e2e-inverted-bitplane-project/data/prefix-study-2026-09-13/pools/nomic-msmarco-d256/routers/ivf-64-seed42,main-s00193,100,12,1,1000,1,True,True,0.90377,7.921270999759145,9.316595850668818,7888.18201997492,7.921270999759145,7.921270999759145,7.921270999759145,44000000,144408576,190403.179,0.0,0.0,0.0,17.0,384.0,0.0,16,500000,,,,
prefix,64,/Users/vinroger/DATA/STUDY/latihan/about/exa-interview/e2e-inverted-bitplane-project/data/prefix-study-2026-09-13/pools/nomic-msmarco-d256/routers/ivf-64-seed42,main-s00165,10,16,1,1000,1,True,True,0.1029,0.08531250023224857,0.17587949996595845,98.56033504365769,0.08531250023224857,0.08531250023224857,0.08531250023224857,44000000,144408576,1800.269,0.0,0.0,0.0,6.524,208.768,10.476,16,1000,,,,
prefix,64,/Users/vinroger/DATA/STUDY/latihan/about/exa-interview/e2e-inverted-bitplane-project/data/prefix-study-2026-09-13/pools/nomic-msmarco-d256/routers/ivf-64-seed42,main-s00171,10,33,1,1000,1,True,True,0.2178,0.595541499023966,1.226883949675539,689.7377999557648,0.595541499023966,0.595541499023966,0.595541499023966,44000000,144408576,16076.522,0.0,0.0,0.0,9.482,625.812,7.518,16,10000,,,,
prefix,64,/Users/vinroger/DATA/STUDY/latihan/about/exa-interview/e2e-inverted-bitplane-project/data/prefix-study-2026-09-13/pools/nomic-msmarco-d256/routers/ivf-64-seed42,main-s00135,1,14,1,1000,1,True,True,0.153,0.07991700022103032,0.16185660060727963,92.71970904592308,0.07991700022103032,0.07991700022103032,0.07991700022103032,44000000,144408576,1773.522,0.0,0.0,0.0,6.708,187.824,10.292,16,1000,,,,
prefix,64,/Users/vinroger/DATA/STUDY/latihan/about/exa-interview/e2e-inverted-bitplane-project/data/prefix-study-2026-09-13/pools/nomic-msmarco-d256/routers/ivf-64-seed42,main-s00198,100,20,1,1000,1,True,True,0.95261,12.927479499921901,14.954874700015353,12931.0240820123,12.927479499921901,12.927479499921901,12.927479499921901,44000000,144408576,314421.779,0.0,0.0,0.0,17.0,640.0,0.0,16,500000,,,,
prefix,64,/Users/vinroger/DATA/STUDY/latihan/about/exa-interview/e2e-inverted-bitplane-project/data/prefix-study-2026-09-13/pools/nomic-msmarco-d256/routers/ivf-64-seed42,main-s00158,10,4,1,1000,1,True,True,0.8,2.6679790007619886,3.3950541513149797,2667.5161749881227,2.6679790007619886,2.6679790007619886,2.6679790007619886,44000000,144408576,65176.568,0.0,0.0,0.0,17.0,128.0,0.0,16,500000,,,,
prefix,64,/Users/vinroger/DATA/STUDY/latihan/about/exa-interview/e2e-inverted-bitplane-project/data/prefix-study-2026-09-13/pools/nomic-msmarco-d256/routers/ivf-64-seed42,main-s00194,100,12,1,1000,1,True,True,0.90377,7.845020500099054,9.362376448825671,7844.5400889686425,7.845020500099054,7.845020500099054,7.845020500099054,44000000,144408576,190403.179,0.0,0.0,0.0,17.0,384.0,0.0,16,0,,,,
prefix,64,/Users/vinroger/DATA/STUDY/latihan/about/exa-interview/e2e-inverted-bitplane-project/data/prefix-study-2026-09-13/pools/nomic-msmarco-d256/routers/ivf-64-seed42,main-s00174,10,33,1,1000,1,True,True,0.9905,21.14050000000134,23.634154150113318,21137.92503302102,21.14050000000134,21.14050000000134,21.14050000000134,44000000,144408576,516707.155,0.0,0.0,0.0,17.0,1056.0,0.0,16,0,,,,
prefix,64,/Users/vinroger/DATA/STUDY/latihan/about/exa-interview/e2e-inverted-bitplane-project/data/prefix-study-2026-09-13/pools/nomic-msmarco-d256/routers/ivf-64-seed42,main-s00129,1,3,1,1000,1,True,True,0.81,2.0247295005901833,2.6497357505832038,2042.555359985272,2.0247295005901833,2.0247295005901833,2.0247295005901833,44000000,144408576,49531.735,0.0,0.0,0.0,17.0,96.0,0.0,16,0,,,,
prefix,64,/Users/vinroger/DATA/STUDY/latihan/about/exa-interview/e2e-inverted-bitplane-project/data/prefix-study-2026-09-13/pools/nomic-msmarco-d256/routers/ivf-64-seed42,main-s00196,100,20,1,1000,1,True,True,0.1951,0.6293334990914445,1.1670625002807355,720.1650869865261,0.6293334990914445,0.6293334990914445,0.6293334990914445,44000000,144408576,16425.045,0.0,0.0,0.0,10.153,406.12,6.847,16,10000,,,,
prefix,64,/Users/vinroger/DATA/STUDY/latihan/about/exa-interview/e2e-inverted-bitplane-project/data/prefix-study-2026-09-13/pools/nomic-msmarco-d256/routers/ivf-64-seed42,main-s00151,10,1,1,1000,1,True,True,0.4715,0.532521000423003,0.8975792000455839,563.9306719931483,0.532521000423003,0.532521000423003,0.532521000423003,44000000,144408576,13866.009,0.0,0.0,0.0,14.92,29.062,2.08,16,10000,,,,
prefix,64,/Users/vinroger/DATA/STUDY/latihan/about/exa-interview/e2e-inverted-bitplane-project/data/prefix-study-2026-09-13/pools/nomic-msmarco-d256/routers/ivf-64-seed42,main-s00143,1,26,1,1000,1,True,True,0.991,16.55356250012119,18.66967920022944,16505.09389198851,16.55356250012119,16.55356250012119,16.55356250012119,44000000,144408576,407575.079,0.0,0.0,0.0,17.0,832.0,0.0,16,500000,,,,
prefix,64,/Users/vinroger/DATA/STUDY/latihan/about/exa-interview/e2e-inverted-bitplane-project/data/prefix-study-2026-09-13/pools/nomic-msmarco-d256/routers/ivf-64-seed42,main-s00137,1,14,1,1000,1,True,True,0.842,5.620937498861167,9.223087499867688,6208.580079999592,5.620937498861167,5.620937498861167,5.620937498861167,44000000,144408576,155804.501,0.0,0.0,0.0,14.388,395.78,2.612,16,100000,,,,
prefix,64,/Users/vinroger/DATA/STUDY/latihan/about/exa-interview/e2e-inverted-bitplane-project/data/prefix-study-2026-09-13/pools/nomic-msmarco-d256/routers/ivf-64-seed42,main-s00124,1,1,1,1000,1,True,True,0.568,0.6023750001986627,1.091298200572055,663.4485160266195,0.6023750001986627,0.6023750001986627,0.6023750001986627,44000000,144408576,17173.241,0.0,0.0,0.0,17.0,32.0,0.0,16,0,,,,
prefix,64,/Users/vinroger/DATA/STUDY/latihan/about/exa-interview/e2e-inverted-bitplane-project/data/prefix-study-2026-09-13/pools/nomic-msmarco-d256/routers/ivf-64-seed42,main-s00166,10,16,1,1000,1,True,True,0.2745,0.5756455002483563,1.183945199682057,699.8636740245274,0.5756455002483563,0.5756455002483563,0.5756455002483563,44000000,144408576,17178.043,0.0,0.0,0.0,10.457,334.624,6.543,16,10000,,,,
prefix,64,/Users/vinroger/DATA/STUDY/latihan/about/exa-interview/e2e-inverted-bitplane-project/data/prefix-study-2026-09-13/pools/nomic-msmarco-d256/routers/ivf-64-seed42,main-s00153,10,1,1,1000,1,True,True,0.5198,0.6486460006271955,1.1318957986077294,709.0607520112826,0.6486460006271955,0.6486460006271955,0.6486460006271955,44000000,144408576,17173.241,0.0,0.0,0.0,17.0,32.0,0.0,16,500000,,,,
prefix,64,/Users/vinroger/DATA/STUDY/latihan/about/exa-interview/e2e-inverted-bitplane-project/data/prefix-study-2026-09-13/pools/nomic-msmarco-d256/routers/ivf-64-seed42,main-s00123,1,1,1,1000,1,True,True,0.568,0.632354499430221,1.1142274001940677,692.4869080175995,0.632354499430221,0.632354499430221,0.632354499430221,44000000,144408576,17173.241,0.0,0.0,0.0,17.0,32.0,0.0,16,500000,,,,
prefix,64,/Users/vinroger/DATA/STUDY/latihan/about/exa-interview/e2e-inverted-bitplane-project/data/prefix-study-2026-09-13/pools/nomic-msmarco-d256/routers/ivf-64-seed42,main-s00149,1,64,1,1000,1,True,True,1.0,39.99537499930739,43.10905000074854,40135.492556004465,39.99537499930739,39.99537499930739,39.99537499930739,44000000,144408576,1000000.0,0.0,0.0,0.0,17.0,2048.0,0.0,16,0,,,,
prefix,64,/Users/vinroger/DATA/STUDY/latihan/about/exa-interview/e2e-inverted-bitplane-project/data/prefix-study-2026-09-13/pools/nomic-msmarco-d256/routers/ivf-64-seed42,main-s00150,10,1,1,1000,1,True,True,0.185,0.07631249900441617,0.39354964910671675,119.74054595884809,0.07631249900441617,0.07631249900441617,0.07631249900441617,44000000,144408576,2666.374,0.0,0.0,0.0,10.797,21.57,6.203,16,1000,,,,
prefix,64,/Users/vinroger/DATA/STUDY/latihan/about/exa-interview/e2e-inverted-bitplane-project/data/prefix-study-2026-09-13/pools/nomic-msmarco-d256/routers/ivf-64-seed42,main-s00207,100,64,1,1000,1,True,True,0.48161,7.188978999693063,30.121658350799407,10752.733621015068,7.188978999693063,7.188978999693063,7.188978999693063,44000000,144408576,267891.285,0.0,0.0,0.0,12.389,1585.792,4.611,16,100000,,,,
prefix,64,/Users/vinroger/DATA/STUDY/latihan/about/exa-interview/e2e-inverted-bitplane-project/data/prefix-study-2026-09-13/pools/nomic-msmarco-d256/routers/ivf-64-seed42,main-s00208,100,64,1,1000,1,True,True,0.83962,28.69525000005524,40.700361050312495,28503.438749032284,28.69525000005524,28.69525000005524,28.69525000005524,44000000,144408576,704544.149,0.0,0.0,0.0,14.472,1820.288,2.528,16,500000,,,,
prefix,64,/Users/vinroger/DATA/STUDY/latihan/about/exa-interview/e2e-inverted-bitplane-project/data/prefix-study-2026-09-13/pools/nomic-msmarco-d256/routers/ivf-64-seed42,main-s00128,1,3,1,1000,1,True,True,0.81,2.0256255002095713,2.6286059007361473,2042.6694529505767,2.0256255002095713,2.0256255002095713,2.0256255002095713,44000000,144408576,49531.735,0.0,0.0,0.0,17.0,96.0,0.0,16,500000,,,,
prefix,64,/Users/vinroger/DATA/STUDY/latihan/about/exa-interview/e2e-inverted-bitplane-project/data/prefix-study-2026-09-13/pools/nomic-msmarco-d256/routers/ivf-64-seed42,main-s00199,100,20,1,1000,1,True,True,0.95261,12.974541500625492,14.99348929937696,12989.056701011577,12.974541500625492,12.974541500625492,12.974541500625492,44000000,144408576,314421.779,0.0,0.0,0.0,17.0,640.0,0.0,16,0,,,,
prefix,64,/Users/vinroger/DATA/STUDY/latihan/about/exa-interview/e2e-inverted-bitplane-project/data/prefix-study-2026-09-13/pools/nomic-msmarco-d256/routers/ivf-64-seed42,main-s00209,100,64,1,1000,1,True,True,1.0,40.45429200050421,43.29261010088885,40524.96233900638,40.45429200050421,40.45429200050421,40.45429200050421,44000000,144408576,1000000.0,0.0,0.0,0.0,17.0,2048.0,0.0,16,0,,,,
prefix,64,/Users/vinroger/DATA/STUDY/latihan/about/exa-interview/e2e-inverted-bitplane-project/data/prefix-study-2026-09-13/pools/nomic-msmarco-d256/routers/ivf-64-seed42,main-s00187,100,6,1,1000,1,True,True,0.81305,4.012707999208942,4.7568253492499935,3965.515785042953,4.012707999208942,4.012707999208942,4.012707999208942,44000000,144408576,95422.795,0.0,0.0,0.0,16.71,189.96,0.29,16,100000,,,,
prefix,64,/Users/vinroger/DATA/STUDY/latihan/about/exa-interview/e2e-inverted-bitplane-project/data/prefix-study-2026-09-13/pools/nomic-msmarco-d256/routers/ivf-64-seed42,main-s00206,100,64,1,1000,1,True,True,0.1286,0.674688000799506,1.2072646011802135,762.5038639598642,0.674688000799506,0.674688000799506,0.674688000799506,44000000,144408576,16245.516,0.0,0.0,0.0,8.759,1121.152,8.241,16,10000,,,,
prefix,64,/Users/vinroger/DATA/STUDY/latihan/about/exa-interview/e2e-inverted-bitplane-project/data/prefix-study-2026-09-13/pools/nomic-msmarco-d256/routers/ivf-64-seed42,main-s00184,100,2,1,1000,1,True,True,0.60889,1.4114164996499312,1.9188065505659324,1424.3673849887273,1.4114164996499312,1.4114164996499312,1.4114164996499312,44000000,144408576,33634.429,0.0,0.0,0.0,17.0,64.0,0.0,16,0,,,,
prefix,64,/Users/vinroger/DATA/STUDY/latihan/about/exa-interview/e2e-inverted-bitplane-project/data/prefix-study-2026-09-13/pools/nomic-msmarco-d256/routers/ivf-64-seed42,main-s00164,10,9,1,1000,1,True,True,0.9055,5.872333499610249,7.074248550725314,5854.769018014849,5.872333499610249,5.872333499610249,5.872333499610249,44000000,144408576,143579.335,0.0,0.0,0.0,17.0,288.0,0.0,16,0,,,,
prefix,64,/Users/vinroger/DATA/STUDY/latihan/about/exa-interview/e2e-inverted-bitplane-project/data/prefix-study-2026-09-13/pools/nomic-msmarco-d256/routers/ivf-64-seed42,main-s00147,1,64,1,1000,1,True,True,0.6,7.1043334992282325,29.620598250676263,10613.568682025289,7.1043334992282325,7.1043334992282325,7.1043334992282325,44000000,144408576,267891.285,0.0,0.0,0.0,12.389,1585.792,4.611,16,100000,,,,
prefix,64,/Users/vinroger/DATA/STUDY/latihan/about/exa-interview/e2e-inverted-bitplane-project/data/prefix-study-2026-09-13/pools/nomic-msmarco-d256/routers/ivf-64-seed42,main-s00125,1,3,1,1000,1,True,True,0.217,0.07002050006121863,0.16625420066702634,85.63738304292201,0.07002050006121863,0.07002050006121863,0.07002050006121863,44000000,144408576,1837.313,0.0,0.0,0.0,8.896,53.376,8.104,16,1000,,,,
prefix,64,/Users/vinroger/DATA/STUDY/latihan/about/exa-interview/e2e-inverted-bitplane-project/data/prefix-study-2026-09-13/pools/nomic-msmarco-d256/routers/ivf-64-seed42,main-s00179,10,64,1,1000,1,True,True,1.0,40.23852099999203,43.16541314974529,40347.00710902507,40.23852099999203,40.23852099999203,40.23852099999203,44000000,144408576,1000000.0,0.0,0.0,0.0,17.0,2048.0,0.0,16,0,,,,
prefix,64,/Users/vinroger/DATA/STUDY/latihan/about/exa-interview/e2e-inverted-bitplane-project/data/prefix-study-2026-09-13/pools/nomic-msmarco-d256/routers/ivf-64-seed42,main-s00176,10,64,1,1000,1,True,True,0.182,0.6391250008164207,1.1786815501181989,725.8751509853028,0.6391250008164207,0.6391250008164207,0.6391250008164207,44000000,144408576,16245.516,0.0,0.0,0.0,8.759,1121.152,8.241,16,10000,,,,
prefix,64,/Users/vinroger/DATA/STUDY/latihan/about/exa-interview/e2e-inverted-bitplane-project/data/prefix-study-2026-09-13/pools/nomic-msmarco-d256/routers/ivf-64-seed42,main-s00197,100,20,1,1000,1,True,True,0.71324,6.770812500690226,12.793806249919722,7353.443689997221,6.770812500690226,6.770812500690226,6.770812500690226,44000000,144408576,180786.031,0.0,0.0,0.0,13.855,549.36,3.145,16,100000,,,,
prefix,64,/Users/vinroger/DATA/STUDY/latihan/about/exa-interview/e2e-inverted-bitplane-project/data/prefix-study-2026-09-13/pools/nomic-msmarco-d256/routers/ivf-64-seed42,main-s00177,10,64,1,1000,1,True,True,0.5364,7.16752100015583,29.638228849398725,10653.060027039828,7.16752100015583,7.16752100015583,7.16752100015583,44000000,144408576,267891.285,0.0,0.0,0.0,12.389,1585.792,4.611,16,100000,,,,
prefix,64,/Users/vinroger/DATA/STUDY/latihan/about/exa-interview/e2e-inverted-bitplane-project/data/prefix-study-2026-09-13/pools/nomic-msmarco-d256/routers/ivf-64-seed42,main-s00155,10,4,1,1000,1,True,True,0.1405,0.07402100072795292,0.17307290036114859,88.7641579774936,0.07402100072795292,0.07402100072795292,0.07402100072795292,44000000,144408576,1787.745,0.0,0.0,0.0,8.47,67.76,8.53,16,1000,,,,
prefix,64,/Users/vinroger/DATA/STUDY/latihan/about/exa-interview/e2e-inverted-bitplane-project/data/prefix-study-2026-09-13/pools/nomic-msmarco-d256/routers/ivf-64-seed42,main-s00169,10,16,1,1000,1,True,True,0.9533,10.205937500359141,12.016958050298854,10193.83230301355,10.205937500359141,10.205937500359141,10.205937500359141,44000000,144408576,252835.439,0.0,0.0,0.0,17.0,512.0,0.0,16,0,,,,
prefix,64,/Users/vinroger/DATA/STUDY/latihan/about/exa-interview/e2e-inverted-bitplane-project/data/prefix-study-2026-09-13/pools/nomic-msmarco-d256/routers/ivf-64-seed42,main-s00122,1,1,1,1000,1,True,True,0.568,0.6296459987424896,1.111427400155662,691.2716699935118,0.6296459987424896,0.6296459987424896,0.6296459987424896,44000000,144408576,17173.241,0.0,0.0,0.0,17.0,32.0,0.0,16,100000,,,,
prefix,64,/Users/vinroger/DATA/STUDY/latihan/about/exa-interview/e2e-inverted-bitplane-project/data/prefix-study-2026-09-13/pools/nomic-msmarco-d256/routers/ivf-64-seed42,main-s00152,10,1,1,1000,1,True,True,0.5198,0.6337499999062857,1.1320065507788968,694.8041890082095,0.6337499999062857,0.6337499999062857,0.6337499999062857,44000000,144408576,17173.241,0.0,0.0,0.0,17.0,32.0,0.0,16,100000,,,,
prefix,64,/Users/vinroger/DATA/STUDY/latihan/about/exa-interview/e2e-inverted-bitplane-project/data/prefix-study-2026-09-13/pools/nomic-msmarco-d256/routers/ivf-64-seed42,main-s00188,100,6,1,1000,1,True,True,0.8163,4.008895500192011,4.903783950157958,3979.2979099893273,4.008895500192011,4.008895500192011,4.008895500192011,44000000,144408576,96613.447,0.0,0.0,0.0,17.0,192.0,0.0,16,500000,,,,
prefix,64,/Users/vinroger/DATA/STUDY/latihan/about/exa-interview/e2e-inverted-bitplane-project/data/prefix-study-2026-09-13/pools/nomic-msmarco-d256/routers/ivf-64-seed42,main-s00191,100,12,1,1000,1,True,True,0.2555,0.637541500509542,2.5143961502180896,899.7623579780338,0.637541500509542,0.637541500509542,0.637541500509542,44000000,144408576,20952.994,0.0,0.0,0.0,10.944,262.656,6.056,16,10000,,,,
prefix,64,/Users/vinroger/DATA/STUDY/latihan/about/exa-interview/e2e-inverted-bitplane-project/data/prefix-study-2026-09-13/pools/nomic-msmarco-d256/routers/ivf-64-seed42,main-s00168,10,16,1,1000,1,True,True,0.9533,10.266021000461478,12.0855440500236,10268.16288295231,10.266021000461478,10.266021000461478,10.266021000461478,44000000,144408576,252835.439,0.0,0.0,0.0,17.0,512.0,0.0,16,500000,,,,
prefix,64,/Users/vinroger/DATA/STUDY/latihan/about/exa-interview/e2e-inverted-bitplane-project/data/prefix-study-2026-09-13/pools/nomic-msmarco-d256/routers/ivf-64-seed42,main-s00175,10,64,1,1000,1,True,True,0.0718,0.11810400064860005,0.24032499950408232,135.41031300701434,0.11810400064860005,0.11810400064860005,0.11810400064860005,44000000,144408576,2019.298,0.0,0.0,0.0,5.007,640.896,11.993,16,1000,,,,
prefix,64,/Users/vinroger/DATA/STUDY/latihan/about/exa-interview/e2e-inverted-bitplane-project/data/prefix-study-2026-09-13/pools/nomic-msmarco-d256/routers/ivf-64-seed42,main-s00186,100,6,1,1000,1,True,True,0.34488,0.6509165004899842,2.9323461505555306,983.3980429921212,0.6509165004899842,0.6509165004899842,0.6509165004899842,44000000,144408576,22911.69,0.0,0.0,0.0,11.92,142.992,5.08,16,10000,,,,
prefix,64,/Users/vinroger/DATA/STUDY/latihan/about/exa-interview/e2e-inverted-bitplane-project/data/prefix-study-2026-09-13/pools/nomic-msmarco-d256/routers/ivf-64-seed42,main-s00172,10,33,1,1000,1,True,True,0.6337,6.24435400004586,15.863500651266799,8192.236469005366,6.24435400004586,6.24435400004586,6.24435400004586,44000000,144408576,203608.379,0.0,0.0,0.0,13.088,863.808,3.912,16,100000,,,,
prefix,64,/Users/vinroger/DATA/STUDY/latihan/about/exa-interview/e2e-inverted-bitplane-project/data/prefix-study-2026-09-13/pools/nomic-msmarco-d256/routers/ivf-64-seed42,main-s00148,1,64,1,1000,1,True,True,0.878,28.04537550036912,40.615296449686866,28346.98335099347,28.04537550036912,28.04537550036912,28.04537550036912,44000000,144408576,704544.149,0.0,0.0,0.0,14.472,1820.288,2.528,16,500000,,,,
prefix,64,/Users/vinroger/DATA/STUDY/latihan/about/exa-interview/e2e-inverted-bitplane-project/data/prefix-study-2026-09-13/pools/nomic-msmarco-d256/routers/ivf-64-seed42,main-s00131,1,8,1,1000,1,True,True,0.45,0.571415999729652,2.8512961493106546,876.8796630047291,0.571415999729652,0.571415999729652,0.571415999729652,44000000,144408576,22381.54,0.0,0.0,0.0,11.523,184.352,5.477,16,10000,,,,
prefix,64,/Users/vinroger/DATA/STUDY/latihan/about/exa-interview/e2e-inverted-bitplane-project/data/prefix-study-2026-09-13/pools/nomic-msmarco-d256/routers/ivf-64-seed42,main-s00132,1,8,1,1000,1,True,True,0.883,4.607042000316142,5.702980949354242,4700.43737899141,4.607042000316142,4.607042000316142,4.607042000316142,44000000,144408576,117054.555,0.0,0.0,0.0,15.978,245.584,1.022,16,100000,,,,
prefix,64,/Users/vinroger/DATA/STUDY/latihan/about/exa-interview/e2e-inverted-bitplane-project/data/prefix-study-2026-09-13/pools/nomic-msmarco-d256/routers/ivf-64-seed42,main-s00134,1,8,1,1000,1,True,True,0.91,5.097312000543752,6.202818450128689,5082.708243966408,5.097312000543752,5.097312000543752,5.097312000543752,44000000,144408576,127952.642,0.0,0.0,0.0,17.0,256.0,0.0,16,0,,,,
prefix,64,/Users/vinroger/DATA/STUDY/latihan/about/exa-interview/e2e-inverted-bitplane-project/data/prefix-study-2026-09-13/pools/nomic-msmarco-d256/routers/ivf-64-seed42,main-s00141,1,26,1,1000,1,True,True,0.309,0.6054169998606085,1.2002982492958834,683.7546369970369,0.6054169998606085,0.6054169998606085,0.6054169998606085,44000000,144408576,16292.491,0.0,0.0,0.0,9.81,510.12,7.19,16,10000,,,,
prefix,64,/Users/vinroger/DATA/STUDY/latihan/about/exa-interview/e2e-inverted-bitplane-project/data/prefix-study-2026-09-13/pools/nomic-msmarco-d256/routers/ivf-64-seed42,main-s00120,1,1,1,1000,1,True,True,0.234,0.07108350018825149,0.37669555049433223,113.41870595970249,0.07108350018825149,0.07108350018825149,0.07108350018825149,44000000,144408576,2666.374,0.0,0.0,0.0,10.797,21.57,6.203,16,1000,,,,
prefix,64,/Users/vinroger/DATA/STUDY/latihan/about/exa-interview/e2e-inverted-bitplane-project/data/prefix-study-2026-09-13/pools/nomic-msmarco-d256/routers/ivf-64-seed42,main-s00130,1,8,1,1000,1,True,True,0.177,0.07677050052734558,0.15385174974653634,87.98629204284225,0.07677050052734558,0.07677050052734558,0.07677050052734558,44000000,144408576,1768.027,0.0,0.0,0.0,7.472,119.552,9.528,16,1000,,,,
prefix,64,/Users/vinroger/DATA/STUDY/latihan/about/exa-interview/e2e-inverted-bitplane-project/data/prefix-study-2026-09-13/pools/nomic-msmarco-d256/routers/ivf-64-seed42,main-s00181,100,2,1,1000,1,True,True,0.42555,0.6559995008501573,1.4782374993046687,774.2794570003753,0.6559995008501573,0.6559995008501573,0.6559995008501573,44000000,144408576,18001.646,0.0,0.0,0.0,13.544,53.772,3.456,16,10000,,,,
prefix,64,/Users/vinroger/DATA/STUDY/latihan/about/exa-interview/e2e-inverted-bitplane-project/data/prefix-study-2026-09-13/pools/nomic-msmarco-d256/routers/ivf-64-seed42,main-s00182,100,2,1,1000,1,True,True,0.60889,1.405708499987668,1.8964714508001632,1420.0778520080348,1.405708499987668,1.405708499987668,1.405708499987668,44000000,144408576,33634.429,0.0,0.0,0.0,17.0,64.0,0.0,16,100000,,,,
prefix,64,/Users/vinroger/DATA/STUDY/latihan/about/exa-interview/e2e-inverted-bitplane-project/data/prefix-study-2026-09-13/pools/nomic-msmarco-d256/routers/ivf-64-seed42,main-s00178,10,64,1,1000,1,True,True,0.8562,28.72674999980518,40.60533364972798,28443.133973951262,28.72674999980518,28.72674999980518,28.72674999980518,44000000,144408576,704544.149,0.0,0.0,0.0,14.472,1820.288,2.528,16,500000,,,,
prefix,64,/Users/vinroger/DATA/STUDY/latihan/about/exa-interview/e2e-inverted-bitplane-project/data/prefix-study-2026-09-13/pools/nomic-msmarco-d256/routers/ivf-64-seed42,main-s00202,100,39,1,1000,1,True,True,0.53767,6.195729500177549,18.032762200527937,8398.494305962231,6.195729500177549,6.195729500177549,6.195729500177549,44000000,144408576,207251.3,0.0,0.0,0.0,12.894,1005.732,4.106,16,100000,,,,
prefix,64,/Users/vinroger/DATA/STUDY/latihan/about/exa-interview/e2e-inverted-bitplane-project/data/prefix-study-2026-09-13/pools/nomic-msmarco-d256/routers/ivf-64-seed42,main-s00204,100,39,1,1000,1,True,True,0.99089,24.9839999996766,27.589824398728524,24972.13842500605,24.9839999996766,24.9839999996766,24.9839999996766,44000000,144408576,610841.271,0.0,0.0,0.0,17.0,1248.0,0.0,16,0,,,,
prefix,64,/Users/vinroger/DATA/STUDY/latihan/about/exa-interview/e2e-inverted-bitplane-project/data/prefix-study-2026-09-13/pools/nomic-msmarco-d256/routers/ivf-64-seed42,main-s00159,10,4,1,1000,1,True,True,0.8,2.6893540007222327,3.4188021004410984,2679.475467002703,2.6893540007222327,2.6893540007222327,2.6893540007222327,44000000,144408576,65176.568,0.0,0.0,0.0,17.0,128.0,0.0,16,0,,,,
prefix,64,/Users/vinroger/DATA/STUDY/latihan/about/exa-interview/e2e-inverted-bitplane-project/data/prefix-study-2026-09-13/pools/nomic-msmarco-d256/routers/ivf-64-seed42,main-s00203,100,39,1,1000,1,True,True,0.98336,24.077374999251333,26.968791650688217,23906.247602037183,24.077374999251333,24.077374999251333,24.077374999251333,44000000,144408576,584695.882,0.0,0.0,0.0,16.736,1242.228,0.264,16,500000,,,,
prefix,64,/Users/vinroger/DATA/STUDY/latihan/about/exa-interview/e2e-inverted-bitplane-project/data/prefix-study-2026-09-13/pools/nomic-msmarco-d256/routers/ivf-64-seed42,main-s00185,100,6,1,1000,1,True,True,0.08099,0.09922950084728654,0.17955210068976152,111.7340070049977,0.09922950084728654,0.09922950084728654,0.09922950084728654,44000000,144408576,1735.021,0.0,0.0,0.0,7.863,94.356,9.137,16,1000,,,,
prefix,64,/Users/vinroger/DATA/STUDY/latihan/about/exa-interview/e2e-inverted-bitplane-project/data/prefix-study-2026-09-13/pools/nomic-msmarco-d256/routers/ivf-64-seed42,main-s00180,100,2,1,1000,1,True,True,0.11339,0.09635449987399625,0.23561279922432715,125.60836100237793,0.09635449987399625,0.09635449987399625,0.09635449987399625,44000000,144408576,2161.902,0.0,0.0,0.0,9.588,38.352,7.412,16,1000,,,,
prefix,64,/Users/vinroger/DATA/STUDY/latihan/about/exa-interview/e2e-inverted-bitplane-project/data/prefix-study-2026-09-13/pools/nomic-msmarco-d256/routers/ivf-64-seed42,main-s00139,1,14,1,1000,1,True,True,0.957,8.910666500014486,10.511260401199252,8884.265709028114,8.910666500014486,8.910666500014486,8.910666500014486,44000000,144408576,221608.706,0.0,0.0,0.0,17.0,448.0,0.0,16,0,,,,
prefix,64,/Users/vinroger/DATA/STUDY/latihan/about/exa-interview/e2e-inverted-bitplane-project/data/prefix-study-2026-09-13/pools/nomic-msmarco-d256/routers/ivf-64-seed42,main-s00133,1,8,1,1000,1,True,True,0.91,5.2023124999323045,6.324738949933816,5195.445843984999,5.2023124999323045,5.2023124999323045,5.2023124999323045,44000000,144408576,127952.642,0.0,0.0,0.0,17.0,256.0,0.0,16,500000,,,,
branch,4096,/Users/vinroger/DATA/STUDY/latihan/about/exa-interview/e2e-inverted-bitplane-project/data/prefix-study-2026-09-13/pools/nomic-msmarco-d256/routers/ivf-4096-seed42,main-s00416,1,53,1,1000,1,True,True,0.482,0.41997900007118005,0.6575035014975582,432.3490100341587,0.41997900007118005,0.41997900007118005,0.41997900007118005,76110336,221806592,5022.338,510.921,2084.604,339.118,0.0,0.0,0.0,,,128,512,0,42
branch,4096,/Users/vinroger/DATA/STUDY/latihan/about/exa-interview/e2e-inverted-bitplane-project/data/prefix-study-2026-09-13/pools/nomic-msmarco-d256/routers/ivf-4096-seed42,main-s00430,1,4096,1,1000,1,True,True,0.989,5.978791499728686,6.304794049356133,5974.193034970085,5.978791499728686,5.978791499728686,5.978791499728686,76110336,221806592,125054.981,512.0,0.0,2202.678,0.0,0.0,0.0,,,2048,512,0,42
branch,4096,/Users/vinroger/DATA/STUDY/latihan/about/exa-interview/e2e-inverted-bitplane-project/data/prefix-study-2026-09-13/pools/nomic-msmarco-d256/routers/ivf-4096-seed42,main-s00417,1,53,1,1000,1,True,True,0.901,0.8374999997613486,1.0026038497926493,844.4170759994449,0.8374999997613486,0.8374999997613486,0.8374999997613486,76110336,221806592,13299.81,951.829,2672.335,2031.453,0.0,0.0,0.0,,,128,8192,0,42
branch,4096,/Users/vinroger/DATA/STUDY/latihan/about/exa-interview/e2e-inverted-bitplane-project/data/prefix-study-2026-09-13/pools/nomic-msmarco-d256/routers/ivf-4096-seed42,main-s00414,1,15,1,1000,1,True,True,0.804,0.2511249995222897,0.2875850996133522,252.59450200610445,0.2511249995222897,0.2511249995222897,0.2511249995222897,76110336,221806592,3886.685,15.0,0.0,68.073,0.0,0.0,0.0,,,2048,512,0,42
branch,4096,/Users/vinroger/DATA/STUDY/latihan/about/exa-interview/e2e-inverted-bitplane-project/data/prefix-study-2026-09-13/pools/nomic-msmarco-d256/routers/ivf-4096-seed42,main-s00456,100,9,1,1000,1,True,True,0.51447,0.24147949989128392,0.2890576995923766,243.92756100132829,0.24147949989128392,0.24147949989128392,0.24147949989128392,76110336,221806592,2366.209,195.46,583.041,424.268,0.0,0.0,0.0,,,128,512,0,42
branch,4096,/Users/vinroger/DATA/STUDY/latihan/about/exa-interview/e2e-inverted-bitplane-project/data/prefix-study-2026-09-13/pools/nomic-msmarco-d256/routers/ivf-4096-seed42,main-s00420,1,125,1,1000,1,True,True,0.088,0.3100835001532687,0.4979021003236994,334.1396569903736,0.3100835001532687,0.3100835001532687,0.3100835001532687,76110336,221806592,2112.608,512.0,2227.242,67.519,0.0,0.0,0.0,,,128,512,0,42
branch,4096,/Users/vinroger/DATA/STUDY/latihan/about/exa-interview/e2e-inverted-bitplane-project/data/prefix-study-2026-09-13/pools/nomic-msmarco-d256/routers/ivf-4096-seed42,main-s00457,100,9,1,1000,1,True,True,0.51447,0.24299999950017082,0.2915481991294655,245.47093296678213,0.24299999950017082,0.24299999950017082,0.24299999950017082,76110336,221806592,2366.209,195.46,583.041,424.268,0.0,0.0,0.0,,,128,8192,0,42
branch,4096,/Users/vinroger/DATA/STUDY/latihan/about/exa-interview/e2e-inverted-bitplane-project/data/prefix-study-2026-09-13/pools/nomic-msmarco-d256/routers/ivf-4096-seed42,main-s00468,100,513,1,1000,1,True,True,0.03144,0.4830629995922209,0.5381687493354548,484.11918499550666,0.4830629995922209,0.4830629995922209,0.4830629995922209,76110336,221806592,3375.217,512.0,2139.449,63.229,0.0,0.0,0.0,,,128,512,0,42
branch,4096,/Users/vinroger/DATA/STUDY/latihan/about/exa-interview/e2e-inverted-bitplane-project/data/prefix-study-2026-09-13/pools/nomic-msmarco-d256/routers/ivf-4096-seed42,main-s00442,10,118,1,1000,1,True,True,0.9002,1.2668340004893253,1.3966603990411386,1273.2016520021716,1.2668340004893253,1.2668340004893253,1.2668340004893253,76110336,221806592,29231.202,118.0,0.0,513.787,0.0,0.0,0.0,,,2048,512,0,42
branch,4096,/Users/vinroger/DATA/STUDY/latihan/about/exa-interview/e2e-inverted-bitplane-project/data/prefix-study-2026-09-13/pools/nomic-msmarco-d256/routers/ivf-4096-seed42,main-s00446,10,289,1,1000,1,True,True,0.9501,2.9487920000974555,3.1865083500633773,2952.152788029707,2.9487920000974555,2.9487920000974555,2.9487920000974555,76110336,221806592,70870.196,289.0,0.0,1247.491,0.0,0.0,0.0,,,2048,512,0,42
branch,4096,/Users/vinroger/DATA/STUDY/latihan/about/exa-interview/e2e-inverted-bitplane-project/data/prefix-study-2026-09-13/pools/nomic-msmarco-d256/routers/ivf-4096-seed42,main-s00474,100,1414,1,1000,1,True,True,0.94992,5.344541999875219,5.642098200496548,5329.596997997214,5.344541999875219,5.344541999875219,5.344541999875219,76110336,221806592,125054.981,512.0,0.0,2202.678,0.0,0.0,0.0,,,2048,512,0,42
branch,4096,/Users/vinroger/DATA/STUDY/latihan/about/exa-interview/e2e-inverted-bitplane-project/data/prefix-study-2026-09-13/pools/nomic-msmarco-d256/routers/ivf-4096-seed42,main-s00436,10,35,1,1000,1,True,True,0.6877,0.4674789997807238,0.5508875000487023,448.85083100416523,0.4674789997807238,0.4674789997807238,0.4674789997807238,76110336,221806592,6136.751,492.112,1748.538,661.394,0.0,0.0,0.0,,,128,512,0,42
branch,4096,/Users/vinroger/DATA/STUDY/latihan/about/exa-interview/e2e-inverted-bitplane-project/data/prefix-study-2026-09-13/pools/nomic-msmarco-d256/routers/ivf-4096-seed42,main-s00453,10,4096,1,1000,1,True,True,0.0517,3.954583001359424,4.275162798876408,3970.039467989409,3.954583001359424,3.954583001359424,3.954583001359424,76110336,221806592,36892.119,8192.0,35405.334,747.798,0.0,0.0,0.0,,,128,8192,0,42
branch,4096,/Users/vinroger/DATA/STUDY/latihan/about/exa-interview/e2e-inverted-bitplane-project/data/prefix-study-2026-09-13/pools/nomic-msmarco-d256/routers/ivf-4096-seed42,main-s00444,10,289,1,1000,1,True,True,0.0377,0.3520419995766133,0.39480240129705635,354.1240130289225,0.3520419995766133,0.3520419995766133,0.3520419995766133,76110336,221806592,1849.728,512.0,2211.527,34.641,0.0,0.0,0.0,,,128,512,0,42
branch,4096,/Users/vinroger/DATA/STUDY/latihan/about/exa-interview/e2e-inverted-bitplane-project/data/prefix-study-2026-09-13/pools/nomic-msmarco-d256/routers/ivf-4096-seed42,main-s00471,100,513,1,1000,1,True,True,0.95003,5.164979001165193,5.467154150028364,5155.825348008875,5.164979001165193,5.164979001165193,5.164979001165193,76110336,221806592,125302.799,513.0,0.0,2207.033,0.0,0.0,0.0,,,2048,8192,0,42
branch,4096,/Users/vinroger/DATA/STUDY/latihan/about/exa-interview/e2e-inverted-bitplane-project/data/prefix-study-2026-09-13/pools/nomic-msmarco-d256/routers/ivf-4096-seed42,main-s00476,100,4096,1,1000,1,True,True,0.03144,1.0408329999336274,1.1110107490821974,1043.5114029751276,1.0408329999336274,1.0408329999336274,1.0408329999336274,76110336,221806592,3375.217,512.0,2139.449,63.229,0.0,0.0,0.0,,,128,512,0,42
branch,4096,/Users/vinroger/DATA/STUDY/latihan/about/exa-interview/e2e-inverted-bitplane-project/data/prefix-study-2026-09-13/pools/nomic-msmarco-d256/routers/ivf-4096-seed42,main-s00465,100,246,1,1000,1,True,True,0.90028,3.5039585000049556,4.089210400888987,3532.886132983549,3.5039585000049556,3.5039585000049556,3.5039585000049556,76110336,221806592,60451.827,3831.667,10376.062,8203.63,0.0,0.0,0.0,,,128,8192,0,42
branch,4096,/Users/vinroger/DATA/STUDY/latihan/about/exa-interview/e2e-inverted-bitplane-project/data/prefix-study-2026-09-13/pools/nomic-msmarco-d256/routers/ivf-4096-seed42,main-s00427,1,527,1,1000,1,True,True,0.99,5.575270501140039,5.913475000033941,5571.6370710269985,5.575270501140039,5.575270501140039,5.575270501140039,76110336,221806592,128686.342,527.0,0.0,2266.713,0.0,0.0,0.0,,,2048,8192,0,42
branch,4096,/Users/vinroger/DATA/STUDY/latihan/about/exa-interview/e2e-inverted-bitplane-project/data/prefix-study-2026-09-13/pools/nomic-msmarco-d256/routers/ivf-4096-seed42,main-s00437,10,35,1,1000,1,True,True,0.8008,0.5870830009371275,0.711419050276163,591.5250580346765,0.5870830009371275,0.5870830009371275,0.5870830009371275,76110336,221806592,8847.072,655.099,1861.64,1400.872,0.0,0.0,0.0,,,128,8192,0,42
branch,4096,/Users/vinroger/DATA/STUDY/latihan/about/exa-interview/e2e-inverted-bitplane-project/data/prefix-study-2026-09-13/pools/nomic-msmarco-d256/routers/ivf-4096-seed42,main-s00435,10,3,1,1000,1,True,True,0.5101,0.12195799899927806,0.13700419913220685,123.02441104475292,0.12195799899927806,0.12195799899927806,0.12195799899927806,76110336,221806592,801.38,3.0,0.0,13.987,0.0,0.0,0.0,,,2048,8192,0,42
branch,4096,/Users/vinroger/DATA/STUDY/latihan/about/exa-interview/e2e-inverted-bitplane-project/data/prefix-study-2026-09-13/pools/nomic-msmarco-d256/routers/ivf-4096-seed42,main-s00422,1,125,1,1000,1,True,True,0.95,1.4093335003053653,1.5525312499448773,1415.4549120285083,1.4093335003053653,1.4093335003053653,1.4093335003053653,76110336,221806592,30948.356,125.0,0.0,544.017,0.0,0.0,0.0,,,2048,512,0,42
branch,4096,/Users/vinroger/DATA/STUDY/latihan/about/exa-interview/e2e-inverted-bitplane-project/data/prefix-study-2026-09-13/pools/nomic-msmarco-d256/routers/ivf-4096-seed42,main-s00408,1,2,1,1000,1,True,True,0.552,0.11591600014071446,0.13241905071481597,116.84027700721344,0.11591600014071446,0.11591600014071446,0.11591600014071446,76110336,221806592,535.095,49.703,152.97,108.31,0.0,0.0,0.0,,,128,512,0,42
branch,4096,/Users/vinroger/DATA/STUDY/latihan/about/exa-interview/e2e-inverted-bitplane-project/data/prefix-study-2026-09-13/pools/nomic-msmarco-d256/routers/ivf-4096-seed42,main-s00463,100,87,1,1000,1,True,True,0.80098,0.9867290009424323,1.0892541495195474,989.5395990079123,0.9867290009424323,0.9867290009424323,0.9867290009424323,76110336,221806592,21658.065,87.0,0.0,380.473,0.0,0.0,0.0,,,2048,8192,0,42
branch,4096,/Users/vinroger/DATA/STUDY/latihan/about/exa-interview/e2e-inverted-bitplane-project/data/prefix-study-2026-09-13/pools/nomic-msmarco-d256/routers/ivf-4096-seed42,main-s00438,10,35,1,1000,1,True,True,0.8008,0.4443750003702007,0.5022604008445342,445.97704205079935,0.4443750003702007,0.4443750003702007,0.4443750003702007,76110336,221806592,8847.072,35.0,0.0,155.191,0.0,0.0,0.0,,,2048,512,0,42
branch,4096,/Users/vinroger/DATA/STUDY/latihan/about/exa-interview/e2e-inverted-bitplane-project/data/prefix-study-2026-09-13/pools/nomic-msmarco-d256/routers/ivf-4096-seed42,main-s00426,1,527,1,1000,1,True,True,0.989,5.429917000583373,5.764258349699958,5427.208743978554,5.429917000583373,5.429917000583373,5.429917000583373,76110336,221806592,125054.981,512.0,0.0,2202.678,0.0,0.0,0.0,,,2048,512,0,42
branch,4096,/Users/vinroger/DATA/STUDY/latihan/about/exa-interview/e2e-inverted-bitplane-project/data/prefix-study-2026-09-13/pools/nomic-msmarco-d256/routers/ivf-4096-seed42,main-s00472,100,1414,1,1000,1,True,True,0.03144,0.6592500003534951,0.721190999593091,662.0131709751149,0.6592500003534951,0.6592500003534951,0.6592500003534951,76110336,221806592,3375.217,512.0,2139.449,63.229,0.0,0.0,0.0,,,128,512,0,42
branch,4096,/Users/vinroger/DATA/STUDY/latihan/about/exa-interview/e2e-inverted-bitplane-project/data/prefix-study-2026-09-13/pools/nomic-msmarco-d256/routers/ivf-4096-seed42,main-s00454,10,4096,1,1000,1,True,True,0.9721,5.67195849998825,5.976364900925546,5669.869161005408,5.67195849998825,5.67195849998825,5.67195849998825,76110336,221806592,125054.981,512.0,0.0,2202.678,0.0,0.0,0.0,,,2048,512,0,42
branch,4096,/Users/vinroger/DATA/STUDY/latihan/about/exa-interview/e2e-inverted-bitplane-project/data/prefix-study-2026-09-13/pools/nomic-msmarco-d256/routers/ivf-4096-seed42,main-s00461,100,87,1,1000,1,True,True,0.80098,1.3295209992065793,1.569947900225088,1334.6011819630803,1.3295209992065793,1.3295209992065793,1.3295209992065793,76110336,221806592,21658.065,1491.906,4133.904,3181.08,0.0,0.0,0.0,,,128,8192,0,42
branch,4096,/Users/vinroger/DATA/STUDY/latihan/about/exa-interview/e2e-inverted-bitplane-project/data/prefix-study-2026-09-13/pools/nomic-msmarco-d256/routers/ivf-4096-seed42,main-s00415,1,15,1,1000,1,True,True,0.804,0.24952100011432776,0.28526250016511767,250.8763779696892,0.24952100011432776,0.24952100011432776,0.24952100011432776,76110336,221806592,3886.685,15.0,0.0,68.073,0.0,0.0,0.0,,,2048,8192,0,42
branch,4096,/Users/vinroger/DATA/STUDY/latihan/about/exa-interview/e2e-inverted-bitplane-project/data/prefix-study-2026-09-13/pools/nomic-msmarco-d256/routers/ivf-4096-seed42,main-s00460,100,87,1,1000,1,True,True,0.14907,0.3491255001790705,0.5907524012400244,378.230328020436,0.3491255001790705,0.3491255001790705,0.3491255001790705,76110336,221806592,2994.051,512.0,2213.77,119.361,0.0,0.0,0.0,,,128,512,0,42
branch,4096,/Users/vinroger/DATA/STUDY/latihan/about/exa-interview/e2e-inverted-bitplane-project/data/prefix-study-2026-09-13/pools/nomic-msmarco-d256/routers/ivf-4096-seed42,main-s00419,1,53,1,1000,1,True,True,0.901,0.6547704997501569,0.7363413487837533,656.0776489914133,0.6547704997501569,0.6547704997501569,0.6547704997501569,76110336,221806592,13302.015,53.0,0.0,233.493,0.0,0.0,0.0,,,2048,8192,0,42
branch,4096,/Users/vinroger/DATA/STUDY/latihan/about/exa-interview/e2e-inverted-bitplane-project/data/prefix-study-2026-09-13/pools/nomic-msmarco-d256/routers/ivf-4096-seed42,main-s00439,10,35,1,1000,1,True,True,0.8008,0.4533755009106244,0.5174190500838449,454.71633203851525,0.4533755009106244,0.4533755009106244,0.4533755009106244,76110336,221806592,8847.072,35.0,0.0,155.191,0.0,0.0,0.0,,,2048,8192,0,42
branch,4096,/Users/vinroger/DATA/STUDY/latihan/about/exa-interview/e2e-inverted-bitplane-project/data/prefix-study-2026-09-13/pools/nomic-msmarco-d256/routers/ivf-4096-seed42,main-s00432,10,3,1,1000,1,True,True,0.5101,0.13220799974078545,0.15458305006177397,133.61906196951168,0.13220799974078545,0.13220799974078545,0.13220799974078545,76110336,221806592,801.38,72.177,220.114,156.746,0.0,0.0,0.0,,,128,512,0,42
branch,4096,/Users/vinroger/DATA/STUDY/latihan/about/exa-interview/e2e-inverted-bitplane-project/data/prefix-study-2026-09-13/pools/nomic-msmarco-d256/routers/ivf-4096-seed42,main-s00467,100,246,1,1000,1,True,True,0.90028,2.5574374994903337,2.76522950071012,2559.7739980530605,2.5574374994903337,2.5574374994903337,2.5574374994903337,76110336,221806592,60451.827,246.0,0.0,1063.755,0.0,0.0,0.0,,,2048,8192,0,42
branch,4096,/Users/vinroger/DATA/STUDY/latihan/about/exa-interview/e2e-inverted-bitplane-project/data/prefix-study-2026-09-13/pools/nomic-msmarco-d256/routers/ivf-4096-seed42,main-s00464,100,246,1,1000,1,True,True,0.03528,0.35118799951305846,0.39836104933783645,353.68746101994475,0.35118799951305846,0.35118799951305846,0.35118799951305846,76110336,221806592,1631.858,512.0,2225.924,31.952,0.0,0.0,0.0,,,128,512,0,42
branch,4096,/Users/vinroger/DATA/STUDY/latihan/about/exa-interview/e2e-inverted-bitplane-project/data/prefix-study-2026-09-13/pools/nomic-msmarco-d256/routers/ivf-4096-seed42,main-s00431,1,4096,1,1000,1,True,True,1.0,42.133083500630164,42.390217298816424,42076.13645003039,42.133083500630164,42.133083500630164,42.133083500630164,76110336,221806592,1000000.0,4096.0,0.0,17632.0,0.0,0.0,0.0,,,2048,8192,0,42
branch,4096,/Users/vinroger/DATA/STUDY/latihan/about/exa-interview/e2e-inverted-bitplane-project/data/prefix-study-2026-09-13/pools/nomic-msmarco-d256/routers/ivf-4096-seed42,main-s00450,10,994,1,1000,1,True,True,0.9721,5.228854000051797,5.542099701233383,5216.361328006315,5.228854000051797,5.228854000051797,5.228854000051797,76110336,221806592,125054.981,512.0,0.0,2202.678,0.0,0.0,0.0,,,2048,512,0,42
branch,4096,/Users/vinroger/DATA/STUDY/latihan/about/exa-interview/e2e-inverted-bitplane-project/data/prefix-study-2026-09-13/pools/nomic-msmarco-d256/routers/ivf-4096-seed42,main-s00459,100,9,1,1000,1,True,True,0.51447,0.20637499983422458,0.23516699920946849,207.6502019772306,0.20637499983422458,0.20637499983422458,0.20637499983422458,76110336,221806592,2366.209,9.0,0.0,41.376,0.0,0.0,0.0,,,2048,8192,0,42
branch,4096,/Users/vinroger/DATA/STUDY/latihan/about/exa-interview/e2e-inverted-bitplane-project/data/prefix-study-2026-09-13/pools/nomic-msmarco-d256/routers/ivf-4096-seed42,main-s00451,10,994,1,1000,1,True,True,0.99,9.789750500203809,10.217919099795836,9777.033658005166,9.789750500203809,9.789750500203809,9.789750500203809,76110336,221806592,242528.686,994.0,0.0,4272.753,0.0,0.0,0.0,,,2048,8192,0,42
branch,4096,/Users/vinroger/DATA/STUDY/latihan/about/exa-interview/e2e-inverted-bitplane-project/data/prefix-study-2026-09-13/pools/nomic-msmarco-d256/routers/ivf-4096-seed42,main-s00473,100,1414,1,1000,1,True,True,0.32146,5.404541999268986,8.680385400657542,5651.370570012659,5.404541999268986,5.404541999268986,5.404541999268986,76110336,221806592,79427.091,8192.0,33537.534,3832.126,0.0,0.0,0.0,,,128,8192,0,42
branch,4096,/Users/vinroger/DATA/STUDY/latihan/about/exa-interview/e2e-inverted-bitplane-project/data/prefix-study-2026-09-13/pools/nomic-msmarco-d256/routers/ivf-4096-seed42,main-s00477,100,4096,1,1000,1,True,True,0.04581,3.939499501029786,4.281566999270581,3957.6720639834093,3.939499501029786,3.939499501029786,3.939499501029786,76110336,221806592,36892.119,8192.0,35405.334,747.798,0.0,0.0,0.0,,,128,8192,0,42
branch,4096,/Users/vinroger/DATA/STUDY/latihan/about/exa-interview/e2e-inverted-bitplane-project/data/prefix-study-2026-09-13/pools/nomic-msmarco-d256/routers/ivf-4096-seed42,main-s00441,10,118,1,1000,1,True,True,0.9002,1.7543335006848793,2.056529149558628,1761.61361998129,1.7543335006848793,1.7543335006848793,1.7543335006848793,76110336,221806592,29231.202,1965.371,5403.088,4191.937,0.0,0.0,0.0,,,128,8192,0,42
branch,4096,/Users/vinroger/DATA/STUDY/latihan/about/exa-interview/e2e-inverted-bitplane-project/data/prefix-study-2026-09-13/pools/nomic-msmarco-d256/routers/ivf-4096-seed42,main-s00412,1,15,1,1000,1,True,True,0.804,0.30608349970862037,0.3654190995803219,307.48536797545967,0.30608349970862037,0.30608349970862037,0.30608349970862037,76110336,221806592,3869.036,306.549,902.728,657.521,0.0,0.0,0.0,,,128,512,0,42
branch,4096,/Users/vinroger/DATA/STUDY/latihan/about/exa-interview/e2e-inverted-bitplane-project/data/prefix-study-2026-09-13/pools/nomic-msmarco-d256/routers/ivf-4096-seed42,main-s00411,1,2,1,1000,1,True,True,0.552,0.10933350131381303,0.12083304955012864,110.12340902561846,0.10933350131381303,0.10933350131381303,0.10933350131381303,76110336,221806592,535.118,2.0,0.0,9.336,0.0,0.0,0.0,,,2048,8192,0,42
branch,4096,/Users/vinroger/DATA/STUDY/latihan/about/exa-interview/e2e-inverted-bitplane-project/data/prefix-study-2026-09-13/pools/nomic-msmarco-d256/routers/ivf-4096-seed42,main-s00452,10,4096,1,1000,1,True,True,0.0391,1.0130629998457152,1.0733756505032943,1014.7583909729292,1.0130629998457152,1.0130629998457152,1.0130629998457152,76110336,221806592,3375.217,512.0,2139.449,63.229,0.0,0.0,0.0,,,128,512,0,42
branch,4096,/Users/vinroger/DATA/STUDY/latihan/about/exa-interview/e2e-inverted-bitplane-project/data/prefix-study-2026-09-13/pools/nomic-msmarco-d256/routers/ivf-4096-seed42,main-s00428,1,4096,1,1000,1,True,True,0.035,1.015208499666187,1.0835773998223885,1019.5717840069847,1.015208499666187,1.015208499666187,1.015208499666187,76110336,221806592,3375.217,512.0,2139.449,63.229,0.0,0.0,0.0,,,128,512,0,42
branch,4096,/Users/vinroger/DATA/STUDY/latihan/about/exa-interview/e2e-inverted-bitplane-project/data/prefix-study-2026-09-13/pools/nomic-msmarco-d256/routers/ivf-4096-seed42,main-s00470,100,513,1,1000,1,True,True,0.94992,5.1631040005304385,5.462281899235677,5152.670770963596,5.1631040005304385,5.1631040005304385,5.1631040005304385,76110336,221806592,125054.981,512.0,0.0,2202.678,0.0,0.0,0.0,,,2048,512,0,42
branch,4096,/Users/vinroger/DATA/STUDY/latihan/about/exa-interview/e2e-inverted-bitplane-project/data/prefix-study-2026-09-13/pools/nomic-msmarco-d256/routers/ivf-4096-seed42,main-s00425,1,527,1,1000,1,True,True,0.988,7.089188000463764,7.686472598743421,7021.830300962392,7.089188000463764,7.089188000463764,7.089188000463764,76110336,221806592,120991.68,7224.469,20337.629,14445.526,0.0,0.0,0.0,,,128,8192,0,42
branch,4096,/Users/vinroger/DATA/STUDY/latihan/about/exa-interview/e2e-inverted-bitplane-project/data/prefix-study-2026-09-13/pools/nomic-msmarco-d256/routers/ivf-4096-seed42,main-s00421,1,125,1,1000,1,True,True,0.95,1.8507079994378728,2.1762690996183665,1861.6643749519426,1.8507079994378728,1.8507079994378728,1.8507079994378728,76110336,221806592,30942.736,2071.444,5688.914,4419.501,0.0,0.0,0.0,,,128,8192,0,42
branch,4096,/Users/vinroger/DATA/STUDY/latihan/about/exa-interview/e2e-inverted-bitplane-project/data/prefix-study-2026-09-13/pools/nomic-msmarco-d256/routers/ivf-4096-seed42,main-s00423,1,125,1,1000,1,True,True,0.95,1.4147914998829947,1.5543252991847112,1419.2972170349094,1.4147914998829947,1.4147914998829947,1.4147914998829947,76110336,221806592,30948.356,125.0,0.0,544.017,0.0,0.0,0.0,,,2048,8192,0,42
branch,4096,/Users/vinroger/DATA/STUDY/latihan/about/exa-interview/e2e-inverted-bitplane-project/data/prefix-study-2026-09-13/pools/nomic-msmarco-d256/routers/ivf-4096-seed42,main-s00424,1,527,1,1000,1,True,True,0.035,0.47124999946390744,0.5277142499835463,472.7318909717724,0.47124999946390744,0.47124999946390744,0.47124999946390744,76110336,221806592,3375.217,512.0,2139.449,63.229,0.0,0.0,0.0,,,128,512,0,42
branch,4096,/Users/vinroger/DATA/STUDY/latihan/about/exa-interview/e2e-inverted-bitplane-project/data/prefix-study-2026-09-13/pools/nomic-msmarco-d256/routers/ivf-4096-seed42,main-s00455,10,4096,1,1000,1,True,True,1.0,39.643333499043365,39.99512950031203,39717.63044297404,39.643333499043365,39.643333499043365,39.643333499043365,76110336,221806592,1000000.0,4096.0,0.0,17632.0,0.0,0.0,0.0,,,2048,8192,0,42
branch,4096,/Users/vinroger/DATA/STUDY/latihan/about/exa-interview/e2e-inverted-bitplane-project/data/prefix-study-2026-09-13/pools/nomic-msmarco-d256/routers/ivf-4096-seed42,main-s00443,10,118,1,1000,1,True,True,0.9002,1.2736875005430193,1.4186559004883748,1283.3039320266835,1.2736875005430193,1.2736875005430193,1.2736875005430193,76110336,221806592,29231.202,118.0,0.0,513.787,0.0,0.0,0.0,,,2048,8192,0,42
branch,4096,/Users/vinroger/DATA/STUDY/latihan/about/exa-interview/e2e-inverted-bitplane-project/data/prefix-study-2026-09-13/pools/nomic-msmarco-d256/routers/ivf-4096-seed42,main-s00478,100,4096,1,1000,1,True,True,0.94992,5.69331249971583,6.01476010033366,5690.962943030172,5.69331249971583,5.69331249971583,5.69331249971583,76110336,221806592,125054.981,512.0,0.0,2202.678,0.0,0.0,0.0,,,2048,512,0,42
branch,4096,/Users/vinroger/DATA/STUDY/latihan/about/exa-interview/e2e-inverted-bitplane-project/data/prefix-study-2026-09-13/pools/nomic-msmarco-d256/routers/ivf-4096-seed42,main-s00433,10,3,1,1000,1,True,True,0.5101,0.1320415003647213,0.1549985497149464,133.66846696771972,0.1320415003647213,0.1320415003647213,0.1320415003647213,76110336,221806592,801.38,72.177,220.114,156.746,0.0,0.0,0.0,,,128,8192,0,42
branch,4096,/Users/vinroger/DATA/STUDY/latihan/about/exa-interview/e2e-inverted-bitplane-project/data/prefix-study-2026-09-13/pools/nomic-msmarco-d256/routers/ivf-4096-seed42,main-s00448,10,994,1,1000,1,True,True,0.0391,0.5662919993483229,0.6216416502866196,566.6590460150474,0.5662919993483229,0.5662919993483229,0.5662919993483229,76110336,221806592,3375.217,512.0,2139.449,63.229,0.0,0.0,0.0,,,128,512,0,42
branch,4096,/Users/vinroger/DATA/STUDY/latihan/about/exa-interview/e2e-inverted-bitplane-project/data/prefix-study-2026-09-13/pools/nomic-msmarco-d256/routers/ivf-4096-seed42,main-s00434,10,3,1,1000,1,True,True,0.5101,0.12116649941162905,0.13712500003748573,122.17190799856326,0.12116649941162905,0.12116649941162905,0.12116649941162905,76110336,221806592,801.38,3.0,0.0,13.987,0.0,0.0,0.0,,,2048,512,0,42
branch,4096,/Users/vinroger/DATA/STUDY/latihan/about/exa-interview/e2e-inverted-bitplane-project/data/prefix-study-2026-09-13/pools/nomic-msmarco-d256/routers/ivf-4096-seed42,main-s00469,100,513,1,1000,1,True,True,0.94751,6.97712500095804,7.57222055008242,6919.9381769740285,6.97712500095804,6.97712500095804,6.97712500095804,76110336,221806592,118967.797,7113.134,19888.32,14379.163,0.0,0.0,0.0,,,128,8192,0,42
branch,4096,/Users/vinroger/DATA/STUDY/latihan/about/exa-interview/e2e-inverted-bitplane-project/data/prefix-study-2026-09-13/pools/nomic-msmarco-d256/routers/ivf-4096-seed42,main-s00410,1,2,1,1000,1,True,True,0.552,0.11006249951606151,0.12112920012441464,110.82646497197857,0.11006249951606151,0.11006249951606151,0.11006249951606151,76110336,221806592,535.118,2.0,0.0,9.336,0.0,0.0,0.0,,,2048,512,0,42
branch,4096,/Users/vinroger/DATA/STUDY/latihan/about/exa-interview/e2e-inverted-bitplane-project/data/prefix-study-2026-09-13/pools/nomic-msmarco-d256/routers/ivf-4096-seed42,main-s00462,100,87,1,1000,1,True,True,0.80098,0.9866665013760212,1.0954767994007852,991.8297039785102,0.9866665013760212,0.9866665013760212,0.9866665013760212,76110336,221806592,21658.065,87.0,0.0,380.473,0.0,0.0,0.0,,,2048,512,0,42
branch,4096,/Users/vinroger/DATA/STUDY/latihan/about/exa-interview/e2e-inverted-bitplane-project/data/prefix-study-2026-09-13/pools/nomic-msmarco-d256/routers/ivf-4096-seed42,main-s00440,10,118,1,1000,1,True,True,0.0956,0.30987500031187665,0.4894937500466765,333.1985010099743,0.30987500031187665,0.30987500031187665,0.30987500031187665,76110336,221806592,2211.039,512.0,2226.091,72.984,0.0,0.0,0.0,,,128,512,0,42
branch,4096,/Users/vinroger/DATA/STUDY/latihan/about/exa-interview/e2e-inverted-bitplane-project/data/prefix-study-2026-09-13/pools/nomic-msmarco-d256/routers/ivf-4096-seed42,main-s00418,1,53,1,1000,1,True,True,0.901,0.654166999993322,0.7352184493356617,655.8669389978604,0.654166999993322,0.654166999993322,0.654166999993322,76110336,221806592,13302.015,53.0,0.0,233.493,0.0,0.0,0.0,,,2048,512,0,42
branch,4096,/Users/vinroger/DATA/STUDY/latihan/about/exa-interview/e2e-inverted-bitplane-project/data/prefix-study-2026-09-13/pools/nomic-msmarco-d256/routers/ivf-4096-seed42,main-s00429,1,4096,1,1000,1,True,True,0.046,4.02374999885069,4.37448989978293,4044.1330330049823,4.02374999885069,4.02374999885069,4.02374999885069,76110336,221806592,36892.119,8192.0,35405.334,747.798,0.0,0.0,0.0,,,128,8192,0,42
branch,4096,/Users/vinroger/DATA/STUDY/latihan/about/exa-interview/e2e-inverted-bitplane-project/data/prefix-study-2026-09-13/pools/nomic-msmarco-d256/routers/ivf-4096-seed42,main-s00458,100,9,1,1000,1,True,True,0.51447,0.2076459995805635,0.23712914935458684,209.0284889927716,0.2076459995805635,0.2076459995805635,0.2076459995805635,76110336,221806592,2366.209,9.0,0.0,41.376,0.0,0.0,0.0,,,2048,512,0,42
branch,4096,/Users/vinroger/DATA/STUDY/latihan/about/exa-interview/e2e-inverted-bitplane-project/data/prefix-study-2026-09-13/pools/nomic-msmarco-d256/routers/ivf-4096-seed42,main-s00466,100,246,1,1000,1,True,True,0.90028,2.5582705002307193,2.7749826998842764,2564.746553016448,2.5582705002307193,2.5582705002307193,2.5582705002307193,76110336,221806592,60451.827,246.0,0.0,1063.755,0.0,0.0,0.0,,,2048,512,0,42
branch,4096,/Users/vinroger/DATA/STUDY/latihan/about/exa-interview/e2e-inverted-bitplane-project/data/prefix-study-2026-09-13/pools/nomic-msmarco-d256/routers/ivf-4096-seed42,main-s00413,1,15,1,1000,1,True,True,0.804,0.30579150006815325,0.3702919985698827,307.9561320155335,0.30579150006815325,0.30579150006815325,0.30579150006815325,76110336,221806592,3886.241,308.091,903.271,665.856,0.0,0.0,0.0,,,128,8192,0,42
branch,4096,/Users/vinroger/DATA/STUDY/latihan/about/exa-interview/e2e-inverted-bitplane-project/data/prefix-study-2026-09-13/pools/nomic-msmarco-d256/routers/ivf-4096-seed42,main-s00475,100,1414,1,1000,1,True,True,0.99002,13.887562500713102,14.416168749085045,13877.336010971703,13.887562500713102,13.887562500713102,13.887562500713102,76110336,221806592,345279.339,1414.0,0.0,6083.381,0.0,0.0,0.0,,,2048,8192,0,42
branch,4096,/Users/vinroger/DATA/STUDY/latihan/about/exa-interview/e2e-inverted-bitplane-project/data/prefix-study-2026-09-13/pools/nomic-msmarco-d256/routers/ivf-4096-seed42,main-s00409,1,2,1,1000,1,True,True,0.552,0.11656249989755452,0.13429729997369577,117.64070598474063,0.11656249989755452,0.11656249989755452,0.11656249989755452,76110336,221806592,535.095,49.703,152.97,108.31,0.0,0.0,0.0,,,128,8192,0,42
branch,4096,/Users/vinroger/DATA/STUDY/latihan/about/exa-interview/e2e-inverted-bitplane-project/data/prefix-study-2026-09-13/pools/nomic-msmarco-d256/routers/ivf-4096-seed42,main-s00449,10,994,1,1000,1,True,True,0.699,6.946333000087179,9.812001449336094,6894.3008609912795,6.946333000087179,6.946333000087179,6.946333000087179,76110336,221806592,110890.811,8189.515,30912.768,7541.611,0.0,0.0,0.0,,,128,8192,0,42
branch,4096,/Users/vinroger/DATA/STUDY/latihan/about/exa-interview/e2e-inverted-bitplane-project/data/prefix-study-2026-09-13/pools/nomic-msmarco-d256/routers/ivf-4096-seed42,main-s00445,10,289,1,1000,1,True,True,0.9501,4.090812500180618,4.710119048831984,4112.121895039309,4.090812500180618,4.090812500180618,4.090812500180618,76110336,221806592,70870.196,4434.363,11969.1,9502.382,0.0,0.0,0.0,,,128,8192,0,42
branch,4096,/Users/vinroger/DATA/STUDY/latihan/about/exa-interview/e2e-inverted-bitplane-project/data/prefix-study-2026-09-13/pools/nomic-msmarco-d256/routers/ivf-4096-seed42,main-s00479,100,4096,1,1000,1,True,True,1.0,39.67593749985099,39.91095029932694,39698.82223798413,39.67593749985099,39.67593749985099,39.67593749985099,76110336,221806592,1000000.0,4096.0,0.0,17632.0,0.0,0.0,0.0,,,2048,8192,0,42
branch,4096,/Users/vinroger/DATA/STUDY/latihan/about/exa-interview/e2e-inverted-bitplane-project/data/prefix-study-2026-09-13/pools/nomic-msmarco-d256/routers/ivf-4096-seed42,main-s00447,10,289,1,1000,1,True,True,0.9501,2.936937500635395,3.1664083513533114,2940.812688000733,2.936937500635395,2.936937500635395,2.936937500635395,76110336,221806592,70870.196,289.0,0.0,1247.491,0.0,0.0,0.0,,,2048,8192,0,42
scan,4096,/Users/vinroger/DATA/STUDY/latihan/about/exa-interview/e2e-inverted-bitplane-project/data/prefix-study-2026-09-13/pools/nomic-msmarco-d256/routers/ivf-4096-seed42,main-s00394,1,527,1,1000,1,True,True,0.99,5.083500000182539,5.402752049212722,5076.850722054587,5.083500000182539,5.083500000182539,5.083500000182539,40000000,184385536,128686.342,0.0,0.0,0.0,0.0,0.0,0.0,,,,,,
scan,4096,/Users/vinroger/DATA/STUDY/latihan/about/exa-interview/e2e-inverted-bitplane-project/data/prefix-study-2026-09-13/pools/nomic-msmarco-d256/routers/ivf-4096-seed42,main-s00390,1,2,1,1000,1,True,True,0.552,0.09822950050875079,0.10968689985020318,99.11020903018652,0.09822950050875079,0.09822950050875079,0.09822950050875079,40000000,184385536,535.118,0.0,0.0,0.0,0.0,0.0,0.0,,,,,,
scan,4096,/Users/vinroger/DATA/STUDY/latihan/about/exa-interview/e2e-inverted-bitplane-project/data/prefix-study-2026-09-13/pools/nomic-msmarco-d256/routers/ivf-4096-seed42,main-s00406,100,1414,1,1000,1,True,True,0.99002,13.430666500426014,13.95809549912883,13440.503573960086,13.430666500426014,13.430666500426014,13.430666500426014,40000000,184385536,345279.339,0.0,0.0,0.0,0.0,0.0,0.0,,,,,,
scan,4096,/Users/vinroger/DATA/STUDY/latihan/about/exa-interview/e2e-inverted-bitplane-project/data/prefix-study-2026-09-13/pools/nomic-msmarco-d256/routers/ivf-4096-seed42,main-s00405,100,513,1,1000,1,True,True,0.95003,5.0824999998440035,5.469252099828736,5079.025835006178,5.0824999998440035,5.0824999998440035,5.0824999998440035,40000000,184385536,125302.799,0.0,0.0,0.0,0.0,0.0,0.0,,,,,,
scan,4096,/Users/vinroger/DATA/STUDY/latihan/about/exa-interview/e2e-inverted-bitplane-project/data/prefix-study-2026-09-13/pools/nomic-msmarco-d256/routers/ivf-4096-seed42,main-s00403,100,87,1,1000,1,True,True,0.80098,1.0081875007017516,1.1221173005651508,1010.0638309886563,1.0081875007017516,1.0081875007017516,1.0081875007017516,40000000,184385536,21658.065,0.0,0.0,0.0,0.0,0.0,0.0,,,,,,
scan,4096,/Users/vinroger/DATA/STUDY/latihan/about/exa-interview/e2e-inverted-bitplane-project/data/prefix-study-2026-09-13/pools/nomic-msmarco-d256/routers/ivf-4096-seed42,main-s00398,10,118,1,1000,1,True,True,0.9002,1.2688339993474074,1.4030711488885572,1271.8508030193334,1.2688339993474074,1.2688339993474074,1.2688339993474074,40000000,184385536,29231.202,0.0,0.0,0.0,0.0,0.0,0.0,,,,,,
scan,4096,/Users/vinroger/DATA/STUDY/latihan/about/exa-interview/e2e-inverted-bitplane-project/data/prefix-study-2026-09-13/pools/nomic-msmarco-d256/routers/ivf-4096-seed42,main-s00407,100,4096,1,1000,1,True,True,1.0,38.39733350014285,38.68370350000987,38447.68071899307,38.39733350014285,38.39733350014285,38.39733350014285,40000000,184385536,1000000.0,0.0,0.0,0.0,0.0,0.0,0.0,,,,,,
scan,4096,/Users/vinroger/DATA/STUDY/latihan/about/exa-interview/e2e-inverted-bitplane-project/data/prefix-study-2026-09-13/pools/nomic-msmarco-d256/routers/ivf-4096-seed42,main-s00404,100,246,1,1000,1,True,True,0.90028,2.4763125002209563,2.6853066000512626,2481.3250549959776,2.4763125002209563,2.4763125002209563,2.4763125002209563,40000000,184385536,60451.827,0.0,0.0,0.0,0.0,0.0,0.0,,,,,,
scan,4096,/Users/vinroger/DATA/STUDY/latihan/about/exa-interview/e2e-inverted-bitplane-project/data/prefix-study-2026-09-13/pools/nomic-msmarco-d256/routers/ivf-4096-seed42,main-s00391,1,15,1,1000,1,True,True,0.804,0.22966700089455117,0.2615839985992352,230.95346803529537,0.22966700089455117,0.22966700089455117,0.22966700089455117,40000000,184385536,3886.685,0.0,0.0,0.0,0.0,0.0,0.0,,,,,,
scan,4096,/Users/vinroger/DATA/STUDY/latihan/about/exa-interview/e2e-inverted-bitplane-project/data/prefix-study-2026-09-13/pools/nomic-msmarco-d256/routers/ivf-4096-seed42,main-s00400,10,994,1,1000,1,True,True,0.99,9.474145499552833,9.896228498746495,9462.38290599831,9.474145499552833,9.474145499552833,9.474145499552833,40000000,184385536,242528.686,0.0,0.0,0.0,0.0,0.0,0.0,,,,,,
scan,4096,/Users/vinroger/DATA/STUDY/latihan/about/exa-interview/e2e-inverted-bitplane-project/data/prefix-study-2026-09-13/pools/nomic-msmarco-d256/routers/ivf-4096-seed42,main-s00396,10,3,1,1000,1,True,True,0.5101,0.11260399878665339,0.1266292001673719,113.33463697701518,0.11260399878665339,0.11260399878665339,0.11260399878665339,40000000,184385536,801.38,0.0,0.0,0.0,0.0,0.0,0.0,,,,,,
scan,4096,/Users/vinroger/DATA/STUDY/latihan/about/exa-interview/e2e-inverted-bitplane-project/data/prefix-study-2026-09-13/pools/nomic-msmarco-d256/routers/ivf-4096-seed42,main-s00399,10,289,1,1000,1,True,True,0.9501,2.8575414999068016,3.077758349627402,2854.5860539870773,2.8575414999068016,2.8575414999068016,2.8575414999068016,40000000,184385536,70870.196,0.0,0.0,0.0,0.0,0.0,0.0,,,,,,
scan,4096,/Users/vinroger/DATA/STUDY/latihan/about/exa-interview/e2e-inverted-bitplane-project/data/prefix-study-2026-09-13/pools/nomic-msmarco-d256/routers/ivf-4096-seed42,main-s00402,100,9,1,1000,1,True,True,0.51447,0.19720800082723144,0.22600000011152588,198.70551597523445,0.19720800082723144,0.19720800082723144,0.19720800082723144,40000000,184385536,2366.209,0.0,0.0,0.0,0.0,0.0,0.0,,,,,,
scan,4096,/Users/vinroger/DATA/STUDY/latihan/about/exa-interview/e2e-inverted-bitplane-project/data/prefix-study-2026-09-13/pools/nomic-msmarco-d256/routers/ivf-4096-seed42,main-s00392,1,53,1,1000,1,True,True,0.901,0.5997294992994284,0.6733351009643229,600.3826450469205,0.5997294992994284,0.5997294992994284,0.5997294992994284,40000000,184385536,13302.015,0.0,0.0,0.0,0.0,0.0,0.0,,,,,,
scan,4096,/Users/vinroger/DATA/STUDY/latihan/about/exa-interview/e2e-inverted-bitplane-project/data/prefix-study-2026-09-13/pools/nomic-msmarco-d256/routers/ivf-4096-seed42,main-s00395,1,4096,1,1000,1,True,True,1.0,38.35360450011649,38.602124699173146,38391.485364030814,38.35360450011649,38.35360450011649,38.35360450011649,40000000,184385536,1000000.0,0.0,0.0,0.0,0.0,0.0,0.0,,,,,,
scan,4096,/Users/vinroger/DATA/STUDY/latihan/about/exa-interview/e2e-inverted-bitplane-project/data/prefix-study-2026-09-13/pools/nomic-msmarco-d256/routers/ivf-4096-seed42,main-s00397,10,35,1,1000,1,True,True,0.8008,0.43056250069639646,0.48714584854678833,431.8084769838606,0.43056250069639646,0.43056250069639646,0.43056250069639646,40000000,184385536,8847.072,0.0,0.0,0.0,0.0,0.0,0.0,,,,,,
scan,4096,/Users/vinroger/DATA/STUDY/latihan/about/exa-interview/e2e-inverted-bitplane-project/data/prefix-study-2026-09-13/pools/nomic-msmarco-d256/routers/ivf-4096-seed42,main-s00393,1,125,1,1000,1,True,True,0.95,1.2929790000271169,1.4278878499681014,1299.3587830023898,1.2929790000271169,1.2929790000271169,1.2929790000271169,40000000,184385536,30948.356,0.0,0.0,0.0,0.0,0.0,0.0,,,,,,
scan,4096,/Users/vinroger/DATA/STUDY/latihan/about/exa-interview/e2e-inverted-bitplane-project/data/prefix-study-2026-09-13/pools/nomic-msmarco-d256/routers/ivf-4096-seed42,main-s00401,10,4096,1,1000,1,True,True,1.0,38.35300000082498,38.583241650485434,38401.1624729992,38.35300000082498,38.35300000082498,38.35300000082498,40000000,184385536,1000000.0,0.0,0.0,0.0,0.0,0.0,0.0,,,,,,
branch,64,/Users/vinroger/DATA/STUDY/latihan/about/exa-interview/e2e-inverted-bitplane-project/data/prefix-study-2026-09-13/pools/nomic-msmarco-d256/routers/ivf-64-seed42,main-s00050,1,1,1,1000,0,False,False,0.568,0.7053749995975522,1.4021913485521507,788.0633190015942,0.7053749995975522,0.7053749995975522,0.7053749995975522,72065536,0,17161.513,59.733,8683.661,8572.606,0.0,0.0,0.0,,,2048,512,0,42
branch,64,/Users/vinroger/DATA/STUDY/latihan/about/exa-interview/e2e-inverted-bitplane-project/data/prefix-study-2026-09-13/pools/nomic-msmarco-d256/routers/ivf-64-seed42,main-s00094,10,64,1,1000,0,False,False,0.1073,0.7827079998605768,4.604618399935133,1385.1233169825719,0.7827079998605768,0.7827079998605768,0.7827079998605768,72065536,0,25305.555,512.0,121574.767,4732.68,0.0,0.0,0.0,,,2048,512,0,42
branch,64,/Users/vinroger/DATA/STUDY/latihan/about/exa-interview/e2e-inverted-bitplane-project/data/prefix-study-2026-09-13/pools/nomic-msmarco-d256/routers/ivf-64-seed42,main-s00085,10,16,1,1000,0,False,False,0.9523,17.015416499816638,19.767693399262498,17058.71990898231,17.015416499816638,17.015416499816638,17.015416499816638,72065536,0,169462.805,8172.464,1272707.585,856615.791,0.0,0.0,0.0,,,128,8192,0,42
branch,64,/Users/vinroger/DATA/STUDY/latihan/about/exa-interview/e2e-inverted-bitplane-project/data/prefix-study-2026-09-13/pools/nomic-msmarco-d256/routers/ivf-64-seed42,main-s00084,10,16,1,1000,0,False,False,0.6342,1.131604000875086,1.8290957998033262,1131.9514679598797,1.131604000875086,1.131604000875086,1.131604000875086,72065536,0,3951.811,512.0,112235.255,17367.73,0.0,0.0,0.0,,,128,512,0,42
branch,64,/Users/vinroger/DATA/STUDY/latihan/about/exa-interview/e2e-inverted-bitplane-project/data/prefix-study-2026-09-13/pools/nomic-msmarco-d256/routers/ivf-64-seed42,main-s00073,10,1,1,1000,0,False,False,0.5198,1.2525829988589976,2.591191351621091,1414.47359099584,1.2525829988589976,1.2525829988589976,1.2525829988589976,72065536,0,17173.167,822.127,123469.57,116282.13,0.0,0.0,0.0,,,128,8192,0,42
branch,64,/Users/vinroger/DATA/STUDY/latihan/about/exa-interview/e2e-inverted-bitplane-project/data/prefix-study-2026-09-13/pools/nomic-msmarco-d256/routers/ivf-64-seed42,main-s00110,100,20,1,1000,0,False,False,0.90342,6.101895999563567,8.588502100519687,6129.587008015733,6.101895999563567,6.101895999563567,6.101895999563567,72065536,0,126470.875,512.0,90109.516,41175.695,0.0,0.0,0.0,,,2048,512,0,42
branch,64,/Users/vinroger/DATA/STUDY/latihan/about/exa-interview/e2e-inverted-bitplane-project/data/prefix-study-2026-09-13/pools/nomic-msmarco-d256/routers/ivf-64-seed42,main-s00119,100,64,1,1000,0,False,False,1.0,53.35410400039109,57.81818605064473,53495.72439698204,53.35410400039109,53.35410400039109,53.35410400039109,72065536,0,1000000.0,2882.375,381351.453,378403.57,0.0,0.0,0.0,,,2048,8192,0,42
branch,64,/Users/vinroger/DATA/STUDY/latihan/about/exa-interview/e2e-inverted-bitplane-project/data/prefix-study-2026-09-13/pools/nomic-msmarco-d256/routers/ivf-64-seed42,main-s00051,1,1,1,1000,0,False,False,0.568,0.7054790003167,1.4057080496968406,793.2469519964798,0.7054790003167,0.7054790003167,0.7054790003167,72065536,0,17161.513,59.733,8683.661,8572.606,0.0,0.0,0.0,,,2048,8192,0,42
branch,64,/Users/vinroger/DATA/STUDY/latihan/about/exa-interview/e2e-inverted-bitplane-project/data/prefix-study-2026-09-13/pools/nomic-msmarco-d256/routers/ivf-64-seed42,main-s00048,1,1,1,1000,0,False,False,0.568,0.8001460009836592,0.9843833511695266,800.6431520188926,0.8001460009836592,0.8001460009836592,0.8001460009836592,72065536,0,9248.43,506.266,88328.337,48498.874,0.0,0.0,0.0,,,128,512,0,42
branch,64,/Users/vinroger/DATA/STUDY/latihan/about/exa-interview/e2e-inverted-bitplane-project/data/prefix-study-2026-09-13/pools/nomic-msmarco-d256/routers/ivf-64-seed42,main-s00093,10,64,1,1000,0,False,False,0.9564,30.022916999769222,40.8682892498291,29985.45758500768,30.022916999769222,30.022916999769222,30.022916999769222,72065536,0,111937.196,8192.0,1636571.385,452415.64,0.0,0.0,0.0,,,128,8192,0,42
branch,64,/Users/vinroger/DATA/STUDY/latihan/about/exa-interview/e2e-inverted-bitplane-project/data/prefix-study-2026-09-13/pools/nomic-msmarco-d256/routers/ivf-64-seed42,main-s00117,100,64,1,1000,0,False,False,0.87899,30.126854499940237,40.81068364894236,29990.78958699829,30.126854499940237,30.126854499940237,30.126854499940237,72065536,0,111937.196,8192.0,1636571.385,452415.64,0.0,0.0,0.0,,,128,8192,0,42
branch,64,/Users/vinroger/DATA/STUDY/latihan/about/exa-interview/e2e-inverted-bitplane-project/data/prefix-study-2026-09-13/pools/nomic-msmarco-d256/routers/ivf-64-seed42,main-s00108,100,20,1,1000,0,False,False,0.28026,0.5420419993242831,0.9859809504632722,569.6146149857668,0.5420419993242831,0.5420419993242831,0.5420419993242831,72065536,0,2531.524,512.0,117963.694,10029.979,0.0,0.0,0.0,,,128,512,0,42
branch,64,/Users/vinroger/DATA/STUDY/latihan/about/exa-interview/e2e-inverted-bitplane-project/data/prefix-study-2026-09-13/pools/nomic-msmarco-d256/routers/ivf-64-seed42,main-s00092,10,64,1,1000,0,False,False,0.0005,0.22172949957166566,0.278418748803233,232.09069200856902,0.22172949957166566,0.22172949957166566,0.22172949957166566,72065536,0,76.712,512.0,125058.382,221.043,0.0,0.0,0.0,,,128,512,0,42
branch,64,/Users/vinroger/DATA/STUDY/latihan/about/exa-interview/e2e-inverted-bitplane-project/data/prefix-study-2026-09-13/pools/nomic-msmarco-d256/routers/ivf-64-seed42,main-s00068,1,64,1,1000,0,False,False,0.001,0.22066700057621347,0.276039600612421,231.07387498384924,0.22066700057621347,0.22066700057621347,0.22066700057621347,72065536,0,76.712,512.0,125058.382,221.043,0.0,0.0,0.0,,,128,512,0,42
branch,64,/Users/vinroger/DATA/STUDY/latihan/about/exa-interview/e2e-inverted-bitplane-project/data/prefix-study-2026-09-13/pools/nomic-msmarco-d256/routers/ivf-64-seed42,main-s00104,100,12,1,1000,0,False,False,0.564,1.1257704991294304,1.8103833498571473,1189.3777409950417,1.1257704991294304,1.1257704991294304,1.1257704991294304,72065536,0,5447.827,512.0,105929.805,24981.655,0.0,0.0,0.0,,,128,512,0,42
branch,64,/Users/vinroger/DATA/STUDY/latihan/about/exa-interview/e2e-inverted-bitplane-project/data/prefix-study-2026-09-13/pools/nomic-msmarco-d256/routers/ivf-64-seed42,main-s00078,10,4,1,1000,0,False,False,0.8,2.9941254997538636,4.257517000951339,3051.3537059796363,2.9941254997538636,2.9941254997538636,2.9941254997538636,72065536,0,65176.568,216.127,29750.059,29472.715,0.0,0.0,0.0,,,2048,512,0,42
branch,64,/Users/vinroger/DATA/STUDY/latihan/about/exa-interview/e2e-inverted-bitplane-project/data/prefix-study-2026-09-13/pools/nomic-msmarco-d256/routers/ivf-64-seed42,main-s00106,100,12,1,1000,0,False,False,0.89729,7.107812499270949,9.054598250440904,7120.037791004506,7.107812499270949,7.107812499270949,7.107812499270949,72065536,0,151631.968,497.537,74689.038,55309.845,0.0,0.0,0.0,,,2048,512,0,42
branch,64,/Users/vinroger/DATA/STUDY/latihan/about/exa-interview/e2e-inverted-bitplane-project/data/prefix-study-2026-09-13/pools/nomic-msmarco-d256/routers/ivf-64-seed42,main-s00072,10,1,1,1000,0,False,False,0.5172,0.8076039994193707,1.005161900047824,809.6015729879582,0.8076039994193707,0.8076039994193707,0.8076039994193707,72065536,0,9249.768,506.311,88334.609,48508.176,0.0,0.0,0.0,,,128,512,0,42
branch,64,/Users/vinroger/DATA/STUDY/latihan/about/exa-interview/e2e-inverted-bitplane-project/data/prefix-study-2026-09-13/pools/nomic-msmarco-d256/routers/ivf-64-seed42,main-s00095,10,64,1,1000,0,False,False,1.0,53.38608350029972,57.83141525098472,53397.53948301404,53.38608350029972,53.38608350029972,53.38608350029972,72065536,0,999993.524,2882.365,381351.056,378399.956,0.0,0.0,0.0,,,2048,8192,0,42
branch,64,/Users/vinroger/DATA/STUDY/latihan/about/exa-interview/e2e-inverted-bitplane-project/data/prefix-study-2026-09-13/pools/nomic-msmarco-d256/routers/ivf-64-seed42,main-s00061,1,14,1,1000,0,False,False,0.957,16.49899950098188,19.28388954984257,16577.97074498012,16.49899950098188,16.49899950098188,16.49899950098188,72065536,0,171944.528,8036.788,1203633.283,901473.246,0.0,0.0,0.0,,,128,8192,0,42
branch,64,/Users/vinroger/DATA/STUDY/latihan/about/exa-interview/e2e-inverted-bitplane-project/data/prefix-study-2026-09-13/pools/nomic-msmarco-d256/routers/ivf-64-seed42,main-s00114,100,39,1,1000,0,False,False,0.49717,3.0286665005405666,6.840487800491246,3159.632252965821,3.0286665005405666,3.0286665005405666,3.0286665005405666,72065536,0,62935.71,512.0,113320.957,15339.859,0.0,0.0,0.0,,,2048,512,0,42
branch,64,/Users/vinroger/DATA/STUDY/latihan/about/exa-interview/e2e-inverted-bitplane-project/data/prefix-study-2026-09-13/pools/nomic-msmarco-d256/routers/ivf-64-seed42,main-s00103,100,6,1,1000,0,False,False,0.8163,4.508062999775575,5.928102400048374,4533.882100002302,4.508062999775575,4.508062999775575,4.508062999775575,72065536,0,96613.447,315.125,42837.046,42451.085,0.0,0.0,0.0,,,2048,8192,0,42
branch,64,/Users/vinroger/DATA/STUDY/latihan/about/exa-interview/e2e-inverted-bitplane-project/data/prefix-study-2026-09-13/pools/nomic-msmarco-d256/routers/ivf-64-seed42,main-s00066,1,26,1,1000,0,False,False,0.946,5.211937499552732,7.91169934991558,5129.146570001467,5.211937499552732,5.211937499552732,5.211937499552732,72065536,0,105146.089,512.0,98933.583,31725.831,0.0,0.0,0.0,,,2048,512,0,42
branch,64,/Users/vinroger/DATA/STUDY/latihan/about/exa-interview/e2e-inverted-bitplane-project/data/prefix-study-2026-09-13/pools/nomic-msmarco-d256/routers/ivf-64-seed42,main-s00067,1,26,1,1000,0,False,False,0.991,20.129104000261577,23.72787319991403,20115.978914964217,20.129104000261577,20.129104000261577,20.129104000261577,72065536,0,406791.47,1239.124,163181.188,161505.489,0.0,0.0,0.0,,,2048,8192,0,42
branch,64,/Users/vinroger/DATA/STUDY/latihan/about/exa-interview/e2e-inverted-bitplane-project/data/prefix-study-2026-09-13/pools/nomic-msmarco-d256/routers/ivf-64-seed42,main-s00076,10,4,1,1000,0,False,False,0.7322,0.9152294996965793,1.5294916493076014,1002.5720939847815,0.9152294996965793,0.9152294996965793,0.9152294996965793,72065536,0,6265.224,512.0,108919.16,25367.421,0.0,0.0,0.0,,,128,512,0,42
branch,64,/Users/vinroger/DATA/STUDY/latihan/about/exa-interview/e2e-inverted-bitplane-project/data/prefix-study-2026-09-13/pools/nomic-msmarco-d256/routers/ivf-64-seed42,main-s00081,10,9,1,85,0,False,False,0.8894117647058823,13.443416999507463,16.387316600230406,1138.4203290126607,13.443416999507463,13.443416999507463,13.443416999507463,72065536,0,146954.03529411764,6718.529411764706,965940.094117647,897035.905882353,0.0,0.0,0.0,,,128,8192,0,42
branch,64,/Users/vinroger/DATA/STUDY/latihan/about/exa-interview/e2e-inverted-bitplane-project/data/prefix-study-2026-09-13/pools/nomic-msmarco-d256/routers/ivf-64-seed42,main-s00054,1,3,1,0,0,False,False,,,,0,,,,72065536,0,,,,,,,,,,2048,512,0,42
branch,64,/Users/vinroger/DATA/STUDY/latihan/about/exa-interview/e2e-inverted-bitplane-project/data/prefix-study-2026-09-13/pools/nomic-msmarco-d256/routers/ivf-64-seed42,main-s00056,1,8,1,0,0,False,False,,,,0,,,,72065536,0,,,,,,,,,,128,512,0,42
branch,64,/Users/vinroger/DATA/STUDY/latihan/about/exa-interview/e2e-inverted-bitplane-project/data/prefix-study-2026-09-13/pools/nomic-msmarco-d256/routers/ivf-64-seed42,main-s00118,100,64,1,0,0,False,False,,,,0,,,,72065536,0,,,,,,,,,,2048,512,0,42
branch,64,/Users/vinroger/DATA/STUDY/latihan/about/exa-interview/e2e-inverted-bitplane-project/data/prefix-study-2026-09-13/pools/nomic-msmarco-d256/routers/ivf-64-seed42,main-s00063,1,14,1,0,0,False,False,,,,0,,,,72065536,0,,,,,,,,,,2048,8192,0,42
branch,64,/Users/vinroger/DATA/STUDY/latihan/about/exa-interview/e2e-inverted-bitplane-project/data/prefix-study-2026-09-13/pools/nomic-msmarco-d256/routers/ivf-64-seed42,main-s00075,10,1,1,0,0,False,False,,,,0,,,,72065536,0,,,,,,,,,,2048,8192,0,42
branch,64,/Users/vinroger/DATA/STUDY/latihan/about/exa-interview/e2e-inverted-bitplane-project/data/prefix-study-2026-09-13/pools/nomic-msmarco-d256/routers/ivf-64-seed42,main-s00052,1,3,1,0,0,False,False,,,,0,,,,72065536,0,,,,,,,,,,128,512,0,42
branch,64,/Users/vinroger/DATA/STUDY/latihan/about/exa-interview/e2e-inverted-bitplane-project/data/prefix-study-2026-09-13/pools/nomic-msmarco-d256/routers/ivf-64-seed42,main-s00057,1,8,1,0,0,False,False,,,,0,,,,72065536,0,,,,,,,,,,128,8192,0,42
branch,64,/Users/vinroger/DATA/STUDY/latihan/about/exa-interview/e2e-inverted-bitplane-project/data/prefix-study-2026-09-13/pools/nomic-msmarco-d256/routers/ivf-64-seed42,main-s00107,100,12,1,0,0,False,False,,,,0,,,,72065536,0,,,,,,,,,,2048,8192,0,42
branch,64,/Users/vinroger/DATA/STUDY/latihan/about/exa-interview/e2e-inverted-bitplane-project/data/prefix-study-2026-09-13/pools/nomic-msmarco-d256/routers/ivf-64-seed42,main-s00069,1,64,1,0,0,False,False,,,,0,,,,72065536,0,,,,,,,,,,128,8192,0,42
branch,64,/Users/vinroger/DATA/STUDY/latihan/about/exa-interview/e2e-inverted-bitplane-project/data/prefix-study-2026-09-13/pools/nomic-msmarco-d256/routers/ivf-64-seed42,main-s00086,10,16,1,0,0,False,False,,,,0,,,,72065536,0,,,,,,,,,,2048,512,0,42
branch,64,/Users/vinroger/DATA/STUDY/latihan/about/exa-interview/e2e-inverted-bitplane-project/data/prefix-study-2026-09-13/pools/nomic-msmarco-d256/routers/ivf-64-seed42,main-s00097,100,2,1,0,0,False,False,,,,0,,,,72065536,0,,,,,,,,,,128,8192,0,42
branch,64,/Users/vinroger/DATA/STUDY/latihan/about/exa-interview/e2e-inverted-bitplane-project/data/prefix-study-2026-09-13/pools/nomic-msmarco-d256/routers/ivf-64-seed42,main-s00098,100,2,1,0,0,False,False,,,,0,,,,72065536,0,,,,,,,,,,2048,512,0,42
branch,64,/Users/vinroger/DATA/STUDY/latihan/about/exa-interview/e2e-inverted-bitplane-project/data/prefix-study-2026-09-13/pools/nomic-msmarco-d256/routers/ivf-64-seed42,main-s00100,100,6,1,0,0,False,False,,,,0,,,,72065536,0,,,,,,,,,,128,512,0,42
branch,64,/Users/vinroger/DATA/STUDY/latihan/about/exa-interview/e2e-inverted-bitplane-project/data/prefix-study-2026-09-13/pools/nomic-msmarco-d256/routers/ivf-64-seed42,main-s00099,100,2,1,0,0,False,False,,,,0,,,,72065536,0,,,,,,,,,,2048,8192,0,42
branch,64,/Users/vinroger/DATA/STUDY/latihan/about/exa-interview/e2e-inverted-bitplane-project/data/prefix-study-2026-09-13/pools/nomic-msmarco-d256/routers/ivf-64-seed42,main-s00083,10,9,1,0,0,False,False,,,,0,,,,72065536,0,,,,,,,,,,2048,8192,0,42
branch,64,/Users/vinroger/DATA/STUDY/latihan/about/exa-interview/e2e-inverted-bitplane-project/data/prefix-study-2026-09-13/pools/nomic-msmarco-d256/routers/ivf-64-seed42,main-s00055,1,3,1,0,0,False,False,,,,0,,,,72065536,0,,,,,,,,,,2048,8192,0,42
branch,64,/Users/vinroger/DATA/STUDY/latihan/about/exa-interview/e2e-inverted-bitplane-project/data/prefix-study-2026-09-13/pools/nomic-msmarco-d256/routers/ivf-64-seed42,main-s00071,1,64,1,0,0,False,False,,,,0,,,,72065536,0,,,,,,,,,,2048,8192,0,42
branch,64,/Users/vinroger/DATA/STUDY/latihan/about/exa-interview/e2e-inverted-bitplane-project/data/prefix-study-2026-09-13/pools/nomic-msmarco-d256/routers/ivf-64-seed42,main-s00111,100,20,1,0,0,False,False,,,,0,,,,72065536,0,,,,,,,,,,2048,8192,0,42
branch,64,/Users/vinroger/DATA/STUDY/latihan/about/exa-interview/e2e-inverted-bitplane-project/data/prefix-study-2026-09-13/pools/nomic-msmarco-d256/routers/ivf-64-seed42,main-s00074,10,1,1,0,0,False,False,,,,0,,,,72065536,0,,,,,,,,,,2048,512,0,42
branch,64,/Users/vinroger/DATA/STUDY/latihan/about/exa-interview/e2e-inverted-bitplane-project/data/prefix-study-2026-09-13/pools/nomic-msmarco-d256/routers/ivf-64-seed42,main-s00080,10,9,1,0,0,False,False,,,,0,,,,72065536,0,,,,,,,,,,128,512,0,42
branch,64,/Users/vinroger/DATA/STUDY/latihan/about/exa-interview/e2e-inverted-bitplane-project/data/prefix-study-2026-09-13/pools/nomic-msmarco-d256/routers/ivf-64-seed42,main-s00070,1,64,1,0,0,False,False,,,,0,,,,72065536,0,,,,,,,,,,2048,512,0,42
branch,64,/Users/vinroger/DATA/STUDY/latihan/about/exa-interview/e2e-inverted-bitplane-project/data/prefix-study-2026-09-13/pools/nomic-msmarco-d256/routers/ivf-64-seed42,main-s00096,100,2,1,0,0,False,False,,,,0,,,,72065536,0,,,,,,,,,,128,512,0,42
branch,64,/Users/vinroger/DATA/STUDY/latihan/about/exa-interview/e2e-inverted-bitplane-project/data/prefix-study-2026-09-13/pools/nomic-msmarco-d256/routers/ivf-64-seed42,main-s00058,1,8,1,0,0,False,False,,,,0,,,,72065536,0,,,,,,,,,,2048,512,0,42
branch,64,/Users/vinroger/DATA/STUDY/latihan/about/exa-interview/e2e-inverted-bitplane-project/data/prefix-study-2026-09-13/pools/nomic-msmarco-d256/routers/ivf-64-seed42,main-s00077,10,4,1,0,0,False,False,,,,0,,,,72065536,0,,,,,,,,,,128,8192,0,42
branch,64,/Users/vinroger/DATA/STUDY/latihan/about/exa-interview/e2e-inverted-bitplane-project/data/prefix-study-2026-09-13/pools/nomic-msmarco-d256/routers/ivf-64-seed42,main-s00112,100,39,1,0,0,False,False,,,,0,,,,72065536,0,,,,,,,,,,128,512,0,42
branch,64,/Users/vinroger/DATA/STUDY/latihan/about/exa-interview/e2e-inverted-bitplane-project/data/prefix-study-2026-09-13/pools/nomic-msmarco-d256/routers/ivf-64-seed42,main-s00113,100,39,1,0,0,False,False,,,,0,,,,72065536,0,,,,,,,,,,128,8192,0,42
branch,64,/Users/vinroger/DATA/STUDY/latihan/about/exa-interview/e2e-inverted-bitplane-project/data/prefix-study-2026-09-13/pools/nomic-msmarco-d256/routers/ivf-64-seed42,main-s00109,100,20,1,0,0,False,False,,,,0,,,,72065536,0,,,,,,,,,,128,8192,0,42
branch,64,/Users/vinroger/DATA/STUDY/latihan/about/exa-interview/e2e-inverted-bitplane-project/data/prefix-study-2026-09-13/pools/nomic-msmarco-d256/routers/ivf-64-seed42,main-s00065,1,26,1,0,0,False,False,,,,0,,,,72065536,0,,,,,,,,,,128,8192,0,42
branch,64,/Users/vinroger/DATA/STUDY/latihan/about/exa-interview/e2e-inverted-bitplane-project/data/prefix-study-2026-09-13/pools/nomic-msmarco-d256/routers/ivf-64-seed42,main-s00087,10,16,1,0,0,False,False,,,,0,,,,72065536,0,,,,,,,,,,2048,8192,0,42
branch,64,/Users/vinroger/DATA/STUDY/latihan/about/exa-interview/e2e-inverted-bitplane-project/data/prefix-study-2026-09-13/pools/nomic-msmarco-d256/routers/ivf-64-seed42,main-s00089,10,33,1,0,0,False,False,,,,0,,,,72065536,0,,,,,,,,,,128,8192,0,42
branch,64,/Users/vinroger/DATA/STUDY/latihan/about/exa-interview/e2e-inverted-bitplane-project/data/prefix-study-2026-09-13/pools/nomic-msmarco-d256/routers/ivf-64-seed42,main-s00101,100,6,1,0,0,False,False,,,,0,,,,72065536,0,,,,,,,,,,128,8192,0,42
branch,64,/Users/vinroger/DATA/STUDY/latihan/about/exa-interview/e2e-inverted-bitplane-project/data/prefix-study-2026-09-13/pools/nomic-msmarco-d256/routers/ivf-64-seed42,main-s00060,1,14,1,0,0,False,False,,,,0,,,,72065536,0,,,,,,,,,,128,512,0,42
branch,64,/Users/vinroger/DATA/STUDY/latihan/about/exa-interview/e2e-inverted-bitplane-project/data/prefix-study-2026-09-13/pools/nomic-msmarco-d256/routers/ivf-64-seed42,main-s00105,100,12,1,0,0,False,False,,,,0,,,,72065536,0,,,,,,,,,,128,8192,0,42
branch,64,/Users/vinroger/DATA/STUDY/latihan/about/exa-interview/e2e-inverted-bitplane-project/data/prefix-study-2026-09-13/pools/nomic-msmarco-d256/routers/ivf-64-seed42,main-s00088,10,33,1,0,0,False,False,,,,0,,,,72065536,0,,,,,,,,,,128,512,0,42
branch,64,/Users/vinroger/DATA/STUDY/latihan/about/exa-interview/e2e-inverted-bitplane-project/data/prefix-study-2026-09-13/pools/nomic-msmarco-d256/routers/ivf-64-seed42,main-s00102,100,6,1,0,0,False,False,,,,0,,,,72065536,0,,,,,,,,,,2048,512,0,42
branch,64,/Users/vinroger/DATA/STUDY/latihan/about/exa-interview/e2e-inverted-bitplane-project/data/prefix-study-2026-09-13/pools/nomic-msmarco-d256/routers/ivf-64-seed42,main-s00090,10,33,1,0,0,False,False,,,,0,,,,72065536,0,,,,,,,,,,2048,512,0,42
branch,64,/Users/vinroger/DATA/STUDY/latihan/about/exa-interview/e2e-inverted-bitplane-project/data/prefix-study-2026-09-13/pools/nomic-msmarco-d256/routers/ivf-64-seed42,main-s00064,1,26,1,0,0,False,False,,,,0,,,,72065536,0,,,,,,,,,,128,512,0,42
branch,64,/Users/vinroger/DATA/STUDY/latihan/about/exa-interview/e2e-inverted-bitplane-project/data/prefix-study-2026-09-13/pools/nomic-msmarco-d256/routers/ivf-64-seed42,main-s00053,1,3,1,0,0,False,False,,,,0,,,,72065536,0,,,,,,,,,,128,8192,0,42
branch,64,/Users/vinroger/DATA/STUDY/latihan/about/exa-interview/e2e-inverted-bitplane-project/data/prefix-study-2026-09-13/pools/nomic-msmarco-d256/routers/ivf-64-seed42,main-s00079,10,4,1,0,0,False,False,,,,0,,,,72065536,0,,,,,,,,,,2048,8192,0,42
branch,64,/Users/vinroger/DATA/STUDY/latihan/about/exa-interview/e2e-inverted-bitplane-project/data/prefix-study-2026-09-13/pools/nomic-msmarco-d256/routers/ivf-64-seed42,main-s00049,1,1,1,0,0,False,False,,,,0,,,,72065536,0,,,,,,,,,,128,8192,0,42
branch,64,/Users/vinroger/DATA/STUDY/latihan/about/exa-interview/e2e-inverted-bitplane-project/data/prefix-study-2026-09-13/pools/nomic-msmarco-d256/routers/ivf-64-seed42,main-s00116,100,64,1,0,0,False,False,,,,0,,,,72065536,0,,,,,,,,,,128,512,0,42
branch,64,/Users/vinroger/DATA/STUDY/latihan/about/exa-interview/e2e-inverted-bitplane-project/data/prefix-study-2026-09-13/pools/nomic-msmarco-d256/routers/ivf-64-seed42,main-s00082,10,9,1,0,0,False,False,,,,0,,,,72065536,0,,,,,,,,,,2048,512,0,42
branch,64,/Users/vinroger/DATA/STUDY/latihan/about/exa-interview/e2e-inverted-bitplane-project/data/prefix-study-2026-09-13/pools/nomic-msmarco-d256/routers/ivf-64-seed42,main-s00115,100,39,1,0,0,False,False,,,,0,,,,72065536,0,,,,,,,,,,2048,8192,0,42
branch,64,/Users/vinroger/DATA/STUDY/latihan/about/exa-interview/e2e-inverted-bitplane-project/data/prefix-study-2026-09-13/pools/nomic-msmarco-d256/routers/ivf-64-seed42,main-s00059,1,8,1,0,0,False,False,,,,0,,,,72065536,0,,,,,,,,,,2048,8192,0,42
branch,64,/Users/vinroger/DATA/STUDY/latihan/about/exa-interview/e2e-inverted-bitplane-project/data/prefix-study-2026-09-13/pools/nomic-msmarco-d256/routers/ivf-64-seed42,main-s00062,1,14,1,0,0,False,False,,,,0,,,,72065536,0,,,,,,,,,,2048,512,0,42
branch,64,/Users/vinroger/DATA/STUDY/latihan/about/exa-interview/e2e-inverted-bitplane-project/data/prefix-study-2026-09-13/pools/nomic-msmarco-d256/routers/ivf-64-seed42,main-s00091,10,33,1,0,0,False,False,,,,0,,,,72065536,0,,,,,,,,,,2048,8192,0,42
prefix,1024,/Users/vinroger/DATA/STUDY/latihan/about/exa-interview/e2e-inverted-bitplane-project/data/prefix-study-2026-09-13/pools/nomic-msmarco-d256/routers/ivf-1024-seed42,main-s00309,1,9,1,0,0,False,False,,,,0,,,,0,0,,,,,,,,16,0,,,,
prefix,1024,/Users/vinroger/DATA/STUDY/latihan/about/exa-interview/e2e-inverted-bitplane-project/data/prefix-study-2026-09-13/pools/nomic-msmarco-d256/routers/ivf-1024-seed42,main-s00361,100,5,1,0,0,False,False,,,,0,,,,0,0,,,,,,,,16,10000,,,,
prefix,1024,/Users/vinroger/DATA/STUDY/latihan/about/exa-interview/e2e-inverted-bitplane-project/data/prefix-study-2026-09-13/pools/nomic-msmarco-d256/routers/ivf-1024-seed42,main-s00354,10,345,1,0,0,False,False,,,,0,,,,0,0,,,,,,,,16,0,,,,
prefix,1024,/Users/vinroger/DATA/STUDY/latihan/about/exa-interview/e2e-inverted-bitplane-project/data/prefix-study-2026-09-13/pools/nomic-msmarco-d256/routers/ivf-1024-seed42,main-s00344,10,49,1,0,0,False,False,,,,0,,,,0,0,,,,,,,,16,0,,,,
prefix,1024,/Users/vinroger/DATA/STUDY/latihan/about/exa-interview/e2e-inverted-bitplane-project/data/prefix-study-2026-09-13/pools/nomic-msmarco-d256/routers/ivf-1024-seed42,main-s00332,10,3,1,0,0,False,False,,,,0,,,,0,0,,,,,,,,16,100000,,,,
prefix,1024,/Users/vinroger/DATA/STUDY/latihan/about/exa-interview/e2e-inverted-bitplane-project/data/prefix-study-2026-09-13/pools/nomic-msmarco-d256/routers/ivf-1024-seed42,main-s00348,10,108,1,0,0,False,False,,,,0,,,,0,0,,,,,,,,16,500000,,,,
prefix,1024,/Users/vinroger/DATA/STUDY/latihan/about/exa-interview/e2e-inverted-bitplane-project/data/prefix-study-2026-09-13/pools/nomic-msmarco-d256/routers/ivf-1024-seed42,main-s00323,1,176,1,0,0,False,False,,,,0,,,,0,0,,,,,,,,16,500000,,,,
prefix,1024,/Users/vinroger/DATA/STUDY/latihan/about/exa-interview/e2e-inverted-bitplane-project/data/prefix-study-2026-09-13/pools/nomic-msmarco-d256/routers/ivf-1024-seed42,main-s00367,100,34,1,0,0,False,False,,,,0,,,,0,0,,,,,,,,16,100000,,,,
prefix,1024,/Users/vinroger/DATA/STUDY/latihan/about/exa-interview/e2e-inverted-bitplane-project/data/prefix-study-2026-09-13/pools/nomic-msmarco-d256/routers/ivf-1024-seed42,main-s00343,10,49,1,0,0,False,False,,,,0,,,,0,0,,,,,,,,16,500000,,,,
prefix,1024,/Users/vinroger/DATA/STUDY/latihan/about/exa-interview/e2e-inverted-bitplane-project/data/prefix-study-2026-09-13/pools/nomic-msmarco-d256/routers/ivf-1024-seed42,main-s00350,10,345,1,0,0,False,False,,,,0,,,,0,0,,,,,,,,16,1000,,,,
prefix,1024,/Users/vinroger/DATA/STUDY/latihan/about/exa-interview/e2e-inverted-bitplane-project/data/prefix-study-2026-09-13/pools/nomic-msmarco-d256/routers/ivf-1024-seed42,main-s00359,10,1024,1,0,0,False,False,,,,0,,,,0,0,,,,,,,,16,0,,,,
prefix,1024,/Users/vinroger/DATA/STUDY/latihan/about/exa-interview/e2e-inverted-bitplane-project/data/prefix-study-2026-09-13/pools/nomic-msmarco-d256/routers/ivf-1024-seed42,main-s00351,10,345,1,0,0,False,False,,,,0,,,,0,0,,,,,,,,16,10000,,,,
prefix,1024,/Users/vinroger/DATA/STUDY/latihan/about/exa-interview/e2e-inverted-bitplane-project/data/prefix-study-2026-09-13/pools/nomic-msmarco-d256/routers/ivf-1024-seed42,main-s00313,1,29,1,0,0,False,False,,,,0,,,,0,0,,,,,,,,16,500000,,,,
prefix,1024,/Users/vinroger/DATA/STUDY/latihan/about/exa-interview/e2e-inverted-bitplane-project/data/prefix-study-2026-09-13/pools/nomic-msmarco-d256/routers/ivf-1024-seed42,main-s00368,100,34,1,0,0,False,False,,,,0,,,,0,0,,,,,,,,16,500000,,,,
prefix,1024,/Users/vinroger/DATA/STUDY/latihan/about/exa-interview/e2e-inverted-bitplane-project/data/prefix-study-2026-09-13/pools/nomic-msmarco-d256/routers/ivf-1024-seed42,main-s00353,10,345,1,0,0,False,False,,,,0,,,,0,0,,,,,,,,16,500000,,,,
prefix,1024,/Users/vinroger/DATA/STUDY/latihan/about/exa-interview/e2e-inverted-bitplane-project/data/prefix-study-2026-09-13/pools/nomic-msmarco-d256/routers/ivf-1024-seed42,main-s00338,10,18,1,0,0,False,False,,,,0,,,,0,0,,,,,,,,16,500000,,,,
prefix,1024,/Users/vinroger/DATA/STUDY/latihan/about/exa-interview/e2e-inverted-bitplane-project/data/prefix-study-2026-09-13/pools/nomic-msmarco-d256/routers/ivf-1024-seed42,main-s00325,1,1024,1,0,0,False,False,,,,0,,,,0,0,,,,,,,,16,1000,,,,
prefix,1024,/Users/vinroger/DATA/STUDY/latihan/about/exa-interview/e2e-inverted-bitplane-project/data/prefix-study-2026-09-13/pools/nomic-msmarco-d256/routers/ivf-1024-seed42,main-s00301,1,2,1,0,0,False,False,,,,0,,,,0,0,,,,,,,,16,10000,,,,
prefix,1024,/Users/vinroger/DATA/STUDY/latihan/about/exa-interview/e2e-inverted-bitplane-project/data/prefix-study-2026-09-13/pools/nomic-msmarco-d256/routers/ivf-1024-seed42,main-s00320,1,176,1,0,0,False,False,,,,0,,,,0,0,,,,,,,,16,1000,,,,
prefix,1024,/Users/vinroger/DATA/STUDY/latihan/about/exa-interview/e2e-inverted-bitplane-project/data/prefix-study-2026-09-13/pools/nomic-msmarco-d256/routers/ivf-1024-seed42,main-s00308,1,9,1,0,0,False,False,,,,0,,,,0,0,,,,,,,,16,500000,,,,
prefix,1024,/Users/vinroger/DATA/STUDY/latihan/about/exa-interview/e2e-inverted-bitplane-project/data/prefix-study-2026-09-13/pools/nomic-msmarco-d256/routers/ivf-1024-seed42,main-s00385,100,1024,1,0,0,False,False,,,,0,,,,0,0,,,,,,,,16,1000,,,,
prefix,1024,/Users/vinroger/DATA/STUDY/latihan/about/exa-interview/e2e-inverted-bitplane-project/data/prefix-study-2026-09-13/pools/nomic-msmarco-d256/routers/ivf-1024-seed42,main-s00302,1,2,1,0,0,False,False,,,,0,,,,0,0,,,,,,,,16,100000,,,,
prefix,1024,/Users/vinroger/DATA/STUDY/latihan/about/exa-interview/e2e-inverted-bitplane-project/data/prefix-study-2026-09-13/pools/nomic-msmarco-d256/routers/ivf-1024-seed42,main-s00355,10,1024,1,0,0,False,False,,,,0,,,,0,0,,,,,,,,16,1000,,,,
prefix,1024,/Users/vinroger/DATA/STUDY/latihan/about/exa-interview/e2e-inverted-bitplane-project/data/prefix-study-2026-09-13/pools/nomic-msmarco-d256/routers/ivf-1024-seed42,main-s00328,1,1024,1,0,0,False,False,,,,0,,,,0,0,,,,,,,,16,500000,,,,
prefix,1024,/Users/vinroger/DATA/STUDY/latihan/about/exa-interview/e2e-inverted-bitplane-project/data/prefix-study-2026-09-13/pools/nomic-msmarco-d256/routers/ivf-1024-seed42,main-s00386,100,1024,1,0,0,False,False,,,,0,,,,0,0,,,,,,,,16,10000,,,,
prefix,1024,/Users/vinroger/DATA/STUDY/latihan/about/exa-interview/e2e-inverted-bitplane-project/data/prefix-study-2026-09-13/pools/nomic-msmarco-d256/routers/ivf-1024-seed42,main-s00305,1,9,1,0,0,False,False,,,,0,,,,0,0,,,,,,,,16,1000,,,,
prefix,1024,/Users/vinroger/DATA/STUDY/latihan/about/exa-interview/e2e-inverted-bitplane-project/data/prefix-study-2026-09-13/pools/nomic-msmarco-d256/routers/ivf-1024-seed42,main-s00384,100,427,1,0,0,False,False,,,,0,,,,0,0,,,,,,,,16,0,,,,
prefix,1024,/Users/vinroger/DATA/STUDY/latihan/about/exa-interview/e2e-inverted-bitplane-project/data/prefix-study-2026-09-13/pools/nomic-msmarco-d256/routers/ivf-1024-seed42,main-s00345,10,108,1,0,0,False,False,,,,0,,,,0,0,,,,,,,,16,1000,,,,
prefix,1024,/Users/vinroger/DATA/STUDY/latihan/about/exa-interview/e2e-inverted-bitplane-project/data/prefix-study-2026-09-13/pools/nomic-msmarco-d256/routers/ivf-1024-seed42,main-s00300,1,2,1,0,0,False,False,,,,0,,,,0,0,,,,,,,,16,1000,,,,
prefix,1024,/Users/vinroger/DATA/STUDY/latihan/about/exa-interview/e2e-inverted-bitplane-project/data/prefix-study-2026-09-13/pools/nomic-msmarco-d256/routers/ivf-1024-seed42,main-s00312,1,29,1,0,0,False,False,,,,0,,,,0,0,,,,,,,,16,100000,,,,
prefix,1024,/Users/vinroger/DATA/STUDY/latihan/about/exa-interview/e2e-inverted-bitplane-project/data/prefix-study-2026-09-13/pools/nomic-msmarco-d256/routers/ivf-1024-seed42,main-s00315,1,65,1,0,0,False,False,,,,0,,,,0,0,,,,,,,,16,1000,,,,
prefix,1024,/Users/vinroger/DATA/STUDY/latihan/about/exa-interview/e2e-inverted-bitplane-project/data/prefix-study-2026-09-13/pools/nomic-msmarco-d256/routers/ivf-1024-seed42,main-s00379,100,171,1,0,0,False,False,,,,0,,,,0,0,,,,,,,,16,0,,,,
prefix,1024,/Users/vinroger/DATA/STUDY/latihan/about/exa-interview/e2e-inverted-bitplane-project/data/prefix-study-2026-09-13/pools/nomic-msmarco-d256/routers/ivf-1024-seed42,main-s00375,100,171,1,0,0,False,False,,,,0,,,,0,0,,,,,,,,16,1000,,,,
prefix,1024,/Users/vinroger/DATA/STUDY/latihan/about/exa-interview/e2e-inverted-bitplane-project/data/prefix-study-2026-09-13/pools/nomic-msmarco-d256/routers/ivf-1024-seed42,main-s00357,10,1024,1,0,0,False,False,,,,0,,,,0,0,,,,,,,,16,100000,,,,
prefix,1024,/Users/vinroger/DATA/STUDY/latihan/about/exa-interview/e2e-inverted-bitplane-project/data/prefix-study-2026-09-13/pools/nomic-msmarco-d256/routers/ivf-1024-seed42,main-s00322,1,176,1,0,0,False,False,,,,0,,,,0,0,,,,,,,,16,100000,,,,
prefix,1024,/Users/vinroger/DATA/STUDY/latihan/about/exa-interview/e2e-inverted-bitplane-project/data/prefix-study-2026-09-13/pools/nomic-msmarco-d256/routers/ivf-1024-seed42,main-s00370,100,87,1,0,0,False,False,,,,0,,,,0,0,,,,,,,,16,1000,,,,
prefix,1024,/Users/vinroger/DATA/STUDY/latihan/about/exa-interview/e2e-inverted-bitplane-project/data/prefix-study-2026-09-13/pools/nomic-msmarco-d256/routers/ivf-1024-seed42,main-s00349,10,108,1,0,0,False,False,,,,0,,,,0,0,,,,,,,,16,0,,,,
prefix,1024,/Users/vinroger/DATA/STUDY/latihan/about/exa-interview/e2e-inverted-bitplane-project/data/prefix-study-2026-09-13/pools/nomic-msmarco-d256/routers/ivf-1024-seed42,main-s00363,100,5,1,0,0,False,False,,,,0,,,,0,0,,,,,,,,16,500000,,,,
prefix,1024,/Users/vinroger/DATA/STUDY/latihan/about/exa-interview/e2e-inverted-bitplane-project/data/prefix-study-2026-09-13/pools/nomic-msmarco-d256/routers/ivf-1024-seed42,main-s00339,10,18,1,0,0,False,False,,,,0,,,,0,0,,,,,,,,16,0,,,,
prefix,1024,/Users/vinroger/DATA/STUDY/latihan/about/exa-interview/e2e-inverted-bitplane-project/data/prefix-study-2026-09-13/pools/nomic-msmarco-d256/routers/ivf-1024-seed42,main-s00307,1,9,1,0,0,False,False,,,,0,,,,0,0,,,,,,,,16,100000,,,,
prefix,1024,/Users/vinroger/DATA/STUDY/latihan/about/exa-interview/e2e-inverted-bitplane-project/data/prefix-study-2026-09-13/pools/nomic-msmarco-d256/routers/ivf-1024-seed42,main-s00340,10,49,1,0,0,False,False,,,,0,,,,0,0,,,,,,,,16,1000,,,,
prefix,1024,/Users/vinroger/DATA/STUDY/latihan/about/exa-interview/e2e-inverted-bitplane-project/data/prefix-study-2026-09-13/pools/nomic-msmarco-d256/routers/ivf-1024-seed42,main-s00380,100,427,1,0,0,False,False,,,,0,,,,0,0,,,,,,,,16,1000,,,,
prefix,1024,/Users/vinroger/DATA/STUDY/latihan/about/exa-interview/e2e-inverted-bitplane-project/data/prefix-study-2026-09-13/pools/nomic-msmarco-d256/routers/ivf-1024-seed42,main-s00346,10,108,1,0,0,False,False,,,,0,,,,0,0,,,,,,,,16,10000,,,,
prefix,1024,/Users/vinroger/DATA/STUDY/latihan/about/exa-interview/e2e-inverted-bitplane-project/data/prefix-study-2026-09-13/pools/nomic-msmarco-d256/routers/ivf-1024-seed42,main-s00337,10,18,1,0,0,False,False,,,,0,,,,0,0,,,,,,,,16,100000,,,,
prefix,1024,/Users/vinroger/DATA/STUDY/latihan/about/exa-interview/e2e-inverted-bitplane-project/data/prefix-study-2026-09-13/pools/nomic-msmarco-d256/routers/ivf-1024-seed42,main-s00374,100,87,1,0,0,False,False,,,,0,,,,0,0,,,,,,,,16,0,,,,
prefix,1024,/Users/vinroger/DATA/STUDY/latihan/about/exa-interview/e2e-inverted-bitplane-project/data/prefix-study-2026-09-13/pools/nomic-msmarco-d256/routers/ivf-1024-seed42,main-s00389,100,1024,1,0,0,False,False,,,,0,,,,0,0,,,,,,,,16,0,,,,
prefix,1024,/Users/vinroger/DATA/STUDY/latihan/about/exa-interview/e2e-inverted-bitplane-project/data/prefix-study-2026-09-13/pools/nomic-msmarco-d256/routers/ivf-1024-seed42,main-s00381,100,427,1,0,0,False,False,,,,0,,,,0,0,,,,,,,,16,10000,,,,
prefix,1024,/Users/vinroger/DATA/STUDY/latihan/about/exa-interview/e2e-inverted-bitplane-project/data/prefix-study-2026-09-13/pools/nomic-msmarco-d256/routers/ivf-1024-seed42,main-s00387,100,1024,1,0,0,False,False,,,,0,,,,0,0,,,,,,,,16,100000,,,,
prefix,1024,/Users/vinroger/DATA/STUDY/latihan/about/exa-interview/e2e-inverted-bitplane-project/data/prefix-study-2026-09-13/pools/nomic-msmarco-d256/routers/ivf-1024-seed42,main-s00331,10,3,1,0,0,False,False,,,,0,,,,0,0,,,,,,,,16,10000,,,,
prefix,1024,/Users/vinroger/DATA/STUDY/latihan/about/exa-interview/e2e-inverted-bitplane-project/data/prefix-study-2026-09-13/pools/nomic-msmarco-d256/routers/ivf-1024-seed42,main-s00342,10,49,1,0,0,False,False,,,,0,,,,0,0,,,,,,,,16,100000,,,,
prefix,1024,/Users/vinroger/DATA/STUDY/latihan/about/exa-interview/e2e-inverted-bitplane-project/data/prefix-study-2026-09-13/pools/nomic-msmarco-d256/routers/ivf-1024-seed42,main-s00341,10,49,1,0,0,False,False,,,,0,,,,0,0,,,,,,,,16,10000,,,,
prefix,1024,/Users/vinroger/DATA/STUDY/latihan/about/exa-interview/e2e-inverted-bitplane-project/data/prefix-study-2026-09-13/pools/nomic-msmarco-d256/routers/ivf-1024-seed42,main-s00364,100,5,1,0,0,False,False,,,,0,,,,0,0,,,,,,,,16,0,,,,
prefix,1024,/Users/vinroger/DATA/STUDY/latihan/about/exa-interview/e2e-inverted-bitplane-project/data/prefix-study-2026-09-13/pools/nomic-msmarco-d256/routers/ivf-1024-seed42,main-s00317,1,65,1,0,0,False,False,,,,0,,,,0,0,,,,,,,,16,100000,,,,
prefix,1024,/Users/vinroger/DATA/STUDY/latihan/about/exa-interview/e2e-inverted-bitplane-project/data/prefix-study-2026-09-13/pools/nomic-msmarco-d256/routers/ivf-1024-seed42,main-s00324,1,176,1,0,0,False,False,,,,0,,,,0,0,,,,,,,,16,0,,,,
prefix,1024,/Users/vinroger/DATA/STUDY/latihan/about/exa-interview/e2e-inverted-bitplane-project/data/prefix-study-2026-09-13/pools/nomic-msmarco-d256/routers/ivf-1024-seed42,main-s00329,1,1024,1,0,0,False,False,,,,0,,,,0,0,,,,,,,,16,0,,,,
prefix,1024,/Users/vinroger/DATA/STUDY/latihan/about/exa-interview/e2e-inverted-bitplane-project/data/prefix-study-2026-09-13/pools/nomic-msmarco-d256/routers/ivf-1024-seed42,main-s00326,1,1024,1,0,0,False,False,,,,0,,,,0,0,,,,,,,,16,10000,,,,
prefix,1024,/Users/vinroger/DATA/STUDY/latihan/about/exa-interview/e2e-inverted-bitplane-project/data/prefix-study-2026-09-13/pools/nomic-msmarco-d256/routers/ivf-1024-seed42,main-s00335,10,18,1,0,0,False,False,,,,0,,,,0,0,,,,,,,,16,1000,,,,
prefix,1024,/Users/vinroger/DATA/STUDY/latihan/about/exa-interview/e2e-inverted-bitplane-project/data/prefix-study-2026-09-13/pools/nomic-msmarco-d256/routers/ivf-1024-seed42,main-s00336,10,18,1,0,0,False,False,,,,0,,,,0,0,,,,,,,,16,10000,,,,
prefix,1024,/Users/vinroger/DATA/STUDY/latihan/about/exa-interview/e2e-inverted-bitplane-project/data/prefix-study-2026-09-13/pools/nomic-msmarco-d256/routers/ivf-1024-seed42,main-s00358,10,1024,1,0,0,False,False,,,,0,,,,0,0,,,,,,,,16,500000,,,,
prefix,1024,/Users/vinroger/DATA/STUDY/latihan/about/exa-interview/e2e-inverted-bitplane-project/data/prefix-study-2026-09-13/pools/nomic-msmarco-d256/routers/ivf-1024-seed42,main-s00311,1,29,1,0,0,False,False,,,,0,,,,0,0,,,,,,,,16,10000,,,,
prefix,1024,/Users/vinroger/DATA/STUDY/latihan/about/exa-interview/e2e-inverted-bitplane-project/data/prefix-study-2026-09-13/pools/nomic-msmarco-d256/routers/ivf-1024-seed42,main-s00314,1,29,1,0,0,False,False,,,,0,,,,0,0,,,,,,,,16,0,,,,
prefix,1024,/Users/vinroger/DATA/STUDY/latihan/about/exa-interview/e2e-inverted-bitplane-project/data/prefix-study-2026-09-13/pools/nomic-msmarco-d256/routers/ivf-1024-seed42,main-s00304,1,2,1,0,0,False,False,,,,0,,,,0,0,,,,,,,,16,0,,,,
prefix,1024,/Users/vinroger/DATA/STUDY/latihan/about/exa-interview/e2e-inverted-bitplane-project/data/prefix-study-2026-09-13/pools/nomic-msmarco-d256/routers/ivf-1024-seed42,main-s00306,1,9,1,0,0,False,False,,,,0,,,,0,0,,,,,,,,16,10000,,,,
prefix,1024,/Users/vinroger/DATA/STUDY/latihan/about/exa-interview/e2e-inverted-bitplane-project/data/prefix-study-2026-09-13/pools/nomic-msmarco-d256/routers/ivf-1024-seed42,main-s00371,100,87,1,0,0,False,False,,,,0,,,,0,0,,,,,,,,16,10000,,,,
prefix,1024,/Users/vinroger/DATA/STUDY/latihan/about/exa-interview/e2e-inverted-bitplane-project/data/prefix-study-2026-09-13/pools/nomic-msmarco-d256/routers/ivf-1024-seed42,main-s00356,10,1024,1,0,0,False,False,,,,0,,,,0,0,,,,,,,,16,10000,,,,
prefix,1024,/Users/vinroger/DATA/STUDY/latihan/about/exa-interview/e2e-inverted-bitplane-project/data/prefix-study-2026-09-13/pools/nomic-msmarco-d256/routers/ivf-1024-seed42,main-s00310,1,29,1,0,0,False,False,,,,0,,,,0,0,,,,,,,,16,1000,,,,
prefix,1024,/Users/vinroger/DATA/STUDY/latihan/about/exa-interview/e2e-inverted-bitplane-project/data/prefix-study-2026-09-13/pools/nomic-msmarco-d256/routers/ivf-1024-seed42,main-s00319,1,65,1,0,0,False,False,,,,0,,,,0,0,,,,,,,,16,0,,,,
prefix,1024,/Users/vinroger/DATA/STUDY/latihan/about/exa-interview/e2e-inverted-bitplane-project/data/prefix-study-2026-09-13/pools/nomic-msmarco-d256/routers/ivf-1024-seed42,main-s00334,10,3,1,0,0,False,False,,,,0,,,,0,0,,,,,,,,16,0,,,,
prefix,1024,/Users/vinroger/DATA/STUDY/latihan/about/exa-interview/e2e-inverted-bitplane-project/data/prefix-study-2026-09-13/pools/nomic-msmarco-d256/routers/ivf-1024-seed42,main-s00377,100,171,1,0,0,False,False,,,,0,,,,0,0,,,,,,,,16,100000,,,,
prefix,1024,/Users/vinroger/DATA/STUDY/latihan/about/exa-interview/e2e-inverted-bitplane-project/data/prefix-study-2026-09-13/pools/nomic-msmarco-d256/routers/ivf-1024-seed42,main-s00378,100,171,1,0,0,False,False,,,,0,,,,0,0,,,,,,,,16,500000,,,,
prefix,1024,/Users/vinroger/DATA/STUDY/latihan/about/exa-interview/e2e-inverted-bitplane-project/data/prefix-study-2026-09-13/pools/nomic-msmarco-d256/routers/ivf-1024-seed42,main-s00376,100,171,1,0,0,False,False,,,,0,,,,0,0,,,,,,,,16,10000,,,,
prefix,1024,/Users/vinroger/DATA/STUDY/latihan/about/exa-interview/e2e-inverted-bitplane-project/data/prefix-study-2026-09-13/pools/nomic-msmarco-d256/routers/ivf-1024-seed42,main-s00330,10,3,1,0,0,False,False,,,,0,,,,0,0,,,,,,,,16,1000,,,,
prefix,1024,/Users/vinroger/DATA/STUDY/latihan/about/exa-interview/e2e-inverted-bitplane-project/data/prefix-study-2026-09-13/pools/nomic-msmarco-d256/routers/ivf-1024-seed42,main-s00360,100,5,1,0,0,False,False,,,,0,,,,0,0,,,,,,,,16,1000,,,,
prefix,1024,/Users/vinroger/DATA/STUDY/latihan/about/exa-interview/e2e-inverted-bitplane-project/data/prefix-study-2026-09-13/pools/nomic-msmarco-d256/routers/ivf-1024-seed42,main-s00369,100,34,1,0,0,False,False,,,,0,,,,0,0,,,,,,,,16,0,,,,
prefix,1024,/Users/vinroger/DATA/STUDY/latihan/about/exa-interview/e2e-inverted-bitplane-project/data/prefix-study-2026-09-13/pools/nomic-msmarco-d256/routers/ivf-1024-seed42,main-s00373,100,87,1,0,0,False,False,,,,0,,,,0,0,,,,,,,,16,500000,,,,
prefix,1024,/Users/vinroger/DATA/STUDY/latihan/about/exa-interview/e2e-inverted-bitplane-project/data/prefix-study-2026-09-13/pools/nomic-msmarco-d256/routers/ivf-1024-seed42,main-s00303,1,2,1,0,0,False,False,,,,0,,,,0,0,,,,,,,,16,500000,,,,
prefix,1024,/Users/vinroger/DATA/STUDY/latihan/about/exa-interview/e2e-inverted-bitplane-project/data/prefix-study-2026-09-13/pools/nomic-msmarco-d256/routers/ivf-1024-seed42,main-s00352,10,345,1,0,0,False,False,,,,0,,,,0,0,,,,,,,,16,100000,,,,
prefix,1024,/Users/vinroger/DATA/STUDY/latihan/about/exa-interview/e2e-inverted-bitplane-project/data/prefix-study-2026-09-13/pools/nomic-msmarco-d256/routers/ivf-1024-seed42,main-s00316,1,65,1,0,0,False,False,,,,0,,,,0,0,,,,,,,,16,10000,,,,
prefix,1024,/Users/vinroger/DATA/STUDY/latihan/about/exa-interview/e2e-inverted-bitplane-project/data/prefix-study-2026-09-13/pools/nomic-msmarco-d256/routers/ivf-1024-seed42,main-s00365,100,34,1,0,0,False,False,,,,0,,,,0,0,,,,,,,,16,1000,,,,
prefix,1024,/Users/vinroger/DATA/STUDY/latihan/about/exa-interview/e2e-inverted-bitplane-project/data/prefix-study-2026-09-13/pools/nomic-msmarco-d256/routers/ivf-1024-seed42,main-s00327,1,1024,1,0,0,False,False,,,,0,,,,0,0,,,,,,,,16,100000,,,,
prefix,1024,/Users/vinroger/DATA/STUDY/latihan/about/exa-interview/e2e-inverted-bitplane-project/data/prefix-study-2026-09-13/pools/nomic-msmarco-d256/routers/ivf-1024-seed42,main-s00366,100,34,1,0,0,False,False,,,,0,,,,0,0,,,,,,,,16,10000,,,,
prefix,1024,/Users/vinroger/DATA/STUDY/latihan/about/exa-interview/e2e-inverted-bitplane-project/data/prefix-study-2026-09-13/pools/nomic-msmarco-d256/routers/ivf-1024-seed42,main-s00383,100,427,1,0,0,False,False,,,,0,,,,0,0,,,,,,,,16,500000,,,,
prefix,1024,/Users/vinroger/DATA/STUDY/latihan/about/exa-interview/e2e-inverted-bitplane-project/data/prefix-study-2026-09-13/pools/nomic-msmarco-d256/routers/ivf-1024-seed42,main-s00333,10,3,1,0,0,False,False,,,,0,,,,0,0,,,,,,,,16,500000,,,,
prefix,1024,/Users/vinroger/DATA/STUDY/latihan/about/exa-interview/e2e-inverted-bitplane-project/data/prefix-study-2026-09-13/pools/nomic-msmarco-d256/routers/ivf-1024-seed42,main-s00347,10,108,1,0,0,False,False,,,,0,,,,0,0,,,,,,,,16,100000,,,,
prefix,1024,/Users/vinroger/DATA/STUDY/latihan/about/exa-interview/e2e-inverted-bitplane-project/data/prefix-study-2026-09-13/pools/nomic-msmarco-d256/routers/ivf-1024-seed42,main-s00362,100,5,1,0,0,False,False,,,,0,,,,0,0,,,,,,,,16,100000,,,,
prefix,1024,/Users/vinroger/DATA/STUDY/latihan/about/exa-interview/e2e-inverted-bitplane-project/data/prefix-study-2026-09-13/pools/nomic-msmarco-d256/routers/ivf-1024-seed42,main-s00372,100,87,1,0,0,False,False,,,,0,,,,0,0,,,,,,,,16,100000,,,,
prefix,1024,/Users/vinroger/DATA/STUDY/latihan/about/exa-interview/e2e-inverted-bitplane-project/data/prefix-study-2026-09-13/pools/nomic-msmarco-d256/routers/ivf-1024-seed42,main-s00388,100,1024,1,0,0,False,False,,,,0,,,,0,0,,,,,,,,16,500000,,,,
prefix,1024,/Users/vinroger/DATA/STUDY/latihan/about/exa-interview/e2e-inverted-bitplane-project/data/prefix-study-2026-09-13/pools/nomic-msmarco-d256/routers/ivf-1024-seed42,main-s00318,1,65,1,0,0,False,False,,,,0,,,,0,0,,,,,,,,16,500000,,,,
prefix,1024,/Users/vinroger/DATA/STUDY/latihan/about/exa-interview/e2e-inverted-bitplane-project/data/prefix-study-2026-09-13/pools/nomic-msmarco-d256/routers/ivf-1024-seed42,main-s00382,100,427,1,0,0,False,False,,,,0,,,,0,0,,,,,,,,16,100000,,,,
prefix,1024,/Users/vinroger/DATA/STUDY/latihan/about/exa-interview/e2e-inverted-bitplane-project/data/prefix-study-2026-09-13/pools/nomic-msmarco-d256/routers/ivf-1024-seed42,main-s00321,1,176,1,0,0,False,False,,,,0,,,,0,0,,,,,,,,16,10000,,,,
