routing_method,probes,kind,node_budget,explore_probability,queries,search_seeds,seeds,timing_repetitions,requests,float_recall,float_recall_ci_low,float_recall_ci_high,float_recall_seed_min,float_recall_seed_max,binary_recall,binary_recall_ci_low,binary_recall_ci_high,binary_recall_seed_min,binary_recall_seed_max,ndcg,ndcg_ci_low,ndcg_ci_high,ndcg_seed_min,ndcg_seed_max,precision,precision_ci_low,precision_ci_high,precision_seed_min,precision_seed_max,relevance_recall,relevance_recall_ci_low,relevance_recall_ci_high,relevance_recall_seed_min,relevance_recall_seed_max,budget_exhausted,routing_float_recall,empty_result,fewer_than_k,candidate_fill_rate,candidates,nodes,random_nodes,documents_scored,bitplane_words,routed_documents,selected_buckets,retrieval_request_p50_ms,retrieval_request_p95_ms,core_request_p50_ms,core_request_p95_ms,native_request_p50_ms,native_request_p95_ms,routing_request_p50_ms,routing_request_p95_ms,rerank_request_p50_ms,rerank_request_p95_ms,request_p50_ms,query_median_p50_ms,request_p95_ms,query_median_p95_ms
ivf,1,branch,0,0.0,648,1,42,3,1944,0.45941358024691364,0.4357908950617283,0.483028549382716,0.45941358024691364,0.45941358024691364,1.0,0.9999999999999998,1.0,1.0,1.0,0.21482822517234965,0.1919092741481318,0.2397394349864216,0.21482822517234965,0.21482822517234965,0.05725308641975309,0.05077160493827161,0.06435570987654321,0.05725308641975309,0.05725308641975309,0.24307912166708462,0.21680716253054216,0.27055799952790693,0.24307912166708462,0.24307912166708462,0.0,0.4875,0.0,0.0,1.0,100.0,255.570987654321,0.0,1065.0185185185185,2835.229938271605,1065.0185185185185,1.0,0.11212518438696861,0.157356564886868,0.07018772885203362,0.11127213947474955,0.0681665,0.10874384999999999,0.00600004568696022,0.008750171400606632,0.03418745473027229,0.03998780157417058,0.11212518438696861,0.11181319132447243,0.157356564886868,0.15494436956942081
ivf,1,branch,0,0.1,648,3,"42,43,44",3,5832,0.45941358024691364,0.4357908950617283,0.483028549382716,0.45941358024691364,0.45941358024691364,1.0,0.9999999999999998,1.0,1.0,1.0,0.21482822517234965,0.1919092741481318,0.2397394349864216,0.21482822517234965,0.21482822517234965,0.0572530864197531,0.05077160493827161,0.06435570987654321,0.05725308641975309,0.05725308641975309,0.24307912166708462,0.21680716253054216,0.27055799952790693,0.24307912166708462,0.24307912166708462,0.0,0.4875,0.0,0.0,1.0,100.0,255.570987654321,25.154835390946502,1065.0185185185185,2835.229938271605,1065.0185185185185,1.0,0.11191633529961109,0.1539355842396617,0.0705420970916748,0.11079148389399052,0.068584,0.10854145,0.005916692316532135,0.007666856981813908,0.0339592806994915,0.03922758623957633,0.11191633529961109,0.11112502155204614,0.1539355842396617,0.15256409533321855
ivf,1,branch,16,0.0,648,1,42,3,1944,0.0021604938271604936,0.000462962962962963,0.004475308641975309,0.0021604938271604936,0.0021604938271604936,0.002484567901234568,0.00095679012345679,0.004228780864197531,0.002484567901234568,0.002484567901234568,0.001753127048441266,0.0,0.0046882932456375785,0.001753127048441266,0.001753127048441266,0.0006172839506172839,0.0,0.0015432098765432098,0.0006172839506172839,0.0006172839506172839,0.0025720164609053494,0.0,0.0066872427983539085,0.0025720164609053494,0.0025720164609053494,1.0,0.4875,0.9861111111111112,0.9861111111111112,0.006666666666666667,0.6666666666666666,16.0,0.0,0.6666666666666666,272.92438271604937,1065.0185185185185,1.0,0.016459031030535698,0.021493900567293164,0.010207761079072952,0.012417254038155079,0.008417,0.01,0.0053746625781059265,0.006666872650384903,0.0006249174475669861,0.0008749775588512421,0.016459031030535698,0.016437610611319542,0.021493900567293164,0.017917086370289326
ivf,1,branch,16,0.1,648,3,"42,43,44",3,5832,0.0022119341563786006,0.000617283950617284,0.004475308641975309,0.0021604938271604936,0.0023148148148148147,0.0036574074074074074,0.0024020061728395065,0.0051132973251028805,0.0034259259259259256,0.004120370370370371,0.002492282035068164,0.0004232912110239237,0.005485079677156051,0.0018881142615607231,0.0028893899915521043,0.0008230452674897121,0.00015432098765432098,0.0017502572016460899,0.0007716049382716049,0.0009259259259259259,0.0033007544581618656,0.0004715363511659808,0.007287379972565157,0.0028292181069958845,0.003729423868312757,1.0,0.4875,0.3914609053497942,0.7042181069958847,0.08069958847736626,8.069958847736627,16.0,1.3179012345679013,8.069958847736627,258.4855967078189,1065.0185185185185,1.0,0.02074986696243286,0.03606041427701711,0.01095794141292572,0.015291129238903522,0.009084,0.013208,0.005499925464391708,0.007040798664093018,0.004124827682971954,0.014583533629775047,0.02074986696243286,0.021549019341667495,0.03606041427701711,0.030125095508992665
ivf,1,branch,32,0.0,648,1,42,3,1944,0.050771604938271604,0.0412037037037037,0.061265432098765435,0.050771604938271604,0.050771604938271604,0.06984567901234567,0.060634259259259256,0.07970717592592592,0.06984567901234567,0.06984567901234567,0.05263101311421624,0.03783218747062068,0.06920394536107118,0.05263101311421624,0.05263101311421624,0.01064814814814815,0.007561728395061728,0.01404320987654321,0.01064814814814815,0.01064814814814815,0.05618937389770723,0.04020015799529688,0.07423725933274544,0.05618937389770723,0.05618937389770723,1.0,0.4875,0.6975308641975309,0.7052469135802469,0.1612037037037037,16.12037037037037,32.0,0.0,16.641975308641975,531.0956790123457,1065.0185185185185,1.0,0.01895800232887268,0.05953588988631963,0.01237494871020317,0.02166714984923601,0.0105,0.019743699999999996,0.005417037755250931,0.006916932761669159,0.0006668269634246826,0.03283731639385221,0.01895800232887268,0.018708640709519386,0.05953588988631963,0.05841720849275589
ivf,1,branch,32,0.1,648,3,"42,43,44",3,5832,0.03564814814814815,0.028182870370370372,0.044189814814814814,0.0345679012345679,0.03657407407407407,0.05272633744855968,0.04523598251028807,0.06063798868312757,0.051219135802469146,0.0540895061728395,0.035212140647476596,0.024181361264047355,0.048354248733461426,0.02854289494729227,0.0388954706774667,0.0068930041152263375,0.004835390946502058,0.009413580246913581,0.005709876543209876,0.007870370370370371,0.037874167156574566,0.026378968253968252,0.05184568207427003,0.03029835390946502,0.04197530864197531,1.0,0.4875,0.10236625514403291,0.3096707818930041,0.2746502057613169,27.465020576131693,32.0,2.8996913580246915,28.147633744855963,505.337962962963,1065.0185185185185,1.0,0.03195786848664284,0.06172689609229564,0.015167053788900375,0.02275034785270691,0.013166,0.0205,0.005749985575675964,0.0074999406933784485,0.010291580110788345,0.032102502882480614,0.03195786848664284,0.031333183869719505,0.06172689609229564,0.05809248735507329
ivf,1,branch,64,0.0,648,1,42,3,1944,0.3,0.2813271604938271,0.3185262345679012,0.3,0.3,0.43976851851851856,0.42950154320987655,0.45035686728395063,0.43976851851851856,0.43976851851851856,0.18312387379024161,0.1599694280109076,0.20697484181812656,0.18312387379024161,0.18312387379024161,0.047839506172839504,0.041971450617283954,0.055092592592592596,0.047839506172839504,0.047839506172839504,0.19577422748719045,0.17168172576737392,0.2218034937884475,0.19577422748719045,0.19577422748719045,1.0,0.4875,0.012345679012345678,0.012345679012345678,0.9347839506172839,93.47839506172839,64.0,0.0,148.89969135802468,891.3966049382716,1065.0185185185185,1.0,0.06960448808968067,0.08200015872716904,0.029041897505521774,0.03641075454652309,0.0269585,0.033875,0.005790963768959045,0.007708091288805008,0.03395904786884785,0.03977965097874402,0.06960448808968067,0.06979191675782204,0.08200015872716904,0.0773849431425333
ivf,1,branch,64,0.1,648,3,"42,43,44",3,5832,0.27201646090534976,0.254727366255144,0.2888914609053498,0.2700617283950617,0.27314814814814814,0.40747427983539086,0.39602880658436207,0.4186890432098765,0.40714506172839515,0.4079012345679012,0.17409624091608009,0.15193992367438053,0.19770292108674203,0.17170506562863155,0.1764478809811181,0.043827160493827164,0.03842463991769547,0.05061985596707819,0.043055555555555555,0.04429012345679012,0.18525161823772934,0.1618867313456434,0.21024418750402546,0.18111557081464488,0.188368657234398,1.0,0.4875,0.0,0.0036008230452674894,0.9464197530864197,94.64197530864197,64.0,6.082818930041153,158.01388888888889,866.6579218106995,1065.0185185185185,1.0,0.06933370605111122,0.08293548598885535,0.02916622906923294,0.037435512058436864,0.027125,0.034916,0.005832873284816742,0.007791910320520401,0.03374996595084667,0.039624981582164764,0.06933370605111122,0.06972245561579862,0.08293548598885535,0.07670360306898753
ivf,1,branch,128,0.0,648,1,42,3,1944,0.3969135802469136,0.37422453703703695,0.4197646604938271,0.3969135802469136,0.3969135802469136,0.7289969135802469,0.7175131172839505,0.7411130401234567,0.7289969135802469,0.7289969135802469,0.20315305794979585,0.17914468927087535,0.22837450932013523,0.20315305794979585,0.20315305794979585,0.05401234567901234,0.04799382716049382,0.061114969135802465,0.05401234567901234,0.05401234567901234,0.22801567859438227,0.20214318785209986,0.25571593165921863,0.22801567859438227,0.22801567859438227,0.9614197530864198,0.4875,0.0,0.0,1.0,100.0,127.51851851851852,0.0,398.4320987654321,1666.594135802469,1065.0185185185185,1.0,0.08491589687764645,0.09811872150748968,0.04424992948770523,0.05383370444178581,0.042083,0.05144554999999999,0.005792360752820969,0.007375073619186878,0.03400025889277458,0.03890963271260261,0.08491589687764645,0.08483300916850567,0.09811872150748968,0.09430388454347849
ivf,1,branch,128,0.1,648,3,"42,43,44",3,5832,0.39557613168724287,0.37340406378600816,0.4172929526748971,0.39490740740740743,0.396141975308642,0.7270730452674897,0.7158365483539095,0.7390806327160493,0.7262345679012346,0.7277777777777779,0.20366161600984897,0.1795525700236578,0.22832986826359766,0.20257264090884308,0.20461114005134318,0.0543724279835391,0.04814814814814816,0.06147247942386832,0.05401234567901234,0.054629629629629625,0.22839004987924738,0.2026105576308122,0.25611705306439103,0.22692685829259907,0.22997041110467034,0.9614197530864198,0.4875,0.0,0.0,1.0,100.0,127.51851851851852,12.440329218106996,414.7896090534979,1609.500514403292,1065.0185185185185,1.0,0.08720881305634975,0.10316586121916771,0.04612468183040619,0.05633290857076645,0.043917,0.053726899999999994,0.005917157977819443,0.008166301995515823,0.03433274105191231,0.04066615365445614,0.08720881305634975,0.08713159089287123,0.10316586121916771,0.0956272551168998
ivf,1,branch,256,0.0,648,1,42,3,1944,0.45046296296296295,0.42699459876543205,0.47392746913580247,0.45046296296296295,0.45046296296296295,0.9640277777777778,0.9583001543209876,0.9693526234567901,0.9640277777777778,0.9640277777777778,0.2123185441968215,0.18951518242735343,0.23753515459219798,0.2123185441968215,0.2123185441968215,0.05648148148148149,0.05030478395061729,0.06358796296296296,0.05648148148148149,0.05648148148148149,0.2403270640539159,0.21371445287822602,0.26772454140509694,0.2403270640539159,0.2403270640539159,0.4182098765432099,0.4875,0.0,0.0,1.0,100.0,218.50617283950618,0.0,853.1265432098766,2548.882716049383,1065.0185185185185,1.0,0.10962504893541336,0.1344203250482678,0.06779143586754799,0.08427877910435198,0.06552050000000001,0.081625,0.006082933396100998,0.010475260205566867,0.03491714596748352,0.043159723281860345,0.10962504893541336,0.10962504893541336,0.1344203250482678,0.12419382110238075
ivf,1,branch,256,0.1,648,3,"42,43,44",3,5832,0.45020576131687245,0.42674254115226334,0.4741280864197531,0.45,0.4503086419753087,0.9623456790123456,0.9564555041152263,0.9679429012345678,0.9621759259259259,0.9624691358024693,0.20980949916420755,0.18719775693051108,0.23480213043102727,0.20972244291030395,0.20997584261818858,0.05606995884773663,0.049894547325102886,0.06332304526748972,0.056018518518518516,0.056172839506172835,0.2367262410086484,0.21042071579397967,0.26483106806602175,0.23646903936255786,0.23724064430082947,0.4182098765432099,0.4875,0.0,0.0,1.0,100.0,218.50617283950618,21.479423868312757,858.0570987654321,2522.3868312757204,1065.0185185185185,1.0,0.10847952216863632,0.12783401180058718,0.06754184141755104,0.08316710591316223,0.065459,0.08083345,0.005916692316532135,0.007583503611385822,0.034333206713199615,0.03974977880716324,0.10847952216863632,0.1089652068912983,0.12783401180058718,0.12210964535673459
ivf,1,branch,512,0.0,648,1,42,3,1944,0.45941358024691364,0.4357908950617283,0.483028549382716,0.45941358024691364,0.45941358024691364,0.9999845679012346,0.9999537037037035,1.0,0.9999845679012346,0.9999845679012346,0.21482822517234965,0.1919092741481318,0.2397394349864216,0.21482822517234965,0.21482822517234965,0.05725308641975309,0.05077160493827161,0.06435570987654321,0.05725308641975309,0.05725308641975309,0.24307912166708462,0.21680716253054216,0.27055799952790693,0.24307912166708462,0.24307912166708462,0.004629629629629629,0.4875,0.0,0.0,1.0,100.0,255.4814814814815,0.0,1064.5,2835.1373456790125,1065.0185185185185,1.0,0.11939601972699165,0.17361892387270927,0.07422943599522114,0.12140180915594098,0.07181299999999999,0.1185,0.0064158812165260315,0.012933090329170211,0.03604218363761902,0.04586840514093637,0.11939601972699165,0.11720787733793259,0.17361892387270927,0.16167706344276667
ivf,1,branch,512,0.1,648,3,"42,43,44",3,5832,0.45941358024691364,0.4357908950617283,0.483028549382716,0.45941358024691364,0.45941358024691364,0.9999897119341564,0.9999691358024689,1.0,0.9999845679012346,1.0,0.21482822517234965,0.1919092741481318,0.2397394349864216,0.21482822517234965,0.21482822517234965,0.0572530864197531,0.05077160493827161,0.06435570987654321,0.05725308641975309,0.05725308641975309,0.24307912166708462,0.21680716253054216,0.27055799952790693,0.24307912166708462,0.24307912166708462,0.004629629629629629,0.4875,0.0,0.0,1.0,100.0,255.4814814814815,25.14763374485597,1064.4958847736625,2835.168209876543,1065.0185185185185,1.0,0.11479202657938004,0.16008359380066395,0.07241591811180115,0.11557925026863812,0.07025,0.11316235,0.00600004568696022,0.008624978363513947,0.034499913454055786,0.040916469879448414,0.11479202657938004,0.11310392680267492,0.16008359380066395,0.15626101909826198
ivf,1,branch,1024,0.0,648,1,42,3,1944,0.45941358024691364,0.4357908950617283,0.483028549382716,0.45941358024691364,0.45941358024691364,1.0,0.9999999999999998,1.0,1.0,1.0,0.21482822517234965,0.1919092741481318,0.2397394349864216,0.21482822517234965,0.21482822517234965,0.05725308641975309,0.05077160493827161,0.06435570987654321,0.05725308641975309,0.05725308641975309,0.24307912166708462,0.21680716253054216,0.27055799952790693,0.24307912166708462,0.24307912166708462,0.0,0.4875,0.0,0.0,1.0,100.0,255.570987654321,0.0,1065.0185185185185,2835.229938271605,1065.0185185185185,1.0,0.11570844799280167,0.1598623814061284,0.07224990986287594,0.11463600676506756,0.070125,0.1120357,0.006041955202817917,0.008368631824851033,0.03533298149704933,0.041868700645864,0.11570844799280167,0.1141880638897419,0.1598623814061284,0.15631692949682474
ivf,1,branch,1024,0.1,648,3,"42,43,44",3,5832,0.45941358024691364,0.4357908950617283,0.483028549382716,0.45941358024691364,0.45941358024691364,1.0,0.9999999999999998,1.0,1.0,1.0,0.21482822517234965,0.1919092741481318,0.2397394349864216,0.21482822517234965,0.21482822517234965,0.0572530864197531,0.05077160493827161,0.06435570987654321,0.05725308641975309,0.05725308641975309,0.24307912166708462,0.21680716253054216,0.27055799952790693,0.24307912166708462,0.24307912166708462,0.0,0.4875,0.0,0.0,1.0,100.0,255.570987654321,25.154835390946502,1065.0185185185185,2835.229938271605,1065.0185185185185,1.0,0.11570798233151436,0.16272277571260926,0.07299985736608505,0.11710193939507006,0.0709165,0.11441235,0.006041023880243301,0.009727221913635724,0.03474997356534004,0.04224991425871849,0.11570798233151436,0.11425682653983435,0.16272277571260926,0.1574386687328418
ivf,1,branch,2048,0.0,648,1,42,3,1944,0.45941358024691364,0.4357908950617283,0.483028549382716,0.45941358024691364,0.45941358024691364,1.0,0.9999999999999998,1.0,1.0,1.0,0.21482822517234965,0.1919092741481318,0.2397394349864216,0.21482822517234965,0.21482822517234965,0.05725308641975309,0.05077160493827161,0.06435570987654321,0.05725308641975309,0.05725308641975309,0.24307912166708462,0.21680716253054216,0.27055799952790693,0.24307912166708462,0.24307912166708462,0.0,0.4875,0.0,0.0,1.0,100.0,255.570987654321,0.0,1065.0185185185185,2835.229938271605,1065.0185185185185,1.0,0.11341646313667297,0.15698752831667662,0.07083406671881676,0.1133562996983528,0.0686665,0.11131424999999999,0.005957670509815216,0.007791770622134209,0.0344796571880579,0.04052929580211639,0.11341646313667297,0.11216709390282631,0.15698752831667662,0.15350612811744213
ivf,1,branch,2048,0.1,648,3,"42,43,44",3,5832,0.45941358024691364,0.4357908950617283,0.483028549382716,0.45941358024691364,0.45941358024691364,1.0,0.9999999999999998,1.0,1.0,1.0,0.21482822517234965,0.1919092741481318,0.2397394349864216,0.21482822517234965,0.21482822517234965,0.0572530864197531,0.05077160493827161,0.06435570987654321,0.05725308641975309,0.05725308641975309,0.24307912166708462,0.21680716253054216,0.27055799952790693,0.24307912166708462,0.24307912166708462,0.0,0.4875,0.0,0.0,1.0,100.0,255.570987654321,25.154835390946502,1065.0185185185185,2835.229938271605,1065.0185185185185,1.0,0.11291727423667908,0.1560603966936469,0.07104175165295601,0.11329187545925379,0.069041,0.11106089999999999,0.005875248461961746,0.007541850209236145,0.034374650567770004,0.03949992824345827,0.11291727423667908,0.11150663097699484,0.1560603966936469,0.15282570384442806
ivf,1,branch,4096,0.0,648,1,42,3,1944,0.45941358024691364,0.4357908950617283,0.483028549382716,0.45941358024691364,0.45941358024691364,1.0,0.9999999999999998,1.0,1.0,1.0,0.21482822517234965,0.1919092741481318,0.2397394349864216,0.21482822517234965,0.21482822517234965,0.05725308641975309,0.05077160493827161,0.06435570987654321,0.05725308641975309,0.05725308641975309,0.24307912166708462,0.21680716253054216,0.27055799952790693,0.24307912166708462,0.24307912166708462,0.0,0.4875,0.0,0.0,1.0,100.0,255.570987654321,0.0,1065.0185185185185,2835.229938271605,1065.0185185185185,1.0,0.11208350770175457,0.1555643742904067,0.07041660137474537,0.1132915960624814,0.06839600000000001,0.1112374,0.00600004568696022,0.007409579120576378,0.03408314660191536,0.039042369462549686,0.11208350770175457,0.11120853014290333,0.1555643742904067,0.15261666849255562
ivf,1,branch,4096,0.1,648,3,"42,43,44",3,5832,0.45941358024691364,0.4357908950617283,0.483028549382716,0.45941358024691364,0.45941358024691364,1.0,0.9999999999999998,1.0,1.0,1.0,0.21482822517234965,0.1919092741481318,0.2397394349864216,0.21482822517234965,0.21482822517234965,0.0572530864197531,0.05077160493827161,0.06435570987654321,0.05725308641975309,0.05725308641975309,0.24307912166708462,0.21680716253054216,0.27055799952790693,0.24307912166708462,0.24307912166708462,0.0,0.4875,0.0,0.0,1.0,100.0,255.570987654321,25.154835390946502,1065.0185185185185,2835.229938271605,1065.0185185185185,1.0,0.11322950012981892,0.15558302402496338,0.0711251050233841,0.11251848191022872,0.0691665,0.11018589999999999,0.005917157977819443,0.007917173206806183,0.034292228519916534,0.040476908907294266,0.11322950012981892,0.11134698676566282,0.15558302402496338,0.15205983072519302
ivf,1,float,0,0.0,648,1,42,3,1944,0.4875,0.46326774691358025,0.5129668209876542,0.4875,0.4875,,,,,,0.21627077543127815,0.19318566930392003,0.24082858171769977,0.21627077543127815,0.21627077543127815,0.058024691358024696,0.051543209876543206,0.06513117283950617,0.058024691358024696,0.058024691358024696,0.24533147322499177,0.2198253807021168,0.2724020003273475,0.24533147322499177,0.24533147322499177,0.0,0.4875,0.0,0.0,1.0,100.0,0.0,0.0,,0.0,1065.0185185185185,1.0,0.06729201413691044,0.07974340114742517,0.032708048820495605,0.04511922597885131,,,,,0.033791642636060715,0.037993676960468285,0.06729201413691044,0.06672902964055538,0.07974340114742517,0.07830406539142132
ivf,1,scan,0,0.0,648,1,42,3,1944,0.45941358024691364,0.4357908950617283,0.483028549382716,0.45941358024691364,0.45941358024691364,1.0,0.9999999999999998,1.0,1.0,1.0,0.21482822517234965,0.1919092741481318,0.2397394349864216,0.21482822517234965,0.21482822517234965,0.05725308641975309,0.05077160493827161,0.06435570987654321,0.05725308641975309,0.05725308641975309,0.24307912166708462,0.21680716253054216,0.27055799952790693,0.24307912166708462,0.24307912166708462,0.0,0.4875,0.0,0.0,1.0,100.0,0.0,0.0,1065.0185185185185,0.0,1065.0185185185185,1.0,0.08487515151500702,0.10879198089241982,0.04370789974927902,0.06728589069098234,0.042333,0.06593394999999999,0.0058747828006744385,0.00720182433724403,0.03408314660191536,0.03882681485265493,0.08487515151500702,0.08429191075265408,0.10879198089241982,0.10779837612062691
ivf,2,branch,0,0.0,648,1,42,3,1944,0.6063271604938272,0.5847145061728394,0.6285648148148149,0.6063271604938272,0.6063271604938272,1.0,0.9999999999999998,1.0,1.0,1.0,0.27631715530637546,0.25028702614766424,0.30190743431287587,0.27631715530637546,0.27631715530637546,0.0742283950617284,0.06728395061728396,0.08195216049382717,0.0742283950617284,0.0742283950617284,0.32136998375424297,0.2908489297696474,0.35099768908217976,0.32136998375424297,0.32136998375424297,0.0,0.6708333333333333,0.0,0.0,1.0,100.0,496.875,0.0,2097.9706790123455,5419.378086419753,2097.9706790123455,2.0,0.17141690477728844,0.22860607132315636,0.12872903607785702,0.18523111939430237,0.12658350000000002,0.18248574999999997,0.006250105798244476,0.008542090654373169,0.0349581241607666,0.04057749174535274,0.17141690477728844,0.17070863395929337,0.22860607132315636,0.22398524452000854
ivf,2,branch,0,0.1,648,3,"42,43,44",3,5832,0.6063271604938272,0.5847145061728394,0.6285648148148149,0.6063271604938272,0.6063271604938272,1.0,0.9999999999999998,1.0,1.0,1.0,0.27631715530637546,0.25028702614766424,0.30190743431287587,0.27631715530637546,0.27631715530637546,0.0742283950617284,0.06728395061728396,0.08195216049382717,0.0742283950617284,0.0742283950617284,0.32136998375424297,0.2908489297696474,0.35099768908217976,0.32136998375424297,0.32136998375424297,0.0,0.6708333333333334,0.0,0.0,1.0,100.0,496.875,49.48765432098765,2097.9706790123455,5419.378086419753,2097.9706790123455,2.0,0.17645815387368202,0.24466682225465775,0.1327290665358305,0.19572749733924866,0.1305,0.19261669999999997,0.006292015314102173,0.011560018174350255,0.03512529656291008,0.04508341662585735,0.17645815387368202,0.17544440925121307,0.24466682225465775,0.23195215035229916
ivf,2,branch,16,0.0,648,1,42,3,1944,0.0,0.0,0.0,0.0,0.0,0.0,0.0,0.0,0.0,0.0,0.0,0.0,0.0,0.0,0.0,0.0,0.0,0.0,0.0,0.0,0.0,0.0,0.0,0.0,0.0,1.0,0.6708333333333333,1.0,1.0,0.0,0.0,16.0,0.0,0.0,269.74074074074076,2097.9706790123455,2.0,0.017458107322454453,0.02382057718932628,0.010834075510501862,0.012834090739488602,0.009,0.010084,0.005666166543960571,0.008563953451812255,0.0006668269634246826,0.0009997747838497162,0.017458107322454453,0.017458107322454453,0.02382057718932628,0.018833810463547707
ivf,2,branch,16,0.1,648,3,"42,43,44",3,5832,5.1440329218106995e-05,0.0,0.0001556069958847725,0.0,0.00015432098765432098,0.00038580246913580245,0.00027764917695473253,0.0005042438271604938,0.00037037037037037035,0.0004166666666666667,0.0005162177174678807,0.0,0.0013478403694858942,0.0,0.001548653152403642,0.00010288065843621399,0.0,0.000257201646090535,0.0,0.00030864197530864197,0.00038580246913580245,0.0,0.0010288065843621398,0.0,0.0011574074074074073,1.0,0.6708333333333334,0.5015432098765432,0.7782921810699588,0.058256172839506175,5.825617283950617,16.0,1.5843621399176957,5.825617283950617,258.9341563786008,2097.9706790123455,2.0,0.019583385437726974,0.03518119920045135,0.011000316590070724,0.015084166079759598,0.009166,0.013,0.0056247226893901825,0.007082917727530003,0.0020416919142007828,0.013958197087049484,0.019583385437726974,0.02082623541355133,0.03518119920045135,0.028771860525012013
ivf,2,branch,32,0.0,648,1,42,3,1944,0.0027777777777777783,0.000925925925925926,0.0049382716049382715,0.0027777777777777783,0.0027777777777777783,0.0028240740740740743,0.00121875,0.004785108024691357,0.0028240740740740743,0.0028240740740740743,0.0018166581441729271,0.0,0.004814428382464097,0.0018166581441729271,0.0018166581441729271,0.0006172839506172839,0.0,0.0015432098765432098,0.0006172839506172839,0.0006172839506172839,0.0025720164609053494,0.0,0.0066872427983539085,0.0025720164609053494,0.0025720164609053494,1.0,0.6708333333333333,0.9753086419753086,0.9753086419753086,0.010092592592592594,1.0092592592592593,32.0,0.0,1.1512345679012346,538.7222222222222,2097.9706790123455,2.0,0.018499791622161865,0.022958824411034584,0.012124888598918915,0.014999881386756897,0.010208,0.012708849999999999,0.005458947271108627,0.0066672684624791145,0.0006249174475669861,0.0008330680429935455,0.018499791622161865,0.01841713674366474,0.022958824411034584,0.020816642791032788
ivf,2,branch,32,0.1,648,3,"42,43,44",3,5832,0.0027777777777777783,0.00102880658436214,0.004783950617283951,0.0026234567901234573,0.0029320987654320994,0.0034259259259259256,0.002036908436213992,0.0052170781893004095,0.0032561728395061732,0.0035339506172839506,0.0023778715993472933,0.0002908042583307192,0.005421360100823539,0.0018166581441729271,0.003365311296576569,0.0007716049382716051,0.00010288065843621399,0.0016988168724279828,0.0006172839506172839,0.0009259259259259259,0.00304355281207133,0.00025720164609053495,0.00703339334705075,0.0025720164609053494,0.003729423868312757,1.0,0.6708333333333334,0.19753086419753085,0.5025720164609053,0.14818415637860083,14.818415637860083,32.0,3.1286008230452675,14.903806584362142,513.1862139917695,2097.9706790123455,2.0,0.02674991264939308,0.044916244223713875,0.014082994312047958,0.019459053874015808,0.0120835,0.017292,0.005709007382392883,0.007374677807092667,0.006332993507385254,0.01912470906972885,0.02674991264939308,0.027597105751434963,0.044916244223713875,0.03767919261008501
ivf,2,branch,64,0.0,648,1,42,3,1944,0.10540123456790124,0.09104552469135802,0.1205401234567901,0.10540123456790124,0.10540123456790124,0.10251543209876542,0.0917878086419753,0.11463117283950618,0.10251543209876542,0.10251543209876542,0.08408297186906892,0.06579405302940956,0.10362128905831296,0.08408297186906892,0.08408297186906892,0.01898148148148148,0.014506172839506172,0.023769290123456792,0.01898148148148148,0.01898148148148148,0.088055822778045,0.06812130481401314,0.10936050317994762,0.088055822778045,0.088055822778045,1.0,0.6708333333333333,0.5447530864197531,0.5478395061728395,0.30864197530864196,30.864197530864196,64.0,0.0,38.401234567901234,1045.0694444444443,2097.9706790123455,2.0,0.025667017325758934,0.07386908400803804,0.01770816743373871,0.03241680096834898,0.015417,0.03003485,0.00562518835067749,0.00733276829123497,0.0007913913577795029,0.03595175221562385,0.025667017325758934,0.02443743869662285,0.07386908400803804,0.07247119210660458
ivf,2,branch,64,0.1,648,3,"42,43,44",3,5832,0.07669753086419753,0.06481481481481483,0.08971322016460904,0.07530864197530864,0.07854938271604939,0.07457818930041152,0.06540637860082305,0.08437319958847736,0.07348765432098767,0.07541666666666667,0.0620498715775777,0.047256487713020656,0.07827104414312755,0.058165380573201086,0.06558508326290881,0.012860082304526753,0.009772376543209877,0.016512345679012344,0.012499999999999999,0.013117283950617283,0.06724537037037037,0.05067567484812855,0.08561403831079756,0.06419936801881246,0.06993680188124632,1.0,0.6708333333333334,0.012345679012345678,0.10185185185185185,0.500735596707819,50.07355967078189,64.0,6.3158436213991775,58.489197530864196,998.9758230452674,2097.9706790123455,2.0,0.047165900468826294,0.07681038696318863,0.022500287741422653,0.03401869907975196,0.020209,0.031583,0.006041023880243301,0.007708091288805008,0.017750076949596405,0.03637487534433603,0.047165900468826294,0.04589573169747989,0.07681038696318863,0.07470479079832633
ivf,2,branch,128,0.0,648,1,42,3,1944,0.4438271604938272,0.42407021604938266,0.46312114197530857,0.4438271604938272,0.4438271604938272,0.5259567901234569,0.5165111882716049,0.5347222222222221,0.5259567901234569,0.5259567901234569,0.24896355119087132,0.2217215376328327,0.2741937251508666,0.24896355119087132,0.24896355119087132,0.06604938271604938,0.05941358024691358,0.07376929012345679,0.06604938271604938,0.06604938271604938,0.2759046937287678,0.24762478123299878,0.30558907249300765,0.2759046937287678,0.2759046937287678,1.0,0.6708333333333333,0.0,0.0,0.9984413580246914,99.84413580246914,128.0,0.0,307.68364197530866,1777.7206790123457,2097.9706790123455,2.0,0.08912477642297745,0.11714817956089972,0.04750024527311325,0.061125028878450394,0.0449795,0.05769555,0.0061248429119586945,0.011731241829693305,0.03491714596748352,0.043529481627047055,0.08912477642297745,0.08866656571626663,0.11714817956089972,0.10108295828104019
ivf,2,branch,128,0.1,648,3,"42,43,44",3,5832,0.41944444444444456,0.40087191358024693,0.43863425925925925,0.4182098765432099,0.4208333333333334,0.4956995884773662,0.4858028549382716,0.5059781378600824,0.49543209876543204,0.4959722222222222,0.24057466776007289,0.21350059354416281,0.26582547558248765,0.2405514874007813,0.2406089279581304,0.06352880658436215,0.05715020576131687,0.07103909465020578,0.06311728395061729,0.06373456790123457,0.26535942623905584,0.2386015392786226,0.29328550757370203,0.26364719813793885,0.2668475214771511,1.0,0.6708333333333334,0.0,0.0,0.9968724279835391,99.6872427983539,128.0,12.739711934156379,325.8395061728395,1724.0447530864199,2097.9706790123455,2.0,0.08856249041855335,0.10941638611257076,0.04737498238682747,0.06054108962416649,0.045,0.05754145,0.006041023880243301,0.0087269814684987,0.03433297388255596,0.04158308729529381,0.08856249041855335,0.08859035248557726,0.10941638611257076,0.09757368825376034
ivf,2,branch,256,0.0,648,1,42,3,1944,0.5429012345679013,0.5211381172839507,0.5634259259259259,0.5429012345679013,0.5429012345679013,0.7746604938271605,0.7652770061728393,0.7850933641975308,0.7746604938271605,0.7746604938271605,0.2672332854107242,0.24004127158414343,0.2921129947718857,0.2672332854107242,0.2672332854107242,0.07175925925925926,0.06481095679012346,0.07978395061728395,0.07175925925925926,0.07175925925925926,0.305936047834196,0.2762528938396994,0.3342640965644437,0.305936047834196,0.305936047834196,0.9861111111111112,0.6708333333333333,0.0,0.0,1.0,100.0,255.7283950617284,0.0,799.2361111111111,3380.1496913580245,2097.9706790123455,2.0,0.11295825242996216,0.13095256872475147,0.07237493991851807,0.08724387735128403,0.06968750000000001,0.0845357,0.006041955202817917,0.007909629493951794,0.0337907113134861,0.038291653618216515,0.11295825242996216,0.11274986900389194,0.13095256872475147,0.12667689006775618
ivf,2,branch,256,0.1,648,3,"42,43,44",3,5832,0.5412551440329219,0.5186689814814814,0.5620897633744856,0.5401234567901234,0.5430555555555555,0.7739866255144033,0.7646189557613169,0.7840291923868311,0.7727469135802469,0.7755246913580246,0.26692000599302496,0.23976343377188358,0.2914157287845234,0.266357539443523,0.2675832652221264,0.07181069958847737,0.06486625514403294,0.07978652263374487,0.07160493827160494,0.07191358024691358,0.3048362046047231,0.2759221842757722,0.3334709612661001,0.30384169157317303,0.30615650638798786,0.9861111111111112,0.6708333333333334,0.0,0.0,1.0,100.0,255.7283950617284,25.465020576131693,831.4495884773661,3266.5925925925926,2097.9706790123455,2.0,0.11502066627144814,0.13337517157196999,0.07462501525878906,0.08947735186666249,0.0720835,0.08675,0.005957670509815216,0.007541850209236145,0.033791642636060715,0.0388328917324543,0.11502066627144814,0.11457627018292746,0.13337517157196999,0.12609984260052443
ivf,2,branch,512,0.0,648,1,42,3,1944,0.6029320987654322,0.5808641975308642,0.6257793209876542,0.6029320987654322,0.6029320987654322,0.984243827160494,0.9812480709876543,0.9870528549382716,0.984243827160494,0.984243827160494,0.27512081774463404,0.24905924606311902,0.30053660250971126,0.27512081774463404,0.27512081774463404,0.07407407407407407,0.06712962962962964,0.08179398148148148,0.07407407407407407,0.07407407407407407,0.31962101256082737,0.28960900232312264,0.34927263430156946,0.31962101256082737,0.31962101256082737,0.4182098765432099,0.6708333333333333,0.0,0.0,1.0,100.0,447.429012345679,0.0,1812.8873456790122,5088.603395061728,2097.9706790123455,2.0,0.1618328969925642,0.19245906732976437,0.12068753130733967,0.14710603281855583,0.118333,0.14440984999999998,0.006249640136957169,0.008534616790711876,0.034500379115343094,0.04066706169396639,0.1618328969925642,0.16214558854699135,0.19245906732976437,0.18586041405797005
ivf,2,branch,512,0.1,648,3,"42,43,44",3,5832,0.6018004115226337,0.5797826646090535,0.6252610596707819,0.6015432098765432,0.6020061728395062,0.9835236625514402,0.9805495113168725,0.9864614197530863,0.9833950617283951,0.9836265432098767,0.27498877871983,0.24898138542385112,0.30051935673744024,0.27489957447881247,0.27512572052006984,0.07397119341563786,0.06702674897119343,0.08179140946502057,0.07391975308641976,0.07407407407407407,0.31953527867879716,0.2895254117881433,0.3491869004195393,0.3194924117377821,0.31962101256082737,0.4182098765432099,0.6708333333333334,0.0,0.0,1.0,100.0,447.429012345679,44.647633744855966,1816.1167695473252,5063.01646090535,2097.9706790123455,2.0,0.16362499445676804,0.19480641931295392,0.12233387678861618,0.14972684439271688,0.120125,0.147042,0.006167218089103699,0.008352380245923989,0.034374650567770004,0.04041655920445919,0.16362499445676804,0.16423617489635944,0.19480641931295392,0.18531871028244495
ivf,2,branch,1024,0.0,648,1,42,3,1944,0.6063271604938272,0.5847145061728394,0.6285648148148149,0.6063271604938272,0.6063271604938272,1.0,0.9999999999999998,1.0,1.0,1.0,0.27631715530637546,0.25028702614766424,0.30190743431287587,0.27631715530637546,0.27631715530637546,0.0742283950617284,0.06728395061728396,0.08195216049382717,0.0742283950617284,0.0742283950617284,0.32136998375424297,0.2908489297696474,0.35099768908217976,0.32136998375424297,0.32136998375424297,0.0,0.6708333333333333,0.0,0.0,1.0,100.0,496.875,0.0,2097.9706790123455,5419.378086419753,2097.9706790123455,2.0,0.17456244677305222,0.2529106568545103,0.13060448691248894,0.1966669224202633,0.1280415,0.19351079999999998,0.006416812539100647,0.013606459833681571,0.035250093787908554,0.04685614258050917,0.17456244677305222,0.17358316108584404,0.2529106568545103,0.2315375255420804
ivf,2,branch,1024,0.1,648,3,"42,43,44",3,5832,0.6063271604938272,0.5847145061728394,0.6285648148148149,0.6063271604938272,0.6063271604938272,1.0,0.9999999999999998,1.0,1.0,1.0,0.27631715530637546,0.25028702614766424,0.30190743431287587,0.27631715530637546,0.27631715530637546,0.0742283950617284,0.06728395061728396,0.08195216049382717,0.0742283950617284,0.0742283950617284,0.32136998375424297,0.2908489297696474,0.35099768908217976,0.32136998375424297,0.32136998375424297,0.0,0.6708333333333334,0.0,0.0,1.0,100.0,496.875,49.48765432098765,2097.9706790123455,5419.378086419753,2097.9706790123455,2.0,0.1755421981215477,0.24222698993980885,0.13229204341769218,0.19493531435728073,0.13006299999999998,0.19186249999999996,0.006332993507385254,0.011249911040067673,0.0350000336766243,0.04356056451797485,0.1755421981215477,0.17381909613807994,0.24222698993980885,0.2307438446829716
ivf,2,branch,2048,0.0,648,1,42,3,1944,0.6063271604938272,0.5847145061728394,0.6285648148148149,0.6063271604938272,0.6063271604938272,1.0,0.9999999999999998,1.0,1.0,1.0,0.27631715530637546,0.25028702614766424,0.30190743431287587,0.27631715530637546,0.27631715530637546,0.0742283950617284,0.06728395061728396,0.08195216049382717,0.0742283950617284,0.0742283950617284,0.32136998375424297,0.2908489297696474,0.35099768908217976,0.32136998375424297,0.32136998375424297,0.0,0.6708333333333333,0.0,0.0,1.0,100.0,496.875,0.0,2097.9706790123455,5419.378086419753,2097.9706790123455,2.0,0.1706872135400772,0.22821249440312383,0.12785382568836212,0.183462374843657,0.1256875,0.18084365,0.006125308573246002,0.008451589383184906,0.0350000336766243,0.04195880610495806,0.1706872135400772,0.1715836115181446,0.22821249440312383,0.22375241387635467
ivf,2,branch,2048,0.1,648,3,"42,43,44",3,5832,0.6063271604938272,0.5847145061728394,0.6285648148148149,0.6063271604938272,0.6063271604938272,1.0,0.9999999999999998,1.0,1.0,1.0,0.27631715530637546,0.25028702614766424,0.30190743431287587,0.27631715530637546,0.27631715530637546,0.0742283950617284,0.06728395061728396,0.08195216049382717,0.0742283950617284,0.0742283950617284,0.32136998375424297,0.2908489297696474,0.35099768908217976,0.32136998375424297,0.32136998375424297,0.0,0.6708333333333334,0.0,0.0,1.0,100.0,496.875,49.48765432098765,2097.9706790123455,5419.378086419753,2097.9706790123455,2.0,0.17610425129532814,0.24231059942394495,0.132750254124403,0.19524991512298584,0.1305,0.19147279999999997,0.006333924829959869,0.010393792763352387,0.035291071981191635,0.04351860843598842,0.17610425129532814,0.17551387039323646,0.24231059942394495,0.2318203914910555
ivf,2,branch,4096,0.0,648,1,42,3,1944,0.6063271604938272,0.5847145061728394,0.6285648148148149,0.6063271604938272,0.6063271604938272,1.0,0.9999999999999998,1.0,1.0,1.0,0.27631715530637546,0.25028702614766424,0.30190743431287587,0.27631715530637546,0.27631715530637546,0.0742283950617284,0.06728395061728396,0.08195216049382717,0.0742283950617284,0.0742283950617284,0.32136998375424297,0.2908489297696474,0.35099768908217976,0.32136998375424297,0.32136998375424297,0.0,0.6708333333333333,0.0,0.0,1.0,100.0,496.875,0.0,2097.9706790123455,5419.378086419753,2097.9706790123455,2.0,0.16985461115837097,0.2286689588800072,0.12781284749507904,0.18290791194885966,0.12575,0.18071249999999997,0.00620819628238678,0.008250121027231216,0.03454228863120079,0.040292274206876755,0.16985461115837097,0.16989605501294136,0.2286689588800072,0.22465842776000497
ivf,2,branch,4096,0.1,648,3,"42,43,44",3,5832,0.6063271604938272,0.5847145061728394,0.6285648148148149,0.6063271604938272,0.6063271604938272,1.0,0.9999999999999998,1.0,1.0,1.0,0.27631715530637546,0.25028702614766424,0.30190743431287587,0.27631715530637546,0.27631715530637546,0.0742283950617284,0.06728395061728396,0.08195216049382717,0.0742283950617284,0.0742283950617284,0.32136998375424297,0.2908489297696474,0.35099768908217976,0.32136998375424297,0.32136998375424297,0.0,0.6708333333333334,0.0,0.0,1.0,100.0,496.875,49.48765432098765,2097.9706790123455,5419.378086419753,2097.9706790123455,2.0,0.17679203301668167,0.24480188731104133,0.13341708108782768,0.1966208219528198,0.131125,0.19414345,0.006332993507385254,0.01120914239436388,0.03537489101290703,0.043999869376420975,0.17679203301668167,0.1748405241717895,0.24480188731104133,0.22984031432618696
ivf,2,float,0,0.0,648,1,42,3,1944,0.6706790123456791,0.6466010802469135,0.6936805555555555,0.6706790123456791,0.6706790123456791,,,,,,0.2784672192807408,0.25164291482105117,0.3038916413430139,0.2784672192807408,0.2784672192807408,0.07577160493827162,0.06867283950617284,0.08379629629629629,0.07577160493827162,0.07577160493827162,0.32480546288416656,0.29467268531793994,0.3536785458197495,0.32480546288416656,0.32480546288416656,0.0,0.6708333333333333,0.0,0.0,1.0,100.0,0.0,0.0,,0.0,2097.9706790123455,2.0,0.08420785889029503,0.13939086347818372,0.048708636313676834,0.07885638624429701,,,,,0.034374650567770004,0.05256421864032744,0.08420785889029503,0.08291611447930336,0.13939086347818372,0.09816698729991913
ivf,2,scan,0,0.0,648,1,42,3,1944,0.6063271604938272,0.5847145061728394,0.6285648148148149,0.6063271604938272,0.6063271604938272,1.0,0.9999999999999998,1.0,1.0,1.0,0.27631715530637546,0.25028702614766424,0.30190743431287587,0.27631715530637546,0.27631715530637546,0.0742283950617284,0.06728395061728396,0.08195216049382717,0.0742283950617284,0.0742283950617284,0.32136998375424297,0.2908489297696474,0.35099768908217976,0.32136998375424297,0.32136998375424297,0.0,0.6708333333333333,0.0,0.0,1.0,100.0,0.0,0.0,2097.9706790123455,0.0,2097.9706790123455,2.0,0.11595850810408592,0.14486899599432945,0.07506203837692738,0.10356397833675145,0.073583,0.10195884999999999,0.006084330379962921,0.007993378676474091,0.0339169055223465,0.03953462000936269,0.11595850810408592,0.11583324521780014,0.14486899599432945,0.1425120746716857
ivf,4,branch,0,0.0,648,1,42,3,1944,0.7118827160493827,0.691820987654321,0.7302507716049383,0.7118827160493827,0.7118827160493827,1.0,0.9999999999999998,1.0,1.0,1.0,0.31386037952179,0.2874099044477708,0.3408413647085282,0.31386037952179,0.31386037952179,0.08611111111111111,0.07839506172839507,0.09490740740740741,0.08611111111111111,0.08611111111111111,0.36686754175180103,0.33752952037674255,0.3979798606100689,0.36686754175180103,0.36686754175180103,0.0,0.8183641975308641,0.0,0.0,1.0,100.0,939.2469135802469,0.0,4047.307098765432,9878.935185185184,4047.307098765432,4.0,0.29099988751113415,0.3789249109104275,0.24560466408729553,0.32836259342730045,0.243,0.32534199999999996,0.006832648068666458,0.01307118218392133,0.03654207102954388,0.04569541197270154,0.29099988751113415,0.2888545859605074,0.3789249109104275,0.3622506512328982
ivf,4,branch,0,0.1,648,3,"42,43,44",3,5832,0.7118827160493827,0.691820987654321,0.7302507716049383,0.7118827160493827,0.7118827160493827,1.0,0.9999999999999998,1.0,1.0,1.0,0.31386037952179,0.2874099044477708,0.3408413647085282,0.31386037952179,0.31386037952179,0.08611111111111112,0.07839506172839508,0.09490740740740741,0.08611111111111111,0.08611111111111111,0.36686754175180103,0.33752952037674255,0.3979798606100689,0.36686754175180103,0.36686754175180103,0.0,0.8183641975308641,0.0,0.0,1.0,100.0,939.2469135802469,93.61213991769547,4047.307098765432,9878.935185185184,4047.307098765432,4.0,0.2953330986201763,0.38173757493495936,0.25056255981326103,0.3304537385702133,0.248146,0.3274769,0.006790738552808762,0.012666406109929085,0.03633392043411732,0.04575003404170275,0.2953330986201763,0.294715321312348,0.38173757493495936,0.3648402324567238
ivf,4,branch,16,0.0,648,1,42,3,1944,0.0,0.0,0.0,0.0,0.0,0.0,0.0,0.0,0.0,0.0,0.0,0.0,0.0,0.0,0.0,0.0,0.0,0.0,0.0,0.0,0.0,0.0,0.0,0.0,0.0,1.0,0.8183641975308641,1.0,1.0,0.0,0.0,16.0,0.0,0.0,260.8333333333333,4047.307098765432,4.0,0.016958918422460556,0.020041922107338905,0.010459218174219131,0.0122500816360116,0.008583,0.009875,0.005604466423392296,0.0067497603595256805,0.0006249174475669861,0.0007906928658485413,0.016958918422460556,0.01691700890660286,0.020041922107338905,0.018026772886514664
ivf,4,branch,16,0.1,648,3,"42,43,44",3,5832,0.0,0.0,0.0,0.0,0.0,5.6584362139917696e-05,2.57201646090535e-05,9.25925925925926e-05,0.0,0.0001080246913580247,0.0,0.0,0.0,0.0,0.0,0.0,0.0,0.0,0.0,0.0,0.0,0.0,0.0,0.0,0.0,1.0,0.8183641975308641,0.6805555555555556,0.8775720164609054,0.03209876543209877,3.2098765432098766,16.0,1.5756172839506173,3.2098765432098766,255.11934156378598,4047.307098765432,4.0,0.017916318029165268,0.03339331597089767,0.010916031897068024,0.014459248632192612,0.008958,0.012125,0.005749985575675964,0.007041264325380325,0.0006672926247119904,0.012185703963041299,0.017916318029165268,0.019215202579895656,0.03339331597089767,0.025716618013878662
ivf,4,branch,32,0.0,648,1,42,3,1944,0.0,0.0,0.0,0.0,0.0,9.259259259259259e-05,0.0,0.0002314814814814815,9.259259259259259e-05,9.259259259259259e-05,0.0,0.0,0.0,0.0,0.0,0.0,0.0,0.0,0.0,0.0,0.0,0.0,0.0,0.0,0.0,1.0,0.8183641975308641,0.9969135802469136,0.9969135802469136,0.0011419753086419752,0.11419753086419752,32.0,0.0,0.11419753086419752,521.6172839506173,4047.307098765432,4.0,0.01912470906972885,0.02224976196885109,0.012500211596488953,0.014743534848093983,0.010459,0.012375,0.005667097866535187,0.006624963134527206,0.0006249174475669861,0.0007920898497104645,0.01912470906972885,0.01912470906972885,0.02224976196885109,0.020625069737434387
ivf,4,branch,32,0.1,648,3,"42,43,44",3,5832,0.00015432098765432098,0.0,0.00036008230452674894,0.0,0.00030864197530864197,0.0003189300411522634,0.0002109053497942387,0.00046810699588477366,0.0002160493827160494,0.00046296296296296303,0.0003154049345501329,0.0,0.0009462148036503986,0.0,0.0009462148036503987,5.1440329218106995e-05,0.0,0.00015432098765432098,0.0,0.00015432098765432098,0.00025720164609053495,0.0,0.0007716049382716049,0.0,0.0007716049382716049,1.0,0.8183641975308641,0.2932098765432099,0.6131687242798355,0.10522119341563786,10.522119341563785,32.0,3.145576131687242,10.522119341563785,502.9300411522634,4047.307098765432,4.0,0.024875160306692123,0.0409353757277131,0.013874843716621399,0.018416903913021088,0.01175,0.01608345,0.005790963768959045,0.007375143468379974,0.0049578957259655,0.015916768461465836,0.024875160306692123,0.025791892160971962,0.0409353757277131,0.03513942162195841
ivf,4,branch,64,0.0,648,1,42,3,1944,0.00447530864197531,0.0021604938271604936,0.007256944444444442,0.00447530864197531,0.00447530864197531,0.00470679012345679,0.00273070987654321,0.007053240740740739,0.00470679012345679,0.00470679012345679,0.003359868020716137,0.0,0.0076273998679207995,0.003359868020716137,0.003359868020716137,0.0007716049382716049,0.0,0.0016975308641975309,0.0007716049382716049,0.0007716049382716049,0.004115226337448559,0.0,0.009259259259259259,0.004115226337448559,0.004115226337448559,1.0,0.8183641975308641,0.9351851851851852,0.9351851851851852,0.02925925925925926,2.925925925925926,64.0,0.0,3.5925925925925926,1041.763888888889,4047.307098765432,4.0,0.02304231747984886,0.04539107903838156,0.016416888684034348,0.022784783504903313,0.014042,0.01975,0.005708076059818268,0.007327017374336716,0.0006658956408500671,0.014903559349477284,0.02304231747984886,0.022999942302703857,0.04539107903838156,0.041650142520666115
ivf,4,branch,64,0.1,648,3,"42,43,44",3,5832,0.003806584362139918,0.0018518518518518517,0.0060712448559670775,0.0037037037037037043,0.004012345679012346,0.004336419753086419,0.0026593364197530864,0.006349279835390945,0.0038888888888888888,0.004645061728395061,0.003478209140247898,0.000704275368251296,0.006991171848625272,0.0019516453572923844,0.004908521173119779,0.0009259259259259261,0.00020576131687242798,0.0018518518518518521,0.0007716049382716049,0.0010802469135802468,0.004200960219478737,0.0007276663237311385,0.00896026234567901,0.0028292181069958845,0.0052726337448559665,1.0,0.8183641975308641,0.046296296296296294,0.22479423868312756,0.2936831275720165,29.368312757201643,64.0,6.306584362139917,30.145576131687246,994.4084362139918,4047.307098765432,4.0,0.03900006413459778,0.06272667087614535,0.020500272512435913,0.027917325496673584,0.018125,0.025268449999999994,0.00600004568696022,0.007582828402519226,0.011917203664779663,0.02808310091495514,0.03900006413459778,0.03918749280273914,0.06272667087614535,0.05253156026204427
ivf,4,branch,128,0.0,648,1,42,3,1944,0.1697530864197531,0.15169753086419752,0.18889274691358024,0.1697530864197531,0.1697530864197531,0.15317901234567902,0.1392565586419753,0.16847260802469136,0.15317901234567902,0.15317901234567902,0.12830445231069482,0.10840790745857275,0.1520181988032358,0.12830445231069482,0.12830445231069482,0.03101851851851852,0.025462962962962965,0.0378125,0.03101851851851852,0.03101851851851852,0.13662467933301267,0.1143908245817968,0.16118122361177917,0.13662467933301267,0.13662467933301267,1.0,0.8183641975308641,0.3256172839506173,0.3317901234567901,0.508287037037037,50.8287037037037,128.0,0.0,97.57561728395062,2011.6682098765432,4047.307098765432,4.0,0.056541990488767624,0.09698132053017615,0.031270552426576614,0.05433328915387392,0.0283545,0.05165439999999999,0.00600004568696022,0.007667113095521927,0.019437633454799652,0.03736861981451511,0.056541990488767624,0.05672895349562168,0.09698132053017615,0.09513532277196646
ivf,4,branch,128,0.1,648,3,"42,43,44",3,5832,0.12541152263374486,0.10956147119341564,0.14188143004115228,0.12391975308641977,0.12623456790123458,0.11184670781893005,0.10021604938271604,0.12451260288065842,0.11080246913580247,0.11385802469135803,0.09279991811085041,0.07509727376358534,0.11207673412092459,0.09082661212594165,0.0953253758307778,0.021913580246913582,0.017280092592592593,0.02670010288065843,0.021450617283950618,0.02222222222222222,0.09817976947606578,0.07730196447499689,0.11817650991840804,0.09473755411255412,0.10049887098498209,1.0,0.8183641975308641,0.0,0.006687242798353909,0.8055606995884773,80.55606995884773,128.0,12.747427983539096,131.070987654321,1928.8832304526748,4047.307098765432,4.0,0.07654214277863503,0.10097702033817767,0.03733299672603607,0.056061195209622376,0.034333,0.053125,0.006250105798244476,0.008435524068772786,0.03279093652963638,0.03891692031174898,0.07654214277863503,0.07395842112600803,0.10097702033817767,0.0957864491889874
ivf,4,branch,256,0.0,648,1,42,3,1944,0.5637345679012346,0.5441319444444443,0.5817939814814815,0.5637345679012346,0.5637345679012346,0.6028086419753087,0.5940266203703705,0.6114672067901233,0.6028086419753087,0.6028086419753087,0.2852269912326734,0.2602719445075817,0.31197626483489377,0.2852269912326734,0.2852269912326734,0.07669753086419752,0.06929012345679013,0.0853395061728395,0.07669753086419752,0.07669753086419752,0.3210042015597571,0.29360178508905355,0.3518573079655255,0.3210042015597571,0.3210042015597571,1.0,0.8183641975308641,0.0,0.0,1.0,100.0,256.0,0.0,651.9475308641976,3467.026234567901,4047.307098765432,4.0,0.11754152365028858,0.13978341594338414,0.07629161700606346,0.09389817714691161,0.0732295,0.09035624999999999,0.00620819628238678,0.008291099220514297,0.03437511622905731,0.03977965097874402,0.11754152365028858,0.1175212673842907,0.13978341594338414,0.13308380730450153
ivf,4,branch,256,0.1,648,3,"42,43,44",3,5832,0.5490226337448559,0.5301864711934157,0.5680208333333333,0.5481481481481482,0.5501543209876543,0.5822633744855966,0.5731997170781893,0.590926183127572,0.5813580246913581,0.5832716049382717,0.28343674912649086,0.25847354465856154,0.3101926291241558,0.28300569267283626,0.2842742669364314,0.07654320987654323,0.0691332304526749,0.08498070987654321,0.0763888888888889,0.07669753086419753,0.31847321488525193,0.2911282668805817,0.3487583318601837,0.3168614179030846,0.32083518333518335,1.0,0.8183641975308641,0.0,0.0,1.0,100.0,256.0,25.487654320987655,687.3137860082304,3353.5684156378597,4047.307098765432,4.0,0.12420909479260445,0.1493748277425766,0.08229189552366734,0.10143527761101721,0.0792085,0.09793589999999999,0.006332993507385254,0.009102048352360718,0.03491668030619621,0.041208439506590366,0.12420909479260445,0.12397936855753264,0.1493748277425766,0.139184823880593
ivf,4,branch,512,0.0,648,1,42,3,1944,0.6546296296296296,0.6361033950617283,0.6725385802469135,0.6546296296296296,0.6546296296296296,0.825787037037037,0.8176041666666666,0.834724537037037,0.825787037037037,0.825787037037037,0.3040713024615111,0.2781675326657651,0.3309349228189841,0.3040713024615111,0.3040713024615111,0.08333333333333333,0.07577160493827162,0.09212962962962962,0.08333333333333333,0.08333333333333333,0.3528139213324399,0.32506398897313243,0.38362945064623305,0.3528139213324399,0.3528139213324399,0.9938271604938271,0.8183641975308641,0.0,0.0,1.0,100.0,511.7608024691358,0.0,1643.0586419753085,6616.461419753086,4047.307098765432,4.0,0.16920804046094418,0.19828500226140022,0.1284999307245016,0.15537487342953682,0.125083,0.1519044,0.006207730621099472,0.007916172035038471,0.03383401781320572,0.038375076837837696,0.16920804046094418,0.16783294267952442,0.19828500226140022,0.1910421997308731
ivf,4,branch,512,0.1,648,3,"42,43,44",3,5832,0.6557098765432099,0.6378395061728395,0.673148148148148,0.6550925925925926,0.6561728395061728,0.8246244855967079,0.8166558641975308,0.8332202932098763,0.8243827160493827,0.825030864197531,0.3047436129007206,0.27828821629054057,0.331799325336697,0.30403110099681235,0.30590505423727254,0.08369341563786009,0.07633487654320988,0.09259516460905351,0.08348765432098766,0.08410493827160494,0.35475150706632186,0.3265835756750109,0.3846972021248641,0.3537141270937567,0.3559260612501353,0.9938271604938271,0.8183641975308641,0.0,0.0,1.0,100.0,511.7608024691358,51.12139917695474,1706.0699588477369,6411.610596707819,4047.307098765432,4.0,0.18395809456706047,0.21670805290341377,0.14150002971291542,0.1688329502940178,0.137958,0.164708,0.0064587220549583435,0.009602215141057961,0.0349581241607666,0.04191696643829346,0.18395809456706047,0.18354870068530243,0.21670805290341377,0.20386526981989542
ivf,4,branch,1024,0.0,648,1,42,3,1944,0.7104938271604938,0.690582561728395,0.7285570987654321,0.7104938271604938,0.7104938271604938,0.9960648148148149,0.9948915895061727,0.9971145833333332,0.9960648148148149,0.9960648148148149,0.31392800876691174,0.28747860923085156,0.34087868019235246,0.31392800876691174,0.31392800876691174,0.08611111111111111,0.07839506172839507,0.09490740740740741,0.08611111111111111,0.08611111111111111,0.36686754175180103,0.33752952037674255,0.3979798606100689,0.36686754175180103,0.36686754175180103,0.3101851851851852,0.8183641975308641,0.0,0.0,1.0,100.0,893.841049382716,0.0,3787.766975308642,9616.466049382716,4047.307098765432,4.0,0.2821250818669796,0.3333411877974867,0.23827049881219864,0.28337491676211357,0.2354585,0.2801537,0.0066659413278102875,0.012118997983634468,0.03591692075133324,0.04457044415175914,0.2821250818669796,0.28177141211926937,0.3333411877974867,0.3211747156456113
ivf,4,branch,1024,0.1,648,3,"42,43,44",3,5832,0.7102880658436215,0.690636574074074,0.7282973251028806,0.7101851851851853,0.7104938271604939,0.9956327160493826,0.9943155864197529,0.9967852366255142,0.9955555555555557,0.9956790123456791,0.31409224421807835,0.28764647976721325,0.340903355689652,0.31409224421807835,0.31409224421807835,0.08626543209876544,0.0785493827160494,0.09506172839506173,0.08626543209876544,0.08626543209876544,0.36717618372710964,0.3379640808865346,0.3980914218240607,0.36717618372710964,0.36717618372710964,0.3101851851851852,0.8183641975308641,0.0,0.0,1.0,100.0,893.841049382716,89.11008230452674,3789.5128600823045,9595.37294238683,4047.307098765432,4.0,0.27927057817578316,0.3400105750188231,0.23670820519328117,0.2891857177019119,0.2340415,0.285208,0.00658305361866951,0.011583068408071995,0.035250093787908554,0.04410212859511375,0.27927057817578316,0.2796528860926628,0.3400105750188231,0.3162854816764593
ivf,4,branch,2048,0.0,648,1,42,3,1944,0.7118827160493827,0.691820987654321,0.7302507716049383,0.7118827160493827,0.7118827160493827,1.0,0.9999999999999998,1.0,1.0,1.0,0.31386037952179,0.2874099044477708,0.3408413647085282,0.31386037952179,0.31386037952179,0.08611111111111111,0.07839506172839507,0.09490740740740741,0.08611111111111111,0.08611111111111111,0.36686754175180103,0.33752952037674255,0.3979798606100689,0.36686754175180103,0.36686754175180103,0.0,0.8183641975308641,0.0,0.0,1.0,100.0,939.2469135802469,0.0,4047.307098765432,9878.935185185184,4047.307098765432,4.0,0.2881039399653673,0.37427283823490143,0.24389591999351978,0.32365971710532904,0.2415,0.32045185000000004,0.006707850843667984,0.011701975017786023,0.03587501123547554,0.044195516966283314,0.2881039399653673,0.28691673651337624,0.37427283823490143,0.3599149640649557
ivf,4,branch,2048,0.1,648,3,"42,43,44",3,5832,0.7118827160493827,0.691820987654321,0.7302507716049383,0.7118827160493827,0.7118827160493827,1.0,0.9999999999999998,1.0,1.0,1.0,0.31386037952179,0.2874099044477708,0.3408413647085282,0.31386037952179,0.31386037952179,0.08611111111111112,0.07839506172839508,0.09490740740740741,0.08611111111111111,0.08611111111111111,0.36686754175180103,0.33752952037674255,0.3979798606100689,0.36686754175180103,0.36686754175180103,0.0,0.8183641975308641,0.0,0.0,1.0,100.0,939.2469135802469,93.61213991769547,4047.307098765432,9878.935185185184,4047.307098765432,4.0,0.2875407226383686,0.36470405757427216,0.24427054449915886,0.31795352697372437,0.241791,0.3155788,0.006540678441524506,0.009477417916059487,0.03535463474690914,0.04258307162672281,0.2875407226383686,0.28804906954367954,0.36470405757427216,0.35289706817517674
ivf,4,branch,4096,0.0,648,1,42,3,1944,0.7118827160493827,0.691820987654321,0.7302507716049383,0.7118827160493827,0.7118827160493827,1.0,0.9999999999999998,1.0,1.0,1.0,0.31386037952179,0.2874099044477708,0.3408413647085282,0.31386037952179,0.31386037952179,0.08611111111111111,0.07839506172839507,0.09490740740740741,0.08611111111111111,0.08611111111111111,0.36686754175180103,0.33752952037674255,0.3979798606100689,0.36686754175180103,0.36686754175180103,0.0,0.8183641975308641,0.0,0.0,1.0,100.0,939.2469135802469,0.0,4047.307098765432,9878.935185185184,4047.307098765432,4.0,0.28993748128414154,0.37889841478317965,0.24491711519658566,0.3279974916949868,0.242584,0.32440889999999994,0.006707850843667984,0.01352932304143905,0.03618770278990269,0.04699358250945806,0.28993748128414154,0.28816680423915386,0.37889841478317965,0.35715249832719564
ivf,4,branch,4096,0.1,648,3,"42,43,44",3,5832,0.7118827160493827,0.691820987654321,0.7302507716049383,0.7118827160493827,0.7118827160493827,1.0,0.9999999999999998,1.0,1.0,1.0,0.31386037952179,0.2874099044477708,0.3408413647085282,0.31386037952179,0.31386037952179,0.08611111111111112,0.07839506172839508,0.09490740740740741,0.08611111111111111,0.08611111111111111,0.36686754175180103,0.33752952037674255,0.3979798606100689,0.36686754175180103,0.36686754175180103,0.0,0.8183641975308641,0.0,0.0,1.0,100.0,939.2469135802469,93.61213991769547,4047.307098765432,9878.935185185184,4047.307098765432,4.0,0.2974369563162327,0.4053437849506735,0.25250017642974854,0.34451482351869345,0.24975,0.34035245,0.006833113729953766,0.015999656170606613,0.03624986857175827,0.05007861182093619,0.2974369563162327,0.2949236271282037,0.4053437849506735,0.36894707785298425
ivf,4,float,0,0.0,648,1,42,3,1944,0.8168209876543209,0.7972183641975308,0.8345679012345678,0.8168209876543209,0.8168209876543209,,,,,,0.316916048253742,0.29032841704300594,0.3433489124180105,0.316916048253742,0.316916048253742,0.08796296296296297,0.08040123456790124,0.09677083333333333,0.08796296296296297,0.08796296296296297,0.3735462111619519,0.34588337449159207,0.4035566700960219,0.3735462111619519,0.3735462111619519,0.0,0.8183641975308641,0.0,0.0,1.0,100.0,0.0,0.0,,0.0,4047.307098765432,4.0,0.11254101991653442,0.13469625264406204,0.0766250304877758,0.09553497657179832,,,,,0.03522937186062336,0.04181435797363518,0.11254101991653442,0.11187465861439705,0.13469625264406204,0.12966517824679613
ivf,4,scan,0,0.0,648,1,42,3,1944,0.7118827160493827,0.691820987654321,0.7302507716049383,0.7118827160493827,0.7118827160493827,1.0,0.9999999999999998,1.0,1.0,1.0,0.31386037952179,0.2874099044477708,0.3408413647085282,0.31386037952179,0.31386037952179,0.08611111111111111,0.07839506172839507,0.09490740740740741,0.08611111111111111,0.08611111111111111,0.36686754175180103,0.33752952037674255,0.3979798606100689,0.36686754175180103,0.36686754175180103,0.0,0.8183641975308641,0.0,0.0,1.0,100.0,0.0,0.0,4047.307098765432,0.0,4047.307098765432,4.0,0.17033377662301064,0.205010874196887,0.1276666298508644,0.1580358250066638,0.1259165,0.1552794,0.0063749030232429504,0.010106153786182391,0.03529200330376625,0.04175018984824419,0.17033377662301064,0.17004157416522503,0.205010874196887,0.19799608271569014
ivf,8,branch,0,0.0,648,1,42,3,1944,0.7711419753086419,0.7561728395061729,0.7859645061728394,0.7711419753086419,0.7711419753086419,1.0,0.9999999999999998,1.0,1.0,1.0,0.34610075987796085,0.32020893073507906,0.37384624219736473,0.34610075987796085,0.34610075987796085,0.09459876543209876,0.08687885802469136,0.10386188271604939,0.09459876543209876,0.09459876543209876,0.4011329248597767,0.3730946903747829,0.43135975114563074,0.4011329248597767,0.4011329248597767,0.0,0.9157407407407407,0.0,0.0,1.0,100.0,1782.4027777777778,0.0,7878.538580246914,18160.385802469136,7878.538580246914,8.0,0.503187533468008,0.612445711158216,0.4583960399031639,0.5631900858134031,0.4550835,0.5598026500000001,0.007207971066236496,0.011369027197360989,0.036833807826042175,0.04386892542243003,0.503187533468008,0.5091663915663958,0.612445711158216,0.6030791206285357
ivf,8,branch,0,0.1,648,3,"42,43,44",3,5832,0.7711419753086419,0.7561728395061729,0.7859645061728394,0.7711419753086419,0.7711419753086419,1.0,0.9999999999999998,1.0,1.0,1.0,0.34610075987796085,0.32020893073507906,0.37384624219736473,0.34610075987796085,0.34610075987796085,0.09459876543209879,0.08687885802469136,0.1038618827160494,0.09459876543209876,0.09459876543209876,0.4011329248597767,0.3730946903747829,0.43135975114563074,0.4011329248597767,0.4011329248597767,0.0,0.9157407407407409,0.0,0.0,1.0,100.0,1782.4027777777778,177.554012345679,7878.538580246914,18160.385802469136,7878.538580246914,8.0,0.5199369043111801,0.6449590437114239,0.4728750791400671,0.5918893031775951,0.469833,0.5874769,0.007416121661663055,0.01454188022762537,0.03770901821553707,0.048708380199968815,0.5199369043111801,0.5210831295698881,0.6449590437114239,0.6154208521669109
ivf,8,branch,16,0.0,648,1,42,3,1944,0.0,0.0,0.0,0.0,0.0,0.0,0.0,0.0,0.0,0.0,0.0,0.0,0.0,0.0,0.0,0.0,0.0,0.0,0.0,0.0,0.0,0.0,0.0,0.0,0.0,1.0,0.9157407407407407,1.0,1.0,0.0,0.0,16.0,0.0,0.0,254.32716049382717,7878.538580246914,8.0,0.01733331009745598,0.019375234842300415,0.010624993592500687,0.011791009455919266,0.008542,0.009375,0.005832873284816742,0.0067087821662425995,0.0006249174475669861,0.0007501803338527679,0.01733331009745598,0.01733284443616867,0.019375234842300415,0.018291780725121498
ivf,8,branch,16,0.1,648,3,"42,43,44",3,5832,0.0,0.0,0.0,0.0,0.0,0.0,0.0,0.0,0.0,0.0,0.0,0.0,0.0,0.0,0.0,0.0,0.0,0.0,0.0,0.0,0.0,0.0,0.0,0.0,0.0,1.0,0.9157407407407409,0.8719135802469136,0.9609053497942386,0.010915637860082306,1.0915637860082306,16.0,1.5787037037037037,1.0915637860082306,252.798353909465,7878.538580246914,8.0,0.017375219613313675,0.026310398243367665,0.010624993592500687,0.013167038559913635,0.008542,0.010666,0.005791895091533661,0.00695791095495224,0.0006249174475669861,0.006768200546503059,0.017375219613313675,0.017597107216715813,0.026310398243367665,0.022967734063665073
ivf,8,branch,32,0.0,648,1,42,3,1944,0.0,0.0,0.0,0.0,0.0,0.0,0.0,0.0,0.0,0.0,0.0,0.0,0.0,0.0,0.0,0.0,0.0,0.0,0.0,0.0,0.0,0.0,0.0,0.0,0.0,1.0,0.9157407407407407,1.0,1.0,0.0,0.0,32.0,0.0,0.0,508.65432098765433,7878.538580246914,8.0,0.019334256649017334,0.024160603061318394,0.01258309930562973,0.01520882360637188,0.010333499999999999,0.012243849999999997,0.0058747828006744385,0.007451884448528286,0.0006249174475669861,0.0009159557521343231,0.019334256649017334,0.01933285966515541,0.024160603061318394,0.0211937353014946
ivf,8,branch,32,0.1,648,3,"42,43,44",3,5832,0.0,0.0,0.0,0.0,0.0,4.115226337448559e-05,1.530349794238684e-05,7.71604938271605e-05,1.54320987654321e-05,6.17283950617284e-05,0.0003154049345501329,0.0,0.0009462148036503986,0.0,0.0009462148036503987,5.1440329218106995e-05,0.0,0.00015432098765432098,0.0,0.00015432098765432098,0.00025720164609053495,0.0,0.0007716049382716049,0.0,0.0007716049382716049,1.0,0.9157407407407409,0.463477366255144,0.7654320987654321,0.06262345679012346,6.262345679012345,32.0,3.1496913580246915,6.262345679012345,497.8245884773662,7878.538580246914,8.0,0.022500287741422653,0.03804219886660576,0.013375189155340195,0.017624814063310623,0.011083,0.015125,0.005957670509815216,0.0075409188866615295,0.0032498501241207123,0.014101853594183915,0.022500287741422653,0.023653187478582062,0.03804219886660576,0.03180092511077722
ivf,8,branch,64,0.0,648,1,42,3,1944,0.00015432098765432098,0.0,0.000462962962962963,0.00015432098765432098,0.00015432098765432098,0.00023148148148148152,6.17283950617284e-05,0.000478395061728395,0.00023148148148148152,0.00023148148148148152,0.0,0.0,0.0,0.0,0.0,0.0,0.0,0.0,0.0,0.0,0.0,0.0,0.0,0.0,0.0,1.0,0.9157407407407407,0.9876543209876543,0.9876543209876543,0.0043055555555555555,0.4305555555555556,64.0,0.0,0.4305555555555556,1017.1481481481482,7878.538580246914,8.0,0.022416934370994568,0.02775008324533701,0.015832949429750443,0.019459053874015808,0.013375,0.016576849999999997,0.005749985575675964,0.0069998204708099365,0.0006249174475669861,0.000791158527135849,0.022416934370994568,0.02245791256427765,0.02775008324533701,0.024860817939043045
ivf,8,branch,64,0.1,648,3,"42,43,44",3,5832,0.00020576131687242803,0.0,0.000617283950617284,0.00015432098765432098,0.00030864197530864197,0.00039094650205761313,0.0002520576131687243,0.0005555555555555556,0.0003395061728395062,0.00047839506172839513,0.0003154049345501329,0.0,0.0009462148036503986,0.0,0.0009462148036503987,5.1440329218106995e-05,0.0,0.00015432098765432098,0.0,0.00015432098765432098,0.00025720164609053495,0.0,0.0007716049382716049,0.0,0.0007716049382716049,1.0,0.9157407407407409,0.11059670781893002,0.375,0.20640432098765432,20.640432098765434,64.0,6.330246913580247,20.665637860082306,982.3888888888889,7878.538580246914,8.0,0.0355839729309082,0.058393273502588265,0.020041828975081444,0.026833731681108475,0.017416,0.023935449999999994,0.006166752427816391,0.007874798029661179,0.008790753781795502,0.023852381855249398,0.0355839729309082,0.036437297239899635,0.058393273502588265,0.04903197598954042
ivf,8,branch,128,0.0,648,1,42,3,1944,0.008179012345679013,0.004625771604938271,0.012349537037037032,0.008179012345679013,0.008179012345679013,0.00794753086419753,0.005184799382716049,0.01112847222222222,0.00794753086419753,0.00794753086419753,0.0066811850642704024,0.0020818419104059733,0.01249196005029817,0.0066811850642704024,0.0066811850642704024,0.0013888888888888892,0.000462962962962963,0.002469135802469136,0.0013888888888888892,0.0013888888888888892,0.007458847736625514,0.0025720164609053494,0.013631687242798353,0.007458847736625514,0.007458847736625514,1.0,0.9157407407407407,0.8719135802469136,0.8734567901234568,0.07236111111111111,7.236111111111111,128.0,0.0,10.74537037037037,2028.75,7878.538580246914,8.0,0.03108382225036621,0.07136706262826917,0.024166889488697052,0.0362315448001027,0.021167,0.03223739999999999,0.0058747828006744385,0.0074936542659997905,0.0006253831088542938,0.027793715707957696,0.03108382225036621,0.031082890927791595,0.07136706262826917,0.06725806742906563
ivf,8,branch,128,0.1,648,3,"42,43,44",3,5832,0.0058127572016460904,0.0031880144032921816,0.009106224279835389,0.005401234567901234,0.006172839506172839,0.005817901234567901,0.0036880144032921808,0.008626929012345677,0.00544753086419753,0.006111111111111111,0.005216333122025242,0.0018424246379960992,0.009295490518474723,0.004395957638807655,0.006115066539540883,0.001337448559670782,0.000462962962962963,0.002417695473251029,0.0012345679012345679,0.0015432098765432098,0.006044238683127571,0.0020576131687242796,0.01118827160493827,0.005144032921810699,0.007073045267489712,1.0,0.9157407407407409,0.004115226337448559,0.04218106995884773,0.5525771604938272,55.257716049382715,128.0,12.774691358024691,60.90380658436214,1941.817901234568,7878.538580246914,8.0,0.060582999140024185,0.08974990341812372,0.033082906156778336,0.04537496715784073,0.029958,0.04175,0.0064997002482414246,0.008249864913523197,0.020250212401151657,0.0367090106010437,0.060582999140024185,0.06068055517971516,0.08974990341812372,0.08006556890904902
ivf,8,branch,256,0.0,648,1,42,3,1944,0.2578703703703704,0.23564429012345678,0.2799421296296296,0.2578703703703704,0.2578703703703704,0.23214506172839508,0.21492245370370366,0.24894212962962964,0.23214506172839508,0.23214506172839508,0.179318490066629,0.15459224126492072,0.20667118420864478,0.179318490066629,0.179318490066629,0.043209876543209874,0.037037037037037035,0.05046296296296296,0.043209876543209874,0.043209876543209874,0.18976621372454705,0.16367317353428465,0.21760444641521032,0.18976621372454705,0.18976621372454705,1.0,0.9157407407407407,0.12345679012345678,0.12654320987654322,0.7594598765432099,75.94598765432099,256.0,0.0,248.53703703703704,3896.787037037037,7878.538580246914,8.0,0.09691668674349785,0.12804195284843445,0.056437449529767036,0.08532714564353228,0.052375,0.0817794,0.006207730621099472,0.00800006091594696,0.03304099664092064,0.037250109016895294,0.09691668674349785,0.09654159657657146,0.12804195284843445,0.12419410049915314
ivf,8,branch,256,0.1,648,3,"42,43,44",3,5832,0.190380658436214,0.17109053497942386,0.21178883744855964,0.1895061728395062,0.1919753086419753,0.16881172839506173,0.15404308127572017,0.18489390432098762,0.1677932098765432,0.16986111111111113,0.13688797567241137,0.11555060520955808,0.16031390793114764,0.13513553826117355,0.13889759684010675,0.03245884773662552,0.027160493827160494,0.03827160493827161,0.03225308641975309,0.03256172839506173,0.14632975477882884,0.12270664649136871,0.1712614710820729,0.1443921690449468,0.14844309497087274,1.0,0.9157407407407409,0.0,0.0,0.9837345679012346,98.37345679012346,256.0,25.50874485596708,300.95113168724276,3747.0807613168718,7878.538580246914,8.0,0.10670861229300499,0.13887484092265368,0.06487499922513962,0.0949162058532238,0.060917,0.091,0.006333924829959869,0.008207745850086212,0.03408314660191536,0.03937492147088051,0.10670861229300499,0.10574306361377239,0.13887484092265368,0.1326041140904029
ivf,8,branch,512,0.0,648,1,42,3,1944,0.6367283950617284,0.620366512345679,0.6540123456790123,0.6367283950617284,0.6367283950617284,0.6656327160493828,0.6576643518518518,0.6742916666666666,0.6656327160493828,0.6656327160493828,0.3257667789803824,0.3012112233057096,0.35418298971291595,0.3257667789803824,0.3257667789803824,0.0868827160493827,0.079320987654321,0.09537037037037037,0.0868827160493827,0.0868827160493827,0.3670261494335569,0.3375227782548384,0.39679616519026234,0.3670261494335569,0.3670261494335569,1.0,0.9157407407407407,0.0,0.0,1.0,100.0,512.0,0.0,1367.554012345679,6779.708333333333,7878.538580246914,8.0,0.17362507060170174,0.20591099746525288,0.132082961499691,0.16096255276352164,0.127583,0.15657669999999999,0.0064997002482414246,0.008416827768087387,0.03420887514948845,0.03937492147088051,0.17362507060170174,0.17266697250306606,0.20591099746525288,0.1980271888896823
ivf,8,branch,512,0.1,648,3,"42,43,44",3,5832,0.6313786008230453,0.6153266460905349,0.6485661008230453,0.6302469135802469,0.6322530864197532,0.6545679012345679,0.6464535751028807,0.6628622685185185,0.6543827160493827,0.6546759259259259,0.32167758024934123,0.29501894538345796,0.34868959741878647,0.3210307502060171,0.3221366691227764,0.08616255144032924,0.078804012345679,0.09490869341563786,0.08611111111111111,0.08626543209876544,0.36167635519487373,0.3318953923091655,0.3922790919000409,0.36077614943355685,0.36251226054466795,1.0,0.9157407407407409,0.0,0.0,1.0,100.0,512.0,51.197016460905346,1450.4254115226338,6537.865740740741,7878.538580246914,8.0,0.1860414631664753,0.22500008344650269,0.14337478205561638,0.17635226249694824,0.1392295,0.17153735,0.00658305361866951,0.009750016033649445,0.03474997356534004,0.04204176366329193,0.1860414631664753,0.18705559584001702,0.22500008344650269,0.20838445828606686
ivf,8,branch,1024,0.0,648,1,42,3,1944,0.7280864197530864,0.7132600308641976,0.7438387345679012,0.7280864197530864,0.7280864197530864,0.8718672839506173,0.8645833333333333,0.8793063271604938,0.8718672839506173,0.8718672839506173,0.34170408680669706,0.31592334347633366,0.36990902175463153,0.34170408680669706,0.34170408680669706,0.0933641975308642,0.0853395061728395,0.10262345679012345,0.0933641975308642,0.0933641975308642,0.3968309211364767,0.3683377160605169,0.4280584497164358,0.3968309211364767,0.3968309211364767,0.9969135802469136,0.9157407407407407,0.0,0.0,1.0,100.0,1023.7361111111111,0.0,3431.328703703704,12865.714506172839,7878.538580246914,8.0,0.3090833779424429,0.3679517423734069,0.26439549401402473,0.31664189882576466,0.258917,0.31003569999999997,0.007000286132097244,0.011785654351115223,0.03616604954004288,0.044077867642045014,0.3090833779424429,0.307583250105381,0.3679517423734069,0.34783121664077044
ivf,8,branch,1024,0.1,648,3,"42,43,44",3,5832,0.7248971193415638,0.7096707818930041,0.7411574074074074,0.7240740740740741,0.7256172839506173,0.8663991769547326,0.8592840792181069,0.873923482510288,0.8662037037037036,0.8667746913580247,0.34133485319372403,0.31631060566067176,0.36948155328737553,0.34107796859627343,0.3415051088726853,0.093261316872428,0.08533436213991769,0.10226723251028808,0.09305555555555556,0.0933641975308642,0.3965094190788635,0.3681432733718613,0.4270694603536038,0.39536487175376067,0.3971009828648718,0.9969135802469136,0.9157407407407409,0.0,0.0,1.0,100.0,1023.7361111111111,102.23765432098766,3526.408950617284,12521.910493827161,7878.538580246914,8.0,0.3187705297023058,0.40328740142285824,0.2736249007284641,0.3413001075387,0.26820849999999996,0.33328735,0.007124617695808411,0.015393388457596295,0.03645801916718483,0.04862481728196144,0.3187705297023058,0.31850021332502365,0.40328740142285824,0.35592551187922555
ivf,8,branch,2048,0.0,648,1,42,3,1944,0.7712962962962964,0.7564814814814814,0.7861149691358024,0.7712962962962964,0.7712962962962964,0.9992438271604938,0.9987962962962962,0.9995987654320987,0.9992438271604938,0.9992438271604938,0.34610075987796085,0.32020893073507906,0.37384624219736473,0.34610075987796085,0.34610075987796085,0.09459876543209876,0.08687885802469136,0.10386188271604939,0.09459876543209876,0.09459876543209876,0.4011329248597767,0.3730946903747829,0.43135975114563074,0.4011329248597767,0.4011329248597767,0.17901234567901234,0.9157407407407407,0.0,0.0,1.0,100.0,1751.716049382716,0.0,7699.75462962963,18009.87962962963,7878.538580246914,8.0,0.5034171044826508,0.5937091540545225,0.4582079127430916,0.5434953374788165,0.455354,0.5399625,0.0072498805820941925,0.013375119306147099,0.03674998879432678,0.04665334708988666,0.5034171044826508,0.503708841279149,0.5937091540545225,0.5720790475606918
ivf,8,branch,2048,0.1,648,3,"42,43,44",3,5832,0.7712962962962964,0.7564814814814815,0.7861149691358024,0.7712962962962964,0.7712962962962964,0.9991820987654322,0.9987602880658436,0.9995267489711934,0.9991512345679013,0.9991975308641976,0.34610075987796085,0.32020893073507906,0.37384624219736473,0.34610075987796085,0.34610075987796085,0.09459876543209879,0.08687885802469136,0.1038618827160494,0.09459876543209876,0.09459876543209876,0.4011329248597767,0.3730946903747829,0.43135975114563074,0.4011329248597767,0.4011329248597767,0.17901234567901234,0.9157407407407409,0.0,0.0,1.0,100.0,1751.716049382716,174.55658436213992,7702.399176954732,17990.226337448563,7878.538580246914,8.0,0.5189159419387579,0.7105604978278279,0.4721875302493572,0.6266348296776414,0.46891649999999996,0.6165714999999999,0.007458031177520752,0.021393899805843823,0.03774999640882015,0.05857951473444699,0.5189159419387579,0.525409821420908,0.7105604978278279,0.59632434664915
ivf,8,branch,4096,0.0,648,1,42,3,1944,0.7711419753086419,0.7561728395061729,0.7859645061728394,0.7711419753086419,0.7711419753086419,1.0,0.9999999999999998,1.0,1.0,1.0,0.34610075987796085,0.32020893073507906,0.37384624219736473,0.34610075987796085,0.34610075987796085,0.09459876543209876,0.08687885802469136,0.10386188271604939,0.09459876543209876,0.09459876543209876,0.4011329248597767,0.3730946903747829,0.43135975114563074,0.4011329248597767,0.4011329248597767,0.0,0.9157407407407407,0.0,0.0,1.0,100.0,1782.4027777777778,0.0,7878.538580246914,18160.385802469136,7878.538580246914,8.0,0.5150209181010723,0.6427163491025566,0.46818749979138374,0.5881529301404953,0.4650835,0.5841187,0.007375143468379974,0.015035504475235936,0.0377921387553215,0.048709032125771046,0.5150209181010723,0.5164791364222765,0.6427163491025566,0.6170733598992229
ivf,8,branch,4096,0.1,648,3,"42,43,44",3,5832,0.7711419753086419,0.7561728395061729,0.7859645061728394,0.7711419753086419,0.7711419753086419,1.0,0.9999999999999998,1.0,1.0,1.0,0.34610075987796085,0.32020893073507906,0.37384624219736473,0.34610075987796085,0.34610075987796085,0.09459876543209879,0.08687885802469136,0.1038618827160494,0.09459876543209876,0.09459876543209876,0.4011329248597767,0.3730946903747829,0.43135975114563074,0.4011329248597767,0.4011329248597767,0.0,0.9157407407407409,0.0,0.0,1.0,100.0,1782.4027777777778,177.554012345679,7878.538580246914,18160.385802469136,7878.538580246914,8.0,0.5233543924987316,0.6540148286148906,0.4752920940518379,0.596719142049551,0.472,0.5912563999999999,0.007458031177520752,0.016333069652318954,0.03791693598031998,0.05101838614791631,0.5233543924987316,0.5225625354796648,0.6540148286148906,0.6162588174144427
ivf,8,float,0,0.0,648,1,42,3,1944,0.9126543209876544,0.9010763888888889,0.923923611111111,0.9126543209876544,0.9126543209876544,,,,,,0.35339360625384936,0.32875639012532415,0.3812101223681407,0.35339360625384936,0.35339360625384936,0.09861111111111111,0.09058641975308643,0.10818287037037037,0.09861111111111111,0.09861111111111111,0.4177028347167236,0.3908954809764995,0.44829625053872735,0.4177028347167236,0.4177028347167236,0.0,0.9157407407407407,0.0,0.0,1.0,100.0,0.0,0.0,,0.0,7878.538580246914,8.0,0.16608298756182194,0.19417779985815284,0.12904196046292782,0.15328489243984222,,,,,0.03637513145804405,0.042708124965429306,0.16608298756182194,0.16547925770282745,0.19417779985815284,0.18624721560627222
ivf,8,scan,0,0.0,648,1,42,3,1944,0.7711419753086419,0.7561728395061729,0.7859645061728394,0.7711419753086419,0.7711419753086419,1.0,0.9999999999999998,1.0,1.0,1.0,0.34610075987796085,0.32020893073507906,0.37384624219736473,0.34610075987796085,0.34610075987796085,0.09459876543209876,0.08687885802469136,0.10386188271604939,0.09459876543209876,0.09459876543209876,0.4011329248597767,0.3730946903747829,0.43135975114563074,0.4011329248597767,0.4011329248597767,0.0,0.9157407407407407,0.0,0.0,1.0,100.0,0.0,0.0,7878.538580246914,0.0,7878.538580246914,8.0,0.2739168703556061,0.3172962926328182,0.22947904653847218,0.2690348541364074,0.227438,0.26701064999999996,0.006770482286810875,0.012606289237737643,0.03633275628089905,0.04399358294904231,0.2739168703556061,0.2738547045737505,0.3172962926328182,0.3098873421549797
ivf,16,branch,0,0.0,648,1,42,3,1944,0.7933641975308642,0.7793171296296295,0.8074112654320987,0.7933641975308642,0.7933641975308642,1.0,0.9999999999999998,1.0,1.0,1.0,0.35425023923909316,0.3291310480878812,0.38391195946762735,0.35425023923909316,0.35425023923909316,0.09675925925925927,0.08888117283950618,0.10586805555555556,0.09675925925925927,0.09675925925925927,0.4107798237427867,0.38155169001523165,0.44142549141102383,0.4107798237427867,0.4107798237427867,0.0,0.96820987654321,0.0,0.0,1.0,100.0,3399.1481481481483,0.0,15501.618827160493,33865.299382716046,15501.618827160493,16.0,0.941666541621089,1.1217015795409677,0.8938955143094063,1.0678461752831936,0.8898125,1.06075,0.008083879947662354,0.01515361946076154,0.038833823055028915,0.049743638373911374,0.941666541621089,0.9508542716503143,1.1217015795409677,1.0973870288580656
ivf,16,branch,0,0.1,648,3,"42,43,44",3,5832,0.7933641975308641,0.7793171296296295,0.8074112654320987,0.7933641975308642,0.7933641975308642,1.0,0.9999999999999998,1.0,1.0,1.0,0.35425023923909316,0.3291310480878812,0.38391195946762735,0.35425023923909316,0.35425023923909316,0.09675925925925927,0.08888117283950618,0.10586805555555556,0.09675925925925927,0.09675925925925927,0.4107798237427867,0.38155169001523165,0.44142549141102383,0.4107798237427867,0.4107798237427867,0.0,0.96820987654321,0.0,0.0,1.0,100.0,3399.1481481481483,339.483024691358,15501.618827160493,33865.299382716046,15501.618827160493,16.0,0.9685000404715538,1.161692081950605,0.918437959626317,1.1034041177481413,0.913875,1.09653315,0.008500181138515472,0.017852592281997197,0.0399579294025898,0.05210244562476873,0.9685000404715538,0.974742928519845,1.161692081950605,1.1165008492146928
ivf,16,branch,16,0.0,648,1,42,3,1944,0.0,0.0,0.0,0.0,0.0,0.0,0.0,0.0,0.0,0.0,0.0,0.0,0.0,0.0,0.0,0.0,0.0,0.0,0.0,0.0,0.0,0.0,0.0,0.0,0.0,1.0,0.96820987654321,1.0,1.0,0.0,0.0,16.0,0.0,0.0,250.32253086419752,15501.618827160493,16.0,0.01754099503159523,0.0200001522898674,0.010624993592500687,0.01195911318063736,0.008291,0.009167,0.006041955202817917,0.007118540816009041,0.0006249174475669861,0.0007501803338527679,0.01754099503159523,0.017541460692882538,0.0200001522898674,0.01837499439716339
ivf,16,branch,16,0.1,648,3,"42,43,44",3,5832,0.0,0.0,0.0,0.0,0.0,0.0,0.0,0.0,0.0,0.0,0.0,0.0,0.0,0.0,0.0,0.0,0.0,0.0,0.0,0.0,0.0,0.0,0.0,0.0,0.0,1.0,0.96820987654321,0.9902263374485596,0.9974279835390947,0.000720164609053498,0.0720164609053498,16.0,1.5689300411522635,0.0720164609053498,250.73302469135803,15501.618827160493,16.0,0.017832964658737183,0.02104230225086212,0.010874588042497635,0.012602470815181725,0.008458,0.00966645,0.006084330379962921,0.007291790097951889,0.0006249174475669861,0.0007916241884231567,0.017832964658737183,0.01786121477683385,0.02104230225086212,0.019166975592573483
ivf,16,branch,32,0.0,648,1,42,3,1944,0.0,0.0,0.0,0.0,0.0,0.0,0.0,0.0,0.0,0.0,0.0,0.0,0.0,0.0,0.0,0.0,0.0,0.0,0.0,0.0,0.0,0.0,0.0,0.0,0.0,1.0,0.96820987654321,1.0,1.0,0.0,0.0,32.0,0.0,0.0,500.64506172839504,15501.618827160493,16.0,0.01962529495358467,0.022875075228512287,0.012625008821487427,0.014666933566331863,0.010104499999999999,0.011792,0.006083864718675613,0.007375073619186878,0.0006249174475669861,0.000791158527135849,0.01962529495358467,0.019624829292297363,0.022875075228512287,0.021290965378284454
ivf,16,branch,32,0.1,648,3,"42,43,44",3,5832,0.0,0.0,0.0,0.0,0.0,1.54320987654321e-05,0.0,3.60082304526749e-05,0.0,4.6296296296296294e-05,0.0,0.0,0.0,0.0,0.0,0.0,0.0,0.0,0.0,0.0,0.0,0.0,0.0,0.0,0.0,1.0,0.96820987654321,0.76440329218107,0.9084362139917697,0.02381687242798354,2.3816872427983538,32.0,3.14917695473251,2.3816872427983538,497.5730452674897,15501.618827160493,16.0,0.020875129848718643,0.037435512058436864,0.013416167348623276,0.017624814063310623,0.010791,0.014417,0.006291083991527557,0.008041970431804657,0.0006668269634246826,0.011499971151351929,0.020875129848718643,0.021485844627022743,0.037435512058436864,0.028458268692096073
ivf,16,branch,64,0.0,648,1,42,3,1944,0.0,0.0,0.0,0.0,0.0,3.08641975308642e-05,0.0,7.716049382716049e-05,3.08641975308642e-05,3.08641975308642e-05,0.0,0.0,0.0,0.0,0.0,0.0,0.0,0.0,0.0,0.0,0.0,0.0,0.0,0.0,0.0,1.0,0.96820987654321,0.9938271604938271,0.9938271604938271,0.0013117283950617284,0.13117283950617284,64.0,0.0,0.13117283950617284,1001.2145061728395,15501.618827160493,16.0,0.023250002413988113,0.027326773852109906,0.016333069652318954,0.0195767730474472,0.013583,0.016410699999999997,0.006041023880243301,0.006916932761669159,0.0006249174475669861,0.000791158527135849,0.023250002413988113,0.023250002413988113,0.027326773852109906,0.025526410900056362
ivf,16,branch,64,0.1,648,3,"42,43,44",3,5832,0.00010288065843621399,0.0,0.000257201646090535,0.0,0.00030864197530864197,6.687242798353909e-05,2.5591563786008238e-05,0.0001234567901234568,6.17283950617284e-05,7.716049382716049e-05,0.0,0.0,0.0,0.0,0.0,0.0,0.0,0.0,0.0,0.0,0.0,0.0,0.0,0.0,0.0,1.0,0.96820987654321,0.2551440329218107,0.551440329218107,0.13138888888888886,13.13888888888889,64.0,6.3276748971193415,13.13888888888889,980.3564814814815,15501.618827160493,16.0,0.03158301115036011,0.050852610729634755,0.019041821360588074,0.02514366060495376,0.016125,0.021916,0.0063749030232429504,0.00820821151137352,0.005708076059818268,0.0188525766134262,0.03158301115036011,0.03261809858183066,0.050852610729634755,0.04346754867583513
ivf,16,branch,128,0.0,648,1,42,3,1944,0.00015432098765432098,0.0,0.000462962962962963,0.00015432098765432098,0.00015432098765432098,0.00038580246913580245,0.0001234567901234568,0.0007561728395061729,0.00038580246913580245,0.00038580246913580245,0.0,0.0,0.0,0.0,0.0,0.0,0.0,0.0,0.0,0.0,0.0,0.0,0.0,0.0,0.0,1.0,0.96820987654321,0.9691358024691358,0.9691358024691358,0.014552469135802468,1.4552469135802468,128.0,0.0,1.6604938271604939,2001.5586419753085,15501.618827160493,16.0,0.03187498077750206,0.03902874886989593,0.024792272597551346,0.03011219669133424,0.021458,0.026243849999999996,0.006125308573246002,0.007458031177520752,0.0006253831088542938,0.0009167473763227462,0.03187498077750206,0.03183307126164436,0.03902874886989593,0.03622053191065788
ivf,16,branch,128,0.1,648,3,"42,43,44",3,5832,0.00041152263374485596,0.00010288065843621399,0.0008243312757201636,0.00030864197530864197,0.0006172839506172839,0.0004629629629629629,0.0002673611111111111,0.0007254372427983539,0.0004320987654320988,0.0005092592592592592,0.0,0.0,0.0,0.0,0.0,0.0,0.0,0.0,0.0,0.0,0.0,0.0,0.0,0.0,0.0,1.0,0.96820987654321,0.015946502057613166,0.10905349794238682,0.4186574074074074,41.86574074074074,128.0,12.76388888888889,42.71965020576132,1935.159465020576,15501.618827160493,16.0,0.05610426887869835,0.0855838879942894,0.03254227340221405,0.04283338785171509,0.029,0.03879145,0.006709247827529907,0.008935644291341298,0.016041798517107964,0.034707807935774326,0.05610426887869835,0.0561736524105072,0.0855838879942894,0.07345688839753468
ivf,16,branch,256,0.0,648,1,42,3,1944,0.011882716049382715,0.006944444444444444,0.01775462962962962,0.011882716049382715,0.011882716049382715,0.011820987654320991,0.007978395061728396,0.015957561728395058,0.011820987654320991,0.011820987654320991,0.007870497897316971,0.0031516589438331916,0.013288061794644436,0.007870497897316971,0.007870497897316971,0.0029320987654320985,0.000925925925925926,0.0057098765432098755,0.0029320987654320985,0.0029320987654320985,0.009058174335952114,0.0035995370370370365,0.015130939019827904,0.009058174335952114,0.009058174335952114,1.0,0.96820987654321,0.7469135802469136,0.7469135802469136,0.16537037037037036,16.537037037037038,256.0,0.0,31.041666666666668,3988.3024691358023,15501.618827160493,16.0,0.05024997517466545,0.11015450581908225,0.04249997437000275,0.06546915974467991,0.037959,0.06114194999999999,0.0063749030232429504,0.00800006091594696,0.0007078051567077637,0.03711855970323085,0.05024997517466545,0.049791764467954636,0.11015450581908225,0.10979552753269671
ivf,16,branch,256,0.1,648,3,"42,43,44",3,5832,0.007973251028806584,0.00457690329218107,0.012141203703703703,0.007716049382716049,0.008333333333333333,0.008143004115226338,0.005343878600823046,0.0115488683127572,0.007962962962962963,0.00830246913580247,0.005133273227281134,0.001518133344855244,0.009860681808319043,0.004834602869125461,0.005730613943592479,0.001286008230452675,0.00046296296296296303,0.002366255144032922,0.0012345679012345679,0.001388888888888889,0.006172839506172839,0.0018004115226337447,0.011574074074074072,0.0059156378600823045,0.006687242798353909,1.0,0.96820987654321,0.0,0.0025720164609053494,0.8887191358024693,88.87191358024691,256.0,25.495884773662556,127.66563786008231,3823.4917695473255,15501.618827160493,16.0,0.10020798072218895,0.12866593897342682,0.05929218605160713,0.07979199290275574,0.0548545,0.07451469999999998,0.006792135536670685,0.009167008101940155,0.03370875492691994,0.04118548240512609,0.10020798072218895,0.09949303542574246,0.12866593897342682,0.11576095906396705
ivf,16,branch,512,0.0,648,1,42,3,1944,0.36141975308641977,0.33795524691358025,0.38550540123456783,0.36141975308641977,0.36141975308641977,0.33293209876543206,0.31484375,0.35086612654320987,0.33293209876543206,0.33293209876543206,0.2233132892008663,0.1983099185178982,0.2512031511692089,0.2233132892008663,0.2233132892008663,0.05416666666666667,0.04783950617283951,0.06188271604938271,0.05416666666666667,0.05416666666666667,0.2431055484296225,0.21467272760675538,0.27261551248819765,0.2431055484296225,0.2431055484296225,1.0,0.96820987654321,0.021604938271604937,0.021604938271604937,0.9340123456790124,93.40123456790124,512.0,0.0,646.3595679012345,7544.867283950617,15501.618827160493,16.0,0.17016706988215446,0.22416701540350914,0.1266461331397295,0.17811846919357777,0.11997949999999999,0.17255179999999998,0.007042195647954941,0.01091696321964264,0.0349581241607666,0.04166730213910341,0.17016706988215446,0.1702294684946537,0.22416701540350914,0.217152526602149
ivf,16,branch,512,0.1,648,3,"42,43,44",3,5832,0.2755658436213992,0.25380529835390947,0.300054012345679,0.27361111111111114,0.27685185185185185,0.24936213991769549,0.23098276748971192,0.2681123971193416,0.24705246913580248,0.25058641975308643,0.17125993565705128,0.14814154331687343,0.19494599569196336,0.1680153957276809,0.17460529786939152,0.04140946502057614,0.03533822016460905,0.04830375514403293,0.040432098765432106,0.04228395061728395,0.1830783585413215,0.1584481499296314,0.20836806112269077,0.17978495270161937,0.185419505905617,1.0,0.96820987654321,0.0,0.0,1.0,100.0,512.0,51.201646090534986,724.2453703703703,7296.385802469136,15501.618827160493,16.0,0.17200037837028503,0.22097679320722818,0.12883334420621395,0.17488987650722262,0.1226665,0.169292,0.006958376616239548,0.0098333228379488,0.0349581241607666,0.0410841079428792,0.17200037837028503,0.17245137132704258,0.22097679320722818,0.21077233056227368
ivf,16,branch,1024,0.0,648,1,42,3,1944,0.6783950617283951,0.6634104938271604,0.695216049382716,0.6783950617283951,0.6783950617283951,0.7186574074074074,0.7099841820987655,0.7266851851851852,0.7186574074074074,0.7186574074074074,0.3382589796501007,0.3128722413018024,0.3679107658302539,0.3382589796501007,0.3382589796501007,0.09074074074074073,0.08302083333333334,0.09953703703703703,0.09074074074074073,0.09074074074074073,0.3849978082616971,0.3536706196110131,0.41464606659629805,0.3849978082616971,0.3849978082616971,1.0,0.96820987654321,0.0,0.0,1.0,100.0,1024.0,0.0,2897.152777777778,13307.91512345679,15501.618827160493,16.0,0.31527038663625717,0.38254535757005215,0.2700414042919874,0.3283980069682002,0.2628545,0.3201831,0.007375143468379974,0.012195413000881665,0.03654090687632561,0.04429176915436983,0.31527038663625717,0.31966669484972954,0.38254535757005215,0.3626082791015506
ivf,16,branch,1024,0.1,648,3,"42,43,44",3,5832,0.675977366255144,0.6607998971193415,0.6925411522633744,0.6753086419753087,0.6763888888888889,0.7115689300411523,0.7030565843621397,0.7196247427983539,0.7109259259259259,0.7123148148148148,0.3365969885162689,0.31081282584660364,0.3662197448897853,0.33616121202708626,0.3370262701748459,0.09053497942386833,0.08276234567901233,0.09959104938271605,0.09043209876543211,0.09058641975308643,0.38558079865950234,0.355149400603683,0.41696401431644486,0.3851006889201334,0.3861552156691046,1.0,0.96820987654321,0.0,0.0,1.0,100.0,1024.0,102.32201646090533,3044.2083333333335,12848.36316872428,15501.618827160493,16.0,0.3352914936840534,0.43762039858847857,0.28887507505714893,0.37154799792915577,0.28208350000000004,0.3622837,0.007582828402519226,0.01604130957275629,0.03750016912817955,0.05093524232506751,0.3352914936840534,0.33700683464606607,0.43762039858847857,0.3786685410887003
ivf,16,branch,2048,0.0,648,1,42,3,1944,0.7617283950617284,0.7475308641975308,0.7763888888888888,0.7617283950617284,0.7617283950617284,0.9119135802469135,0.9056454475308642,0.9180420524691356,0.9119135802469135,0.9119135802469135,0.35005420073966337,0.3247036016383474,0.37921139822416783,0.35005420073966337,0.35005420073966337,0.09567901234567901,0.08795910493827161,0.10509259259259258,0.09567901234567901,0.09567901234567901,0.40833640810492666,0.3780135710054691,0.4393436222342472,0.40833640810492666,0.40833640810492666,0.9984567901234568,0.96820987654321,0.0,0.0,1.0,100.0,2047.9521604938273,0.0,7223.609567901234,24988.087962962964,15501.618827160493,16.0,0.583333196118474,0.6900981068611145,0.5349577404558659,0.635029817931354,0.5255209999999999,0.6266124,0.007874798029661179,0.014417129568755627,0.038499943912029266,0.04824381321668624,0.583333196118474,0.5818123463541269,0.6900981068611145,0.6644369103014469
ivf,16,branch,2048,0.1,648,3,"42,43,44",3,5832,0.7621913580246914,0.74809670781893,0.7764416152263375,0.7614197530864197,0.7628086419753086,0.9074279835390946,0.901193287037037,0.9135477109053498,0.90695987654321,0.9077777777777778,0.3505256493853751,0.32504623098874236,0.3792214519718447,0.3501249495315927,0.350770952460677,0.09573045267489713,0.0879050925925926,0.10499228395061729,0.09552469135802469,0.09583333333333334,0.4078783442209369,0.3779971256880979,0.4384386193153554,0.4074619225082188,0.40858258682332754,0.9984567901234568,0.96820987654321,0.0,0.0,1.0,100.0,2047.9521604938273,204.4351851851852,7377.491255144032,24431.97685185185,15501.618827160493,16.0,0.5697293672710657,0.7093707099556923,0.5241669714450836,0.6476771319285035,0.515792,0.6361207999999999,0.007584225386381149,0.015583354979753494,0.03683427348732948,0.04954217001795769,0.5697293672710657,0.5700138863176107,0.7093707099556923,0.6418384223555524
ivf,16,branch,4096,0.0,648,1,42,3,1944,0.7933641975308642,0.7793171296296295,0.8074112654320987,0.7933641975308642,0.7933641975308642,0.9999691358024692,0.9999074074074072,1.0,0.9999691358024692,0.9999691358024692,0.35425023923909316,0.3291310480878812,0.38391195946762735,0.35425023923909316,0.35425023923909316,0.09675925925925927,0.08888117283950618,0.10586805555555556,0.09675925925925927,0.09675925925925927,0.4107798237427867,0.38155169001523165,0.44142549141102383,0.4107798237427867,0.4107798237427867,0.06327160493827161,0.96820987654321,0.0,0.0,1.0,100.0,3382.75,0.0,15407.233024691359,33800.24845679013,15501.618827160493,16.0,0.9609167464077473,1.1402671923860908,0.9100204333662987,1.0761377401649952,0.906125,1.0698081,0.008624978363513947,0.01917651388794182,0.03989553079009056,0.05391438025981185,0.9609167464077473,0.9577292948961258,1.1402671923860908,1.0936333565041423
ivf,16,branch,4096,0.1,648,3,"42,43,44",3,5832,0.7933641975308641,0.7793171296296295,0.8074112654320987,0.7933641975308642,0.7933641975308642,0.9999537037037037,0.9998765432098765,1.0,0.9999537037037037,0.9999537037037037,0.35425023923909316,0.3291310480878812,0.38391195946762735,0.35425023923909316,0.35425023923909316,0.09675925925925927,0.08888117283950618,0.10586805555555556,0.09675925925925927,0.09675925925925927,0.4107798237427867,0.38155169001523165,0.44142549141102383,0.4107798237427867,0.4107798237427867,0.06327160493827161,0.96820987654321,0.0,0.0,1.0,100.0,3382.75,337.8667695473251,15408.866769547327,33789.16049382716,15501.618827160493,16.0,0.9695622138679028,1.1357465293258429,0.9184170048683882,1.075362367555499,0.91425,1.0696207999999998,0.008541159331798553,0.017458107322454453,0.04008389078080654,0.05174987018108368,0.9695622138679028,0.9722708103557427,1.1357465293258429,1.089532479333381
ivf,16,float,0,0.0,648,1,42,3,1944,0.9640432098765432,0.9566358024691357,0.9709876543209877,0.9640432098765432,0.9640432098765432,,,,,,0.3654304012429995,0.3402501911150302,0.3953888035017181,0.3654304012429995,0.3654304012429995,0.10138888888888889,0.09336033950617285,0.11064814814814815,0.10138888888888889,0.10138888888888889,0.43267380767380764,0.4041826811734219,0.4639622191937007,0.43267380767380764,0.43267380767380764,0.0,0.96820987654321,0.0,0.0,1.0,100.0,0.0,0.0,,0.0,15501.618827160493,16.0,0.27504097670316696,0.321606476791203,0.23527094163000584,0.27533413376659155,,,,,0.039458973333239555,0.04833284765481949,0.27504097670316696,0.2741459757089615,0.321606476791203,0.3055537585169077
ivf,16,scan,0,0.0,648,1,42,3,1944,0.7933641975308642,0.7793171296296295,0.8074112654320987,0.7933641975308642,0.7933641975308642,1.0,0.9999999999999998,1.0,1.0,1.0,0.35425023923909316,0.3291310480878812,0.38391195946762735,0.35425023923909316,0.35425023923909316,0.09675925925925927,0.08888117283950618,0.10586805555555556,0.09675925925925927,0.09675925925925927,0.4107798237427867,0.38155169001523165,0.44142549141102383,0.4107798237427867,0.4107798237427867,0.0,0.96820987654321,0.0,0.0,1.0,100.0,0.0,0.0,15501.618827160493,0.0,15501.618827160493,16.0,0.46837516129016876,0.524945231154561,0.42424979619681835,0.4793338943272829,0.42204200000000003,0.476916,0.007000286132097244,0.011243624612689015,0.0352498609572649,0.0421660952270031,0.46837516129016876,0.4686040338128805,0.524945231154561,0.5192851182073355
ivf,32,branch,0,0.0,648,1,42,3,1944,0.8016975308641975,0.7881134259259258,0.8157484567901233,0.8016975308641975,0.8016975308641975,1.0,0.9999999999999998,1.0,1.0,1.0,0.35698033212583863,0.3315642525681392,0.3864118302726391,0.35698033212583863,0.35698033212583863,0.0978395061728395,0.08996527777777777,0.1074074074074074,0.0978395061728395,0.0978395061728395,0.4142220391062984,0.384403145294349,0.44496234250574523,0.4142220391062984,0.4142220391062984,0.0,0.9919753086419753,0.0,0.0,1.0,100.0,6410.691358024691,0.0,30325.621913580246,62464.12037037037,30325.85648148148,32.0,1.8362293485552073,2.3768733255565166,1.7759373877197504,2.278984221629798,1.7691875,2.2623061499999992,0.011479482054710388,0.03452938981354236,0.04412513226270676,0.07184981368482111,1.8362293485552073,1.8308749422430992,2.3768733255565166,2.0910063292831182
ivf,32,branch,0,0.1,648,3,"42,43,44",3,5832,0.8016975308641975,0.7881134259259259,0.8157484567901233,0.8016975308641975,0.8016975308641975,1.0,0.9999999999999998,1.0,1.0,1.0,0.35698033212583863,0.3315642525681392,0.3864118302726391,0.35698033212583863,0.35698033212583863,0.0978395061728395,0.0899652777777778,0.10740740740740741,0.0978395061728395,0.0978395061728395,0.4142220391062984,0.384403145294349,0.44496234250574523,0.4142220391062984,0.4142220391062984,0.0,0.9919753086419753,0.0,0.0,1.0,100.0,6410.691358024691,641.2227366255144,30325.621913580246,62464.12037037037,30325.85648148148,32.0,1.8780420068651438,2.2358161630108953,1.8179379403591156,2.151802717708051,1.811042,2.1362746999999995,0.012042000889778137,0.026499852538108826,0.04545878618955612,0.06316602230072021,1.8780420068651438,1.8771177468200526,2.2358161630108953,2.098729919331769
ivf,32,branch,16,0.0,648,1,42,3,1944,0.0,0.0,0.0,0.0,0.0,0.0,0.0,0.0,0.0,0.0,0.0,0.0,0.0,0.0,0.0,0.0,0.0,0.0,0.0,0.0,0.0,0.0,0.0,0.0,0.0,1.0,0.9919753086419753,1.0,1.0,0.0,0.0,16.0,0.0,0.0,250.32253086419752,30325.85648148148,32.0,0.019249971956014633,0.022208248265087605,0.011958181858062744,0.013458007015287876,0.008792,0.009625,0.006457790732383728,0.007619056850671765,0.0006249174475669861,0.000791158527135849,0.019249971956014633,0.019249971956014633,0.022208248265087605,0.02029133029282093
ivf,32,branch,16,0.1,648,3,"42,43,44",3,5832,0.0,0.0,0.0,0.0,0.0,0.0,0.0,0.0,0.0,0.0,0.0,0.0,0.0,0.0,0.0,0.0,0.0,0.0,0.0,0.0,0.0,0.0,0.0,0.0,0.0,1.0,0.9919753086419753,0.9969135802469136,0.9984567901234568,0.0004012345679012345,0.04012345679012346,16.0,1.573045267489712,0.04012345679012346,250.24279835390942,30325.85648148148,32.0,0.019458122551441193,0.022165942937135696,0.012042000889778137,0.013624783605337143,0.008875,0.00979145,0.006500165909528732,0.00762520357966423,0.0006249174475669861,0.0007920898497104645,0.019458122551441193,0.019485907008250553,0.022165942937135696,0.020230949545900025
ivf,32,branch,32,0.0,648,1,42,3,1944,0.0,0.0,0.0,0.0,0.0,0.0,0.0,0.0,0.0,0.0,0.0,0.0,0.0,0.0,0.0,0.0,0.0,0.0,0.0,0.0,0.0,0.0,0.0,0.0,0.0,1.0,0.9919753086419753,1.0,1.0,0.0,0.0,32.0,0.0,0.0,489.7345679012346,30325.85648148148,32.0,0.02054218202829361,0.023250002413988113,0.013167038559913635,0.014785910025238987,0.01,0.010916849999999999,0.0064997002482414246,0.0074999406933784485,0.0006249174475669861,0.0007920898497104645,0.02054218202829361,0.02054218202829361,0.023250002413988113,0.021652085706591606
ivf,32,branch,32,0.1,648,3,"42,43,44",3,5832,0.0,0.0,0.0,0.0,0.0,0.0,0.0,0.0,0.0,0.0,0.0,0.0,0.0,0.0,0.0,0.0,0.0,0.0,0.0,0.0,0.0,0.0,0.0,0.0,0.0,1.0,0.9919753086419753,0.9763374485596708,0.9938271604938271,0.001738683127572016,0.17386831275720166,32.0,3.140432098765432,0.17386831275720166,490.727366255144,30325.85648148148,32.0,0.020874664187431335,0.02616711426526308,0.013458309695124626,0.015541911125183105,0.010292,0.0115,0.006500165909528732,0.0077500008046627045,0.0006253831088542938,0.0009159557521343231,0.020874664187431335,0.020944358160098393,0.02616711426526308,0.023405090905725952
ivf,32,branch,64,0.0,648,1,42,3,1944,0.0,0.0,0.0,0.0,0.0,0.0,0.0,0.0,0.0,0.0,0.0,0.0,0.0,0.0,0.0,0.0,0.0,0.0,0.0,0.0,0.0,0.0,0.0,0.0,0.0,1.0,0.9919753086419753,1.0,1.0,0.0,0.0,64.0,0.0,0.0,979.4691358024692,30325.85648148148,32.0,0.024291686713695526,0.028667040169239044,0.016791513189673424,0.02037500962615013,0.013292,0.016584,0.006541144102811813,0.007701944559812542,0.0006253831088542938,0.0008326023817062378,0.024291686713695526,0.024209264665842056,0.028667040169239044,0.02708425745368004
ivf,32,branch,64,0.1,648,3,"42,43,44",3,5832,5.1440329218106995e-05,0.0,0.00015432098765432098,0.0,0.00015432098765432098,1.02880658436214e-05,0.0,2.5720164609053497e-05,0.0,1.54320987654321e-05,0.0,0.0,0.0,0.0,0.0,0.0,0.0,0.0,0.0,0.0,0.0,0.0,0.0,0.0,0.0,1.0,0.9919753086419753,0.6095679012345679,0.8287037037037037,0.044171810699588476,4.417181069958847,64.0,6.331275720164608,4.417181069958847,973.9372427983537,30325.85648148148,32.0,0.026625115424394608,0.0427274964749813,0.017750076949596405,0.022541009820997715,0.014291,0.018542,0.006583984941244125,0.008291099220514297,0.0007087364792823792,0.01291697844862938,0.026625115424394608,0.027403080215056736,0.0427274964749813,0.035346951335668564
ivf,32,branch,128,0.0,648,1,42,3,1944,0.0,0.0,0.0,0.0,0.0,7.716049382716049e-05,1.54320987654321e-05,0.00016975308641975308,7.716049382716049e-05,7.716049382716049e-05,0.0,0.0,0.0,0.0,0.0,0.0,0.0,0.0,0.0,0.0,0.0,0.0,0.0,0.0,0.0,1.0,0.9919753086419753,0.9876543209876543,0.9891975308641975,0.004953703703703703,0.49537037037037035,128.0,0.0,0.5895061728395061,1958.4938271604938,30325.85648148148,32.0,0.033041927963495255,0.041082967072725296,0.02545909956097603,0.031541893258690834,0.0214795,0.02691685,0.006541144102811813,0.008125253953039646,0.0006658956408500671,0.0008749775588512421,0.033041927963495255,0.033020973205566406,0.041082967072725296,0.03773556090891361
ivf,32,branch,128,0.1,648,3,"42,43,44",3,5832,0.00010288065843621399,0.0,0.00030864197530864197,0.0,0.00015432098765432098,9.77366255144033e-05,4.11522633744856e-05,0.00016460905349794237,7.716049382716049e-05,0.0001234567901234568,0.0,0.0,0.0,0.0,0.0,0.0,0.0,0.0,0.0,0.0,0.0,0.0,0.0,0.0,0.0,1.0,0.9919753086419753,0.07253086419753087,0.2638888888888889,0.2643827160493827,26.438271604938272,128.0,12.75411522633745,26.616255144032927,1920.5108024691358,30325.85648148148,32.0,0.04854192957282066,0.07312118541449307,0.0300002284348011,0.03858304116874933,0.025875,0.03406044999999999,0.006875023245811462,0.008875038474798203,0.011042226105928421,0.027227494865655892,0.04854192957282066,0.04839571192860603,0.07312118541449307,0.06306460127234459
ivf,32,branch,256,0.0,648,1,42,3,1944,0.00015432098765432098,0.0,0.000462962962962963,0.00015432098765432098,0.00015432098765432098,0.0007098765432098766,0.00030864197530864197,0.0012040895061728393,0.0007098765432098766,0.0007098765432098766,0.0,0.0,0.0,0.0,0.0,0.0,0.0,0.0,0.0,0.0,0.0,0.0,0.0,0.0,0.0,1.0,0.9919753086419753,0.9382716049382716,0.9398148148148148,0.03632716049382716,3.632716049382716,256.0,0.0,6.052469135802469,3914.699074074074,30325.85648148148,32.0,0.051999930292367935,0.08549739141017196,0.04389556124806404,0.05814842879772185,0.038625,0.05121879999999998,0.006875023245811462,0.009458768181502819,0.0007082708179950714,0.0167311169207096,0.051999930292367935,0.05185464397072792,0.08549739141017196,0.07400016766041516
ivf,32,branch,256,0.1,648,3,"42,43,44",3,5832,0.00041152263374485607,5.1440329218106995e-05,0.0008243312757201635,0.00030864197530864197,0.00046296296296296303,0.0007253086419753087,0.0004012345679012346,0.0011522633744855968,0.0006481481481481481,0.000787037037037037,0.0003154049345501329,0.0,0.0009462148036503986,0.0,0.0009462148036503987,5.1440329218106995e-05,0.0,0.00015432098765432098,0.0,0.00015432098765432098,0.00025720164609053495,0.0,0.0007716049382716049,0.0,0.0007716049382716049,1.0,0.9919753086419753,0.0005144032921810699,0.008230452674897118,0.7471090534979424,74.71090534979425,256.0,25.474279835390945,87.27263374485598,3793.079218106996,30325.85648148148,32.0,0.0910409726202488,0.11381017975509165,0.05470775067806244,0.06887456402182579,0.049666,0.06325,0.007042195647954941,0.008834060281515121,0.029166927561163902,0.037458259612321854,0.0910409726202488,0.08981915501256785,0.11381017975509165,0.1045899698510766
ivf,32,branch,512,0.0,648,1,42,3,1944,0.022839506172839506,0.014965277777777777,0.03148148148148148,0.022839506172839506,0.022839506172839506,0.02217592592592593,0.016078703703703703,0.02910648148148148,0.02217592592592593,0.02217592592592593,0.013364926565363354,0.006720308472231836,0.021103263098377345,0.013364926565363354,0.013364926565363354,0.00447530864197531,0.001851851851851852,0.007716049382716049,0.00447530864197531,0.00447530864197531,0.015076692854470632,0.007875046763935653,0.022846754582865687,0.015076692854470632,0.015076692854470632,1.0,0.9919753086419753,0.5169753086419753,0.5169753086419753,0.34669753086419747,34.66975308641975,512.0,0.0,106.03703703703704,7790.299382716049,30325.85648148148,32.0,0.09433343075215816,0.17583942972123615,0.07975008338689804,0.13093117158859963,0.072417,0.12278934999999998,0.006875023245811462,0.008875038474798203,0.0011459924280643463,0.03828590270131826,0.09433343075215816,0.09179161861538887,0.17583942972123615,0.16685610171407458
ivf,32,branch,512,0.1,648,3,"42,43,44",3,5832,0.014351851851851853,0.008845164609053498,0.02078703703703703,0.013888888888888888,0.015123456790123458,0.014717078189300412,0.010313657407407409,0.01986304012345679,0.014567901234567903,0.014814814814814814,0.009644149386166931,0.004464545870194987,0.015924744544079827,0.009270171013429637,0.009860485884876905,0.0035493827160493823,0.0013876028806584365,0.006378600823045267,0.003395061728395062,0.0037037037037037043,0.01009555430851727,0.00462814877166729,0.016161226462152383,0.00946969696969697,0.01057566404788627,1.0,0.9919753086419753,0.0,0.0,0.9983333333333334,99.83333333333333,512.0,51.20576131687243,288.1203703703704,7480.720164609054,30325.85648148148,32.0,0.1527499407529831,0.1989689655601978,0.10929140262305737,0.14783344231545925,0.1021455,0.14018545,0.007291324436664581,0.010875053703784943,0.035082921385765076,0.04256058018654584,0.1527499407529831,0.1518331312884887,0.1989689655601978,0.18145942594856024
ivf,32,branch,1024,0.0,648,1,42,3,1944,0.48518518518518516,0.4612654320987654,0.5081828703703704,0.48518518518518516,0.48518518518518516,0.45962962962962967,0.44152700617283946,0.47804050925925917,0.45962962962962967,0.45962962962962967,0.27005915449987244,0.2443233550723703,0.29806204906339495,0.27005915449987244,0.27005915449987244,0.06959876543209875,0.06265046296296296,0.07731867283950618,0.06959876543209875,0.06959876543209875,0.30144745515115884,0.27208113849028204,0.33166051637405797,0.30144745515115884,0.30144745515115884,1.0,0.9919753086419753,0.006172839506172839,0.006172839506172839,0.9926851851851852,99.26851851851852,1024.0,0.0,1654.2546296296296,14452.313271604939,30325.85648148148,32.0,0.3006665501743555,0.4059983417391777,0.2547288313508034,0.3446604358032346,0.24483349999999998,0.33464379999999994,0.007792375981807709,0.016208598390221596,0.037020305171608925,0.04830784164369105,0.3006665501743555,0.29810378327965736,0.4059983417391777,0.3720618551596999
ivf,32,branch,1024,0.1,648,3,"42,43,44",3,5832,0.39593621399176954,0.3708320473251029,0.42187499999999994,0.3953703703703704,0.3967592592592593,0.3708744855967078,0.35207857510288065,0.3913373199588477,0.36956790123456795,0.3716358024691358,0.22014835890479229,0.19490802803344912,0.24718150636675587,0.21803825653446937,0.22377487240059604,0.055195473251028804,0.04871270576131687,0.06276491769547324,0.054475308641975306,0.05632716049382716,0.24094872891169186,0.2127303044963153,0.2703381886175096,0.2376994147827481,0.2454497577182762,1.0,0.9919753086419753,0.0,0.0,1.0,100.0,1024.0,102.35648148148148,1757.8739711934159,14079.437242798353,30325.85648148148,32.0,0.3000423312187195,0.39875996299087996,0.25512510910630226,0.345226819626987,0.24556250000000002,0.33520015,0.007667113095521927,0.013639754615724064,0.03616604954004288,0.04518546629697084,0.3000423312187195,0.3026321064680815,0.39875996299087996,0.36067588565250236
ivf,32,branch,2048,0.0,648,1,42,3,1944,0.7013888888888888,0.686261574074074,0.7177507716049383,0.7013888888888888,0.7013888888888888,0.7563734567901235,0.7480362654320988,0.7645262345679011,0.7563734567901235,0.7563734567901235,0.3459224486880068,0.32018972120133593,0.3745278771300014,0.3459224486880068,0.3459224486880068,0.09320987654320989,0.08548996913580247,0.10185570987654322,0.09320987654320989,0.09320987654320989,0.3959760318556615,0.3665775970000507,0.4273205447887161,0.3959760318556615,0.3959760318556615,1.0,0.9919753086419753,0.0,0.0,1.0,100.0,2048.0,0.0,6148.58487654321,26029.311728395063,30325.85648148148,32.0,0.5914580542594194,0.8063874440267681,0.5425624549388885,0.7307309657335281,0.5300205,0.7082579999999999,0.008625444024801254,0.020743976347148415,0.03900006413459778,0.05473094061017035,0.5914580542594194,0.5881250835955143,0.8063874440267681,0.6689812988042831
ivf,32,branch,2048,0.1,648,3,"42,43,44",3,5832,0.7031893004115226,0.6887294238683126,0.7186741255144032,0.7030864197530865,0.703395061728395,0.755216049382716,0.7472263374485596,0.7634468878600823,0.7544907407407407,0.7559567901234568,0.34669301777246203,0.320961225853274,0.3757251844185778,0.34612094155801876,0.34724068044027745,0.09382716049382718,0.08620756172839507,0.1023701131687243,0.09367283950617285,0.09398148148148149,0.3981499981499981,0.3682428047561149,0.4295310101849453,0.3966251598196042,0.40013412513412516,1.0,0.9919753086419753,0.0,0.0,1.0,100.0,2048.0,204.54166666666666,6451.471707818931,25159.8487654321,30325.85648148148,32.0,0.6099999882280827,0.7778666913509369,0.5609374493360519,0.708345929160714,0.548917,0.69180625,0.008707866072654724,0.01914361491799354,0.03924965858459473,0.052727572619915,0.6099999882280827,0.6130000110715628,0.7778666913509369,0.6798558092365662
ivf,32,branch,4096,0.0,648,1,42,3,1944,0.7850308641975309,0.7716010802469135,0.7990779320987654,0.7850308641975309,0.7850308641975309,0.9465123456790124,0.941556712962963,0.9509421296296295,0.9465123456790124,0.9465123456790124,0.3539834506588766,0.32877679650913,0.3834521191528277,0.3539834506588766,0.3539834506588766,0.09722222222222222,0.08935185185185185,0.10679012345679012,0.09722222222222222,0.09722222222222222,0.41022684020369204,0.38082772679994903,0.44093226989060313,0.41022684020369204,0.41022684020369204,1.0,0.9919753086419753,0.0,0.0,1.0,100.0,4096.0,0.0,15547.285493827161,47990.33487654321,30325.85648148148,32.0,1.1612079106271267,1.4460875885561109,1.1057502124458551,1.3777500716969364,1.0899999999999999,1.3554517499999998,0.010041054338216782,0.023624859750270844,0.04241638816893101,0.05744551308453082,1.1612079106271267,1.1595000978559256,1.4460875885561109,1.3272044714540243
ivf,32,branch,4096,0.1,648,3,"42,43,44",3,5832,0.7828189300411523,0.7691358024691357,0.7971231995884774,0.7820987654320988,0.7836419753086419,0.9406327160493827,0.9355551697530864,0.9451580504115225,0.9402932098765433,0.9411574074074074,0.3541487108778437,0.32894691142286997,0.3838337933664908,0.3539408308000174,0.3543822938097212,0.09717078189300411,0.08930041152263377,0.10668852880658436,0.0970679012345679,0.09722222222222224,0.4097553038525261,0.38088603526103526,0.44020771570250733,0.4091980336193299,0.41022684020369204,1.0,0.9919753086419753,0.0,0.0,1.0,100.0,4096.0,409.7145061728395,15729.210390946502,47176.56378600823,30325.85648148148,32.0,1.1490208562463522,1.3677268056198955,1.0959375649690628,1.3063335325568914,1.0814585,1.28774635,0.009582843631505966,0.019541941583156586,0.041208695620298386,0.05404159892350435,1.1490208562463522,1.150111279760798,1.3677268056198955,1.2903911527246237
ivf,32,float,0,0.0,648,1,42,3,1944,0.9868827160493827,0.9828665123456789,0.9902777777777778,0.9868827160493827,0.9868827160493827,,,,,,0.3725578299873553,0.3471300647930999,0.40077831941157044,0.3725578299873553,0.3725578299873553,0.10385802469135802,0.09582947530864197,0.11311728395061729,0.10385802469135802,0.10385802469135802,0.44364345787956894,0.41499910990073025,0.475049970926707,0.44364345787956894,0.44364345787956894,0.0,0.9919753086419753,0.0,0.0,1.0,100.0,0.0,0.0,,0.0,30325.85648148148,32.0,0.48418762162327766,0.5799784325063229,0.439999857917428,0.5208330461755394,,,,,0.04329206421971321,0.05591071676462888,0.48418762162327766,0.48389541916549206,0.5799784325063229,0.5371710052713752
ivf,32,scan,0,0.0,648,1,42,3,1944,0.8016975308641975,0.7881134259259258,0.8157484567901233,0.8016975308641975,0.8016975308641975,1.0,0.9999999999999998,1.0,1.0,1.0,0.35698033212583863,0.3315642525681392,0.3864118302726391,0.35698033212583863,0.35698033212583863,0.0978395061728395,0.08996527777777777,0.1074074074074074,0.0978395061728395,0.0978395061728395,0.4142220391062984,0.384403145294349,0.44496234250574523,0.4142220391062984,0.4142220391062984,0.0,0.9919753086419753,0.0,0.0,1.0,100.0,0.0,0.0,30325.85648148148,0.0,30325.85648148148,32.0,0.8680624887347221,0.9357308968901634,0.8171875961124897,0.8844455238431692,0.8135835,0.879458,0.00833394005894661,0.016868812963366505,0.039750244468450546,0.049999915063381195,0.8680624887347221,0.8683959022164345,0.9357308968901634,0.9265522006899118
ivf,64,branch,0,0.0,648,1,42,3,1944,0.803858024691358,0.7905787037037036,0.8180555555555555,0.803858024691358,0.803858024691358,1.0,0.9999999999999998,1.0,1.0,1.0,0.3580897769913868,0.33215412589981064,0.38725306543274873,0.3580897769913868,0.3580897769913868,0.09783950617283951,0.08981481481481482,0.10725308641975309,0.09783950617283951,0.09783950617283951,0.4138619568017716,0.3838019552892238,0.444732218013468,0.4138619568017716,0.4138619568017716,0.0,1.0,0.0,0.0,1.0,100.0,11713.606481481482,0.0,57600.0,110173.99845679013,57638.0,64.0,3.485541557893157,4.773960774764418,3.4099374897778034,4.646606626920401,3.397187,4.618091999999999,0.019667204469442368,0.04315422847867011,0.053999945521354675,0.07987527642399073,3.485541557893157,3.4941250924021006,4.773960774764418,4.0243374183773994
ivf,64,branch,0,0.1,648,3,"42,43,44",3,5832,0.8038580246913578,0.7905787037037036,0.8180555555555555,0.803858024691358,0.803858024691358,1.0,0.9999999999999998,1.0,1.0,1.0,0.3580897769913868,0.33215412589981064,0.38725306543274873,0.3580897769913868,0.3580897769913868,0.09783950617283951,0.08981481481481483,0.10725308641975309,0.09783950617283951,0.09783950617283951,0.4138619568017716,0.3838019552892238,0.444732218013468,0.4138619568017716,0.4138619568017716,0.0,1.0,0.0,0.0,1.0,100.0,11713.606995884775,1167.7520576131687,57600.0,110174.00205761316,57638.0,64.0,3.5140840336680412,4.100837255828083,3.435292048379779,3.998230933211744,3.4223125000000003,3.98178545,0.019812490791082382,0.03579212352633476,0.05483301356434822,0.07245435845106839,3.5140840336680412,3.5179653204977512,4.100837255828083,3.8316649617627263
ivf,64,branch,16,0.0,648,1,42,3,1944,0.0,0.0,0.0,0.0,0.0,0.0,0.0,0.0,0.0,0.0,0.0,0.0,0.0,0.0,0.0,0.0,0.0,0.0,0.0,0.0,0.0,0.0,0.0,0.0,0.0,1.0,1.0,1.0,1.0,0.0,0.0,16.0,0.0,0.0,250.32253086419752,57638.0,64.0,0.020958948880434036,0.022999942302703857,0.013459008187055588,0.014534662477672097,0.009458,0.010076849999999997,0.006666872650384903,0.007534772157669064,0.0006249174475669861,0.0007087364792823792,0.020958948880434036,0.020958948880434036,0.022999942302703857,0.02170773223042488
ivf,64,branch,16,0.1,648,3,"42,43,44",3,5832,0.0,0.0,0.0,0.0,0.0,0.0,0.0,0.0,0.0,0.0,0.0,0.0,0.0,0.0,0.0,0.0,0.0,0.0,0.0,0.0,0.0,0.0,0.0,0.0,0.0,1.0,1.0,0.9984567901234568,0.9989711934156378,0.0002160493827160494,0.021604938271604937,16.0,1.572530864197531,0.021604938271604937,249.0005144032922,57638.0,64.0,0.02150004729628563,0.02445792779326439,0.013791956007480621,0.015541911125183105,0.009625,0.010584,0.006792135536670685,0.007935403846204274,0.0006249174475669861,0.0007916241884231567,0.02150004729628563,0.021513706694046657,0.02445792779326439,0.022273068316280842
ivf,64,branch,32,0.0,648,1,42,3,1944,0.0,0.0,0.0,0.0,0.0,0.0,0.0,0.0,0.0,0.0,0.0,0.0,0.0,0.0,0.0,0.0,0.0,0.0,0.0,0.0,0.0,0.0,0.0,0.0,0.0,1.0,1.0,1.0,1.0,0.0,0.0,32.0,0.0,0.0,489.7345679012346,57638.0,64.0,0.02237502485513687,0.024500302970409393,0.014833174645900726,0.01591583713889122,0.010708,0.01145885,0.006707850843667984,0.007416051812469959,0.0006249174475669861,0.0007497146725654602,0.02237502485513687,0.022416003048419952,0.024500302970409393,0.023042154498398304
ivf,64,branch,32,0.1,648,3,"42,43,44",3,5832,0.0,0.0,0.0,0.0,0.0,0.0,0.0,0.0,0.0,0.0,0.0,0.0,0.0,0.0,0.0,0.0,0.0,0.0,0.0,0.0,0.0,0.0,0.0,0.0,0.0,1.0,1.0,0.9938271604938271,0.9969135802469136,0.0007047325102880658,0.07047325102880657,32.0,3.151748971193416,0.07047325102880657,489.0725308641975,57638.0,64.0,0.022709369659423828,0.025792047381401062,0.01508370041847229,0.016875099390745163,0.010958,0.012,0.006750226020812988,0.0077500008046627045,0.0006249174475669861,0.000791158527135849,0.022709369659423828,0.0227498821914196,0.025792047381401062,0.023578681672612827
ivf,64,branch,64,0.0,648,1,42,3,1944,0.0,0.0,0.0,0.0,0.0,0.0,0.0,0.0,0.0,0.0,0.0,0.0,0.0,0.0,0.0,0.0,0.0,0.0,0.0,0.0,0.0,0.0,0.0,0.0,0.0,1.0,1.0,1.0,1.0,0.0,0.0,64.0,0.0,0.0,932.0,57638.0,64.0,0.025250017642974854,0.029826769605278965,0.01750001683831215,0.02011880278587341,0.013375,0.014833849999999999,0.006834045052528381,0.00845212489366531,0.0006658956408500671,0.0008326023817062378,0.025250017642974854,0.025209039449691772,0.029826769605278965,0.026417267508804798
ivf,64,branch,64,0.1,648,3,"42,43,44",3,5832,0.0,0.0,0.0,0.0,0.0,0.0,0.0,0.0,0.0,0.0,0.0,0.0,0.0,0.0,0.0,0.0,0.0,0.0,0.0,0.0,0.0,0.0,0.0,0.0,0.0,1.0,1.0,0.9619341563786009,0.9861111111111112,0.003482510288065844,0.3482510288065844,64.0,6.328189300411523,0.3482510288065844,948.6075102880658,57638.0,64.0,0.025792047381401062,0.03141583874821663,0.018042046576738358,0.020250212401151657,0.013875,0.015416,0.006832648068666458,0.007958151400089264,0.0006658956408500671,0.0010414281859993935,0.025792047381401062,0.025819754227995872,0.03141583874821663,0.029109845248361427
ivf,64,branch,128,0.0,648,1,42,3,1944,0.0,0.0,0.0,0.0,0.0,0.0,0.0,0.0,0.0,0.0,0.0,0.0,0.0,0.0,0.0,0.0,0.0,0.0,0.0,0.0,0.0,0.0,0.0,0.0,0.0,1.0,1.0,1.0,1.0,0.0,0.0,128.0,0.0,0.0,1864.0,57638.0,64.0,0.031624920666217804,0.03858369309455156,0.0238749198615551,0.030243676155805584,0.019209,0.025326849999999998,0.006791669875383377,0.007834145799279213,0.0006249174475669861,0.0007906928658485413,0.031624920666217804,0.03158394247293472,0.03858369309455156,0.03636046312749386
ivf,64,branch,128,0.1,648,3,"42,43,44",3,5832,0.0,0.0,0.0,0.0,0.0,2.05761316872428e-05,0.0,4.62962962962963e-05,0.0,3.08641975308642e-05,0.0,0.0,0.0,0.0,0.0,0.0,0.0,0.0,0.0,0.0,0.0,0.0,0.0,0.0,0.0,1.0,1.0,0.389917695473251,0.6625514403292182,0.09194444444444444,9.194444444444445,128.0,12.756687242798352,9.194444444444445,1871.1548353909468,57638.0,64.0,0.038499943912029266,0.05710194818675517,0.02683280035853386,0.03383350558578968,0.022042,0.028625,0.007000286132097244,0.008875038474798203,0.004333909600973129,0.01624971628189087,0.038499943912029266,0.038986094295978546,0.05710194818675517,0.05013675739367803
ivf,64,branch,256,0.0,648,1,42,3,1944,0.0,0.0,0.0,0.0,0.0,9.259259259259259e-05,1.54320987654321e-05,0.0001851851851851852,9.259259259259259e-05,9.259259259259259e-05,0.0,0.0,0.0,0.0,0.0,0.0,0.0,0.0,0.0,0.0,0.0,0.0,0.0,0.0,0.0,1.0,1.0,0.8996913580246914,0.9089506172839507,0.03229938271604938,3.2299382716049383,256.0,0.0,4.845679012345679,3725.8086419753085,57638.0,64.0,0.05212519317865372,0.0806480413302779,0.04354212433099747,0.05969638004899024,0.037709,0.052445549999999994,0.007083173841238022,0.00974365975707769,0.0007078051567077637,0.013499986380338669,0.05212519317865372,0.05174987018108368,0.0806480413302779,0.06888522766530514
ivf,64,branch,256,0.1,648,3,"42,43,44",3,5832,5.1440329218106995e-05,0.0,0.00015432098765432098,0.0,0.00015432098765432098,0.0001440329218106996,6.17283950617284e-05,0.00025205761316872427,0.0001234567901234568,0.00016975308641975308,4.499573770648571e-05,0.0,0.0001361121065621182,0.0,0.0001349872131194571,5.1440329218106995e-05,0.0,0.0001556069958847725,0.0,0.00015432098765432098,8.573388203017832e-05,0.0,0.00025934499314128747,0.0,0.00025720164609053495,1.0,1.0,0.019547325102880656,0.0699588477366255,0.5183539094650206,51.83539094650205,256.0,25.48559670781893,55.22788065843621,3674.1399176954737,57638.0,64.0,0.07877056486904621,0.10864324867725371,0.051416922360658646,0.06533274427056313,0.045583,0.058583,0.007458962500095367,0.009499955922365189,0.01950003206729889,0.03583352081477642,0.07877056486904621,0.07956249949832757,0.10864324867725371,0.09838277474045753
ivf,64,branch,512,0.0,648,1,42,3,1944,0.001388888888888889,0.00015432098765432098,0.0035493827160493823,0.001388888888888889,0.001388888888888889,0.002006172839506173,0.0007407407407407408,0.004136188271604939,0.002006172839506173,0.002006172839506173,0.0,0.0,0.0,0.0,0.0,0.0,0.0,0.0,0.0,0.0,0.0,0.0,0.0,0.0,0.0,1.0,1.0,0.5030864197530864,0.5432098765432098,0.1950462962962963,19.50462962962963,512.0,0.0,36.800925925925924,7452.947530864198,57638.0,64.0,0.0947294756770134,0.15703565441071987,0.08175009861588478,0.11138569097965954,0.073708,0.10093925,0.007375143468379974,0.009791925549507141,0.0035420525819063187,0.038951938040554517,0.0947294756770134,0.09449990466237068,0.15703565441071987,0.15296635683625937
ivf,64,branch,512,0.1,648,3,"42,43,44",3,5832,0.0007716049382716049,0.000257201646090535,0.0015444958847736618,0.00046296296296296303,0.001080246913580247,0.001460905349794239,0.0007816358024691359,0.0024025205761316875,0.0013117283950617282,0.001682098765432099,0.0005659033804188062,0.0,0.001363175900686269,0.0,0.0012324972109540487,0.000257201646090535,0.0,0.0006172839506172839,0.0,0.00046296296296296303,0.0006344307270233195,0.0,0.001474622770919067,0.0,0.001337448559670782,1.0,1.0,0.0,0.0005144032921810699,0.9800720164609054,98.00720164609054,512.0,51.21141975308642,191.6712962962963,7241.351851851852,57638.0,64.0,0.1460839994251728,0.18097716383635998,0.10300008580088615,0.13091694563627243,0.095125,0.12178734999999999,0.007624737918376923,0.010916031897068024,0.034499913454055786,0.04135239869356155,0.1460839994251728,0.14670131107171375,0.18097716383635998,0.16410561899344128
ivf,64,branch,1024,0.0,648,1,42,3,1944,0.0492283950617284,0.036724537037037035,0.06311728395061728,0.0492283950617284,0.0492283950617284,0.04645061728395062,0.0365258487654321,0.05757831790123457,0.04645061728395062,0.04645061728395062,0.028597892521980525,0.018542897157923108,0.03955494687646082,0.028597892521980525,0.028597892521980525,0.007098765432098765,0.004320987654320987,0.01034336419753086,0.007098765432098765,0.007098765432098765,0.031232630538186094,0.020580140024584467,0.043550601918657464,0.031232630538186094,0.031232630538186094,1.0,1.0,0.026234567901234566,0.05246913580246913,0.7374537037037037,73.74537037037037,1024.0,0.0,408.53395061728395,14847.956790123457,57638.0,64.0,0.2118125557899475,0.3481952706351875,0.1707295887172222,0.30065772589296075,0.15777049999999998,0.28827939999999996,0.007834052667021751,0.011951429769396778,0.03400025889277458,0.04151591565459965,0.2118125557899475,0.21172966808080673,0.3481952706351875,0.34333192743360996
ivf,64,branch,1024,0.1,648,3,"42,43,44",3,5832,0.03503086419753086,0.024278549382716046,0.04567901234567902,0.0345679012345679,0.035493827160493825,0.03217078189300412,0.02383371913580247,0.0406900720164609,0.03185185185185185,0.03245370370370371,0.023658762617312243,0.014566293614597173,0.033529729288762466,0.023252056716323494,0.02432194620071052,0.006172839506172839,0.0034966563786008238,0.009311985596707817,0.006172839506172839,0.006172839506172839,0.025499483369853745,0.015981680784921525,0.036078092432259096,0.025225134947357175,0.025739538239538236,1.0,1.0,0.0,0.0,1.0,100.0,1024.0,102.34773662551441,724.1553497942386,14290.310699588475,57638.0,64.0,0.2387501299381256,0.32620783895254135,0.195416621863842,0.2769917249679565,0.183709,0.26565449999999996,0.007729511708021164,0.011125113815069199,0.034458935260772705,0.04137514624744654,0.2387501299381256,0.23452122695744038,0.32620783895254135,0.2999967740227778
ivf,64,branch,2048,0.0,648,1,42,3,1944,0.6157407407407407,0.5978395061728394,0.6351851851851852,0.6157407407407407,0.6157407407407407,0.6084259259259259,0.5952746913580247,0.6213155864197532,0.6084259259259259,0.6084259259259259,0.3191106402522027,0.29259056617514356,0.3476685649817237,0.3191106402522027,0.3191106402522027,0.08503086419753086,0.07731481481481482,0.09352237654320988,0.08503086419753086,0.08503086419753086,0.3567172625042995,0.32719497002483117,0.38728242661402384,0.3567172625042995,0.3567172625042995,1.0,1.0,0.0,0.0,1.0,100.0,2048.0,0.0,4282.976851851852,27138.024691358023,57638.0,64.0,0.5553956143558025,0.6917293183505534,0.5062918644398451,0.632135896012187,0.49054149999999996,0.6165642499999999,0.008707866072654724,0.015606475062668311,0.0388328917324543,0.048118620179593556,0.5553956143558025,0.5532919894903898,0.6917293183505534,0.6579288048669696
ivf,64,branch,2048,0.1,648,3,"42,43,44",3,5832,0.5463477366255144,0.5247890946502057,0.5683127572016461,0.5455246913580247,0.5473765432098765,0.5346347736625514,0.5172407407407408,0.5515451388888889,0.5336574074074074,0.53554012345679,0.29090605317104895,0.2656016493548281,0.31851159048018124,0.28992631236402855,0.29215559117588863,0.07536008230452676,0.068261316872428,0.08323173868312758,0.075,0.07561728395061729,0.3257158907621871,0.2967211048981882,0.3553379309947597,0.32513657467361173,0.3267973624455106,1.0,1.0,0.0,0.0,1.0,100.0,2048.0,204.36471193415636,4407.9465020576135,26503.19547325103,57638.0,64.0,0.5631663370877504,0.7107269484549761,0.5151671357452869,0.6543937837705016,0.499584,0.63689345,0.008833128958940506,0.0160830095410347,0.038291094824671745,0.04870791453868151,0.5631663370877504,0.5710830446332693,0.7107269484549761,0.6606677081435919
ivf,64,branch,4096,0.0,648,1,42,3,1944,0.7185185185185186,0.7038580246913579,0.7345717592592593,0.7185185185185186,0.7185185185185186,0.793888888888889,0.7860154320987653,0.801960262345679,0.793888888888889,0.793888888888889,0.34963897073703826,0.3233116519678909,0.3788162978146434,0.34963897073703826,0.34963897073703826,0.09475308641975308,0.08703317901234567,0.10355324074074074,0.09475308641975308,0.09475308641975308,0.40189166971574375,0.37016025030781974,0.43349459536091484,0.40189166971574375,0.40189166971574375,1.0,1.0,0.0,0.0,1.0,100.0,4096.0,0.0,13056.00462962963,50278.291666666664,57638.0,64.0,1.1079164687544107,1.4196689706295726,1.0538124479353428,1.3457250781357286,1.03125,1.3108705499999997,0.010187504813075066,0.023618969134986397,0.04158308729529381,0.057564023882150636,1.1079164687544107,1.1052507907152176,1.4196689706295726,1.259052217938006
ivf,64,branch,4096,0.1,648,3,"42,43,44",3,5832,0.7194958847736626,0.7052944958847737,0.7356018518518519,0.7188271604938272,0.7199074074074074,0.7951697530864197,0.7871390174897119,0.8030509259259259,0.7942592592592592,0.7960956790123457,0.35022109298395326,0.3244083145629169,0.38031280309914717,0.3492138404040219,0.35146209595641736,0.09490740740740741,0.0869843106995885,0.1036522633744856,0.09475308641975308,0.09506172839506173,0.40366697345864005,0.372806511475493,0.4356241276727387,0.40302519411315707,0.4041550442013405,1.0,1.0,0.0,0.0,1.0,100.0,4096.0,409.7680041152263,13648.763888888889,48690.93878600823,57638.0,64.0,1.1344163212925196,1.4658228261396287,1.081499271094799,1.3848250266164541,1.060708,1.35885,0.010457821190357208,0.02468586899340152,0.041250139474868774,0.058912253007292734,1.1344163212925196,1.1359514513363442,1.4658228261396287,1.2647133242959776
ivf,64,float,0,0.0,648,1,42,3,1944,0.9938271604938271,0.991358024691358,0.9961419753086418,0.9938271604938271,0.9938271604938271,,,,,,0.3745803964602427,0.34976936017405014,0.40203041915270243,0.3745803964602427,0.3745803964602427,0.10385802469135802,0.09582947530864197,0.11296682098765433,0.10385802469135802,0.10385802469135802,0.44505806693306704,0.4158297024905821,0.4765212868193191,0.44505806693306704,0.44505806693306704,0.0,1.0,0.0,0.0,1.0,100.0,0.0,0.0,,0.0,57638.0,64.0,0.8629164658486843,1.009862381033599,0.8142499718815088,0.944929360412061,,,,,0.04810444079339504,0.06427485495805735,0.8629164658486843,0.8639583829790354,1.009862381033599,0.9261913131922483
ivf,64,scan,0,0.0,648,1,42,3,1944,0.803858024691358,0.7905787037037036,0.8180555555555555,0.803858024691358,0.803858024691358,1.0,0.9999999999999998,1.0,1.0,1.0,0.3580897769913868,0.33215412589981064,0.38725306543274873,0.3580897769913868,0.3580897769913868,0.09783950617283951,0.08981481481481482,0.10725308641975309,0.09783950617283951,0.09783950617283951,0.4138619568017716,0.3838019552892238,0.444732218013468,0.4138619568017716,0.4138619568017716,0.0,1.0,0.0,0.0,1.0,100.0,0.0,0.0,57638.0,0.0,57638.0,64.0,1.5860632993280888,1.737410109490156,1.5227710828185081,1.6430670628324149,1.5156040000000002,1.62869025,0.011583324521780014,0.03024982288479805,0.04524970427155495,0.06782673299312592,1.5860632993280888,1.5856041572988033,1.737410109490156,1.643054443411529
sign,1,branch,0,0.0,648,1,42,3,1944,0.15108024691358027,0.13796296296296295,0.16559027777777777,0.15108024691358027,0.15108024691358027,1.0,0.9999999999999998,1.0,1.0,1.0,0.0902970695436332,0.0741080042098311,0.1073461954208618,0.0902970695436332,0.0902970695436332,0.022839506172839506,0.018827160493827162,0.02701003086419753,0.022839506172839506,0.022839506172839506,0.09629592372647927,0.07836166212902324,0.11504037329268808,0.09629592372647927,0.09629592372647927,0.0,0.1558641975308642,0.0,0.015432098765432098,1.0,95.79475308641975,447.9675925925926,0.0,2300.2484567901233,15501.421296296296,2300.2484567901233,1.0,0.14652102254331112,0.3965688403695821,0.1016668975353241,0.35289216320961714,0.099667,0.35076694999999997,0.007084105163812637,0.009910436347126957,0.03483286127448082,0.04295203834772109,0.14652102254331112,0.1421037595719099,0.3965688403695821,0.3918205155059695
sign,1,branch,0,0.1,648,3,"42,43,44",3,5832,0.15108024691358027,0.13796296296296298,0.16559027777777777,0.15108024691358027,0.15108024691358027,1.0,0.9999999999999998,1.0,1.0,1.0,0.0902970695436332,0.0741080042098311,0.1073461954208618,0.0902970695436332,0.0902970695436332,0.02283950617283951,0.018827160493827162,0.027010030864197534,0.022839506172839506,0.022839506172839506,0.09629592372647927,0.07836166212902324,0.11504037329268808,0.09629592372647927,0.09629592372647927,0.0,0.1558641975308642,0.0,0.015432098765432098,1.0,95.79475308641975,447.9675925925926,44.318415637860085,2300.2484567901233,15501.421296296296,2300.2484567901233,1.0,0.14654197730123997,0.39276513271033764,0.10239612311124802,0.3475188044831157,0.10052050000000001,0.34507935,0.0069998204708099365,0.009833578951656818,0.03445800393819809,0.041958363726735115,0.14654197730123997,0.1416876136014859,0.39276513271033764,0.3851557616144418
sign,1,branch,16,0.0,648,1,42,3,1944,0.0037037037037037043,0.0015432098765432098,0.006944444444444445,0.0037037037037037043,0.0037037037037037043,0.0797734761819834,0.06247510853071982,0.09879091399356243,0.0797734761819834,0.0797734761819834,0.002774655196846413,0.0,0.006433135713591059,0.002774655196846413,0.002774655196846413,0.0012345679012345679,0.0,0.0033989197530864164,0.0012345679012345679,0.0012345679012345679,0.0021277590722035165,0.0,0.0049587308267863795,0.0021277590722035165,0.0021277590722035165,0.9382716049382716,0.1558641975308642,0.8688271604938271,0.8858024691358025,0.08756668605852662,4.612654320987654,15.310185185185185,0.0,4.612654320987654,580.645061728395,2300.2484567901233,1.0,0.017999671399593353,0.03841076977550983,0.010604504495859146,0.014499761164188385,0.008875,0.012333,0.006375368684530258,0.0077500008046627045,0.0006249174475669861,0.016772886738181104,0.017999671399593353,0.017958227545022964,0.03841076977550983,0.03828939516097307
sign,1,branch,16,0.1,648,3,"42,43,44",3,5832,0.0032407407407407415,0.001183127572016461,0.00637988683127572,0.0030864197530864196,0.003395061728395062,0.08008751461466819,0.06299212308900533,0.09868755216575463,0.0797280150095827,0.080460708836177,0.002774655196846413,0.0,0.006433135713591059,0.002774655196846413,0.002774655196846413,0.0012345679012345679,0.0,0.0033989197530864164,0.0012345679012345679,0.0012345679012345679,0.0021277590722035165,0.0,0.0049587308267863795,0.0021277590722035165,0.0021277590722035165,0.9382716049382716,0.1558641975308642,0.49537037037037035,0.6841563786008231,0.1420731113224871,10.067901234567902,15.310185185185185,1.2921810699588476,10.067901234567902,565.7968106995885,2300.2484567901233,1.0,0.02102064900100231,0.042333267629146576,0.011333730071783066,0.01637497916817665,0.0095,0.014416449999999999,0.006457790732383728,0.008042179979383945,0.0030624214559793472,0.019083009101450443,0.02102064900100231,0.022493225211898484,0.042333267629146576,0.038098613731563084
sign,1,branch,32,0.0,648,1,42,3,1944,0.028703703703703707,0.022993827160493824,0.03518518518518519,0.028703703703703707,0.028703703703703707,0.2228725749559083,0.20043562610229276,0.2430000551146384,0.2228725749559083,0.2228725749559083,0.027188942973722978,0.01851315415253998,0.0378591358353225,0.027188942973722978,0.027188942973722978,0.006790123456790124,0.004475308641975309,0.009726080246913576,0.006790123456790124,0.006790123456790124,0.023995410453743787,0.015823191404788627,0.03367628834642723,0.023995410453743787,0.023995410453743787,0.9274691358024691,0.1558641975308642,0.45524691358024694,0.47530864197530864,0.3622398589065256,32.06481481481482,30.26851851851852,0.0,35.0787037037037,1120.8688271604938,2300.2484567901233,1.0,0.02854154445230961,0.06445895414799452,0.014499761164188385,0.023951730690896508,0.012541,0.022035699999999995,0.006458256393671036,0.008082948625087738,0.008396105840802193,0.03445800393819809,0.02854154445230961,0.027895905077457428,0.06445895414799452,0.06353764329105616
sign,1,branch,32,0.1,648,3,"42,43,44",3,5832,0.020781893004115228,0.015736882716049384,0.026700102880658435,0.020216049382716053,0.021604938271604937,0.19516681363903587,0.17260091490299823,0.21656687242798348,0.19419973544973543,0.19634479717813053,0.018037707565451058,0.011397959824543941,0.026725705146908127,0.016956705593080212,0.019622781469172297,0.0048353909465020575,0.002827932098765433,0.00756301440329218,0.004629629629629629,0.0052469135802469145,0.016456952683804534,0.009757886682076495,0.025026865602675787,0.015709843140398694,0.01769397012452568,0.9274691358024691,0.1558641975308642,0.1743827160493827,0.31275720164609055,0.40543944738389176,36.38477366255144,30.26851851851852,2.765432098765432,39.48816872427983,1100.7026748971193,2300.2484567901233,1.0,0.03691692836582661,0.06891642697155476,0.017040874809026718,0.025624874979257584,0.015,0.023352449999999993,0.006707850843667984,0.00874977558851242,0.012416159734129906,0.03645941615104675,0.03691692836582661,0.034667085856199265,0.06891642697155476,0.06592487140248218
sign,1,branch,64,0.0,648,1,42,3,1944,0.11064814814814815,0.10015432098765431,0.12161265432098764,0.11064814814814815,0.11064814814814815,0.5541997354497354,0.5315608465608466,0.5740294312169313,0.5541997354497354,0.5541997354497354,0.08384286227925966,0.06765124212483271,0.10053936657059703,0.08384286227925966,0.08384286227925966,0.020216049382716053,0.016358024691358025,0.024228395061728396,0.020216049382716053,0.020216049382716053,0.08274507128673796,0.06608714223876261,0.09977436347517366,0.08274507128673796,0.08274507128673796,0.8364197530864198,0.1558641975308642,0.0015432098765432098,0.016975308641975308,0.9807583774250441,93.91666666666667,58.62808641975309,0.0,174.7314814814815,1874.817901234568,2300.2484567901233,1.0,0.07287506014108658,0.08772506844252347,0.03172946162521839,0.04240451380610465,0.0296665,0.0400357,0.00658305361866951,0.008499715477228165,0.03383355215191841,0.03925005439668894,0.07287506014108658,0.07260451093316078,0.08772506844252347,0.08322081994265318
sign,1,branch,64,0.1,648,3,"42,43,44",3,5832,0.10622427983539096,0.09608924897119343,0.11723508230452674,0.10570987654320987,0.1067901234567901,0.5347964432686655,0.5107998787477954,0.556039866255144,0.5332275132275133,0.5357892416225749,0.08224282591606112,0.06613862468384255,0.0986762304712915,0.08184106153356886,0.08291526826737088,0.019701646090534982,0.015790895061728396,0.02371527777777778,0.019444444444444448,0.019907407407407412,0.08108346700167687,0.06465409254954008,0.09826125927399074,0.08043025647192314,0.08167584730084729,0.8364197530864198,0.1558641975308642,0.0005144032921810699,0.015946502057613166,0.9744209288653733,93.28292181069958,58.62808641975309,5.579218106995884,177.32150205761317,1862.4207818930042,2300.2484567901233,1.0,0.07475004531443119,0.09050008375197649,0.03312481567263603,0.04476848989725112,0.031,0.042375,0.006791204214096069,0.008875038474798203,0.034084077924489975,0.03950018435716629,0.07475004531443119,0.07502098257342973,0.09050008375197649,0.08511118746052186
sign,1,branch,128,0.0,648,1,42,3,1944,0.12669753086419755,0.11543209876543209,0.13873842592592592,0.12669753086419755,0.12669753086419755,0.7174867724867725,0.6987654320987655,0.7338651344797177,0.7174867724867725,0.7174867724867725,0.0847402720161775,0.06925952633418979,0.10157848447101855,0.0847402720161775,0.0847402720161775,0.021296296296296296,0.017434413580246912,0.025308641975308643,0.021296296296296296,0.021296296296296296,0.08586823413212302,0.06933034782861171,0.10305867732661712,0.08586823413212302,0.08586823413212302,0.7345679012345679,0.1558641975308642,0.0,0.015432098765432098,0.9989528218694885,95.73611111111111,108.30401234567901,0.0,360.2283950617284,3714.742283950617,2300.2484567901233,1.0,0.0855419784784317,0.10458326432853937,0.045103952288627625,0.06070190574973821,0.042917,0.0579517,0.0064587220549583435,0.008416757918894291,0.03358302637934685,0.03828557673841714,0.0855419784784317,0.08585397154092789,0.10458326432853937,0.09895814582705498
sign,1,branch,128,0.1,648,3,"42,43,44",3,5832,0.12638888888888888,0.11542566872427984,0.13853652263374486,0.12608024691358027,0.12669753086419752,0.7170701058201059,0.6984206532921812,0.7333121693121694,0.7165145502645502,0.7179188712522047,0.08461109666914442,0.06895902188349821,0.10163958827964674,0.08435564414728422,0.08491218655002324,0.02114197530864198,0.017281378600823048,0.025207047325102882,0.020987654320987655,0.021296296296296296,0.08555530546271288,0.06890920657703065,0.10283890353045445,0.08516092960537405,0.08582965388520944,0.7345679012345679,0.1558641975308642,0.0,0.015432098765432098,0.9989528218694885,95.73611111111111,108.30401234567901,10.551440329218108,375.97273662551436,3591.3966049382716,2300.2484567901233,1.0,0.0926661305129528,0.1238328404724598,0.050416914746165276,0.07137490902096033,0.048125,0.06810245,0.006875023245811462,0.011121225543320163,0.03454089164733887,0.04387097433209418,0.0926661305129528,0.09366652617851894,0.1238328404724598,0.10908208787441254
sign,1,branch,256,0.0,648,1,42,3,1944,0.13827160493827162,0.12638117283950617,0.1509259259259259,0.13827160493827162,0.13827160493827162,0.8687522045855379,0.8555179122574955,0.8813140432098766,0.8687522045855379,0.8687522045855379,0.08671342448266328,0.07116819632389532,0.104024491830085,0.08671342448266328,0.08671342448266328,0.02191358024691358,0.017901234567901235,0.02592592592592593,0.02191358024691358,0.02191358024691358,0.09021494195105306,0.07350502378280156,0.10778340240435147,0.09021494195105306,0.09021494195105306,0.5771604938271605,0.1558641975308642,0.0,0.015432098765432098,0.9989528218694885,95.73611111111111,191.56635802469137,0.0,717.9722222222222,6929.026234567901,2300.2484567901233,1.0,0.11358363553881645,0.1430777832865715,0.07237517274916172,0.09923754259943961,0.069875,0.09586884999999999,0.0067497603595256805,0.008576526306569573,0.034041935577988625,0.038667116314172745,0.11358363553881645,0.11449959129095078,0.1430777832865715,0.13756707776337862
sign,1,branch,256,0.1,648,3,"42,43,44",3,5832,0.13878600823045267,0.12643904320987653,0.1515457818930041,0.1382716049382716,0.1390432098765432,0.8671369782480894,0.854417328042328,0.879839818489124,0.8665762786596121,0.8674867724867725,0.08714799692680998,0.07169510749447115,0.1044583111125051,0.08671896101576104,0.0878446508499712,0.022067901234567904,0.01805555555555556,0.026131687242798355,0.02191358024691358,0.022376543209876542,0.09065218474940696,0.07406958139597028,0.1082473224863271,0.09021494195105306,0.0915266703461148,0.5771604938271605,0.1558641975308642,0.0,0.015432098765432098,0.9989528218694885,95.73611111111111,191.56635802469137,18.82664609053498,736.6640946502058,6726.4701646090525,2300.2484567901233,1.0,0.11862511746585369,0.14974989462643862,0.07699988782405853,0.1044590026140213,0.074375,0.101208,0.006875023245811462,0.009083189070224762,0.034374650567770004,0.0399579294025898,0.11862511746585369,0.12065268432100615,0.14974989462643862,0.14160537005712587
sign,1,branch,512,0.0,648,1,42,3,1944,0.14907407407407405,0.13595293209876544,0.16311728395061725,0.14907407407407405,0.14907407407407405,0.9719444444444444,0.9672376543209876,0.9764363425925926,0.9719444444444444,0.9719444444444444,0.09089426867368369,0.0749344082847836,0.10839378944002656,0.09089426867368369,0.09089426867368369,0.023148148148148147,0.018981481481481485,0.02731867283950617,0.023148148148148147,0.023148148148148147,0.09613057981113536,0.07850039192631784,0.11446503588575346,0.09613057981113536,0.09613057981113536,0.38271604938271603,0.1558641975308642,0.0,0.015432098765432098,1.0,95.79475308641975,311.108024691358,0.0,1399.7206790123457,11148.108024691359,2300.2484567901233,1.0,0.14087441377341747,0.22020796313881874,0.09827036410570145,0.17588576301932332,0.0960625,0.1725,0.006791669875383377,0.00858306884765625,0.03437511622905731,0.038917106576263905,0.14087441377341747,0.1388539094477892,0.22020796313881874,0.21245388779789207
sign,1,branch,512,0.1,648,3,"42,43,44",3,5832,0.1491255144032922,0.13626286008230454,0.1632227366255144,0.14891975308641975,0.14938271604938275,0.9708847736625514,0.9660698302469135,0.9755816615226336,0.9707716049382715,0.9709567901234567,0.09084859828619353,0.07494269620887724,0.10841329612707726,0.09070750391564024,0.09093024218255905,0.023096707818930043,0.018981481481481485,0.027265946502057613,0.022993827160493828,0.023148148148148147,0.09600197898809008,0.07850039192631784,0.11431593729915489,0.09574477734199957,0.09613057981113536,0.38271604938271603,0.1558641975308642,0.0,0.015432098765432098,1.0,95.79475308641975,311.108024691358,30.708333333333332,1408.894547325103,11010.3420781893,2300.2484567901233,1.0,0.14304136857390404,0.22126503754407165,0.10072928853332996,0.1770560862496495,0.0986665,0.17360245,0.006792135536670685,0.00879096332937479,0.03404216840863228,0.03933301195502281,0.14304136857390404,0.13760430738329887,0.22126503754407165,0.2114179078489542
sign,1,branch,1024,0.0,648,1,42,3,1944,0.15108024691358027,0.13796296296296295,0.16559027777777777,0.15108024691358027,0.15108024691358027,0.9994135802469137,0.9990895061728395,0.9996759259259258,0.9994135802469137,0.9994135802469137,0.0902970695436332,0.0741080042098311,0.1073461954208618,0.0902970695436332,0.0902970695436332,0.022839506172839506,0.018827160493827162,0.02701003086419753,0.022839506172839506,0.022839506172839506,0.09629592372647927,0.07836166212902324,0.11504037329268808,0.09629592372647927,0.09629592372647927,0.11882716049382716,0.1558641975308642,0.0,0.015432098765432098,1.0,95.79475308641975,432.25771604938274,0.0,2188.08024691358,15209.069444444445,2300.2484567901233,1.0,0.14118733815848827,0.347147136926651,0.09820843115448952,0.30497475527226925,0.09635450000000001,0.30164825,0.006834045052528381,0.009035924449563023,0.0341455452144146,0.03915976267307996,0.14118733815848827,0.13985414989292622,0.347147136926651,0.3446444170549512
sign,1,branch,1024,0.1,648,3,"42,43,44",3,5832,0.15108024691358027,0.13796296296296298,0.16559027777777777,0.15108024691358027,0.15108024691358027,0.9993672839506171,0.9990226337448559,0.9996347736625514,0.9993518518518517,0.9993827160493829,0.0902970695436332,0.0741080042098311,0.1073461954208618,0.0902970695436332,0.0902970695436332,0.02283950617283951,0.018827160493827162,0.027010030864197534,0.022839506172839506,0.022839506172839506,0.09629592372647927,0.07836166212902324,0.11504037329268808,0.09629592372647927,0.09629592372647927,0.11882716049382716,0.1558641975308642,0.0,0.015432098765432098,1.0,95.79475308641975,432.25771604938274,42.757716049382715,2189.2021604938273,15179.785493827161,2300.2484567901233,1.0,0.14777062460780144,0.3714170306921005,0.10281242430210114,0.3264875384047627,0.1007295,0.32327529999999993,0.007125083357095718,0.010143732652068131,0.0349581241607666,0.042143557220697396,0.14777062460780144,0.14495143356422585,0.3714170306921005,0.3649400702367226
sign,1,branch,2048,0.0,648,1,42,3,1944,0.15108024691358027,0.13796296296296295,0.16559027777777777,0.15108024691358027,0.15108024691358027,1.0,0.9999999999999998,1.0,1.0,1.0,0.0902970695436332,0.0741080042098311,0.1073461954208618,0.0902970695436332,0.0902970695436332,0.022839506172839506,0.018827160493827162,0.02701003086419753,0.022839506172839506,0.022839506172839506,0.09629592372647927,0.07836166212902324,0.11504037329268808,0.09629592372647927,0.09629592372647927,0.0,0.1558641975308642,0.0,0.015432098765432098,1.0,95.79475308641975,447.9675925925926,0.0,2300.2484567901233,15501.421296296296,2300.2484567901233,1.0,0.14908285811543465,0.40929552633315325,0.10489602573215961,0.3614454995840788,0.101958,0.35815805,0.007292255759239197,0.012320140376687043,0.035458244383335114,0.0442598247900605,0.14908285811543465,0.14652032405138016,0.40929552633315325,0.4012475488707423
sign,1,branch,2048,0.1,648,3,"42,43,44",3,5832,0.15108024691358027,0.13796296296296298,0.16559027777777777,0.15108024691358027,0.15108024691358027,1.0,0.9999999999999998,1.0,1.0,1.0,0.0902970695436332,0.0741080042098311,0.1073461954208618,0.0902970695436332,0.0902970695436332,0.02283950617283951,0.018827160493827162,0.027010030864197534,0.022839506172839506,0.022839506172839506,0.09629592372647927,0.07836166212902324,0.11504037329268808,0.09629592372647927,0.09629592372647927,0.0,0.1558641975308642,0.0,0.015432098765432098,1.0,95.79475308641975,447.9675925925926,44.318415637860085,2300.2484567901233,15501.421296296296,2300.2484567901233,1.0,0.14827074483036995,0.3978063352406025,0.10352116078138351,0.3527230815961957,0.101083,0.35029374999999996,0.007082708179950714,0.010018935427069657,0.03470852971076965,0.04245822783559561,0.14827074483036995,0.14350687464078266,0.3978063352406025,0.3909942926838994
sign,1,branch,4096,0.0,648,1,42,3,1944,0.15108024691358027,0.13796296296296295,0.16559027777777777,0.15108024691358027,0.15108024691358027,1.0,0.9999999999999998,1.0,1.0,1.0,0.0902970695436332,0.0741080042098311,0.1073461954208618,0.0902970695436332,0.0902970695436332,0.022839506172839506,0.018827160493827162,0.02701003086419753,0.022839506172839506,0.022839506172839506,0.09629592372647927,0.07836166212902324,0.11504037329268808,0.09629592372647927,0.09629592372647927,0.0,0.1558641975308642,0.0,0.015432098765432098,1.0,95.79475308641975,447.9675925925926,0.0,2300.2484567901233,15501.421296296296,2300.2484567901233,1.0,0.1479999627918005,0.3990467870607972,0.10208296589553356,0.3551159752532839,0.0992915,0.352959,0.007166992872953415,0.009868922643363472,0.03512529656291008,0.042285537347197526,0.1479999627918005,0.14408351853489876,0.3990467870607972,0.3929274855181575
sign,1,branch,4096,0.1,648,3,"42,43,44",3,5832,0.15108024691358027,0.13796296296296298,0.16559027777777777,0.15108024691358027,0.15108024691358027,1.0,0.9999999999999998,1.0,1.0,1.0,0.0902970695436332,0.0741080042098311,0.1073461954208618,0.0902970695436332,0.0902970695436332,0.02283950617283951,0.018827160493827162,0.027010030864197534,0.022839506172839506,0.022839506172839506,0.09629592372647927,0.07836166212902324,0.11504037329268808,0.09629592372647927,0.09629592372647927,0.0,0.1558641975308642,0.0,0.015432098765432098,1.0,95.79475308641975,447.9675925925926,44.318415637860085,2300.2484567901233,15501.421296296296,2300.2484567901233,1.0,0.155207933858037,0.4176025278866291,0.1076660118997097,0.3662877716124058,0.104292,0.36326844999999996,0.007084105163812637,0.014559808187186711,0.0350000336766243,0.050541432574391365,0.155207933858037,0.14791668703158695,0.4176025278866291,0.4015251295641064
sign,1,scan,0,0.0,648,1,42,3,1944,0.15108024691358027,0.13796296296296295,0.16559027777777777,0.15108024691358027,0.15108024691358027,1.0,0.9999999999999998,1.0,1.0,1.0,0.0902970695436332,0.0741080042098311,0.1073461954208618,0.0902970695436332,0.0902970695436332,0.022839506172839506,0.018827160493827162,0.02701003086419753,0.022839506172839506,0.022839506172839506,0.09629592372647927,0.07836166212902324,0.11504037329268808,0.09629592372647927,0.09629592372647927,0.0,0.1558641975308642,0.0,0.015432098765432098,1.0,95.79475308641975,0.0,0.0,2300.2484567901233,0.0,2300.2484567901233,1.0,0.10635401122272015,0.22258323151618242,0.0616670586168766,0.18002302385866642,0.060208,0.1785357,0.006792135536670685,0.00870879739522934,0.03404170274734497,0.03979215398430824,0.10635401122272015,0.10252022184431553,0.22258323151618242,0.2206234261393547
sign,2,branch,0,0.0,648,1,42,3,1944,0.2558641975308642,0.23981095679012346,0.2743827160493827,0.2558641975308642,0.2558641975308642,1.0,0.9999999999999998,1.0,1.0,1.0,0.15374040111175433,0.13253133142120518,0.17621221360592215,0.15374040111175433,0.15374040111175433,0.04058641975308642,0.035181327160493825,0.046296296296296294,0.04058641975308642,0.04058641975308642,0.16873866017384537,0.14551985769289008,0.1936073143249069,0.16873866017384537,0.16873866017384537,0.0,0.2699074074074075,0.0,0.004629629629629629,1.0,97.85185185185185,865.0956790123457,0.0,4459.751543209876,29391.14814814815,4459.810185185185,2.0,0.26995851658284664,0.6447501946240661,0.22883340716362,0.5998311564326285,0.2266665,0.5977704999999999,0.007125083357095718,0.010000006295740604,0.0350000336766243,0.04249997437000275,0.26995851658284664,0.2699163742363453,0.6447501946240661,0.6280916510149837
sign,2,branch,0,0.1,648,3,"42,43,44",3,5832,0.2558641975308642,0.23981095679012346,0.2743827160493827,0.2558641975308642,0.2558641975308642,1.0,0.9999999999999998,1.0,1.0,1.0,0.15374040111175433,0.13253133142120518,0.17621221360592215,0.15374040111175433,0.15374040111175433,0.040586419753086425,0.03518132716049383,0.0462962962962963,0.04058641975308642,0.04058641975308642,0.16873866017384537,0.14551985769289008,0.1936073143249069,0.16873866017384537,0.16873866017384537,0.0,0.2699074074074075,0.0,0.004629629629629629,1.0,97.85185185185185,865.0956790123457,86.08384773662551,4459.751543209876,29391.14814814815,4459.810185185185,2.0,0.28164591640233994,0.68390395026654,0.23672939278185368,0.6330234231427311,0.2345625,0.6295253,0.007417052984237671,0.011999835260212421,0.03639538772404194,0.046184728853404515,0.28164591640233994,0.28206966817379,0.68390395026654,0.6597106733048955
sign,2,branch,16,0.0,648,1,42,3,1944,0.0013888888888888892,0.0006172839506172839,0.0024691358024691358,0.0013888888888888892,0.0013888888888888892,0.043932092935906074,0.029301910879454753,0.05844575828983766,0.043932092935906074,0.043932092935906074,0.00016511285859145645,0.0,0.0004953385757743693,0.00016511285859145645,0.00016511285859145645,0.00015432098765432098,0.0,0.000462962962962963,0.00015432098765432098,0.00015432098765432098,0.00030864197530864197,0.0,0.000925925925925926,0.00030864197530864197,0.00030864197530864197,0.9691358024691358,0.2699074074074075,0.9104938271604939,0.9182098765432098,0.05362345096059743,3.2546296296296298,15.626543209876543,0.0,3.287037037037037,568.3456790123457,4459.810185185185,2.0,0.017749611288309097,0.03252348396927117,0.01058308407664299,0.013125059194862843,0.0087705,0.011084,0.006250105798244476,0.0072498805820941925,0.0006249174475669861,0.0128563493490219,0.017749611288309097,0.017709098756313324,0.03252348396927117,0.03247675485908984
sign,2,branch,16,0.1,648,3,"42,43,44",3,5832,0.001234567901234568,0.00046296296296296303,0.002160493827160494,0.001080246913580247,0.0013888888888888892,0.04384108466774115,0.029522279948865592,0.05860454963835071,0.042901425743891365,0.04457828127678678,0.00016511285859145645,0.0,0.0004953385757743693,0.00016511285859145645,0.00016511285859145645,0.000154320987654321,0.0,0.00046296296296296303,0.00015432098765432098,0.00015432098765432098,0.000308641975308642,0.0,0.0009259259259259261,0.00030864197530864197,0.00030864197530864197,0.9691358024691358,0.2699074074074075,0.581275720164609,0.743312757201646,0.09791515874181522,7.685185185185185,15.626543209876543,1.5390946502057614,7.717592592592593,557.5565843621398,4459.810185185185,2.0,0.019624829292297363,0.039060413837432854,0.011416617780923843,0.01600012183189392,0.009542,0.013834,0.006416346877813339,0.008082948625087738,0.0007078051567077637,0.016250181943178177,0.019624829292297363,0.021124957129359245,0.039060413837432854,0.03457958810031413
sign,2,branch,32,0.0,648,1,42,3,1944,0.007253086419753087,0.004475308641975309,0.01080246913580247,0.007253086419753087,0.007253086419753087,0.07738091947669062,0.05958096093606043,0.09485159848903629,0.07738091947669062,0.07738091947669062,0.006153388300481411,0.0022662866884704067,0.011114802782153491,0.006153388300481411,0.006153388300481411,0.002006172839506173,0.0006172839506172839,0.004475308641975308,0.002006172839506173,0.002006172839506173,0.0052656191545080435,0.0020576131687242796,0.009334081556303778,0.0052656191545080435,0.0052656191545080435,0.9583333333333334,0.2699074074074075,0.8024691358024691,0.808641975308642,0.11815252441496221,9.695987654320987,31.02777777777778,0.0,10.969135802469136,1140.0833333333333,4459.810185185185,2.0,0.02083275467157364,0.0571548705920577,0.013374723494052887,0.020666979253292084,0.011375,0.018391949999999983,0.006375368684530258,0.007833284325897694,0.0006249174475669861,0.02914168871939181,0.02083275467157364,0.02074986696243286,0.0571548705920577,0.05556421820074319
sign,2,branch,32,0.1,648,3,"42,43,44",3,5832,0.0063271604938271615,0.0037037037037037047,0.009826388888888888,0.005864197530864197,0.006790123456790124,0.0732296849087894,0.05581068423315521,0.0899530837325717,0.07151672194582641,0.07417104293348074,0.00448297793198108,0.0013541600640450122,0.008610463380142009,0.0035367631283306803,0.005429192735631478,0.001697530864197531,0.0003587962962962964,0.004116512345679012,0.0015432098765432098,0.0018518518518518517,0.003979610924055368,0.0012860082304526747,0.007412902169846613,0.0032080059857837635,0.004751215862326973,0.9583333333333334,0.2699074074074075,0.3045267489711934,0.506687242798354,0.2109200141268964,18.9727366255144,31.02777777777778,3.0349794238683128,20.299382716049383,1114.2736625514403,4459.810185185185,2.0,0.027958303689956665,0.058685708791017525,0.014791730791330338,0.022060517221689217,0.012709,0.019643899999999992,0.006500165909528732,0.008415896445512772,0.006207963451743126,0.030500092543661594,0.027958303689956665,0.028090085834264755,0.058685708791017525,0.053890018413464226
sign,2,branch,64,0.0,648,1,42,3,1944,0.066820987654321,0.058024691358024696,0.07577546296296296,0.066820987654321,0.066820987654321,0.24818338861249312,0.2256000322461765,0.2706277466832504,0.24818338861249312,0.24818338861249312,0.060379628178755695,0.045895054035013115,0.07567849617724674,0.060379628178755695,0.060379628178755695,0.01419753086419753,0.010802469135802469,0.018059413580246913,0.01419753086419753,0.01419753086419753,0.05563004382448826,0.0414367133637967,0.07036384429613596,0.05563004382448826,0.05563004382448826,0.9351851851851852,0.2699074074074075,0.32253086419753085,0.3287037037037037,0.5242944997236042,50.31018518518518,61.370370370370374,0.0,75.81635802469135,2244.9845679012346,4459.810185185185,2.0,0.050062546506524086,0.08336235769093035,0.02452055923640728,0.039434130303561674,0.0221045,0.036875,0.006707850843667984,0.008451729081571099,0.017832964658737183,0.03753500059247016,0.050062546506524086,0.04895823076367378,0.08336235769093035,0.08144378662109375
sign,2,branch,64,0.1,648,3,"42,43,44",3,5832,0.0491769547325103,0.04114969135802469,0.057253086419753074,0.04814814814814815,0.04984567901234568,0.21437166021743134,0.19154690475093666,0.2366440329218107,0.2134765984890363,0.21532845034088818,0.04462911511231891,0.03220560079989514,0.05740401214410224,0.044305195266350884,0.04490796129940044,0.01080246913580247,0.0076620370370370375,0.014248971193415637,0.010493827160493829,0.011111111111111112,0.04174727878431582,0.029676716459123863,0.054103830411700776,0.04168604029715141,0.04186975575864465,0.9351851851851852,0.2699074074074075,0.05246913580246913,0.13271604938271606,0.6008994379952091,57.97067901234568,61.370370370370374,6.045781893004116,83.83487654320987,2196.9845679012346,4459.810185185185,2.0,0.05337502807378769,0.08050026372075081,0.02483278512954712,0.037416303530335426,0.022459,0.03506044999999999,0.006707850843667984,0.008500181138515472,0.021166400983929634,0.03658374771475792,0.05337502807378769,0.05123601295053959,0.08050026372075081,0.07842837367206812
sign,2,branch,128,0.0,648,1,42,3,1944,0.1932098765432099,0.18055555555555552,0.20727237654320987,0.1932098765432099,0.1932098765432099,0.5934920305878018,0.5760912681960568,0.609707561728395,0.5934920305878018,0.5934920305878018,0.13183413052222304,0.1126386310429767,0.15192935755379314,0.13183413052222304,0.13183413052222304,0.033950617283950615,0.02916666666666667,0.03919753086419753,0.033950617283950615,0.033950617283950615,0.1357396889804297,0.11594920854180113,0.158562394502788,0.1357396889804297,0.1357396889804297,0.8734567901234568,0.2699074074074075,0.0,0.004629629629629629,0.99718030219274,97.59876543209876,119.59413580246914,0.0,352.7762345679012,3990.6558641975307,4459.810185185185,2.0,0.09177089668810368,0.11036887299269438,0.05060387775301933,0.06654199678450823,0.0481455,0.06365984999999999,0.006667338311672211,0.008493638597428795,0.0339169055223465,0.03841612488031387,0.09177089668810368,0.09233364835381508,0.11036887299269438,0.10638809762895107
sign,2,branch,128,0.1,648,3,"42,43,44",3,5832,0.18888888888888888,0.17541023662551442,0.2033989197530864,0.18842592592592597,0.18950617283950616,0.5757554050733984,0.5576714057029666,0.5928755144032922,0.5744796849087894,0.5770259812050856,0.12970126674839222,0.11037333646786418,0.1497285154323098,0.12911352654808644,0.1304178450400851,0.032870370370370376,0.028136574074074074,0.03791280864197532,0.03271604938271605,0.033179012345679014,0.1334963190673067,0.11379229491787363,0.15669064478188705,0.1327561498857795,0.13427363959771366,0.8734567901234568,0.2699074074074075,0.0,0.004629629629629629,0.9960949112462377,97.49022633744856,119.59413580246914,11.886316872427983,357.0051440329218,3928.4583333333335,4459.810185185185,2.0,0.09504216723144054,0.11820853687822819,0.05293753929436207,0.07116650231182575,0.050416,0.06801845,0.006833113729953766,0.009041745215654373,0.03425031900405884,0.040833838284015656,0.09504216723144054,0.09614547404150169,0.11820853687822819,0.11016059822092453
sign,2,branch,256,0.0,648,1,42,3,1944,0.22330246913580246,0.20971836419753084,0.23996913580246912,0.22330246913580246,0.22330246913580246,0.7531370923161967,0.7374997236042012,0.7679016203703704,0.7531370923161967,0.7531370923161967,0.14343082095915644,0.12326825360389458,0.1644361005529486,0.14343082095915644,0.14343082095915644,0.03765432098765432,0.032407407407407406,0.043055555555555555,0.03765432098765432,0.03765432098765432,0.15258639679935976,0.1307601941311432,0.17580186649341742,0.15258639679935976,0.15258639679935976,0.7824074074074074,0.2699074074074075,0.0,0.004629629629629629,0.9991247466371845,97.79320987654322,225.3070987654321,0.0,746.0956790123457,8038.71450617284,4459.810185185185,2.0,0.11922884732484818,0.14635017141699788,0.07839547470211983,0.10228592436760664,0.075625,0.0985644,0.006707850843667984,0.008582998998463154,0.03366684541106224,0.038000219501554966,0.11922884732484818,0.12160418555140495,0.14635017141699788,0.13965205289423466
sign,2,branch,256,0.1,648,3,"42,43,44",3,5832,0.2225308641975309,0.20895061728395062,0.2390972222222222,0.2222222222222222,0.2228395061728395,0.754299643756526,0.7386079498341624,0.7689728652263373,0.7537389441680487,0.7547265984890363,0.14198679246972676,0.12215220937707737,0.1625929941229954,0.1418756086976626,0.14207485688969038,0.03719135802469137,0.03209876543209877,0.04259259259259259,0.03719135802469136,0.03719135802469136,0.15052878363063552,0.12907759293175958,0.173335290181355,0.1505287836306355,0.1505287836306355,0.7824074074074074,0.2699074074074075,0.0,0.004629629629629629,0.9991247466371845,97.79320987654322,225.3070987654321,22.4238683127572,778.7937242798354,7767.874485596707,4459.810185185185,2.0,0.1238752156496048,0.15358300879597664,0.08237501606345177,0.10818529408425091,0.079583,0.10451844999999998,0.006791204214096069,0.009125098586082458,0.033999793231487274,0.04022736102342605,0.1238752156496048,0.1257497351616621,0.15358300879597664,0.14250907115638256
sign,2,branch,512,0.0,648,1,42,3,1944,0.2441358024691358,0.22901234567901232,0.26188657407407406,0.2441358024691358,0.2441358024691358,0.9051234567901234,0.8954293981481481,0.9147071759259259,0.9051234567901234,0.9051234567901234,0.14851776862683305,0.12743315598346697,0.1696445736164234,0.14851776862683305,0.14851776862683305,0.03966049382716049,0.03425925925925926,0.0452199074074074,0.03966049382716049,0.03966049382716049,0.16205141737549145,0.13977815844135288,0.18657401979450589,0.16205141737549145,0.16205141737549145,0.625,0.2699074074074075,0.0,0.004629629629629629,1.0,97.85185185185185,407.12345679012344,0.0,1571.516975308642,14872.307098765432,4459.810185185185,2.0,0.19249995239078999,0.29016863554716105,0.14839600771665573,0.22517323959618799,0.14435399999999998,0.2182608,0.007334165275096893,0.016868417151272293,0.036084093153476715,0.05554819945245974,0.19249995239078999,0.19525038078427315,0.29016863554716105,0.23945379070937634
sign,2,branch,512,0.1,648,3,"42,43,44",3,5832,0.24362139917695474,0.22885673868312756,0.26106610082304527,0.2432098765432099,0.24413580246913583,0.9020833333333332,0.8923032407407407,0.9116625514403291,0.902067901234568,0.9021141975308641,0.14853795351187826,0.12729000838116955,0.169859680362087,0.14813690805093865,0.14924785631179605,0.03955761316872428,0.03415509259259259,0.04521733539094651,0.03950617283950617,0.0396604938271605,0.16215429803392767,0.13972286008744342,0.18678674977286086,0.1618970963878371,0.16266870132610872,0.625,0.2699074074074075,0.0,0.004629629629629629,1.0,97.85185185185185,407.12345679012344,40.56069958847737,1606.733024691358,14488.760802469136,4459.810185185185,2.0,0.18633296713232994,0.23203720338642594,0.14408305287361145,0.18579186871647835,0.140708,0.18145435,0.0069998204708099365,0.00966666266322136,0.03462471067905426,0.041249883361160755,0.18633296713232994,0.18940260633826256,0.23203720338642594,0.2194487644980351
sign,2,branch,1024,0.0,648,1,42,3,1944,0.25385802469135804,0.23811728395061726,0.2714583333333333,0.25385802469135804,0.25385802469135804,0.9882407407407408,0.9858942901234568,0.9902935956790122,0.9882407407407408,0.9882407407407408,0.15342036932325426,0.13243806167486508,0.17536668532800065,0.15342036932325426,0.15342036932325426,0.04058641975308642,0.03518518518518518,0.046296296296296294,0.04058641975308642,0.04058641975308642,0.1686100593508001,0.1453932526878129,0.19319023429845186,0.1686100593508001,0.1686100593508001,0.3765432098765432,0.2699074074074075,0.0,0.004629629629629629,1.0,97.85185185185185,661.5293209876543,0.0,3084.4166666666665,23549.436728395063,4459.810185185185,2.0,0.27491687797009945,0.383718847297132,0.2306452952325344,0.33854166977107525,0.2285625,0.33355894999999997,0.007125083357095718,0.009375158697366714,0.03491668030619621,0.0407856423407793,0.27491687797009945,0.2752915024757385,0.383718847297132,0.3761796047911048
sign,2,branch,1024,0.1,648,3,"42,43,44",3,5832,0.25390946502057615,0.2380645576131687,0.2716615226337448,0.2537037037037037,0.2540123456790124,0.9877006172839505,0.9852773919753086,0.9898769290123456,0.9877006172839505,0.9877006172839505,0.15335352104167388,0.13243806167486508,0.1752346599718794,0.15321982447851312,0.15342036932325426,0.04053497942386832,0.03508230452674897,0.04619470164609055,0.0404320987654321,0.04058641975308642,0.1684814585277548,0.14526786688534374,0.1931848067698762,0.16822425688166429,0.1686100593508001,0.3765432098765432,0.2699074074074075,0.0,0.004629629629629629,1.0,97.85185185185185,661.5293209876543,65.92644032921811,3097.317386831276,23307.600308641977,4459.810185185185,2.0,0.28487504459917545,0.407916447147727,0.23954128846526146,0.3590749809518456,0.2371455,0.35279145,0.007333699613809586,0.01110211014747619,0.03604171797633171,0.04395795986056328,0.28487504459917545,0.28400689673920476,0.407916447147727,0.39098685762534535
sign,2,branch,2048,0.0,648,1,42,3,1944,0.2558641975308642,0.23981095679012346,0.2743827160493827,0.2558641975308642,0.2558641975308642,0.9999691358024692,0.9999228395061728,1.0,0.9999691358024692,0.9999691358024692,0.15374040111175433,0.13253133142120518,0.17621221360592215,0.15374040111175433,0.15374040111175433,0.04058641975308642,0.035181327160493825,0.046296296296296294,0.04058641975308642,0.04058641975308642,0.16873866017384537,0.14551985769289008,0.1936073143249069,0.16873866017384537,0.16873866017384537,0.040123456790123455,0.2699074074074075,0.0,0.004629629629629629,1.0,97.85185185185185,856.1944444444445,0.0,4399.516975308642,29245.29475308642,4459.810185185185,2.0,0.2830829471349716,0.6608025403693318,0.2391459420323372,0.6101518403738737,0.2369795,0.6058018,0.007457565516233444,0.01290361396968364,0.036665936931967735,0.04665413871407508,0.2830829471349716,0.2885209396481514,0.6608025403693318,0.6533104926347733
sign,2,branch,2048,0.1,648,3,"42,43,44",3,5832,0.2558641975308642,0.23981095679012346,0.2743827160493827,0.2558641975308642,0.2558641975308642,0.9999691358024692,0.9999228395061728,1.0,0.9999691358024692,0.9999691358024692,0.15374040111175433,0.13253133142120518,0.17621221360592215,0.15374040111175433,0.15374040111175433,0.040586419753086425,0.03518132716049383,0.0462962962962963,0.04058641975308642,0.04058641975308642,0.16873866017384537,0.14551985769289008,0.1936073143249069,0.16873866017384537,0.16873866017384537,0.040123456790123455,0.2699074074074075,0.0,0.004629629629629629,1.0,97.85185185185185,856.1944444444445,85.18106995884774,4400.1543209876545,29227.392489711932,4459.810185185185,2.0,0.27789571322500706,0.6445602513849735,0.23479200899600983,0.597854284569621,0.2323955,0.59401425,0.0072498805820941925,0.011249911040067673,0.035457778722047806,0.04420843906700611,0.27789571322500706,0.28197901944319403,0.6445602513849735,0.6349610009541113
sign,2,branch,4096,0.0,648,1,42,3,1944,0.2558641975308642,0.23981095679012346,0.2743827160493827,0.2558641975308642,0.2558641975308642,1.0,0.9999999999999998,1.0,1.0,1.0,0.15374040111175433,0.13253133142120518,0.17621221360592215,0.15374040111175433,0.15374040111175433,0.04058641975308642,0.035181327160493825,0.046296296296296294,0.04058641975308642,0.04058641975308642,0.16873866017384537,0.14551985769289008,0.1936073143249069,0.16873866017384537,0.16873866017384537,0.0,0.2699074074074075,0.0,0.004629629629629629,1.0,97.85185185185185,865.0956790123457,0.0,4459.751543209876,29391.14814814815,4459.810185185185,2.0,0.29216636903584003,0.7087339414283632,0.24583283811807632,0.6522607523947953,0.243063,0.6485875,0.007833819836378098,0.016570300795137875,0.037499936297535896,0.05245900247246027,0.29216636903584003,0.29189581982791424,0.7087339414283632,0.6865896750241518
sign,2,branch,4096,0.1,648,3,"42,43,44",3,5832,0.2558641975308642,0.23981095679012346,0.2743827160493827,0.2558641975308642,0.2558641975308642,1.0,0.9999999999999998,1.0,1.0,1.0,0.15374040111175433,0.13253133142120518,0.17621221360592215,0.15374040111175433,0.15374040111175433,0.040586419753086425,0.03518132716049383,0.0462962962962963,0.04058641975308642,0.04058641975308642,0.16873866017384537,0.14551985769289008,0.1936073143249069,0.16873866017384537,0.16873866017384537,0.0,0.2699074074074075,0.0,0.004629629629629629,1.0,97.85185185185185,865.0956790123457,86.08384773662551,4459.751543209876,29391.14814814815,4459.810185185185,2.0,0.27858372777700424,0.6691225338727235,0.23339595645666122,0.6221579853445292,0.230875,0.61856685,0.007207971066236496,0.011083623394370079,0.035791657865047455,0.04437519237399101,0.27858372777700424,0.2766039688140154,0.6691225338727235,0.6591971109931667
sign,2,scan,0,0.0,648,1,42,3,1944,0.2558641975308642,0.23981095679012346,0.2743827160493827,0.2558641975308642,0.2558641975308642,1.0,0.9999999999999998,1.0,1.0,1.0,0.15374040111175433,0.13253133142120518,0.17621221360592215,0.15374040111175433,0.15374040111175433,0.04058641975308642,0.035181327160493825,0.046296296296296294,0.04058641975308642,0.04058641975308642,0.16873866017384537,0.14551985769289008,0.1936073143249069,0.16873866017384537,0.16873866017384537,0.0,0.2699074074074075,0.0,0.004629629629629629,1.0,97.85185185185185,0.0,0.0,4459.810185185185,0.0,4459.810185185185,2.0,0.17660437151789665,0.3382605966180563,0.13339589349925518,0.292583298869431,0.13195849999999998,0.29073125,0.006959307938814163,0.009868596680462357,0.034874770790338516,0.0422503100708127,0.17660437151789665,0.1769170630723238,0.3382605966180563,0.3334751818329096
sign,4,branch,0,0.0,648,1,42,3,1944,0.3912037037037037,0.37191358024691357,0.4101851851851851,0.3912037037037037,0.3912037037037037,1.0,0.9999999999999998,1.0,1.0,1.0,0.21999296364763327,0.19538748819199328,0.2456217742362419,0.21999296364763327,0.21999296364763327,0.05648148148148149,0.05030864197530864,0.06311728395061728,0.05648148148148149,0.05648148148148149,0.24183343662510334,0.21615722958026198,0.27026066579596675,0.24183343662510334,0.24183343662510334,0.0,0.4248456790123457,0.0,0.0,1.0,99.54938271604938,1619.3626543209878,0.0,8362.212962962964,54135.8024691358,8362.447530864198,4.0,0.49779145047068596,1.19071863591671,0.449812738224864,1.1390211991965769,0.4468335,1.13243925,0.0077909789979457855,0.016103521920740566,0.03804103471338749,0.05221248138695953,0.49779145047068596,0.485333614051342,1.19071863591671,1.1527000926434994
sign,4,branch,0,0.1,648,3,"42,43,44",3,5832,0.3912037037037037,0.37191358024691357,0.41018518518518515,0.3912037037037037,0.3912037037037037,1.0,0.9999999999999998,1.0,1.0,1.0,0.21999296364763327,0.19538748819199328,0.2456217742362419,0.21999296364763327,0.21999296364763327,0.056481481481481494,0.05030864197530865,0.06311728395061729,0.05648148148148149,0.05648148148148149,0.24183343662510334,0.21615722958026198,0.27026066579596675,0.24183343662510334,0.24183343662510334,0.0,0.4248456790123457,0.0,0.0,1.0,99.54938271604938,1619.3626543209878,161.5030864197531,8362.212962962964,54135.8024691358,8362.447530864198,4.0,0.4893327131867409,1.1604414787143469,0.4400624893605709,1.10781027469784,0.4376465,1.10484535,0.0075837597250938416,0.012833834625780582,0.03729062154889107,0.047268625348806374,0.4893327131867409,0.48352071704963845,1.1604414787143469,1.1414986957485476
sign,4,branch,16,0.0,648,1,42,3,1944,0.00046296296296296303,0.0,0.0010802469135802468,0.00046296296296296303,0.00046296296296296303,0.012237654320987655,0.005709490740740741,0.020402006172839503,0.012237654320987655,0.012237654320987655,0.00016511285859145645,0.0,0.0004953385757743693,0.00016511285859145645,0.00016511285859145645,0.00015432098765432098,0.0,0.000462962962962963,0.00015432098765432098,0.00015432098765432098,0.00030864197530864197,0.0,0.000925925925925926,0.00030864197530864197,0.00030864197530864197,0.9922839506172839,0.4248456790123457,0.8796296296296297,0.8950617283950617,0.038564814814814816,3.4058641975308643,15.907407407407407,0.0,3.424382716049383,538.6867283950618,8362.447530864198,4.0,0.01804158091545105,0.0327499583363533,0.010832678526639938,0.013625179417431355,0.008916,0.011458,0.006292015314102173,0.0075837597250938416,0.0006249174475669861,0.012403493747115128,0.01804158091545105,0.017958926036953926,0.0327499583363533,0.03245621919631958
sign,4,branch,16,0.1,648,3,"42,43,44",3,5832,0.00046296296296296303,0.0,0.001080246913580247,0.00046296296296296303,0.00046296296296296303,0.012175925925925927,0.005781764403292181,0.020361496913580246,0.011990740740740741,0.012299382716049382,0.00016511285859145645,0.0,0.0004953385757743693,0.00016511285859145645,0.00016511285859145645,0.000154320987654321,0.0,0.00046296296296296303,0.00015432098765432098,0.00015432098765432098,0.000308641975308642,0.0,0.0009259259259259261,0.00030864197530864197,0.00030864197530864197,0.9922839506172839,0.4248456790123457,0.6558641975308642,0.7916666666666666,0.06688271604938271,6.237654320987654,15.907407407407407,1.5581275720164611,6.2597736625514395,534.4855967078189,8362.447530864198,4.0,0.019082799553871155,0.03643548116087913,0.011333031579852104,0.015041534788906574,0.009375,0.012875,0.006375368684530258,0.007915985770523548,0.0006658956408500671,0.014667143113911152,0.019082799553871155,0.020138686522841454,0.03643548116087913,0.03377246515204508
sign,4,branch,32,0.0,648,1,42,3,1944,0.0030864197530864196,0.0015432098765432098,0.00478395061728395,0.0030864197530864196,0.0030864197530864196,0.02526234567901235,0.016447916666666666,0.03634297839506173,0.02526234567901235,0.02526234567901235,0.002665573266385533,0.00016511285859145645,0.006311747641706275,0.002665573266385533,0.002665573266385533,0.0006172839506172839,0.00015432098765432098,0.001234567901234568,0.0006172839506172839,0.0006172839506172839,0.002752057613168724,0.00030864197530864197,0.006481481481481481,0.002752057613168724,0.002752057613168724,0.9876543209876543,0.4248456790123457,0.8287037037037037,0.8395061728395061,0.07614197530864197,7.16358024691358,31.75925925925926,0.0,7.671296296296297,1083.9938271604938,8362.447530864198,4.0,0.020687468349933624,0.04595797508955002,0.013249926269054413,0.018499791622161865,0.011125,0.016125,0.0063749030232429504,0.007832888513803482,0.0006249174475669861,0.020576408132910725,0.020687468349933624,0.020625069737434387,0.04595797508955002,0.04555450286716221
sign,4,branch,32,0.1,648,3,"42,43,44",3,5832,0.0027777777777777783,0.0013888888888888892,0.0042695473251028815,0.0024691358024691358,0.0030864197530864196,0.024007201646090534,0.015243055555555553,0.034519675925925926,0.023858024691358025,0.024212962962962964,0.0024216563614127403,0.0001625944752353082,0.005904142733896187,0.0019413777015356002,0.002665573266385533,0.000565843621399177,0.00010288065843621399,0.001234567901234568,0.00046296296296296303,0.0006172839506172839,0.0025805898491083677,0.000308641975308642,0.006192343964334703,0.0022376543209876544,0.002752057613168724,0.9876543209876543,0.4248456790123457,0.36985596707818924,0.5684156378600823,0.15749485596707818,15.2988683127572,31.75925925925926,3.1213991769547325,15.843621399176953,1066.5653292181069,8362.447530864198,4.0,0.02654222771525383,0.05174987018108368,0.014687655493617058,0.020708166994154453,0.0125,0.018310449999999992,0.0064997002482414246,0.008209142833948135,0.005041947588324547,0.023792032152414322,0.02654222771525383,0.026909944911797844,0.05174987018108368,0.04781117507567008
sign,4,branch,64,0.0,648,1,42,3,1944,0.018364197530864195,0.013580246913580247,0.02376543209876543,0.018364197530864195,0.018364197530864195,0.06973765432098765,0.054566358024691355,0.08563811728395061,0.06973765432098765,0.06973765432098765,0.01642771187522823,0.008980895452046262,0.024656976491188982,0.01642771187522823,0.01642771187522823,0.00447530864197531,0.0023148148148148147,0.007253086419753086,0.00447530864197531,0.00447530864197531,0.0163112607557052,0.008949448185559298,0.024181864945753834,0.0163112607557052,0.0163112607557052,0.9845679012345679,0.4248456790123457,0.6651234567901234,0.6712962962962963,0.19328703703703703,18.878086419753085,63.276234567901234,0.0,27.425925925925927,2193.489197530864,8362.447530864198,4.0,0.026667024940252304,0.07389094680547713,0.018770573660731316,0.031702709384262555,0.016209,0.029576699999999997,0.006458256393671036,0.00820821151137352,0.0006668269634246826,0.03495905548334122,0.026667024940252304,0.026333145797252655,0.07389094680547713,0.07327091880142687
sign,4,branch,64,0.1,648,3,"42,43,44",3,5832,0.015174897119341568,0.010286779835390947,0.020222479423868307,0.015123456790123458,0.015277777777777779,0.06393004115226338,0.0486875,0.07935005144032921,0.06375,0.06404320987654322,0.01298200222362939,0.006572590963275993,0.020434778763272703,0.012044969095847746,0.013745238748932397,0.003806584362139918,0.0017991255144032923,0.006635802469135801,0.0035493827160493823,0.004012345679012345,0.01279617159246789,0.006532493141289437,0.019997934592842,0.012196034418256639,0.013482042648709313,0.9845679012345679,0.4248456790123457,0.10905349794238682,0.23816872427983538,0.369429012345679,36.492283950617285,63.276234567901234,6.237654320987654,45.63014403292181,2139.9711934156376,8362.447530864198,4.0,0.0430205836892128,0.07685229647904633,0.0227498821914196,0.03370828926563263,0.020125,0.031041,0.0067497603595256805,0.008624978363513947,0.012875068932771683,0.03547740634530782,0.0430205836892128,0.04177113684515159,0.07685229647904633,0.07444464912017186
sign,4,branch,128,0.0,648,1,42,3,1944,0.14382716049382716,0.13055555555555556,0.15833719135802468,0.14382716049382716,0.14382716049382716,0.3012654320987654,0.2783912037037036,0.3234891975308642,0.3012654320987654,0.3012654320987654,0.11634131666298549,0.09650300916487053,0.13714871481974122,0.11634131666298549,0.11634131666298549,0.028086419753086424,0.022993827160493828,0.033491512345679014,0.028086419753086424,0.028086419753086424,0.11779681224125668,0.09672330113302335,0.13719402928604313,0.11779681224125668,0.11779681224125668,0.9583333333333334,0.4248456790123457,0.17592592592592593,0.17746913580246915,0.7018981481481481,69.7391975308642,125.54938271604938,0.0,182.05092592592592,4426.270061728395,8362.447530864198,4.0,0.08366722613573074,0.10686714667826888,0.04268740303814411,0.0634815078228712,0.0400415,0.060445549999999994,0.006667338311672211,0.00837491825222969,0.033250078558921814,0.03754207864403725,0.08366722613573074,0.08495827205479145,0.10686714667826888,0.10436021257191896
sign,4,branch,128,0.1,648,3,"42,43,44",3,5832,0.11219135802469136,0.10061342592592593,0.12433127572016461,0.11080246913580247,0.11327160493827161,0.25689300411522636,0.23444174382716051,0.278395061728395,0.2556635802469136,0.257608024691358,0.08957795155236946,0.07197769494144388,0.1075328190577435,0.08810238101592421,0.09095515754995524,0.02217078189300412,0.017588734567901235,0.026954732510288067,0.021604938271604937,0.022685185185185187,0.09171910908022018,0.0725946510408316,0.11019353867154792,0.08971661054994388,0.09348645181978515,0.9583333333333334,0.4248456790123457,0.0036008230452674894,0.016460905349794237,0.8313477366255144,82.68415637860082,125.54938271604938,12.516975308641975,197.32613168724282,4307.813786008232,8362.447530864198,4.0,0.08454197086393833,0.11043574195355176,0.043584033846855164,0.06551877595484255,0.040625,0.062459,0.006832648068666458,0.008707866072654724,0.03333296626806259,0.03893510438501834,0.08454197086393833,0.08433312177658081,0.11043574195355176,0.10576007577280203
sign,4,branch,256,0.0,648,1,42,3,1944,0.31527777777777777,0.2998456790123456,0.3310223765432098,0.31527777777777777,0.31527777777777777,0.6451543209876544,0.6308306327160494,0.6593097993827159,0.6451543209876544,0.6451543209876544,0.19116581176379807,0.16865704173074644,0.21594171751042854,0.19116581176379807,0.19116581176379807,0.04876543209876544,0.04274691358024692,0.055246913580246915,0.04876543209876544,0.04876543209876544,0.20372472606268904,0.18024453780530167,0.22959485591140683,0.20372472606268904,0.20372472606268904,0.9182098765432098,0.4248456790123457,0.0,0.0,1.0,99.54938271604938,246.08179012345678,0.0,732.729938271605,8334.327160493827,8362.447530864198,4.0,0.1277080737054348,0.15960624441504478,0.08558295667171478,0.11252872645854949,0.082125,0.10844554999999999,0.006833113729953766,0.008999835699796677,0.03462471067905426,0.04141591489315033,0.1277080737054348,0.12764590792357922,0.15960624441504478,0.14887291472405195
sign,4,branch,256,0.1,648,3,"42,43,44",3,5832,0.31049382716049384,0.294647633744856,0.3260300925925925,0.3100308641975309,0.31080246913580245,0.6313271604938272,0.616136574074074,0.6460394804526749,0.6307870370370371,0.632283950617284,0.1912396644624867,0.1685358430078473,0.21598305113884045,0.19001300923894723,0.1924325544945229,0.04897119341563787,0.0430542695473251,0.05545267489711934,0.04876543209876543,0.04907407407407408,0.20274776806412612,0.17919010562625529,0.22754955671043633,0.20151891575502687,0.20391946445187184,0.9182098765432098,0.4248456790123457,0.0,0.0,1.0,99.54938271604938,246.08179012345678,24.51851851851852,755.1095679012345,8107.812242798354,8362.447530864198,4.0,0.13243756256997585,0.17170426435768602,0.09012501686811447,0.1220603473484516,0.0867705,0.11741645,0.00695791095495224,0.010125339031219482,0.034582801163196564,0.04239361733198165,0.13243756256997585,0.13327808119356632,0.17170426435768602,0.15234166445831457
sign,4,branch,512,0.0,648,1,42,3,1944,0.35478395061728396,0.33672067901234565,0.37238040123456784,0.35478395061728396,0.35478395061728396,0.8012808641975309,0.7891508487654322,0.8137820216049383,0.8012808641975309,0.8012808641975309,0.2102274284026472,0.18659682286906804,0.23638703789437956,0.2102274284026472,0.2102274284026472,0.05339506172839507,0.04722222222222222,0.05987654320987654,0.05339506172839507,0.05339506172839507,0.2257840539090539,0.2007091828995764,0.2539885771164706,0.2257840539090539,0.2257840539090539,0.8271604938271605,0.4248456790123457,0.0,0.0,1.0,99.54938271604938,469.3317901234568,0.0,1588.087962962963,16927.742283950618,8362.447530864198,4.0,0.20789634436368942,0.2722902921959758,0.16362499445676804,0.2172435401007533,0.1585205,0.21039739999999998,0.007458962500095367,0.012208241969347,0.03645848482847214,0.04694035742431878,0.20789634436368942,0.20816666074097157,0.2722902921959758,0.2476251684129238
sign,4,branch,512,0.1,648,3,"42,43,44",3,5832,0.3545781893004115,0.33682484567901233,0.3723289609053498,0.3537037037037037,0.3552469135802469,0.7997890946502058,0.7874741512345679,0.8121820987654321,0.7987654320987655,0.8005246913580247,0.2109215146013921,0.18697743273414094,0.23730106492136274,0.21017121846599465,0.21155909144358917,0.053652263374485594,0.0474266975308642,0.060032150205761324,0.05339506172839507,0.05385802469135803,0.22689002098724326,0.20146055322849302,0.25451749168184357,0.22532109094609096,0.22809886872386873,0.8271604938271605,0.4248456790123457,0.0,0.0,1.0,99.54938271604938,469.3317901234568,46.883230452674894,1655.9356995884773,16358.42695473251,8362.447530864198,4.0,0.20175008103251457,0.2986646490171551,0.157979317009449,0.23220018483698365,0.153792,0.22318544999999998,0.007166992872953415,0.014643883332610123,0.03554113209247589,0.050685601308941834,0.20175008103251457,0.20504859276115894,0.2986646490171551,0.23643859506895146
sign,4,branch,1024,0.0,648,1,42,3,1944,0.37839506172839504,0.3595640432098765,0.3970756172839505,0.37839506172839504,0.37839506172839504,0.9373148148148146,0.9304594907407406,0.9439506172839505,0.9373148148148146,0.9373148148148146,0.21529057213073383,0.1908300730723185,0.24074035262915697,0.21529057213073383,0.21529057213073383,0.05555555555555555,0.049228395061728394,0.0620408950617284,0.05555555555555555,0.05555555555555555,0.2342459880654325,0.20757637413598062,0.26291060266465355,0.2342459880654325,0.2342459880654325,0.6496913580246914,0.4248456790123457,0.0,0.0,1.0,99.54938271604938,847.2623456790124,0.0,3410.7916666666665,30808.83487654321,8362.447530864198,4.0,0.33570826053619385,0.41257659904658794,0.29047904536128044,0.3632912412285805,0.283667,0.35577325,0.007541850209236145,0.012416718527674675,0.036665936931967735,0.04458380863070488,0.33570826053619385,0.337979756295681,0.41257659904658794,0.4002767847850919
sign,4,branch,1024,0.1,648,3,"42,43,44",3,5832,0.37834362139917693,0.35951003086419747,0.3969264403292181,0.37824074074074077,0.37839506172839504,0.9343930041152264,0.9274528034979423,0.9408954475308641,0.9341666666666667,0.9345370370370369,0.21569146787056212,0.19121535913020246,0.24131603375446006,0.21535839110590688,0.21595874850880165,0.05570987654320989,0.04953446502057613,0.062192644032921816,0.05555555555555555,0.055864197530864204,0.23530051481440373,0.20891551349884685,0.26411237264535875,0.2342459880654325,0.23640648189259297,0.6496913580246914,0.4248456790123457,0.0,0.0,1.0,99.54938271604938,847.2623456790124,84.48045267489712,3466.9202674897115,30167.951646090532,8362.447530864198,4.0,0.32714614644646645,0.4212463041767478,0.28379145078361034,0.3685189876705408,0.277917,0.361125,0.007375143468379974,0.01343553885817527,0.03545847721397877,0.04629185423254967,0.32714614644646645,0.3336390946060419,0.4212463041767478,0.38551122415810823
sign,4,branch,2048,0.0,648,1,42,3,1944,0.38996913580246917,0.37067515432098763,0.40864583333333326,0.38996913580246917,0.38996913580246917,0.9944135802469136,0.9929783950617284,0.9956639660493826,0.9944135802469136,0.9944135802469136,0.22002219038787613,0.1954057578524456,0.2456719920312265,0.22002219038787613,0.22002219038787613,0.05648148148148149,0.05030864197530864,0.06311728395061728,0.05648148148148149,0.05648148148148149,0.24183343662510334,0.21615722958026198,0.27026066579596675,0.24183343662510334,0.24183343662510334,0.3410493827160494,0.4248456790123457,0.0,0.0,1.0,99.54938271604938,1344.4367283950617,0.0,6476.723765432099,47044.09413580247,8362.447530864198,4.0,0.5023539997637272,0.7954980013892055,0.45541650615632534,0.735329557210207,0.452646,0.7274518499999998,0.0077500008046627045,0.017147487960755815,0.03825034946203232,0.05520605482161042,0.5023539997637272,0.4926875699311495,0.7954980013892055,0.7375936023890972
sign,4,branch,2048,0.1,648,3,"42,43,44",3,5832,0.3902777777777778,0.3709812242798354,0.40900848765432096,0.3901234567901235,0.3904320987654321,0.9940637860082306,0.9925308641975308,0.9954012345679012,0.9939351851851853,0.9941820987654322,0.21999655186211903,0.19538757789735542,0.24563235946897494,0.21999296364763327,0.22000372829109058,0.056481481481481494,0.05030864197530865,0.06311728395061729,0.05648148148148149,0.05648148148148149,0.24183343662510334,0.21615722958026198,0.27026066579596675,0.24183343662510334,0.24183343662510334,0.3410493827160494,0.4248456790123457,0.0,0.0,1.0,99.54938271604938,1344.4367283950617,134.00360082304528,6496.118827160494,46698.352366255145,8362.447530864198,4.0,0.48895832151174545,0.7487481227144598,0.4420834593474865,0.6978749297559261,0.439729,0.6899128,0.007582828402519226,0.013227388262748711,0.036458950489759445,0.04716683179140091,0.48895832151174545,0.4806598493208488,0.7487481227144598,0.7125020648042361
sign,4,branch,4096,0.0,648,1,42,3,1944,0.3912037037037037,0.37191358024691357,0.4101851851851851,0.3912037037037037,0.3912037037037037,1.0,0.9999999999999998,1.0,1.0,1.0,0.21999296364763327,0.19538748819199328,0.2456217742362419,0.21999296364763327,0.21999296364763327,0.05648148148148149,0.05030864197530864,0.06311728395061728,0.05648148148148149,0.05648148148148149,0.24183343662510334,0.21615722958026198,0.27026066579596675,0.24183343662510334,0.24183343662510334,0.007716049382716049,0.4248456790123457,0.0,0.0,1.0,99.54938271604938,1618.9753086419753,0.0,8359.689814814816,54131.07716049383,8362.447530864198,4.0,0.4821871407330036,1.1391714913770556,0.4324789624661207,1.0914027690887451,0.429,1.0879268,0.0074999406933784485,0.011701975017786023,0.037041958421468735,0.04479181952774525,0.4821871407330036,0.47756265848875046,1.1391714913770556,1.1384631041437385
sign,4,branch,4096,0.1,648,3,"42,43,44",3,5832,0.3912037037037037,0.37191358024691357,0.41018518518518515,0.3912037037037037,0.3912037037037037,1.0,0.9999999999999998,1.0,1.0,1.0,0.21999296364763327,0.19538748819199328,0.2456217742362419,0.21999296364763327,0.21999296364763327,0.056481481481481494,0.05030864197530865,0.06311728395061729,0.05648148148148149,0.05648148148148149,0.24183343662510334,0.21615722958026198,0.27026066579596675,0.24183343662510334,0.24183343662510334,0.007716049382716049,0.4248456790123457,0.0,0.0,1.0,99.54938271604938,1618.9753086419753,161.46913580246914,8359.64403292181,54131.125,8362.447530864198,4.0,0.49293763004243374,1.1700921924784777,0.4440413322299719,1.121129374951124,0.4415835,1.1145791999999999,0.007584225386381149,0.013875053264200687,0.03737490624189377,0.04922766238451003,0.49293763004243374,0.4927014621595541,1.1700921924784777,1.1466037404413023
sign,4,scan,0,0.0,648,1,42,3,1944,0.3912037037037037,0.37191358024691357,0.4101851851851851,0.3912037037037037,0.3912037037037037,1.0,0.9999999999999998,1.0,1.0,1.0,0.21999296364763327,0.19538748819199328,0.2456217742362419,0.21999296364763327,0.21999296364763327,0.05648148148148149,0.05030864197530864,0.06311728395061728,0.05648148148148149,0.05648148148148149,0.24183343662510334,0.21615722958026198,0.27026066579596675,0.24183343662510334,0.24183343662510334,0.0,0.4248456790123457,0.0,0.0,1.0,99.54938271604938,0.0,0.0,8362.447530864198,0.0,8362.447530864198,4.0,0.26489561423659325,0.5509561160579324,0.22002100013196468,0.5086543969810009,0.21860400000000002,0.5070018499999999,0.0069998204708099365,0.009708106517791748,0.03518746234476566,0.04306440241634844,0.26489561423659325,0.2617912832647562,0.5509561160579324,0.5543830106034874
sign,8,branch,0,0.0,648,1,42,3,1944,0.5459876543209877,0.5277777777777777,0.5665200617283949,0.5459876543209877,0.5459876543209877,1.0,0.9999999999999998,1.0,1.0,1.0,0.28754858501274067,0.2617564832193253,0.31543476531761866,0.28754858501274067,0.28754858501274067,0.07376543209876543,0.06666666666666668,0.08132716049382716,0.07376543209876543,0.07376543209876543,0.32287767530823086,0.29431135543982767,0.3534383086263873,0.32287767530823086,0.32287767530823086,0.0,0.6172839506172839,0.0,0.0,1.0,99.88888888888889,2898.953703703704,0.0,14962.618827160493,93812.26080246913,14963.20524691358,8.0,0.9736043866723776,1.9082267768681047,0.919208163395524,1.8446963978931308,0.9145829999999999,1.8385143999999998,0.009333016350865364,0.020522857084870328,0.041624996811151505,0.062112370505928986,0.9736043866723776,0.9559369646012783,1.9082267768681047,1.8328965874388814
sign,8,branch,0,0.1,648,3,"42,43,44",3,5832,0.5459876543209877,0.5277777777777777,0.5665200617283949,0.5459876543209877,0.5459876543209877,1.0,0.9999999999999998,1.0,1.0,1.0,0.28754858501274067,0.2617564832193253,0.31543476531761866,0.28754858501274067,0.28754858501274067,0.07376543209876543,0.06666666666666668,0.08132716049382717,0.07376543209876543,0.07376543209876543,0.32287767530823086,0.29431135543982767,0.3534383086263873,0.32287767530823086,0.32287767530823086,0.0,0.6172839506172839,0.0,0.0,1.0,99.88888888888889,2898.953703703704,289.6378600823045,14962.618827160493,93812.26080246913,14963.20524691358,8.0,0.9461452718824148,1.8082858994603155,0.8942501153796911,1.7489437013864515,0.890125,1.7422171499999999,0.008457805961370468,0.016792211681604385,0.040499959141016006,0.05541644059121609,0.9461452718824148,0.9381182802220185,1.8082858994603155,1.7878287316610413
sign,8,branch,16,0.0,648,1,42,3,1944,0.001080246913580247,0.00030864197530864197,0.002006172839506173,0.001080246913580247,0.001080246913580247,0.007746913580246914,0.0026689814814814814,0.014060956790123456,0.007746913580246914,0.007746913580246914,0.003378733103634998,0.00016098503712667027,0.007539515961494795,0.003378733103634998,0.003378733103634998,0.0006172839506172839,0.0001504629629629632,0.0012345679012345679,0.0006172839506172839,0.0006172839506172839,0.0031378600823045266,0.0003009259259259264,0.006995884773662551,0.0031378600823045266,0.0031378600823045266,0.9969135802469136,0.6172839506172839,0.7947530864197531,0.8117283950617284,0.07467592592592592,7.356481481481482,15.983024691358025,0.0,7.479938271604938,485.087962962963,14963.20524691358,8.0,0.01895800232887268,0.05255925934761761,0.011416152119636536,0.018916884437203407,0.009270500000000001,0.015292,0.0064997002482414246,0.012391852214932426,0.0006658956408500671,0.019445619545876973,0.01895800232887268,0.018707942217588425,0.05255925934761761,0.03910409286618232
sign,8,branch,16,0.1,648,3,"42,43,44",3,5832,0.0010802469135802472,0.000308641975308642,0.0020061728395061734,0.001080246913580247,0.001080246913580247,0.007577160493827161,0.002628472222222222,0.013897119341563785,0.0071913580246913585,0.007793209876543209,0.003378733103634998,0.00016098503712667027,0.007539515961494795,0.003378733103634998,0.003378733103634998,0.000617283950617284,0.00015046296296296322,0.001234567901234568,0.0006172839506172839,0.0006172839506172839,0.0031378600823045266,0.00030092592592592644,0.006995884773662551,0.0031378600823045266,0.0031378600823045266,0.9969135802469136,0.6172839506172839,0.7093621399176954,0.7752057613168725,0.0850977366255144,8.398662551440328,15.983024691358025,1.5766460905349793,8.558641975308642,486.6496913580247,14963.20524691358,8.0,0.019040890038013458,0.0414544017985463,0.011458061635494232,0.016124919056892395,0.009333,0.01370845,0.006457790732383728,0.007917173206806183,0.0006658956408500671,0.01760253217071294,0.019040890038013458,0.01909025013446808,0.0414544017985463,0.037946474427978195
sign,8,branch,32,0.0,648,1,42,3,1944,0.0018518518518518521,0.0009259259259259259,0.002932098765432099,0.0018518518518518521,0.0018518518518518521,0.009675925925925926,0.003902391975308642,0.01630092592592592,0.009675925925925926,0.009675925925925926,0.003378733103634998,0.00016098503712667027,0.007539515961494795,0.003378733103634998,0.003378733103634998,0.0006172839506172839,0.0001504629629629632,0.0012345679012345679,0.0006172839506172839,0.0006172839506172839,0.0031378600823045266,0.0003009259259259264,0.006995884773662551,0.0031378600823045266,0.0031378600823045266,0.9953703703703703,0.6172839506172839,0.7654320987654321,0.779320987654321,0.09225308641975309,9.114197530864198,31.915123456790123,0.0,9.447530864197532,980.3364197530864,14963.20524691358,8.0,0.020625069737434387,0.041856337338685976,0.013208948075771332,0.017856154590845098,0.010917,0.015292,0.006292015314102173,0.008084275759756565,0.0006249174475669861,0.016641942784190164,0.020625069737434387,0.02045789733529091,0.041856337338685976,0.04070617724210024
sign,8,branch,32,0.1,648,3,"42,43,44",3,5832,0.0016460905349794243,0.000771604938271605,0.0026748971193415643,0.0015432098765432098,0.0018518518518518521,0.009346707818930041,0.00370679012345679,0.015912037037037034,0.009058641975308642,0.00962962962962963,0.0033741272154992437,0.00015649429619430964,0.007534794926155647,0.0033649154392277345,0.003378733103634998,0.000617283950617284,0.00015046296296296322,0.001234567901234568,0.0006172839506172839,0.0006172839506172839,0.0031378600823045266,0.00030092592592592644,0.006995884773662551,0.0031378600823045266,0.0031378600823045266,0.9953703703703703,0.6172839506172839,0.4351851851851852,0.5946502057613169,0.15041152263374485,14.930041152263376,31.915123456790123,3.1394032921810697,15.348765432098766,976.360596707819,14963.20524691358,8.0,0.025584129616618156,0.05045812577009201,0.014500226825475693,0.020625069737434387,0.012125,0.017833,0.006457790732383728,0.008292030543088913,0.004375120624899864,0.022042077034711838,0.025584129616618156,0.025812536478042603,0.05045812577009201,0.04457589238882064
sign,8,branch,64,0.0,648,1,42,3,1944,0.007716049382716049,0.004475308641975309,0.011574074074074073,0.007716049382716049,0.007716049382716049,0.01953703703703704,0.011944058641975307,0.02746952160493827,0.01953703703703704,0.01953703703703704,0.009889563872614702,0.004732086418541872,0.016261027208540786,0.009889563872614702,0.009889563872614702,0.003240740740740741,0.0012345679012345679,0.006172839506172838,0.003240740740740741,0.003240740740740741,0.009006734006734008,0.004372427983539095,0.014778338945005609,0.009006734006734008,0.009006734006734008,0.9953703703703703,0.6172839506172839,0.6790123456790124,0.6898148148148148,0.15675925925925926,15.564814814814815,63.766975308641975,0.0,17.578703703703702,1984.1666666666667,14963.20524691358,8.0,0.026124995201826096,0.059177540242671946,0.01824973151087761,0.025326758623123165,0.0155,0.02236254999999999,0.0064158812165260315,0.00829189084470272,0.0006668269634246826,0.02815984189510345,0.026124995201826096,0.025749672204256058,0.059177540242671946,0.059135816991329186
sign,8,branch,64,0.1,648,3,"42,43,44",3,5832,0.005349794238683129,0.003240740740740741,0.007818930041152264,0.0049382716049382715,0.005709876543209876,0.018204732510288067,0.010947916666666667,0.026120627572016455,0.017993827160493827,0.018564814814814815,0.005892632241517306,0.0017825018797032709,0.010969047007653904,0.005209622258714713,0.007125482557265422,0.0012860082304526751,0.000565843621399177,0.002160493827160494,0.001080246913580247,0.0015432098765432098,0.005267957351290685,0.0017691381406659181,0.009619633838383837,0.0045127197904975686,0.006224279835390947,0.9953703703703703,0.6172839506172839,0.1419753086419753,0.28497942386831276,0.3195627572016461,31.845164609053494,63.766975308641975,6.295267489711934,34.84567901234568,1955.1625514403295,14963.20524691358,8.0,0.0400003045797348,0.07031047716736792,0.021645566448569298,0.030749943107366562,0.018875,0.02754145,0.006707850843667984,0.008582603186368942,0.011082971468567848,0.0327499583363533,0.0400003045797348,0.03918035266300043,0.07031047716736792,0.06548456537226836
sign,8,branch,128,0.0,648,1,42,3,1944,0.035493827160493825,0.027773919753086414,0.044139660493827164,0.035493827160493825,0.035493827160493825,0.07248456790123457,0.05847145061728395,0.08702391975308642,0.07248456790123457,0.07248456790123457,0.035241686506213926,0.02450683818908492,0.046824224498591194,0.035241686506213926,0.035241686506213926,0.008487654320987654,0.005555555555555556,0.012037037037037035,0.008487654320987654,0.008487654320987654,0.03619478515311848,0.024646030409919296,0.04827361745764523,0.03619478515311848,0.03619478515311848,0.9922839506172839,0.6172839506172839,0.49228395061728397,0.49537037037037035,0.35032407407407407,34.9212962962963,127.45524691358025,0.0,63.22067901234568,4078.7206790123455,14963.20524691358,8.0,0.04352047108113766,0.09685030672699212,0.029750168323516846,0.05366071127355098,0.026208,0.05007685,0.006541609764099121,0.008333008736371994,0.007562572136521339,0.03699390217661857,0.04352047108113766,0.04202104173600674,0.09685030672699212,0.09537488222122192
sign,8,branch,128,0.1,648,3,"42,43,44",3,5832,0.02813786008230453,0.021550925925925928,0.03539223251028807,0.027777777777777776,0.02854938271604938,0.06141975308641975,0.048247813786008224,0.07552289094650204,0.06098765432098765,0.06191358024691359,0.030396500182393666,0.020524607804171185,0.04114877565450119,0.028936166812096705,0.03202427268531442,0.007304526748971194,0.004732510288065844,0.010802469135802469,0.007098765432098765,0.007561728395061729,0.030573092031425365,0.020526747022696096,0.0417078968699339,0.02928708380097269,0.03263070520014964,0.9922839506172839,0.6172839506172839,0.013888888888888888,0.058127572016460904,0.6629115226337449,66.18004115226339,127.45524691358025,12.693415637860081,100.77006172839506,3975.7273662551434,14963.20524691358,8.0,0.07016700692474842,0.09866224136203526,0.036708079278469086,0.05437133368104695,0.033166,0.05116645,0.006834045052528381,0.00874977558851242,0.026145484298467636,0.03712484613060951,0.07016700692474842,0.06721549046536288,0.09866224136203526,0.09352711495012045
sign,8,branch,256,0.0,648,1,42,3,1944,0.2574074074074074,0.23888503086419752,0.2768557098765432,0.2574074074074074,0.2574074074074074,0.3649537037037037,0.3433792438271605,0.38656057098765434,0.3649537037037037,0.3649537037037037,0.18740910413467027,0.1626959590036794,0.21340455633811592,0.18740910413467027,0.18740910413467027,0.04398148148148148,0.03811728395061728,0.05030864197530864,0.04398148148148148,0.04398148148148148,0.19815946656224434,0.17206366742825074,0.22490989816510648,0.19815946656224434,0.19815946656224434,0.9814814814814815,0.6172839506172839,0.05246913580246913,0.05246913580246913,0.8711728395061729,87.00617283950618,253.50925925925927,0.0,414.01234567901236,8576.060185185184,14963.20524691358,8.0,0.12052059173583984,0.1534937648102641,0.07887464016675949,0.1095769926905632,0.074792,0.10524384999999999,0.0068747904151678085,0.00866735354065895,0.033750198781490326,0.0389165710657835,0.12052059173583984,0.12114620767533779,0.1534937648102641,0.1499707344919443
sign,8,branch,256,0.1,648,3,"42,43,44",3,5832,0.2129115226337449,0.19670524691358027,0.23158693415637857,0.2125,0.21311728395061733,0.3113528806584362,0.28934593621399174,0.3321359310699588,0.3108796296296296,0.31191358024691357,0.16702690127922878,0.14405843868987267,0.19097322152831211,0.16630680095658645,0.16760405335661172,0.038271604938271614,0.03271604938271605,0.044497170781893004,0.03811728395061729,0.038425925925925926,0.17417244535300092,0.1504279596004133,0.19964002625460955,0.17341186334241887,0.1746427569344236,0.9814814814814815,0.6172839506172839,0.0,0.0,0.9802572016460906,97.91460905349794,253.50925925925927,25.209876543209877,442.72890946502065,8294.730967078189,14963.20524691358,8.0,0.12337486259639263,0.16766232438385484,0.08060387335717678,0.11865871492773292,0.076208,0.11343489999999999,0.0069160014390945435,0.010166782885789871,0.03454182296991348,0.04193540662527084,0.12337486259639263,0.12413187262912591,0.16766232438385484,0.15532263399412233
sign,8,branch,512,0.0,648,1,42,3,1944,0.4595679012345679,0.44166280864197527,0.47839506172839497,0.4595679012345679,0.4595679012345679,0.6926697530864198,0.6806010802469136,0.705326774691358,0.6926697530864198,0.6926697530864198,0.26301507422239406,0.23737623231754776,0.2913424987660901,0.26301507422239406,0.26301507422239406,0.06651234567901233,0.05987268518518518,0.07391975308641975,0.06651234567901233,0.06651234567901233,0.28785783403838955,0.25969547577765173,0.31669104268930653,0.28785783403838955,0.28785783403838955,0.9459876543209876,0.6172839506172839,0.0,0.0,1.0,99.88888888888889,500.4737654320988,0.0,1501.8240740740741,17139.163580246914,14963.20524691358,8.0,0.2005628775805235,0.27484986931085587,0.1575842034071684,0.21870192140340805,0.1520415,0.21043129999999996,0.0072503462433815,0.011625164188444614,0.03491714596748352,0.04698748234659433,0.2005628775805235,0.1999374944716692,0.27484986931085587,0.23559187538921833
sign,8,branch,512,0.1,648,3,"42,43,44",3,5832,0.4547325102880659,0.4378086419753086,0.47289737654320985,0.45401234567901233,0.45524691358024694,0.682283950617284,0.6701574074074074,0.6949911265432098,0.6820524691358024,0.6825308641975308,0.2604599118458883,0.23526597823898132,0.28853203754868,0.2602204986739267,0.26059911513138206,0.06568930041152266,0.05945987654320988,0.07304655349794238,0.06558641975308642,0.06589506172839507,0.28391713738935964,0.25610334581399397,0.3124889617626886,0.2830977664310998,0.28478427436760767,0.9459876543209876,0.6172839506172839,0.0,0.0,1.0,99.88888888888889,500.4737654320988,49.98199588477367,1562.7577160493827,16541.584362139918,14963.20524691358,8.0,0.20452053286135197,0.25491234846413136,0.16133300960063934,0.20488570444285867,0.1562085,0.199,0.007125083357095718,0.010583503171801567,0.0350000336766243,0.04245806485414505,0.20452053286135197,0.20437509131928286,0.25491234846413136,0.22728458667794862
sign,8,branch,1024,0.0,648,1,42,3,1944,0.5058641975308642,0.4887345679012346,0.5248533950617283,0.5058641975308642,0.5058641975308642,0.8425154320987654,0.8315555555555555,0.8536902006172838,0.8425154320987654,0.8425154320987654,0.2800211188089184,0.2541531932337513,0.30784192504762303,0.2800211188089184,0.2800211188089184,0.07206790123456791,0.06496913580246914,0.07932484567901235,0.07206790123456791,0.07206790123456791,0.31276965061687284,0.28366168853437373,0.34309644477179196,0.31276965061687284,0.31276965061687284,0.8672839506172839,0.6172839506172839,0.0,0.0,1.0,99.88888888888889,965.4058641975308,0.0,3337.760802469136,34970.22222222222,14963.20524691358,8.0,0.3229374997317791,0.38012489676475525,0.2795211039483547,0.33362535759806633,0.27227049999999997,0.32623739999999996,0.007166992872953415,0.00966705847531557,0.0349581241607666,0.04120776429772377,0.3229374997317791,0.32239663414657116,0.38012489676475525,0.36657226737588644
sign,8,branch,1024,0.1,648,3,"42,43,44",3,5832,0.5062242798353909,0.489196244855967,0.5253215020576131,0.5054012345679012,0.5070987654320988,0.8411574074074073,0.8308294753086419,0.8519828960905349,0.8407870370370369,0.8416820987654321,0.2795025037526778,0.2535377315356199,0.3071733816571014,0.27894326861529717,0.2803298403286813,0.07160493827160495,0.06470807613168725,0.07896090534979425,0.07145061728395061,0.07191358024691358,0.3112007205757206,0.28211522777205644,0.34149598750871896,0.30991471234526785,0.3137727370366259,0.8672839506172839,0.6172839506172839,0.0,0.0,1.0,99.88888888888889,965.4058641975308,96.32510288065845,3469.9727366255147,33826.351337448556,14963.20524691358,8.0,0.35337498411536217,0.436102575622499,0.30785403214395046,0.3806627355515957,0.300292,0.37032935,0.007541850209236145,0.013166526332497597,0.03691716119647026,0.04645783919841051,0.35337498411536217,0.3556597512215376,0.436102575622499,0.3984229794392983
sign,8,branch,2048,0.0,648,1,42,3,1944,0.5364197530864198,0.5186689814814814,0.5563271604938271,0.5364197530864198,0.5364197530864198,0.965246913580247,0.9607094907407407,0.9696608796296294,0.965246913580247,0.965246913580247,0.2870221157365928,0.2615245707247797,0.3144155190438045,0.2870221157365928,0.2870221157365928,0.07376543209876543,0.06666666666666668,0.08132716049382716,0.07376543209876543,0.07376543209876543,0.32208035020535014,0.29373754856683093,0.35203272475552566,0.32208035020535014,0.32208035020535014,0.6820987654320988,0.6172839506172839,0.0,0.0,1.0,99.88888888888889,1763.1774691358025,0.0,7505.108024691358,62731.996913580246,14963.20524691358,8.0,0.6075000856071711,0.7443089503794909,0.5626250058412552,0.693090888671577,0.552146,0.6822312999999999,0.00758306123316288,0.011708121746778488,0.037041958421468735,0.04583410918712616,0.6075000856071711,0.6178331095725298,0.7443089503794909,0.7196061313152313
sign,8,branch,2048,0.1,648,3,"42,43,44",3,5832,0.5340020576131687,0.5159927983539094,0.5541203703703703,0.5334876543209877,0.5342592592592593,0.9626234567901234,0.9578063271604937,0.9672583590534979,0.9624537037037039,0.9628549382716051,0.2850533007799225,0.2594518521608005,0.31270365573189485,0.2850522013479061,0.2850546598142403,0.07361111111111111,0.06666280864197532,0.0811766975308642,0.07361111111111111,0.07361111111111111,0.3191482514399181,0.29111637291035436,0.34970264121595135,0.3191482514399181,0.3191482514399181,0.6820987654320988,0.6172839506172839,0.0,0.0,1.0,99.88888888888889,1763.1774691358025,175.7962962962963,7581.831275720165,61718.298868312755,14963.20524691358,8.0,0.6313954945653677,0.8424541680142283,0.584521098062396,0.772887305356562,0.5748745,0.7589003,0.007874798029661179,0.016518682241439812,0.03833300434052944,0.053810491226613515,0.6313954945653677,0.6469447010507186,0.8424541680142283,0.7505757578959067
sign,8,branch,4096,0.0,648,1,42,3,1944,0.546141975308642,0.5282368827160493,0.566670524691358,0.546141975308642,0.546141975308642,0.9989197530864197,0.9985185185185186,0.9992592592592592,0.9989197530864197,0.9989197530864197,0.28754858501274067,0.2617564832193253,0.31543476531761866,0.28754858501274067,0.28754858501274067,0.07376543209876543,0.06666666666666668,0.08132716049382716,0.07376543209876543,0.07376543209876543,0.32287767530823086,0.29431135543982767,0.3534383086263873,0.32287767530823086,0.32287767530823086,0.2515432098765432,0.6172839506172839,0.0,0.0,1.0,99.88888888888889,2700.6913580246915,0.0,13566.027777777777,90039.66049382716,14963.20524691358,8.0,0.9130833204835653,1.3940457487478852,0.8653125260025263,1.3412456959486008,0.862687,1.3323963499999998,0.007791910320520401,0.012958352454006672,0.038374681025743484,0.04849184770137069,0.9130833204835653,0.916291493922472,1.3940457487478852,1.3814545469358563
sign,8,branch,4096,0.1,648,3,"42,43,44",3,5832,0.546141975308642,0.5282368827160493,0.566670524691358,0.546141975308642,0.546141975308642,0.9988168724279836,0.9983792438271604,0.9991923868312756,0.9988117283950617,0.9988271604938271,0.28754858501274067,0.2617564832193253,0.31543476531761866,0.28754858501274067,0.28754858501274067,0.07376543209876543,0.06666666666666668,0.08132716049382717,0.07376543209876543,0.07376543209876543,0.32287767530823086,0.29431135543982767,0.3534383086263873,0.32287767530823086,0.32287767530823086,0.2515432098765432,0.6172839506172839,0.0,0.0,1.0,99.88888888888889,2700.6913580246915,269.7638888888889,13585.646090534981,89737.9274691358,14963.20524691358,8.0,0.941186910495162,1.4976416481658816,0.8897921070456505,1.4311461010947824,0.8853960000000001,1.4172687499999999,0.008249655365943909,0.01837499439716339,0.038916245102882385,0.05754223093390465,0.941186910495162,0.9327430743724108,1.4976416481658816,1.3796657246227064
sign,8,scan,0,0.0,648,1,42,3,1944,0.5459876543209877,0.5277777777777777,0.5665200617283949,0.5459876543209877,0.5459876543209877,1.0,0.9999999999999998,1.0,1.0,1.0,0.28754858501274067,0.2617564832193253,0.31543476531761866,0.28754858501274067,0.28754858501274067,0.07376543209876543,0.06666666666666668,0.08132716049382716,0.07376543209876543,0.07376543209876543,0.32287767530823086,0.29431135543982767,0.3534383086263873,0.32287767530823086,0.32287767530823086,0.0,0.6172839506172839,0.0,0.0,1.0,99.88888888888889,0.0,0.0,14963.20524691358,0.0,14963.20524691358,8.0,0.4774164408445358,0.8332733064889908,0.4275417886674404,0.7749104406684637,0.424708,0.7707188,0.007624737918376923,0.017042201943695545,0.038125086575746536,0.054493779316544526,0.4774164408445358,0.4712080117315054,0.8332733064889908,0.8028795244172214
sign,16,branch,0,0.0,648,1,42,3,1944,0.6783950617283951,0.662037037037037,0.6972222222222222,0.6783950617283951,0.6783950617283951,1.0,0.9999999999999998,1.0,1.0,1.0,0.3340589002387337,0.3066066830069197,0.3624397502833194,0.3340589002387337,0.3340589002387337,0.08935185185185186,0.08178626543209877,0.09845679012345679,0.08935185185185186,0.08935185185185186,0.3805875066291733,0.34897854899301656,0.4140259267053248,0.3805875066291733,0.3805875066291733,0.0,0.7979938271604938,0.0,0.0,1.0,100.0,4840.260802469136,0.0,24987.202160493827,148704.66666666666,24989.020061728395,16.0,1.5675215981900692,2.557216840796172,1.5140625182539225,2.499240171164274,1.510292,2.4933606999999998,0.00900006853044033,0.018528732471168034,0.04112487658858299,0.056833820417523384,1.5675215981900692,1.5584789216518402,2.557216840796172,2.515653846785426
sign,16,branch,0,0.1,648,3,"42,43,44",3,5832,0.6783950617283951,0.662037037037037,0.6972222222222222,0.6783950617283951,0.6783950617283951,1.0,0.9999999999999998,1.0,1.0,1.0,0.3340589002387337,0.3066066830069197,0.3624397502833194,0.3340589002387337,0.3340589002387337,0.08935185185185186,0.08178626543209877,0.09845679012345679,0.08935185185185186,0.08935185185185186,0.3805875066291733,0.34897854899301656,0.4140259267053248,0.3805875066291733,0.3805875066291733,0.0,0.7979938271604938,0.0,0.0,1.0,100.0,4840.260802469136,483.7638888888889,24987.202160493827,148704.66666666666,24989.020061728395,16.0,1.5938123688101768,2.6389231206849217,1.539270393550396,2.5705107022076845,1.534354,2.5647371999999997,0.009375158697366714,0.02035221550613641,0.041791703552007675,0.06118579767644405,1.5938123688101768,1.5896528493613005,2.6389231206849217,2.537028483736018
sign,16,branch,16,0.0,648,1,42,3,1944,0.002623456790123457,0.0010802469135802468,0.004629629629629629,0.002623456790123457,0.002623456790123457,0.003873456790123457,0.0016049382716049384,0.006868441358024691,0.003873456790123457,0.003873456790123457,0.005149285120577608,0.0007241955648499327,0.010802469135802469,0.005149285120577608,0.005149285120577608,0.001080246913580247,0.00015432098765432098,0.0023148148148148147,0.001080246913580247,0.001080246913580247,0.0049382716049382715,0.0006172839506172839,0.010288065843621397,0.0049382716049382715,0.0049382716049382715,1.0,0.7979938271604938,0.5540123456790124,0.5833333333333334,0.19433641975308644,19.433641975308642,16.0,0.0,20.140432098765434,396.8811728395062,24989.020061728395,16.0,0.020041363313794136,0.047945557162165635,0.011541880667209625,0.018535018898546692,0.009,0.01595885,0.006582587957382202,0.008082948625087738,0.0007497146725654602,0.021909736096858975,0.020041363313794136,0.01931237056851387,0.047945557162165635,0.047752168029546724
sign,16,branch,16,0.1,648,3,"42,43,44",3,5832,0.0025720164609053502,0.001080246913580247,0.00447659465020576,0.0024691358024691358,0.002623456790123457,0.003811728395061729,0.001522633744855967,0.00683667695473251,0.0037962962962962963,0.003827160493827161,0.005149285120577608,0.0007241955648499327,0.010802469135802469,0.005149285120577608,0.005149285120577608,0.0010802469135802472,0.000154320987654321,0.002314814814814815,0.001080246913580247,0.001080246913580247,0.0049382716049382715,0.000617283950617284,0.010288065843621397,0.0049382716049382715,0.0049382716049382715,1.0,0.7979938271604938,0.5699588477366255,0.6075102880658436,0.1821553497942387,18.21553497942387,16.0,1.5745884773662553,18.813786008230455,405.41358024691357,24989.020061728395,16.0,0.0200001522898674,0.04489396233111619,0.011624768376350403,0.01808302477002144,0.009125,0.015583,0.006417278200387955,0.008124858140945435,0.0007082708179950714,0.019832979887723923,0.0200001522898674,0.019354047253727913,0.04489396233111619,0.044751671763757855
sign,16,branch,32,0.0,648,1,42,3,1944,0.002623456790123457,0.0010802469135802468,0.004629629629629629,0.002623456790123457,0.002623456790123457,0.005030864197530865,0.0017268518518518518,0.009476466049382716,0.005030864197530865,0.005030864197530865,0.005149285120577608,0.0007241955648499327,0.010802469135802469,0.005149285120577608,0.005149285120577608,0.001080246913580247,0.00015432098765432098,0.0023148148148148147,0.001080246913580247,0.001080246913580247,0.0049382716049382715,0.0006172839506172839,0.010288065843621397,0.0049382716049382715,0.0049382716049382715,0.9984567901234568,0.7979938271604938,0.5540123456790124,0.5833333333333334,0.19487654320987655,19.487654320987655,31.993827160493826,0.0,20.765432098765434,829.3070987654321,24989.020061728395,16.0,0.023437198251485825,0.05230172537267206,0.014416873455047607,0.022292067296802998,0.01175,0.019284849999999996,0.006500165909528732,0.008542090654373169,0.0007920898497104645,0.021957792341709137,0.023437198251485825,0.022083986550569534,0.05230172537267206,0.04953339230269192
sign,16,branch,32,0.1,648,3,"42,43,44",3,5832,0.0026234567901234573,0.001080246913580247,0.00462962962962963,0.002623456790123457,0.002623456790123457,0.005046296296296297,0.0017521862139917698,0.009486496913580247,0.004953703703703704,0.005154320987654321,0.005149285120577608,0.0007241955648499327,0.010802469135802469,0.005149285120577608,0.005149285120577608,0.0010802469135802472,0.000154320987654321,0.002314814814814815,0.001080246913580247,0.001080246913580247,0.0049382716049382715,0.000617283950617284,0.010288065843621397,0.0049382716049382715,0.0049382716049382715,0.9984567901234568,0.7979938271604938,0.4444444444444444,0.5339506172839507,0.21597736625514405,21.597736625514404,31.993827160493826,3.150205761316873,22.817386831275716,834.51183127572,24989.020061728395,16.0,0.02641649916768074,0.05191678646951914,0.014707911759614944,0.02208305522799492,0.012,0.019167,0.006500165909528732,0.008290843106806278,0.004999805241823196,0.022685434669256203,0.02641649916768074,0.025576368595163025,0.05191678646951914,0.04939315840601921
sign,16,branch,64,0.0,648,1,42,3,1944,0.004475308641975309,0.0024652777777777776,0.0069483024691358,0.004475308641975309,0.004475308641975309,0.008641975308641974,0.003672453703703704,0.014815586419753087,0.008641975308641974,0.008641975308641974,0.007041714727878405,0.0018924296073007973,0.013184633996607817,0.007041714727878405,0.007041714727878405,0.001388888888888889,0.000462962962962963,0.002623456790123457,0.001388888888888889,0.001388888888888889,0.00648148148148148,0.0016448045267489712,0.012141203703703701,0.00648148148148148,0.00648148148148148,0.9953703703703703,0.7979938271604938,0.5,0.5200617283950617,0.24725308641975308,24.72530864197531,63.91358024691358,0.0,27.771604938271604,1692.6003086419753,24989.020061728395,16.0,0.030521070584654808,0.0610640039667487,0.019458122551441193,0.0280358362942934,0.016375,0.024451849999999997,0.006500165909528732,0.008333008736371994,0.003937631845474243,0.025792047381401062,0.030521070584654808,0.029582995921373367,0.0610640039667487,0.05972918588668107
sign,16,branch,64,0.1,648,3,"42,43,44",3,5832,0.0038580246913580253,0.0020061728395061734,0.006018518518518519,0.0038580246913580245,0.0038580246913580245,0.008096707818930042,0.00330761316872428,0.014157021604938268,0.008024691358024694,0.00814814814814815,0.0064088173539985326,0.0016519872324117816,0.011844670007493079,0.0060892374098891885,0.007041714727878405,0.0012860082304526751,0.00036008230452674905,0.002469135802469136,0.0012345679012345679,0.001388888888888889,0.005967078189300412,0.0015432098765432098,0.01116383744855967,0.005709876543209876,0.00648148148148148,0.9953703703703703,0.7979938271604938,0.15843621399176952,0.2988683127572016,0.35376543209876543,35.376543209876544,63.91358024691358,6.3281893004115215,39.19187242798354,1686.1121399176952,24989.020061728395,16.0,0.040790997445583344,0.06904148031026125,0.021958723664283752,0.0305604888126254,0.018833,0.027227449999999993,0.0067497603595256805,0.00872723758220672,0.01133279874920845,0.030477344989776604,0.040790997445583344,0.04002110411723455,0.06904148031026125,0.06452254795779784
sign,16,branch,128,0.0,648,1,42,3,1944,0.011882716049382718,0.007098765432098766,0.017901234567901235,0.011882716049382718,0.011882716049382718,0.01794753086419753,0.011141589506172838,0.025571759259259256,0.01794753086419753,0.01794753086419753,0.012536549080293974,0.006150031796875734,0.020328628801358363,0.012536549080293974,0.012536549080293974,0.0037037037037037043,0.0015432098765432098,0.006635802469135803,0.0037037037037037043,0.0037037037037037043,0.011964552936775159,0.005785108024691358,0.019269722689861577,0.011964552936775159,0.011964552936775159,0.9953703703703703,0.7979938271604938,0.4027777777777778,0.41203703703703703,0.36404320987654315,36.40432098765432,127.61728395061728,0.0,46.92901234567901,3473.151234567901,24989.020061728395,16.0,0.04475004971027374,0.0795348547399044,0.028916867449879646,0.04070904105901718,0.025083,0.0366187,0.006707850843667984,0.008375383913516998,0.009146053344011307,0.032791332341730595,0.04475004971027374,0.044166576117277145,0.0795348547399044,0.07547098211944103
sign,16,branch,128,0.1,648,3,"42,43,44",3,5832,0.00941358024691358,0.005915637860082305,0.013946759259259254,0.008487654320987654,0.010030864197530864,0.01633744855967078,0.010019804526748973,0.023590792181069953,0.01600308641975309,0.016712962962962964,0.011018269891807394,0.005232200721977819,0.017774868331182633,0.009597446096004521,0.012128787134729303,0.0029320987654320994,0.0013361625514403293,0.0050938786008230446,0.0023148148148148147,0.003395061728395062,0.009840690859209378,0.004655310824292306,0.016271803684998126,0.008422184811073699,0.01080714552936775,0.9953703703703703,0.7979938271604938,0.016460905349794237,0.06378600823045266,0.6459207818930042,64.59207818930042,127.61728395061728,12.725308641975309,83.64351851851852,3416.5421810699586,24989.020061728395,16.0,0.06743753328919411,0.09175017476081848,0.03604171797633171,0.04885182715952396,0.0321875,0.04443589999999999,0.006875023245811462,0.008852500468492501,0.023770378902554512,0.0359164085239172,0.06743753328919411,0.0661737285554409,0.09175017476081848,0.08410487013558547
sign,16,branch,256,0.0,648,1,42,3,1944,0.07222222222222222,0.0600270061728395,0.08518904320987652,0.07222222222222222,0.07222222222222222,0.09083333333333334,0.07704976851851851,0.10545061728395061,0.09083333333333334,0.09083333333333334,0.06038026367429442,0.04607844083216615,0.0751708746029024,0.06038026367429442,0.06038026367429442,0.014506172839506174,0.01095679012345679,0.01898148148148148,0.014506172839506174,0.014506172839506174,0.06273983218427662,0.04730050171022393,0.078487048895035,0.06273983218427662,0.06273983218427662,0.9938271604938271,0.7979938271604938,0.19444444444444445,0.19598765432098766,0.6300925925925926,63.00925925925926,255.02006172839506,0.0,162.78240740740742,7333.600308641975,24989.020061728395,16.0,0.08689612150192261,0.14130163472145793,0.05324976518750191,0.09716046042740345,0.047834,0.09300449999999998,0.006790738552808762,0.008624978363513947,0.026771100237965584,0.03699383232742547,0.08689612150192261,0.08687470108270645,0.14130163472145793,0.1366443932056427
sign,16,branch,256,0.1,648,3,"42,43,44",3,5832,0.05709876543209876,0.04624485596707819,0.06898276748971192,0.0566358024691358,0.057716049382716045,0.07400205761316872,0.06106430041152264,0.08737281378600821,0.0735648148148148,0.07442901234567902,0.04647320127017111,0.03435261546493946,0.06019813667561748,0.04530288831975595,0.04760569479886862,0.01152263374485597,0.008074845679012345,0.015844907407407408,0.011265432098765432,0.011728395061728396,0.049151011882493365,0.0359755304923129,0.06374524288297435,0.047436334241889797,0.05077995564106675,0.9938271604938271,0.7979938271604938,0.0,0.0020576131687242796,0.940977366255144,94.0977366255144,255.02006172839506,25.39351851851852,235.84516460905354,7100.313271604939,24989.020061728395,16.0,0.10725017637014389,0.16057055909186596,0.06616627797484398,0.10910239070653914,0.060875,0.10222689999999998,0.006916932761669159,0.011000316590070724,0.03337487578392029,0.04293564707040786,0.10725017637014389,0.1066039161135753,0.16057055909186596,0.14069652340064445
sign,16,branch,512,0.0,648,1,42,3,1944,0.4223765432098766,0.4016975308641975,0.44367669753086414,0.4223765432098766,0.4223765432098766,0.47072530864197526,0.4509826388888889,0.48995601851851844,0.47072530864197526,0.47072530864197526,0.24890919541460388,0.22174070151409273,0.27546269889032876,0.24890919541460388,0.24890919541460388,0.06311728395061728,0.05617283950617284,0.07099151234567902,0.06311728395061728,0.06311728395061728,0.269582526526971,0.24054099610523222,0.2986809813343378,0.269582526526971,0.269582526526971,0.9891975308641975,0.7979938271604938,0.004629629629629629,0.004629629629629629,0.983070987654321,98.3070987654321,509.0432098765432,0.0,992.0277777777778,16124.489197530864,24989.020061728395,16.0,0.18858304247260094,0.23726667277514932,0.14604185707867146,0.19011266995221376,0.1397085,0.18420185,0.007000286132097244,0.009167008101940155,0.03470899537205696,0.04045804962515831,0.18858304247260094,0.19179144874215126,0.23726667277514932,0.22858581505715844
sign,16,branch,512,0.1,648,3,"42,43,44",3,5832,0.3640432098765432,0.3438233024691358,0.38606481481481475,0.3623456790123457,0.3666666666666667,0.4117849794238684,0.3900577417695473,0.43317746913580246,0.4110493827160494,0.4126851851851851,0.22636893854727816,0.19998648755649254,0.25225470799261757,0.22392722958680683,0.2280847848462044,0.055349794238683137,0.04876543209876544,0.06280864197530864,0.054475308641975306,0.056018518518518516,0.24317526609193274,0.21624375592257536,0.2711717780033752,0.24157877873155648,0.24527145950757062,0.9891975308641975,0.7979938271604938,0.0,0.0,1.0,100.0,509.0432098765432,50.92283950617284,1042.4326131687242,15488.234567901234,24989.020061728395,16.0,0.1926249824464321,0.2653328701853752,0.14958297833800316,0.21143581252545118,0.14314549999999998,0.20393489999999997,0.007041729986667633,0.010999850928783417,0.035041943192481995,0.04428401589393613,0.1926249824464321,0.19402072454492253,0.2653328701853752,0.22640432386348644
sign,16,branch,1024,0.0,648,1,42,3,1944,0.6007716049382718,0.5844020061728395,0.6186728395061728,0.6007716049382718,0.6007716049382718,0.750493827160494,0.739781635802469,0.762133487654321,0.750493827160494,0.750493827160494,0.3165256696510362,0.28983823079794674,0.3456424467225456,0.3165256696510362,0.3165256696510362,0.08503086419753086,0.07716049382716049,0.09382716049382717,0.08503086419753086,0.08503086419753086,0.3591025957924106,0.32760739132266914,0.39102103625541124,0.3591025957924106,0.3591025957924106,0.9722222222222222,0.7979938271604938,0.0,0.0,1.0,100.0,1011.0570987654321,0.0,3118.412037037037,34032.25771604938,24989.020061728395,16.0,0.3442913293838501,0.4305517999455331,0.29939599335193634,0.3753794124349952,0.29052100000000003,0.36357759999999995,0.007417052984237671,0.01215972006320953,0.03645801916718483,0.04537496715784073,0.3442913293838501,0.3448959905654192,0.4305517999455331,0.39132966194301844
sign,16,branch,1024,0.1,648,3,"42,43,44",3,5832,0.5991255144032922,0.5823045267489712,0.617337962962963,0.5989197530864198,0.5995370370370371,0.7429526748971194,0.732735982510288,0.7540178755144034,0.742716049382716,0.7431635802469136,0.31554312803783696,0.2888220418695517,0.34482439526984043,0.3146710954229992,0.31634300247462077,0.08461934156378602,0.07700488683127572,0.09331532921810701,0.0845679012345679,0.08472222222222223,0.35787660127937904,0.3269179781766587,0.39069250237074304,0.35745650525743117,0.35827955052492094,0.9722222222222222,0.7979938271604938,0.0,0.0,1.0,100.0,1011.0570987654321,100.98765432098766,3254.8415637860076,32696.30504115226,24989.020061728395,16.0,0.34760450944304466,0.4272456280887127,0.3030418884009123,0.37270416505634785,0.2947295,0.3621587,0.007334165275096893,0.01200009137392044,0.03604218363761902,0.04483293741941452,0.34760450944304466,0.3511460963636637,0.4272456280887127,0.38724783807992935
sign,16,branch,2048,0.0,648,1,42,3,1944,0.6481481481481481,0.6313233024691357,0.6665123456790123,0.6481481481481481,0.6481481481481481,0.8929938271604939,0.8844895833333333,0.9008668981481481,0.8929938271604939,0.8929938271604939,0.3294741210820347,0.3021437668789506,0.3593569260645902,0.3294741210820347,0.3294741210820347,0.08873456790123457,0.08101466049382716,0.09784722222222222,0.08873456790123457,0.08873456790123457,0.37427749291175216,0.34382696971238635,0.4072405893788995,0.37427749291175216,0.37427749291175216,0.8966049382716049,0.7979938271604938,0.0,0.0,1.0,100.0,1972.7175925925926,0.0,7132.992283950617,69118.72530864198,24989.020061728395,16.0,0.6132288835942745,0.7801282219588757,0.5660625174641609,0.7149581797420979,0.5530415,0.70107325,0.0077500008046627045,0.015000277198851109,0.03766641020774841,0.04977958742529153,0.6132288835942745,0.6201453506946564,0.7801282219588757,0.7125269621610641
sign,16,branch,2048,0.1,648,3,"42,43,44",3,5832,0.6486111111111111,0.6320974794238683,0.6671823559670781,0.6478395061728395,0.6492283950617284,0.8889866255144032,0.8808159722222222,0.8971259002057612,0.8885185185185185,0.8893055555555556,0.32853749461340637,0.30110447800223344,0.3588793445533723,0.32771424640943636,0.32901779206090975,0.08837448559670781,0.08075745884773664,0.09758359053497942,0.08811728395061727,0.08858024691358024,0.37357733287517236,0.3424833176154549,0.4074076369446739,0.3720398385907645,0.37435465340557933,0.8966049382716049,0.7979938271604938,0.0,0.0,1.0,100.0,1972.7175925925926,196.88940329218107,7357.706275720164,67091.30041152264,24989.020061728395,16.0,0.6275414489209652,0.7705472875386477,0.5806665867567062,0.7131770486012101,0.5684795,0.69930625,0.0077500008046627045,0.013518426567316048,0.037624966353178024,0.04847696982324123,0.6275414489209652,0.6331597299625475,0.7705472875386477,0.7100218674167991
sign,16,branch,4096,0.0,648,1,42,3,1944,0.6749999999999999,0.6586381172839506,0.6930594135802469,0.6749999999999999,0.6749999999999999,0.987175925925926,0.9849378858024691,0.9891670524691357,0.987175925925926,0.987175925925926,0.33406995914826454,0.30621283547287714,0.3626328007714856,0.33406995914826454,0.33406995914826454,0.08935185185185185,0.08178626543209877,0.09845679012345679,0.08935185185185185,0.08935185185185185,0.38071610745221857,0.3490433546220583,0.4149846247502497,0.38071610745221857,0.38071610745221857,0.6358024691358025,0.7979938271604938,0.0,0.0,1.0,100.0,3564.578703703704,0.0,16405.987654320987,118742.88425925926,24989.020061728395,16.0,1.2680627405643463,1.6521628480404613,1.2149373069405556,1.5667169587686658,1.199208,1.54366605,0.009541865438222885,0.020891963504254804,0.04289555363357067,0.06195155438035726,1.2680627405643463,1.2706455308943987,1.6521628480404613,1.4833603287115693
sign,16,branch,4096,0.1,648,3,"42,43,44",3,5832,0.6751028806584362,0.658994341563786,0.6929552469135802,0.6746913580246914,0.6754629629629629,0.9862654320987655,0.9840016718106995,0.988400848765432,0.9862037037037036,0.9863117283950618,0.3340735473627503,0.3062165133927251,0.3626328007714855,0.33406995914826454,0.3340807237917219,0.08935185185185186,0.08178626543209877,0.0984567901234568,0.08935185185185185,0.08935185185185185,0.3807161074522186,0.3490433546220583,0.4149846247502497,0.38071610745221857,0.38071610745221857,0.6358024691358025,0.7979938271604938,0.0,0.0,1.0,100.0,3564.578703703704,356.292695473251,16488.508230452677,117435.22119341564,24989.020061728395,16.0,1.254499889910221,1.5536814695224164,1.2033544480800629,1.4842374483123422,1.1896455,1.4641687499999998,0.008875038474798203,0.017893570475280278,0.04129204899072647,0.056935288012027734,1.254499889910221,1.265972231825193,1.5536814695224164,1.4436348030964532
sign,16,scan,0,0.0,648,1,42,3,1944,0.6783950617283951,0.662037037037037,0.6972222222222222,0.6783950617283951,0.6783950617283951,1.0,0.9999999999999998,1.0,1.0,1.0,0.3340589002387337,0.3066066830069197,0.3624397502833194,0.3340589002387337,0.3340589002387337,0.08935185185185186,0.08178626543209877,0.09845679012345679,0.08935185185185186,0.08935185185185186,0.3805875066291733,0.34897854899301656,0.4140259267053248,0.3805875066291733,0.3805875066291733,0.0,0.7979938271604938,0.0,0.0,1.0,100.0,0.0,0.0,24989.020061728395,0.0,24989.020061728395,16.0,0.7524369284510612,1.14443760830909,0.7001250050961971,1.0905042989179492,0.697021,1.08677855,0.007917173206806183,0.015458092093467712,0.03900006413459778,0.05160635337233542,0.7524369284510612,0.7474585436284542,1.14443760830909,1.1379901552572846
sign,32,branch,0,0.0,648,1,42,3,1944,0.7617283950617284,0.7479899691358024,0.7768557098765432,0.7617283950617284,0.7617283950617284,1.0,0.9999999999999998,1.0,1.0,1.0,0.3519544534023976,0.3252239271949659,0.3795235604825254,0.3519544534023976,0.3519544534023976,0.09583333333333334,0.08795910493827161,0.1050925925925926,0.09583333333333334,0.09583333333333334,0.40688321880451506,0.3774624987067116,0.43845084442306664,0.40688321880451506,0.40688321880451506,0.0,0.9271604938271604,0.0,0.0,1.0,100.0,7252.195987654321,0.0,37459.52160493827,206255.5601851852,37465.91358024691,32.0,2.413771115243435,3.368695406243205,2.353895688429475,3.2889654394239187,2.3442084999999997,3.2726482,0.01095794141292572,0.023243855684995648,0.04462478682398796,0.06520205643028021,2.413771115243435,2.3927914444357157,3.368695406243205,3.171989764086902
sign,32,branch,0,0.1,648,3,"42,43,44",3,5832,0.7617283950617284,0.7479899691358024,0.7768557098765432,0.7617283950617284,0.7617283950617284,1.0,0.9999999999999998,1.0,1.0,1.0,0.3519544534023976,0.3252239271949659,0.3795235604825254,0.3519544534023976,0.3519544534023976,0.09583333333333334,0.08795910493827161,0.1050925925925926,0.09583333333333334,0.09583333333333334,0.40688321880451506,0.3774624987067116,0.43845084442306664,0.40688321880451506,0.40688321880451506,0.0,0.9271604938271604,0.0,0.0,1.0,100.0,7252.195987654321,724.8251028806585,37459.52160493827,206255.5601851852,37465.91358024691,32.0,2.5045829825103283,3.515387768857181,2.442083554342389,3.43529109377414,2.432292,3.4208955,0.012229429557919502,0.025750137865543365,0.04695914685726166,0.06962521001696587,2.5045829825103283,2.50250023479263,3.515387768857181,3.2924148021265864
sign,32,branch,16,0.0,648,1,42,3,1944,0.002623456790123457,0.0010802469135802468,0.004629629629629629,0.002623456790123457,0.002623456790123457,0.0018518518518518521,0.0009876543209876543,0.002994212962962963,0.0018518518518518521,0.0018518518518518521,0.005149285120577608,0.0007241955648499327,0.010802469135802469,0.005149285120577608,0.005149285120577608,0.001080246913580247,0.00015432098765432098,0.0023148148148148147,0.001080246913580247,0.001080246913580247,0.0049382716049382715,0.0006172839506172839,0.010288065843621397,0.0049382716049382715,0.0049382716049382715,1.0,0.9271604938271604,0.5540123456790124,0.5833333333333334,0.19433641975308644,19.433641975308642,16.0,0.0,20.140432098765434,396.8811728395062,37465.91358024691,32.0,0.021374784409999847,0.048368866555392735,0.012916512787342072,0.01979186199605465,0.009542,0.016493849999999997,0.0064997002482414246,0.008034892380237576,0.0007497146725654602,0.021618697792291638,0.021374784409999847,0.020583393052220345,0.048368866555392735,0.04825051873922346
sign,32,branch,16,0.1,648,3,"42,43,44",3,5832,0.0025205761316872436,0.00102880658436214,0.00432227366255144,0.0023148148148148147,0.002623456790123457,0.0018467078189300414,0.0009978137860082305,0.0029836676954732508,0.0017746913580246912,0.0018981481481481482,0.0053932020255504,0.0008842716567290927,0.010962545227681628,0.005149285120577608,0.005873480685427541,0.001131687242798354,0.000205761316872428,0.002366255144032922,0.001080246913580247,0.0012345679012345679,0.005109739368998628,0.0008230452674897119,0.010288065843621397,0.0049382716049382715,0.005452674897119342,1.0,0.9271604938271604,0.5216049382716049,0.5699588477366255,0.19569958847736627,19.569958847736622,16.0,1.5720164609053497,20.319444444444443,396.99794238683126,37465.91358024691,32.0,0.022582709789276123,0.0471670413389802,0.012959353625774384,0.019541941583156586,0.009708,0.01629145,0.006458256393671036,0.008250121027231216,0.0007920898497104645,0.02045789733529091,0.022582709789276123,0.022687328358491264,0.0471670413389802,0.04602080055822928
sign,32,branch,32,0.0,648,1,42,3,1944,0.0038580246913580245,0.002006172839506173,0.0060185185185185185,0.0038580246913580245,0.0038580246913580245,0.0034413580246913586,0.0019598765432098765,0.00575733024691358,0.0034413580246913586,0.0034413580246913586,0.00728667452225512,0.0022296056476012634,0.013023163728720836,0.00728667452225512,0.00728667452225512,0.0015432098765432098,0.000462962962962963,0.002777777777777778,0.0015432098765432098,0.0015432098765432098,0.00648148148148148,0.0019032921810699587,0.011423611111111105,0.00648148148148148,0.00648148148148148,1.0,0.9271604938271604,0.2006172839506173,0.2175925925925926,0.5359413580246913,53.59413580246913,32.0,0.0,65.37191358024691,596.8780864197531,37465.91358024691,32.0,0.03781262785196304,0.054368656128644936,0.0177919864654541,0.025945389643311494,0.014583,0.022667,0.006624963134527206,0.008292030543088913,0.013062497600913048,0.023320456966757767,0.03781262785196304,0.0374792143702507,0.054368656128644936,0.05276300944387913
sign,32,branch,32,0.1,648,3,"42,43,44",3,5832,0.0037037037037037043,0.0020023148148148153,0.005713734567901232,0.0037037037037037043,0.0037037037037037043,0.003389917695473251,0.0019232253086419752,0.005690200617283949,0.0033796296296296304,0.003395061728395062,0.00728667452225512,0.0022296056476012634,0.013023163728720836,0.00728667452225512,0.00728667452225512,0.0015432098765432102,0.00046296296296296303,0.0027777777777777783,0.0015432098765432098,0.0015432098765432098,0.00648148148148148,0.001903292181069959,0.011423611111111107,0.00648148148148148,0.00648148148148148,1.0,0.9271604938271604,0.22736625514403289,0.2448559670781893,0.5032921810699589,50.32921810699589,32.0,3.1409465020576133,60.59413580246913,618.7134773662552,37465.91358024691,32.0,0.036270590499043465,0.05354220047593117,0.017583603039383888,0.025416677817702293,0.014291,0.022125,0.00658305361866951,0.008416827768087387,0.01145852729678154,0.021958001889288425,0.036270590499043465,0.035986226672927536,0.05354220047593117,0.05161534063518047
sign,32,branch,64,0.0,648,1,42,3,1944,0.0038580246913580245,0.002006172839506173,0.0060185185185185185,0.0038580246913580245,0.0038580246913580245,0.004320987654320987,0.002191358024691358,0.007751157407407403,0.004320987654320987,0.004320987654320987,0.00728667452225512,0.0022296056476012634,0.013023163728720836,0.00728667452225512,0.00728667452225512,0.0015432098765432098,0.000462962962962963,0.002777777777777778,0.0015432098765432098,0.0015432098765432098,0.00648148148148148,0.0019032921810699587,0.011423611111111105,0.00648148148148148,0.00648148148148148,1.0,0.9271604938271604,0.2006172839506173,0.2175925925925926,0.536712962962963,53.6712962962963,64.0,0.0,66.77777777777777,1320.932098765432,37465.91358024691,32.0,0.04268740303814411,0.06227875128388404,0.02243742346763611,0.031446106731891625,0.018667,0.027625,0.006707850843667984,0.008541624993085861,0.013041077181696892,0.02429161686450243,0.04268740303814411,0.04235445521771908,0.06227875128388404,0.0601920299232006
sign,32,branch,64,0.1,648,3,"42,43,44",3,5832,0.0038580246913580245,0.0020061728395061734,0.0060185185185185185,0.0038580246913580245,0.0038580246913580245,0.00418724279835391,0.0021963734567901232,0.007334104938271601,0.004104938271604939,0.004320987654320987,0.00728667452225512,0.0022296056476012634,0.013023163728720836,0.00728667452225512,0.00728667452225512,0.0015432098765432102,0.00046296296296296303,0.0027777777777777783,0.0015432098765432098,0.0015432098765432098,0.00648148148148148,0.001903292181069959,0.011423611111111107,0.00648148148148148,0.00648148148148148,1.0,0.9271604938271604,0.1383744855967078,0.17644032921810698,0.571332304526749,57.13323045267489,64.0,6.33641975308642,71.94393004115226,1316.8395061728395,37465.91358024691,32.0,0.04650000482797623,0.0652268063277006,0.02370821312069893,0.03308337181806564,0.020041,0.02922744999999999,0.006707850843667984,0.008416827768087387,0.015500001609325409,0.026416964828968048,0.04650000482797623,0.04563922993838787,0.0652268063277006,0.06224059810241064
sign,32,branch,128,0.0,648,1,42,3,1944,0.006635802469135804,0.004317129629629629,0.009104938271604938,0.006635802469135804,0.006635802469135804,0.007592592592592593,0.0041952160493827165,0.012130015432098764,0.007592592592592593,0.007592592592592593,0.009554079963648262,0.003447021025085228,0.01628215780334887,0.009554079963648262,0.009554079963648262,0.002006172839506173,0.0007716049382716049,0.0033950617283950617,0.002006172839506173,0.002006172839506173,0.008539094650205761,0.0030864197530864196,0.014713220164609051,0.008539094650205761,0.008539094650205761,0.9984567901234568,0.9271604938271604,0.15895061728395063,0.16820987654320987,0.6246141975308642,62.46141975308642,127.92438271604938,0.0,86.16820987654322,2740.135802469136,37465.91358024691,32.0,0.055937329307198524,0.07632481865584848,0.03224983811378479,0.04319653380662202,0.027875,0.038667,0.006666872650384903,0.008417223580181599,0.01637497916817665,0.027826754376292225,0.055937329307198524,0.056041404604911804,0.07632481865584848,0.07394354324787855
sign,32,branch,128,0.1,648,3,"42,43,44",3,5832,0.006018518518518519,0.0037037037037037047,0.008437499999999999,0.005864197530864199,0.006172839506172839,0.007114197530864198,0.0038418209876543204,0.011543724279835393,0.006913580246913581,0.007253086419753087,0.009554079963648262,0.003447021025085228,0.01628215780334887,0.009554079963648262,0.009554079963648262,0.0020061728395061734,0.0007716049382716051,0.0033950617283950626,0.002006172839506173,0.002006172839506173,0.008539094650205761,0.0030864197530864196,0.014713220164609051,0.008539094650205761,0.008539094650205761,0.9984567901234568,0.9271604938271604,0.019032921810699585,0.05658436213991768,0.749783950617284,74.97839506172839,127.92438271604938,12.729423868312756,109.56635802469135,2711.052983539095,37465.91358024691,32.0,0.06858306005597115,0.08729193359613419,0.037416815757751465,0.049208966083824635,0.0329795,0.044333,0.006833113729953766,0.008685584180057042,0.022834166884422302,0.03304213751107454,0.06858306005597115,0.06856264856954417,0.08729193359613419,0.08090688691784939
sign,32,branch,256,0.0,648,1,42,3,1944,0.01898148148148148,0.013425925925925926,0.02562114197530864,0.01898148148148148,0.01898148148148148,0.019722222222222224,0.013594907407407408,0.026746913580246907,0.019722222222222224,0.019722222222222224,0.01577564084796786,0.008398969458520181,0.024103636508985057,0.01577564084796786,0.01577564084796786,0.0049382716049382715,0.0026195987654320987,0.00802469135802469,0.0049382716049382715,0.0049382716049382715,0.015978735770402437,0.008512848391320611,0.024192917100903207,0.015978735770402437,0.015978735770402437,0.9984567901234568,0.9271604938271604,0.09876543209876543,0.10185185185185185,0.7623302469135803,76.23302469135803,255.72685185185185,0.0,143.179012345679,5713.783950617284,37465.91358024691,32.0,0.08910405449569225,0.12426578905433415,0.05687493830919266,0.07920002099126575,0.0507295,0.07186884999999998,0.006875023245811462,0.008999835699796677,0.024416483938694,0.03595869056880474,0.08910405449569225,0.08929148316383362,0.12426578905433415,0.11493989732116461
sign,32,branch,256,0.1,648,3,"42,43,44",3,5832,0.016409465020576133,0.011161265432098767,0.022583590534979426,0.01589506172839506,0.01682098765432099,0.017175925925925928,0.011599151234567902,0.023697273662551435,0.017067901234567903,0.017361111111111112,0.014796740389232932,0.007757027239340438,0.02281835063530409,0.014460954971437154,0.015407169775087553,0.004578189300411523,0.002211934156378601,0.007614454732510286,0.004475308641975309,0.004629629629629629,0.014392658952844138,0.007425304355281207,0.02215809021653929,0.014049723424723423,0.014821328362995028,0.9984567901234568,0.9271604938271604,0.0005144032921810699,0.0025720164609053494,0.9472788065843621,94.72788065843622,255.72685185185185,25.437242798353914,215.4099794238683,5598.5462962962965,37465.91358024691,32.0,0.10125013068318367,0.13012485578656197,0.06395811215043068,0.08381046354770659,0.058125,0.07714389999999999,0.006875023245811462,0.009310501627624028,0.029957853257656097,0.03770873881876469,0.10125013068318367,0.10123631606499353,0.13012485578656197,0.11534246150404215
sign,32,branch,512,0.0,648,1,42,3,1944,0.14891975308641975,0.13086033950617282,0.16682098765432096,0.14891975308641975,0.14891975308641975,0.1438425925925926,0.12616782407407406,0.1614224537037037,0.1438425925925926,0.1438425925925926,0.1082589411783783,0.09016779724467633,0.12712112438906303,0.1082589411783783,0.1082589411783783,0.026080246913580244,0.021450617283950618,0.03132716049382716,0.026080246913580244,0.026080246913580244,0.11677422371866816,0.09650611605472717,0.1380704198065309,0.11677422371866816,0.11677422371866816,0.9953703703703703,0.9271604938271604,0.020061728395061727,0.020061728395061727,0.9354166666666667,93.54166666666667,511.0262345679012,0.0,479.61574074074076,12778.348765432098,37465.91358024691,32.0,0.15456229448318481,0.24549413938075304,0.11197896674275398,0.1995161175727844,0.10275,0.19089825,0.007000286132097244,0.00986852683126926,0.034040771424770355,0.04097481723874806,0.15456229448318481,0.15283352695405483,0.24549413938075304,0.23713321425020695
sign,32,branch,512,0.1,648,3,"42,43,44",3,5832,0.11301440329218107,0.09573045267489712,0.12849922839506173,0.11219135802469136,0.11373456790123455,0.11166666666666666,0.0961820987654321,0.1275534979423868,0.11137345679012346,0.11194444444444443,0.08224106973281563,0.06548476287045434,0.09840081456502171,0.07987381604572123,0.08396200524596974,0.020679012345679017,0.016354166666666666,0.02556712962962963,0.020216049382716053,0.021296296296296296,0.08898174870397092,0.07013989654035951,0.10726022070350773,0.08607537010314788,0.09127084335417669,0.9953703703703703,0.9271604938271604,0.0,0.0,0.9997633744855967,99.97633744855966,511.0262345679012,51.09002057613169,607.8173868312757,12231.83487654321,37465.91358024691,32.0,0.16285385936498642,0.23527939338237042,0.12097950093448162,0.18892770167440173,0.112542,0.18151889999999998,0.0069588422775268555,0.009750016033649445,0.0338749960064888,0.04116627387702465,0.16285385936498642,0.1598959012577931,0.23527939338237042,0.22029174336542684
sign,32,branch,1024,0.0,648,1,42,3,1944,0.6070987654320987,0.5890354938271605,0.6237731481481481,0.6070987654320987,0.6070987654320987,0.6276234567901233,0.6143518518518518,0.6410212191358025,0.6276234567901233,0.6276234567901233,0.3135654042401313,0.2866101403039818,0.3422430509702636,0.3135654042401313,0.3135654042401313,0.08364197530864198,0.07608024691358026,0.0922878086419753,0.08364197530864198,0.08364197530864198,0.35412871165185983,0.3242753183030961,0.3878952944346462,0.35412871165185983,0.35412871165185983,0.9953703703703703,0.9271604938271604,0.0,0.0,0.9993981481481482,99.93981481481481,1020.6558641975308,0.0,2484.8395061728397,29680.57561728395,37465.91358024691,32.0,0.3460210282355547,0.4519375972449779,0.30070869252085686,0.39382807444781065,0.289896,0.3794731499999999,0.00762520357966423,0.013826647773385044,0.03681262023746967,0.047785462811589234,0.3460210282355547,0.3446249756962061,0.4519375972449779,0.41076294146478176
sign,32,branch,1024,0.1,648,3,"42,43,44",3,5832,0.5690329218106996,0.5499485596707818,0.5876594650205762,0.5679012345679012,0.570679012345679,0.5815586419753087,0.5646797839506171,0.5968451646090535,0.5810956790123456,0.582037037037037,0.2989217561853465,0.2725719986313647,0.3270942126226957,0.2977248223060838,0.30045155383970773,0.07962962962962965,0.07222222222222223,0.08760288065843622,0.07916666666666666,0.08040123456790124,0.33681051458829236,0.3082977872821623,0.3679311342592593,0.3353765447515447,0.3383619210008099,0.9953703703703703,0.9271604938271604,0.0,0.0,1.0,100.0,1020.6558641975308,101.96296296296296,2577.5051440329216,28288.727880658436,37465.91358024691,32.0,0.3468538634479046,0.47266236506402476,0.30195782892405987,0.4081374034285544,0.2913335,0.3936078499999999,0.007582828402519226,0.014977343380451195,0.03645801916718483,0.04937499761581421,0.3468538634479046,0.3484028857201338,0.47266236506402476,0.39546591384957236
sign,32,branch,2048,0.0,648,1,42,3,1944,0.7006172839506174,0.6862654320987654,0.7166705246913581,0.7006172839506174,0.7006172839506174,0.8053086419753085,0.7955246913580246,0.8149540895061727,0.8053086419753085,0.8053086419753085,0.3447297725450144,0.31824117603476687,0.3732647573202771,0.3447297725450144,0.3447297725450144,0.09367283950617285,0.08549382716049383,0.10247299382716049,0.09367283950617285,0.09367283950617285,0.3951952411443152,0.3644978293097506,0.4269198609389581,0.3951952411443152,0.3951952411443152,0.9814814814814815,0.9271604938271604,0.0,0.0,1.0,100.0,2035.9243827160494,0.0,6552.567901234568,64788.956790123455,37465.91358024691,32.0,0.6255831103771925,0.7518876111134886,0.5781881045550108,0.6934794364497066,0.5623955,0.6750938,0.00793742947280407,0.013284757733345028,0.03837514668703079,0.047625042498111725,0.6255831103771925,0.6277500651776791,0.7518876111134886,0.712543586269021
sign,32,branch,2048,0.1,648,3,"42,43,44",3,5832,0.6993827160493827,0.6850192901234567,0.7153305041152263,0.6979938271604939,0.7007716049382716,0.8033281893004114,0.793707433127572,0.8128652263374485,0.8024228395061729,0.8042283950617284,0.34444286068130414,0.3178316570606193,0.3730797422182695,0.34365573159586127,0.34600777023100143,0.09362139917695474,0.08533950617283952,0.10236625514403293,0.0933641975308642,0.09382716049382715,0.39468083785213415,0.3636057071357997,0.42607365435490435,0.3928804263295004,0.3967384510208584,0.9814814814814815,0.9271604938271604,0.0,0.0,1.0,100.0,2035.9243827160494,203.2685185185185,6864.129115226337,62202.46039094651,37465.91358024691,32.0,0.6407082546502352,0.7822938496246933,0.5929586477577686,0.7217873586341739,0.577959,0.7037534999999999,0.007917173206806183,0.015060487203299992,0.038292258977890015,0.04956061020493507,0.6407082546502352,0.6410141165057819,0.7822938496246933,0.7083465267593662
sign,32,branch,4096,0.0,648,1,42,3,1944,0.7478395061728396,0.734104938271605,0.7631172839506173,0.7478395061728396,0.7478395061728396,0.9517592592592593,0.9467422839506172,0.9560655864197531,0.9517592592592593,0.9517592592592593,0.35155252531203324,0.3249427427973624,0.3805823254150113,0.35155252531203324,0.35155252531203324,0.09629629629629631,0.08826774691358025,0.10540123456790124,0.09629629629629631,0.09629629629629631,0.40724330110904183,0.37693935329930695,0.43876038163653897,0.40724330110904183,0.40724330110904183,0.9089506172839507,0.9271604938271604,0.0,0.0,1.0,100.0,3992.4228395061727,0.0,16071.087962962964,128002.74691358025,37465.91358024691,32.0,1.3257293030619621,1.669466821476817,1.268249936401844,1.5897209988906977,1.244125,1.5574937,0.01072930172085762,0.022362591698765748,0.044958898797631264,0.0630777794867754,1.3257293030619621,1.3209795579314232,1.669466821476817,1.5425414545461533
sign,32,branch,4096,0.1,648,3,"42,43,44",3,5832,0.7457304526748971,0.7319431584362139,0.7609593621399178,0.745216049382716,0.7459876543209876,0.9475308641975309,0.9422552726337449,0.9519002057613167,0.9472685185185186,0.9477469135802469,0.35074043777350056,0.32412126670010233,0.3791880532621824,0.35048831555556453,0.35119447848018925,0.09634773662551442,0.08806455761316874,0.10530092592592595,0.0962962962962963,0.09645061728395062,0.40660029699381556,0.37695579197894014,0.4379189606475486,0.40608589370163445,0.40762910357817767,0.9089506172839507,0.9271604938271604,0.0,0.0,1.0,100.0,3992.4228395061727,399.298353909465,16310.342592592593,125441.79012345678,37465.91358024691,32.0,1.257541822269559,1.5215733554214237,1.2047707568854094,1.455471152439713,1.1844165,1.43205625,0.008999835699796677,0.016916077584028244,0.04158308729529381,0.05497718229889869,1.257541822269559,1.2633821461349726,1.5215733554214237,1.4127386190618079
sign,32,scan,0,0.0,648,1,42,3,1944,0.7617283950617284,0.7479899691358024,0.7768557098765432,0.7617283950617284,0.7617283950617284,1.0,0.9999999999999998,1.0,1.0,1.0,0.3519544534023976,0.3252239271949659,0.3795235604825254,0.3519544534023976,0.3519544534023976,0.09583333333333334,0.08795910493827161,0.1050925925925926,0.09583333333333334,0.09583333333333334,0.40688321880451506,0.3774624987067116,0.43845084442306664,0.40688321880451506,0.40688321880451506,0.0,0.9271604938271604,0.0,0.0,1.0,100.0,0.0,0.0,37465.91358024691,0.0,37465.91358024691,32.0,1.1073334608227015,1.40449742320925,1.0549165308475494,1.355387340299785,1.050021,1.35169375,0.007957685738801956,0.015076692216098305,0.03916677087545395,0.05190956871956586,1.1073334608227015,1.1096459347754717,1.40449742320925,1.3934582937508821
sign,64,branch,0,0.0,648,1,42,3,1944,0.7979938271604938,0.7845640432098764,0.8120408950617283,0.7979938271604938,0.7979938271604938,1.0,0.9999999999999998,1.0,1.0,1.0,0.3587062424747039,0.33313616643137484,0.38770035372676637,0.3587062424747039,0.3587062424747039,0.09814814814814816,0.09027777777777776,0.10756172839506173,0.09814814814814816,0.09814814814814816,0.4153280061844877,0.385031749693208,0.44662724995768976,0.4153280061844877,0.4153280061844877,0.0,0.9890432098765432,0.0,0.0,1.0,100.0,9812.655864197532,0.0,50681.61111111111,256257.4799382716,50700.904320987655,64.0,3.178312676027417,3.8767810445278883,3.1149170827120543,3.7909333826974034,3.105188,3.7721188,0.01295795664191246,0.024558254517614828,0.047833193093538284,0.06774370558559895,3.178312676027417,3.183520631864667,3.8767810445278883,3.660387685522437
sign,64,branch,0,0.1,648,3,"42,43,44",3,5832,0.7979938271604938,0.7845640432098764,0.8120408950617283,0.7979938271604938,0.7979938271604938,1.0,0.9999999999999998,1.0,1.0,1.0,0.3587062424747039,0.33313616643137484,0.38770035372676637,0.3587062424747039,0.3587062424747039,0.09814814814814816,0.09027777777777779,0.10756172839506173,0.09814814814814816,0.09814814814814816,0.4153280061844877,0.385031749693208,0.44662724995768976,0.4153280061844877,0.4153280061844877,0.0,0.9890432098765432,0.0,0.0,1.0,100.0,9812.655864197532,979.375,50681.61111111111,256257.4799382716,50700.904320987655,64.0,3.358645597472787,4.3517121113836765,3.284770529717207,4.260283219628036,3.272729,4.23534755,0.016250181943178177,0.03008286003023386,0.05437526851892471,0.0764362048357725,3.358645597472787,3.3899930616219835,4.3517121113836765,3.847222340603669
sign,64,branch,16,0.0,648,1,42,3,1944,0.002623456790123457,0.0010802469135802468,0.004629629629629629,0.002623456790123457,0.002623456790123457,0.0011728395061728395,0.0007098765432098765,0.0016670524691358023,0.0011728395061728395,0.0011728395061728395,0.005149285120577608,0.0007241955648499327,0.010802469135802469,0.005149285120577608,0.005149285120577608,0.001080246913580247,0.00015432098765432098,0.0023148148148148147,0.001080246913580247,0.001080246913580247,0.0049382716049382715,0.0006172839506172839,0.010288065843621397,0.0049382716049382715,0.0049382716049382715,1.0,0.9890432098765432,0.5540123456790124,0.5833333333333334,0.19433641975308644,19.433641975308642,16.0,0.0,20.140432098765434,396.8811728395062,50700.904320987655,64.0,0.023792032152414322,0.050016748718917356,0.015124678611755371,0.022165942937135696,0.010292,0.017118849999999998,0.006542075425386429,0.008207745850086212,0.0007497146725654602,0.021035620011389252,0.023792032152414322,0.022833235561847687,0.050016748718917356,0.049670762382447706
sign,64,branch,16,0.1,648,3,"42,43,44",3,5832,0.002417695473251029,0.000977366255144033,0.004166666666666667,0.002160493827160494,0.002623456790123457,0.001147119341563786,0.0007251800411522633,0.0016152263374485598,0.0011265432098765433,0.0011574074074074073,0.004999497994177653,0.0007241955648499327,0.010497858116290261,0.004699923741377741,0.005149285120577608,0.00102880658436214,0.000154320987654321,0.002110339506172839,0.0009259259259259261,0.001080246913580247,0.004766803840877914,0.000617283950617284,0.00977537722908093,0.004423868312757201,0.0049382716049382715,1.0,0.9890432098765432,0.4228395061728395,0.5020576131687242,0.21569958847736626,21.569958847736622,16.0,1.5715020576131689,22.257716049382715,388.7427983539095,50700.904320987655,64.0,0.027750153094530106,0.049639935605227926,0.015582889318466187,0.021958258002996445,0.010792,0.017125,0.006500165909528732,0.008375383913516998,0.005166977643966675,0.020124949514865875,0.027750153094530106,0.026451346154014267,0.049639935605227926,0.048123820063968495
sign,64,branch,32,0.0,648,1,42,3,1944,0.0038580246913580245,0.002006172839506173,0.0060185185185185185,0.0038580246913580245,0.0038580246913580245,0.0020061728395061726,0.0014506172839506173,0.0026080246913580247,0.0020061728395061726,0.0020061728395061726,0.00728667452225512,0.0022296056476012634,0.013023163728720836,0.00728667452225512,0.00728667452225512,0.0015432098765432098,0.000462962962962963,0.002777777777777778,0.0015432098765432098,0.0015432098765432098,0.00648148148148148,0.0019032921810699587,0.011423611111111105,0.00648148148148148,0.00648148148148148,1.0,0.9890432098765432,0.2006172839506173,0.2175925925925926,0.5359413580246913,53.59413580246913,32.0,0.0,65.37191358024691,596.8780864197531,50700.904320987655,64.0,0.041103921830654144,0.057993829250335686,0.020333100110292435,0.028458749875426292,0.0155205,0.023625,0.006708316504955292,0.008583860471844673,0.01308368518948555,0.02391093876212835,0.041103921830654144,0.04058401100337505,0.057993829250335686,0.05652671679854393
sign,64,branch,32,0.1,648,3,"42,43,44",3,5832,0.003806584362139918,0.0020061728395061734,0.005915637860082305,0.0037037037037037043,0.0038580246913580245,0.0019804526748971197,0.0014093364197530864,0.002577289094650206,0.0019444444444444444,0.002006172839506173,0.00728667452225512,0.0022296056476012634,0.013023163728720836,0.00728667452225512,0.00728667452225512,0.0015432098765432102,0.00046296296296296303,0.0027777777777777783,0.0015432098765432098,0.0015432098765432098,0.00648148148148148,0.001903292181069959,0.011423611111111107,0.00648148148148148,0.00648148148148148,1.0,0.9890432098765432,0.162037037037037,0.19495884773662547,0.5337911522633745,53.37911522633745,32.0,3.1481481481481484,64.36111111111111,602.1743827160494,50700.904320987655,64.0,0.04050019197165966,0.05860235542058944,0.02037500962615013,0.02854224294424057,0.015542,0.023333,0.006707850843667984,0.008500181138515472,0.01291697844862938,0.02408307045698166,0.04050019197165966,0.040659603352348014,0.05860235542058944,0.05571199581027031
sign,64,branch,64,0.0,648,1,42,3,1944,0.005401234567901235,0.0033950617283950617,0.0077199074074074045,0.005401234567901235,0.005401234567901235,0.002947530864197531,0.0022685185185185187,0.0036886574074074074,0.002947530864197531,0.002947530864197531,0.008279456548118945,0.0030190197516538906,0.014331376549871187,0.008279456548118945,0.008279456548118945,0.0018518518518518521,0.0007716049382716049,0.00308641975308642,0.0018518518518518521,0.0018518518518518521,0.007060185185185184,0.002494534465020576,0.012336033950617279,0.007060185185185184,0.007060185185185184,1.0,0.9890432098765432,0.0,0.0,0.9688117283950617,96.88117283950618,64.0,0.0,199.37037037037038,811.0354938271605,50700.904320987655,64.0,0.05579134449362755,0.0641608377918601,0.030562514439225197,0.036910083144903176,0.025979,0.0322017,0.006667338311672211,0.008159759454429146,0.01770816743373871,0.022500217892229557,0.05579134449362755,0.05587493069469929,0.0641608377918601,0.061915721744298935
sign,64,branch,64,0.1,648,3,"42,43,44",3,5832,0.005298353909465021,0.0032921810699588485,0.00771604938271605,0.0052469135802469145,0.005401234567901235,0.0028497942386831276,0.0021912294238683127,0.003595679012345679,0.0028395061728395065,0.002854938271604938,0.008279456548118945,0.0030190197516538906,0.014331376549871187,0.008279456548118945,0.008279456548118945,0.0018518518518518521,0.0007716049382716051,0.0030864197530864204,0.0018518518518518521,0.0018518518518518521,0.007060185185185184,0.002494534465020576,0.012336033950617279,0.007060185185185184,0.007060185185185184,1.0,0.9890432098765432,0.0030864197530864196,0.004115226337448559,0.9489814814814815,94.89814814814815,64.0,6.342078189300411,185.60236625514403,856.7391975308642,50700.904320987655,64.0,0.057625118643045425,0.06870853248983622,0.031082890927791595,0.038333237171173096,0.026375,0.03306044999999999,0.006791669875383377,0.008665956556797028,0.018792226910591125,0.02504093572497368,0.057625118643045425,0.057673469806710884,0.06870853248983622,0.0637572103490432
sign,64,branch,128,0.0,648,1,42,3,1944,0.005709876543209876,0.003703703703703704,0.008179012345679013,0.005709876543209876,0.005709876543209876,0.0031790123456790125,0.002453703703703704,0.003966049382716049,0.0031790123456790125,0.0031790123456790125,0.008876451621011756,0.0032216991317449042,0.015271853741339401,0.008876451621011756,0.008876451621011756,0.002006172839506173,0.0007716049382716049,0.0033950617283950617,0.002006172839506173,0.002006172839506173,0.00783179012345679,0.0027002957818930036,0.01365997942386831,0.00783179012345679,0.00783179012345679,1.0,0.9890432098765432,0.0,0.0,0.9688117283950617,96.88117283950618,128.0,0.0,203.32407407407408,2020.219135802469,50700.904320987655,64.0,0.06675021722912788,0.07841675542294979,0.04024989902973175,0.04907688125967979,0.034812499999999996,0.04324384999999999,0.0067087821662425995,0.008375383913516998,0.018999911844730377,0.02453513443470001,0.06675021722912788,0.06658397614955902,0.07841675542294979,0.0757330097258091
sign,64,branch,128,0.1,648,3,"42,43,44",3,5832,0.005812757201646092,0.003806584362139918,0.00823173868312757,0.005709876543209876,0.0060185185185185185,0.003194444444444445,0.0024588477366255146,0.003991769547325103,0.003148148148148148,0.003240740740740741,0.008876451621011756,0.0032216991317449042,0.015271853741339401,0.008876451621011756,0.008876451621011756,0.0020061728395061734,0.0007716049382716051,0.003395061728395062,0.002006172839506173,0.002006172839506173,0.00783179012345679,0.0027002957818930036,0.01365997942386831,0.00783179012345679,0.00783179012345679,1.0,0.9890432098765432,0.0,0.0,0.9738477366255144,97.38477366255144,128.0,12.781893004115226,214.11213991769552,1971.9238683127573,50700.904320987655,64.0,0.07016700692474842,0.09098751470446582,0.0421453732997179,0.053083477541804314,0.036667,0.04695845,0.006834045052528381,0.010060425847768777,0.020540785044431686,0.02933335490524769,0.07016700692474842,0.07071532309055328,0.09098751470446582,0.07906889853378136
sign,64,branch,256,0.0,648,1,42,3,1944,0.008641975308641976,0.006168981481481481,0.011423611111111108,0.008641975308641976,0.008641975308641976,0.005123456790123457,0.004027777777777778,0.006451003086419753,0.005123456790123457,0.005123456790123457,0.010374513922660424,0.004530539610202388,0.017116175278249376,0.010374513922660424,0.010374513922660424,0.0023148148148148147,0.001076388888888889,0.0038580246913580245,0.0023148148148148147,0.0023148148148148147,0.009117798353909464,0.0035362011316872424,0.015329539609053497,0.009117798353909464,0.009117798353909464,1.0,0.9890432098765432,0.0,0.0,0.9852932098765432,98.52932098765432,256.0,0.0,263.0740740740741,4224.655864197531,50700.904320987655,64.0,0.09041698649525642,0.11010637972503899,0.06145937368273735,0.07466678507626057,0.054625,0.06699385,0.006834045052528381,0.008833524771034718,0.021415995433926582,0.029534939676523205,0.09041698649525642,0.0902288593351841,0.11010637972503899,0.10366227943450212
sign,64,branch,256,0.1,648,3,"42,43,44",3,5832,0.008539094650205763,0.0060686728395061736,0.011266718106995886,0.008487654320987654,0.008641975308641976,0.005046296296296296,0.00397608024691358,0.006347865226337449,0.005,0.005123456790123457,0.010489412633894867,0.0045340744288599405,0.01726125537755996,0.010374513922660424,0.010546861989512088,0.0023148148148148156,0.0010763888888888893,0.0038580246913580253,0.0023148148148148147,0.0023148148148148147,0.009117798353909464,0.0035362011316872424,0.015329539609053497,0.009117798353909464,0.009117798353909464,1.0,0.9890432098765432,0.0,0.0,0.9953292181069959,99.53292181069958,256.0,25.462962962962962,314.26646090534985,4171.60596707819,50700.904320987655,64.0,0.09604217484593391,0.12087516952306032,0.06533344276249409,0.08176486007869241,0.058583,0.073834,0.0067909713834524155,0.009292014874517918,0.023582950234413147,0.0326019013300538,0.09604217484593391,0.09638893728454907,0.12087516952306032,0.1072378596290946
sign,64,branch,512,0.0,648,1,42,3,1944,0.030864197530864196,0.022835648148148143,0.039359567901234564,0.030864197530864196,0.030864197530864196,0.025401234567901235,0.01916628086419753,0.03185339506172839,0.025401234567901235,0.025401234567901235,0.01879307043525501,0.010955855790426402,0.026944549737602148,0.01879307043525501,0.01879307043525501,0.006172839506172839,0.0035455246913580246,0.009417438271604935,0.006172839506172839,0.006172839506172839,0.020222562930896262,0.011678821114585002,0.029211977580033133,0.020222562930896262,0.020222562930896262,1.0,0.9890432098765432,0.0,0.0,0.9996604938271605,99.96604938271605,512.0,0.0,443.11574074074076,9315.586419753086,50700.904320987655,64.0,0.1355418935418129,0.18106233328580845,0.10249996557831764,0.13642041012644765,0.09275,0.12633119999999995,0.006792135536670685,0.008459063246846199,0.025958986952900887,0.035189394839107976,0.1355418935418129,0.1352294348180294,0.18106233328580845,0.17369545530527827
sign,64,branch,512,0.1,648,3,"42,43,44",3,5832,0.025411522633744858,0.018362911522633744,0.03282150205761316,0.024691358024691357,0.02592592592592592,0.020869341563786007,0.015606738683127572,0.026579732510288067,0.020385802469135805,0.021296296296296296,0.016651915135646997,0.00936722433034967,0.024622386319492817,0.015684567765223867,0.017377610571475126,0.005246913580246914,0.002829218106995885,0.008335905349794238,0.0049382716049382715,0.005401234567901234,0.016857508061211765,0.009254811118237043,0.02536856244321522,0.015978735770402437,0.01765054646999091,1.0,0.9890432098765432,0.0,0.0,1.0,100.0,512.0,51.175925925925924,594.2561728395061,9021.301440329218,50700.904320987655,64.0,0.15395879745483398,0.19581050146371126,0.11704210191965103,0.1484123524278402,0.1073955,0.137625,0.0069998204708099365,0.009417068213224411,0.029417220503091812,0.036875251680612564,0.15395879745483398,0.15299278311431408,0.19581050146371126,0.18004144852360088
sign,64,branch,1024,0.0,648,1,42,3,1944,0.36342592592592593,0.33826388888888886,0.38920138888888883,0.36342592592592593,0.36342592592592593,0.3257407407407407,0.30389429012345676,0.3488456790123457,0.3257407407407407,0.3257407407407407,0.20910330331915775,0.18539691997600732,0.23424761018848772,0.20910330331915775,0.20910330331915775,0.050771604938271604,0.044440586419753084,0.0577199074074074,0.050771604938271604,0.050771604938271604,0.2316537629037629,0.2054995454648232,0.2591135269694297,0.2316537629037629,0.2316537629037629,1.0,0.9890432098765432,0.0,0.0,1.0,100.0,1024.0,0.0,1624.8719135802469,23435.527777777777,50700.904320987655,64.0,0.29795849695801735,0.4284232156351208,0.2528333570808172,0.3763726446777582,0.237292,0.36032059999999994,0.007416121661663055,0.013201800175011155,0.03558304160833359,0.04594018682837485,0.29795849695801735,0.29712473042309284,0.4284232156351208,0.39898117538541555
sign,64,branch,1024,0.1,648,3,"42,43,44",3,5832,0.2979938271604939,0.27371270576131684,0.3236651234567901,0.2970679012345679,0.2990740740740741,0.2623971193415638,0.24144855967078185,0.2838789866255144,0.26192901234567906,0.2627160493827161,0.17356423972473906,0.1499391207554002,0.19625961465959216,0.17168338448133552,0.17452093218620815,0.0418724279835391,0.03626414609053498,0.0477391975308642,0.041512345679012345,0.04228395061728395,0.19432103818677895,0.16933360417446067,0.22000969655772895,0.1930025735581291,0.1954055717944607,1.0,0.9890432098765432,0.0,0.0,1.0,100.0,1024.0,102.2854938271605,1801.8374485596705,22001.354938271605,50700.904320987655,64.0,0.30704145319759846,0.4287411225959658,0.2599586732685566,0.37980987690389156,0.244916,0.3665390999999999,0.007416354492306709,0.011874828487634659,0.03637513145804405,0.04497710615396499,0.30704145319759846,0.30260393396019936,0.4287411225959658,0.40952956769615406
sign,64,branch,2048,0.0,648,1,42,3,1944,0.7061728395061728,0.6913541666666666,0.7222222222222223,0.7061728395061728,0.7061728395061728,0.7396141975308642,0.7298753858024691,0.7498657407407407,0.7396141975308642,0.7396141975308642,0.34552692966695653,0.31969036248452776,0.37438240031353964,0.34552692966695653,0.34552692966695653,0.09459876543209877,0.08657407407407408,0.10354938271604938,0.09459876543209877,0.09459876543209877,0.39671273085624936,0.36803660256495907,0.4285094691402561,0.39671273085624936,0.39671273085624936,0.9984567901234568,0.9890432098765432,0.0,0.0,1.0,100.0,2047.7052469135801,0.0,6002.515432098766,56452.01851851852,50700.904320987655,64.0,0.6466037593781948,0.8116285782307385,0.5973123479634523,0.7494645426049827,0.5781455,0.7263160999999999,0.008250121027231216,0.015750061720609665,0.03949971869587898,0.05165454931557178,0.6466037593781948,0.6402919534593821,0.8116285782307385,0.7301625097170472
sign,64,branch,2048,0.1,648,3,"42,43,44",3,5832,0.6994341563786008,0.6841049382716049,0.7155401234567901,0.6992283950617283,0.6996913580246914,0.7304989711934157,0.7207133487654321,0.7404956275720165,0.7303549382716049,0.7306481481481482,0.3447187689311694,0.31864673625238277,0.37289481774875866,0.3443690704174106,0.3452377388163188,0.09429012345679014,0.08636188271604939,0.1031905864197531,0.09398148148148149,0.09459876543209877,0.3948751679847359,0.36647857886283813,0.4276497072243599,0.39407212728971985,0.3961297404584441,0.9984567901234568,0.9890432098765432,0.0,0.0,1.0,100.0,2047.7052469135801,204.40997942386835,6312.257716049383,53634.26337448559,50700.904320987655,64.0,0.6411252543330193,0.8532559731975198,0.5924580618739128,0.7854767609387636,0.5748125,0.75868545,0.008292030543088913,0.016832933761179447,0.03862474113702774,0.05422695539891719,0.6411252543330193,0.6499514759828647,0.8532559731975198,0.7235180198525388
sign,64,branch,4096,0.0,648,1,42,3,1944,0.7628086419753086,0.7490663580246912,0.7773148148148148,0.7628086419753086,0.7628086419753086,0.8867746913580247,0.8791805555555554,0.8936886574074073,0.8867746913580247,0.8867746913580247,0.3543772242478402,0.3287456131276563,0.3834376236200104,0.3543772242478402,0.3543772242478402,0.09768518518518518,0.08981095679012345,0.10709876543209877,0.09768518518518518,0.09768518518518518,0.4100982393806468,0.38103768852032743,0.44179515475522413,0.4100982393806468,0.4100982393806468,0.9938271604938271,0.9890432098765432,0.0,0.0,1.0,100.0,4089.114197530864,0.0,14413.57098765432,120190.51388888889,50700.904320987655,64.0,1.213729614391923,1.5460060210898516,1.1601669248193502,1.4634357532486317,1.132125,1.4232214499999998,0.009333482012152672,0.019362336024641984,0.04187505692243576,0.058689061552286134,1.213729614391923,1.2218959163874388,1.5460060210898516,1.412255596369505
sign,64,branch,4096,0.1,648,3,"42,43,44",3,5832,0.7627057613168724,0.7488143004115225,0.7771630658436214,0.7621913580246913,0.7635802469135803,0.8821604938271607,0.8740918209876544,0.8892349537037036,0.8818518518518519,0.8825308641975309,0.35413460987011897,0.32876053738881805,0.38289441321887185,0.354090175329302,0.35417172988903695,0.0977366255144033,0.08971064814814815,0.10710005144032923,0.09768518518518518,0.09783950617283951,0.4102782805329102,0.38104215689574483,0.4418381712594675,0.4100982393806468,0.4104840418497826,0.9938271604938271,0.9890432098765432,0.0,0.0,1.0,100.0,4089.114197530864,409.05658436214,14899.833333333334,116356.98765432098,50700.904320987655,64.0,1.2370208278298378,1.4923357870429754,1.182791544124484,1.4248293126001954,1.1563539999999999,1.3958393999999998,0.009208917617797852,0.017041084356606007,0.04224991425871849,0.05529096815735102,1.2370208278298378,1.2343818477044504,1.4923357870429754,1.3868293957784772
sign,64,scan,0,0.0,648,1,42,3,1944,0.7979938271604938,0.7845640432098764,0.8120408950617283,0.7979938271604938,0.7979938271604938,1.0,0.9999999999999998,1.0,1.0,1.0,0.3587062424747039,0.33313616643137484,0.38770035372676637,0.3587062424747039,0.3587062424747039,0.09814814814814816,0.09027777777777776,0.10756172839506173,0.09814814814814816,0.09814814814814816,0.4153280061844877,0.385031749693208,0.44662724995768976,0.4153280061844877,0.4153280061844877,0.0,0.9890432098765432,0.0,0.0,1.0,100.0,0.0,0.0,50700.904320987655,0.0,50700.904320987655,64.0,1.4598332345485687,1.598354708403349,1.4020835515111685,1.5385706443339586,1.3950835000000001,1.53117865,0.00929180532693863,0.019446411170065396,0.04341662861406803,0.06107776425778865,1.4598332345485687,1.4629792422056198,1.598354708403349,1.5738654416054487
sign,120,branch,0,0.0,648,1,42,3,1944,0.803858024691358,0.7905787037037036,0.8180555555555555,0.803858024691358,0.803858024691358,1.0,0.9999999999999998,1.0,1.0,1.0,0.3580897769913868,0.33215412589981064,0.38725306543274873,0.3580897769913868,0.3580897769913868,0.09783950617283951,0.08981481481481482,0.10725308641975309,0.09783950617283951,0.09783950617283951,0.4138619568017716,0.3838019552892238,0.444732218013468,0.4138619568017716,0.4138619568017716,0.0,1.0,0.0,0.0,1.0,100.0,11154.805555555555,0.0,57600.0,273886.76697530865,57638.0,120.0,3.5592501517385244,4.3591188499703994,3.4890000242739916,4.259995277971029,3.476104,4.23836705,0.015333760529756546,0.028451811522245404,0.051979441195726395,0.07502841763198374,3.5592501517385244,3.561333054676652,4.3591188499703994,4.054856696166097
sign,120,scan,0,0.0,648,1,42,3,1944,0.803858024691358,0.7905787037037036,0.8180555555555555,0.803858024691358,0.803858024691358,1.0,0.9999999999999998,1.0,1.0,1.0,0.3580897769913868,0.33215412589981064,0.38725306543274873,0.3580897769913868,0.3580897769913868,0.09783950617283951,0.08981481481481482,0.10725308641975309,0.09783950617283951,0.09783950617283951,0.4138619568017716,0.3838019552892238,0.444732218013468,0.4138619568017716,0.4138619568017716,0.0,1.0,0.0,0.0,1.0,100.0,0.0,0.0,57638.0,0.0,57638.0,120.0,1.5958747826516628,1.7525873146951199,1.5365825966000557,1.6617419896647334,1.528604,1.6478893,0.00966666266322136,0.022833957336843014,0.04349998198449612,0.06641719955950975,1.5958747826516628,1.597291324287653,1.7525873146951199,1.6547351377084851
