query,depth,top_k,matched_rows,balanced_rows,reference_matches,neighbor_survival
0,1,1,234334,500000.0,0,0.0
1,1,1,765666,500000.0,1,1.0
2,1,1,765666,500000.0,1,1.0
3,1,1,234334,500000.0,1,1.0
4,1,1,765666,500000.0,1,1.0
5,1,1,765666,500000.0,1,1.0
6,1,1,765666,500000.0,1,1.0
7,1,1,234334,500000.0,1,1.0
8,1,1,765666,500000.0,1,1.0
9,1,1,765666,500000.0,0,0.0
10,1,1,234334,500000.0,1,1.0
11,1,1,234334,500000.0,0,0.0
12,1,1,765666,500000.0,1,1.0
13,1,1,765666,500000.0,1,1.0
14,1,1,765666,500000.0,1,1.0
15,1,1,234334,500000.0,0,0.0
16,1,1,765666,500000.0,1,1.0
17,1,1,765666,500000.0,1,1.0
18,1,1,765666,500000.0,1,1.0
19,1,1,234334,500000.0,0,0.0
20,1,1,765666,500000.0,1,1.0
21,1,1,765666,500000.0,1,1.0
22,1,1,765666,500000.0,1,1.0
23,1,1,765666,500000.0,0,0.0
24,1,1,765666,500000.0,1,1.0
25,1,1,765666,500000.0,1,1.0
26,1,1,765666,500000.0,1,1.0
27,1,1,765666,500000.0,1,1.0
28,1,1,234334,500000.0,0,0.0
29,1,1,765666,500000.0,1,1.0
30,1,1,234334,500000.0,0,0.0
31,1,1,765666,500000.0,1,1.0
32,1,1,765666,500000.0,1,1.0
33,1,1,765666,500000.0,1,1.0
34,1,1,765666,500000.0,1,1.0
35,1,1,765666,500000.0,1,1.0
36,1,1,234334,500000.0,0,0.0
37,1,1,765666,500000.0,0,0.0
38,1,1,765666,500000.0,1,1.0
39,1,1,765666,500000.0,1,1.0
40,1,1,765666,500000.0,1,1.0
41,1,1,765666,500000.0,1,1.0
42,1,1,765666,500000.0,1,1.0
43,1,1,765666,500000.0,1,1.0
44,1,1,765666,500000.0,1,1.0
45,1,1,765666,500000.0,1,1.0
46,1,1,234334,500000.0,0,0.0
47,1,1,765666,500000.0,1,1.0
48,1,1,765666,500000.0,1,1.0
49,1,1,765666,500000.0,1,1.0
50,1,1,765666,500000.0,1,1.0
51,1,1,765666,500000.0,1,1.0
52,1,1,765666,500000.0,1,1.0
53,1,1,765666,500000.0,1,1.0
54,1,1,765666,500000.0,1,1.0
55,1,1,765666,500000.0,1,1.0
56,1,1,765666,500000.0,1,1.0
57,1,1,234334,500000.0,0,0.0
58,1,1,765666,500000.0,1,1.0
59,1,1,765666,500000.0,1,1.0
60,1,1,765666,500000.0,1,1.0
61,1,1,765666,500000.0,1,1.0
62,1,1,765666,500000.0,1,1.0
63,1,1,765666,500000.0,1,1.0
64,1,1,765666,500000.0,1,1.0
65,1,1,765666,500000.0,1,1.0
66,1,1,234334,500000.0,1,1.0
67,1,1,234334,500000.0,1,1.0
68,1,1,234334,500000.0,0,0.0
69,1,1,765666,500000.0,0,0.0
70,1,1,765666,500000.0,1,1.0
71,1,1,765666,500000.0,1,1.0
72,1,1,765666,500000.0,0,0.0
73,1,1,765666,500000.0,1,1.0
74,1,1,765666,500000.0,1,1.0
75,1,1,765666,500000.0,1,1.0
76,1,1,765666,500000.0,1,1.0
77,1,1,234334,500000.0,1,1.0
78,1,1,765666,500000.0,1,1.0
79,1,1,765666,500000.0,1,1.0
80,1,1,234334,500000.0,1,1.0
81,1,1,765666,500000.0,1,1.0
82,1,1,765666,500000.0,1,1.0
83,1,1,234334,500000.0,0,0.0
84,1,1,765666,500000.0,1,1.0
85,1,1,765666,500000.0,1,1.0
86,1,1,765666,500000.0,1,1.0
87,1,1,765666,500000.0,1,1.0
88,1,1,234334,500000.0,1,1.0
89,1,1,765666,500000.0,1,1.0
90,1,1,765666,500000.0,1,1.0
91,1,1,765666,500000.0,1,1.0
92,1,1,765666,500000.0,0,0.0
93,1,1,765666,500000.0,1,1.0
94,1,1,765666,500000.0,1,1.0
95,1,1,234334,500000.0,0,0.0
96,1,1,234334,500000.0,0,0.0
97,1,1,234334,500000.0,1,1.0
98,1,1,234334,500000.0,1,1.0
99,1,1,765666,500000.0,1,1.0
100,1,1,765666,500000.0,1,1.0
101,1,1,234334,500000.0,1,1.0
102,1,1,234334,500000.0,1,1.0
103,1,1,765666,500000.0,1,1.0
104,1,1,765666,500000.0,1,1.0
105,1,1,765666,500000.0,1,1.0
106,1,1,765666,500000.0,1,1.0
107,1,1,765666,500000.0,1,1.0
108,1,1,765666,500000.0,1,1.0
109,1,1,765666,500000.0,0,0.0
110,1,1,765666,500000.0,0,0.0
111,1,1,765666,500000.0,1,1.0
112,1,1,234334,500000.0,0,0.0
113,1,1,765666,500000.0,1,1.0
114,1,1,765666,500000.0,1,1.0
115,1,1,765666,500000.0,1,1.0
116,1,1,765666,500000.0,1,1.0
117,1,1,765666,500000.0,0,0.0
118,1,1,765666,500000.0,1,1.0
119,1,1,234334,500000.0,1,1.0
120,1,1,234334,500000.0,1,1.0
121,1,1,765666,500000.0,1,1.0
122,1,1,765666,500000.0,1,1.0
123,1,1,234334,500000.0,0,0.0
124,1,1,765666,500000.0,1,1.0
125,1,1,765666,500000.0,1,1.0
126,1,1,234334,500000.0,0,0.0
127,1,1,765666,500000.0,1,1.0
128,1,1,765666,500000.0,1,1.0
129,1,1,234334,500000.0,0,0.0
130,1,1,234334,500000.0,0,0.0
131,1,1,765666,500000.0,1,1.0
132,1,1,765666,500000.0,1,1.0
133,1,1,234334,500000.0,0,0.0
134,1,1,234334,500000.0,1,1.0
135,1,1,234334,500000.0,0,0.0
136,1,1,765666,500000.0,1,1.0
137,1,1,765666,500000.0,1,1.0
138,1,1,765666,500000.0,1,1.0
139,1,1,765666,500000.0,0,0.0
140,1,1,765666,500000.0,1,1.0
141,1,1,765666,500000.0,1,1.0
142,1,1,765666,500000.0,1,1.0
143,1,1,765666,500000.0,1,1.0
144,1,1,765666,500000.0,0,0.0
145,1,1,765666,500000.0,0,0.0
146,1,1,765666,500000.0,1,1.0
147,1,1,234334,500000.0,1,1.0
148,1,1,765666,500000.0,1,1.0
149,1,1,234334,500000.0,0,0.0
150,1,1,765666,500000.0,1,1.0
151,1,1,765666,500000.0,1,1.0
152,1,1,765666,500000.0,0,0.0
153,1,1,765666,500000.0,1,1.0
154,1,1,765666,500000.0,1,1.0
155,1,1,765666,500000.0,1,1.0
156,1,1,765666,500000.0,1,1.0
157,1,1,765666,500000.0,1,1.0
158,1,1,765666,500000.0,1,1.0
159,1,1,765666,500000.0,1,1.0
160,1,1,234334,500000.0,0,0.0
161,1,1,765666,500000.0,1,1.0
162,1,1,765666,500000.0,1,1.0
163,1,1,765666,500000.0,1,1.0
164,1,1,234334,500000.0,0,0.0
165,1,1,765666,500000.0,1,1.0
166,1,1,765666,500000.0,0,0.0
167,1,1,765666,500000.0,1,1.0
168,1,1,234334,500000.0,0,0.0
169,1,1,765666,500000.0,1,1.0
170,1,1,765666,500000.0,1,1.0
171,1,1,765666,500000.0,1,1.0
172,1,1,765666,500000.0,0,0.0
173,1,1,765666,500000.0,1,1.0
174,1,1,234334,500000.0,0,0.0
175,1,1,765666,500000.0,1,1.0
176,1,1,765666,500000.0,1,1.0
177,1,1,765666,500000.0,1,1.0
178,1,1,765666,500000.0,1,1.0
179,1,1,765666,500000.0,1,1.0
180,1,1,765666,500000.0,1,1.0
181,1,1,234334,500000.0,0,0.0
182,1,1,234334,500000.0,1,1.0
183,1,1,234334,500000.0,0,0.0
184,1,1,765666,500000.0,1,1.0
185,1,1,765666,500000.0,1,1.0
186,1,1,765666,500000.0,0,0.0
187,1,1,765666,500000.0,1,1.0
188,1,1,765666,500000.0,1,1.0
189,1,1,765666,500000.0,1,1.0
190,1,1,234334,500000.0,1,1.0
191,1,1,765666,500000.0,1,1.0
192,1,1,765666,500000.0,1,1.0
193,1,1,765666,500000.0,0,0.0
194,1,1,765666,500000.0,0,0.0
195,1,1,765666,500000.0,1,1.0
196,1,1,765666,500000.0,1,1.0
197,1,1,765666,500000.0,1,1.0
198,1,1,765666,500000.0,1,1.0
199,1,1,765666,500000.0,1,1.0
200,1,1,234334,500000.0,0,0.0
201,1,1,765666,500000.0,0,0.0
202,1,1,765666,500000.0,1,1.0
203,1,1,765666,500000.0,1,1.0
204,1,1,765666,500000.0,1,1.0
205,1,1,765666,500000.0,0,0.0
206,1,1,765666,500000.0,1,1.0
207,1,1,765666,500000.0,1,1.0
208,1,1,234334,500000.0,1,1.0
209,1,1,234334,500000.0,0,0.0
210,1,1,765666,500000.0,1,1.0
211,1,1,765666,500000.0,0,0.0
212,1,1,765666,500000.0,1,1.0
213,1,1,765666,500000.0,1,1.0
214,1,1,765666,500000.0,1,1.0
215,1,1,234334,500000.0,1,1.0
216,1,1,765666,500000.0,0,0.0
217,1,1,765666,500000.0,1,1.0
218,1,1,765666,500000.0,1,1.0
219,1,1,765666,500000.0,1,1.0
220,1,1,765666,500000.0,1,1.0
221,1,1,765666,500000.0,1,1.0
222,1,1,765666,500000.0,1,1.0
223,1,1,765666,500000.0,1,1.0
224,1,1,765666,500000.0,1,1.0
225,1,1,234334,500000.0,1,1.0
226,1,1,765666,500000.0,1,1.0
227,1,1,765666,500000.0,1,1.0
228,1,1,765666,500000.0,1,1.0
229,1,1,765666,500000.0,1,1.0
230,1,1,234334,500000.0,1,1.0
231,1,1,765666,500000.0,1,1.0
232,1,1,765666,500000.0,1,1.0
233,1,1,234334,500000.0,0,0.0
234,1,1,765666,500000.0,1,1.0
235,1,1,765666,500000.0,1,1.0
236,1,1,765666,500000.0,1,1.0
237,1,1,234334,500000.0,0,0.0
238,1,1,234334,500000.0,1,1.0
239,1,1,765666,500000.0,0,0.0
240,1,1,765666,500000.0,1,1.0
241,1,1,765666,500000.0,1,1.0
242,1,1,765666,500000.0,1,1.0
243,1,1,765666,500000.0,1,1.0
244,1,1,765666,500000.0,1,1.0
245,1,1,765666,500000.0,1,1.0
246,1,1,234334,500000.0,1,1.0
247,1,1,765666,500000.0,1,1.0
248,1,1,765666,500000.0,1,1.0
249,1,1,765666,500000.0,1,1.0
250,1,1,765666,500000.0,1,1.0
251,1,1,765666,500000.0,1,1.0
252,1,1,765666,500000.0,1,1.0
253,1,1,234334,500000.0,0,0.0
254,1,1,765666,500000.0,1,1.0
255,1,1,234334,500000.0,1,1.0
256,1,1,234334,500000.0,1,1.0
257,1,1,765666,500000.0,0,0.0
258,1,1,765666,500000.0,1,1.0
259,1,1,765666,500000.0,1,1.0
260,1,1,234334,500000.0,1,1.0
261,1,1,765666,500000.0,0,0.0
262,1,1,234334,500000.0,0,0.0
263,1,1,234334,500000.0,1,1.0
264,1,1,765666,500000.0,1,1.0
265,1,1,234334,500000.0,1,1.0
266,1,1,234334,500000.0,1,1.0
267,1,1,765666,500000.0,1,1.0
268,1,1,234334,500000.0,1,1.0
269,1,1,765666,500000.0,1,1.0
270,1,1,765666,500000.0,0,0.0
271,1,1,765666,500000.0,1,1.0
272,1,1,765666,500000.0,1,1.0
273,1,1,234334,500000.0,0,0.0
274,1,1,234334,500000.0,0,0.0
275,1,1,765666,500000.0,1,1.0
276,1,1,765666,500000.0,1,1.0
277,1,1,234334,500000.0,0,0.0
278,1,1,765666,500000.0,1,1.0
279,1,1,765666,500000.0,1,1.0
280,1,1,765666,500000.0,1,1.0
281,1,1,765666,500000.0,1,1.0
282,1,1,765666,500000.0,1,1.0
283,1,1,765666,500000.0,1,1.0
284,1,1,765666,500000.0,1,1.0
285,1,1,234334,500000.0,1,1.0
286,1,1,765666,500000.0,1,1.0
287,1,1,234334,500000.0,1,1.0
288,1,1,765666,500000.0,1,1.0
289,1,1,765666,500000.0,1,1.0
290,1,1,765666,500000.0,1,1.0
291,1,1,234334,500000.0,1,1.0
292,1,1,234334,500000.0,0,0.0
293,1,1,234334,500000.0,0,0.0
294,1,1,765666,500000.0,1,1.0
295,1,1,765666,500000.0,1,1.0
296,1,1,765666,500000.0,1,1.0
297,1,1,765666,500000.0,1,1.0
298,1,1,765666,500000.0,0,0.0
299,1,1,765666,500000.0,1,1.0
300,1,1,234334,500000.0,0,0.0
301,1,1,234334,500000.0,1,1.0
302,1,1,765666,500000.0,1,1.0
303,1,1,234334,500000.0,0,0.0
304,1,1,765666,500000.0,1,1.0
305,1,1,765666,500000.0,1,1.0
306,1,1,765666,500000.0,1,1.0
307,1,1,234334,500000.0,1,1.0
308,1,1,765666,500000.0,1,1.0
309,1,1,765666,500000.0,1,1.0
310,1,1,234334,500000.0,1,1.0
311,1,1,234334,500000.0,1,1.0
312,1,1,765666,500000.0,1,1.0
313,1,1,765666,500000.0,1,1.0
314,1,1,765666,500000.0,1,1.0
315,1,1,765666,500000.0,1,1.0
316,1,1,765666,500000.0,1,1.0
317,1,1,765666,500000.0,0,0.0
318,1,1,765666,500000.0,1,1.0
319,1,1,765666,500000.0,1,1.0
320,1,1,765666,500000.0,1,1.0
321,1,1,234334,500000.0,1,1.0
322,1,1,234334,500000.0,1,1.0
323,1,1,765666,500000.0,1,1.0
324,1,1,765666,500000.0,1,1.0
325,1,1,234334,500000.0,0,0.0
326,1,1,765666,500000.0,1,1.0
327,1,1,234334,500000.0,1,1.0
328,1,1,765666,500000.0,1,1.0
329,1,1,765666,500000.0,1,1.0
330,1,1,765666,500000.0,1,1.0
331,1,1,234334,500000.0,1,1.0
332,1,1,765666,500000.0,1,1.0
333,1,1,765666,500000.0,1,1.0
334,1,1,765666,500000.0,1,1.0
335,1,1,765666,500000.0,1,1.0
336,1,1,234334,500000.0,0,0.0
337,1,1,234334,500000.0,1,1.0
338,1,1,234334,500000.0,1,1.0
339,1,1,765666,500000.0,1,1.0
340,1,1,765666,500000.0,1,1.0
341,1,1,765666,500000.0,1,1.0
342,1,1,234334,500000.0,1,1.0
343,1,1,765666,500000.0,1,1.0
344,1,1,765666,500000.0,1,1.0
345,1,1,765666,500000.0,1,1.0
346,1,1,765666,500000.0,1,1.0
347,1,1,765666,500000.0,1,1.0
348,1,1,765666,500000.0,0,0.0
349,1,1,765666,500000.0,1,1.0
350,1,1,234334,500000.0,0,0.0
351,1,1,765666,500000.0,1,1.0
352,1,1,234334,500000.0,0,0.0
353,1,1,234334,500000.0,0,0.0
354,1,1,765666,500000.0,1,1.0
355,1,1,765666,500000.0,1,1.0
356,1,1,765666,500000.0,1,1.0
357,1,1,234334,500000.0,0,0.0
358,1,1,765666,500000.0,1,1.0
359,1,1,765666,500000.0,1,1.0
360,1,1,234334,500000.0,1,1.0
361,1,1,765666,500000.0,1,1.0
362,1,1,765666,500000.0,1,1.0
363,1,1,765666,500000.0,1,1.0
364,1,1,765666,500000.0,1,1.0
365,1,1,765666,500000.0,1,1.0
366,1,1,765666,500000.0,1,1.0
367,1,1,765666,500000.0,1,1.0
368,1,1,765666,500000.0,1,1.0
369,1,1,765666,500000.0,1,1.0
370,1,1,765666,500000.0,1,1.0
371,1,1,234334,500000.0,1,1.0
372,1,1,234334,500000.0,1,1.0
373,1,1,765666,500000.0,1,1.0
374,1,1,765666,500000.0,1,1.0
375,1,1,765666,500000.0,1,1.0
376,1,1,765666,500000.0,1,1.0
377,1,1,765666,500000.0,1,1.0
378,1,1,234334,500000.0,0,0.0
379,1,1,765666,500000.0,1,1.0
380,1,1,234334,500000.0,0,0.0
381,1,1,234334,500000.0,0,0.0
382,1,1,765666,500000.0,1,1.0
383,1,1,765666,500000.0,1,1.0
384,1,1,234334,500000.0,0,0.0
385,1,1,765666,500000.0,1,1.0
386,1,1,765666,500000.0,1,1.0
387,1,1,765666,500000.0,1,1.0
388,1,1,234334,500000.0,1,1.0
389,1,1,765666,500000.0,1,1.0
390,1,1,765666,500000.0,1,1.0
391,1,1,765666,500000.0,1,1.0
392,1,1,234334,500000.0,1,1.0
393,1,1,765666,500000.0,1,1.0
394,1,1,765666,500000.0,1,1.0
395,1,1,765666,500000.0,1,1.0
396,1,1,765666,500000.0,1,1.0
397,1,1,765666,500000.0,1,1.0
398,1,1,765666,500000.0,1,1.0
399,1,1,234334,500000.0,1,1.0
400,1,1,765666,500000.0,1,1.0
401,1,1,765666,500000.0,0,0.0
402,1,1,765666,500000.0,1,1.0
403,1,1,765666,500000.0,1,1.0
404,1,1,234334,500000.0,1,1.0
405,1,1,765666,500000.0,1,1.0
406,1,1,765666,500000.0,1,1.0
407,1,1,765666,500000.0,1,1.0
408,1,1,765666,500000.0,1,1.0
409,1,1,765666,500000.0,1,1.0
410,1,1,765666,500000.0,0,0.0
411,1,1,234334,500000.0,1,1.0
412,1,1,234334,500000.0,0,0.0
413,1,1,234334,500000.0,1,1.0
414,1,1,765666,500000.0,1,1.0
415,1,1,765666,500000.0,1,1.0
416,1,1,765666,500000.0,1,1.0
417,1,1,234334,500000.0,1,1.0
418,1,1,234334,500000.0,0,0.0
419,1,1,765666,500000.0,1,1.0
420,1,1,765666,500000.0,0,0.0
421,1,1,234334,500000.0,0,0.0
422,1,1,765666,500000.0,1,1.0
423,1,1,765666,500000.0,1,1.0
424,1,1,234334,500000.0,1,1.0
425,1,1,765666,500000.0,1,1.0
426,1,1,765666,500000.0,1,1.0
427,1,1,765666,500000.0,0,0.0
428,1,1,234334,500000.0,1,1.0
429,1,1,765666,500000.0,1,1.0
430,1,1,765666,500000.0,1,1.0
431,1,1,765666,500000.0,1,1.0
432,1,1,765666,500000.0,1,1.0
433,1,1,234334,500000.0,1,1.0
434,1,1,765666,500000.0,1,1.0
435,1,1,765666,500000.0,1,1.0
436,1,1,234334,500000.0,1,1.0
437,1,1,765666,500000.0,1,1.0
438,1,1,765666,500000.0,1,1.0
439,1,1,765666,500000.0,1,1.0
440,1,1,765666,500000.0,1,1.0
441,1,1,765666,500000.0,1,1.0
442,1,1,765666,500000.0,1,1.0
443,1,1,765666,500000.0,1,1.0
444,1,1,234334,500000.0,1,1.0
445,1,1,765666,500000.0,1,1.0
446,1,1,765666,500000.0,1,1.0
447,1,1,765666,500000.0,1,1.0
448,1,1,234334,500000.0,1,1.0
449,1,1,765666,500000.0,1,1.0
450,1,1,765666,500000.0,1,1.0
451,1,1,234334,500000.0,1,1.0
452,1,1,765666,500000.0,0,0.0
453,1,1,234334,500000.0,0,0.0
454,1,1,765666,500000.0,1,1.0
455,1,1,234334,500000.0,1,1.0
456,1,1,765666,500000.0,1,1.0
457,1,1,765666,500000.0,1,1.0
458,1,1,765666,500000.0,1,1.0
459,1,1,765666,500000.0,1,1.0
460,1,1,234334,500000.0,1,1.0
461,1,1,765666,500000.0,0,0.0
462,1,1,234334,500000.0,1,1.0
463,1,1,765666,500000.0,1,1.0
464,1,1,765666,500000.0,1,1.0
465,1,1,765666,500000.0,1,1.0
466,1,1,765666,500000.0,1,1.0
467,1,1,234334,500000.0,0,0.0
468,1,1,234334,500000.0,0,0.0
469,1,1,765666,500000.0,1,1.0
470,1,1,234334,500000.0,1,1.0
471,1,1,765666,500000.0,0,0.0
472,1,1,234334,500000.0,1,1.0
473,1,1,765666,500000.0,1,1.0
474,1,1,765666,500000.0,1,1.0
475,1,1,765666,500000.0,1,1.0
476,1,1,765666,500000.0,1,1.0
477,1,1,765666,500000.0,1,1.0
478,1,1,234334,500000.0,1,1.0
479,1,1,765666,500000.0,1,1.0
480,1,1,765666,500000.0,1,1.0
481,1,1,765666,500000.0,0,0.0
482,1,1,234334,500000.0,1,1.0
483,1,1,234334,500000.0,0,0.0
484,1,1,234334,500000.0,1,1.0
485,1,1,765666,500000.0,1,1.0
486,1,1,234334,500000.0,1,1.0
487,1,1,765666,500000.0,1,1.0
488,1,1,765666,500000.0,1,1.0
489,1,1,765666,500000.0,1,1.0
490,1,1,765666,500000.0,1,1.0
491,1,1,765666,500000.0,1,1.0
492,1,1,234334,500000.0,1,1.0
493,1,1,234334,500000.0,0,0.0
494,1,1,765666,500000.0,1,1.0
495,1,1,765666,500000.0,1,1.0
496,1,1,765666,500000.0,1,1.0
497,1,1,234334,500000.0,0,0.0
498,1,1,765666,500000.0,1,1.0
499,1,1,765666,500000.0,1,1.0
500,1,1,234334,500000.0,1,1.0
501,1,1,765666,500000.0,1,1.0
502,1,1,765666,500000.0,1,1.0
503,1,1,765666,500000.0,1,1.0
504,1,1,765666,500000.0,1,1.0
505,1,1,765666,500000.0,1,1.0
506,1,1,765666,500000.0,1,1.0
507,1,1,765666,500000.0,1,1.0
508,1,1,765666,500000.0,1,1.0
509,1,1,765666,500000.0,1,1.0
510,1,1,765666,500000.0,1,1.0
511,1,1,765666,500000.0,1,1.0
512,1,1,765666,500000.0,1,1.0
513,1,1,765666,500000.0,1,1.0
514,1,1,234334,500000.0,1,1.0
515,1,1,765666,500000.0,1,1.0
516,1,1,234334,500000.0,1,1.0
517,1,1,765666,500000.0,1,1.0
518,1,1,765666,500000.0,1,1.0
519,1,1,765666,500000.0,1,1.0
520,1,1,765666,500000.0,0,0.0
521,1,1,765666,500000.0,1,1.0
522,1,1,234334,500000.0,0,0.0
523,1,1,765666,500000.0,1,1.0
524,1,1,234334,500000.0,0,0.0
525,1,1,765666,500000.0,1,1.0
526,1,1,234334,500000.0,0,0.0
527,1,1,234334,500000.0,0,0.0
528,1,1,765666,500000.0,1,1.0
529,1,1,234334,500000.0,1,1.0
530,1,1,234334,500000.0,0,0.0
531,1,1,765666,500000.0,1,1.0
532,1,1,765666,500000.0,1,1.0
533,1,1,765666,500000.0,1,1.0
534,1,1,234334,500000.0,1,1.0
535,1,1,765666,500000.0,1,1.0
536,1,1,765666,500000.0,1,1.0
537,1,1,765666,500000.0,0,0.0
538,1,1,765666,500000.0,0,0.0
539,1,1,765666,500000.0,1,1.0
540,1,1,234334,500000.0,0,0.0
541,1,1,765666,500000.0,1,1.0
542,1,1,765666,500000.0,1,1.0
543,1,1,765666,500000.0,1,1.0
544,1,1,765666,500000.0,0,0.0
545,1,1,765666,500000.0,1,1.0
546,1,1,765666,500000.0,1,1.0
547,1,1,234334,500000.0,0,0.0
548,1,1,234334,500000.0,1,1.0
549,1,1,765666,500000.0,1,1.0
550,1,1,765666,500000.0,1,1.0
551,1,1,765666,500000.0,1,1.0
552,1,1,765666,500000.0,1,1.0
553,1,1,234334,500000.0,1,1.0
554,1,1,234334,500000.0,0,0.0
555,1,1,765666,500000.0,1,1.0
556,1,1,765666,500000.0,1,1.0
557,1,1,765666,500000.0,1,1.0
558,1,1,765666,500000.0,1,1.0
559,1,1,765666,500000.0,1,1.0
560,1,1,765666,500000.0,1,1.0
561,1,1,234334,500000.0,0,0.0
562,1,1,765666,500000.0,1,1.0
563,1,1,234334,500000.0,0,0.0
564,1,1,234334,500000.0,0,0.0
565,1,1,234334,500000.0,0,0.0
566,1,1,234334,500000.0,1,1.0
567,1,1,234334,500000.0,0,0.0
568,1,1,765666,500000.0,1,1.0
569,1,1,765666,500000.0,1,1.0
570,1,1,765666,500000.0,1,1.0
571,1,1,765666,500000.0,1,1.0
572,1,1,765666,500000.0,1,1.0
573,1,1,234334,500000.0,1,1.0
574,1,1,765666,500000.0,1,1.0
575,1,1,765666,500000.0,1,1.0
576,1,1,234334,500000.0,0,0.0
577,1,1,234334,500000.0,0,0.0
578,1,1,765666,500000.0,1,1.0
579,1,1,234334,500000.0,1,1.0
580,1,1,765666,500000.0,1,1.0
581,1,1,234334,500000.0,1,1.0
582,1,1,765666,500000.0,1,1.0
583,1,1,765666,500000.0,1,1.0
584,1,1,765666,500000.0,1,1.0
585,1,1,765666,500000.0,1,1.0
586,1,1,765666,500000.0,1,1.0
587,1,1,765666,500000.0,1,1.0
588,1,1,234334,500000.0,0,0.0
589,1,1,765666,500000.0,1,1.0
590,1,1,765666,500000.0,0,0.0
591,1,1,765666,500000.0,0,0.0
592,1,1,765666,500000.0,1,1.0
593,1,1,765666,500000.0,1,1.0
594,1,1,765666,500000.0,1,1.0
595,1,1,765666,500000.0,1,1.0
596,1,1,765666,500000.0,1,1.0
597,1,1,234334,500000.0,0,0.0
598,1,1,234334,500000.0,0,0.0
599,1,1,765666,500000.0,1,1.0
600,1,1,765666,500000.0,1,1.0
601,1,1,765666,500000.0,1,1.0
602,1,1,234334,500000.0,1,1.0
603,1,1,765666,500000.0,1,1.0
604,1,1,765666,500000.0,1,1.0
605,1,1,234334,500000.0,0,0.0
606,1,1,234334,500000.0,1,1.0
607,1,1,765666,500000.0,1,1.0
608,1,1,234334,500000.0,1,1.0
609,1,1,234334,500000.0,1,1.0
610,1,1,234334,500000.0,1,1.0
611,1,1,765666,500000.0,1,1.0
612,1,1,234334,500000.0,1,1.0
613,1,1,234334,500000.0,0,0.0
614,1,1,765666,500000.0,0,0.0
615,1,1,765666,500000.0,1,1.0
616,1,1,765666,500000.0,1,1.0
617,1,1,765666,500000.0,1,1.0
618,1,1,765666,500000.0,0,0.0
619,1,1,234334,500000.0,1,1.0
620,1,1,765666,500000.0,1,1.0
621,1,1,765666,500000.0,0,0.0
622,1,1,765666,500000.0,1,1.0
623,1,1,765666,500000.0,1,1.0
624,1,1,765666,500000.0,1,1.0
625,1,1,765666,500000.0,1,1.0
626,1,1,765666,500000.0,1,1.0
627,1,1,765666,500000.0,1,1.0
628,1,1,765666,500000.0,1,1.0
629,1,1,765666,500000.0,1,1.0
630,1,1,765666,500000.0,1,1.0
631,1,1,765666,500000.0,0,0.0
632,1,1,765666,500000.0,1,1.0
633,1,1,765666,500000.0,1,1.0
634,1,1,234334,500000.0,0,0.0
635,1,1,765666,500000.0,1,1.0
636,1,1,765666,500000.0,1,1.0
637,1,1,765666,500000.0,1,1.0
638,1,1,234334,500000.0,0,0.0
639,1,1,765666,500000.0,1,1.0
640,1,1,765666,500000.0,1,1.0
641,1,1,234334,500000.0,1,1.0
642,1,1,234334,500000.0,0,0.0
643,1,1,765666,500000.0,1,1.0
644,1,1,765666,500000.0,1,1.0
645,1,1,765666,500000.0,1,1.0
646,1,1,765666,500000.0,1,1.0
647,1,1,765666,500000.0,1,1.0
648,1,1,765666,500000.0,1,1.0
649,1,1,765666,500000.0,1,1.0
650,1,1,765666,500000.0,0,0.0
651,1,1,765666,500000.0,1,1.0
652,1,1,765666,500000.0,1,1.0
653,1,1,765666,500000.0,1,1.0
654,1,1,765666,500000.0,1,1.0
655,1,1,234334,500000.0,1,1.0
656,1,1,765666,500000.0,1,1.0
657,1,1,234334,500000.0,1,1.0
658,1,1,765666,500000.0,1,1.0
659,1,1,765666,500000.0,1,1.0
660,1,1,234334,500000.0,0,0.0
661,1,1,765666,500000.0,1,1.0
662,1,1,234334,500000.0,1,1.0
663,1,1,765666,500000.0,1,1.0
664,1,1,765666,500000.0,1,1.0
665,1,1,765666,500000.0,1,1.0
666,1,1,234334,500000.0,0,0.0
667,1,1,765666,500000.0,1,1.0
668,1,1,765666,500000.0,1,1.0
669,1,1,765666,500000.0,1,1.0
670,1,1,234334,500000.0,1,1.0
671,1,1,765666,500000.0,1,1.0
672,1,1,765666,500000.0,1,1.0
673,1,1,765666,500000.0,1,1.0
674,1,1,765666,500000.0,1,1.0
675,1,1,765666,500000.0,1,1.0
676,1,1,765666,500000.0,1,1.0
677,1,1,765666,500000.0,1,1.0
678,1,1,765666,500000.0,1,1.0
679,1,1,765666,500000.0,0,0.0
680,1,1,765666,500000.0,1,1.0
681,1,1,765666,500000.0,1,1.0
682,1,1,765666,500000.0,1,1.0
683,1,1,765666,500000.0,1,1.0
684,1,1,765666,500000.0,1,1.0
685,1,1,765666,500000.0,1,1.0
686,1,1,765666,500000.0,1,1.0
687,1,1,765666,500000.0,1,1.0
688,1,1,765666,500000.0,1,1.0
689,1,1,765666,500000.0,1,1.0
690,1,1,765666,500000.0,0,0.0
691,1,1,234334,500000.0,1,1.0
692,1,1,765666,500000.0,1,1.0
693,1,1,765666,500000.0,0,0.0
694,1,1,765666,500000.0,1,1.0
695,1,1,765666,500000.0,1,1.0
696,1,1,765666,500000.0,1,1.0
697,1,1,765666,500000.0,1,1.0
698,1,1,765666,500000.0,1,1.0
699,1,1,765666,500000.0,1,1.0
700,1,1,234334,500000.0,0,0.0
701,1,1,765666,500000.0,1,1.0
702,1,1,765666,500000.0,1,1.0
703,1,1,765666,500000.0,1,1.0
704,1,1,234334,500000.0,0,0.0
705,1,1,765666,500000.0,1,1.0
706,1,1,765666,500000.0,0,0.0
707,1,1,234334,500000.0,1,1.0
708,1,1,765666,500000.0,1,1.0
709,1,1,765666,500000.0,1,1.0
710,1,1,765666,500000.0,1,1.0
711,1,1,234334,500000.0,1,1.0
712,1,1,765666,500000.0,1,1.0
713,1,1,765666,500000.0,1,1.0
714,1,1,234334,500000.0,1,1.0
715,1,1,765666,500000.0,1,1.0
716,1,1,765666,500000.0,1,1.0
717,1,1,765666,500000.0,1,1.0
718,1,1,765666,500000.0,1,1.0
719,1,1,234334,500000.0,1,1.0
720,1,1,234334,500000.0,1,1.0
721,1,1,234334,500000.0,0,0.0
722,1,1,765666,500000.0,1,1.0
723,1,1,765666,500000.0,1,1.0
724,1,1,234334,500000.0,0,0.0
725,1,1,765666,500000.0,1,1.0
726,1,1,765666,500000.0,1,1.0
727,1,1,765666,500000.0,1,1.0
728,1,1,765666,500000.0,1,1.0
729,1,1,765666,500000.0,1,1.0
730,1,1,765666,500000.0,0,0.0
731,1,1,765666,500000.0,1,1.0
732,1,1,765666,500000.0,1,1.0
733,1,1,765666,500000.0,0,0.0
734,1,1,765666,500000.0,1,1.0
735,1,1,234334,500000.0,0,0.0
736,1,1,765666,500000.0,1,1.0
737,1,1,234334,500000.0,1,1.0
738,1,1,234334,500000.0,0,0.0
739,1,1,765666,500000.0,1,1.0
740,1,1,765666,500000.0,1,1.0
741,1,1,765666,500000.0,1,1.0
742,1,1,765666,500000.0,1,1.0
743,1,1,765666,500000.0,1,1.0
744,1,1,765666,500000.0,1,1.0
745,1,1,234334,500000.0,0,0.0
746,1,1,765666,500000.0,1,1.0
747,1,1,765666,500000.0,1,1.0
748,1,1,765666,500000.0,1,1.0
749,1,1,765666,500000.0,1,1.0
750,1,1,765666,500000.0,1,1.0
751,1,1,765666,500000.0,1,1.0
752,1,1,234334,500000.0,1,1.0
753,1,1,765666,500000.0,1,1.0
754,1,1,234334,500000.0,0,0.0
755,1,1,234334,500000.0,0,0.0
756,1,1,765666,500000.0,1,1.0
757,1,1,234334,500000.0,1,1.0
758,1,1,234334,500000.0,0,0.0
759,1,1,765666,500000.0,0,0.0
760,1,1,765666,500000.0,1,1.0
761,1,1,765666,500000.0,0,0.0
762,1,1,765666,500000.0,1,1.0
763,1,1,765666,500000.0,0,0.0
764,1,1,765666,500000.0,1,1.0
765,1,1,765666,500000.0,1,1.0
766,1,1,234334,500000.0,0,0.0
767,1,1,765666,500000.0,1,1.0
768,1,1,234334,500000.0,1,1.0
769,1,1,765666,500000.0,1,1.0
770,1,1,765666,500000.0,1,1.0
771,1,1,234334,500000.0,1,1.0
772,1,1,765666,500000.0,1,1.0
773,1,1,765666,500000.0,1,1.0
774,1,1,765666,500000.0,1,1.0
775,1,1,234334,500000.0,1,1.0
776,1,1,234334,500000.0,1,1.0
777,1,1,765666,500000.0,1,1.0
778,1,1,765666,500000.0,1,1.0
779,1,1,765666,500000.0,1,1.0
780,1,1,234334,500000.0,1,1.0
781,1,1,765666,500000.0,1,1.0
782,1,1,234334,500000.0,1,1.0
783,1,1,234334,500000.0,1,1.0
784,1,1,765666,500000.0,1,1.0
785,1,1,765666,500000.0,1,1.0
786,1,1,765666,500000.0,1,1.0
787,1,1,765666,500000.0,1,1.0
788,1,1,765666,500000.0,1,1.0
789,1,1,765666,500000.0,1,1.0
790,1,1,765666,500000.0,1,1.0
791,1,1,765666,500000.0,1,1.0
792,1,1,765666,500000.0,1,1.0
793,1,1,765666,500000.0,1,1.0
794,1,1,765666,500000.0,1,1.0
795,1,1,234334,500000.0,1,1.0
796,1,1,765666,500000.0,0,0.0
797,1,1,234334,500000.0,0,0.0
798,1,1,765666,500000.0,0,0.0
799,1,1,765666,500000.0,1,1.0
800,1,1,234334,500000.0,1,1.0
801,1,1,765666,500000.0,1,1.0
802,1,1,765666,500000.0,1,1.0
803,1,1,234334,500000.0,1,1.0
804,1,1,765666,500000.0,0,0.0
805,1,1,765666,500000.0,1,1.0
806,1,1,765666,500000.0,1,1.0
807,1,1,234334,500000.0,1,1.0
808,1,1,765666,500000.0,1,1.0
809,1,1,765666,500000.0,1,1.0
810,1,1,765666,500000.0,1,1.0
811,1,1,765666,500000.0,1,1.0
812,1,1,765666,500000.0,1,1.0
813,1,1,765666,500000.0,1,1.0
814,1,1,765666,500000.0,1,1.0
815,1,1,234334,500000.0,0,0.0
816,1,1,765666,500000.0,1,1.0
817,1,1,765666,500000.0,1,1.0
818,1,1,234334,500000.0,0,0.0
819,1,1,765666,500000.0,1,1.0
820,1,1,765666,500000.0,1,1.0
821,1,1,765666,500000.0,1,1.0
822,1,1,765666,500000.0,1,1.0
823,1,1,234334,500000.0,0,0.0
824,1,1,765666,500000.0,1,1.0
825,1,1,765666,500000.0,1,1.0
826,1,1,765666,500000.0,1,1.0
827,1,1,765666,500000.0,1,1.0
828,1,1,765666,500000.0,1,1.0
829,1,1,234334,500000.0,1,1.0
830,1,1,765666,500000.0,1,1.0
831,1,1,765666,500000.0,1,1.0
832,1,1,234334,500000.0,1,1.0
833,1,1,765666,500000.0,1,1.0
834,1,1,765666,500000.0,1,1.0
835,1,1,765666,500000.0,1,1.0
836,1,1,765666,500000.0,1,1.0
837,1,1,765666,500000.0,1,1.0
838,1,1,765666,500000.0,1,1.0
839,1,1,765666,500000.0,1,1.0
840,1,1,765666,500000.0,1,1.0
841,1,1,765666,500000.0,1,1.0
842,1,1,765666,500000.0,1,1.0
843,1,1,765666,500000.0,1,1.0
844,1,1,765666,500000.0,1,1.0
845,1,1,765666,500000.0,1,1.0
846,1,1,765666,500000.0,1,1.0
847,1,1,765666,500000.0,1,1.0
848,1,1,765666,500000.0,1,1.0
849,1,1,765666,500000.0,1,1.0
850,1,1,234334,500000.0,0,0.0
851,1,1,765666,500000.0,1,1.0
852,1,1,765666,500000.0,0,0.0
853,1,1,765666,500000.0,1,1.0
854,1,1,765666,500000.0,1,1.0
855,1,1,765666,500000.0,1,1.0
856,1,1,765666,500000.0,1,1.0
857,1,1,765666,500000.0,0,0.0
858,1,1,765666,500000.0,1,1.0
859,1,1,234334,500000.0,0,0.0
860,1,1,234334,500000.0,1,1.0
861,1,1,765666,500000.0,1,1.0
862,1,1,765666,500000.0,1,1.0
863,1,1,234334,500000.0,1,1.0
864,1,1,765666,500000.0,1,1.0
865,1,1,765666,500000.0,1,1.0
866,1,1,765666,500000.0,1,1.0
867,1,1,234334,500000.0,1,1.0
868,1,1,765666,500000.0,1,1.0
869,1,1,765666,500000.0,1,1.0
870,1,1,765666,500000.0,1,1.0
871,1,1,765666,500000.0,1,1.0
872,1,1,765666,500000.0,1,1.0
873,1,1,765666,500000.0,1,1.0
874,1,1,765666,500000.0,1,1.0
875,1,1,234334,500000.0,0,0.0
876,1,1,765666,500000.0,1,1.0
877,1,1,234334,500000.0,1,1.0
878,1,1,765666,500000.0,1,1.0
879,1,1,234334,500000.0,0,0.0
880,1,1,765666,500000.0,0,0.0
881,1,1,765666,500000.0,0,0.0
882,1,1,234334,500000.0,1,1.0
883,1,1,765666,500000.0,1,1.0
884,1,1,765666,500000.0,0,0.0
885,1,1,765666,500000.0,1,1.0
886,1,1,765666,500000.0,1,1.0
887,1,1,234334,500000.0,0,0.0
888,1,1,765666,500000.0,1,1.0
889,1,1,765666,500000.0,1,1.0
890,1,1,765666,500000.0,1,1.0
891,1,1,765666,500000.0,1,1.0
892,1,1,234334,500000.0,1,1.0
893,1,1,765666,500000.0,1,1.0
894,1,1,765666,500000.0,1,1.0
895,1,1,765666,500000.0,1,1.0
896,1,1,765666,500000.0,1,1.0
897,1,1,765666,500000.0,1,1.0
898,1,1,765666,500000.0,1,1.0
899,1,1,765666,500000.0,1,1.0
900,1,1,234334,500000.0,0,0.0
901,1,1,765666,500000.0,1,1.0
902,1,1,765666,500000.0,0,0.0
903,1,1,765666,500000.0,1,1.0
904,1,1,765666,500000.0,1,1.0
905,1,1,765666,500000.0,1,1.0
906,1,1,765666,500000.0,1,1.0
907,1,1,234334,500000.0,1,1.0
908,1,1,765666,500000.0,1,1.0
909,1,1,765666,500000.0,1,1.0
910,1,1,765666,500000.0,1,1.0
911,1,1,765666,500000.0,1,1.0
912,1,1,765666,500000.0,1,1.0
913,1,1,234334,500000.0,0,0.0
914,1,1,765666,500000.0,1,1.0
915,1,1,765666,500000.0,1,1.0
916,1,1,765666,500000.0,1,1.0
917,1,1,765666,500000.0,1,1.0
918,1,1,234334,500000.0,0,0.0
919,1,1,234334,500000.0,0,0.0
920,1,1,765666,500000.0,0,0.0
921,1,1,765666,500000.0,1,1.0
922,1,1,234334,500000.0,1,1.0
923,1,1,234334,500000.0,1,1.0
924,1,1,765666,500000.0,1,1.0
925,1,1,765666,500000.0,1,1.0
926,1,1,765666,500000.0,1,1.0
927,1,1,765666,500000.0,1,1.0
928,1,1,765666,500000.0,1,1.0
929,1,1,765666,500000.0,1,1.0
930,1,1,765666,500000.0,1,1.0
931,1,1,765666,500000.0,1,1.0
932,1,1,765666,500000.0,1,1.0
933,1,1,765666,500000.0,1,1.0
934,1,1,234334,500000.0,0,0.0
935,1,1,234334,500000.0,1,1.0
936,1,1,234334,500000.0,0,0.0
937,1,1,765666,500000.0,1,1.0
938,1,1,765666,500000.0,1,1.0
939,1,1,234334,500000.0,0,0.0
940,1,1,765666,500000.0,1,1.0
941,1,1,765666,500000.0,1,1.0
942,1,1,765666,500000.0,1,1.0
943,1,1,765666,500000.0,1,1.0
944,1,1,765666,500000.0,1,1.0
945,1,1,234334,500000.0,1,1.0
946,1,1,765666,500000.0,1,1.0
947,1,1,765666,500000.0,1,1.0
948,1,1,234334,500000.0,0,0.0
949,1,1,234334,500000.0,0,0.0
950,1,1,765666,500000.0,1,1.0
951,1,1,765666,500000.0,1,1.0
952,1,1,765666,500000.0,1,1.0
953,1,1,765666,500000.0,1,1.0
954,1,1,765666,500000.0,1,1.0
955,1,1,765666,500000.0,1,1.0
956,1,1,765666,500000.0,1,1.0
957,1,1,234334,500000.0,0,0.0
958,1,1,765666,500000.0,1,1.0
959,1,1,234334,500000.0,1,1.0
960,1,1,234334,500000.0,1,1.0
961,1,1,765666,500000.0,1,1.0
962,1,1,765666,500000.0,1,1.0
963,1,1,765666,500000.0,1,1.0
964,1,1,765666,500000.0,1,1.0
965,1,1,765666,500000.0,1,1.0
966,1,1,234334,500000.0,1,1.0
967,1,1,765666,500000.0,1,1.0
968,1,1,234334,500000.0,0,0.0
969,1,1,234334,500000.0,0,0.0
970,1,1,765666,500000.0,1,1.0
971,1,1,765666,500000.0,1,1.0
972,1,1,765666,500000.0,1,1.0
973,1,1,765666,500000.0,1,1.0
974,1,1,765666,500000.0,1,1.0
975,1,1,765666,500000.0,1,1.0
976,1,1,765666,500000.0,0,0.0
977,1,1,765666,500000.0,1,1.0
978,1,1,765666,500000.0,1,1.0
979,1,1,765666,500000.0,1,1.0
980,1,1,234334,500000.0,1,1.0
981,1,1,765666,500000.0,1,1.0
982,1,1,765666,500000.0,1,1.0
983,1,1,765666,500000.0,1,1.0
984,1,1,234334,500000.0,1,1.0
985,1,1,765666,500000.0,1,1.0
986,1,1,765666,500000.0,1,1.0
987,1,1,234334,500000.0,1,1.0
988,1,1,765666,500000.0,1,1.0
989,1,1,765666,500000.0,1,1.0
990,1,1,765666,500000.0,1,1.0
991,1,1,765666,500000.0,1,1.0
992,1,1,765666,500000.0,0,0.0
993,1,1,765666,500000.0,1,1.0
994,1,1,765666,500000.0,1,1.0
995,1,1,765666,500000.0,1,1.0
996,1,1,765666,500000.0,1,1.0
997,1,1,234334,500000.0,0,0.0
998,1,1,765666,500000.0,0,0.0
999,1,1,765666,500000.0,1,1.0
0,1,10,234334,500000.0,6,0.6
1,1,10,765666,500000.0,10,1.0
2,1,10,765666,500000.0,9,0.9
3,1,10,234334,500000.0,9,0.9
4,1,10,765666,500000.0,10,1.0
5,1,10,765666,500000.0,9,0.9
6,1,10,765666,500000.0,10,1.0
7,1,10,234334,500000.0,7,0.7
8,1,10,765666,500000.0,9,0.9
9,1,10,765666,500000.0,9,0.9
10,1,10,234334,500000.0,3,0.3
11,1,10,234334,500000.0,1,0.1
12,1,10,765666,500000.0,9,0.9
13,1,10,765666,500000.0,10,1.0
14,1,10,765666,500000.0,8,0.8
15,1,10,234334,500000.0,5,0.5
16,1,10,765666,500000.0,10,1.0
17,1,10,765666,500000.0,10,1.0
18,1,10,765666,500000.0,10,1.0
19,1,10,234334,500000.0,4,0.4
20,1,10,765666,500000.0,10,1.0
21,1,10,765666,500000.0,10,1.0
22,1,10,765666,500000.0,7,0.7
23,1,10,765666,500000.0,9,0.9
24,1,10,765666,500000.0,10,1.0
25,1,10,765666,500000.0,8,0.8
26,1,10,765666,500000.0,10,1.0
27,1,10,765666,500000.0,10,1.0
28,1,10,234334,500000.0,4,0.4
29,1,10,765666,500000.0,10,1.0
30,1,10,234334,500000.0,2,0.2
31,1,10,765666,500000.0,10,1.0
32,1,10,765666,500000.0,8,0.8
33,1,10,765666,500000.0,10,1.0
34,1,10,765666,500000.0,10,1.0
35,1,10,765666,500000.0,8,0.8
36,1,10,234334,500000.0,0,0.0
37,1,10,765666,500000.0,7,0.7
38,1,10,765666,500000.0,10,1.0
39,1,10,765666,500000.0,10,1.0
40,1,10,765666,500000.0,8,0.8
41,1,10,765666,500000.0,10,1.0
42,1,10,765666,500000.0,9,0.9
43,1,10,765666,500000.0,10,1.0
44,1,10,765666,500000.0,10,1.0
45,1,10,765666,500000.0,10,1.0
46,1,10,234334,500000.0,1,0.1
47,1,10,765666,500000.0,10,1.0
48,1,10,765666,500000.0,9,0.9
49,1,10,765666,500000.0,10,1.0
50,1,10,765666,500000.0,10,1.0
51,1,10,765666,500000.0,10,1.0
52,1,10,765666,500000.0,10,1.0
53,1,10,765666,500000.0,10,1.0
54,1,10,765666,500000.0,10,1.0
55,1,10,765666,500000.0,10,1.0
56,1,10,765666,500000.0,10,1.0
57,1,10,234334,500000.0,1,0.1
58,1,10,765666,500000.0,10,1.0
59,1,10,765666,500000.0,10,1.0
60,1,10,765666,500000.0,10,1.0
61,1,10,765666,500000.0,10,1.0
62,1,10,765666,500000.0,10,1.0
63,1,10,765666,500000.0,8,0.8
64,1,10,765666,500000.0,9,0.9
65,1,10,765666,500000.0,10,1.0
66,1,10,234334,500000.0,5,0.5
67,1,10,234334,500000.0,10,1.0
68,1,10,234334,500000.0,5,0.5
69,1,10,765666,500000.0,9,0.9
70,1,10,765666,500000.0,10,1.0
71,1,10,765666,500000.0,4,0.4
72,1,10,765666,500000.0,4,0.4
73,1,10,765666,500000.0,9,0.9
74,1,10,765666,500000.0,10,1.0
75,1,10,765666,500000.0,7,0.7
76,1,10,765666,500000.0,9,0.9
77,1,10,234334,500000.0,3,0.3
78,1,10,765666,500000.0,5,0.5
79,1,10,765666,500000.0,10,1.0
80,1,10,234334,500000.0,4,0.4
81,1,10,765666,500000.0,10,1.0
82,1,10,765666,500000.0,7,0.7
83,1,10,234334,500000.0,1,0.1
84,1,10,765666,500000.0,10,1.0
85,1,10,765666,500000.0,8,0.8
86,1,10,765666,500000.0,8,0.8
87,1,10,765666,500000.0,9,0.9
88,1,10,234334,500000.0,10,1.0
89,1,10,765666,500000.0,10,1.0
90,1,10,765666,500000.0,10,1.0
91,1,10,765666,500000.0,10,1.0
92,1,10,765666,500000.0,8,0.8
93,1,10,765666,500000.0,10,1.0
94,1,10,765666,500000.0,10,1.0
95,1,10,234334,500000.0,3,0.3
96,1,10,234334,500000.0,0,0.0
97,1,10,234334,500000.0,8,0.8
98,1,10,234334,500000.0,8,0.8
99,1,10,765666,500000.0,7,0.7
100,1,10,765666,500000.0,10,1.0
101,1,10,234334,500000.0,4,0.4
102,1,10,234334,500000.0,5,0.5
103,1,10,765666,500000.0,10,1.0
104,1,10,765666,500000.0,9,0.9
105,1,10,765666,500000.0,6,0.6
106,1,10,765666,500000.0,9,0.9
107,1,10,765666,500000.0,9,0.9
108,1,10,765666,500000.0,9,0.9
109,1,10,765666,500000.0,3,0.3
110,1,10,765666,500000.0,1,0.1
111,1,10,765666,500000.0,8,0.8
112,1,10,234334,500000.0,7,0.7
113,1,10,765666,500000.0,8,0.8
114,1,10,765666,500000.0,10,1.0
115,1,10,765666,500000.0,8,0.8
116,1,10,765666,500000.0,10,1.0
117,1,10,765666,500000.0,7,0.7
118,1,10,765666,500000.0,10,1.0
119,1,10,234334,500000.0,9,0.9
120,1,10,234334,500000.0,10,1.0
121,1,10,765666,500000.0,10,1.0
122,1,10,765666,500000.0,10,1.0
123,1,10,234334,500000.0,6,0.6
124,1,10,765666,500000.0,8,0.8
125,1,10,765666,500000.0,10,1.0
126,1,10,234334,500000.0,3,0.3
127,1,10,765666,500000.0,6,0.6
128,1,10,765666,500000.0,9,0.9
129,1,10,234334,500000.0,2,0.2
130,1,10,234334,500000.0,2,0.2
131,1,10,765666,500000.0,10,1.0
132,1,10,765666,500000.0,10,1.0
133,1,10,234334,500000.0,6,0.6
134,1,10,234334,500000.0,9,0.9
135,1,10,234334,500000.0,0,0.0
136,1,10,765666,500000.0,9,0.9
137,1,10,765666,500000.0,7,0.7
138,1,10,765666,500000.0,7,0.7
139,1,10,765666,500000.0,6,0.6
140,1,10,765666,500000.0,8,0.8
141,1,10,765666,500000.0,10,1.0
142,1,10,765666,500000.0,10,1.0
143,1,10,765666,500000.0,10,1.0
144,1,10,765666,500000.0,7,0.7
145,1,10,765666,500000.0,5,0.5
146,1,10,765666,500000.0,10,1.0
147,1,10,234334,500000.0,6,0.6
148,1,10,765666,500000.0,10,1.0
149,1,10,234334,500000.0,4,0.4
150,1,10,765666,500000.0,9,0.9
151,1,10,765666,500000.0,7,0.7
152,1,10,765666,500000.0,4,0.4
153,1,10,765666,500000.0,10,1.0
154,1,10,765666,500000.0,9,0.9
155,1,10,765666,500000.0,10,1.0
156,1,10,765666,500000.0,10,1.0
157,1,10,765666,500000.0,9,0.9
158,1,10,765666,500000.0,8,0.8
159,1,10,765666,500000.0,10,1.0
160,1,10,234334,500000.0,3,0.3
161,1,10,765666,500000.0,9,0.9
162,1,10,765666,500000.0,7,0.7
163,1,10,765666,500000.0,5,0.5
164,1,10,234334,500000.0,2,0.2
165,1,10,765666,500000.0,10,1.0
166,1,10,765666,500000.0,7,0.7
167,1,10,765666,500000.0,8,0.8
168,1,10,234334,500000.0,2,0.2
169,1,10,765666,500000.0,6,0.6
170,1,10,765666,500000.0,10,1.0
171,1,10,765666,500000.0,10,1.0
172,1,10,765666,500000.0,6,0.6
173,1,10,765666,500000.0,10,1.0
174,1,10,234334,500000.0,0,0.0
175,1,10,765666,500000.0,10,1.0
176,1,10,765666,500000.0,5,0.5
177,1,10,765666,500000.0,10,1.0
178,1,10,765666,500000.0,8,0.8
179,1,10,765666,500000.0,9,0.9
180,1,10,765666,500000.0,10,1.0
181,1,10,234334,500000.0,2,0.2
182,1,10,234334,500000.0,3,0.3
183,1,10,234334,500000.0,2,0.2
184,1,10,765666,500000.0,10,1.0
185,1,10,765666,500000.0,10,1.0
186,1,10,765666,500000.0,6,0.6
187,1,10,765666,500000.0,8,0.8
188,1,10,765666,500000.0,7,0.7
189,1,10,765666,500000.0,10,1.0
190,1,10,234334,500000.0,5,0.5
191,1,10,765666,500000.0,8,0.8
192,1,10,765666,500000.0,10,1.0
193,1,10,765666,500000.0,9,0.9
194,1,10,765666,500000.0,6,0.6
195,1,10,765666,500000.0,10,1.0
196,1,10,765666,500000.0,10,1.0
197,1,10,765666,500000.0,10,1.0
198,1,10,765666,500000.0,10,1.0
199,1,10,765666,500000.0,9,0.9
200,1,10,234334,500000.0,2,0.2
201,1,10,765666,500000.0,5,0.5
202,1,10,765666,500000.0,10,1.0
203,1,10,765666,500000.0,10,1.0
204,1,10,765666,500000.0,10,1.0
205,1,10,765666,500000.0,9,0.9
206,1,10,765666,500000.0,6,0.6
207,1,10,765666,500000.0,10,1.0
208,1,10,234334,500000.0,4,0.4
209,1,10,234334,500000.0,0,0.0
210,1,10,765666,500000.0,9,0.9
211,1,10,765666,500000.0,1,0.1
212,1,10,765666,500000.0,6,0.6
213,1,10,765666,500000.0,10,1.0
214,1,10,765666,500000.0,8,0.8
215,1,10,234334,500000.0,1,0.1
216,1,10,765666,500000.0,7,0.7
217,1,10,765666,500000.0,9,0.9
218,1,10,765666,500000.0,10,1.0
219,1,10,765666,500000.0,9,0.9
220,1,10,765666,500000.0,10,1.0
221,1,10,765666,500000.0,5,0.5
222,1,10,765666,500000.0,10,1.0
223,1,10,765666,500000.0,10,1.0
224,1,10,765666,500000.0,10,1.0
225,1,10,234334,500000.0,6,0.6
226,1,10,765666,500000.0,10,1.0
227,1,10,765666,500000.0,10,1.0
228,1,10,765666,500000.0,10,1.0
229,1,10,765666,500000.0,7,0.7
230,1,10,234334,500000.0,4,0.4
231,1,10,765666,500000.0,10,1.0
232,1,10,765666,500000.0,8,0.8
233,1,10,234334,500000.0,7,0.7
234,1,10,765666,500000.0,6,0.6
235,1,10,765666,500000.0,10,1.0
236,1,10,765666,500000.0,10,1.0
237,1,10,234334,500000.0,1,0.1
238,1,10,234334,500000.0,10,1.0
239,1,10,765666,500000.0,7,0.7
240,1,10,765666,500000.0,10,1.0
241,1,10,765666,500000.0,10,1.0
242,1,10,765666,500000.0,10,1.0
243,1,10,765666,500000.0,10,1.0
244,1,10,765666,500000.0,10,1.0
245,1,10,765666,500000.0,10,1.0
246,1,10,234334,500000.0,10,1.0
247,1,10,765666,500000.0,10,1.0
248,1,10,765666,500000.0,10,1.0
249,1,10,765666,500000.0,7,0.7
250,1,10,765666,500000.0,10,1.0
251,1,10,765666,500000.0,9,0.9
252,1,10,765666,500000.0,10,1.0
253,1,10,234334,500000.0,2,0.2
254,1,10,765666,500000.0,9,0.9
255,1,10,234334,500000.0,9,0.9
256,1,10,234334,500000.0,5,0.5
257,1,10,765666,500000.0,7,0.7
258,1,10,765666,500000.0,10,1.0
259,1,10,765666,500000.0,8,0.8
260,1,10,234334,500000.0,6,0.6
261,1,10,765666,500000.0,7,0.7
262,1,10,234334,500000.0,3,0.3
263,1,10,234334,500000.0,5,0.5
264,1,10,765666,500000.0,9,0.9
265,1,10,234334,500000.0,7,0.7
266,1,10,234334,500000.0,6,0.6
267,1,10,765666,500000.0,10,1.0
268,1,10,234334,500000.0,9,0.9
269,1,10,765666,500000.0,10,1.0
270,1,10,765666,500000.0,1,0.1
271,1,10,765666,500000.0,8,0.8
272,1,10,765666,500000.0,7,0.7
273,1,10,234334,500000.0,2,0.2
274,1,10,234334,500000.0,0,0.0
275,1,10,765666,500000.0,8,0.8
276,1,10,765666,500000.0,10,1.0
277,1,10,234334,500000.0,2,0.2
278,1,10,765666,500000.0,10,1.0
279,1,10,765666,500000.0,10,1.0
280,1,10,765666,500000.0,9,0.9
281,1,10,765666,500000.0,10,1.0
282,1,10,765666,500000.0,10,1.0
283,1,10,765666,500000.0,10,1.0
284,1,10,765666,500000.0,4,0.4
285,1,10,234334,500000.0,3,0.3
286,1,10,765666,500000.0,8,0.8
287,1,10,234334,500000.0,1,0.1
288,1,10,765666,500000.0,7,0.7
289,1,10,765666,500000.0,10,1.0
290,1,10,765666,500000.0,9,0.9
291,1,10,234334,500000.0,7,0.7
292,1,10,234334,500000.0,0,0.0
293,1,10,234334,500000.0,5,0.5
294,1,10,765666,500000.0,10,1.0
295,1,10,765666,500000.0,8,0.8
296,1,10,765666,500000.0,10,1.0
297,1,10,765666,500000.0,10,1.0
298,1,10,765666,500000.0,2,0.2
299,1,10,765666,500000.0,10,1.0
300,1,10,234334,500000.0,4,0.4
301,1,10,234334,500000.0,7,0.7
302,1,10,765666,500000.0,9,0.9
303,1,10,234334,500000.0,3,0.3
304,1,10,765666,500000.0,10,1.0
305,1,10,765666,500000.0,10,1.0
306,1,10,765666,500000.0,10,1.0
307,1,10,234334,500000.0,6,0.6
308,1,10,765666,500000.0,9,0.9
309,1,10,765666,500000.0,10,1.0
310,1,10,234334,500000.0,5,0.5
311,1,10,234334,500000.0,6,0.6
312,1,10,765666,500000.0,10,1.0
313,1,10,765666,500000.0,10,1.0
314,1,10,765666,500000.0,9,0.9
315,1,10,765666,500000.0,10,1.0
316,1,10,765666,500000.0,9,0.9
317,1,10,765666,500000.0,5,0.5
318,1,10,765666,500000.0,10,1.0
319,1,10,765666,500000.0,10,1.0
320,1,10,765666,500000.0,9,0.9
321,1,10,234334,500000.0,6,0.6
322,1,10,234334,500000.0,7,0.7
323,1,10,765666,500000.0,10,1.0
324,1,10,765666,500000.0,9,0.9
325,1,10,234334,500000.0,4,0.4
326,1,10,765666,500000.0,10,1.0
327,1,10,234334,500000.0,10,1.0
328,1,10,765666,500000.0,9,0.9
329,1,10,765666,500000.0,10,1.0
330,1,10,765666,500000.0,10,1.0
331,1,10,234334,500000.0,7,0.7
332,1,10,765666,500000.0,10,1.0
333,1,10,765666,500000.0,4,0.4
334,1,10,765666,500000.0,9,0.9
335,1,10,765666,500000.0,10,1.0
336,1,10,234334,500000.0,3,0.3
337,1,10,234334,500000.0,10,1.0
338,1,10,234334,500000.0,7,0.7
339,1,10,765666,500000.0,10,1.0
340,1,10,765666,500000.0,6,0.6
341,1,10,765666,500000.0,8,0.8
342,1,10,234334,500000.0,8,0.8
343,1,10,765666,500000.0,10,1.0
344,1,10,765666,500000.0,10,1.0
345,1,10,765666,500000.0,9,0.9
346,1,10,765666,500000.0,10,1.0
347,1,10,765666,500000.0,9,0.9
348,1,10,765666,500000.0,3,0.3
349,1,10,765666,500000.0,9,0.9
350,1,10,234334,500000.0,6,0.6
351,1,10,765666,500000.0,10,1.0
352,1,10,234334,500000.0,7,0.7
353,1,10,234334,500000.0,7,0.7
354,1,10,765666,500000.0,10,1.0
355,1,10,765666,500000.0,10,1.0
356,1,10,765666,500000.0,10,1.0
357,1,10,234334,500000.0,0,0.0
358,1,10,765666,500000.0,10,1.0
359,1,10,765666,500000.0,10,1.0
360,1,10,234334,500000.0,6,0.6
361,1,10,765666,500000.0,10,1.0
362,1,10,765666,500000.0,10,1.0
363,1,10,765666,500000.0,10,1.0
364,1,10,765666,500000.0,10,1.0
365,1,10,765666,500000.0,10,1.0
366,1,10,765666,500000.0,8,0.8
367,1,10,765666,500000.0,10,1.0
368,1,10,765666,500000.0,10,1.0
369,1,10,765666,500000.0,10,1.0
370,1,10,765666,500000.0,9,0.9
371,1,10,234334,500000.0,2,0.2
372,1,10,234334,500000.0,1,0.1
373,1,10,765666,500000.0,7,0.7
374,1,10,765666,500000.0,9,0.9
375,1,10,765666,500000.0,10,1.0
376,1,10,765666,500000.0,10,1.0
377,1,10,765666,500000.0,10,1.0
378,1,10,234334,500000.0,3,0.3
379,1,10,765666,500000.0,10,1.0
380,1,10,234334,500000.0,6,0.6
381,1,10,234334,500000.0,2,0.2
382,1,10,765666,500000.0,9,0.9
383,1,10,765666,500000.0,10,1.0
384,1,10,234334,500000.0,5,0.5
385,1,10,765666,500000.0,10,1.0
386,1,10,765666,500000.0,10,1.0
387,1,10,765666,500000.0,5,0.5
388,1,10,234334,500000.0,8,0.8
389,1,10,765666,500000.0,10,1.0
390,1,10,765666,500000.0,10,1.0
391,1,10,765666,500000.0,10,1.0
392,1,10,234334,500000.0,10,1.0
393,1,10,765666,500000.0,8,0.8
394,1,10,765666,500000.0,10,1.0
395,1,10,765666,500000.0,10,1.0
396,1,10,765666,500000.0,10,1.0
397,1,10,765666,500000.0,9,0.9
398,1,10,765666,500000.0,9,0.9
399,1,10,234334,500000.0,9,0.9
400,1,10,765666,500000.0,10,1.0
401,1,10,765666,500000.0,5,0.5
402,1,10,765666,500000.0,10,1.0
403,1,10,765666,500000.0,10,1.0
404,1,10,234334,500000.0,4,0.4
405,1,10,765666,500000.0,10,1.0
406,1,10,765666,500000.0,8,0.8
407,1,10,765666,500000.0,9,0.9
408,1,10,765666,500000.0,10,1.0
409,1,10,765666,500000.0,10,1.0
410,1,10,765666,500000.0,4,0.4
411,1,10,234334,500000.0,9,0.9
412,1,10,234334,500000.0,1,0.1
413,1,10,234334,500000.0,9,0.9
414,1,10,765666,500000.0,9,0.9
415,1,10,765666,500000.0,9,0.9
416,1,10,765666,500000.0,8,0.8
417,1,10,234334,500000.0,7,0.7
418,1,10,234334,500000.0,1,0.1
419,1,10,765666,500000.0,10,1.0
420,1,10,765666,500000.0,3,0.3
421,1,10,234334,500000.0,1,0.1
422,1,10,765666,500000.0,10,1.0
423,1,10,765666,500000.0,10,1.0
424,1,10,234334,500000.0,7,0.7
425,1,10,765666,500000.0,10,1.0
426,1,10,765666,500000.0,9,0.9
427,1,10,765666,500000.0,8,0.8
428,1,10,234334,500000.0,7,0.7
429,1,10,765666,500000.0,10,1.0
430,1,10,765666,500000.0,10,1.0
431,1,10,765666,500000.0,9,0.9
432,1,10,765666,500000.0,10,1.0
433,1,10,234334,500000.0,3,0.3
434,1,10,765666,500000.0,10,1.0
435,1,10,765666,500000.0,7,0.7
436,1,10,234334,500000.0,3,0.3
437,1,10,765666,500000.0,10,1.0
438,1,10,765666,500000.0,6,0.6
439,1,10,765666,500000.0,7,0.7
440,1,10,765666,500000.0,9,0.9
441,1,10,765666,500000.0,10,1.0
442,1,10,765666,500000.0,7,0.7
443,1,10,765666,500000.0,6,0.6
444,1,10,234334,500000.0,8,0.8
445,1,10,765666,500000.0,10,1.0
446,1,10,765666,500000.0,10,1.0
447,1,10,765666,500000.0,9,0.9
448,1,10,234334,500000.0,9,0.9
449,1,10,765666,500000.0,10,1.0
450,1,10,765666,500000.0,8,0.8
451,1,10,234334,500000.0,8,0.8
452,1,10,765666,500000.0,6,0.6
453,1,10,234334,500000.0,2,0.2
454,1,10,765666,500000.0,10,1.0
455,1,10,234334,500000.0,3,0.3
456,1,10,765666,500000.0,10,1.0
457,1,10,765666,500000.0,10,1.0
458,1,10,765666,500000.0,8,0.8
459,1,10,765666,500000.0,10,1.0
460,1,10,234334,500000.0,4,0.4
461,1,10,765666,500000.0,6,0.6
462,1,10,234334,500000.0,7,0.7
463,1,10,765666,500000.0,9,0.9
464,1,10,765666,500000.0,10,1.0
465,1,10,765666,500000.0,10,1.0
466,1,10,765666,500000.0,7,0.7
467,1,10,234334,500000.0,3,0.3
468,1,10,234334,500000.0,2,0.2
469,1,10,765666,500000.0,8,0.8
470,1,10,234334,500000.0,10,1.0
471,1,10,765666,500000.0,9,0.9
472,1,10,234334,500000.0,8,0.8
473,1,10,765666,500000.0,6,0.6
474,1,10,765666,500000.0,10,1.0
475,1,10,765666,500000.0,10,1.0
476,1,10,765666,500000.0,10,1.0
477,1,10,765666,500000.0,10,1.0
478,1,10,234334,500000.0,10,1.0
479,1,10,765666,500000.0,7,0.7
480,1,10,765666,500000.0,9,0.9
481,1,10,765666,500000.0,4,0.4
482,1,10,234334,500000.0,8,0.8
483,1,10,234334,500000.0,4,0.4
484,1,10,234334,500000.0,6,0.6
485,1,10,765666,500000.0,10,1.0
486,1,10,234334,500000.0,9,0.9
487,1,10,765666,500000.0,10,1.0
488,1,10,765666,500000.0,10,1.0
489,1,10,765666,500000.0,9,0.9
490,1,10,765666,500000.0,9,0.9
491,1,10,765666,500000.0,5,0.5
492,1,10,234334,500000.0,9,0.9
493,1,10,234334,500000.0,2,0.2
494,1,10,765666,500000.0,10,1.0
495,1,10,765666,500000.0,10,1.0
496,1,10,765666,500000.0,10,1.0
497,1,10,234334,500000.0,3,0.3
498,1,10,765666,500000.0,10,1.0
499,1,10,765666,500000.0,10,1.0
500,1,10,234334,500000.0,5,0.5
501,1,10,765666,500000.0,1,0.1
502,1,10,765666,500000.0,10,1.0
503,1,10,765666,500000.0,9,0.9
504,1,10,765666,500000.0,10,1.0
505,1,10,765666,500000.0,10,1.0
506,1,10,765666,500000.0,10,1.0
507,1,10,765666,500000.0,10,1.0
508,1,10,765666,500000.0,9,0.9
509,1,10,765666,500000.0,9,0.9
510,1,10,765666,500000.0,10,1.0
511,1,10,765666,500000.0,7,0.7
512,1,10,765666,500000.0,9,0.9
513,1,10,765666,500000.0,10,1.0
514,1,10,234334,500000.0,4,0.4
515,1,10,765666,500000.0,10,1.0
516,1,10,234334,500000.0,7,0.7
517,1,10,765666,500000.0,10,1.0
518,1,10,765666,500000.0,10,1.0
519,1,10,765666,500000.0,8,0.8
520,1,10,765666,500000.0,6,0.6
521,1,10,765666,500000.0,10,1.0
522,1,10,234334,500000.0,0,0.0
523,1,10,765666,500000.0,8,0.8
524,1,10,234334,500000.0,5,0.5
525,1,10,765666,500000.0,10,1.0
526,1,10,234334,500000.0,3,0.3
527,1,10,234334,500000.0,6,0.6
528,1,10,765666,500000.0,10,1.0
529,1,10,234334,500000.0,7,0.7
530,1,10,234334,500000.0,9,0.9
531,1,10,765666,500000.0,10,1.0
532,1,10,765666,500000.0,10,1.0
533,1,10,765666,500000.0,10,1.0
534,1,10,234334,500000.0,8,0.8
535,1,10,765666,500000.0,10,1.0
536,1,10,765666,500000.0,10,1.0
537,1,10,765666,500000.0,7,0.7
538,1,10,765666,500000.0,7,0.7
539,1,10,765666,500000.0,9,0.9
540,1,10,234334,500000.0,1,0.1
541,1,10,765666,500000.0,10,1.0
542,1,10,765666,500000.0,8,0.8
543,1,10,765666,500000.0,9,0.9
544,1,10,765666,500000.0,7,0.7
545,1,10,765666,500000.0,9,0.9
546,1,10,765666,500000.0,9,0.9
547,1,10,234334,500000.0,6,0.6
548,1,10,234334,500000.0,2,0.2
549,1,10,765666,500000.0,6,0.6
550,1,10,765666,500000.0,9,0.9
551,1,10,765666,500000.0,10,1.0
552,1,10,765666,500000.0,10,1.0
553,1,10,234334,500000.0,6,0.6
554,1,10,234334,500000.0,5,0.5
555,1,10,765666,500000.0,9,0.9
556,1,10,765666,500000.0,10,1.0
557,1,10,765666,500000.0,10,1.0
558,1,10,765666,500000.0,10,1.0
559,1,10,765666,500000.0,10,1.0
560,1,10,765666,500000.0,3,0.3
561,1,10,234334,500000.0,2,0.2
562,1,10,765666,500000.0,9,0.9
563,1,10,234334,500000.0,2,0.2
564,1,10,234334,500000.0,4,0.4
565,1,10,234334,500000.0,0,0.0
566,1,10,234334,500000.0,8,0.8
567,1,10,234334,500000.0,2,0.2
568,1,10,765666,500000.0,10,1.0
569,1,10,765666,500000.0,10,1.0
570,1,10,765666,500000.0,10,1.0
571,1,10,765666,500000.0,9,0.9
572,1,10,765666,500000.0,10,1.0
573,1,10,234334,500000.0,8,0.8
574,1,10,765666,500000.0,10,1.0
575,1,10,765666,500000.0,10,1.0
576,1,10,234334,500000.0,7,0.7
577,1,10,234334,500000.0,8,0.8
578,1,10,765666,500000.0,8,0.8
579,1,10,234334,500000.0,1,0.1
580,1,10,765666,500000.0,8,0.8
581,1,10,234334,500000.0,7,0.7
582,1,10,765666,500000.0,10,1.0
583,1,10,765666,500000.0,10,1.0
584,1,10,765666,500000.0,9,0.9
585,1,10,765666,500000.0,10,1.0
586,1,10,765666,500000.0,10,1.0
587,1,10,765666,500000.0,10,1.0
588,1,10,234334,500000.0,2,0.2
589,1,10,765666,500000.0,10,1.0
590,1,10,765666,500000.0,8,0.8
591,1,10,765666,500000.0,8,0.8
592,1,10,765666,500000.0,9,0.9
593,1,10,765666,500000.0,9,0.9
594,1,10,765666,500000.0,10,1.0
595,1,10,765666,500000.0,10,1.0
596,1,10,765666,500000.0,6,0.6
597,1,10,234334,500000.0,3,0.3
598,1,10,234334,500000.0,1,0.1
599,1,10,765666,500000.0,10,1.0
600,1,10,765666,500000.0,10,1.0
601,1,10,765666,500000.0,8,0.8
602,1,10,234334,500000.0,2,0.2
603,1,10,765666,500000.0,10,1.0
604,1,10,765666,500000.0,9,0.9
605,1,10,234334,500000.0,2,0.2
606,1,10,234334,500000.0,8,0.8
607,1,10,765666,500000.0,10,1.0
608,1,10,234334,500000.0,9,0.9
609,1,10,234334,500000.0,6,0.6
610,1,10,234334,500000.0,7,0.7
611,1,10,765666,500000.0,10,1.0
612,1,10,234334,500000.0,10,1.0
613,1,10,234334,500000.0,0,0.0
614,1,10,765666,500000.0,7,0.7
615,1,10,765666,500000.0,10,1.0
616,1,10,765666,500000.0,10,1.0
617,1,10,765666,500000.0,9,0.9
618,1,10,765666,500000.0,9,0.9
619,1,10,234334,500000.0,2,0.2
620,1,10,765666,500000.0,10,1.0
621,1,10,765666,500000.0,5,0.5
622,1,10,765666,500000.0,10,1.0
623,1,10,765666,500000.0,10,1.0
624,1,10,765666,500000.0,10,1.0
625,1,10,765666,500000.0,10,1.0
626,1,10,765666,500000.0,10,1.0
627,1,10,765666,500000.0,9,0.9
628,1,10,765666,500000.0,9,0.9
629,1,10,765666,500000.0,10,1.0
630,1,10,765666,500000.0,10,1.0
631,1,10,765666,500000.0,7,0.7
632,1,10,765666,500000.0,10,1.0
633,1,10,765666,500000.0,10,1.0
634,1,10,234334,500000.0,4,0.4
635,1,10,765666,500000.0,9,0.9
636,1,10,765666,500000.0,10,1.0
637,1,10,765666,500000.0,10,1.0
638,1,10,234334,500000.0,2,0.2
639,1,10,765666,500000.0,7,0.7
640,1,10,765666,500000.0,10,1.0
641,1,10,234334,500000.0,5,0.5
642,1,10,234334,500000.0,5,0.5
643,1,10,765666,500000.0,10,1.0
644,1,10,765666,500000.0,10,1.0
645,1,10,765666,500000.0,7,0.7
646,1,10,765666,500000.0,10,1.0
647,1,10,765666,500000.0,10,1.0
648,1,10,765666,500000.0,10,1.0
649,1,10,765666,500000.0,8,0.8
650,1,10,765666,500000.0,8,0.8
651,1,10,765666,500000.0,10,1.0
652,1,10,765666,500000.0,10,1.0
653,1,10,765666,500000.0,9,0.9
654,1,10,765666,500000.0,10,1.0
655,1,10,234334,500000.0,5,0.5
656,1,10,765666,500000.0,7,0.7
657,1,10,234334,500000.0,8,0.8
658,1,10,765666,500000.0,6,0.6
659,1,10,765666,500000.0,10,1.0
660,1,10,234334,500000.0,3,0.3
661,1,10,765666,500000.0,10,1.0
662,1,10,234334,500000.0,2,0.2
663,1,10,765666,500000.0,8,0.8
664,1,10,765666,500000.0,10,1.0
665,1,10,765666,500000.0,10,1.0
666,1,10,234334,500000.0,5,0.5
667,1,10,765666,500000.0,10,1.0
668,1,10,765666,500000.0,9,0.9
669,1,10,765666,500000.0,2,0.2
670,1,10,234334,500000.0,7,0.7
671,1,10,765666,500000.0,10,1.0
672,1,10,765666,500000.0,10,1.0
673,1,10,765666,500000.0,10,1.0
674,1,10,765666,500000.0,9,0.9
675,1,10,765666,500000.0,10,1.0
676,1,10,765666,500000.0,10,1.0
677,1,10,765666,500000.0,10,1.0
678,1,10,765666,500000.0,9,0.9
679,1,10,765666,500000.0,3,0.3
680,1,10,765666,500000.0,10,1.0
681,1,10,765666,500000.0,10,1.0
682,1,10,765666,500000.0,10,1.0
683,1,10,765666,500000.0,8,0.8
684,1,10,765666,500000.0,9,0.9
685,1,10,765666,500000.0,10,1.0
686,1,10,765666,500000.0,10,1.0
687,1,10,765666,500000.0,6,0.6
688,1,10,765666,500000.0,10,1.0
689,1,10,765666,500000.0,9,0.9
690,1,10,765666,500000.0,6,0.6
691,1,10,234334,500000.0,9,0.9
692,1,10,765666,500000.0,7,0.7
693,1,10,765666,500000.0,4,0.4
694,1,10,765666,500000.0,9,0.9
695,1,10,765666,500000.0,9,0.9
696,1,10,765666,500000.0,10,1.0
697,1,10,765666,500000.0,7,0.7
698,1,10,765666,500000.0,10,1.0
699,1,10,765666,500000.0,8,0.8
700,1,10,234334,500000.0,2,0.2
701,1,10,765666,500000.0,10,1.0
702,1,10,765666,500000.0,10,1.0
703,1,10,765666,500000.0,10,1.0
704,1,10,234334,500000.0,3,0.3
705,1,10,765666,500000.0,10,1.0
706,1,10,765666,500000.0,6,0.6
707,1,10,234334,500000.0,10,1.0
708,1,10,765666,500000.0,9,0.9
709,1,10,765666,500000.0,10,1.0
710,1,10,765666,500000.0,10,1.0
711,1,10,234334,500000.0,4,0.4
712,1,10,765666,500000.0,9,0.9
713,1,10,765666,500000.0,9,0.9
714,1,10,234334,500000.0,5,0.5
715,1,10,765666,500000.0,9,0.9
716,1,10,765666,500000.0,7,0.7
717,1,10,765666,500000.0,10,1.0
718,1,10,765666,500000.0,10,1.0
719,1,10,234334,500000.0,10,1.0
720,1,10,234334,500000.0,9,0.9
721,1,10,234334,500000.0,1,0.1
722,1,10,765666,500000.0,10,1.0
723,1,10,765666,500000.0,10,1.0
724,1,10,234334,500000.0,4,0.4
725,1,10,765666,500000.0,10,1.0
726,1,10,765666,500000.0,10,1.0
727,1,10,765666,500000.0,8,0.8
728,1,10,765666,500000.0,10,1.0
729,1,10,765666,500000.0,8,0.8
730,1,10,765666,500000.0,9,0.9
731,1,10,765666,500000.0,10,1.0
732,1,10,765666,500000.0,9,0.9
733,1,10,765666,500000.0,7,0.7
734,1,10,765666,500000.0,10,1.0
735,1,10,234334,500000.0,0,0.0
736,1,10,765666,500000.0,10,1.0
737,1,10,234334,500000.0,7,0.7
738,1,10,234334,500000.0,1,0.1
739,1,10,765666,500000.0,9,0.9
740,1,10,765666,500000.0,8,0.8
741,1,10,765666,500000.0,10,1.0
742,1,10,765666,500000.0,10,1.0
743,1,10,765666,500000.0,9,0.9
744,1,10,765666,500000.0,10,1.0
745,1,10,234334,500000.0,3,0.3
746,1,10,765666,500000.0,10,1.0
747,1,10,765666,500000.0,10,1.0
748,1,10,765666,500000.0,10,1.0
749,1,10,765666,500000.0,10,1.0
750,1,10,765666,500000.0,8,0.8
751,1,10,765666,500000.0,8,0.8
752,1,10,234334,500000.0,6,0.6
753,1,10,765666,500000.0,10,1.0
754,1,10,234334,500000.0,0,0.0
755,1,10,234334,500000.0,5,0.5
756,1,10,765666,500000.0,10,1.0
757,1,10,234334,500000.0,8,0.8
758,1,10,234334,500000.0,8,0.8
759,1,10,765666,500000.0,4,0.4
760,1,10,765666,500000.0,9,0.9
761,1,10,765666,500000.0,7,0.7
762,1,10,765666,500000.0,9,0.9
763,1,10,765666,500000.0,5,0.5
764,1,10,765666,500000.0,10,1.0
765,1,10,765666,500000.0,10,1.0
766,1,10,234334,500000.0,4,0.4
767,1,10,765666,500000.0,10,1.0
768,1,10,234334,500000.0,7,0.7
769,1,10,765666,500000.0,10,1.0
770,1,10,765666,500000.0,10,1.0
771,1,10,234334,500000.0,9,0.9
772,1,10,765666,500000.0,9,0.9
773,1,10,765666,500000.0,6,0.6
774,1,10,765666,500000.0,9,0.9
775,1,10,234334,500000.0,4,0.4
776,1,10,234334,500000.0,8,0.8
777,1,10,765666,500000.0,10,1.0
778,1,10,765666,500000.0,10,1.0
779,1,10,765666,500000.0,9,0.9
780,1,10,234334,500000.0,5,0.5
781,1,10,765666,500000.0,7,0.7
782,1,10,234334,500000.0,10,1.0
783,1,10,234334,500000.0,2,0.2
784,1,10,765666,500000.0,8,0.8
785,1,10,765666,500000.0,10,1.0
786,1,10,765666,500000.0,5,0.5
787,1,10,765666,500000.0,7,0.7
788,1,10,765666,500000.0,10,1.0
789,1,10,765666,500000.0,8,0.8
790,1,10,765666,500000.0,7,0.7
791,1,10,765666,500000.0,9,0.9
792,1,10,765666,500000.0,8,0.8
793,1,10,765666,500000.0,10,1.0
794,1,10,765666,500000.0,8,0.8
795,1,10,234334,500000.0,9,0.9
796,1,10,765666,500000.0,9,0.9
797,1,10,234334,500000.0,6,0.6
798,1,10,765666,500000.0,8,0.8
799,1,10,765666,500000.0,10,1.0
800,1,10,234334,500000.0,8,0.8
801,1,10,765666,500000.0,9,0.9
802,1,10,765666,500000.0,8,0.8
803,1,10,234334,500000.0,4,0.4
804,1,10,765666,500000.0,6,0.6
805,1,10,765666,500000.0,10,1.0
806,1,10,765666,500000.0,10,1.0
807,1,10,234334,500000.0,3,0.3
808,1,10,765666,500000.0,10,1.0
809,1,10,765666,500000.0,10,1.0
810,1,10,765666,500000.0,10,1.0
811,1,10,765666,500000.0,10,1.0
812,1,10,765666,500000.0,10,1.0
813,1,10,765666,500000.0,10,1.0
814,1,10,765666,500000.0,9,0.9
815,1,10,234334,500000.0,2,0.2
816,1,10,765666,500000.0,10,1.0
817,1,10,765666,500000.0,10,1.0
818,1,10,234334,500000.0,0,0.0
819,1,10,765666,500000.0,10,1.0
820,1,10,765666,500000.0,9,0.9
821,1,10,765666,500000.0,8,0.8
822,1,10,765666,500000.0,10,1.0
823,1,10,234334,500000.0,4,0.4
824,1,10,765666,500000.0,10,1.0
825,1,10,765666,500000.0,10,1.0
826,1,10,765666,500000.0,7,0.7
827,1,10,765666,500000.0,10,1.0
828,1,10,765666,500000.0,10,1.0
829,1,10,234334,500000.0,10,1.0
830,1,10,765666,500000.0,10,1.0
831,1,10,765666,500000.0,10,1.0
832,1,10,234334,500000.0,9,0.9
833,1,10,765666,500000.0,10,1.0
834,1,10,765666,500000.0,10,1.0
835,1,10,765666,500000.0,10,1.0
836,1,10,765666,500000.0,10,1.0
837,1,10,765666,500000.0,9,0.9
838,1,10,765666,500000.0,10,1.0
839,1,10,765666,500000.0,10,1.0
840,1,10,765666,500000.0,9,0.9
841,1,10,765666,500000.0,9,0.9
842,1,10,765666,500000.0,10,1.0
843,1,10,765666,500000.0,9,0.9
844,1,10,765666,500000.0,10,1.0
845,1,10,765666,500000.0,10,1.0
846,1,10,765666,500000.0,10,1.0
847,1,10,765666,500000.0,8,0.8
848,1,10,765666,500000.0,10,1.0
849,1,10,765666,500000.0,8,0.8
850,1,10,234334,500000.0,9,0.9
851,1,10,765666,500000.0,10,1.0
852,1,10,765666,500000.0,3,0.3
853,1,10,765666,500000.0,6,0.6
854,1,10,765666,500000.0,6,0.6
855,1,10,765666,500000.0,9,0.9
856,1,10,765666,500000.0,10,1.0
857,1,10,765666,500000.0,3,0.3
858,1,10,765666,500000.0,10,1.0
859,1,10,234334,500000.0,5,0.5
860,1,10,234334,500000.0,7,0.7
861,1,10,765666,500000.0,10,1.0
862,1,10,765666,500000.0,10,1.0
863,1,10,234334,500000.0,4,0.4
864,1,10,765666,500000.0,10,1.0
865,1,10,765666,500000.0,10,1.0
866,1,10,765666,500000.0,10,1.0
867,1,10,234334,500000.0,7,0.7
868,1,10,765666,500000.0,10,1.0
869,1,10,765666,500000.0,10,1.0
870,1,10,765666,500000.0,10,1.0
871,1,10,765666,500000.0,9,0.9
872,1,10,765666,500000.0,8,0.8
873,1,10,765666,500000.0,8,0.8
874,1,10,765666,500000.0,10,1.0
875,1,10,234334,500000.0,3,0.3
876,1,10,765666,500000.0,8,0.8
877,1,10,234334,500000.0,8,0.8
878,1,10,765666,500000.0,10,1.0
879,1,10,234334,500000.0,3,0.3
880,1,10,765666,500000.0,4,0.4
881,1,10,765666,500000.0,4,0.4
882,1,10,234334,500000.0,7,0.7
883,1,10,765666,500000.0,10,1.0
884,1,10,765666,500000.0,3,0.3
885,1,10,765666,500000.0,8,0.8
886,1,10,765666,500000.0,10,1.0
887,1,10,234334,500000.0,2,0.2
888,1,10,765666,500000.0,10,1.0
889,1,10,765666,500000.0,10,1.0
890,1,10,765666,500000.0,10,1.0
891,1,10,765666,500000.0,10,1.0
892,1,10,234334,500000.0,10,1.0
893,1,10,765666,500000.0,10,1.0
894,1,10,765666,500000.0,10,1.0
895,1,10,765666,500000.0,10,1.0
896,1,10,765666,500000.0,7,0.7
897,1,10,765666,500000.0,10,1.0
898,1,10,765666,500000.0,10,1.0
899,1,10,765666,500000.0,8,0.8
900,1,10,234334,500000.0,5,0.5
901,1,10,765666,500000.0,10,1.0
902,1,10,765666,500000.0,6,0.6
903,1,10,765666,500000.0,10,1.0
904,1,10,765666,500000.0,10,1.0
905,1,10,765666,500000.0,10,1.0
906,1,10,765666,500000.0,9,0.9
907,1,10,234334,500000.0,10,1.0
908,1,10,765666,500000.0,10,1.0
909,1,10,765666,500000.0,9,0.9
910,1,10,765666,500000.0,3,0.3
911,1,10,765666,500000.0,9,0.9
912,1,10,765666,500000.0,10,1.0
913,1,10,234334,500000.0,5,0.5
914,1,10,765666,500000.0,9,0.9
915,1,10,765666,500000.0,10,1.0
916,1,10,765666,500000.0,10,1.0
917,1,10,765666,500000.0,7,0.7
918,1,10,234334,500000.0,2,0.2
919,1,10,234334,500000.0,7,0.7
920,1,10,765666,500000.0,8,0.8
921,1,10,765666,500000.0,10,1.0
922,1,10,234334,500000.0,7,0.7
923,1,10,234334,500000.0,10,1.0
924,1,10,765666,500000.0,9,0.9
925,1,10,765666,500000.0,5,0.5
926,1,10,765666,500000.0,10,1.0
927,1,10,765666,500000.0,10,1.0
928,1,10,765666,500000.0,10,1.0
929,1,10,765666,500000.0,8,0.8
930,1,10,765666,500000.0,10,1.0
931,1,10,765666,500000.0,10,1.0
932,1,10,765666,500000.0,10,1.0
933,1,10,765666,500000.0,5,0.5
934,1,10,234334,500000.0,4,0.4
935,1,10,234334,500000.0,4,0.4
936,1,10,234334,500000.0,3,0.3
937,1,10,765666,500000.0,10,1.0
938,1,10,765666,500000.0,9,0.9
939,1,10,234334,500000.0,2,0.2
940,1,10,765666,500000.0,9,0.9
941,1,10,765666,500000.0,6,0.6
942,1,10,765666,500000.0,10,1.0
943,1,10,765666,500000.0,10,1.0
944,1,10,765666,500000.0,10,1.0
945,1,10,234334,500000.0,5,0.5
946,1,10,765666,500000.0,10,1.0
947,1,10,765666,500000.0,8,0.8
948,1,10,234334,500000.0,0,0.0
949,1,10,234334,500000.0,2,0.2
950,1,10,765666,500000.0,10,1.0
951,1,10,765666,500000.0,5,0.5
952,1,10,765666,500000.0,10,1.0
953,1,10,765666,500000.0,8,0.8
954,1,10,765666,500000.0,10,1.0
955,1,10,765666,500000.0,10,1.0
956,1,10,765666,500000.0,10,1.0
957,1,10,234334,500000.0,2,0.2
958,1,10,765666,500000.0,9,0.9
959,1,10,234334,500000.0,9,0.9
960,1,10,234334,500000.0,6,0.6
961,1,10,765666,500000.0,10,1.0
962,1,10,765666,500000.0,10,1.0
963,1,10,765666,500000.0,10,1.0
964,1,10,765666,500000.0,10,1.0
965,1,10,765666,500000.0,10,1.0
966,1,10,234334,500000.0,9,0.9
967,1,10,765666,500000.0,9,0.9
968,1,10,234334,500000.0,1,0.1
969,1,10,234334,500000.0,4,0.4
970,1,10,765666,500000.0,10,1.0
971,1,10,765666,500000.0,8,0.8
972,1,10,765666,500000.0,10,1.0
973,1,10,765666,500000.0,5,0.5
974,1,10,765666,500000.0,9,0.9
975,1,10,765666,500000.0,9,0.9
976,1,10,765666,500000.0,9,0.9
977,1,10,765666,500000.0,7,0.7
978,1,10,765666,500000.0,10,1.0
979,1,10,765666,500000.0,9,0.9
980,1,10,234334,500000.0,5,0.5
981,1,10,765666,500000.0,10,1.0
982,1,10,765666,500000.0,9,0.9
983,1,10,765666,500000.0,5,0.5
984,1,10,234334,500000.0,6,0.6
985,1,10,765666,500000.0,8,0.8
986,1,10,765666,500000.0,10,1.0
987,1,10,234334,500000.0,8,0.8
988,1,10,765666,500000.0,10,1.0
989,1,10,765666,500000.0,5,0.5
990,1,10,765666,500000.0,6,0.6
991,1,10,765666,500000.0,10,1.0
992,1,10,765666,500000.0,7,0.7
993,1,10,765666,500000.0,8,0.8
994,1,10,765666,500000.0,10,1.0
995,1,10,765666,500000.0,10,1.0
996,1,10,765666,500000.0,10,1.0
997,1,10,234334,500000.0,0,0.0
998,1,10,765666,500000.0,7,0.7
999,1,10,765666,500000.0,10,1.0
0,1,100,234334,500000.0,55,0.55
1,1,100,765666,500000.0,100,1.0
2,1,100,765666,500000.0,79,0.79
3,1,100,234334,500000.0,77,0.77
4,1,100,765666,500000.0,91,0.91
5,1,100,765666,500000.0,93,0.93
6,1,100,765666,500000.0,80,0.8
7,1,100,234334,500000.0,64,0.64
8,1,100,765666,500000.0,94,0.94
9,1,100,765666,500000.0,85,0.85
10,1,100,234334,500000.0,15,0.15
11,1,100,234334,500000.0,33,0.33
12,1,100,765666,500000.0,78,0.78
13,1,100,765666,500000.0,100,1.0
14,1,100,765666,500000.0,88,0.88
15,1,100,234334,500000.0,53,0.53
16,1,100,765666,500000.0,88,0.88
17,1,100,765666,500000.0,100,1.0
18,1,100,765666,500000.0,100,1.0
19,1,100,234334,500000.0,25,0.25
20,1,100,765666,500000.0,89,0.89
21,1,100,765666,500000.0,100,1.0
22,1,100,765666,500000.0,60,0.6
23,1,100,765666,500000.0,80,0.8
24,1,100,765666,500000.0,98,0.98
25,1,100,765666,500000.0,89,0.89
26,1,100,765666,500000.0,100,1.0
27,1,100,765666,500000.0,99,0.99
28,1,100,234334,500000.0,51,0.51
29,1,100,765666,500000.0,100,1.0
30,1,100,234334,500000.0,16,0.16
31,1,100,765666,500000.0,100,1.0
32,1,100,765666,500000.0,96,0.96
33,1,100,765666,500000.0,94,0.94
34,1,100,765666,500000.0,92,0.92
35,1,100,765666,500000.0,89,0.89
36,1,100,234334,500000.0,4,0.04
37,1,100,765666,500000.0,90,0.9
38,1,100,765666,500000.0,99,0.99
39,1,100,765666,500000.0,100,1.0
40,1,100,765666,500000.0,84,0.84
41,1,100,765666,500000.0,93,0.93
42,1,100,765666,500000.0,81,0.81
43,1,100,765666,500000.0,97,0.97
44,1,100,765666,500000.0,99,0.99
45,1,100,765666,500000.0,98,0.98
46,1,100,234334,500000.0,11,0.11
47,1,100,765666,500000.0,88,0.88
48,1,100,765666,500000.0,81,0.81
49,1,100,765666,500000.0,98,0.98
50,1,100,765666,500000.0,64,0.64
51,1,100,765666,500000.0,100,1.0
52,1,100,765666,500000.0,92,0.92
53,1,100,765666,500000.0,89,0.89
54,1,100,765666,500000.0,99,0.99
55,1,100,765666,500000.0,100,1.0
56,1,100,765666,500000.0,99,0.99
57,1,100,234334,500000.0,26,0.26
58,1,100,765666,500000.0,99,0.99
59,1,100,765666,500000.0,95,0.95
60,1,100,765666,500000.0,91,0.91
61,1,100,765666,500000.0,99,0.99
62,1,100,765666,500000.0,100,1.0
63,1,100,765666,500000.0,77,0.77
64,1,100,765666,500000.0,93,0.93
65,1,100,765666,500000.0,99,0.99
66,1,100,234334,500000.0,21,0.21
67,1,100,234334,500000.0,89,0.89
68,1,100,234334,500000.0,40,0.4
69,1,100,765666,500000.0,86,0.86
70,1,100,765666,500000.0,99,0.99
71,1,100,765666,500000.0,72,0.72
72,1,100,765666,500000.0,66,0.66
73,1,100,765666,500000.0,52,0.52
74,1,100,765666,500000.0,97,0.97
75,1,100,765666,500000.0,76,0.76
76,1,100,765666,500000.0,85,0.85
77,1,100,234334,500000.0,28,0.28
78,1,100,765666,500000.0,63,0.63
79,1,100,765666,500000.0,99,0.99
80,1,100,234334,500000.0,21,0.21
81,1,100,765666,500000.0,97,0.97
82,1,100,765666,500000.0,84,0.84
83,1,100,234334,500000.0,42,0.42
84,1,100,765666,500000.0,100,1.0
85,1,100,765666,500000.0,76,0.76
86,1,100,765666,500000.0,84,0.84
87,1,100,765666,500000.0,87,0.87
88,1,100,234334,500000.0,73,0.73
89,1,100,765666,500000.0,100,1.0
90,1,100,765666,500000.0,100,1.0
91,1,100,765666,500000.0,85,0.85
92,1,100,765666,500000.0,64,0.64
93,1,100,765666,500000.0,100,1.0
94,1,100,765666,500000.0,100,1.0
95,1,100,234334,500000.0,35,0.35
96,1,100,234334,500000.0,1,0.01
97,1,100,234334,500000.0,62,0.62
98,1,100,234334,500000.0,69,0.69
99,1,100,765666,500000.0,75,0.75
100,1,100,765666,500000.0,88,0.88
101,1,100,234334,500000.0,54,0.54
102,1,100,234334,500000.0,45,0.45
103,1,100,765666,500000.0,99,0.99
104,1,100,765666,500000.0,65,0.65
105,1,100,765666,500000.0,78,0.78
106,1,100,765666,500000.0,96,0.96
107,1,100,765666,500000.0,61,0.61
108,1,100,765666,500000.0,80,0.8
109,1,100,765666,500000.0,66,0.66
110,1,100,765666,500000.0,17,0.17
111,1,100,765666,500000.0,83,0.83
112,1,100,234334,500000.0,41,0.41
113,1,100,765666,500000.0,79,0.79
114,1,100,765666,500000.0,87,0.87
115,1,100,765666,500000.0,93,0.93
116,1,100,765666,500000.0,91,0.91
117,1,100,765666,500000.0,84,0.84
118,1,100,765666,500000.0,93,0.93
119,1,100,234334,500000.0,58,0.58
120,1,100,234334,500000.0,93,0.93
121,1,100,765666,500000.0,97,0.97
122,1,100,765666,500000.0,100,1.0
123,1,100,234334,500000.0,38,0.38
124,1,100,765666,500000.0,93,0.93
125,1,100,765666,500000.0,96,0.96
126,1,100,234334,500000.0,37,0.37
127,1,100,765666,500000.0,58,0.58
128,1,100,765666,500000.0,89,0.89
129,1,100,234334,500000.0,32,0.32
130,1,100,234334,500000.0,16,0.16
131,1,100,765666,500000.0,97,0.97
132,1,100,765666,500000.0,100,1.0
133,1,100,234334,500000.0,70,0.7
134,1,100,234334,500000.0,54,0.54
135,1,100,234334,500000.0,2,0.02
136,1,100,765666,500000.0,96,0.96
137,1,100,765666,500000.0,80,0.8
138,1,100,765666,500000.0,82,0.82
139,1,100,765666,500000.0,72,0.72
140,1,100,765666,500000.0,43,0.43
141,1,100,765666,500000.0,99,0.99
142,1,100,765666,500000.0,92,0.92
143,1,100,765666,500000.0,99,0.99
144,1,100,765666,500000.0,82,0.82
145,1,100,765666,500000.0,26,0.26
146,1,100,765666,500000.0,99,0.99
147,1,100,234334,500000.0,78,0.78
148,1,100,765666,500000.0,100,1.0
149,1,100,234334,500000.0,21,0.21
150,1,100,765666,500000.0,90,0.9
151,1,100,765666,500000.0,69,0.69
152,1,100,765666,500000.0,65,0.65
153,1,100,765666,500000.0,99,0.99
154,1,100,765666,500000.0,59,0.59
155,1,100,765666,500000.0,99,0.99
156,1,100,765666,500000.0,100,1.0
157,1,100,765666,500000.0,80,0.8
158,1,100,765666,500000.0,74,0.74
159,1,100,765666,500000.0,99,0.99
160,1,100,234334,500000.0,19,0.19
161,1,100,765666,500000.0,83,0.83
162,1,100,765666,500000.0,83,0.83
163,1,100,765666,500000.0,69,0.69
164,1,100,234334,500000.0,17,0.17
165,1,100,765666,500000.0,91,0.91
166,1,100,765666,500000.0,61,0.61
167,1,100,765666,500000.0,92,0.92
168,1,100,234334,500000.0,19,0.19
169,1,100,765666,500000.0,75,0.75
170,1,100,765666,500000.0,96,0.96
171,1,100,765666,500000.0,100,1.0
172,1,100,765666,500000.0,82,0.82
173,1,100,765666,500000.0,100,1.0
174,1,100,234334,500000.0,32,0.32
175,1,100,765666,500000.0,100,1.0
176,1,100,765666,500000.0,72,0.72
177,1,100,765666,500000.0,89,0.89
178,1,100,765666,500000.0,88,0.88
179,1,100,765666,500000.0,78,0.78
180,1,100,765666,500000.0,100,1.0
181,1,100,234334,500000.0,15,0.15
182,1,100,234334,500000.0,25,0.25
183,1,100,234334,500000.0,11,0.11
184,1,100,765666,500000.0,100,1.0
185,1,100,765666,500000.0,94,0.94
186,1,100,765666,500000.0,71,0.71
187,1,100,765666,500000.0,60,0.6
188,1,100,765666,500000.0,63,0.63
189,1,100,765666,500000.0,98,0.98
190,1,100,234334,500000.0,21,0.21
191,1,100,765666,500000.0,71,0.71
192,1,100,765666,500000.0,100,1.0
193,1,100,765666,500000.0,85,0.85
194,1,100,765666,500000.0,65,0.65
195,1,100,765666,500000.0,100,1.0
196,1,100,765666,500000.0,97,0.97
197,1,100,765666,500000.0,95,0.95
198,1,100,765666,500000.0,93,0.93
199,1,100,765666,500000.0,80,0.8
200,1,100,234334,500000.0,14,0.14
201,1,100,765666,500000.0,76,0.76
202,1,100,765666,500000.0,100,1.0
203,1,100,765666,500000.0,98,0.98
204,1,100,765666,500000.0,81,0.81
205,1,100,765666,500000.0,78,0.78
206,1,100,765666,500000.0,68,0.68
207,1,100,765666,500000.0,100,1.0
208,1,100,234334,500000.0,40,0.4
209,1,100,234334,500000.0,18,0.18
210,1,100,765666,500000.0,92,0.92
211,1,100,765666,500000.0,68,0.68
212,1,100,765666,500000.0,31,0.31
213,1,100,765666,500000.0,85,0.85
214,1,100,765666,500000.0,79,0.79
215,1,100,234334,500000.0,11,0.11
216,1,100,765666,500000.0,88,0.88
217,1,100,765666,500000.0,86,0.86
218,1,100,765666,500000.0,100,1.0
219,1,100,765666,500000.0,90,0.9
220,1,100,765666,500000.0,93,0.93
221,1,100,765666,500000.0,40,0.4
222,1,100,765666,500000.0,98,0.98
223,1,100,765666,500000.0,98,0.98
224,1,100,765666,500000.0,99,0.99
225,1,100,234334,500000.0,22,0.22
226,1,100,765666,500000.0,71,0.71
227,1,100,765666,500000.0,100,1.0
228,1,100,765666,500000.0,100,1.0
229,1,100,765666,500000.0,76,0.76
230,1,100,234334,500000.0,63,0.63
231,1,100,765666,500000.0,98,0.98
232,1,100,765666,500000.0,90,0.9
233,1,100,234334,500000.0,30,0.3
234,1,100,765666,500000.0,69,0.69
235,1,100,765666,500000.0,100,1.0
236,1,100,765666,500000.0,98,0.98
237,1,100,234334,500000.0,26,0.26
238,1,100,234334,500000.0,78,0.78
239,1,100,765666,500000.0,70,0.7
240,1,100,765666,500000.0,97,0.97
241,1,100,765666,500000.0,100,1.0
242,1,100,765666,500000.0,100,1.0
243,1,100,765666,500000.0,100,1.0
244,1,100,765666,500000.0,91,0.91
245,1,100,765666,500000.0,100,1.0
246,1,100,234334,500000.0,81,0.81
247,1,100,765666,500000.0,94,0.94
248,1,100,765666,500000.0,83,0.83
249,1,100,765666,500000.0,85,0.85
250,1,100,765666,500000.0,94,0.94
251,1,100,765666,500000.0,93,0.93
252,1,100,765666,500000.0,96,0.96
253,1,100,234334,500000.0,26,0.26
254,1,100,765666,500000.0,70,0.7
255,1,100,234334,500000.0,67,0.67
256,1,100,234334,500000.0,31,0.31
257,1,100,765666,500000.0,93,0.93
258,1,100,765666,500000.0,75,0.75
259,1,100,765666,500000.0,84,0.84
260,1,100,234334,500000.0,39,0.39
261,1,100,765666,500000.0,82,0.82
262,1,100,234334,500000.0,30,0.3
263,1,100,234334,500000.0,26,0.26
264,1,100,765666,500000.0,66,0.66
265,1,100,234334,500000.0,70,0.7
266,1,100,234334,500000.0,59,0.59
267,1,100,765666,500000.0,98,0.98
268,1,100,234334,500000.0,51,0.51
269,1,100,765666,500000.0,95,0.95
270,1,100,765666,500000.0,62,0.62
271,1,100,765666,500000.0,90,0.9
272,1,100,765666,500000.0,88,0.88
273,1,100,234334,500000.0,9,0.09
274,1,100,234334,500000.0,9,0.09
275,1,100,765666,500000.0,86,0.86
276,1,100,765666,500000.0,89,0.89
277,1,100,234334,500000.0,20,0.2
278,1,100,765666,500000.0,92,0.92
279,1,100,765666,500000.0,93,0.93
280,1,100,765666,500000.0,66,0.66
281,1,100,765666,500000.0,98,0.98
282,1,100,765666,500000.0,98,0.98
283,1,100,765666,500000.0,93,0.93
284,1,100,765666,500000.0,40,0.4
285,1,100,234334,500000.0,23,0.23
286,1,100,765666,500000.0,85,0.85
287,1,100,234334,500000.0,25,0.25
288,1,100,765666,500000.0,67,0.67
289,1,100,765666,500000.0,100,1.0
290,1,100,765666,500000.0,92,0.92
291,1,100,234334,500000.0,49,0.49
292,1,100,234334,500000.0,14,0.14
293,1,100,234334,500000.0,42,0.42
294,1,100,765666,500000.0,100,1.0
295,1,100,765666,500000.0,84,0.84
296,1,100,765666,500000.0,75,0.75
297,1,100,765666,500000.0,90,0.9
298,1,100,765666,500000.0,43,0.43
299,1,100,765666,500000.0,94,0.94
300,1,100,234334,500000.0,25,0.25
301,1,100,234334,500000.0,63,0.63
302,1,100,765666,500000.0,83,0.83
303,1,100,234334,500000.0,37,0.37
304,1,100,765666,500000.0,100,1.0
305,1,100,765666,500000.0,100,1.0
306,1,100,765666,500000.0,100,1.0
307,1,100,234334,500000.0,22,0.22
308,1,100,765666,500000.0,78,0.78
309,1,100,765666,500000.0,99,0.99
310,1,100,234334,500000.0,14,0.14
311,1,100,234334,500000.0,70,0.7
312,1,100,765666,500000.0,100,1.0
313,1,100,765666,500000.0,97,0.97
314,1,100,765666,500000.0,93,0.93
315,1,100,765666,500000.0,74,0.74
316,1,100,765666,500000.0,94,0.94
317,1,100,765666,500000.0,45,0.45
318,1,100,765666,500000.0,91,0.91
319,1,100,765666,500000.0,94,0.94
320,1,100,765666,500000.0,87,0.87
321,1,100,234334,500000.0,63,0.63
322,1,100,234334,500000.0,63,0.63
323,1,100,765666,500000.0,100,1.0
324,1,100,765666,500000.0,71,0.71
325,1,100,234334,500000.0,37,0.37
326,1,100,765666,500000.0,96,0.96
327,1,100,234334,500000.0,97,0.97
328,1,100,765666,500000.0,86,0.86
329,1,100,765666,500000.0,90,0.9
330,1,100,765666,500000.0,90,0.9
331,1,100,234334,500000.0,81,0.81
332,1,100,765666,500000.0,96,0.96
333,1,100,765666,500000.0,42,0.42
334,1,100,765666,500000.0,74,0.74
335,1,100,765666,500000.0,98,0.98
336,1,100,234334,500000.0,17,0.17
337,1,100,234334,500000.0,69,0.69
338,1,100,234334,500000.0,34,0.34
339,1,100,765666,500000.0,95,0.95
340,1,100,765666,500000.0,60,0.6
341,1,100,765666,500000.0,51,0.51
342,1,100,234334,500000.0,51,0.51
343,1,100,765666,500000.0,100,1.0
344,1,100,765666,500000.0,92,0.92
345,1,100,765666,500000.0,90,0.9
346,1,100,765666,500000.0,98,0.98
347,1,100,765666,500000.0,94,0.94
348,1,100,765666,500000.0,42,0.42
349,1,100,765666,500000.0,74,0.74
350,1,100,234334,500000.0,42,0.42
351,1,100,765666,500000.0,100,1.0
352,1,100,234334,500000.0,66,0.66
353,1,100,234334,500000.0,23,0.23
354,1,100,765666,500000.0,98,0.98
355,1,100,765666,500000.0,77,0.77
356,1,100,765666,500000.0,97,0.97
357,1,100,234334,500000.0,39,0.39
358,1,100,765666,500000.0,92,0.92
359,1,100,765666,500000.0,97,0.97
360,1,100,234334,500000.0,49,0.49
361,1,100,765666,500000.0,97,0.97
362,1,100,765666,500000.0,77,0.77
363,1,100,765666,500000.0,89,0.89
364,1,100,765666,500000.0,99,0.99
365,1,100,765666,500000.0,100,1.0
366,1,100,765666,500000.0,69,0.69
367,1,100,765666,500000.0,99,0.99
368,1,100,765666,500000.0,92,0.92
369,1,100,765666,500000.0,91,0.91
370,1,100,765666,500000.0,89,0.89
371,1,100,234334,500000.0,33,0.33
372,1,100,234334,500000.0,35,0.35
373,1,100,765666,500000.0,43,0.43
374,1,100,765666,500000.0,94,0.94
375,1,100,765666,500000.0,99,0.99
376,1,100,765666,500000.0,94,0.94
377,1,100,765666,500000.0,100,1.0
378,1,100,234334,500000.0,22,0.22
379,1,100,765666,500000.0,99,0.99
380,1,100,234334,500000.0,55,0.55
381,1,100,234334,500000.0,34,0.34
382,1,100,765666,500000.0,73,0.73
383,1,100,765666,500000.0,97,0.97
384,1,100,234334,500000.0,68,0.68
385,1,100,765666,500000.0,72,0.72
386,1,100,765666,500000.0,100,1.0
387,1,100,765666,500000.0,72,0.72
388,1,100,234334,500000.0,55,0.55
389,1,100,765666,500000.0,98,0.98
390,1,100,765666,500000.0,97,0.97
391,1,100,765666,500000.0,90,0.9
392,1,100,234334,500000.0,75,0.75
393,1,100,765666,500000.0,63,0.63
394,1,100,765666,500000.0,99,0.99
395,1,100,765666,500000.0,84,0.84
396,1,100,765666,500000.0,98,0.98
397,1,100,765666,500000.0,75,0.75
398,1,100,765666,500000.0,92,0.92
399,1,100,234334,500000.0,71,0.71
400,1,100,765666,500000.0,98,0.98
401,1,100,765666,500000.0,52,0.52
402,1,100,765666,500000.0,100,1.0
403,1,100,765666,500000.0,99,0.99
404,1,100,234334,500000.0,27,0.27
405,1,100,765666,500000.0,96,0.96
406,1,100,765666,500000.0,67,0.67
407,1,100,765666,500000.0,91,0.91
408,1,100,765666,500000.0,97,0.97
409,1,100,765666,500000.0,100,1.0
410,1,100,765666,500000.0,50,0.5
411,1,100,234334,500000.0,61,0.61
412,1,100,234334,500000.0,28,0.28
413,1,100,234334,500000.0,52,0.52
414,1,100,765666,500000.0,96,0.96
415,1,100,765666,500000.0,84,0.84
416,1,100,765666,500000.0,79,0.79
417,1,100,234334,500000.0,48,0.48
418,1,100,234334,500000.0,10,0.1
419,1,100,765666,500000.0,99,0.99
420,1,100,765666,500000.0,42,0.42
421,1,100,234334,500000.0,8,0.08
422,1,100,765666,500000.0,100,1.0
423,1,100,765666,500000.0,92,0.92
424,1,100,234334,500000.0,54,0.54
425,1,100,765666,500000.0,100,1.0
426,1,100,765666,500000.0,78,0.78
427,1,100,765666,500000.0,87,0.87
428,1,100,234334,500000.0,62,0.62
429,1,100,765666,500000.0,100,1.0
430,1,100,765666,500000.0,96,0.96
431,1,100,765666,500000.0,78,0.78
432,1,100,765666,500000.0,100,1.0
433,1,100,234334,500000.0,33,0.33
434,1,100,765666,500000.0,94,0.94
435,1,100,765666,500000.0,64,0.64
436,1,100,234334,500000.0,40,0.4
437,1,100,765666,500000.0,100,1.0
438,1,100,765666,500000.0,67,0.67
439,1,100,765666,500000.0,84,0.84
440,1,100,765666,500000.0,82,0.82
441,1,100,765666,500000.0,98,0.98
442,1,100,765666,500000.0,74,0.74
443,1,100,765666,500000.0,56,0.56
444,1,100,234334,500000.0,57,0.57
445,1,100,765666,500000.0,100,1.0
446,1,100,765666,500000.0,100,1.0
447,1,100,765666,500000.0,94,0.94
448,1,100,234334,500000.0,55,0.55
449,1,100,765666,500000.0,100,1.0
450,1,100,765666,500000.0,94,0.94
451,1,100,234334,500000.0,36,0.36
452,1,100,765666,500000.0,49,0.49
453,1,100,234334,500000.0,30,0.3
454,1,100,765666,500000.0,99,0.99
455,1,100,234334,500000.0,11,0.11
456,1,100,765666,500000.0,84,0.84
457,1,100,765666,500000.0,97,0.97
458,1,100,765666,500000.0,77,0.77
459,1,100,765666,500000.0,97,0.97
460,1,100,234334,500000.0,14,0.14
461,1,100,765666,500000.0,51,0.51
462,1,100,234334,500000.0,42,0.42
463,1,100,765666,500000.0,95,0.95
464,1,100,765666,500000.0,98,0.98
465,1,100,765666,500000.0,99,0.99
466,1,100,765666,500000.0,80,0.8
467,1,100,234334,500000.0,53,0.53
468,1,100,234334,500000.0,20,0.2
469,1,100,765666,500000.0,92,0.92
470,1,100,234334,500000.0,90,0.9
471,1,100,765666,500000.0,94,0.94
472,1,100,234334,500000.0,57,0.57
473,1,100,765666,500000.0,74,0.74
474,1,100,765666,500000.0,100,1.0
475,1,100,765666,500000.0,98,0.98
476,1,100,765666,500000.0,100,1.0
477,1,100,765666,500000.0,92,0.92
478,1,100,234334,500000.0,79,0.79
479,1,100,765666,500000.0,84,0.84
480,1,100,765666,500000.0,84,0.84
481,1,100,765666,500000.0,51,0.51
482,1,100,234334,500000.0,88,0.88
483,1,100,234334,500000.0,38,0.38
484,1,100,234334,500000.0,64,0.64
485,1,100,765666,500000.0,95,0.95
486,1,100,234334,500000.0,70,0.7
487,1,100,765666,500000.0,100,1.0
488,1,100,765666,500000.0,100,1.0
489,1,100,765666,500000.0,93,0.93
490,1,100,765666,500000.0,91,0.91
491,1,100,765666,500000.0,69,0.69
492,1,100,234334,500000.0,90,0.9
493,1,100,234334,500000.0,29,0.29
494,1,100,765666,500000.0,90,0.9
495,1,100,765666,500000.0,98,0.98
496,1,100,765666,500000.0,93,0.93
497,1,100,234334,500000.0,42,0.42
498,1,100,765666,500000.0,99,0.99
499,1,100,765666,500000.0,100,1.0
500,1,100,234334,500000.0,56,0.56
501,1,100,765666,500000.0,34,0.34
502,1,100,765666,500000.0,97,0.97
503,1,100,765666,500000.0,94,0.94
504,1,100,765666,500000.0,75,0.75
505,1,100,765666,500000.0,95,0.95
506,1,100,765666,500000.0,100,1.0
507,1,100,765666,500000.0,93,0.93
508,1,100,765666,500000.0,97,0.97
509,1,100,765666,500000.0,91,0.91
510,1,100,765666,500000.0,99,0.99
511,1,100,765666,500000.0,77,0.77
512,1,100,765666,500000.0,77,0.77
513,1,100,765666,500000.0,96,0.96
514,1,100,234334,500000.0,41,0.41
515,1,100,765666,500000.0,97,0.97
516,1,100,234334,500000.0,68,0.68
517,1,100,765666,500000.0,92,0.92
518,1,100,765666,500000.0,100,1.0
519,1,100,765666,500000.0,85,0.85
520,1,100,765666,500000.0,63,0.63
521,1,100,765666,500000.0,98,0.98
522,1,100,234334,500000.0,14,0.14
523,1,100,765666,500000.0,96,0.96
524,1,100,234334,500000.0,16,0.16
525,1,100,765666,500000.0,96,0.96
526,1,100,234334,500000.0,34,0.34
527,1,100,234334,500000.0,42,0.42
528,1,100,765666,500000.0,94,0.94
529,1,100,234334,500000.0,70,0.7
530,1,100,234334,500000.0,69,0.69
531,1,100,765666,500000.0,96,0.96
532,1,100,765666,500000.0,99,0.99
533,1,100,765666,500000.0,82,0.82
534,1,100,234334,500000.0,80,0.8
535,1,100,765666,500000.0,94,0.94
536,1,100,765666,500000.0,87,0.87
537,1,100,765666,500000.0,88,0.88
538,1,100,765666,500000.0,57,0.57
539,1,100,765666,500000.0,88,0.88
540,1,100,234334,500000.0,17,0.17
541,1,100,765666,500000.0,92,0.92
542,1,100,765666,500000.0,84,0.84
543,1,100,765666,500000.0,92,0.92
544,1,100,765666,500000.0,90,0.9
545,1,100,765666,500000.0,87,0.87
546,1,100,765666,500000.0,97,0.97
547,1,100,234334,500000.0,49,0.49
548,1,100,234334,500000.0,18,0.18
549,1,100,765666,500000.0,67,0.67
550,1,100,765666,500000.0,91,0.91
551,1,100,765666,500000.0,89,0.89
552,1,100,765666,500000.0,88,0.88
553,1,100,234334,500000.0,54,0.54
554,1,100,234334,500000.0,43,0.43
555,1,100,765666,500000.0,82,0.82
556,1,100,765666,500000.0,98,0.98
557,1,100,765666,500000.0,97,0.97
558,1,100,765666,500000.0,99,0.99
559,1,100,765666,500000.0,96,0.96
560,1,100,765666,500000.0,62,0.62
561,1,100,234334,500000.0,22,0.22
562,1,100,765666,500000.0,72,0.72
563,1,100,234334,500000.0,36,0.36
564,1,100,234334,500000.0,36,0.36
565,1,100,234334,500000.0,16,0.16
566,1,100,234334,500000.0,84,0.84
567,1,100,234334,500000.0,27,0.27
568,1,100,765666,500000.0,98,0.98
569,1,100,765666,500000.0,95,0.95
570,1,100,765666,500000.0,99,0.99
571,1,100,765666,500000.0,89,0.89
572,1,100,765666,500000.0,94,0.94
573,1,100,234334,500000.0,65,0.65
574,1,100,765666,500000.0,95,0.95
575,1,100,765666,500000.0,100,1.0
576,1,100,234334,500000.0,68,0.68
577,1,100,234334,500000.0,57,0.57
578,1,100,765666,500000.0,62,0.62
579,1,100,234334,500000.0,19,0.19
580,1,100,765666,500000.0,89,0.89
581,1,100,234334,500000.0,62,0.62
582,1,100,765666,500000.0,97,0.97
583,1,100,765666,500000.0,93,0.93
584,1,100,765666,500000.0,87,0.87
585,1,100,765666,500000.0,99,0.99
586,1,100,765666,500000.0,92,0.92
587,1,100,765666,500000.0,95,0.95
588,1,100,234334,500000.0,20,0.2
589,1,100,765666,500000.0,93,0.93
590,1,100,765666,500000.0,87,0.87
591,1,100,765666,500000.0,96,0.96
592,1,100,765666,500000.0,87,0.87
593,1,100,765666,500000.0,81,0.81
594,1,100,765666,500000.0,97,0.97
595,1,100,765666,500000.0,100,1.0
596,1,100,765666,500000.0,78,0.78
597,1,100,234334,500000.0,29,0.29
598,1,100,234334,500000.0,19,0.19
599,1,100,765666,500000.0,100,1.0
600,1,100,765666,500000.0,100,1.0
601,1,100,765666,500000.0,72,0.72
602,1,100,234334,500000.0,23,0.23
603,1,100,765666,500000.0,99,0.99
604,1,100,765666,500000.0,99,0.99
605,1,100,234334,500000.0,28,0.28
606,1,100,234334,500000.0,60,0.6
607,1,100,765666,500000.0,99,0.99
608,1,100,234334,500000.0,72,0.72
609,1,100,234334,500000.0,27,0.27
610,1,100,234334,500000.0,80,0.8
611,1,100,765666,500000.0,100,1.0
612,1,100,234334,500000.0,82,0.82
613,1,100,234334,500000.0,24,0.24
614,1,100,765666,500000.0,70,0.7
615,1,100,765666,500000.0,99,0.99
616,1,100,765666,500000.0,100,1.0
617,1,100,765666,500000.0,71,0.71
618,1,100,765666,500000.0,70,0.7
619,1,100,234334,500000.0,24,0.24
620,1,100,765666,500000.0,100,1.0
621,1,100,765666,500000.0,70,0.7
622,1,100,765666,500000.0,91,0.91
623,1,100,765666,500000.0,99,0.99
624,1,100,765666,500000.0,98,0.98
625,1,100,765666,500000.0,100,1.0
626,1,100,765666,500000.0,98,0.98
627,1,100,765666,500000.0,89,0.89
628,1,100,765666,500000.0,87,0.87
629,1,100,765666,500000.0,98,0.98
630,1,100,765666,500000.0,100,1.0
631,1,100,765666,500000.0,77,0.77
632,1,100,765666,500000.0,87,0.87
633,1,100,765666,500000.0,99,0.99
634,1,100,234334,500000.0,27,0.27
635,1,100,765666,500000.0,85,0.85
636,1,100,765666,500000.0,100,1.0
637,1,100,765666,500000.0,97,0.97
638,1,100,234334,500000.0,19,0.19
639,1,100,765666,500000.0,76,0.76
640,1,100,765666,500000.0,92,0.92
641,1,100,234334,500000.0,37,0.37
642,1,100,234334,500000.0,64,0.64
643,1,100,765666,500000.0,96,0.96
644,1,100,765666,500000.0,100,1.0
645,1,100,765666,500000.0,85,0.85
646,1,100,765666,500000.0,91,0.91
647,1,100,765666,500000.0,90,0.9
648,1,100,765666,500000.0,100,1.0
649,1,100,765666,500000.0,83,0.83
650,1,100,765666,500000.0,92,0.92
651,1,100,765666,500000.0,100,1.0
652,1,100,765666,500000.0,100,1.0
653,1,100,765666,500000.0,80,0.8
654,1,100,765666,500000.0,92,0.92
655,1,100,234334,500000.0,35,0.35
656,1,100,765666,500000.0,67,0.67
657,1,100,234334,500000.0,49,0.49
658,1,100,765666,500000.0,62,0.62
659,1,100,765666,500000.0,86,0.86
660,1,100,234334,500000.0,33,0.33
661,1,100,765666,500000.0,97,0.97
662,1,100,234334,500000.0,33,0.33
663,1,100,765666,500000.0,81,0.81
664,1,100,765666,500000.0,98,0.98
665,1,100,765666,500000.0,97,0.97
666,1,100,234334,500000.0,66,0.66
667,1,100,765666,500000.0,100,1.0
668,1,100,765666,500000.0,95,0.95
669,1,100,765666,500000.0,46,0.46
670,1,100,234334,500000.0,71,0.71
671,1,100,765666,500000.0,90,0.9
672,1,100,765666,500000.0,98,0.98
673,1,100,765666,500000.0,100,1.0
674,1,100,765666,500000.0,89,0.89
675,1,100,765666,500000.0,93,0.93
676,1,100,765666,500000.0,98,0.98
677,1,100,765666,500000.0,96,0.96
678,1,100,765666,500000.0,77,0.77
679,1,100,765666,500000.0,64,0.64
680,1,100,765666,500000.0,100,1.0
681,1,100,765666,500000.0,100,1.0
682,1,100,765666,500000.0,96,0.96
683,1,100,765666,500000.0,88,0.88
684,1,100,765666,500000.0,87,0.87
685,1,100,765666,500000.0,100,1.0
686,1,100,765666,500000.0,100,1.0
687,1,100,765666,500000.0,79,0.79
688,1,100,765666,500000.0,98,0.98
689,1,100,765666,500000.0,75,0.75
690,1,100,765666,500000.0,65,0.65
691,1,100,234334,500000.0,28,0.28
692,1,100,765666,500000.0,78,0.78
693,1,100,765666,500000.0,61,0.61
694,1,100,765666,500000.0,85,0.85
695,1,100,765666,500000.0,89,0.89
696,1,100,765666,500000.0,84,0.84
697,1,100,765666,500000.0,85,0.85
698,1,100,765666,500000.0,98,0.98
699,1,100,765666,500000.0,68,0.68
700,1,100,234334,500000.0,39,0.39
701,1,100,765666,500000.0,96,0.96
702,1,100,765666,500000.0,97,0.97
703,1,100,765666,500000.0,100,1.0
704,1,100,234334,500000.0,30,0.3
705,1,100,765666,500000.0,97,0.97
706,1,100,765666,500000.0,73,0.73
707,1,100,234334,500000.0,65,0.65
708,1,100,765666,500000.0,90,0.9
709,1,100,765666,500000.0,75,0.75
710,1,100,765666,500000.0,100,1.0
711,1,100,234334,500000.0,43,0.43
712,1,100,765666,500000.0,85,0.85
713,1,100,765666,500000.0,93,0.93
714,1,100,234334,500000.0,61,0.61
715,1,100,765666,500000.0,81,0.81
716,1,100,765666,500000.0,63,0.63
717,1,100,765666,500000.0,97,0.97
718,1,100,765666,500000.0,95,0.95
719,1,100,234334,500000.0,87,0.87
720,1,100,234334,500000.0,79,0.79
721,1,100,234334,500000.0,39,0.39
722,1,100,765666,500000.0,98,0.98
723,1,100,765666,500000.0,96,0.96
724,1,100,234334,500000.0,26,0.26
725,1,100,765666,500000.0,98,0.98
726,1,100,765666,500000.0,93,0.93
727,1,100,765666,500000.0,74,0.74
728,1,100,765666,500000.0,100,1.0
729,1,100,765666,500000.0,89,0.89
730,1,100,765666,500000.0,89,0.89
731,1,100,765666,500000.0,100,1.0
732,1,100,765666,500000.0,95,0.95
733,1,100,765666,500000.0,41,0.41
734,1,100,765666,500000.0,70,0.7
735,1,100,234334,500000.0,14,0.14
736,1,100,765666,500000.0,100,1.0
737,1,100,234334,500000.0,29,0.29
738,1,100,234334,500000.0,8,0.08
739,1,100,765666,500000.0,62,0.62
740,1,100,765666,500000.0,58,0.58
741,1,100,765666,500000.0,99,0.99
742,1,100,765666,500000.0,100,1.0
743,1,100,765666,500000.0,91,0.91
744,1,100,765666,500000.0,88,0.88
745,1,100,234334,500000.0,20,0.2
746,1,100,765666,500000.0,99,0.99
747,1,100,765666,500000.0,99,0.99
748,1,100,765666,500000.0,99,0.99
749,1,100,765666,500000.0,93,0.93
750,1,100,765666,500000.0,80,0.8
751,1,100,765666,500000.0,80,0.8
752,1,100,234334,500000.0,64,0.64
753,1,100,765666,500000.0,97,0.97
754,1,100,234334,500000.0,20,0.2
755,1,100,234334,500000.0,46,0.46
756,1,100,765666,500000.0,100,1.0
757,1,100,234334,500000.0,69,0.69
758,1,100,234334,500000.0,68,0.68
759,1,100,765666,500000.0,68,0.68
760,1,100,765666,500000.0,79,0.79
761,1,100,765666,500000.0,81,0.81
762,1,100,765666,500000.0,94,0.94
763,1,100,765666,500000.0,82,0.82
764,1,100,765666,500000.0,88,0.88
765,1,100,765666,500000.0,78,0.78
766,1,100,234334,500000.0,37,0.37
767,1,100,765666,500000.0,88,0.88
768,1,100,234334,500000.0,84,0.84
769,1,100,765666,500000.0,97,0.97
770,1,100,765666,500000.0,100,1.0
771,1,100,234334,500000.0,64,0.64
772,1,100,765666,500000.0,83,0.83
773,1,100,765666,500000.0,57,0.57
774,1,100,765666,500000.0,94,0.94
775,1,100,234334,500000.0,76,0.76
776,1,100,234334,500000.0,88,0.88
777,1,100,765666,500000.0,100,1.0
778,1,100,765666,500000.0,98,0.98
779,1,100,765666,500000.0,80,0.8
780,1,100,234334,500000.0,32,0.32
781,1,100,765666,500000.0,81,0.81
782,1,100,234334,500000.0,79,0.79
783,1,100,234334,500000.0,42,0.42
784,1,100,765666,500000.0,80,0.8
785,1,100,765666,500000.0,100,1.0
786,1,100,765666,500000.0,87,0.87
787,1,100,765666,500000.0,63,0.63
788,1,100,765666,500000.0,99,0.99
789,1,100,765666,500000.0,93,0.93
790,1,100,765666,500000.0,76,0.76
791,1,100,765666,500000.0,87,0.87
792,1,100,765666,500000.0,90,0.9
793,1,100,765666,500000.0,100,1.0
794,1,100,765666,500000.0,66,0.66
795,1,100,234334,500000.0,85,0.85
796,1,100,765666,500000.0,76,0.76
797,1,100,234334,500000.0,45,0.45
798,1,100,765666,500000.0,69,0.69
799,1,100,765666,500000.0,96,0.96
800,1,100,234334,500000.0,65,0.65
801,1,100,765666,500000.0,95,0.95
802,1,100,765666,500000.0,75,0.75
803,1,100,234334,500000.0,40,0.4
804,1,100,765666,500000.0,75,0.75
805,1,100,765666,500000.0,90,0.9
806,1,100,765666,500000.0,97,0.97
807,1,100,234334,500000.0,55,0.55
808,1,100,765666,500000.0,98,0.98
809,1,100,765666,500000.0,98,0.98
810,1,100,765666,500000.0,100,1.0
811,1,100,765666,500000.0,100,1.0
812,1,100,765666,500000.0,99,0.99
813,1,100,765666,500000.0,97,0.97
814,1,100,765666,500000.0,98,0.98
815,1,100,234334,500000.0,32,0.32
816,1,100,765666,500000.0,100,1.0
817,1,100,765666,500000.0,93,0.93
818,1,100,234334,500000.0,21,0.21
819,1,100,765666,500000.0,99,0.99
820,1,100,765666,500000.0,91,0.91
821,1,100,765666,500000.0,75,0.75
822,1,100,765666,500000.0,95,0.95
823,1,100,234334,500000.0,37,0.37
824,1,100,765666,500000.0,100,1.0
825,1,100,765666,500000.0,100,1.0
826,1,100,765666,500000.0,78,0.78
827,1,100,765666,500000.0,100,1.0
828,1,100,765666,500000.0,97,0.97
829,1,100,234334,500000.0,92,0.92
830,1,100,765666,500000.0,100,1.0
831,1,100,765666,500000.0,92,0.92
832,1,100,234334,500000.0,82,0.82
833,1,100,765666,500000.0,100,1.0
834,1,100,765666,500000.0,100,1.0
835,1,100,765666,500000.0,98,0.98
836,1,100,765666,500000.0,99,0.99
837,1,100,765666,500000.0,96,0.96
838,1,100,765666,500000.0,99,0.99
839,1,100,765666,500000.0,100,1.0
840,1,100,765666,500000.0,90,0.9
841,1,100,765666,500000.0,93,0.93
842,1,100,765666,500000.0,100,1.0
843,1,100,765666,500000.0,98,0.98
844,1,100,765666,500000.0,94,0.94
845,1,100,765666,500000.0,90,0.9
846,1,100,765666,500000.0,84,0.84
847,1,100,765666,500000.0,84,0.84
848,1,100,765666,500000.0,97,0.97
849,1,100,765666,500000.0,81,0.81
850,1,100,234334,500000.0,48,0.48
851,1,100,765666,500000.0,100,1.0
852,1,100,765666,500000.0,57,0.57
853,1,100,765666,500000.0,86,0.86
854,1,100,765666,500000.0,42,0.42
855,1,100,765666,500000.0,84,0.84
856,1,100,765666,500000.0,100,1.0
857,1,100,765666,500000.0,58,0.58
858,1,100,765666,500000.0,100,1.0
859,1,100,234334,500000.0,47,0.47
860,1,100,234334,500000.0,58,0.58
861,1,100,765666,500000.0,81,0.81
862,1,100,765666,500000.0,99,0.99
863,1,100,234334,500000.0,41,0.41
864,1,100,765666,500000.0,100,1.0
865,1,100,765666,500000.0,100,1.0
866,1,100,765666,500000.0,96,0.96
867,1,100,234334,500000.0,62,0.62
868,1,100,765666,500000.0,95,0.95
869,1,100,765666,500000.0,92,0.92
870,1,100,765666,500000.0,100,1.0
871,1,100,765666,500000.0,84,0.84
872,1,100,765666,500000.0,91,0.91
873,1,100,765666,500000.0,94,0.94
874,1,100,765666,500000.0,94,0.94
875,1,100,234334,500000.0,39,0.39
876,1,100,765666,500000.0,73,0.73
877,1,100,234334,500000.0,69,0.69
878,1,100,765666,500000.0,98,0.98
879,1,100,234334,500000.0,15,0.15
880,1,100,765666,500000.0,49,0.49
881,1,100,765666,500000.0,47,0.47
882,1,100,234334,500000.0,38,0.38
883,1,100,765666,500000.0,98,0.98
884,1,100,765666,500000.0,73,0.73
885,1,100,765666,500000.0,78,0.78
886,1,100,765666,500000.0,94,0.94
887,1,100,234334,500000.0,21,0.21
888,1,100,765666,500000.0,100,1.0
889,1,100,765666,500000.0,90,0.9
890,1,100,765666,500000.0,94,0.94
891,1,100,765666,500000.0,84,0.84
892,1,100,234334,500000.0,80,0.8
893,1,100,765666,500000.0,100,1.0
894,1,100,765666,500000.0,100,1.0
895,1,100,765666,500000.0,94,0.94
896,1,100,765666,500000.0,62,0.62
897,1,100,765666,500000.0,91,0.91
898,1,100,765666,500000.0,100,1.0
899,1,100,765666,500000.0,90,0.9
900,1,100,234334,500000.0,35,0.35
901,1,100,765666,500000.0,96,0.96
902,1,100,765666,500000.0,78,0.78
903,1,100,765666,500000.0,96,0.96
904,1,100,765666,500000.0,98,0.98
905,1,100,765666,500000.0,76,0.76
906,1,100,765666,500000.0,84,0.84
907,1,100,234334,500000.0,54,0.54
908,1,100,765666,500000.0,98,0.98
909,1,100,765666,500000.0,97,0.97
910,1,100,765666,500000.0,69,0.69
911,1,100,765666,500000.0,87,0.87
912,1,100,765666,500000.0,99,0.99
913,1,100,234334,500000.0,79,0.79
914,1,100,765666,500000.0,94,0.94
915,1,100,765666,500000.0,99,0.99
916,1,100,765666,500000.0,97,0.97
917,1,100,765666,500000.0,51,0.51
918,1,100,234334,500000.0,29,0.29
919,1,100,234334,500000.0,39,0.39
920,1,100,765666,500000.0,80,0.8
921,1,100,765666,500000.0,99,0.99
922,1,100,234334,500000.0,62,0.62
923,1,100,234334,500000.0,64,0.64
924,1,100,765666,500000.0,84,0.84
925,1,100,765666,500000.0,61,0.61
926,1,100,765666,500000.0,95,0.95
927,1,100,765666,500000.0,76,0.76
928,1,100,765666,500000.0,100,1.0
929,1,100,765666,500000.0,83,0.83
930,1,100,765666,500000.0,99,0.99
931,1,100,765666,500000.0,69,0.69
932,1,100,765666,500000.0,90,0.9
933,1,100,765666,500000.0,81,0.81
934,1,100,234334,500000.0,33,0.33
935,1,100,234334,500000.0,51,0.51
936,1,100,234334,500000.0,13,0.13
937,1,100,765666,500000.0,72,0.72
938,1,100,765666,500000.0,75,0.75
939,1,100,234334,500000.0,15,0.15
940,1,100,765666,500000.0,90,0.9
941,1,100,765666,500000.0,56,0.56
942,1,100,765666,500000.0,100,1.0
943,1,100,765666,500000.0,96,0.96
944,1,100,765666,500000.0,99,0.99
945,1,100,234334,500000.0,53,0.53
946,1,100,765666,500000.0,100,1.0
947,1,100,765666,500000.0,89,0.89
948,1,100,234334,500000.0,26,0.26
949,1,100,234334,500000.0,22,0.22
950,1,100,765666,500000.0,90,0.9
951,1,100,765666,500000.0,65,0.65
952,1,100,765666,500000.0,100,1.0
953,1,100,765666,500000.0,82,0.82
954,1,100,765666,500000.0,83,0.83
955,1,100,765666,500000.0,97,0.97
956,1,100,765666,500000.0,100,1.0
957,1,100,234334,500000.0,22,0.22
958,1,100,765666,500000.0,98,0.98
959,1,100,234334,500000.0,59,0.59
960,1,100,234334,500000.0,33,0.33
961,1,100,765666,500000.0,94,0.94
962,1,100,765666,500000.0,95,0.95
963,1,100,765666,500000.0,98,0.98
964,1,100,765666,500000.0,100,1.0
965,1,100,765666,500000.0,100,1.0
966,1,100,234334,500000.0,81,0.81
967,1,100,765666,500000.0,81,0.81
968,1,100,234334,500000.0,30,0.3
969,1,100,234334,500000.0,44,0.44
970,1,100,765666,500000.0,98,0.98
971,1,100,765666,500000.0,67,0.67
972,1,100,765666,500000.0,98,0.98
973,1,100,765666,500000.0,80,0.8
974,1,100,765666,500000.0,84,0.84
975,1,100,765666,500000.0,68,0.68
976,1,100,765666,500000.0,61,0.61
977,1,100,765666,500000.0,86,0.86
978,1,100,765666,500000.0,97,0.97
979,1,100,765666,500000.0,85,0.85
980,1,100,234334,500000.0,49,0.49
981,1,100,765666,500000.0,95,0.95
982,1,100,765666,500000.0,82,0.82
983,1,100,765666,500000.0,74,0.74
984,1,100,234334,500000.0,43,0.43
985,1,100,765666,500000.0,79,0.79
986,1,100,765666,500000.0,97,0.97
987,1,100,234334,500000.0,74,0.74
988,1,100,765666,500000.0,99,0.99
989,1,100,765666,500000.0,58,0.58
990,1,100,765666,500000.0,66,0.66
991,1,100,765666,500000.0,84,0.84
992,1,100,765666,500000.0,76,0.76
993,1,100,765666,500000.0,87,0.87
994,1,100,765666,500000.0,94,0.94
995,1,100,765666,500000.0,99,0.99
996,1,100,765666,500000.0,97,0.97
997,1,100,234334,500000.0,25,0.25
998,1,100,765666,500000.0,74,0.74
999,1,100,765666,500000.0,86,0.86
0,2,1,210658,250000.0,0,0.0
1,2,1,58650,250000.0,1,1.0
2,2,1,707016,250000.0,1,1.0
3,2,1,23676,250000.0,1,1.0
4,2,1,707016,250000.0,1,1.0
5,2,1,707016,250000.0,1,1.0
6,2,1,707016,250000.0,1,1.0
7,2,1,210658,250000.0,1,1.0
8,2,1,707016,250000.0,1,1.0
9,2,1,58650,250000.0,0,0.0
10,2,1,210658,250000.0,1,1.0
11,2,1,23676,250000.0,0,0.0
12,2,1,707016,250000.0,1,1.0
13,2,1,58650,250000.0,0,0.0
14,2,1,707016,250000.0,1,1.0
15,2,1,210658,250000.0,0,0.0
16,2,1,707016,250000.0,1,1.0
17,2,1,707016,250000.0,1,1.0
18,2,1,707016,250000.0,1,1.0
19,2,1,210658,250000.0,0,0.0
20,2,1,707016,250000.0,1,1.0
21,2,1,707016,250000.0,1,1.0
22,2,1,58650,250000.0,1,1.0
23,2,1,707016,250000.0,0,0.0
24,2,1,58650,250000.0,1,1.0
25,2,1,707016,250000.0,1,1.0
26,2,1,707016,250000.0,1,1.0
27,2,1,707016,250000.0,1,1.0
28,2,1,210658,250000.0,0,0.0
29,2,1,707016,250000.0,1,1.0
30,2,1,210658,250000.0,0,0.0
31,2,1,707016,250000.0,1,1.0
32,2,1,58650,250000.0,0,0.0
33,2,1,707016,250000.0,1,1.0
34,2,1,707016,250000.0,1,1.0
35,2,1,707016,250000.0,1,1.0
36,2,1,210658,250000.0,0,0.0
37,2,1,707016,250000.0,0,0.0
38,2,1,707016,250000.0,1,1.0
39,2,1,707016,250000.0,1,1.0
40,2,1,707016,250000.0,1,1.0
41,2,1,707016,250000.0,1,1.0
42,2,1,707016,250000.0,1,1.0
43,2,1,707016,250000.0,1,1.0
44,2,1,58650,250000.0,0,0.0
45,2,1,707016,250000.0,1,1.0
46,2,1,210658,250000.0,0,0.0
47,2,1,707016,250000.0,1,1.0
48,2,1,707016,250000.0,1,1.0
49,2,1,707016,250000.0,1,1.0
50,2,1,707016,250000.0,1,1.0
51,2,1,707016,250000.0,1,1.0
52,2,1,707016,250000.0,1,1.0
53,2,1,707016,250000.0,1,1.0
54,2,1,707016,250000.0,1,1.0
55,2,1,58650,250000.0,0,0.0
56,2,1,707016,250000.0,1,1.0
57,2,1,23676,250000.0,0,0.0
58,2,1,707016,250000.0,1,1.0
59,2,1,707016,250000.0,1,1.0
60,2,1,707016,250000.0,1,1.0
61,2,1,707016,250000.0,1,1.0
62,2,1,707016,250000.0,1,1.0
63,2,1,707016,250000.0,1,1.0
64,2,1,707016,250000.0,1,1.0
65,2,1,707016,250000.0,1,1.0
66,2,1,210658,250000.0,1,1.0
67,2,1,210658,250000.0,1,1.0
68,2,1,210658,250000.0,0,0.0
69,2,1,707016,250000.0,0,0.0
70,2,1,58650,250000.0,0,0.0
71,2,1,707016,250000.0,1,1.0
72,2,1,707016,250000.0,0,0.0
73,2,1,707016,250000.0,0,0.0
74,2,1,707016,250000.0,1,1.0
75,2,1,707016,250000.0,1,1.0
76,2,1,707016,250000.0,1,1.0
77,2,1,23676,250000.0,1,1.0
78,2,1,707016,250000.0,1,1.0
79,2,1,707016,250000.0,1,1.0
80,2,1,210658,250000.0,1,1.0
81,2,1,707016,250000.0,1,1.0
82,2,1,707016,250000.0,1,1.0
83,2,1,210658,250000.0,0,0.0
84,2,1,707016,250000.0,1,1.0
85,2,1,707016,250000.0,1,1.0
86,2,1,707016,250000.0,1,1.0
87,2,1,707016,250000.0,1,1.0
88,2,1,23676,250000.0,0,0.0
89,2,1,707016,250000.0,1,1.0
90,2,1,707016,250000.0,1,1.0
91,2,1,707016,250000.0,1,1.0
92,2,1,707016,250000.0,0,0.0
93,2,1,707016,250000.0,1,1.0
94,2,1,707016,250000.0,1,1.0
95,2,1,210658,250000.0,0,0.0
96,2,1,210658,250000.0,0,0.0
97,2,1,210658,250000.0,1,1.0
98,2,1,210658,250000.0,1,1.0
99,2,1,58650,250000.0,1,1.0
100,2,1,707016,250000.0,1,1.0
101,2,1,210658,250000.0,1,1.0
102,2,1,210658,250000.0,1,1.0
103,2,1,707016,250000.0,1,1.0
104,2,1,707016,250000.0,1,1.0
105,2,1,58650,250000.0,1,1.0
106,2,1,707016,250000.0,1,1.0
107,2,1,707016,250000.0,1,1.0
108,2,1,58650,250000.0,1,1.0
109,2,1,707016,250000.0,0,0.0
110,2,1,707016,250000.0,0,0.0
111,2,1,707016,250000.0,1,1.0
112,2,1,210658,250000.0,0,0.0
113,2,1,707016,250000.0,1,1.0
114,2,1,58650,250000.0,0,0.0
115,2,1,707016,250000.0,1,1.0
116,2,1,707016,250000.0,1,1.0
117,2,1,707016,250000.0,0,0.0
118,2,1,707016,250000.0,1,1.0
119,2,1,23676,250000.0,1,1.0
120,2,1,210658,250000.0,1,1.0
121,2,1,707016,250000.0,1,1.0
122,2,1,707016,250000.0,1,1.0
123,2,1,210658,250000.0,0,0.0
124,2,1,707016,250000.0,1,1.0
125,2,1,707016,250000.0,1,1.0
126,2,1,23676,250000.0,0,0.0
127,2,1,707016,250000.0,1,1.0
128,2,1,707016,250000.0,0,0.0
129,2,1,210658,250000.0,0,0.0
130,2,1,210658,250000.0,0,0.0
131,2,1,707016,250000.0,1,1.0
132,2,1,707016,250000.0,1,1.0
133,2,1,23676,250000.0,0,0.0
134,2,1,23676,250000.0,1,1.0
135,2,1,210658,250000.0,0,0.0
136,2,1,707016,250000.0,1,1.0
137,2,1,58650,250000.0,1,1.0
138,2,1,707016,250000.0,1,1.0
139,2,1,707016,250000.0,0,0.0
140,2,1,707016,250000.0,1,1.0
141,2,1,707016,250000.0,1,1.0
142,2,1,707016,250000.0,1,1.0
143,2,1,707016,250000.0,1,1.0
144,2,1,707016,250000.0,0,0.0
145,2,1,707016,250000.0,0,0.0
146,2,1,707016,250000.0,1,1.0
147,2,1,210658,250000.0,1,1.0
148,2,1,707016,250000.0,1,1.0
149,2,1,210658,250000.0,0,0.0
150,2,1,707016,250000.0,1,1.0
151,2,1,707016,250000.0,1,1.0
152,2,1,707016,250000.0,0,0.0
153,2,1,707016,250000.0,1,1.0
154,2,1,707016,250000.0,0,0.0
155,2,1,707016,250000.0,1,1.0
156,2,1,707016,250000.0,1,1.0
157,2,1,707016,250000.0,1,1.0
158,2,1,707016,250000.0,1,1.0
159,2,1,58650,250000.0,1,1.0
160,2,1,23676,250000.0,0,0.0
161,2,1,707016,250000.0,1,1.0
162,2,1,707016,250000.0,1,1.0
163,2,1,707016,250000.0,1,1.0
164,2,1,23676,250000.0,0,0.0
165,2,1,707016,250000.0,1,1.0
166,2,1,58650,250000.0,0,0.0
167,2,1,707016,250000.0,1,1.0
168,2,1,210658,250000.0,0,0.0
169,2,1,58650,250000.0,1,1.0
170,2,1,58650,250000.0,0,0.0
171,2,1,707016,250000.0,1,1.0
172,2,1,707016,250000.0,0,0.0
173,2,1,707016,250000.0,1,1.0
174,2,1,210658,250000.0,0,0.0
175,2,1,707016,250000.0,1,1.0
176,2,1,707016,250000.0,1,1.0
177,2,1,707016,250000.0,1,1.0
178,2,1,707016,250000.0,1,1.0
179,2,1,707016,250000.0,1,1.0
180,2,1,707016,250000.0,1,1.0
181,2,1,210658,250000.0,0,0.0
182,2,1,210658,250000.0,1,1.0
183,2,1,210658,250000.0,0,0.0
184,2,1,707016,250000.0,1,1.0
185,2,1,707016,250000.0,1,1.0
186,2,1,707016,250000.0,0,0.0
187,2,1,707016,250000.0,1,1.0
188,2,1,707016,250000.0,1,1.0
189,2,1,707016,250000.0,1,1.0
190,2,1,210658,250000.0,1,1.0
191,2,1,58650,250000.0,1,1.0
192,2,1,707016,250000.0,1,1.0
193,2,1,707016,250000.0,0,0.0
194,2,1,707016,250000.0,0,0.0
195,2,1,707016,250000.0,1,1.0
196,2,1,707016,250000.0,1,1.0
197,2,1,707016,250000.0,1,1.0
198,2,1,707016,250000.0,1,1.0
199,2,1,707016,250000.0,1,1.0
200,2,1,210658,250000.0,0,0.0
201,2,1,707016,250000.0,0,0.0
202,2,1,707016,250000.0,1,1.0
203,2,1,707016,250000.0,1,1.0
204,2,1,707016,250000.0,1,1.0
205,2,1,58650,250000.0,0,0.0
206,2,1,707016,250000.0,1,1.0
207,2,1,707016,250000.0,1,1.0
208,2,1,210658,250000.0,1,1.0
209,2,1,210658,250000.0,0,0.0
210,2,1,58650,250000.0,1,1.0
211,2,1,707016,250000.0,0,0.0
212,2,1,707016,250000.0,1,1.0
213,2,1,707016,250000.0,1,1.0
214,2,1,707016,250000.0,1,1.0
215,2,1,210658,250000.0,1,1.0
216,2,1,707016,250000.0,0,0.0
217,2,1,707016,250000.0,1,1.0
218,2,1,707016,250000.0,1,1.0
219,2,1,707016,250000.0,1,1.0
220,2,1,707016,250000.0,1,1.0
221,2,1,707016,250000.0,1,1.0
222,2,1,707016,250000.0,1,1.0
223,2,1,707016,250000.0,1,1.0
224,2,1,707016,250000.0,1,1.0
225,2,1,23676,250000.0,0,0.0
226,2,1,707016,250000.0,1,1.0
227,2,1,707016,250000.0,1,1.0
228,2,1,707016,250000.0,1,1.0
229,2,1,707016,250000.0,1,1.0
230,2,1,210658,250000.0,1,1.0
231,2,1,707016,250000.0,1,1.0
232,2,1,58650,250000.0,0,0.0
233,2,1,210658,250000.0,0,0.0
234,2,1,707016,250000.0,1,1.0
235,2,1,707016,250000.0,1,1.0
236,2,1,707016,250000.0,1,1.0
237,2,1,210658,250000.0,0,0.0
238,2,1,210658,250000.0,1,1.0
239,2,1,707016,250000.0,0,0.0
240,2,1,707016,250000.0,1,1.0
241,2,1,707016,250000.0,1,1.0
242,2,1,707016,250000.0,1,1.0
243,2,1,707016,250000.0,1,1.0
244,2,1,707016,250000.0,0,0.0
245,2,1,707016,250000.0,1,1.0
246,2,1,210658,250000.0,1,1.0
247,2,1,707016,250000.0,1,1.0
248,2,1,58650,250000.0,0,0.0
249,2,1,707016,250000.0,1,1.0
250,2,1,707016,250000.0,1,1.0
251,2,1,707016,250000.0,1,1.0
252,2,1,707016,250000.0,1,1.0
253,2,1,210658,250000.0,0,0.0
254,2,1,58650,250000.0,0,0.0
255,2,1,210658,250000.0,1,1.0
256,2,1,210658,250000.0,1,1.0
257,2,1,707016,250000.0,0,0.0
258,2,1,707016,250000.0,1,1.0
259,2,1,707016,250000.0,1,1.0
260,2,1,210658,250000.0,1,1.0
261,2,1,707016,250000.0,0,0.0
262,2,1,210658,250000.0,0,0.0
263,2,1,23676,250000.0,0,0.0
264,2,1,707016,250000.0,1,1.0
265,2,1,210658,250000.0,1,1.0
266,2,1,210658,250000.0,1,1.0
267,2,1,707016,250000.0,1,1.0
268,2,1,210658,250000.0,1,1.0
269,2,1,707016,250000.0,1,1.0
270,2,1,707016,250000.0,0,0.0
271,2,1,707016,250000.0,1,1.0
272,2,1,707016,250000.0,1,1.0
273,2,1,210658,250000.0,0,0.0
274,2,1,210658,250000.0,0,0.0
275,2,1,707016,250000.0,1,1.0
276,2,1,707016,250000.0,1,1.0
277,2,1,210658,250000.0,0,0.0
278,2,1,707016,250000.0,1,1.0
279,2,1,707016,250000.0,1,1.0
280,2,1,707016,250000.0,1,1.0
281,2,1,707016,250000.0,1,1.0
282,2,1,707016,250000.0,1,1.0
283,2,1,707016,250000.0,1,1.0
284,2,1,707016,250000.0,0,0.0
285,2,1,210658,250000.0,0,0.0
286,2,1,58650,250000.0,1,1.0
287,2,1,210658,250000.0,1,1.0
288,2,1,707016,250000.0,1,1.0
289,2,1,707016,250000.0,1,1.0
290,2,1,707016,250000.0,1,1.0
291,2,1,210658,250000.0,1,1.0
292,2,1,210658,250000.0,0,0.0
293,2,1,23676,250000.0,0,0.0
294,2,1,707016,250000.0,1,1.0
295,2,1,707016,250000.0,1,1.0
296,2,1,707016,250000.0,1,1.0
297,2,1,58650,250000.0,0,0.0
298,2,1,707016,250000.0,0,0.0
299,2,1,707016,250000.0,1,1.0
300,2,1,210658,250000.0,0,0.0
301,2,1,210658,250000.0,1,1.0
302,2,1,58650,250000.0,0,0.0
303,2,1,210658,250000.0,0,0.0
304,2,1,58650,250000.0,0,0.0
305,2,1,707016,250000.0,1,1.0
306,2,1,707016,250000.0,1,1.0
307,2,1,210658,250000.0,1,1.0
308,2,1,707016,250000.0,1,1.0
309,2,1,707016,250000.0,1,1.0
310,2,1,210658,250000.0,1,1.0
311,2,1,23676,250000.0,1,1.0
312,2,1,707016,250000.0,1,1.0
313,2,1,707016,250000.0,1,1.0
314,2,1,58650,250000.0,0,0.0
315,2,1,707016,250000.0,1,1.0
316,2,1,707016,250000.0,1,1.0
317,2,1,707016,250000.0,0,0.0
318,2,1,707016,250000.0,1,1.0
319,2,1,58650,250000.0,0,0.0
320,2,1,58650,250000.0,0,0.0
321,2,1,210658,250000.0,1,1.0
322,2,1,210658,250000.0,1,1.0
323,2,1,707016,250000.0,1,1.0
324,2,1,707016,250000.0,1,1.0
325,2,1,210658,250000.0,0,0.0
326,2,1,707016,250000.0,1,1.0
327,2,1,210658,250000.0,0,0.0
328,2,1,707016,250000.0,1,1.0
329,2,1,58650,250000.0,0,0.0
330,2,1,707016,250000.0,1,1.0
331,2,1,210658,250000.0,1,1.0
332,2,1,707016,250000.0,1,1.0
333,2,1,707016,250000.0,1,1.0
334,2,1,707016,250000.0,0,0.0
335,2,1,707016,250000.0,1,1.0
336,2,1,210658,250000.0,0,0.0
337,2,1,210658,250000.0,1,1.0
338,2,1,210658,250000.0,1,1.0
339,2,1,707016,250000.0,1,1.0
340,2,1,707016,250000.0,1,1.0
341,2,1,707016,250000.0,1,1.0
342,2,1,210658,250000.0,1,1.0
343,2,1,707016,250000.0,1,1.0
344,2,1,707016,250000.0,0,0.0
345,2,1,707016,250000.0,1,1.0
346,2,1,707016,250000.0,1,1.0
347,2,1,707016,250000.0,1,1.0
348,2,1,707016,250000.0,0,0.0
349,2,1,707016,250000.0,1,1.0
350,2,1,23676,250000.0,0,0.0
351,2,1,58650,250000.0,1,1.0
352,2,1,210658,250000.0,0,0.0
353,2,1,210658,250000.0,0,0.0
354,2,1,707016,250000.0,1,1.0
355,2,1,707016,250000.0,1,1.0
356,2,1,707016,250000.0,1,1.0
357,2,1,210658,250000.0,0,0.0
358,2,1,58650,250000.0,1,1.0
359,2,1,707016,250000.0,1,1.0
360,2,1,210658,250000.0,1,1.0
361,2,1,707016,250000.0,1,1.0
362,2,1,58650,250000.0,0,0.0
363,2,1,707016,250000.0,1,1.0
364,2,1,707016,250000.0,1,1.0
365,2,1,58650,250000.0,0,0.0
366,2,1,707016,250000.0,1,1.0
367,2,1,707016,250000.0,1,1.0
368,2,1,58650,250000.0,1,1.0
369,2,1,58650,250000.0,1,1.0
370,2,1,58650,250000.0,1,1.0
371,2,1,23676,250000.0,1,1.0
372,2,1,210658,250000.0,1,1.0
373,2,1,58650,250000.0,0,0.0
374,2,1,707016,250000.0,1,1.0
375,2,1,707016,250000.0,0,0.0
376,2,1,707016,250000.0,1,1.0
377,2,1,707016,250000.0,1,1.0
378,2,1,210658,250000.0,0,0.0
379,2,1,707016,250000.0,1,1.0
380,2,1,210658,250000.0,0,0.0
381,2,1,210658,250000.0,0,0.0
382,2,1,707016,250000.0,1,1.0
383,2,1,707016,250000.0,0,0.0
384,2,1,210658,250000.0,0,0.0
385,2,1,707016,250000.0,0,0.0
386,2,1,707016,250000.0,1,1.0
387,2,1,707016,250000.0,1,1.0
388,2,1,23676,250000.0,1,1.0
389,2,1,707016,250000.0,1,1.0
390,2,1,707016,250000.0,1,1.0
391,2,1,707016,250000.0,1,1.0
392,2,1,210658,250000.0,1,1.0
393,2,1,707016,250000.0,1,1.0
394,2,1,707016,250000.0,1,1.0
395,2,1,707016,250000.0,1,1.0
396,2,1,58650,250000.0,1,1.0
397,2,1,707016,250000.0,1,1.0
398,2,1,707016,250000.0,1,1.0
399,2,1,210658,250000.0,1,1.0
400,2,1,58650,250000.0,0,0.0
401,2,1,707016,250000.0,0,0.0
402,2,1,707016,250000.0,1,1.0
403,2,1,707016,250000.0,1,1.0
404,2,1,210658,250000.0,1,1.0
405,2,1,707016,250000.0,1,1.0
406,2,1,707016,250000.0,1,1.0
407,2,1,707016,250000.0,1,1.0
408,2,1,707016,250000.0,1,1.0
409,2,1,707016,250000.0,1,1.0
410,2,1,707016,250000.0,0,0.0
411,2,1,23676,250000.0,1,1.0
412,2,1,23676,250000.0,0,0.0
413,2,1,210658,250000.0,1,1.0
414,2,1,707016,250000.0,1,1.0
415,2,1,707016,250000.0,1,1.0
416,2,1,707016,250000.0,1,1.0
417,2,1,210658,250000.0,1,1.0
418,2,1,210658,250000.0,0,0.0
419,2,1,707016,250000.0,1,1.0
420,2,1,58650,250000.0,0,0.0
421,2,1,210658,250000.0,0,0.0
422,2,1,707016,250000.0,1,1.0
423,2,1,707016,250000.0,1,1.0
424,2,1,210658,250000.0,1,1.0
425,2,1,707016,250000.0,1,1.0
426,2,1,707016,250000.0,1,1.0
427,2,1,707016,250000.0,0,0.0
428,2,1,210658,250000.0,1,1.0
429,2,1,707016,250000.0,1,1.0
430,2,1,707016,250000.0,1,1.0
431,2,1,707016,250000.0,1,1.0
432,2,1,707016,250000.0,1,1.0
433,2,1,23676,250000.0,0,0.0
434,2,1,707016,250000.0,1,1.0
435,2,1,707016,250000.0,1,1.0
436,2,1,23676,250000.0,0,0.0
437,2,1,58650,250000.0,0,0.0
438,2,1,707016,250000.0,1,1.0
439,2,1,707016,250000.0,1,1.0
440,2,1,707016,250000.0,0,0.0
441,2,1,707016,250000.0,1,1.0
442,2,1,707016,250000.0,1,1.0
443,2,1,58650,250000.0,0,0.0
444,2,1,210658,250000.0,1,1.0
445,2,1,707016,250000.0,1,1.0
446,2,1,707016,250000.0,1,1.0
447,2,1,707016,250000.0,1,1.0
448,2,1,210658,250000.0,1,1.0
449,2,1,707016,250000.0,1,1.0
450,2,1,707016,250000.0,1,1.0
451,2,1,210658,250000.0,1,1.0
452,2,1,707016,250000.0,0,0.0
453,2,1,210658,250000.0,0,0.0
454,2,1,707016,250000.0,1,1.0
455,2,1,23676,250000.0,1,1.0
456,2,1,707016,250000.0,1,1.0
457,2,1,707016,250000.0,1,1.0
458,2,1,58650,250000.0,0,0.0
459,2,1,707016,250000.0,1,1.0
460,2,1,210658,250000.0,1,1.0
461,2,1,58650,250000.0,0,0.0
462,2,1,210658,250000.0,1,1.0
463,2,1,707016,250000.0,1,1.0
464,2,1,707016,250000.0,1,1.0
465,2,1,707016,250000.0,1,1.0
466,2,1,707016,250000.0,1,1.0
467,2,1,210658,250000.0,0,0.0
468,2,1,210658,250000.0,0,0.0
469,2,1,707016,250000.0,1,1.0
470,2,1,210658,250000.0,1,1.0
471,2,1,707016,250000.0,0,0.0
472,2,1,210658,250000.0,1,1.0
473,2,1,58650,250000.0,0,0.0
474,2,1,707016,250000.0,1,1.0
475,2,1,707016,250000.0,1,1.0
476,2,1,707016,250000.0,1,1.0
477,2,1,58650,250000.0,1,1.0
478,2,1,210658,250000.0,1,1.0
479,2,1,707016,250000.0,1,1.0
480,2,1,707016,250000.0,1,1.0
481,2,1,58650,250000.0,0,0.0
482,2,1,210658,250000.0,1,1.0
483,2,1,23676,250000.0,0,0.0
484,2,1,23676,250000.0,0,0.0
485,2,1,58650,250000.0,0,0.0
486,2,1,210658,250000.0,1,1.0
487,2,1,707016,250000.0,1,1.0
488,2,1,707016,250000.0,1,1.0
489,2,1,707016,250000.0,1,1.0
490,2,1,58650,250000.0,0,0.0
491,2,1,707016,250000.0,1,1.0
492,2,1,23676,250000.0,1,1.0
493,2,1,210658,250000.0,0,0.0
494,2,1,58650,250000.0,1,1.0
495,2,1,707016,250000.0,1,1.0
496,2,1,707016,250000.0,1,1.0
497,2,1,210658,250000.0,0,0.0
498,2,1,707016,250000.0,1,1.0
499,2,1,707016,250000.0,1,1.0
500,2,1,210658,250000.0,1,1.0
501,2,1,58650,250000.0,1,1.0
502,2,1,707016,250000.0,1,1.0
503,2,1,707016,250000.0,1,1.0
504,2,1,707016,250000.0,1,1.0
505,2,1,58650,250000.0,0,0.0
506,2,1,707016,250000.0,1,1.0
507,2,1,707016,250000.0,1,1.0
508,2,1,707016,250000.0,1,1.0
509,2,1,58650,250000.0,1,1.0
510,2,1,707016,250000.0,1,1.0
511,2,1,707016,250000.0,1,1.0
512,2,1,707016,250000.0,1,1.0
513,2,1,707016,250000.0,1,1.0
514,2,1,210658,250000.0,1,1.0
515,2,1,707016,250000.0,1,1.0
516,2,1,23676,250000.0,1,1.0
517,2,1,707016,250000.0,1,1.0
518,2,1,707016,250000.0,1,1.0
519,2,1,58650,250000.0,1,1.0
520,2,1,707016,250000.0,0,0.0
521,2,1,707016,250000.0,1,1.0
522,2,1,23676,250000.0,0,0.0
523,2,1,707016,250000.0,1,1.0
524,2,1,210658,250000.0,0,0.0
525,2,1,707016,250000.0,1,1.0
526,2,1,210658,250000.0,0,0.0
527,2,1,23676,250000.0,0,0.0
528,2,1,707016,250000.0,0,0.0
529,2,1,210658,250000.0,1,1.0
530,2,1,210658,250000.0,0,0.0
531,2,1,707016,250000.0,1,1.0
532,2,1,707016,250000.0,1,1.0
533,2,1,58650,250000.0,0,0.0
534,2,1,210658,250000.0,1,1.0
535,2,1,707016,250000.0,1,1.0
536,2,1,58650,250000.0,0,0.0
537,2,1,707016,250000.0,0,0.0
538,2,1,707016,250000.0,0,0.0
539,2,1,58650,250000.0,1,1.0
540,2,1,210658,250000.0,0,0.0
541,2,1,707016,250000.0,1,1.0
542,2,1,707016,250000.0,1,1.0
543,2,1,58650,250000.0,1,1.0
544,2,1,707016,250000.0,0,0.0
545,2,1,707016,250000.0,1,1.0
546,2,1,707016,250000.0,1,1.0
547,2,1,210658,250000.0,0,0.0
548,2,1,23676,250000.0,0,0.0
549,2,1,58650,250000.0,1,1.0
550,2,1,707016,250000.0,1,1.0
551,2,1,707016,250000.0,1,1.0
552,2,1,58650,250000.0,1,1.0
553,2,1,210658,250000.0,1,1.0
554,2,1,210658,250000.0,0,0.0
555,2,1,707016,250000.0,1,1.0
556,2,1,707016,250000.0,1,1.0
557,2,1,707016,250000.0,1,1.0
558,2,1,707016,250000.0,1,1.0
559,2,1,707016,250000.0,1,1.0
560,2,1,707016,250000.0,1,1.0
561,2,1,210658,250000.0,0,0.0
562,2,1,707016,250000.0,1,1.0
563,2,1,210658,250000.0,0,0.0
564,2,1,23676,250000.0,0,0.0
565,2,1,210658,250000.0,0,0.0
566,2,1,23676,250000.0,1,1.0
567,2,1,210658,250000.0,0,0.0
568,2,1,707016,250000.0,1,1.0
569,2,1,707016,250000.0,1,1.0
570,2,1,707016,250000.0,1,1.0
571,2,1,707016,250000.0,1,1.0
572,2,1,707016,250000.0,1,1.0
573,2,1,210658,250000.0,1,1.0
574,2,1,707016,250000.0,1,1.0
575,2,1,707016,250000.0,1,1.0
576,2,1,210658,250000.0,0,0.0
577,2,1,210658,250000.0,0,0.0
578,2,1,707016,250000.0,1,1.0
579,2,1,210658,250000.0,1,1.0
580,2,1,707016,250000.0,1,1.0
581,2,1,23676,250000.0,1,1.0
582,2,1,707016,250000.0,1,1.0
583,2,1,707016,250000.0,1,1.0
584,2,1,707016,250000.0,1,1.0
585,2,1,707016,250000.0,1,1.0
586,2,1,707016,250000.0,1,1.0
587,2,1,707016,250000.0,1,1.0
588,2,1,210658,250000.0,0,0.0
589,2,1,707016,250000.0,1,1.0
590,2,1,707016,250000.0,0,0.0
591,2,1,707016,250000.0,0,0.0
592,2,1,707016,250000.0,1,1.0
593,2,1,707016,250000.0,1,1.0
594,2,1,707016,250000.0,1,1.0
595,2,1,707016,250000.0,1,1.0
596,2,1,707016,250000.0,1,1.0
597,2,1,210658,250000.0,0,0.0
598,2,1,210658,250000.0,0,0.0
599,2,1,707016,250000.0,1,1.0
600,2,1,707016,250000.0,1,1.0
601,2,1,707016,250000.0,1,1.0
602,2,1,210658,250000.0,1,1.0
603,2,1,707016,250000.0,0,0.0
604,2,1,707016,250000.0,1,1.0
605,2,1,210658,250000.0,0,0.0
606,2,1,210658,250000.0,1,1.0
607,2,1,58650,250000.0,0,0.0
608,2,1,210658,250000.0,1,1.0
609,2,1,210658,250000.0,1,1.0
610,2,1,23676,250000.0,0,0.0
611,2,1,707016,250000.0,1,1.0
612,2,1,210658,250000.0,1,1.0
613,2,1,210658,250000.0,0,0.0
614,2,1,707016,250000.0,0,0.0
615,2,1,707016,250000.0,1,1.0
616,2,1,707016,250000.0,1,1.0
617,2,1,58650,250000.0,0,0.0
618,2,1,58650,250000.0,0,0.0
619,2,1,210658,250000.0,1,1.0
620,2,1,707016,250000.0,1,1.0
621,2,1,707016,250000.0,0,0.0
622,2,1,707016,250000.0,1,1.0
623,2,1,707016,250000.0,1,1.0
624,2,1,707016,250000.0,1,1.0
625,2,1,707016,250000.0,1,1.0
626,2,1,707016,250000.0,1,1.0
627,2,1,707016,250000.0,1,1.0
628,2,1,707016,250000.0,1,1.0
629,2,1,707016,250000.0,1,1.0
630,2,1,707016,250000.0,1,1.0
631,2,1,707016,250000.0,0,0.0
632,2,1,707016,250000.0,1,1.0
633,2,1,707016,250000.0,1,1.0
634,2,1,210658,250000.0,0,0.0
635,2,1,58650,250000.0,0,0.0
636,2,1,707016,250000.0,1,1.0
637,2,1,707016,250000.0,1,1.0
638,2,1,210658,250000.0,0,0.0
639,2,1,707016,250000.0,1,1.0
640,2,1,707016,250000.0,1,1.0
641,2,1,210658,250000.0,1,1.0
642,2,1,210658,250000.0,0,0.0
643,2,1,707016,250000.0,1,1.0
644,2,1,707016,250000.0,1,1.0
645,2,1,707016,250000.0,1,1.0
646,2,1,707016,250000.0,1,1.0
647,2,1,707016,250000.0,1,1.0
648,2,1,707016,250000.0,1,1.0
649,2,1,707016,250000.0,1,1.0
650,2,1,707016,250000.0,0,0.0
651,2,1,707016,250000.0,1,1.0
652,2,1,707016,250000.0,1,1.0
653,2,1,58650,250000.0,0,0.0
654,2,1,707016,250000.0,1,1.0
655,2,1,210658,250000.0,1,1.0
656,2,1,707016,250000.0,1,1.0
657,2,1,210658,250000.0,0,0.0
658,2,1,707016,250000.0,1,1.0
659,2,1,707016,250000.0,1,1.0
660,2,1,210658,250000.0,0,0.0
661,2,1,707016,250000.0,1,1.0
662,2,1,210658,250000.0,0,0.0
663,2,1,58650,250000.0,1,1.0
664,2,1,707016,250000.0,1,1.0
665,2,1,707016,250000.0,1,1.0
666,2,1,210658,250000.0,0,0.0
667,2,1,707016,250000.0,1,1.0
668,2,1,707016,250000.0,1,1.0
669,2,1,707016,250000.0,1,1.0
670,2,1,210658,250000.0,1,1.0
671,2,1,707016,250000.0,1,1.0
672,2,1,707016,250000.0,1,1.0
673,2,1,707016,250000.0,1,1.0
674,2,1,707016,250000.0,1,1.0
675,2,1,707016,250000.0,1,1.0
676,2,1,707016,250000.0,0,0.0
677,2,1,707016,250000.0,1,1.0
678,2,1,707016,250000.0,1,1.0
679,2,1,707016,250000.0,0,0.0
680,2,1,707016,250000.0,1,1.0
681,2,1,707016,250000.0,1,1.0
682,2,1,707016,250000.0,1,1.0
683,2,1,707016,250000.0,1,1.0
684,2,1,707016,250000.0,1,1.0
685,2,1,707016,250000.0,1,1.0
686,2,1,707016,250000.0,1,1.0
687,2,1,707016,250000.0,1,1.0
688,2,1,58650,250000.0,0,0.0
689,2,1,707016,250000.0,1,1.0
690,2,1,707016,250000.0,0,0.0
691,2,1,210658,250000.0,1,1.0
692,2,1,707016,250000.0,1,1.0
693,2,1,707016,250000.0,0,0.0
694,2,1,58650,250000.0,1,1.0
695,2,1,58650,250000.0,1,1.0
696,2,1,707016,250000.0,1,1.0
697,2,1,707016,250000.0,1,1.0
698,2,1,707016,250000.0,1,1.0
699,2,1,707016,250000.0,0,0.0
700,2,1,210658,250000.0,0,0.0
701,2,1,707016,250000.0,1,1.0
702,2,1,707016,250000.0,1,1.0
703,2,1,707016,250000.0,0,0.0
704,2,1,210658,250000.0,0,0.0
705,2,1,707016,250000.0,1,1.0
706,2,1,58650,250000.0,0,0.0
707,2,1,210658,250000.0,1,1.0
708,2,1,707016,250000.0,1,1.0
709,2,1,707016,250000.0,1,1.0
710,2,1,707016,250000.0,1,1.0
711,2,1,23676,250000.0,1,1.0
712,2,1,707016,250000.0,1,1.0
713,2,1,707016,250000.0,1,1.0
714,2,1,210658,250000.0,1,1.0
715,2,1,707016,250000.0,1,1.0
716,2,1,58650,250000.0,1,1.0
717,2,1,707016,250000.0,1,1.0
718,2,1,707016,250000.0,1,1.0
719,2,1,210658,250000.0,1,1.0
720,2,1,210658,250000.0,1,1.0
721,2,1,23676,250000.0,0,0.0
722,2,1,58650,250000.0,0,0.0
723,2,1,707016,250000.0,1,1.0
724,2,1,23676,250000.0,0,0.0
725,2,1,58650,250000.0,0,0.0
726,2,1,707016,250000.0,1,1.0
727,2,1,707016,250000.0,1,1.0
728,2,1,707016,250000.0,1,1.0
729,2,1,707016,250000.0,1,1.0
730,2,1,707016,250000.0,0,0.0
731,2,1,707016,250000.0,1,1.0
732,2,1,58650,250000.0,1,1.0
733,2,1,707016,250000.0,0,0.0
734,2,1,707016,250000.0,1,1.0
735,2,1,210658,250000.0,0,0.0
736,2,1,707016,250000.0,1,1.0
737,2,1,210658,250000.0,1,1.0
738,2,1,210658,250000.0,0,0.0
739,2,1,58650,250000.0,0,0.0
740,2,1,707016,250000.0,1,1.0
741,2,1,707016,250000.0,1,1.0
742,2,1,707016,250000.0,1,1.0
743,2,1,707016,250000.0,1,1.0
744,2,1,707016,250000.0,1,1.0
745,2,1,210658,250000.0,0,0.0
746,2,1,707016,250000.0,1,1.0
747,2,1,707016,250000.0,1,1.0
748,2,1,707016,250000.0,1,1.0
749,2,1,58650,250000.0,1,1.0
750,2,1,58650,250000.0,0,0.0
751,2,1,707016,250000.0,1,1.0
752,2,1,210658,250000.0,1,1.0
753,2,1,707016,250000.0,1,1.0
754,2,1,210658,250000.0,0,0.0
755,2,1,210658,250000.0,0,0.0
756,2,1,707016,250000.0,1,1.0
757,2,1,210658,250000.0,1,1.0
758,2,1,210658,250000.0,0,0.0
759,2,1,707016,250000.0,0,0.0
760,2,1,707016,250000.0,0,0.0
761,2,1,58650,250000.0,0,0.0
762,2,1,707016,250000.0,1,1.0
763,2,1,707016,250000.0,0,0.0
764,2,1,707016,250000.0,1,1.0
765,2,1,707016,250000.0,1,1.0
766,2,1,210658,250000.0,0,0.0
767,2,1,707016,250000.0,1,1.0
768,2,1,210658,250000.0,1,1.0
769,2,1,707016,250000.0,1,1.0
770,2,1,707016,250000.0,1,1.0
771,2,1,210658,250000.0,1,1.0
772,2,1,707016,250000.0,1,1.0
773,2,1,707016,250000.0,0,0.0
774,2,1,707016,250000.0,1,1.0
775,2,1,210658,250000.0,1,1.0
776,2,1,23676,250000.0,1,1.0
777,2,1,58650,250000.0,0,0.0
778,2,1,707016,250000.0,1,1.0
779,2,1,707016,250000.0,1,1.0
780,2,1,210658,250000.0,1,1.0
781,2,1,707016,250000.0,1,1.0
782,2,1,210658,250000.0,1,1.0
783,2,1,23676,250000.0,1,1.0
784,2,1,707016,250000.0,1,1.0
785,2,1,707016,250000.0,1,1.0
786,2,1,707016,250000.0,1,1.0
787,2,1,707016,250000.0,1,1.0
788,2,1,707016,250000.0,1,1.0
789,2,1,707016,250000.0,1,1.0
790,2,1,707016,250000.0,1,1.0
791,2,1,707016,250000.0,1,1.0
792,2,1,707016,250000.0,1,1.0
793,2,1,707016,250000.0,1,1.0
794,2,1,58650,250000.0,0,0.0
795,2,1,210658,250000.0,1,1.0
796,2,1,707016,250000.0,0,0.0
797,2,1,210658,250000.0,0,0.0
798,2,1,707016,250000.0,0,0.0
799,2,1,707016,250000.0,1,1.0
800,2,1,23676,250000.0,0,0.0
801,2,1,707016,250000.0,1,1.0
802,2,1,707016,250000.0,1,1.0
803,2,1,210658,250000.0,1,1.0
804,2,1,707016,250000.0,0,0.0
805,2,1,707016,250000.0,1,1.0
806,2,1,707016,250000.0,1,1.0
807,2,1,210658,250000.0,1,1.0
808,2,1,707016,250000.0,1,1.0
809,2,1,707016,250000.0,1,1.0
810,2,1,707016,250000.0,1,1.0
811,2,1,707016,250000.0,1,1.0
812,2,1,707016,250000.0,1,1.0
813,2,1,707016,250000.0,1,1.0
814,2,1,707016,250000.0,1,1.0
815,2,1,210658,250000.0,0,0.0
816,2,1,58650,250000.0,0,0.0
817,2,1,707016,250000.0,1,1.0
818,2,1,210658,250000.0,0,0.0
819,2,1,707016,250000.0,1,1.0
820,2,1,707016,250000.0,1,1.0
821,2,1,707016,250000.0,1,1.0
822,2,1,707016,250000.0,1,1.0
823,2,1,210658,250000.0,0,0.0
824,2,1,707016,250000.0,1,1.0
825,2,1,707016,250000.0,1,1.0
826,2,1,707016,250000.0,1,1.0
827,2,1,707016,250000.0,1,1.0
828,2,1,707016,250000.0,1,1.0
829,2,1,210658,250000.0,1,1.0
830,2,1,707016,250000.0,1,1.0
831,2,1,707016,250000.0,1,1.0
832,2,1,23676,250000.0,0,0.0
833,2,1,707016,250000.0,1,1.0
834,2,1,707016,250000.0,1,1.0
835,2,1,707016,250000.0,1,1.0
836,2,1,707016,250000.0,1,1.0
837,2,1,707016,250000.0,1,1.0
838,2,1,707016,250000.0,1,1.0
839,2,1,707016,250000.0,1,1.0
840,2,1,707016,250000.0,1,1.0
841,2,1,58650,250000.0,1,1.0
842,2,1,707016,250000.0,1,1.0
843,2,1,707016,250000.0,1,1.0
844,2,1,707016,250000.0,1,1.0
845,2,1,707016,250000.0,1,1.0
846,2,1,707016,250000.0,1,1.0
847,2,1,707016,250000.0,1,1.0
848,2,1,707016,250000.0,1,1.0
849,2,1,707016,250000.0,1,1.0
850,2,1,210658,250000.0,0,0.0
851,2,1,707016,250000.0,1,1.0
852,2,1,707016,250000.0,0,0.0
853,2,1,707016,250000.0,1,1.0
854,2,1,707016,250000.0,1,1.0
855,2,1,707016,250000.0,1,1.0
856,2,1,707016,250000.0,1,1.0
857,2,1,707016,250000.0,0,0.0
858,2,1,707016,250000.0,1,1.0
859,2,1,210658,250000.0,0,0.0
860,2,1,210658,250000.0,0,0.0
861,2,1,58650,250000.0,0,0.0
862,2,1,707016,250000.0,1,1.0
863,2,1,23676,250000.0,0,0.0
864,2,1,58650,250000.0,0,0.0
865,2,1,707016,250000.0,1,1.0
866,2,1,707016,250000.0,1,1.0
867,2,1,210658,250000.0,1,1.0
868,2,1,707016,250000.0,1,1.0
869,2,1,707016,250000.0,1,1.0
870,2,1,707016,250000.0,1,1.0
871,2,1,707016,250000.0,1,1.0
872,2,1,58650,250000.0,1,1.0
873,2,1,58650,250000.0,1,1.0
874,2,1,707016,250000.0,1,1.0
875,2,1,210658,250000.0,0,0.0
876,2,1,58650,250000.0,1,1.0
877,2,1,210658,250000.0,1,1.0
878,2,1,707016,250000.0,1,1.0
879,2,1,210658,250000.0,0,0.0
880,2,1,707016,250000.0,0,0.0
881,2,1,707016,250000.0,0,0.0
882,2,1,210658,250000.0,1,1.0
883,2,1,707016,250000.0,0,0.0
884,2,1,707016,250000.0,0,0.0
885,2,1,707016,250000.0,1,1.0
886,2,1,58650,250000.0,1,1.0
887,2,1,210658,250000.0,0,0.0
888,2,1,707016,250000.0,1,1.0
889,2,1,707016,250000.0,1,1.0
890,2,1,707016,250000.0,1,1.0
891,2,1,707016,250000.0,1,1.0
892,2,1,210658,250000.0,1,1.0
893,2,1,707016,250000.0,1,1.0
894,2,1,707016,250000.0,1,1.0
895,2,1,58650,250000.0,1,1.0
896,2,1,58650,250000.0,0,0.0
897,2,1,707016,250000.0,1,1.0
898,2,1,707016,250000.0,1,1.0
899,2,1,707016,250000.0,1,1.0
900,2,1,210658,250000.0,0,0.0
901,2,1,707016,250000.0,1,1.0
902,2,1,707016,250000.0,0,0.0
903,2,1,707016,250000.0,1,1.0
904,2,1,707016,250000.0,1,1.0
905,2,1,707016,250000.0,1,1.0
906,2,1,58650,250000.0,1,1.0
907,2,1,210658,250000.0,1,1.0
908,2,1,707016,250000.0,1,1.0
909,2,1,707016,250000.0,1,1.0
910,2,1,707016,250000.0,0,0.0
911,2,1,58650,250000.0,0,0.0
912,2,1,707016,250000.0,1,1.0
913,2,1,210658,250000.0,0,0.0
914,2,1,707016,250000.0,1,1.0
915,2,1,707016,250000.0,1,1.0
916,2,1,707016,250000.0,1,1.0
917,2,1,707016,250000.0,1,1.0
918,2,1,23676,250000.0,0,0.0
919,2,1,210658,250000.0,0,0.0
920,2,1,707016,250000.0,0,0.0
921,2,1,707016,250000.0,1,1.0
922,2,1,210658,250000.0,1,1.0
923,2,1,23676,250000.0,0,0.0
924,2,1,707016,250000.0,1,1.0
925,2,1,707016,250000.0,1,1.0
926,2,1,707016,250000.0,1,1.0
927,2,1,707016,250000.0,1,1.0
928,2,1,707016,250000.0,1,1.0
929,2,1,707016,250000.0,1,1.0
930,2,1,58650,250000.0,1,1.0
931,2,1,707016,250000.0,1,1.0
932,2,1,707016,250000.0,1,1.0
933,2,1,707016,250000.0,1,1.0
934,2,1,210658,250000.0,0,0.0
935,2,1,210658,250000.0,1,1.0
936,2,1,210658,250000.0,0,0.0
937,2,1,707016,250000.0,1,1.0
938,2,1,707016,250000.0,1,1.0
939,2,1,23676,250000.0,0,0.0
940,2,1,707016,250000.0,1,1.0
941,2,1,707016,250000.0,1,1.0
942,2,1,707016,250000.0,1,1.0
943,2,1,707016,250000.0,1,1.0
944,2,1,707016,250000.0,1,1.0
945,2,1,210658,250000.0,1,1.0
946,2,1,707016,250000.0,1,1.0
947,2,1,58650,250000.0,1,1.0
948,2,1,210658,250000.0,0,0.0
949,2,1,210658,250000.0,0,0.0
950,2,1,707016,250000.0,1,1.0
951,2,1,707016,250000.0,1,1.0
952,2,1,707016,250000.0,1,1.0
953,2,1,707016,250000.0,1,1.0
954,2,1,707016,250000.0,1,1.0
955,2,1,707016,250000.0,1,1.0
956,2,1,707016,250000.0,1,1.0
957,2,1,210658,250000.0,0,0.0
958,2,1,58650,250000.0,0,0.0
959,2,1,210658,250000.0,1,1.0
960,2,1,210658,250000.0,1,1.0
961,2,1,707016,250000.0,1,1.0
962,2,1,707016,250000.0,1,1.0
963,2,1,58650,250000.0,0,0.0
964,2,1,707016,250000.0,1,1.0
965,2,1,707016,250000.0,1,1.0
966,2,1,210658,250000.0,1,1.0
967,2,1,707016,250000.0,1,1.0
968,2,1,210658,250000.0,0,0.0
969,2,1,210658,250000.0,0,0.0
970,2,1,707016,250000.0,1,1.0
971,2,1,58650,250000.0,0,0.0
972,2,1,707016,250000.0,1,1.0
973,2,1,707016,250000.0,0,0.0
974,2,1,707016,250000.0,1,1.0
975,2,1,58650,250000.0,1,1.0
976,2,1,707016,250000.0,0,0.0
977,2,1,707016,250000.0,1,1.0
978,2,1,707016,250000.0,1,1.0
979,2,1,707016,250000.0,1,1.0
980,2,1,210658,250000.0,1,1.0
981,2,1,707016,250000.0,1,1.0
982,2,1,707016,250000.0,1,1.0
983,2,1,707016,250000.0,1,1.0
984,2,1,210658,250000.0,1,1.0
985,2,1,707016,250000.0,1,1.0
986,2,1,707016,250000.0,1,1.0
987,2,1,210658,250000.0,1,1.0
988,2,1,707016,250000.0,1,1.0
989,2,1,707016,250000.0,1,1.0
990,2,1,707016,250000.0,1,1.0
991,2,1,58650,250000.0,1,1.0
992,2,1,707016,250000.0,0,0.0
993,2,1,58650,250000.0,1,1.0
994,2,1,58650,250000.0,0,0.0
995,2,1,707016,250000.0,1,1.0
996,2,1,707016,250000.0,1,1.0
997,2,1,210658,250000.0,0,0.0
998,2,1,707016,250000.0,0,0.0
999,2,1,707016,250000.0,1,1.0
0,2,10,210658,250000.0,5,0.5
1,2,10,58650,250000.0,7,0.7
2,2,10,707016,250000.0,9,0.9
3,2,10,23676,250000.0,6,0.6
4,2,10,707016,250000.0,10,1.0
5,2,10,707016,250000.0,9,0.9
6,2,10,707016,250000.0,9,0.9
7,2,10,210658,250000.0,7,0.7
8,2,10,707016,250000.0,9,0.9
9,2,10,58650,250000.0,3,0.3
10,2,10,210658,250000.0,3,0.3
11,2,10,23676,250000.0,0,0.0
12,2,10,707016,250000.0,8,0.8
13,2,10,58650,250000.0,1,0.1
14,2,10,707016,250000.0,8,0.8
15,2,10,210658,250000.0,5,0.5
16,2,10,707016,250000.0,10,1.0
17,2,10,707016,250000.0,10,1.0
18,2,10,707016,250000.0,10,1.0
19,2,10,210658,250000.0,1,0.1
20,2,10,707016,250000.0,10,1.0
21,2,10,707016,250000.0,10,1.0
22,2,10,58650,250000.0,1,0.1
23,2,10,707016,250000.0,9,0.9
24,2,10,58650,250000.0,5,0.5
25,2,10,707016,250000.0,8,0.8
26,2,10,707016,250000.0,10,1.0
27,2,10,707016,250000.0,10,1.0
28,2,10,210658,250000.0,4,0.4
29,2,10,707016,250000.0,10,1.0
30,2,10,210658,250000.0,2,0.2
31,2,10,707016,250000.0,10,1.0
32,2,10,58650,250000.0,0,0.0
33,2,10,707016,250000.0,9,0.9
34,2,10,707016,250000.0,10,1.0
35,2,10,707016,250000.0,8,0.8
36,2,10,210658,250000.0,0,0.0
37,2,10,707016,250000.0,5,0.5
38,2,10,707016,250000.0,10,1.0
39,2,10,707016,250000.0,10,1.0
40,2,10,707016,250000.0,8,0.8
41,2,10,707016,250000.0,9,0.9
42,2,10,707016,250000.0,9,0.9
43,2,10,707016,250000.0,10,1.0
44,2,10,58650,250000.0,8,0.8
45,2,10,707016,250000.0,10,1.0
46,2,10,210658,250000.0,1,0.1
47,2,10,707016,250000.0,10,1.0
48,2,10,707016,250000.0,9,0.9
49,2,10,707016,250000.0,8,0.8
50,2,10,707016,250000.0,8,0.8
51,2,10,707016,250000.0,10,1.0
52,2,10,707016,250000.0,9,0.9
53,2,10,707016,250000.0,10,1.0
54,2,10,707016,250000.0,10,1.0
55,2,10,58650,250000.0,0,0.0
56,2,10,707016,250000.0,10,1.0
57,2,10,23676,250000.0,1,0.1
58,2,10,707016,250000.0,10,1.0
59,2,10,707016,250000.0,10,1.0
60,2,10,707016,250000.0,10,1.0
61,2,10,707016,250000.0,10,1.0
62,2,10,707016,250000.0,7,0.7
63,2,10,707016,250000.0,8,0.8
64,2,10,707016,250000.0,9,0.9
65,2,10,707016,250000.0,10,1.0
66,2,10,210658,250000.0,5,0.5
67,2,10,210658,250000.0,10,1.0
68,2,10,210658,250000.0,4,0.4
69,2,10,707016,250000.0,9,0.9
70,2,10,58650,250000.0,3,0.3
71,2,10,707016,250000.0,4,0.4
72,2,10,707016,250000.0,4,0.4
73,2,10,707016,250000.0,8,0.8
74,2,10,707016,250000.0,10,1.0
75,2,10,707016,250000.0,7,0.7
76,2,10,707016,250000.0,9,0.9
77,2,10,23676,250000.0,3,0.3
78,2,10,707016,250000.0,5,0.5
79,2,10,707016,250000.0,10,1.0
80,2,10,210658,250000.0,3,0.3
81,2,10,707016,250000.0,10,1.0
82,2,10,707016,250000.0,7,0.7
83,2,10,210658,250000.0,1,0.1
84,2,10,707016,250000.0,10,1.0
85,2,10,707016,250000.0,8,0.8
86,2,10,707016,250000.0,6,0.6
87,2,10,707016,250000.0,9,0.9
88,2,10,23676,250000.0,8,0.8
89,2,10,707016,250000.0,10,1.0
90,2,10,707016,250000.0,10,1.0
91,2,10,707016,250000.0,8,0.8
92,2,10,707016,250000.0,8,0.8
93,2,10,707016,250000.0,10,1.0
94,2,10,707016,250000.0,10,1.0
95,2,10,210658,250000.0,3,0.3
96,2,10,210658,250000.0,0,0.0
97,2,10,210658,250000.0,6,0.6
98,2,10,210658,250000.0,8,0.8
99,2,10,58650,250000.0,3,0.3
100,2,10,707016,250000.0,10,1.0
101,2,10,210658,250000.0,3,0.3
102,2,10,210658,250000.0,5,0.5
103,2,10,707016,250000.0,10,1.0
104,2,10,707016,250000.0,9,0.9
105,2,10,58650,250000.0,2,0.2
106,2,10,707016,250000.0,8,0.8
107,2,10,707016,250000.0,9,0.9
108,2,10,58650,250000.0,5,0.5
109,2,10,707016,250000.0,3,0.3
110,2,10,707016,250000.0,1,0.1
111,2,10,707016,250000.0,8,0.8
112,2,10,210658,250000.0,7,0.7
113,2,10,707016,250000.0,7,0.7
114,2,10,58650,250000.0,1,0.1
115,2,10,707016,250000.0,8,0.8
116,2,10,707016,250000.0,10,1.0
117,2,10,707016,250000.0,7,0.7
118,2,10,707016,250000.0,10,1.0
119,2,10,23676,250000.0,7,0.7
120,2,10,210658,250000.0,10,1.0
121,2,10,707016,250000.0,10,1.0
122,2,10,707016,250000.0,10,1.0
123,2,10,210658,250000.0,6,0.6
124,2,10,707016,250000.0,8,0.8
125,2,10,707016,250000.0,10,1.0
126,2,10,23676,250000.0,1,0.1
127,2,10,707016,250000.0,5,0.5
128,2,10,707016,250000.0,1,0.1
129,2,10,210658,250000.0,2,0.2
130,2,10,210658,250000.0,2,0.2
131,2,10,707016,250000.0,10,1.0
132,2,10,707016,250000.0,10,1.0
133,2,10,23676,250000.0,3,0.3
134,2,10,23676,250000.0,3,0.3
135,2,10,210658,250000.0,0,0.0
136,2,10,707016,250000.0,9,0.9
137,2,10,58650,250000.0,4,0.4
138,2,10,707016,250000.0,7,0.7
139,2,10,707016,250000.0,6,0.6
140,2,10,707016,250000.0,8,0.8
141,2,10,707016,250000.0,10,1.0
142,2,10,707016,250000.0,10,1.0
143,2,10,707016,250000.0,10,1.0
144,2,10,707016,250000.0,7,0.7
145,2,10,707016,250000.0,5,0.5
146,2,10,707016,250000.0,9,0.9
147,2,10,210658,250000.0,6,0.6
148,2,10,707016,250000.0,10,1.0
149,2,10,210658,250000.0,4,0.4
150,2,10,707016,250000.0,9,0.9
151,2,10,707016,250000.0,7,0.7
152,2,10,707016,250000.0,4,0.4
153,2,10,707016,250000.0,10,1.0
154,2,10,707016,250000.0,8,0.8
155,2,10,707016,250000.0,10,1.0
156,2,10,707016,250000.0,10,1.0
157,2,10,707016,250000.0,9,0.9
158,2,10,707016,250000.0,8,0.8
159,2,10,58650,250000.0,7,0.7
160,2,10,23676,250000.0,0,0.0
161,2,10,707016,250000.0,9,0.9
162,2,10,707016,250000.0,5,0.5
163,2,10,707016,250000.0,5,0.5
164,2,10,23676,250000.0,0,0.0
165,2,10,707016,250000.0,10,1.0
166,2,10,58650,250000.0,0,0.0
167,2,10,707016,250000.0,8,0.8
168,2,10,210658,250000.0,2,0.2
169,2,10,58650,250000.0,3,0.3
170,2,10,58650,250000.0,1,0.1
171,2,10,707016,250000.0,10,1.0
172,2,10,707016,250000.0,6,0.6
173,2,10,707016,250000.0,10,1.0
174,2,10,210658,250000.0,0,0.0
175,2,10,707016,250000.0,10,1.0
176,2,10,707016,250000.0,5,0.5
177,2,10,707016,250000.0,10,1.0
178,2,10,707016,250000.0,8,0.8
179,2,10,707016,250000.0,9,0.9
180,2,10,707016,250000.0,10,1.0
181,2,10,210658,250000.0,2,0.2
182,2,10,210658,250000.0,3,0.3
183,2,10,210658,250000.0,2,0.2
184,2,10,707016,250000.0,10,1.0
185,2,10,707016,250000.0,10,1.0
186,2,10,707016,250000.0,6,0.6
187,2,10,707016,250000.0,7,0.7
188,2,10,707016,250000.0,7,0.7
189,2,10,707016,250000.0,10,1.0
190,2,10,210658,250000.0,5,0.5
191,2,10,58650,250000.0,6,0.6
192,2,10,707016,250000.0,10,1.0
193,2,10,707016,250000.0,9,0.9
194,2,10,707016,250000.0,6,0.6
195,2,10,707016,250000.0,10,1.0
196,2,10,707016,250000.0,10,1.0
197,2,10,707016,250000.0,8,0.8
198,2,10,707016,250000.0,9,0.9
199,2,10,707016,250000.0,8,0.8
200,2,10,210658,250000.0,2,0.2
201,2,10,707016,250000.0,5,0.5
202,2,10,707016,250000.0,10,1.0
203,2,10,707016,250000.0,10,1.0
204,2,10,707016,250000.0,10,1.0
205,2,10,58650,250000.0,4,0.4
206,2,10,707016,250000.0,5,0.5
207,2,10,707016,250000.0,10,1.0
208,2,10,210658,250000.0,4,0.4
209,2,10,210658,250000.0,0,0.0
210,2,10,58650,250000.0,6,0.6
211,2,10,707016,250000.0,1,0.1
212,2,10,707016,250000.0,6,0.6
213,2,10,707016,250000.0,10,1.0
214,2,10,707016,250000.0,8,0.8
215,2,10,210658,250000.0,1,0.1
216,2,10,707016,250000.0,7,0.7
217,2,10,707016,250000.0,5,0.5
218,2,10,707016,250000.0,10,1.0
219,2,10,707016,250000.0,9,0.9
220,2,10,707016,250000.0,10,1.0
221,2,10,707016,250000.0,5,0.5
222,2,10,707016,250000.0,10,1.0
223,2,10,707016,250000.0,10,1.0
224,2,10,707016,250000.0,10,1.0
225,2,10,23676,250000.0,2,0.2
226,2,10,707016,250000.0,10,1.0
227,2,10,707016,250000.0,10,1.0
228,2,10,707016,250000.0,10,1.0
229,2,10,707016,250000.0,7,0.7
230,2,10,210658,250000.0,4,0.4
231,2,10,707016,250000.0,10,1.0
232,2,10,58650,250000.0,7,0.7
233,2,10,210658,250000.0,7,0.7
234,2,10,707016,250000.0,6,0.6
235,2,10,707016,250000.0,10,1.0
236,2,10,707016,250000.0,8,0.8
237,2,10,210658,250000.0,1,0.1
238,2,10,210658,250000.0,10,1.0
239,2,10,707016,250000.0,7,0.7
240,2,10,707016,250000.0,10,1.0
241,2,10,707016,250000.0,10,1.0
242,2,10,707016,250000.0,10,1.0
243,2,10,707016,250000.0,10,1.0
244,2,10,707016,250000.0,4,0.4
245,2,10,707016,250000.0,10,1.0
246,2,10,210658,250000.0,6,0.6
247,2,10,707016,250000.0,10,1.0
248,2,10,58650,250000.0,0,0.0
249,2,10,707016,250000.0,7,0.7
250,2,10,707016,250000.0,10,1.0
251,2,10,707016,250000.0,9,0.9
252,2,10,707016,250000.0,8,0.8
253,2,10,210658,250000.0,2,0.2
254,2,10,58650,250000.0,1,0.1
255,2,10,210658,250000.0,9,0.9
256,2,10,210658,250000.0,5,0.5
257,2,10,707016,250000.0,7,0.7
258,2,10,707016,250000.0,10,1.0
259,2,10,707016,250000.0,8,0.8
260,2,10,210658,250000.0,6,0.6
261,2,10,707016,250000.0,7,0.7
262,2,10,210658,250000.0,3,0.3
263,2,10,23676,250000.0,2,0.2
264,2,10,707016,250000.0,8,0.8
265,2,10,210658,250000.0,7,0.7
266,2,10,210658,250000.0,6,0.6
267,2,10,707016,250000.0,10,1.0
268,2,10,210658,250000.0,9,0.9
269,2,10,707016,250000.0,10,1.0
270,2,10,707016,250000.0,1,0.1
271,2,10,707016,250000.0,8,0.8
272,2,10,707016,250000.0,7,0.7
273,2,10,210658,250000.0,2,0.2
274,2,10,210658,250000.0,0,0.0
275,2,10,707016,250000.0,7,0.7
276,2,10,707016,250000.0,10,1.0
277,2,10,210658,250000.0,2,0.2
278,2,10,707016,250000.0,10,1.0
279,2,10,707016,250000.0,10,1.0
280,2,10,707016,250000.0,8,0.8
281,2,10,707016,250000.0,9,0.9
282,2,10,707016,250000.0,10,1.0
283,2,10,707016,250000.0,10,1.0
284,2,10,707016,250000.0,1,0.1
285,2,10,210658,250000.0,2,0.2
286,2,10,58650,250000.0,4,0.4
287,2,10,210658,250000.0,1,0.1
288,2,10,707016,250000.0,7,0.7
289,2,10,707016,250000.0,10,1.0
290,2,10,707016,250000.0,9,0.9
291,2,10,210658,250000.0,7,0.7
292,2,10,210658,250000.0,0,0.0
293,2,10,23676,250000.0,4,0.4
294,2,10,707016,250000.0,10,1.0
295,2,10,707016,250000.0,8,0.8
296,2,10,707016,250000.0,10,1.0
297,2,10,58650,250000.0,1,0.1
298,2,10,707016,250000.0,2,0.2
299,2,10,707016,250000.0,9,0.9
300,2,10,210658,250000.0,4,0.4
301,2,10,210658,250000.0,6,0.6
302,2,10,58650,250000.0,0,0.0
303,2,10,210658,250000.0,3,0.3
304,2,10,58650,250000.0,5,0.5
305,2,10,707016,250000.0,10,1.0
306,2,10,707016,250000.0,10,1.0
307,2,10,210658,250000.0,6,0.6
308,2,10,707016,250000.0,8,0.8
309,2,10,707016,250000.0,10,1.0
310,2,10,210658,250000.0,5,0.5
311,2,10,23676,250000.0,5,0.5
312,2,10,707016,250000.0,10,1.0
313,2,10,707016,250000.0,10,1.0
314,2,10,58650,250000.0,2,0.2
315,2,10,707016,250000.0,7,0.7
316,2,10,707016,250000.0,7,0.7
317,2,10,707016,250000.0,5,0.5
318,2,10,707016,250000.0,10,1.0
319,2,10,58650,250000.0,0,0.0
320,2,10,58650,250000.0,3,0.3
321,2,10,210658,250000.0,6,0.6
322,2,10,210658,250000.0,5,0.5
323,2,10,707016,250000.0,10,1.0
324,2,10,707016,250000.0,9,0.9
325,2,10,210658,250000.0,4,0.4
326,2,10,707016,250000.0,10,1.0
327,2,10,210658,250000.0,5,0.5
328,2,10,707016,250000.0,9,0.9
329,2,10,58650,250000.0,3,0.3
330,2,10,707016,250000.0,10,1.0
331,2,10,210658,250000.0,4,0.4
332,2,10,707016,250000.0,10,1.0
333,2,10,707016,250000.0,4,0.4
334,2,10,707016,250000.0,8,0.8
335,2,10,707016,250000.0,8,0.8
336,2,10,210658,250000.0,3,0.3
337,2,10,210658,250000.0,10,1.0
338,2,10,210658,250000.0,7,0.7
339,2,10,707016,250000.0,10,1.0
340,2,10,707016,250000.0,6,0.6
341,2,10,707016,250000.0,7,0.7
342,2,10,210658,250000.0,8,0.8
343,2,10,707016,250000.0,10,1.0
344,2,10,707016,250000.0,9,0.9
345,2,10,707016,250000.0,9,0.9
346,2,10,707016,250000.0,10,1.0
347,2,10,707016,250000.0,9,0.9
348,2,10,707016,250000.0,2,0.2
349,2,10,707016,250000.0,9,0.9
350,2,10,23676,250000.0,0,0.0
351,2,10,58650,250000.0,8,0.8
352,2,10,210658,250000.0,7,0.7
353,2,10,210658,250000.0,7,0.7
354,2,10,707016,250000.0,10,1.0
355,2,10,707016,250000.0,10,1.0
356,2,10,707016,250000.0,10,1.0
357,2,10,210658,250000.0,0,0.0
358,2,10,58650,250000.0,8,0.8
359,2,10,707016,250000.0,10,1.0
360,2,10,210658,250000.0,4,0.4
361,2,10,707016,250000.0,10,1.0
362,2,10,58650,250000.0,0,0.0
363,2,10,707016,250000.0,10,1.0
364,2,10,707016,250000.0,10,1.0
365,2,10,58650,250000.0,0,0.0
366,2,10,707016,250000.0,8,0.8
367,2,10,707016,250000.0,10,1.0
368,2,10,58650,250000.0,2,0.2
369,2,10,58650,250000.0,6,0.6
370,2,10,58650,250000.0,6,0.6
371,2,10,23676,250000.0,2,0.2
372,2,10,210658,250000.0,1,0.1
373,2,10,58650,250000.0,1,0.1
374,2,10,707016,250000.0,9,0.9
375,2,10,707016,250000.0,7,0.7
376,2,10,707016,250000.0,10,1.0
377,2,10,707016,250000.0,10,1.0
378,2,10,210658,250000.0,3,0.3
379,2,10,707016,250000.0,10,1.0
380,2,10,210658,250000.0,6,0.6
381,2,10,210658,250000.0,2,0.2
382,2,10,707016,250000.0,9,0.9
383,2,10,707016,250000.0,6,0.6
384,2,10,210658,250000.0,4,0.4
385,2,10,707016,250000.0,9,0.9
386,2,10,707016,250000.0,10,1.0
387,2,10,707016,250000.0,4,0.4
388,2,10,23676,250000.0,3,0.3
389,2,10,707016,250000.0,10,1.0
390,2,10,707016,250000.0,10,1.0
391,2,10,707016,250000.0,10,1.0
392,2,10,210658,250000.0,7,0.7
393,2,10,707016,250000.0,7,0.7
394,2,10,707016,250000.0,10,1.0
395,2,10,707016,250000.0,10,1.0
396,2,10,58650,250000.0,6,0.6
397,2,10,707016,250000.0,9,0.9
398,2,10,707016,250000.0,9,0.9
399,2,10,210658,250000.0,9,0.9
400,2,10,58650,250000.0,0,0.0
401,2,10,707016,250000.0,5,0.5
402,2,10,707016,250000.0,10,1.0
403,2,10,707016,250000.0,8,0.8
404,2,10,210658,250000.0,4,0.4
405,2,10,707016,250000.0,9,0.9
406,2,10,707016,250000.0,8,0.8
407,2,10,707016,250000.0,9,0.9
408,2,10,707016,250000.0,10,1.0
409,2,10,707016,250000.0,10,1.0
410,2,10,707016,250000.0,3,0.3
411,2,10,23676,250000.0,4,0.4
412,2,10,23676,250000.0,0,0.0
413,2,10,210658,250000.0,8,0.8
414,2,10,707016,250000.0,9,0.9
415,2,10,707016,250000.0,9,0.9
416,2,10,707016,250000.0,8,0.8
417,2,10,210658,250000.0,7,0.7
418,2,10,210658,250000.0,1,0.1
419,2,10,707016,250000.0,10,1.0
420,2,10,58650,250000.0,0,0.0
421,2,10,210658,250000.0,1,0.1
422,2,10,707016,250000.0,10,1.0
423,2,10,707016,250000.0,6,0.6
424,2,10,210658,250000.0,5,0.5
425,2,10,707016,250000.0,10,1.0
426,2,10,707016,250000.0,8,0.8
427,2,10,707016,250000.0,8,0.8
428,2,10,210658,250000.0,6,0.6
429,2,10,707016,250000.0,10,1.0
430,2,10,707016,250000.0,10,1.0
431,2,10,707016,250000.0,9,0.9
432,2,10,707016,250000.0,10,1.0
433,2,10,23676,250000.0,1,0.1
434,2,10,707016,250000.0,10,1.0
435,2,10,707016,250000.0,7,0.7
436,2,10,23676,250000.0,1,0.1
437,2,10,58650,250000.0,2,0.2
438,2,10,707016,250000.0,6,0.6
439,2,10,707016,250000.0,7,0.7
440,2,10,707016,250000.0,4,0.4
441,2,10,707016,250000.0,10,1.0
442,2,10,707016,250000.0,7,0.7
443,2,10,58650,250000.0,0,0.0
444,2,10,210658,250000.0,8,0.8
445,2,10,707016,250000.0,10,1.0
446,2,10,707016,250000.0,10,1.0
447,2,10,707016,250000.0,8,0.8
448,2,10,210658,250000.0,9,0.9
449,2,10,707016,250000.0,10,1.0
450,2,10,707016,250000.0,8,0.8
451,2,10,210658,250000.0,8,0.8
452,2,10,707016,250000.0,5,0.5
453,2,10,210658,250000.0,1,0.1
454,2,10,707016,250000.0,10,1.0
455,2,10,23676,250000.0,1,0.1
456,2,10,707016,250000.0,10,1.0
457,2,10,707016,250000.0,10,1.0
458,2,10,58650,250000.0,1,0.1
459,2,10,707016,250000.0,10,1.0
460,2,10,210658,250000.0,4,0.4
461,2,10,58650,250000.0,1,0.1
462,2,10,210658,250000.0,7,0.7
463,2,10,707016,250000.0,9,0.9
464,2,10,707016,250000.0,10,1.0
465,2,10,707016,250000.0,10,1.0
466,2,10,707016,250000.0,4,0.4
467,2,10,210658,250000.0,3,0.3
468,2,10,210658,250000.0,2,0.2
469,2,10,707016,250000.0,8,0.8
470,2,10,210658,250000.0,9,0.9
471,2,10,707016,250000.0,9,0.9
472,2,10,210658,250000.0,8,0.8
473,2,10,58650,250000.0,4,0.4
474,2,10,707016,250000.0,10,1.0
475,2,10,707016,250000.0,10,1.0
476,2,10,707016,250000.0,10,1.0
477,2,10,58650,250000.0,6,0.6
478,2,10,210658,250000.0,10,1.0
479,2,10,707016,250000.0,7,0.7
480,2,10,707016,250000.0,8,0.8
481,2,10,58650,250000.0,2,0.2
482,2,10,210658,250000.0,8,0.8
483,2,10,23676,250000.0,0,0.0
484,2,10,23676,250000.0,2,0.2
485,2,10,58650,250000.0,2,0.2
486,2,10,210658,250000.0,8,0.8
487,2,10,707016,250000.0,10,1.0
488,2,10,707016,250000.0,10,1.0
489,2,10,707016,250000.0,9,0.9
490,2,10,58650,250000.0,2,0.2
491,2,10,707016,250000.0,4,0.4
492,2,10,23676,250000.0,5,0.5
493,2,10,210658,250000.0,2,0.2
494,2,10,58650,250000.0,7,0.7
495,2,10,707016,250000.0,10,1.0
496,2,10,707016,250000.0,10,1.0
497,2,10,210658,250000.0,3,0.3
498,2,10,707016,250000.0,10,1.0
499,2,10,707016,250000.0,10,1.0
500,2,10,210658,250000.0,5,0.5
501,2,10,58650,250000.0,1,0.1
502,2,10,707016,250000.0,10,1.0
503,2,10,707016,250000.0,7,0.7
504,2,10,707016,250000.0,10,1.0
505,2,10,58650,250000.0,1,0.1
506,2,10,707016,250000.0,10,1.0
507,2,10,707016,250000.0,10,1.0
508,2,10,707016,250000.0,9,0.9
509,2,10,58650,250000.0,5,0.5
510,2,10,707016,250000.0,10,1.0
511,2,10,707016,250000.0,6,0.6
512,2,10,707016,250000.0,4,0.4
513,2,10,707016,250000.0,10,1.0
514,2,10,210658,250000.0,4,0.4
515,2,10,707016,250000.0,10,1.0
516,2,10,23676,250000.0,4,0.4
517,2,10,707016,250000.0,10,1.0
518,2,10,707016,250000.0,10,1.0
519,2,10,58650,250000.0,8,0.8
520,2,10,707016,250000.0,6,0.6
521,2,10,707016,250000.0,10,1.0
522,2,10,23676,250000.0,0,0.0
523,2,10,707016,250000.0,8,0.8
524,2,10,210658,250000.0,5,0.5
525,2,10,707016,250000.0,10,1.0
526,2,10,210658,250000.0,3,0.3
527,2,10,23676,250000.0,2,0.2
528,2,10,707016,250000.0,6,0.6
529,2,10,210658,250000.0,7,0.7
530,2,10,210658,250000.0,8,0.8
531,2,10,707016,250000.0,10,1.0
532,2,10,707016,250000.0,10,1.0
533,2,10,58650,250000.0,1,0.1
534,2,10,210658,250000.0,8,0.8
535,2,10,707016,250000.0,10,1.0
536,2,10,58650,250000.0,7,0.7
537,2,10,707016,250000.0,7,0.7
538,2,10,707016,250000.0,7,0.7
539,2,10,58650,250000.0,4,0.4
540,2,10,210658,250000.0,1,0.1
541,2,10,707016,250000.0,9,0.9
542,2,10,707016,250000.0,8,0.8
543,2,10,58650,250000.0,2,0.2
544,2,10,707016,250000.0,7,0.7
545,2,10,707016,250000.0,9,0.9
546,2,10,707016,250000.0,9,0.9
547,2,10,210658,250000.0,6,0.6
548,2,10,23676,250000.0,0,0.0
549,2,10,58650,250000.0,5,0.5
550,2,10,707016,250000.0,9,0.9
551,2,10,707016,250000.0,9,0.9
552,2,10,58650,250000.0,2,0.2
553,2,10,210658,250000.0,6,0.6
554,2,10,210658,250000.0,5,0.5
555,2,10,707016,250000.0,8,0.8
556,2,10,707016,250000.0,10,1.0
557,2,10,707016,250000.0,10,1.0
558,2,10,707016,250000.0,10,1.0
559,2,10,707016,250000.0,10,1.0
560,2,10,707016,250000.0,3,0.3
561,2,10,210658,250000.0,2,0.2
562,2,10,707016,250000.0,9,0.9
563,2,10,210658,250000.0,2,0.2
564,2,10,23676,250000.0,4,0.4
565,2,10,210658,250000.0,0,0.0
566,2,10,23676,250000.0,6,0.6
567,2,10,210658,250000.0,2,0.2
568,2,10,707016,250000.0,10,1.0
569,2,10,707016,250000.0,10,1.0
570,2,10,707016,250000.0,10,1.0
571,2,10,707016,250000.0,9,0.9
572,2,10,707016,250000.0,10,1.0
573,2,10,210658,250000.0,8,0.8
574,2,10,707016,250000.0,9,0.9
575,2,10,707016,250000.0,10,1.0
576,2,10,210658,250000.0,6,0.6
577,2,10,210658,250000.0,7,0.7
578,2,10,707016,250000.0,8,0.8
579,2,10,210658,250000.0,1,0.1
580,2,10,707016,250000.0,8,0.8
581,2,10,23676,250000.0,1,0.1
582,2,10,707016,250000.0,9,0.9
583,2,10,707016,250000.0,10,1.0
584,2,10,707016,250000.0,9,0.9
585,2,10,707016,250000.0,10,1.0
586,2,10,707016,250000.0,10,1.0
587,2,10,707016,250000.0,10,1.0
588,2,10,210658,250000.0,2,0.2
589,2,10,707016,250000.0,10,1.0
590,2,10,707016,250000.0,8,0.8
591,2,10,707016,250000.0,8,0.8
592,2,10,707016,250000.0,4,0.4
593,2,10,707016,250000.0,9,0.9
594,2,10,707016,250000.0,9,0.9
595,2,10,707016,250000.0,10,1.0
596,2,10,707016,250000.0,6,0.6
597,2,10,210658,250000.0,3,0.3
598,2,10,210658,250000.0,1,0.1
599,2,10,707016,250000.0,10,1.0
600,2,10,707016,250000.0,10,1.0
601,2,10,707016,250000.0,6,0.6
602,2,10,210658,250000.0,2,0.2
603,2,10,707016,250000.0,1,0.1
604,2,10,707016,250000.0,9,0.9
605,2,10,210658,250000.0,2,0.2
606,2,10,210658,250000.0,8,0.8
607,2,10,58650,250000.0,1,0.1
608,2,10,210658,250000.0,9,0.9
609,2,10,210658,250000.0,6,0.6
610,2,10,23676,250000.0,2,0.2
611,2,10,707016,250000.0,10,1.0
612,2,10,210658,250000.0,9,0.9
613,2,10,210658,250000.0,0,0.0
614,2,10,707016,250000.0,7,0.7
615,2,10,707016,250000.0,9,0.9
616,2,10,707016,250000.0,10,1.0
617,2,10,58650,250000.0,0,0.0
618,2,10,58650,250000.0,6,0.6
619,2,10,210658,250000.0,2,0.2
620,2,10,707016,250000.0,10,1.0
621,2,10,707016,250000.0,5,0.5
622,2,10,707016,250000.0,10,1.0
623,2,10,707016,250000.0,10,1.0
624,2,10,707016,250000.0,10,1.0
625,2,10,707016,250000.0,10,1.0
626,2,10,707016,250000.0,10,1.0
627,2,10,707016,250000.0,9,0.9
628,2,10,707016,250000.0,9,0.9
629,2,10,707016,250000.0,10,1.0
630,2,10,707016,250000.0,10,1.0
631,2,10,707016,250000.0,7,0.7
632,2,10,707016,250000.0,9,0.9
633,2,10,707016,250000.0,10,1.0
634,2,10,210658,250000.0,4,0.4
635,2,10,58650,250000.0,6,0.6
636,2,10,707016,250000.0,8,0.8
637,2,10,707016,250000.0,10,1.0
638,2,10,210658,250000.0,2,0.2
639,2,10,707016,250000.0,7,0.7
640,2,10,707016,250000.0,10,1.0
641,2,10,210658,250000.0,4,0.4
642,2,10,210658,250000.0,5,0.5
643,2,10,707016,250000.0,7,0.7
644,2,10,707016,250000.0,10,1.0
645,2,10,707016,250000.0,7,0.7
646,2,10,707016,250000.0,10,1.0
647,2,10,707016,250000.0,10,1.0
648,2,10,707016,250000.0,10,1.0
649,2,10,707016,250000.0,8,0.8
650,2,10,707016,250000.0,8,0.8
651,2,10,707016,250000.0,10,1.0
652,2,10,707016,250000.0,10,1.0
653,2,10,58650,250000.0,0,0.0
654,2,10,707016,250000.0,7,0.7
655,2,10,210658,250000.0,4,0.4
656,2,10,707016,250000.0,7,0.7
657,2,10,210658,250000.0,5,0.5
658,2,10,707016,250000.0,6,0.6
659,2,10,707016,250000.0,10,1.0
660,2,10,210658,250000.0,3,0.3
661,2,10,707016,250000.0,10,1.0
662,2,10,210658,250000.0,0,0.0
663,2,10,58650,250000.0,7,0.7
664,2,10,707016,250000.0,10,1.0
665,2,10,707016,250000.0,10,1.0
666,2,10,210658,250000.0,4,0.4
667,2,10,707016,250000.0,10,1.0
668,2,10,707016,250000.0,9,0.9
669,2,10,707016,250000.0,2,0.2
670,2,10,210658,250000.0,7,0.7
671,2,10,707016,250000.0,10,1.0
672,2,10,707016,250000.0,10,1.0
673,2,10,707016,250000.0,10,1.0
674,2,10,707016,250000.0,9,0.9
675,2,10,707016,250000.0,10,1.0
676,2,10,707016,250000.0,3,0.3
677,2,10,707016,250000.0,10,1.0
678,2,10,707016,250000.0,9,0.9
679,2,10,707016,250000.0,3,0.3
680,2,10,707016,250000.0,10,1.0
681,2,10,707016,250000.0,10,1.0
682,2,10,707016,250000.0,10,1.0
683,2,10,707016,250000.0,8,0.8
684,2,10,707016,250000.0,7,0.7
685,2,10,707016,250000.0,10,1.0
686,2,10,707016,250000.0,10,1.0
687,2,10,707016,250000.0,6,0.6
688,2,10,58650,250000.0,1,0.1
689,2,10,707016,250000.0,9,0.9
690,2,10,707016,250000.0,6,0.6
691,2,10,210658,250000.0,9,0.9
692,2,10,707016,250000.0,7,0.7
693,2,10,707016,250000.0,4,0.4
694,2,10,58650,250000.0,4,0.4
695,2,10,58650,250000.0,9,0.9
696,2,10,707016,250000.0,9,0.9
697,2,10,707016,250000.0,7,0.7
698,2,10,707016,250000.0,10,1.0
699,2,10,707016,250000.0,4,0.4
700,2,10,210658,250000.0,2,0.2
701,2,10,707016,250000.0,9,0.9
702,2,10,707016,250000.0,10,1.0
703,2,10,707016,250000.0,8,0.8
704,2,10,210658,250000.0,3,0.3
705,2,10,707016,250000.0,10,1.0
706,2,10,58650,250000.0,5,0.5
707,2,10,210658,250000.0,10,1.0
708,2,10,707016,250000.0,9,0.9
709,2,10,707016,250000.0,10,1.0
710,2,10,707016,250000.0,10,1.0
711,2,10,23676,250000.0,2,0.2
712,2,10,707016,250000.0,8,0.8
713,2,10,707016,250000.0,9,0.9
714,2,10,210658,250000.0,5,0.5
715,2,10,707016,250000.0,9,0.9
716,2,10,58650,250000.0,5,0.5
717,2,10,707016,250000.0,10,1.0
718,2,10,707016,250000.0,10,1.0
719,2,10,210658,250000.0,10,1.0
720,2,10,210658,250000.0,9,0.9
721,2,10,23676,250000.0,0,0.0
722,2,10,58650,250000.0,1,0.1
723,2,10,707016,250000.0,10,1.0
724,2,10,23676,250000.0,1,0.1
725,2,10,58650,250000.0,1,0.1
726,2,10,707016,250000.0,10,1.0
727,2,10,707016,250000.0,8,0.8
728,2,10,707016,250000.0,10,1.0
729,2,10,707016,250000.0,8,0.8
730,2,10,707016,250000.0,9,0.9
731,2,10,707016,250000.0,10,1.0
732,2,10,58650,250000.0,2,0.2
733,2,10,707016,250000.0,7,0.7
734,2,10,707016,250000.0,10,1.0
735,2,10,210658,250000.0,0,0.0
736,2,10,707016,250000.0,10,1.0
737,2,10,210658,250000.0,7,0.7
738,2,10,210658,250000.0,1,0.1
739,2,10,58650,250000.0,2,0.2
740,2,10,707016,250000.0,8,0.8
741,2,10,707016,250000.0,10,1.0
742,2,10,707016,250000.0,10,1.0
743,2,10,707016,250000.0,9,0.9
744,2,10,707016,250000.0,9,0.9
745,2,10,210658,250000.0,3,0.3
746,2,10,707016,250000.0,10,1.0
747,2,10,707016,250000.0,9,0.9
748,2,10,707016,250000.0,10,1.0
749,2,10,58650,250000.0,9,0.9
750,2,10,58650,250000.0,4,0.4
751,2,10,707016,250000.0,8,0.8
752,2,10,210658,250000.0,6,0.6
753,2,10,707016,250000.0,10,1.0
754,2,10,210658,250000.0,0,0.0
755,2,10,210658,250000.0,5,0.5
756,2,10,707016,250000.0,10,1.0
757,2,10,210658,250000.0,6,0.6
758,2,10,210658,250000.0,8,0.8
759,2,10,707016,250000.0,4,0.4
760,2,10,707016,250000.0,6,0.6
761,2,10,58650,250000.0,0,0.0
762,2,10,707016,250000.0,9,0.9
763,2,10,707016,250000.0,5,0.5
764,2,10,707016,250000.0,10,1.0
765,2,10,707016,250000.0,10,1.0
766,2,10,210658,250000.0,4,0.4
767,2,10,707016,250000.0,10,1.0
768,2,10,210658,250000.0,5,0.5
769,2,10,707016,250000.0,10,1.0
770,2,10,707016,250000.0,10,1.0
771,2,10,210658,250000.0,9,0.9
772,2,10,707016,250000.0,9,0.9
773,2,10,707016,250000.0,4,0.4
774,2,10,707016,250000.0,8,0.8
775,2,10,210658,250000.0,4,0.4
776,2,10,23676,250000.0,5,0.5
777,2,10,58650,250000.0,1,0.1
778,2,10,707016,250000.0,9,0.9
779,2,10,707016,250000.0,9,0.9
780,2,10,210658,250000.0,5,0.5
781,2,10,707016,250000.0,7,0.7
782,2,10,210658,250000.0,10,1.0
783,2,10,23676,250000.0,2,0.2
784,2,10,707016,250000.0,8,0.8
785,2,10,707016,250000.0,10,1.0
786,2,10,707016,250000.0,5,0.5
787,2,10,707016,250000.0,7,0.7
788,2,10,707016,250000.0,10,1.0
789,2,10,707016,250000.0,8,0.8
790,2,10,707016,250000.0,7,0.7
791,2,10,707016,250000.0,9,0.9
792,2,10,707016,250000.0,6,0.6
793,2,10,707016,250000.0,10,1.0
794,2,10,58650,250000.0,4,0.4
795,2,10,210658,250000.0,8,0.8
796,2,10,707016,250000.0,8,0.8
797,2,10,210658,250000.0,6,0.6
798,2,10,707016,250000.0,8,0.8
799,2,10,707016,250000.0,10,1.0
800,2,10,23676,250000.0,2,0.2
801,2,10,707016,250000.0,9,0.9
802,2,10,707016,250000.0,8,0.8
803,2,10,210658,250000.0,4,0.4
804,2,10,707016,250000.0,4,0.4
805,2,10,707016,250000.0,10,1.0
806,2,10,707016,250000.0,10,1.0
807,2,10,210658,250000.0,3,0.3
808,2,10,707016,250000.0,10,1.0
809,2,10,707016,250000.0,10,1.0
810,2,10,707016,250000.0,10,1.0
811,2,10,707016,250000.0,10,1.0
812,2,10,707016,250000.0,10,1.0
813,2,10,707016,250000.0,10,1.0
814,2,10,707016,250000.0,9,0.9
815,2,10,210658,250000.0,2,0.2
816,2,10,58650,250000.0,0,0.0
817,2,10,707016,250000.0,8,0.8
818,2,10,210658,250000.0,0,0.0
819,2,10,707016,250000.0,10,1.0
820,2,10,707016,250000.0,9,0.9
821,2,10,707016,250000.0,8,0.8
822,2,10,707016,250000.0,10,1.0
823,2,10,210658,250000.0,3,0.3
824,2,10,707016,250000.0,10,1.0
825,2,10,707016,250000.0,10,1.0
826,2,10,707016,250000.0,7,0.7
827,2,10,707016,250000.0,10,1.0
828,2,10,707016,250000.0,10,1.0
829,2,10,210658,250000.0,10,1.0
830,2,10,707016,250000.0,10,1.0
831,2,10,707016,250000.0,9,0.9
832,2,10,23676,250000.0,1,0.1
833,2,10,707016,250000.0,10,1.0
834,2,10,707016,250000.0,10,1.0
835,2,10,707016,250000.0,10,1.0
836,2,10,707016,250000.0,10,1.0
837,2,10,707016,250000.0,9,0.9
838,2,10,707016,250000.0,10,1.0
839,2,10,707016,250000.0,10,1.0
840,2,10,707016,250000.0,9,0.9
841,2,10,58650,250000.0,6,0.6
842,2,10,707016,250000.0,10,1.0
843,2,10,707016,250000.0,9,0.9
844,2,10,707016,250000.0,10,1.0
845,2,10,707016,250000.0,10,1.0
846,2,10,707016,250000.0,9,0.9
847,2,10,707016,250000.0,7,0.7
848,2,10,707016,250000.0,10,1.0
849,2,10,707016,250000.0,8,0.8
850,2,10,210658,250000.0,9,0.9
851,2,10,707016,250000.0,10,1.0
852,2,10,707016,250000.0,3,0.3
853,2,10,707016,250000.0,6,0.6
854,2,10,707016,250000.0,6,0.6
855,2,10,707016,250000.0,9,0.9
856,2,10,707016,250000.0,10,1.0
857,2,10,707016,250000.0,3,0.3
858,2,10,707016,250000.0,10,1.0
859,2,10,210658,250000.0,5,0.5
860,2,10,210658,250000.0,4,0.4
861,2,10,58650,250000.0,7,0.7
862,2,10,707016,250000.0,10,1.0
863,2,10,23676,250000.0,0,0.0
864,2,10,58650,250000.0,0,0.0
865,2,10,707016,250000.0,10,1.0
866,2,10,707016,250000.0,10,1.0
867,2,10,210658,250000.0,7,0.7
868,2,10,707016,250000.0,10,1.0
869,2,10,707016,250000.0,10,1.0
870,2,10,707016,250000.0,10,1.0
871,2,10,707016,250000.0,9,0.9
872,2,10,58650,250000.0,3,0.3
873,2,10,58650,250000.0,1,0.1
874,2,10,707016,250000.0,10,1.0
875,2,10,210658,250000.0,3,0.3
876,2,10,58650,250000.0,5,0.5
877,2,10,210658,250000.0,5,0.5
878,2,10,707016,250000.0,10,1.0
879,2,10,210658,250000.0,3,0.3
880,2,10,707016,250000.0,4,0.4
881,2,10,707016,250000.0,4,0.4
882,2,10,210658,250000.0,7,0.7
883,2,10,707016,250000.0,9,0.9
884,2,10,707016,250000.0,3,0.3
885,2,10,707016,250000.0,5,0.5
886,2,10,58650,250000.0,7,0.7
887,2,10,210658,250000.0,2,0.2
888,2,10,707016,250000.0,10,1.0
889,2,10,707016,250000.0,10,1.0
890,2,10,707016,250000.0,10,1.0
891,2,10,707016,250000.0,10,1.0
892,2,10,210658,250000.0,10,1.0
893,2,10,707016,250000.0,10,1.0
894,2,10,707016,250000.0,10,1.0
895,2,10,58650,250000.0,7,0.7
896,2,10,58650,250000.0,0,0.0
897,2,10,707016,250000.0,10,1.0
898,2,10,707016,250000.0,10,1.0
899,2,10,707016,250000.0,8,0.8
900,2,10,210658,250000.0,4,0.4
901,2,10,707016,250000.0,10,1.0
902,2,10,707016,250000.0,6,0.6
903,2,10,707016,250000.0,8,0.8
904,2,10,707016,250000.0,8,0.8
905,2,10,707016,250000.0,10,1.0
906,2,10,58650,250000.0,3,0.3
907,2,10,210658,250000.0,10,1.0
908,2,10,707016,250000.0,10,1.0
909,2,10,707016,250000.0,9,0.9
910,2,10,707016,250000.0,2,0.2
911,2,10,58650,250000.0,4,0.4
912,2,10,707016,250000.0,10,1.0
913,2,10,210658,250000.0,5,0.5
914,2,10,707016,250000.0,9,0.9
915,2,10,707016,250000.0,10,1.0
916,2,10,707016,250000.0,10,1.0
917,2,10,707016,250000.0,7,0.7
918,2,10,23676,250000.0,0,0.0
919,2,10,210658,250000.0,7,0.7
920,2,10,707016,250000.0,7,0.7
921,2,10,707016,250000.0,9,0.9
922,2,10,210658,250000.0,7,0.7
923,2,10,23676,250000.0,0,0.0
924,2,10,707016,250000.0,9,0.9
925,2,10,707016,250000.0,5,0.5
926,2,10,707016,250000.0,7,0.7
927,2,10,707016,250000.0,9,0.9
928,2,10,707016,250000.0,10,1.0
929,2,10,707016,250000.0,7,0.7
930,2,10,58650,250000.0,3,0.3
931,2,10,707016,250000.0,10,1.0
932,2,10,707016,250000.0,10,1.0
933,2,10,707016,250000.0,5,0.5
934,2,10,210658,250000.0,4,0.4
935,2,10,210658,250000.0,4,0.4
936,2,10,210658,250000.0,3,0.3
937,2,10,707016,250000.0,10,1.0
938,2,10,707016,250000.0,9,0.9
939,2,10,23676,250000.0,2,0.2
940,2,10,707016,250000.0,9,0.9
941,2,10,707016,250000.0,6,0.6
942,2,10,707016,250000.0,10,1.0
943,2,10,707016,250000.0,9,0.9
944,2,10,707016,250000.0,10,1.0
945,2,10,210658,250000.0,5,0.5
946,2,10,707016,250000.0,10,1.0
947,2,10,58650,250000.0,1,0.1
948,2,10,210658,250000.0,0,0.0
949,2,10,210658,250000.0,2,0.2
950,2,10,707016,250000.0,10,1.0
951,2,10,707016,250000.0,5,0.5
952,2,10,707016,250000.0,10,1.0
953,2,10,707016,250000.0,8,0.8
954,2,10,707016,250000.0,10,1.0
955,2,10,707016,250000.0,10,1.0
956,2,10,707016,250000.0,10,1.0
957,2,10,210658,250000.0,2,0.2
958,2,10,58650,250000.0,1,0.1
959,2,10,210658,250000.0,9,0.9
960,2,10,210658,250000.0,6,0.6
961,2,10,707016,250000.0,8,0.8
962,2,10,707016,250000.0,9,0.9
963,2,10,58650,250000.0,2,0.2
964,2,10,707016,250000.0,10,1.0
965,2,10,707016,250000.0,10,1.0
966,2,10,210658,250000.0,6,0.6
967,2,10,707016,250000.0,9,0.9
968,2,10,210658,250000.0,1,0.1
969,2,10,210658,250000.0,4,0.4
970,2,10,707016,250000.0,5,0.5
971,2,10,58650,250000.0,1,0.1
972,2,10,707016,250000.0,10,1.0
973,2,10,707016,250000.0,2,0.2
974,2,10,707016,250000.0,9,0.9
975,2,10,58650,250000.0,5,0.5
976,2,10,707016,250000.0,9,0.9
977,2,10,707016,250000.0,7,0.7
978,2,10,707016,250000.0,9,0.9
979,2,10,707016,250000.0,9,0.9
980,2,10,210658,250000.0,5,0.5
981,2,10,707016,250000.0,10,1.0
982,2,10,707016,250000.0,8,0.8
983,2,10,707016,250000.0,5,0.5
984,2,10,210658,250000.0,6,0.6
985,2,10,707016,250000.0,7,0.7
986,2,10,707016,250000.0,10,1.0
987,2,10,210658,250000.0,8,0.8
988,2,10,707016,250000.0,10,1.0
989,2,10,707016,250000.0,5,0.5
990,2,10,707016,250000.0,6,0.6
991,2,10,58650,250000.0,9,0.9
992,2,10,707016,250000.0,6,0.6
993,2,10,58650,250000.0,8,0.8
994,2,10,58650,250000.0,2,0.2
995,2,10,707016,250000.0,10,1.0
996,2,10,707016,250000.0,10,1.0
997,2,10,210658,250000.0,0,0.0
998,2,10,707016,250000.0,7,0.7
999,2,10,707016,250000.0,10,1.0
0,2,100,210658,250000.0,44,0.44
1,2,100,58650,250000.0,37,0.37
2,2,100,707016,250000.0,79,0.79
3,2,100,23676,250000.0,29,0.29
4,2,100,707016,250000.0,90,0.9
5,2,100,707016,250000.0,88,0.88
6,2,100,707016,250000.0,72,0.72
7,2,100,210658,250000.0,59,0.59
8,2,100,707016,250000.0,93,0.93
9,2,100,58650,250000.0,21,0.21
10,2,100,210658,250000.0,12,0.12
11,2,100,23676,250000.0,1,0.01
12,2,100,707016,250000.0,74,0.74
13,2,100,58650,250000.0,12,0.12
14,2,100,707016,250000.0,88,0.88
15,2,100,210658,250000.0,52,0.52
16,2,100,707016,250000.0,88,0.88
17,2,100,707016,250000.0,100,1.0
18,2,100,707016,250000.0,100,1.0
19,2,100,210658,250000.0,8,0.08
20,2,100,707016,250000.0,88,0.88
21,2,100,707016,250000.0,100,1.0
22,2,100,58650,250000.0,12,0.12
23,2,100,707016,250000.0,75,0.75
24,2,100,58650,250000.0,12,0.12
25,2,100,707016,250000.0,89,0.89
26,2,100,707016,250000.0,100,1.0
27,2,100,707016,250000.0,99,0.99
28,2,100,210658,250000.0,48,0.48
29,2,100,707016,250000.0,100,1.0
30,2,100,210658,250000.0,16,0.16
31,2,100,707016,250000.0,100,1.0
32,2,100,58650,250000.0,15,0.15
33,2,100,707016,250000.0,78,0.78
34,2,100,707016,250000.0,92,0.92
35,2,100,707016,250000.0,89,0.89
36,2,100,210658,250000.0,4,0.04
37,2,100,707016,250000.0,61,0.61
38,2,100,707016,250000.0,98,0.98
39,2,100,707016,250000.0,99,0.99
40,2,100,707016,250000.0,81,0.81
41,2,100,707016,250000.0,70,0.7
42,2,100,707016,250000.0,76,0.76
43,2,100,707016,250000.0,97,0.97
44,2,100,58650,250000.0,76,0.76
45,2,100,707016,250000.0,98,0.98
46,2,100,210658,250000.0,9,0.09
47,2,100,707016,250000.0,88,0.88
48,2,100,707016,250000.0,81,0.81
49,2,100,707016,250000.0,93,0.93
50,2,100,707016,250000.0,39,0.39
51,2,100,707016,250000.0,100,1.0
52,2,100,707016,250000.0,77,0.77
53,2,100,707016,250000.0,89,0.89
54,2,100,707016,250000.0,99,0.99
55,2,100,58650,250000.0,5,0.05
56,2,100,707016,250000.0,99,0.99
57,2,100,23676,250000.0,7,0.07
58,2,100,707016,250000.0,97,0.97
59,2,100,707016,250000.0,93,0.93
60,2,100,707016,250000.0,91,0.91
61,2,100,707016,250000.0,98,0.98
62,2,100,707016,250000.0,72,0.72
63,2,100,707016,250000.0,72,0.72
64,2,100,707016,250000.0,93,0.93
65,2,100,707016,250000.0,95,0.95
66,2,100,210658,250000.0,21,0.21
67,2,100,210658,250000.0,88,0.88
68,2,100,210658,250000.0,37,0.37
69,2,100,707016,250000.0,86,0.86
70,2,100,58650,250000.0,14,0.14
71,2,100,707016,250000.0,72,0.72
72,2,100,707016,250000.0,66,0.66
73,2,100,707016,250000.0,44,0.44
74,2,100,707016,250000.0,97,0.97
75,2,100,707016,250000.0,76,0.76
76,2,100,707016,250000.0,81,0.81
77,2,100,23676,250000.0,3,0.03
78,2,100,707016,250000.0,59,0.59
79,2,100,707016,250000.0,99,0.99
80,2,100,210658,250000.0,19,0.19
81,2,100,707016,250000.0,96,0.96
82,2,100,707016,250000.0,84,0.84
83,2,100,210658,250000.0,34,0.34
84,2,100,707016,250000.0,99,0.99
85,2,100,707016,250000.0,63,0.63
86,2,100,707016,250000.0,74,0.74
87,2,100,707016,250000.0,87,0.87
88,2,100,23676,250000.0,43,0.43
89,2,100,707016,250000.0,100,1.0
90,2,100,707016,250000.0,94,0.94
91,2,100,707016,250000.0,57,0.57
92,2,100,707016,250000.0,63,0.63
93,2,100,707016,250000.0,100,1.0
94,2,100,707016,250000.0,100,1.0
95,2,100,210658,250000.0,35,0.35
96,2,100,210658,250000.0,1,0.01
97,2,100,210658,250000.0,55,0.55
98,2,100,210658,250000.0,62,0.62
99,2,100,58650,250000.0,16,0.16
100,2,100,707016,250000.0,84,0.84
101,2,100,210658,250000.0,44,0.44
102,2,100,210658,250000.0,45,0.45
103,2,100,707016,250000.0,95,0.95
104,2,100,707016,250000.0,63,0.63
105,2,100,58650,250000.0,28,0.28
106,2,100,707016,250000.0,93,0.93
107,2,100,707016,250000.0,61,0.61
108,2,100,58650,250000.0,28,0.28
109,2,100,707016,250000.0,64,0.64
110,2,100,707016,250000.0,15,0.15
111,2,100,707016,250000.0,83,0.83
112,2,100,210658,250000.0,40,0.4
113,2,100,707016,250000.0,74,0.74
114,2,100,58650,250000.0,11,0.11
115,2,100,707016,250000.0,90,0.9
116,2,100,707016,250000.0,91,0.91
117,2,100,707016,250000.0,84,0.84
118,2,100,707016,250000.0,93,0.93
119,2,100,23676,250000.0,35,0.35
120,2,100,210658,250000.0,89,0.89
121,2,100,707016,250000.0,96,0.96
122,2,100,707016,250000.0,99,0.99
123,2,100,210658,250000.0,38,0.38
124,2,100,707016,250000.0,88,0.88
125,2,100,707016,250000.0,91,0.91
126,2,100,23676,250000.0,7,0.07
127,2,100,707016,250000.0,55,0.55
128,2,100,707016,250000.0,27,0.27
129,2,100,210658,250000.0,32,0.32
130,2,100,210658,250000.0,14,0.14
131,2,100,707016,250000.0,97,0.97
132,2,100,707016,250000.0,97,0.97
133,2,100,23676,250000.0,25,0.25
134,2,100,23676,250000.0,13,0.13
135,2,100,210658,250000.0,2,0.02
136,2,100,707016,250000.0,96,0.96
137,2,100,58650,250000.0,13,0.13
138,2,100,707016,250000.0,75,0.75
139,2,100,707016,250000.0,72,0.72
140,2,100,707016,250000.0,40,0.4
141,2,100,707016,250000.0,95,0.95
142,2,100,707016,250000.0,92,0.92
143,2,100,707016,250000.0,90,0.9
144,2,100,707016,250000.0,81,0.81
145,2,100,707016,250000.0,24,0.24
146,2,100,707016,250000.0,88,0.88
147,2,100,210658,250000.0,75,0.75
148,2,100,707016,250000.0,100,1.0
149,2,100,210658,250000.0,17,0.17
150,2,100,707016,250000.0,89,0.89
151,2,100,707016,250000.0,67,0.67
152,2,100,707016,250000.0,54,0.54
153,2,100,707016,250000.0,99,0.99
154,2,100,707016,250000.0,51,0.51
155,2,100,707016,250000.0,99,0.99
156,2,100,707016,250000.0,100,1.0
157,2,100,707016,250000.0,80,0.8
158,2,100,707016,250000.0,73,0.73
159,2,100,58650,250000.0,29,0.29
160,2,100,23676,250000.0,3,0.03
161,2,100,707016,250000.0,83,0.83
162,2,100,707016,250000.0,76,0.76
163,2,100,707016,250000.0,69,0.69
164,2,100,23676,250000.0,4,0.04
165,2,100,707016,250000.0,91,0.91
166,2,100,58650,250000.0,8,0.08
167,2,100,707016,250000.0,92,0.92
168,2,100,210658,250000.0,19,0.19
169,2,100,58650,250000.0,54,0.54
170,2,100,58650,250000.0,11,0.11
171,2,100,707016,250000.0,96,0.96
172,2,100,707016,250000.0,79,0.79
173,2,100,707016,250000.0,96,0.96
174,2,100,210658,250000.0,30,0.3
175,2,100,707016,250000.0,100,1.0
176,2,100,707016,250000.0,72,0.72
177,2,100,707016,250000.0,80,0.8
178,2,100,707016,250000.0,78,0.78
179,2,100,707016,250000.0,78,0.78
180,2,100,707016,250000.0,100,1.0
181,2,100,210658,250000.0,15,0.15
182,2,100,210658,250000.0,25,0.25
183,2,100,210658,250000.0,11,0.11
184,2,100,707016,250000.0,100,1.0
185,2,100,707016,250000.0,94,0.94
186,2,100,707016,250000.0,70,0.7
187,2,100,707016,250000.0,52,0.52
188,2,100,707016,250000.0,63,0.63
189,2,100,707016,250000.0,95,0.95
190,2,100,210658,250000.0,21,0.21
191,2,100,58650,250000.0,20,0.2
192,2,100,707016,250000.0,100,1.0
193,2,100,707016,250000.0,85,0.85
194,2,100,707016,250000.0,62,0.62
195,2,100,707016,250000.0,99,0.99
196,2,100,707016,250000.0,97,0.97
197,2,100,707016,250000.0,89,0.89
198,2,100,707016,250000.0,92,0.92
199,2,100,707016,250000.0,78,0.78
200,2,100,210658,250000.0,14,0.14
201,2,100,707016,250000.0,76,0.76
202,2,100,707016,250000.0,100,1.0
203,2,100,707016,250000.0,98,0.98
204,2,100,707016,250000.0,72,0.72
205,2,100,58650,250000.0,40,0.4
206,2,100,707016,250000.0,64,0.64
207,2,100,707016,250000.0,99,0.99
208,2,100,210658,250000.0,39,0.39
209,2,100,210658,250000.0,17,0.17
210,2,100,58650,250000.0,30,0.3
211,2,100,707016,250000.0,57,0.57
212,2,100,707016,250000.0,31,0.31
213,2,100,707016,250000.0,69,0.69
214,2,100,707016,250000.0,69,0.69
215,2,100,210658,250000.0,10,0.1
216,2,100,707016,250000.0,88,0.88
217,2,100,707016,250000.0,77,0.77
218,2,100,707016,250000.0,100,1.0
219,2,100,707016,250000.0,88,0.88
220,2,100,707016,250000.0,84,0.84
221,2,100,707016,250000.0,33,0.33
222,2,100,707016,250000.0,90,0.9
223,2,100,707016,250000.0,98,0.98
224,2,100,707016,250000.0,99,0.99
225,2,100,23676,250000.0,8,0.08
226,2,100,707016,250000.0,70,0.7
227,2,100,707016,250000.0,100,1.0
228,2,100,707016,250000.0,92,0.92
229,2,100,707016,250000.0,69,0.69
230,2,100,210658,250000.0,58,0.58
231,2,100,707016,250000.0,98,0.98
232,2,100,58650,250000.0,62,0.62
233,2,100,210658,250000.0,30,0.3
234,2,100,707016,250000.0,59,0.59
235,2,100,707016,250000.0,99,0.99
236,2,100,707016,250000.0,92,0.92
237,2,100,210658,250000.0,25,0.25
238,2,100,210658,250000.0,78,0.78
239,2,100,707016,250000.0,62,0.62
240,2,100,707016,250000.0,97,0.97
241,2,100,707016,250000.0,100,1.0
242,2,100,707016,250000.0,99,0.99
243,2,100,707016,250000.0,100,1.0
244,2,100,707016,250000.0,23,0.23
245,2,100,707016,250000.0,91,0.91
246,2,100,210658,250000.0,39,0.39
247,2,100,707016,250000.0,93,0.93
248,2,100,58650,250000.0,6,0.06
249,2,100,707016,250000.0,84,0.84
250,2,100,707016,250000.0,88,0.88
251,2,100,707016,250000.0,91,0.91
252,2,100,707016,250000.0,83,0.83
253,2,100,210658,250000.0,25,0.25
254,2,100,58650,250000.0,4,0.04
255,2,100,210658,250000.0,63,0.63
256,2,100,210658,250000.0,30,0.3
257,2,100,707016,250000.0,91,0.91
258,2,100,707016,250000.0,74,0.74
259,2,100,707016,250000.0,83,0.83
260,2,100,210658,250000.0,39,0.39
261,2,100,707016,250000.0,82,0.82
262,2,100,210658,250000.0,26,0.26
263,2,100,23676,250000.0,6,0.06
264,2,100,707016,250000.0,41,0.41
265,2,100,210658,250000.0,70,0.7
266,2,100,210658,250000.0,54,0.54
267,2,100,707016,250000.0,95,0.95
268,2,100,210658,250000.0,50,0.5
269,2,100,707016,250000.0,95,0.95
270,2,100,707016,250000.0,59,0.59
271,2,100,707016,250000.0,90,0.9
272,2,100,707016,250000.0,88,0.88
273,2,100,210658,250000.0,9,0.09
274,2,100,210658,250000.0,7,0.07
275,2,100,707016,250000.0,82,0.82
276,2,100,707016,250000.0,89,0.89
277,2,100,210658,250000.0,20,0.2
278,2,100,707016,250000.0,91,0.91
279,2,100,707016,250000.0,92,0.92
280,2,100,707016,250000.0,44,0.44
281,2,100,707016,250000.0,97,0.97
282,2,100,707016,250000.0,98,0.98
283,2,100,707016,250000.0,93,0.93
284,2,100,707016,250000.0,32,0.32
285,2,100,210658,250000.0,20,0.2
286,2,100,58650,250000.0,38,0.38
287,2,100,210658,250000.0,25,0.25
288,2,100,707016,250000.0,63,0.63
289,2,100,707016,250000.0,100,1.0
290,2,100,707016,250000.0,90,0.9
291,2,100,210658,250000.0,48,0.48
292,2,100,210658,250000.0,14,0.14
293,2,100,23676,250000.0,18,0.18
294,2,100,707016,250000.0,100,1.0
295,2,100,707016,250000.0,83,0.83
296,2,100,707016,250000.0,75,0.75
297,2,100,58650,250000.0,17,0.17
298,2,100,707016,250000.0,42,0.42
299,2,100,707016,250000.0,84,0.84
300,2,100,210658,250000.0,24,0.24
301,2,100,210658,250000.0,62,0.62
302,2,100,58650,250000.0,9,0.09
303,2,100,210658,250000.0,37,0.37
304,2,100,58650,250000.0,36,0.36
305,2,100,707016,250000.0,100,1.0
306,2,100,707016,250000.0,100,1.0
307,2,100,210658,250000.0,21,0.21
308,2,100,707016,250000.0,73,0.73
309,2,100,707016,250000.0,98,0.98
310,2,100,210658,250000.0,14,0.14
311,2,100,23676,250000.0,40,0.4
312,2,100,707016,250000.0,98,0.98
313,2,100,707016,250000.0,97,0.97
314,2,100,58650,250000.0,10,0.1
315,2,100,707016,250000.0,63,0.63
316,2,100,707016,250000.0,81,0.81
317,2,100,707016,250000.0,45,0.45
318,2,100,707016,250000.0,86,0.86
319,2,100,58650,250000.0,6,0.06
320,2,100,58650,250000.0,12,0.12
321,2,100,210658,250000.0,63,0.63
322,2,100,210658,250000.0,54,0.54
323,2,100,707016,250000.0,97,0.97
324,2,100,707016,250000.0,70,0.7
325,2,100,210658,250000.0,37,0.37
326,2,100,707016,250000.0,94,0.94
327,2,100,210658,250000.0,57,0.57
328,2,100,707016,250000.0,80,0.8
329,2,100,58650,250000.0,16,0.16
330,2,100,707016,250000.0,82,0.82
331,2,100,210658,250000.0,66,0.66
332,2,100,707016,250000.0,95,0.95
333,2,100,707016,250000.0,42,0.42
334,2,100,707016,250000.0,71,0.71
335,2,100,707016,250000.0,92,0.92
336,2,100,210658,250000.0,17,0.17
337,2,100,210658,250000.0,69,0.69
338,2,100,210658,250000.0,34,0.34
339,2,100,707016,250000.0,95,0.95
340,2,100,707016,250000.0,60,0.6
341,2,100,707016,250000.0,48,0.48
342,2,100,210658,250000.0,43,0.43
343,2,100,707016,250000.0,100,1.0
344,2,100,707016,250000.0,80,0.8
345,2,100,707016,250000.0,90,0.9
346,2,100,707016,250000.0,98,0.98
347,2,100,707016,250000.0,91,0.91
348,2,100,707016,250000.0,40,0.4
349,2,100,707016,250000.0,69,0.69
350,2,100,23676,250000.0,3,0.03
351,2,100,58650,250000.0,50,0.5
352,2,100,210658,250000.0,66,0.66
353,2,100,210658,250000.0,22,0.22
354,2,100,707016,250000.0,90,0.9
355,2,100,707016,250000.0,76,0.76
356,2,100,707016,250000.0,95,0.95
357,2,100,210658,250000.0,39,0.39
358,2,100,58650,250000.0,73,0.73
359,2,100,707016,250000.0,92,0.92
360,2,100,210658,250000.0,24,0.24
361,2,100,707016,250000.0,97,0.97
362,2,100,58650,250000.0,4,0.04
363,2,100,707016,250000.0,89,0.89
364,2,100,707016,250000.0,89,0.89
365,2,100,58650,250000.0,5,0.05
366,2,100,707016,250000.0,69,0.69
367,2,100,707016,250000.0,99,0.99
368,2,100,58650,250000.0,12,0.12
369,2,100,58650,250000.0,33,0.33
370,2,100,58650,250000.0,57,0.57
371,2,100,23676,250000.0,21,0.21
372,2,100,210658,250000.0,31,0.31
373,2,100,58650,250000.0,7,0.07
374,2,100,707016,250000.0,85,0.85
375,2,100,707016,250000.0,74,0.74
376,2,100,707016,250000.0,94,0.94
377,2,100,707016,250000.0,100,1.0
378,2,100,210658,250000.0,21,0.21
379,2,100,707016,250000.0,99,0.99
380,2,100,210658,250000.0,54,0.54
381,2,100,210658,250000.0,33,0.33
382,2,100,707016,250000.0,71,0.71
383,2,100,707016,250000.0,64,0.64
384,2,100,210658,250000.0,59,0.59
385,2,100,707016,250000.0,69,0.69
386,2,100,707016,250000.0,93,0.93
387,2,100,707016,250000.0,65,0.65
388,2,100,23676,250000.0,11,0.11
389,2,100,707016,250000.0,91,0.91
390,2,100,707016,250000.0,97,0.97
391,2,100,707016,250000.0,86,0.86
392,2,100,210658,250000.0,62,0.62
393,2,100,707016,250000.0,49,0.49
394,2,100,707016,250000.0,99,0.99
395,2,100,707016,250000.0,79,0.79
396,2,100,58650,250000.0,33,0.33
397,2,100,707016,250000.0,74,0.74
398,2,100,707016,250000.0,92,0.92
399,2,100,210658,250000.0,71,0.71
400,2,100,58650,250000.0,3,0.03
401,2,100,707016,250000.0,46,0.46
402,2,100,707016,250000.0,98,0.98
403,2,100,707016,250000.0,80,0.8
404,2,100,210658,250000.0,27,0.27
405,2,100,707016,250000.0,89,0.89
406,2,100,707016,250000.0,67,0.67
407,2,100,707016,250000.0,91,0.91
408,2,100,707016,250000.0,92,0.92
409,2,100,707016,250000.0,100,1.0
410,2,100,707016,250000.0,44,0.44
411,2,100,23676,250000.0,16,0.16
412,2,100,23676,250000.0,3,0.03
413,2,100,210658,250000.0,45,0.45
414,2,100,707016,250000.0,96,0.96
415,2,100,707016,250000.0,84,0.84
416,2,100,707016,250000.0,77,0.77
417,2,100,210658,250000.0,48,0.48
418,2,100,210658,250000.0,10,0.1
419,2,100,707016,250000.0,94,0.94
420,2,100,58650,250000.0,7,0.07
421,2,100,210658,250000.0,8,0.08
422,2,100,707016,250000.0,92,0.92
423,2,100,707016,250000.0,74,0.74
424,2,100,210658,250000.0,42,0.42
425,2,100,707016,250000.0,100,1.0
426,2,100,707016,250000.0,74,0.74
427,2,100,707016,250000.0,87,0.87
428,2,100,210658,250000.0,53,0.53
429,2,100,707016,250000.0,100,1.0
430,2,100,707016,250000.0,96,0.96
431,2,100,707016,250000.0,78,0.78
432,2,100,707016,250000.0,99,0.99
433,2,100,23676,250000.0,6,0.06
434,2,100,707016,250000.0,93,0.93
435,2,100,707016,250000.0,64,0.64
436,2,100,23676,250000.0,12,0.12
437,2,100,58650,250000.0,16,0.16
438,2,100,707016,250000.0,66,0.66
439,2,100,707016,250000.0,82,0.82
440,2,100,707016,250000.0,71,0.71
441,2,100,707016,250000.0,97,0.97
442,2,100,707016,250000.0,73,0.73
443,2,100,58650,250000.0,7,0.07
444,2,100,210658,250000.0,55,0.55
445,2,100,707016,250000.0,100,1.0
446,2,100,707016,250000.0,100,1.0
447,2,100,707016,250000.0,86,0.86
448,2,100,210658,250000.0,55,0.55
449,2,100,707016,250000.0,100,1.0
450,2,100,707016,250000.0,94,0.94
451,2,100,210658,250000.0,34,0.34
452,2,100,707016,250000.0,45,0.45
453,2,100,210658,250000.0,18,0.18
454,2,100,707016,250000.0,99,0.99
455,2,100,23676,250000.0,2,0.02
456,2,100,707016,250000.0,84,0.84
457,2,100,707016,250000.0,97,0.97
458,2,100,58650,250000.0,4,0.04
459,2,100,707016,250000.0,97,0.97
460,2,100,210658,250000.0,13,0.13
461,2,100,58650,250000.0,11,0.11
462,2,100,210658,250000.0,42,0.42
463,2,100,707016,250000.0,93,0.93
464,2,100,707016,250000.0,97,0.97
465,2,100,707016,250000.0,99,0.99
466,2,100,707016,250000.0,73,0.73
467,2,100,210658,250000.0,53,0.53
468,2,100,210658,250000.0,20,0.2
469,2,100,707016,250000.0,92,0.92
470,2,100,210658,250000.0,76,0.76
471,2,100,707016,250000.0,94,0.94
472,2,100,210658,250000.0,57,0.57
473,2,100,58650,250000.0,29,0.29
474,2,100,707016,250000.0,100,1.0
475,2,100,707016,250000.0,98,0.98
476,2,100,707016,250000.0,100,1.0
477,2,100,58650,250000.0,44,0.44
478,2,100,210658,250000.0,78,0.78
479,2,100,707016,250000.0,84,0.84
480,2,100,707016,250000.0,72,0.72
481,2,100,58650,250000.0,18,0.18
482,2,100,210658,250000.0,87,0.87
483,2,100,23676,250000.0,1,0.01
484,2,100,23676,250000.0,22,0.22
485,2,100,58650,250000.0,17,0.17
486,2,100,210658,250000.0,50,0.5
487,2,100,707016,250000.0,100,1.0
488,2,100,707016,250000.0,100,1.0
489,2,100,707016,250000.0,91,0.91
490,2,100,58650,250000.0,13,0.13
491,2,100,707016,250000.0,66,0.66
492,2,100,23676,250000.0,36,0.36
493,2,100,210658,250000.0,29,0.29
494,2,100,58650,250000.0,33,0.33
495,2,100,707016,250000.0,96,0.96
496,2,100,707016,250000.0,93,0.93
497,2,100,210658,250000.0,35,0.35
498,2,100,707016,250000.0,97,0.97
499,2,100,707016,250000.0,86,0.86
500,2,100,210658,250000.0,53,0.53
501,2,100,58650,250000.0,20,0.2
502,2,100,707016,250000.0,95,0.95
503,2,100,707016,250000.0,81,0.81
504,2,100,707016,250000.0,74,0.74
505,2,100,58650,250000.0,20,0.2
506,2,100,707016,250000.0,93,0.93
507,2,100,707016,250000.0,91,0.91
508,2,100,707016,250000.0,92,0.92
509,2,100,58650,250000.0,38,0.38
510,2,100,707016,250000.0,97,0.97
511,2,100,707016,250000.0,71,0.71
512,2,100,707016,250000.0,24,0.24
513,2,100,707016,250000.0,96,0.96
514,2,100,210658,250000.0,38,0.38
515,2,100,707016,250000.0,96,0.96
516,2,100,23676,250000.0,19,0.19
517,2,100,707016,250000.0,92,0.92
518,2,100,707016,250000.0,100,1.0
519,2,100,58650,250000.0,67,0.67
520,2,100,707016,250000.0,57,0.57
521,2,100,707016,250000.0,98,0.98
522,2,100,23676,250000.0,0,0.0
523,2,100,707016,250000.0,95,0.95
524,2,100,210658,250000.0,15,0.15
525,2,100,707016,250000.0,93,0.93
526,2,100,210658,250000.0,30,0.3
527,2,100,23676,250000.0,5,0.05
528,2,100,707016,250000.0,84,0.84
529,2,100,210658,250000.0,69,0.69
530,2,100,210658,250000.0,47,0.47
531,2,100,707016,250000.0,96,0.96
532,2,100,707016,250000.0,97,0.97
533,2,100,58650,250000.0,16,0.16
534,2,100,210658,250000.0,77,0.77
535,2,100,707016,250000.0,94,0.94
536,2,100,58650,250000.0,46,0.46
537,2,100,707016,250000.0,82,0.82
538,2,100,707016,250000.0,54,0.54
539,2,100,58650,250000.0,40,0.4
540,2,100,210658,250000.0,17,0.17
541,2,100,707016,250000.0,89,0.89
542,2,100,707016,250000.0,82,0.82
543,2,100,58650,250000.0,24,0.24
544,2,100,707016,250000.0,90,0.9
545,2,100,707016,250000.0,85,0.85
546,2,100,707016,250000.0,95,0.95
547,2,100,210658,250000.0,49,0.49
548,2,100,23676,250000.0,0,0.0
549,2,100,58650,250000.0,51,0.51
550,2,100,707016,250000.0,90,0.9
551,2,100,707016,250000.0,82,0.82
552,2,100,58650,250000.0,19,0.19
553,2,100,210658,250000.0,54,0.54
554,2,100,210658,250000.0,43,0.43
555,2,100,707016,250000.0,78,0.78
556,2,100,707016,250000.0,98,0.98
557,2,100,707016,250000.0,92,0.92
558,2,100,707016,250000.0,99,0.99
559,2,100,707016,250000.0,96,0.96
560,2,100,707016,250000.0,52,0.52
561,2,100,210658,250000.0,22,0.22
562,2,100,707016,250000.0,69,0.69
563,2,100,210658,250000.0,35,0.35
564,2,100,23676,250000.0,28,0.28
565,2,100,210658,250000.0,16,0.16
566,2,100,23676,250000.0,32,0.32
567,2,100,210658,250000.0,26,0.26
568,2,100,707016,250000.0,89,0.89
569,2,100,707016,250000.0,95,0.95
570,2,100,707016,250000.0,97,0.97
571,2,100,707016,250000.0,88,0.88
572,2,100,707016,250000.0,89,0.89
573,2,100,210658,250000.0,65,0.65
574,2,100,707016,250000.0,82,0.82
575,2,100,707016,250000.0,98,0.98
576,2,100,210658,250000.0,59,0.59
577,2,100,210658,250000.0,55,0.55
578,2,100,707016,250000.0,61,0.61
579,2,100,210658,250000.0,19,0.19
580,2,100,707016,250000.0,88,0.88
581,2,100,23676,250000.0,7,0.07
582,2,100,707016,250000.0,80,0.8
583,2,100,707016,250000.0,89,0.89
584,2,100,707016,250000.0,84,0.84
585,2,100,707016,250000.0,99,0.99
586,2,100,707016,250000.0,92,0.92
587,2,100,707016,250000.0,95,0.95
588,2,100,210658,250000.0,18,0.18
589,2,100,707016,250000.0,91,0.91
590,2,100,707016,250000.0,86,0.86
591,2,100,707016,250000.0,96,0.96
592,2,100,707016,250000.0,41,0.41
593,2,100,707016,250000.0,81,0.81
594,2,100,707016,250000.0,96,0.96
595,2,100,707016,250000.0,100,1.0
596,2,100,707016,250000.0,75,0.75
597,2,100,210658,250000.0,29,0.29
598,2,100,210658,250000.0,19,0.19
599,2,100,707016,250000.0,96,0.96
600,2,100,707016,250000.0,100,1.0
601,2,100,707016,250000.0,54,0.54
602,2,100,210658,250000.0,21,0.21
603,2,100,707016,250000.0,54,0.54
604,2,100,707016,250000.0,92,0.92
605,2,100,210658,250000.0,17,0.17
606,2,100,210658,250000.0,60,0.6
607,2,100,58650,250000.0,12,0.12
608,2,100,210658,250000.0,67,0.67
609,2,100,210658,250000.0,27,0.27
610,2,100,23676,250000.0,17,0.17
611,2,100,707016,250000.0,100,1.0
612,2,100,210658,250000.0,75,0.75
613,2,100,210658,250000.0,22,0.22
614,2,100,707016,250000.0,67,0.67
615,2,100,707016,250000.0,96,0.96
616,2,100,707016,250000.0,99,0.99
617,2,100,58650,250000.0,20,0.2
618,2,100,58650,250000.0,52,0.52
619,2,100,210658,250000.0,24,0.24
620,2,100,707016,250000.0,95,0.95
621,2,100,707016,250000.0,69,0.69
622,2,100,707016,250000.0,90,0.9
623,2,100,707016,250000.0,99,0.99
624,2,100,707016,250000.0,97,0.97
625,2,100,707016,250000.0,99,0.99
626,2,100,707016,250000.0,98,0.98
627,2,100,707016,250000.0,87,0.87
628,2,100,707016,250000.0,86,0.86
629,2,100,707016,250000.0,95,0.95
630,2,100,707016,250000.0,100,1.0
631,2,100,707016,250000.0,76,0.76
632,2,100,707016,250000.0,83,0.83
633,2,100,707016,250000.0,99,0.99
634,2,100,210658,250000.0,20,0.2
635,2,100,58650,250000.0,36,0.36
636,2,100,707016,250000.0,70,0.7
637,2,100,707016,250000.0,88,0.88
638,2,100,210658,250000.0,19,0.19
639,2,100,707016,250000.0,76,0.76
640,2,100,707016,250000.0,89,0.89
641,2,100,210658,250000.0,35,0.35
642,2,100,210658,250000.0,64,0.64
643,2,100,707016,250000.0,84,0.84
644,2,100,707016,250000.0,98,0.98
645,2,100,707016,250000.0,85,0.85
646,2,100,707016,250000.0,79,0.79
647,2,100,707016,250000.0,90,0.9
648,2,100,707016,250000.0,100,1.0
649,2,100,707016,250000.0,82,0.82
650,2,100,707016,250000.0,88,0.88
651,2,100,707016,250000.0,100,1.0
652,2,100,707016,250000.0,100,1.0
653,2,100,58650,250000.0,10,0.1
654,2,100,707016,250000.0,61,0.61
655,2,100,210658,250000.0,33,0.33
656,2,100,707016,250000.0,64,0.64
657,2,100,210658,250000.0,37,0.37
658,2,100,707016,250000.0,61,0.61
659,2,100,707016,250000.0,86,0.86
660,2,100,210658,250000.0,23,0.23
661,2,100,707016,250000.0,97,0.97
662,2,100,210658,250000.0,24,0.24
663,2,100,58650,250000.0,61,0.61
664,2,100,707016,250000.0,98,0.98
665,2,100,707016,250000.0,97,0.97
666,2,100,210658,250000.0,59,0.59
667,2,100,707016,250000.0,99,0.99
668,2,100,707016,250000.0,93,0.93
669,2,100,707016,250000.0,45,0.45
670,2,100,210658,250000.0,69,0.69
671,2,100,707016,250000.0,90,0.9
672,2,100,707016,250000.0,98,0.98
673,2,100,707016,250000.0,100,1.0
674,2,100,707016,250000.0,89,0.89
675,2,100,707016,250000.0,87,0.87
676,2,100,707016,250000.0,36,0.36
677,2,100,707016,250000.0,95,0.95
678,2,100,707016,250000.0,77,0.77
679,2,100,707016,250000.0,64,0.64
680,2,100,707016,250000.0,99,0.99
681,2,100,707016,250000.0,92,0.92
682,2,100,707016,250000.0,94,0.94
683,2,100,707016,250000.0,88,0.88
684,2,100,707016,250000.0,79,0.79
685,2,100,707016,250000.0,99,0.99
686,2,100,707016,250000.0,100,1.0
687,2,100,707016,250000.0,79,0.79
688,2,100,58650,250000.0,10,0.1
689,2,100,707016,250000.0,75,0.75
690,2,100,707016,250000.0,65,0.65
691,2,100,210658,250000.0,28,0.28
692,2,100,707016,250000.0,78,0.78
693,2,100,707016,250000.0,56,0.56
694,2,100,58650,250000.0,10,0.1
695,2,100,58650,250000.0,88,0.88
696,2,100,707016,250000.0,72,0.72
697,2,100,707016,250000.0,78,0.78
698,2,100,707016,250000.0,96,0.96
699,2,100,707016,250000.0,52,0.52
700,2,100,210658,250000.0,38,0.38
701,2,100,707016,250000.0,89,0.89
702,2,100,707016,250000.0,97,0.97
703,2,100,707016,250000.0,92,0.92
704,2,100,210658,250000.0,30,0.3
705,2,100,707016,250000.0,97,0.97
706,2,100,58650,250000.0,47,0.47
707,2,100,210658,250000.0,61,0.61
708,2,100,707016,250000.0,90,0.9
709,2,100,707016,250000.0,75,0.75
710,2,100,707016,250000.0,100,1.0
711,2,100,23676,250000.0,9,0.09
712,2,100,707016,250000.0,82,0.82
713,2,100,707016,250000.0,88,0.88
714,2,100,210658,250000.0,61,0.61
715,2,100,707016,250000.0,80,0.8
716,2,100,58650,250000.0,52,0.52
717,2,100,707016,250000.0,97,0.97
718,2,100,707016,250000.0,94,0.94
719,2,100,210658,250000.0,85,0.85
720,2,100,210658,250000.0,79,0.79
721,2,100,23676,250000.0,10,0.1
722,2,100,58650,250000.0,8,0.08
723,2,100,707016,250000.0,96,0.96
724,2,100,23676,250000.0,4,0.04
725,2,100,58650,250000.0,18,0.18
726,2,100,707016,250000.0,92,0.92
727,2,100,707016,250000.0,74,0.74
728,2,100,707016,250000.0,100,1.0
729,2,100,707016,250000.0,87,0.87
730,2,100,707016,250000.0,89,0.89
731,2,100,707016,250000.0,100,1.0
732,2,100,58650,250000.0,7,0.07
733,2,100,707016,250000.0,41,0.41
734,2,100,707016,250000.0,64,0.64
735,2,100,210658,250000.0,14,0.14
736,2,100,707016,250000.0,99,0.99
737,2,100,210658,250000.0,29,0.29
738,2,100,210658,250000.0,8,0.08
739,2,100,58650,250000.0,31,0.31
740,2,100,707016,250000.0,53,0.53
741,2,100,707016,250000.0,97,0.97
742,2,100,707016,250000.0,99,0.99
743,2,100,707016,250000.0,91,0.91
744,2,100,707016,250000.0,86,0.86
745,2,100,210658,250000.0,20,0.2
746,2,100,707016,250000.0,99,0.99
747,2,100,707016,250000.0,85,0.85
748,2,100,707016,250000.0,99,0.99
749,2,100,58650,250000.0,72,0.72
750,2,100,58650,250000.0,41,0.41
751,2,100,707016,250000.0,80,0.8
752,2,100,210658,250000.0,64,0.64
753,2,100,707016,250000.0,97,0.97
754,2,100,210658,250000.0,20,0.2
755,2,100,210658,250000.0,42,0.42
756,2,100,707016,250000.0,100,1.0
757,2,100,210658,250000.0,58,0.58
758,2,100,210658,250000.0,65,0.65
759,2,100,707016,250000.0,64,0.64
760,2,100,707016,250000.0,57,0.57
761,2,100,58650,250000.0,6,0.06
762,2,100,707016,250000.0,94,0.94
763,2,100,707016,250000.0,80,0.8
764,2,100,707016,250000.0,88,0.88
765,2,100,707016,250000.0,78,0.78
766,2,100,210658,250000.0,36,0.36
767,2,100,707016,250000.0,88,0.88
768,2,100,210658,250000.0,46,0.46
769,2,100,707016,250000.0,96,0.96
770,2,100,707016,250000.0,97,0.97
771,2,100,210658,250000.0,64,0.64
772,2,100,707016,250000.0,83,0.83
773,2,100,707016,250000.0,52,0.52
774,2,100,707016,250000.0,91,0.91
775,2,100,210658,250000.0,76,0.76
776,2,100,23676,250000.0,51,0.51
777,2,100,58650,250000.0,7,0.07
778,2,100,707016,250000.0,95,0.95
779,2,100,707016,250000.0,79,0.79
780,2,100,210658,250000.0,32,0.32
781,2,100,707016,250000.0,78,0.78
782,2,100,210658,250000.0,72,0.72
783,2,100,23676,250000.0,39,0.39
784,2,100,707016,250000.0,80,0.8
785,2,100,707016,250000.0,96,0.96
786,2,100,707016,250000.0,72,0.72
787,2,100,707016,250000.0,61,0.61
788,2,100,707016,250000.0,99,0.99
789,2,100,707016,250000.0,93,0.93
790,2,100,707016,250000.0,76,0.76
791,2,100,707016,250000.0,84,0.84
792,2,100,707016,250000.0,83,0.83
793,2,100,707016,250000.0,100,1.0
794,2,100,58650,250000.0,21,0.21
795,2,100,210658,250000.0,72,0.72
796,2,100,707016,250000.0,67,0.67
797,2,100,210658,250000.0,45,0.45
798,2,100,707016,250000.0,66,0.66
799,2,100,707016,250000.0,96,0.96
800,2,100,23676,250000.0,18,0.18
801,2,100,707016,250000.0,93,0.93
802,2,100,707016,250000.0,69,0.69
803,2,100,210658,250000.0,37,0.37
804,2,100,707016,250000.0,61,0.61
805,2,100,707016,250000.0,90,0.9
806,2,100,707016,250000.0,97,0.97
807,2,100,210658,250000.0,53,0.53
808,2,100,707016,250000.0,98,0.98
809,2,100,707016,250000.0,98,0.98
810,2,100,707016,250000.0,98,0.98
811,2,100,707016,250000.0,94,0.94
812,2,100,707016,250000.0,97,0.97
813,2,100,707016,250000.0,96,0.96
814,2,100,707016,250000.0,97,0.97
815,2,100,210658,250000.0,31,0.31
816,2,100,58650,250000.0,11,0.11
817,2,100,707016,250000.0,82,0.82
818,2,100,210658,250000.0,19,0.19
819,2,100,707016,250000.0,99,0.99
820,2,100,707016,250000.0,91,0.91
821,2,100,707016,250000.0,71,0.71
822,2,100,707016,250000.0,95,0.95
823,2,100,210658,250000.0,35,0.35
824,2,100,707016,250000.0,100,1.0
825,2,100,707016,250000.0,95,0.95
826,2,100,707016,250000.0,72,0.72
827,2,100,707016,250000.0,94,0.94
828,2,100,707016,250000.0,93,0.93
829,2,100,210658,250000.0,92,0.92
830,2,100,707016,250000.0,100,1.0
831,2,100,707016,250000.0,75,0.75
832,2,100,23676,250000.0,44,0.44
833,2,100,707016,250000.0,97,0.97
834,2,100,707016,250000.0,100,1.0
835,2,100,707016,250000.0,98,0.98
836,2,100,707016,250000.0,99,0.99
837,2,100,707016,250000.0,89,0.89
838,2,100,707016,250000.0,98,0.98
839,2,100,707016,250000.0,100,1.0
840,2,100,707016,250000.0,90,0.9
841,2,100,58650,250000.0,60,0.6
842,2,100,707016,250000.0,100,1.0
843,2,100,707016,250000.0,95,0.95
844,2,100,707016,250000.0,92,0.92
845,2,100,707016,250000.0,90,0.9
846,2,100,707016,250000.0,74,0.74
847,2,100,707016,250000.0,63,0.63
848,2,100,707016,250000.0,96,0.96
849,2,100,707016,250000.0,80,0.8
850,2,100,210658,250000.0,44,0.44
851,2,100,707016,250000.0,99,0.99
852,2,100,707016,250000.0,57,0.57
853,2,100,707016,250000.0,86,0.86
854,2,100,707016,250000.0,40,0.4
855,2,100,707016,250000.0,82,0.82
856,2,100,707016,250000.0,99,0.99
857,2,100,707016,250000.0,58,0.58
858,2,100,707016,250000.0,100,1.0
859,2,100,210658,250000.0,45,0.45
860,2,100,210658,250000.0,50,0.5
861,2,100,58650,250000.0,42,0.42
862,2,100,707016,250000.0,99,0.99
863,2,100,23676,250000.0,18,0.18
864,2,100,58650,250000.0,3,0.03
865,2,100,707016,250000.0,99,0.99
866,2,100,707016,250000.0,96,0.96
867,2,100,210658,250000.0,60,0.6
868,2,100,707016,250000.0,95,0.95
869,2,100,707016,250000.0,92,0.92
870,2,100,707016,250000.0,100,1.0
871,2,100,707016,250000.0,84,0.84
872,2,100,58650,250000.0,41,0.41
873,2,100,58650,250000.0,12,0.12
874,2,100,707016,250000.0,91,0.91
875,2,100,210658,250000.0,39,0.39
876,2,100,58650,250000.0,30,0.3
877,2,100,210658,250000.0,42,0.42
878,2,100,707016,250000.0,98,0.98
879,2,100,210658,250000.0,14,0.14
880,2,100,707016,250000.0,47,0.47
881,2,100,707016,250000.0,39,0.39
882,2,100,210658,250000.0,38,0.38
883,2,100,707016,250000.0,96,0.96
884,2,100,707016,250000.0,73,0.73
885,2,100,707016,250000.0,62,0.62
886,2,100,58650,250000.0,41,0.41
887,2,100,210658,250000.0,21,0.21
888,2,100,707016,250000.0,99,0.99
889,2,100,707016,250000.0,90,0.9
890,2,100,707016,250000.0,94,0.94
891,2,100,707016,250000.0,83,0.83
892,2,100,210658,250000.0,79,0.79
893,2,100,707016,250000.0,100,1.0
894,2,100,707016,250000.0,99,0.99
895,2,100,58650,250000.0,60,0.6
896,2,100,58650,250000.0,19,0.19
897,2,100,707016,250000.0,88,0.88
898,2,100,707016,250000.0,98,0.98
899,2,100,707016,250000.0,89,0.89
900,2,100,210658,250000.0,33,0.33
901,2,100,707016,250000.0,96,0.96
902,2,100,707016,250000.0,78,0.78
903,2,100,707016,250000.0,83,0.83
904,2,100,707016,250000.0,82,0.82
905,2,100,707016,250000.0,72,0.72
906,2,100,58650,250000.0,21,0.21
907,2,100,210658,250000.0,52,0.52
908,2,100,707016,250000.0,95,0.95
909,2,100,707016,250000.0,96,0.96
910,2,100,707016,250000.0,60,0.6
911,2,100,58650,250000.0,18,0.18
912,2,100,707016,250000.0,89,0.89
913,2,100,210658,250000.0,77,0.77
914,2,100,707016,250000.0,91,0.91
915,2,100,707016,250000.0,99,0.99
916,2,100,707016,250000.0,94,0.94
917,2,100,707016,250000.0,51,0.51
918,2,100,23676,250000.0,4,0.04
919,2,100,210658,250000.0,39,0.39
920,2,100,707016,250000.0,79,0.79
921,2,100,707016,250000.0,92,0.92
922,2,100,210658,250000.0,61,0.61
923,2,100,23676,250000.0,11,0.11
924,2,100,707016,250000.0,83,0.83
925,2,100,707016,250000.0,61,0.61
926,2,100,707016,250000.0,73,0.73
927,2,100,707016,250000.0,74,0.74
928,2,100,707016,250000.0,99,0.99
929,2,100,707016,250000.0,75,0.75
930,2,100,58650,250000.0,15,0.15
931,2,100,707016,250000.0,59,0.59
932,2,100,707016,250000.0,89,0.89
933,2,100,707016,250000.0,80,0.8
934,2,100,210658,250000.0,26,0.26
935,2,100,210658,250000.0,41,0.41
936,2,100,210658,250000.0,13,0.13
937,2,100,707016,250000.0,67,0.67
938,2,100,707016,250000.0,72,0.72
939,2,100,23676,250000.0,9,0.09
940,2,100,707016,250000.0,89,0.89
941,2,100,707016,250000.0,55,0.55
942,2,100,707016,250000.0,100,1.0
943,2,100,707016,250000.0,86,0.86
944,2,100,707016,250000.0,99,0.99
945,2,100,210658,250000.0,50,0.5
946,2,100,707016,250000.0,100,1.0
947,2,100,58650,250000.0,19,0.19
948,2,100,210658,250000.0,26,0.26
949,2,100,210658,250000.0,19,0.19
950,2,100,707016,250000.0,90,0.9
951,2,100,707016,250000.0,65,0.65
952,2,100,707016,250000.0,100,1.0
953,2,100,707016,250000.0,82,0.82
954,2,100,707016,250000.0,81,0.81
955,2,100,707016,250000.0,97,0.97
956,2,100,707016,250000.0,100,1.0
957,2,100,210658,250000.0,22,0.22
958,2,100,58650,250000.0,2,0.02
959,2,100,210658,250000.0,59,0.59
960,2,100,210658,250000.0,33,0.33
961,2,100,707016,250000.0,85,0.85
962,2,100,707016,250000.0,90,0.9
963,2,100,58650,250000.0,8,0.08
964,2,100,707016,250000.0,100,1.0
965,2,100,707016,250000.0,100,1.0
966,2,100,210658,250000.0,50,0.5
967,2,100,707016,250000.0,73,0.73
968,2,100,210658,250000.0,30,0.3
969,2,100,210658,250000.0,38,0.38
970,2,100,707016,250000.0,46,0.46
971,2,100,58650,250000.0,11,0.11
972,2,100,707016,250000.0,97,0.97
973,2,100,707016,250000.0,30,0.3
974,2,100,707016,250000.0,84,0.84
975,2,100,58650,250000.0,37,0.37
976,2,100,707016,250000.0,55,0.55
977,2,100,707016,250000.0,86,0.86
978,2,100,707016,250000.0,91,0.91
979,2,100,707016,250000.0,83,0.83
980,2,100,210658,250000.0,46,0.46
981,2,100,707016,250000.0,88,0.88
982,2,100,707016,250000.0,61,0.61
983,2,100,707016,250000.0,72,0.72
984,2,100,210658,250000.0,40,0.4
985,2,100,707016,250000.0,74,0.74
986,2,100,707016,250000.0,96,0.96
987,2,100,210658,250000.0,71,0.71
988,2,100,707016,250000.0,99,0.99
989,2,100,707016,250000.0,58,0.58
990,2,100,707016,250000.0,55,0.55
991,2,100,58650,250000.0,44,0.44
992,2,100,707016,250000.0,54,0.54
993,2,100,58650,250000.0,68,0.68
994,2,100,58650,250000.0,25,0.25
995,2,100,707016,250000.0,98,0.98
996,2,100,707016,250000.0,97,0.97
997,2,100,210658,250000.0,25,0.25
998,2,100,707016,250000.0,65,0.65
999,2,100,707016,250000.0,85,0.85
0,4,1,138445,62500.0,0,0.0
1,4,1,44642,62500.0,0,0.0
2,4,1,167915,62500.0,0,0.0
3,4,1,7521,62500.0,1,1.0
4,4,1,539101,62500.0,1,1.0
5,4,1,539101,62500.0,1,1.0
6,4,1,167915,62500.0,1,1.0
7,4,1,138445,62500.0,1,1.0
8,4,1,539101,62500.0,1,1.0
9,4,1,44642,62500.0,0,0.0
10,4,1,138445,62500.0,1,1.0
11,4,1,16155,62500.0,0,0.0
12,4,1,539101,62500.0,0,0.0
13,4,1,44642,62500.0,0,0.0
14,4,1,167915,62500.0,1,1.0
15,4,1,72213,62500.0,0,0.0
16,4,1,167915,62500.0,1,1.0
17,4,1,539101,62500.0,1,1.0
18,4,1,539101,62500.0,1,1.0
19,4,1,138445,62500.0,0,0.0
20,4,1,539101,62500.0,1,1.0
21,4,1,539101,62500.0,1,1.0
22,4,1,44642,62500.0,1,1.0
23,4,1,167915,62500.0,0,0.0
24,4,1,44642,62500.0,1,1.0
25,4,1,539101,62500.0,1,1.0
26,4,1,167915,62500.0,1,1.0
27,4,1,539101,62500.0,1,1.0
28,4,1,138445,62500.0,0,0.0
29,4,1,539101,62500.0,1,1.0
30,4,1,138445,62500.0,0,0.0
31,4,1,539101,62500.0,1,1.0
32,4,1,44642,62500.0,0,0.0
33,4,1,167915,62500.0,0,0.0
34,4,1,167915,62500.0,1,1.0
35,4,1,539101,62500.0,1,1.0
36,4,1,138445,62500.0,0,0.0
37,4,1,539101,62500.0,0,0.0
38,4,1,539101,62500.0,1,1.0
39,4,1,167915,62500.0,1,1.0
40,4,1,539101,62500.0,1,1.0
41,4,1,539101,62500.0,1,1.0
42,4,1,167915,62500.0,0,0.0
43,4,1,539101,62500.0,1,1.0
44,4,1,14008,62500.0,0,0.0
45,4,1,167915,62500.0,1,1.0
46,4,1,138445,62500.0,0,0.0
47,4,1,539101,62500.0,1,1.0
48,4,1,539101,62500.0,1,1.0
49,4,1,167915,62500.0,0,0.0
50,4,1,167915,62500.0,1,1.0
51,4,1,539101,62500.0,1,1.0
52,4,1,539101,62500.0,1,1.0
53,4,1,539101,62500.0,1,1.0
54,4,1,539101,62500.0,1,1.0
55,4,1,44642,62500.0,0,0.0
56,4,1,539101,62500.0,1,1.0
57,4,1,16155,62500.0,0,0.0
58,4,1,167915,62500.0,1,1.0
59,4,1,539101,62500.0,1,1.0
60,4,1,167915,62500.0,1,1.0
61,4,1,539101,62500.0,1,1.0
62,4,1,539101,62500.0,1,1.0
63,4,1,539101,62500.0,1,1.0
64,4,1,539101,62500.0,1,1.0
65,4,1,539101,62500.0,1,1.0
66,4,1,138445,62500.0,1,1.0
67,4,1,72213,62500.0,1,1.0
68,4,1,138445,62500.0,0,0.0
69,4,1,167915,62500.0,0,0.0
70,4,1,44642,62500.0,0,0.0
71,4,1,539101,62500.0,0,0.0
72,4,1,539101,62500.0,0,0.0
73,4,1,167915,62500.0,0,0.0
74,4,1,539101,62500.0,1,1.0
75,4,1,539101,62500.0,1,1.0
76,4,1,539101,62500.0,1,1.0
77,4,1,16155,62500.0,1,1.0
78,4,1,539101,62500.0,1,1.0
79,4,1,167915,62500.0,0,0.0
80,4,1,138445,62500.0,1,1.0
81,4,1,539101,62500.0,1,1.0
82,4,1,539101,62500.0,1,1.0
83,4,1,138445,62500.0,0,0.0
84,4,1,539101,62500.0,1,1.0
85,4,1,539101,62500.0,1,1.0
86,4,1,539101,62500.0,1,1.0
87,4,1,539101,62500.0,1,1.0
88,4,1,16155,62500.0,0,0.0
89,4,1,539101,62500.0,1,1.0
90,4,1,539101,62500.0,1,1.0
91,4,1,167915,62500.0,1,1.0
92,4,1,167915,62500.0,0,0.0
93,4,1,539101,62500.0,1,1.0
94,4,1,539101,62500.0,1,1.0
95,4,1,72213,62500.0,0,0.0
96,4,1,138445,62500.0,0,0.0
97,4,1,138445,62500.0,1,1.0
98,4,1,72213,62500.0,1,1.0
99,4,1,44642,62500.0,1,1.0
100,4,1,539101,62500.0,1,1.0
101,4,1,138445,62500.0,1,1.0
102,4,1,138445,62500.0,1,1.0
103,4,1,539101,62500.0,1,1.0
104,4,1,539101,62500.0,1,1.0
105,4,1,44642,62500.0,1,1.0
106,4,1,539101,62500.0,1,1.0
107,4,1,539101,62500.0,1,1.0
108,4,1,44642,62500.0,1,1.0
109,4,1,539101,62500.0,0,0.0
110,4,1,539101,62500.0,0,0.0
111,4,1,539101,62500.0,0,0.0
112,4,1,72213,62500.0,0,0.0
113,4,1,539101,62500.0,1,1.0
114,4,1,44642,62500.0,0,0.0
115,4,1,167915,62500.0,1,1.0
116,4,1,167915,62500.0,1,1.0
117,4,1,539101,62500.0,0,0.0
118,4,1,167915,62500.0,0,0.0
119,4,1,7521,62500.0,1,1.0
120,4,1,72213,62500.0,1,1.0
121,4,1,167915,62500.0,1,1.0
122,4,1,539101,62500.0,1,1.0
123,4,1,138445,62500.0,0,0.0
124,4,1,539101,62500.0,1,1.0
125,4,1,539101,62500.0,1,1.0
126,4,1,7521,62500.0,0,0.0
127,4,1,167915,62500.0,1,1.0
128,4,1,539101,62500.0,0,0.0
129,4,1,138445,62500.0,0,0.0
130,4,1,138445,62500.0,0,0.0
131,4,1,539101,62500.0,1,1.0
132,4,1,539101,62500.0,1,1.0
133,4,1,7521,62500.0,0,0.0
134,4,1,16155,62500.0,0,0.0
135,4,1,138445,62500.0,0,0.0
136,4,1,167915,62500.0,1,1.0
137,4,1,44642,62500.0,1,1.0
138,4,1,539101,62500.0,1,1.0
139,4,1,539101,62500.0,0,0.0
140,4,1,539101,62500.0,1,1.0
141,4,1,539101,62500.0,0,0.0
142,4,1,167915,62500.0,0,0.0
143,4,1,539101,62500.0,1,1.0
144,4,1,539101,62500.0,0,0.0
145,4,1,167915,62500.0,0,0.0
146,4,1,539101,62500.0,1,1.0
147,4,1,72213,62500.0,1,1.0
148,4,1,539101,62500.0,0,0.0
149,4,1,138445,62500.0,0,0.0
150,4,1,539101,62500.0,0,0.0
151,4,1,539101,62500.0,1,1.0
152,4,1,167915,62500.0,0,0.0
153,4,1,539101,62500.0,1,1.0
154,4,1,539101,62500.0,0,0.0
155,4,1,167915,62500.0,1,1.0
156,4,1,539101,62500.0,1,1.0
157,4,1,539101,62500.0,1,1.0
158,4,1,167915,62500.0,1,1.0
159,4,1,44642,62500.0,1,1.0
160,4,1,7521,62500.0,0,0.0
161,4,1,539101,62500.0,1,1.0
162,4,1,539101,62500.0,1,1.0
163,4,1,539101,62500.0,1,1.0
164,4,1,16155,62500.0,0,0.0
165,4,1,539101,62500.0,1,1.0
166,4,1,44642,62500.0,0,0.0
167,4,1,539101,62500.0,1,1.0
168,4,1,138445,62500.0,0,0.0
169,4,1,44642,62500.0,0,0.0
170,4,1,44642,62500.0,0,0.0
171,4,1,539101,62500.0,1,1.0
172,4,1,539101,62500.0,0,0.0
173,4,1,539101,62500.0,1,1.0
174,4,1,138445,62500.0,0,0.0
175,4,1,167915,62500.0,0,0.0
176,4,1,539101,62500.0,1,1.0
177,4,1,539101,62500.0,1,1.0
178,4,1,539101,62500.0,1,1.0
179,4,1,167915,62500.0,1,1.0
180,4,1,539101,62500.0,1,1.0
181,4,1,72213,62500.0,0,0.0
182,4,1,138445,62500.0,0,0.0
183,4,1,72213,62500.0,0,0.0
184,4,1,539101,62500.0,1,1.0
185,4,1,539101,62500.0,1,1.0
186,4,1,167915,62500.0,0,0.0
187,4,1,167915,62500.0,0,0.0
188,4,1,539101,62500.0,1,1.0
189,4,1,539101,62500.0,1,1.0
190,4,1,72213,62500.0,1,1.0
191,4,1,44642,62500.0,1,1.0
192,4,1,539101,62500.0,1,1.0
193,4,1,539101,62500.0,0,0.0
194,4,1,539101,62500.0,0,0.0
195,4,1,539101,62500.0,0,0.0
196,4,1,539101,62500.0,1,1.0
197,4,1,539101,62500.0,1,1.0
198,4,1,539101,62500.0,1,1.0
199,4,1,539101,62500.0,1,1.0
200,4,1,72213,62500.0,0,0.0
201,4,1,167915,62500.0,0,0.0
202,4,1,539101,62500.0,1,1.0
203,4,1,539101,62500.0,1,1.0
204,4,1,539101,62500.0,1,1.0
205,4,1,44642,62500.0,0,0.0
206,4,1,167915,62500.0,1,1.0
207,4,1,539101,62500.0,1,1.0
208,4,1,138445,62500.0,1,1.0
209,4,1,138445,62500.0,0,0.0
210,4,1,44642,62500.0,1,1.0
211,4,1,167915,62500.0,0,0.0
212,4,1,539101,62500.0,1,1.0
213,4,1,539101,62500.0,0,0.0
214,4,1,539101,62500.0,1,1.0
215,4,1,138445,62500.0,1,1.0
216,4,1,167915,62500.0,0,0.0
217,4,1,539101,62500.0,1,1.0
218,4,1,539101,62500.0,1,1.0
219,4,1,539101,62500.0,1,1.0
220,4,1,539101,62500.0,1,1.0
221,4,1,167915,62500.0,1,1.0
222,4,1,539101,62500.0,1,1.0
223,4,1,539101,62500.0,1,1.0
224,4,1,539101,62500.0,1,1.0
225,4,1,16155,62500.0,0,0.0
226,4,1,539101,62500.0,0,0.0
227,4,1,539101,62500.0,0,0.0
228,4,1,539101,62500.0,1,1.0
229,4,1,539101,62500.0,1,1.0
230,4,1,72213,62500.0,1,1.0
231,4,1,539101,62500.0,1,1.0
232,4,1,44642,62500.0,0,0.0
233,4,1,72213,62500.0,0,0.0
234,4,1,167915,62500.0,0,0.0
235,4,1,539101,62500.0,1,1.0
236,4,1,539101,62500.0,1,1.0
237,4,1,138445,62500.0,0,0.0
238,4,1,72213,62500.0,1,1.0
239,4,1,539101,62500.0,0,0.0
240,4,1,539101,62500.0,1,1.0
241,4,1,539101,62500.0,1,1.0
242,4,1,539101,62500.0,0,0.0
243,4,1,539101,62500.0,1,1.0
244,4,1,539101,62500.0,0,0.0
245,4,1,539101,62500.0,1,1.0
246,4,1,138445,62500.0,1,1.0
247,4,1,539101,62500.0,1,1.0
248,4,1,14008,62500.0,0,0.0
249,4,1,539101,62500.0,1,1.0
250,4,1,539101,62500.0,1,1.0
251,4,1,539101,62500.0,1,1.0
252,4,1,539101,62500.0,1,1.0
253,4,1,138445,62500.0,0,0.0
254,4,1,44642,62500.0,0,0.0
255,4,1,138445,62500.0,0,0.0
256,4,1,138445,62500.0,1,1.0
257,4,1,539101,62500.0,0,0.0
258,4,1,167915,62500.0,0,0.0
259,4,1,539101,62500.0,1,1.0
260,4,1,138445,62500.0,1,1.0
261,4,1,539101,62500.0,0,0.0
262,4,1,138445,62500.0,0,0.0
263,4,1,16155,62500.0,0,0.0
264,4,1,539101,62500.0,1,1.0
265,4,1,72213,62500.0,1,1.0
266,4,1,72213,62500.0,1,1.0
267,4,1,539101,62500.0,1,1.0
268,4,1,138445,62500.0,0,0.0
269,4,1,167915,62500.0,1,1.0
270,4,1,539101,62500.0,0,0.0
271,4,1,167915,62500.0,0,0.0
272,4,1,167915,62500.0,1,1.0
273,4,1,138445,62500.0,0,0.0
274,4,1,138445,62500.0,0,0.0
275,4,1,539101,62500.0,1,1.0
276,4,1,539101,62500.0,1,1.0
277,4,1,138445,62500.0,0,0.0
278,4,1,539101,62500.0,0,0.0
279,4,1,539101,62500.0,1,1.0
280,4,1,167915,62500.0,1,1.0
281,4,1,539101,62500.0,1,1.0
282,4,1,539101,62500.0,1,1.0
283,4,1,539101,62500.0,1,1.0
284,4,1,167915,62500.0,0,0.0
285,4,1,138445,62500.0,0,0.0
286,4,1,44642,62500.0,1,1.0
287,4,1,138445,62500.0,1,1.0
288,4,1,539101,62500.0,1,1.0
289,4,1,167915,62500.0,1,1.0
290,4,1,539101,62500.0,1,1.0
291,4,1,138445,62500.0,1,1.0
292,4,1,138445,62500.0,0,0.0
293,4,1,16155,62500.0,0,0.0
294,4,1,539101,62500.0,1,1.0
295,4,1,167915,62500.0,1,1.0
296,4,1,167915,62500.0,0,0.0
297,4,1,44642,62500.0,0,0.0
298,4,1,539101,62500.0,0,0.0
299,4,1,167915,62500.0,1,1.0
300,4,1,138445,62500.0,0,0.0
301,4,1,138445,62500.0,1,1.0
302,4,1,44642,62500.0,0,0.0
303,4,1,138445,62500.0,0,0.0
304,4,1,44642,62500.0,0,0.0
305,4,1,539101,62500.0,1,1.0
306,4,1,167915,62500.0,1,1.0
307,4,1,72213,62500.0,0,0.0
308,4,1,167915,62500.0,0,0.0
309,4,1,539101,62500.0,1,1.0
310,4,1,138445,62500.0,1,1.0
311,4,1,7521,62500.0,1,1.0
312,4,1,539101,62500.0,1,1.0
313,4,1,539101,62500.0,1,1.0
314,4,1,44642,62500.0,0,0.0
315,4,1,539101,62500.0,1,1.0
316,4,1,167915,62500.0,1,1.0
317,4,1,167915,62500.0,0,0.0
318,4,1,539101,62500.0,1,1.0
319,4,1,44642,62500.0,0,0.0
320,4,1,44642,62500.0,0,0.0
321,4,1,72213,62500.0,0,0.0
322,4,1,72213,62500.0,0,0.0
323,4,1,539101,62500.0,1,1.0
324,4,1,539101,62500.0,1,1.0
325,4,1,138445,62500.0,0,0.0
326,4,1,539101,62500.0,1,1.0
327,4,1,138445,62500.0,0,0.0
328,4,1,539101,62500.0,1,1.0
329,4,1,44642,62500.0,0,0.0
330,4,1,539101,62500.0,1,1.0
331,4,1,138445,62500.0,1,1.0
332,4,1,539101,62500.0,1,1.0
333,4,1,539101,62500.0,1,1.0
334,4,1,539101,62500.0,0,0.0
335,4,1,539101,62500.0,1,1.0
336,4,1,138445,62500.0,0,0.0
337,4,1,72213,62500.0,1,1.0
338,4,1,138445,62500.0,1,1.0
339,4,1,539101,62500.0,0,0.0
340,4,1,167915,62500.0,0,0.0
341,4,1,539101,62500.0,0,0.0
342,4,1,138445,62500.0,1,1.0
343,4,1,539101,62500.0,1,1.0
344,4,1,539101,62500.0,0,0.0
345,4,1,539101,62500.0,1,1.0
346,4,1,539101,62500.0,1,1.0
347,4,1,539101,62500.0,1,1.0
348,4,1,539101,62500.0,0,0.0
349,4,1,539101,62500.0,0,0.0
350,4,1,16155,62500.0,0,0.0
351,4,1,44642,62500.0,1,1.0
352,4,1,138445,62500.0,0,0.0
353,4,1,138445,62500.0,0,0.0
354,4,1,539101,62500.0,1,1.0
355,4,1,539101,62500.0,1,1.0
356,4,1,539101,62500.0,1,1.0
357,4,1,138445,62500.0,0,0.0
358,4,1,44642,62500.0,1,1.0
359,4,1,539101,62500.0,1,1.0
360,4,1,138445,62500.0,1,1.0
361,4,1,167915,62500.0,1,1.0
362,4,1,44642,62500.0,0,0.0
363,4,1,539101,62500.0,1,1.0
364,4,1,539101,62500.0,1,1.0
365,4,1,14008,62500.0,0,0.0
366,4,1,539101,62500.0,1,1.0
367,4,1,167915,62500.0,0,0.0
368,4,1,44642,62500.0,0,0.0
369,4,1,44642,62500.0,1,1.0
370,4,1,14008,62500.0,0,0.0
371,4,1,16155,62500.0,1,1.0
372,4,1,138445,62500.0,1,1.0
373,4,1,44642,62500.0,0,0.0
374,4,1,539101,62500.0,1,1.0
375,4,1,167915,62500.0,0,0.0
376,4,1,539101,62500.0,1,1.0
377,4,1,167915,62500.0,1,1.0
378,4,1,72213,62500.0,0,0.0
379,4,1,539101,62500.0,0,0.0
380,4,1,138445,62500.0,0,0.0
381,4,1,72213,62500.0,0,0.0
382,4,1,167915,62500.0,1,1.0
383,4,1,539101,62500.0,0,0.0
384,4,1,138445,62500.0,0,0.0
385,4,1,539101,62500.0,0,0.0
386,4,1,539101,62500.0,1,1.0
387,4,1,167915,62500.0,1,1.0
388,4,1,16155,62500.0,1,1.0
389,4,1,539101,62500.0,1,1.0
390,4,1,539101,62500.0,1,1.0
391,4,1,539101,62500.0,1,1.0
392,4,1,72213,62500.0,0,0.0
393,4,1,539101,62500.0,0,0.0
394,4,1,539101,62500.0,1,1.0
395,4,1,539101,62500.0,1,1.0
396,4,1,44642,62500.0,1,1.0
397,4,1,539101,62500.0,1,1.0
398,4,1,539101,62500.0,1,1.0
399,4,1,72213,62500.0,1,1.0
400,4,1,14008,62500.0,0,0.0
401,4,1,539101,62500.0,0,0.0
402,4,1,539101,62500.0,1,1.0
403,4,1,167915,62500.0,1,1.0
404,4,1,138445,62500.0,1,1.0
405,4,1,539101,62500.0,1,1.0
406,4,1,167915,62500.0,1,1.0
407,4,1,539101,62500.0,1,1.0
408,4,1,539101,62500.0,1,1.0
409,4,1,539101,62500.0,1,1.0
410,4,1,539101,62500.0,0,0.0
411,4,1,16155,62500.0,1,1.0
412,4,1,16155,62500.0,0,0.0
413,4,1,72213,62500.0,0,0.0
414,4,1,539101,62500.0,1,1.0
415,4,1,539101,62500.0,1,1.0
416,4,1,539101,62500.0,1,1.0
417,4,1,138445,62500.0,1,1.0
418,4,1,72213,62500.0,0,0.0
419,4,1,539101,62500.0,1,1.0
420,4,1,44642,62500.0,0,0.0
421,4,1,72213,62500.0,0,0.0
422,4,1,539101,62500.0,1,1.0
423,4,1,167915,62500.0,1,1.0
424,4,1,138445,62500.0,1,1.0
425,4,1,167915,62500.0,1,1.0
426,4,1,539101,62500.0,1,1.0
427,4,1,167915,62500.0,0,0.0
428,4,1,138445,62500.0,1,1.0
429,4,1,167915,62500.0,0,0.0
430,4,1,539101,62500.0,1,1.0
431,4,1,539101,62500.0,1,1.0
432,4,1,167915,62500.0,1,1.0
433,4,1,16155,62500.0,0,0.0
434,4,1,539101,62500.0,1,1.0
435,4,1,167915,62500.0,0,0.0
436,4,1,16155,62500.0,0,0.0
437,4,1,44642,62500.0,0,0.0
438,4,1,167915,62500.0,1,1.0
439,4,1,539101,62500.0,1,1.0
440,4,1,539101,62500.0,0,0.0
441,4,1,539101,62500.0,1,1.0
442,4,1,167915,62500.0,1,1.0
443,4,1,44642,62500.0,0,0.0
444,4,1,138445,62500.0,1,1.0
445,4,1,539101,62500.0,1,1.0
446,4,1,539101,62500.0,1,1.0
447,4,1,539101,62500.0,1,1.0
448,4,1,138445,62500.0,1,1.0
449,4,1,167915,62500.0,0,0.0
450,4,1,539101,62500.0,1,1.0
451,4,1,138445,62500.0,1,1.0
452,4,1,539101,62500.0,0,0.0
453,4,1,138445,62500.0,0,0.0
454,4,1,167915,62500.0,0,0.0
455,4,1,16155,62500.0,1,1.0
456,4,1,167915,62500.0,0,0.0
457,4,1,539101,62500.0,1,1.0
458,4,1,44642,62500.0,0,0.0
459,4,1,539101,62500.0,1,1.0
460,4,1,138445,62500.0,1,1.0
461,4,1,44642,62500.0,0,0.0
462,4,1,72213,62500.0,0,0.0
463,4,1,167915,62500.0,1,1.0
464,4,1,539101,62500.0,1,1.0
465,4,1,167915,62500.0,0,0.0
466,4,1,539101,62500.0,1,1.0
467,4,1,72213,62500.0,0,0.0
468,4,1,138445,62500.0,0,0.0
469,4,1,167915,62500.0,0,0.0
470,4,1,138445,62500.0,1,1.0
471,4,1,539101,62500.0,0,0.0
472,4,1,138445,62500.0,0,0.0
473,4,1,44642,62500.0,0,0.0
474,4,1,539101,62500.0,0,0.0
475,4,1,539101,62500.0,1,1.0
476,4,1,167915,62500.0,0,0.0
477,4,1,44642,62500.0,1,1.0
478,4,1,72213,62500.0,1,1.0
479,4,1,539101,62500.0,1,1.0
480,4,1,539101,62500.0,1,1.0
481,4,1,14008,62500.0,0,0.0
482,4,1,138445,62500.0,1,1.0
483,4,1,16155,62500.0,0,0.0
484,4,1,7521,62500.0,0,0.0
485,4,1,44642,62500.0,0,0.0
486,4,1,72213,62500.0,0,0.0
487,4,1,539101,62500.0,1,1.0
488,4,1,167915,62500.0,0,0.0
489,4,1,539101,62500.0,1,1.0
490,4,1,44642,62500.0,0,0.0
491,4,1,539101,62500.0,1,1.0
492,4,1,16155,62500.0,1,1.0
493,4,1,138445,62500.0,0,0.0
494,4,1,44642,62500.0,0,0.0
495,4,1,167915,62500.0,1,1.0
496,4,1,539101,62500.0,1,1.0
497,4,1,138445,62500.0,0,0.0
498,4,1,539101,62500.0,1,1.0
499,4,1,539101,62500.0,1,1.0
500,4,1,72213,62500.0,1,1.0
501,4,1,14008,62500.0,1,1.0
502,4,1,539101,62500.0,1,1.0
503,4,1,539101,62500.0,1,1.0
504,4,1,167915,62500.0,1,1.0
505,4,1,14008,62500.0,0,0.0
506,4,1,167915,62500.0,1,1.0
507,4,1,167915,62500.0,1,1.0
508,4,1,539101,62500.0,1,1.0
509,4,1,44642,62500.0,1,1.0
510,4,1,539101,62500.0,1,1.0
511,4,1,167915,62500.0,1,1.0
512,4,1,167915,62500.0,1,1.0
513,4,1,167915,62500.0,1,1.0
514,4,1,138445,62500.0,0,0.0
515,4,1,167915,62500.0,1,1.0
516,4,1,7521,62500.0,1,1.0
517,4,1,539101,62500.0,1,1.0
518,4,1,167915,62500.0,1,1.0
519,4,1,14008,62500.0,1,1.0
520,4,1,539101,62500.0,0,0.0
521,4,1,539101,62500.0,1,1.0
522,4,1,16155,62500.0,0,0.0
523,4,1,539101,62500.0,1,1.0
524,4,1,138445,62500.0,0,0.0
525,4,1,539101,62500.0,1,1.0
526,4,1,72213,62500.0,0,0.0
527,4,1,7521,62500.0,0,0.0
528,4,1,539101,62500.0,0,0.0
529,4,1,72213,62500.0,1,1.0
530,4,1,72213,62500.0,0,0.0
531,4,1,539101,62500.0,1,1.0
532,4,1,539101,62500.0,1,1.0
533,4,1,14008,62500.0,0,0.0
534,4,1,72213,62500.0,0,0.0
535,4,1,539101,62500.0,1,1.0
536,4,1,44642,62500.0,0,0.0
537,4,1,539101,62500.0,0,0.0
538,4,1,539101,62500.0,0,0.0
539,4,1,44642,62500.0,0,0.0
540,4,1,72213,62500.0,0,0.0
541,4,1,167915,62500.0,1,1.0
542,4,1,167915,62500.0,1,1.0
543,4,1,44642,62500.0,1,1.0
544,4,1,539101,62500.0,0,0.0
545,4,1,539101,62500.0,1,1.0
546,4,1,539101,62500.0,1,1.0
547,4,1,138445,62500.0,0,0.0
548,4,1,7521,62500.0,0,0.0
549,4,1,14008,62500.0,1,1.0
550,4,1,539101,62500.0,1,1.0
551,4,1,539101,62500.0,1,1.0
552,4,1,14008,62500.0,1,1.0
553,4,1,72213,62500.0,1,1.0
554,4,1,72213,62500.0,0,0.0
555,4,1,167915,62500.0,1,1.0
556,4,1,539101,62500.0,1,1.0
557,4,1,539101,62500.0,0,0.0
558,4,1,539101,62500.0,1,1.0
559,4,1,167915,62500.0,1,1.0
560,4,1,167915,62500.0,0,0.0
561,4,1,138445,62500.0,0,0.0
562,4,1,539101,62500.0,1,1.0
563,4,1,138445,62500.0,0,0.0
564,4,1,7521,62500.0,0,0.0
565,4,1,138445,62500.0,0,0.0
566,4,1,16155,62500.0,0,0.0
567,4,1,138445,62500.0,0,0.0
568,4,1,539101,62500.0,1,1.0
569,4,1,539101,62500.0,1,1.0
570,4,1,539101,62500.0,1,1.0
571,4,1,167915,62500.0,1,1.0
572,4,1,539101,62500.0,1,1.0
573,4,1,138445,62500.0,1,1.0
574,4,1,539101,62500.0,1,1.0
575,4,1,539101,62500.0,1,1.0
576,4,1,138445,62500.0,0,0.0
577,4,1,138445,62500.0,0,0.0
578,4,1,539101,62500.0,1,1.0
579,4,1,72213,62500.0,1,1.0
580,4,1,539101,62500.0,1,1.0
581,4,1,16155,62500.0,1,1.0
582,4,1,539101,62500.0,1,1.0
583,4,1,539101,62500.0,1,1.0
584,4,1,539101,62500.0,1,1.0
585,4,1,539101,62500.0,1,1.0
586,4,1,167915,62500.0,1,1.0
587,4,1,539101,62500.0,1,1.0
588,4,1,138445,62500.0,0,0.0
589,4,1,539101,62500.0,1,1.0
590,4,1,539101,62500.0,0,0.0
591,4,1,539101,62500.0,0,0.0
592,4,1,539101,62500.0,0,0.0
593,4,1,539101,62500.0,1,1.0
594,4,1,539101,62500.0,1,1.0
595,4,1,167915,62500.0,1,1.0
596,4,1,539101,62500.0,1,1.0
597,4,1,138445,62500.0,0,0.0
598,4,1,138445,62500.0,0,0.0
599,4,1,167915,62500.0,1,1.0
600,4,1,167915,62500.0,1,1.0
601,4,1,539101,62500.0,1,1.0
602,4,1,138445,62500.0,1,1.0
603,4,1,539101,62500.0,0,0.0
604,4,1,167915,62500.0,1,1.0
605,4,1,138445,62500.0,0,0.0
606,4,1,138445,62500.0,1,1.0
607,4,1,44642,62500.0,0,0.0
608,4,1,138445,62500.0,1,1.0
609,4,1,138445,62500.0,1,1.0
610,4,1,16155,62500.0,0,0.0
611,4,1,539101,62500.0,1,1.0
612,4,1,72213,62500.0,1,1.0
613,4,1,138445,62500.0,0,0.0
614,4,1,539101,62500.0,0,0.0
615,4,1,539101,62500.0,1,1.0
616,4,1,539101,62500.0,1,1.0
617,4,1,44642,62500.0,0,0.0
618,4,1,44642,62500.0,0,0.0
619,4,1,138445,62500.0,1,1.0
620,4,1,539101,62500.0,1,1.0
621,4,1,539101,62500.0,0,0.0
622,4,1,539101,62500.0,1,1.0
623,4,1,539101,62500.0,1,1.0
624,4,1,539101,62500.0,0,0.0
625,4,1,539101,62500.0,1,1.0
626,4,1,539101,62500.0,1,1.0
627,4,1,539101,62500.0,1,1.0
628,4,1,539101,62500.0,1,1.0
629,4,1,539101,62500.0,1,1.0
630,4,1,167915,62500.0,0,0.0
631,4,1,167915,62500.0,0,0.0
632,4,1,539101,62500.0,1,1.0
633,4,1,167915,62500.0,1,1.0
634,4,1,138445,62500.0,0,0.0
635,4,1,14008,62500.0,0,0.0
636,4,1,539101,62500.0,1,1.0
637,4,1,539101,62500.0,1,1.0
638,4,1,138445,62500.0,0,0.0
639,4,1,539101,62500.0,1,1.0
640,4,1,539101,62500.0,1,1.0
641,4,1,138445,62500.0,1,1.0
642,4,1,138445,62500.0,0,0.0
643,4,1,539101,62500.0,1,1.0
644,4,1,539101,62500.0,1,1.0
645,4,1,167915,62500.0,1,1.0
646,4,1,539101,62500.0,1,1.0
647,4,1,539101,62500.0,1,1.0
648,4,1,539101,62500.0,1,1.0
649,4,1,539101,62500.0,1,1.0
650,4,1,167915,62500.0,0,0.0
651,4,1,539101,62500.0,1,1.0
652,4,1,539101,62500.0,1,1.0
653,4,1,44642,62500.0,0,0.0
654,4,1,539101,62500.0,1,1.0
655,4,1,138445,62500.0,1,1.0
656,4,1,167915,62500.0,0,0.0
657,4,1,72213,62500.0,0,0.0
658,4,1,167915,62500.0,1,1.0
659,4,1,539101,62500.0,0,0.0
660,4,1,72213,62500.0,0,0.0
661,4,1,539101,62500.0,1,1.0
662,4,1,138445,62500.0,0,0.0
663,4,1,44642,62500.0,1,1.0
664,4,1,539101,62500.0,1,1.0
665,4,1,539101,62500.0,1,1.0
666,4,1,72213,62500.0,0,0.0
667,4,1,539101,62500.0,1,1.0
668,4,1,539101,62500.0,1,1.0
669,4,1,539101,62500.0,1,1.0
670,4,1,138445,62500.0,1,1.0
671,4,1,539101,62500.0,1,1.0
672,4,1,167915,62500.0,0,0.0
673,4,1,539101,62500.0,1,1.0
674,4,1,167915,62500.0,0,0.0
675,4,1,539101,62500.0,1,1.0
676,4,1,539101,62500.0,0,0.0
677,4,1,539101,62500.0,1,1.0
678,4,1,167915,62500.0,0,0.0
679,4,1,539101,62500.0,0,0.0
680,4,1,539101,62500.0,1,1.0
681,4,1,539101,62500.0,1,1.0
682,4,1,539101,62500.0,1,1.0
683,4,1,539101,62500.0,1,1.0
684,4,1,539101,62500.0,1,1.0
685,4,1,539101,62500.0,1,1.0
686,4,1,539101,62500.0,1,1.0
687,4,1,539101,62500.0,1,1.0
688,4,1,44642,62500.0,0,0.0
689,4,1,539101,62500.0,1,1.0
690,4,1,167915,62500.0,0,0.0
691,4,1,72213,62500.0,1,1.0
692,4,1,539101,62500.0,1,1.0
693,4,1,539101,62500.0,0,0.0
694,4,1,44642,62500.0,1,1.0
695,4,1,14008,62500.0,1,1.0
696,4,1,539101,62500.0,1,1.0
697,4,1,539101,62500.0,1,1.0
698,4,1,539101,62500.0,0,0.0
699,4,1,167915,62500.0,0,0.0
700,4,1,138445,62500.0,0,0.0
701,4,1,539101,62500.0,1,1.0
702,4,1,539101,62500.0,1,1.0
703,4,1,539101,62500.0,0,0.0
704,4,1,138445,62500.0,0,0.0
705,4,1,539101,62500.0,1,1.0
706,4,1,44642,62500.0,0,0.0
707,4,1,138445,62500.0,1,1.0
708,4,1,539101,62500.0,1,1.0
709,4,1,167915,62500.0,1,1.0
710,4,1,167915,62500.0,1,1.0
711,4,1,16155,62500.0,1,1.0
712,4,1,539101,62500.0,1,1.0
713,4,1,539101,62500.0,1,1.0
714,4,1,138445,62500.0,1,1.0
715,4,1,539101,62500.0,1,1.0
716,4,1,44642,62500.0,1,1.0
717,4,1,539101,62500.0,1,1.0
718,4,1,167915,62500.0,0,0.0
719,4,1,72213,62500.0,1,1.0
720,4,1,72213,62500.0,1,1.0
721,4,1,16155,62500.0,0,0.0
722,4,1,44642,62500.0,0,0.0
723,4,1,539101,62500.0,1,1.0
724,4,1,16155,62500.0,0,0.0
725,4,1,44642,62500.0,0,0.0
726,4,1,539101,62500.0,0,0.0
727,4,1,539101,62500.0,1,1.0
728,4,1,539101,62500.0,1,1.0
729,4,1,167915,62500.0,0,0.0
730,4,1,539101,62500.0,0,0.0
731,4,1,539101,62500.0,1,1.0
732,4,1,44642,62500.0,1,1.0
733,4,1,539101,62500.0,0,0.0
734,4,1,167915,62500.0,0,0.0
735,4,1,72213,62500.0,0,0.0
736,4,1,167915,62500.0,0,0.0
737,4,1,138445,62500.0,1,1.0
738,4,1,72213,62500.0,0,0.0
739,4,1,44642,62500.0,0,0.0
740,4,1,539101,62500.0,1,1.0
741,4,1,167915,62500.0,1,1.0
742,4,1,539101,62500.0,1,1.0
743,4,1,539101,62500.0,1,1.0
744,4,1,539101,62500.0,1,1.0
745,4,1,138445,62500.0,0,0.0
746,4,1,539101,62500.0,1,1.0
747,4,1,167915,62500.0,0,0.0
748,4,1,167915,62500.0,1,1.0
749,4,1,44642,62500.0,1,1.0
750,4,1,44642,62500.0,0,0.0
751,4,1,539101,62500.0,1,1.0
752,4,1,138445,62500.0,1,1.0
753,4,1,539101,62500.0,1,1.0
754,4,1,138445,62500.0,0,0.0
755,4,1,138445,62500.0,0,0.0
756,4,1,539101,62500.0,1,1.0
757,4,1,138445,62500.0,1,1.0
758,4,1,138445,62500.0,0,0.0
759,4,1,539101,62500.0,0,0.0
760,4,1,539101,62500.0,0,0.0
761,4,1,44642,62500.0,0,0.0
762,4,1,539101,62500.0,1,1.0
763,4,1,539101,62500.0,0,0.0
764,4,1,167915,62500.0,1,1.0
765,4,1,539101,62500.0,1,1.0
766,4,1,72213,62500.0,0,0.0
767,4,1,167915,62500.0,0,0.0
768,4,1,72213,62500.0,1,1.0
769,4,1,539101,62500.0,1,1.0
770,4,1,539101,62500.0,0,0.0
771,4,1,138445,62500.0,1,1.0
772,4,1,539101,62500.0,1,1.0
773,4,1,539101,62500.0,0,0.0
774,4,1,167915,62500.0,0,0.0
775,4,1,72213,62500.0,1,1.0
776,4,1,16155,62500.0,1,1.0
777,4,1,44642,62500.0,0,0.0
778,4,1,167915,62500.0,1,1.0
779,4,1,539101,62500.0,1,1.0
780,4,1,138445,62500.0,1,1.0
781,4,1,167915,62500.0,0,0.0
782,4,1,72213,62500.0,1,1.0
783,4,1,16155,62500.0,1,1.0
784,4,1,167915,62500.0,1,1.0
785,4,1,539101,62500.0,1,1.0
786,4,1,539101,62500.0,1,1.0
787,4,1,539101,62500.0,1,1.0
788,4,1,539101,62500.0,1,1.0
789,4,1,539101,62500.0,1,1.0
790,4,1,539101,62500.0,1,1.0
791,4,1,167915,62500.0,1,1.0
792,4,1,539101,62500.0,1,1.0
793,4,1,539101,62500.0,1,1.0
794,4,1,44642,62500.0,0,0.0
795,4,1,72213,62500.0,1,1.0
796,4,1,539101,62500.0,0,0.0
797,4,1,72213,62500.0,0,0.0
798,4,1,539101,62500.0,0,0.0
799,4,1,167915,62500.0,0,0.0
800,4,1,7521,62500.0,0,0.0
801,4,1,539101,62500.0,1,1.0
802,4,1,167915,62500.0,0,0.0
803,4,1,138445,62500.0,0,0.0
804,4,1,539101,62500.0,0,0.0
805,4,1,539101,62500.0,0,0.0
806,4,1,539101,62500.0,1,1.0
807,4,1,72213,62500.0,0,0.0
808,4,1,539101,62500.0,1,1.0
809,4,1,539101,62500.0,1,1.0
810,4,1,539101,62500.0,1,1.0
811,4,1,539101,62500.0,1,1.0
812,4,1,539101,62500.0,1,1.0
813,4,1,539101,62500.0,1,1.0
814,4,1,539101,62500.0,1,1.0
815,4,1,138445,62500.0,0,0.0
816,4,1,44642,62500.0,0,0.0
817,4,1,539101,62500.0,1,1.0
818,4,1,72213,62500.0,0,0.0
819,4,1,167915,62500.0,1,1.0
820,4,1,539101,62500.0,1,1.0
821,4,1,539101,62500.0,1,1.0
822,4,1,539101,62500.0,1,1.0
823,4,1,138445,62500.0,0,0.0
824,4,1,539101,62500.0,1,1.0
825,4,1,539101,62500.0,0,0.0
826,4,1,539101,62500.0,1,1.0
827,4,1,539101,62500.0,1,1.0
828,4,1,539101,62500.0,1,1.0
829,4,1,138445,62500.0,1,1.0
830,4,1,539101,62500.0,1,1.0
831,4,1,167915,62500.0,1,1.0
832,4,1,7521,62500.0,0,0.0
833,4,1,539101,62500.0,1,1.0
834,4,1,539101,62500.0,1,1.0
835,4,1,539101,62500.0,1,1.0
836,4,1,167915,62500.0,0,0.0
837,4,1,539101,62500.0,1,1.0
838,4,1,539101,62500.0,1,1.0
839,4,1,539101,62500.0,1,1.0
840,4,1,539101,62500.0,1,1.0
841,4,1,44642,62500.0,1,1.0
842,4,1,167915,62500.0,0,0.0
843,4,1,539101,62500.0,1,1.0
844,4,1,539101,62500.0,1,1.0
845,4,1,539101,62500.0,1,1.0
846,4,1,539101,62500.0,1,1.0
847,4,1,539101,62500.0,1,1.0
848,4,1,539101,62500.0,1,1.0
849,4,1,167915,62500.0,1,1.0
850,4,1,138445,62500.0,0,0.0
851,4,1,539101,62500.0,1,1.0
852,4,1,539101,62500.0,0,0.0
853,4,1,539101,62500.0,1,1.0
854,4,1,539101,62500.0,1,1.0
855,4,1,167915,62500.0,1,1.0
856,4,1,539101,62500.0,1,1.0
857,4,1,539101,62500.0,0,0.0
858,4,1,539101,62500.0,1,1.0
859,4,1,138445,62500.0,0,0.0
860,4,1,72213,62500.0,0,0.0
861,4,1,44642,62500.0,0,0.0
862,4,1,539101,62500.0,0,0.0
863,4,1,7521,62500.0,0,0.0
864,4,1,44642,62500.0,0,0.0
865,4,1,539101,62500.0,1,1.0
866,4,1,539101,62500.0,1,1.0
867,4,1,138445,62500.0,1,1.0
868,4,1,539101,62500.0,1,1.0
869,4,1,539101,62500.0,1,1.0
870,4,1,539101,62500.0,1,1.0
871,4,1,539101,62500.0,1,1.0
872,4,1,44642,62500.0,1,1.0
873,4,1,44642,62500.0,0,0.0
874,4,1,539101,62500.0,1,1.0
875,4,1,138445,62500.0,0,0.0
876,4,1,44642,62500.0,1,1.0
877,4,1,138445,62500.0,1,1.0
878,4,1,539101,62500.0,1,1.0
879,4,1,72213,62500.0,0,0.0
880,4,1,167915,62500.0,0,0.0
881,4,1,539101,62500.0,0,0.0
882,4,1,138445,62500.0,1,1.0
883,4,1,539101,62500.0,0,0.0
884,4,1,539101,62500.0,0,0.0
885,4,1,167915,62500.0,1,1.0
886,4,1,44642,62500.0,1,1.0
887,4,1,138445,62500.0,0,0.0
888,4,1,539101,62500.0,1,1.0
889,4,1,167915,62500.0,0,0.0
890,4,1,539101,62500.0,0,0.0
891,4,1,539101,62500.0,1,1.0
892,4,1,138445,62500.0,0,0.0
893,4,1,539101,62500.0,1,1.0
894,4,1,539101,62500.0,1,1.0
895,4,1,44642,62500.0,1,1.0
896,4,1,14008,62500.0,0,0.0
897,4,1,539101,62500.0,1,1.0
898,4,1,167915,62500.0,0,0.0
899,4,1,167915,62500.0,1,1.0
900,4,1,138445,62500.0,0,0.0
901,4,1,539101,62500.0,1,1.0
902,4,1,167915,62500.0,0,0.0
903,4,1,539101,62500.0,1,1.0
904,4,1,539101,62500.0,1,1.0
905,4,1,539101,62500.0,1,1.0
906,4,1,44642,62500.0,1,1.0
907,4,1,138445,62500.0,1,1.0
908,4,1,539101,62500.0,1,1.0
909,4,1,167915,62500.0,0,0.0
910,4,1,539101,62500.0,0,0.0
911,4,1,44642,62500.0,0,0.0
912,4,1,539101,62500.0,1,1.0
913,4,1,72213,62500.0,0,0.0
914,4,1,167915,62500.0,0,0.0
915,4,1,539101,62500.0,1,1.0
916,4,1,167915,62500.0,0,0.0
917,4,1,539101,62500.0,1,1.0
918,4,1,16155,62500.0,0,0.0
919,4,1,72213,62500.0,0,0.0
920,4,1,539101,62500.0,0,0.0
921,4,1,539101,62500.0,1,1.0
922,4,1,138445,62500.0,1,1.0
923,4,1,16155,62500.0,0,0.0
924,4,1,539101,62500.0,1,1.0
925,4,1,539101,62500.0,1,1.0
926,4,1,539101,62500.0,1,1.0
927,4,1,539101,62500.0,1,1.0
928,4,1,539101,62500.0,1,1.0
929,4,1,539101,62500.0,1,1.0
930,4,1,44642,62500.0,1,1.0
931,4,1,167915,62500.0,1,1.0
932,4,1,539101,62500.0,1,1.0
933,4,1,539101,62500.0,1,1.0
934,4,1,72213,62500.0,0,0.0
935,4,1,138445,62500.0,1,1.0
936,4,1,138445,62500.0,0,0.0
937,4,1,167915,62500.0,1,1.0
938,4,1,539101,62500.0,1,1.0
939,4,1,16155,62500.0,0,0.0
940,4,1,167915,62500.0,1,1.0
941,4,1,539101,62500.0,1,1.0
942,4,1,539101,62500.0,0,0.0
943,4,1,539101,62500.0,1,1.0
944,4,1,539101,62500.0,1,1.0
945,4,1,72213,62500.0,0,0.0
946,4,1,167915,62500.0,0,0.0
947,4,1,44642,62500.0,1,1.0
948,4,1,138445,62500.0,0,0.0
949,4,1,138445,62500.0,0,0.0
950,4,1,539101,62500.0,1,1.0
951,4,1,539101,62500.0,1,1.0
952,4,1,539101,62500.0,1,1.0
953,4,1,539101,62500.0,1,1.0
954,4,1,539101,62500.0,1,1.0
955,4,1,539101,62500.0,1,1.0
956,4,1,539101,62500.0,1,1.0
957,4,1,138445,62500.0,0,0.0
958,4,1,44642,62500.0,0,0.0
959,4,1,72213,62500.0,1,1.0
960,4,1,72213,62500.0,1,1.0
961,4,1,539101,62500.0,1,1.0
962,4,1,539101,62500.0,0,0.0
963,4,1,14008,62500.0,0,0.0
964,4,1,539101,62500.0,1,1.0
965,4,1,539101,62500.0,1,1.0
966,4,1,138445,62500.0,0,0.0
967,4,1,539101,62500.0,1,1.0
968,4,1,138445,62500.0,0,0.0
969,4,1,72213,62500.0,0,0.0
970,4,1,167915,62500.0,1,1.0
971,4,1,44642,62500.0,0,0.0
972,4,1,539101,62500.0,0,0.0
973,4,1,167915,62500.0,0,0.0
974,4,1,167915,62500.0,1,1.0
975,4,1,14008,62500.0,1,1.0
976,4,1,167915,62500.0,0,0.0
977,4,1,167915,62500.0,1,1.0
978,4,1,539101,62500.0,1,1.0
979,4,1,539101,62500.0,1,1.0
980,4,1,72213,62500.0,0,0.0
981,4,1,539101,62500.0,1,1.0
982,4,1,539101,62500.0,1,1.0
983,4,1,539101,62500.0,1,1.0
984,4,1,138445,62500.0,1,1.0
985,4,1,539101,62500.0,1,1.0
986,4,1,167915,62500.0,1,1.0
987,4,1,138445,62500.0,1,1.0
988,4,1,539101,62500.0,1,1.0
989,4,1,167915,62500.0,1,1.0
990,4,1,539101,62500.0,1,1.0
991,4,1,14008,62500.0,1,1.0
992,4,1,539101,62500.0,0,0.0
993,4,1,14008,62500.0,1,1.0
994,4,1,44642,62500.0,0,0.0
995,4,1,539101,62500.0,1,1.0
996,4,1,539101,62500.0,1,1.0
997,4,1,72213,62500.0,0,0.0
998,4,1,539101,62500.0,0,0.0
999,4,1,539101,62500.0,1,1.0
0,4,10,138445,62500.0,4,0.4
1,4,10,44642,62500.0,5,0.5
2,4,10,167915,62500.0,4,0.4
3,4,10,7521,62500.0,5,0.5
4,4,10,539101,62500.0,9,0.9
5,4,10,539101,62500.0,9,0.9
6,4,10,167915,62500.0,5,0.5
7,4,10,138445,62500.0,6,0.6
8,4,10,539101,62500.0,9,0.9
9,4,10,44642,62500.0,2,0.2
10,4,10,138445,62500.0,3,0.3
11,4,10,16155,62500.0,0,0.0
12,4,10,539101,62500.0,5,0.5
13,4,10,44642,62500.0,1,0.1
14,4,10,167915,62500.0,5,0.5
15,4,10,72213,62500.0,1,0.1
16,4,10,167915,62500.0,5,0.5
17,4,10,539101,62500.0,10,1.0
18,4,10,539101,62500.0,10,1.0
19,4,10,138445,62500.0,1,0.1
20,4,10,539101,62500.0,10,1.0
21,4,10,539101,62500.0,10,1.0
22,4,10,44642,62500.0,1,0.1
23,4,10,167915,62500.0,1,0.1
24,4,10,44642,62500.0,5,0.5
25,4,10,539101,62500.0,6,0.6
26,4,10,167915,62500.0,9,0.9
27,4,10,539101,62500.0,9,0.9
28,4,10,138445,62500.0,3,0.3
29,4,10,539101,62500.0,9,0.9
30,4,10,138445,62500.0,2,0.2
31,4,10,539101,62500.0,10,1.0
32,4,10,44642,62500.0,0,0.0
33,4,10,167915,62500.0,4,0.4
34,4,10,167915,62500.0,5,0.5
35,4,10,539101,62500.0,7,0.7
36,4,10,138445,62500.0,0,0.0
37,4,10,539101,62500.0,4,0.4
38,4,10,539101,62500.0,9,0.9
39,4,10,167915,62500.0,3,0.3
40,4,10,539101,62500.0,6,0.6
41,4,10,539101,62500.0,9,0.9
42,4,10,167915,62500.0,5,0.5
43,4,10,539101,62500.0,10,1.0
44,4,10,14008,62500.0,7,0.7
45,4,10,167915,62500.0,4,0.4
46,4,10,138445,62500.0,1,0.1
47,4,10,539101,62500.0,10,1.0
48,4,10,539101,62500.0,5,0.5
49,4,10,167915,62500.0,2,0.2
50,4,10,167915,62500.0,4,0.4
51,4,10,539101,62500.0,10,1.0
52,4,10,539101,62500.0,6,0.6
53,4,10,539101,62500.0,8,0.8
54,4,10,539101,62500.0,10,1.0
55,4,10,44642,62500.0,0,0.0
56,4,10,539101,62500.0,10,1.0
57,4,10,16155,62500.0,1,0.1
58,4,10,167915,62500.0,2,0.2
59,4,10,539101,62500.0,8,0.8
60,4,10,167915,62500.0,10,1.0
61,4,10,539101,62500.0,10,1.0
62,4,10,539101,62500.0,7,0.7
63,4,10,539101,62500.0,7,0.7
64,4,10,539101,62500.0,9,0.9
65,4,10,539101,62500.0,8,0.8
66,4,10,138445,62500.0,5,0.5
67,4,10,72213,62500.0,10,1.0
68,4,10,138445,62500.0,2,0.2
69,4,10,167915,62500.0,0,0.0
70,4,10,44642,62500.0,3,0.3
71,4,10,539101,62500.0,3,0.3
72,4,10,539101,62500.0,2,0.2
73,4,10,167915,62500.0,3,0.3
74,4,10,539101,62500.0,9,0.9
75,4,10,539101,62500.0,7,0.7
76,4,10,539101,62500.0,9,0.9
77,4,10,16155,62500.0,3,0.3
78,4,10,539101,62500.0,5,0.5
79,4,10,167915,62500.0,4,0.4
80,4,10,138445,62500.0,3,0.3
81,4,10,539101,62500.0,9,0.9
82,4,10,539101,62500.0,5,0.5
83,4,10,138445,62500.0,1,0.1
84,4,10,539101,62500.0,10,1.0
85,4,10,539101,62500.0,6,0.6
86,4,10,539101,62500.0,6,0.6
87,4,10,539101,62500.0,9,0.9
88,4,10,16155,62500.0,5,0.5
89,4,10,539101,62500.0,10,1.0
90,4,10,539101,62500.0,6,0.6
91,4,10,167915,62500.0,6,0.6
92,4,10,167915,62500.0,7,0.7
93,4,10,539101,62500.0,10,1.0
94,4,10,539101,62500.0,10,1.0
95,4,10,72213,62500.0,1,0.1
96,4,10,138445,62500.0,0,0.0
97,4,10,138445,62500.0,6,0.6
98,4,10,72213,62500.0,7,0.7
99,4,10,44642,62500.0,3,0.3
100,4,10,539101,62500.0,10,1.0
101,4,10,138445,62500.0,3,0.3
102,4,10,138445,62500.0,3,0.3
103,4,10,539101,62500.0,9,0.9
104,4,10,539101,62500.0,8,0.8
105,4,10,44642,62500.0,2,0.2
106,4,10,539101,62500.0,8,0.8
107,4,10,539101,62500.0,9,0.9
108,4,10,44642,62500.0,5,0.5
109,4,10,539101,62500.0,2,0.2
110,4,10,539101,62500.0,1,0.1
111,4,10,539101,62500.0,3,0.3
112,4,10,72213,62500.0,2,0.2
113,4,10,539101,62500.0,7,0.7
114,4,10,44642,62500.0,1,0.1
115,4,10,167915,62500.0,6,0.6
116,4,10,167915,62500.0,8,0.8
117,4,10,539101,62500.0,7,0.7
118,4,10,167915,62500.0,8,0.8
119,4,10,7521,62500.0,4,0.4
120,4,10,72213,62500.0,8,0.8
121,4,10,167915,62500.0,8,0.8
122,4,10,539101,62500.0,10,1.0
123,4,10,138445,62500.0,4,0.4
124,4,10,539101,62500.0,7,0.7
125,4,10,539101,62500.0,10,1.0
126,4,10,7521,62500.0,1,0.1
127,4,10,167915,62500.0,5,0.5
128,4,10,539101,62500.0,1,0.1
129,4,10,138445,62500.0,2,0.2
130,4,10,138445,62500.0,1,0.1
131,4,10,539101,62500.0,8,0.8
132,4,10,539101,62500.0,10,1.0
133,4,10,7521,62500.0,0,0.0
134,4,10,16155,62500.0,2,0.2
135,4,10,138445,62500.0,0,0.0
136,4,10,167915,62500.0,3,0.3
137,4,10,44642,62500.0,4,0.4
138,4,10,539101,62500.0,7,0.7
139,4,10,539101,62500.0,6,0.6
140,4,10,539101,62500.0,6,0.6
141,4,10,539101,62500.0,5,0.5
142,4,10,167915,62500.0,4,0.4
143,4,10,539101,62500.0,10,1.0
144,4,10,539101,62500.0,7,0.7
145,4,10,167915,62500.0,2,0.2
146,4,10,539101,62500.0,9,0.9
147,4,10,72213,62500.0,4,0.4
148,4,10,539101,62500.0,0,0.0
149,4,10,138445,62500.0,4,0.4
150,4,10,539101,62500.0,6,0.6
151,4,10,539101,62500.0,7,0.7
152,4,10,167915,62500.0,2,0.2
153,4,10,539101,62500.0,10,1.0
154,4,10,539101,62500.0,8,0.8
155,4,10,167915,62500.0,7,0.7
156,4,10,539101,62500.0,7,0.7
157,4,10,539101,62500.0,8,0.8
158,4,10,167915,62500.0,6,0.6
159,4,10,44642,62500.0,7,0.7
160,4,10,7521,62500.0,0,0.0
161,4,10,539101,62500.0,9,0.9
162,4,10,539101,62500.0,5,0.5
163,4,10,539101,62500.0,4,0.4
164,4,10,16155,62500.0,0,0.0
165,4,10,539101,62500.0,10,1.0
166,4,10,44642,62500.0,0,0.0
167,4,10,539101,62500.0,8,0.8
168,4,10,138445,62500.0,2,0.2
169,4,10,44642,62500.0,1,0.1
170,4,10,44642,62500.0,1,0.1
171,4,10,539101,62500.0,10,1.0
172,4,10,539101,62500.0,6,0.6
173,4,10,539101,62500.0,9,0.9
174,4,10,138445,62500.0,0,0.0
175,4,10,167915,62500.0,1,0.1
176,4,10,539101,62500.0,4,0.4
177,4,10,539101,62500.0,6,0.6
178,4,10,539101,62500.0,8,0.8
179,4,10,167915,62500.0,2,0.2
180,4,10,539101,62500.0,8,0.8
181,4,10,72213,62500.0,1,0.1
182,4,10,138445,62500.0,2,0.2
183,4,10,72213,62500.0,0,0.0
184,4,10,539101,62500.0,10,1.0
185,4,10,539101,62500.0,10,1.0
186,4,10,167915,62500.0,2,0.2
187,4,10,167915,62500.0,2,0.2
188,4,10,539101,62500.0,7,0.7
189,4,10,539101,62500.0,10,1.0
190,4,10,72213,62500.0,2,0.2
191,4,10,44642,62500.0,5,0.5
192,4,10,539101,62500.0,9,0.9
193,4,10,539101,62500.0,9,0.9
194,4,10,539101,62500.0,5,0.5
195,4,10,539101,62500.0,9,0.9
196,4,10,539101,62500.0,10,1.0
197,4,10,539101,62500.0,8,0.8
198,4,10,539101,62500.0,9,0.9
199,4,10,539101,62500.0,8,0.8
200,4,10,72213,62500.0,0,0.0
201,4,10,167915,62500.0,1,0.1
202,4,10,539101,62500.0,9,0.9
203,4,10,539101,62500.0,10,1.0
204,4,10,539101,62500.0,10,1.0
205,4,10,44642,62500.0,3,0.3
206,4,10,167915,62500.0,2,0.2
207,4,10,539101,62500.0,6,0.6
208,4,10,138445,62500.0,4,0.4
209,4,10,138445,62500.0,0,0.0
210,4,10,44642,62500.0,6,0.6
211,4,10,167915,62500.0,1,0.1
212,4,10,539101,62500.0,4,0.4
213,4,10,539101,62500.0,5,0.5
214,4,10,539101,62500.0,7,0.7
215,4,10,138445,62500.0,1,0.1
216,4,10,167915,62500.0,2,0.2
217,4,10,539101,62500.0,5,0.5
218,4,10,539101,62500.0,9,0.9
219,4,10,539101,62500.0,8,0.8
220,4,10,539101,62500.0,10,1.0
221,4,10,167915,62500.0,2,0.2
222,4,10,539101,62500.0,10,1.0
223,4,10,539101,62500.0,10,1.0
224,4,10,539101,62500.0,9,0.9
225,4,10,16155,62500.0,2,0.2
226,4,10,539101,62500.0,6,0.6
227,4,10,539101,62500.0,6,0.6
228,4,10,539101,62500.0,10,1.0
229,4,10,539101,62500.0,7,0.7
230,4,10,72213,62500.0,4,0.4
231,4,10,539101,62500.0,10,1.0
232,4,10,44642,62500.0,0,0.0
233,4,10,72213,62500.0,5,0.5
234,4,10,167915,62500.0,1,0.1
235,4,10,539101,62500.0,3,0.3
236,4,10,539101,62500.0,8,0.8
237,4,10,138445,62500.0,1,0.1
238,4,10,72213,62500.0,5,0.5
239,4,10,539101,62500.0,4,0.4
240,4,10,539101,62500.0,8,0.8
241,4,10,539101,62500.0,10,1.0
242,4,10,539101,62500.0,1,0.1
243,4,10,539101,62500.0,9,0.9
244,4,10,539101,62500.0,2,0.2
245,4,10,539101,62500.0,10,1.0
246,4,10,138445,62500.0,6,0.6
247,4,10,539101,62500.0,10,1.0
248,4,10,14008,62500.0,0,0.0
249,4,10,539101,62500.0,7,0.7
250,4,10,539101,62500.0,10,1.0
251,4,10,539101,62500.0,9,0.9
252,4,10,539101,62500.0,8,0.8
253,4,10,138445,62500.0,1,0.1
254,4,10,44642,62500.0,1,0.1
255,4,10,138445,62500.0,5,0.5
256,4,10,138445,62500.0,5,0.5
257,4,10,539101,62500.0,6,0.6
258,4,10,167915,62500.0,1,0.1
259,4,10,539101,62500.0,7,0.7
260,4,10,138445,62500.0,6,0.6
261,4,10,539101,62500.0,6,0.6
262,4,10,138445,62500.0,3,0.3
263,4,10,16155,62500.0,1,0.1
264,4,10,539101,62500.0,8,0.8
265,4,10,72213,62500.0,7,0.7
266,4,10,72213,62500.0,5,0.5
267,4,10,539101,62500.0,9,0.9
268,4,10,138445,62500.0,5,0.5
269,4,10,167915,62500.0,4,0.4
270,4,10,539101,62500.0,1,0.1
271,4,10,167915,62500.0,3,0.3
272,4,10,167915,62500.0,6,0.6
273,4,10,138445,62500.0,2,0.2
274,4,10,138445,62500.0,0,0.0
275,4,10,539101,62500.0,7,0.7
276,4,10,539101,62500.0,8,0.8
277,4,10,138445,62500.0,0,0.0
278,4,10,539101,62500.0,9,0.9
279,4,10,539101,62500.0,10,1.0
280,4,10,167915,62500.0,4,0.4
281,4,10,539101,62500.0,8,0.8
282,4,10,539101,62500.0,10,1.0
283,4,10,539101,62500.0,9,0.9
284,4,10,167915,62500.0,1,0.1
285,4,10,138445,62500.0,2,0.2
286,4,10,44642,62500.0,3,0.3
287,4,10,138445,62500.0,1,0.1
288,4,10,539101,62500.0,7,0.7
289,4,10,167915,62500.0,4,0.4
290,4,10,539101,62500.0,9,0.9
291,4,10,138445,62500.0,7,0.7
292,4,10,138445,62500.0,0,0.0
293,4,10,16155,62500.0,3,0.3
294,4,10,539101,62500.0,10,1.0
295,4,10,167915,62500.0,6,0.6
296,4,10,167915,62500.0,1,0.1
297,4,10,44642,62500.0,0,0.0
298,4,10,539101,62500.0,2,0.2
299,4,10,167915,62500.0,9,0.9
300,4,10,138445,62500.0,4,0.4
301,4,10,138445,62500.0,4,0.4
302,4,10,44642,62500.0,0,0.0
303,4,10,138445,62500.0,3,0.3
304,4,10,44642,62500.0,5,0.5
305,4,10,539101,62500.0,9,0.9
306,4,10,167915,62500.0,8,0.8
307,4,10,72213,62500.0,1,0.1
308,4,10,167915,62500.0,3,0.3
309,4,10,539101,62500.0,10,1.0
310,4,10,138445,62500.0,5,0.5
311,4,10,7521,62500.0,4,0.4
312,4,10,539101,62500.0,10,1.0
313,4,10,539101,62500.0,10,1.0
314,4,10,44642,62500.0,1,0.1
315,4,10,539101,62500.0,4,0.4
316,4,10,167915,62500.0,6,0.6
317,4,10,167915,62500.0,3,0.3
318,4,10,539101,62500.0,10,1.0
319,4,10,44642,62500.0,0,0.0
320,4,10,44642,62500.0,3,0.3
321,4,10,72213,62500.0,3,0.3
322,4,10,72213,62500.0,1,0.1
323,4,10,539101,62500.0,10,1.0
324,4,10,539101,62500.0,4,0.4
325,4,10,138445,62500.0,3,0.3
326,4,10,539101,62500.0,9,0.9
327,4,10,138445,62500.0,5,0.5
328,4,10,539101,62500.0,9,0.9
329,4,10,44642,62500.0,3,0.3
330,4,10,539101,62500.0,10,1.0
331,4,10,138445,62500.0,3,0.3
332,4,10,539101,62500.0,7,0.7
333,4,10,539101,62500.0,2,0.2
334,4,10,539101,62500.0,4,0.4
335,4,10,539101,62500.0,8,0.8
336,4,10,138445,62500.0,3,0.3
337,4,10,72213,62500.0,8,0.8
338,4,10,138445,62500.0,7,0.7
339,4,10,539101,62500.0,5,0.5
340,4,10,167915,62500.0,5,0.5
341,4,10,539101,62500.0,3,0.3
342,4,10,138445,62500.0,8,0.8
343,4,10,539101,62500.0,10,1.0
344,4,10,539101,62500.0,8,0.8
345,4,10,539101,62500.0,9,0.9
346,4,10,539101,62500.0,9,0.9
347,4,10,539101,62500.0,9,0.9
348,4,10,539101,62500.0,2,0.2
349,4,10,539101,62500.0,1,0.1
350,4,10,16155,62500.0,0,0.0
351,4,10,44642,62500.0,8,0.8
352,4,10,138445,62500.0,7,0.7
353,4,10,138445,62500.0,7,0.7
354,4,10,539101,62500.0,10,1.0
355,4,10,539101,62500.0,10,1.0
356,4,10,539101,62500.0,10,1.0
357,4,10,138445,62500.0,0,0.0
358,4,10,44642,62500.0,7,0.7
359,4,10,539101,62500.0,10,1.0
360,4,10,138445,62500.0,3,0.3
361,4,10,167915,62500.0,4,0.4
362,4,10,44642,62500.0,0,0.0
363,4,10,539101,62500.0,10,1.0
364,4,10,539101,62500.0,10,1.0
365,4,10,14008,62500.0,0,0.0
366,4,10,539101,62500.0,7,0.7
367,4,10,167915,62500.0,0,0.0
368,4,10,44642,62500.0,0,0.0
369,4,10,44642,62500.0,5,0.5
370,4,10,14008,62500.0,2,0.2
371,4,10,16155,62500.0,2,0.2
372,4,10,138445,62500.0,1,0.1
373,4,10,44642,62500.0,0,0.0
374,4,10,539101,62500.0,9,0.9
375,4,10,167915,62500.0,5,0.5
376,4,10,539101,62500.0,10,1.0
377,4,10,167915,62500.0,6,0.6
378,4,10,72213,62500.0,0,0.0
379,4,10,539101,62500.0,5,0.5
380,4,10,138445,62500.0,5,0.5
381,4,10,72213,62500.0,0,0.0
382,4,10,167915,62500.0,7,0.7
383,4,10,539101,62500.0,4,0.4
384,4,10,138445,62500.0,0,0.0
385,4,10,539101,62500.0,9,0.9
386,4,10,539101,62500.0,10,1.0
387,4,10,167915,62500.0,4,0.4
388,4,10,16155,62500.0,3,0.3
389,4,10,539101,62500.0,10,1.0
390,4,10,539101,62500.0,10,1.0
391,4,10,539101,62500.0,10,1.0
392,4,10,72213,62500.0,1,0.1
393,4,10,539101,62500.0,4,0.4
394,4,10,539101,62500.0,7,0.7
395,4,10,539101,62500.0,10,1.0
396,4,10,44642,62500.0,6,0.6
397,4,10,539101,62500.0,8,0.8
398,4,10,539101,62500.0,9,0.9
399,4,10,72213,62500.0,8,0.8
400,4,10,14008,62500.0,0,0.0
401,4,10,539101,62500.0,2,0.2
402,4,10,539101,62500.0,10,1.0
403,4,10,167915,62500.0,2,0.2
404,4,10,138445,62500.0,3,0.3
405,4,10,539101,62500.0,9,0.9
406,4,10,167915,62500.0,6,0.6
407,4,10,539101,62500.0,9,0.9
408,4,10,539101,62500.0,10,1.0
409,4,10,539101,62500.0,10,1.0
410,4,10,539101,62500.0,0,0.0
411,4,10,16155,62500.0,4,0.4
412,4,10,16155,62500.0,0,0.0
413,4,10,72213,62500.0,3,0.3
414,4,10,539101,62500.0,4,0.4
415,4,10,539101,62500.0,8,0.8
416,4,10,539101,62500.0,8,0.8
417,4,10,138445,62500.0,7,0.7
418,4,10,72213,62500.0,0,0.0
419,4,10,539101,62500.0,10,1.0
420,4,10,44642,62500.0,0,0.0
421,4,10,72213,62500.0,1,0.1
422,4,10,539101,62500.0,10,1.0
423,4,10,167915,62500.0,4,0.4
424,4,10,138445,62500.0,4,0.4
425,4,10,167915,62500.0,5,0.5
426,4,10,539101,62500.0,4,0.4
427,4,10,167915,62500.0,4,0.4
428,4,10,138445,62500.0,4,0.4
429,4,10,167915,62500.0,4,0.4
430,4,10,539101,62500.0,10,1.0
431,4,10,539101,62500.0,9,0.9
432,4,10,167915,62500.0,7,0.7
433,4,10,16155,62500.0,1,0.1
434,4,10,539101,62500.0,10,1.0
435,4,10,167915,62500.0,5,0.5
436,4,10,16155,62500.0,1,0.1
437,4,10,44642,62500.0,0,0.0
438,4,10,167915,62500.0,3,0.3
439,4,10,539101,62500.0,7,0.7
440,4,10,539101,62500.0,4,0.4
441,4,10,539101,62500.0,10,1.0
442,4,10,167915,62500.0,7,0.7
443,4,10,44642,62500.0,0,0.0
444,4,10,138445,62500.0,8,0.8
445,4,10,539101,62500.0,10,1.0
446,4,10,539101,62500.0,3,0.3
447,4,10,539101,62500.0,7,0.7
448,4,10,138445,62500.0,2,0.2
449,4,10,167915,62500.0,8,0.8
450,4,10,539101,62500.0,7,0.7
451,4,10,138445,62500.0,8,0.8
452,4,10,539101,62500.0,4,0.4
453,4,10,138445,62500.0,1,0.1
454,4,10,167915,62500.0,3,0.3
455,4,10,16155,62500.0,1,0.1
456,4,10,167915,62500.0,2,0.2
457,4,10,539101,62500.0,10,1.0
458,4,10,44642,62500.0,1,0.1
459,4,10,539101,62500.0,9,0.9
460,4,10,138445,62500.0,4,0.4
461,4,10,44642,62500.0,1,0.1
462,4,10,72213,62500.0,2,0.2
463,4,10,167915,62500.0,8,0.8
464,4,10,539101,62500.0,10,1.0
465,4,10,167915,62500.0,2,0.2
466,4,10,539101,62500.0,4,0.4
467,4,10,72213,62500.0,2,0.2
468,4,10,138445,62500.0,2,0.2
469,4,10,167915,62500.0,2,0.2
470,4,10,138445,62500.0,8,0.8
471,4,10,539101,62500.0,6,0.6
472,4,10,138445,62500.0,2,0.2
473,4,10,44642,62500.0,3,0.3
474,4,10,539101,62500.0,7,0.7
475,4,10,539101,62500.0,9,0.9
476,4,10,167915,62500.0,3,0.3
477,4,10,44642,62500.0,2,0.2
478,4,10,72213,62500.0,7,0.7
479,4,10,539101,62500.0,6,0.6
480,4,10,539101,62500.0,8,0.8
481,4,10,14008,62500.0,2,0.2
482,4,10,138445,62500.0,3,0.3
483,4,10,16155,62500.0,0,0.0
484,4,10,7521,62500.0,2,0.2
485,4,10,44642,62500.0,2,0.2
486,4,10,72213,62500.0,3,0.3
487,4,10,539101,62500.0,10,1.0
488,4,10,167915,62500.0,4,0.4
489,4,10,539101,62500.0,8,0.8
490,4,10,44642,62500.0,2,0.2
491,4,10,539101,62500.0,4,0.4
492,4,10,16155,62500.0,5,0.5
493,4,10,138445,62500.0,1,0.1
494,4,10,44642,62500.0,5,0.5
495,4,10,167915,62500.0,6,0.6
496,4,10,539101,62500.0,10,1.0
497,4,10,138445,62500.0,1,0.1
498,4,10,539101,62500.0,10,1.0
499,4,10,539101,62500.0,10,1.0
500,4,10,72213,62500.0,4,0.4
501,4,10,14008,62500.0,1,0.1
502,4,10,539101,62500.0,10,1.0
503,4,10,539101,62500.0,7,0.7
504,4,10,167915,62500.0,6,0.6
505,4,10,14008,62500.0,0,0.0
506,4,10,167915,62500.0,9,0.9
507,4,10,167915,62500.0,5,0.5
508,4,10,539101,62500.0,9,0.9
509,4,10,44642,62500.0,5,0.5
510,4,10,539101,62500.0,9,0.9
511,4,10,167915,62500.0,2,0.2
512,4,10,167915,62500.0,4,0.4
513,4,10,167915,62500.0,8,0.8
514,4,10,138445,62500.0,1,0.1
515,4,10,167915,62500.0,5,0.5
516,4,10,7521,62500.0,1,0.1
517,4,10,539101,62500.0,10,1.0
518,4,10,167915,62500.0,4,0.4
519,4,10,14008,62500.0,6,0.6
520,4,10,539101,62500.0,6,0.6
521,4,10,539101,62500.0,10,1.0
522,4,10,16155,62500.0,0,0.0
523,4,10,539101,62500.0,8,0.8
524,4,10,138445,62500.0,5,0.5
525,4,10,539101,62500.0,10,1.0
526,4,10,72213,62500.0,0,0.0
527,4,10,7521,62500.0,1,0.1
528,4,10,539101,62500.0,4,0.4
529,4,10,72213,62500.0,6,0.6
530,4,10,72213,62500.0,3,0.3
531,4,10,539101,62500.0,10,1.0
532,4,10,539101,62500.0,10,1.0
533,4,10,14008,62500.0,0,0.0
534,4,10,72213,62500.0,1,0.1
535,4,10,539101,62500.0,10,1.0
536,4,10,44642,62500.0,7,0.7
537,4,10,539101,62500.0,7,0.7
538,4,10,539101,62500.0,6,0.6
539,4,10,44642,62500.0,2,0.2
540,4,10,72213,62500.0,1,0.1
541,4,10,167915,62500.0,7,0.7
542,4,10,167915,62500.0,2,0.2
543,4,10,44642,62500.0,2,0.2
544,4,10,539101,62500.0,7,0.7
545,4,10,539101,62500.0,9,0.9
546,4,10,539101,62500.0,8,0.8
547,4,10,138445,62500.0,6,0.6
548,4,10,7521,62500.0,0,0.0
549,4,10,14008,62500.0,4,0.4
550,4,10,539101,62500.0,8,0.8
551,4,10,539101,62500.0,9,0.9
552,4,10,14008,62500.0,2,0.2
553,4,10,72213,62500.0,6,0.6
554,4,10,72213,62500.0,3,0.3
555,4,10,167915,62500.0,7,0.7
556,4,10,539101,62500.0,9,0.9
557,4,10,539101,62500.0,8,0.8
558,4,10,539101,62500.0,10,1.0
559,4,10,167915,62500.0,9,0.9
560,4,10,167915,62500.0,1,0.1
561,4,10,138445,62500.0,2,0.2
562,4,10,539101,62500.0,8,0.8
563,4,10,138445,62500.0,2,0.2
564,4,10,7521,62500.0,2,0.2
565,4,10,138445,62500.0,0,0.0
566,4,10,16155,62500.0,0,0.0
567,4,10,138445,62500.0,2,0.2
568,4,10,539101,62500.0,10,1.0
569,4,10,539101,62500.0,10,1.0
570,4,10,539101,62500.0,9,0.9
571,4,10,167915,62500.0,6,0.6
572,4,10,539101,62500.0,10,1.0
573,4,10,138445,62500.0,5,0.5
574,4,10,539101,62500.0,6,0.6
575,4,10,539101,62500.0,9,0.9
576,4,10,138445,62500.0,6,0.6
577,4,10,138445,62500.0,6,0.6
578,4,10,539101,62500.0,5,0.5
579,4,10,72213,62500.0,1,0.1
580,4,10,539101,62500.0,8,0.8
581,4,10,16155,62500.0,1,0.1
582,4,10,539101,62500.0,9,0.9
583,4,10,539101,62500.0,10,1.0
584,4,10,539101,62500.0,9,0.9
585,4,10,539101,62500.0,8,0.8
586,4,10,167915,62500.0,6,0.6
587,4,10,539101,62500.0,10,1.0
588,4,10,138445,62500.0,2,0.2
589,4,10,539101,62500.0,10,1.0
590,4,10,539101,62500.0,5,0.5
591,4,10,539101,62500.0,8,0.8
592,4,10,539101,62500.0,2,0.2
593,4,10,539101,62500.0,9,0.9
594,4,10,539101,62500.0,9,0.9
595,4,10,167915,62500.0,5,0.5
596,4,10,539101,62500.0,6,0.6
597,4,10,138445,62500.0,3,0.3
598,4,10,138445,62500.0,1,0.1
599,4,10,167915,62500.0,4,0.4
600,4,10,167915,62500.0,10,1.0
601,4,10,539101,62500.0,6,0.6
602,4,10,138445,62500.0,2,0.2
603,4,10,539101,62500.0,1,0.1
604,4,10,167915,62500.0,8,0.8
605,4,10,138445,62500.0,2,0.2
606,4,10,138445,62500.0,3,0.3
607,4,10,44642,62500.0,1,0.1
608,4,10,138445,62500.0,7,0.7
609,4,10,138445,62500.0,5,0.5
610,4,10,16155,62500.0,1,0.1
611,4,10,539101,62500.0,9,0.9
612,4,10,72213,62500.0,8,0.8
613,4,10,138445,62500.0,0,0.0
614,4,10,539101,62500.0,7,0.7
615,4,10,539101,62500.0,9,0.9
616,4,10,539101,62500.0,10,1.0
617,4,10,44642,62500.0,0,0.0
618,4,10,44642,62500.0,5,0.5
619,4,10,138445,62500.0,2,0.2
620,4,10,539101,62500.0,10,1.0
621,4,10,539101,62500.0,3,0.3
622,4,10,539101,62500.0,8,0.8
623,4,10,539101,62500.0,6,0.6
624,4,10,539101,62500.0,5,0.5
625,4,10,539101,62500.0,10,1.0
626,4,10,539101,62500.0,7,0.7
627,4,10,539101,62500.0,9,0.9
628,4,10,539101,62500.0,6,0.6
629,4,10,539101,62500.0,9,0.9
630,4,10,167915,62500.0,4,0.4
631,4,10,167915,62500.0,1,0.1
632,4,10,539101,62500.0,9,0.9
633,4,10,167915,62500.0,6,0.6
634,4,10,138445,62500.0,4,0.4
635,4,10,14008,62500.0,5,0.5
636,4,10,539101,62500.0,8,0.8
637,4,10,539101,62500.0,9,0.9
638,4,10,138445,62500.0,2,0.2
639,4,10,539101,62500.0,7,0.7
640,4,10,539101,62500.0,10,1.0
641,4,10,138445,62500.0,4,0.4
642,4,10,138445,62500.0,4,0.4
643,4,10,539101,62500.0,5,0.5
644,4,10,539101,62500.0,10,1.0
645,4,10,167915,62500.0,5,0.5
646,4,10,539101,62500.0,10,1.0
647,4,10,539101,62500.0,9,0.9
648,4,10,539101,62500.0,10,1.0
649,4,10,539101,62500.0,7,0.7
650,4,10,167915,62500.0,1,0.1
651,4,10,539101,62500.0,10,1.0
652,4,10,539101,62500.0,9,0.9
653,4,10,44642,62500.0,0,0.0
654,4,10,539101,62500.0,7,0.7
655,4,10,138445,62500.0,2,0.2
656,4,10,167915,62500.0,6,0.6
657,4,10,72213,62500.0,3,0.3
658,4,10,167915,62500.0,3,0.3
659,4,10,539101,62500.0,9,0.9
660,4,10,72213,62500.0,1,0.1
661,4,10,539101,62500.0,10,1.0
662,4,10,138445,62500.0,0,0.0
663,4,10,44642,62500.0,7,0.7
664,4,10,539101,62500.0,10,1.0
665,4,10,539101,62500.0,10,1.0
666,4,10,72213,62500.0,4,0.4
667,4,10,539101,62500.0,5,0.5
668,4,10,539101,62500.0,9,0.9
669,4,10,539101,62500.0,1,0.1
670,4,10,138445,62500.0,7,0.7
671,4,10,539101,62500.0,10,1.0
672,4,10,167915,62500.0,0,0.0
673,4,10,539101,62500.0,10,1.0
674,4,10,167915,62500.0,5,0.5
675,4,10,539101,62500.0,10,1.0
676,4,10,539101,62500.0,1,0.1
677,4,10,539101,62500.0,10,1.0
678,4,10,167915,62500.0,3,0.3
679,4,10,539101,62500.0,3,0.3
680,4,10,539101,62500.0,10,1.0
681,4,10,539101,62500.0,9,0.9
682,4,10,539101,62500.0,10,1.0
683,4,10,539101,62500.0,8,0.8
684,4,10,539101,62500.0,7,0.7
685,4,10,539101,62500.0,7,0.7
686,4,10,539101,62500.0,10,1.0
687,4,10,539101,62500.0,6,0.6
688,4,10,44642,62500.0,1,0.1
689,4,10,539101,62500.0,9,0.9
690,4,10,167915,62500.0,6,0.6
691,4,10,72213,62500.0,9,0.9
692,4,10,539101,62500.0,6,0.6
693,4,10,539101,62500.0,3,0.3
694,4,10,44642,62500.0,3,0.3
695,4,10,14008,62500.0,9,0.9
696,4,10,539101,62500.0,9,0.9
697,4,10,539101,62500.0,7,0.7
698,4,10,539101,62500.0,4,0.4
699,4,10,167915,62500.0,0,0.0
700,4,10,138445,62500.0,1,0.1
701,4,10,539101,62500.0,9,0.9
702,4,10,539101,62500.0,10,1.0
703,4,10,539101,62500.0,8,0.8
704,4,10,138445,62500.0,1,0.1
705,4,10,539101,62500.0,9,0.9
706,4,10,44642,62500.0,3,0.3
707,4,10,138445,62500.0,8,0.8
708,4,10,539101,62500.0,9,0.9
709,4,10,167915,62500.0,10,1.0
710,4,10,167915,62500.0,5,0.5
711,4,10,16155,62500.0,2,0.2
712,4,10,539101,62500.0,8,0.8
713,4,10,539101,62500.0,9,0.9
714,4,10,138445,62500.0,4,0.4
715,4,10,539101,62500.0,8,0.8
716,4,10,44642,62500.0,5,0.5
717,4,10,539101,62500.0,7,0.7
718,4,10,167915,62500.0,1,0.1
719,4,10,72213,62500.0,10,1.0
720,4,10,72213,62500.0,7,0.7
721,4,10,16155,62500.0,0,0.0
722,4,10,44642,62500.0,1,0.1
723,4,10,539101,62500.0,10,1.0
724,4,10,16155,62500.0,1,0.1
725,4,10,44642,62500.0,1,0.1
726,4,10,539101,62500.0,6,0.6
727,4,10,539101,62500.0,8,0.8
728,4,10,539101,62500.0,7,0.7
729,4,10,167915,62500.0,1,0.1
730,4,10,539101,62500.0,8,0.8
731,4,10,539101,62500.0,10,1.0
732,4,10,44642,62500.0,2,0.2
733,4,10,539101,62500.0,6,0.6
734,4,10,167915,62500.0,0,0.0
735,4,10,72213,62500.0,0,0.0
736,4,10,167915,62500.0,0,0.0
737,4,10,138445,62500.0,7,0.7
738,4,10,72213,62500.0,1,0.1
739,4,10,44642,62500.0,1,0.1
740,4,10,539101,62500.0,7,0.7
741,4,10,167915,62500.0,9,0.9
742,4,10,539101,62500.0,8,0.8
743,4,10,539101,62500.0,8,0.8
744,4,10,539101,62500.0,9,0.9
745,4,10,138445,62500.0,3,0.3
746,4,10,539101,62500.0,10,1.0
747,4,10,167915,62500.0,5,0.5
748,4,10,167915,62500.0,8,0.8
749,4,10,44642,62500.0,6,0.6
750,4,10,44642,62500.0,4,0.4
751,4,10,539101,62500.0,7,0.7
752,4,10,138445,62500.0,2,0.2
753,4,10,539101,62500.0,9,0.9
754,4,10,138445,62500.0,0,0.0
755,4,10,138445,62500.0,5,0.5
756,4,10,539101,62500.0,9,0.9
757,4,10,138445,62500.0,6,0.6
758,4,10,138445,62500.0,6,0.6
759,4,10,539101,62500.0,4,0.4
760,4,10,539101,62500.0,5,0.5
761,4,10,44642,62500.0,0,0.0
762,4,10,539101,62500.0,9,0.9
763,4,10,539101,62500.0,5,0.5
764,4,10,167915,62500.0,7,0.7
765,4,10,539101,62500.0,9,0.9
766,4,10,72213,62500.0,2,0.2
767,4,10,167915,62500.0,5,0.5
768,4,10,72213,62500.0,4,0.4
769,4,10,539101,62500.0,9,0.9
770,4,10,539101,62500.0,3,0.3
771,4,10,138445,62500.0,9,0.9
772,4,10,539101,62500.0,7,0.7
773,4,10,539101,62500.0,4,0.4
774,4,10,167915,62500.0,1,0.1
775,4,10,72213,62500.0,4,0.4
776,4,10,16155,62500.0,5,0.5
777,4,10,44642,62500.0,1,0.1
778,4,10,167915,62500.0,9,0.9
779,4,10,539101,62500.0,8,0.8
780,4,10,138445,62500.0,4,0.4
781,4,10,167915,62500.0,3,0.3
782,4,10,72213,62500.0,7,0.7
783,4,10,16155,62500.0,2,0.2
784,4,10,167915,62500.0,8,0.8
785,4,10,539101,62500.0,10,1.0
786,4,10,539101,62500.0,5,0.5
787,4,10,539101,62500.0,7,0.7
788,4,10,539101,62500.0,10,1.0
789,4,10,539101,62500.0,8,0.8
790,4,10,539101,62500.0,7,0.7
791,4,10,167915,62500.0,1,0.1
792,4,10,539101,62500.0,5,0.5
793,4,10,539101,62500.0,5,0.5
794,4,10,44642,62500.0,4,0.4
795,4,10,72213,62500.0,6,0.6
796,4,10,539101,62500.0,6,0.6
797,4,10,72213,62500.0,2,0.2
798,4,10,539101,62500.0,5,0.5
799,4,10,167915,62500.0,3,0.3
800,4,10,7521,62500.0,1,0.1
801,4,10,539101,62500.0,6,0.6
802,4,10,167915,62500.0,3,0.3
803,4,10,138445,62500.0,3,0.3
804,4,10,539101,62500.0,4,0.4
805,4,10,539101,62500.0,6,0.6
806,4,10,539101,62500.0,10,1.0
807,4,10,72213,62500.0,1,0.1
808,4,10,539101,62500.0,9,0.9
809,4,10,539101,62500.0,8,0.8
810,4,10,539101,62500.0,10,1.0
811,4,10,539101,62500.0,10,1.0
812,4,10,539101,62500.0,10,1.0
813,4,10,539101,62500.0,8,0.8
814,4,10,539101,62500.0,8,0.8
815,4,10,138445,62500.0,2,0.2
816,4,10,44642,62500.0,0,0.0
817,4,10,539101,62500.0,7,0.7
818,4,10,72213,62500.0,0,0.0
819,4,10,167915,62500.0,10,1.0
820,4,10,539101,62500.0,5,0.5
821,4,10,539101,62500.0,8,0.8
822,4,10,539101,62500.0,10,1.0
823,4,10,138445,62500.0,3,0.3
824,4,10,539101,62500.0,8,0.8
825,4,10,539101,62500.0,6,0.6
826,4,10,539101,62500.0,7,0.7
827,4,10,539101,62500.0,10,1.0
828,4,10,539101,62500.0,9,0.9
829,4,10,138445,62500.0,9,0.9
830,4,10,539101,62500.0,10,1.0
831,4,10,167915,62500.0,4,0.4
832,4,10,7521,62500.0,0,0.0
833,4,10,539101,62500.0,6,0.6
834,4,10,539101,62500.0,10,1.0
835,4,10,539101,62500.0,10,1.0
836,4,10,167915,62500.0,5,0.5
837,4,10,539101,62500.0,9,0.9
838,4,10,539101,62500.0,10,1.0
839,4,10,539101,62500.0,10,1.0
840,4,10,539101,62500.0,7,0.7
841,4,10,44642,62500.0,5,0.5
842,4,10,167915,62500.0,3,0.3
843,4,10,539101,62500.0,8,0.8
844,4,10,539101,62500.0,10,1.0
845,4,10,539101,62500.0,8,0.8
846,4,10,539101,62500.0,9,0.9
847,4,10,539101,62500.0,6,0.6
848,4,10,539101,62500.0,10,1.0
849,4,10,167915,62500.0,4,0.4
850,4,10,138445,62500.0,3,0.3
851,4,10,539101,62500.0,10,1.0
852,4,10,539101,62500.0,2,0.2
853,4,10,539101,62500.0,6,0.6
854,4,10,539101,62500.0,6,0.6
855,4,10,167915,62500.0,4,0.4
856,4,10,539101,62500.0,10,1.0
857,4,10,539101,62500.0,2,0.2
858,4,10,539101,62500.0,6,0.6
859,4,10,138445,62500.0,5,0.5
860,4,10,72213,62500.0,3,0.3
861,4,10,44642,62500.0,7,0.7
862,4,10,539101,62500.0,2,0.2
863,4,10,7521,62500.0,0,0.0
864,4,10,44642,62500.0,0,0.0
865,4,10,539101,62500.0,9,0.9
866,4,10,539101,62500.0,10,1.0
867,4,10,138445,62500.0,7,0.7
868,4,10,539101,62500.0,10,1.0
869,4,10,539101,62500.0,9,0.9
870,4,10,539101,62500.0,9,0.9
871,4,10,539101,62500.0,9,0.9
872,4,10,44642,62500.0,3,0.3
873,4,10,44642,62500.0,0,0.0
874,4,10,539101,62500.0,9,0.9
875,4,10,138445,62500.0,3,0.3
876,4,10,44642,62500.0,5,0.5
877,4,10,138445,62500.0,4,0.4
878,4,10,539101,62500.0,9,0.9
879,4,10,72213,62500.0,3,0.3
880,4,10,167915,62500.0,3,0.3
881,4,10,539101,62500.0,3,0.3
882,4,10,138445,62500.0,7,0.7
883,4,10,539101,62500.0,7,0.7
884,4,10,539101,62500.0,3,0.3
885,4,10,167915,62500.0,3,0.3
886,4,10,44642,62500.0,5,0.5
887,4,10,138445,62500.0,2,0.2
888,4,10,539101,62500.0,10,1.0
889,4,10,167915,62500.0,3,0.3
890,4,10,539101,62500.0,6,0.6
891,4,10,539101,62500.0,9,0.9
892,4,10,138445,62500.0,8,0.8
893,4,10,539101,62500.0,9,0.9
894,4,10,539101,62500.0,10,1.0
895,4,10,44642,62500.0,4,0.4
896,4,10,14008,62500.0,0,0.0
897,4,10,539101,62500.0,9,0.9
898,4,10,167915,62500.0,2,0.2
899,4,10,167915,62500.0,3,0.3
900,4,10,138445,62500.0,4,0.4
901,4,10,539101,62500.0,10,1.0
902,4,10,167915,62500.0,3,0.3
903,4,10,539101,62500.0,8,0.8
904,4,10,539101,62500.0,8,0.8
905,4,10,539101,62500.0,10,1.0
906,4,10,44642,62500.0,3,0.3
907,4,10,138445,62500.0,10,1.0
908,4,10,539101,62500.0,10,1.0
909,4,10,167915,62500.0,2,0.2
910,4,10,539101,62500.0,2,0.2
911,4,10,44642,62500.0,4,0.4
912,4,10,539101,62500.0,10,1.0
913,4,10,72213,62500.0,3,0.3
914,4,10,167915,62500.0,4,0.4
915,4,10,539101,62500.0,10,1.0
916,4,10,167915,62500.0,0,0.0
917,4,10,539101,62500.0,7,0.7
918,4,10,16155,62500.0,0,0.0
919,4,10,72213,62500.0,4,0.4
920,4,10,539101,62500.0,6,0.6
921,4,10,539101,62500.0,9,0.9
922,4,10,138445,62500.0,3,0.3
923,4,10,16155,62500.0,0,0.0
924,4,10,539101,62500.0,8,0.8
925,4,10,539101,62500.0,5,0.5
926,4,10,539101,62500.0,7,0.7
927,4,10,539101,62500.0,9,0.9
928,4,10,539101,62500.0,9,0.9
929,4,10,539101,62500.0,7,0.7
930,4,10,44642,62500.0,3,0.3
931,4,10,167915,62500.0,6,0.6
932,4,10,539101,62500.0,10,1.0
933,4,10,539101,62500.0,5,0.5
934,4,10,72213,62500.0,4,0.4
935,4,10,138445,62500.0,3,0.3
936,4,10,138445,62500.0,3,0.3
937,4,10,167915,62500.0,5,0.5
938,4,10,539101,62500.0,9,0.9
939,4,10,16155,62500.0,2,0.2
940,4,10,167915,62500.0,4,0.4
941,4,10,539101,62500.0,6,0.6
942,4,10,539101,62500.0,0,0.0
943,4,10,539101,62500.0,9,0.9
944,4,10,539101,62500.0,10,1.0
945,4,10,72213,62500.0,1,0.1
946,4,10,167915,62500.0,0,0.0
947,4,10,44642,62500.0,1,0.1
948,4,10,138445,62500.0,0,0.0
949,4,10,138445,62500.0,2,0.2
950,4,10,539101,62500.0,8,0.8
951,4,10,539101,62500.0,5,0.5
952,4,10,539101,62500.0,10,1.0
953,4,10,539101,62500.0,8,0.8
954,4,10,539101,62500.0,7,0.7
955,4,10,539101,62500.0,10,1.0
956,4,10,539101,62500.0,10,1.0
957,4,10,138445,62500.0,2,0.2
958,4,10,44642,62500.0,1,0.1
959,4,10,72213,62500.0,4,0.4
960,4,10,72213,62500.0,3,0.3
961,4,10,539101,62500.0,6,0.6
962,4,10,539101,62500.0,4,0.4
963,4,10,14008,62500.0,1,0.1
964,4,10,539101,62500.0,10,1.0
965,4,10,539101,62500.0,9,0.9
966,4,10,138445,62500.0,2,0.2
967,4,10,539101,62500.0,9,0.9
968,4,10,138445,62500.0,1,0.1
969,4,10,72213,62500.0,3,0.3
970,4,10,167915,62500.0,5,0.5
971,4,10,44642,62500.0,1,0.1
972,4,10,539101,62500.0,8,0.8
973,4,10,167915,62500.0,1,0.1
974,4,10,167915,62500.0,7,0.7
975,4,10,14008,62500.0,2,0.2
976,4,10,167915,62500.0,3,0.3
977,4,10,167915,62500.0,5,0.5
978,4,10,539101,62500.0,9,0.9
979,4,10,539101,62500.0,9,0.9
980,4,10,72213,62500.0,0,0.0
981,4,10,539101,62500.0,9,0.9
982,4,10,539101,62500.0,4,0.4
983,4,10,539101,62500.0,4,0.4
984,4,10,138445,62500.0,6,0.6
985,4,10,539101,62500.0,7,0.7
986,4,10,167915,62500.0,10,1.0
987,4,10,138445,62500.0,7,0.7
988,4,10,539101,62500.0,8,0.8
989,4,10,167915,62500.0,5,0.5
990,4,10,539101,62500.0,6,0.6
991,4,10,14008,62500.0,9,0.9
992,4,10,539101,62500.0,6,0.6
993,4,10,14008,62500.0,7,0.7
994,4,10,44642,62500.0,2,0.2
995,4,10,539101,62500.0,10,1.0
996,4,10,539101,62500.0,10,1.0
997,4,10,72213,62500.0,0,0.0
998,4,10,539101,62500.0,5,0.5
999,4,10,539101,62500.0,10,1.0
0,4,100,138445,62500.0,34,0.34
1,4,100,44642,62500.0,25,0.25
2,4,100,167915,62500.0,24,0.24
3,4,100,7521,62500.0,24,0.24
4,4,100,539101,62500.0,71,0.71
5,4,100,539101,62500.0,85,0.85
6,4,100,167915,62500.0,47,0.47
7,4,100,138445,62500.0,44,0.44
8,4,100,539101,62500.0,91,0.91
9,4,100,44642,62500.0,17,0.17
10,4,100,138445,62500.0,11,0.11
11,4,100,16155,62500.0,1,0.01
12,4,100,539101,62500.0,56,0.56
13,4,100,44642,62500.0,12,0.12
14,4,100,167915,62500.0,42,0.42
15,4,100,72213,62500.0,9,0.09
16,4,100,167915,62500.0,45,0.45
17,4,100,539101,62500.0,95,0.95
18,4,100,539101,62500.0,97,0.97
19,4,100,138445,62500.0,7,0.07
20,4,100,539101,62500.0,87,0.87
21,4,100,539101,62500.0,98,0.98
22,4,100,44642,62500.0,8,0.08
23,4,100,167915,62500.0,12,0.12
24,4,100,44642,62500.0,12,0.12
25,4,100,539101,62500.0,78,0.78
26,4,100,167915,62500.0,76,0.76
27,4,100,539101,62500.0,85,0.85
28,4,100,138445,62500.0,32,0.32
29,4,100,539101,62500.0,94,0.94
30,4,100,138445,62500.0,14,0.14
31,4,100,539101,62500.0,96,0.96
32,4,100,44642,62500.0,15,0.15
33,4,100,167915,62500.0,26,0.26
34,4,100,167915,62500.0,39,0.39
35,4,100,539101,62500.0,78,0.78
36,4,100,138445,62500.0,3,0.03
37,4,100,539101,62500.0,58,0.58
38,4,100,539101,62500.0,89,0.89
39,4,100,167915,62500.0,28,0.28
40,4,100,539101,62500.0,53,0.53
41,4,100,539101,62500.0,63,0.63
42,4,100,167915,62500.0,39,0.39
43,4,100,539101,62500.0,90,0.9
44,4,100,14008,62500.0,65,0.65
45,4,100,167915,62500.0,35,0.35
46,4,100,138445,62500.0,7,0.07
47,4,100,539101,62500.0,80,0.8
48,4,100,539101,62500.0,35,0.35
49,4,100,167915,62500.0,23,0.23
50,4,100,167915,62500.0,20,0.2
51,4,100,539101,62500.0,87,0.87
52,4,100,539101,62500.0,42,0.42
53,4,100,539101,62500.0,54,0.54
54,4,100,539101,62500.0,90,0.9
55,4,100,44642,62500.0,5,0.05
56,4,100,539101,62500.0,96,0.96
57,4,100,16155,62500.0,6,0.06
58,4,100,167915,62500.0,16,0.16
59,4,100,539101,62500.0,87,0.87
60,4,100,167915,62500.0,63,0.63
61,4,100,539101,62500.0,98,0.98
62,4,100,539101,62500.0,72,0.72
63,4,100,539101,62500.0,55,0.55
64,4,100,539101,62500.0,93,0.93
65,4,100,539101,62500.0,80,0.8
66,4,100,138445,62500.0,21,0.21
67,4,100,72213,62500.0,75,0.75
68,4,100,138445,62500.0,16,0.16
69,4,100,167915,62500.0,6,0.06
70,4,100,44642,62500.0,12,0.12
71,4,100,539101,62500.0,50,0.5
72,4,100,539101,62500.0,50,0.5
73,4,100,167915,62500.0,17,0.17
74,4,100,539101,62500.0,74,0.74
75,4,100,539101,62500.0,75,0.75
76,4,100,539101,62500.0,78,0.78
77,4,100,16155,62500.0,3,0.03
78,4,100,539101,62500.0,51,0.51
79,4,100,167915,62500.0,23,0.23
80,4,100,138445,62500.0,18,0.18
81,4,100,539101,62500.0,75,0.75
82,4,100,539101,62500.0,73,0.73
83,4,100,138445,62500.0,27,0.27
84,4,100,539101,62500.0,88,0.88
85,4,100,539101,62500.0,43,0.43
86,4,100,539101,62500.0,65,0.65
87,4,100,539101,62500.0,86,0.86
88,4,100,16155,62500.0,33,0.33
89,4,100,539101,62500.0,99,0.99
90,4,100,539101,62500.0,52,0.52
91,4,100,167915,62500.0,33,0.33
92,4,100,167915,62500.0,31,0.31
93,4,100,539101,62500.0,95,0.95
94,4,100,539101,62500.0,89,0.89
95,4,100,72213,62500.0,15,0.15
96,4,100,138445,62500.0,0,0.0
97,4,100,138445,62500.0,53,0.53
98,4,100,72213,62500.0,40,0.4
99,4,100,44642,62500.0,15,0.15
100,4,100,539101,62500.0,83,0.83
101,4,100,138445,62500.0,32,0.32
102,4,100,138445,62500.0,27,0.27
103,4,100,539101,62500.0,82,0.82
104,4,100,539101,62500.0,61,0.61
105,4,100,44642,62500.0,15,0.15
106,4,100,539101,62500.0,93,0.93
107,4,100,539101,62500.0,58,0.58
108,4,100,44642,62500.0,26,0.26
109,4,100,539101,62500.0,46,0.46
110,4,100,539101,62500.0,12,0.12
111,4,100,539101,62500.0,50,0.5
112,4,100,72213,62500.0,12,0.12
113,4,100,539101,62500.0,71,0.71
114,4,100,44642,62500.0,11,0.11
115,4,100,167915,62500.0,56,0.56
116,4,100,167915,62500.0,50,0.5
117,4,100,539101,62500.0,83,0.83
118,4,100,167915,62500.0,51,0.51
119,4,100,7521,62500.0,24,0.24
120,4,100,72213,62500.0,56,0.56
121,4,100,167915,62500.0,82,0.82
122,4,100,539101,62500.0,87,0.87
123,4,100,138445,62500.0,25,0.25
124,4,100,539101,62500.0,79,0.79
125,4,100,539101,62500.0,90,0.9
126,4,100,7521,62500.0,3,0.03
127,4,100,167915,62500.0,40,0.4
128,4,100,539101,62500.0,10,0.1
129,4,100,138445,62500.0,29,0.29
130,4,100,138445,62500.0,13,0.13
131,4,100,539101,62500.0,86,0.86
132,4,100,539101,62500.0,95,0.95
133,4,100,7521,62500.0,11,0.11
134,4,100,16155,62500.0,8,0.08
135,4,100,138445,62500.0,1,0.01
136,4,100,167915,62500.0,20,0.2
137,4,100,44642,62500.0,13,0.13
138,4,100,539101,62500.0,71,0.71
139,4,100,539101,62500.0,69,0.69
140,4,100,539101,62500.0,19,0.19
141,4,100,539101,62500.0,60,0.6
142,4,100,167915,62500.0,39,0.39
143,4,100,539101,62500.0,90,0.9
144,4,100,539101,62500.0,78,0.78
145,4,100,167915,62500.0,7,0.07
146,4,100,539101,62500.0,72,0.72
147,4,100,72213,62500.0,24,0.24
148,4,100,539101,62500.0,42,0.42
149,4,100,138445,62500.0,17,0.17
150,4,100,539101,62500.0,58,0.58
151,4,100,539101,62500.0,56,0.56
152,4,100,167915,62500.0,22,0.22
153,4,100,539101,62500.0,95,0.95
154,4,100,539101,62500.0,50,0.5
155,4,100,167915,62500.0,68,0.68
156,4,100,539101,62500.0,70,0.7
157,4,100,539101,62500.0,66,0.66
158,4,100,167915,62500.0,61,0.61
159,4,100,44642,62500.0,29,0.29
160,4,100,7521,62500.0,0,0.0
161,4,100,539101,62500.0,77,0.77
162,4,100,539101,62500.0,66,0.66
163,4,100,539101,62500.0,56,0.56
164,4,100,16155,62500.0,4,0.04
165,4,100,539101,62500.0,77,0.77
166,4,100,44642,62500.0,7,0.07
167,4,100,539101,62500.0,84,0.84
168,4,100,138445,62500.0,18,0.18
169,4,100,44642,62500.0,21,0.21
170,4,100,44642,62500.0,11,0.11
171,4,100,539101,62500.0,84,0.84
172,4,100,539101,62500.0,79,0.79
173,4,100,539101,62500.0,90,0.9
174,4,100,138445,62500.0,10,0.1
175,4,100,167915,62500.0,37,0.37
176,4,100,539101,62500.0,60,0.6
177,4,100,539101,62500.0,44,0.44
178,4,100,539101,62500.0,69,0.69
179,4,100,167915,62500.0,10,0.1
180,4,100,539101,62500.0,85,0.85
181,4,100,72213,62500.0,4,0.04
182,4,100,138445,62500.0,21,0.21
183,4,100,72213,62500.0,5,0.05
184,4,100,539101,62500.0,98,0.98
185,4,100,539101,62500.0,77,0.77
186,4,100,167915,62500.0,50,0.5
187,4,100,167915,62500.0,14,0.14
188,4,100,539101,62500.0,59,0.59
189,4,100,539101,62500.0,94,0.94
190,4,100,72213,62500.0,9,0.09
191,4,100,44642,62500.0,17,0.17
192,4,100,539101,62500.0,75,0.75
193,4,100,539101,62500.0,73,0.73
194,4,100,539101,62500.0,53,0.53
195,4,100,539101,62500.0,78,0.78
196,4,100,539101,62500.0,96,0.96
197,4,100,539101,62500.0,88,0.88
198,4,100,539101,62500.0,91,0.91
199,4,100,539101,62500.0,66,0.66
200,4,100,72213,62500.0,2,0.02
201,4,100,167915,62500.0,22,0.22
202,4,100,539101,62500.0,80,0.8
203,4,100,539101,62500.0,98,0.98
204,4,100,539101,62500.0,66,0.66
205,4,100,44642,62500.0,38,0.38
206,4,100,167915,62500.0,45,0.45
207,4,100,539101,62500.0,82,0.82
208,4,100,138445,62500.0,38,0.38
209,4,100,138445,62500.0,15,0.15
210,4,100,44642,62500.0,30,0.3
211,4,100,167915,62500.0,24,0.24
212,4,100,539101,62500.0,21,0.21
213,4,100,539101,62500.0,39,0.39
214,4,100,539101,62500.0,55,0.55
215,4,100,138445,62500.0,10,0.1
216,4,100,167915,62500.0,55,0.55
217,4,100,539101,62500.0,73,0.73
218,4,100,539101,62500.0,89,0.89
219,4,100,539101,62500.0,69,0.69
220,4,100,539101,62500.0,81,0.81
221,4,100,167915,62500.0,18,0.18
222,4,100,539101,62500.0,87,0.87
223,4,100,539101,62500.0,95,0.95
224,4,100,539101,62500.0,83,0.83
225,4,100,16155,62500.0,8,0.08
226,4,100,539101,62500.0,46,0.46
227,4,100,539101,62500.0,55,0.55
228,4,100,539101,62500.0,91,0.91
229,4,100,539101,62500.0,60,0.6
230,4,100,72213,62500.0,26,0.26
231,4,100,539101,62500.0,97,0.97
232,4,100,44642,62500.0,11,0.11
233,4,100,72213,62500.0,20,0.2
234,4,100,167915,62500.0,12,0.12
235,4,100,539101,62500.0,52,0.52
236,4,100,539101,62500.0,78,0.78
237,4,100,138445,62500.0,19,0.19
238,4,100,72213,62500.0,28,0.28
239,4,100,539101,62500.0,44,0.44
240,4,100,539101,62500.0,61,0.61
241,4,100,539101,62500.0,100,1.0
242,4,100,539101,62500.0,61,0.61
243,4,100,539101,62500.0,95,0.95
244,4,100,539101,62500.0,11,0.11
245,4,100,539101,62500.0,90,0.9
246,4,100,138445,62500.0,31,0.31
247,4,100,539101,62500.0,84,0.84
248,4,100,14008,62500.0,2,0.02
249,4,100,539101,62500.0,81,0.81
250,4,100,539101,62500.0,85,0.85
251,4,100,539101,62500.0,89,0.89
252,4,100,539101,62500.0,72,0.72
253,4,100,138445,62500.0,20,0.2
254,4,100,44642,62500.0,4,0.04
255,4,100,138445,62500.0,44,0.44
256,4,100,138445,62500.0,28,0.28
257,4,100,539101,62500.0,68,0.68
258,4,100,167915,62500.0,5,0.05
259,4,100,539101,62500.0,78,0.78
260,4,100,138445,62500.0,38,0.38
261,4,100,539101,62500.0,55,0.55
262,4,100,138445,62500.0,24,0.24
263,4,100,16155,62500.0,3,0.03
264,4,100,539101,62500.0,29,0.29
265,4,100,72213,62500.0,56,0.56
266,4,100,72213,62500.0,33,0.33
267,4,100,539101,62500.0,61,0.61
268,4,100,138445,62500.0,32,0.32
269,4,100,167915,62500.0,38,0.38
270,4,100,539101,62500.0,51,0.51
271,4,100,167915,62500.0,37,0.37
272,4,100,167915,62500.0,51,0.51
273,4,100,138445,62500.0,6,0.06
274,4,100,138445,62500.0,5,0.05
275,4,100,539101,62500.0,75,0.75
276,4,100,539101,62500.0,75,0.75
277,4,100,138445,62500.0,13,0.13
278,4,100,539101,62500.0,81,0.81
279,4,100,539101,62500.0,82,0.82
280,4,100,167915,62500.0,21,0.21
281,4,100,539101,62500.0,88,0.88
282,4,100,539101,62500.0,82,0.82
283,4,100,539101,62500.0,67,0.67
284,4,100,167915,62500.0,26,0.26
285,4,100,138445,62500.0,17,0.17
286,4,100,44642,62500.0,27,0.27
287,4,100,138445,62500.0,25,0.25
288,4,100,539101,62500.0,59,0.59
289,4,100,167915,62500.0,19,0.19
290,4,100,539101,62500.0,90,0.9
291,4,100,138445,62500.0,47,0.47
292,4,100,138445,62500.0,13,0.13
293,4,100,16155,62500.0,15,0.15
294,4,100,539101,62500.0,100,1.0
295,4,100,167915,62500.0,40,0.4
296,4,100,167915,62500.0,20,0.2
297,4,100,44642,62500.0,14,0.14
298,4,100,539101,62500.0,21,0.21
299,4,100,167915,62500.0,75,0.75
300,4,100,138445,62500.0,22,0.22
301,4,100,138445,62500.0,37,0.37
302,4,100,44642,62500.0,9,0.09
303,4,100,138445,62500.0,30,0.3
304,4,100,44642,62500.0,35,0.35
305,4,100,539101,62500.0,78,0.78
306,4,100,167915,62500.0,63,0.63
307,4,100,72213,62500.0,12,0.12
308,4,100,167915,62500.0,18,0.18
309,4,100,539101,62500.0,98,0.98
310,4,100,138445,62500.0,13,0.13
311,4,100,7521,62500.0,27,0.27
312,4,100,539101,62500.0,97,0.97
313,4,100,539101,62500.0,91,0.91
314,4,100,44642,62500.0,7,0.07
315,4,100,539101,62500.0,37,0.37
316,4,100,167915,62500.0,53,0.53
317,4,100,167915,62500.0,19,0.19
318,4,100,539101,62500.0,81,0.81
319,4,100,44642,62500.0,5,0.05
320,4,100,44642,62500.0,12,0.12
321,4,100,72213,62500.0,43,0.43
322,4,100,72213,62500.0,20,0.2
323,4,100,539101,62500.0,82,0.82
324,4,100,539101,62500.0,57,0.57
325,4,100,138445,62500.0,24,0.24
326,4,100,539101,62500.0,72,0.72
327,4,100,138445,62500.0,43,0.43
328,4,100,539101,62500.0,75,0.75
329,4,100,44642,62500.0,16,0.16
330,4,100,539101,62500.0,80,0.8
331,4,100,138445,62500.0,57,0.57
332,4,100,539101,62500.0,82,0.82
333,4,100,539101,62500.0,22,0.22
334,4,100,539101,62500.0,35,0.35
335,4,100,539101,62500.0,92,0.92
336,4,100,138445,62500.0,15,0.15
337,4,100,72213,62500.0,40,0.4
338,4,100,138445,62500.0,33,0.33
339,4,100,539101,62500.0,73,0.73
340,4,100,167915,62500.0,30,0.3
341,4,100,539101,62500.0,23,0.23
342,4,100,138445,62500.0,43,0.43
343,4,100,539101,62500.0,83,0.83
344,4,100,539101,62500.0,74,0.74
345,4,100,539101,62500.0,86,0.86
346,4,100,539101,62500.0,91,0.91
347,4,100,539101,62500.0,78,0.78
348,4,100,539101,62500.0,34,0.34
349,4,100,539101,62500.0,37,0.37
350,4,100,16155,62500.0,3,0.03
351,4,100,44642,62500.0,49,0.49
352,4,100,138445,62500.0,54,0.54
353,4,100,138445,62500.0,22,0.22
354,4,100,539101,62500.0,90,0.9
355,4,100,539101,62500.0,75,0.75
356,4,100,539101,62500.0,93,0.93
357,4,100,138445,62500.0,24,0.24
358,4,100,44642,62500.0,52,0.52
359,4,100,539101,62500.0,89,0.89
360,4,100,138445,62500.0,20,0.2
361,4,100,167915,62500.0,32,0.32
362,4,100,44642,62500.0,3,0.03
363,4,100,539101,62500.0,82,0.82
364,4,100,539101,62500.0,85,0.85
365,4,100,14008,62500.0,2,0.02
366,4,100,539101,62500.0,60,0.6
367,4,100,167915,62500.0,20,0.2
368,4,100,44642,62500.0,8,0.08
369,4,100,44642,62500.0,28,0.28
370,4,100,14008,62500.0,25,0.25
371,4,100,16155,62500.0,19,0.19
372,4,100,138445,62500.0,24,0.24
373,4,100,44642,62500.0,5,0.05
374,4,100,539101,62500.0,85,0.85
375,4,100,167915,62500.0,39,0.39
376,4,100,539101,62500.0,94,0.94
377,4,100,167915,62500.0,66,0.66
378,4,100,72213,62500.0,8,0.08
379,4,100,539101,62500.0,67,0.67
380,4,100,138445,62500.0,37,0.37
381,4,100,72213,62500.0,15,0.15
382,4,100,167915,62500.0,23,0.23
383,4,100,539101,62500.0,50,0.5
384,4,100,138445,62500.0,27,0.27
385,4,100,539101,62500.0,60,0.6
386,4,100,539101,62500.0,92,0.92
387,4,100,167915,62500.0,49,0.49
388,4,100,16155,62500.0,8,0.08
389,4,100,539101,62500.0,91,0.91
390,4,100,539101,62500.0,84,0.84
391,4,100,539101,62500.0,79,0.79
392,4,100,72213,62500.0,19,0.19
393,4,100,539101,62500.0,38,0.38
394,4,100,539101,62500.0,48,0.48
395,4,100,539101,62500.0,61,0.61
396,4,100,44642,62500.0,31,0.31
397,4,100,539101,62500.0,47,0.47
398,4,100,539101,62500.0,75,0.75
399,4,100,72213,62500.0,53,0.53
400,4,100,14008,62500.0,1,0.01
401,4,100,539101,62500.0,31,0.31
402,4,100,539101,62500.0,95,0.95
403,4,100,167915,62500.0,16,0.16
404,4,100,138445,62500.0,12,0.12
405,4,100,539101,62500.0,88,0.88
406,4,100,167915,62500.0,40,0.4
407,4,100,539101,62500.0,84,0.84
408,4,100,539101,62500.0,92,0.92
409,4,100,539101,62500.0,99,0.99
410,4,100,539101,62500.0,30,0.3
411,4,100,16155,62500.0,11,0.11
412,4,100,16155,62500.0,3,0.03
413,4,100,72213,62500.0,14,0.14
414,4,100,539101,62500.0,49,0.49
415,4,100,539101,62500.0,64,0.64
416,4,100,539101,62500.0,66,0.66
417,4,100,138445,62500.0,41,0.41
418,4,100,72213,62500.0,5,0.05
419,4,100,539101,62500.0,94,0.94
420,4,100,44642,62500.0,4,0.04
421,4,100,72213,62500.0,8,0.08
422,4,100,539101,62500.0,86,0.86
423,4,100,167915,62500.0,43,0.43
424,4,100,138445,62500.0,33,0.33
425,4,100,167915,62500.0,39,0.39
426,4,100,539101,62500.0,38,0.38
427,4,100,167915,62500.0,45,0.45
428,4,100,138445,62500.0,36,0.36
429,4,100,167915,62500.0,62,0.62
430,4,100,539101,62500.0,96,0.96
431,4,100,539101,62500.0,75,0.75
432,4,100,167915,62500.0,59,0.59
433,4,100,16155,62500.0,6,0.06
434,4,100,539101,62500.0,87,0.87
435,4,100,167915,62500.0,45,0.45
436,4,100,16155,62500.0,6,0.06
437,4,100,44642,62500.0,11,0.11
438,4,100,167915,62500.0,28,0.28
439,4,100,539101,62500.0,77,0.77
440,4,100,539101,62500.0,69,0.69
441,4,100,539101,62500.0,89,0.89
442,4,100,167915,62500.0,54,0.54
443,4,100,44642,62500.0,7,0.07
444,4,100,138445,62500.0,42,0.42
445,4,100,539101,62500.0,99,0.99
446,4,100,539101,62500.0,42,0.42
447,4,100,539101,62500.0,74,0.74
448,4,100,138445,62500.0,30,0.3
449,4,100,167915,62500.0,68,0.68
450,4,100,539101,62500.0,66,0.66
451,4,100,138445,62500.0,33,0.33
452,4,100,539101,62500.0,34,0.34
453,4,100,138445,62500.0,17,0.17
454,4,100,167915,62500.0,46,0.46
455,4,100,16155,62500.0,2,0.02
456,4,100,167915,62500.0,17,0.17
457,4,100,539101,62500.0,83,0.83
458,4,100,44642,62500.0,4,0.04
459,4,100,539101,62500.0,83,0.83
460,4,100,138445,62500.0,10,0.1
461,4,100,44642,62500.0,9,0.09
462,4,100,72213,62500.0,10,0.1
463,4,100,167915,62500.0,60,0.6
464,4,100,539101,62500.0,95,0.95
465,4,100,167915,62500.0,17,0.17
466,4,100,539101,62500.0,71,0.71
467,4,100,72213,62500.0,33,0.33
468,4,100,138445,62500.0,20,0.2
469,4,100,167915,62500.0,14,0.14
470,4,100,138445,62500.0,65,0.65
471,4,100,539101,62500.0,81,0.81
472,4,100,138445,62500.0,19,0.19
473,4,100,44642,62500.0,25,0.25
474,4,100,539101,62500.0,65,0.65
475,4,100,539101,62500.0,63,0.63
476,4,100,167915,62500.0,27,0.27
477,4,100,44642,62500.0,18,0.18
478,4,100,72213,62500.0,53,0.53
479,4,100,539101,62500.0,73,0.73
480,4,100,539101,62500.0,59,0.59
481,4,100,14008,62500.0,10,0.1
482,4,100,138445,62500.0,45,0.45
483,4,100,16155,62500.0,0,0.0
484,4,100,7521,62500.0,17,0.17
485,4,100,44642,62500.0,15,0.15
486,4,100,72213,62500.0,28,0.28
487,4,100,539101,62500.0,85,0.85
488,4,100,167915,62500.0,53,0.53
489,4,100,539101,62500.0,78,0.78
490,4,100,44642,62500.0,13,0.13
491,4,100,539101,62500.0,53,0.53
492,4,100,16155,62500.0,34,0.34
493,4,100,138445,62500.0,23,0.23
494,4,100,44642,62500.0,28,0.28
495,4,100,167915,62500.0,55,0.55
496,4,100,539101,62500.0,89,0.89
497,4,100,138445,62500.0,16,0.16
498,4,100,539101,62500.0,97,0.97
499,4,100,539101,62500.0,85,0.85
500,4,100,72213,62500.0,28,0.28
501,4,100,14008,62500.0,18,0.18
502,4,100,539101,62500.0,86,0.86
503,4,100,539101,62500.0,66,0.66
504,4,100,167915,62500.0,50,0.5
505,4,100,14008,62500.0,1,0.01
506,4,100,167915,62500.0,60,0.6
507,4,100,167915,62500.0,29,0.29
508,4,100,539101,62500.0,92,0.92
509,4,100,44642,62500.0,37,0.37
510,4,100,539101,62500.0,84,0.84
511,4,100,167915,62500.0,22,0.22
512,4,100,167915,62500.0,20,0.2
513,4,100,167915,62500.0,68,0.68
514,4,100,138445,62500.0,19,0.19
515,4,100,167915,62500.0,39,0.39
516,4,100,7521,62500.0,5,0.05
517,4,100,539101,62500.0,85,0.85
518,4,100,167915,62500.0,31,0.31
519,4,100,14008,62500.0,54,0.54
520,4,100,539101,62500.0,47,0.47
521,4,100,539101,62500.0,97,0.97
522,4,100,16155,62500.0,0,0.0
523,4,100,539101,62500.0,95,0.95
524,4,100,138445,62500.0,13,0.13
525,4,100,539101,62500.0,88,0.88
526,4,100,72213,62500.0,11,0.11
527,4,100,7521,62500.0,2,0.02
528,4,100,539101,62500.0,70,0.7
529,4,100,72213,62500.0,32,0.32
530,4,100,72213,62500.0,20,0.2
531,4,100,539101,62500.0,96,0.96
532,4,100,539101,62500.0,91,0.91
533,4,100,14008,62500.0,2,0.02
534,4,100,72213,62500.0,18,0.18
535,4,100,539101,62500.0,85,0.85
536,4,100,44642,62500.0,43,0.43
537,4,100,539101,62500.0,79,0.79
538,4,100,539101,62500.0,50,0.5
539,4,100,44642,62500.0,27,0.27
540,4,100,72213,62500.0,11,0.11
541,4,100,167915,62500.0,60,0.6
542,4,100,167915,62500.0,32,0.32
543,4,100,44642,62500.0,24,0.24
544,4,100,539101,62500.0,87,0.87
545,4,100,539101,62500.0,79,0.79
546,4,100,539101,62500.0,80,0.8
547,4,100,138445,62500.0,45,0.45
548,4,100,7521,62500.0,0,0.0
549,4,100,14008,62500.0,21,0.21
550,4,100,539101,62500.0,72,0.72
551,4,100,539101,62500.0,82,0.82
552,4,100,14008,62500.0,11,0.11
553,4,100,72213,62500.0,42,0.42
554,4,100,72213,62500.0,17,0.17
555,4,100,167915,62500.0,52,0.52
556,4,100,539101,62500.0,94,0.94
557,4,100,539101,62500.0,73,0.73
558,4,100,539101,62500.0,94,0.94
559,4,100,167915,62500.0,71,0.71
560,4,100,167915,62500.0,16,0.16
561,4,100,138445,62500.0,21,0.21
562,4,100,539101,62500.0,64,0.64
563,4,100,138445,62500.0,26,0.26
564,4,100,7521,62500.0,17,0.17
565,4,100,138445,62500.0,13,0.13
566,4,100,16155,62500.0,10,0.1
567,4,100,138445,62500.0,19,0.19
568,4,100,539101,62500.0,89,0.89
569,4,100,539101,62500.0,85,0.85
570,4,100,539101,62500.0,94,0.94
571,4,100,167915,62500.0,47,0.47
572,4,100,539101,62500.0,88,0.88
573,4,100,138445,62500.0,49,0.49
574,4,100,539101,62500.0,60,0.6
575,4,100,539101,62500.0,97,0.97
576,4,100,138445,62500.0,39,0.39
577,4,100,138445,62500.0,41,0.41
578,4,100,539101,62500.0,40,0.4
579,4,100,72213,62500.0,10,0.1
580,4,100,539101,62500.0,88,0.88
581,4,100,16155,62500.0,5,0.05
582,4,100,539101,62500.0,79,0.79
583,4,100,539101,62500.0,87,0.87
584,4,100,539101,62500.0,81,0.81
585,4,100,539101,62500.0,68,0.68
586,4,100,167915,62500.0,32,0.32
587,4,100,539101,62500.0,95,0.95
588,4,100,138445,62500.0,18,0.18
589,4,100,539101,62500.0,78,0.78
590,4,100,539101,62500.0,70,0.7
591,4,100,539101,62500.0,96,0.96
592,4,100,539101,62500.0,23,0.23
593,4,100,539101,62500.0,79,0.79
594,4,100,539101,62500.0,94,0.94
595,4,100,167915,62500.0,32,0.32
596,4,100,539101,62500.0,65,0.65
597,4,100,138445,62500.0,26,0.26
598,4,100,138445,62500.0,17,0.17
599,4,100,167915,62500.0,49,0.49
600,4,100,167915,62500.0,83,0.83
601,4,100,539101,62500.0,51,0.51
602,4,100,138445,62500.0,20,0.2
603,4,100,539101,62500.0,51,0.51
604,4,100,167915,62500.0,57,0.57
605,4,100,138445,62500.0,14,0.14
606,4,100,138445,62500.0,37,0.37
607,4,100,44642,62500.0,12,0.12
608,4,100,138445,62500.0,47,0.47
609,4,100,138445,62500.0,12,0.12
610,4,100,16155,62500.0,15,0.15
611,4,100,539101,62500.0,92,0.92
612,4,100,72213,62500.0,51,0.51
613,4,100,138445,62500.0,17,0.17
614,4,100,539101,62500.0,61,0.61
615,4,100,539101,62500.0,95,0.95
616,4,100,539101,62500.0,93,0.93
617,4,100,44642,62500.0,19,0.19
618,4,100,44642,62500.0,45,0.45
619,4,100,138445,62500.0,23,0.23
620,4,100,539101,62500.0,93,0.93
621,4,100,539101,62500.0,54,0.54
622,4,100,539101,62500.0,77,0.77
623,4,100,539101,62500.0,78,0.78
624,4,100,539101,62500.0,56,0.56
625,4,100,539101,62500.0,88,0.88
626,4,100,539101,62500.0,78,0.78
627,4,100,539101,62500.0,86,0.86
628,4,100,539101,62500.0,53,0.53
629,4,100,539101,62500.0,83,0.83
630,4,100,167915,62500.0,30,0.3
631,4,100,167915,62500.0,20,0.2
632,4,100,539101,62500.0,77,0.77
633,4,100,167915,62500.0,63,0.63
634,4,100,138445,62500.0,16,0.16
635,4,100,14008,62500.0,23,0.23
636,4,100,539101,62500.0,63,0.63
637,4,100,539101,62500.0,69,0.69
638,4,100,138445,62500.0,17,0.17
639,4,100,539101,62500.0,67,0.67
640,4,100,539101,62500.0,89,0.89
641,4,100,138445,62500.0,34,0.34
642,4,100,138445,62500.0,59,0.59
643,4,100,539101,62500.0,57,0.57
644,4,100,539101,62500.0,92,0.92
645,4,100,167915,62500.0,36,0.36
646,4,100,539101,62500.0,69,0.69
647,4,100,539101,62500.0,82,0.82
648,4,100,539101,62500.0,94,0.94
649,4,100,539101,62500.0,77,0.77
650,4,100,167915,62500.0,14,0.14
651,4,100,539101,62500.0,99,0.99
652,4,100,539101,62500.0,89,0.89
653,4,100,44642,62500.0,10,0.1
654,4,100,539101,62500.0,46,0.46
655,4,100,138445,62500.0,18,0.18
656,4,100,167915,62500.0,26,0.26
657,4,100,72213,62500.0,31,0.31
658,4,100,167915,62500.0,26,0.26
659,4,100,539101,62500.0,70,0.7
660,4,100,72213,62500.0,10,0.1
661,4,100,539101,62500.0,93,0.93
662,4,100,138445,62500.0,21,0.21
663,4,100,44642,62500.0,51,0.51
664,4,100,539101,62500.0,73,0.73
665,4,100,539101,62500.0,85,0.85
666,4,100,72213,62500.0,52,0.52
667,4,100,539101,62500.0,49,0.49
668,4,100,539101,62500.0,91,0.91
669,4,100,539101,62500.0,35,0.35
670,4,100,138445,62500.0,66,0.66
671,4,100,539101,62500.0,82,0.82
672,4,100,167915,62500.0,12,0.12
673,4,100,539101,62500.0,97,0.97
674,4,100,167915,62500.0,26,0.26
675,4,100,539101,62500.0,76,0.76
676,4,100,539101,62500.0,8,0.08
677,4,100,539101,62500.0,91,0.91
678,4,100,167915,62500.0,24,0.24
679,4,100,539101,62500.0,58,0.58
680,4,100,539101,62500.0,84,0.84
681,4,100,539101,62500.0,85,0.85
682,4,100,539101,62500.0,94,0.94
683,4,100,539101,62500.0,83,0.83
684,4,100,539101,62500.0,76,0.76
685,4,100,539101,62500.0,89,0.89
686,4,100,539101,62500.0,90,0.9
687,4,100,539101,62500.0,61,0.61
688,4,100,44642,62500.0,10,0.1
689,4,100,539101,62500.0,75,0.75
690,4,100,167915,62500.0,53,0.53
691,4,100,72213,62500.0,22,0.22
692,4,100,539101,62500.0,64,0.64
693,4,100,539101,62500.0,43,0.43
694,4,100,44642,62500.0,8,0.08
695,4,100,14008,62500.0,72,0.72
696,4,100,539101,62500.0,70,0.7
697,4,100,539101,62500.0,64,0.64
698,4,100,539101,62500.0,53,0.53
699,4,100,167915,62500.0,19,0.19
700,4,100,138445,62500.0,27,0.27
701,4,100,539101,62500.0,88,0.88
702,4,100,539101,62500.0,93,0.93
703,4,100,539101,62500.0,91,0.91
704,4,100,138445,62500.0,13,0.13
705,4,100,539101,62500.0,77,0.77
706,4,100,44642,62500.0,25,0.25
707,4,100,138445,62500.0,47,0.47
708,4,100,539101,62500.0,85,0.85
709,4,100,167915,62500.0,54,0.54
710,4,100,167915,62500.0,59,0.59
711,4,100,16155,62500.0,9,0.09
712,4,100,539101,62500.0,82,0.82
713,4,100,539101,62500.0,86,0.86
714,4,100,138445,62500.0,44,0.44
715,4,100,539101,62500.0,73,0.73
716,4,100,44642,62500.0,52,0.52
717,4,100,539101,62500.0,69,0.69
718,4,100,167915,62500.0,20,0.2
719,4,100,72213,62500.0,66,0.66
720,4,100,72213,62500.0,59,0.59
721,4,100,16155,62500.0,9,0.09
722,4,100,44642,62500.0,8,0.08
723,4,100,539101,62500.0,95,0.95
724,4,100,16155,62500.0,4,0.04
725,4,100,44642,62500.0,16,0.16
726,4,100,539101,62500.0,70,0.7
727,4,100,539101,62500.0,73,0.73
728,4,100,539101,62500.0,51,0.51
729,4,100,167915,62500.0,14,0.14
730,4,100,539101,62500.0,70,0.7
731,4,100,539101,62500.0,99,0.99
732,4,100,44642,62500.0,7,0.07
733,4,100,539101,62500.0,27,0.27
734,4,100,167915,62500.0,7,0.07
735,4,100,72213,62500.0,5,0.05
736,4,100,167915,62500.0,23,0.23
737,4,100,138445,62500.0,29,0.29
738,4,100,72213,62500.0,4,0.04
739,4,100,44642,62500.0,19,0.19
740,4,100,539101,62500.0,37,0.37
741,4,100,167915,62500.0,65,0.65
742,4,100,539101,62500.0,71,0.71
743,4,100,539101,62500.0,88,0.88
744,4,100,539101,62500.0,83,0.83
745,4,100,138445,62500.0,19,0.19
746,4,100,539101,62500.0,97,0.97
747,4,100,167915,62500.0,52,0.52
748,4,100,167915,62500.0,71,0.71
749,4,100,44642,62500.0,62,0.62
750,4,100,44642,62500.0,40,0.4
751,4,100,539101,62500.0,72,0.72
752,4,100,138445,62500.0,15,0.15
753,4,100,539101,62500.0,84,0.84
754,4,100,138445,62500.0,20,0.2
755,4,100,138445,62500.0,36,0.36
756,4,100,539101,62500.0,93,0.93
757,4,100,138445,62500.0,58,0.58
758,4,100,138445,62500.0,54,0.54
759,4,100,539101,62500.0,47,0.47
760,4,100,539101,62500.0,51,0.51
761,4,100,44642,62500.0,4,0.04
762,4,100,539101,62500.0,88,0.88
763,4,100,539101,62500.0,60,0.6
764,4,100,167915,62500.0,46,0.46
765,4,100,539101,62500.0,65,0.65
766,4,100,72213,62500.0,23,0.23
767,4,100,167915,62500.0,53,0.53
768,4,100,72213,62500.0,31,0.31
769,4,100,539101,62500.0,86,0.86
770,4,100,539101,62500.0,50,0.5
771,4,100,138445,62500.0,51,0.51
772,4,100,539101,62500.0,67,0.67
773,4,100,539101,62500.0,47,0.47
774,4,100,167915,62500.0,23,0.23
775,4,100,72213,62500.0,67,0.67
776,4,100,16155,62500.0,47,0.47
777,4,100,44642,62500.0,7,0.07
778,4,100,167915,62500.0,65,0.65
779,4,100,539101,62500.0,72,0.72
780,4,100,138445,62500.0,27,0.27
781,4,100,167915,62500.0,33,0.33
782,4,100,72213,62500.0,48,0.48
783,4,100,16155,62500.0,31,0.31
784,4,100,167915,62500.0,40,0.4
785,4,100,539101,62500.0,94,0.94
786,4,100,539101,62500.0,55,0.55
787,4,100,539101,62500.0,60,0.6
788,4,100,539101,62500.0,93,0.93
789,4,100,539101,62500.0,83,0.83
790,4,100,539101,62500.0,61,0.61
791,4,100,167915,62500.0,11,0.11
792,4,100,539101,62500.0,79,0.79
793,4,100,539101,62500.0,42,0.42
794,4,100,44642,62500.0,19,0.19
795,4,100,72213,62500.0,41,0.41
796,4,100,539101,62500.0,48,0.48
797,4,100,72213,62500.0,27,0.27
798,4,100,539101,62500.0,28,0.28
799,4,100,167915,62500.0,42,0.42
800,4,100,7521,62500.0,3,0.03
801,4,100,539101,62500.0,81,0.81
802,4,100,167915,62500.0,20,0.2
803,4,100,138445,62500.0,33,0.33
804,4,100,539101,62500.0,60,0.6
805,4,100,539101,62500.0,56,0.56
806,4,100,539101,62500.0,92,0.92
807,4,100,72213,62500.0,21,0.21
808,4,100,539101,62500.0,95,0.95
809,4,100,539101,62500.0,75,0.75
810,4,100,539101,62500.0,98,0.98
811,4,100,539101,62500.0,50,0.5
812,4,100,539101,62500.0,93,0.93
813,4,100,539101,62500.0,89,0.89
814,4,100,539101,62500.0,87,0.87
815,4,100,138445,62500.0,31,0.31
816,4,100,44642,62500.0,11,0.11
817,4,100,539101,62500.0,76,0.76
818,4,100,72213,62500.0,8,0.08
819,4,100,167915,62500.0,94,0.94
820,4,100,539101,62500.0,60,0.6
821,4,100,539101,62500.0,57,0.57
822,4,100,539101,62500.0,83,0.83
823,4,100,138445,62500.0,34,0.34
824,4,100,539101,62500.0,54,0.54
825,4,100,539101,62500.0,82,0.82
826,4,100,539101,62500.0,66,0.66
827,4,100,539101,62500.0,94,0.94
828,4,100,539101,62500.0,89,0.89
829,4,100,138445,62500.0,59,0.59
830,4,100,539101,62500.0,96,0.96
831,4,100,167915,62500.0,27,0.27
832,4,100,7521,62500.0,9,0.09
833,4,100,539101,62500.0,71,0.71
834,4,100,539101,62500.0,100,1.0
835,4,100,539101,62500.0,98,0.98
836,4,100,167915,62500.0,28,0.28
837,4,100,539101,62500.0,89,0.89
838,4,100,539101,62500.0,71,0.71
839,4,100,539101,62500.0,99,0.99
840,4,100,539101,62500.0,76,0.76
841,4,100,44642,62500.0,42,0.42
842,4,100,167915,62500.0,64,0.64
843,4,100,539101,62500.0,81,0.81
844,4,100,539101,62500.0,89,0.89
845,4,100,539101,62500.0,77,0.77
846,4,100,539101,62500.0,71,0.71
847,4,100,539101,62500.0,56,0.56
848,4,100,539101,62500.0,88,0.88
849,4,100,167915,62500.0,29,0.29
850,4,100,138445,62500.0,21,0.21
851,4,100,539101,62500.0,97,0.97
852,4,100,539101,62500.0,29,0.29
853,4,100,539101,62500.0,86,0.86
854,4,100,539101,62500.0,38,0.38
855,4,100,167915,62500.0,23,0.23
856,4,100,539101,62500.0,98,0.98
857,4,100,539101,62500.0,39,0.39
858,4,100,539101,62500.0,74,0.74
859,4,100,138445,62500.0,36,0.36
860,4,100,72213,62500.0,28,0.28
861,4,100,44642,62500.0,41,0.41
862,4,100,539101,62500.0,41,0.41
863,4,100,7521,62500.0,2,0.02
864,4,100,44642,62500.0,3,0.03
865,4,100,539101,62500.0,88,0.88
866,4,100,539101,62500.0,91,0.91
867,4,100,138445,62500.0,56,0.56
868,4,100,539101,62500.0,94,0.94
869,4,100,539101,62500.0,70,0.7
870,4,100,539101,62500.0,98,0.98
871,4,100,539101,62500.0,80,0.8
872,4,100,44642,62500.0,41,0.41
873,4,100,44642,62500.0,3,0.03
874,4,100,539101,62500.0,71,0.71
875,4,100,138445,62500.0,36,0.36
876,4,100,44642,62500.0,28,0.28
877,4,100,138445,62500.0,28,0.28
878,4,100,539101,62500.0,66,0.66
879,4,100,72213,62500.0,12,0.12
880,4,100,167915,62500.0,27,0.27
881,4,100,539101,62500.0,31,0.31
882,4,100,138445,62500.0,36,0.36
883,4,100,539101,62500.0,90,0.9
884,4,100,539101,62500.0,70,0.7
885,4,100,167915,62500.0,29,0.29
886,4,100,44642,62500.0,21,0.21
887,4,100,138445,62500.0,20,0.2
888,4,100,539101,62500.0,96,0.96
889,4,100,167915,62500.0,23,0.23
890,4,100,539101,62500.0,57,0.57
891,4,100,539101,62500.0,71,0.71
892,4,100,138445,62500.0,61,0.61
893,4,100,539101,62500.0,88,0.88
894,4,100,539101,62500.0,84,0.84
895,4,100,44642,62500.0,27,0.27
896,4,100,14008,62500.0,6,0.06
897,4,100,539101,62500.0,81,0.81
898,4,100,167915,62500.0,28,0.28
899,4,100,167915,62500.0,24,0.24
900,4,100,138445,62500.0,26,0.26
901,4,100,539101,62500.0,94,0.94
902,4,100,167915,62500.0,24,0.24
903,4,100,539101,62500.0,82,0.82
904,4,100,539101,62500.0,82,0.82
905,4,100,539101,62500.0,71,0.71
906,4,100,44642,62500.0,20,0.2
907,4,100,138445,62500.0,37,0.37
908,4,100,539101,62500.0,90,0.9
909,4,100,167915,62500.0,25,0.25
910,4,100,539101,62500.0,58,0.58
911,4,100,44642,62500.0,14,0.14
912,4,100,539101,62500.0,83,0.83
913,4,100,72213,62500.0,22,0.22
914,4,100,167915,62500.0,37,0.37
915,4,100,539101,62500.0,90,0.9
916,4,100,167915,62500.0,4,0.04
917,4,100,539101,62500.0,49,0.49
918,4,100,16155,62500.0,3,0.03
919,4,100,72213,62500.0,11,0.11
920,4,100,539101,62500.0,78,0.78
921,4,100,539101,62500.0,82,0.82
922,4,100,138445,62500.0,30,0.3
923,4,100,16155,62500.0,10,0.1
924,4,100,539101,62500.0,82,0.82
925,4,100,539101,62500.0,51,0.51
926,4,100,539101,62500.0,70,0.7
927,4,100,539101,62500.0,74,0.74
928,4,100,539101,62500.0,89,0.89
929,4,100,539101,62500.0,71,0.71
930,4,100,44642,62500.0,13,0.13
931,4,100,167915,62500.0,32,0.32
932,4,100,539101,62500.0,87,0.87
933,4,100,539101,62500.0,79,0.79
934,4,100,72213,62500.0,19,0.19
935,4,100,138445,62500.0,24,0.24
936,4,100,138445,62500.0,8,0.08
937,4,100,167915,62500.0,30,0.3
938,4,100,539101,62500.0,69,0.69
939,4,100,16155,62500.0,9,0.09
940,4,100,167915,62500.0,17,0.17
941,4,100,539101,62500.0,54,0.54
942,4,100,539101,62500.0,2,0.02
943,4,100,539101,62500.0,86,0.86
944,4,100,539101,62500.0,89,0.89
945,4,100,72213,62500.0,15,0.15
946,4,100,167915,62500.0,28,0.28
947,4,100,44642,62500.0,19,0.19
948,4,100,138445,62500.0,26,0.26
949,4,100,138445,62500.0,17,0.17
950,4,100,539101,62500.0,60,0.6
951,4,100,539101,62500.0,57,0.57
952,4,100,539101,62500.0,100,1.0
953,4,100,539101,62500.0,81,0.81
954,4,100,539101,62500.0,72,0.72
955,4,100,539101,62500.0,93,0.93
956,4,100,539101,62500.0,99,0.99
957,4,100,138445,62500.0,22,0.22
958,4,100,44642,62500.0,2,0.02
959,4,100,72213,62500.0,22,0.22
960,4,100,72213,62500.0,22,0.22
961,4,100,539101,62500.0,63,0.63
962,4,100,539101,62500.0,67,0.67
963,4,100,14008,62500.0,1,0.01
964,4,100,539101,62500.0,85,0.85
965,4,100,539101,62500.0,99,0.99
966,4,100,138445,62500.0,14,0.14
967,4,100,539101,62500.0,71,0.71
968,4,100,138445,62500.0,30,0.3
969,4,100,72213,62500.0,15,0.15
970,4,100,167915,62500.0,46,0.46
971,4,100,44642,62500.0,10,0.1
972,4,100,539101,62500.0,72,0.72
973,4,100,167915,62500.0,22,0.22
974,4,100,167915,62500.0,29,0.29
975,4,100,14008,62500.0,8,0.08
976,4,100,167915,62500.0,21,0.21
977,4,100,167915,62500.0,55,0.55
978,4,100,539101,62500.0,90,0.9
979,4,100,539101,62500.0,81,0.81
980,4,100,72213,62500.0,6,0.06
981,4,100,539101,62500.0,73,0.73
982,4,100,539101,62500.0,24,0.24
983,4,100,539101,62500.0,58,0.58
984,4,100,138445,62500.0,39,0.39
985,4,100,539101,62500.0,62,0.62
986,4,100,167915,62500.0,80,0.8
987,4,100,138445,62500.0,48,0.48
988,4,100,539101,62500.0,76,0.76
989,4,100,167915,62500.0,40,0.4
990,4,100,539101,62500.0,54,0.54
991,4,100,14008,62500.0,44,0.44
992,4,100,539101,62500.0,45,0.45
993,4,100,14008,62500.0,59,0.59
994,4,100,44642,62500.0,24,0.24
995,4,100,539101,62500.0,95,0.95
996,4,100,539101,62500.0,89,0.89
997,4,100,72213,62500.0,12,0.12
998,4,100,539101,62500.0,40,0.4
999,4,100,539101,62500.0,71,0.71
0,8,1,2307,3906.25,0,0.0
1,8,1,5186,3906.25,0,0.0
2,8,1,10178,3906.25,0,0.0
3,8,1,516,3906.25,1,1.0
4,8,1,83384,3906.25,0,0.0
5,8,1,62670,3906.25,1,1.0
6,8,1,5513,3906.25,1,1.0
7,8,1,14644,3906.25,1,1.0
8,8,1,52957,3906.25,0,0.0
9,8,1,4327,3906.25,0,0.0
10,8,1,19402,3906.25,1,1.0
11,8,1,2139,3906.25,0,0.0
12,8,1,55766,3906.25,0,0.0
13,8,1,2363,3906.25,0,0.0
14,8,1,22435,3906.25,0,0.0
15,8,1,3026,3906.25,0,0.0
16,8,1,15049,3906.25,1,1.0
17,8,1,67756,3906.25,1,1.0
18,8,1,52957,3906.25,1,1.0
19,8,1,3873,3906.25,0,0.0
20,8,1,62670,3906.25,0,0.0
21,8,1,62670,3906.25,0,0.0
22,8,1,1653,3906.25,0,0.0
23,8,1,5886,3906.25,0,0.0
24,8,1,2363,3906.25,1,1.0
25,8,1,55766,3906.25,0,0.0
26,8,1,22435,3906.25,0,0.0
27,8,1,83384,3906.25,1,1.0
28,8,1,11896,3906.25,0,0.0
29,8,1,67756,3906.25,0,0.0
30,8,1,2307,3906.25,0,0.0
31,8,1,36208,3906.25,0,0.0
32,8,1,4372,3906.25,0,0.0
33,8,1,22435,3906.25,0,0.0
34,8,1,15092,3906.25,1,1.0
35,8,1,52957,3906.25,1,1.0
36,8,1,19832,3906.25,0,0.0
37,8,1,83384,3906.25,0,0.0
38,8,1,55766,3906.25,1,1.0
39,8,1,18470,3906.25,1,1.0
40,8,1,59860,3906.25,0,0.0
41,8,1,59860,3906.25,1,1.0
42,8,1,15049,3906.25,0,0.0
43,8,1,83384,3906.25,1,1.0
44,8,1,909,3906.25,0,0.0
45,8,1,15049,3906.25,0,0.0
46,8,1,3873,3906.25,0,0.0
47,8,1,14197,3906.25,0,0.0
48,8,1,33927,3906.25,1,1.0
49,8,1,5886,3906.25,0,0.0
50,8,1,5513,3906.25,1,1.0
51,8,1,52957,3906.25,0,0.0
52,8,1,33927,3906.25,1,1.0
53,8,1,62670,3906.25,0,0.0
54,8,1,83384,3906.25,1,1.0
55,8,1,6353,3906.25,0,0.0
56,8,1,62670,3906.25,0,0.0
57,8,1,246,3906.25,0,0.0
58,8,1,5886,3906.25,0,0.0
59,8,1,62670,3906.25,0,0.0
60,8,1,5122,3906.25,1,1.0
61,8,1,62670,3906.25,0,0.0
62,8,1,55766,3906.25,1,1.0
63,8,1,52957,3906.25,0,0.0
64,8,1,55766,3906.25,1,1.0
65,8,1,52957,3906.25,0,0.0
66,8,1,9739,3906.25,0,0.0
67,8,1,3397,3906.25,1,1.0
68,8,1,14644,3906.25,0,0.0
69,8,1,3444,3906.25,0,0.0
70,8,1,5228,3906.25,0,0.0
71,8,1,12641,3906.25,0,0.0
72,8,1,11062,3906.25,0,0.0
73,8,1,25946,3906.25,0,0.0
74,8,1,62670,3906.25,0,0.0
75,8,1,62670,3906.25,0,0.0
76,8,1,59860,3906.25,0,0.0
77,8,1,246,3906.25,0,0.0
78,8,1,12641,3906.25,0,0.0
79,8,1,16887,3906.25,0,0.0
80,8,1,14644,3906.25,0,0.0
81,8,1,8603,3906.25,0,0.0
82,8,1,83384,3906.25,1,1.0
83,8,1,9105,3906.25,0,0.0
84,8,1,67756,3906.25,1,1.0
85,8,1,14282,3906.25,0,0.0
86,8,1,36208,3906.25,0,0.0
87,8,1,36208,3906.25,0,0.0
88,8,1,1145,3906.25,0,0.0
89,8,1,36208,3906.25,0,0.0
90,8,1,67756,3906.25,1,1.0
91,8,1,15092,3906.25,0,0.0
92,8,1,8864,3906.25,0,0.0
93,8,1,83384,3906.25,0,0.0
94,8,1,83384,3906.25,0,0.0
95,8,1,4114,3906.25,0,0.0
96,8,1,11896,3906.25,0,0.0
97,8,1,5759,3906.25,1,1.0
98,8,1,8811,3906.25,1,1.0
99,8,1,2363,3906.25,1,1.0
100,8,1,12641,3906.25,0,0.0
101,8,1,2983,3906.25,0,0.0
102,8,1,11896,3906.25,0,0.0
103,8,1,11152,3906.25,0,0.0
104,8,1,14282,3906.25,0,0.0
105,8,1,4372,3906.25,0,0.0
106,8,1,55766,3906.25,0,0.0
107,8,1,55766,3906.25,1,1.0
108,8,1,447,3906.25,0,0.0
109,8,1,11152,3906.25,0,0.0
110,8,1,33927,3906.25,0,0.0
111,8,1,83384,3906.25,0,0.0
112,8,1,3426,3906.25,0,0.0
113,8,1,36208,3906.25,1,1.0
114,8,1,4979,3906.25,0,0.0
115,8,1,5886,3906.25,0,0.0
116,8,1,22435,3906.25,0,0.0
117,8,1,36208,3906.25,0,0.0
118,8,1,8864,3906.25,0,0.0
119,8,1,460,3906.25,0,0.0
120,8,1,3645,3906.25,0,0.0
121,8,1,16887,3906.25,0,0.0
122,8,1,14197,3906.25,0,0.0
123,8,1,11896,3906.25,0,0.0
124,8,1,59860,3906.25,0,0.0
125,8,1,36208,3906.25,0,0.0
126,8,1,554,3906.25,0,0.0
127,8,1,5513,3906.25,0,0.0
128,8,1,9191,3906.25,0,0.0
129,8,1,14644,3906.25,0,0.0
130,8,1,14644,3906.25,0,0.0
131,8,1,14197,3906.25,1,1.0
132,8,1,62670,3906.25,1,1.0
133,8,1,775,3906.25,0,0.0
134,8,1,730,3906.25,0,0.0
135,8,1,2025,3906.25,0,0.0
136,8,1,18470,3906.25,1,1.0
137,8,1,4372,3906.25,1,1.0
138,8,1,11062,3906.25,0,0.0
139,8,1,55766,3906.25,0,0.0
140,8,1,14282,3906.25,1,1.0
141,8,1,62670,3906.25,0,0.0
142,8,1,16887,3906.25,0,0.0
143,8,1,52957,3906.25,0,0.0
144,8,1,55766,3906.25,0,0.0
145,8,1,8864,3906.25,0,0.0
146,8,1,59860,3906.25,1,1.0
147,8,1,8211,3906.25,1,1.0
148,8,1,59860,3906.25,0,0.0
149,8,1,11896,3906.25,0,0.0
150,8,1,14282,3906.25,0,0.0
151,8,1,5445,3906.25,0,0.0
152,8,1,25946,3906.25,0,0.0
153,8,1,59860,3906.25,1,1.0
154,8,1,14282,3906.25,0,0.0
155,8,1,16887,3906.25,1,1.0
156,8,1,11062,3906.25,0,0.0
157,8,1,52957,3906.25,1,1.0
158,8,1,10178,3906.25,0,0.0
159,8,1,1438,3906.25,0,0.0
160,8,1,460,3906.25,0,0.0
161,8,1,67756,3906.25,0,0.0
162,8,1,62670,3906.25,0,0.0
163,8,1,14282,3906.25,1,1.0
164,8,1,1145,3906.25,0,0.0
165,8,1,59860,3906.25,1,1.0
166,8,1,6353,3906.25,0,0.0
167,8,1,12641,3906.25,0,0.0
168,8,1,14644,3906.25,0,0.0
169,8,1,1525,3906.25,0,0.0
170,8,1,2918,3906.25,0,0.0
171,8,1,36208,3906.25,0,0.0
172,8,1,36208,3906.25,0,0.0
173,8,1,67756,3906.25,0,0.0
174,8,1,9146,3906.25,0,0.0
175,8,1,15049,3906.25,0,0.0
176,8,1,8603,3906.25,1,1.0
177,8,1,83384,3906.25,1,1.0
178,8,1,52957,3906.25,0,0.0
179,8,1,8864,3906.25,1,1.0
180,8,1,14197,3906.25,0,0.0
181,8,1,1597,3906.25,0,0.0
182,8,1,4328,3906.25,0,0.0
183,8,1,3026,3906.25,0,0.0
184,8,1,52957,3906.25,0,0.0
185,8,1,14282,3906.25,1,1.0
186,8,1,22435,3906.25,0,0.0
187,8,1,15049,3906.25,0,0.0
188,8,1,62670,3906.25,0,0.0
189,8,1,36208,3906.25,0,0.0
190,8,1,8470,3906.25,0,0.0
191,8,1,2918,3906.25,0,0.0
192,8,1,67756,3906.25,0,0.0
193,8,1,55766,3906.25,0,0.0
194,8,1,12641,3906.25,0,0.0
195,8,1,62670,3906.25,0,0.0
196,8,1,83384,3906.25,0,0.0
197,8,1,83384,3906.25,1,1.0
198,8,1,55766,3906.25,0,0.0
199,8,1,52957,3906.25,0,0.0
200,8,1,4089,3906.25,0,0.0
201,8,1,22435,3906.25,0,0.0
202,8,1,52957,3906.25,0,0.0
203,8,1,14282,3906.25,0,0.0
204,8,1,59860,3906.25,0,0.0
205,8,1,2918,3906.25,0,0.0
206,8,1,10178,3906.25,0,0.0
207,8,1,55766,3906.25,0,0.0
208,8,1,9105,3906.25,1,1.0
209,8,1,19832,3906.25,0,0.0
210,8,1,4372,3906.25,0,0.0
211,8,1,5886,3906.25,0,0.0
212,8,1,55766,3906.25,0,0.0
213,8,1,67756,3906.25,0,0.0
214,8,1,11062,3906.25,0,0.0
215,8,1,2025,3906.25,0,0.0
216,8,1,3516,3906.25,0,0.0
217,8,1,59860,3906.25,0,0.0
218,8,1,67756,3906.25,0,0.0
219,8,1,59860,3906.25,1,1.0
220,8,1,83384,3906.25,0,0.0
221,8,1,15092,3906.25,1,1.0
222,8,1,83384,3906.25,1,1.0
223,8,1,36208,3906.25,0,0.0
224,8,1,11152,3906.25,0,0.0
225,8,1,2139,3906.25,0,0.0
226,8,1,62670,3906.25,0,0.0
227,8,1,83384,3906.25,0,0.0
228,8,1,83384,3906.25,0,0.0
229,8,1,52957,3906.25,1,1.0
230,8,1,3026,3906.25,0,0.0
231,8,1,36208,3906.25,0,0.0
232,8,1,1438,3906.25,0,0.0
233,8,1,3645,3906.25,0,0.0
234,8,1,15092,3906.25,0,0.0
235,8,1,67756,3906.25,0,0.0
236,8,1,52957,3906.25,0,0.0
237,8,1,14644,3906.25,0,0.0
238,8,1,8512,3906.25,1,1.0
239,8,1,9191,3906.25,0,0.0
240,8,1,8603,3906.25,0,0.0
241,8,1,36208,3906.25,1,1.0
242,8,1,14197,3906.25,0,0.0
243,8,1,52957,3906.25,1,1.0
244,8,1,55766,3906.25,0,0.0
245,8,1,59860,3906.25,0,0.0
246,8,1,9146,3906.25,0,0.0
247,8,1,14197,3906.25,1,1.0
248,8,1,680,3906.25,0,0.0
249,8,1,55766,3906.25,0,0.0
250,8,1,52957,3906.25,0,0.0
251,8,1,11062,3906.25,0,0.0
252,8,1,83384,3906.25,1,1.0
253,8,1,14644,3906.25,0,0.0
254,8,1,2363,3906.25,0,0.0
255,8,1,9146,3906.25,0,0.0
256,8,1,1740,3906.25,0,0.0
257,8,1,9191,3906.25,0,0.0
258,8,1,15049,3906.25,0,0.0
259,8,1,83384,3906.25,0,0.0
260,8,1,4328,3906.25,0,0.0
261,8,1,33927,3906.25,0,0.0
262,8,1,19832,3906.25,0,0.0
263,8,1,1145,3906.25,0,0.0
264,8,1,67756,3906.25,0,0.0
265,8,1,1597,3906.25,0,0.0
266,8,1,8512,3906.25,0,0.0
267,8,1,12641,3906.25,0,0.0
268,8,1,11896,3906.25,0,0.0
269,8,1,10178,3906.25,0,0.0
270,8,1,55766,3906.25,0,0.0
271,8,1,5051,3906.25,0,0.0
272,8,1,22435,3906.25,1,1.0
273,8,1,2983,3906.25,0,0.0
274,8,1,16570,3906.25,0,0.0
275,8,1,55766,3906.25,0,0.0
276,8,1,11062,3906.25,0,0.0
277,8,1,19832,3906.25,0,0.0
278,8,1,5445,3906.25,0,0.0
279,8,1,14197,3906.25,0,0.0
280,8,1,15092,3906.25,1,1.0
281,8,1,8603,3906.25,1,1.0
282,8,1,83384,3906.25,0,0.0
283,8,1,8603,3906.25,0,0.0
284,8,1,10178,3906.25,0,0.0
285,8,1,19402,3906.25,0,0.0
286,8,1,2040,3906.25,0,0.0
287,8,1,19402,3906.25,1,1.0
288,8,1,83384,3906.25,1,1.0
289,8,1,16887,3906.25,1,1.0
290,8,1,12641,3906.25,0,0.0
291,8,1,2307,3906.25,0,0.0
292,8,1,19402,3906.25,0,0.0
293,8,1,246,3906.25,0,0.0
294,8,1,8603,3906.25,0,0.0
295,8,1,4309,3906.25,1,1.0
296,8,1,15049,3906.25,0,0.0
297,8,1,1653,3906.25,0,0.0
298,8,1,36208,3906.25,0,0.0
299,8,1,4309,3906.25,1,1.0
300,8,1,19832,3906.25,0,0.0
301,8,1,16570,3906.25,1,1.0
302,8,1,6353,3906.25,0,0.0
303,8,1,5759,3906.25,0,0.0
304,8,1,5228,3906.25,0,0.0
305,8,1,62670,3906.25,1,1.0
306,8,1,3516,3906.25,0,0.0
307,8,1,3397,3906.25,0,0.0
308,8,1,18470,3906.25,0,0.0
309,8,1,55766,3906.25,0,0.0
310,8,1,19832,3906.25,1,1.0
311,8,1,775,3906.25,0,0.0
312,8,1,67756,3906.25,1,1.0
313,8,1,9191,3906.25,0,0.0
314,8,1,4327,3906.25,0,0.0
315,8,1,9191,3906.25,1,1.0
316,8,1,25946,3906.25,1,1.0
317,8,1,4309,3906.25,0,0.0
318,8,1,83384,3906.25,1,1.0
319,8,1,1525,3906.25,0,0.0
320,8,1,4327,3906.25,0,0.0
321,8,1,3397,3906.25,0,0.0
322,8,1,4114,3906.25,0,0.0
323,8,1,11152,3906.25,0,0.0
324,8,1,52957,3906.25,1,1.0
325,8,1,19832,3906.25,0,0.0
326,8,1,5445,3906.25,0,0.0
327,8,1,19832,3906.25,0,0.0
328,8,1,52957,3906.25,0,0.0
329,8,1,1653,3906.25,0,0.0
330,8,1,83384,3906.25,1,1.0
331,8,1,16570,3906.25,0,0.0
332,8,1,67756,3906.25,0,0.0
333,8,1,12641,3906.25,1,1.0
334,8,1,33927,3906.25,0,0.0
335,8,1,5445,3906.25,0,0.0
336,8,1,5759,3906.25,0,0.0
337,8,1,8470,3906.25,1,1.0
338,8,1,19832,3906.25,1,1.0
339,8,1,33927,3906.25,0,0.0
340,8,1,5051,3906.25,0,0.0
341,8,1,67756,3906.25,0,0.0
342,8,1,19402,3906.25,0,0.0
343,8,1,67756,3906.25,1,1.0
344,8,1,33927,3906.25,0,0.0
345,8,1,33927,3906.25,1,1.0
346,8,1,52957,3906.25,0,0.0
347,8,1,52957,3906.25,0,0.0
348,8,1,33927,3906.25,0,0.0
349,8,1,83384,3906.25,0,0.0
350,8,1,2235,3906.25,0,0.0
351,8,1,859,3906.25,0,0.0
352,8,1,4328,3906.25,0,0.0
353,8,1,19402,3906.25,0,0.0
354,8,1,52957,3906.25,1,1.0
355,8,1,11062,3906.25,0,0.0
356,8,1,83384,3906.25,1,1.0
357,8,1,14644,3906.25,0,0.0
358,8,1,5186,3906.25,0,0.0
359,8,1,55766,3906.25,1,1.0
360,8,1,19832,3906.25,0,0.0
361,8,1,8864,3906.25,1,1.0
362,8,1,630,3906.25,0,0.0
363,8,1,83384,3906.25,0,0.0
364,8,1,33927,3906.25,0,0.0
365,8,1,787,3906.25,0,0.0
366,8,1,67756,3906.25,1,1.0
367,8,1,25946,3906.25,0,0.0
368,8,1,4327,3906.25,0,0.0
369,8,1,859,3906.25,0,0.0
370,8,1,909,3906.25,0,0.0
371,8,1,2139,3906.25,0,0.0
372,8,1,9105,3906.25,0,0.0
373,8,1,4372,3906.25,0,0.0
374,8,1,9191,3906.25,0,0.0
375,8,1,5513,3906.25,0,0.0
376,8,1,62670,3906.25,0,0.0
377,8,1,8864,3906.25,1,1.0
378,8,1,8811,3906.25,0,0.0
379,8,1,8603,3906.25,0,0.0
380,8,1,14644,3906.25,0,0.0
381,8,1,3426,3906.25,0,0.0
382,8,1,15049,3906.25,0,0.0
383,8,1,59860,3906.25,0,0.0
384,8,1,11896,3906.25,0,0.0
385,8,1,14197,3906.25,0,0.0
386,8,1,55766,3906.25,0,0.0
387,8,1,2153,3906.25,0,0.0
388,8,1,651,3906.25,0,0.0
389,8,1,55766,3906.25,0,0.0
390,8,1,83384,3906.25,0,0.0
391,8,1,55766,3906.25,0,0.0
392,8,1,3645,3906.25,0,0.0
393,8,1,52957,3906.25,0,0.0
394,8,1,8603,3906.25,0,0.0
395,8,1,67756,3906.25,1,1.0
396,8,1,1653,3906.25,0,0.0
397,8,1,33927,3906.25,1,1.0
398,8,1,62670,3906.25,0,0.0
399,8,1,1597,3906.25,1,1.0
400,8,1,1008,3906.25,0,0.0
401,8,1,52957,3906.25,0,0.0
402,8,1,55766,3906.25,0,0.0
403,8,1,22435,3906.25,1,1.0
404,8,1,14644,3906.25,0,0.0
405,8,1,52957,3906.25,0,0.0
406,8,1,15092,3906.25,1,1.0
407,8,1,36208,3906.25,0,0.0
408,8,1,83384,3906.25,0,0.0
409,8,1,67756,3906.25,0,0.0
410,8,1,12641,3906.25,0,0.0
411,8,1,166,3906.25,0,0.0
412,8,1,730,3906.25,0,0.0
413,8,1,8512,3906.25,0,0.0
414,8,1,11062,3906.25,1,1.0
415,8,1,52957,3906.25,0,0.0
416,8,1,36208,3906.25,0,0.0
417,8,1,19832,3906.25,0,0.0
418,8,1,2179,3906.25,0,0.0
419,8,1,67756,3906.25,1,1.0
420,8,1,2363,3906.25,0,0.0
421,8,1,3397,3906.25,0,0.0
422,8,1,14197,3906.25,0,0.0
423,8,1,25946,3906.25,1,1.0
424,8,1,14644,3906.25,0,0.0
425,8,1,3516,3906.25,0,0.0
426,8,1,11062,3906.25,1,1.0
427,8,1,10178,3906.25,0,0.0
428,8,1,9739,3906.25,1,1.0
429,8,1,16887,3906.25,0,0.0
430,8,1,36208,3906.25,0,0.0
431,8,1,11062,3906.25,0,0.0
432,8,1,22435,3906.25,1,1.0
433,8,1,1096,3906.25,0,0.0
434,8,1,55766,3906.25,0,0.0
435,8,1,25946,3906.25,0,0.0
436,8,1,960,3906.25,0,0.0
437,8,1,6353,3906.25,0,0.0
438,8,1,18470,3906.25,0,0.0
439,8,1,83384,3906.25,1,1.0
440,8,1,36208,3906.25,0,0.0
441,8,1,55766,3906.25,0,0.0
442,8,1,5122,3906.25,0,0.0
443,8,1,6353,3906.25,0,0.0
444,8,1,19402,3906.25,1,1.0
445,8,1,83384,3906.25,0,0.0
446,8,1,83384,3906.25,0,0.0
447,8,1,52957,3906.25,0,0.0
448,8,1,19832,3906.25,0,0.0
449,8,1,5122,3906.25,0,0.0
450,8,1,12641,3906.25,1,1.0
451,8,1,19832,3906.25,0,0.0
452,8,1,9191,3906.25,0,0.0
453,8,1,5759,3906.25,0,0.0
454,8,1,18470,3906.25,0,0.0
455,8,1,2235,3906.25,0,0.0
456,8,1,8864,3906.25,0,0.0
457,8,1,36208,3906.25,1,1.0
458,8,1,4327,3906.25,0,0.0
459,8,1,59860,3906.25,0,0.0
460,8,1,11896,3906.25,1,1.0
461,8,1,2918,3906.25,0,0.0
462,8,1,8811,3906.25,0,0.0
463,8,1,15049,3906.25,0,0.0
464,8,1,36208,3906.25,0,0.0
465,8,1,18470,3906.25,0,0.0
466,8,1,55766,3906.25,0,0.0
467,8,1,1253,3906.25,0,0.0
468,8,1,9146,3906.25,0,0.0
469,8,1,15092,3906.25,0,0.0
470,8,1,2307,3906.25,0,0.0
471,8,1,62670,3906.25,0,0.0
472,8,1,5759,3906.25,0,0.0
473,8,1,2918,3906.25,0,0.0
474,8,1,62670,3906.25,0,0.0
475,8,1,12641,3906.25,0,0.0
476,8,1,5513,3906.25,0,0.0
477,8,1,5186,3906.25,1,1.0
478,8,1,3397,3906.25,1,1.0
479,8,1,33927,3906.25,1,1.0
480,8,1,62670,3906.25,0,0.0
481,8,1,1661,3906.25,0,0.0
482,8,1,2983,3906.25,0,0.0
483,8,1,234,3906.25,0,0.0
484,8,1,775,3906.25,0,0.0
485,8,1,6353,3906.25,0,0.0
486,8,1,8211,3906.25,0,0.0
487,8,1,83384,3906.25,1,1.0
488,8,1,22435,3906.25,0,0.0
489,8,1,36208,3906.25,1,1.0
490,8,1,5228,3906.25,0,0.0
491,8,1,59860,3906.25,0,0.0
492,8,1,1096,3906.25,0,0.0
493,8,1,19402,3906.25,0,0.0
494,8,1,6353,3906.25,0,0.0
495,8,1,3516,3906.25,0,0.0
496,8,1,83384,3906.25,1,1.0
497,8,1,4328,3906.25,0,0.0
498,8,1,67756,3906.25,1,1.0
499,8,1,36208,3906.25,0,0.0
500,8,1,4114,3906.25,1,1.0
501,8,1,1359,3906.25,0,0.0
502,8,1,33927,3906.25,0,0.0
503,8,1,83384,3906.25,1,1.0
504,8,1,5051,3906.25,0,0.0
505,8,1,680,3906.25,0,0.0
506,8,1,2153,3906.25,0,0.0
507,8,1,25946,3906.25,1,1.0
508,8,1,33927,3906.25,0,0.0
509,8,1,5228,3906.25,0,0.0
510,8,1,52957,3906.25,1,1.0
511,8,1,4309,3906.25,1,1.0
512,8,1,4309,3906.25,0,0.0
513,8,1,25946,3906.25,0,0.0
514,8,1,2025,3906.25,0,0.0
515,8,1,5122,3906.25,0,0.0
516,8,1,125,3906.25,0,0.0
517,8,1,59860,3906.25,1,1.0
518,8,1,18470,3906.25,1,1.0
519,8,1,1144,3906.25,1,1.0
520,8,1,55766,3906.25,0,0.0
521,8,1,55766,3906.25,1,1.0
522,8,1,1096,3906.25,0,0.0
523,8,1,62670,3906.25,0,0.0
524,8,1,19832,3906.25,0,0.0
525,8,1,59860,3906.25,1,1.0
526,8,1,3026,3906.25,0,0.0
527,8,1,442,3906.25,0,0.0
528,8,1,11062,3906.25,0,0.0
529,8,1,5314,3906.25,1,1.0
530,8,1,3026,3906.25,0,0.0
531,8,1,14197,3906.25,0,0.0
532,8,1,62670,3906.25,1,1.0
533,8,1,1661,3906.25,0,0.0
534,8,1,4544,3906.25,0,0.0
535,8,1,33927,3906.25,1,1.0
536,8,1,5228,3906.25,0,0.0
537,8,1,62670,3906.25,0,0.0
538,8,1,62670,3906.25,0,0.0
539,8,1,4979,3906.25,0,0.0
540,8,1,4089,3906.25,0,0.0
541,8,1,5513,3906.25,0,0.0
542,8,1,15049,3906.25,0,0.0
543,8,1,5228,3906.25,0,0.0
544,8,1,36208,3906.25,0,0.0
545,8,1,33927,3906.25,1,1.0
546,8,1,33927,3906.25,0,0.0
547,8,1,11896,3906.25,0,0.0
548,8,1,892,3906.25,0,0.0
549,8,1,1359,3906.25,0,0.0
550,8,1,83384,3906.25,1,1.0
551,8,1,52957,3906.25,1,1.0
552,8,1,1592,3906.25,0,0.0
553,8,1,8811,3906.25,1,1.0
554,8,1,3645,3906.25,0,0.0
555,8,1,5122,3906.25,1,1.0
556,8,1,52957,3906.25,1,1.0
557,8,1,62670,3906.25,0,0.0
558,8,1,55766,3906.25,0,0.0
559,8,1,22435,3906.25,0,0.0
560,8,1,16887,3906.25,0,0.0
561,8,1,9739,3906.25,0,0.0
562,8,1,14282,3906.25,0,0.0
563,8,1,4328,3906.25,0,0.0
564,8,1,917,3906.25,0,0.0
565,8,1,2307,3906.25,0,0.0
566,8,1,960,3906.25,0,0.0
567,8,1,5759,3906.25,0,0.0
568,8,1,36208,3906.25,0,0.0
569,8,1,55766,3906.25,1,1.0
570,8,1,67756,3906.25,0,0.0
571,8,1,15092,3906.25,0,0.0
572,8,1,11152,3906.25,0,0.0
573,8,1,4328,3906.25,0,0.0
574,8,1,62670,3906.25,0,0.0
575,8,1,5445,3906.25,0,0.0
576,8,1,14644,3906.25,0,0.0
577,8,1,19832,3906.25,0,0.0
578,8,1,67756,3906.25,0,0.0
579,8,1,8811,3906.25,1,1.0
580,8,1,11062,3906.25,0,0.0
581,8,1,234,3906.25,0,0.0
582,8,1,55766,3906.25,0,0.0
583,8,1,67756,3906.25,0,0.0
584,8,1,5445,3906.25,0,0.0
585,8,1,14197,3906.25,0,0.0
586,8,1,22435,3906.25,0,0.0
587,8,1,55766,3906.25,1,1.0
588,8,1,9739,3906.25,0,0.0
589,8,1,33927,3906.25,1,1.0
590,8,1,14197,3906.25,0,0.0
591,8,1,83384,3906.25,0,0.0
592,8,1,11062,3906.25,0,0.0
593,8,1,59860,3906.25,1,1.0
594,8,1,83384,3906.25,1,1.0
595,8,1,22435,3906.25,1,1.0
596,8,1,55766,3906.25,1,1.0
597,8,1,9739,3906.25,0,0.0
598,8,1,14644,3906.25,0,0.0
599,8,1,22435,3906.25,1,1.0
600,8,1,3516,3906.25,0,0.0
601,8,1,14282,3906.25,0,0.0
602,8,1,9105,3906.25,0,0.0
603,8,1,62670,3906.25,0,0.0
604,8,1,15049,3906.25,1,1.0
605,8,1,19832,3906.25,0,0.0
606,8,1,16570,3906.25,0,0.0
607,8,1,2363,3906.25,0,0.0
608,8,1,11896,3906.25,0,0.0
609,8,1,1740,3906.25,0,0.0
610,8,1,2139,3906.25,0,0.0
611,8,1,55766,3906.25,1,1.0
612,8,1,8470,3906.25,0,0.0
613,8,1,19832,3906.25,0,0.0
614,8,1,55766,3906.25,0,0.0
615,8,1,33927,3906.25,0,0.0
616,8,1,59860,3906.25,1,1.0
617,8,1,2363,3906.25,0,0.0
618,8,1,1525,3906.25,0,0.0
619,8,1,16570,3906.25,0,0.0
620,8,1,14282,3906.25,0,0.0
621,8,1,83384,3906.25,0,0.0
622,8,1,9191,3906.25,0,0.0
623,8,1,83384,3906.25,0,0.0
624,8,1,12641,3906.25,0,0.0
625,8,1,14197,3906.25,0,0.0
626,8,1,8603,3906.25,1,1.0
627,8,1,62670,3906.25,0,0.0
628,8,1,59860,3906.25,0,0.0
629,8,1,52957,3906.25,0,0.0
630,8,1,25946,3906.25,0,0.0
631,8,1,3516,3906.25,0,0.0
632,8,1,52957,3906.25,1,1.0
633,8,1,16887,3906.25,1,1.0
634,8,1,2983,3906.25,0,0.0
635,8,1,1661,3906.25,0,0.0
636,8,1,11062,3906.25,0,0.0
637,8,1,52957,3906.25,1,1.0
638,8,1,9146,3906.25,0,0.0
639,8,1,9191,3906.25,0,0.0
640,8,1,67756,3906.25,1,1.0
641,8,1,19402,3906.25,0,0.0
642,8,1,14644,3906.25,0,0.0
643,8,1,83384,3906.25,0,0.0
644,8,1,59860,3906.25,0,0.0
645,8,1,25946,3906.25,1,1.0
646,8,1,14282,3906.25,0,0.0
647,8,1,55766,3906.25,0,0.0
648,8,1,52957,3906.25,0,0.0
649,8,1,11152,3906.25,0,0.0
650,8,1,10178,3906.25,0,0.0
651,8,1,59860,3906.25,0,0.0
652,8,1,67756,3906.25,1,1.0
653,8,1,4327,3906.25,0,0.0
654,8,1,52957,3906.25,1,1.0
655,8,1,14644,3906.25,0,0.0
656,8,1,15049,3906.25,0,0.0
657,8,1,3645,3906.25,0,0.0
658,8,1,2153,3906.25,0,0.0
659,8,1,55766,3906.25,0,0.0
660,8,1,4544,3906.25,0,0.0
661,8,1,55766,3906.25,1,1.0
662,8,1,19402,3906.25,0,0.0
663,8,1,1438,3906.25,1,1.0
664,8,1,83384,3906.25,0,0.0
665,8,1,62670,3906.25,1,1.0
666,8,1,8811,3906.25,0,0.0
667,8,1,83384,3906.25,1,1.0
668,8,1,83384,3906.25,1,1.0
669,8,1,9191,3906.25,0,0.0
670,8,1,5096,3906.25,1,1.0
671,8,1,52957,3906.25,0,0.0
672,8,1,16887,3906.25,0,0.0
673,8,1,52957,3906.25,0,0.0
674,8,1,25946,3906.25,0,0.0
675,8,1,55766,3906.25,0,0.0
676,8,1,67756,3906.25,0,0.0
677,8,1,33927,3906.25,0,0.0
678,8,1,3516,3906.25,0,0.0
679,8,1,14282,3906.25,0,0.0
680,8,1,55766,3906.25,0,0.0
681,8,1,33927,3906.25,0,0.0
682,8,1,11152,3906.25,0,0.0
683,8,1,83384,3906.25,1,1.0
684,8,1,83384,3906.25,1,1.0
685,8,1,62670,3906.25,1,1.0
686,8,1,67756,3906.25,0,0.0
687,8,1,33927,3906.25,0,0.0
688,8,1,2918,3906.25,0,0.0
689,8,1,14197,3906.25,1,1.0
690,8,1,15092,3906.25,0,0.0
691,8,1,8512,3906.25,0,0.0
692,8,1,83384,3906.25,1,1.0
693,8,1,83384,3906.25,0,0.0
694,8,1,2918,3906.25,0,0.0
695,8,1,1576,3906.25,0,0.0
696,8,1,83384,3906.25,0,0.0
697,8,1,52957,3906.25,1,1.0
698,8,1,11062,3906.25,0,0.0
699,8,1,8864,3906.25,0,0.0
700,8,1,9739,3906.25,0,0.0
701,8,1,9191,3906.25,0,0.0
702,8,1,83384,3906.25,1,1.0
703,8,1,11152,3906.25,0,0.0
704,8,1,19402,3906.25,0,0.0
705,8,1,83384,3906.25,0,0.0
706,8,1,859,3906.25,0,0.0
707,8,1,19402,3906.25,1,1.0
708,8,1,83384,3906.25,1,1.0
709,8,1,3444,3906.25,0,0.0
710,8,1,16887,3906.25,0,0.0
711,8,1,1949,3906.25,1,1.0
712,8,1,36208,3906.25,0,0.0
713,8,1,83384,3906.25,0,0.0
714,8,1,5096,3906.25,0,0.0
715,8,1,36208,3906.25,0,0.0
716,8,1,6353,3906.25,1,1.0
717,8,1,33927,3906.25,0,0.0
718,8,1,22435,3906.25,0,0.0
719,8,1,3645,3906.25,0,0.0
720,8,1,3397,3906.25,1,1.0
721,8,1,166,3906.25,0,0.0
722,8,1,6353,3906.25,0,0.0
723,8,1,67756,3906.25,1,1.0
724,8,1,1563,3906.25,0,0.0
725,8,1,2040,3906.25,0,0.0
726,8,1,59860,3906.25,0,0.0
727,8,1,55766,3906.25,1,1.0
728,8,1,9191,3906.25,1,1.0
729,8,1,25946,3906.25,0,0.0
730,8,1,62670,3906.25,0,0.0
731,8,1,36208,3906.25,0,0.0
732,8,1,4979,3906.25,1,1.0
733,8,1,59860,3906.25,0,0.0
734,8,1,18470,3906.25,0,0.0
735,8,1,4544,3906.25,0,0.0
736,8,1,25946,3906.25,0,0.0
737,8,1,9739,3906.25,0,0.0
738,8,1,5314,3906.25,0,0.0
739,8,1,5186,3906.25,0,0.0
740,8,1,83384,3906.25,0,0.0
741,8,1,8864,3906.25,0,0.0
742,8,1,83384,3906.25,1,1.0
743,8,1,55766,3906.25,0,0.0
744,8,1,52957,3906.25,1,1.0
745,8,1,9739,3906.25,0,0.0
746,8,1,36208,3906.25,1,1.0
747,8,1,16887,3906.25,0,0.0
748,8,1,25946,3906.25,0,0.0
749,8,1,324,3906.25,0,0.0
750,8,1,4979,3906.25,0,0.0
751,8,1,11062,3906.25,0,0.0
752,8,1,19402,3906.25,1,1.0
753,8,1,14197,3906.25,0,0.0
754,8,1,19402,3906.25,0,0.0
755,8,1,11896,3906.25,0,0.0
756,8,1,55766,3906.25,0,0.0
757,8,1,5759,3906.25,0,0.0
758,8,1,3873,3906.25,0,0.0
759,8,1,67756,3906.25,0,0.0
760,8,1,8603,3906.25,0,0.0
761,8,1,4327,3906.25,0,0.0
762,8,1,62670,3906.25,1,1.0
763,8,1,12641,3906.25,0,0.0
764,8,1,16887,3906.25,0,0.0
765,8,1,62670,3906.25,0,0.0
766,8,1,3426,3906.25,0,0.0
767,8,1,15092,3906.25,0,0.0
768,8,1,3645,3906.25,1,1.0
769,8,1,52957,3906.25,0,0.0
770,8,1,67756,3906.25,0,0.0
771,8,1,9739,3906.25,0,0.0
772,8,1,36208,3906.25,1,1.0
773,8,1,59860,3906.25,0,0.0
774,8,1,22435,3906.25,0,0.0
775,8,1,3426,3906.25,1,1.0
776,8,1,234,3906.25,1,1.0
777,8,1,6353,3906.25,0,0.0
778,8,1,18470,3906.25,1,1.0
779,8,1,36208,3906.25,0,0.0
780,8,1,16570,3906.25,1,1.0
781,8,1,25946,3906.25,0,0.0
782,8,1,3397,3906.25,1,1.0
783,8,1,2139,3906.25,0,0.0
784,8,1,10178,3906.25,0,0.0
785,8,1,52957,3906.25,0,0.0
786,8,1,11062,3906.25,0,0.0
787,8,1,5445,3906.25,0,0.0
788,8,1,67756,3906.25,1,1.0
789,8,1,62670,3906.25,1,1.0
790,8,1,59860,3906.25,1,1.0
791,8,1,18470,3906.25,1,1.0
792,8,1,36208,3906.25,0,0.0
793,8,1,52957,3906.25,1,1.0
794,8,1,4327,3906.25,0,0.0
795,8,1,3645,3906.25,1,1.0
796,8,1,33927,3906.25,0,0.0
797,8,1,4544,3906.25,0,0.0
798,8,1,14197,3906.25,0,0.0
799,8,1,2153,3906.25,0,0.0
800,8,1,406,3906.25,0,0.0
801,8,1,52957,3906.25,0,0.0
802,8,1,16887,3906.25,0,0.0
803,8,1,9105,3906.25,0,0.0
804,8,1,55766,3906.25,0,0.0
805,8,1,11152,3906.25,0,0.0
806,8,1,59860,3906.25,1,1.0
807,8,1,4544,3906.25,0,0.0
808,8,1,11152,3906.25,1,1.0
809,8,1,14197,3906.25,1,1.0
810,8,1,59860,3906.25,0,0.0
811,8,1,11062,3906.25,0,0.0
812,8,1,36208,3906.25,1,1.0
813,8,1,67756,3906.25,1,1.0
814,8,1,12641,3906.25,0,0.0
815,8,1,19402,3906.25,0,0.0
816,8,1,4372,3906.25,0,0.0
817,8,1,33927,3906.25,0,0.0
818,8,1,8512,3906.25,0,0.0
819,8,1,22435,3906.25,0,0.0
820,8,1,5445,3906.25,1,1.0
821,8,1,67756,3906.25,1,1.0
822,8,1,83384,3906.25,0,0.0
823,8,1,2983,3906.25,0,0.0
824,8,1,14197,3906.25,0,0.0
825,8,1,33927,3906.25,0,0.0
826,8,1,14282,3906.25,0,0.0
827,8,1,52957,3906.25,0,0.0
828,8,1,36208,3906.25,1,1.0
829,8,1,2025,3906.25,0,0.0
830,8,1,67756,3906.25,0,0.0
831,8,1,5122,3906.25,0,0.0
832,8,1,406,3906.25,0,0.0
833,8,1,67756,3906.25,0,0.0
834,8,1,36208,3906.25,1,1.0
835,8,1,12641,3906.25,0,0.0
836,8,1,2153,3906.25,0,0.0
837,8,1,83384,3906.25,0,0.0
838,8,1,83384,3906.25,1,1.0
839,8,1,52957,3906.25,0,0.0
840,8,1,83384,3906.25,1,1.0
841,8,1,2363,3906.25,0,0.0
842,8,1,5886,3906.25,0,0.0
843,8,1,52957,3906.25,0,0.0
844,8,1,55766,3906.25,1,1.0
845,8,1,36208,3906.25,1,1.0
846,8,1,11062,3906.25,0,0.0
847,8,1,83384,3906.25,1,1.0
848,8,1,55766,3906.25,0,0.0
849,8,1,2153,3906.25,0,0.0
850,8,1,4328,3906.25,0,0.0
851,8,1,36208,3906.25,1,1.0
852,8,1,9191,3906.25,0,0.0
853,8,1,14282,3906.25,0,0.0
854,8,1,55766,3906.25,0,0.0
855,8,1,3516,3906.25,0,0.0
856,8,1,14197,3906.25,0,0.0
857,8,1,52957,3906.25,0,0.0
858,8,1,62670,3906.25,0,0.0
859,8,1,9146,3906.25,0,0.0
860,8,1,3645,3906.25,0,0.0
861,8,1,4979,3906.25,0,0.0
862,8,1,67756,3906.25,0,0.0
863,8,1,460,3906.25,0,0.0
864,8,1,5186,3906.25,0,0.0
865,8,1,67756,3906.25,0,0.0
866,8,1,12641,3906.25,0,0.0
867,8,1,4328,3906.25,0,0.0
868,8,1,62670,3906.25,0,0.0
869,8,1,55766,3906.25,1,1.0
870,8,1,52957,3906.25,0,0.0
871,8,1,59860,3906.25,0,0.0
872,8,1,630,3906.25,0,0.0
873,8,1,2363,3906.25,0,0.0
874,8,1,55766,3906.25,1,1.0
875,8,1,19402,3906.25,0,0.0
876,8,1,1653,3906.25,0,0.0
877,8,1,3873,3906.25,0,0.0
878,8,1,9191,3906.25,1,1.0
879,8,1,1625,3906.25,0,0.0
880,8,1,2153,3906.25,0,0.0
881,8,1,36208,3906.25,0,0.0
882,8,1,9146,3906.25,1,1.0
883,8,1,59860,3906.25,0,0.0
884,8,1,62670,3906.25,0,0.0
885,8,1,25946,3906.25,1,1.0
886,8,1,6353,3906.25,0,0.0
887,8,1,16570,3906.25,0,0.0
888,8,1,59860,3906.25,0,0.0
889,8,1,2153,3906.25,0,0.0
890,8,1,52957,3906.25,0,0.0
891,8,1,52957,3906.25,1,1.0
892,8,1,11896,3906.25,0,0.0
893,8,1,52957,3906.25,1,1.0
894,8,1,5445,3906.25,0,0.0
895,8,1,1438,3906.25,1,1.0
896,8,1,887,3906.25,0,0.0
897,8,1,36208,3906.25,0,0.0
898,8,1,25946,3906.25,0,0.0
899,8,1,25946,3906.25,1,1.0
900,8,1,11896,3906.25,0,0.0
901,8,1,11062,3906.25,1,1.0
902,8,1,22435,3906.25,0,0.0
903,8,1,36208,3906.25,0,0.0
904,8,1,59860,3906.25,0,0.0
905,8,1,36208,3906.25,0,0.0
906,8,1,4327,3906.25,0,0.0
907,8,1,5759,3906.25,1,1.0
908,8,1,52957,3906.25,0,0.0
909,8,1,10178,3906.25,0,0.0
910,8,1,8603,3906.25,0,0.0
911,8,1,2040,3906.25,0,0.0
912,8,1,83384,3906.25,0,0.0
913,8,1,8470,3906.25,0,0.0
914,8,1,25946,3906.25,0,0.0
915,8,1,36208,3906.25,1,1.0
916,8,1,18470,3906.25,0,0.0
917,8,1,52957,3906.25,0,0.0
918,8,1,730,3906.25,0,0.0
919,8,1,4114,3906.25,0,0.0
920,8,1,52957,3906.25,0,0.0
921,8,1,83384,3906.25,1,1.0
922,8,1,4328,3906.25,0,0.0
923,8,1,960,3906.25,0,0.0
924,8,1,59860,3906.25,0,0.0
925,8,1,36208,3906.25,1,1.0
926,8,1,62670,3906.25,0,0.0
927,8,1,14282,3906.25,1,1.0
928,8,1,67756,3906.25,1,1.0
929,8,1,52957,3906.25,0,0.0
930,8,1,4372,3906.25,0,0.0
931,8,1,18470,3906.25,0,0.0
932,8,1,14197,3906.25,0,0.0
933,8,1,55766,3906.25,1,1.0
934,8,1,8811,3906.25,0,0.0
935,8,1,9739,3906.25,0,0.0
936,8,1,5759,3906.25,0,0.0
937,8,1,5513,3906.25,1,1.0
938,8,1,59860,3906.25,1,1.0
939,8,1,1949,3906.25,0,0.0
940,8,1,8864,3906.25,0,0.0
941,8,1,8603,3906.25,0,0.0
942,8,1,9191,3906.25,0,0.0
943,8,1,67756,3906.25,0,0.0
944,8,1,59860,3906.25,1,1.0
945,8,1,8512,3906.25,0,0.0
946,8,1,15049,3906.25,0,0.0
947,8,1,2363,3906.25,0,0.0
948,8,1,11896,3906.25,0,0.0
949,8,1,4328,3906.25,0,0.0
950,8,1,8603,3906.25,1,1.0
951,8,1,36208,3906.25,0,0.0
952,8,1,55766,3906.25,1,1.0
953,8,1,62670,3906.25,0,0.0
954,8,1,14197,3906.25,0,0.0
955,8,1,67756,3906.25,1,1.0
956,8,1,67756,3906.25,0,0.0
957,8,1,14644,3906.25,0,0.0
958,8,1,5186,3906.25,0,0.0
959,8,1,3645,3906.25,1,1.0
960,8,1,1253,3906.25,0,0.0
961,8,1,59860,3906.25,0,0.0
962,8,1,62670,3906.25,0,0.0
963,8,1,1592,3906.25,0,0.0
964,8,1,33927,3906.25,0,0.0
965,8,1,62670,3906.25,0,0.0
966,8,1,5759,3906.25,0,0.0
967,8,1,59860,3906.25,0,0.0
968,8,1,9739,3906.25,0,0.0
969,8,1,3645,3906.25,0,0.0
970,8,1,5051,3906.25,1,1.0
971,8,1,4979,3906.25,0,0.0
972,8,1,14282,3906.25,0,0.0
973,8,1,5051,3906.25,0,0.0
974,8,1,5122,3906.25,0,0.0
975,8,1,625,3906.25,0,0.0
976,8,1,3444,3906.25,0,0.0
977,8,1,4309,3906.25,0,0.0
978,8,1,83384,3906.25,0,0.0
979,8,1,5445,3906.25,0,0.0
980,8,1,3426,3906.25,0,0.0
981,8,1,83384,3906.25,1,1.0
982,8,1,55766,3906.25,0,0.0
983,8,1,55766,3906.25,0,0.0
984,8,1,5096,3906.25,0,0.0
985,8,1,14282,3906.25,0,0.0
986,8,1,3444,3906.25,0,0.0
987,8,1,16570,3906.25,1,1.0
988,8,1,36208,3906.25,0,0.0
989,8,1,5513,3906.25,1,1.0
990,8,1,59860,3906.25,1,1.0
991,8,1,1661,3906.25,0,0.0
992,8,1,83384,3906.25,0,0.0
993,8,1,909,3906.25,0,0.0
994,8,1,2918,3906.25,0,0.0
995,8,1,33927,3906.25,0,0.0
996,8,1,59860,3906.25,0,0.0
997,8,1,4089,3906.25,0,0.0
998,8,1,9191,3906.25,0,0.0
999,8,1,55766,3906.25,0,0.0
0,8,10,2307,3906.25,0,0.0
1,8,10,5186,3906.25,5,0.5
2,8,10,10178,3906.25,1,0.1
3,8,10,516,3906.25,4,0.4
4,8,10,83384,3906.25,1,0.1
5,8,10,62670,3906.25,2,0.2
6,8,10,5513,3906.25,5,0.5
7,8,10,14644,3906.25,2,0.2
8,8,10,52957,3906.25,2,0.2
9,8,10,4327,3906.25,0,0.0
10,8,10,19402,3906.25,1,0.1
11,8,10,2139,3906.25,0,0.0
12,8,10,55766,3906.25,1,0.1
13,8,10,2363,3906.25,1,0.1
14,8,10,22435,3906.25,0,0.0
15,8,10,3026,3906.25,1,0.1
16,8,10,15049,3906.25,1,0.1
17,8,10,67756,3906.25,7,0.7
18,8,10,52957,3906.25,5,0.5
19,8,10,3873,3906.25,0,0.0
20,8,10,62670,3906.25,0,0.0
21,8,10,62670,3906.25,0,0.0
22,8,10,1653,3906.25,0,0.0
23,8,10,5886,3906.25,0,0.0
24,8,10,2363,3906.25,1,0.1
25,8,10,55766,3906.25,0,0.0
26,8,10,22435,3906.25,4,0.4
27,8,10,83384,3906.25,4,0.4
28,8,10,11896,3906.25,0,0.0
29,8,10,67756,3906.25,3,0.3
30,8,10,2307,3906.25,0,0.0
31,8,10,36208,3906.25,2,0.2
32,8,10,4372,3906.25,0,0.0
33,8,10,22435,3906.25,0,0.0
34,8,10,15092,3906.25,3,0.3
35,8,10,52957,3906.25,1,0.1
36,8,10,19832,3906.25,0,0.0
37,8,10,83384,3906.25,2,0.2
38,8,10,55766,3906.25,7,0.7
39,8,10,18470,3906.25,3,0.3
40,8,10,59860,3906.25,1,0.1
41,8,10,59860,3906.25,1,0.1
42,8,10,15049,3906.25,1,0.1
43,8,10,83384,3906.25,7,0.7
44,8,10,909,3906.25,5,0.5
45,8,10,15049,3906.25,1,0.1
46,8,10,3873,3906.25,0,0.0
47,8,10,14197,3906.25,2,0.2
48,8,10,33927,3906.25,2,0.2
49,8,10,5886,3906.25,0,0.0
50,8,10,5513,3906.25,1,0.1
51,8,10,52957,3906.25,2,0.2
52,8,10,33927,3906.25,4,0.4
53,8,10,62670,3906.25,1,0.1
54,8,10,83384,3906.25,9,0.9
55,8,10,6353,3906.25,0,0.0
56,8,10,62670,3906.25,0,0.0
57,8,10,246,3906.25,0,0.0
58,8,10,5886,3906.25,0,0.0
59,8,10,62670,3906.25,2,0.2
60,8,10,5122,3906.25,7,0.7
61,8,10,62670,3906.25,0,0.0
62,8,10,55766,3906.25,2,0.2
63,8,10,52957,3906.25,2,0.2
64,8,10,55766,3906.25,3,0.3
65,8,10,52957,3906.25,3,0.3
66,8,10,9739,3906.25,1,0.1
67,8,10,3397,3906.25,3,0.3
68,8,10,14644,3906.25,0,0.0
69,8,10,3444,3906.25,0,0.0
70,8,10,5228,3906.25,0,0.0
71,8,10,12641,3906.25,0,0.0
72,8,10,11062,3906.25,0,0.0
73,8,10,25946,3906.25,2,0.2
74,8,10,62670,3906.25,3,0.3
75,8,10,62670,3906.25,0,0.0
76,8,10,59860,3906.25,2,0.2
77,8,10,246,3906.25,1,0.1
78,8,10,12641,3906.25,0,0.0
79,8,10,16887,3906.25,1,0.1
80,8,10,14644,3906.25,0,0.0
81,8,10,8603,3906.25,1,0.1
82,8,10,83384,3906.25,4,0.4
83,8,10,9105,3906.25,0,0.0
84,8,10,67756,3906.25,6,0.6
85,8,10,14282,3906.25,2,0.2
86,8,10,36208,3906.25,1,0.1
87,8,10,36208,3906.25,5,0.5
88,8,10,1145,3906.25,0,0.0
89,8,10,36208,3906.25,5,0.5
90,8,10,67756,3906.25,2,0.2
91,8,10,15092,3906.25,0,0.0
92,8,10,8864,3906.25,0,0.0
93,8,10,83384,3906.25,0,0.0
94,8,10,83384,3906.25,1,0.1
95,8,10,4114,3906.25,0,0.0
96,8,10,11896,3906.25,0,0.0
97,8,10,5759,3906.25,2,0.2
98,8,10,8811,3906.25,1,0.1
99,8,10,2363,3906.25,1,0.1
100,8,10,12641,3906.25,3,0.3
101,8,10,2983,3906.25,0,0.0
102,8,10,11896,3906.25,0,0.0
103,8,10,11152,3906.25,2,0.2
104,8,10,14282,3906.25,2,0.2
105,8,10,4372,3906.25,1,0.1
106,8,10,55766,3906.25,2,0.2
107,8,10,55766,3906.25,5,0.5
108,8,10,447,3906.25,0,0.0
109,8,10,11152,3906.25,2,0.2
110,8,10,33927,3906.25,0,0.0
111,8,10,83384,3906.25,3,0.3
112,8,10,3426,3906.25,1,0.1
113,8,10,36208,3906.25,5,0.5
114,8,10,4979,3906.25,1,0.1
115,8,10,5886,3906.25,1,0.1
116,8,10,22435,3906.25,2,0.2
117,8,10,36208,3906.25,0,0.0
118,8,10,8864,3906.25,0,0.0
119,8,10,460,3906.25,1,0.1
120,8,10,3645,3906.25,1,0.1
121,8,10,16887,3906.25,1,0.1
122,8,10,14197,3906.25,0,0.0
123,8,10,11896,3906.25,0,0.0
124,8,10,59860,3906.25,4,0.4
125,8,10,36208,3906.25,6,0.6
126,8,10,554,3906.25,0,0.0
127,8,10,5513,3906.25,0,0.0
128,8,10,9191,3906.25,0,0.0
129,8,10,14644,3906.25,0,0.0
130,8,10,14644,3906.25,0,0.0
131,8,10,14197,3906.25,4,0.4
132,8,10,62670,3906.25,3,0.3
133,8,10,775,3906.25,0,0.0
134,8,10,730,3906.25,0,0.0
135,8,10,2025,3906.25,0,0.0
136,8,10,18470,3906.25,3,0.3
137,8,10,4372,3906.25,2,0.2
138,8,10,11062,3906.25,1,0.1
139,8,10,55766,3906.25,2,0.2
140,8,10,14282,3906.25,2,0.2
141,8,10,62670,3906.25,2,0.2
142,8,10,16887,3906.25,0,0.0
143,8,10,52957,3906.25,2,0.2
144,8,10,55766,3906.25,4,0.4
145,8,10,8864,3906.25,0,0.0
146,8,10,59860,3906.25,6,0.6
147,8,10,8211,3906.25,3,0.3
148,8,10,59860,3906.25,0,0.0
149,8,10,11896,3906.25,0,0.0
150,8,10,14282,3906.25,4,0.4
151,8,10,5445,3906.25,0,0.0
152,8,10,25946,3906.25,0,0.0
153,8,10,59860,3906.25,5,0.5
154,8,10,14282,3906.25,2,0.2
155,8,10,16887,3906.25,3,0.3
156,8,10,11062,3906.25,0,0.0
157,8,10,52957,3906.25,2,0.2
158,8,10,10178,3906.25,2,0.2
159,8,10,1438,3906.25,0,0.0
160,8,10,460,3906.25,0,0.0
161,8,10,67756,3906.25,2,0.2
162,8,10,62670,3906.25,1,0.1
163,8,10,14282,3906.25,1,0.1
164,8,10,1145,3906.25,0,0.0
165,8,10,59860,3906.25,8,0.8
166,8,10,6353,3906.25,0,0.0
167,8,10,12641,3906.25,3,0.3
168,8,10,14644,3906.25,0,0.0
169,8,10,1525,3906.25,0,0.0
170,8,10,2918,3906.25,1,0.1
171,8,10,36208,3906.25,1,0.1
172,8,10,36208,3906.25,2,0.2
173,8,10,67756,3906.25,1,0.1
174,8,10,9146,3906.25,0,0.0
175,8,10,15049,3906.25,1,0.1
176,8,10,8603,3906.25,2,0.2
177,8,10,83384,3906.25,5,0.5
178,8,10,52957,3906.25,3,0.3
179,8,10,8864,3906.25,1,0.1
180,8,10,14197,3906.25,0,0.0
181,8,10,1597,3906.25,0,0.0
182,8,10,4328,3906.25,1,0.1
183,8,10,3026,3906.25,0,0.0
184,8,10,52957,3906.25,9,0.9
185,8,10,14282,3906.25,3,0.3
186,8,10,22435,3906.25,0,0.0
187,8,10,15049,3906.25,2,0.2
188,8,10,62670,3906.25,4,0.4
189,8,10,36208,3906.25,6,0.6
190,8,10,8470,3906.25,0,0.0
191,8,10,2918,3906.25,0,0.0
192,8,10,67756,3906.25,0,0.0
193,8,10,55766,3906.25,4,0.4
194,8,10,12641,3906.25,1,0.1
195,8,10,62670,3906.25,2,0.2
196,8,10,83384,3906.25,9,0.9
197,8,10,83384,3906.25,2,0.2
198,8,10,55766,3906.25,2,0.2
199,8,10,52957,3906.25,2,0.2
200,8,10,4089,3906.25,0,0.0
201,8,10,22435,3906.25,0,0.0
202,8,10,52957,3906.25,0,0.0
203,8,10,14282,3906.25,0,0.0
204,8,10,59860,3906.25,3,0.3
205,8,10,2918,3906.25,1,0.1
206,8,10,10178,3906.25,0,0.0
207,8,10,55766,3906.25,1,0.1
208,8,10,9105,3906.25,2,0.2
209,8,10,19832,3906.25,0,0.0
210,8,10,4372,3906.25,1,0.1
211,8,10,5886,3906.25,0,0.0
212,8,10,55766,3906.25,2,0.2
213,8,10,67756,3906.25,0,0.0
214,8,10,11062,3906.25,0,0.0
215,8,10,2025,3906.25,0,0.0
216,8,10,3516,3906.25,0,0.0
217,8,10,59860,3906.25,2,0.2
218,8,10,67756,3906.25,6,0.6
219,8,10,59860,3906.25,8,0.8
220,8,10,83384,3906.25,6,0.6
221,8,10,15092,3906.25,1,0.1
222,8,10,83384,3906.25,7,0.7
223,8,10,36208,3906.25,3,0.3
224,8,10,11152,3906.25,0,0.0
225,8,10,2139,3906.25,1,0.1
226,8,10,62670,3906.25,2,0.2
227,8,10,83384,3906.25,3,0.3
228,8,10,83384,3906.25,2,0.2
229,8,10,52957,3906.25,2,0.2
230,8,10,3026,3906.25,0,0.0
231,8,10,36208,3906.25,7,0.7
232,8,10,1438,3906.25,0,0.0
233,8,10,3645,3906.25,3,0.3
234,8,10,15092,3906.25,0,0.0
235,8,10,67756,3906.25,1,0.1
236,8,10,52957,3906.25,1,0.1
237,8,10,14644,3906.25,1,0.1
238,8,10,8512,3906.25,4,0.4
239,8,10,9191,3906.25,0,0.0
240,8,10,8603,3906.25,2,0.2
241,8,10,36208,3906.25,3,0.3
242,8,10,14197,3906.25,0,0.0
243,8,10,52957,3906.25,3,0.3
244,8,10,55766,3906.25,0,0.0
245,8,10,59860,3906.25,3,0.3
246,8,10,9146,3906.25,1,0.1
247,8,10,14197,3906.25,9,0.9
248,8,10,680,3906.25,0,0.0
249,8,10,55766,3906.25,0,0.0
250,8,10,52957,3906.25,0,0.0
251,8,10,11062,3906.25,0,0.0
252,8,10,83384,3906.25,6,0.6
253,8,10,14644,3906.25,0,0.0
254,8,10,2363,3906.25,0,0.0
255,8,10,9146,3906.25,0,0.0
256,8,10,1740,3906.25,0,0.0
257,8,10,9191,3906.25,4,0.4
258,8,10,15049,3906.25,0,0.0
259,8,10,83384,3906.25,1,0.1
260,8,10,4328,3906.25,0,0.0
261,8,10,33927,3906.25,4,0.4
262,8,10,19832,3906.25,3,0.3
263,8,10,1145,3906.25,0,0.0
264,8,10,67756,3906.25,4,0.4
265,8,10,1597,3906.25,1,0.1
266,8,10,8512,3906.25,0,0.0
267,8,10,12641,3906.25,0,0.0
268,8,10,11896,3906.25,1,0.1
269,8,10,10178,3906.25,0,0.0
270,8,10,55766,3906.25,0,0.0
271,8,10,5051,3906.25,0,0.0
272,8,10,22435,3906.25,3,0.3
273,8,10,2983,3906.25,1,0.1
274,8,10,16570,3906.25,0,0.0
275,8,10,55766,3906.25,4,0.4
276,8,10,11062,3906.25,0,0.0
277,8,10,19832,3906.25,0,0.0
278,8,10,5445,3906.25,4,0.4
279,8,10,14197,3906.25,0,0.0
280,8,10,15092,3906.25,4,0.4
281,8,10,8603,3906.25,1,0.1
282,8,10,83384,3906.25,7,0.7
283,8,10,8603,3906.25,3,0.3
284,8,10,10178,3906.25,0,0.0
285,8,10,19402,3906.25,2,0.2
286,8,10,2040,3906.25,0,0.0
287,8,10,19402,3906.25,1,0.1
288,8,10,83384,3906.25,5,0.5
289,8,10,16887,3906.25,2,0.2
290,8,10,12641,3906.25,1,0.1
291,8,10,2307,3906.25,1,0.1
292,8,10,19402,3906.25,0,0.0
293,8,10,246,3906.25,2,0.2
294,8,10,8603,3906.25,2,0.2
295,8,10,4309,3906.25,1,0.1
296,8,10,15049,3906.25,1,0.1
297,8,10,1653,3906.25,0,0.0
298,8,10,36208,3906.25,0,0.0
299,8,10,4309,3906.25,7,0.7
300,8,10,19832,3906.25,3,0.3
301,8,10,16570,3906.25,2,0.2
302,8,10,6353,3906.25,0,0.0
303,8,10,5759,3906.25,0,0.0
304,8,10,5228,3906.25,0,0.0
305,8,10,62670,3906.25,7,0.7
306,8,10,3516,3906.25,2,0.2
307,8,10,3397,3906.25,0,0.0
308,8,10,18470,3906.25,2,0.2
309,8,10,55766,3906.25,5,0.5
310,8,10,19832,3906.25,3,0.3
311,8,10,775,3906.25,0,0.0
312,8,10,67756,3906.25,7,0.7
313,8,10,9191,3906.25,0,0.0
314,8,10,4327,3906.25,0,0.0
315,8,10,9191,3906.25,3,0.3
316,8,10,25946,3906.25,5,0.5
317,8,10,4309,3906.25,0,0.0
318,8,10,83384,3906.25,7,0.7
319,8,10,1525,3906.25,0,0.0
320,8,10,4327,3906.25,0,0.0
321,8,10,3397,3906.25,0,0.0
322,8,10,4114,3906.25,0,0.0
323,8,10,11152,3906.25,0,0.0
324,8,10,52957,3906.25,2,0.2
325,8,10,19832,3906.25,2,0.2
326,8,10,5445,3906.25,0,0.0
327,8,10,19832,3906.25,2,0.2
328,8,10,52957,3906.25,0,0.0
329,8,10,1653,3906.25,0,0.0
330,8,10,83384,3906.25,10,1.0
331,8,10,16570,3906.25,0,0.0
332,8,10,67756,3906.25,1,0.1
333,8,10,12641,3906.25,1,0.1
334,8,10,33927,3906.25,0,0.0
335,8,10,5445,3906.25,0,0.0
336,8,10,5759,3906.25,0,0.0
337,8,10,8470,3906.25,4,0.4
338,8,10,19832,3906.25,5,0.5
339,8,10,33927,3906.25,1,0.1
340,8,10,5051,3906.25,2,0.2
341,8,10,67756,3906.25,0,0.0
342,8,10,19402,3906.25,4,0.4
343,8,10,67756,3906.25,9,0.9
344,8,10,33927,3906.25,1,0.1
345,8,10,33927,3906.25,3,0.3
346,8,10,52957,3906.25,0,0.0
347,8,10,52957,3906.25,2,0.2
348,8,10,33927,3906.25,0,0.0
349,8,10,83384,3906.25,1,0.1
350,8,10,2235,3906.25,0,0.0
351,8,10,859,3906.25,0,0.0
352,8,10,4328,3906.25,4,0.4
353,8,10,19402,3906.25,3,0.3
354,8,10,52957,3906.25,5,0.5
355,8,10,11062,3906.25,2,0.2
356,8,10,83384,3906.25,8,0.8
357,8,10,14644,3906.25,0,0.0
358,8,10,5186,3906.25,3,0.3
359,8,10,55766,3906.25,5,0.5
360,8,10,19832,3906.25,0,0.0
361,8,10,8864,3906.25,3,0.3
362,8,10,630,3906.25,0,0.0
363,8,10,83384,3906.25,1,0.1
364,8,10,33927,3906.25,1,0.1
365,8,10,787,3906.25,0,0.0
366,8,10,67756,3906.25,2,0.2
367,8,10,25946,3906.25,0,0.0
368,8,10,4327,3906.25,0,0.0
369,8,10,859,3906.25,1,0.1
370,8,10,909,3906.25,1,0.1
371,8,10,2139,3906.25,1,0.1
372,8,10,9105,3906.25,0,0.0
373,8,10,4372,3906.25,0,0.0
374,8,10,9191,3906.25,3,0.3
375,8,10,5513,3906.25,0,0.0
376,8,10,62670,3906.25,1,0.1
377,8,10,8864,3906.25,4,0.4
378,8,10,8811,3906.25,0,0.0
379,8,10,8603,3906.25,0,0.0
380,8,10,14644,3906.25,1,0.1
381,8,10,3426,3906.25,0,0.0
382,8,10,15049,3906.25,3,0.3
383,8,10,59860,3906.25,0,0.0
384,8,10,11896,3906.25,0,0.0
385,8,10,14197,3906.25,1,0.1
386,8,10,55766,3906.25,0,0.0
387,8,10,2153,3906.25,0,0.0
388,8,10,651,3906.25,0,0.0
389,8,10,55766,3906.25,2,0.2
390,8,10,83384,3906.25,0,0.0
391,8,10,55766,3906.25,7,0.7
392,8,10,3645,3906.25,1,0.1
393,8,10,52957,3906.25,0,0.0
394,8,10,8603,3906.25,3,0.3
395,8,10,67756,3906.25,3,0.3
396,8,10,1653,3906.25,0,0.0
397,8,10,33927,3906.25,1,0.1
398,8,10,62670,3906.25,5,0.5
399,8,10,1597,3906.25,3,0.3
400,8,10,1008,3906.25,0,0.0
401,8,10,52957,3906.25,1,0.1
402,8,10,55766,3906.25,0,0.0
403,8,10,22435,3906.25,1,0.1
404,8,10,14644,3906.25,0,0.0
405,8,10,52957,3906.25,2,0.2
406,8,10,15092,3906.25,6,0.6
407,8,10,36208,3906.25,2,0.2
408,8,10,83384,3906.25,0,0.0
409,8,10,67756,3906.25,6,0.6
410,8,10,12641,3906.25,0,0.0
411,8,10,166,3906.25,0,0.0
412,8,10,730,3906.25,0,0.0
413,8,10,8512,3906.25,1,0.1
414,8,10,11062,3906.25,1,0.1
415,8,10,52957,3906.25,4,0.4
416,8,10,36208,3906.25,2,0.2
417,8,10,19832,3906.25,1,0.1
418,8,10,2179,3906.25,0,0.0
419,8,10,67756,3906.25,3,0.3
420,8,10,2363,3906.25,0,0.0
421,8,10,3397,3906.25,0,0.0
422,8,10,14197,3906.25,3,0.3
423,8,10,25946,3906.25,4,0.4
424,8,10,14644,3906.25,1,0.1
425,8,10,3516,3906.25,1,0.1
426,8,10,11062,3906.25,1,0.1
427,8,10,10178,3906.25,1,0.1
428,8,10,9739,3906.25,2,0.2
429,8,10,16887,3906.25,4,0.4
430,8,10,36208,3906.25,3,0.3
431,8,10,11062,3906.25,5,0.5
432,8,10,22435,3906.25,5,0.5
433,8,10,1096,3906.25,0,0.0
434,8,10,55766,3906.25,5,0.5
435,8,10,25946,3906.25,5,0.5
436,8,10,960,3906.25,0,0.0
437,8,10,6353,3906.25,0,0.0
438,8,10,18470,3906.25,0,0.0
439,8,10,83384,3906.25,6,0.6
440,8,10,36208,3906.25,1,0.1
441,8,10,55766,3906.25,0,0.0
442,8,10,5122,3906.25,1,0.1
443,8,10,6353,3906.25,0,0.0
444,8,10,19402,3906.25,7,0.7
445,8,10,83384,3906.25,0,0.0
446,8,10,83384,3906.25,0,0.0
447,8,10,52957,3906.25,4,0.4
448,8,10,19832,3906.25,1,0.1
449,8,10,5122,3906.25,1,0.1
450,8,10,12641,3906.25,1,0.1
451,8,10,19832,3906.25,4,0.4
452,8,10,9191,3906.25,0,0.0
453,8,10,5759,3906.25,1,0.1
454,8,10,18470,3906.25,2,0.2
455,8,10,2235,3906.25,0,0.0
456,8,10,8864,3906.25,2,0.2
457,8,10,36208,3906.25,8,0.8
458,8,10,4327,3906.25,0,0.0
459,8,10,59860,3906.25,2,0.2
460,8,10,11896,3906.25,4,0.4
461,8,10,2918,3906.25,0,0.0
462,8,10,8811,3906.25,2,0.2
463,8,10,15049,3906.25,5,0.5
464,8,10,36208,3906.25,4,0.4
465,8,10,18470,3906.25,1,0.1
466,8,10,55766,3906.25,3,0.3
467,8,10,1253,3906.25,0,0.0
468,8,10,9146,3906.25,0,0.0
469,8,10,15092,3906.25,0,0.0
470,8,10,2307,3906.25,1,0.1
471,8,10,62670,3906.25,2,0.2
472,8,10,5759,3906.25,2,0.2
473,8,10,2918,3906.25,1,0.1
474,8,10,62670,3906.25,3,0.3
475,8,10,12641,3906.25,4,0.4
476,8,10,5513,3906.25,0,0.0
477,8,10,5186,3906.25,2,0.2
478,8,10,3397,3906.25,5,0.5
479,8,10,33927,3906.25,3,0.3
480,8,10,62670,3906.25,0,0.0
481,8,10,1661,3906.25,0,0.0
482,8,10,2983,3906.25,0,0.0
483,8,10,234,3906.25,0,0.0
484,8,10,775,3906.25,0,0.0
485,8,10,6353,3906.25,0,0.0
486,8,10,8211,3906.25,0,0.0
487,8,10,83384,3906.25,10,1.0
488,8,10,22435,3906.25,0,0.0
489,8,10,36208,3906.25,4,0.4
490,8,10,5228,3906.25,0,0.0
491,8,10,59860,3906.25,2,0.2
492,8,10,1096,3906.25,2,0.2
493,8,10,19402,3906.25,1,0.1
494,8,10,6353,3906.25,0,0.0
495,8,10,3516,3906.25,2,0.2
496,8,10,83384,3906.25,2,0.2
497,8,10,4328,3906.25,0,0.0
498,8,10,67756,3906.25,6,0.6
499,8,10,36208,3906.25,5,0.5
500,8,10,4114,3906.25,1,0.1
501,8,10,1359,3906.25,0,0.0
502,8,10,33927,3906.25,7,0.7
503,8,10,83384,3906.25,7,0.7
504,8,10,5051,3906.25,3,0.3
505,8,10,680,3906.25,0,0.0
506,8,10,2153,3906.25,1,0.1
507,8,10,25946,3906.25,3,0.3
508,8,10,33927,3906.25,0,0.0
509,8,10,5228,3906.25,1,0.1
510,8,10,52957,3906.25,9,0.9
511,8,10,4309,3906.25,1,0.1
512,8,10,4309,3906.25,0,0.0
513,8,10,25946,3906.25,2,0.2
514,8,10,2025,3906.25,0,0.0
515,8,10,5122,3906.25,0,0.0
516,8,10,125,3906.25,0,0.0
517,8,10,59860,3906.25,10,1.0
518,8,10,18470,3906.25,3,0.3
519,8,10,1144,3906.25,6,0.6
520,8,10,55766,3906.25,0,0.0
521,8,10,55766,3906.25,8,0.8
522,8,10,1096,3906.25,0,0.0
523,8,10,62670,3906.25,0,0.0
524,8,10,19832,3906.25,2,0.2
525,8,10,59860,3906.25,5,0.5
526,8,10,3026,3906.25,0,0.0
527,8,10,442,3906.25,0,0.0
528,8,10,11062,3906.25,0,0.0
529,8,10,5314,3906.25,2,0.2
530,8,10,3026,3906.25,1,0.1
531,8,10,14197,3906.25,1,0.1
532,8,10,62670,3906.25,8,0.8
533,8,10,1661,3906.25,0,0.0
534,8,10,4544,3906.25,0,0.0
535,8,10,33927,3906.25,7,0.7
536,8,10,5228,3906.25,1,0.1
537,8,10,62670,3906.25,2,0.2
538,8,10,62670,3906.25,5,0.5
539,8,10,4979,3906.25,1,0.1
540,8,10,4089,3906.25,1,0.1
541,8,10,5513,3906.25,0,0.0
542,8,10,15049,3906.25,1,0.1
543,8,10,5228,3906.25,0,0.0
544,8,10,36208,3906.25,3,0.3
545,8,10,33927,3906.25,1,0.1
546,8,10,33927,3906.25,1,0.1
547,8,10,11896,3906.25,1,0.1
548,8,10,892,3906.25,0,0.0
549,8,10,1359,3906.25,1,0.1
550,8,10,83384,3906.25,7,0.7
551,8,10,52957,3906.25,4,0.4
552,8,10,1592,3906.25,0,0.0
553,8,10,8811,3906.25,5,0.5
554,8,10,3645,3906.25,0,0.0
555,8,10,5122,3906.25,4,0.4
556,8,10,52957,3906.25,4,0.4
557,8,10,62670,3906.25,7,0.7
558,8,10,55766,3906.25,5,0.5
559,8,10,22435,3906.25,0,0.0
560,8,10,16887,3906.25,0,0.0
561,8,10,9739,3906.25,1,0.1
562,8,10,14282,3906.25,0,0.0
563,8,10,4328,3906.25,1,0.1
564,8,10,917,3906.25,1,0.1
565,8,10,2307,3906.25,0,0.0
566,8,10,960,3906.25,0,0.0
567,8,10,5759,3906.25,0,0.0
568,8,10,36208,3906.25,1,0.1
569,8,10,55766,3906.25,4,0.4
570,8,10,67756,3906.25,3,0.3
571,8,10,15092,3906.25,0,0.0
572,8,10,11152,3906.25,0,0.0
573,8,10,4328,3906.25,0,0.0
574,8,10,62670,3906.25,0,0.0
575,8,10,5445,3906.25,1,0.1
576,8,10,14644,3906.25,4,0.4
577,8,10,19832,3906.25,5,0.5
578,8,10,67756,3906.25,1,0.1
579,8,10,8811,3906.25,1,0.1
580,8,10,11062,3906.25,1,0.1
581,8,10,234,3906.25,0,0.0
582,8,10,55766,3906.25,0,0.0
583,8,10,67756,3906.25,4,0.4
584,8,10,5445,3906.25,3,0.3
585,8,10,14197,3906.25,3,0.3
586,8,10,22435,3906.25,3,0.3
587,8,10,55766,3906.25,7,0.7
588,8,10,9739,3906.25,0,0.0
589,8,10,33927,3906.25,6,0.6
590,8,10,14197,3906.25,2,0.2
591,8,10,83384,3906.25,7,0.7
592,8,10,11062,3906.25,1,0.1
593,8,10,59860,3906.25,7,0.7
594,8,10,83384,3906.25,3,0.3
595,8,10,22435,3906.25,3,0.3
596,8,10,55766,3906.25,2,0.2
597,8,10,9739,3906.25,0,0.0
598,8,10,14644,3906.25,0,0.0
599,8,10,22435,3906.25,2,0.2
600,8,10,3516,3906.25,0,0.0
601,8,10,14282,3906.25,0,0.0
602,8,10,9105,3906.25,0,0.0
603,8,10,62670,3906.25,1,0.1
604,8,10,15049,3906.25,1,0.1
605,8,10,19832,3906.25,0,0.0
606,8,10,16570,3906.25,0,0.0
607,8,10,2363,3906.25,0,0.0
608,8,10,11896,3906.25,0,0.0
609,8,10,1740,3906.25,0,0.0
610,8,10,2139,3906.25,0,0.0
611,8,10,55766,3906.25,8,0.8
612,8,10,8470,3906.25,4,0.4
613,8,10,19832,3906.25,0,0.0
614,8,10,55766,3906.25,4,0.4
615,8,10,33927,3906.25,2,0.2
616,8,10,59860,3906.25,5,0.5
617,8,10,2363,3906.25,0,0.0
618,8,10,1525,3906.25,1,0.1
619,8,10,16570,3906.25,1,0.1
620,8,10,14282,3906.25,0,0.0
621,8,10,83384,3906.25,0,0.0
622,8,10,9191,3906.25,1,0.1
623,8,10,83384,3906.25,3,0.3
624,8,10,12641,3906.25,0,0.0
625,8,10,14197,3906.25,0,0.0
626,8,10,8603,3906.25,4,0.4
627,8,10,62670,3906.25,1,0.1
628,8,10,59860,3906.25,0,0.0
629,8,10,52957,3906.25,1,0.1
630,8,10,25946,3906.25,3,0.3
631,8,10,3516,3906.25,0,0.0
632,8,10,52957,3906.25,4,0.4
633,8,10,16887,3906.25,4,0.4
634,8,10,2983,3906.25,1,0.1
635,8,10,1661,3906.25,1,0.1
636,8,10,11062,3906.25,1,0.1
637,8,10,52957,3906.25,9,0.9
638,8,10,9146,3906.25,1,0.1
639,8,10,9191,3906.25,2,0.2
640,8,10,67756,3906.25,9,0.9
641,8,10,19402,3906.25,1,0.1
642,8,10,14644,3906.25,0,0.0
643,8,10,83384,3906.25,1,0.1
644,8,10,59860,3906.25,2,0.2
645,8,10,25946,3906.25,1,0.1
646,8,10,14282,3906.25,3,0.3
647,8,10,55766,3906.25,4,0.4
648,8,10,52957,3906.25,3,0.3
649,8,10,11152,3906.25,0,0.0
650,8,10,10178,3906.25,1,0.1
651,8,10,59860,3906.25,7,0.7
652,8,10,67756,3906.25,4,0.4
653,8,10,4327,3906.25,0,0.0
654,8,10,52957,3906.25,3,0.3
655,8,10,14644,3906.25,0,0.0
656,8,10,15049,3906.25,5,0.5
657,8,10,3645,3906.25,1,0.1
658,8,10,2153,3906.25,0,0.0
659,8,10,55766,3906.25,5,0.5
660,8,10,4544,3906.25,0,0.0
661,8,10,55766,3906.25,6,0.6
662,8,10,19402,3906.25,0,0.0
663,8,10,1438,3906.25,3,0.3
664,8,10,83384,3906.25,3,0.3
665,8,10,62670,3906.25,7,0.7
666,8,10,8811,3906.25,4,0.4
667,8,10,83384,3906.25,4,0.4
668,8,10,83384,3906.25,8,0.8
669,8,10,9191,3906.25,0,0.0
670,8,10,5096,3906.25,4,0.4
671,8,10,52957,3906.25,2,0.2
672,8,10,16887,3906.25,0,0.0
673,8,10,52957,3906.25,4,0.4
674,8,10,25946,3906.25,1,0.1
675,8,10,55766,3906.25,2,0.2
676,8,10,67756,3906.25,0,0.0
677,8,10,33927,3906.25,1,0.1
678,8,10,3516,3906.25,0,0.0
679,8,10,14282,3906.25,1,0.1
680,8,10,55766,3906.25,0,0.0
681,8,10,33927,3906.25,0,0.0
682,8,10,11152,3906.25,0,0.0
683,8,10,83384,3906.25,8,0.8
684,8,10,83384,3906.25,4,0.4
685,8,10,62670,3906.25,3,0.3
686,8,10,67756,3906.25,4,0.4
687,8,10,33927,3906.25,0,0.0
688,8,10,2918,3906.25,0,0.0
689,8,10,14197,3906.25,9,0.9
690,8,10,15092,3906.25,2,0.2
691,8,10,8512,3906.25,1,0.1
692,8,10,83384,3906.25,5,0.5
693,8,10,83384,3906.25,1,0.1
694,8,10,2918,3906.25,1,0.1
695,8,10,1576,3906.25,1,0.1
696,8,10,83384,3906.25,1,0.1
697,8,10,52957,3906.25,4,0.4
698,8,10,11062,3906.25,4,0.4
699,8,10,8864,3906.25,0,0.0
700,8,10,9739,3906.25,0,0.0
701,8,10,9191,3906.25,0,0.0
702,8,10,83384,3906.25,5,0.5
703,8,10,11152,3906.25,2,0.2
704,8,10,19402,3906.25,0,0.0
705,8,10,83384,3906.25,1,0.1
706,8,10,859,3906.25,0,0.0
707,8,10,19402,3906.25,6,0.6
708,8,10,83384,3906.25,7,0.7
709,8,10,3444,3906.25,1,0.1
710,8,10,16887,3906.25,1,0.1
711,8,10,1949,3906.25,1,0.1
712,8,10,36208,3906.25,3,0.3
713,8,10,83384,3906.25,2,0.2
714,8,10,5096,3906.25,0,0.0
715,8,10,36208,3906.25,0,0.0
716,8,10,6353,3906.25,3,0.3
717,8,10,33927,3906.25,2,0.2
718,8,10,22435,3906.25,1,0.1
719,8,10,3645,3906.25,2,0.2
720,8,10,3397,3906.25,7,0.7
721,8,10,166,3906.25,0,0.0
722,8,10,6353,3906.25,0,0.0
723,8,10,67756,3906.25,6,0.6
724,8,10,1563,3906.25,0,0.0
725,8,10,2040,3906.25,0,0.0
726,8,10,59860,3906.25,4,0.4
727,8,10,55766,3906.25,6,0.6
728,8,10,9191,3906.25,1,0.1
729,8,10,25946,3906.25,1,0.1
730,8,10,62670,3906.25,1,0.1
731,8,10,36208,3906.25,0,0.0
732,8,10,4979,3906.25,2,0.2
733,8,10,59860,3906.25,4,0.4
734,8,10,18470,3906.25,0,0.0
735,8,10,4544,3906.25,0,0.0
736,8,10,25946,3906.25,0,0.0
737,8,10,9739,3906.25,0,0.0
738,8,10,5314,3906.25,1,0.1
739,8,10,5186,3906.25,0,0.0
740,8,10,83384,3906.25,1,0.1
741,8,10,8864,3906.25,1,0.1
742,8,10,83384,3906.25,5,0.5
743,8,10,55766,3906.25,0,0.0
744,8,10,52957,3906.25,3,0.3
745,8,10,9739,3906.25,0,0.0
746,8,10,36208,3906.25,9,0.9
747,8,10,16887,3906.25,0,0.0
748,8,10,25946,3906.25,1,0.1
749,8,10,324,3906.25,2,0.2
750,8,10,4979,3906.25,1,0.1
751,8,10,11062,3906.25,0,0.0
752,8,10,19402,3906.25,1,0.1
753,8,10,14197,3906.25,6,0.6
754,8,10,19402,3906.25,0,0.0
755,8,10,11896,3906.25,0,0.0
756,8,10,55766,3906.25,1,0.1
757,8,10,5759,3906.25,1,0.1
758,8,10,3873,3906.25,2,0.2
759,8,10,67756,3906.25,2,0.2
760,8,10,8603,3906.25,0,0.0
761,8,10,4327,3906.25,0,0.0
762,8,10,62670,3906.25,4,0.4
763,8,10,12641,3906.25,0,0.0
764,8,10,16887,3906.25,1,0.1
765,8,10,62670,3906.25,0,0.0
766,8,10,3426,3906.25,1,0.1
767,8,10,15092,3906.25,4,0.4
768,8,10,3645,3906.25,2,0.2
769,8,10,52957,3906.25,1,0.1
770,8,10,67756,3906.25,1,0.1
771,8,10,9739,3906.25,0,0.0
772,8,10,36208,3906.25,4,0.4
773,8,10,59860,3906.25,0,0.0
774,8,10,22435,3906.25,1,0.1
775,8,10,3426,3906.25,3,0.3
776,8,10,234,3906.25,1,0.1
777,8,10,6353,3906.25,1,0.1
778,8,10,18470,3906.25,7,0.7
779,8,10,36208,3906.25,0,0.0
780,8,10,16570,3906.25,2,0.2
781,8,10,25946,3906.25,1,0.1
782,8,10,3397,3906.25,5,0.5
783,8,10,2139,3906.25,0,0.0
784,8,10,10178,3906.25,1,0.1
785,8,10,52957,3906.25,2,0.2
786,8,10,11062,3906.25,0,0.0
787,8,10,5445,3906.25,0,0.0
788,8,10,67756,3906.25,4,0.4
789,8,10,62670,3906.25,7,0.7
790,8,10,59860,3906.25,6,0.6
791,8,10,18470,3906.25,1,0.1
792,8,10,36208,3906.25,2,0.2
793,8,10,52957,3906.25,2,0.2
794,8,10,4327,3906.25,2,0.2
795,8,10,3645,3906.25,4,0.4
796,8,10,33927,3906.25,3,0.3
797,8,10,4544,3906.25,1,0.1
798,8,10,14197,3906.25,1,0.1
799,8,10,2153,3906.25,0,0.0
800,8,10,406,3906.25,0,0.0
801,8,10,52957,3906.25,1,0.1
802,8,10,16887,3906.25,0,0.0
803,8,10,9105,3906.25,3,0.3
804,8,10,55766,3906.25,2,0.2
805,8,10,11152,3906.25,0,0.0
806,8,10,59860,3906.25,6,0.6
807,8,10,4544,3906.25,0,0.0
808,8,10,11152,3906.25,3,0.3
809,8,10,14197,3906.25,3,0.3
810,8,10,59860,3906.25,6,0.6
811,8,10,11062,3906.25,7,0.7
812,8,10,36208,3906.25,3,0.3
813,8,10,67756,3906.25,4,0.4
814,8,10,12641,3906.25,1,0.1
815,8,10,19402,3906.25,0,0.0
816,8,10,4372,3906.25,0,0.0
817,8,10,33927,3906.25,1,0.1
818,8,10,8512,3906.25,0,0.0
819,8,10,22435,3906.25,4,0.4
820,8,10,5445,3906.25,2,0.2
821,8,10,67756,3906.25,4,0.4
822,8,10,83384,3906.25,7,0.7
823,8,10,2983,3906.25,0,0.0
824,8,10,14197,3906.25,3,0.3
825,8,10,33927,3906.25,0,0.0
826,8,10,14282,3906.25,0,0.0
827,8,10,52957,3906.25,1,0.1
828,8,10,36208,3906.25,3,0.3
829,8,10,2025,3906.25,0,0.0
830,8,10,67756,3906.25,1,0.1
831,8,10,5122,3906.25,0,0.0
832,8,10,406,3906.25,0,0.0
833,8,10,67756,3906.25,0,0.0
834,8,10,36208,3906.25,6,0.6
835,8,10,12641,3906.25,0,0.0
836,8,10,2153,3906.25,0,0.0
837,8,10,83384,3906.25,3,0.3
838,8,10,83384,3906.25,5,0.5
839,8,10,52957,3906.25,5,0.5
840,8,10,83384,3906.25,3,0.3
841,8,10,2363,3906.25,0,0.0
842,8,10,5886,3906.25,1,0.1
843,8,10,52957,3906.25,1,0.1
844,8,10,55766,3906.25,10,1.0
845,8,10,36208,3906.25,5,0.5
846,8,10,11062,3906.25,4,0.4
847,8,10,83384,3906.25,4,0.4
848,8,10,55766,3906.25,1,0.1
849,8,10,2153,3906.25,0,0.0
850,8,10,4328,3906.25,0,0.0
851,8,10,36208,3906.25,9,0.9
852,8,10,9191,3906.25,1,0.1
853,8,10,14282,3906.25,1,0.1
854,8,10,55766,3906.25,2,0.2
855,8,10,3516,3906.25,0,0.0
856,8,10,14197,3906.25,0,0.0
857,8,10,52957,3906.25,1,0.1
858,8,10,62670,3906.25,0,0.0
859,8,10,9146,3906.25,1,0.1
860,8,10,3645,3906.25,3,0.3
861,8,10,4979,3906.25,2,0.2
862,8,10,67756,3906.25,0,0.0
863,8,10,460,3906.25,0,0.0
864,8,10,5186,3906.25,0,0.0
865,8,10,67756,3906.25,5,0.5
866,8,10,12641,3906.25,0,0.0
867,8,10,4328,3906.25,2,0.2
868,8,10,62670,3906.25,4,0.4
869,8,10,55766,3906.25,4,0.4
870,8,10,52957,3906.25,3,0.3
871,8,10,59860,3906.25,1,0.1
872,8,10,630,3906.25,1,0.1
873,8,10,2363,3906.25,0,0.0
874,8,10,55766,3906.25,6,0.6
875,8,10,19402,3906.25,3,0.3
876,8,10,1653,3906.25,0,0.0
877,8,10,3873,3906.25,0,0.0
878,8,10,9191,3906.25,5,0.5
879,8,10,1625,3906.25,0,0.0
880,8,10,2153,3906.25,0,0.0
881,8,10,36208,3906.25,0,0.0
882,8,10,9146,3906.25,5,0.5
883,8,10,59860,3906.25,4,0.4
884,8,10,62670,3906.25,0,0.0
885,8,10,25946,3906.25,3,0.3
886,8,10,6353,3906.25,2,0.2
887,8,10,16570,3906.25,0,0.0
888,8,10,59860,3906.25,4,0.4
889,8,10,2153,3906.25,0,0.0
890,8,10,52957,3906.25,5,0.5
891,8,10,52957,3906.25,4,0.4
892,8,10,11896,3906.25,4,0.4
893,8,10,52957,3906.25,6,0.6
894,8,10,5445,3906.25,0,0.0
895,8,10,1438,3906.25,1,0.1
896,8,10,887,3906.25,0,0.0
897,8,10,36208,3906.25,1,0.1
898,8,10,25946,3906.25,1,0.1
899,8,10,25946,3906.25,2,0.2
900,8,10,11896,3906.25,0,0.0
901,8,10,11062,3906.25,2,0.2
902,8,10,22435,3906.25,0,0.0
903,8,10,36208,3906.25,0,0.0
904,8,10,59860,3906.25,0,0.0
905,8,10,36208,3906.25,3,0.3
906,8,10,4327,3906.25,0,0.0
907,8,10,5759,3906.25,3,0.3
908,8,10,52957,3906.25,4,0.4
909,8,10,10178,3906.25,1,0.1
910,8,10,8603,3906.25,0,0.0
911,8,10,2040,3906.25,1,0.1
912,8,10,83384,3906.25,1,0.1
913,8,10,8470,3906.25,1,0.1
914,8,10,25946,3906.25,1,0.1
915,8,10,36208,3906.25,7,0.7
916,8,10,18470,3906.25,0,0.0
917,8,10,52957,3906.25,2,0.2
918,8,10,730,3906.25,0,0.0
919,8,10,4114,3906.25,0,0.0
920,8,10,52957,3906.25,1,0.1
921,8,10,83384,3906.25,5,0.5
922,8,10,4328,3906.25,1,0.1
923,8,10,960,3906.25,0,0.0
924,8,10,59860,3906.25,6,0.6
925,8,10,36208,3906.25,1,0.1
926,8,10,62670,3906.25,1,0.1
927,8,10,14282,3906.25,2,0.2
928,8,10,67756,3906.25,8,0.8
929,8,10,52957,3906.25,2,0.2
930,8,10,4372,3906.25,1,0.1
931,8,10,18470,3906.25,0,0.0
932,8,10,14197,3906.25,0,0.0
933,8,10,55766,3906.25,3,0.3
934,8,10,8811,3906.25,1,0.1
935,8,10,9739,3906.25,1,0.1
936,8,10,5759,3906.25,1,0.1
937,8,10,5513,3906.25,2,0.2
938,8,10,59860,3906.25,6,0.6
939,8,10,1949,3906.25,2,0.2
940,8,10,8864,3906.25,0,0.0
941,8,10,8603,3906.25,0,0.0
942,8,10,9191,3906.25,0,0.0
943,8,10,67756,3906.25,1,0.1
944,8,10,59860,3906.25,2,0.2
945,8,10,8512,3906.25,0,0.0
946,8,10,15049,3906.25,0,0.0
947,8,10,2363,3906.25,0,0.0
948,8,10,11896,3906.25,0,0.0
949,8,10,4328,3906.25,2,0.2
950,8,10,8603,3906.25,6,0.6
951,8,10,36208,3906.25,1,0.1
952,8,10,55766,3906.25,4,0.4
953,8,10,62670,3906.25,1,0.1
954,8,10,14197,3906.25,2,0.2
955,8,10,67756,3906.25,8,0.8
956,8,10,67756,3906.25,2,0.2
957,8,10,14644,3906.25,0,0.0
958,8,10,5186,3906.25,0,0.0
959,8,10,3645,3906.25,2,0.2
960,8,10,1253,3906.25,0,0.0
961,8,10,59860,3906.25,1,0.1
962,8,10,62670,3906.25,2,0.2
963,8,10,1592,3906.25,1,0.1
964,8,10,33927,3906.25,0,0.0
965,8,10,62670,3906.25,0,0.0
966,8,10,5759,3906.25,0,0.0
967,8,10,59860,3906.25,3,0.3
968,8,10,9739,3906.25,0,0.0
969,8,10,3645,3906.25,1,0.1
970,8,10,5051,3906.25,2,0.2
971,8,10,4979,3906.25,1,0.1
972,8,10,14282,3906.25,1,0.1
973,8,10,5051,3906.25,1,0.1
974,8,10,5122,3906.25,2,0.2
975,8,10,625,3906.25,0,0.0
976,8,10,3444,3906.25,0,0.0
977,8,10,4309,3906.25,0,0.0
978,8,10,83384,3906.25,1,0.1
979,8,10,5445,3906.25,3,0.3
980,8,10,3426,3906.25,0,0.0
981,8,10,83384,3906.25,6,0.6
982,8,10,55766,3906.25,0,0.0
983,8,10,55766,3906.25,0,0.0
984,8,10,5096,3906.25,0,0.0
985,8,10,14282,3906.25,2,0.2
986,8,10,3444,3906.25,0,0.0
987,8,10,16570,3906.25,2,0.2
988,8,10,36208,3906.25,5,0.5
989,8,10,5513,3906.25,5,0.5
990,8,10,59860,3906.25,5,0.5
991,8,10,1661,3906.25,3,0.3
992,8,10,83384,3906.25,2,0.2
993,8,10,909,3906.25,4,0.4
994,8,10,2918,3906.25,0,0.0
995,8,10,33927,3906.25,0,0.0
996,8,10,59860,3906.25,1,0.1
997,8,10,4089,3906.25,0,0.0
998,8,10,9191,3906.25,0,0.0
999,8,10,55766,3906.25,4,0.4
0,8,100,2307,3906.25,0,0.0
1,8,100,5186,3906.25,19,0.19
2,8,100,10178,3906.25,2,0.02
3,8,100,516,3906.25,12,0.12
4,8,100,83384,3906.25,16,0.16
5,8,100,62670,3906.25,26,0.26
6,8,100,5513,3906.25,26,0.26
7,8,100,14644,3906.25,8,0.08
8,8,100,52957,3906.25,18,0.18
9,8,100,4327,3906.25,3,0.03
10,8,100,19402,3906.25,2,0.02
11,8,100,2139,3906.25,0,0.0
12,8,100,55766,3906.25,21,0.21
13,8,100,2363,3906.25,1,0.01
14,8,100,22435,3906.25,2,0.02
15,8,100,3026,3906.25,2,0.02
16,8,100,15049,3906.25,2,0.02
17,8,100,67756,3906.25,26,0.26
18,8,100,52957,3906.25,32,0.32
19,8,100,3873,3906.25,4,0.04
20,8,100,62670,3906.25,6,0.06
21,8,100,62670,3906.25,5,0.05
22,8,100,1653,3906.25,5,0.05
23,8,100,5886,3906.25,0,0.0
24,8,100,2363,3906.25,3,0.03
25,8,100,55766,3906.25,11,0.11
26,8,100,22435,3906.25,22,0.22
27,8,100,83384,3906.25,12,0.12
28,8,100,11896,3906.25,11,0.11
29,8,100,67756,3906.25,20,0.2
30,8,100,2307,3906.25,5,0.05
31,8,100,36208,3906.25,14,0.14
32,8,100,4372,3906.25,13,0.13
33,8,100,22435,3906.25,5,0.05
34,8,100,15092,3906.25,27,0.27
35,8,100,52957,3906.25,33,0.33
36,8,100,19832,3906.25,1,0.01
37,8,100,83384,3906.25,24,0.24
38,8,100,55766,3906.25,33,0.33
39,8,100,18470,3906.25,11,0.11
40,8,100,59860,3906.25,12,0.12
41,8,100,59860,3906.25,14,0.14
42,8,100,15049,3906.25,10,0.1
43,8,100,83384,3906.25,68,0.68
44,8,100,909,3906.25,31,0.31
45,8,100,15049,3906.25,2,0.02
46,8,100,3873,3906.25,2,0.02
47,8,100,14197,3906.25,7,0.07
48,8,100,33927,3906.25,16,0.16
49,8,100,5886,3906.25,4,0.04
50,8,100,5513,3906.25,4,0.04
51,8,100,52957,3906.25,29,0.29
52,8,100,33927,3906.25,13,0.13
53,8,100,62670,3906.25,11,0.11
54,8,100,83384,3906.25,53,0.53
55,8,100,6353,3906.25,1,0.01
56,8,100,62670,3906.25,26,0.26
57,8,100,246,3906.25,0,0.0
58,8,100,5886,3906.25,0,0.0
59,8,100,62670,3906.25,11,0.11
60,8,100,5122,3906.25,29,0.29
61,8,100,62670,3906.25,12,0.12
62,8,100,55766,3906.25,6,0.06
63,8,100,52957,3906.25,14,0.14
64,8,100,55766,3906.25,28,0.28
65,8,100,52957,3906.25,21,0.21
66,8,100,9739,3906.25,6,0.06
67,8,100,3397,3906.25,12,0.12
68,8,100,14644,3906.25,4,0.04
69,8,100,3444,3906.25,2,0.02
70,8,100,5228,3906.25,1,0.01
71,8,100,12641,3906.25,12,0.12
72,8,100,11062,3906.25,5,0.05
73,8,100,25946,3906.25,11,0.11
74,8,100,62670,3906.25,18,0.18
75,8,100,62670,3906.25,6,0.06
76,8,100,59860,3906.25,39,0.39
77,8,100,246,3906.25,1,0.01
78,8,100,12641,3906.25,4,0.04
79,8,100,16887,3906.25,3,0.03
80,8,100,14644,3906.25,1,0.01
81,8,100,8603,3906.25,12,0.12
82,8,100,83384,3906.25,29,0.29
83,8,100,9105,3906.25,2,0.02
84,8,100,67756,3906.25,52,0.52
85,8,100,14282,3906.25,14,0.14
86,8,100,36208,3906.25,6,0.06
87,8,100,36208,3906.25,26,0.26
88,8,100,1145,3906.25,4,0.04
89,8,100,36208,3906.25,28,0.28
90,8,100,67756,3906.25,15,0.15
91,8,100,15092,3906.25,2,0.02
92,8,100,8864,3906.25,0,0.0
93,8,100,83384,3906.25,20,0.2
94,8,100,83384,3906.25,21,0.21
95,8,100,4114,3906.25,5,0.05
96,8,100,11896,3906.25,0,0.0
97,8,100,5759,3906.25,10,0.1
98,8,100,8811,3906.25,4,0.04
99,8,100,2363,3906.25,3,0.03
100,8,100,12641,3906.25,3,0.03
101,8,100,2983,3906.25,1,0.01
102,8,100,11896,3906.25,15,0.15
103,8,100,11152,3906.25,5,0.05
104,8,100,14282,3906.25,11,0.11
105,8,100,4372,3906.25,7,0.07
106,8,100,55766,3906.25,38,0.38
107,8,100,55766,3906.25,16,0.16
108,8,100,447,3906.25,2,0.02
109,8,100,11152,3906.25,14,0.14
110,8,100,33927,3906.25,4,0.04
111,8,100,83384,3906.25,27,0.27
112,8,100,3426,3906.25,4,0.04
113,8,100,36208,3906.25,34,0.34
114,8,100,4979,3906.25,5,0.05
115,8,100,5886,3906.25,17,0.17
116,8,100,22435,3906.25,12,0.12
117,8,100,36208,3906.25,6,0.06
118,8,100,8864,3906.25,2,0.02
119,8,100,460,3906.25,7,0.07
120,8,100,3645,3906.25,8,0.08
121,8,100,16887,3906.25,7,0.07
122,8,100,14197,3906.25,7,0.07
123,8,100,11896,3906.25,4,0.04
124,8,100,59860,3906.25,19,0.19
125,8,100,36208,3906.25,33,0.33
126,8,100,554,3906.25,0,0.0
127,8,100,5513,3906.25,5,0.05
128,8,100,9191,3906.25,2,0.02
129,8,100,14644,3906.25,1,0.01
130,8,100,14644,3906.25,4,0.04
131,8,100,14197,3906.25,37,0.37
132,8,100,62670,3906.25,21,0.21
133,8,100,775,3906.25,2,0.02
134,8,100,730,3906.25,3,0.03
135,8,100,2025,3906.25,0,0.0
136,8,100,18470,3906.25,14,0.14
137,8,100,4372,3906.25,3,0.03
138,8,100,11062,3906.25,6,0.06
139,8,100,55766,3906.25,12,0.12
140,8,100,14282,3906.25,7,0.07
141,8,100,62670,3906.25,32,0.32
142,8,100,16887,3906.25,8,0.08
143,8,100,52957,3906.25,20,0.2
144,8,100,55766,3906.25,22,0.22
145,8,100,8864,3906.25,0,0.0
146,8,100,59860,3906.25,30,0.3
147,8,100,8211,3906.25,4,0.04
148,8,100,59860,3906.25,5,0.05
149,8,100,11896,3906.25,3,0.03
150,8,100,14282,3906.25,24,0.24
151,8,100,5445,3906.25,4,0.04
152,8,100,25946,3906.25,4,0.04
153,8,100,59860,3906.25,27,0.27
154,8,100,14282,3906.25,14,0.14
155,8,100,16887,3906.25,36,0.36
156,8,100,11062,3906.25,0,0.0
157,8,100,52957,3906.25,21,0.21
158,8,100,10178,3906.25,22,0.22
159,8,100,1438,3906.25,0,0.0
160,8,100,460,3906.25,0,0.0
161,8,100,67756,3906.25,19,0.19
162,8,100,62670,3906.25,11,0.11
163,8,100,14282,3906.25,4,0.04
164,8,100,1145,3906.25,0,0.0
165,8,100,59860,3906.25,41,0.41
166,8,100,6353,3906.25,4,0.04
167,8,100,12641,3906.25,17,0.17
168,8,100,14644,3906.25,1,0.01
169,8,100,1525,3906.25,9,0.09
170,8,100,2918,3906.25,7,0.07
171,8,100,36208,3906.25,3,0.03
172,8,100,36208,3906.25,27,0.27
173,8,100,67756,3906.25,23,0.23
174,8,100,9146,3906.25,4,0.04
175,8,100,15049,3906.25,19,0.19
176,8,100,8603,3906.25,14,0.14
177,8,100,83384,3906.25,22,0.22
178,8,100,52957,3906.25,28,0.28
179,8,100,8864,3906.25,1,0.01
180,8,100,14197,3906.25,7,0.07
181,8,100,1597,3906.25,0,0.0
182,8,100,4328,3906.25,5,0.05
183,8,100,3026,3906.25,1,0.01
184,8,100,52957,3906.25,64,0.64
185,8,100,14282,3906.25,7,0.07
186,8,100,22435,3906.25,26,0.26
187,8,100,15049,3906.25,5,0.05
188,8,100,62670,3906.25,22,0.22
189,8,100,36208,3906.25,50,0.5
190,8,100,8470,3906.25,2,0.02
191,8,100,2918,3906.25,1,0.01
192,8,100,67756,3906.25,3,0.03
193,8,100,55766,3906.25,12,0.12
194,8,100,12641,3906.25,3,0.03
195,8,100,62670,3906.25,22,0.22
196,8,100,83384,3906.25,73,0.73
197,8,100,83384,3906.25,22,0.22
198,8,100,55766,3906.25,30,0.3
199,8,100,52957,3906.25,27,0.27
200,8,100,4089,3906.25,2,0.02
201,8,100,22435,3906.25,3,0.03
202,8,100,52957,3906.25,5,0.05
203,8,100,14282,3906.25,9,0.09
204,8,100,59860,3906.25,27,0.27
205,8,100,2918,3906.25,2,0.02
206,8,100,10178,3906.25,1,0.01
207,8,100,55766,3906.25,9,0.09
208,8,100,9105,3906.25,3,0.03
209,8,100,19832,3906.25,3,0.03
210,8,100,4372,3906.25,4,0.04
211,8,100,5886,3906.25,3,0.03
212,8,100,55766,3906.25,5,0.05
213,8,100,67756,3906.25,1,0.01
214,8,100,11062,3906.25,4,0.04
215,8,100,2025,3906.25,0,0.0
216,8,100,3516,3906.25,5,0.05
217,8,100,59860,3906.25,18,0.18
218,8,100,67756,3906.25,45,0.45
219,8,100,59860,3906.25,47,0.47
220,8,100,83384,3906.25,15,0.15
221,8,100,15092,3906.25,2,0.02
222,8,100,83384,3906.25,48,0.48
223,8,100,36208,3906.25,33,0.33
224,8,100,11152,3906.25,3,0.03
225,8,100,2139,3906.25,2,0.02
226,8,100,62670,3906.25,14,0.14
227,8,100,83384,3906.25,17,0.17
228,8,100,83384,3906.25,8,0.08
229,8,100,52957,3906.25,11,0.11
230,8,100,3026,3906.25,2,0.02
231,8,100,36208,3906.25,71,0.71
232,8,100,1438,3906.25,2,0.02
233,8,100,3645,3906.25,7,0.07
234,8,100,15092,3906.25,1,0.01
235,8,100,67756,3906.25,19,0.19
236,8,100,52957,3906.25,16,0.16
237,8,100,14644,3906.25,5,0.05
238,8,100,8512,3906.25,11,0.11
239,8,100,9191,3906.25,3,0.03
240,8,100,8603,3906.25,7,0.07
241,8,100,36208,3906.25,13,0.13
242,8,100,14197,3906.25,2,0.02
243,8,100,52957,3906.25,58,0.58
244,8,100,55766,3906.25,2,0.02
245,8,100,59860,3906.25,21,0.21
246,8,100,9146,3906.25,4,0.04
247,8,100,14197,3906.25,52,0.52
248,8,100,680,3906.25,1,0.01
249,8,100,55766,3906.25,17,0.17
250,8,100,52957,3906.25,1,0.01
251,8,100,11062,3906.25,9,0.09
252,8,100,83384,3906.25,58,0.58
253,8,100,14644,3906.25,3,0.03
254,8,100,2363,3906.25,2,0.02
255,8,100,9146,3906.25,3,0.03
256,8,100,1740,3906.25,0,0.0
257,8,100,9191,3906.25,27,0.27
258,8,100,15049,3906.25,0,0.0
259,8,100,83384,3906.25,35,0.35
260,8,100,4328,3906.25,0,0.0
261,8,100,33927,3906.25,13,0.13
262,8,100,19832,3906.25,6,0.06
263,8,100,1145,3906.25,1,0.01
264,8,100,67756,3906.25,8,0.08
265,8,100,1597,3906.25,11,0.11
266,8,100,8512,3906.25,7,0.07
267,8,100,12641,3906.25,2,0.02
268,8,100,11896,3906.25,4,0.04
269,8,100,10178,3906.25,5,0.05
270,8,100,55766,3906.25,12,0.12
271,8,100,5051,3906.25,1,0.01
272,8,100,22435,3906.25,11,0.11
273,8,100,2983,3906.25,2,0.02
274,8,100,16570,3906.25,0,0.0
275,8,100,55766,3906.25,21,0.21
276,8,100,11062,3906.25,2,0.02
277,8,100,19832,3906.25,8,0.08
278,8,100,5445,3906.25,8,0.08
279,8,100,14197,3906.25,6,0.06
280,8,100,15092,3906.25,18,0.18
281,8,100,8603,3906.25,2,0.02
282,8,100,83384,3906.25,48,0.48
283,8,100,8603,3906.25,11,0.11
284,8,100,10178,3906.25,5,0.05
285,8,100,19402,3906.25,8,0.08
286,8,100,2040,3906.25,6,0.06
287,8,100,19402,3906.25,15,0.15
288,8,100,83384,3906.25,36,0.36
289,8,100,16887,3906.25,8,0.08
290,8,100,12641,3906.25,1,0.01
291,8,100,2307,3906.25,4,0.04
292,8,100,19402,3906.25,8,0.08
293,8,100,246,3906.25,2,0.02
294,8,100,8603,3906.25,5,0.05
295,8,100,4309,3906.25,3,0.03
296,8,100,15049,3906.25,2,0.02
297,8,100,1653,3906.25,5,0.05
298,8,100,36208,3906.25,1,0.01
299,8,100,4309,3906.25,30,0.3
300,8,100,19832,3906.25,7,0.07
301,8,100,16570,3906.25,19,0.19
302,8,100,6353,3906.25,2,0.02
303,8,100,5759,3906.25,5,0.05
304,8,100,5228,3906.25,1,0.01
305,8,100,62670,3906.25,45,0.45
306,8,100,3516,3906.25,3,0.03
307,8,100,3397,3906.25,0,0.0
308,8,100,18470,3906.25,5,0.05
309,8,100,55766,3906.25,27,0.27
310,8,100,19832,3906.25,6,0.06
311,8,100,775,3906.25,2,0.02
312,8,100,67756,3906.25,36,0.36
313,8,100,9191,3906.25,0,0.0
314,8,100,4327,3906.25,2,0.02
315,8,100,9191,3906.25,8,0.08
316,8,100,25946,3906.25,37,0.37
317,8,100,4309,3906.25,3,0.03
318,8,100,83384,3906.25,47,0.47
319,8,100,1525,3906.25,0,0.0
320,8,100,4327,3906.25,3,0.03
321,8,100,3397,3906.25,7,0.07
322,8,100,4114,3906.25,2,0.02
323,8,100,11152,3906.25,11,0.11
324,8,100,52957,3906.25,8,0.08
325,8,100,19832,3906.25,8,0.08
326,8,100,5445,3906.25,4,0.04
327,8,100,19832,3906.25,8,0.08
328,8,100,52957,3906.25,14,0.14
329,8,100,1653,3906.25,0,0.0
330,8,100,83384,3906.25,60,0.6
331,8,100,16570,3906.25,5,0.05
332,8,100,67756,3906.25,4,0.04
333,8,100,12641,3906.25,4,0.04
334,8,100,33927,3906.25,5,0.05
335,8,100,5445,3906.25,0,0.0
336,8,100,5759,3906.25,1,0.01
337,8,100,8470,3906.25,14,0.14
338,8,100,19832,3906.25,12,0.12
339,8,100,33927,3906.25,12,0.12
340,8,100,5051,3906.25,8,0.08
341,8,100,67756,3906.25,3,0.03
342,8,100,19402,3906.25,27,0.27
343,8,100,67756,3906.25,39,0.39
344,8,100,33927,3906.25,15,0.15
345,8,100,33927,3906.25,18,0.18
346,8,100,52957,3906.25,10,0.1
347,8,100,52957,3906.25,19,0.19
348,8,100,33927,3906.25,2,0.02
349,8,100,83384,3906.25,25,0.25
350,8,100,2235,3906.25,3,0.03
351,8,100,859,3906.25,5,0.05
352,8,100,4328,3906.25,11,0.11
353,8,100,19402,3906.25,7,0.07
354,8,100,52957,3906.25,11,0.11
355,8,100,11062,3906.25,6,0.06
356,8,100,83384,3906.25,49,0.49
357,8,100,14644,3906.25,5,0.05
358,8,100,5186,3906.25,27,0.27
359,8,100,55766,3906.25,34,0.34
360,8,100,19832,3906.25,5,0.05
361,8,100,8864,3906.25,11,0.11
362,8,100,630,3906.25,0,0.0
363,8,100,83384,3906.25,10,0.1
364,8,100,33927,3906.25,13,0.13
365,8,100,787,3906.25,2,0.02
366,8,100,67756,3906.25,18,0.18
367,8,100,25946,3906.25,19,0.19
368,8,100,4327,3906.25,7,0.07
369,8,100,859,3906.25,1,0.01
370,8,100,909,3906.25,10,0.1
371,8,100,2139,3906.25,2,0.02
372,8,100,9105,3906.25,0,0.0
373,8,100,4372,3906.25,1,0.01
374,8,100,9191,3906.25,16,0.16
375,8,100,5513,3906.25,2,0.02
376,8,100,62670,3906.25,11,0.11
377,8,100,8864,3906.25,35,0.35
378,8,100,8811,3906.25,4,0.04
379,8,100,8603,3906.25,1,0.01
380,8,100,14644,3906.25,4,0.04
381,8,100,3426,3906.25,2,0.02
382,8,100,15049,3906.25,13,0.13
383,8,100,59860,3906.25,10,0.1
384,8,100,11896,3906.25,3,0.03
385,8,100,14197,3906.25,2,0.02
386,8,100,55766,3906.25,5,0.05
387,8,100,2153,3906.25,0,0.0
388,8,100,651,3906.25,0,0.0
389,8,100,55766,3906.25,14,0.14
390,8,100,83384,3906.25,15,0.15
391,8,100,55766,3906.25,18,0.18
392,8,100,3645,3906.25,4,0.04
393,8,100,52957,3906.25,0,0.0
394,8,100,8603,3906.25,9,0.09
395,8,100,67756,3906.25,13,0.13
396,8,100,1653,3906.25,1,0.01
397,8,100,33927,3906.25,13,0.13
398,8,100,62670,3906.25,44,0.44
399,8,100,1597,3906.25,9,0.09
400,8,100,1008,3906.25,0,0.0
401,8,100,52957,3906.25,4,0.04
402,8,100,55766,3906.25,24,0.24
403,8,100,22435,3906.25,2,0.02
404,8,100,14644,3906.25,0,0.0
405,8,100,52957,3906.25,27,0.27
406,8,100,15092,3906.25,19,0.19
407,8,100,36208,3906.25,22,0.22
408,8,100,83384,3906.25,19,0.19
409,8,100,67756,3906.25,50,0.5
410,8,100,12641,3906.25,1,0.01
411,8,100,166,3906.25,0,0.0
412,8,100,730,3906.25,0,0.0
413,8,100,8512,3906.25,2,0.02
414,8,100,11062,3906.25,1,0.01
415,8,100,52957,3906.25,17,0.17
416,8,100,36208,3906.25,19,0.19
417,8,100,19832,3906.25,8,0.08
418,8,100,2179,3906.25,0,0.0
419,8,100,67756,3906.25,16,0.16
420,8,100,2363,3906.25,1,0.01
421,8,100,3397,3906.25,1,0.01
422,8,100,14197,3906.25,11,0.11
423,8,100,25946,3906.25,25,0.25
424,8,100,14644,3906.25,3,0.03
425,8,100,3516,3906.25,3,0.03
426,8,100,11062,3906.25,9,0.09
427,8,100,10178,3906.25,4,0.04
428,8,100,9739,3906.25,17,0.17
429,8,100,16887,3906.25,27,0.27
430,8,100,36208,3906.25,21,0.21
431,8,100,11062,3906.25,39,0.39
432,8,100,22435,3906.25,34,0.34
433,8,100,1096,3906.25,0,0.0
434,8,100,55766,3906.25,29,0.29
435,8,100,25946,3906.25,37,0.37
436,8,100,960,3906.25,0,0.0
437,8,100,6353,3906.25,2,0.02
438,8,100,18470,3906.25,3,0.03
439,8,100,83384,3906.25,37,0.37
440,8,100,36208,3906.25,24,0.24
441,8,100,55766,3906.25,10,0.1
442,8,100,5122,3906.25,14,0.14
443,8,100,6353,3906.25,0,0.0
444,8,100,19402,3906.25,22,0.22
445,8,100,83384,3906.25,23,0.23
446,8,100,83384,3906.25,9,0.09
447,8,100,52957,3906.25,27,0.27
448,8,100,19832,3906.25,9,0.09
449,8,100,5122,3906.25,3,0.03
450,8,100,12641,3906.25,4,0.04
451,8,100,19832,3906.25,14,0.14
452,8,100,9191,3906.25,2,0.02
453,8,100,5759,3906.25,3,0.03
454,8,100,18470,3906.25,21,0.21
455,8,100,2235,3906.25,0,0.0
456,8,100,8864,3906.25,9,0.09
457,8,100,36208,3906.25,46,0.46
458,8,100,4327,3906.25,0,0.0
459,8,100,59860,3906.25,15,0.15
460,8,100,11896,3906.25,7,0.07
461,8,100,2918,3906.25,2,0.02
462,8,100,8811,3906.25,8,0.08
463,8,100,15049,3906.25,25,0.25
464,8,100,36208,3906.25,20,0.2
465,8,100,18470,3906.25,8,0.08
466,8,100,55766,3906.25,36,0.36
467,8,100,1253,3906.25,1,0.01
468,8,100,9146,3906.25,2,0.02
469,8,100,15092,3906.25,1,0.01
470,8,100,2307,3906.25,11,0.11
471,8,100,62670,3906.25,24,0.24
472,8,100,5759,3906.25,4,0.04
473,8,100,2918,3906.25,2,0.02
474,8,100,62670,3906.25,18,0.18
475,8,100,12641,3906.25,17,0.17
476,8,100,5513,3906.25,0,0.0
477,8,100,5186,3906.25,10,0.1
478,8,100,3397,3906.25,20,0.2
479,8,100,33927,3906.25,29,0.29
480,8,100,62670,3906.25,8,0.08
481,8,100,1661,3906.25,2,0.02
482,8,100,2983,3906.25,3,0.03
483,8,100,234,3906.25,0,0.0
484,8,100,775,3906.25,0,0.0
485,8,100,6353,3906.25,6,0.06
486,8,100,8211,3906.25,3,0.03
487,8,100,83384,3906.25,70,0.7
488,8,100,22435,3906.25,15,0.15
489,8,100,36208,3906.25,17,0.17
490,8,100,5228,3906.25,2,0.02
491,8,100,59860,3906.25,16,0.16
492,8,100,1096,3906.25,13,0.13
493,8,100,19402,3906.25,7,0.07
494,8,100,6353,3906.25,5,0.05
495,8,100,3516,3906.25,16,0.16
496,8,100,83384,3906.25,20,0.2
497,8,100,4328,3906.25,0,0.0
498,8,100,67756,3906.25,42,0.42
499,8,100,36208,3906.25,38,0.38
500,8,100,4114,3906.25,1,0.01
501,8,100,1359,3906.25,3,0.03
502,8,100,33927,3906.25,30,0.3
503,8,100,83384,3906.25,55,0.55
504,8,100,5051,3906.25,11,0.11
505,8,100,680,3906.25,0,0.0
506,8,100,2153,3906.25,8,0.08
507,8,100,25946,3906.25,16,0.16
508,8,100,33927,3906.25,4,0.04
509,8,100,5228,3906.25,11,0.11
510,8,100,52957,3906.25,46,0.46
511,8,100,4309,3906.25,4,0.04
512,8,100,4309,3906.25,1,0.01
513,8,100,25946,3906.25,27,0.27
514,8,100,2025,3906.25,1,0.01
515,8,100,5122,3906.25,4,0.04
516,8,100,125,3906.25,0,0.0
517,8,100,59860,3906.25,57,0.57
518,8,100,18470,3906.25,6,0.06
519,8,100,1144,3906.25,29,0.29
520,8,100,55766,3906.25,5,0.05
521,8,100,55766,3906.25,50,0.5
522,8,100,1096,3906.25,0,0.0
523,8,100,62670,3906.25,20,0.2
524,8,100,19832,3906.25,6,0.06
525,8,100,59860,3906.25,26,0.26
526,8,100,3026,3906.25,0,0.0
527,8,100,442,3906.25,0,0.0
528,8,100,11062,3906.25,9,0.09
529,8,100,5314,3906.25,7,0.07
530,8,100,3026,3906.25,4,0.04
531,8,100,14197,3906.25,8,0.08
532,8,100,62670,3906.25,56,0.56
533,8,100,1661,3906.25,1,0.01
534,8,100,4544,3906.25,10,0.1
535,8,100,33927,3906.25,48,0.48
536,8,100,5228,3906.25,7,0.07
537,8,100,62670,3906.25,20,0.2
538,8,100,62670,3906.25,27,0.27
539,8,100,4979,3906.25,5,0.05
540,8,100,4089,3906.25,2,0.02
541,8,100,5513,3906.25,5,0.05
542,8,100,15049,3906.25,12,0.12
543,8,100,5228,3906.25,6,0.06
544,8,100,36208,3906.25,20,0.2
545,8,100,33927,3906.25,12,0.12
546,8,100,33927,3906.25,15,0.15
547,8,100,11896,3906.25,5,0.05
548,8,100,892,3906.25,0,0.0
549,8,100,1359,3906.25,2,0.02
550,8,100,83384,3906.25,31,0.31
551,8,100,52957,3906.25,10,0.1
552,8,100,1592,3906.25,2,0.02
553,8,100,8811,3906.25,22,0.22
554,8,100,3645,3906.25,3,0.03
555,8,100,5122,3906.25,8,0.08
556,8,100,52957,3906.25,26,0.26
557,8,100,62670,3906.25,61,0.61
558,8,100,55766,3906.25,27,0.27
559,8,100,22435,3906.25,3,0.03
560,8,100,16887,3906.25,2,0.02
561,8,100,9739,3906.25,5,0.05
562,8,100,14282,3906.25,7,0.07
563,8,100,4328,3906.25,15,0.15
564,8,100,917,3906.25,4,0.04
565,8,100,2307,3906.25,2,0.02
566,8,100,960,3906.25,1,0.01
567,8,100,5759,3906.25,4,0.04
568,8,100,36208,3906.25,7,0.07
569,8,100,55766,3906.25,36,0.36
570,8,100,67756,3906.25,28,0.28
571,8,100,15092,3906.25,4,0.04
572,8,100,11152,3906.25,4,0.04
573,8,100,4328,3906.25,13,0.13
574,8,100,62670,3906.25,4,0.04
575,8,100,5445,3906.25,6,0.06
576,8,100,14644,3906.25,18,0.18
577,8,100,19832,3906.25,26,0.26
578,8,100,67756,3906.25,9,0.09
579,8,100,8811,3906.25,9,0.09
580,8,100,11062,3906.25,2,0.02
581,8,100,234,3906.25,0,0.0
582,8,100,55766,3906.25,9,0.09
583,8,100,67756,3906.25,19,0.19
584,8,100,5445,3906.25,6,0.06
585,8,100,14197,3906.25,25,0.25
586,8,100,22435,3906.25,10,0.1
587,8,100,55766,3906.25,42,0.42
588,8,100,9739,3906.25,2,0.02
589,8,100,33927,3906.25,25,0.25
590,8,100,14197,3906.25,25,0.25
591,8,100,83384,3906.25,62,0.62
592,8,100,11062,3906.25,2,0.02
593,8,100,59860,3906.25,32,0.32
594,8,100,83384,3906.25,19,0.19
595,8,100,22435,3906.25,14,0.14
596,8,100,55766,3906.25,11,0.11
597,8,100,9739,3906.25,3,0.03
598,8,100,14644,3906.25,0,0.0
599,8,100,22435,3906.25,18,0.18
600,8,100,3516,3906.25,3,0.03
601,8,100,14282,3906.25,5,0.05
602,8,100,9105,3906.25,6,0.06
603,8,100,62670,3906.25,34,0.34
604,8,100,15049,3906.25,5,0.05
605,8,100,19832,3906.25,6,0.06
606,8,100,16570,3906.25,6,0.06
607,8,100,2363,3906.25,6,0.06
608,8,100,11896,3906.25,4,0.04
609,8,100,1740,3906.25,0,0.0
610,8,100,2139,3906.25,4,0.04
611,8,100,55766,3906.25,52,0.52
612,8,100,8470,3906.25,13,0.13
613,8,100,19832,3906.25,4,0.04
614,8,100,55766,3906.25,30,0.3
615,8,100,33927,3906.25,15,0.15
616,8,100,59860,3906.25,32,0.32
617,8,100,2363,3906.25,4,0.04
618,8,100,1525,3906.25,15,0.15
619,8,100,16570,3906.25,7,0.07
620,8,100,14282,3906.25,6,0.06
621,8,100,83384,3906.25,7,0.07
622,8,100,9191,3906.25,4,0.04
623,8,100,83384,3906.25,26,0.26
624,8,100,12641,3906.25,3,0.03
625,8,100,14197,3906.25,0,0.0
626,8,100,8603,3906.25,32,0.32
627,8,100,62670,3906.25,26,0.26
628,8,100,59860,3906.25,5,0.05
629,8,100,52957,3906.25,11,0.11
630,8,100,25946,3906.25,16,0.16
631,8,100,3516,3906.25,0,0.0
632,8,100,52957,3906.25,17,0.17
633,8,100,16887,3906.25,20,0.2
634,8,100,2983,3906.25,3,0.03
635,8,100,1661,3906.25,6,0.06
636,8,100,11062,3906.25,8,0.08
637,8,100,52957,3906.25,38,0.38
638,8,100,9146,3906.25,8,0.08
639,8,100,9191,3906.25,23,0.23
640,8,100,67756,3906.25,35,0.35
641,8,100,19402,3906.25,8,0.08
642,8,100,14644,3906.25,11,0.11
643,8,100,83384,3906.25,12,0.12
644,8,100,59860,3906.25,17,0.17
645,8,100,25946,3906.25,7,0.07
646,8,100,14282,3906.25,20,0.2
647,8,100,55766,3906.25,15,0.15
648,8,100,52957,3906.25,12,0.12
649,8,100,11152,3906.25,4,0.04
650,8,100,10178,3906.25,2,0.02
651,8,100,59860,3906.25,50,0.5
652,8,100,67756,3906.25,37,0.37
653,8,100,4327,3906.25,2,0.02
654,8,100,52957,3906.25,26,0.26
655,8,100,14644,3906.25,4,0.04
656,8,100,15049,3906.25,9,0.09
657,8,100,3645,3906.25,7,0.07
658,8,100,2153,3906.25,2,0.02
659,8,100,55766,3906.25,28,0.28
660,8,100,4544,3906.25,1,0.01
661,8,100,55766,3906.25,41,0.41
662,8,100,19402,3906.25,6,0.06
663,8,100,1438,3906.25,14,0.14
664,8,100,83384,3906.25,14,0.14
665,8,100,62670,3906.25,66,0.66
666,8,100,8811,3906.25,16,0.16
667,8,100,83384,3906.25,34,0.34
668,8,100,83384,3906.25,44,0.44
669,8,100,9191,3906.25,5,0.05
670,8,100,5096,3906.25,10,0.1
671,8,100,52957,3906.25,9,0.09
672,8,100,16887,3906.25,4,0.04
673,8,100,52957,3906.25,38,0.38
674,8,100,25946,3906.25,18,0.18
675,8,100,55766,3906.25,18,0.18
676,8,100,67756,3906.25,1,0.01
677,8,100,33927,3906.25,21,0.21
678,8,100,3516,3906.25,6,0.06
679,8,100,14282,3906.25,8,0.08
680,8,100,55766,3906.25,14,0.14
681,8,100,33927,3906.25,3,0.03
682,8,100,11152,3906.25,0,0.0
683,8,100,83384,3906.25,78,0.78
684,8,100,83384,3906.25,14,0.14
685,8,100,62670,3906.25,33,0.33
686,8,100,67756,3906.25,27,0.27
687,8,100,33927,3906.25,10,0.1
688,8,100,2918,3906.25,5,0.05
689,8,100,14197,3906.25,21,0.21
690,8,100,15092,3906.25,21,0.21
691,8,100,8512,3906.25,6,0.06
692,8,100,83384,3906.25,44,0.44
693,8,100,83384,3906.25,11,0.11
694,8,100,2918,3906.25,1,0.01
695,8,100,1576,3906.25,15,0.15
696,8,100,83384,3906.25,16,0.16
697,8,100,52957,3906.25,10,0.1
698,8,100,11062,3906.25,41,0.41
699,8,100,8864,3906.25,8,0.08
700,8,100,9739,3906.25,2,0.02
701,8,100,9191,3906.25,8,0.08
702,8,100,83384,3906.25,59,0.59
703,8,100,11152,3906.25,33,0.33
704,8,100,19402,3906.25,5,0.05
705,8,100,83384,3906.25,7,0.07
706,8,100,859,3906.25,0,0.0
707,8,100,19402,3906.25,20,0.2
708,8,100,83384,3906.25,42,0.42
709,8,100,3444,3906.25,7,0.07
710,8,100,16887,3906.25,8,0.08
711,8,100,1949,3906.25,2,0.02
712,8,100,36208,3906.25,23,0.23
713,8,100,83384,3906.25,11,0.11
714,8,100,5096,3906.25,0,0.0
715,8,100,36208,3906.25,7,0.07
716,8,100,6353,3906.25,23,0.23
717,8,100,33927,3906.25,18,0.18
718,8,100,22435,3906.25,8,0.08
719,8,100,3645,3906.25,21,0.21
720,8,100,3397,3906.25,40,0.4
721,8,100,166,3906.25,0,0.0
722,8,100,6353,3906.25,1,0.01
723,8,100,67756,3906.25,30,0.3
724,8,100,1563,3906.25,0,0.0
725,8,100,2040,3906.25,0,0.0
726,8,100,59860,3906.25,26,0.26
727,8,100,55766,3906.25,33,0.33
728,8,100,9191,3906.25,3,0.03
729,8,100,25946,3906.25,13,0.13
730,8,100,62670,3906.25,22,0.22
731,8,100,36208,3906.25,17,0.17
732,8,100,4979,3906.25,5,0.05
733,8,100,59860,3906.25,14,0.14
734,8,100,18470,3906.25,0,0.0
735,8,100,4544,3906.25,2,0.02
736,8,100,25946,3906.25,16,0.16
737,8,100,9739,3906.25,0,0.0
738,8,100,5314,3906.25,2,0.02
739,8,100,5186,3906.25,6,0.06
740,8,100,83384,3906.25,6,0.06
741,8,100,8864,3906.25,1,0.01
742,8,100,83384,3906.25,52,0.52
743,8,100,55766,3906.25,18,0.18
744,8,100,52957,3906.25,23,0.23
745,8,100,9739,3906.25,2,0.02
746,8,100,36208,3906.25,40,0.4
747,8,100,16887,3906.25,1,0.01
748,8,100,25946,3906.25,8,0.08
749,8,100,324,3906.25,6,0.06
750,8,100,4979,3906.25,6,0.06
751,8,100,11062,3906.25,1,0.01
752,8,100,19402,3906.25,6,0.06
753,8,100,14197,3906.25,22,0.22
754,8,100,19402,3906.25,9,0.09
755,8,100,11896,3906.25,4,0.04
756,8,100,55766,3906.25,17,0.17
757,8,100,5759,3906.25,13,0.13
758,8,100,3873,3906.25,9,0.09
759,8,100,67756,3906.25,19,0.19
760,8,100,8603,3906.25,0,0.0
761,8,100,4327,3906.25,1,0.01
762,8,100,62670,3906.25,25,0.25
763,8,100,12641,3906.25,8,0.08
764,8,100,16887,3906.25,9,0.09
765,8,100,62670,3906.25,11,0.11
766,8,100,3426,3906.25,1,0.01
767,8,100,15092,3906.25,42,0.42
768,8,100,3645,3906.25,10,0.1
769,8,100,52957,3906.25,13,0.13
770,8,100,67756,3906.25,24,0.24
771,8,100,9739,3906.25,5,0.05
772,8,100,36208,3906.25,40,0.4
773,8,100,59860,3906.25,2,0.02
774,8,100,22435,3906.25,5,0.05
775,8,100,3426,3906.25,23,0.23
776,8,100,234,3906.25,2,0.02
777,8,100,6353,3906.25,3,0.03
778,8,100,18470,3906.25,36,0.36
779,8,100,36208,3906.25,5,0.05
780,8,100,16570,3906.25,8,0.08
781,8,100,25946,3906.25,11,0.11
782,8,100,3397,3906.25,12,0.12
783,8,100,2139,3906.25,3,0.03
784,8,100,10178,3906.25,3,0.03
785,8,100,52957,3906.25,26,0.26
786,8,100,11062,3906.25,3,0.03
787,8,100,5445,3906.25,1,0.01
788,8,100,67756,3906.25,36,0.36
789,8,100,62670,3906.25,38,0.38
790,8,100,59860,3906.25,50,0.5
791,8,100,18470,3906.25,5,0.05
792,8,100,36208,3906.25,35,0.35
793,8,100,52957,3906.25,22,0.22
794,8,100,4327,3906.25,3,0.03
795,8,100,3645,3906.25,12,0.12
796,8,100,33927,3906.25,9,0.09
797,8,100,4544,3906.25,8,0.08
798,8,100,14197,3906.25,10,0.1
799,8,100,2153,3906.25,1,0.01
800,8,100,406,3906.25,0,0.0
801,8,100,52957,3906.25,20,0.2
802,8,100,16887,3906.25,2,0.02
803,8,100,9105,3906.25,23,0.23
804,8,100,55766,3906.25,18,0.18
805,8,100,11152,3906.25,5,0.05
806,8,100,59860,3906.25,34,0.34
807,8,100,4544,3906.25,3,0.03
808,8,100,11152,3906.25,7,0.07
809,8,100,14197,3906.25,11,0.11
810,8,100,59860,3906.25,62,0.62
811,8,100,11062,3906.25,16,0.16
812,8,100,36208,3906.25,22,0.22
813,8,100,67756,3906.25,42,0.42
814,8,100,12641,3906.25,14,0.14
815,8,100,19402,3906.25,4,0.04
816,8,100,4372,3906.25,5,0.05
817,8,100,33927,3906.25,5,0.05
818,8,100,8512,3906.25,3,0.03
819,8,100,22435,3906.25,31,0.31
820,8,100,5445,3906.25,21,0.21
821,8,100,67756,3906.25,22,0.22
822,8,100,83384,3906.25,58,0.58
823,8,100,2983,3906.25,5,0.05
824,8,100,14197,3906.25,15,0.15
825,8,100,33927,3906.25,11,0.11
826,8,100,14282,3906.25,8,0.08
827,8,100,52957,3906.25,18,0.18
828,8,100,36208,3906.25,54,0.54
829,8,100,2025,3906.25,8,0.08
830,8,100,67756,3906.25,15,0.15
831,8,100,5122,3906.25,1,0.01
832,8,100,406,3906.25,2,0.02
833,8,100,67756,3906.25,24,0.24
834,8,100,36208,3906.25,23,0.23
835,8,100,12641,3906.25,1,0.01
836,8,100,2153,3906.25,4,0.04
837,8,100,83384,3906.25,12,0.12
838,8,100,83384,3906.25,23,0.23
839,8,100,52957,3906.25,34,0.34
840,8,100,83384,3906.25,22,0.22
841,8,100,2363,3906.25,0,0.0
842,8,100,5886,3906.25,1,0.01
843,8,100,52957,3906.25,25,0.25
844,8,100,55766,3906.25,39,0.39
845,8,100,36208,3906.25,36,0.36
846,8,100,11062,3906.25,10,0.1
847,8,100,83384,3906.25,17,0.17
848,8,100,55766,3906.25,11,0.11
849,8,100,2153,3906.25,2,0.02
850,8,100,4328,3906.25,3,0.03
851,8,100,36208,3906.25,59,0.59
852,8,100,9191,3906.25,3,0.03
853,8,100,14282,3906.25,6,0.06
854,8,100,55766,3906.25,16,0.16
855,8,100,3516,3906.25,0,0.0
856,8,100,14197,3906.25,5,0.05
857,8,100,52957,3906.25,15,0.15
858,8,100,62670,3906.25,8,0.08
859,8,100,9146,3906.25,16,0.16
860,8,100,3645,3906.25,16,0.16
861,8,100,4979,3906.25,5,0.05
862,8,100,67756,3906.25,14,0.14
863,8,100,460,3906.25,1,0.01
864,8,100,5186,3906.25,1,0.01
865,8,100,67756,3906.25,38,0.38
866,8,100,12641,3906.25,1,0.01
867,8,100,4328,3906.25,9,0.09
868,8,100,62670,3906.25,30,0.3
869,8,100,55766,3906.25,27,0.27
870,8,100,52957,3906.25,21,0.21
871,8,100,59860,3906.25,12,0.12
872,8,100,630,3906.25,6,0.06
873,8,100,2363,3906.25,1,0.01
874,8,100,55766,3906.25,27,0.27
875,8,100,19402,3906.25,25,0.25
876,8,100,1653,3906.25,3,0.03
877,8,100,3873,3906.25,1,0.01
878,8,100,9191,3906.25,22,0.22
879,8,100,1625,3906.25,0,0.0
880,8,100,2153,3906.25,1,0.01
881,8,100,36208,3906.25,3,0.03
882,8,100,9146,3906.25,16,0.16
883,8,100,59860,3906.25,28,0.28
884,8,100,62670,3906.25,11,0.11
885,8,100,25946,3906.25,5,0.05
886,8,100,6353,3906.25,11,0.11
887,8,100,16570,3906.25,5,0.05
888,8,100,59860,3906.25,23,0.23
889,8,100,2153,3906.25,1,0.01
890,8,100,52957,3906.25,14,0.14
891,8,100,52957,3906.25,21,0.21
892,8,100,11896,3906.25,10,0.1
893,8,100,52957,3906.25,33,0.33
894,8,100,5445,3906.25,5,0.05
895,8,100,1438,3906.25,6,0.06
896,8,100,887,3906.25,5,0.05
897,8,100,36208,3906.25,10,0.1
898,8,100,25946,3906.25,10,0.1
899,8,100,25946,3906.25,12,0.12
900,8,100,11896,3906.25,0,0.0
901,8,100,11062,3906.25,9,0.09
902,8,100,22435,3906.25,7,0.07
903,8,100,36208,3906.25,2,0.02
904,8,100,59860,3906.25,9,0.09
905,8,100,36208,3906.25,15,0.15
906,8,100,4327,3906.25,1,0.01
907,8,100,5759,3906.25,19,0.19
908,8,100,52957,3906.25,25,0.25
909,8,100,10178,3906.25,4,0.04
910,8,100,8603,3906.25,2,0.02
911,8,100,2040,3906.25,1,0.01
912,8,100,83384,3906.25,35,0.35
913,8,100,8470,3906.25,4,0.04
914,8,100,25946,3906.25,3,0.03
915,8,100,36208,3906.25,32,0.32
916,8,100,18470,3906.25,3,0.03
917,8,100,52957,3906.25,14,0.14
918,8,100,730,3906.25,0,0.0
919,8,100,4114,3906.25,3,0.03
920,8,100,52957,3906.25,12,0.12
921,8,100,83384,3906.25,39,0.39
922,8,100,4328,3906.25,3,0.03
923,8,100,960,3906.25,3,0.03
924,8,100,59860,3906.25,50,0.5
925,8,100,36208,3906.25,10,0.1
926,8,100,62670,3906.25,12,0.12
927,8,100,14282,3906.25,7,0.07
928,8,100,67756,3906.25,52,0.52
929,8,100,52957,3906.25,18,0.18
930,8,100,4372,3906.25,6,0.06
931,8,100,18470,3906.25,4,0.04
932,8,100,14197,3906.25,4,0.04
933,8,100,55766,3906.25,40,0.4
934,8,100,8811,3906.25,8,0.08
935,8,100,9739,3906.25,10,0.1
936,8,100,5759,3906.25,2,0.02
937,8,100,5513,3906.25,8,0.08
938,8,100,59860,3906.25,36,0.36
939,8,100,1949,3906.25,6,0.06
940,8,100,8864,3906.25,1,0.01
941,8,100,8603,3906.25,0,0.0
942,8,100,9191,3906.25,0,0.0
943,8,100,67756,3906.25,6,0.06
944,8,100,59860,3906.25,24,0.24
945,8,100,8512,3906.25,4,0.04
946,8,100,15049,3906.25,6,0.06
947,8,100,2363,3906.25,0,0.0
948,8,100,11896,3906.25,5,0.05
949,8,100,4328,3906.25,9,0.09
950,8,100,8603,3906.25,22,0.22
951,8,100,36208,3906.25,16,0.16
952,8,100,55766,3906.25,14,0.14
953,8,100,62670,3906.25,24,0.24
954,8,100,14197,3906.25,9,0.09
955,8,100,67756,3906.25,44,0.44
956,8,100,67756,3906.25,16,0.16
957,8,100,14644,3906.25,12,0.12
958,8,100,5186,3906.25,0,0.0
959,8,100,3645,3906.25,4,0.04
960,8,100,1253,3906.25,2,0.02
961,8,100,59860,3906.25,19,0.19
962,8,100,62670,3906.25,6,0.06
963,8,100,1592,3906.25,1,0.01
964,8,100,33927,3906.25,2,0.02
965,8,100,62670,3906.25,7,0.07
966,8,100,5759,3906.25,5,0.05
967,8,100,59860,3906.25,16,0.16
968,8,100,9739,3906.25,2,0.02
969,8,100,3645,3906.25,2,0.02
970,8,100,5051,3906.25,22,0.22
971,8,100,4979,3906.25,5,0.05
972,8,100,14282,3906.25,6,0.06
973,8,100,5051,3906.25,10,0.1
974,8,100,5122,3906.25,6,0.06
975,8,100,625,3906.25,2,0.02
976,8,100,3444,3906.25,0,0.0
977,8,100,4309,3906.25,8,0.08
978,8,100,83384,3906.25,15,0.15
979,8,100,5445,3906.25,7,0.07
980,8,100,3426,3906.25,3,0.03
981,8,100,83384,3906.25,37,0.37
982,8,100,55766,3906.25,0,0.0
983,8,100,55766,3906.25,13,0.13
984,8,100,5096,3906.25,1,0.01
985,8,100,14282,3906.25,7,0.07
986,8,100,3444,3906.25,5,0.05
987,8,100,16570,3906.25,6,0.06
988,8,100,36208,3906.25,15,0.15
989,8,100,5513,3906.25,34,0.34
990,8,100,59860,3906.25,12,0.12
991,8,100,1661,3906.25,7,0.07
992,8,100,83384,3906.25,7,0.07
993,8,100,909,3906.25,15,0.15
994,8,100,2918,3906.25,2,0.02
995,8,100,33927,3906.25,13,0.13
996,8,100,59860,3906.25,18,0.18
997,8,100,4089,3906.25,0,0.0
998,8,100,9191,3906.25,4,0.04
999,8,100,55766,3906.25,21,0.21
0,16,1,11,15.2587890625,0,0.0
1,16,1,8,15.2587890625,0,0.0
2,16,1,58,15.2587890625,0,0.0
3,16,1,2,15.2587890625,0,0.0
4,16,1,5809,15.2587890625,0,0.0
5,16,1,132,15.2587890625,0,0.0
6,16,1,57,15.2587890625,0,0.0
7,16,1,2,15.2587890625,0,0.0
8,16,1,470,15.2587890625,0,0.0
9,16,1,289,15.2587890625,0,0.0
10,16,1,35,15.2587890625,0,0.0
11,16,1,48,15.2587890625,0,0.0
12,16,1,414,15.2587890625,0,0.0
13,16,1,121,15.2587890625,0,0.0
14,16,1,17,15.2587890625,0,0.0
15,16,1,24,15.2587890625,0,0.0
16,16,1,55,15.2587890625,0,0.0
17,16,1,606,15.2587890625,0,0.0
18,16,1,988,15.2587890625,0,0.0
19,16,1,2,15.2587890625,0,0.0
20,16,1,2988,15.2587890625,0,0.0
21,16,1,1903,15.2587890625,0,0.0
22,16,1,4,15.2587890625,0,0.0
23,16,1,3,15.2587890625,0,0.0
24,16,1,52,15.2587890625,1,1.0
25,16,1,616,15.2587890625,0,0.0
26,16,1,1372,15.2587890625,0,0.0
27,16,1,804,15.2587890625,0,0.0
28,16,1,142,15.2587890625,0,0.0
29,16,1,2408,15.2587890625,0,0.0
30,16,1,47,15.2587890625,0,0.0
31,16,1,135,15.2587890625,0,0.0
32,16,1,393,15.2587890625,0,0.0
33,16,1,669,15.2587890625,0,0.0
34,16,1,521,15.2587890625,1,1.0
35,16,1,664,15.2587890625,0,0.0
36,16,1,152,15.2587890625,0,0.0
37,16,1,657,15.2587890625,0,0.0
38,16,1,2,15.2587890625,0,0.0
39,16,1,14,15.2587890625,1,1.0
40,16,1,205,15.2587890625,0,0.0
41,16,1,1144,15.2587890625,0,0.0
42,16,1,399,15.2587890625,0,0.0
43,16,1,2302,15.2587890625,0,0.0
44,16,1,11,15.2587890625,0,0.0
45,16,1,714,15.2587890625,0,0.0
46,16,1,39,15.2587890625,0,0.0
47,16,1,108,15.2587890625,0,0.0
48,16,1,134,15.2587890625,0,0.0
49,16,1,168,15.2587890625,0,0.0
50,16,1,69,15.2587890625,0,0.0
51,16,1,349,15.2587890625,0,0.0
52,16,1,13,15.2587890625,0,0.0
53,16,1,5026,15.2587890625,0,0.0
54,16,1,3626,15.2587890625,0,0.0
55,16,1,1,15.2587890625,0,0.0
56,16,1,830,15.2587890625,0,0.0
57,16,1,3,15.2587890625,0,0.0
58,16,1,101,15.2587890625,0,0.0
59,16,1,391,15.2587890625,0,0.0
60,16,1,8,15.2587890625,0,0.0
61,16,1,3089,15.2587890625,0,0.0
62,16,1,1090,15.2587890625,0,0.0
63,16,1,370,15.2587890625,0,0.0
64,16,1,855,15.2587890625,0,0.0
65,16,1,1188,15.2587890625,0,0.0
66,16,1,25,15.2587890625,0,0.0
67,16,1,42,15.2587890625,1,1.0
68,16,1,50,15.2587890625,0,0.0
69,16,1,34,15.2587890625,0,0.0
70,16,1,98,15.2587890625,0,0.0
71,16,1,143,15.2587890625,0,0.0
72,16,1,410,15.2587890625,0,0.0
73,16,1,841,15.2587890625,0,0.0
74,16,1,3089,15.2587890625,0,0.0
75,16,1,60,15.2587890625,0,0.0
76,16,1,3440,15.2587890625,0,0.0
77,16,1,1,15.2587890625,0,0.0
78,16,1,152,15.2587890625,0,0.0
79,16,1,295,15.2587890625,0,0.0
80,16,1,72,15.2587890625,0,0.0
81,16,1,54,15.2587890625,0,0.0
82,16,1,149,15.2587890625,0,0.0
83,16,1,85,15.2587890625,0,0.0
84,16,1,109,15.2587890625,0,0.0
85,16,1,192,15.2587890625,0,0.0
86,16,1,1146,15.2587890625,0,0.0
87,16,1,186,15.2587890625,0,0.0
88,16,1,0,15.2587890625,0,0.0
89,16,1,494,15.2587890625,0,0.0
90,16,1,4264,15.2587890625,0,0.0
91,16,1,104,15.2587890625,0,0.0
92,16,1,21,15.2587890625,0,0.0
93,16,1,6696,15.2587890625,0,0.0
94,16,1,56,15.2587890625,0,0.0
95,16,1,21,15.2587890625,0,0.0
96,16,1,24,15.2587890625,0,0.0
97,16,1,31,15.2587890625,0,0.0
98,16,1,33,15.2587890625,0,0.0
99,16,1,36,15.2587890625,1,1.0
100,16,1,119,15.2587890625,0,0.0
101,16,1,19,15.2587890625,0,0.0
102,16,1,28,15.2587890625,0,0.0
103,16,1,188,15.2587890625,0,0.0
104,16,1,162,15.2587890625,0,0.0
105,16,1,77,15.2587890625,0,0.0
106,16,1,2140,15.2587890625,0,0.0
107,16,1,26,15.2587890625,0,0.0
108,16,1,0,15.2587890625,0,0.0
109,16,1,110,15.2587890625,0,0.0
110,16,1,39,15.2587890625,0,0.0
111,16,1,386,15.2587890625,0,0.0
112,16,1,10,15.2587890625,0,0.0
113,16,1,425,15.2587890625,0,0.0
114,16,1,115,15.2587890625,0,0.0
115,16,1,37,15.2587890625,0,0.0
116,16,1,351,15.2587890625,0,0.0
117,16,1,54,15.2587890625,0,0.0
118,16,1,101,15.2587890625,0,0.0
119,16,1,8,15.2587890625,0,0.0
120,16,1,54,15.2587890625,0,0.0
121,16,1,613,15.2587890625,0,0.0
122,16,1,108,15.2587890625,0,0.0
123,16,1,64,15.2587890625,0,0.0
124,16,1,630,15.2587890625,0,0.0
125,16,1,274,15.2587890625,0,0.0
126,16,1,2,15.2587890625,0,0.0
127,16,1,94,15.2587890625,0,0.0
128,16,1,2,15.2587890625,0,0.0
129,16,1,185,15.2587890625,0,0.0
130,16,1,575,15.2587890625,0,0.0
131,16,1,75,15.2587890625,0,0.0
132,16,1,199,15.2587890625,0,0.0
133,16,1,13,15.2587890625,0,0.0
134,16,1,13,15.2587890625,0,0.0
135,16,1,56,15.2587890625,0,0.0
136,16,1,646,15.2587890625,0,0.0
137,16,1,3,15.2587890625,0,0.0
138,16,1,142,15.2587890625,0,0.0
139,16,1,100,15.2587890625,0,0.0
140,16,1,192,15.2587890625,0,0.0
141,16,1,48,15.2587890625,0,0.0
142,16,1,109,15.2587890625,0,0.0
143,16,1,2338,15.2587890625,0,0.0
144,16,1,1132,15.2587890625,0,0.0
145,16,1,1,15.2587890625,0,0.0
146,16,1,1673,15.2587890625,0,0.0
147,16,1,114,15.2587890625,0,0.0
148,16,1,2571,15.2587890625,0,0.0
149,16,1,192,15.2587890625,0,0.0
150,16,1,292,15.2587890625,0,0.0
151,16,1,39,15.2587890625,0,0.0
152,16,1,12,15.2587890625,0,0.0
153,16,1,14,15.2587890625,0,0.0
154,16,1,233,15.2587890625,0,0.0
155,16,1,101,15.2587890625,1,1.0
156,16,1,42,15.2587890625,0,0.0
157,16,1,302,15.2587890625,0,0.0
158,16,1,182,15.2587890625,0,0.0
159,16,1,40,15.2587890625,0,0.0
160,16,1,0,15.2587890625,0,0.0
161,16,1,268,15.2587890625,0,0.0
162,16,1,1056,15.2587890625,0,0.0
163,16,1,75,15.2587890625,0,0.0
164,16,1,36,15.2587890625,0,0.0
165,16,1,2571,15.2587890625,1,1.0
166,16,1,79,15.2587890625,0,0.0
167,16,1,27,15.2587890625,0,0.0
168,16,1,94,15.2587890625,0,0.0
169,16,1,4,15.2587890625,0,0.0
170,16,1,212,15.2587890625,0,0.0
171,16,1,109,15.2587890625,0,0.0
172,16,1,1748,15.2587890625,0,0.0
173,16,1,26,15.2587890625,0,0.0
174,16,1,133,15.2587890625,0,0.0
175,16,1,53,15.2587890625,0,0.0
176,16,1,196,15.2587890625,0,0.0
177,16,1,3718,15.2587890625,0,0.0
178,16,1,2338,15.2587890625,0,0.0
179,16,1,7,15.2587890625,0,0.0
180,16,1,9,15.2587890625,0,0.0
181,16,1,2,15.2587890625,0,0.0
182,16,1,101,15.2587890625,0,0.0
183,16,1,22,15.2587890625,0,0.0
184,16,1,714,15.2587890625,0,0.0
185,16,1,79,15.2587890625,0,0.0
186,16,1,261,15.2587890625,0,0.0
187,16,1,0,15.2587890625,0,0.0
188,16,1,28,15.2587890625,0,0.0
189,16,1,566,15.2587890625,0,0.0
190,16,1,18,15.2587890625,0,0.0
191,16,1,83,15.2587890625,0,0.0
192,16,1,1118,15.2587890625,0,0.0
193,16,1,1129,15.2587890625,0,0.0
194,16,1,367,15.2587890625,0,0.0
195,16,1,385,15.2587890625,0,0.0
196,16,1,707,15.2587890625,0,0.0
197,16,1,313,15.2587890625,0,0.0
198,16,1,1931,15.2587890625,0,0.0
199,16,1,349,15.2587890625,0,0.0
200,16,1,3,15.2587890625,0,0.0
201,16,1,67,15.2587890625,0,0.0
202,16,1,611,15.2587890625,0,0.0
203,16,1,292,15.2587890625,0,0.0
204,16,1,344,15.2587890625,0,0.0
205,16,1,42,15.2587890625,0,0.0
206,16,1,197,15.2587890625,0,0.0
207,16,1,344,15.2587890625,0,0.0
208,16,1,128,15.2587890625,1,1.0
209,16,1,661,15.2587890625,0,0.0
210,16,1,3,15.2587890625,0,0.0
211,16,1,287,15.2587890625,0,0.0
212,16,1,344,15.2587890625,0,0.0
213,16,1,58,15.2587890625,0,0.0
214,16,1,376,15.2587890625,0,0.0
215,16,1,9,15.2587890625,0,0.0
216,16,1,4,15.2587890625,0,0.0
217,16,1,919,15.2587890625,0,0.0
218,16,1,120,15.2587890625,0,0.0
219,16,1,1544,15.2587890625,1,1.0
220,16,1,3718,15.2587890625,0,0.0
221,16,1,1187,15.2587890625,0,0.0
222,16,1,874,15.2587890625,0,0.0
223,16,1,53,15.2587890625,0,0.0
224,16,1,314,15.2587890625,0,0.0
225,16,1,234,15.2587890625,0,0.0
226,16,1,34,15.2587890625,0,0.0
227,16,1,176,15.2587890625,0,0.0
228,16,1,837,15.2587890625,0,0.0
229,16,1,69,15.2587890625,0,0.0
230,16,1,5,15.2587890625,0,0.0
231,16,1,0,15.2587890625,0,0.0
232,16,1,4,15.2587890625,0,0.0
233,16,1,2,15.2587890625,0,0.0
234,16,1,101,15.2587890625,0,0.0
235,16,1,1960,15.2587890625,0,0.0
236,16,1,663,15.2587890625,0,0.0
237,16,1,10,15.2587890625,0,0.0
238,16,1,117,15.2587890625,1,1.0
239,16,1,0,15.2587890625,0,0.0
240,16,1,57,15.2587890625,0,0.0
241,16,1,1176,15.2587890625,1,1.0
242,16,1,86,15.2587890625,0,0.0
243,16,1,370,15.2587890625,0,0.0
244,16,1,121,15.2587890625,0,0.0
245,16,1,397,15.2587890625,0,0.0
246,16,1,86,15.2587890625,0,0.0
247,16,1,229,15.2587890625,1,1.0
248,16,1,2,15.2587890625,0,0.0
249,16,1,113,15.2587890625,0,0.0
250,16,1,103,15.2587890625,0,0.0
251,16,1,804,15.2587890625,0,0.0
252,16,1,3718,15.2587890625,0,0.0
253,16,1,29,15.2587890625,0,0.0
254,16,1,27,15.2587890625,0,0.0
255,16,1,46,15.2587890625,0,0.0
256,16,1,15,15.2587890625,0,0.0
257,16,1,944,15.2587890625,0,0.0
258,16,1,18,15.2587890625,0,0.0
259,16,1,677,15.2587890625,0,0.0
260,16,1,53,15.2587890625,0,0.0
261,16,1,39,15.2587890625,0,0.0
262,16,1,6,15.2587890625,0,0.0
263,16,1,0,15.2587890625,0,0.0
264,16,1,387,15.2587890625,0,0.0
265,16,1,14,15.2587890625,0,0.0
266,16,1,44,15.2587890625,0,0.0
267,16,1,216,15.2587890625,0,0.0
268,16,1,433,15.2587890625,0,0.0
269,16,1,142,15.2587890625,0,0.0
270,16,1,142,15.2587890625,0,0.0
271,16,1,77,15.2587890625,0,0.0
272,16,1,6,15.2587890625,0,0.0
273,16,1,34,15.2587890625,0,0.0
274,16,1,10,15.2587890625,0,0.0
275,16,1,885,15.2587890625,0,0.0
276,16,1,148,15.2587890625,0,0.0
277,16,1,445,15.2587890625,0,0.0
278,16,1,18,15.2587890625,0,0.0
279,16,1,103,15.2587890625,0,0.0
280,16,1,104,15.2587890625,1,1.0
281,16,1,20,15.2587890625,0,0.0
282,16,1,657,15.2587890625,0,0.0
283,16,1,23,15.2587890625,0,0.0
284,16,1,325,15.2587890625,0,0.0
285,16,1,95,15.2587890625,0,0.0
286,16,1,45,15.2587890625,0,0.0
287,16,1,713,15.2587890625,1,1.0
288,16,1,2715,15.2587890625,0,0.0
289,16,1,299,15.2587890625,0,0.0
290,16,1,367,15.2587890625,0,0.0
291,16,1,9,15.2587890625,0,0.0
292,16,1,156,15.2587890625,0,0.0
293,16,1,0,15.2587890625,0,0.0
294,16,1,280,15.2587890625,0,0.0
295,16,1,49,15.2587890625,0,0.0
296,16,1,22,15.2587890625,0,0.0
297,16,1,83,15.2587890625,0,0.0
298,16,1,98,15.2587890625,0,0.0
299,16,1,28,15.2587890625,0,0.0
300,16,1,19,15.2587890625,0,0.0
301,16,1,132,15.2587890625,0,0.0
302,16,1,41,15.2587890625,0,0.0
303,16,1,0,15.2587890625,0,0.0
304,16,1,159,15.2587890625,0,0.0
305,16,1,467,15.2587890625,0,0.0
306,16,1,57,15.2587890625,0,0.0
307,16,1,36,15.2587890625,0,0.0
308,16,1,153,15.2587890625,0,0.0
309,16,1,4666,15.2587890625,0,0.0
310,16,1,661,15.2587890625,1,1.0
311,16,1,14,15.2587890625,0,0.0
312,16,1,1605,15.2587890625,0,0.0
313,16,1,70,15.2587890625,0,0.0
314,16,1,46,15.2587890625,0,0.0
315,16,1,54,15.2587890625,0,0.0
316,16,1,40,15.2587890625,0,0.0
317,16,1,91,15.2587890625,0,0.0
318,16,1,837,15.2587890625,1,1.0
319,16,1,2,15.2587890625,0,0.0
320,16,1,46,15.2587890625,0,0.0
321,16,1,13,15.2587890625,0,0.0
322,16,1,76,15.2587890625,0,0.0
323,16,1,301,15.2587890625,0,0.0
324,16,1,25,15.2587890625,0,0.0
325,16,1,459,15.2587890625,0,0.0
326,16,1,107,15.2587890625,0,0.0
327,16,1,214,15.2587890625,0,0.0
328,16,1,142,15.2587890625,0,0.0
329,16,1,10,15.2587890625,0,0.0
330,16,1,6696,15.2587890625,1,1.0
331,16,1,2,15.2587890625,0,0.0
332,16,1,284,15.2587890625,0,0.0
333,16,1,528,15.2587890625,1,1.0
334,16,1,176,15.2587890625,0,0.0
335,16,1,18,15.2587890625,0,0.0
336,16,1,68,15.2587890625,0,0.0
337,16,1,63,15.2587890625,0,0.0
338,16,1,5,15.2587890625,0,0.0
339,16,1,128,15.2587890625,0,0.0
340,16,1,286,15.2587890625,0,0.0
341,16,1,105,15.2587890625,0,0.0
342,16,1,677,15.2587890625,0,0.0
343,16,1,1195,15.2587890625,0,0.0
344,16,1,1755,15.2587890625,0,0.0
345,16,1,904,15.2587890625,0,0.0
346,16,1,1323,15.2587890625,0,0.0
347,16,1,56,15.2587890625,0,0.0
348,16,1,296,15.2587890625,0,0.0
349,16,1,3718,15.2587890625,0,0.0
350,16,1,30,15.2587890625,0,0.0
351,16,1,1,15.2587890625,0,0.0
352,16,1,1,15.2587890625,0,0.0
353,16,1,823,15.2587890625,0,0.0
354,16,1,2338,15.2587890625,0,0.0
355,16,1,102,15.2587890625,0,0.0
356,16,1,1945,15.2587890625,1,1.0
357,16,1,19,15.2587890625,0,0.0
358,16,1,0,15.2587890625,0,0.0
359,16,1,1129,15.2587890625,0,0.0
360,16,1,86,15.2587890625,0,0.0
361,16,1,24,15.2587890625,0,0.0
362,16,1,8,15.2587890625,0,0.0
363,16,1,3626,15.2587890625,0,0.0
364,16,1,38,15.2587890625,0,0.0
365,16,1,42,15.2587890625,0,0.0
366,16,1,268,15.2587890625,0,0.0
367,16,1,1949,15.2587890625,0,0.0
368,16,1,116,15.2587890625,0,0.0
369,16,1,5,15.2587890625,0,0.0
370,16,1,11,15.2587890625,0,0.0
371,16,1,29,15.2587890625,0,0.0
372,16,1,47,15.2587890625,0,0.0
373,16,1,64,15.2587890625,0,0.0
374,16,1,167,15.2587890625,0,0.0
375,16,1,18,15.2587890625,0,0.0
376,16,1,285,15.2587890625,0,0.0
377,16,1,13,15.2587890625,0,0.0
378,16,1,708,15.2587890625,0,0.0
379,16,1,257,15.2587890625,0,0.0
380,16,1,1,15.2587890625,0,0.0
381,16,1,49,15.2587890625,0,0.0
382,16,1,50,15.2587890625,0,0.0
383,16,1,2170,15.2587890625,0,0.0
384,16,1,251,15.2587890625,0,0.0
385,16,1,133,15.2587890625,0,0.0
386,16,1,1931,15.2587890625,0,0.0
387,16,1,15,15.2587890625,0,0.0
388,16,1,3,15.2587890625,0,0.0
389,16,1,1072,15.2587890625,0,0.0
390,16,1,1048,15.2587890625,0,0.0
391,16,1,441,15.2587890625,0,0.0
392,16,1,43,15.2587890625,0,0.0
393,16,1,439,15.2587890625,0,0.0
394,16,1,84,15.2587890625,0,0.0
395,16,1,1195,15.2587890625,0,0.0
396,16,1,36,15.2587890625,0,0.0
397,16,1,430,15.2587890625,0,0.0
398,16,1,557,15.2587890625,0,0.0
399,16,1,63,15.2587890625,0,0.0
400,16,1,0,15.2587890625,0,0.0
401,16,1,8,15.2587890625,0,0.0
402,16,1,305,15.2587890625,0,0.0
403,16,1,212,15.2587890625,0,0.0
404,16,1,158,15.2587890625,0,0.0
405,16,1,972,15.2587890625,0,0.0
406,16,1,41,15.2587890625,0,0.0
407,16,1,1748,15.2587890625,0,0.0
408,16,1,3718,15.2587890625,0,0.0
409,16,1,2408,15.2587890625,0,0.0
410,16,1,357,15.2587890625,0,0.0
411,16,1,3,15.2587890625,0,0.0
412,16,1,5,15.2587890625,0,0.0
413,16,1,321,15.2587890625,0,0.0
414,16,1,44,15.2587890625,1,1.0
415,16,1,250,15.2587890625,0,0.0
416,16,1,0,15.2587890625,0,0.0
417,16,1,30,15.2587890625,0,0.0
418,16,1,20,15.2587890625,0,0.0
419,16,1,1134,15.2587890625,1,1.0
420,16,1,29,15.2587890625,0,0.0
421,16,1,15,15.2587890625,0,0.0
422,16,1,573,15.2587890625,0,0.0
423,16,1,428,15.2587890625,1,1.0
424,16,1,21,15.2587890625,0,0.0
425,16,1,24,15.2587890625,0,0.0
426,16,1,102,15.2587890625,1,1.0
427,16,1,308,15.2587890625,0,0.0
428,16,1,65,15.2587890625,0,0.0
429,16,1,95,15.2587890625,0,0.0
430,16,1,1111,15.2587890625,0,0.0
431,16,1,376,15.2587890625,0,0.0
432,16,1,317,15.2587890625,0,0.0
433,16,1,34,15.2587890625,0,0.0
434,16,1,4666,15.2587890625,0,0.0
435,16,1,632,15.2587890625,0,0.0
436,16,1,73,15.2587890625,0,0.0
437,16,1,7,15.2587890625,0,0.0
438,16,1,80,15.2587890625,0,0.0
439,16,1,314,15.2587890625,0,0.0
440,16,1,24,15.2587890625,0,0.0
441,16,1,207,15.2587890625,0,0.0
442,16,1,46,15.2587890625,0,0.0
443,16,1,4,15.2587890625,0,0.0
444,16,1,717,15.2587890625,0,0.0
445,16,1,928,15.2587890625,0,0.0
446,16,1,11,15.2587890625,0,0.0
447,16,1,50,15.2587890625,0,0.0
448,16,1,29,15.2587890625,0,0.0
449,16,1,27,15.2587890625,0,0.0
450,16,1,25,15.2587890625,0,0.0
451,16,1,1318,15.2587890625,0,0.0
452,16,1,73,15.2587890625,0,0.0
453,16,1,0,15.2587890625,0,0.0
454,16,1,28,15.2587890625,0,0.0
455,16,1,0,15.2587890625,0,0.0
456,16,1,77,15.2587890625,0,0.0
457,16,1,520,15.2587890625,0,0.0
458,16,1,63,15.2587890625,0,0.0
459,16,1,1307,15.2587890625,0,0.0
460,16,1,5,15.2587890625,0,0.0
461,16,1,37,15.2587890625,0,0.0
462,16,1,43,15.2587890625,0,0.0
463,16,1,474,15.2587890625,0,0.0
464,16,1,153,15.2587890625,0,0.0
465,16,1,108,15.2587890625,0,0.0
466,16,1,194,15.2587890625,0,0.0
467,16,1,18,15.2587890625,0,0.0
468,16,1,212,15.2587890625,0,0.0
469,16,1,69,15.2587890625,0,0.0
470,16,1,21,15.2587890625,0,0.0
471,16,1,393,15.2587890625,0,0.0
472,16,1,220,15.2587890625,0,0.0
473,16,1,14,15.2587890625,0,0.0
474,16,1,2420,15.2587890625,0,0.0
475,16,1,27,15.2587890625,0,0.0
476,16,1,8,15.2587890625,0,0.0
477,16,1,52,15.2587890625,1,1.0
478,16,1,56,15.2587890625,0,0.0
479,16,1,545,15.2587890625,0,0.0
480,16,1,211,15.2587890625,0,0.0
481,16,1,32,15.2587890625,0,0.0
482,16,1,4,15.2587890625,0,0.0
483,16,1,0,15.2587890625,0,0.0
484,16,1,0,15.2587890625,0,0.0
485,16,1,98,15.2587890625,0,0.0
486,16,1,138,15.2587890625,0,0.0
487,16,1,5809,15.2587890625,1,1.0
488,16,1,1742,15.2587890625,0,0.0
489,16,1,303,15.2587890625,0,0.0
490,16,1,483,15.2587890625,0,0.0
491,16,1,2571,15.2587890625,0,0.0
492,16,1,10,15.2587890625,0,0.0
493,16,1,275,15.2587890625,0,0.0
494,16,1,74,15.2587890625,0,0.0
495,16,1,108,15.2587890625,0,0.0
496,16,1,2120,15.2587890625,0,0.0
497,16,1,7,15.2587890625,0,0.0
498,16,1,405,15.2587890625,0,0.0
499,16,1,1955,15.2587890625,0,0.0
500,16,1,21,15.2587890625,0,0.0
501,16,1,21,15.2587890625,0,0.0
502,16,1,185,15.2587890625,0,0.0
503,16,1,2715,15.2587890625,0,0.0
504,16,1,1,15.2587890625,0,0.0
505,16,1,13,15.2587890625,0,0.0
506,16,1,23,15.2587890625,0,0.0
507,16,1,833,15.2587890625,0,0.0
508,16,1,176,15.2587890625,0,0.0
509,16,1,126,15.2587890625,0,0.0
510,16,1,1878,15.2587890625,1,1.0
511,16,1,65,15.2587890625,0,0.0
512,16,1,13,15.2587890625,0,0.0
513,16,1,24,15.2587890625,0,0.0
514,16,1,6,15.2587890625,0,0.0
515,16,1,9,15.2587890625,0,0.0
516,16,1,0,15.2587890625,0,0.0
517,16,1,26,15.2587890625,0,0.0
518,16,1,942,15.2587890625,1,1.0
519,16,1,7,15.2587890625,0,0.0
520,16,1,49,15.2587890625,0,0.0
521,16,1,2386,15.2587890625,0,0.0
522,16,1,30,15.2587890625,0,0.0
523,16,1,179,15.2587890625,0,0.0
524,16,1,485,15.2587890625,0,0.0
525,16,1,1435,15.2587890625,1,1.0
526,16,1,17,15.2587890625,0,0.0
527,16,1,0,15.2587890625,0,0.0
528,16,1,42,15.2587890625,0,0.0
529,16,1,16,15.2587890625,0,0.0
530,16,1,7,15.2587890625,0,0.0
531,16,1,783,15.2587890625,0,0.0
532,16,1,2988,15.2587890625,0,0.0
533,16,1,2,15.2587890625,0,0.0
534,16,1,30,15.2587890625,0,0.0
535,16,1,156,15.2587890625,0,0.0
536,16,1,0,15.2587890625,0,0.0
537,16,1,5026,15.2587890625,0,0.0
538,16,1,265,15.2587890625,0,0.0
539,16,1,37,15.2587890625,0,0.0
540,16,1,4,15.2587890625,0,0.0
541,16,1,28,15.2587890625,0,0.0
542,16,1,629,15.2587890625,0,0.0
543,16,1,254,15.2587890625,0,0.0
544,16,1,96,15.2587890625,0,0.0
545,16,1,1233,15.2587890625,0,0.0
546,16,1,121,15.2587890625,0,0.0
547,16,1,210,15.2587890625,0,0.0
548,16,1,29,15.2587890625,0,0.0
549,16,1,0,15.2587890625,0,0.0
550,16,1,52,15.2587890625,0,0.0
551,16,1,39,15.2587890625,0,0.0
552,16,1,168,15.2587890625,0,0.0
553,16,1,89,15.2587890625,0,0.0
554,16,1,62,15.2587890625,0,0.0
555,16,1,17,15.2587890625,0,0.0
556,16,1,972,15.2587890625,0,0.0
557,16,1,347,15.2587890625,0,0.0
558,16,1,36,15.2587890625,0,0.0
559,16,1,84,15.2587890625,0,0.0
560,16,1,127,15.2587890625,0,0.0
561,16,1,54,15.2587890625,0,0.0
562,16,1,677,15.2587890625,0,0.0
563,16,1,108,15.2587890625,0,0.0
564,16,1,1,15.2587890625,0,0.0
565,16,1,14,15.2587890625,0,0.0
566,16,1,31,15.2587890625,0,0.0
567,16,1,27,15.2587890625,0,0.0
568,16,1,1955,15.2587890625,0,0.0
569,16,1,141,15.2587890625,0,0.0
570,16,1,1810,15.2587890625,0,0.0
571,16,1,925,15.2587890625,0,0.0
572,16,1,64,15.2587890625,0,0.0
573,16,1,0,15.2587890625,0,0.0
574,16,1,624,15.2587890625,0,0.0
575,16,1,47,15.2587890625,0,0.0
576,16,1,158,15.2587890625,0,0.0
577,16,1,256,15.2587890625,0,0.0
578,16,1,80,15.2587890625,0,0.0
579,16,1,33,15.2587890625,0,0.0
580,16,1,54,15.2587890625,0,0.0
581,16,1,1,15.2587890625,0,0.0
582,16,1,4666,15.2587890625,0,0.0
583,16,1,268,15.2587890625,0,0.0
584,16,1,3,15.2587890625,0,0.0
585,16,1,75,15.2587890625,0,0.0
586,16,1,138,15.2587890625,0,0.0
587,16,1,133,15.2587890625,0,0.0
588,16,1,136,15.2587890625,0,0.0
589,16,1,123,15.2587890625,0,0.0
590,16,1,96,15.2587890625,0,0.0
591,16,1,1383,15.2587890625,0,0.0
592,16,1,31,15.2587890625,0,0.0
593,16,1,1144,15.2587890625,1,1.0
594,16,1,102,15.2587890625,0,0.0
595,16,1,515,15.2587890625,1,1.0
596,16,1,884,15.2587890625,1,1.0
597,16,1,30,15.2587890625,0,0.0
598,16,1,908,15.2587890625,0,0.0
599,16,1,134,15.2587890625,0,0.0
600,16,1,30,15.2587890625,0,0.0
601,16,1,82,15.2587890625,0,0.0
602,16,1,176,15.2587890625,0,0.0
603,16,1,2306,15.2587890625,0,0.0
604,16,1,105,15.2587890625,0,0.0
605,16,1,135,15.2587890625,0,0.0
606,16,1,74,15.2587890625,0,0.0
607,16,1,5,15.2587890625,0,0.0
608,16,1,224,15.2587890625,0,0.0
609,16,1,48,15.2587890625,0,0.0
610,16,1,0,15.2587890625,0,0.0
611,16,1,1171,15.2587890625,1,1.0
612,16,1,90,15.2587890625,0,0.0
613,16,1,8,15.2587890625,0,0.0
614,16,1,627,15.2587890625,0,0.0
615,16,1,69,15.2587890625,0,0.0
616,16,1,1544,15.2587890625,0,0.0
617,16,1,31,15.2587890625,0,0.0
618,16,1,2,15.2587890625,0,0.0
619,16,1,166,15.2587890625,0,0.0
620,16,1,285,15.2587890625,0,0.0
621,16,1,10,15.2587890625,0,0.0
622,16,1,43,15.2587890625,0,0.0
623,16,1,28,15.2587890625,0,0.0
624,16,1,21,15.2587890625,0,0.0
625,16,1,280,15.2587890625,0,0.0
626,16,1,1,15.2587890625,0,0.0
627,16,1,1230,15.2587890625,0,0.0
628,16,1,2031,15.2587890625,0,0.0
629,16,1,93,15.2587890625,0,0.0
630,16,1,1838,15.2587890625,0,0.0
631,16,1,90,15.2587890625,0,0.0
632,16,1,113,15.2587890625,0,0.0
633,16,1,1153,15.2587890625,1,1.0
634,16,1,28,15.2587890625,0,0.0
635,16,1,19,15.2587890625,0,0.0
636,16,1,410,15.2587890625,0,0.0
637,16,1,126,15.2587890625,0,0.0
638,16,1,51,15.2587890625,0,0.0
639,16,1,1,15.2587890625,0,0.0
640,16,1,928,15.2587890625,0,0.0
641,16,1,405,15.2587890625,0,0.0
642,16,1,191,15.2587890625,0,0.0
643,16,1,363,15.2587890625,0,0.0
644,16,1,1309,15.2587890625,0,0.0
645,16,1,24,15.2587890625,0,0.0
646,16,1,922,15.2587890625,0,0.0
647,16,1,1618,15.2587890625,0,0.0
648,16,1,533,15.2587890625,0,0.0
649,16,1,78,15.2587890625,0,0.0
650,16,1,42,15.2587890625,0,0.0
651,16,1,251,15.2587890625,0,0.0
652,16,1,188,15.2587890625,0,0.0
653,16,1,41,15.2587890625,0,0.0
654,16,1,85,15.2587890625,0,0.0
655,16,1,29,15.2587890625,0,0.0
656,16,1,126,15.2587890625,0,0.0
657,16,1,54,15.2587890625,0,0.0
658,16,1,48,15.2587890625,0,0.0
659,16,1,53,15.2587890625,0,0.0
660,16,1,131,15.2587890625,0,0.0
661,16,1,1340,15.2587890625,1,1.0
662,16,1,717,15.2587890625,0,0.0
663,16,1,16,15.2587890625,0,0.0
664,16,1,1520,15.2587890625,0,0.0
665,16,1,981,15.2587890625,0,0.0
666,16,1,16,15.2587890625,0,0.0
667,16,1,928,15.2587890625,0,0.0
668,16,1,3718,15.2587890625,0,0.0
669,16,1,45,15.2587890625,0,0.0
670,16,1,33,15.2587890625,0,0.0
671,16,1,160,15.2587890625,0,0.0
672,16,1,450,15.2587890625,0,0.0
673,16,1,1878,15.2587890625,0,0.0
674,16,1,13,15.2587890625,0,0.0
675,16,1,853,15.2587890625,0,0.0
676,16,1,1,15.2587890625,0,0.0
677,16,1,132,15.2587890625,0,0.0
678,16,1,62,15.2587890625,0,0.0
679,16,1,879,15.2587890625,0,0.0
680,16,1,305,15.2587890625,0,0.0
681,16,1,1755,15.2587890625,0,0.0
682,16,1,189,15.2587890625,0,0.0
683,16,1,1529,15.2587890625,0,0.0
684,16,1,56,15.2587890625,0,0.0
685,16,1,2420,15.2587890625,0,0.0
686,16,1,477,15.2587890625,0,0.0
687,16,1,123,15.2587890625,0,0.0
688,16,1,19,15.2587890625,0,0.0
689,16,1,415,15.2587890625,0,0.0
690,16,1,731,15.2587890625,0,0.0
691,16,1,52,15.2587890625,0,0.0
692,16,1,5809,15.2587890625,1,1.0
693,16,1,6696,15.2587890625,0,0.0
694,16,1,8,15.2587890625,0,0.0
695,16,1,1,15.2587890625,0,0.0
696,16,1,178,15.2587890625,0,0.0
697,16,1,1470,15.2587890625,0,0.0
698,16,1,554,15.2587890625,0,0.0
699,16,1,18,15.2587890625,0,0.0
700,16,1,61,15.2587890625,0,0.0
701,16,1,85,15.2587890625,0,0.0
702,16,1,1927,15.2587890625,0,0.0
703,16,1,139,15.2587890625,0,0.0
704,16,1,592,15.2587890625,0,0.0
705,16,1,1447,15.2587890625,0,0.0
706,16,1,1,15.2587890625,0,0.0
707,16,1,1281,15.2587890625,0,0.0
708,16,1,3718,15.2587890625,0,0.0
709,16,1,52,15.2587890625,0,0.0
710,16,1,101,15.2587890625,0,0.0
711,16,1,90,15.2587890625,0,0.0
712,16,1,103,15.2587890625,0,0.0
713,16,1,84,15.2587890625,0,0.0
714,16,1,16,15.2587890625,0,0.0
715,16,1,1748,15.2587890625,0,0.0
716,16,1,150,15.2587890625,0,0.0
717,16,1,69,15.2587890625,0,0.0
718,16,1,132,15.2587890625,0,0.0
719,16,1,90,15.2587890625,0,0.0
720,16,1,56,15.2587890625,1,1.0
721,16,1,0,15.2587890625,0,0.0
722,16,1,254,15.2587890625,0,0.0
723,16,1,1134,15.2587890625,0,0.0
724,16,1,40,15.2587890625,0,0.0
725,16,1,88,15.2587890625,0,0.0
726,16,1,2565,15.2587890625,0,0.0
727,16,1,17,15.2587890625,0,0.0
728,16,1,183,15.2587890625,0,0.0
729,16,1,1838,15.2587890625,0,0.0
730,16,1,19,15.2587890625,0,0.0
731,16,1,152,15.2587890625,0,0.0
732,16,1,244,15.2587890625,0,0.0
733,16,1,631,15.2587890625,0,0.0
734,16,1,85,15.2587890625,0,0.0
735,16,1,20,15.2587890625,0,0.0
736,16,1,156,15.2587890625,0,0.0
737,16,1,367,15.2587890625,0,0.0
738,16,1,52,15.2587890625,0,0.0
739,16,1,549,15.2587890625,0,0.0
740,16,1,811,15.2587890625,0,0.0
741,16,1,40,15.2587890625,0,0.0
742,16,1,2816,15.2587890625,0,0.0
743,16,1,184,15.2587890625,0,0.0
744,16,1,1222,15.2587890625,0,0.0
745,16,1,131,15.2587890625,0,0.0
746,16,1,671,15.2587890625,0,0.0
747,16,1,398,15.2587890625,0,0.0
748,16,1,158,15.2587890625,0,0.0
749,16,1,26,15.2587890625,0,0.0
750,16,1,143,15.2587890625,0,0.0
751,16,1,14,15.2587890625,0,0.0
752,16,1,130,15.2587890625,0,0.0
753,16,1,20,15.2587890625,0,0.0
754,16,1,95,15.2587890625,0,0.0
755,16,1,19,15.2587890625,0,0.0
756,16,1,349,15.2587890625,0,0.0
757,16,1,40,15.2587890625,0,0.0
758,16,1,139,15.2587890625,0,0.0
759,16,1,1960,15.2587890625,0,0.0
760,16,1,31,15.2587890625,0,0.0
761,16,1,60,15.2587890625,0,0.0
762,16,1,1588,15.2587890625,0,0.0
763,16,1,367,15.2587890625,0,0.0
764,16,1,37,15.2587890625,0,0.0
765,16,1,4178,15.2587890625,0,0.0
766,16,1,25,15.2587890625,0,0.0
767,16,1,124,15.2587890625,0,0.0
768,16,1,0,15.2587890625,0,0.0
769,16,1,611,15.2587890625,0,0.0
770,16,1,647,15.2587890625,0,0.0
771,16,1,132,15.2587890625,0,0.0
772,16,1,11,15.2587890625,0,0.0
773,16,1,236,15.2587890625,0,0.0
774,16,1,84,15.2587890625,0,0.0
775,16,1,2,15.2587890625,0,0.0
776,16,1,4,15.2587890625,0,0.0
777,16,1,20,15.2587890625,0,0.0
778,16,1,13,15.2587890625,0,0.0
779,16,1,962,15.2587890625,0,0.0
780,16,1,15,15.2587890625,0,0.0
781,16,1,138,15.2587890625,0,0.0
782,16,1,11,15.2587890625,0,0.0
783,16,1,0,15.2587890625,0,0.0
784,16,1,325,15.2587890625,0,0.0
785,16,1,308,15.2587890625,0,0.0
786,16,1,554,15.2587890625,0,0.0
787,16,1,61,15.2587890625,0,0.0
788,16,1,19,15.2587890625,0,0.0
789,16,1,132,15.2587890625,0,0.0
790,16,1,251,15.2587890625,0,0.0
791,16,1,28,15.2587890625,0,0.0
792,16,1,626,15.2587890625,0,0.0
793,16,1,664,15.2587890625,0,0.0
794,16,1,20,15.2587890625,0,0.0
795,16,1,43,15.2587890625,0,0.0
796,16,1,1,15.2587890625,0,0.0
797,16,1,16,15.2587890625,0,0.0
798,16,1,139,15.2587890625,0,0.0
799,16,1,32,15.2587890625,0,0.0
800,16,1,23,15.2587890625,0,0.0
801,16,1,1807,15.2587890625,0,0.0
802,16,1,374,15.2587890625,0,0.0
803,16,1,90,15.2587890625,0,0.0
804,16,1,1618,15.2587890625,0,0.0
805,16,1,301,15.2587890625,0,0.0
806,16,1,3440,15.2587890625,1,1.0
807,16,1,16,15.2587890625,0,0.0
808,16,1,66,15.2587890625,0,0.0
809,16,1,542,15.2587890625,0,0.0
810,16,1,38,15.2587890625,0,0.0
811,16,1,192,15.2587890625,0,0.0
812,16,1,425,15.2587890625,1,1.0
813,16,1,1118,15.2587890625,1,1.0
814,16,1,286,15.2587890625,0,0.0
815,16,1,236,15.2587890625,0,0.0
816,16,1,235,15.2587890625,0,0.0
817,16,1,201,15.2587890625,0,0.0
818,16,1,192,15.2587890625,0,0.0
819,16,1,669,15.2587890625,0,0.0
820,16,1,30,15.2587890625,0,0.0
821,16,1,51,15.2587890625,0,0.0
822,16,1,2302,15.2587890625,0,0.0
823,16,1,11,15.2587890625,0,0.0
824,16,1,14,15.2587890625,0,0.0
825,16,1,113,15.2587890625,0,0.0
826,16,1,169,15.2587890625,0,0.0
827,16,1,3649,15.2587890625,0,0.0
828,16,1,157,15.2587890625,1,1.0
829,16,1,1,15.2587890625,0,0.0
830,16,1,1932,15.2587890625,0,0.0
831,16,1,97,15.2587890625,0,0.0
832,16,1,1,15.2587890625,0,0.0
833,16,1,465,15.2587890625,0,0.0
834,16,1,318,15.2587890625,0,0.0
835,16,1,49,15.2587890625,0,0.0
836,16,1,48,15.2587890625,0,0.0
837,16,1,314,15.2587890625,0,0.0
838,16,1,3568,15.2587890625,0,0.0
839,16,1,3649,15.2587890625,0,0.0
840,16,1,539,15.2587890625,1,1.0
841,16,1,48,15.2587890625,0,0.0
842,16,1,246,15.2587890625,0,0.0
843,16,1,160,15.2587890625,0,0.0
844,16,1,1340,15.2587890625,1,1.0
845,16,1,5,15.2587890625,0,0.0
846,16,1,320,15.2587890625,0,0.0
847,16,1,1571,15.2587890625,1,1.0
848,16,1,333,15.2587890625,0,0.0
849,16,1,1,15.2587890625,0,0.0
850,16,1,1,15.2587890625,0,0.0
851,16,1,494,15.2587890625,0,0.0
852,16,1,7,15.2587890625,0,0.0
853,16,1,6,15.2587890625,0,0.0
854,16,1,2573,15.2587890625,0,0.0
855,16,1,132,15.2587890625,0,0.0
856,16,1,291,15.2587890625,0,0.0
857,16,1,1009,15.2587890625,0,0.0
858,16,1,3486,15.2587890625,0,0.0
859,16,1,128,15.2587890625,0,0.0
860,16,1,0,15.2587890625,0,0.0
861,16,1,4,15.2587890625,0,0.0
862,16,1,622,15.2587890625,0,0.0
863,16,1,1,15.2587890625,0,0.0
864,16,1,4,15.2587890625,0,0.0
865,16,1,5650,15.2587890625,0,0.0
866,16,1,16,15.2587890625,0,0.0
867,16,1,5,15.2587890625,0,0.0
868,16,1,3089,15.2587890625,0,0.0
869,16,1,376,15.2587890625,0,0.0
870,16,1,3947,15.2587890625,0,0.0
871,16,1,33,15.2587890625,0,0.0
872,16,1,5,15.2587890625,0,0.0
873,16,1,2,15.2587890625,0,0.0
874,16,1,76,15.2587890625,0,0.0
875,16,1,886,15.2587890625,0,0.0
876,16,1,83,15.2587890625,0,0.0
877,16,1,62,15.2587890625,0,0.0
878,16,1,944,15.2587890625,0,0.0
879,16,1,10,15.2587890625,0,0.0
880,16,1,48,15.2587890625,0,0.0
881,16,1,128,15.2587890625,0,0.0
882,16,1,40,15.2587890625,0,0.0
883,16,1,125,15.2587890625,0,0.0
884,16,1,3089,15.2587890625,0,0.0
885,16,1,158,15.2587890625,0,0.0
886,16,1,217,15.2587890625,0,0.0
887,16,1,314,15.2587890625,0,0.0
888,16,1,3440,15.2587890625,0,0.0
889,16,1,65,15.2587890625,0,0.0
890,16,1,141,15.2587890625,0,0.0
891,16,1,391,15.2587890625,0,0.0
892,16,1,192,15.2587890625,0,0.0
893,16,1,153,15.2587890625,0,0.0
894,16,1,9,15.2587890625,0,0.0
895,16,1,14,15.2587890625,0,0.0
896,16,1,1,15.2587890625,0,0.0
897,16,1,262,15.2587890625,0,0.0
898,16,1,266,15.2587890625,0,0.0
899,16,1,1838,15.2587890625,0,0.0
900,16,1,99,15.2587890625,0,0.0
901,16,1,87,15.2587890625,1,1.0
902,16,1,94,15.2587890625,0,0.0
903,16,1,425,15.2587890625,0,0.0
904,16,1,919,15.2587890625,0,0.0
905,16,1,1176,15.2587890625,0,0.0
906,16,1,85,15.2587890625,0,0.0
907,16,1,11,15.2587890625,1,1.0
908,16,1,1009,15.2587890625,0,0.0
909,16,1,182,15.2587890625,0,0.0
910,16,1,58,15.2587890625,0,0.0
911,16,1,7,15.2587890625,0,0.0
912,16,1,6696,15.2587890625,0,0.0
913,16,1,13,15.2587890625,0,0.0
914,16,1,841,15.2587890625,0,0.0
915,16,1,2564,15.2587890625,0,0.0
916,16,1,264,15.2587890625,0,0.0
917,16,1,2338,15.2587890625,0,0.0
918,16,1,27,15.2587890625,0,0.0
919,16,1,18,15.2587890625,0,0.0
920,16,1,36,15.2587890625,0,0.0
921,16,1,6696,15.2587890625,1,1.0
922,16,1,65,15.2587890625,0,0.0
923,16,1,1,15.2587890625,0,0.0
924,16,1,634,15.2587890625,0,0.0
925,16,1,174,15.2587890625,0,0.0
926,16,1,2988,15.2587890625,0,0.0
927,16,1,377,15.2587890625,0,0.0
928,16,1,4264,15.2587890625,0,0.0
929,16,1,458,15.2587890625,0,0.0
930,16,1,64,15.2587890625,0,0.0
931,16,1,17,15.2587890625,0,0.0
932,16,1,8,15.2587890625,0,0.0
933,16,1,1129,15.2587890625,1,1.0
934,16,1,72,15.2587890625,0,0.0
935,16,1,51,15.2587890625,0,0.0
936,16,1,31,15.2587890625,0,0.0
937,16,1,72,15.2587890625,0,0.0
938,16,1,377,15.2587890625,0,0.0
939,16,1,30,15.2587890625,0,0.0
940,16,1,39,15.2587890625,0,0.0
941,16,1,24,15.2587890625,0,0.0
942,16,1,115,15.2587890625,0,0.0
943,16,1,647,15.2587890625,0,0.0
944,16,1,1252,15.2587890625,0,0.0
945,16,1,136,15.2587890625,0,0.0
946,16,1,105,15.2587890625,0,0.0
947,16,1,51,15.2587890625,0,0.0
948,16,1,412,15.2587890625,0,0.0
949,16,1,53,15.2587890625,0,0.0
950,16,1,68,15.2587890625,0,0.0
951,16,1,1068,15.2587890625,0,0.0
952,16,1,591,15.2587890625,1,1.0
953,16,1,5026,15.2587890625,0,0.0
954,16,1,783,15.2587890625,0,0.0
955,16,1,202,15.2587890625,0,0.0
956,16,1,1195,15.2587890625,0,0.0
957,16,1,143,15.2587890625,0,0.0
958,16,1,232,15.2587890625,0,0.0
959,16,1,43,15.2587890625,1,1.0
960,16,1,49,15.2587890625,0,0.0
961,16,1,5,15.2587890625,0,0.0
962,16,1,108,15.2587890625,0,0.0
963,16,1,0,15.2587890625,0,0.0
964,16,1,904,15.2587890625,0,0.0
965,16,1,1588,15.2587890625,0,0.0
966,16,1,10,15.2587890625,0,0.0
967,16,1,3,15.2587890625,0,0.0
968,16,1,135,15.2587890625,0,0.0
969,16,1,37,15.2587890625,0,0.0
970,16,1,20,15.2587890625,0,0.0
971,16,1,20,15.2587890625,0,0.0
972,16,1,169,15.2587890625,0,0.0
973,16,1,44,15.2587890625,0,0.0
974,16,1,41,15.2587890625,0,0.0
975,16,1,12,15.2587890625,0,0.0
976,16,1,4,15.2587890625,0,0.0
977,16,1,0,15.2587890625,0,0.0
978,16,1,3568,15.2587890625,0,0.0
979,16,1,30,15.2587890625,0,0.0
980,16,1,41,15.2587890625,0,0.0
981,16,1,874,15.2587890625,1,1.0
982,16,1,4666,15.2587890625,0,0.0
983,16,1,884,15.2587890625,0,0.0
984,16,1,4,15.2587890625,0,0.0
985,16,1,264,15.2587890625,0,0.0
986,16,1,1,15.2587890625,0,0.0
987,16,1,73,15.2587890625,0,0.0
988,16,1,1111,15.2587890625,0,0.0
989,16,1,429,15.2587890625,1,1.0
990,16,1,2565,15.2587890625,0,0.0
991,16,1,45,15.2587890625,0,0.0
992,16,1,43,15.2587890625,0,0.0
993,16,1,1,15.2587890625,0,0.0
994,16,1,83,15.2587890625,0,0.0
995,16,1,132,15.2587890625,0,0.0
996,16,1,1554,15.2587890625,0,0.0
997,16,1,7,15.2587890625,0,0.0
998,16,1,171,15.2587890625,0,0.0
999,16,1,571,15.2587890625,0,0.0
0,16,10,11,15.2587890625,0,0.0
1,16,10,8,15.2587890625,0,0.0
2,16,10,58,15.2587890625,0,0.0
3,16,10,2,15.2587890625,0,0.0
4,16,10,5809,15.2587890625,0,0.0
5,16,10,132,15.2587890625,0,0.0
6,16,10,57,15.2587890625,3,0.3
7,16,10,2,15.2587890625,0,0.0
8,16,10,470,15.2587890625,1,0.1
9,16,10,289,15.2587890625,0,0.0
10,16,10,35,15.2587890625,0,0.0
11,16,10,48,15.2587890625,0,0.0
12,16,10,414,15.2587890625,0,0.0
13,16,10,121,15.2587890625,0,0.0
14,16,10,17,15.2587890625,0,0.0
15,16,10,24,15.2587890625,0,0.0
16,16,10,55,15.2587890625,0,0.0
17,16,10,606,15.2587890625,0,0.0
18,16,10,988,15.2587890625,0,0.0
19,16,10,2,15.2587890625,0,0.0
20,16,10,2988,15.2587890625,0,0.0
21,16,10,1903,15.2587890625,0,0.0
22,16,10,4,15.2587890625,0,0.0
23,16,10,3,15.2587890625,0,0.0
24,16,10,52,15.2587890625,1,0.1
25,16,10,616,15.2587890625,0,0.0
26,16,10,1372,15.2587890625,2,0.2
27,16,10,804,15.2587890625,0,0.0
28,16,10,142,15.2587890625,0,0.0
29,16,10,2408,15.2587890625,0,0.0
30,16,10,47,15.2587890625,0,0.0
31,16,10,135,15.2587890625,0,0.0
32,16,10,393,15.2587890625,0,0.0
33,16,10,669,15.2587890625,0,0.0
34,16,10,521,15.2587890625,3,0.3
35,16,10,664,15.2587890625,0,0.0
36,16,10,152,15.2587890625,0,0.0
37,16,10,657,15.2587890625,0,0.0
38,16,10,2,15.2587890625,1,0.1
39,16,10,14,15.2587890625,3,0.3
40,16,10,205,15.2587890625,0,0.0
41,16,10,1144,15.2587890625,0,0.0
42,16,10,399,15.2587890625,0,0.0
43,16,10,2302,15.2587890625,2,0.2
44,16,10,11,15.2587890625,2,0.2
45,16,10,714,15.2587890625,0,0.0
46,16,10,39,15.2587890625,0,0.0
47,16,10,108,15.2587890625,2,0.2
48,16,10,134,15.2587890625,0,0.0
49,16,10,168,15.2587890625,0,0.0
50,16,10,69,15.2587890625,0,0.0
51,16,10,349,15.2587890625,1,0.1
52,16,10,13,15.2587890625,0,0.0
53,16,10,5026,15.2587890625,0,0.0
54,16,10,3626,15.2587890625,0,0.0
55,16,10,1,15.2587890625,0,0.0
56,16,10,830,15.2587890625,0,0.0
57,16,10,3,15.2587890625,0,0.0
58,16,10,101,15.2587890625,0,0.0
59,16,10,391,15.2587890625,0,0.0
60,16,10,8,15.2587890625,0,0.0
61,16,10,3089,15.2587890625,0,0.0
62,16,10,1090,15.2587890625,0,0.0
63,16,10,370,15.2587890625,0,0.0
64,16,10,855,15.2587890625,0,0.0
65,16,10,1188,15.2587890625,0,0.0
66,16,10,25,15.2587890625,0,0.0
67,16,10,42,15.2587890625,1,0.1
68,16,10,50,15.2587890625,0,0.0
69,16,10,34,15.2587890625,0,0.0
70,16,10,98,15.2587890625,0,0.0
71,16,10,143,15.2587890625,0,0.0
72,16,10,410,15.2587890625,0,0.0
73,16,10,841,15.2587890625,0,0.0
74,16,10,3089,15.2587890625,1,0.1
75,16,10,60,15.2587890625,0,0.0
76,16,10,3440,15.2587890625,0,0.0
77,16,10,1,15.2587890625,0,0.0
78,16,10,152,15.2587890625,0,0.0
79,16,10,295,15.2587890625,0,0.0
80,16,10,72,15.2587890625,0,0.0
81,16,10,54,15.2587890625,1,0.1
82,16,10,149,15.2587890625,0,0.0
83,16,10,85,15.2587890625,0,0.0
84,16,10,109,15.2587890625,0,0.0
85,16,10,192,15.2587890625,0,0.0
86,16,10,1146,15.2587890625,0,0.0
87,16,10,186,15.2587890625,0,0.0
88,16,10,0,15.2587890625,0,0.0
89,16,10,494,15.2587890625,3,0.3
90,16,10,4264,15.2587890625,0,0.0
91,16,10,104,15.2587890625,0,0.0
92,16,10,21,15.2587890625,0,0.0
93,16,10,6696,15.2587890625,0,0.0
94,16,10,56,15.2587890625,0,0.0
95,16,10,21,15.2587890625,0,0.0
96,16,10,24,15.2587890625,0,0.0
97,16,10,31,15.2587890625,0,0.0
98,16,10,33,15.2587890625,0,0.0
99,16,10,36,15.2587890625,1,0.1
100,16,10,119,15.2587890625,0,0.0
101,16,10,19,15.2587890625,0,0.0
102,16,10,28,15.2587890625,0,0.0
103,16,10,188,15.2587890625,2,0.2
104,16,10,162,15.2587890625,0,0.0
105,16,10,77,15.2587890625,0,0.0
106,16,10,2140,15.2587890625,1,0.1
107,16,10,26,15.2587890625,1,0.1
108,16,10,0,15.2587890625,0,0.0
109,16,10,110,15.2587890625,2,0.2
110,16,10,39,15.2587890625,0,0.0
111,16,10,386,15.2587890625,0,0.0
112,16,10,10,15.2587890625,0,0.0
113,16,10,425,15.2587890625,0,0.0
114,16,10,115,15.2587890625,1,0.1
115,16,10,37,15.2587890625,0,0.0
116,16,10,351,15.2587890625,0,0.0
117,16,10,54,15.2587890625,0,0.0
118,16,10,101,15.2587890625,0,0.0
119,16,10,8,15.2587890625,0,0.0
120,16,10,54,15.2587890625,0,0.0
121,16,10,613,15.2587890625,0,0.0
122,16,10,108,15.2587890625,0,0.0
123,16,10,64,15.2587890625,0,0.0
124,16,10,630,15.2587890625,0,0.0
125,16,10,274,15.2587890625,0,0.0
126,16,10,2,15.2587890625,0,0.0
127,16,10,94,15.2587890625,0,0.0
128,16,10,2,15.2587890625,0,0.0
129,16,10,185,15.2587890625,0,0.0
130,16,10,575,15.2587890625,0,0.0
131,16,10,75,15.2587890625,0,0.0
132,16,10,199,15.2587890625,0,0.0
133,16,10,13,15.2587890625,0,0.0
134,16,10,13,15.2587890625,0,0.0
135,16,10,56,15.2587890625,0,0.0
136,16,10,646,15.2587890625,2,0.2
137,16,10,3,15.2587890625,0,0.0
138,16,10,142,15.2587890625,0,0.0
139,16,10,100,15.2587890625,0,0.0
140,16,10,192,15.2587890625,0,0.0
141,16,10,48,15.2587890625,0,0.0
142,16,10,109,15.2587890625,0,0.0
143,16,10,2338,15.2587890625,0,0.0
144,16,10,1132,15.2587890625,0,0.0
145,16,10,1,15.2587890625,0,0.0
146,16,10,1673,15.2587890625,1,0.1
147,16,10,114,15.2587890625,0,0.0
148,16,10,2571,15.2587890625,0,0.0
149,16,10,192,15.2587890625,0,0.0
150,16,10,292,15.2587890625,1,0.1
151,16,10,39,15.2587890625,0,0.0
152,16,10,12,15.2587890625,0,0.0
153,16,10,14,15.2587890625,0,0.0
154,16,10,233,15.2587890625,0,0.0
155,16,10,101,15.2587890625,1,0.1
156,16,10,42,15.2587890625,0,0.0
157,16,10,302,15.2587890625,0,0.0
158,16,10,182,15.2587890625,1,0.1
159,16,10,40,15.2587890625,0,0.0
160,16,10,0,15.2587890625,0,0.0
161,16,10,268,15.2587890625,0,0.0
162,16,10,1056,15.2587890625,0,0.0
163,16,10,75,15.2587890625,0,0.0
164,16,10,36,15.2587890625,0,0.0
165,16,10,2571,15.2587890625,2,0.2
166,16,10,79,15.2587890625,0,0.0
167,16,10,27,15.2587890625,0,0.0
168,16,10,94,15.2587890625,0,0.0
169,16,10,4,15.2587890625,0,0.0
170,16,10,212,15.2587890625,0,0.0
171,16,10,109,15.2587890625,0,0.0
172,16,10,1748,15.2587890625,1,0.1
173,16,10,26,15.2587890625,0,0.0
174,16,10,133,15.2587890625,0,0.0
175,16,10,53,15.2587890625,0,0.0
176,16,10,196,15.2587890625,0,0.0
177,16,10,3718,15.2587890625,0,0.0
178,16,10,2338,15.2587890625,2,0.2
179,16,10,7,15.2587890625,0,0.0
180,16,10,9,15.2587890625,0,0.0
181,16,10,2,15.2587890625,0,0.0
182,16,10,101,15.2587890625,0,0.0
183,16,10,22,15.2587890625,0,0.0
184,16,10,714,15.2587890625,2,0.2
185,16,10,79,15.2587890625,1,0.1
186,16,10,261,15.2587890625,0,0.0
187,16,10,0,15.2587890625,0,0.0
188,16,10,28,15.2587890625,0,0.0
189,16,10,566,15.2587890625,1,0.1
190,16,10,18,15.2587890625,0,0.0
191,16,10,83,15.2587890625,0,0.0
192,16,10,1118,15.2587890625,0,0.0
193,16,10,1129,15.2587890625,1,0.1
194,16,10,367,15.2587890625,0,0.0
195,16,10,385,15.2587890625,0,0.0
196,16,10,707,15.2587890625,0,0.0
197,16,10,313,15.2587890625,0,0.0
198,16,10,1931,15.2587890625,1,0.1
199,16,10,349,15.2587890625,0,0.0
200,16,10,3,15.2587890625,0,0.0
201,16,10,67,15.2587890625,0,0.0
202,16,10,611,15.2587890625,0,0.0
203,16,10,292,15.2587890625,0,0.0
204,16,10,344,15.2587890625,0,0.0
205,16,10,42,15.2587890625,0,0.0
206,16,10,197,15.2587890625,0,0.0
207,16,10,344,15.2587890625,0,0.0
208,16,10,128,15.2587890625,1,0.1
209,16,10,661,15.2587890625,0,0.0
210,16,10,3,15.2587890625,0,0.0
211,16,10,287,15.2587890625,0,0.0
212,16,10,344,15.2587890625,0,0.0
213,16,10,58,15.2587890625,0,0.0
214,16,10,376,15.2587890625,0,0.0
215,16,10,9,15.2587890625,0,0.0
216,16,10,4,15.2587890625,0,0.0
217,16,10,919,15.2587890625,0,0.0
218,16,10,120,15.2587890625,0,0.0
219,16,10,1544,15.2587890625,5,0.5
220,16,10,3718,15.2587890625,2,0.2
221,16,10,1187,15.2587890625,0,0.0
222,16,10,874,15.2587890625,0,0.0
223,16,10,53,15.2587890625,0,0.0
224,16,10,314,15.2587890625,0,0.0
225,16,10,234,15.2587890625,0,0.0
226,16,10,34,15.2587890625,0,0.0
227,16,10,176,15.2587890625,0,0.0
228,16,10,837,15.2587890625,0,0.0
229,16,10,69,15.2587890625,0,0.0
230,16,10,5,15.2587890625,0,0.0
231,16,10,0,15.2587890625,0,0.0
232,16,10,4,15.2587890625,0,0.0
233,16,10,2,15.2587890625,0,0.0
234,16,10,101,15.2587890625,0,0.0
235,16,10,1960,15.2587890625,0,0.0
236,16,10,663,15.2587890625,1,0.1
237,16,10,10,15.2587890625,0,0.0
238,16,10,117,15.2587890625,1,0.1
239,16,10,0,15.2587890625,0,0.0
240,16,10,57,15.2587890625,0,0.0
241,16,10,1176,15.2587890625,1,0.1
242,16,10,86,15.2587890625,0,0.0
243,16,10,370,15.2587890625,0,0.0
244,16,10,121,15.2587890625,0,0.0
245,16,10,397,15.2587890625,0,0.0
246,16,10,86,15.2587890625,0,0.0
247,16,10,229,15.2587890625,3,0.3
248,16,10,2,15.2587890625,0,0.0
249,16,10,113,15.2587890625,0,0.0
250,16,10,103,15.2587890625,0,0.0
251,16,10,804,15.2587890625,0,0.0
252,16,10,3718,15.2587890625,0,0.0
253,16,10,29,15.2587890625,0,0.0
254,16,10,27,15.2587890625,0,0.0
255,16,10,46,15.2587890625,0,0.0
256,16,10,15,15.2587890625,0,0.0
257,16,10,944,15.2587890625,3,0.3
258,16,10,18,15.2587890625,0,0.0
259,16,10,677,15.2587890625,0,0.0
260,16,10,53,15.2587890625,0,0.0
261,16,10,39,15.2587890625,2,0.2
262,16,10,6,15.2587890625,0,0.0
263,16,10,0,15.2587890625,0,0.0
264,16,10,387,15.2587890625,0,0.0
265,16,10,14,15.2587890625,0,0.0
266,16,10,44,15.2587890625,0,0.0
267,16,10,216,15.2587890625,0,0.0
268,16,10,433,15.2587890625,0,0.0
269,16,10,142,15.2587890625,0,0.0
270,16,10,142,15.2587890625,0,0.0
271,16,10,77,15.2587890625,0,0.0
272,16,10,6,15.2587890625,0,0.0
273,16,10,34,15.2587890625,0,0.0
274,16,10,10,15.2587890625,0,0.0
275,16,10,885,15.2587890625,1,0.1
276,16,10,148,15.2587890625,0,0.0
277,16,10,445,15.2587890625,0,0.0
278,16,10,18,15.2587890625,1,0.1
279,16,10,103,15.2587890625,0,0.0
280,16,10,104,15.2587890625,1,0.1
281,16,10,20,15.2587890625,0,0.0
282,16,10,657,15.2587890625,1,0.1
283,16,10,23,15.2587890625,0,0.0
284,16,10,325,15.2587890625,0,0.0
285,16,10,95,15.2587890625,0,0.0
286,16,10,45,15.2587890625,0,0.0
287,16,10,713,15.2587890625,1,0.1
288,16,10,2715,15.2587890625,2,0.2
289,16,10,299,15.2587890625,0,0.0
290,16,10,367,15.2587890625,1,0.1
291,16,10,9,15.2587890625,0,0.0
292,16,10,156,15.2587890625,0,0.0
293,16,10,0,15.2587890625,0,0.0
294,16,10,280,15.2587890625,1,0.1
295,16,10,49,15.2587890625,0,0.0
296,16,10,22,15.2587890625,0,0.0
297,16,10,83,15.2587890625,0,0.0
298,16,10,98,15.2587890625,0,0.0
299,16,10,28,15.2587890625,3,0.3
300,16,10,19,15.2587890625,0,0.0
301,16,10,132,15.2587890625,0,0.0
302,16,10,41,15.2587890625,0,0.0
303,16,10,0,15.2587890625,0,0.0
304,16,10,159,15.2587890625,0,0.0
305,16,10,467,15.2587890625,0,0.0
306,16,10,57,15.2587890625,0,0.0
307,16,10,36,15.2587890625,0,0.0
308,16,10,153,15.2587890625,0,0.0
309,16,10,4666,15.2587890625,1,0.1
310,16,10,661,15.2587890625,3,0.3
311,16,10,14,15.2587890625,0,0.0
312,16,10,1605,15.2587890625,1,0.1
313,16,10,70,15.2587890625,0,0.0
314,16,10,46,15.2587890625,0,0.0
315,16,10,54,15.2587890625,1,0.1
316,16,10,40,15.2587890625,0,0.0
317,16,10,91,15.2587890625,0,0.0
318,16,10,837,15.2587890625,2,0.2
319,16,10,2,15.2587890625,0,0.0
320,16,10,46,15.2587890625,0,0.0
321,16,10,13,15.2587890625,0,0.0
322,16,10,76,15.2587890625,0,0.0
323,16,10,301,15.2587890625,0,0.0
324,16,10,25,15.2587890625,0,0.0
325,16,10,459,15.2587890625,1,0.1
326,16,10,107,15.2587890625,0,0.0
327,16,10,214,15.2587890625,0,0.0
328,16,10,142,15.2587890625,0,0.0
329,16,10,10,15.2587890625,0,0.0
330,16,10,6696,15.2587890625,3,0.3
331,16,10,2,15.2587890625,0,0.0
332,16,10,284,15.2587890625,0,0.0
333,16,10,528,15.2587890625,1,0.1
334,16,10,176,15.2587890625,0,0.0
335,16,10,18,15.2587890625,0,0.0
336,16,10,68,15.2587890625,0,0.0
337,16,10,63,15.2587890625,0,0.0
338,16,10,5,15.2587890625,0,0.0
339,16,10,128,15.2587890625,0,0.0
340,16,10,286,15.2587890625,0,0.0
341,16,10,105,15.2587890625,0,0.0
342,16,10,677,15.2587890625,3,0.3
343,16,10,1195,15.2587890625,0,0.0
344,16,10,1755,15.2587890625,0,0.0
345,16,10,904,15.2587890625,0,0.0
346,16,10,1323,15.2587890625,0,0.0
347,16,10,56,15.2587890625,1,0.1
348,16,10,296,15.2587890625,0,0.0
349,16,10,3718,15.2587890625,1,0.1
350,16,10,30,15.2587890625,0,0.0
351,16,10,1,15.2587890625,0,0.0
352,16,10,1,15.2587890625,1,0.1
353,16,10,823,15.2587890625,2,0.2
354,16,10,2338,15.2587890625,0,0.0
355,16,10,102,15.2587890625,0,0.0
356,16,10,1945,15.2587890625,6,0.6
357,16,10,19,15.2587890625,0,0.0
358,16,10,0,15.2587890625,0,0.0
359,16,10,1129,15.2587890625,2,0.2
360,16,10,86,15.2587890625,0,0.0
361,16,10,24,15.2587890625,0,0.0
362,16,10,8,15.2587890625,0,0.0
363,16,10,3626,15.2587890625,0,0.0
364,16,10,38,15.2587890625,0,0.0
365,16,10,42,15.2587890625,0,0.0
366,16,10,268,15.2587890625,0,0.0
367,16,10,1949,15.2587890625,0,0.0
368,16,10,116,15.2587890625,0,0.0
369,16,10,5,15.2587890625,0,0.0
370,16,10,11,15.2587890625,0,0.0
371,16,10,29,15.2587890625,0,0.0
372,16,10,47,15.2587890625,0,0.0
373,16,10,64,15.2587890625,0,0.0
374,16,10,167,15.2587890625,1,0.1
375,16,10,18,15.2587890625,0,0.0
376,16,10,285,15.2587890625,0,0.0
377,16,10,13,15.2587890625,1,0.1
378,16,10,708,15.2587890625,0,0.0
379,16,10,257,15.2587890625,0,0.0
380,16,10,1,15.2587890625,0,0.0
381,16,10,49,15.2587890625,0,0.0
382,16,10,50,15.2587890625,0,0.0
383,16,10,2170,15.2587890625,0,0.0
384,16,10,251,15.2587890625,0,0.0
385,16,10,133,15.2587890625,0,0.0
386,16,10,1931,15.2587890625,0,0.0
387,16,10,15,15.2587890625,0,0.0
388,16,10,3,15.2587890625,0,0.0
389,16,10,1072,15.2587890625,1,0.1
390,16,10,1048,15.2587890625,0,0.0
391,16,10,441,15.2587890625,0,0.0
392,16,10,43,15.2587890625,0,0.0
393,16,10,439,15.2587890625,0,0.0
394,16,10,84,15.2587890625,1,0.1
395,16,10,1195,15.2587890625,0,0.0
396,16,10,36,15.2587890625,0,0.0
397,16,10,430,15.2587890625,0,0.0
398,16,10,557,15.2587890625,1,0.1
399,16,10,63,15.2587890625,2,0.2
400,16,10,0,15.2587890625,0,0.0
401,16,10,8,15.2587890625,0,0.0
402,16,10,305,15.2587890625,0,0.0
403,16,10,212,15.2587890625,0,0.0
404,16,10,158,15.2587890625,0,0.0
405,16,10,972,15.2587890625,0,0.0
406,16,10,41,15.2587890625,0,0.0
407,16,10,1748,15.2587890625,1,0.1
408,16,10,3718,15.2587890625,0,0.0
409,16,10,2408,15.2587890625,1,0.1
410,16,10,357,15.2587890625,0,0.0
411,16,10,3,15.2587890625,0,0.0
412,16,10,5,15.2587890625,0,0.0
413,16,10,321,15.2587890625,1,0.1
414,16,10,44,15.2587890625,1,0.1
415,16,10,250,15.2587890625,0,0.0
416,16,10,0,15.2587890625,0,0.0
417,16,10,30,15.2587890625,0,0.0
418,16,10,20,15.2587890625,0,0.0
419,16,10,1134,15.2587890625,1,0.1
420,16,10,29,15.2587890625,0,0.0
421,16,10,15,15.2587890625,0,0.0
422,16,10,573,15.2587890625,0,0.0
423,16,10,428,15.2587890625,2,0.2
424,16,10,21,15.2587890625,0,0.0
425,16,10,24,15.2587890625,0,0.0
426,16,10,102,15.2587890625,1,0.1
427,16,10,308,15.2587890625,0,0.0
428,16,10,65,15.2587890625,0,0.0
429,16,10,95,15.2587890625,0,0.0
430,16,10,1111,15.2587890625,1,0.1
431,16,10,376,15.2587890625,0,0.0
432,16,10,317,15.2587890625,0,0.0
433,16,10,34,15.2587890625,0,0.0
434,16,10,4666,15.2587890625,1,0.1
435,16,10,632,15.2587890625,0,0.0
436,16,10,73,15.2587890625,0,0.0
437,16,10,7,15.2587890625,0,0.0
438,16,10,80,15.2587890625,0,0.0
439,16,10,314,15.2587890625,0,0.0
440,16,10,24,15.2587890625,0,0.0
441,16,10,207,15.2587890625,0,0.0
442,16,10,46,15.2587890625,0,0.0
443,16,10,4,15.2587890625,0,0.0
444,16,10,717,15.2587890625,1,0.1
445,16,10,928,15.2587890625,0,0.0
446,16,10,11,15.2587890625,0,0.0
447,16,10,50,15.2587890625,1,0.1
448,16,10,29,15.2587890625,0,0.0
449,16,10,27,15.2587890625,0,0.0
450,16,10,25,15.2587890625,0,0.0
451,16,10,1318,15.2587890625,3,0.3
452,16,10,73,15.2587890625,0,0.0
453,16,10,0,15.2587890625,0,0.0
454,16,10,28,15.2587890625,0,0.0
455,16,10,0,15.2587890625,0,0.0
456,16,10,77,15.2587890625,0,0.0
457,16,10,520,15.2587890625,0,0.0
458,16,10,63,15.2587890625,0,0.0
459,16,10,1307,15.2587890625,0,0.0
460,16,10,5,15.2587890625,0,0.0
461,16,10,37,15.2587890625,0,0.0
462,16,10,43,15.2587890625,0,0.0
463,16,10,474,15.2587890625,0,0.0
464,16,10,153,15.2587890625,0,0.0
465,16,10,108,15.2587890625,0,0.0
466,16,10,194,15.2587890625,0,0.0
467,16,10,18,15.2587890625,0,0.0
468,16,10,212,15.2587890625,0,0.0
469,16,10,69,15.2587890625,0,0.0
470,16,10,21,15.2587890625,0,0.0
471,16,10,393,15.2587890625,0,0.0
472,16,10,220,15.2587890625,0,0.0
473,16,10,14,15.2587890625,0,0.0
474,16,10,2420,15.2587890625,0,0.0
475,16,10,27,15.2587890625,1,0.1
476,16,10,8,15.2587890625,0,0.0
477,16,10,52,15.2587890625,2,0.2
478,16,10,56,15.2587890625,0,0.0
479,16,10,545,15.2587890625,0,0.0
480,16,10,211,15.2587890625,0,0.0
481,16,10,32,15.2587890625,0,0.0
482,16,10,4,15.2587890625,0,0.0
483,16,10,0,15.2587890625,0,0.0
484,16,10,0,15.2587890625,0,0.0
485,16,10,98,15.2587890625,0,0.0
486,16,10,138,15.2587890625,0,0.0
487,16,10,5809,15.2587890625,4,0.4
488,16,10,1742,15.2587890625,0,0.0
489,16,10,303,15.2587890625,0,0.0
490,16,10,483,15.2587890625,0,0.0
491,16,10,2571,15.2587890625,1,0.1
492,16,10,10,15.2587890625,0,0.0
493,16,10,275,15.2587890625,0,0.0
494,16,10,74,15.2587890625,0,0.0
495,16,10,108,15.2587890625,0,0.0
496,16,10,2120,15.2587890625,0,0.0
497,16,10,7,15.2587890625,0,0.0
498,16,10,405,15.2587890625,1,0.1
499,16,10,1955,15.2587890625,4,0.4
500,16,10,21,15.2587890625,0,0.0
501,16,10,21,15.2587890625,0,0.0
502,16,10,185,15.2587890625,1,0.1
503,16,10,2715,15.2587890625,0,0.0
504,16,10,1,15.2587890625,0,0.0
505,16,10,13,15.2587890625,0,0.0
506,16,10,23,15.2587890625,0,0.0
507,16,10,833,15.2587890625,0,0.0
508,16,10,176,15.2587890625,0,0.0
509,16,10,126,15.2587890625,0,0.0
510,16,10,1878,15.2587890625,6,0.6
511,16,10,65,15.2587890625,0,0.0
512,16,10,13,15.2587890625,0,0.0
513,16,10,24,15.2587890625,0,0.0
514,16,10,6,15.2587890625,0,0.0
515,16,10,9,15.2587890625,0,0.0
516,16,10,0,15.2587890625,0,0.0
517,16,10,26,15.2587890625,0,0.0
518,16,10,942,15.2587890625,2,0.2
519,16,10,7,15.2587890625,0,0.0
520,16,10,49,15.2587890625,0,0.0
521,16,10,2386,15.2587890625,1,0.1
522,16,10,30,15.2587890625,0,0.0
523,16,10,179,15.2587890625,0,0.0
524,16,10,485,15.2587890625,1,0.1
525,16,10,1435,15.2587890625,3,0.3
526,16,10,17,15.2587890625,0,0.0
527,16,10,0,15.2587890625,0,0.0
528,16,10,42,15.2587890625,0,0.0
529,16,10,16,15.2587890625,0,0.0
530,16,10,7,15.2587890625,0,0.0
531,16,10,783,15.2587890625,0,0.0
532,16,10,2988,15.2587890625,2,0.2
533,16,10,2,15.2587890625,0,0.0
534,16,10,30,15.2587890625,0,0.0
535,16,10,156,15.2587890625,0,0.0
536,16,10,0,15.2587890625,0,0.0
537,16,10,5026,15.2587890625,1,0.1
538,16,10,265,15.2587890625,0,0.0
539,16,10,37,15.2587890625,1,0.1
540,16,10,4,15.2587890625,0,0.0
541,16,10,28,15.2587890625,0,0.0
542,16,10,629,15.2587890625,0,0.0
543,16,10,254,15.2587890625,0,0.0
544,16,10,96,15.2587890625,1,0.1
545,16,10,1233,15.2587890625,0,0.0
546,16,10,121,15.2587890625,0,0.0
547,16,10,210,15.2587890625,0,0.0
548,16,10,29,15.2587890625,0,0.0
549,16,10,0,15.2587890625,0,0.0
550,16,10,52,15.2587890625,0,0.0
551,16,10,39,15.2587890625,0,0.0
552,16,10,168,15.2587890625,0,0.0
553,16,10,89,15.2587890625,0,0.0
554,16,10,62,15.2587890625,0,0.0
555,16,10,17,15.2587890625,0,0.0
556,16,10,972,15.2587890625,1,0.1
557,16,10,347,15.2587890625,0,0.0
558,16,10,36,15.2587890625,1,0.1
559,16,10,84,15.2587890625,0,0.0
560,16,10,127,15.2587890625,0,0.0
561,16,10,54,15.2587890625,1,0.1
562,16,10,677,15.2587890625,0,0.0
563,16,10,108,15.2587890625,0,0.0
564,16,10,1,15.2587890625,0,0.0
565,16,10,14,15.2587890625,0,0.0
566,16,10,31,15.2587890625,0,0.0
567,16,10,27,15.2587890625,0,0.0
568,16,10,1955,15.2587890625,0,0.0
569,16,10,141,15.2587890625,0,0.0
570,16,10,1810,15.2587890625,0,0.0
571,16,10,925,15.2587890625,0,0.0
572,16,10,64,15.2587890625,0,0.0
573,16,10,0,15.2587890625,0,0.0
574,16,10,624,15.2587890625,0,0.0
575,16,10,47,15.2587890625,0,0.0
576,16,10,158,15.2587890625,0,0.0
577,16,10,256,15.2587890625,0,0.0
578,16,10,80,15.2587890625,0,0.0
579,16,10,33,15.2587890625,0,0.0
580,16,10,54,15.2587890625,0,0.0
581,16,10,1,15.2587890625,0,0.0
582,16,10,4666,15.2587890625,0,0.0
583,16,10,268,15.2587890625,0,0.0
584,16,10,3,15.2587890625,0,0.0
585,16,10,75,15.2587890625,1,0.1
586,16,10,138,15.2587890625,0,0.0
587,16,10,133,15.2587890625,2,0.2
588,16,10,136,15.2587890625,0,0.0
589,16,10,123,15.2587890625,0,0.0
590,16,10,96,15.2587890625,0,0.0
591,16,10,1383,15.2587890625,0,0.0
592,16,10,31,15.2587890625,0,0.0
593,16,10,1144,15.2587890625,7,0.7
594,16,10,102,15.2587890625,0,0.0
595,16,10,515,15.2587890625,2,0.2
596,16,10,884,15.2587890625,1,0.1
597,16,10,30,15.2587890625,0,0.0
598,16,10,908,15.2587890625,0,0.0
599,16,10,134,15.2587890625,0,0.0
600,16,10,30,15.2587890625,0,0.0
601,16,10,82,15.2587890625,0,0.0
602,16,10,176,15.2587890625,0,0.0
603,16,10,2306,15.2587890625,0,0.0
604,16,10,105,15.2587890625,0,0.0
605,16,10,135,15.2587890625,0,0.0
606,16,10,74,15.2587890625,0,0.0
607,16,10,5,15.2587890625,0,0.0
608,16,10,224,15.2587890625,0,0.0
609,16,10,48,15.2587890625,0,0.0
610,16,10,0,15.2587890625,0,0.0
611,16,10,1171,15.2587890625,3,0.3
612,16,10,90,15.2587890625,0,0.0
613,16,10,8,15.2587890625,0,0.0
614,16,10,627,15.2587890625,0,0.0
615,16,10,69,15.2587890625,0,0.0
616,16,10,1544,15.2587890625,0,0.0
617,16,10,31,15.2587890625,0,0.0
618,16,10,2,15.2587890625,0,0.0
619,16,10,166,15.2587890625,0,0.0
620,16,10,285,15.2587890625,0,0.0
621,16,10,10,15.2587890625,0,0.0
622,16,10,43,15.2587890625,0,0.0
623,16,10,28,15.2587890625,0,0.0
624,16,10,21,15.2587890625,0,0.0
625,16,10,280,15.2587890625,0,0.0
626,16,10,1,15.2587890625,0,0.0
627,16,10,1230,15.2587890625,0,0.0
628,16,10,2031,15.2587890625,0,0.0
629,16,10,93,15.2587890625,0,0.0
630,16,10,1838,15.2587890625,1,0.1
631,16,10,90,15.2587890625,0,0.0
632,16,10,113,15.2587890625,0,0.0
633,16,10,1153,15.2587890625,3,0.3
634,16,10,28,15.2587890625,0,0.0
635,16,10,19,15.2587890625,1,0.1
636,16,10,410,15.2587890625,0,0.0
637,16,10,126,15.2587890625,0,0.0
638,16,10,51,15.2587890625,0,0.0
639,16,10,1,15.2587890625,0,0.0
640,16,10,928,15.2587890625,0,0.0
641,16,10,405,15.2587890625,0,0.0
642,16,10,191,15.2587890625,0,0.0
643,16,10,363,15.2587890625,0,0.0
644,16,10,1309,15.2587890625,0,0.0
645,16,10,24,15.2587890625,0,0.0
646,16,10,922,15.2587890625,1,0.1
647,16,10,1618,15.2587890625,0,0.0
648,16,10,533,15.2587890625,0,0.0
649,16,10,78,15.2587890625,0,0.0
650,16,10,42,15.2587890625,0,0.0
651,16,10,251,15.2587890625,1,0.1
652,16,10,188,15.2587890625,0,0.0
653,16,10,41,15.2587890625,0,0.0
654,16,10,85,15.2587890625,0,0.0
655,16,10,29,15.2587890625,0,0.0
656,16,10,126,15.2587890625,0,0.0
657,16,10,54,15.2587890625,0,0.0
658,16,10,48,15.2587890625,0,0.0
659,16,10,53,15.2587890625,0,0.0
660,16,10,131,15.2587890625,0,0.0
661,16,10,1340,15.2587890625,3,0.3
662,16,10,717,15.2587890625,0,0.0
663,16,10,16,15.2587890625,0,0.0
664,16,10,1520,15.2587890625,2,0.2
665,16,10,981,15.2587890625,1,0.1
666,16,10,16,15.2587890625,0,0.0
667,16,10,928,15.2587890625,1,0.1
668,16,10,3718,15.2587890625,0,0.0
669,16,10,45,15.2587890625,0,0.0
670,16,10,33,15.2587890625,0,0.0
671,16,10,160,15.2587890625,0,0.0
672,16,10,450,15.2587890625,0,0.0
673,16,10,1878,15.2587890625,1,0.1
674,16,10,13,15.2587890625,0,0.0
675,16,10,853,15.2587890625,0,0.0
676,16,10,1,15.2587890625,0,0.0
677,16,10,132,15.2587890625,0,0.0
678,16,10,62,15.2587890625,0,0.0
679,16,10,879,15.2587890625,0,0.0
680,16,10,305,15.2587890625,0,0.0
681,16,10,1755,15.2587890625,0,0.0
682,16,10,189,15.2587890625,0,0.0
683,16,10,1529,15.2587890625,0,0.0
684,16,10,56,15.2587890625,0,0.0
685,16,10,2420,15.2587890625,0,0.0
686,16,10,477,15.2587890625,0,0.0
687,16,10,123,15.2587890625,0,0.0
688,16,10,19,15.2587890625,0,0.0
689,16,10,415,15.2587890625,1,0.1
690,16,10,731,15.2587890625,0,0.0
691,16,10,52,15.2587890625,0,0.0
692,16,10,5809,15.2587890625,3,0.3
693,16,10,6696,15.2587890625,0,0.0
694,16,10,8,15.2587890625,0,0.0
695,16,10,1,15.2587890625,0,0.0
696,16,10,178,15.2587890625,0,0.0
697,16,10,1470,15.2587890625,1,0.1
698,16,10,554,15.2587890625,0,0.0
699,16,10,18,15.2587890625,0,0.0
700,16,10,61,15.2587890625,0,0.0
701,16,10,85,15.2587890625,0,0.0
702,16,10,1927,15.2587890625,3,0.3
703,16,10,139,15.2587890625,0,0.0
704,16,10,592,15.2587890625,0,0.0
705,16,10,1447,15.2587890625,1,0.1
706,16,10,1,15.2587890625,0,0.0
707,16,10,1281,15.2587890625,0,0.0
708,16,10,3718,15.2587890625,0,0.0
709,16,10,52,15.2587890625,0,0.0
710,16,10,101,15.2587890625,0,0.0
711,16,10,90,15.2587890625,0,0.0
712,16,10,103,15.2587890625,1,0.1
713,16,10,84,15.2587890625,0,0.0
714,16,10,16,15.2587890625,0,0.0
715,16,10,1748,15.2587890625,0,0.0
716,16,10,150,15.2587890625,0,0.0
717,16,10,69,15.2587890625,0,0.0
718,16,10,132,15.2587890625,1,0.1
719,16,10,90,15.2587890625,1,0.1
720,16,10,56,15.2587890625,3,0.3
721,16,10,0,15.2587890625,0,0.0
722,16,10,254,15.2587890625,0,0.0
723,16,10,1134,15.2587890625,0,0.0
724,16,10,40,15.2587890625,0,0.0
725,16,10,88,15.2587890625,0,0.0
726,16,10,2565,15.2587890625,0,0.0
727,16,10,17,15.2587890625,0,0.0
728,16,10,183,15.2587890625,0,0.0
729,16,10,1838,15.2587890625,0,0.0
730,16,10,19,15.2587890625,0,0.0
731,16,10,152,15.2587890625,0,0.0
732,16,10,244,15.2587890625,0,0.0
733,16,10,631,15.2587890625,3,0.3
734,16,10,85,15.2587890625,0,0.0
735,16,10,20,15.2587890625,0,0.0
736,16,10,156,15.2587890625,0,0.0
737,16,10,367,15.2587890625,0,0.0
738,16,10,52,15.2587890625,1,0.1
739,16,10,549,15.2587890625,0,0.0
740,16,10,811,15.2587890625,0,0.0
741,16,10,40,15.2587890625,0,0.0
742,16,10,2816,15.2587890625,1,0.1
743,16,10,184,15.2587890625,0,0.0
744,16,10,1222,15.2587890625,0,0.0
745,16,10,131,15.2587890625,0,0.0
746,16,10,671,15.2587890625,2,0.2
747,16,10,398,15.2587890625,0,0.0
748,16,10,158,15.2587890625,0,0.0
749,16,10,26,15.2587890625,0,0.0
750,16,10,143,15.2587890625,0,0.0
751,16,10,14,15.2587890625,0,0.0
752,16,10,130,15.2587890625,0,0.0
753,16,10,20,15.2587890625,1,0.1
754,16,10,95,15.2587890625,0,0.0
755,16,10,19,15.2587890625,0,0.0
756,16,10,349,15.2587890625,0,0.0
757,16,10,40,15.2587890625,0,0.0
758,16,10,139,15.2587890625,0,0.0
759,16,10,1960,15.2587890625,0,0.0
760,16,10,31,15.2587890625,0,0.0
761,16,10,60,15.2587890625,0,0.0
762,16,10,1588,15.2587890625,1,0.1
763,16,10,367,15.2587890625,0,0.0
764,16,10,37,15.2587890625,0,0.0
765,16,10,4178,15.2587890625,0,0.0
766,16,10,25,15.2587890625,0,0.0
767,16,10,124,15.2587890625,0,0.0
768,16,10,0,15.2587890625,0,0.0
769,16,10,611,15.2587890625,0,0.0
770,16,10,647,15.2587890625,0,0.0
771,16,10,132,15.2587890625,0,0.0
772,16,10,11,15.2587890625,0,0.0
773,16,10,236,15.2587890625,0,0.0
774,16,10,84,15.2587890625,0,0.0
775,16,10,2,15.2587890625,1,0.1
776,16,10,4,15.2587890625,0,0.0
777,16,10,20,15.2587890625,0,0.0
778,16,10,13,15.2587890625,1,0.1
779,16,10,962,15.2587890625,0,0.0
780,16,10,15,15.2587890625,0,0.0
781,16,10,138,15.2587890625,1,0.1
782,16,10,11,15.2587890625,0,0.0
783,16,10,0,15.2587890625,0,0.0
784,16,10,325,15.2587890625,1,0.1
785,16,10,308,15.2587890625,0,0.0
786,16,10,554,15.2587890625,0,0.0
787,16,10,61,15.2587890625,0,0.0
788,16,10,19,15.2587890625,0,0.0
789,16,10,132,15.2587890625,1,0.1
790,16,10,251,15.2587890625,0,0.0
791,16,10,28,15.2587890625,0,0.0
792,16,10,626,15.2587890625,0,0.0
793,16,10,664,15.2587890625,0,0.0
794,16,10,20,15.2587890625,0,0.0
795,16,10,43,15.2587890625,0,0.0
796,16,10,1,15.2587890625,0,0.0
797,16,10,16,15.2587890625,0,0.0
798,16,10,139,15.2587890625,0,0.0
799,16,10,32,15.2587890625,0,0.0
800,16,10,23,15.2587890625,0,0.0
801,16,10,1807,15.2587890625,0,0.0
802,16,10,374,15.2587890625,0,0.0
803,16,10,90,15.2587890625,1,0.1
804,16,10,1618,15.2587890625,0,0.0
805,16,10,301,15.2587890625,0,0.0
806,16,10,3440,15.2587890625,4,0.4
807,16,10,16,15.2587890625,0,0.0
808,16,10,66,15.2587890625,0,0.0
809,16,10,542,15.2587890625,1,0.1
810,16,10,38,15.2587890625,0,0.0
811,16,10,192,15.2587890625,2,0.2
812,16,10,425,15.2587890625,2,0.2
813,16,10,1118,15.2587890625,1,0.1
814,16,10,286,15.2587890625,0,0.0
815,16,10,236,15.2587890625,0,0.0
816,16,10,235,15.2587890625,0,0.0
817,16,10,201,15.2587890625,0,0.0
818,16,10,192,15.2587890625,0,0.0
819,16,10,669,15.2587890625,0,0.0
820,16,10,30,15.2587890625,0,0.0
821,16,10,51,15.2587890625,0,0.0
822,16,10,2302,15.2587890625,1,0.1
823,16,10,11,15.2587890625,0,0.0
824,16,10,14,15.2587890625,0,0.0
825,16,10,113,15.2587890625,0,0.0
826,16,10,169,15.2587890625,0,0.0
827,16,10,3649,15.2587890625,0,0.0
828,16,10,157,15.2587890625,3,0.3
829,16,10,1,15.2587890625,0,0.0
830,16,10,1932,15.2587890625,0,0.0
831,16,10,97,15.2587890625,0,0.0
832,16,10,1,15.2587890625,0,0.0
833,16,10,465,15.2587890625,0,0.0
834,16,10,318,15.2587890625,0,0.0
835,16,10,49,15.2587890625,0,0.0
836,16,10,48,15.2587890625,0,0.0
837,16,10,314,15.2587890625,0,0.0
838,16,10,3568,15.2587890625,3,0.3
839,16,10,3649,15.2587890625,3,0.3
840,16,10,539,15.2587890625,2,0.2
841,16,10,48,15.2587890625,0,0.0
842,16,10,246,15.2587890625,1,0.1
843,16,10,160,15.2587890625,0,0.0
844,16,10,1340,15.2587890625,2,0.2
845,16,10,5,15.2587890625,0,0.0
846,16,10,320,15.2587890625,0,0.0
847,16,10,1571,15.2587890625,3,0.3
848,16,10,333,15.2587890625,0,0.0
849,16,10,1,15.2587890625,0,0.0
850,16,10,1,15.2587890625,0,0.0
851,16,10,494,15.2587890625,3,0.3
852,16,10,7,15.2587890625,0,0.0
853,16,10,6,15.2587890625,0,0.0
854,16,10,2573,15.2587890625,0,0.0
855,16,10,132,15.2587890625,0,0.0
856,16,10,291,15.2587890625,0,0.0
857,16,10,1009,15.2587890625,0,0.0
858,16,10,3486,15.2587890625,0,0.0
859,16,10,128,15.2587890625,0,0.0
860,16,10,0,15.2587890625,0,0.0
861,16,10,4,15.2587890625,0,0.0
862,16,10,622,15.2587890625,0,0.0
863,16,10,1,15.2587890625,0,0.0
864,16,10,4,15.2587890625,0,0.0
865,16,10,5650,15.2587890625,5,0.5
866,16,10,16,15.2587890625,0,0.0
867,16,10,5,15.2587890625,0,0.0
868,16,10,3089,15.2587890625,0,0.0
869,16,10,376,15.2587890625,0,0.0
870,16,10,3947,15.2587890625,2,0.2
871,16,10,33,15.2587890625,0,0.0
872,16,10,5,15.2587890625,0,0.0
873,16,10,2,15.2587890625,0,0.0
874,16,10,76,15.2587890625,0,0.0
875,16,10,886,15.2587890625,1,0.1
876,16,10,83,15.2587890625,0,0.0
877,16,10,62,15.2587890625,0,0.0
878,16,10,944,15.2587890625,0,0.0
879,16,10,10,15.2587890625,0,0.0
880,16,10,48,15.2587890625,0,0.0
881,16,10,128,15.2587890625,0,0.0
882,16,10,40,15.2587890625,0,0.0
883,16,10,125,15.2587890625,0,0.0
884,16,10,3089,15.2587890625,0,0.0
885,16,10,158,15.2587890625,0,0.0
886,16,10,217,15.2587890625,0,0.0
887,16,10,314,15.2587890625,0,0.0
888,16,10,3440,15.2587890625,0,0.0
889,16,10,65,15.2587890625,0,0.0
890,16,10,141,15.2587890625,0,0.0
891,16,10,391,15.2587890625,0,0.0
892,16,10,192,15.2587890625,0,0.0
893,16,10,153,15.2587890625,0,0.0
894,16,10,9,15.2587890625,0,0.0
895,16,10,14,15.2587890625,0,0.0
896,16,10,1,15.2587890625,0,0.0
897,16,10,262,15.2587890625,0,0.0
898,16,10,266,15.2587890625,0,0.0
899,16,10,1838,15.2587890625,0,0.0
900,16,10,99,15.2587890625,0,0.0
901,16,10,87,15.2587890625,1,0.1
902,16,10,94,15.2587890625,0,0.0
903,16,10,425,15.2587890625,0,0.0
904,16,10,919,15.2587890625,0,0.0
905,16,10,1176,15.2587890625,1,0.1
906,16,10,85,15.2587890625,0,0.0
907,16,10,11,15.2587890625,1,0.1
908,16,10,1009,15.2587890625,0,0.0
909,16,10,182,15.2587890625,0,0.0
910,16,10,58,15.2587890625,0,0.0
911,16,10,7,15.2587890625,0,0.0
912,16,10,6696,15.2587890625,0,0.0
913,16,10,13,15.2587890625,0,0.0
914,16,10,841,15.2587890625,0,0.0
915,16,10,2564,15.2587890625,5,0.5
916,16,10,264,15.2587890625,0,0.0
917,16,10,2338,15.2587890625,1,0.1
918,16,10,27,15.2587890625,0,0.0
919,16,10,18,15.2587890625,0,0.0
920,16,10,36,15.2587890625,0,0.0
921,16,10,6696,15.2587890625,1,0.1
922,16,10,65,15.2587890625,0,0.0
923,16,10,1,15.2587890625,0,0.0
924,16,10,634,15.2587890625,1,0.1
925,16,10,174,15.2587890625,0,0.0
926,16,10,2988,15.2587890625,0,0.0
927,16,10,377,15.2587890625,0,0.0
928,16,10,4264,15.2587890625,0,0.0
929,16,10,458,15.2587890625,0,0.0
930,16,10,64,15.2587890625,0,0.0
931,16,10,17,15.2587890625,0,0.0
932,16,10,8,15.2587890625,0,0.0
933,16,10,1129,15.2587890625,1,0.1
934,16,10,72,15.2587890625,0,0.0
935,16,10,51,15.2587890625,0,0.0
936,16,10,31,15.2587890625,0,0.0
937,16,10,72,15.2587890625,0,0.0
938,16,10,377,15.2587890625,2,0.2
939,16,10,30,15.2587890625,1,0.1
940,16,10,39,15.2587890625,0,0.0
941,16,10,24,15.2587890625,0,0.0
942,16,10,115,15.2587890625,0,0.0
943,16,10,647,15.2587890625,0,0.0
944,16,10,1252,15.2587890625,1,0.1
945,16,10,136,15.2587890625,0,0.0
946,16,10,105,15.2587890625,0,0.0
947,16,10,51,15.2587890625,0,0.0
948,16,10,412,15.2587890625,0,0.0
949,16,10,53,15.2587890625,0,0.0
950,16,10,68,15.2587890625,1,0.1
951,16,10,1068,15.2587890625,0,0.0
952,16,10,591,15.2587890625,1,0.1
953,16,10,5026,15.2587890625,1,0.1
954,16,10,783,15.2587890625,0,0.0
955,16,10,202,15.2587890625,0,0.0
956,16,10,1195,15.2587890625,0,0.0
957,16,10,143,15.2587890625,0,0.0
958,16,10,232,15.2587890625,0,0.0
959,16,10,43,15.2587890625,1,0.1
960,16,10,49,15.2587890625,0,0.0
961,16,10,5,15.2587890625,0,0.0
962,16,10,108,15.2587890625,0,0.0
963,16,10,0,15.2587890625,0,0.0
964,16,10,904,15.2587890625,0,0.0
965,16,10,1588,15.2587890625,0,0.0
966,16,10,10,15.2587890625,0,0.0
967,16,10,3,15.2587890625,0,0.0
968,16,10,135,15.2587890625,0,0.0
969,16,10,37,15.2587890625,0,0.0
970,16,10,20,15.2587890625,0,0.0
971,16,10,20,15.2587890625,0,0.0
972,16,10,169,15.2587890625,0,0.0
973,16,10,44,15.2587890625,0,0.0
974,16,10,41,15.2587890625,0,0.0
975,16,10,12,15.2587890625,0,0.0
976,16,10,4,15.2587890625,0,0.0
977,16,10,0,15.2587890625,0,0.0
978,16,10,3568,15.2587890625,1,0.1
979,16,10,30,15.2587890625,0,0.0
980,16,10,41,15.2587890625,0,0.0
981,16,10,874,15.2587890625,1,0.1
982,16,10,4666,15.2587890625,0,0.0
983,16,10,884,15.2587890625,0,0.0
984,16,10,4,15.2587890625,0,0.0
985,16,10,264,15.2587890625,0,0.0
986,16,10,1,15.2587890625,0,0.0
987,16,10,73,15.2587890625,0,0.0
988,16,10,1111,15.2587890625,0,0.0
989,16,10,429,15.2587890625,3,0.3
990,16,10,2565,15.2587890625,0,0.0
991,16,10,45,15.2587890625,0,0.0
992,16,10,43,15.2587890625,0,0.0
993,16,10,1,15.2587890625,0,0.0
994,16,10,83,15.2587890625,0,0.0
995,16,10,132,15.2587890625,0,0.0
996,16,10,1554,15.2587890625,1,0.1
997,16,10,7,15.2587890625,0,0.0
998,16,10,171,15.2587890625,0,0.0
999,16,10,571,15.2587890625,0,0.0
0,16,100,11,15.2587890625,0,0.0
1,16,100,8,15.2587890625,0,0.0
2,16,100,58,15.2587890625,0,0.0
3,16,100,2,15.2587890625,0,0.0
4,16,100,5809,15.2587890625,0,0.0
5,16,100,132,15.2587890625,0,0.0
6,16,100,57,15.2587890625,5,0.05
7,16,100,2,15.2587890625,0,0.0
8,16,100,470,15.2587890625,2,0.02
9,16,100,289,15.2587890625,0,0.0
10,16,100,35,15.2587890625,0,0.0
11,16,100,48,15.2587890625,0,0.0
12,16,100,414,15.2587890625,0,0.0
13,16,100,121,15.2587890625,0,0.0
14,16,100,17,15.2587890625,0,0.0
15,16,100,24,15.2587890625,0,0.0
16,16,100,55,15.2587890625,0,0.0
17,16,100,606,15.2587890625,0,0.0
18,16,100,988,15.2587890625,0,0.0
19,16,100,2,15.2587890625,0,0.0
20,16,100,2988,15.2587890625,0,0.0
21,16,100,1903,15.2587890625,0,0.0
22,16,100,4,15.2587890625,0,0.0
23,16,100,3,15.2587890625,0,0.0
24,16,100,52,15.2587890625,1,0.01
25,16,100,616,15.2587890625,0,0.0
26,16,100,1372,15.2587890625,5,0.05
27,16,100,804,15.2587890625,1,0.01
28,16,100,142,15.2587890625,1,0.01
29,16,100,2408,15.2587890625,1,0.01
30,16,100,47,15.2587890625,2,0.02
31,16,100,135,15.2587890625,0,0.0
32,16,100,393,15.2587890625,5,0.05
33,16,100,669,15.2587890625,1,0.01
34,16,100,521,15.2587890625,6,0.06
35,16,100,664,15.2587890625,0,0.0
36,16,100,152,15.2587890625,0,0.0
37,16,100,657,15.2587890625,0,0.0
38,16,100,2,15.2587890625,1,0.01
39,16,100,14,15.2587890625,3,0.03
40,16,100,205,15.2587890625,2,0.02
41,16,100,1144,15.2587890625,0,0.0
42,16,100,399,15.2587890625,2,0.02
43,16,100,2302,15.2587890625,19,0.19
44,16,100,11,15.2587890625,3,0.03
45,16,100,714,15.2587890625,0,0.0
46,16,100,39,15.2587890625,0,0.0
47,16,100,108,15.2587890625,7,0.07
48,16,100,134,15.2587890625,0,0.0
49,16,100,168,15.2587890625,2,0.02
50,16,100,69,15.2587890625,0,0.0
51,16,100,349,15.2587890625,8,0.08
52,16,100,13,15.2587890625,0,0.0
53,16,100,5026,15.2587890625,1,0.01
54,16,100,3626,15.2587890625,3,0.03
55,16,100,1,15.2587890625,0,0.0
56,16,100,830,15.2587890625,0,0.0
57,16,100,3,15.2587890625,0,0.0
58,16,100,101,15.2587890625,0,0.0
59,16,100,391,15.2587890625,1,0.01
60,16,100,8,15.2587890625,0,0.0
61,16,100,3089,15.2587890625,1,0.01
62,16,100,1090,15.2587890625,0,0.0
63,16,100,370,15.2587890625,0,0.0
64,16,100,855,15.2587890625,1,0.01
65,16,100,1188,15.2587890625,4,0.04
66,16,100,25,15.2587890625,0,0.0
67,16,100,42,15.2587890625,4,0.04
68,16,100,50,15.2587890625,0,0.0
69,16,100,34,15.2587890625,0,0.0
70,16,100,98,15.2587890625,0,0.0
71,16,100,143,15.2587890625,1,0.01
72,16,100,410,15.2587890625,0,0.0
73,16,100,841,15.2587890625,1,0.01
74,16,100,3089,15.2587890625,7,0.07
75,16,100,60,15.2587890625,0,0.0
76,16,100,3440,15.2587890625,3,0.03
77,16,100,1,15.2587890625,0,0.0
78,16,100,152,15.2587890625,3,0.03
79,16,100,295,15.2587890625,0,0.0
80,16,100,72,15.2587890625,0,0.0
81,16,100,54,15.2587890625,5,0.05
82,16,100,149,15.2587890625,0,0.0
83,16,100,85,15.2587890625,0,0.0
84,16,100,109,15.2587890625,1,0.01
85,16,100,192,15.2587890625,1,0.01
86,16,100,1146,15.2587890625,0,0.0
87,16,100,186,15.2587890625,0,0.0
88,16,100,0,15.2587890625,0,0.0
89,16,100,494,15.2587890625,4,0.04
90,16,100,4264,15.2587890625,3,0.03
91,16,100,104,15.2587890625,0,0.0
92,16,100,21,15.2587890625,0,0.0
93,16,100,6696,15.2587890625,4,0.04
94,16,100,56,15.2587890625,1,0.01
95,16,100,21,15.2587890625,0,0.0
96,16,100,24,15.2587890625,0,0.0
97,16,100,31,15.2587890625,0,0.0
98,16,100,33,15.2587890625,0,0.0
99,16,100,36,15.2587890625,1,0.01
100,16,100,119,15.2587890625,0,0.0
101,16,100,19,15.2587890625,0,0.0
102,16,100,28,15.2587890625,1,0.01
103,16,100,188,15.2587890625,3,0.03
104,16,100,162,15.2587890625,0,0.0
105,16,100,77,15.2587890625,0,0.0
106,16,100,2140,15.2587890625,11,0.11
107,16,100,26,15.2587890625,1,0.01
108,16,100,0,15.2587890625,0,0.0
109,16,100,110,15.2587890625,7,0.07
110,16,100,39,15.2587890625,0,0.0
111,16,100,386,15.2587890625,1,0.01
112,16,100,10,15.2587890625,0,0.0
113,16,100,425,15.2587890625,0,0.0
114,16,100,115,15.2587890625,2,0.02
115,16,100,37,15.2587890625,1,0.01
116,16,100,351,15.2587890625,3,0.03
117,16,100,54,15.2587890625,0,0.0
118,16,100,101,15.2587890625,0,0.0
119,16,100,8,15.2587890625,0,0.0
120,16,100,54,15.2587890625,1,0.01
121,16,100,613,15.2587890625,1,0.01
122,16,100,108,15.2587890625,0,0.0
123,16,100,64,15.2587890625,0,0.0
124,16,100,630,15.2587890625,0,0.0
125,16,100,274,15.2587890625,2,0.02
126,16,100,2,15.2587890625,0,0.0
127,16,100,94,15.2587890625,0,0.0
128,16,100,2,15.2587890625,0,0.0
129,16,100,185,15.2587890625,1,0.01
130,16,100,575,15.2587890625,1,0.01
131,16,100,75,15.2587890625,0,0.0
132,16,100,199,15.2587890625,1,0.01
133,16,100,13,15.2587890625,0,0.0
134,16,100,13,15.2587890625,1,0.01
135,16,100,56,15.2587890625,0,0.0
136,16,100,646,15.2587890625,3,0.03
137,16,100,3,15.2587890625,0,0.0
138,16,100,142,15.2587890625,0,0.0
139,16,100,100,15.2587890625,0,0.0
140,16,100,192,15.2587890625,1,0.01
141,16,100,48,15.2587890625,0,0.0
142,16,100,109,15.2587890625,1,0.01
143,16,100,2338,15.2587890625,0,0.0
144,16,100,1132,15.2587890625,3,0.03
145,16,100,1,15.2587890625,0,0.0
146,16,100,1673,15.2587890625,3,0.03
147,16,100,114,15.2587890625,1,0.01
148,16,100,2571,15.2587890625,1,0.01
149,16,100,192,15.2587890625,0,0.0
150,16,100,292,15.2587890625,2,0.02
151,16,100,39,15.2587890625,0,0.0
152,16,100,12,15.2587890625,0,0.0
153,16,100,14,15.2587890625,0,0.0
154,16,100,233,15.2587890625,3,0.03
155,16,100,101,15.2587890625,4,0.04
156,16,100,42,15.2587890625,0,0.0
157,16,100,302,15.2587890625,0,0.0
158,16,100,182,15.2587890625,5,0.05
159,16,100,40,15.2587890625,0,0.0
160,16,100,0,15.2587890625,0,0.0
161,16,100,268,15.2587890625,2,0.02
162,16,100,1056,15.2587890625,1,0.01
163,16,100,75,15.2587890625,0,0.0
164,16,100,36,15.2587890625,0,0.0
165,16,100,2571,15.2587890625,10,0.1
166,16,100,79,15.2587890625,0,0.0
167,16,100,27,15.2587890625,0,0.0
168,16,100,94,15.2587890625,0,0.0
169,16,100,4,15.2587890625,0,0.0
170,16,100,212,15.2587890625,2,0.02
171,16,100,109,15.2587890625,0,0.0
172,16,100,1748,15.2587890625,4,0.04
173,16,100,26,15.2587890625,0,0.0
174,16,100,133,15.2587890625,0,0.0
175,16,100,53,15.2587890625,1,0.01
176,16,100,196,15.2587890625,0,0.0
177,16,100,3718,15.2587890625,0,0.0
178,16,100,2338,15.2587890625,9,0.09
179,16,100,7,15.2587890625,0,0.0
180,16,100,9,15.2587890625,0,0.0
181,16,100,2,15.2587890625,0,0.0
182,16,100,101,15.2587890625,0,0.0
183,16,100,22,15.2587890625,0,0.0
184,16,100,714,15.2587890625,9,0.09
185,16,100,79,15.2587890625,1,0.01
186,16,100,261,15.2587890625,2,0.02
187,16,100,0,15.2587890625,0,0.0
188,16,100,28,15.2587890625,0,0.0
189,16,100,566,15.2587890625,8,0.08
190,16,100,18,15.2587890625,0,0.0
191,16,100,83,15.2587890625,0,0.0
192,16,100,1118,15.2587890625,0,0.0
193,16,100,1129,15.2587890625,3,0.03
194,16,100,367,15.2587890625,0,0.0
195,16,100,385,15.2587890625,1,0.01
196,16,100,707,15.2587890625,0,0.0
197,16,100,313,15.2587890625,1,0.01
198,16,100,1931,15.2587890625,2,0.02
199,16,100,349,15.2587890625,0,0.0
200,16,100,3,15.2587890625,0,0.0
201,16,100,67,15.2587890625,0,0.0
202,16,100,611,15.2587890625,0,0.0
203,16,100,292,15.2587890625,0,0.0
204,16,100,344,15.2587890625,1,0.01
205,16,100,42,15.2587890625,0,0.0
206,16,100,197,15.2587890625,0,0.0
207,16,100,344,15.2587890625,2,0.02
208,16,100,128,15.2587890625,1,0.01
209,16,100,661,15.2587890625,1,0.01
210,16,100,3,15.2587890625,0,0.0
211,16,100,287,15.2587890625,1,0.01
212,16,100,344,15.2587890625,0,0.0
213,16,100,58,15.2587890625,0,0.0
214,16,100,376,15.2587890625,0,0.0
215,16,100,9,15.2587890625,0,0.0
216,16,100,4,15.2587890625,0,0.0
217,16,100,919,15.2587890625,0,0.0
218,16,100,120,15.2587890625,0,0.0
219,16,100,1544,15.2587890625,13,0.13
220,16,100,3718,15.2587890625,5,0.05
221,16,100,1187,15.2587890625,0,0.0
222,16,100,874,15.2587890625,1,0.01
223,16,100,53,15.2587890625,0,0.0
224,16,100,314,15.2587890625,2,0.02
225,16,100,234,15.2587890625,1,0.01
226,16,100,34,15.2587890625,0,0.0
227,16,100,176,15.2587890625,0,0.0
228,16,100,837,15.2587890625,1,0.01
229,16,100,69,15.2587890625,0,0.0
230,16,100,5,15.2587890625,0,0.0
231,16,100,0,15.2587890625,0,0.0
232,16,100,4,15.2587890625,0,0.0
233,16,100,2,15.2587890625,0,0.0
234,16,100,101,15.2587890625,0,0.0
235,16,100,1960,15.2587890625,2,0.02
236,16,100,663,15.2587890625,3,0.03
237,16,100,10,15.2587890625,0,0.0
238,16,100,117,15.2587890625,1,0.01
239,16,100,0,15.2587890625,0,0.0
240,16,100,57,15.2587890625,0,0.0
241,16,100,1176,15.2587890625,1,0.01
242,16,100,86,15.2587890625,0,0.0
243,16,100,370,15.2587890625,0,0.0
244,16,100,121,15.2587890625,0,0.0
245,16,100,397,15.2587890625,0,0.0
246,16,100,86,15.2587890625,1,0.01
247,16,100,229,15.2587890625,14,0.14
248,16,100,2,15.2587890625,0,0.0
249,16,100,113,15.2587890625,0,0.0
250,16,100,103,15.2587890625,0,0.0
251,16,100,804,15.2587890625,6,0.06
252,16,100,3718,15.2587890625,7,0.07
253,16,100,29,15.2587890625,0,0.0
254,16,100,27,15.2587890625,0,0.0
255,16,100,46,15.2587890625,0,0.0
256,16,100,15,15.2587890625,0,0.0
257,16,100,944,15.2587890625,17,0.17
258,16,100,18,15.2587890625,0,0.0
259,16,100,677,15.2587890625,0,0.0
260,16,100,53,15.2587890625,0,0.0
261,16,100,39,15.2587890625,4,0.04
262,16,100,6,15.2587890625,0,0.0
263,16,100,0,15.2587890625,0,0.0
264,16,100,387,15.2587890625,0,0.0
265,16,100,14,15.2587890625,0,0.0
266,16,100,44,15.2587890625,0,0.0
267,16,100,216,15.2587890625,0,0.0
268,16,100,433,15.2587890625,0,0.0
269,16,100,142,15.2587890625,0,0.0
270,16,100,142,15.2587890625,1,0.01
271,16,100,77,15.2587890625,0,0.0
272,16,100,6,15.2587890625,1,0.01
273,16,100,34,15.2587890625,0,0.0
274,16,100,10,15.2587890625,0,0.0
275,16,100,885,15.2587890625,2,0.02
276,16,100,148,15.2587890625,0,0.0
277,16,100,445,15.2587890625,1,0.01
278,16,100,18,15.2587890625,1,0.01
279,16,100,103,15.2587890625,0,0.0
280,16,100,104,15.2587890625,1,0.01
281,16,100,20,15.2587890625,0,0.0
282,16,100,657,15.2587890625,3,0.03
283,16,100,23,15.2587890625,0,0.0
284,16,100,325,15.2587890625,0,0.0
285,16,100,95,15.2587890625,0,0.0
286,16,100,45,15.2587890625,0,0.0
287,16,100,713,15.2587890625,2,0.02
288,16,100,2715,15.2587890625,5,0.05
289,16,100,299,15.2587890625,1,0.01
290,16,100,367,15.2587890625,1,0.01
291,16,100,9,15.2587890625,0,0.0
292,16,100,156,15.2587890625,0,0.0
293,16,100,0,15.2587890625,0,0.0
294,16,100,280,15.2587890625,2,0.02
295,16,100,49,15.2587890625,0,0.0
296,16,100,22,15.2587890625,0,0.0
297,16,100,83,15.2587890625,0,0.0
298,16,100,98,15.2587890625,0,0.0
299,16,100,28,15.2587890625,4,0.04
300,16,100,19,15.2587890625,0,0.0
301,16,100,132,15.2587890625,2,0.02
302,16,100,41,15.2587890625,0,0.0
303,16,100,0,15.2587890625,0,0.0
304,16,100,159,15.2587890625,1,0.01
305,16,100,467,15.2587890625,2,0.02
306,16,100,57,15.2587890625,0,0.0
307,16,100,36,15.2587890625,0,0.0
308,16,100,153,15.2587890625,0,0.0
309,16,100,4666,15.2587890625,9,0.09
310,16,100,661,15.2587890625,5,0.05
311,16,100,14,15.2587890625,0,0.0
312,16,100,1605,15.2587890625,2,0.02
313,16,100,70,15.2587890625,0,0.0
314,16,100,46,15.2587890625,0,0.0
315,16,100,54,15.2587890625,2,0.02
316,16,100,40,15.2587890625,2,0.02
317,16,100,91,15.2587890625,1,0.01
318,16,100,837,15.2587890625,3,0.03
319,16,100,2,15.2587890625,0,0.0
320,16,100,46,15.2587890625,0,0.0
321,16,100,13,15.2587890625,1,0.01
322,16,100,76,15.2587890625,0,0.0
323,16,100,301,15.2587890625,1,0.01
324,16,100,25,15.2587890625,0,0.0
325,16,100,459,15.2587890625,3,0.03
326,16,100,107,15.2587890625,0,0.0
327,16,100,214,15.2587890625,0,0.0
328,16,100,142,15.2587890625,0,0.0
329,16,100,10,15.2587890625,0,0.0
330,16,100,6696,15.2587890625,18,0.18
331,16,100,2,15.2587890625,0,0.0
332,16,100,284,15.2587890625,0,0.0
333,16,100,528,15.2587890625,1,0.01
334,16,100,176,15.2587890625,0,0.0
335,16,100,18,15.2587890625,0,0.0
336,16,100,68,15.2587890625,0,0.0
337,16,100,63,15.2587890625,0,0.0
338,16,100,5,15.2587890625,0,0.0
339,16,100,128,15.2587890625,0,0.0
340,16,100,286,15.2587890625,4,0.04
341,16,100,105,15.2587890625,0,0.0
342,16,100,677,15.2587890625,5,0.05
343,16,100,1195,15.2587890625,0,0.0
344,16,100,1755,15.2587890625,0,0.0
345,16,100,904,15.2587890625,0,0.0
346,16,100,1323,15.2587890625,0,0.0
347,16,100,56,15.2587890625,2,0.02
348,16,100,296,15.2587890625,0,0.0
349,16,100,3718,15.2587890625,3,0.03
350,16,100,30,15.2587890625,0,0.0
351,16,100,1,15.2587890625,0,0.0
352,16,100,1,15.2587890625,1,0.01
353,16,100,823,15.2587890625,4,0.04
354,16,100,2338,15.2587890625,0,0.0
355,16,100,102,15.2587890625,1,0.01
356,16,100,1945,15.2587890625,25,0.25
357,16,100,19,15.2587890625,0,0.0
358,16,100,0,15.2587890625,0,0.0
359,16,100,1129,15.2587890625,4,0.04
360,16,100,86,15.2587890625,1,0.01
361,16,100,24,15.2587890625,1,0.01
362,16,100,8,15.2587890625,0,0.0
363,16,100,3626,15.2587890625,2,0.02
364,16,100,38,15.2587890625,1,0.01
365,16,100,42,15.2587890625,0,0.0
366,16,100,268,15.2587890625,0,0.0
367,16,100,1949,15.2587890625,7,0.07
368,16,100,116,15.2587890625,1,0.01
369,16,100,5,15.2587890625,0,0.0
370,16,100,11,15.2587890625,1,0.01
371,16,100,29,15.2587890625,0,0.0
372,16,100,47,15.2587890625,0,0.0
373,16,100,64,15.2587890625,0,0.0
374,16,100,167,15.2587890625,2,0.02
375,16,100,18,15.2587890625,0,0.0
376,16,100,285,15.2587890625,0,0.0
377,16,100,13,15.2587890625,1,0.01
378,16,100,708,15.2587890625,2,0.02
379,16,100,257,15.2587890625,0,0.0
380,16,100,1,15.2587890625,0,0.0
381,16,100,49,15.2587890625,0,0.0
382,16,100,50,15.2587890625,0,0.0
383,16,100,2170,15.2587890625,0,0.0
384,16,100,251,15.2587890625,0,0.0
385,16,100,133,15.2587890625,0,0.0
386,16,100,1931,15.2587890625,0,0.0
387,16,100,15,15.2587890625,0,0.0
388,16,100,3,15.2587890625,0,0.0
389,16,100,1072,15.2587890625,1,0.01
390,16,100,1048,15.2587890625,0,0.0
391,16,100,441,15.2587890625,0,0.0
392,16,100,43,15.2587890625,0,0.0
393,16,100,439,15.2587890625,0,0.0
394,16,100,84,15.2587890625,1,0.01
395,16,100,1195,15.2587890625,1,0.01
396,16,100,36,15.2587890625,0,0.0
397,16,100,430,15.2587890625,0,0.0
398,16,100,557,15.2587890625,6,0.06
399,16,100,63,15.2587890625,4,0.04
400,16,100,0,15.2587890625,0,0.0
401,16,100,8,15.2587890625,0,0.0
402,16,100,305,15.2587890625,0,0.0
403,16,100,212,15.2587890625,0,0.0
404,16,100,158,15.2587890625,0,0.0
405,16,100,972,15.2587890625,0,0.0
406,16,100,41,15.2587890625,1,0.01
407,16,100,1748,15.2587890625,1,0.01
408,16,100,3718,15.2587890625,1,0.01
409,16,100,2408,15.2587890625,1,0.01
410,16,100,357,15.2587890625,0,0.0
411,16,100,3,15.2587890625,0,0.0
412,16,100,5,15.2587890625,0,0.0
413,16,100,321,15.2587890625,1,0.01
414,16,100,44,15.2587890625,1,0.01
415,16,100,250,15.2587890625,0,0.0
416,16,100,0,15.2587890625,0,0.0
417,16,100,30,15.2587890625,0,0.0
418,16,100,20,15.2587890625,0,0.0
419,16,100,1134,15.2587890625,2,0.02
420,16,100,29,15.2587890625,0,0.0
421,16,100,15,15.2587890625,0,0.0
422,16,100,573,15.2587890625,0,0.0
423,16,100,428,15.2587890625,7,0.07
424,16,100,21,15.2587890625,0,0.0
425,16,100,24,15.2587890625,0,0.0
426,16,100,102,15.2587890625,5,0.05
427,16,100,308,15.2587890625,0,0.0
428,16,100,65,15.2587890625,0,0.0
429,16,100,95,15.2587890625,3,0.03
430,16,100,1111,15.2587890625,5,0.05
431,16,100,376,15.2587890625,3,0.03
432,16,100,317,15.2587890625,2,0.02
433,16,100,34,15.2587890625,0,0.0
434,16,100,4666,15.2587890625,5,0.05
435,16,100,632,15.2587890625,0,0.0
436,16,100,73,15.2587890625,0,0.0
437,16,100,7,15.2587890625,0,0.0
438,16,100,80,15.2587890625,0,0.0
439,16,100,314,15.2587890625,2,0.02
440,16,100,24,15.2587890625,0,0.0
441,16,100,207,15.2587890625,0,0.0
442,16,100,46,15.2587890625,0,0.0
443,16,100,4,15.2587890625,0,0.0
444,16,100,717,15.2587890625,1,0.01
445,16,100,928,15.2587890625,3,0.03
446,16,100,11,15.2587890625,0,0.0
447,16,100,50,15.2587890625,1,0.01
448,16,100,29,15.2587890625,0,0.0
449,16,100,27,15.2587890625,0,0.0
450,16,100,25,15.2587890625,0,0.0
451,16,100,1318,15.2587890625,4,0.04
452,16,100,73,15.2587890625,0,0.0
453,16,100,0,15.2587890625,0,0.0
454,16,100,28,15.2587890625,0,0.0
455,16,100,0,15.2587890625,0,0.0
456,16,100,77,15.2587890625,0,0.0
457,16,100,520,15.2587890625,3,0.03
458,16,100,63,15.2587890625,0,0.0
459,16,100,1307,15.2587890625,0,0.0
460,16,100,5,15.2587890625,0,0.0
461,16,100,37,15.2587890625,0,0.0
462,16,100,43,15.2587890625,1,0.01
463,16,100,474,15.2587890625,1,0.01
464,16,100,153,15.2587890625,0,0.0
465,16,100,108,15.2587890625,0,0.0
466,16,100,194,15.2587890625,1,0.01
467,16,100,18,15.2587890625,0,0.0
468,16,100,212,15.2587890625,0,0.0
469,16,100,69,15.2587890625,0,0.0
470,16,100,21,15.2587890625,0,0.0
471,16,100,393,15.2587890625,2,0.02
472,16,100,220,15.2587890625,0,0.0
473,16,100,14,15.2587890625,0,0.0
474,16,100,2420,15.2587890625,0,0.0
475,16,100,27,15.2587890625,1,0.01
476,16,100,8,15.2587890625,0,0.0
477,16,100,52,15.2587890625,3,0.03
478,16,100,56,15.2587890625,1,0.01
479,16,100,545,15.2587890625,2,0.02
480,16,100,211,15.2587890625,1,0.01
481,16,100,32,15.2587890625,0,0.0
482,16,100,4,15.2587890625,0,0.0
483,16,100,0,15.2587890625,0,0.0
484,16,100,0,15.2587890625,0,0.0
485,16,100,98,15.2587890625,0,0.0
486,16,100,138,15.2587890625,0,0.0
487,16,100,5809,15.2587890625,26,0.26
488,16,100,1742,15.2587890625,6,0.06
489,16,100,303,15.2587890625,1,0.01
490,16,100,483,15.2587890625,0,0.0
491,16,100,2571,15.2587890625,2,0.02
492,16,100,10,15.2587890625,0,0.0
493,16,100,275,15.2587890625,0,0.0
494,16,100,74,15.2587890625,1,0.01
495,16,100,108,15.2587890625,2,0.02
496,16,100,2120,15.2587890625,0,0.0
497,16,100,7,15.2587890625,0,0.0
498,16,100,405,15.2587890625,2,0.02
499,16,100,1955,15.2587890625,28,0.28
500,16,100,21,15.2587890625,0,0.0
501,16,100,21,15.2587890625,0,0.0
502,16,100,185,15.2587890625,1,0.01
503,16,100,2715,15.2587890625,1,0.01
504,16,100,1,15.2587890625,0,0.0
505,16,100,13,15.2587890625,0,0.0
506,16,100,23,15.2587890625,0,0.0
507,16,100,833,15.2587890625,0,0.0
508,16,100,176,15.2587890625,0,0.0
509,16,100,126,15.2587890625,3,0.03
510,16,100,1878,15.2587890625,16,0.16
511,16,100,65,15.2587890625,1,0.01
512,16,100,13,15.2587890625,0,0.0
513,16,100,24,15.2587890625,3,0.03
514,16,100,6,15.2587890625,0,0.0
515,16,100,9,15.2587890625,0,0.0
516,16,100,0,15.2587890625,0,0.0
517,16,100,26,15.2587890625,0,0.0
518,16,100,942,15.2587890625,2,0.02
519,16,100,7,15.2587890625,0,0.0
520,16,100,49,15.2587890625,0,0.0
521,16,100,2386,15.2587890625,4,0.04
522,16,100,30,15.2587890625,0,0.0
523,16,100,179,15.2587890625,2,0.02
524,16,100,485,15.2587890625,2,0.02
525,16,100,1435,15.2587890625,5,0.05
526,16,100,17,15.2587890625,0,0.0
527,16,100,0,15.2587890625,0,0.0
528,16,100,42,15.2587890625,0,0.0
529,16,100,16,15.2587890625,1,0.01
530,16,100,7,15.2587890625,0,0.0
531,16,100,783,15.2587890625,1,0.01
532,16,100,2988,15.2587890625,16,0.16
533,16,100,2,15.2587890625,0,0.0
534,16,100,30,15.2587890625,1,0.01
535,16,100,156,15.2587890625,0,0.0
536,16,100,0,15.2587890625,0,0.0
537,16,100,5026,15.2587890625,4,0.04
538,16,100,265,15.2587890625,1,0.01
539,16,100,37,15.2587890625,1,0.01
540,16,100,4,15.2587890625,0,0.0
541,16,100,28,15.2587890625,1,0.01
542,16,100,629,15.2587890625,2,0.02
543,16,100,254,15.2587890625,0,0.0
544,16,100,96,15.2587890625,2,0.02
545,16,100,1233,15.2587890625,4,0.04
546,16,100,121,15.2587890625,0,0.0
547,16,100,210,15.2587890625,1,0.01
548,16,100,29,15.2587890625,0,0.0
549,16,100,0,15.2587890625,0,0.0
550,16,100,52,15.2587890625,1,0.01
551,16,100,39,15.2587890625,0,0.0
552,16,100,168,15.2587890625,0,0.0
553,16,100,89,15.2587890625,0,0.0
554,16,100,62,15.2587890625,0,0.0
555,16,100,17,15.2587890625,2,0.02
556,16,100,972,15.2587890625,3,0.03
557,16,100,347,15.2587890625,4,0.04
558,16,100,36,15.2587890625,2,0.02
559,16,100,84,15.2587890625,0,0.0
560,16,100,127,15.2587890625,0,0.0
561,16,100,54,15.2587890625,1,0.01
562,16,100,677,15.2587890625,2,0.02
563,16,100,108,15.2587890625,0,0.0
564,16,100,1,15.2587890625,0,0.0
565,16,100,14,15.2587890625,0,0.0
566,16,100,31,15.2587890625,0,0.0
567,16,100,27,15.2587890625,0,0.0
568,16,100,1955,15.2587890625,0,0.0
569,16,100,141,15.2587890625,1,0.01
570,16,100,1810,15.2587890625,7,0.07
571,16,100,925,15.2587890625,0,0.0
572,16,100,64,15.2587890625,0,0.0
573,16,100,0,15.2587890625,0,0.0
574,16,100,624,15.2587890625,0,0.0
575,16,100,47,15.2587890625,0,0.0
576,16,100,158,15.2587890625,0,0.0
577,16,100,256,15.2587890625,1,0.01
578,16,100,80,15.2587890625,0,0.0
579,16,100,33,15.2587890625,0,0.0
580,16,100,54,15.2587890625,0,0.0
581,16,100,1,15.2587890625,0,0.0
582,16,100,4666,15.2587890625,3,0.03
583,16,100,268,15.2587890625,0,0.0
584,16,100,3,15.2587890625,0,0.0
585,16,100,75,15.2587890625,2,0.02
586,16,100,138,15.2587890625,0,0.0
587,16,100,133,15.2587890625,3,0.03
588,16,100,136,15.2587890625,2,0.02
589,16,100,123,15.2587890625,0,0.0
590,16,100,96,15.2587890625,0,0.0
591,16,100,1383,15.2587890625,1,0.01
592,16,100,31,15.2587890625,0,0.0
593,16,100,1144,15.2587890625,14,0.14
594,16,100,102,15.2587890625,0,0.0
595,16,100,515,15.2587890625,6,0.06
596,16,100,884,15.2587890625,2,0.02
597,16,100,30,15.2587890625,0,0.0
598,16,100,908,15.2587890625,0,0.0
599,16,100,134,15.2587890625,0,0.0
600,16,100,30,15.2587890625,1,0.01
601,16,100,82,15.2587890625,0,0.0
602,16,100,176,15.2587890625,0,0.0
603,16,100,2306,15.2587890625,2,0.02
604,16,100,105,15.2587890625,0,0.0
605,16,100,135,15.2587890625,0,0.0
606,16,100,74,15.2587890625,0,0.0
607,16,100,5,15.2587890625,0,0.0
608,16,100,224,15.2587890625,0,0.0
609,16,100,48,15.2587890625,0,0.0
610,16,100,0,15.2587890625,0,0.0
611,16,100,1171,15.2587890625,8,0.08
612,16,100,90,15.2587890625,1,0.01
613,16,100,8,15.2587890625,1,0.01
614,16,100,627,15.2587890625,1,0.01
615,16,100,69,15.2587890625,1,0.01
616,16,100,1544,15.2587890625,2,0.02
617,16,100,31,15.2587890625,0,0.0
618,16,100,2,15.2587890625,0,0.0
619,16,100,166,15.2587890625,0,0.0
620,16,100,285,15.2587890625,0,0.0
621,16,100,10,15.2587890625,0,0.0
622,16,100,43,15.2587890625,1,0.01
623,16,100,28,15.2587890625,0,0.0
624,16,100,21,15.2587890625,0,0.0
625,16,100,280,15.2587890625,0,0.0
626,16,100,1,15.2587890625,0,0.0
627,16,100,1230,15.2587890625,1,0.01
628,16,100,2031,15.2587890625,0,0.0
629,16,100,93,15.2587890625,1,0.01
630,16,100,1838,15.2587890625,6,0.06
631,16,100,90,15.2587890625,0,0.0
632,16,100,113,15.2587890625,0,0.0
633,16,100,1153,15.2587890625,14,0.14
634,16,100,28,15.2587890625,0,0.0
635,16,100,19,15.2587890625,2,0.02
636,16,100,410,15.2587890625,0,0.0
637,16,100,126,15.2587890625,2,0.02
638,16,100,51,15.2587890625,0,0.0
639,16,100,1,15.2587890625,0,0.0
640,16,100,928,15.2587890625,1,0.01
641,16,100,405,15.2587890625,3,0.03
642,16,100,191,15.2587890625,1,0.01
643,16,100,363,15.2587890625,0,0.0
644,16,100,1309,15.2587890625,1,0.01
645,16,100,24,15.2587890625,0,0.0
646,16,100,922,15.2587890625,2,0.02
647,16,100,1618,15.2587890625,0,0.0
648,16,100,533,15.2587890625,0,0.0
649,16,100,78,15.2587890625,0,0.0
650,16,100,42,15.2587890625,0,0.0
651,16,100,251,15.2587890625,6,0.06
652,16,100,188,15.2587890625,1,0.01
653,16,100,41,15.2587890625,0,0.0
654,16,100,85,15.2587890625,0,0.0
655,16,100,29,15.2587890625,3,0.03
656,16,100,126,15.2587890625,0,0.0
657,16,100,54,15.2587890625,0,0.0
658,16,100,48,15.2587890625,0,0.0
659,16,100,53,15.2587890625,1,0.01
660,16,100,131,15.2587890625,0,0.0
661,16,100,1340,15.2587890625,8,0.08
662,16,100,717,15.2587890625,3,0.03
663,16,100,16,15.2587890625,0,0.0
664,16,100,1520,15.2587890625,3,0.03
665,16,100,981,15.2587890625,4,0.04
666,16,100,16,15.2587890625,0,0.0
667,16,100,928,15.2587890625,1,0.01
668,16,100,3718,15.2587890625,1,0.01
669,16,100,45,15.2587890625,0,0.0
670,16,100,33,15.2587890625,1,0.01
671,16,100,160,15.2587890625,4,0.04
672,16,100,450,15.2587890625,0,0.0
673,16,100,1878,15.2587890625,3,0.03
674,16,100,13,15.2587890625,0,0.0
675,16,100,853,15.2587890625,0,0.0
676,16,100,1,15.2587890625,0,0.0
677,16,100,132,15.2587890625,1,0.01
678,16,100,62,15.2587890625,1,0.01
679,16,100,879,15.2587890625,0,0.0
680,16,100,305,15.2587890625,6,0.06
681,16,100,1755,15.2587890625,2,0.02
682,16,100,189,15.2587890625,0,0.0
683,16,100,1529,15.2587890625,8,0.08
684,16,100,56,15.2587890625,0,0.0
685,16,100,2420,15.2587890625,15,0.15
686,16,100,477,15.2587890625,2,0.02
687,16,100,123,15.2587890625,0,0.0
688,16,100,19,15.2587890625,0,0.0
689,16,100,415,15.2587890625,3,0.03
690,16,100,731,15.2587890625,1,0.01
691,16,100,52,15.2587890625,0,0.0
692,16,100,5809,15.2587890625,18,0.18
693,16,100,6696,15.2587890625,2,0.02
694,16,100,8,15.2587890625,0,0.0
695,16,100,1,15.2587890625,0,0.0
696,16,100,178,15.2587890625,2,0.02
697,16,100,1470,15.2587890625,1,0.01
698,16,100,554,15.2587890625,2,0.02
699,16,100,18,15.2587890625,0,0.0
700,16,100,61,15.2587890625,1,0.01
701,16,100,85,15.2587890625,0,0.0
702,16,100,1927,15.2587890625,23,0.23
703,16,100,139,15.2587890625,0,0.0
704,16,100,592,15.2587890625,0,0.0
705,16,100,1447,15.2587890625,3,0.03
706,16,100,1,15.2587890625,0,0.0
707,16,100,1281,15.2587890625,3,0.03
708,16,100,3718,15.2587890625,1,0.01
709,16,100,52,15.2587890625,5,0.05
710,16,100,101,15.2587890625,0,0.0
711,16,100,90,15.2587890625,0,0.0
712,16,100,103,15.2587890625,1,0.01
713,16,100,84,15.2587890625,0,0.0
714,16,100,16,15.2587890625,0,0.0
715,16,100,1748,15.2587890625,0,0.0
716,16,100,150,15.2587890625,2,0.02
717,16,100,69,15.2587890625,0,0.0
718,16,100,132,15.2587890625,2,0.02
719,16,100,90,15.2587890625,2,0.02
720,16,100,56,15.2587890625,8,0.08
721,16,100,0,15.2587890625,0,0.0
722,16,100,254,15.2587890625,0,0.0
723,16,100,1134,15.2587890625,4,0.04
724,16,100,40,15.2587890625,0,0.0
725,16,100,88,15.2587890625,0,0.0
726,16,100,2565,15.2587890625,6,0.06
727,16,100,17,15.2587890625,0,0.0
728,16,100,183,15.2587890625,0,0.0
729,16,100,1838,15.2587890625,3,0.03
730,16,100,19,15.2587890625,0,0.0
731,16,100,152,15.2587890625,0,0.0
732,16,100,244,15.2587890625,1,0.01
733,16,100,631,15.2587890625,4,0.04
734,16,100,85,15.2587890625,0,0.0
735,16,100,20,15.2587890625,0,0.0
736,16,100,156,15.2587890625,1,0.01
737,16,100,367,15.2587890625,0,0.0
738,16,100,52,15.2587890625,1,0.01
739,16,100,549,15.2587890625,0,0.0
740,16,100,811,15.2587890625,2,0.02
741,16,100,40,15.2587890625,0,0.0
742,16,100,2816,15.2587890625,3,0.03
743,16,100,184,15.2587890625,0,0.0
744,16,100,1222,15.2587890625,4,0.04
745,16,100,131,15.2587890625,1,0.01
746,16,100,671,15.2587890625,9,0.09
747,16,100,398,15.2587890625,0,0.0
748,16,100,158,15.2587890625,1,0.01
749,16,100,26,15.2587890625,1,0.01
750,16,100,143,15.2587890625,0,0.0
751,16,100,14,15.2587890625,0,0.0
752,16,100,130,15.2587890625,0,0.0
753,16,100,20,15.2587890625,3,0.03
754,16,100,95,15.2587890625,1,0.01
755,16,100,19,15.2587890625,0,0.0
756,16,100,349,15.2587890625,4,0.04
757,16,100,40,15.2587890625,2,0.02
758,16,100,139,15.2587890625,1,0.01
759,16,100,1960,15.2587890625,3,0.03
760,16,100,31,15.2587890625,0,0.0
761,16,100,60,15.2587890625,0,0.0
762,16,100,1588,15.2587890625,3,0.03
763,16,100,367,15.2587890625,0,0.0
764,16,100,37,15.2587890625,1,0.01
765,16,100,4178,15.2587890625,3,0.03
766,16,100,25,15.2587890625,0,0.0
767,16,100,124,15.2587890625,1,0.01
768,16,100,0,15.2587890625,0,0.0
769,16,100,611,15.2587890625,0,0.0
770,16,100,647,15.2587890625,1,0.01
771,16,100,132,15.2587890625,1,0.01
772,16,100,11,15.2587890625,0,0.0
773,16,100,236,15.2587890625,0,0.0
774,16,100,84,15.2587890625,0,0.0
775,16,100,2,15.2587890625,1,0.01
776,16,100,4,15.2587890625,0,0.0
777,16,100,20,15.2587890625,0,0.0
778,16,100,13,15.2587890625,3,0.03
779,16,100,962,15.2587890625,0,0.0
780,16,100,15,15.2587890625,0,0.0
781,16,100,138,15.2587890625,1,0.01
782,16,100,11,15.2587890625,0,0.0
783,16,100,0,15.2587890625,0,0.0
784,16,100,325,15.2587890625,1,0.01
785,16,100,308,15.2587890625,0,0.0
786,16,100,554,15.2587890625,0,0.0
787,16,100,61,15.2587890625,0,0.0
788,16,100,19,15.2587890625,0,0.0
789,16,100,132,15.2587890625,2,0.02
790,16,100,251,15.2587890625,7,0.07
791,16,100,28,15.2587890625,0,0.0
792,16,100,626,15.2587890625,3,0.03
793,16,100,664,15.2587890625,6,0.06
794,16,100,20,15.2587890625,0,0.0
795,16,100,43,15.2587890625,0,0.0
796,16,100,1,15.2587890625,0,0.0
797,16,100,16,15.2587890625,0,0.0
798,16,100,139,15.2587890625,1,0.01
799,16,100,32,15.2587890625,0,0.0
800,16,100,23,15.2587890625,0,0.0
801,16,100,1807,15.2587890625,1,0.01
802,16,100,374,15.2587890625,0,0.0
803,16,100,90,15.2587890625,2,0.02
804,16,100,1618,15.2587890625,4,0.04
805,16,100,301,15.2587890625,0,0.0
806,16,100,3440,15.2587890625,13,0.13
807,16,100,16,15.2587890625,0,0.0
808,16,100,66,15.2587890625,0,0.0
809,16,100,542,15.2587890625,1,0.01
810,16,100,38,15.2587890625,2,0.02
811,16,100,192,15.2587890625,2,0.02
812,16,100,425,15.2587890625,4,0.04
813,16,100,1118,15.2587890625,2,0.02
814,16,100,286,15.2587890625,1,0.01
815,16,100,236,15.2587890625,0,0.0
816,16,100,235,15.2587890625,0,0.0
817,16,100,201,15.2587890625,0,0.0
818,16,100,192,15.2587890625,0,0.0
819,16,100,669,15.2587890625,11,0.11
820,16,100,30,15.2587890625,0,0.0
821,16,100,51,15.2587890625,0,0.0
822,16,100,2302,15.2587890625,22,0.22
823,16,100,11,15.2587890625,0,0.0
824,16,100,14,15.2587890625,0,0.0
825,16,100,113,15.2587890625,0,0.0
826,16,100,169,15.2587890625,0,0.0
827,16,100,3649,15.2587890625,4,0.04
828,16,100,157,15.2587890625,8,0.08
829,16,100,1,15.2587890625,0,0.0
830,16,100,1932,15.2587890625,2,0.02
831,16,100,97,15.2587890625,0,0.0
832,16,100,1,15.2587890625,0,0.0
833,16,100,465,15.2587890625,1,0.01
834,16,100,318,15.2587890625,0,0.0
835,16,100,49,15.2587890625,0,0.0
836,16,100,48,15.2587890625,0,0.0
837,16,100,314,15.2587890625,0,0.0
838,16,100,3568,15.2587890625,5,0.05
839,16,100,3649,15.2587890625,15,0.15
840,16,100,539,15.2587890625,5,0.05
841,16,100,48,15.2587890625,0,0.0
842,16,100,246,15.2587890625,1,0.01
843,16,100,160,15.2587890625,0,0.0
844,16,100,1340,15.2587890625,3,0.03
845,16,100,5,15.2587890625,0,0.0
846,16,100,320,15.2587890625,0,0.0
847,16,100,1571,15.2587890625,8,0.08
848,16,100,333,15.2587890625,1,0.01
849,16,100,1,15.2587890625,0,0.0
850,16,100,1,15.2587890625,0,0.0
851,16,100,494,15.2587890625,4,0.04
852,16,100,7,15.2587890625,0,0.0
853,16,100,6,15.2587890625,1,0.01
854,16,100,2573,15.2587890625,2,0.02
855,16,100,132,15.2587890625,0,0.0
856,16,100,291,15.2587890625,1,0.01
857,16,100,1009,15.2587890625,2,0.02
858,16,100,3486,15.2587890625,4,0.04
859,16,100,128,15.2587890625,1,0.01
860,16,100,0,15.2587890625,0,0.0
861,16,100,4,15.2587890625,0,0.0
862,16,100,622,15.2587890625,0,0.0
863,16,100,1,15.2587890625,0,0.0
864,16,100,4,15.2587890625,0,0.0
865,16,100,5650,15.2587890625,19,0.19
866,16,100,16,15.2587890625,0,0.0
867,16,100,5,15.2587890625,0,0.0
868,16,100,3089,15.2587890625,1,0.01
869,16,100,376,15.2587890625,0,0.0
870,16,100,3947,15.2587890625,8,0.08
871,16,100,33,15.2587890625,0,0.0
872,16,100,5,15.2587890625,0,0.0
873,16,100,2,15.2587890625,0,0.0
874,16,100,76,15.2587890625,1,0.01
875,16,100,886,15.2587890625,11,0.11
876,16,100,83,15.2587890625,1,0.01
877,16,100,62,15.2587890625,0,0.0
878,16,100,944,15.2587890625,0,0.0
879,16,100,10,15.2587890625,0,0.0
880,16,100,48,15.2587890625,0,0.0
881,16,100,128,15.2587890625,0,0.0
882,16,100,40,15.2587890625,0,0.0
883,16,100,125,15.2587890625,0,0.0
884,16,100,3089,15.2587890625,5,0.05
885,16,100,158,15.2587890625,0,0.0
886,16,100,217,15.2587890625,3,0.03
887,16,100,314,15.2587890625,1,0.01
888,16,100,3440,15.2587890625,0,0.0
889,16,100,65,15.2587890625,1,0.01
890,16,100,141,15.2587890625,0,0.0
891,16,100,391,15.2587890625,0,0.0
892,16,100,192,15.2587890625,2,0.02
893,16,100,153,15.2587890625,0,0.0
894,16,100,9,15.2587890625,0,0.0
895,16,100,14,15.2587890625,1,0.01
896,16,100,1,15.2587890625,0,0.0
897,16,100,262,15.2587890625,0,0.0
898,16,100,266,15.2587890625,0,0.0
899,16,100,1838,15.2587890625,4,0.04
900,16,100,99,15.2587890625,0,0.0
901,16,100,87,15.2587890625,2,0.02
902,16,100,94,15.2587890625,0,0.0
903,16,100,425,15.2587890625,0,0.0
904,16,100,919,15.2587890625,0,0.0
905,16,100,1176,15.2587890625,2,0.02
906,16,100,85,15.2587890625,0,0.0
907,16,100,11,15.2587890625,1,0.01
908,16,100,1009,15.2587890625,0,0.0
909,16,100,182,15.2587890625,1,0.01
910,16,100,58,15.2587890625,0,0.0
911,16,100,7,15.2587890625,0,0.0
912,16,100,6696,15.2587890625,7,0.07
913,16,100,13,15.2587890625,0,0.0
914,16,100,841,15.2587890625,0,0.0
915,16,100,2564,15.2587890625,16,0.16
916,16,100,264,15.2587890625,0,0.0
917,16,100,2338,15.2587890625,3,0.03
918,16,100,27,15.2587890625,0,0.0
919,16,100,18,15.2587890625,0,0.0
920,16,100,36,15.2587890625,0,0.0
921,16,100,6696,15.2587890625,11,0.11
922,16,100,65,15.2587890625,0,0.0
923,16,100,1,15.2587890625,0,0.0
924,16,100,634,15.2587890625,1,0.01
925,16,100,174,15.2587890625,0,0.0
926,16,100,2988,15.2587890625,2,0.02
927,16,100,377,15.2587890625,3,0.03
928,16,100,4264,15.2587890625,8,0.08
929,16,100,458,15.2587890625,2,0.02
930,16,100,64,15.2587890625,0,0.0
931,16,100,17,15.2587890625,0,0.0
932,16,100,8,15.2587890625,0,0.0
933,16,100,1129,15.2587890625,6,0.06
934,16,100,72,15.2587890625,0,0.0
935,16,100,51,15.2587890625,0,0.0
936,16,100,31,15.2587890625,0,0.0
937,16,100,72,15.2587890625,0,0.0
938,16,100,377,15.2587890625,4,0.04
939,16,100,30,15.2587890625,1,0.01
940,16,100,39,15.2587890625,0,0.0
941,16,100,24,15.2587890625,0,0.0
942,16,100,115,15.2587890625,0,0.0
943,16,100,647,15.2587890625,0,0.0
944,16,100,1252,15.2587890625,6,0.06
945,16,100,136,15.2587890625,0,0.0
946,16,100,105,15.2587890625,1,0.01
947,16,100,51,15.2587890625,0,0.0
948,16,100,412,15.2587890625,1,0.01
949,16,100,53,15.2587890625,0,0.0
950,16,100,68,15.2587890625,2,0.02
951,16,100,1068,15.2587890625,4,0.04
952,16,100,591,15.2587890625,2,0.02
953,16,100,5026,15.2587890625,9,0.09
954,16,100,783,15.2587890625,1,0.01
955,16,100,202,15.2587890625,0,0.0
956,16,100,1195,15.2587890625,0,0.0
957,16,100,143,15.2587890625,10,0.1
958,16,100,232,15.2587890625,0,0.0
959,16,100,43,15.2587890625,1,0.01
960,16,100,49,15.2587890625,0,0.0
961,16,100,5,15.2587890625,0,0.0
962,16,100,108,15.2587890625,0,0.0
963,16,100,0,15.2587890625,0,0.0
964,16,100,904,15.2587890625,0,0.0
965,16,100,1588,15.2587890625,0,0.0
966,16,100,10,15.2587890625,0,0.0
967,16,100,3,15.2587890625,0,0.0
968,16,100,135,15.2587890625,0,0.0
969,16,100,37,15.2587890625,0,0.0
970,16,100,20,15.2587890625,1,0.01
971,16,100,20,15.2587890625,0,0.0
972,16,100,169,15.2587890625,0,0.0
973,16,100,44,15.2587890625,0,0.0
974,16,100,41,15.2587890625,0,0.0
975,16,100,12,15.2587890625,1,0.01
976,16,100,4,15.2587890625,0,0.0
977,16,100,0,15.2587890625,0,0.0
978,16,100,3568,15.2587890625,4,0.04
979,16,100,30,15.2587890625,0,0.0
980,16,100,41,15.2587890625,1,0.01
981,16,100,874,15.2587890625,7,0.07
982,16,100,4666,15.2587890625,0,0.0
983,16,100,884,15.2587890625,0,0.0
984,16,100,4,15.2587890625,0,0.0
985,16,100,264,15.2587890625,0,0.0
986,16,100,1,15.2587890625,0,0.0
987,16,100,73,15.2587890625,0,0.0
988,16,100,1111,15.2587890625,0,0.0
989,16,100,429,15.2587890625,22,0.22
990,16,100,2565,15.2587890625,0,0.0
991,16,100,45,15.2587890625,3,0.03
992,16,100,43,15.2587890625,0,0.0
993,16,100,1,15.2587890625,0,0.0
994,16,100,83,15.2587890625,1,0.01
995,16,100,132,15.2587890625,0,0.0
996,16,100,1554,15.2587890625,7,0.07
997,16,100,7,15.2587890625,0,0.0
998,16,100,171,15.2587890625,2,0.02
999,16,100,571,15.2587890625,0,0.0
0,32,1,0,0.00023283064365386963,0,0.0
1,32,1,0,0.00023283064365386963,0,0.0
2,32,1,0,0.00023283064365386963,0,0.0
3,32,1,0,0.00023283064365386963,0,0.0
4,32,1,0,0.00023283064365386963,0,0.0
5,32,1,0,0.00023283064365386963,0,0.0
6,32,1,0,0.00023283064365386963,0,0.0
7,32,1,0,0.00023283064365386963,0,0.0
8,32,1,2,0.00023283064365386963,0,0.0
9,32,1,1,0.00023283064365386963,0,0.0
10,32,1,0,0.00023283064365386963,0,0.0
11,32,1,0,0.00023283064365386963,0,0.0
12,32,1,0,0.00023283064365386963,0,0.0
13,32,1,0,0.00023283064365386963,0,0.0
14,32,1,0,0.00023283064365386963,0,0.0
15,32,1,0,0.00023283064365386963,0,0.0
16,32,1,0,0.00023283064365386963,0,0.0
17,32,1,0,0.00023283064365386963,0,0.0
18,32,1,0,0.00023283064365386963,0,0.0
19,32,1,0,0.00023283064365386963,0,0.0
20,32,1,0,0.00023283064365386963,0,0.0
21,32,1,3,0.00023283064365386963,0,0.0
22,32,1,0,0.00023283064365386963,0,0.0
23,32,1,0,0.00023283064365386963,0,0.0
24,32,1,0,0.00023283064365386963,0,0.0
25,32,1,0,0.00023283064365386963,0,0.0
26,32,1,4,0.00023283064365386963,0,0.0
27,32,1,18,0.00023283064365386963,0,0.0
28,32,1,0,0.00023283064365386963,0,0.0
29,32,1,0,0.00023283064365386963,0,0.0
30,32,1,0,0.00023283064365386963,0,0.0
31,32,1,0,0.00023283064365386963,0,0.0
32,32,1,3,0.00023283064365386963,0,0.0
33,32,1,0,0.00023283064365386963,0,0.0
34,32,1,0,0.00023283064365386963,0,0.0
35,32,1,0,0.00023283064365386963,0,0.0
36,32,1,0,0.00023283064365386963,0,0.0
37,32,1,0,0.00023283064365386963,0,0.0
38,32,1,0,0.00023283064365386963,0,0.0
39,32,1,0,0.00023283064365386963,0,0.0
40,32,1,0,0.00023283064365386963,0,0.0
41,32,1,0,0.00023283064365386963,0,0.0
42,32,1,0,0.00023283064365386963,0,0.0
43,32,1,3,0.00023283064365386963,0,0.0
44,32,1,0,0.00023283064365386963,0,0.0
45,32,1,1,0.00023283064365386963,0,0.0
46,32,1,0,0.00023283064365386963,0,0.0
47,32,1,1,0.00023283064365386963,0,0.0
48,32,1,0,0.00023283064365386963,0,0.0
49,32,1,0,0.00023283064365386963,0,0.0
50,32,1,0,0.00023283064365386963,0,0.0
51,32,1,1,0.00023283064365386963,0,0.0
52,32,1,0,0.00023283064365386963,0,0.0
53,32,1,3,0.00023283064365386963,0,0.0
54,32,1,1,0.00023283064365386963,0,0.0
55,32,1,0,0.00023283064365386963,0,0.0
56,32,1,0,0.00023283064365386963,0,0.0
57,32,1,0,0.00023283064365386963,0,0.0
58,32,1,0,0.00023283064365386963,0,0.0
59,32,1,0,0.00023283064365386963,0,0.0
60,32,1,0,0.00023283064365386963,0,0.0
61,32,1,1,0.00023283064365386963,0,0.0
62,32,1,0,0.00023283064365386963,0,0.0
63,32,1,0,0.00023283064365386963,0,0.0
64,32,1,0,0.00023283064365386963,0,0.0
65,32,1,0,0.00023283064365386963,0,0.0
66,32,1,0,0.00023283064365386963,0,0.0
67,32,1,0,0.00023283064365386963,0,0.0
68,32,1,0,0.00023283064365386963,0,0.0
69,32,1,0,0.00023283064365386963,0,0.0
70,32,1,0,0.00023283064365386963,0,0.0
71,32,1,0,0.00023283064365386963,0,0.0
72,32,1,0,0.00023283064365386963,0,0.0
73,32,1,0,0.00023283064365386963,0,0.0
74,32,1,0,0.00023283064365386963,0,0.0
75,32,1,0,0.00023283064365386963,0,0.0
76,32,1,0,0.00023283064365386963,0,0.0
77,32,1,0,0.00023283064365386963,0,0.0
78,32,1,0,0.00023283064365386963,0,0.0
79,32,1,0,0.00023283064365386963,0,0.0
80,32,1,0,0.00023283064365386963,0,0.0
81,32,1,0,0.00023283064365386963,0,0.0
82,32,1,0,0.00023283064365386963,0,0.0
83,32,1,0,0.00023283064365386963,0,0.0
84,32,1,0,0.00023283064365386963,0,0.0
85,32,1,0,0.00023283064365386963,0,0.0
86,32,1,0,0.00023283064365386963,0,0.0
87,32,1,0,0.00023283064365386963,0,0.0
88,32,1,0,0.00023283064365386963,0,0.0
89,32,1,1,0.00023283064365386963,0,0.0
90,32,1,0,0.00023283064365386963,0,0.0
91,32,1,0,0.00023283064365386963,0,0.0
92,32,1,0,0.00023283064365386963,0,0.0
93,32,1,0,0.00023283064365386963,0,0.0
94,32,1,0,0.00023283064365386963,0,0.0
95,32,1,0,0.00023283064365386963,0,0.0
96,32,1,0,0.00023283064365386963,0,0.0
97,32,1,0,0.00023283064365386963,0,0.0
98,32,1,0,0.00023283064365386963,0,0.0
99,32,1,0,0.00023283064365386963,0,0.0
100,32,1,0,0.00023283064365386963,0,0.0
101,32,1,0,0.00023283064365386963,0,0.0
102,32,1,0,0.00023283064365386963,0,0.0
103,32,1,0,0.00023283064365386963,0,0.0
104,32,1,0,0.00023283064365386963,0,0.0
105,32,1,0,0.00023283064365386963,0,0.0
106,32,1,0,0.00023283064365386963,0,0.0
107,32,1,0,0.00023283064365386963,0,0.0
108,32,1,0,0.00023283064365386963,0,0.0
109,32,1,0,0.00023283064365386963,0,0.0
110,32,1,0,0.00023283064365386963,0,0.0
111,32,1,0,0.00023283064365386963,0,0.0
112,32,1,0,0.00023283064365386963,0,0.0
113,32,1,0,0.00023283064365386963,0,0.0
114,32,1,0,0.00023283064365386963,0,0.0
115,32,1,0,0.00023283064365386963,0,0.0
116,32,1,0,0.00023283064365386963,0,0.0
117,32,1,0,0.00023283064365386963,0,0.0
118,32,1,2,0.00023283064365386963,0,0.0
119,32,1,0,0.00023283064365386963,0,0.0
120,32,1,0,0.00023283064365386963,0,0.0
121,32,1,1,0.00023283064365386963,0,0.0
122,32,1,0,0.00023283064365386963,0,0.0
123,32,1,0,0.00023283064365386963,0,0.0
124,32,1,0,0.00023283064365386963,0,0.0
125,32,1,0,0.00023283064365386963,0,0.0
126,32,1,0,0.00023283064365386963,0,0.0
127,32,1,0,0.00023283064365386963,0,0.0
128,32,1,0,0.00023283064365386963,0,0.0
129,32,1,0,0.00023283064365386963,0,0.0
130,32,1,0,0.00023283064365386963,0,0.0
131,32,1,0,0.00023283064365386963,0,0.0
132,32,1,0,0.00023283064365386963,0,0.0
133,32,1,0,0.00023283064365386963,0,0.0
134,32,1,0,0.00023283064365386963,0,0.0
135,32,1,1,0.00023283064365386963,0,0.0
136,32,1,0,0.00023283064365386963,0,0.0
137,32,1,0,0.00023283064365386963,0,0.0
138,32,1,0,0.00023283064365386963,0,0.0
139,32,1,0,0.00023283064365386963,0,0.0
140,32,1,0,0.00023283064365386963,0,0.0
141,32,1,0,0.00023283064365386963,0,0.0
142,32,1,0,0.00023283064365386963,0,0.0
143,32,1,0,0.00023283064365386963,0,0.0
144,32,1,0,0.00023283064365386963,0,0.0
145,32,1,0,0.00023283064365386963,0,0.0
146,32,1,0,0.00023283064365386963,0,0.0
147,32,1,0,0.00023283064365386963,0,0.0
148,32,1,0,0.00023283064365386963,0,0.0
149,32,1,0,0.00023283064365386963,0,0.0
150,32,1,0,0.00023283064365386963,0,0.0
151,32,1,0,0.00023283064365386963,0,0.0
152,32,1,0,0.00023283064365386963,0,0.0
153,32,1,0,0.00023283064365386963,0,0.0
154,32,1,0,0.00023283064365386963,0,0.0
155,32,1,0,0.00023283064365386963,0,0.0
156,32,1,0,0.00023283064365386963,0,0.0
157,32,1,0,0.00023283064365386963,0,0.0
158,32,1,0,0.00023283064365386963,0,0.0
159,32,1,0,0.00023283064365386963,0,0.0
160,32,1,0,0.00023283064365386963,0,0.0
161,32,1,0,0.00023283064365386963,0,0.0
162,32,1,1,0.00023283064365386963,0,0.0
163,32,1,0,0.00023283064365386963,0,0.0
164,32,1,0,0.00023283064365386963,0,0.0
165,32,1,0,0.00023283064365386963,0,0.0
166,32,1,0,0.00023283064365386963,0,0.0
167,32,1,0,0.00023283064365386963,0,0.0
168,32,1,0,0.00023283064365386963,0,0.0
169,32,1,0,0.00023283064365386963,0,0.0
170,32,1,0,0.00023283064365386963,0,0.0
171,32,1,0,0.00023283064365386963,0,0.0
172,32,1,0,0.00023283064365386963,0,0.0
173,32,1,0,0.00023283064365386963,0,0.0
174,32,1,0,0.00023283064365386963,0,0.0
175,32,1,0,0.00023283064365386963,0,0.0
176,32,1,0,0.00023283064365386963,0,0.0
177,32,1,3,0.00023283064365386963,0,0.0
178,32,1,1,0.00023283064365386963,0,0.0
179,32,1,0,0.00023283064365386963,0,0.0
180,32,1,0,0.00023283064365386963,0,0.0
181,32,1,0,0.00023283064365386963,0,0.0
182,32,1,0,0.00023283064365386963,0,0.0
183,32,1,0,0.00023283064365386963,0,0.0
184,32,1,0,0.00023283064365386963,0,0.0
185,32,1,0,0.00023283064365386963,0,0.0
186,32,1,0,0.00023283064365386963,0,0.0
187,32,1,0,0.00023283064365386963,0,0.0
188,32,1,0,0.00023283064365386963,0,0.0
189,32,1,2,0.00023283064365386963,0,0.0
190,32,1,0,0.00023283064365386963,0,0.0
191,32,1,0,0.00023283064365386963,0,0.0
192,32,1,0,0.00023283064365386963,0,0.0
193,32,1,0,0.00023283064365386963,0,0.0
194,32,1,0,0.00023283064365386963,0,0.0
195,32,1,0,0.00023283064365386963,0,0.0
196,32,1,0,0.00023283064365386963,0,0.0
197,32,1,0,0.00023283064365386963,0,0.0
198,32,1,1,0.00023283064365386963,0,0.0
199,32,1,0,0.00023283064365386963,0,0.0
200,32,1,0,0.00023283064365386963,0,0.0
201,32,1,0,0.00023283064365386963,0,0.0
202,32,1,0,0.00023283064365386963,0,0.0
203,32,1,0,0.00023283064365386963,0,0.0
204,32,1,0,0.00023283064365386963,0,0.0
205,32,1,0,0.00023283064365386963,0,0.0
206,32,1,0,0.00023283064365386963,0,0.0
207,32,1,0,0.00023283064365386963,0,0.0
208,32,1,0,0.00023283064365386963,0,0.0
209,32,1,0,0.00023283064365386963,0,0.0
210,32,1,0,0.00023283064365386963,0,0.0
211,32,1,0,0.00023283064365386963,0,0.0
212,32,1,0,0.00023283064365386963,0,0.0
213,32,1,0,0.00023283064365386963,0,0.0
214,32,1,0,0.00023283064365386963,0,0.0
215,32,1,0,0.00023283064365386963,0,0.0
216,32,1,0,0.00023283064365386963,0,0.0
217,32,1,0,0.00023283064365386963,0,0.0
218,32,1,0,0.00023283064365386963,0,0.0
219,32,1,0,0.00023283064365386963,0,0.0
220,32,1,0,0.00023283064365386963,0,0.0
221,32,1,0,0.00023283064365386963,0,0.0
222,32,1,0,0.00023283064365386963,0,0.0
223,32,1,0,0.00023283064365386963,0,0.0
224,32,1,0,0.00023283064365386963,0,0.0
225,32,1,0,0.00023283064365386963,0,0.0
226,32,1,0,0.00023283064365386963,0,0.0
227,32,1,0,0.00023283064365386963,0,0.0
228,32,1,0,0.00023283064365386963,0,0.0
229,32,1,0,0.00023283064365386963,0,0.0
230,32,1,0,0.00023283064365386963,0,0.0
231,32,1,0,0.00023283064365386963,0,0.0
232,32,1,0,0.00023283064365386963,0,0.0
233,32,1,0,0.00023283064365386963,0,0.0
234,32,1,0,0.00023283064365386963,0,0.0
235,32,1,2,0.00023283064365386963,0,0.0
236,32,1,0,0.00023283064365386963,0,0.0
237,32,1,0,0.00023283064365386963,0,0.0
238,32,1,0,0.00023283064365386963,0,0.0
239,32,1,0,0.00023283064365386963,0,0.0
240,32,1,0,0.00023283064365386963,0,0.0
241,32,1,0,0.00023283064365386963,0,0.0
242,32,1,0,0.00023283064365386963,0,0.0
243,32,1,0,0.00023283064365386963,0,0.0
244,32,1,0,0.00023283064365386963,0,0.0
245,32,1,0,0.00023283064365386963,0,0.0
246,32,1,0,0.00023283064365386963,0,0.0
247,32,1,2,0.00023283064365386963,0,0.0
248,32,1,0,0.00023283064365386963,0,0.0
249,32,1,0,0.00023283064365386963,0,0.0
250,32,1,0,0.00023283064365386963,0,0.0
251,32,1,1,0.00023283064365386963,0,0.0
252,32,1,0,0.00023283064365386963,0,0.0
253,32,1,0,0.00023283064365386963,0,0.0
254,32,1,0,0.00023283064365386963,0,0.0
255,32,1,0,0.00023283064365386963,0,0.0
256,32,1,0,0.00023283064365386963,0,0.0
257,32,1,0,0.00023283064365386963,0,0.0
258,32,1,0,0.00023283064365386963,0,0.0
259,32,1,0,0.00023283064365386963,0,0.0
260,32,1,0,0.00023283064365386963,0,0.0
261,32,1,0,0.00023283064365386963,0,0.0
262,32,1,0,0.00023283064365386963,0,0.0
263,32,1,0,0.00023283064365386963,0,0.0
264,32,1,1,0.00023283064365386963,0,0.0
265,32,1,0,0.00023283064365386963,0,0.0
266,32,1,0,0.00023283064365386963,0,0.0
267,32,1,0,0.00023283064365386963,0,0.0
268,32,1,0,0.00023283064365386963,0,0.0
269,32,1,1,0.00023283064365386963,0,0.0
270,32,1,0,0.00023283064365386963,0,0.0
271,32,1,0,0.00023283064365386963,0,0.0
272,32,1,0,0.00023283064365386963,0,0.0
273,32,1,0,0.00023283064365386963,0,0.0
274,32,1,0,0.00023283064365386963,0,0.0
275,32,1,0,0.00023283064365386963,0,0.0
276,32,1,0,0.00023283064365386963,0,0.0
277,32,1,0,0.00023283064365386963,0,0.0
278,32,1,0,0.00023283064365386963,0,0.0
279,32,1,0,0.00023283064365386963,0,0.0
280,32,1,0,0.00023283064365386963,0,0.0
281,32,1,0,0.00023283064365386963,0,0.0
282,32,1,0,0.00023283064365386963,0,0.0
283,32,1,0,0.00023283064365386963,0,0.0
284,32,1,0,0.00023283064365386963,0,0.0
285,32,1,0,0.00023283064365386963,0,0.0
286,32,1,0,0.00023283064365386963,0,0.0
287,32,1,0,0.00023283064365386963,0,0.0
288,32,1,0,0.00023283064365386963,0,0.0
289,32,1,0,0.00023283064365386963,0,0.0
290,32,1,0,0.00023283064365386963,0,0.0
291,32,1,0,0.00023283064365386963,0,0.0
292,32,1,0,0.00023283064365386963,0,0.0
293,32,1,0,0.00023283064365386963,0,0.0
294,32,1,1,0.00023283064365386963,0,0.0
295,32,1,0,0.00023283064365386963,0,0.0
296,32,1,0,0.00023283064365386963,0,0.0
297,32,1,0,0.00023283064365386963,0,0.0
298,32,1,0,0.00023283064365386963,0,0.0
299,32,1,0,0.00023283064365386963,0,0.0
300,32,1,0,0.00023283064365386963,0,0.0
301,32,1,0,0.00023283064365386963,0,0.0
302,32,1,0,0.00023283064365386963,0,0.0
303,32,1,0,0.00023283064365386963,0,0.0
304,32,1,0,0.00023283064365386963,0,0.0
305,32,1,2,0.00023283064365386963,0,0.0
306,32,1,0,0.00023283064365386963,0,0.0
307,32,1,0,0.00023283064365386963,0,0.0
308,32,1,0,0.00023283064365386963,0,0.0
309,32,1,2,0.00023283064365386963,0,0.0
310,32,1,1,0.00023283064365386963,0,0.0
311,32,1,0,0.00023283064365386963,0,0.0
312,32,1,0,0.00023283064365386963,0,0.0
313,32,1,0,0.00023283064365386963,0,0.0
314,32,1,0,0.00023283064365386963,0,0.0
315,32,1,0,0.00023283064365386963,0,0.0
316,32,1,0,0.00023283064365386963,0,0.0
317,32,1,0,0.00023283064365386963,0,0.0
318,32,1,0,0.00023283064365386963,0,0.0
319,32,1,0,0.00023283064365386963,0,0.0
320,32,1,0,0.00023283064365386963,0,0.0
321,32,1,0,0.00023283064365386963,0,0.0
322,32,1,0,0.00023283064365386963,0,0.0
323,32,1,0,0.00023283064365386963,0,0.0
324,32,1,0,0.00023283064365386963,0,0.0
325,32,1,0,0.00023283064365386963,0,0.0
326,32,1,0,0.00023283064365386963,0,0.0
327,32,1,0,0.00023283064365386963,0,0.0
328,32,1,0,0.00023283064365386963,0,0.0
329,32,1,0,0.00023283064365386963,0,0.0
330,32,1,0,0.00023283064365386963,0,0.0
331,32,1,0,0.00023283064365386963,0,0.0
332,32,1,0,0.00023283064365386963,0,0.0
333,32,1,1,0.00023283064365386963,1,1.0
334,32,1,0,0.00023283064365386963,0,0.0
335,32,1,0,0.00023283064365386963,0,0.0
336,32,1,0,0.00023283064365386963,0,0.0
337,32,1,0,0.00023283064365386963,0,0.0
338,32,1,0,0.00023283064365386963,0,0.0
339,32,1,0,0.00023283064365386963,0,0.0
340,32,1,0,0.00023283064365386963,0,0.0
341,32,1,0,0.00023283064365386963,0,0.0
342,32,1,0,0.00023283064365386963,0,0.0
343,32,1,0,0.00023283064365386963,0,0.0
344,32,1,0,0.00023283064365386963,0,0.0
345,32,1,1,0.00023283064365386963,0,0.0
346,32,1,1,0.00023283064365386963,0,0.0
347,32,1,0,0.00023283064365386963,0,0.0
348,32,1,0,0.00023283064365386963,0,0.0
349,32,1,0,0.00023283064365386963,0,0.0
350,32,1,0,0.00023283064365386963,0,0.0
351,32,1,0,0.00023283064365386963,0,0.0
352,32,1,0,0.00023283064365386963,0,0.0
353,32,1,0,0.00023283064365386963,0,0.0
354,32,1,0,0.00023283064365386963,0,0.0
355,32,1,0,0.00023283064365386963,0,0.0
356,32,1,3,0.00023283064365386963,0,0.0
357,32,1,0,0.00023283064365386963,0,0.0
358,32,1,0,0.00023283064365386963,0,0.0
359,32,1,1,0.00023283064365386963,0,0.0
360,32,1,0,0.00023283064365386963,0,0.0
361,32,1,0,0.00023283064365386963,0,0.0
362,32,1,1,0.00023283064365386963,0,0.0
363,32,1,1,0.00023283064365386963,0,0.0
364,32,1,0,0.00023283064365386963,0,0.0
365,32,1,0,0.00023283064365386963,0,0.0
366,32,1,0,0.00023283064365386963,0,0.0
367,32,1,0,0.00023283064365386963,0,0.0
368,32,1,0,0.00023283064365386963,0,0.0
369,32,1,0,0.00023283064365386963,0,0.0
370,32,1,0,0.00023283064365386963,0,0.0
371,32,1,0,0.00023283064365386963,0,0.0
372,32,1,0,0.00023283064365386963,0,0.0
373,32,1,0,0.00023283064365386963,0,0.0
374,32,1,0,0.00023283064365386963,0,0.0
375,32,1,1,0.00023283064365386963,0,0.0
376,32,1,0,0.00023283064365386963,0,0.0
377,32,1,0,0.00023283064365386963,0,0.0
378,32,1,0,0.00023283064365386963,0,0.0
379,32,1,0,0.00023283064365386963,0,0.0
380,32,1,0,0.00023283064365386963,0,0.0
381,32,1,0,0.00023283064365386963,0,0.0
382,32,1,0,0.00023283064365386963,0,0.0
383,32,1,0,0.00023283064365386963,0,0.0
384,32,1,2,0.00023283064365386963,0,0.0
385,32,1,0,0.00023283064365386963,0,0.0
386,32,1,1,0.00023283064365386963,0,0.0
387,32,1,0,0.00023283064365386963,0,0.0
388,32,1,0,0.00023283064365386963,0,0.0
389,32,1,0,0.00023283064365386963,0,0.0
390,32,1,0,0.00023283064365386963,0,0.0
391,32,1,0,0.00023283064365386963,0,0.0
392,32,1,0,0.00023283064365386963,0,0.0
393,32,1,0,0.00023283064365386963,0,0.0
394,32,1,1,0.00023283064365386963,0,0.0
395,32,1,0,0.00023283064365386963,0,0.0
396,32,1,0,0.00023283064365386963,0,0.0
397,32,1,1,0.00023283064365386963,0,0.0
398,32,1,0,0.00023283064365386963,0,0.0
399,32,1,0,0.00023283064365386963,0,0.0
400,32,1,0,0.00023283064365386963,0,0.0
401,32,1,0,0.00023283064365386963,0,0.0
402,32,1,0,0.00023283064365386963,0,0.0
403,32,1,0,0.00023283064365386963,0,0.0
404,32,1,0,0.00023283064365386963,0,0.0
405,32,1,0,0.00023283064365386963,0,0.0
406,32,1,0,0.00023283064365386963,0,0.0
407,32,1,0,0.00023283064365386963,0,0.0
408,32,1,0,0.00023283064365386963,0,0.0
409,32,1,1,0.00023283064365386963,0,0.0
410,32,1,0,0.00023283064365386963,0,0.0
411,32,1,0,0.00023283064365386963,0,0.0
412,32,1,0,0.00023283064365386963,0,0.0
413,32,1,0,0.00023283064365386963,0,0.0
414,32,1,0,0.00023283064365386963,0,0.0
415,32,1,0,0.00023283064365386963,0,0.0
416,32,1,0,0.00023283064365386963,0,0.0
417,32,1,0,0.00023283064365386963,0,0.0
418,32,1,0,0.00023283064365386963,0,0.0
419,32,1,0,0.00023283064365386963,0,0.0
420,32,1,0,0.00023283064365386963,0,0.0
421,32,1,0,0.00023283064365386963,0,0.0
422,32,1,0,0.00023283064365386963,0,0.0
423,32,1,1,0.00023283064365386963,0,0.0
424,32,1,0,0.00023283064365386963,0,0.0
425,32,1,0,0.00023283064365386963,0,0.0
426,32,1,0,0.00023283064365386963,0,0.0
427,32,1,0,0.00023283064365386963,0,0.0
428,32,1,0,0.00023283064365386963,0,0.0
429,32,1,0,0.00023283064365386963,0,0.0
430,32,1,0,0.00023283064365386963,0,0.0
431,32,1,1,0.00023283064365386963,0,0.0
432,32,1,0,0.00023283064365386963,0,0.0
433,32,1,0,0.00023283064365386963,0,0.0
434,32,1,0,0.00023283064365386963,0,0.0
435,32,1,0,0.00023283064365386963,0,0.0
436,32,1,0,0.00023283064365386963,0,0.0
437,32,1,0,0.00023283064365386963,0,0.0
438,32,1,0,0.00023283064365386963,0,0.0
439,32,1,0,0.00023283064365386963,0,0.0
440,32,1,0,0.00023283064365386963,0,0.0
441,32,1,0,0.00023283064365386963,0,0.0
442,32,1,0,0.00023283064365386963,0,0.0
443,32,1,0,0.00023283064365386963,0,0.0
444,32,1,0,0.00023283064365386963,0,0.0
445,32,1,0,0.00023283064365386963,0,0.0
446,32,1,0,0.00023283064365386963,0,0.0
447,32,1,0,0.00023283064365386963,0,0.0
448,32,1,0,0.00023283064365386963,0,0.0
449,32,1,0,0.00023283064365386963,0,0.0
450,32,1,0,0.00023283064365386963,0,0.0
451,32,1,0,0.00023283064365386963,0,0.0
452,32,1,0,0.00023283064365386963,0,0.0
453,32,1,0,0.00023283064365386963,0,0.0
454,32,1,0,0.00023283064365386963,0,0.0
455,32,1,0,0.00023283064365386963,0,0.0
456,32,1,0,0.00023283064365386963,0,0.0
457,32,1,0,0.00023283064365386963,0,0.0
458,32,1,0,0.00023283064365386963,0,0.0
459,32,1,0,0.00023283064365386963,0,0.0
460,32,1,0,0.00023283064365386963,0,0.0
461,32,1,0,0.00023283064365386963,0,0.0
462,32,1,0,0.00023283064365386963,0,0.0
463,32,1,2,0.00023283064365386963,0,0.0
464,32,1,0,0.00023283064365386963,0,0.0
465,32,1,0,0.00023283064365386963,0,0.0
466,32,1,1,0.00023283064365386963,0,0.0
467,32,1,0,0.00023283064365386963,0,0.0
468,32,1,0,0.00023283064365386963,0,0.0
469,32,1,0,0.00023283064365386963,0,0.0
470,32,1,0,0.00023283064365386963,0,0.0
471,32,1,0,0.00023283064365386963,0,0.0
472,32,1,0,0.00023283064365386963,0,0.0
473,32,1,0,0.00023283064365386963,0,0.0
474,32,1,18,0.00023283064365386963,0,0.0
475,32,1,0,0.00023283064365386963,0,0.0
476,32,1,0,0.00023283064365386963,0,0.0
477,32,1,0,0.00023283064365386963,0,0.0
478,32,1,0,0.00023283064365386963,0,0.0
479,32,1,0,0.00023283064365386963,0,0.0
480,32,1,0,0.00023283064365386963,0,0.0
481,32,1,0,0.00023283064365386963,0,0.0
482,32,1,0,0.00023283064365386963,0,0.0
483,32,1,0,0.00023283064365386963,0,0.0
484,32,1,0,0.00023283064365386963,0,0.0
485,32,1,0,0.00023283064365386963,0,0.0
486,32,1,0,0.00023283064365386963,0,0.0
487,32,1,1,0.00023283064365386963,0,0.0
488,32,1,0,0.00023283064365386963,0,0.0
489,32,1,0,0.00023283064365386963,0,0.0
490,32,1,0,0.00023283064365386963,0,0.0
491,32,1,0,0.00023283064365386963,0,0.0
492,32,1,0,0.00023283064365386963,0,0.0
493,32,1,0,0.00023283064365386963,0,0.0
494,32,1,0,0.00023283064365386963,0,0.0
495,32,1,0,0.00023283064365386963,0,0.0
496,32,1,0,0.00023283064365386963,0,0.0
497,32,1,0,0.00023283064365386963,0,0.0
498,32,1,0,0.00023283064365386963,0,0.0
499,32,1,0,0.00023283064365386963,0,0.0
500,32,1,0,0.00023283064365386963,0,0.0
501,32,1,0,0.00023283064365386963,0,0.0
502,32,1,0,0.00023283064365386963,0,0.0
503,32,1,0,0.00023283064365386963,0,0.0
504,32,1,0,0.00023283064365386963,0,0.0
505,32,1,0,0.00023283064365386963,0,0.0
506,32,1,0,0.00023283064365386963,0,0.0
507,32,1,0,0.00023283064365386963,0,0.0
508,32,1,0,0.00023283064365386963,0,0.0
509,32,1,0,0.00023283064365386963,0,0.0
510,32,1,1,0.00023283064365386963,0,0.0
511,32,1,0,0.00023283064365386963,0,0.0
512,32,1,0,0.00023283064365386963,0,0.0
513,32,1,0,0.00023283064365386963,0,0.0
514,32,1,0,0.00023283064365386963,0,0.0
515,32,1,0,0.00023283064365386963,0,0.0
516,32,1,0,0.00023283064365386963,0,0.0
517,32,1,0,0.00023283064365386963,0,0.0
518,32,1,0,0.00023283064365386963,0,0.0
519,32,1,0,0.00023283064365386963,0,0.0
520,32,1,0,0.00023283064365386963,0,0.0
521,32,1,0,0.00023283064365386963,0,0.0
522,32,1,0,0.00023283064365386963,0,0.0
523,32,1,0,0.00023283064365386963,0,0.0
524,32,1,1,0.00023283064365386963,0,0.0
525,32,1,0,0.00023283064365386963,0,0.0
526,32,1,0,0.00023283064365386963,0,0.0
527,32,1,0,0.00023283064365386963,0,0.0
528,32,1,0,0.00023283064365386963,0,0.0
529,32,1,0,0.00023283064365386963,0,0.0
530,32,1,0,0.00023283064365386963,0,0.0
531,32,1,3,0.00023283064365386963,0,0.0
532,32,1,11,0.00023283064365386963,0,0.0
533,32,1,0,0.00023283064365386963,0,0.0
534,32,1,0,0.00023283064365386963,0,0.0
535,32,1,0,0.00023283064365386963,0,0.0
536,32,1,0,0.00023283064365386963,0,0.0
537,32,1,0,0.00023283064365386963,0,0.0
538,32,1,0,0.00023283064365386963,0,0.0
539,32,1,0,0.00023283064365386963,0,0.0
540,32,1,0,0.00023283064365386963,0,0.0
541,32,1,0,0.00023283064365386963,0,0.0
542,32,1,1,0.00023283064365386963,0,0.0
543,32,1,0,0.00023283064365386963,0,0.0
544,32,1,0,0.00023283064365386963,0,0.0
545,32,1,0,0.00023283064365386963,0,0.0
546,32,1,0,0.00023283064365386963,0,0.0
547,32,1,0,0.00023283064365386963,0,0.0
548,32,1,0,0.00023283064365386963,0,0.0
549,32,1,0,0.00023283064365386963,0,0.0
550,32,1,0,0.00023283064365386963,0,0.0
551,32,1,0,0.00023283064365386963,0,0.0
552,32,1,0,0.00023283064365386963,0,0.0
553,32,1,0,0.00023283064365386963,0,0.0
554,32,1,0,0.00023283064365386963,0,0.0
555,32,1,0,0.00023283064365386963,0,0.0
556,32,1,0,0.00023283064365386963,0,0.0
557,32,1,1,0.00023283064365386963,0,0.0
558,32,1,0,0.00023283064365386963,0,0.0
559,32,1,0,0.00023283064365386963,0,0.0
560,32,1,0,0.00023283064365386963,0,0.0
561,32,1,0,0.00023283064365386963,0,0.0
562,32,1,0,0.00023283064365386963,0,0.0
563,32,1,0,0.00023283064365386963,0,0.0
564,32,1,0,0.00023283064365386963,0,0.0
565,32,1,0,0.00023283064365386963,0,0.0
566,32,1,0,0.00023283064365386963,0,0.0
567,32,1,0,0.00023283064365386963,0,0.0
568,32,1,0,0.00023283064365386963,0,0.0
569,32,1,0,0.00023283064365386963,0,0.0
570,32,1,0,0.00023283064365386963,0,0.0
571,32,1,0,0.00023283064365386963,0,0.0
572,32,1,0,0.00023283064365386963,0,0.0
573,32,1,0,0.00023283064365386963,0,0.0
574,32,1,0,0.00023283064365386963,0,0.0
575,32,1,0,0.00023283064365386963,0,0.0
576,32,1,0,0.00023283064365386963,0,0.0
577,32,1,0,0.00023283064365386963,0,0.0
578,32,1,0,0.00023283064365386963,0,0.0
579,32,1,0,0.00023283064365386963,0,0.0
580,32,1,0,0.00023283064365386963,0,0.0
581,32,1,0,0.00023283064365386963,0,0.0
582,32,1,4,0.00023283064365386963,0,0.0
583,32,1,0,0.00023283064365386963,0,0.0
584,32,1,0,0.00023283064365386963,0,0.0
585,32,1,0,0.00023283064365386963,0,0.0
586,32,1,0,0.00023283064365386963,0,0.0
587,32,1,0,0.00023283064365386963,0,0.0
588,32,1,0,0.00023283064365386963,0,0.0
589,32,1,0,0.00023283064365386963,0,0.0
590,32,1,0,0.00023283064365386963,0,0.0
591,32,1,0,0.00023283064365386963,0,0.0
592,32,1,0,0.00023283064365386963,0,0.0
593,32,1,0,0.00023283064365386963,0,0.0
594,32,1,0,0.00023283064365386963,0,0.0
595,32,1,0,0.00023283064365386963,0,0.0
596,32,1,0,0.00023283064365386963,0,0.0
597,32,1,0,0.00023283064365386963,0,0.0
598,32,1,0,0.00023283064365386963,0,0.0
599,32,1,0,0.00023283064365386963,0,0.0
600,32,1,0,0.00023283064365386963,0,0.0
601,32,1,0,0.00023283064365386963,0,0.0
602,32,1,0,0.00023283064365386963,0,0.0
603,32,1,1,0.00023283064365386963,0,0.0
604,32,1,0,0.00023283064365386963,0,0.0
605,32,1,0,0.00023283064365386963,0,0.0
606,32,1,0,0.00023283064365386963,0,0.0
607,32,1,0,0.00023283064365386963,0,0.0
608,32,1,0,0.00023283064365386963,0,0.0
609,32,1,0,0.00023283064365386963,0,0.0
610,32,1,0,0.00023283064365386963,0,0.0
611,32,1,0,0.00023283064365386963,0,0.0
612,32,1,0,0.00023283064365386963,0,0.0
613,32,1,0,0.00023283064365386963,0,0.0
614,32,1,0,0.00023283064365386963,0,0.0
615,32,1,0,0.00023283064365386963,0,0.0
616,32,1,0,0.00023283064365386963,0,0.0
617,32,1,0,0.00023283064365386963,0,0.0
618,32,1,0,0.00023283064365386963,0,0.0
619,32,1,0,0.00023283064365386963,0,0.0
620,32,1,0,0.00023283064365386963,0,0.0
621,32,1,0,0.00023283064365386963,0,0.0
622,32,1,0,0.00023283064365386963,0,0.0
623,32,1,0,0.00023283064365386963,0,0.0
624,32,1,0,0.00023283064365386963,0,0.0
625,32,1,0,0.00023283064365386963,0,0.0
626,32,1,0,0.00023283064365386963,0,0.0
627,32,1,1,0.00023283064365386963,0,0.0
628,32,1,1,0.00023283064365386963,0,0.0
629,32,1,1,0.00023283064365386963,0,0.0
630,32,1,0,0.00023283064365386963,0,0.0
631,32,1,0,0.00023283064365386963,0,0.0
632,32,1,0,0.00023283064365386963,0,0.0
633,32,1,0,0.00023283064365386963,0,0.0
634,32,1,0,0.00023283064365386963,0,0.0
635,32,1,0,0.00023283064365386963,0,0.0
636,32,1,0,0.00023283064365386963,0,0.0
637,32,1,0,0.00023283064365386963,0,0.0
638,32,1,0,0.00023283064365386963,0,0.0
639,32,1,0,0.00023283064365386963,0,0.0
640,32,1,0,0.00023283064365386963,0,0.0
641,32,1,0,0.00023283064365386963,0,0.0
642,32,1,0,0.00023283064365386963,0,0.0
643,32,1,0,0.00023283064365386963,0,0.0
644,32,1,0,0.00023283064365386963,0,0.0
645,32,1,0,0.00023283064365386963,0,0.0
646,32,1,0,0.00023283064365386963,0,0.0
647,32,1,0,0.00023283064365386963,0,0.0
648,32,1,0,0.00023283064365386963,0,0.0
649,32,1,0,0.00023283064365386963,0,0.0
650,32,1,0,0.00023283064365386963,0,0.0
651,32,1,0,0.00023283064365386963,0,0.0
652,32,1,0,0.00023283064365386963,0,0.0
653,32,1,0,0.00023283064365386963,0,0.0
654,32,1,1,0.00023283064365386963,0,0.0
655,32,1,0,0.00023283064365386963,0,0.0
656,32,1,0,0.00023283064365386963,0,0.0
657,32,1,0,0.00023283064365386963,0,0.0
658,32,1,0,0.00023283064365386963,0,0.0
659,32,1,0,0.00023283064365386963,0,0.0
660,32,1,0,0.00023283064365386963,0,0.0
661,32,1,0,0.00023283064365386963,0,0.0
662,32,1,0,0.00023283064365386963,0,0.0
663,32,1,0,0.00023283064365386963,0,0.0
664,32,1,0,0.00023283064365386963,0,0.0
665,32,1,0,0.00023283064365386963,0,0.0
666,32,1,0,0.00023283064365386963,0,0.0
667,32,1,0,0.00023283064365386963,0,0.0
668,32,1,4,0.00023283064365386963,0,0.0
669,32,1,0,0.00023283064365386963,0,0.0
670,32,1,0,0.00023283064365386963,0,0.0
671,32,1,0,0.00023283064365386963,0,0.0
672,32,1,0,0.00023283064365386963,0,0.0
673,32,1,0,0.00023283064365386963,0,0.0
674,32,1,0,0.00023283064365386963,0,0.0
675,32,1,0,0.00023283064365386963,0,0.0
676,32,1,0,0.00023283064365386963,0,0.0
677,32,1,0,0.00023283064365386963,0,0.0
678,32,1,0,0.00023283064365386963,0,0.0
679,32,1,0,0.00023283064365386963,0,0.0
680,32,1,0,0.00023283064365386963,0,0.0
681,32,1,0,0.00023283064365386963,0,0.0
682,32,1,0,0.00023283064365386963,0,0.0
683,32,1,1,0.00023283064365386963,0,0.0
684,32,1,0,0.00023283064365386963,0,0.0
685,32,1,0,0.00023283064365386963,0,0.0
686,32,1,0,0.00023283064365386963,0,0.0
687,32,1,0,0.00023283064365386963,0,0.0
688,32,1,0,0.00023283064365386963,0,0.0
689,32,1,0,0.00023283064365386963,0,0.0
690,32,1,0,0.00023283064365386963,0,0.0
691,32,1,0,0.00023283064365386963,0,0.0
692,32,1,0,0.00023283064365386963,0,0.0
693,32,1,0,0.00023283064365386963,0,0.0
694,32,1,0,0.00023283064365386963,0,0.0
695,32,1,0,0.00023283064365386963,0,0.0
696,32,1,0,0.00023283064365386963,0,0.0
697,32,1,0,0.00023283064365386963,0,0.0
698,32,1,0,0.00023283064365386963,0,0.0
699,32,1,0,0.00023283064365386963,0,0.0
700,32,1,0,0.00023283064365386963,0,0.0
701,32,1,0,0.00023283064365386963,0,0.0
702,32,1,13,0.00023283064365386963,0,0.0
703,32,1,0,0.00023283064365386963,0,0.0
704,32,1,0,0.00023283064365386963,0,0.0
705,32,1,0,0.00023283064365386963,0,0.0
706,32,1,0,0.00023283064365386963,0,0.0
707,32,1,0,0.00023283064365386963,0,0.0
708,32,1,1,0.00023283064365386963,0,0.0
709,32,1,0,0.00023283064365386963,0,0.0
710,32,1,0,0.00023283064365386963,0,0.0
711,32,1,0,0.00023283064365386963,0,0.0
712,32,1,0,0.00023283064365386963,0,0.0
713,32,1,0,0.00023283064365386963,0,0.0
714,32,1,0,0.00023283064365386963,0,0.0
715,32,1,0,0.00023283064365386963,0,0.0
716,32,1,0,0.00023283064365386963,0,0.0
717,32,1,0,0.00023283064365386963,0,0.0
718,32,1,0,0.00023283064365386963,0,0.0
719,32,1,0,0.00023283064365386963,0,0.0
720,32,1,0,0.00023283064365386963,0,0.0
721,32,1,0,0.00023283064365386963,0,0.0
722,32,1,0,0.00023283064365386963,0,0.0
723,32,1,0,0.00023283064365386963,0,0.0
724,32,1,0,0.00023283064365386963,0,0.0
725,32,1,0,0.00023283064365386963,0,0.0
726,32,1,0,0.00023283064365386963,0,0.0
727,32,1,0,0.00023283064365386963,0,0.0
728,32,1,0,0.00023283064365386963,0,0.0
729,32,1,1,0.00023283064365386963,0,0.0
730,32,1,0,0.00023283064365386963,0,0.0
731,32,1,0,0.00023283064365386963,0,0.0
732,32,1,0,0.00023283064365386963,0,0.0
733,32,1,0,0.00023283064365386963,0,0.0
734,32,1,0,0.00023283064365386963,0,0.0
735,32,1,0,0.00023283064365386963,0,0.0
736,32,1,0,0.00023283064365386963,0,0.0
737,32,1,0,0.00023283064365386963,0,0.0
738,32,1,0,0.00023283064365386963,0,0.0
739,32,1,0,0.00023283064365386963,0,0.0
740,32,1,0,0.00023283064365386963,0,0.0
741,32,1,0,0.00023283064365386963,0,0.0
742,32,1,0,0.00023283064365386963,0,0.0
743,32,1,0,0.00023283064365386963,0,0.0
744,32,1,0,0.00023283064365386963,0,0.0
745,32,1,0,0.00023283064365386963,0,0.0
746,32,1,2,0.00023283064365386963,0,0.0
747,32,1,0,0.00023283064365386963,0,0.0
748,32,1,0,0.00023283064365386963,0,0.0
749,32,1,0,0.00023283064365386963,0,0.0
750,32,1,0,0.00023283064365386963,0,0.0
751,32,1,0,0.00023283064365386963,0,0.0
752,32,1,0,0.00023283064365386963,0,0.0
753,32,1,0,0.00023283064365386963,0,0.0
754,32,1,0,0.00023283064365386963,0,0.0
755,32,1,0,0.00023283064365386963,0,0.0
756,32,1,1,0.00023283064365386963,0,0.0
757,32,1,0,0.00023283064365386963,0,0.0
758,32,1,0,0.00023283064365386963,0,0.0
759,32,1,0,0.00023283064365386963,0,0.0
760,32,1,0,0.00023283064365386963,0,0.0
761,32,1,0,0.00023283064365386963,0,0.0
762,32,1,1,0.00023283064365386963,0,0.0
763,32,1,0,0.00023283064365386963,0,0.0
764,32,1,0,0.00023283064365386963,0,0.0
765,32,1,0,0.00023283064365386963,0,0.0
766,32,1,0,0.00023283064365386963,0,0.0
767,32,1,0,0.00023283064365386963,0,0.0
768,32,1,0,0.00023283064365386963,0,0.0
769,32,1,0,0.00023283064365386963,0,0.0
770,32,1,0,0.00023283064365386963,0,0.0
771,32,1,0,0.00023283064365386963,0,0.0
772,32,1,0,0.00023283064365386963,0,0.0
773,32,1,0,0.00023283064365386963,0,0.0
774,32,1,0,0.00023283064365386963,0,0.0
775,32,1,0,0.00023283064365386963,0,0.0
776,32,1,0,0.00023283064365386963,0,0.0
777,32,1,0,0.00023283064365386963,0,0.0
778,32,1,0,0.00023283064365386963,0,0.0
779,32,1,0,0.00023283064365386963,0,0.0
780,32,1,0,0.00023283064365386963,0,0.0
781,32,1,1,0.00023283064365386963,0,0.0
782,32,1,0,0.00023283064365386963,0,0.0
783,32,1,0,0.00023283064365386963,0,0.0
784,32,1,0,0.00023283064365386963,0,0.0
785,32,1,0,0.00023283064365386963,0,0.0
786,32,1,0,0.00023283064365386963,0,0.0
787,32,1,0,0.00023283064365386963,0,0.0
788,32,1,0,0.00023283064365386963,0,0.0
789,32,1,0,0.00023283064365386963,0,0.0
790,32,1,0,0.00023283064365386963,0,0.0
791,32,1,0,0.00023283064365386963,0,0.0
792,32,1,0,0.00023283064365386963,0,0.0
793,32,1,1,0.00023283064365386963,0,0.0
794,32,1,0,0.00023283064365386963,0,0.0
795,32,1,0,0.00023283064365386963,0,0.0
796,32,1,0,0.00023283064365386963,0,0.0
797,32,1,0,0.00023283064365386963,0,0.0
798,32,1,0,0.00023283064365386963,0,0.0
799,32,1,0,0.00023283064365386963,0,0.0
800,32,1,0,0.00023283064365386963,0,0.0
801,32,1,0,0.00023283064365386963,0,0.0
802,32,1,0,0.00023283064365386963,0,0.0
803,32,1,0,0.00023283064365386963,0,0.0
804,32,1,0,0.00023283064365386963,0,0.0
805,32,1,1,0.00023283064365386963,0,0.0
806,32,1,0,0.00023283064365386963,0,0.0
807,32,1,0,0.00023283064365386963,0,0.0
808,32,1,0,0.00023283064365386963,0,0.0
809,32,1,2,0.00023283064365386963,0,0.0
810,32,1,0,0.00023283064365386963,0,0.0
811,32,1,0,0.00023283064365386963,0,0.0
812,32,1,0,0.00023283064365386963,0,0.0
813,32,1,0,0.00023283064365386963,0,0.0
814,32,1,0,0.00023283064365386963,0,0.0
815,32,1,0,0.00023283064365386963,0,0.0
816,32,1,1,0.00023283064365386963,0,0.0
817,32,1,0,0.00023283064365386963,0,0.0
818,32,1,0,0.00023283064365386963,0,0.0
819,32,1,1,0.00023283064365386963,0,0.0
820,32,1,0,0.00023283064365386963,0,0.0
821,32,1,0,0.00023283064365386963,0,0.0
822,32,1,0,0.00023283064365386963,0,0.0
823,32,1,0,0.00023283064365386963,0,0.0
824,32,1,0,0.00023283064365386963,0,0.0
825,32,1,0,0.00023283064365386963,0,0.0
826,32,1,0,0.00023283064365386963,0,0.0
827,32,1,1,0.00023283064365386963,0,0.0
828,32,1,0,0.00023283064365386963,0,0.0
829,32,1,0,0.00023283064365386963,0,0.0
830,32,1,1,0.00023283064365386963,0,0.0
831,32,1,0,0.00023283064365386963,0,0.0
832,32,1,0,0.00023283064365386963,0,0.0
833,32,1,0,0.00023283064365386963,0,0.0
834,32,1,1,0.00023283064365386963,0,0.0
835,32,1,0,0.00023283064365386963,0,0.0
836,32,1,0,0.00023283064365386963,0,0.0
837,32,1,0,0.00023283064365386963,0,0.0
838,32,1,0,0.00023283064365386963,0,0.0
839,32,1,2,0.00023283064365386963,0,0.0
840,32,1,0,0.00023283064365386963,0,0.0
841,32,1,0,0.00023283064365386963,0,0.0
842,32,1,1,0.00023283064365386963,0,0.0
843,32,1,0,0.00023283064365386963,0,0.0
844,32,1,0,0.00023283064365386963,0,0.0
845,32,1,0,0.00023283064365386963,0,0.0
846,32,1,0,0.00023283064365386963,0,0.0
847,32,1,0,0.00023283064365386963,0,0.0
848,32,1,0,0.00023283064365386963,0,0.0
849,32,1,0,0.00023283064365386963,0,0.0
850,32,1,0,0.00023283064365386963,0,0.0
851,32,1,2,0.00023283064365386963,0,0.0
852,32,1,0,0.00023283064365386963,0,0.0
853,32,1,0,0.00023283064365386963,0,0.0
854,32,1,0,0.00023283064365386963,0,0.0
855,32,1,1,0.00023283064365386963,0,0.0
856,32,1,0,0.00023283064365386963,0,0.0
857,32,1,0,0.00023283064365386963,0,0.0
858,32,1,3,0.00023283064365386963,0,0.0
859,32,1,0,0.00023283064365386963,0,0.0
860,32,1,0,0.00023283064365386963,0,0.0
861,32,1,0,0.00023283064365386963,0,0.0
862,32,1,0,0.00023283064365386963,0,0.0
863,32,1,0,0.00023283064365386963,0,0.0
864,32,1,0,0.00023283064365386963,0,0.0
865,32,1,2,0.00023283064365386963,0,0.0
866,32,1,0,0.00023283064365386963,0,0.0
867,32,1,0,0.00023283064365386963,0,0.0
868,32,1,0,0.00023283064365386963,0,0.0
869,32,1,1,0.00023283064365386963,0,0.0
870,32,1,0,0.00023283064365386963,0,0.0
871,32,1,0,0.00023283064365386963,0,0.0
872,32,1,0,0.00023283064365386963,0,0.0
873,32,1,0,0.00023283064365386963,0,0.0
874,32,1,0,0.00023283064365386963,0,0.0
875,32,1,1,0.00023283064365386963,0,0.0
876,32,1,0,0.00023283064365386963,0,0.0
877,32,1,0,0.00023283064365386963,0,0.0
878,32,1,0,0.00023283064365386963,0,0.0
879,32,1,0,0.00023283064365386963,0,0.0
880,32,1,0,0.00023283064365386963,0,0.0
881,32,1,0,0.00023283064365386963,0,0.0
882,32,1,0,0.00023283064365386963,0,0.0
883,32,1,0,0.00023283064365386963,0,0.0
884,32,1,0,0.00023283064365386963,0,0.0
885,32,1,0,0.00023283064365386963,0,0.0
886,32,1,0,0.00023283064365386963,0,0.0
887,32,1,0,0.00023283064365386963,0,0.0
888,32,1,0,0.00023283064365386963,0,0.0
889,32,1,0,0.00023283064365386963,0,0.0
890,32,1,0,0.00023283064365386963,0,0.0
891,32,1,1,0.00023283064365386963,0,0.0
892,32,1,0,0.00023283064365386963,0,0.0
893,32,1,0,0.00023283064365386963,0,0.0
894,32,1,0,0.00023283064365386963,0,0.0
895,32,1,0,0.00023283064365386963,0,0.0
896,32,1,0,0.00023283064365386963,0,0.0
897,32,1,0,0.00023283064365386963,0,0.0
898,32,1,0,0.00023283064365386963,0,0.0
899,32,1,0,0.00023283064365386963,0,0.0
900,32,1,0,0.00023283064365386963,0,0.0
901,32,1,0,0.00023283064365386963,0,0.0
902,32,1,0,0.00023283064365386963,0,0.0
903,32,1,0,0.00023283064365386963,0,0.0
904,32,1,0,0.00023283064365386963,0,0.0
905,32,1,0,0.00023283064365386963,0,0.0
906,32,1,0,0.00023283064365386963,0,0.0
907,32,1,0,0.00023283064365386963,0,0.0
908,32,1,0,0.00023283064365386963,0,0.0
909,32,1,0,0.00023283064365386963,0,0.0
910,32,1,0,0.00023283064365386963,0,0.0
911,32,1,0,0.00023283064365386963,0,0.0
912,32,1,0,0.00023283064365386963,0,0.0
913,32,1,0,0.00023283064365386963,0,0.0
914,32,1,0,0.00023283064365386963,0,0.0
915,32,1,1,0.00023283064365386963,0,0.0
916,32,1,0,0.00023283064365386963,0,0.0
917,32,1,0,0.00023283064365386963,0,0.0
918,32,1,0,0.00023283064365386963,0,0.0
919,32,1,0,0.00023283064365386963,0,0.0
920,32,1,0,0.00023283064365386963,0,0.0
921,32,1,0,0.00023283064365386963,0,0.0
922,32,1,0,0.00023283064365386963,0,0.0
923,32,1,0,0.00023283064365386963,0,0.0
924,32,1,0,0.00023283064365386963,0,0.0
925,32,1,0,0.00023283064365386963,0,0.0
926,32,1,1,0.00023283064365386963,0,0.0
927,32,1,0,0.00023283064365386963,0,0.0
928,32,1,1,0.00023283064365386963,0,0.0
929,32,1,0,0.00023283064365386963,0,0.0
930,32,1,0,0.00023283064365386963,0,0.0
931,32,1,0,0.00023283064365386963,0,0.0
932,32,1,0,0.00023283064365386963,0,0.0
933,32,1,0,0.00023283064365386963,0,0.0
934,32,1,0,0.00023283064365386963,0,0.0
935,32,1,0,0.00023283064365386963,0,0.0
936,32,1,0,0.00023283064365386963,0,0.0
937,32,1,0,0.00023283064365386963,0,0.0
938,32,1,0,0.00023283064365386963,0,0.0
939,32,1,0,0.00023283064365386963,0,0.0
940,32,1,0,0.00023283064365386963,0,0.0
941,32,1,0,0.00023283064365386963,0,0.0
942,32,1,0,0.00023283064365386963,0,0.0
943,32,1,0,0.00023283064365386963,0,0.0
944,32,1,0,0.00023283064365386963,0,0.0
945,32,1,0,0.00023283064365386963,0,0.0
946,32,1,0,0.00023283064365386963,0,0.0
947,32,1,0,0.00023283064365386963,0,0.0
948,32,1,0,0.00023283064365386963,0,0.0
949,32,1,0,0.00023283064365386963,0,0.0
950,32,1,0,0.00023283064365386963,0,0.0
951,32,1,0,0.00023283064365386963,0,0.0
952,32,1,0,0.00023283064365386963,0,0.0
953,32,1,0,0.00023283064365386963,0,0.0
954,32,1,0,0.00023283064365386963,0,0.0
955,32,1,0,0.00023283064365386963,0,0.0
956,32,1,0,0.00023283064365386963,0,0.0
957,32,1,0,0.00023283064365386963,0,0.0
958,32,1,0,0.00023283064365386963,0,0.0
959,32,1,0,0.00023283064365386963,0,0.0
960,32,1,0,0.00023283064365386963,0,0.0
961,32,1,0,0.00023283064365386963,0,0.0
962,32,1,0,0.00023283064365386963,0,0.0
963,32,1,0,0.00023283064365386963,0,0.0
964,32,1,0,0.00023283064365386963,0,0.0
965,32,1,1,0.00023283064365386963,0,0.0
966,32,1,0,0.00023283064365386963,0,0.0
967,32,1,0,0.00023283064365386963,0,0.0
968,32,1,0,0.00023283064365386963,0,0.0
969,32,1,0,0.00023283064365386963,0,0.0
970,32,1,0,0.00023283064365386963,0,0.0
971,32,1,0,0.00023283064365386963,0,0.0
972,32,1,0,0.00023283064365386963,0,0.0
973,32,1,0,0.00023283064365386963,0,0.0
974,32,1,0,0.00023283064365386963,0,0.0
975,32,1,0,0.00023283064365386963,0,0.0
976,32,1,0,0.00023283064365386963,0,0.0
977,32,1,0,0.00023283064365386963,0,0.0
978,32,1,0,0.00023283064365386963,0,0.0
979,32,1,0,0.00023283064365386963,0,0.0
980,32,1,0,0.00023283064365386963,0,0.0
981,32,1,0,0.00023283064365386963,0,0.0
982,32,1,0,0.00023283064365386963,0,0.0
983,32,1,2,0.00023283064365386963,0,0.0
984,32,1,0,0.00023283064365386963,0,0.0
985,32,1,0,0.00023283064365386963,0,0.0
986,32,1,0,0.00023283064365386963,0,0.0
987,32,1,0,0.00023283064365386963,0,0.0
988,32,1,0,0.00023283064365386963,0,0.0
989,32,1,0,0.00023283064365386963,0,0.0
990,32,1,0,0.00023283064365386963,0,0.0
991,32,1,0,0.00023283064365386963,0,0.0
992,32,1,0,0.00023283064365386963,0,0.0
993,32,1,0,0.00023283064365386963,0,0.0
994,32,1,0,0.00023283064365386963,0,0.0
995,32,1,0,0.00023283064365386963,0,0.0
996,32,1,0,0.00023283064365386963,0,0.0
997,32,1,0,0.00023283064365386963,0,0.0
998,32,1,0,0.00023283064365386963,0,0.0
999,32,1,0,0.00023283064365386963,0,0.0
0,32,10,0,0.00023283064365386963,0,0.0
1,32,10,0,0.00023283064365386963,0,0.0
2,32,10,0,0.00023283064365386963,0,0.0
3,32,10,0,0.00023283064365386963,0,0.0
4,32,10,0,0.00023283064365386963,0,0.0
5,32,10,0,0.00023283064365386963,0,0.0
6,32,10,0,0.00023283064365386963,0,0.0
7,32,10,0,0.00023283064365386963,0,0.0
8,32,10,2,0.00023283064365386963,1,0.1
9,32,10,1,0.00023283064365386963,0,0.0
10,32,10,0,0.00023283064365386963,0,0.0
11,32,10,0,0.00023283064365386963,0,0.0
12,32,10,0,0.00023283064365386963,0,0.0
13,32,10,0,0.00023283064365386963,0,0.0
14,32,10,0,0.00023283064365386963,0,0.0
15,32,10,0,0.00023283064365386963,0,0.0
16,32,10,0,0.00023283064365386963,0,0.0
17,32,10,0,0.00023283064365386963,0,0.0
18,32,10,0,0.00023283064365386963,0,0.0
19,32,10,0,0.00023283064365386963,0,0.0
20,32,10,0,0.00023283064365386963,0,0.0
21,32,10,3,0.00023283064365386963,0,0.0
22,32,10,0,0.00023283064365386963,0,0.0
23,32,10,0,0.00023283064365386963,0,0.0
24,32,10,0,0.00023283064365386963,0,0.0
25,32,10,0,0.00023283064365386963,0,0.0
26,32,10,4,0.00023283064365386963,0,0.0
27,32,10,18,0.00023283064365386963,0,0.0
28,32,10,0,0.00023283064365386963,0,0.0
29,32,10,0,0.00023283064365386963,0,0.0
30,32,10,0,0.00023283064365386963,0,0.0
31,32,10,0,0.00023283064365386963,0,0.0
32,32,10,3,0.00023283064365386963,0,0.0
33,32,10,0,0.00023283064365386963,0,0.0
34,32,10,0,0.00023283064365386963,0,0.0
35,32,10,0,0.00023283064365386963,0,0.0
36,32,10,0,0.00023283064365386963,0,0.0
37,32,10,0,0.00023283064365386963,0,0.0
38,32,10,0,0.00023283064365386963,0,0.0
39,32,10,0,0.00023283064365386963,0,0.0
40,32,10,0,0.00023283064365386963,0,0.0
41,32,10,0,0.00023283064365386963,0,0.0
42,32,10,0,0.00023283064365386963,0,0.0
43,32,10,3,0.00023283064365386963,0,0.0
44,32,10,0,0.00023283064365386963,0,0.0
45,32,10,1,0.00023283064365386963,0,0.0
46,32,10,0,0.00023283064365386963,0,0.0
47,32,10,1,0.00023283064365386963,0,0.0
48,32,10,0,0.00023283064365386963,0,0.0
49,32,10,0,0.00023283064365386963,0,0.0
50,32,10,0,0.00023283064365386963,0,0.0
51,32,10,1,0.00023283064365386963,0,0.0
52,32,10,0,0.00023283064365386963,0,0.0
53,32,10,3,0.00023283064365386963,0,0.0
54,32,10,1,0.00023283064365386963,0,0.0
55,32,10,0,0.00023283064365386963,0,0.0
56,32,10,0,0.00023283064365386963,0,0.0
57,32,10,0,0.00023283064365386963,0,0.0
58,32,10,0,0.00023283064365386963,0,0.0
59,32,10,0,0.00023283064365386963,0,0.0
60,32,10,0,0.00023283064365386963,0,0.0
61,32,10,1,0.00023283064365386963,0,0.0
62,32,10,0,0.00023283064365386963,0,0.0
63,32,10,0,0.00023283064365386963,0,0.0
64,32,10,0,0.00023283064365386963,0,0.0
65,32,10,0,0.00023283064365386963,0,0.0
66,32,10,0,0.00023283064365386963,0,0.0
67,32,10,0,0.00023283064365386963,0,0.0
68,32,10,0,0.00023283064365386963,0,0.0
69,32,10,0,0.00023283064365386963,0,0.0
70,32,10,0,0.00023283064365386963,0,0.0
71,32,10,0,0.00023283064365386963,0,0.0
72,32,10,0,0.00023283064365386963,0,0.0
73,32,10,0,0.00023283064365386963,0,0.0
74,32,10,0,0.00023283064365386963,0,0.0
75,32,10,0,0.00023283064365386963,0,0.0
76,32,10,0,0.00023283064365386963,0,0.0
77,32,10,0,0.00023283064365386963,0,0.0
78,32,10,0,0.00023283064365386963,0,0.0
79,32,10,0,0.00023283064365386963,0,0.0
80,32,10,0,0.00023283064365386963,0,0.0
81,32,10,0,0.00023283064365386963,0,0.0
82,32,10,0,0.00023283064365386963,0,0.0
83,32,10,0,0.00023283064365386963,0,0.0
84,32,10,0,0.00023283064365386963,0,0.0
85,32,10,0,0.00023283064365386963,0,0.0
86,32,10,0,0.00023283064365386963,0,0.0
87,32,10,0,0.00023283064365386963,0,0.0
88,32,10,0,0.00023283064365386963,0,0.0
89,32,10,1,0.00023283064365386963,0,0.0
90,32,10,0,0.00023283064365386963,0,0.0
91,32,10,0,0.00023283064365386963,0,0.0
92,32,10,0,0.00023283064365386963,0,0.0
93,32,10,0,0.00023283064365386963,0,0.0
94,32,10,0,0.00023283064365386963,0,0.0
95,32,10,0,0.00023283064365386963,0,0.0
96,32,10,0,0.00023283064365386963,0,0.0
97,32,10,0,0.00023283064365386963,0,0.0
98,32,10,0,0.00023283064365386963,0,0.0
99,32,10,0,0.00023283064365386963,0,0.0
100,32,10,0,0.00023283064365386963,0,0.0
101,32,10,0,0.00023283064365386963,0,0.0
102,32,10,0,0.00023283064365386963,0,0.0
103,32,10,0,0.00023283064365386963,0,0.0
104,32,10,0,0.00023283064365386963,0,0.0
105,32,10,0,0.00023283064365386963,0,0.0
106,32,10,0,0.00023283064365386963,0,0.0
107,32,10,0,0.00023283064365386963,0,0.0
108,32,10,0,0.00023283064365386963,0,0.0
109,32,10,0,0.00023283064365386963,0,0.0
110,32,10,0,0.00023283064365386963,0,0.0
111,32,10,0,0.00023283064365386963,0,0.0
112,32,10,0,0.00023283064365386963,0,0.0
113,32,10,0,0.00023283064365386963,0,0.0
114,32,10,0,0.00023283064365386963,0,0.0
115,32,10,0,0.00023283064365386963,0,0.0
116,32,10,0,0.00023283064365386963,0,0.0
117,32,10,0,0.00023283064365386963,0,0.0
118,32,10,2,0.00023283064365386963,0,0.0
119,32,10,0,0.00023283064365386963,0,0.0
120,32,10,0,0.00023283064365386963,0,0.0
121,32,10,1,0.00023283064365386963,0,0.0
122,32,10,0,0.00023283064365386963,0,0.0
123,32,10,0,0.00023283064365386963,0,0.0
124,32,10,0,0.00023283064365386963,0,0.0
125,32,10,0,0.00023283064365386963,0,0.0
126,32,10,0,0.00023283064365386963,0,0.0
127,32,10,0,0.00023283064365386963,0,0.0
128,32,10,0,0.00023283064365386963,0,0.0
129,32,10,0,0.00023283064365386963,0,0.0
130,32,10,0,0.00023283064365386963,0,0.0
131,32,10,0,0.00023283064365386963,0,0.0
132,32,10,0,0.00023283064365386963,0,0.0
133,32,10,0,0.00023283064365386963,0,0.0
134,32,10,0,0.00023283064365386963,0,0.0
135,32,10,1,0.00023283064365386963,0,0.0
136,32,10,0,0.00023283064365386963,0,0.0
137,32,10,0,0.00023283064365386963,0,0.0
138,32,10,0,0.00023283064365386963,0,0.0
139,32,10,0,0.00023283064365386963,0,0.0
140,32,10,0,0.00023283064365386963,0,0.0
141,32,10,0,0.00023283064365386963,0,0.0
142,32,10,0,0.00023283064365386963,0,0.0
143,32,10,0,0.00023283064365386963,0,0.0
144,32,10,0,0.00023283064365386963,0,0.0
145,32,10,0,0.00023283064365386963,0,0.0
146,32,10,0,0.00023283064365386963,0,0.0
147,32,10,0,0.00023283064365386963,0,0.0
148,32,10,0,0.00023283064365386963,0,0.0
149,32,10,0,0.00023283064365386963,0,0.0
150,32,10,0,0.00023283064365386963,0,0.0
151,32,10,0,0.00023283064365386963,0,0.0
152,32,10,0,0.00023283064365386963,0,0.0
153,32,10,0,0.00023283064365386963,0,0.0
154,32,10,0,0.00023283064365386963,0,0.0
155,32,10,0,0.00023283064365386963,0,0.0
156,32,10,0,0.00023283064365386963,0,0.0
157,32,10,0,0.00023283064365386963,0,0.0
158,32,10,0,0.00023283064365386963,0,0.0
159,32,10,0,0.00023283064365386963,0,0.0
160,32,10,0,0.00023283064365386963,0,0.0
161,32,10,0,0.00023283064365386963,0,0.0
162,32,10,1,0.00023283064365386963,0,0.0
163,32,10,0,0.00023283064365386963,0,0.0
164,32,10,0,0.00023283064365386963,0,0.0
165,32,10,0,0.00023283064365386963,0,0.0
166,32,10,0,0.00023283064365386963,0,0.0
167,32,10,0,0.00023283064365386963,0,0.0
168,32,10,0,0.00023283064365386963,0,0.0
169,32,10,0,0.00023283064365386963,0,0.0
170,32,10,0,0.00023283064365386963,0,0.0
171,32,10,0,0.00023283064365386963,0,0.0
172,32,10,0,0.00023283064365386963,0,0.0
173,32,10,0,0.00023283064365386963,0,0.0
174,32,10,0,0.00023283064365386963,0,0.0
175,32,10,0,0.00023283064365386963,0,0.0
176,32,10,0,0.00023283064365386963,0,0.0
177,32,10,3,0.00023283064365386963,0,0.0
178,32,10,1,0.00023283064365386963,0,0.0
179,32,10,0,0.00023283064365386963,0,0.0
180,32,10,0,0.00023283064365386963,0,0.0
181,32,10,0,0.00023283064365386963,0,0.0
182,32,10,0,0.00023283064365386963,0,0.0
183,32,10,0,0.00023283064365386963,0,0.0
184,32,10,0,0.00023283064365386963,0,0.0
185,32,10,0,0.00023283064365386963,0,0.0
186,32,10,0,0.00023283064365386963,0,0.0
187,32,10,0,0.00023283064365386963,0,0.0
188,32,10,0,0.00023283064365386963,0,0.0
189,32,10,2,0.00023283064365386963,0,0.0
190,32,10,0,0.00023283064365386963,0,0.0
191,32,10,0,0.00023283064365386963,0,0.0
192,32,10,0,0.00023283064365386963,0,0.0
193,32,10,0,0.00023283064365386963,0,0.0
194,32,10,0,0.00023283064365386963,0,0.0
195,32,10,0,0.00023283064365386963,0,0.0
196,32,10,0,0.00023283064365386963,0,0.0
197,32,10,0,0.00023283064365386963,0,0.0
198,32,10,1,0.00023283064365386963,1,0.1
199,32,10,0,0.00023283064365386963,0,0.0
200,32,10,0,0.00023283064365386963,0,0.0
201,32,10,0,0.00023283064365386963,0,0.0
202,32,10,0,0.00023283064365386963,0,0.0
203,32,10,0,0.00023283064365386963,0,0.0
204,32,10,0,0.00023283064365386963,0,0.0
205,32,10,0,0.00023283064365386963,0,0.0
206,32,10,0,0.00023283064365386963,0,0.0
207,32,10,0,0.00023283064365386963,0,0.0
208,32,10,0,0.00023283064365386963,0,0.0
209,32,10,0,0.00023283064365386963,0,0.0
210,32,10,0,0.00023283064365386963,0,0.0
211,32,10,0,0.00023283064365386963,0,0.0
212,32,10,0,0.00023283064365386963,0,0.0
213,32,10,0,0.00023283064365386963,0,0.0
214,32,10,0,0.00023283064365386963,0,0.0
215,32,10,0,0.00023283064365386963,0,0.0
216,32,10,0,0.00023283064365386963,0,0.0
217,32,10,0,0.00023283064365386963,0,0.0
218,32,10,0,0.00023283064365386963,0,0.0
219,32,10,0,0.00023283064365386963,0,0.0
220,32,10,0,0.00023283064365386963,0,0.0
221,32,10,0,0.00023283064365386963,0,0.0
222,32,10,0,0.00023283064365386963,0,0.0
223,32,10,0,0.00023283064365386963,0,0.0
224,32,10,0,0.00023283064365386963,0,0.0
225,32,10,0,0.00023283064365386963,0,0.0
226,32,10,0,0.00023283064365386963,0,0.0
227,32,10,0,0.00023283064365386963,0,0.0
228,32,10,0,0.00023283064365386963,0,0.0
229,32,10,0,0.00023283064365386963,0,0.0
230,32,10,0,0.00023283064365386963,0,0.0
231,32,10,0,0.00023283064365386963,0,0.0
232,32,10,0,0.00023283064365386963,0,0.0
233,32,10,0,0.00023283064365386963,0,0.0
234,32,10,0,0.00023283064365386963,0,0.0
235,32,10,2,0.00023283064365386963,0,0.0
236,32,10,0,0.00023283064365386963,0,0.0
237,32,10,0,0.00023283064365386963,0,0.0
238,32,10,0,0.00023283064365386963,0,0.0
239,32,10,0,0.00023283064365386963,0,0.0
240,32,10,0,0.00023283064365386963,0,0.0
241,32,10,0,0.00023283064365386963,0,0.0
242,32,10,0,0.00023283064365386963,0,0.0
243,32,10,0,0.00023283064365386963,0,0.0
244,32,10,0,0.00023283064365386963,0,0.0
245,32,10,0,0.00023283064365386963,0,0.0
246,32,10,0,0.00023283064365386963,0,0.0
247,32,10,2,0.00023283064365386963,0,0.0
248,32,10,0,0.00023283064365386963,0,0.0
249,32,10,0,0.00023283064365386963,0,0.0
250,32,10,0,0.00023283064365386963,0,0.0
251,32,10,1,0.00023283064365386963,0,0.0
252,32,10,0,0.00023283064365386963,0,0.0
253,32,10,0,0.00023283064365386963,0,0.0
254,32,10,0,0.00023283064365386963,0,0.0
255,32,10,0,0.00023283064365386963,0,0.0
256,32,10,0,0.00023283064365386963,0,0.0
257,32,10,0,0.00023283064365386963,0,0.0
258,32,10,0,0.00023283064365386963,0,0.0
259,32,10,0,0.00023283064365386963,0,0.0
260,32,10,0,0.00023283064365386963,0,0.0
261,32,10,0,0.00023283064365386963,0,0.0
262,32,10,0,0.00023283064365386963,0,0.0
263,32,10,0,0.00023283064365386963,0,0.0
264,32,10,1,0.00023283064365386963,0,0.0
265,32,10,0,0.00023283064365386963,0,0.0
266,32,10,0,0.00023283064365386963,0,0.0
267,32,10,0,0.00023283064365386963,0,0.0
268,32,10,0,0.00023283064365386963,0,0.0
269,32,10,1,0.00023283064365386963,0,0.0
270,32,10,0,0.00023283064365386963,0,0.0
271,32,10,0,0.00023283064365386963,0,0.0
272,32,10,0,0.00023283064365386963,0,0.0
273,32,10,0,0.00023283064365386963,0,0.0
274,32,10,0,0.00023283064365386963,0,0.0
275,32,10,0,0.00023283064365386963,0,0.0
276,32,10,0,0.00023283064365386963,0,0.0
277,32,10,0,0.00023283064365386963,0,0.0
278,32,10,0,0.00023283064365386963,0,0.0
279,32,10,0,0.00023283064365386963,0,0.0
280,32,10,0,0.00023283064365386963,0,0.0
281,32,10,0,0.00023283064365386963,0,0.0
282,32,10,0,0.00023283064365386963,0,0.0
283,32,10,0,0.00023283064365386963,0,0.0
284,32,10,0,0.00023283064365386963,0,0.0
285,32,10,0,0.00023283064365386963,0,0.0
286,32,10,0,0.00023283064365386963,0,0.0
287,32,10,0,0.00023283064365386963,0,0.0
288,32,10,0,0.00023283064365386963,0,0.0
289,32,10,0,0.00023283064365386963,0,0.0
290,32,10,0,0.00023283064365386963,0,0.0
291,32,10,0,0.00023283064365386963,0,0.0
292,32,10,0,0.00023283064365386963,0,0.0
293,32,10,0,0.00023283064365386963,0,0.0
294,32,10,1,0.00023283064365386963,0,0.0
295,32,10,0,0.00023283064365386963,0,0.0
296,32,10,0,0.00023283064365386963,0,0.0
297,32,10,0,0.00023283064365386963,0,0.0
298,32,10,0,0.00023283064365386963,0,0.0
299,32,10,0,0.00023283064365386963,0,0.0
300,32,10,0,0.00023283064365386963,0,0.0
301,32,10,0,0.00023283064365386963,0,0.0
302,32,10,0,0.00023283064365386963,0,0.0
303,32,10,0,0.00023283064365386963,0,0.0
304,32,10,0,0.00023283064365386963,0,0.0
305,32,10,2,0.00023283064365386963,0,0.0
306,32,10,0,0.00023283064365386963,0,0.0
307,32,10,0,0.00023283064365386963,0,0.0
308,32,10,0,0.00023283064365386963,0,0.0
309,32,10,2,0.00023283064365386963,0,0.0
310,32,10,1,0.00023283064365386963,0,0.0
311,32,10,0,0.00023283064365386963,0,0.0
312,32,10,0,0.00023283064365386963,0,0.0
313,32,10,0,0.00023283064365386963,0,0.0
314,32,10,0,0.00023283064365386963,0,0.0
315,32,10,0,0.00023283064365386963,0,0.0
316,32,10,0,0.00023283064365386963,0,0.0
317,32,10,0,0.00023283064365386963,0,0.0
318,32,10,0,0.00023283064365386963,0,0.0
319,32,10,0,0.00023283064365386963,0,0.0
320,32,10,0,0.00023283064365386963,0,0.0
321,32,10,0,0.00023283064365386963,0,0.0
322,32,10,0,0.00023283064365386963,0,0.0
323,32,10,0,0.00023283064365386963,0,0.0
324,32,10,0,0.00023283064365386963,0,0.0
325,32,10,0,0.00023283064365386963,0,0.0
326,32,10,0,0.00023283064365386963,0,0.0
327,32,10,0,0.00023283064365386963,0,0.0
328,32,10,0,0.00023283064365386963,0,0.0
329,32,10,0,0.00023283064365386963,0,0.0
330,32,10,0,0.00023283064365386963,0,0.0
331,32,10,0,0.00023283064365386963,0,0.0
332,32,10,0,0.00023283064365386963,0,0.0
333,32,10,1,0.00023283064365386963,1,0.1
334,32,10,0,0.00023283064365386963,0,0.0
335,32,10,0,0.00023283064365386963,0,0.0
336,32,10,0,0.00023283064365386963,0,0.0
337,32,10,0,0.00023283064365386963,0,0.0
338,32,10,0,0.00023283064365386963,0,0.0
339,32,10,0,0.00023283064365386963,0,0.0
340,32,10,0,0.00023283064365386963,0,0.0
341,32,10,0,0.00023283064365386963,0,0.0
342,32,10,0,0.00023283064365386963,0,0.0
343,32,10,0,0.00023283064365386963,0,0.0
344,32,10,0,0.00023283064365386963,0,0.0
345,32,10,1,0.00023283064365386963,0,0.0
346,32,10,1,0.00023283064365386963,0,0.0
347,32,10,0,0.00023283064365386963,0,0.0
348,32,10,0,0.00023283064365386963,0,0.0
349,32,10,0,0.00023283064365386963,0,0.0
350,32,10,0,0.00023283064365386963,0,0.0
351,32,10,0,0.00023283064365386963,0,0.0
352,32,10,0,0.00023283064365386963,0,0.0
353,32,10,0,0.00023283064365386963,0,0.0
354,32,10,0,0.00023283064365386963,0,0.0
355,32,10,0,0.00023283064365386963,0,0.0
356,32,10,3,0.00023283064365386963,0,0.0
357,32,10,0,0.00023283064365386963,0,0.0
358,32,10,0,0.00023283064365386963,0,0.0
359,32,10,1,0.00023283064365386963,0,0.0
360,32,10,0,0.00023283064365386963,0,0.0
361,32,10,0,0.00023283064365386963,0,0.0
362,32,10,1,0.00023283064365386963,0,0.0
363,32,10,1,0.00023283064365386963,0,0.0
364,32,10,0,0.00023283064365386963,0,0.0
365,32,10,0,0.00023283064365386963,0,0.0
366,32,10,0,0.00023283064365386963,0,0.0
367,32,10,0,0.00023283064365386963,0,0.0
368,32,10,0,0.00023283064365386963,0,0.0
369,32,10,0,0.00023283064365386963,0,0.0
370,32,10,0,0.00023283064365386963,0,0.0
371,32,10,0,0.00023283064365386963,0,0.0
372,32,10,0,0.00023283064365386963,0,0.0
373,32,10,0,0.00023283064365386963,0,0.0
374,32,10,0,0.00023283064365386963,0,0.0
375,32,10,1,0.00023283064365386963,0,0.0
376,32,10,0,0.00023283064365386963,0,0.0
377,32,10,0,0.00023283064365386963,0,0.0
378,32,10,0,0.00023283064365386963,0,0.0
379,32,10,0,0.00023283064365386963,0,0.0
380,32,10,0,0.00023283064365386963,0,0.0
381,32,10,0,0.00023283064365386963,0,0.0
382,32,10,0,0.00023283064365386963,0,0.0
383,32,10,0,0.00023283064365386963,0,0.0
384,32,10,2,0.00023283064365386963,0,0.0
385,32,10,0,0.00023283064365386963,0,0.0
386,32,10,1,0.00023283064365386963,0,0.0
387,32,10,0,0.00023283064365386963,0,0.0
388,32,10,0,0.00023283064365386963,0,0.0
389,32,10,0,0.00023283064365386963,0,0.0
390,32,10,0,0.00023283064365386963,0,0.0
391,32,10,0,0.00023283064365386963,0,0.0
392,32,10,0,0.00023283064365386963,0,0.0
393,32,10,0,0.00023283064365386963,0,0.0
394,32,10,1,0.00023283064365386963,1,0.1
395,32,10,0,0.00023283064365386963,0,0.0
396,32,10,0,0.00023283064365386963,0,0.0
397,32,10,1,0.00023283064365386963,0,0.0
398,32,10,0,0.00023283064365386963,0,0.0
399,32,10,0,0.00023283064365386963,0,0.0
400,32,10,0,0.00023283064365386963,0,0.0
401,32,10,0,0.00023283064365386963,0,0.0
402,32,10,0,0.00023283064365386963,0,0.0
403,32,10,0,0.00023283064365386963,0,0.0
404,32,10,0,0.00023283064365386963,0,0.0
405,32,10,0,0.00023283064365386963,0,0.0
406,32,10,0,0.00023283064365386963,0,0.0
407,32,10,0,0.00023283064365386963,0,0.0
408,32,10,0,0.00023283064365386963,0,0.0
409,32,10,1,0.00023283064365386963,0,0.0
410,32,10,0,0.00023283064365386963,0,0.0
411,32,10,0,0.00023283064365386963,0,0.0
412,32,10,0,0.00023283064365386963,0,0.0
413,32,10,0,0.00023283064365386963,0,0.0
414,32,10,0,0.00023283064365386963,0,0.0
415,32,10,0,0.00023283064365386963,0,0.0
416,32,10,0,0.00023283064365386963,0,0.0
417,32,10,0,0.00023283064365386963,0,0.0
418,32,10,0,0.00023283064365386963,0,0.0
419,32,10,0,0.00023283064365386963,0,0.0
420,32,10,0,0.00023283064365386963,0,0.0
421,32,10,0,0.00023283064365386963,0,0.0
422,32,10,0,0.00023283064365386963,0,0.0
423,32,10,1,0.00023283064365386963,0,0.0
424,32,10,0,0.00023283064365386963,0,0.0
425,32,10,0,0.00023283064365386963,0,0.0
426,32,10,0,0.00023283064365386963,0,0.0
427,32,10,0,0.00023283064365386963,0,0.0
428,32,10,0,0.00023283064365386963,0,0.0
429,32,10,0,0.00023283064365386963,0,0.0
430,32,10,0,0.00023283064365386963,0,0.0
431,32,10,1,0.00023283064365386963,0,0.0
432,32,10,0,0.00023283064365386963,0,0.0
433,32,10,0,0.00023283064365386963,0,0.0
434,32,10,0,0.00023283064365386963,0,0.0
435,32,10,0,0.00023283064365386963,0,0.0
436,32,10,0,0.00023283064365386963,0,0.0
437,32,10,0,0.00023283064365386963,0,0.0
438,32,10,0,0.00023283064365386963,0,0.0
439,32,10,0,0.00023283064365386963,0,0.0
440,32,10,0,0.00023283064365386963,0,0.0
441,32,10,0,0.00023283064365386963,0,0.0
442,32,10,0,0.00023283064365386963,0,0.0
443,32,10,0,0.00023283064365386963,0,0.0
444,32,10,0,0.00023283064365386963,0,0.0
445,32,10,0,0.00023283064365386963,0,0.0
446,32,10,0,0.00023283064365386963,0,0.0
447,32,10,0,0.00023283064365386963,0,0.0
448,32,10,0,0.00023283064365386963,0,0.0
449,32,10,0,0.00023283064365386963,0,0.0
450,32,10,0,0.00023283064365386963,0,0.0
451,32,10,0,0.00023283064365386963,0,0.0
452,32,10,0,0.00023283064365386963,0,0.0
453,32,10,0,0.00023283064365386963,0,0.0
454,32,10,0,0.00023283064365386963,0,0.0
455,32,10,0,0.00023283064365386963,0,0.0
456,32,10,0,0.00023283064365386963,0,0.0
457,32,10,0,0.00023283064365386963,0,0.0
458,32,10,0,0.00023283064365386963,0,0.0
459,32,10,0,0.00023283064365386963,0,0.0
460,32,10,0,0.00023283064365386963,0,0.0
461,32,10,0,0.00023283064365386963,0,0.0
462,32,10,0,0.00023283064365386963,0,0.0
463,32,10,2,0.00023283064365386963,0,0.0
464,32,10,0,0.00023283064365386963,0,0.0
465,32,10,0,0.00023283064365386963,0,0.0
466,32,10,1,0.00023283064365386963,0,0.0
467,32,10,0,0.00023283064365386963,0,0.0
468,32,10,0,0.00023283064365386963,0,0.0
469,32,10,0,0.00023283064365386963,0,0.0
470,32,10,0,0.00023283064365386963,0,0.0
471,32,10,0,0.00023283064365386963,0,0.0
472,32,10,0,0.00023283064365386963,0,0.0
473,32,10,0,0.00023283064365386963,0,0.0
474,32,10,18,0.00023283064365386963,0,0.0
475,32,10,0,0.00023283064365386963,0,0.0
476,32,10,0,0.00023283064365386963,0,0.0
477,32,10,0,0.00023283064365386963,0,0.0
478,32,10,0,0.00023283064365386963,0,0.0
479,32,10,0,0.00023283064365386963,0,0.0
480,32,10,0,0.00023283064365386963,0,0.0
481,32,10,0,0.00023283064365386963,0,0.0
482,32,10,0,0.00023283064365386963,0,0.0
483,32,10,0,0.00023283064365386963,0,0.0
484,32,10,0,0.00023283064365386963,0,0.0
485,32,10,0,0.00023283064365386963,0,0.0
486,32,10,0,0.00023283064365386963,0,0.0
487,32,10,1,0.00023283064365386963,1,0.1
488,32,10,0,0.00023283064365386963,0,0.0
489,32,10,0,0.00023283064365386963,0,0.0
490,32,10,0,0.00023283064365386963,0,0.0
491,32,10,0,0.00023283064365386963,0,0.0
492,32,10,0,0.00023283064365386963,0,0.0
493,32,10,0,0.00023283064365386963,0,0.0
494,32,10,0,0.00023283064365386963,0,0.0
495,32,10,0,0.00023283064365386963,0,0.0
496,32,10,0,0.00023283064365386963,0,0.0
497,32,10,0,0.00023283064365386963,0,0.0
498,32,10,0,0.00023283064365386963,0,0.0
499,32,10,0,0.00023283064365386963,0,0.0
500,32,10,0,0.00023283064365386963,0,0.0
501,32,10,0,0.00023283064365386963,0,0.0
502,32,10,0,0.00023283064365386963,0,0.0
503,32,10,0,0.00023283064365386963,0,0.0
504,32,10,0,0.00023283064365386963,0,0.0
505,32,10,0,0.00023283064365386963,0,0.0
506,32,10,0,0.00023283064365386963,0,0.0
507,32,10,0,0.00023283064365386963,0,0.0
508,32,10,0,0.00023283064365386963,0,0.0
509,32,10,0,0.00023283064365386963,0,0.0
510,32,10,1,0.00023283064365386963,0,0.0
511,32,10,0,0.00023283064365386963,0,0.0
512,32,10,0,0.00023283064365386963,0,0.0
513,32,10,0,0.00023283064365386963,0,0.0
514,32,10,0,0.00023283064365386963,0,0.0
515,32,10,0,0.00023283064365386963,0,0.0
516,32,10,0,0.00023283064365386963,0,0.0
517,32,10,0,0.00023283064365386963,0,0.0
518,32,10,0,0.00023283064365386963,0,0.0
519,32,10,0,0.00023283064365386963,0,0.0
520,32,10,0,0.00023283064365386963,0,0.0
521,32,10,0,0.00023283064365386963,0,0.0
522,32,10,0,0.00023283064365386963,0,0.0
523,32,10,0,0.00023283064365386963,0,0.0
524,32,10,1,0.00023283064365386963,0,0.0
525,32,10,0,0.00023283064365386963,0,0.0
526,32,10,0,0.00023283064365386963,0,0.0
527,32,10,0,0.00023283064365386963,0,0.0
528,32,10,0,0.00023283064365386963,0,0.0
529,32,10,0,0.00023283064365386963,0,0.0
530,32,10,0,0.00023283064365386963,0,0.0
531,32,10,3,0.00023283064365386963,0,0.0
532,32,10,11,0.00023283064365386963,0,0.0
533,32,10,0,0.00023283064365386963,0,0.0
534,32,10,0,0.00023283064365386963,0,0.0
535,32,10,0,0.00023283064365386963,0,0.0
536,32,10,0,0.00023283064365386963,0,0.0
537,32,10,0,0.00023283064365386963,0,0.0
538,32,10,0,0.00023283064365386963,0,0.0
539,32,10,0,0.00023283064365386963,0,0.0
540,32,10,0,0.00023283064365386963,0,0.0
541,32,10,0,0.00023283064365386963,0,0.0
542,32,10,1,0.00023283064365386963,0,0.0
543,32,10,0,0.00023283064365386963,0,0.0
544,32,10,0,0.00023283064365386963,0,0.0
545,32,10,0,0.00023283064365386963,0,0.0
546,32,10,0,0.00023283064365386963,0,0.0
547,32,10,0,0.00023283064365386963,0,0.0
548,32,10,0,0.00023283064365386963,0,0.0
549,32,10,0,0.00023283064365386963,0,0.0
550,32,10,0,0.00023283064365386963,0,0.0
551,32,10,0,0.00023283064365386963,0,0.0
552,32,10,0,0.00023283064365386963,0,0.0
553,32,10,0,0.00023283064365386963,0,0.0
554,32,10,0,0.00023283064365386963,0,0.0
555,32,10,0,0.00023283064365386963,0,0.0
556,32,10,0,0.00023283064365386963,0,0.0
557,32,10,1,0.00023283064365386963,0,0.0
558,32,10,0,0.00023283064365386963,0,0.0
559,32,10,0,0.00023283064365386963,0,0.0
560,32,10,0,0.00023283064365386963,0,0.0
561,32,10,0,0.00023283064365386963,0,0.0
562,32,10,0,0.00023283064365386963,0,0.0
563,32,10,0,0.00023283064365386963,0,0.0
564,32,10,0,0.00023283064365386963,0,0.0
565,32,10,0,0.00023283064365386963,0,0.0
566,32,10,0,0.00023283064365386963,0,0.0
567,32,10,0,0.00023283064365386963,0,0.0
568,32,10,0,0.00023283064365386963,0,0.0
569,32,10,0,0.00023283064365386963,0,0.0
570,32,10,0,0.00023283064365386963,0,0.0
571,32,10,0,0.00023283064365386963,0,0.0
572,32,10,0,0.00023283064365386963,0,0.0
573,32,10,0,0.00023283064365386963,0,0.0
574,32,10,0,0.00023283064365386963,0,0.0
575,32,10,0,0.00023283064365386963,0,0.0
576,32,10,0,0.00023283064365386963,0,0.0
577,32,10,0,0.00023283064365386963,0,0.0
578,32,10,0,0.00023283064365386963,0,0.0
579,32,10,0,0.00023283064365386963,0,0.0
580,32,10,0,0.00023283064365386963,0,0.0
581,32,10,0,0.00023283064365386963,0,0.0
582,32,10,4,0.00023283064365386963,0,0.0
583,32,10,0,0.00023283064365386963,0,0.0
584,32,10,0,0.00023283064365386963,0,0.0
585,32,10,0,0.00023283064365386963,0,0.0
586,32,10,0,0.00023283064365386963,0,0.0
587,32,10,0,0.00023283064365386963,0,0.0
588,32,10,0,0.00023283064365386963,0,0.0
589,32,10,0,0.00023283064365386963,0,0.0
590,32,10,0,0.00023283064365386963,0,0.0
591,32,10,0,0.00023283064365386963,0,0.0
592,32,10,0,0.00023283064365386963,0,0.0
593,32,10,0,0.00023283064365386963,0,0.0
594,32,10,0,0.00023283064365386963,0,0.0
595,32,10,0,0.00023283064365386963,0,0.0
596,32,10,0,0.00023283064365386963,0,0.0
597,32,10,0,0.00023283064365386963,0,0.0
598,32,10,0,0.00023283064365386963,0,0.0
599,32,10,0,0.00023283064365386963,0,0.0
600,32,10,0,0.00023283064365386963,0,0.0
601,32,10,0,0.00023283064365386963,0,0.0
602,32,10,0,0.00023283064365386963,0,0.0
603,32,10,1,0.00023283064365386963,0,0.0
604,32,10,0,0.00023283064365386963,0,0.0
605,32,10,0,0.00023283064365386963,0,0.0
606,32,10,0,0.00023283064365386963,0,0.0
607,32,10,0,0.00023283064365386963,0,0.0
608,32,10,0,0.00023283064365386963,0,0.0
609,32,10,0,0.00023283064365386963,0,0.0
610,32,10,0,0.00023283064365386963,0,0.0
611,32,10,0,0.00023283064365386963,0,0.0
612,32,10,0,0.00023283064365386963,0,0.0
613,32,10,0,0.00023283064365386963,0,0.0
614,32,10,0,0.00023283064365386963,0,0.0
615,32,10,0,0.00023283064365386963,0,0.0
616,32,10,0,0.00023283064365386963,0,0.0
617,32,10,0,0.00023283064365386963,0,0.0
618,32,10,0,0.00023283064365386963,0,0.0
619,32,10,0,0.00023283064365386963,0,0.0
620,32,10,0,0.00023283064365386963,0,0.0
621,32,10,0,0.00023283064365386963,0,0.0
622,32,10,0,0.00023283064365386963,0,0.0
623,32,10,0,0.00023283064365386963,0,0.0
624,32,10,0,0.00023283064365386963,0,0.0
625,32,10,0,0.00023283064365386963,0,0.0
626,32,10,0,0.00023283064365386963,0,0.0
627,32,10,1,0.00023283064365386963,0,0.0
628,32,10,1,0.00023283064365386963,0,0.0
629,32,10,1,0.00023283064365386963,0,0.0
630,32,10,0,0.00023283064365386963,0,0.0
631,32,10,0,0.00023283064365386963,0,0.0
632,32,10,0,0.00023283064365386963,0,0.0
633,32,10,0,0.00023283064365386963,0,0.0
634,32,10,0,0.00023283064365386963,0,0.0
635,32,10,0,0.00023283064365386963,0,0.0
636,32,10,0,0.00023283064365386963,0,0.0
637,32,10,0,0.00023283064365386963,0,0.0
638,32,10,0,0.00023283064365386963,0,0.0
639,32,10,0,0.00023283064365386963,0,0.0
640,32,10,0,0.00023283064365386963,0,0.0
641,32,10,0,0.00023283064365386963,0,0.0
642,32,10,0,0.00023283064365386963,0,0.0
643,32,10,0,0.00023283064365386963,0,0.0
644,32,10,0,0.00023283064365386963,0,0.0
645,32,10,0,0.00023283064365386963,0,0.0
646,32,10,0,0.00023283064365386963,0,0.0
647,32,10,0,0.00023283064365386963,0,0.0
648,32,10,0,0.00023283064365386963,0,0.0
649,32,10,0,0.00023283064365386963,0,0.0
650,32,10,0,0.00023283064365386963,0,0.0
651,32,10,0,0.00023283064365386963,0,0.0
652,32,10,0,0.00023283064365386963,0,0.0
653,32,10,0,0.00023283064365386963,0,0.0
654,32,10,1,0.00023283064365386963,0,0.0
655,32,10,0,0.00023283064365386963,0,0.0
656,32,10,0,0.00023283064365386963,0,0.0
657,32,10,0,0.00023283064365386963,0,0.0
658,32,10,0,0.00023283064365386963,0,0.0
659,32,10,0,0.00023283064365386963,0,0.0
660,32,10,0,0.00023283064365386963,0,0.0
661,32,10,0,0.00023283064365386963,0,0.0
662,32,10,0,0.00023283064365386963,0,0.0
663,32,10,0,0.00023283064365386963,0,0.0
664,32,10,0,0.00023283064365386963,0,0.0
665,32,10,0,0.00023283064365386963,0,0.0
666,32,10,0,0.00023283064365386963,0,0.0
667,32,10,0,0.00023283064365386963,0,0.0
668,32,10,4,0.00023283064365386963,0,0.0
669,32,10,0,0.00023283064365386963,0,0.0
670,32,10,0,0.00023283064365386963,0,0.0
671,32,10,0,0.00023283064365386963,0,0.0
672,32,10,0,0.00023283064365386963,0,0.0
673,32,10,0,0.00023283064365386963,0,0.0
674,32,10,0,0.00023283064365386963,0,0.0
675,32,10,0,0.00023283064365386963,0,0.0
676,32,10,0,0.00023283064365386963,0,0.0
677,32,10,0,0.00023283064365386963,0,0.0
678,32,10,0,0.00023283064365386963,0,0.0
679,32,10,0,0.00023283064365386963,0,0.0
680,32,10,0,0.00023283064365386963,0,0.0
681,32,10,0,0.00023283064365386963,0,0.0
682,32,10,0,0.00023283064365386963,0,0.0
683,32,10,1,0.00023283064365386963,0,0.0
684,32,10,0,0.00023283064365386963,0,0.0
685,32,10,0,0.00023283064365386963,0,0.0
686,32,10,0,0.00023283064365386963,0,0.0
687,32,10,0,0.00023283064365386963,0,0.0
688,32,10,0,0.00023283064365386963,0,0.0
689,32,10,0,0.00023283064365386963,0,0.0
690,32,10,0,0.00023283064365386963,0,0.0
691,32,10,0,0.00023283064365386963,0,0.0
692,32,10,0,0.00023283064365386963,0,0.0
693,32,10,0,0.00023283064365386963,0,0.0
694,32,10,0,0.00023283064365386963,0,0.0
695,32,10,0,0.00023283064365386963,0,0.0
696,32,10,0,0.00023283064365386963,0,0.0
697,32,10,0,0.00023283064365386963,0,0.0
698,32,10,0,0.00023283064365386963,0,0.0
699,32,10,0,0.00023283064365386963,0,0.0
700,32,10,0,0.00023283064365386963,0,0.0
701,32,10,0,0.00023283064365386963,0,0.0
702,32,10,13,0.00023283064365386963,0,0.0
703,32,10,0,0.00023283064365386963,0,0.0
704,32,10,0,0.00023283064365386963,0,0.0
705,32,10,0,0.00023283064365386963,0,0.0
706,32,10,0,0.00023283064365386963,0,0.0
707,32,10,0,0.00023283064365386963,0,0.0
708,32,10,1,0.00023283064365386963,0,0.0
709,32,10,0,0.00023283064365386963,0,0.0
710,32,10,0,0.00023283064365386963,0,0.0
711,32,10,0,0.00023283064365386963,0,0.0
712,32,10,0,0.00023283064365386963,0,0.0
713,32,10,0,0.00023283064365386963,0,0.0
714,32,10,0,0.00023283064365386963,0,0.0
715,32,10,0,0.00023283064365386963,0,0.0
716,32,10,0,0.00023283064365386963,0,0.0
717,32,10,0,0.00023283064365386963,0,0.0
718,32,10,0,0.00023283064365386963,0,0.0
719,32,10,0,0.00023283064365386963,0,0.0
720,32,10,0,0.00023283064365386963,0,0.0
721,32,10,0,0.00023283064365386963,0,0.0
722,32,10,0,0.00023283064365386963,0,0.0
723,32,10,0,0.00023283064365386963,0,0.0
724,32,10,0,0.00023283064365386963,0,0.0
725,32,10,0,0.00023283064365386963,0,0.0
726,32,10,0,0.00023283064365386963,0,0.0
727,32,10,0,0.00023283064365386963,0,0.0
728,32,10,0,0.00023283064365386963,0,0.0
729,32,10,1,0.00023283064365386963,0,0.0
730,32,10,0,0.00023283064365386963,0,0.0
731,32,10,0,0.00023283064365386963,0,0.0
732,32,10,0,0.00023283064365386963,0,0.0
733,32,10,0,0.00023283064365386963,0,0.0
734,32,10,0,0.00023283064365386963,0,0.0
735,32,10,0,0.00023283064365386963,0,0.0
736,32,10,0,0.00023283064365386963,0,0.0
737,32,10,0,0.00023283064365386963,0,0.0
738,32,10,0,0.00023283064365386963,0,0.0
739,32,10,0,0.00023283064365386963,0,0.0
740,32,10,0,0.00023283064365386963,0,0.0
741,32,10,0,0.00023283064365386963,0,0.0
742,32,10,0,0.00023283064365386963,0,0.0
743,32,10,0,0.00023283064365386963,0,0.0
744,32,10,0,0.00023283064365386963,0,0.0
745,32,10,0,0.00023283064365386963,0,0.0
746,32,10,2,0.00023283064365386963,0,0.0
747,32,10,0,0.00023283064365386963,0,0.0
748,32,10,0,0.00023283064365386963,0,0.0
749,32,10,0,0.00023283064365386963,0,0.0
750,32,10,0,0.00023283064365386963,0,0.0
751,32,10,0,0.00023283064365386963,0,0.0
752,32,10,0,0.00023283064365386963,0,0.0
753,32,10,0,0.00023283064365386963,0,0.0
754,32,10,0,0.00023283064365386963,0,0.0
755,32,10,0,0.00023283064365386963,0,0.0
756,32,10,1,0.00023283064365386963,0,0.0
757,32,10,0,0.00023283064365386963,0,0.0
758,32,10,0,0.00023283064365386963,0,0.0
759,32,10,0,0.00023283064365386963,0,0.0
760,32,10,0,0.00023283064365386963,0,0.0
761,32,10,0,0.00023283064365386963,0,0.0
762,32,10,1,0.00023283064365386963,0,0.0
763,32,10,0,0.00023283064365386963,0,0.0
764,32,10,0,0.00023283064365386963,0,0.0
765,32,10,0,0.00023283064365386963,0,0.0
766,32,10,0,0.00023283064365386963,0,0.0
767,32,10,0,0.00023283064365386963,0,0.0
768,32,10,0,0.00023283064365386963,0,0.0
769,32,10,0,0.00023283064365386963,0,0.0
770,32,10,0,0.00023283064365386963,0,0.0
771,32,10,0,0.00023283064365386963,0,0.0
772,32,10,0,0.00023283064365386963,0,0.0
773,32,10,0,0.00023283064365386963,0,0.0
774,32,10,0,0.00023283064365386963,0,0.0
775,32,10,0,0.00023283064365386963,0,0.0
776,32,10,0,0.00023283064365386963,0,0.0
777,32,10,0,0.00023283064365386963,0,0.0
778,32,10,0,0.00023283064365386963,0,0.0
779,32,10,0,0.00023283064365386963,0,0.0
780,32,10,0,0.00023283064365386963,0,0.0
781,32,10,1,0.00023283064365386963,0,0.0
782,32,10,0,0.00023283064365386963,0,0.0
783,32,10,0,0.00023283064365386963,0,0.0
784,32,10,0,0.00023283064365386963,0,0.0
785,32,10,0,0.00023283064365386963,0,0.0
786,32,10,0,0.00023283064365386963,0,0.0
787,32,10,0,0.00023283064365386963,0,0.0
788,32,10,0,0.00023283064365386963,0,0.0
789,32,10,0,0.00023283064365386963,0,0.0
790,32,10,0,0.00023283064365386963,0,0.0
791,32,10,0,0.00023283064365386963,0,0.0
792,32,10,0,0.00023283064365386963,0,0.0
793,32,10,1,0.00023283064365386963,0,0.0
794,32,10,0,0.00023283064365386963,0,0.0
795,32,10,0,0.00023283064365386963,0,0.0
796,32,10,0,0.00023283064365386963,0,0.0
797,32,10,0,0.00023283064365386963,0,0.0
798,32,10,0,0.00023283064365386963,0,0.0
799,32,10,0,0.00023283064365386963,0,0.0
800,32,10,0,0.00023283064365386963,0,0.0
801,32,10,0,0.00023283064365386963,0,0.0
802,32,10,0,0.00023283064365386963,0,0.0
803,32,10,0,0.00023283064365386963,0,0.0
804,32,10,0,0.00023283064365386963,0,0.0
805,32,10,1,0.00023283064365386963,0,0.0
806,32,10,0,0.00023283064365386963,0,0.0
807,32,10,0,0.00023283064365386963,0,0.0
808,32,10,0,0.00023283064365386963,0,0.0
809,32,10,2,0.00023283064365386963,0,0.0
810,32,10,0,0.00023283064365386963,0,0.0
811,32,10,0,0.00023283064365386963,0,0.0
812,32,10,0,0.00023283064365386963,0,0.0
813,32,10,0,0.00023283064365386963,0,0.0
814,32,10,0,0.00023283064365386963,0,0.0
815,32,10,0,0.00023283064365386963,0,0.0
816,32,10,1,0.00023283064365386963,0,0.0
817,32,10,0,0.00023283064365386963,0,0.0
818,32,10,0,0.00023283064365386963,0,0.0
819,32,10,1,0.00023283064365386963,0,0.0
820,32,10,0,0.00023283064365386963,0,0.0
821,32,10,0,0.00023283064365386963,0,0.0
822,32,10,0,0.00023283064365386963,0,0.0
823,32,10,0,0.00023283064365386963,0,0.0
824,32,10,0,0.00023283064365386963,0,0.0
825,32,10,0,0.00023283064365386963,0,0.0
826,32,10,0,0.00023283064365386963,0,0.0
827,32,10,1,0.00023283064365386963,0,0.0
828,32,10,0,0.00023283064365386963,0,0.0
829,32,10,0,0.00023283064365386963,0,0.0
830,32,10,1,0.00023283064365386963,0,0.0
831,32,10,0,0.00023283064365386963,0,0.0
832,32,10,0,0.00023283064365386963,0,0.0
833,32,10,0,0.00023283064365386963,0,0.0
834,32,10,1,0.00023283064365386963,0,0.0
835,32,10,0,0.00023283064365386963,0,0.0
836,32,10,0,0.00023283064365386963,0,0.0
837,32,10,0,0.00023283064365386963,0,0.0
838,32,10,0,0.00023283064365386963,0,0.0
839,32,10,2,0.00023283064365386963,0,0.0
840,32,10,0,0.00023283064365386963,0,0.0
841,32,10,0,0.00023283064365386963,0,0.0
842,32,10,1,0.00023283064365386963,0,0.0
843,32,10,0,0.00023283064365386963,0,0.0
844,32,10,0,0.00023283064365386963,0,0.0
845,32,10,0,0.00023283064365386963,0,0.0
846,32,10,0,0.00023283064365386963,0,0.0
847,32,10,0,0.00023283064365386963,0,0.0
848,32,10,0,0.00023283064365386963,0,0.0
849,32,10,0,0.00023283064365386963,0,0.0
850,32,10,0,0.00023283064365386963,0,0.0
851,32,10,2,0.00023283064365386963,0,0.0
852,32,10,0,0.00023283064365386963,0,0.0
853,32,10,0,0.00023283064365386963,0,0.0
854,32,10,0,0.00023283064365386963,0,0.0
855,32,10,1,0.00023283064365386963,0,0.0
856,32,10,0,0.00023283064365386963,0,0.0
857,32,10,0,0.00023283064365386963,0,0.0
858,32,10,3,0.00023283064365386963,0,0.0
859,32,10,0,0.00023283064365386963,0,0.0
860,32,10,0,0.00023283064365386963,0,0.0
861,32,10,0,0.00023283064365386963,0,0.0
862,32,10,0,0.00023283064365386963,0,0.0
863,32,10,0,0.00023283064365386963,0,0.0
864,32,10,0,0.00023283064365386963,0,0.0
865,32,10,2,0.00023283064365386963,0,0.0
866,32,10,0,0.00023283064365386963,0,0.0
867,32,10,0,0.00023283064365386963,0,0.0
868,32,10,0,0.00023283064365386963,0,0.0
869,32,10,1,0.00023283064365386963,0,0.0
870,32,10,0,0.00023283064365386963,0,0.0
871,32,10,0,0.00023283064365386963,0,0.0
872,32,10,0,0.00023283064365386963,0,0.0
873,32,10,0,0.00023283064365386963,0,0.0
874,32,10,0,0.00023283064365386963,0,0.0
875,32,10,1,0.00023283064365386963,0,0.0
876,32,10,0,0.00023283064365386963,0,0.0
877,32,10,0,0.00023283064365386963,0,0.0
878,32,10,0,0.00023283064365386963,0,0.0
879,32,10,0,0.00023283064365386963,0,0.0
880,32,10,0,0.00023283064365386963,0,0.0
881,32,10,0,0.00023283064365386963,0,0.0
882,32,10,0,0.00023283064365386963,0,0.0
883,32,10,0,0.00023283064365386963,0,0.0
884,32,10,0,0.00023283064365386963,0,0.0
885,32,10,0,0.00023283064365386963,0,0.0
886,32,10,0,0.00023283064365386963,0,0.0
887,32,10,0,0.00023283064365386963,0,0.0
888,32,10,0,0.00023283064365386963,0,0.0
889,32,10,0,0.00023283064365386963,0,0.0
890,32,10,0,0.00023283064365386963,0,0.0
891,32,10,1,0.00023283064365386963,0,0.0
892,32,10,0,0.00023283064365386963,0,0.0
893,32,10,0,0.00023283064365386963,0,0.0
894,32,10,0,0.00023283064365386963,0,0.0
895,32,10,0,0.00023283064365386963,0,0.0
896,32,10,0,0.00023283064365386963,0,0.0
897,32,10,0,0.00023283064365386963,0,0.0
898,32,10,0,0.00023283064365386963,0,0.0
899,32,10,0,0.00023283064365386963,0,0.0
900,32,10,0,0.00023283064365386963,0,0.0
901,32,10,0,0.00023283064365386963,0,0.0
902,32,10,0,0.00023283064365386963,0,0.0
903,32,10,0,0.00023283064365386963,0,0.0
904,32,10,0,0.00023283064365386963,0,0.0
905,32,10,0,0.00023283064365386963,0,0.0
906,32,10,0,0.00023283064365386963,0,0.0
907,32,10,0,0.00023283064365386963,0,0.0
908,32,10,0,0.00023283064365386963,0,0.0
909,32,10,0,0.00023283064365386963,0,0.0
910,32,10,0,0.00023283064365386963,0,0.0
911,32,10,0,0.00023283064365386963,0,0.0
912,32,10,0,0.00023283064365386963,0,0.0
913,32,10,0,0.00023283064365386963,0,0.0
914,32,10,0,0.00023283064365386963,0,0.0
915,32,10,1,0.00023283064365386963,0,0.0
916,32,10,0,0.00023283064365386963,0,0.0
917,32,10,0,0.00023283064365386963,0,0.0
918,32,10,0,0.00023283064365386963,0,0.0
919,32,10,0,0.00023283064365386963,0,0.0
920,32,10,0,0.00023283064365386963,0,0.0
921,32,10,0,0.00023283064365386963,0,0.0
922,32,10,0,0.00023283064365386963,0,0.0
923,32,10,0,0.00023283064365386963,0,0.0
924,32,10,0,0.00023283064365386963,0,0.0
925,32,10,0,0.00023283064365386963,0,0.0
926,32,10,1,0.00023283064365386963,0,0.0
927,32,10,0,0.00023283064365386963,0,0.0
928,32,10,1,0.00023283064365386963,0,0.0
929,32,10,0,0.00023283064365386963,0,0.0
930,32,10,0,0.00023283064365386963,0,0.0
931,32,10,0,0.00023283064365386963,0,0.0
932,32,10,0,0.00023283064365386963,0,0.0
933,32,10,0,0.00023283064365386963,0,0.0
934,32,10,0,0.00023283064365386963,0,0.0
935,32,10,0,0.00023283064365386963,0,0.0
936,32,10,0,0.00023283064365386963,0,0.0
937,32,10,0,0.00023283064365386963,0,0.0
938,32,10,0,0.00023283064365386963,0,0.0
939,32,10,0,0.00023283064365386963,0,0.0
940,32,10,0,0.00023283064365386963,0,0.0
941,32,10,0,0.00023283064365386963,0,0.0
942,32,10,0,0.00023283064365386963,0,0.0
943,32,10,0,0.00023283064365386963,0,0.0
944,32,10,0,0.00023283064365386963,0,0.0
945,32,10,0,0.00023283064365386963,0,0.0
946,32,10,0,0.00023283064365386963,0,0.0
947,32,10,0,0.00023283064365386963,0,0.0
948,32,10,0,0.00023283064365386963,0,0.0
949,32,10,0,0.00023283064365386963,0,0.0
950,32,10,0,0.00023283064365386963,0,0.0
951,32,10,0,0.00023283064365386963,0,0.0
952,32,10,0,0.00023283064365386963,0,0.0
953,32,10,0,0.00023283064365386963,0,0.0
954,32,10,0,0.00023283064365386963,0,0.0
955,32,10,0,0.00023283064365386963,0,0.0
956,32,10,0,0.00023283064365386963,0,0.0
957,32,10,0,0.00023283064365386963,0,0.0
958,32,10,0,0.00023283064365386963,0,0.0
959,32,10,0,0.00023283064365386963,0,0.0
960,32,10,0,0.00023283064365386963,0,0.0
961,32,10,0,0.00023283064365386963,0,0.0
962,32,10,0,0.00023283064365386963,0,0.0
963,32,10,0,0.00023283064365386963,0,0.0
964,32,10,0,0.00023283064365386963,0,0.0
965,32,10,1,0.00023283064365386963,0,0.0
966,32,10,0,0.00023283064365386963,0,0.0
967,32,10,0,0.00023283064365386963,0,0.0
968,32,10,0,0.00023283064365386963,0,0.0
969,32,10,0,0.00023283064365386963,0,0.0
970,32,10,0,0.00023283064365386963,0,0.0
971,32,10,0,0.00023283064365386963,0,0.0
972,32,10,0,0.00023283064365386963,0,0.0
973,32,10,0,0.00023283064365386963,0,0.0
974,32,10,0,0.00023283064365386963,0,0.0
975,32,10,0,0.00023283064365386963,0,0.0
976,32,10,0,0.00023283064365386963,0,0.0
977,32,10,0,0.00023283064365386963,0,0.0
978,32,10,0,0.00023283064365386963,0,0.0
979,32,10,0,0.00023283064365386963,0,0.0
980,32,10,0,0.00023283064365386963,0,0.0
981,32,10,0,0.00023283064365386963,0,0.0
982,32,10,0,0.00023283064365386963,0,0.0
983,32,10,2,0.00023283064365386963,0,0.0
984,32,10,0,0.00023283064365386963,0,0.0
985,32,10,0,0.00023283064365386963,0,0.0
986,32,10,0,0.00023283064365386963,0,0.0
987,32,10,0,0.00023283064365386963,0,0.0
988,32,10,0,0.00023283064365386963,0,0.0
989,32,10,0,0.00023283064365386963,0,0.0
990,32,10,0,0.00023283064365386963,0,0.0
991,32,10,0,0.00023283064365386963,0,0.0
992,32,10,0,0.00023283064365386963,0,0.0
993,32,10,0,0.00023283064365386963,0,0.0
994,32,10,0,0.00023283064365386963,0,0.0
995,32,10,0,0.00023283064365386963,0,0.0
996,32,10,0,0.00023283064365386963,0,0.0
997,32,10,0,0.00023283064365386963,0,0.0
998,32,10,0,0.00023283064365386963,0,0.0
999,32,10,0,0.00023283064365386963,0,0.0
0,32,100,0,0.00023283064365386963,0,0.0
1,32,100,0,0.00023283064365386963,0,0.0
2,32,100,0,0.00023283064365386963,0,0.0
3,32,100,0,0.00023283064365386963,0,0.0
4,32,100,0,0.00023283064365386963,0,0.0
5,32,100,0,0.00023283064365386963,0,0.0
6,32,100,0,0.00023283064365386963,0,0.0
7,32,100,0,0.00023283064365386963,0,0.0
8,32,100,2,0.00023283064365386963,1,0.01
9,32,100,1,0.00023283064365386963,0,0.0
10,32,100,0,0.00023283064365386963,0,0.0
11,32,100,0,0.00023283064365386963,0,0.0
12,32,100,0,0.00023283064365386963,0,0.0
13,32,100,0,0.00023283064365386963,0,0.0
14,32,100,0,0.00023283064365386963,0,0.0
15,32,100,0,0.00023283064365386963,0,0.0
16,32,100,0,0.00023283064365386963,0,0.0
17,32,100,0,0.00023283064365386963,0,0.0
18,32,100,0,0.00023283064365386963,0,0.0
19,32,100,0,0.00023283064365386963,0,0.0
20,32,100,0,0.00023283064365386963,0,0.0
21,32,100,3,0.00023283064365386963,0,0.0
22,32,100,0,0.00023283064365386963,0,0.0
23,32,100,0,0.00023283064365386963,0,0.0
24,32,100,0,0.00023283064365386963,0,0.0
25,32,100,0,0.00023283064365386963,0,0.0
26,32,100,4,0.00023283064365386963,0,0.0
27,32,100,18,0.00023283064365386963,0,0.0
28,32,100,0,0.00023283064365386963,0,0.0
29,32,100,0,0.00023283064365386963,0,0.0
30,32,100,0,0.00023283064365386963,0,0.0
31,32,100,0,0.00023283064365386963,0,0.0
32,32,100,3,0.00023283064365386963,2,0.02
33,32,100,0,0.00023283064365386963,0,0.0
34,32,100,0,0.00023283064365386963,0,0.0
35,32,100,0,0.00023283064365386963,0,0.0
36,32,100,0,0.00023283064365386963,0,0.0
37,32,100,0,0.00023283064365386963,0,0.0
38,32,100,0,0.00023283064365386963,0,0.0
39,32,100,0,0.00023283064365386963,0,0.0
40,32,100,0,0.00023283064365386963,0,0.0
41,32,100,0,0.00023283064365386963,0,0.0
42,32,100,0,0.00023283064365386963,0,0.0
43,32,100,3,0.00023283064365386963,3,0.03
44,32,100,0,0.00023283064365386963,0,0.0
45,32,100,1,0.00023283064365386963,0,0.0
46,32,100,0,0.00023283064365386963,0,0.0
47,32,100,1,0.00023283064365386963,0,0.0
48,32,100,0,0.00023283064365386963,0,0.0
49,32,100,0,0.00023283064365386963,0,0.0
50,32,100,0,0.00023283064365386963,0,0.0
51,32,100,1,0.00023283064365386963,0,0.0
52,32,100,0,0.00023283064365386963,0,0.0
53,32,100,3,0.00023283064365386963,0,0.0
54,32,100,1,0.00023283064365386963,0,0.0
55,32,100,0,0.00023283064365386963,0,0.0
56,32,100,0,0.00023283064365386963,0,0.0
57,32,100,0,0.00023283064365386963,0,0.0
58,32,100,0,0.00023283064365386963,0,0.0
59,32,100,0,0.00023283064365386963,0,0.0
60,32,100,0,0.00023283064365386963,0,0.0
61,32,100,1,0.00023283064365386963,0,0.0
62,32,100,0,0.00023283064365386963,0,0.0
63,32,100,0,0.00023283064365386963,0,0.0
64,32,100,0,0.00023283064365386963,0,0.0
65,32,100,0,0.00023283064365386963,0,0.0
66,32,100,0,0.00023283064365386963,0,0.0
67,32,100,0,0.00023283064365386963,0,0.0
68,32,100,0,0.00023283064365386963,0,0.0
69,32,100,0,0.00023283064365386963,0,0.0
70,32,100,0,0.00023283064365386963,0,0.0
71,32,100,0,0.00023283064365386963,0,0.0
72,32,100,0,0.00023283064365386963,0,0.0
73,32,100,0,0.00023283064365386963,0,0.0
74,32,100,0,0.00023283064365386963,0,0.0
75,32,100,0,0.00023283064365386963,0,0.0
76,32,100,0,0.00023283064365386963,0,0.0
77,32,100,0,0.00023283064365386963,0,0.0
78,32,100,0,0.00023283064365386963,0,0.0
79,32,100,0,0.00023283064365386963,0,0.0
80,32,100,0,0.00023283064365386963,0,0.0
81,32,100,0,0.00023283064365386963,0,0.0
82,32,100,0,0.00023283064365386963,0,0.0
83,32,100,0,0.00023283064365386963,0,0.0
84,32,100,0,0.00023283064365386963,0,0.0
85,32,100,0,0.00023283064365386963,0,0.0
86,32,100,0,0.00023283064365386963,0,0.0
87,32,100,0,0.00023283064365386963,0,0.0
88,32,100,0,0.00023283064365386963,0,0.0
89,32,100,1,0.00023283064365386963,0,0.0
90,32,100,0,0.00023283064365386963,0,0.0
91,32,100,0,0.00023283064365386963,0,0.0
92,32,100,0,0.00023283064365386963,0,0.0
93,32,100,0,0.00023283064365386963,0,0.0
94,32,100,0,0.00023283064365386963,0,0.0
95,32,100,0,0.00023283064365386963,0,0.0
96,32,100,0,0.00023283064365386963,0,0.0
97,32,100,0,0.00023283064365386963,0,0.0
98,32,100,0,0.00023283064365386963,0,0.0
99,32,100,0,0.00023283064365386963,0,0.0
100,32,100,0,0.00023283064365386963,0,0.0
101,32,100,0,0.00023283064365386963,0,0.0
102,32,100,0,0.00023283064365386963,0,0.0
103,32,100,0,0.00023283064365386963,0,0.0
104,32,100,0,0.00023283064365386963,0,0.0
105,32,100,0,0.00023283064365386963,0,0.0
106,32,100,0,0.00023283064365386963,0,0.0
107,32,100,0,0.00023283064365386963,0,0.0
108,32,100,0,0.00023283064365386963,0,0.0
109,32,100,0,0.00023283064365386963,0,0.0
110,32,100,0,0.00023283064365386963,0,0.0
111,32,100,0,0.00023283064365386963,0,0.0
112,32,100,0,0.00023283064365386963,0,0.0
113,32,100,0,0.00023283064365386963,0,0.0
114,32,100,0,0.00023283064365386963,0,0.0
115,32,100,0,0.00023283064365386963,0,0.0
116,32,100,0,0.00023283064365386963,0,0.0
117,32,100,0,0.00023283064365386963,0,0.0
118,32,100,2,0.00023283064365386963,0,0.0
119,32,100,0,0.00023283064365386963,0,0.0
120,32,100,0,0.00023283064365386963,0,0.0
121,32,100,1,0.00023283064365386963,0,0.0
122,32,100,0,0.00023283064365386963,0,0.0
123,32,100,0,0.00023283064365386963,0,0.0
124,32,100,0,0.00023283064365386963,0,0.0
125,32,100,0,0.00023283064365386963,0,0.0
126,32,100,0,0.00023283064365386963,0,0.0
127,32,100,0,0.00023283064365386963,0,0.0
128,32,100,0,0.00023283064365386963,0,0.0
129,32,100,0,0.00023283064365386963,0,0.0
130,32,100,0,0.00023283064365386963,0,0.0
131,32,100,0,0.00023283064365386963,0,0.0
132,32,100,0,0.00023283064365386963,0,0.0
133,32,100,0,0.00023283064365386963,0,0.0
134,32,100,0,0.00023283064365386963,0,0.0
135,32,100,1,0.00023283064365386963,0,0.0
136,32,100,0,0.00023283064365386963,0,0.0
137,32,100,0,0.00023283064365386963,0,0.0
138,32,100,0,0.00023283064365386963,0,0.0
139,32,100,0,0.00023283064365386963,0,0.0
140,32,100,0,0.00023283064365386963,0,0.0
141,32,100,0,0.00023283064365386963,0,0.0
142,32,100,0,0.00023283064365386963,0,0.0
143,32,100,0,0.00023283064365386963,0,0.0
144,32,100,0,0.00023283064365386963,0,0.0
145,32,100,0,0.00023283064365386963,0,0.0
146,32,100,0,0.00023283064365386963,0,0.0
147,32,100,0,0.00023283064365386963,0,0.0
148,32,100,0,0.00023283064365386963,0,0.0
149,32,100,0,0.00023283064365386963,0,0.0
150,32,100,0,0.00023283064365386963,0,0.0
151,32,100,0,0.00023283064365386963,0,0.0
152,32,100,0,0.00023283064365386963,0,0.0
153,32,100,0,0.00023283064365386963,0,0.0
154,32,100,0,0.00023283064365386963,0,0.0
155,32,100,0,0.00023283064365386963,0,0.0
156,32,100,0,0.00023283064365386963,0,0.0
157,32,100,0,0.00023283064365386963,0,0.0
158,32,100,0,0.00023283064365386963,0,0.0
159,32,100,0,0.00023283064365386963,0,0.0
160,32,100,0,0.00023283064365386963,0,0.0
161,32,100,0,0.00023283064365386963,0,0.0
162,32,100,1,0.00023283064365386963,0,0.0
163,32,100,0,0.00023283064365386963,0,0.0
164,32,100,0,0.00023283064365386963,0,0.0
165,32,100,0,0.00023283064365386963,0,0.0
166,32,100,0,0.00023283064365386963,0,0.0
167,32,100,0,0.00023283064365386963,0,0.0
168,32,100,0,0.00023283064365386963,0,0.0
169,32,100,0,0.00023283064365386963,0,0.0
170,32,100,0,0.00023283064365386963,0,0.0
171,32,100,0,0.00023283064365386963,0,0.0
172,32,100,0,0.00023283064365386963,0,0.0
173,32,100,0,0.00023283064365386963,0,0.0
174,32,100,0,0.00023283064365386963,0,0.0
175,32,100,0,0.00023283064365386963,0,0.0
176,32,100,0,0.00023283064365386963,0,0.0
177,32,100,3,0.00023283064365386963,0,0.0
178,32,100,1,0.00023283064365386963,0,0.0
179,32,100,0,0.00023283064365386963,0,0.0
180,32,100,0,0.00023283064365386963,0,0.0
181,32,100,0,0.00023283064365386963,0,0.0
182,32,100,0,0.00023283064365386963,0,0.0
183,32,100,0,0.00023283064365386963,0,0.0
184,32,100,0,0.00023283064365386963,0,0.0
185,32,100,0,0.00023283064365386963,0,0.0
186,32,100,0,0.00023283064365386963,0,0.0
187,32,100,0,0.00023283064365386963,0,0.0
188,32,100,0,0.00023283064365386963,0,0.0
189,32,100,2,0.00023283064365386963,0,0.0
190,32,100,0,0.00023283064365386963,0,0.0
191,32,100,0,0.00023283064365386963,0,0.0
192,32,100,0,0.00023283064365386963,0,0.0
193,32,100,0,0.00023283064365386963,0,0.0
194,32,100,0,0.00023283064365386963,0,0.0
195,32,100,0,0.00023283064365386963,0,0.0
196,32,100,0,0.00023283064365386963,0,0.0
197,32,100,0,0.00023283064365386963,0,0.0
198,32,100,1,0.00023283064365386963,1,0.01
199,32,100,0,0.00023283064365386963,0,0.0
200,32,100,0,0.00023283064365386963,0,0.0
201,32,100,0,0.00023283064365386963,0,0.0
202,32,100,0,0.00023283064365386963,0,0.0
203,32,100,0,0.00023283064365386963,0,0.0
204,32,100,0,0.00023283064365386963,0,0.0
205,32,100,0,0.00023283064365386963,0,0.0
206,32,100,0,0.00023283064365386963,0,0.0
207,32,100,0,0.00023283064365386963,0,0.0
208,32,100,0,0.00023283064365386963,0,0.0
209,32,100,0,0.00023283064365386963,0,0.0
210,32,100,0,0.00023283064365386963,0,0.0
211,32,100,0,0.00023283064365386963,0,0.0
212,32,100,0,0.00023283064365386963,0,0.0
213,32,100,0,0.00023283064365386963,0,0.0
214,32,100,0,0.00023283064365386963,0,0.0
215,32,100,0,0.00023283064365386963,0,0.0
216,32,100,0,0.00023283064365386963,0,0.0
217,32,100,0,0.00023283064365386963,0,0.0
218,32,100,0,0.00023283064365386963,0,0.0
219,32,100,0,0.00023283064365386963,0,0.0
220,32,100,0,0.00023283064365386963,0,0.0
221,32,100,0,0.00023283064365386963,0,0.0
222,32,100,0,0.00023283064365386963,0,0.0
223,32,100,0,0.00023283064365386963,0,0.0
224,32,100,0,0.00023283064365386963,0,0.0
225,32,100,0,0.00023283064365386963,0,0.0
226,32,100,0,0.00023283064365386963,0,0.0
227,32,100,0,0.00023283064365386963,0,0.0
228,32,100,0,0.00023283064365386963,0,0.0
229,32,100,0,0.00023283064365386963,0,0.0
230,32,100,0,0.00023283064365386963,0,0.0
231,32,100,0,0.00023283064365386963,0,0.0
232,32,100,0,0.00023283064365386963,0,0.0
233,32,100,0,0.00023283064365386963,0,0.0
234,32,100,0,0.00023283064365386963,0,0.0
235,32,100,2,0.00023283064365386963,0,0.0
236,32,100,0,0.00023283064365386963,0,0.0
237,32,100,0,0.00023283064365386963,0,0.0
238,32,100,0,0.00023283064365386963,0,0.0
239,32,100,0,0.00023283064365386963,0,0.0
240,32,100,0,0.00023283064365386963,0,0.0
241,32,100,0,0.00023283064365386963,0,0.0
242,32,100,0,0.00023283064365386963,0,0.0
243,32,100,0,0.00023283064365386963,0,0.0
244,32,100,0,0.00023283064365386963,0,0.0
245,32,100,0,0.00023283064365386963,0,0.0
246,32,100,0,0.00023283064365386963,0,0.0
247,32,100,2,0.00023283064365386963,2,0.02
248,32,100,0,0.00023283064365386963,0,0.0
249,32,100,0,0.00023283064365386963,0,0.0
250,32,100,0,0.00023283064365386963,0,0.0
251,32,100,1,0.00023283064365386963,0,0.0
252,32,100,0,0.00023283064365386963,0,0.0
253,32,100,0,0.00023283064365386963,0,0.0
254,32,100,0,0.00023283064365386963,0,0.0
255,32,100,0,0.00023283064365386963,0,0.0
256,32,100,0,0.00023283064365386963,0,0.0
257,32,100,0,0.00023283064365386963,0,0.0
258,32,100,0,0.00023283064365386963,0,0.0
259,32,100,0,0.00023283064365386963,0,0.0
260,32,100,0,0.00023283064365386963,0,0.0
261,32,100,0,0.00023283064365386963,0,0.0
262,32,100,0,0.00023283064365386963,0,0.0
263,32,100,0,0.00023283064365386963,0,0.0
264,32,100,1,0.00023283064365386963,0,0.0
265,32,100,0,0.00023283064365386963,0,0.0
266,32,100,0,0.00023283064365386963,0,0.0
267,32,100,0,0.00023283064365386963,0,0.0
268,32,100,0,0.00023283064365386963,0,0.0
269,32,100,1,0.00023283064365386963,0,0.0
270,32,100,0,0.00023283064365386963,0,0.0
271,32,100,0,0.00023283064365386963,0,0.0
272,32,100,0,0.00023283064365386963,0,0.0
273,32,100,0,0.00023283064365386963,0,0.0
274,32,100,0,0.00023283064365386963,0,0.0
275,32,100,0,0.00023283064365386963,0,0.0
276,32,100,0,0.00023283064365386963,0,0.0
277,32,100,0,0.00023283064365386963,0,0.0
278,32,100,0,0.00023283064365386963,0,0.0
279,32,100,0,0.00023283064365386963,0,0.0
280,32,100,0,0.00023283064365386963,0,0.0
281,32,100,0,0.00023283064365386963,0,0.0
282,32,100,0,0.00023283064365386963,0,0.0
283,32,100,0,0.00023283064365386963,0,0.0
284,32,100,0,0.00023283064365386963,0,0.0
285,32,100,0,0.00023283064365386963,0,0.0
286,32,100,0,0.00023283064365386963,0,0.0
287,32,100,0,0.00023283064365386963,0,0.0
288,32,100,0,0.00023283064365386963,0,0.0
289,32,100,0,0.00023283064365386963,0,0.0
290,32,100,0,0.00023283064365386963,0,0.0
291,32,100,0,0.00023283064365386963,0,0.0
292,32,100,0,0.00023283064365386963,0,0.0
293,32,100,0,0.00023283064365386963,0,0.0
294,32,100,1,0.00023283064365386963,0,0.0
295,32,100,0,0.00023283064365386963,0,0.0
296,32,100,0,0.00023283064365386963,0,0.0
297,32,100,0,0.00023283064365386963,0,0.0
298,32,100,0,0.00023283064365386963,0,0.0
299,32,100,0,0.00023283064365386963,0,0.0
300,32,100,0,0.00023283064365386963,0,0.0
301,32,100,0,0.00023283064365386963,0,0.0
302,32,100,0,0.00023283064365386963,0,0.0
303,32,100,0,0.00023283064365386963,0,0.0
304,32,100,0,0.00023283064365386963,0,0.0
305,32,100,2,0.00023283064365386963,0,0.0
306,32,100,0,0.00023283064365386963,0,0.0
307,32,100,0,0.00023283064365386963,0,0.0
308,32,100,0,0.00023283064365386963,0,0.0
309,32,100,2,0.00023283064365386963,0,0.0
310,32,100,1,0.00023283064365386963,0,0.0
311,32,100,0,0.00023283064365386963,0,0.0
312,32,100,0,0.00023283064365386963,0,0.0
313,32,100,0,0.00023283064365386963,0,0.0
314,32,100,0,0.00023283064365386963,0,0.0
315,32,100,0,0.00023283064365386963,0,0.0
316,32,100,0,0.00023283064365386963,0,0.0
317,32,100,0,0.00023283064365386963,0,0.0
318,32,100,0,0.00023283064365386963,0,0.0
319,32,100,0,0.00023283064365386963,0,0.0
320,32,100,0,0.00023283064365386963,0,0.0
321,32,100,0,0.00023283064365386963,0,0.0
322,32,100,0,0.00023283064365386963,0,0.0
323,32,100,0,0.00023283064365386963,0,0.0
324,32,100,0,0.00023283064365386963,0,0.0
325,32,100,0,0.00023283064365386963,0,0.0
326,32,100,0,0.00023283064365386963,0,0.0
327,32,100,0,0.00023283064365386963,0,0.0
328,32,100,0,0.00023283064365386963,0,0.0
329,32,100,0,0.00023283064365386963,0,0.0
330,32,100,0,0.00023283064365386963,0,0.0
331,32,100,0,0.00023283064365386963,0,0.0
332,32,100,0,0.00023283064365386963,0,0.0
333,32,100,1,0.00023283064365386963,1,0.01
334,32,100,0,0.00023283064365386963,0,0.0
335,32,100,0,0.00023283064365386963,0,0.0
336,32,100,0,0.00023283064365386963,0,0.0
337,32,100,0,0.00023283064365386963,0,0.0
338,32,100,0,0.00023283064365386963,0,0.0
339,32,100,0,0.00023283064365386963,0,0.0
340,32,100,0,0.00023283064365386963,0,0.0
341,32,100,0,0.00023283064365386963,0,0.0
342,32,100,0,0.00023283064365386963,0,0.0
343,32,100,0,0.00023283064365386963,0,0.0
344,32,100,0,0.00023283064365386963,0,0.0
345,32,100,1,0.00023283064365386963,0,0.0
346,32,100,1,0.00023283064365386963,0,0.0
347,32,100,0,0.00023283064365386963,0,0.0
348,32,100,0,0.00023283064365386963,0,0.0
349,32,100,0,0.00023283064365386963,0,0.0
350,32,100,0,0.00023283064365386963,0,0.0
351,32,100,0,0.00023283064365386963,0,0.0
352,32,100,0,0.00023283064365386963,0,0.0
353,32,100,0,0.00023283064365386963,0,0.0
354,32,100,0,0.00023283064365386963,0,0.0
355,32,100,0,0.00023283064365386963,0,0.0
356,32,100,3,0.00023283064365386963,0,0.0
357,32,100,0,0.00023283064365386963,0,0.0
358,32,100,0,0.00023283064365386963,0,0.0
359,32,100,1,0.00023283064365386963,0,0.0
360,32,100,0,0.00023283064365386963,0,0.0
361,32,100,0,0.00023283064365386963,0,0.0
362,32,100,1,0.00023283064365386963,0,0.0
363,32,100,1,0.00023283064365386963,1,0.01
364,32,100,0,0.00023283064365386963,0,0.0
365,32,100,0,0.00023283064365386963,0,0.0
366,32,100,0,0.00023283064365386963,0,0.0
367,32,100,0,0.00023283064365386963,0,0.0
368,32,100,0,0.00023283064365386963,0,0.0
369,32,100,0,0.00023283064365386963,0,0.0
370,32,100,0,0.00023283064365386963,0,0.0
371,32,100,0,0.00023283064365386963,0,0.0
372,32,100,0,0.00023283064365386963,0,0.0
373,32,100,0,0.00023283064365386963,0,0.0
374,32,100,0,0.00023283064365386963,0,0.0
375,32,100,1,0.00023283064365386963,0,0.0
376,32,100,0,0.00023283064365386963,0,0.0
377,32,100,0,0.00023283064365386963,0,0.0
378,32,100,0,0.00023283064365386963,0,0.0
379,32,100,0,0.00023283064365386963,0,0.0
380,32,100,0,0.00023283064365386963,0,0.0
381,32,100,0,0.00023283064365386963,0,0.0
382,32,100,0,0.00023283064365386963,0,0.0
383,32,100,0,0.00023283064365386963,0,0.0
384,32,100,2,0.00023283064365386963,0,0.0
385,32,100,0,0.00023283064365386963,0,0.0
386,32,100,1,0.00023283064365386963,0,0.0
387,32,100,0,0.00023283064365386963,0,0.0
388,32,100,0,0.00023283064365386963,0,0.0
389,32,100,0,0.00023283064365386963,0,0.0
390,32,100,0,0.00023283064365386963,0,0.0
391,32,100,0,0.00023283064365386963,0,0.0
392,32,100,0,0.00023283064365386963,0,0.0
393,32,100,0,0.00023283064365386963,0,0.0
394,32,100,1,0.00023283064365386963,1,0.01
395,32,100,0,0.00023283064365386963,0,0.0
396,32,100,0,0.00023283064365386963,0,0.0
397,32,100,1,0.00023283064365386963,0,0.0
398,32,100,0,0.00023283064365386963,0,0.0
399,32,100,0,0.00023283064365386963,0,0.0
400,32,100,0,0.00023283064365386963,0,0.0
401,32,100,0,0.00023283064365386963,0,0.0
402,32,100,0,0.00023283064365386963,0,0.0
403,32,100,0,0.00023283064365386963,0,0.0
404,32,100,0,0.00023283064365386963,0,0.0
405,32,100,0,0.00023283064365386963,0,0.0
406,32,100,0,0.00023283064365386963,0,0.0
407,32,100,0,0.00023283064365386963,0,0.0
408,32,100,0,0.00023283064365386963,0,0.0
409,32,100,1,0.00023283064365386963,0,0.0
410,32,100,0,0.00023283064365386963,0,0.0
411,32,100,0,0.00023283064365386963,0,0.0
412,32,100,0,0.00023283064365386963,0,0.0
413,32,100,0,0.00023283064365386963,0,0.0
414,32,100,0,0.00023283064365386963,0,0.0
415,32,100,0,0.00023283064365386963,0,0.0
416,32,100,0,0.00023283064365386963,0,0.0
417,32,100,0,0.00023283064365386963,0,0.0
418,32,100,0,0.00023283064365386963,0,0.0
419,32,100,0,0.00023283064365386963,0,0.0
420,32,100,0,0.00023283064365386963,0,0.0
421,32,100,0,0.00023283064365386963,0,0.0
422,32,100,0,0.00023283064365386963,0,0.0
423,32,100,1,0.00023283064365386963,0,0.0
424,32,100,0,0.00023283064365386963,0,0.0
425,32,100,0,0.00023283064365386963,0,0.0
426,32,100,0,0.00023283064365386963,0,0.0
427,32,100,0,0.00023283064365386963,0,0.0
428,32,100,0,0.00023283064365386963,0,0.0
429,32,100,0,0.00023283064365386963,0,0.0
430,32,100,0,0.00023283064365386963,0,0.0
431,32,100,1,0.00023283064365386963,1,0.01
432,32,100,0,0.00023283064365386963,0,0.0
433,32,100,0,0.00023283064365386963,0,0.0
434,32,100,0,0.00023283064365386963,0,0.0
435,32,100,0,0.00023283064365386963,0,0.0
436,32,100,0,0.00023283064365386963,0,0.0
437,32,100,0,0.00023283064365386963,0,0.0
438,32,100,0,0.00023283064365386963,0,0.0
439,32,100,0,0.00023283064365386963,0,0.0
440,32,100,0,0.00023283064365386963,0,0.0
441,32,100,0,0.00023283064365386963,0,0.0
442,32,100,0,0.00023283064365386963,0,0.0
443,32,100,0,0.00023283064365386963,0,0.0
444,32,100,0,0.00023283064365386963,0,0.0
445,32,100,0,0.00023283064365386963,0,0.0
446,32,100,0,0.00023283064365386963,0,0.0
447,32,100,0,0.00023283064365386963,0,0.0
448,32,100,0,0.00023283064365386963,0,0.0
449,32,100,0,0.00023283064365386963,0,0.0
450,32,100,0,0.00023283064365386963,0,0.0
451,32,100,0,0.00023283064365386963,0,0.0
452,32,100,0,0.00023283064365386963,0,0.0
453,32,100,0,0.00023283064365386963,0,0.0
454,32,100,0,0.00023283064365386963,0,0.0
455,32,100,0,0.00023283064365386963,0,0.0
456,32,100,0,0.00023283064365386963,0,0.0
457,32,100,0,0.00023283064365386963,0,0.0
458,32,100,0,0.00023283064365386963,0,0.0
459,32,100,0,0.00023283064365386963,0,0.0
460,32,100,0,0.00023283064365386963,0,0.0
461,32,100,0,0.00023283064365386963,0,0.0
462,32,100,0,0.00023283064365386963,0,0.0
463,32,100,2,0.00023283064365386963,0,0.0
464,32,100,0,0.00023283064365386963,0,0.0
465,32,100,0,0.00023283064365386963,0,0.0
466,32,100,1,0.00023283064365386963,0,0.0
467,32,100,0,0.00023283064365386963,0,0.0
468,32,100,0,0.00023283064365386963,0,0.0
469,32,100,0,0.00023283064365386963,0,0.0
470,32,100,0,0.00023283064365386963,0,0.0
471,32,100,0,0.00023283064365386963,0,0.0
472,32,100,0,0.00023283064365386963,0,0.0
473,32,100,0,0.00023283064365386963,0,0.0
474,32,100,18,0.00023283064365386963,0,0.0
475,32,100,0,0.00023283064365386963,0,0.0
476,32,100,0,0.00023283064365386963,0,0.0
477,32,100,0,0.00023283064365386963,0,0.0
478,32,100,0,0.00023283064365386963,0,0.0
479,32,100,0,0.00023283064365386963,0,0.0
480,32,100,0,0.00023283064365386963,0,0.0
481,32,100,0,0.00023283064365386963,0,0.0
482,32,100,0,0.00023283064365386963,0,0.0
483,32,100,0,0.00023283064365386963,0,0.0
484,32,100,0,0.00023283064365386963,0,0.0
485,32,100,0,0.00023283064365386963,0,0.0
486,32,100,0,0.00023283064365386963,0,0.0
487,32,100,1,0.00023283064365386963,1,0.01
488,32,100,0,0.00023283064365386963,0,0.0
489,32,100,0,0.00023283064365386963,0,0.0
490,32,100,0,0.00023283064365386963,0,0.0
491,32,100,0,0.00023283064365386963,0,0.0
492,32,100,0,0.00023283064365386963,0,0.0
493,32,100,0,0.00023283064365386963,0,0.0
494,32,100,0,0.00023283064365386963,0,0.0
495,32,100,0,0.00023283064365386963,0,0.0
496,32,100,0,0.00023283064365386963,0,0.0
497,32,100,0,0.00023283064365386963,0,0.0
498,32,100,0,0.00023283064365386963,0,0.0
499,32,100,0,0.00023283064365386963,0,0.0
500,32,100,0,0.00023283064365386963,0,0.0
501,32,100,0,0.00023283064365386963,0,0.0
502,32,100,0,0.00023283064365386963,0,0.0
503,32,100,0,0.00023283064365386963,0,0.0
504,32,100,0,0.00023283064365386963,0,0.0
505,32,100,0,0.00023283064365386963,0,0.0
506,32,100,0,0.00023283064365386963,0,0.0
507,32,100,0,0.00023283064365386963,0,0.0
508,32,100,0,0.00023283064365386963,0,0.0
509,32,100,0,0.00023283064365386963,0,0.0
510,32,100,1,0.00023283064365386963,0,0.0
511,32,100,0,0.00023283064365386963,0,0.0
512,32,100,0,0.00023283064365386963,0,0.0
513,32,100,0,0.00023283064365386963,0,0.0
514,32,100,0,0.00023283064365386963,0,0.0
515,32,100,0,0.00023283064365386963,0,0.0
516,32,100,0,0.00023283064365386963,0,0.0
517,32,100,0,0.00023283064365386963,0,0.0
518,32,100,0,0.00023283064365386963,0,0.0
519,32,100,0,0.00023283064365386963,0,0.0
520,32,100,0,0.00023283064365386963,0,0.0
521,32,100,0,0.00023283064365386963,0,0.0
522,32,100,0,0.00023283064365386963,0,0.0
523,32,100,0,0.00023283064365386963,0,0.0
524,32,100,1,0.00023283064365386963,0,0.0
525,32,100,0,0.00023283064365386963,0,0.0
526,32,100,0,0.00023283064365386963,0,0.0
527,32,100,0,0.00023283064365386963,0,0.0
528,32,100,0,0.00023283064365386963,0,0.0
529,32,100,0,0.00023283064365386963,0,0.0
530,32,100,0,0.00023283064365386963,0,0.0
531,32,100,3,0.00023283064365386963,0,0.0
532,32,100,11,0.00023283064365386963,0,0.0
533,32,100,0,0.00023283064365386963,0,0.0
534,32,100,0,0.00023283064365386963,0,0.0
535,32,100,0,0.00023283064365386963,0,0.0
536,32,100,0,0.00023283064365386963,0,0.0
537,32,100,0,0.00023283064365386963,0,0.0
538,32,100,0,0.00023283064365386963,0,0.0
539,32,100,0,0.00023283064365386963,0,0.0
540,32,100,0,0.00023283064365386963,0,0.0
541,32,100,0,0.00023283064365386963,0,0.0
542,32,100,1,0.00023283064365386963,0,0.0
543,32,100,0,0.00023283064365386963,0,0.0
544,32,100,0,0.00023283064365386963,0,0.0
545,32,100,0,0.00023283064365386963,0,0.0
546,32,100,0,0.00023283064365386963,0,0.0
547,32,100,0,0.00023283064365386963,0,0.0
548,32,100,0,0.00023283064365386963,0,0.0
549,32,100,0,0.00023283064365386963,0,0.0
550,32,100,0,0.00023283064365386963,0,0.0
551,32,100,0,0.00023283064365386963,0,0.0
552,32,100,0,0.00023283064365386963,0,0.0
553,32,100,0,0.00023283064365386963,0,0.0
554,32,100,0,0.00023283064365386963,0,0.0
555,32,100,0,0.00023283064365386963,0,0.0
556,32,100,0,0.00023283064365386963,0,0.0
557,32,100,1,0.00023283064365386963,0,0.0
558,32,100,0,0.00023283064365386963,0,0.0
559,32,100,0,0.00023283064365386963,0,0.0
560,32,100,0,0.00023283064365386963,0,0.0
561,32,100,0,0.00023283064365386963,0,0.0
562,32,100,0,0.00023283064365386963,0,0.0
563,32,100,0,0.00023283064365386963,0,0.0
564,32,100,0,0.00023283064365386963,0,0.0
565,32,100,0,0.00023283064365386963,0,0.0
566,32,100,0,0.00023283064365386963,0,0.0
567,32,100,0,0.00023283064365386963,0,0.0
568,32,100,0,0.00023283064365386963,0,0.0
569,32,100,0,0.00023283064365386963,0,0.0
570,32,100,0,0.00023283064365386963,0,0.0
571,32,100,0,0.00023283064365386963,0,0.0
572,32,100,0,0.00023283064365386963,0,0.0
573,32,100,0,0.00023283064365386963,0,0.0
574,32,100,0,0.00023283064365386963,0,0.0
575,32,100,0,0.00023283064365386963,0,0.0
576,32,100,0,0.00023283064365386963,0,0.0
577,32,100,0,0.00023283064365386963,0,0.0
578,32,100,0,0.00023283064365386963,0,0.0
579,32,100,0,0.00023283064365386963,0,0.0
580,32,100,0,0.00023283064365386963,0,0.0
581,32,100,0,0.00023283064365386963,0,0.0
582,32,100,4,0.00023283064365386963,0,0.0
583,32,100,0,0.00023283064365386963,0,0.0
584,32,100,0,0.00023283064365386963,0,0.0
585,32,100,0,0.00023283064365386963,0,0.0
586,32,100,0,0.00023283064365386963,0,0.0
587,32,100,0,0.00023283064365386963,0,0.0
588,32,100,0,0.00023283064365386963,0,0.0
589,32,100,0,0.00023283064365386963,0,0.0
590,32,100,0,0.00023283064365386963,0,0.0
591,32,100,0,0.00023283064365386963,0,0.0
592,32,100,0,0.00023283064365386963,0,0.0
593,32,100,0,0.00023283064365386963,0,0.0
594,32,100,0,0.00023283064365386963,0,0.0
595,32,100,0,0.00023283064365386963,0,0.0
596,32,100,0,0.00023283064365386963,0,0.0
597,32,100,0,0.00023283064365386963,0,0.0
598,32,100,0,0.00023283064365386963,0,0.0
599,32,100,0,0.00023283064365386963,0,0.0
600,32,100,0,0.00023283064365386963,0,0.0
601,32,100,0,0.00023283064365386963,0,0.0
602,32,100,0,0.00023283064365386963,0,0.0
603,32,100,1,0.00023283064365386963,0,0.0
604,32,100,0,0.00023283064365386963,0,0.0
605,32,100,0,0.00023283064365386963,0,0.0
606,32,100,0,0.00023283064365386963,0,0.0
607,32,100,0,0.00023283064365386963,0,0.0
608,32,100,0,0.00023283064365386963,0,0.0
609,32,100,0,0.00023283064365386963,0,0.0
610,32,100,0,0.00023283064365386963,0,0.0
611,32,100,0,0.00023283064365386963,0,0.0
612,32,100,0,0.00023283064365386963,0,0.0
613,32,100,0,0.00023283064365386963,0,0.0
614,32,100,0,0.00023283064365386963,0,0.0
615,32,100,0,0.00023283064365386963,0,0.0
616,32,100,0,0.00023283064365386963,0,0.0
617,32,100,0,0.00023283064365386963,0,0.0
618,32,100,0,0.00023283064365386963,0,0.0
619,32,100,0,0.00023283064365386963,0,0.0
620,32,100,0,0.00023283064365386963,0,0.0
621,32,100,0,0.00023283064365386963,0,0.0
622,32,100,0,0.00023283064365386963,0,0.0
623,32,100,0,0.00023283064365386963,0,0.0
624,32,100,0,0.00023283064365386963,0,0.0
625,32,100,0,0.00023283064365386963,0,0.0
626,32,100,0,0.00023283064365386963,0,0.0
627,32,100,1,0.00023283064365386963,0,0.0
628,32,100,1,0.00023283064365386963,0,0.0
629,32,100,1,0.00023283064365386963,0,0.0
630,32,100,0,0.00023283064365386963,0,0.0
631,32,100,0,0.00023283064365386963,0,0.0
632,32,100,0,0.00023283064365386963,0,0.0
633,32,100,0,0.00023283064365386963,0,0.0
634,32,100,0,0.00023283064365386963,0,0.0
635,32,100,0,0.00023283064365386963,0,0.0
636,32,100,0,0.00023283064365386963,0,0.0
637,32,100,0,0.00023283064365386963,0,0.0
638,32,100,0,0.00023283064365386963,0,0.0
639,32,100,0,0.00023283064365386963,0,0.0
640,32,100,0,0.00023283064365386963,0,0.0
641,32,100,0,0.00023283064365386963,0,0.0
642,32,100,0,0.00023283064365386963,0,0.0
643,32,100,0,0.00023283064365386963,0,0.0
644,32,100,0,0.00023283064365386963,0,0.0
645,32,100,0,0.00023283064365386963,0,0.0
646,32,100,0,0.00023283064365386963,0,0.0
647,32,100,0,0.00023283064365386963,0,0.0
648,32,100,0,0.00023283064365386963,0,0.0
649,32,100,0,0.00023283064365386963,0,0.0
650,32,100,0,0.00023283064365386963,0,0.0
651,32,100,0,0.00023283064365386963,0,0.0
652,32,100,0,0.00023283064365386963,0,0.0
653,32,100,0,0.00023283064365386963,0,0.0
654,32,100,1,0.00023283064365386963,0,0.0
655,32,100,0,0.00023283064365386963,0,0.0
656,32,100,0,0.00023283064365386963,0,0.0
657,32,100,0,0.00023283064365386963,0,0.0
658,32,100,0,0.00023283064365386963,0,0.0
659,32,100,0,0.00023283064365386963,0,0.0
660,32,100,0,0.00023283064365386963,0,0.0
661,32,100,0,0.00023283064365386963,0,0.0
662,32,100,0,0.00023283064365386963,0,0.0
663,32,100,0,0.00023283064365386963,0,0.0
664,32,100,0,0.00023283064365386963,0,0.0
665,32,100,0,0.00023283064365386963,0,0.0
666,32,100,0,0.00023283064365386963,0,0.0
667,32,100,0,0.00023283064365386963,0,0.0
668,32,100,4,0.00023283064365386963,0,0.0
669,32,100,0,0.00023283064365386963,0,0.0
670,32,100,0,0.00023283064365386963,0,0.0
671,32,100,0,0.00023283064365386963,0,0.0
672,32,100,0,0.00023283064365386963,0,0.0
673,32,100,0,0.00023283064365386963,0,0.0
674,32,100,0,0.00023283064365386963,0,0.0
675,32,100,0,0.00023283064365386963,0,0.0
676,32,100,0,0.00023283064365386963,0,0.0
677,32,100,0,0.00023283064365386963,0,0.0
678,32,100,0,0.00023283064365386963,0,0.0
679,32,100,0,0.00023283064365386963,0,0.0
680,32,100,0,0.00023283064365386963,0,0.0
681,32,100,0,0.00023283064365386963,0,0.0
682,32,100,0,0.00023283064365386963,0,0.0
683,32,100,1,0.00023283064365386963,0,0.0
684,32,100,0,0.00023283064365386963,0,0.0
685,32,100,0,0.00023283064365386963,0,0.0
686,32,100,0,0.00023283064365386963,0,0.0
687,32,100,0,0.00023283064365386963,0,0.0
688,32,100,0,0.00023283064365386963,0,0.0
689,32,100,0,0.00023283064365386963,0,0.0
690,32,100,0,0.00023283064365386963,0,0.0
691,32,100,0,0.00023283064365386963,0,0.0
692,32,100,0,0.00023283064365386963,0,0.0
693,32,100,0,0.00023283064365386963,0,0.0
694,32,100,0,0.00023283064365386963,0,0.0
695,32,100,0,0.00023283064365386963,0,0.0
696,32,100,0,0.00023283064365386963,0,0.0
697,32,100,0,0.00023283064365386963,0,0.0
698,32,100,0,0.00023283064365386963,0,0.0
699,32,100,0,0.00023283064365386963,0,0.0
700,32,100,0,0.00023283064365386963,0,0.0
701,32,100,0,0.00023283064365386963,0,0.0
702,32,100,13,0.00023283064365386963,0,0.0
703,32,100,0,0.00023283064365386963,0,0.0
704,32,100,0,0.00023283064365386963,0,0.0
705,32,100,0,0.00023283064365386963,0,0.0
706,32,100,0,0.00023283064365386963,0,0.0
707,32,100,0,0.00023283064365386963,0,0.0
708,32,100,1,0.00023283064365386963,0,0.0
709,32,100,0,0.00023283064365386963,0,0.0
710,32,100,0,0.00023283064365386963,0,0.0
711,32,100,0,0.00023283064365386963,0,0.0
712,32,100,0,0.00023283064365386963,0,0.0
713,32,100,0,0.00023283064365386963,0,0.0
714,32,100,0,0.00023283064365386963,0,0.0
715,32,100,0,0.00023283064365386963,0,0.0
716,32,100,0,0.00023283064365386963,0,0.0
717,32,100,0,0.00023283064365386963,0,0.0
718,32,100,0,0.00023283064365386963,0,0.0
719,32,100,0,0.00023283064365386963,0,0.0
720,32,100,0,0.00023283064365386963,0,0.0
721,32,100,0,0.00023283064365386963,0,0.0
722,32,100,0,0.00023283064365386963,0,0.0
723,32,100,0,0.00023283064365386963,0,0.0
724,32,100,0,0.00023283064365386963,0,0.0
725,32,100,0,0.00023283064365386963,0,0.0
726,32,100,0,0.00023283064365386963,0,0.0
727,32,100,0,0.00023283064365386963,0,0.0
728,32,100,0,0.00023283064365386963,0,0.0
729,32,100,1,0.00023283064365386963,0,0.0
730,32,100,0,0.00023283064365386963,0,0.0
731,32,100,0,0.00023283064365386963,0,0.0
732,32,100,0,0.00023283064365386963,0,0.0
733,32,100,0,0.00023283064365386963,0,0.0
734,32,100,0,0.00023283064365386963,0,0.0
735,32,100,0,0.00023283064365386963,0,0.0
736,32,100,0,0.00023283064365386963,0,0.0
737,32,100,0,0.00023283064365386963,0,0.0
738,32,100,0,0.00023283064365386963,0,0.0
739,32,100,0,0.00023283064365386963,0,0.0
740,32,100,0,0.00023283064365386963,0,0.0
741,32,100,0,0.00023283064365386963,0,0.0
742,32,100,0,0.00023283064365386963,0,0.0
743,32,100,0,0.00023283064365386963,0,0.0
744,32,100,0,0.00023283064365386963,0,0.0
745,32,100,0,0.00023283064365386963,0,0.0
746,32,100,2,0.00023283064365386963,0,0.0
747,32,100,0,0.00023283064365386963,0,0.0
748,32,100,0,0.00023283064365386963,0,0.0
749,32,100,0,0.00023283064365386963,0,0.0
750,32,100,0,0.00023283064365386963,0,0.0
751,32,100,0,0.00023283064365386963,0,0.0
752,32,100,0,0.00023283064365386963,0,0.0
753,32,100,0,0.00023283064365386963,0,0.0
754,32,100,0,0.00023283064365386963,0,0.0
755,32,100,0,0.00023283064365386963,0,0.0
756,32,100,1,0.00023283064365386963,0,0.0
757,32,100,0,0.00023283064365386963,0,0.0
758,32,100,0,0.00023283064365386963,0,0.0
759,32,100,0,0.00023283064365386963,0,0.0
760,32,100,0,0.00023283064365386963,0,0.0
761,32,100,0,0.00023283064365386963,0,0.0
762,32,100,1,0.00023283064365386963,1,0.01
763,32,100,0,0.00023283064365386963,0,0.0
764,32,100,0,0.00023283064365386963,0,0.0
765,32,100,0,0.00023283064365386963,0,0.0
766,32,100,0,0.00023283064365386963,0,0.0
767,32,100,0,0.00023283064365386963,0,0.0
768,32,100,0,0.00023283064365386963,0,0.0
769,32,100,0,0.00023283064365386963,0,0.0
770,32,100,0,0.00023283064365386963,0,0.0
771,32,100,0,0.00023283064365386963,0,0.0
772,32,100,0,0.00023283064365386963,0,0.0
773,32,100,0,0.00023283064365386963,0,0.0
774,32,100,0,0.00023283064365386963,0,0.0
775,32,100,0,0.00023283064365386963,0,0.0
776,32,100,0,0.00023283064365386963,0,0.0
777,32,100,0,0.00023283064365386963,0,0.0
778,32,100,0,0.00023283064365386963,0,0.0
779,32,100,0,0.00023283064365386963,0,0.0
780,32,100,0,0.00023283064365386963,0,0.0
781,32,100,1,0.00023283064365386963,0,0.0
782,32,100,0,0.00023283064365386963,0,0.0
783,32,100,0,0.00023283064365386963,0,0.0
784,32,100,0,0.00023283064365386963,0,0.0
785,32,100,0,0.00023283064365386963,0,0.0
786,32,100,0,0.00023283064365386963,0,0.0
787,32,100,0,0.00023283064365386963,0,0.0
788,32,100,0,0.00023283064365386963,0,0.0
789,32,100,0,0.00023283064365386963,0,0.0
790,32,100,0,0.00023283064365386963,0,0.0
791,32,100,0,0.00023283064365386963,0,0.0
792,32,100,0,0.00023283064365386963,0,0.0
793,32,100,1,0.00023283064365386963,0,0.0
794,32,100,0,0.00023283064365386963,0,0.0
795,32,100,0,0.00023283064365386963,0,0.0
796,32,100,0,0.00023283064365386963,0,0.0
797,32,100,0,0.00023283064365386963,0,0.0
798,32,100,0,0.00023283064365386963,0,0.0
799,32,100,0,0.00023283064365386963,0,0.0
800,32,100,0,0.00023283064365386963,0,0.0
801,32,100,0,0.00023283064365386963,0,0.0
802,32,100,0,0.00023283064365386963,0,0.0
803,32,100,0,0.00023283064365386963,0,0.0
804,32,100,0,0.00023283064365386963,0,0.0
805,32,100,1,0.00023283064365386963,0,0.0
806,32,100,0,0.00023283064365386963,0,0.0
807,32,100,0,0.00023283064365386963,0,0.0
808,32,100,0,0.00023283064365386963,0,0.0
809,32,100,2,0.00023283064365386963,0,0.0
810,32,100,0,0.00023283064365386963,0,0.0
811,32,100,0,0.00023283064365386963,0,0.0
812,32,100,0,0.00023283064365386963,0,0.0
813,32,100,0,0.00023283064365386963,0,0.0
814,32,100,0,0.00023283064365386963,0,0.0
815,32,100,0,0.00023283064365386963,0,0.0
816,32,100,1,0.00023283064365386963,0,0.0
817,32,100,0,0.00023283064365386963,0,0.0
818,32,100,0,0.00023283064365386963,0,0.0
819,32,100,1,0.00023283064365386963,0,0.0
820,32,100,0,0.00023283064365386963,0,0.0
821,32,100,0,0.00023283064365386963,0,0.0
822,32,100,0,0.00023283064365386963,0,0.0
823,32,100,0,0.00023283064365386963,0,0.0
824,32,100,0,0.00023283064365386963,0,0.0
825,32,100,0,0.00023283064365386963,0,0.0
826,32,100,0,0.00023283064365386963,0,0.0
827,32,100,1,0.00023283064365386963,0,0.0
828,32,100,0,0.00023283064365386963,0,0.0
829,32,100,0,0.00023283064365386963,0,0.0
830,32,100,1,0.00023283064365386963,0,0.0
831,32,100,0,0.00023283064365386963,0,0.0
832,32,100,0,0.00023283064365386963,0,0.0
833,32,100,0,0.00023283064365386963,0,0.0
834,32,100,1,0.00023283064365386963,0,0.0
835,32,100,0,0.00023283064365386963,0,0.0
836,32,100,0,0.00023283064365386963,0,0.0
837,32,100,0,0.00023283064365386963,0,0.0
838,32,100,0,0.00023283064365386963,0,0.0
839,32,100,2,0.00023283064365386963,0,0.0
840,32,100,0,0.00023283064365386963,0,0.0
841,32,100,0,0.00023283064365386963,0,0.0
842,32,100,1,0.00023283064365386963,0,0.0
843,32,100,0,0.00023283064365386963,0,0.0
844,32,100,0,0.00023283064365386963,0,0.0
845,32,100,0,0.00023283064365386963,0,0.0
846,32,100,0,0.00023283064365386963,0,0.0
847,32,100,0,0.00023283064365386963,0,0.0
848,32,100,0,0.00023283064365386963,0,0.0
849,32,100,0,0.00023283064365386963,0,0.0
850,32,100,0,0.00023283064365386963,0,0.0
851,32,100,2,0.00023283064365386963,0,0.0
852,32,100,0,0.00023283064365386963,0,0.0
853,32,100,0,0.00023283064365386963,0,0.0
854,32,100,0,0.00023283064365386963,0,0.0
855,32,100,1,0.00023283064365386963,0,0.0
856,32,100,0,0.00023283064365386963,0,0.0
857,32,100,0,0.00023283064365386963,0,0.0
858,32,100,3,0.00023283064365386963,0,0.0
859,32,100,0,0.00023283064365386963,0,0.0
860,32,100,0,0.00023283064365386963,0,0.0
861,32,100,0,0.00023283064365386963,0,0.0
862,32,100,0,0.00023283064365386963,0,0.0
863,32,100,0,0.00023283064365386963,0,0.0
864,32,100,0,0.00023283064365386963,0,0.0
865,32,100,2,0.00023283064365386963,0,0.0
866,32,100,0,0.00023283064365386963,0,0.0
867,32,100,0,0.00023283064365386963,0,0.0
868,32,100,0,0.00023283064365386963,0,0.0
869,32,100,1,0.00023283064365386963,0,0.0
870,32,100,0,0.00023283064365386963,0,0.0
871,32,100,0,0.00023283064365386963,0,0.0
872,32,100,0,0.00023283064365386963,0,0.0
873,32,100,0,0.00023283064365386963,0,0.0
874,32,100,0,0.00023283064365386963,0,0.0
875,32,100,1,0.00023283064365386963,0,0.0
876,32,100,0,0.00023283064365386963,0,0.0
877,32,100,0,0.00023283064365386963,0,0.0
878,32,100,0,0.00023283064365386963,0,0.0
879,32,100,0,0.00023283064365386963,0,0.0
880,32,100,0,0.00023283064365386963,0,0.0
881,32,100,0,0.00023283064365386963,0,0.0
882,32,100,0,0.00023283064365386963,0,0.0
883,32,100,0,0.00023283064365386963,0,0.0
884,32,100,0,0.00023283064365386963,0,0.0
885,32,100,0,0.00023283064365386963,0,0.0
886,32,100,0,0.00023283064365386963,0,0.0
887,32,100,0,0.00023283064365386963,0,0.0
888,32,100,0,0.00023283064365386963,0,0.0
889,32,100,0,0.00023283064365386963,0,0.0
890,32,100,0,0.00023283064365386963,0,0.0
891,32,100,1,0.00023283064365386963,0,0.0
892,32,100,0,0.00023283064365386963,0,0.0
893,32,100,0,0.00023283064365386963,0,0.0
894,32,100,0,0.00023283064365386963,0,0.0
895,32,100,0,0.00023283064365386963,0,0.0
896,32,100,0,0.00023283064365386963,0,0.0
897,32,100,0,0.00023283064365386963,0,0.0
898,32,100,0,0.00023283064365386963,0,0.0
899,32,100,0,0.00023283064365386963,0,0.0
900,32,100,0,0.00023283064365386963,0,0.0
901,32,100,0,0.00023283064365386963,0,0.0
902,32,100,0,0.00023283064365386963,0,0.0
903,32,100,0,0.00023283064365386963,0,0.0
904,32,100,0,0.00023283064365386963,0,0.0
905,32,100,0,0.00023283064365386963,0,0.0
906,32,100,0,0.00023283064365386963,0,0.0
907,32,100,0,0.00023283064365386963,0,0.0
908,32,100,0,0.00023283064365386963,0,0.0
909,32,100,0,0.00023283064365386963,0,0.0
910,32,100,0,0.00023283064365386963,0,0.0
911,32,100,0,0.00023283064365386963,0,0.0
912,32,100,0,0.00023283064365386963,0,0.0
913,32,100,0,0.00023283064365386963,0,0.0
914,32,100,0,0.00023283064365386963,0,0.0
915,32,100,1,0.00023283064365386963,0,0.0
916,32,100,0,0.00023283064365386963,0,0.0
917,32,100,0,0.00023283064365386963,0,0.0
918,32,100,0,0.00023283064365386963,0,0.0
919,32,100,0,0.00023283064365386963,0,0.0
920,32,100,0,0.00023283064365386963,0,0.0
921,32,100,0,0.00023283064365386963,0,0.0
922,32,100,0,0.00023283064365386963,0,0.0
923,32,100,0,0.00023283064365386963,0,0.0
924,32,100,0,0.00023283064365386963,0,0.0
925,32,100,0,0.00023283064365386963,0,0.0
926,32,100,1,0.00023283064365386963,0,0.0
927,32,100,0,0.00023283064365386963,0,0.0
928,32,100,1,0.00023283064365386963,0,0.0
929,32,100,0,0.00023283064365386963,0,0.0
930,32,100,0,0.00023283064365386963,0,0.0
931,32,100,0,0.00023283064365386963,0,0.0
932,32,100,0,0.00023283064365386963,0,0.0
933,32,100,0,0.00023283064365386963,0,0.0
934,32,100,0,0.00023283064365386963,0,0.0
935,32,100,0,0.00023283064365386963,0,0.0
936,32,100,0,0.00023283064365386963,0,0.0
937,32,100,0,0.00023283064365386963,0,0.0
938,32,100,0,0.00023283064365386963,0,0.0
939,32,100,0,0.00023283064365386963,0,0.0
940,32,100,0,0.00023283064365386963,0,0.0
941,32,100,0,0.00023283064365386963,0,0.0
942,32,100,0,0.00023283064365386963,0,0.0
943,32,100,0,0.00023283064365386963,0,0.0
944,32,100,0,0.00023283064365386963,0,0.0
945,32,100,0,0.00023283064365386963,0,0.0
946,32,100,0,0.00023283064365386963,0,0.0
947,32,100,0,0.00023283064365386963,0,0.0
948,32,100,0,0.00023283064365386963,0,0.0
949,32,100,0,0.00023283064365386963,0,0.0
950,32,100,0,0.00023283064365386963,0,0.0
951,32,100,0,0.00023283064365386963,0,0.0
952,32,100,0,0.00023283064365386963,0,0.0
953,32,100,0,0.00023283064365386963,0,0.0
954,32,100,0,0.00023283064365386963,0,0.0
955,32,100,0,0.00023283064365386963,0,0.0
956,32,100,0,0.00023283064365386963,0,0.0
957,32,100,0,0.00023283064365386963,0,0.0
958,32,100,0,0.00023283064365386963,0,0.0
959,32,100,0,0.00023283064365386963,0,0.0
960,32,100,0,0.00023283064365386963,0,0.0
961,32,100,0,0.00023283064365386963,0,0.0
962,32,100,0,0.00023283064365386963,0,0.0
963,32,100,0,0.00023283064365386963,0,0.0
964,32,100,0,0.00023283064365386963,0,0.0
965,32,100,1,0.00023283064365386963,0,0.0
966,32,100,0,0.00023283064365386963,0,0.0
967,32,100,0,0.00023283064365386963,0,0.0
968,32,100,0,0.00023283064365386963,0,0.0
969,32,100,0,0.00023283064365386963,0,0.0
970,32,100,0,0.00023283064365386963,0,0.0
971,32,100,0,0.00023283064365386963,0,0.0
972,32,100,0,0.00023283064365386963,0,0.0
973,32,100,0,0.00023283064365386963,0,0.0
974,32,100,0,0.00023283064365386963,0,0.0
975,32,100,0,0.00023283064365386963,0,0.0
976,32,100,0,0.00023283064365386963,0,0.0
977,32,100,0,0.00023283064365386963,0,0.0
978,32,100,0,0.00023283064365386963,0,0.0
979,32,100,0,0.00023283064365386963,0,0.0
980,32,100,0,0.00023283064365386963,0,0.0
981,32,100,0,0.00023283064365386963,0,0.0
982,32,100,0,0.00023283064365386963,0,0.0
983,32,100,2,0.00023283064365386963,0,0.0
984,32,100,0,0.00023283064365386963,0,0.0
985,32,100,0,0.00023283064365386963,0,0.0
986,32,100,0,0.00023283064365386963,0,0.0
987,32,100,0,0.00023283064365386963,0,0.0
988,32,100,0,0.00023283064365386963,0,0.0
989,32,100,0,0.00023283064365386963,0,0.0
990,32,100,0,0.00023283064365386963,0,0.0
991,32,100,0,0.00023283064365386963,0,0.0
992,32,100,0,0.00023283064365386963,0,0.0
993,32,100,0,0.00023283064365386963,0,0.0
994,32,100,0,0.00023283064365386963,0,0.0
995,32,100,0,0.00023283064365386963,0,0.0
996,32,100,0,0.00023283064365386963,0,0.0
997,32,100,0,0.00023283064365386963,0,0.0
998,32,100,0,0.00023283064365386963,0,0.0
999,32,100,0,0.00023283064365386963,0,0.0
