method,clusters,router,setting_id,top_k,probes,repetitions,measurements,complete_processes,complete,qualified,recall,p50_ms,p95_ms,total_query_ms,process_p50_median_ms,process_p50_min_ms,process_p50_max_ms,logical_index_bytes,lifetime_peak_bytes,mean_documents_scored,mean_nodes,mean_bitplane_words,mean_leaf_words,mean_prefix_levels,mean_prefix_lookups,mean_final_depth,start_depth,candidate_target,leaf_size,node_budget,exploration,seed
scan,64,/Users/vinroger/DATA/STUDY/latihan/about/exa-interview/e2e-inverted-bitplane-project/data/prefix-study-2026-09-13/pools/qwen-quora-d256/routers/ivf-64-seed42,main-s00039,10,7,1,1000,1,True,True,0.9504,2.2253754998473596,3.1008648996930788,2292.2993250022046,2.2253754998473596,2.2253754998473596,2.2253754998473596,20917240,103940096,59754.595,0.0,0.0,0.0,0.0,0.0,0.0,,,,,,
scan,64,/Users/vinroger/DATA/STUDY/latihan/about/exa-interview/e2e-inverted-bitplane-project/data/prefix-study-2026-09-13/pools/qwen-quora-d256/routers/ivf-64-seed42,main-s00047,100,64,1,1000,1,True,True,1.0,20.329270500042185,21.096587800138877,20289.62549699827,20.329270500042185,20.329270500042185,20.329270500042185,20917240,103940096,522931.0,0.0,0.0,0.0,0.0,0.0,0.0,,,,,,
scan,64,/Users/vinroger/DATA/STUDY/latihan/about/exa-interview/e2e-inverted-bitplane-project/data/prefix-study-2026-09-13/pools/qwen-quora-d256/routers/ivf-64-seed42,main-s00036,10,1,1,1000,1,True,True,0.6262,0.33229149994440377,0.586541999837209,359.36037000328724,0.33229149994440377,0.33229149994440377,0.33229149994440377,20917240,103940096,9223.342,0.0,0.0,0.0,0.0,0.0,0.0,,,,,,
scan,64,/Users/vinroger/DATA/STUDY/latihan/about/exa-interview/e2e-inverted-bitplane-project/data/prefix-study-2026-09-13/pools/qwen-quora-d256/routers/ivf-64-seed42,main-s00040,10,21,1,1000,1,True,True,0.9903,6.615500499947302,7.601191999856383,6628.146523000396,6.615500499947302,6.615500499947302,6.615500499947302,20917240,103940096,174062.415,0.0,0.0,0.0,0.0,0.0,0.0,,,,,,
scan,64,/Users/vinroger/DATA/STUDY/latihan/about/exa-interview/e2e-inverted-bitplane-project/data/prefix-study-2026-09-13/pools/qwen-quora-d256/routers/ivf-64-seed42,main-s00031,1,2,1,1000,1,True,True,0.888,0.6646669999099686,1.0298148998344914,677.9343479929594,0.6646669999099686,0.6646669999099686,0.6646669999099686,20917240,103940096,17936.524,0.0,0.0,0.0,0.0,0.0,0.0,,,,,,
scan,64,/Users/vinroger/DATA/STUDY/latihan/about/exa-interview/e2e-inverted-bitplane-project/data/prefix-study-2026-09-13/pools/qwen-quora-d256/routers/ivf-64-seed42,main-s00034,1,9,1,1000,1,True,True,0.99,2.8052919999481674,3.7463434498476995,2890.3233560054105,2.8052919999481674,2.8052919999481674,2.8052919999481674,20917240,103940096,76223.684,0.0,0.0,0.0,0.0,0.0,0.0,,,,,,
scan,64,/Users/vinroger/DATA/STUDY/latihan/about/exa-interview/e2e-inverted-bitplane-project/data/prefix-study-2026-09-13/pools/qwen-quora-d256/routers/ivf-64-seed42,main-s00038,10,5,1,1000,1,True,True,0.9194,1.575042000013127,2.296246499759036,1640.9252160078722,1.575042000013127,1.575042000013127,1.575042000013127,20917240,103940096,43132.396,0.0,0.0,0.0,0.0,0.0,0.0,,,,,,
scan,64,/Users/vinroger/DATA/STUDY/latihan/about/exa-interview/e2e-inverted-bitplane-project/data/prefix-study-2026-09-13/pools/qwen-quora-d256/routers/ivf-64-seed42,main-s00041,10,64,1,1000,1,True,True,1.0,19.558771000220077,21.058242299841368,20005.324686994754,19.558771000220077,19.558771000220077,19.558771000220077,20917240,103940096,522931.0,0.0,0.0,0.0,0.0,0.0,0.0,,,,,,
scan,64,/Users/vinroger/DATA/STUDY/latihan/about/exa-interview/e2e-inverted-bitplane-project/data/prefix-study-2026-09-13/pools/qwen-quora-d256/routers/ivf-64-seed42,main-s00037,10,3,1,1000,1,True,True,0.8581,0.9815834998789796,1.4826089997768575,1020.7059820013455,0.9815834998789796,0.9815834998789796,0.9815834998789796,20917240,103940096,26422.354,0.0,0.0,0.0,0.0,0.0,0.0,,,,,,
scan,64,/Users/vinroger/DATA/STUDY/latihan/about/exa-interview/e2e-inverted-bitplane-project/data/prefix-study-2026-09-13/pools/qwen-quora-d256/routers/ivf-64-seed42,main-s00044,100,8,1,1000,1,True,True,0.91219,2.644582999892009,3.5732493500063356,2719.806459010215,2.644582999892009,2.644582999892009,2.644582999892009,20917240,103940096,67988.47,0.0,0.0,0.0,0.0,0.0,0.0,,,,,,
scan,64,/Users/vinroger/DATA/STUDY/latihan/about/exa-interview/e2e-inverted-bitplane-project/data/prefix-study-2026-09-13/pools/qwen-quora-d256/routers/ivf-64-seed42,main-s00035,1,64,1,1000,1,True,True,1.0,19.552458500129433,21.065668750065925,19968.824147003488,19.552458500129433,19.552458500129433,19.552458500129433,20917240,103940096,522931.0,0.0,0.0,0.0,0.0,0.0,0.0,,,,,,
scan,64,/Users/vinroger/DATA/STUDY/latihan/about/exa-interview/e2e-inverted-bitplane-project/data/prefix-study-2026-09-13/pools/qwen-quora-d256/routers/ivf-64-seed42,main-s00043,100,4,1,1000,1,True,True,0.82498,1.3834999999744468,2.0119149002994163,1423.1368489990928,1.3834999999744468,1.3834999999744468,1.3834999999744468,20917240,103940096,34810.582,0.0,0.0,0.0,0.0,0.0,0.0,,,,,,
scan,64,/Users/vinroger/DATA/STUDY/latihan/about/exa-interview/e2e-inverted-bitplane-project/data/prefix-study-2026-09-13/pools/qwen-quora-d256/routers/ivf-64-seed42,main-s00042,100,1,1,1000,1,True,True,0.5345,0.3838130000985984,0.6626479001397456,412.9087040041668,0.3838130000985984,0.3838130000985984,0.3838130000985984,20917240,103940096,9223.342,0.0,0.0,0.0,0.0,0.0,0.0,,,,,,
scan,64,/Users/vinroger/DATA/STUDY/latihan/about/exa-interview/e2e-inverted-bitplane-project/data/prefix-study-2026-09-13/pools/qwen-quora-d256/routers/ivf-64-seed42,main-s00030,1,1,1,1000,1,True,True,0.746,0.32524999960514833,0.5813791999116802,354.136829993422,0.32524999960514833,0.32524999960514833,0.32524999960514833,20917240,103940096,9223.342,0.0,0.0,0.0,0.0,0.0,0.0,,,,,,
scan,64,/Users/vinroger/DATA/STUDY/latihan/about/exa-interview/e2e-inverted-bitplane-project/data/prefix-study-2026-09-13/pools/qwen-quora-d256/routers/ivf-64-seed42,main-s00046,100,31,1,1000,1,True,True,0.99023,10.108103999982632,11.188147600000775,10153.749915002209,10.108103999982632,10.108103999982632,10.108103999982632,20917240,103940096,255171.207,0.0,0.0,0.0,0.0,0.0,0.0,,,,,,
scan,64,/Users/vinroger/DATA/STUDY/latihan/about/exa-interview/e2e-inverted-bitplane-project/data/prefix-study-2026-09-13/pools/qwen-quora-d256/routers/ivf-64-seed42,main-s00045,100,13,1,1000,1,True,True,0.95189,4.263979500365167,5.252879150134504,4342.634193996673,4.263979500365167,4.263979500365167,4.263979500365167,20917240,103940096,108789.511,0.0,0.0,0.0,0.0,0.0,0.0,,,,,,
scan,64,/Users/vinroger/DATA/STUDY/latihan/about/exa-interview/e2e-inverted-bitplane-project/data/prefix-study-2026-09-13/pools/qwen-quora-d256/routers/ivf-64-seed42,main-s00033,1,4,1,1000,1,True,True,0.958,1.2720414999876084,1.8990916998745888,1317.8849560017625,1.2720414999876084,1.2720414999876084,1.2720414999876084,20917240,103940096,34810.582,0.0,0.0,0.0,0.0,0.0,0.0,,,,,,
scan,64,/Users/vinroger/DATA/STUDY/latihan/about/exa-interview/e2e-inverted-bitplane-project/data/prefix-study-2026-09-13/pools/qwen-quora-d256/routers/ivf-64-seed42,main-s00032,1,3,1,1000,1,True,True,0.923,0.960041499865838,1.4507707999655393,1001.9522789984876,0.960041499865838,0.960041499865838,0.960041499865838,20917240,103940096,26422.354,0.0,0.0,0.0,0.0,0.0,0.0,,,,,,
prefix,4096,/Users/vinroger/DATA/STUDY/latihan/about/exa-interview/e2e-inverted-bitplane-project/data/prefix-study-2026-09-13/pools/qwen-quora-d256/routers/ivf-4096-seed42,main-s00525,10,54,1,1000,1,True,True,0.5297,0.19364550007594517,0.3226312500828499,214.75774799364444,0.19364550007594517,0.19364550007594517,0.19364550007594517,23008964,111493120,2014.205,0.0,0.0,0.0,12.653,1366.416,4.347,16,1000,,,,
prefix,4096,/Users/vinroger/DATA/STUDY/latihan/about/exa-interview/e2e-inverted-bitplane-project/data/prefix-study-2026-09-13/pools/qwen-quora-d256/routers/ivf-4096-seed42,main-s00563,100,668,1,1000,1,True,True,0.99003,4.3751869998232,4.716616999667167,4384.493516004113,4.3751869998232,4.3751869998232,4.3751869998232,23008964,111493120,86503.784,0.0,0.0,0.0,17.0,21376.0,0.0,16,261465,,,,
prefix,4096,/Users/vinroger/DATA/STUDY/latihan/about/exa-interview/e2e-inverted-bitplane-project/data/prefix-study-2026-09-13/pools/qwen-quora-d256/routers/ivf-4096-seed42,main-s00498,1,5,1,1000,1,True,True,0.95,0.11470899994492356,0.12792529964826826,115.05594999289315,0.11470899994492356,0.11470899994492356,0.11470899994492356,23008964,111493120,723.5,0.0,0.0,0.0,17.0,160.0,0.0,16,261465,,,,
prefix,4096,/Users/vinroger/DATA/STUDY/latihan/about/exa-interview/e2e-inverted-bitplane-project/data/prefix-study-2026-09-13/pools/qwen-quora-d256/routers/ivf-4096-seed42,main-s00484,1,1,1,1000,1,True,True,0.728,0.08556299985684745,0.09279615003379149,86.18936800030497,0.08556299985684745,0.08556299985684745,0.08556299985684745,23008964,111493120,155.864,0.0,0.0,0.0,17.0,32.0,0.0,16,0,,,,
prefix,4096,/Users/vinroger/DATA/STUDY/latihan/about/exa-interview/e2e-inverted-bitplane-project/data/prefix-study-2026-09-13/pools/qwen-quora-d256/routers/ivf-4096-seed42,main-s00544,100,3,1,1000,1,True,True,0.55271,0.11664550015666464,0.13058299966814957,117.36776199768428,0.11664550015666464,0.11664550015666464,0.11664550015666464,23008964,111493120,442.421,0.0,0.0,0.0,17.0,96.0,0.0,16,0,,,,
prefix,4096,/Users/vinroger/DATA/STUDY/latihan/about/exa-interview/e2e-inverted-bitplane-project/data/prefix-study-2026-09-13/pools/qwen-quora-d256/routers/ivf-4096-seed42,main-s00539,10,4096,1,1000,1,True,True,1.0,25.91193750004095,26.609166649882354,25926.7646169842,25.91193750004095,25.91193750004095,25.91193750004095,23008964,111493120,522931.0,0.0,0.0,0.0,17.0,131072.0,0.0,16,0,,,,
prefix,4096,/Users/vinroger/DATA/STUDY/latihan/about/exa-interview/e2e-inverted-bitplane-project/data/prefix-study-2026-09-13/pools/qwen-quora-d256/routers/ivf-4096-seed42,main-s00487,1,2,1,1000,1,True,True,0.861,0.09368750033900142,0.1026291501830201,94.42549900040831,0.09368750033900142,0.09368750033900142,0.09368750033900142,23008964,111493120,300.875,0.0,0.0,0.0,17.0,64.0,0.0,16,100000,,,,
prefix,4096,/Users/vinroger/DATA/STUDY/latihan/about/exa-interview/e2e-inverted-bitplane-project/data/prefix-study-2026-09-13/pools/qwen-quora-d256/routers/ivf-4096-seed42,main-s00491,1,3,1,1000,1,True,True,0.915,0.10041700033980305,0.1106292001395559,100.97102100462507,0.10041700033980305,0.10041700033980305,0.10041700033980305,23008964,111493120,442.421,0.0,0.0,0.0,17.0,96.0,0.0,16,10000,,,,
prefix,4096,/Users/vinroger/DATA/STUDY/latihan/about/exa-interview/e2e-inverted-bitplane-project/data/prefix-study-2026-09-13/pools/qwen-quora-d256/routers/ivf-4096-seed42,main-s00560,100,668,1,1000,1,True,True,0.13754,0.5875414999536588,0.90198540019628,642.8002070042567,0.5875414999536588,0.5875414999536588,0.5875414999536588,23008964,111493120,2784.221,0.0,0.0,0.0,8.934,11935.824,8.066,16,1000,,,,
prefix,4096,/Users/vinroger/DATA/STUDY/latihan/about/exa-interview/e2e-inverted-bitplane-project/data/prefix-study-2026-09-13/pools/qwen-quora-d256/routers/ivf-4096-seed42,main-s00505,1,4096,1,1000,1,True,True,0.257,2.1017500000652944,3.1701868500249475,2263.430712000172,2.1017500000652944,2.1017500000652944,2.1017500000652944,23008964,111493120,4954.733,0.0,0.0,0.0,7.134,58441.728,9.866,16,1000,,,,
prefix,4096,/Users/vinroger/DATA/STUDY/latihan/about/exa-interview/e2e-inverted-bitplane-project/data/prefix-study-2026-09-13/pools/qwen-quora-d256/routers/ivf-4096-seed42,main-s00503,1,43,1,1000,1,True,True,0.99,0.3579165002065565,0.41051664982205693,359.4805719976648,0.3579165002065565,0.3579165002065565,0.3579165002065565,23008964,111493120,5802.553,0.0,0.0,0.0,17.0,1376.0,0.0,16,261465,,,,
prefix,4096,/Users/vinroger/DATA/STUDY/latihan/about/exa-interview/e2e-inverted-bitplane-project/data/prefix-study-2026-09-13/pools/qwen-quora-d256/routers/ivf-4096-seed42,main-s00535,10,4096,1,1000,1,True,True,0.1536,2.168583500179011,3.3453770999585677,2351.481300008345,2.168583500179011,2.168583500179011,2.168583500179011,23008964,111493120,4954.733,0.0,0.0,0.0,7.134,58441.728,9.866,16,1000,,,,
prefix,4096,/Users/vinroger/DATA/STUDY/latihan/about/exa-interview/e2e-inverted-bitplane-project/data/prefix-study-2026-09-13/pools/qwen-quora-d256/routers/ivf-4096-seed42,main-s00558,100,160,1,1000,1,True,True,0.95015,1.1523959999522049,1.2822170002209532,1154.5041989998026,1.1523959999522049,1.1523959999522049,1.1523959999522049,23008964,111493120,21100.935,0.0,0.0,0.0,17.0,5120.0,0.0,16,261465,,,,
prefix,4096,/Users/vinroger/DATA/STUDY/latihan/about/exa-interview/e2e-inverted-bitplane-project/data/prefix-study-2026-09-13/pools/qwen-quora-d256/routers/ivf-4096-seed42,main-s00520,10,17,1,1000,1,True,True,0.7455,0.15627049970134976,0.19483400001263362,160.57216799117668,0.15627049970134976,0.15627049970134976,0.15627049970134976,23008964,111493120,1501.785,0.0,0.0,0.0,14.882,500.106,2.118,16,1000,,,,
prefix,4096,/Users/vinroger/DATA/STUDY/latihan/about/exa-interview/e2e-inverted-bitplane-project/data/prefix-study-2026-09-13/pools/qwen-quora-d256/routers/ivf-4096-seed42,main-s00494,1,3,1,1000,1,True,True,0.915,0.0994170000012673,0.10988329991050703,100.14142700083539,0.0994170000012673,0.0994170000012673,0.0994170000012673,23008964,111493120,442.421,0.0,0.0,0.0,17.0,96.0,0.0,16,0,,,,
prefix,4096,/Users/vinroger/DATA/STUDY/latihan/about/exa-interview/e2e-inverted-bitplane-project/data/prefix-study-2026-09-13/pools/qwen-quora-d256/routers/ivf-4096-seed42,main-s00506,1,4096,1,1000,1,True,True,0.426,3.486542000246118,4.868656249868763,3805.2309960125967,3.486542000246118,3.486542000246118,3.486542000246118,23008964,111493120,22304.981,0.0,0.0,0.0,10.715,87777.28,6.285,16,10000,,,,
prefix,4096,/Users/vinroger/DATA/STUDY/latihan/about/exa-interview/e2e-inverted-bitplane-project/data/prefix-study-2026-09-13/pools/qwen-quora-d256/routers/ivf-4096-seed42,main-s00532,10,303,1,1000,1,True,True,0.99,2.0166249998965213,2.235179149988653,2028.7874529894907,2.0166249998965213,2.0166249998965213,2.0166249998965213,23008964,111493120,39600.397,0.0,0.0,0.0,17.0,9696.0,0.0,16,100000,,,,
prefix,4096,/Users/vinroger/DATA/STUDY/latihan/about/exa-interview/e2e-inverted-bitplane-project/data/prefix-study-2026-09-13/pools/qwen-quora-d256/routers/ivf-4096-seed42,main-s00519,10,5,1,1000,1,True,True,0.8055,0.11608300019361195,0.13039375000971629,116.77866100581014,0.11608300019361195,0.11608300019361195,0.11608300019361195,23008964,111493120,723.5,0.0,0.0,0.0,17.0,160.0,0.0,16,0,,,,
prefix,4096,/Users/vinroger/DATA/STUDY/latihan/about/exa-interview/e2e-inverted-bitplane-project/data/prefix-study-2026-09-13/pools/qwen-quora-d256/routers/ivf-4096-seed42,main-s00521,10,17,1,1000,1,True,True,0.9004,0.1943544998539437,0.22240000023430181,195.60278299468337,0.1943544998539437,0.1943544998539437,0.1943544998539437,23008964,111493120,2354.693,0.0,0.0,0.0,17.0,544.0,0.0,16,10000,,,,
prefix,4096,/Users/vinroger/DATA/STUDY/latihan/about/exa-interview/e2e-inverted-bitplane-project/data/prefix-study-2026-09-13/pools/qwen-quora-d256/routers/ivf-4096-seed42,main-s00517,10,5,1,1000,1,True,True,0.8055,0.11535400017237407,0.12847674984186594,115.98984901138465,0.11535400017237407,0.11535400017237407,0.11535400017237407,23008964,111493120,723.5,0.0,0.0,0.0,17.0,160.0,0.0,16,100000,,,,
prefix,4096,/Users/vinroger/DATA/STUDY/latihan/about/exa-interview/e2e-inverted-bitplane-project/data/prefix-study-2026-09-13/pools/qwen-quora-d256/routers/ivf-4096-seed42,main-s00492,1,3,1,1000,1,True,True,0.915,0.09918799992192362,0.10954615024729719,99.88384099324321,0.09918799992192362,0.09918799992192362,0.09918799992192362,23008964,111493120,442.421,0.0,0.0,0.0,17.0,96.0,0.0,16,100000,,,,
prefix,4096,/Users/vinroger/DATA/STUDY/latihan/about/exa-interview/e2e-inverted-bitplane-project/data/prefix-study-2026-09-13/pools/qwen-quora-d256/routers/ivf-4096-seed42,main-s00504,1,43,1,1000,1,True,True,0.99,0.36039599990544957,0.41368154998053797,361.416258007921,0.36039599990544957,0.36039599990544957,0.36039599990544957,23008964,111493120,5802.553,0.0,0.0,0.0,17.0,1376.0,0.0,16,0,,,,
prefix,4096,/Users/vinroger/DATA/STUDY/latihan/about/exa-interview/e2e-inverted-bitplane-project/data/prefix-study-2026-09-13/pools/qwen-quora-d256/routers/ivf-4096-seed42,main-s00541,100,3,1,1000,1,True,True,0.55271,0.11664550015666464,0.13050420006948116,117.34365799702573,0.11664550015666464,0.11664550015666464,0.11664550015666464,23008964,111493120,442.421,0.0,0.0,0.0,17.0,96.0,0.0,16,10000,,,,
prefix,4096,/Users/vinroger/DATA/STUDY/latihan/about/exa-interview/e2e-inverted-bitplane-project/data/prefix-study-2026-09-13/pools/qwen-quora-d256/routers/ivf-4096-seed42,main-s00551,100,65,1,1000,1,True,True,0.90083,0.5302704998939589,0.5980732500802333,532.246873987333,0.5302704998939589,0.5302704998939589,0.5302704998939589,23008964,111493120,8688.526,0.0,0.0,0.0,17.0,2080.0,0.0,16,10000,,,,
prefix,4096,/Users/vinroger/DATA/STUDY/latihan/about/exa-interview/e2e-inverted-bitplane-project/data/prefix-study-2026-09-13/pools/qwen-quora-d256/routers/ivf-4096-seed42,main-s00524,10,17,1,1000,1,True,True,0.9004,0.1935210000283405,0.2214579999417765,194.98944600218238,0.1935210000283405,0.1935210000283405,0.1935210000283405,23008964,111493120,2354.693,0.0,0.0,0.0,17.0,544.0,0.0,16,0,,,,
prefix,4096,/Users/vinroger/DATA/STUDY/latihan/about/exa-interview/e2e-inverted-bitplane-project/data/prefix-study-2026-09-13/pools/qwen-quora-d256/routers/ivf-4096-seed42,main-s00536,10,4096,1,1000,1,True,True,0.3116,3.4763124999699357,4.833706249928581,3799.83218299094,3.4763124999699357,3.4763124999699357,3.4763124999699357,23008964,111493120,22304.981,0.0,0.0,0.0,10.715,87777.28,6.285,16,10000,,,,
prefix,4096,/Users/vinroger/DATA/STUDY/latihan/about/exa-interview/e2e-inverted-bitplane-project/data/prefix-study-2026-09-13/pools/qwen-quora-d256/routers/ivf-4096-seed42,main-s00565,100,4096,1,1000,1,True,True,0.08636,2.2019999998974527,3.4150941000007133,2396.8981629973314,2.2019999998974527,2.2019999998974527,2.2019999998974527,23008964,111493120,4954.733,0.0,0.0,0.0,7.134,58441.728,9.866,16,1000,,,,
prefix,4096,/Users/vinroger/DATA/STUDY/latihan/about/exa-interview/e2e-inverted-bitplane-project/data/prefix-study-2026-09-13/pools/qwen-quora-d256/routers/ivf-4096-seed42,main-s00545,100,19,1,1000,1,True,True,0.58586,0.17843749992607627,0.22763125020901498,184.61226799126962,0.17843749992607627,0.17843749992607627,0.17843749992607627,23008964,111493120,1544.76,0.0,0.0,0.0,14.612,550.962,2.388,16,1000,,,,
prefix,4096,/Users/vinroger/DATA/STUDY/latihan/about/exa-interview/e2e-inverted-bitplane-project/data/prefix-study-2026-09-13/pools/qwen-quora-d256/routers/ivf-4096-seed42,main-s00509,1,4096,1,1000,1,True,True,1.0,25.779041999840047,26.484862850225,25794.508858000427,25.779041999840047,25.779041999840047,25.779041999840047,23008964,111493120,522931.0,0.0,0.0,0.0,17.0,131072.0,0.0,16,0,,,,
prefix,4096,/Users/vinroger/DATA/STUDY/latihan/about/exa-interview/e2e-inverted-bitplane-project/data/prefix-study-2026-09-13/pools/qwen-quora-d256/routers/ivf-4096-seed42,main-s00522,10,17,1,1000,1,True,True,0.9004,0.19381249990146898,0.22154405039600533,195.25945700524971,0.19381249990146898,0.19381249990146898,0.19381249990146898,23008964,111493120,2354.693,0.0,0.0,0.0,17.0,544.0,0.0,16,100000,,,,
prefix,4096,/Users/vinroger/DATA/STUDY/latihan/about/exa-interview/e2e-inverted-bitplane-project/data/prefix-study-2026-09-13/pools/qwen-quora-d256/routers/ivf-4096-seed42,main-s00531,10,303,1,1000,1,True,True,0.7148,1.0046044999398873,1.501358649852591,1067.7861200074403,1.0046044999398873,1.0046044999398873,1.0046044999398873,23008964,111493120,16842.924,0.0,0.0,0.0,14.029,8501.574,2.971,16,10000,,,,
prefix,4096,/Users/vinroger/DATA/STUDY/latihan/about/exa-interview/e2e-inverted-bitplane-project/data/prefix-study-2026-09-13/pools/qwen-quora-d256/routers/ivf-4096-seed42,main-s00556,100,160,1,1000,1,True,True,0.7691,0.7946454998091212,1.1724580499276271,856.3019679977515,0.7946454998091212,0.7946454998091212,0.7946454998091212,23008964,111493120,13870.118,0.0,0.0,0.0,15.454,4874.56,1.546,16,10000,,,,
prefix,4096,/Users/vinroger/DATA/STUDY/latihan/about/exa-interview/e2e-inverted-bitplane-project/data/prefix-study-2026-09-13/pools/qwen-quora-d256/routers/ivf-4096-seed42,main-s00516,10,5,1,1000,1,True,True,0.8055,0.11695800003508339,0.1296669998055222,117.33458499702465,0.11695800003508339,0.11695800003508339,0.11695800003508339,23008964,111493120,723.5,0.0,0.0,0.0,17.0,160.0,0.0,16,10000,,,,
prefix,4096,/Users/vinroger/DATA/STUDY/latihan/about/exa-interview/e2e-inverted-bitplane-project/data/prefix-study-2026-09-13/pools/qwen-quora-d256/routers/ivf-4096-seed42,main-s00564,100,668,1,1000,1,True,True,0.99003,4.343041999845809,4.666856550079501,4348.437161006586,4.343041999845809,4.343041999845809,4.343041999845809,23008964,111493120,86503.784,0.0,0.0,0.0,17.0,21376.0,0.0,16,0,,,,
prefix,4096,/Users/vinroger/DATA/STUDY/latihan/about/exa-interview/e2e-inverted-bitplane-project/data/prefix-study-2026-09-13/pools/qwen-quora-d256/routers/ivf-4096-seed42,main-s00555,100,160,1,1000,1,True,True,0.23045,0.28891650003970426,0.43148365000433814,313.19382200081236,0.28891650003970426,0.28891650003970426,0.28891650003970426,23008964,111493120,1966.801,0.0,0.0,0.0,10.825,3464.0,6.175,16,1000,,,,
prefix,4096,/Users/vinroger/DATA/STUDY/latihan/about/exa-interview/e2e-inverted-bitplane-project/data/prefix-study-2026-09-13/pools/qwen-quora-d256/routers/ivf-4096-seed42,main-s00514,10,1,1,1000,1,True,True,0.5557,0.08654149996800697,0.09237709989520226,86.93388601204788,0.08654149996800697,0.08654149996800697,0.08654149996800697,23008964,111493120,155.864,0.0,0.0,0.0,17.0,32.0,0.0,16,0,,,,
prefix,4096,/Users/vinroger/DATA/STUDY/latihan/about/exa-interview/e2e-inverted-bitplane-project/data/prefix-study-2026-09-13/pools/qwen-quora-d256/routers/ivf-4096-seed42,main-s00489,1,2,1,1000,1,True,True,0.861,0.091999999995096,0.09967115006475069,92.5293360046453,0.091999999995096,0.091999999995096,0.091999999995096,23008964,111493120,300.875,0.0,0.0,0.0,17.0,64.0,0.0,16,0,,,,
prefix,4096,/Users/vinroger/DATA/STUDY/latihan/about/exa-interview/e2e-inverted-bitplane-project/data/prefix-study-2026-09-13/pools/qwen-quora-d256/routers/ivf-4096-seed42,main-s00488,1,2,1,1000,1,True,True,0.861,0.09191649996864726,0.09908304991768091,92.32705299973532,0.09191649996864726,0.09191649996864726,0.09191649996864726,23008964,111493120,300.875,0.0,0.0,0.0,17.0,64.0,0.0,16,261465,,,,
prefix,4096,/Users/vinroger/DATA/STUDY/latihan/about/exa-interview/e2e-inverted-bitplane-project/data/prefix-study-2026-09-13/pools/qwen-quora-d256/routers/ivf-4096-seed42,main-s00526,10,54,1,1000,1,True,True,0.9506,0.4305205002310686,0.4887687503696725,431.3406389960619,0.4305205002310686,0.4305205002310686,0.4305205002310686,23008964,111493120,7249.372,0.0,0.0,0.0,17.0,1728.0,0.0,16,10000,,,,
prefix,4096,/Users/vinroger/DATA/STUDY/latihan/about/exa-interview/e2e-inverted-bitplane-project/data/prefix-study-2026-09-13/pools/qwen-quora-d256/routers/ivf-4096-seed42,main-s00569,100,4096,1,1000,1,True,True,1.0,25.892250000197237,26.52718750002805,25875.460982003005,25.892250000197237,25.892250000197237,25.892250000197237,23008964,111493120,522931.0,0.0,0.0,0.0,17.0,131072.0,0.0,16,0,,,,
prefix,4096,/Users/vinroger/DATA/STUDY/latihan/about/exa-interview/e2e-inverted-bitplane-project/data/prefix-study-2026-09-13/pools/qwen-quora-d256/routers/ivf-4096-seed42,main-s00486,1,2,1,1000,1,True,True,0.861,0.09381250015394471,0.1033812499827036,94.63482300225223,0.09381250015394471,0.09381250015394471,0.09381250015394471,23008964,111493120,300.875,0.0,0.0,0.0,17.0,64.0,0.0,16,10000,,,,
prefix,4096,/Users/vinroger/DATA/STUDY/latihan/about/exa-interview/e2e-inverted-bitplane-project/data/prefix-study-2026-09-13/pools/qwen-quora-d256/routers/ivf-4096-seed42,main-s00495,1,5,1,1000,1,True,True,0.95,0.11527099991326395,0.12933305013120844,115.89136599695848,0.11527099991326395,0.11527099991326395,0.11527099991326395,23008964,111493120,722.944,0.0,0.0,0.0,16.982,159.9,0.018,16,1000,,,,
prefix,4096,/Users/vinroger/DATA/STUDY/latihan/about/exa-interview/e2e-inverted-bitplane-project/data/prefix-study-2026-09-13/pools/qwen-quora-d256/routers/ivf-4096-seed42,main-s00562,100,668,1,1000,1,True,True,0.99003,4.384395499982929,4.731542300100955,4394.462479006961,4.384395499982929,4.384395499982929,4.384395499982929,23008964,111493120,86503.784,0.0,0.0,0.0,17.0,21376.0,0.0,16,100000,,,,
prefix,4096,/Users/vinroger/DATA/STUDY/latihan/about/exa-interview/e2e-inverted-bitplane-project/data/prefix-study-2026-09-13/pools/qwen-quora-d256/routers/ivf-4096-seed42,main-s00547,100,19,1,1000,1,True,True,0.8025,0.23147949968915782,0.2635420000842714,232.28893999657885,0.23147949968915782,0.23147949968915782,0.23147949968915782,23008964,111493120,2624.06,0.0,0.0,0.0,17.0,608.0,0.0,16,100000,,,,
prefix,4096,/Users/vinroger/DATA/STUDY/latihan/about/exa-interview/e2e-inverted-bitplane-project/data/prefix-study-2026-09-13/pools/qwen-quora-d256/routers/ivf-4096-seed42,main-s00493,1,3,1,1000,1,True,True,0.915,0.09962500007532071,0.10901040006956463,100.1992370033804,0.09962500007532071,0.09962500007532071,0.09962500007532071,23008964,111493120,442.421,0.0,0.0,0.0,17.0,96.0,0.0,16,261465,,,,
prefix,4096,/Users/vinroger/DATA/STUDY/latihan/about/exa-interview/e2e-inverted-bitplane-project/data/prefix-study-2026-09-13/pools/qwen-quora-d256/routers/ivf-4096-seed42,main-s00507,1,4096,1,1000,1,True,True,0.8,11.301916500315201,17.40488540001479,11535.493186006079,11.301916500315201,11.301916500315201,11.301916500315201,23008964,111493120,182133.576,0.0,0.0,0.0,14.207,116383.744,2.793,16,100000,,,,
prefix,4096,/Users/vinroger/DATA/STUDY/latihan/about/exa-interview/e2e-inverted-bitplane-project/data/prefix-study-2026-09-13/pools/qwen-quora-d256/routers/ivf-4096-seed42,main-s00553,100,65,1,1000,1,True,True,0.90083,0.5303124999045394,0.5990502999793534,531.8948389926845,0.5303124999045394,0.5303124999045394,0.5303124999045394,23008964,111493120,8688.526,0.0,0.0,0.0,17.0,2080.0,0.0,16,261465,,,,
prefix,4096,/Users/vinroger/DATA/STUDY/latihan/about/exa-interview/e2e-inverted-bitplane-project/data/prefix-study-2026-09-13/pools/qwen-quora-d256/routers/ivf-4096-seed42,main-s00527,10,54,1,1000,1,True,True,0.9506,0.4316454997024266,0.4908809001790359,432.81056600062584,0.4316454997024266,0.4316454997024266,0.4316454997024266,23008964,111493120,7249.372,0.0,0.0,0.0,17.0,1728.0,0.0,16,100000,,,,
prefix,4096,/Users/vinroger/DATA/STUDY/latihan/about/exa-interview/e2e-inverted-bitplane-project/data/prefix-study-2026-09-13/pools/qwen-quora-d256/routers/ivf-4096-seed42,main-s00501,1,43,1,1000,1,True,True,0.99,0.3579375002118468,0.41081489991938724,359.1866089936957,0.3579375002118468,0.3579375002118468,0.3579375002118468,23008964,111493120,5802.553,0.0,0.0,0.0,17.0,1376.0,0.0,16,10000,,,,
prefix,4096,/Users/vinroger/DATA/STUDY/latihan/about/exa-interview/e2e-inverted-bitplane-project/data/prefix-study-2026-09-13/pools/qwen-quora-d256/routers/ivf-4096-seed42,main-s00554,100,65,1,1000,1,True,True,0.90083,0.5312915000104113,0.6051375002016357,533.8667270007136,0.5312915000104113,0.5312915000104113,0.5312915000104113,23008964,111493120,8688.526,0.0,0.0,0.0,17.0,2080.0,0.0,16,0,,,,
prefix,4096,/Users/vinroger/DATA/STUDY/latihan/about/exa-interview/e2e-inverted-bitplane-project/data/prefix-study-2026-09-13/pools/qwen-quora-d256/routers/ivf-4096-seed42,main-s00513,10,1,1,1000,1,True,True,0.5557,0.0866250002218294,0.09454614973947173,87.46495599280024,0.0866250002218294,0.0866250002218294,0.0866250002218294,23008964,111493120,155.864,0.0,0.0,0.0,17.0,32.0,0.0,16,261465,,,,
prefix,4096,/Users/vinroger/DATA/STUDY/latihan/about/exa-interview/e2e-inverted-bitplane-project/data/prefix-study-2026-09-13/pools/qwen-quora-d256/routers/ivf-4096-seed42,main-s00528,10,54,1,1000,1,True,True,0.9506,0.43420850010988943,0.49572114999136824,436.02241198959746,0.43420850010988943,0.43420850010988943,0.43420850010988943,23008964,111493120,7249.372,0.0,0.0,0.0,17.0,1728.0,0.0,16,261465,,,,
prefix,4096,/Users/vinroger/DATA/STUDY/latihan/about/exa-interview/e2e-inverted-bitplane-project/data/prefix-study-2026-09-13/pools/qwen-quora-d256/routers/ivf-4096-seed42,main-s00559,100,160,1,1000,1,True,True,0.95015,1.1537084999417857,1.2888833497754604,1158.2305370079666,1.1537084999417857,1.1537084999417857,1.1537084999417857,23008964,111493120,21100.935,0.0,0.0,0.0,17.0,5120.0,0.0,16,0,,,,
prefix,4096,/Users/vinroger/DATA/STUDY/latihan/about/exa-interview/e2e-inverted-bitplane-project/data/prefix-study-2026-09-13/pools/qwen-quora-d256/routers/ivf-4096-seed42,main-s00533,10,303,1,1000,1,True,True,0.99,2.0224789998337656,2.2411868501876597,2032.2628179992535,2.0224789998337656,2.0224789998337656,2.0224789998337656,23008964,111493120,39600.397,0.0,0.0,0.0,17.0,9696.0,0.0,16,261465,,,,
prefix,4096,/Users/vinroger/DATA/STUDY/latihan/about/exa-interview/e2e-inverted-bitplane-project/data/prefix-study-2026-09-13/pools/qwen-quora-d256/routers/ivf-4096-seed42,main-s00512,10,1,1,1000,1,True,True,0.5557,0.08658299975650152,0.09359020027659426,87.16297600403777,0.08658299975650152,0.08658299975650152,0.08658299975650152,23008964,111493120,155.864,0.0,0.0,0.0,17.0,32.0,0.0,16,100000,,,,
prefix,4096,/Users/vinroger/DATA/STUDY/latihan/about/exa-interview/e2e-inverted-bitplane-project/data/prefix-study-2026-09-13/pools/qwen-quora-d256/routers/ivf-4096-seed42,main-s00490,1,3,1,1000,1,True,True,0.915,0.09858399971562903,0.11012704999302514,99.32516400340319,0.09858399971562903,0.09858399971562903,0.09858399971562903,23008964,111493120,442.421,0.0,0.0,0.0,17.0,96.0,0.0,16,1000,,,,
prefix,4096,/Users/vinroger/DATA/STUDY/latihan/about/exa-interview/e2e-inverted-bitplane-project/data/prefix-study-2026-09-13/pools/qwen-quora-d256/routers/ivf-4096-seed42,main-s00483,1,1,1,1000,1,True,True,0.728,0.08427099987784459,0.09175000013783574,85.0362059991312,0.08427099987784459,0.08427099987784459,0.08427099987784459,23008964,111493120,155.864,0.0,0.0,0.0,17.0,32.0,0.0,16,261465,,,,
prefix,4096,/Users/vinroger/DATA/STUDY/latihan/about/exa-interview/e2e-inverted-bitplane-project/data/prefix-study-2026-09-13/pools/qwen-quora-d256/routers/ivf-4096-seed42,main-s00523,10,17,1,1000,1,True,True,0.9004,0.1946249999491556,0.22296219999589084,195.87811900055385,0.1946249999491556,0.1946249999491556,0.1946249999491556,23008964,111493120,2354.693,0.0,0.0,0.0,17.0,544.0,0.0,16,261465,,,,
prefix,4096,/Users/vinroger/DATA/STUDY/latihan/about/exa-interview/e2e-inverted-bitplane-project/data/prefix-study-2026-09-13/pools/qwen-quora-d256/routers/ivf-4096-seed42,main-s00546,100,19,1,1000,1,True,True,0.8025,0.2295210001648229,0.26083604964242113,231.05157799864173,0.2295210001648229,0.2295210001648229,0.2295210001648229,23008964,111493120,2624.06,0.0,0.0,0.0,17.0,608.0,0.0,16,10000,,,,
prefix,4096,/Users/vinroger/DATA/STUDY/latihan/about/exa-interview/e2e-inverted-bitplane-project/data/prefix-study-2026-09-13/pools/qwen-quora-d256/routers/ivf-4096-seed42,main-s00566,100,4096,1,1000,1,True,True,0.22455,3.5170624998954736,4.964358350252949,3830.6643039941264,3.5170624998954736,3.5170624998954736,3.5170624998954736,23008964,111493120,22304.981,0.0,0.0,0.0,10.715,87777.28,6.285,16,10000,,,,
prefix,4096,/Users/vinroger/DATA/STUDY/latihan/about/exa-interview/e2e-inverted-bitplane-project/data/prefix-study-2026-09-13/pools/qwen-quora-d256/routers/ivf-4096-seed42,main-s00502,1,43,1,1000,1,True,True,0.99,0.35852099995281606,0.4118475998438953,359.5116079959553,0.35852099995281606,0.35852099995281606,0.35852099995281606,23008964,111493120,5802.553,0.0,0.0,0.0,17.0,1376.0,0.0,16,100000,,,,
prefix,4096,/Users/vinroger/DATA/STUDY/latihan/about/exa-interview/e2e-inverted-bitplane-project/data/prefix-study-2026-09-13/pools/qwen-quora-d256/routers/ivf-4096-seed42,main-s00482,1,1,1,1000,1,True,True,0.728,0.08512500016877311,0.09483304982040863,86.02225599724989,0.08512500016877311,0.08512500016877311,0.08512500016877311,23008964,111493120,155.864,0.0,0.0,0.0,17.0,32.0,0.0,16,100000,,,,
prefix,4096,/Users/vinroger/DATA/STUDY/latihan/about/exa-interview/e2e-inverted-bitplane-project/data/prefix-study-2026-09-13/pools/qwen-quora-d256/routers/ivf-4096-seed42,main-s00496,1,5,1,1000,1,True,True,0.95,0.11327099991831346,0.12591604988756444,113.64284799719826,0.11327099991831346,0.11327099991831346,0.11327099991831346,23008964,111493120,723.5,0.0,0.0,0.0,17.0,160.0,0.0,16,10000,,,,
prefix,4096,/Users/vinroger/DATA/STUDY/latihan/about/exa-interview/e2e-inverted-bitplane-project/data/prefix-study-2026-09-13/pools/qwen-quora-d256/routers/ivf-4096-seed42,main-s00511,10,1,1,1000,1,True,True,0.5557,0.08654149996800697,0.0934601002427371,87.10845699897618,0.08654149996800697,0.08654149996800697,0.08654149996800697,23008964,111493120,155.864,0.0,0.0,0.0,17.0,32.0,0.0,16,10000,,,,
prefix,4096,/Users/vinroger/DATA/STUDY/latihan/about/exa-interview/e2e-inverted-bitplane-project/data/prefix-study-2026-09-13/pools/qwen-quora-d256/routers/ivf-4096-seed42,main-s00515,10,5,1,1000,1,True,True,0.8054,0.11595850014600728,0.12992325032428198,116.52972599767963,0.11595850014600728,0.11595850014600728,0.11595850014600728,23008964,111493120,722.944,0.0,0.0,0.0,16.982,159.9,0.018,16,1000,,,,
prefix,4096,/Users/vinroger/DATA/STUDY/latihan/about/exa-interview/e2e-inverted-bitplane-project/data/prefix-study-2026-09-13/pools/qwen-quora-d256/routers/ivf-4096-seed42,main-s00534,10,303,1,1000,1,True,True,0.99,2.0235624999713764,2.24433154990038,2034.5821629971397,2.0235624999713764,2.0235624999713764,2.0235624999713764,23008964,111493120,39600.397,0.0,0.0,0.0,17.0,9696.0,0.0,16,0,,,,
prefix,4096,/Users/vinroger/DATA/STUDY/latihan/about/exa-interview/e2e-inverted-bitplane-project/data/prefix-study-2026-09-13/pools/qwen-quora-d256/routers/ivf-4096-seed42,main-s00518,10,5,1,1000,1,True,True,0.8055,0.11591699990276538,0.13083720018585154,116.5146299904336,0.11591699990276538,0.11591699990276538,0.11591699990276538,23008964,111493120,723.5,0.0,0.0,0.0,17.0,160.0,0.0,16,261465,,,,
prefix,4096,/Users/vinroger/DATA/STUDY/latihan/about/exa-interview/e2e-inverted-bitplane-project/data/prefix-study-2026-09-13/pools/qwen-quora-d256/routers/ivf-4096-seed42,main-s00557,100,160,1,1000,1,True,True,0.95015,1.1508960001265223,1.2877274002448758,1154.4380649929735,1.1508960001265223,1.1508960001265223,1.1508960001265223,23008964,111493120,21100.935,0.0,0.0,0.0,17.0,5120.0,0.0,16,100000,,,,
prefix,4096,/Users/vinroger/DATA/STUDY/latihan/about/exa-interview/e2e-inverted-bitplane-project/data/prefix-study-2026-09-13/pools/qwen-quora-d256/routers/ivf-4096-seed42,main-s00543,100,3,1,1000,1,True,True,0.55271,0.11549999999260763,0.12824999978420237,115.90570799353372,0.11549999999260763,0.11549999999260763,0.11549999999260763,23008964,111493120,442.421,0.0,0.0,0.0,17.0,96.0,0.0,16,261465,,,,
prefix,4096,/Users/vinroger/DATA/STUDY/latihan/about/exa-interview/e2e-inverted-bitplane-project/data/prefix-study-2026-09-13/pools/qwen-quora-d256/routers/ivf-4096-seed42,main-s00480,1,1,1,1000,1,True,True,0.728,0.08433299990429077,0.09054105019004055,84.89122499486257,0.08433299990429077,0.08433299990429077,0.08433299990429077,23008964,111493120,155.864,0.0,0.0,0.0,17.0,32.0,0.0,16,1000,,,,
prefix,4096,/Users/vinroger/DATA/STUDY/latihan/about/exa-interview/e2e-inverted-bitplane-project/data/prefix-study-2026-09-13/pools/qwen-quora-d256/routers/ivf-4096-seed42,main-s00510,10,1,1,1000,1,True,True,0.5557,0.08629200010545901,0.09350210025331762,86.86875799685367,0.08629200010545901,0.08629200010545901,0.08629200010545901,23008964,111493120,155.864,0.0,0.0,0.0,17.0,32.0,0.0,16,1000,,,,
prefix,4096,/Users/vinroger/DATA/STUDY/latihan/about/exa-interview/e2e-inverted-bitplane-project/data/prefix-study-2026-09-13/pools/qwen-quora-d256/routers/ivf-4096-seed42,main-s00485,1,2,1,1000,1,True,True,0.861,0.09229100010088587,0.10137500021301094,92.92468699732126,0.09229100010088587,0.09229100010088587,0.09229100010088587,23008964,111493120,300.875,0.0,0.0,0.0,17.0,64.0,0.0,16,1000,,,,
prefix,4096,/Users/vinroger/DATA/STUDY/latihan/about/exa-interview/e2e-inverted-bitplane-project/data/prefix-study-2026-09-13/pools/qwen-quora-d256/routers/ivf-4096-seed42,main-s00499,1,5,1,1000,1,True,True,0.95,0.11425000002418528,0.12809020015538408,114.94597900900771,0.11425000002418528,0.11425000002418528,0.11425000002418528,23008964,111493120,723.5,0.0,0.0,0.0,17.0,160.0,0.0,16,0,,,,
prefix,4096,/Users/vinroger/DATA/STUDY/latihan/about/exa-interview/e2e-inverted-bitplane-project/data/prefix-study-2026-09-13/pools/qwen-quora-d256/routers/ivf-4096-seed42,main-s00497,1,5,1,1000,1,True,True,0.95,0.11437500006650225,0.12862915032201272,115.18022001428108,0.11437500006650225,0.11437500006650225,0.11437500006650225,23008964,111493120,723.5,0.0,0.0,0.0,17.0,160.0,0.0,16,100000,,,,
prefix,4096,/Users/vinroger/DATA/STUDY/latihan/about/exa-interview/e2e-inverted-bitplane-project/data/prefix-study-2026-09-13/pools/qwen-quora-d256/routers/ivf-4096-seed42,main-s00542,100,3,1,1000,1,True,True,0.55271,0.11662500014608668,0.13125210030011658,117.27717499934442,0.11662500014608668,0.11662500014608668,0.11662500014608668,23008964,111493120,442.421,0.0,0.0,0.0,17.0,96.0,0.0,16,100000,,,,
prefix,4096,/Users/vinroger/DATA/STUDY/latihan/about/exa-interview/e2e-inverted-bitplane-project/data/prefix-study-2026-09-13/pools/qwen-quora-d256/routers/ivf-4096-seed42,main-s00561,100,668,1,1000,1,True,True,0.46263,1.341958000239174,2.7014253495963203,1577.9816880071849,1.341958000239174,1.341958000239174,1.341958000239174,23008964,111493120,21211.764,0.0,0.0,0.0,12.942,17290.512,4.058,16,10000,,,,
prefix,4096,/Users/vinroger/DATA/STUDY/latihan/about/exa-interview/e2e-inverted-bitplane-project/data/prefix-study-2026-09-13/pools/qwen-quora-d256/routers/ivf-4096-seed42,main-s00508,1,4096,1,1000,1,True,True,0.946,17.98102049974659,26.514948249973713,21316.067028000816,17.98102049974659,17.98102049974659,17.98102049974659,23008964,111493120,405667.71,0.0,0.0,0.0,16.455,131072.0,0.545,16,261465,,,,
prefix,4096,/Users/vinroger/DATA/STUDY/latihan/about/exa-interview/e2e-inverted-bitplane-project/data/prefix-study-2026-09-13/pools/qwen-quora-d256/routers/ivf-4096-seed42,main-s00537,10,4096,1,1000,1,True,True,0.7045,11.268687499978114,17.37397355000212,11525.86416100712,11.268687499978114,11.268687499978114,11.268687499978114,23008964,111493120,182133.576,0.0,0.0,0.0,14.207,116383.744,2.793,16,100000,,,,
prefix,4096,/Users/vinroger/DATA/STUDY/latihan/about/exa-interview/e2e-inverted-bitplane-project/data/prefix-study-2026-09-13/pools/qwen-quora-d256/routers/ivf-4096-seed42,main-s00481,1,1,1,1000,1,True,True,0.728,0.08564600011595758,0.09249999993699021,86.32379100436083,0.08564600011595758,0.08564600011595758,0.08564600011595758,23008964,111493120,155.864,0.0,0.0,0.0,17.0,32.0,0.0,16,10000,,,,
prefix,4096,/Users/vinroger/DATA/STUDY/latihan/about/exa-interview/e2e-inverted-bitplane-project/data/prefix-study-2026-09-13/pools/qwen-quora-d256/routers/ivf-4096-seed42,main-s00552,100,65,1,1000,1,True,True,0.90083,0.5328329998519621,0.6043777499371572,534.7094230005496,0.5328329998519621,0.5328329998519621,0.5328329998519621,23008964,111493120,8688.526,0.0,0.0,0.0,17.0,2080.0,0.0,16,100000,,,,
prefix,4096,/Users/vinroger/DATA/STUDY/latihan/about/exa-interview/e2e-inverted-bitplane-project/data/prefix-study-2026-09-13/pools/qwen-quora-d256/routers/ivf-4096-seed42,main-s00500,1,43,1,1000,1,True,True,0.709,0.1835000000482978,0.27607435022218846,197.264425998128,0.1835000000482978,0.1835000000482978,0.1835000000482978,23008964,111493120,1903.169,0.0,0.0,0.0,13.043,1121.612,3.957,16,1000,,,,
prefix,4096,/Users/vinroger/DATA/STUDY/latihan/about/exa-interview/e2e-inverted-bitplane-project/data/prefix-study-2026-09-13/pools/qwen-quora-d256/routers/ivf-4096-seed42,main-s00567,100,4096,1,1000,1,True,True,0.62072,11.33143750007548,17.45401634971131,11586.361777007369,11.33143750007548,11.33143750007548,11.33143750007548,23008964,111493120,182133.576,0.0,0.0,0.0,14.207,116383.744,2.793,16,100000,,,,
prefix,4096,/Users/vinroger/DATA/STUDY/latihan/about/exa-interview/e2e-inverted-bitplane-project/data/prefix-study-2026-09-13/pools/qwen-quora-d256/routers/ivf-4096-seed42,main-s00548,100,19,1,1000,1,True,True,0.8025,0.23166699998000695,0.26538959980371146,233.41355801085228,0.23166699998000695,0.23166699998000695,0.23166699998000695,23008964,111493120,2624.06,0.0,0.0,0.0,17.0,608.0,0.0,16,261465,,,,
prefix,4096,/Users/vinroger/DATA/STUDY/latihan/about/exa-interview/e2e-inverted-bitplane-project/data/prefix-study-2026-09-13/pools/qwen-quora-d256/routers/ivf-4096-seed42,main-s00550,100,65,1,1000,1,True,True,0.3647,0.22087550019023183,0.37600834996283083,244.16419800309086,0.22087550019023183,0.22087550019023183,0.22087550019023183,23008964,111493120,2017.403,0.0,0.0,0.0,12.318,1601.34,4.682,16,1000,,,,
prefix,4096,/Users/vinroger/DATA/STUDY/latihan/about/exa-interview/e2e-inverted-bitplane-project/data/prefix-study-2026-09-13/pools/qwen-quora-d256/routers/ivf-4096-seed42,main-s00538,10,4096,1,1000,1,True,True,0.9107,17.93068800020592,26.554121450067214,21325.141405002796,17.93068800020592,17.93068800020592,17.93068800020592,23008964,111493120,405667.71,0.0,0.0,0.0,16.455,131072.0,0.545,16,261465,,,,
prefix,4096,/Users/vinroger/DATA/STUDY/latihan/about/exa-interview/e2e-inverted-bitplane-project/data/prefix-study-2026-09-13/pools/qwen-quora-d256/routers/ivf-4096-seed42,main-s00529,10,54,1,1000,1,True,True,0.9506,0.43091700035802205,0.491479799939043,432.1570909842194,0.43091700035802205,0.43091700035802205,0.43091700035802205,23008964,111493120,7249.372,0.0,0.0,0.0,17.0,1728.0,0.0,16,0,,,,
prefix,4096,/Users/vinroger/DATA/STUDY/latihan/about/exa-interview/e2e-inverted-bitplane-project/data/prefix-study-2026-09-13/pools/qwen-quora-d256/routers/ivf-4096-seed42,main-s00568,100,4096,1,1000,1,True,True,0.88242,18.04918749985518,26.678269049762093,21407.450853006594,18.04918749985518,18.04918749985518,18.04918749985518,23008964,111493120,405667.71,0.0,0.0,0.0,16.455,131072.0,0.545,16,261465,,,,
prefix,4096,/Users/vinroger/DATA/STUDY/latihan/about/exa-interview/e2e-inverted-bitplane-project/data/prefix-study-2026-09-13/pools/qwen-quora-d256/routers/ivf-4096-seed42,main-s00530,10,303,1,1000,1,True,True,0.2675,0.36252099971534335,0.5174163499304991,392.7877159885611,0.36252099971534335,0.36252099971534335,0.36252099971534335,23008964,111493120,2144.147,0.0,0.0,0.0,9.929,6016.974,7.071,16,1000,,,,
prefix,4096,/Users/vinroger/DATA/STUDY/latihan/about/exa-interview/e2e-inverted-bitplane-project/data/prefix-study-2026-09-13/pools/qwen-quora-d256/routers/ivf-4096-seed42,main-s00549,100,19,1,1000,1,True,True,0.8025,0.2313749996574188,0.26200205043096503,232.30955600683956,0.2313749996574188,0.2313749996574188,0.2313749996574188,23008964,111493120,2624.06,0.0,0.0,0.0,17.0,608.0,0.0,16,0,,,,
prefix,4096,/Users/vinroger/DATA/STUDY/latihan/about/exa-interview/e2e-inverted-bitplane-project/data/prefix-study-2026-09-13/pools/qwen-quora-d256/routers/ivf-4096-seed42,main-s00540,100,3,1,1000,1,True,True,0.55271,0.11658400035230443,0.130254149553366,117.13845100712206,0.11658400035230443,0.11658400035230443,0.11658400035230443,23008964,111493120,442.421,0.0,0.0,0.0,17.0,96.0,0.0,16,1000,,,,
branch,1,,main-s00003,1,1,1,1000,1,True,True,1.0,6.387312500464759,8.160455950610412,6609.500036018289,6.387312500464759,6.387312500464759,6.387312500464759,37651448,291061760,9342.586,505.423,3128349.06,1001462.273,0.0,0.0,0.0,,,128,512,0,42
branch,1,,main-s00011,100,1,1,1000,1,True,True,0.89496,7.448646000284498,8.530674399389682,7295.210697981929,7.448646000284498,7.448646000284498,7.448646000284498,37651448,291061760,9471.719,512.0,3168574.893,1014977.107,0.0,0.0,0.0,,,128,512,0,42
branch,1,,main-s00010,10,1,1,1000,1,True,True,1.0,49.37252099989564,68.08339134968261,50800.72702999769,49.37252099989564,49.37252099989564,49.37252099989564,37651448,291061760,519006.062,899.971,3681149.894,3672513.147,0.0,0.0,0.0,,,2048,8192,0,42
branch,1,,main-s00013,100,1,1,1000,1,True,True,0.99942,24.329396000212,36.19200209950577,25136.67536301182,24.329396000212,24.329396000212,24.329396000212,37651448,291061760,247195.322,512.0,2499402.677,1684149.323,0.0,0.0,0.0,,,2048,512,0,42
branch,1,,main-s00012,100,1,1,1000,1,True,True,0.99987,165.22827100016002,176.9900805996258,161223.43297400768,165.22827100016002,165.22827100016002,165.22827100016002,37651448,291061760,250981.205,8192.0,38802869.692,28133962.308,0.0,0.0,0.0,,,128,8192,0,42
branch,1,,main-s00006,1,1,1,1000,1,True,True,1.0,42.29218749969732,57.08130625030206,37986.28961198665,42.29218749969732,42.29218749969732,42.29218749969732,37651448,291061760,381333.861,702.136,3066069.698,2671083.558,0.0,0.0,0.0,,,2048,8192,0,42
branch,1,,main-s00009,10,1,1,1000,1,True,True,1.0,24.646603999826766,38.927791699688896,26257.7712029979,24.646603999826766,24.646603999826766,24.646603999826766,37651448,291061760,247102.249,511.844,2498798.023,1683479.301,0.0,0.0,0.0,,,2048,512,0,42
branch,1,,main-s00008,10,1,1,1000,1,True,True,1.0,165.465624999797,176.66618334992563,161942.9645359969,165.465624999797,165.465624999797,165.465624999797,37651448,291061760,249844.006,8158.652,38660996.619,28003348.873,0.0,0.0,0.0,,,128,8192,0,42
branch,1,,main-s00005,1,1,1,1000,1,True,True,1.0,23.630854499970155,36.361214250473495,23369.057671003247,23.630854499970155,23.630854499970155,23.630854499970155,37651448,291061760,223166.91,470.335,2322860.051,1520247.234,0.0,0.0,0.0,,,2048,512,0,42
branch,1,,main-s00007,10,1,1,1000,1,True,True,0.9812,6.483271499746479,8.208358649699221,6772.4945659938385,6.483271499746479,6.483271499746479,6.483271499746479,37651448,291061760,9471.719,512.0,3168574.893,1014977.107,0.0,0.0,0.0,,,128,512,0,42
branch,1,,main-s00014,100,1,1,1000,1,True,True,1.0,49.809041500338935,73.97129940009108,53012.1677570196,49.809041500338935,49.809041500338935,49.809041500338935,37651448,291061760,522928.8,905.326,3694730.096,3702688.65,0.0,0.0,0.0,,,2048,8192,0,42
branch,1,,main-s00004,1,1,1,1000,1,True,True,1.0,142.49495850026506,174.8447517493787,118854.92535600043,142.49495850026506,142.49495850026506,142.49495850026506,37651448,291061760,182054.054,6136.661,29773563.339,20369093.692,0.0,0.0,0.0,,,128,8192,0,42
branch,1024,/Users/vinroger/DATA/STUDY/latihan/about/exa-interview/e2e-inverted-bitplane-project/data/prefix-study-2026-09-13/pools/qwen-quora-d256/routers/ivf-1024-seed42,main-s00244,1,22,1,1000,1,True,True,0.991,0.5814790001750225,0.6660431499767583,576.2604910187292,0.5814790001750225,0.5814790001750225,0.5814790001750225,38663160,136970240,10451.808,459.166,2407.813,2062.408,0.0,0.0,0.0,,,128,512,0,42
branch,1024,/Users/vinroger/DATA/STUDY/latihan/about/exa-interview/e2e-inverted-bitplane-project/data/prefix-study-2026-09-13/pools/qwen-quora-d256/routers/ivf-1024-seed42,main-s00236,1,3,1,1000,1,True,True,0.906,0.11758349955925951,0.1576857501731865,120.80554800650134,0.11758349955925951,0.11758349955925951,0.11758349955925951,38663160,136970240,1668.822,83.81,452.322,425.477,0.0,0.0,0.0,,,128,512,0,42
branch,1024,/Users/vinroger/DATA/STUDY/latihan/about/exa-interview/e2e-inverted-bitplane-project/data/prefix-study-2026-09-13/pools/qwen-quora-d256/routers/ivf-1024-seed42,main-s00262,10,12,1,1000,1,True,True,0.9031,0.2874380002140242,0.3490892504032672,289.9231840037828,0.2874380002140242,0.2874380002140242,0.2874380002140242,38663160,136970240,6450.832,12.0,0.0,106.537,0.0,0.0,0.0,,,2048,512,0,42
branch,1024,/Users/vinroger/DATA/STUDY/latihan/about/exa-interview/e2e-inverted-bitplane-project/data/prefix-study-2026-09-13/pools/qwen-quora-d256/routers/ivf-1024-seed42,main-s00254,10,1,1,1000,1,True,True,0.5705,0.059791999774461146,0.07500414994865423,60.78853599683498,0.059791999774461146,0.059791999774461146,0.059791999774461146,38663160,136970240,575.399,1.0,0.0,9.483,0.0,0.0,0.0,,,2048,512,0,42
branch,1024,/Users/vinroger/DATA/STUDY/latihan/about/exa-interview/e2e-inverted-bitplane-project/data/prefix-study-2026-09-13/pools/qwen-quora-d256/routers/ivf-1024-seed42,main-s00247,1,22,1,1000,1,True,True,0.991,0.5173335002837121,0.5948065507709543,517.4817079896457,0.5173335002837121,0.5173335002837121,0.5173335002837121,38663160,136970240,11654.966,22.0,0.0,192.662,0.0,0.0,0.0,,,2048,8192,0,42
branch,1024,/Users/vinroger/DATA/STUDY/latihan/about/exa-interview/e2e-inverted-bitplane-project/data/prefix-study-2026-09-13/pools/qwen-quora-d256/routers/ivf-1024-seed42,main-s00271,10,135,1,1000,1,True,True,0.9902,2.7567290003389644,2.953944050022983,2757.4720030079334,2.7567290003389644,2.7567290003389644,2.7567290003389644,38663160,136970240,69787.176,135.0,0.0,1155.247,0.0,0.0,0.0,,,2048,8192,0,42
branch,1024,/Users/vinroger/DATA/STUDY/latihan/about/exa-interview/e2e-inverted-bitplane-project/data/prefix-study-2026-09-13/pools/qwen-quora-d256/routers/ivf-1024-seed42,main-s00250,1,1024,1,1000,1,True,True,1.0,10.908791499787185,11.258851799402692,10908.040276993233,10.908791499787185,10.908791499787185,10.908791499787185,38663160,136970240,262387.176,512.0,0.0,4345.528,0.0,0.0,0.0,,,2048,512,0,42
branch,1024,/Users/vinroger/DATA/STUDY/latihan/about/exa-interview/e2e-inverted-bitplane-project/data/prefix-study-2026-09-13/pools/qwen-quora-d256/routers/ivf-1024-seed42,main-s00283,100,11,1,1000,1,True,True,0.80796,0.2924579998762056,0.3536526996413158,295.4114530029983,0.2924579998762056,0.2924579998762056,0.2924579998762056,38663160,136970240,5938.633,11.0,0.0,98.066,0.0,0.0,0.0,,,2048,8192,0,42
branch,1024,/Users/vinroger/DATA/STUDY/latihan/about/exa-interview/e2e-inverted-bitplane-project/data/prefix-study-2026-09-13/pools/qwen-quora-d256/routers/ivf-1024-seed42,main-s00298,100,1024,1,1000,1,True,True,0.9979,10.29477100018994,10.655546450061593,10307.442161990366,10.29477100018994,10.29477100018994,10.29477100018994,38663160,136970240,262387.176,512.0,0.0,4345.528,0.0,0.0,0.0,,,2048,512,0,42
branch,1024,/Users/vinroger/DATA/STUDY/latihan/about/exa-interview/e2e-inverted-bitplane-project/data/prefix-study-2026-09-13/pools/qwen-quora-d256/routers/ivf-1024-seed42,main-s00287,100,32,1,1000,1,True,True,0.90099,0.7200834998002392,0.8143360500980634,719.8888129914849,0.7200834998002392,0.7200834998002392,0.7200834998002392,38663160,136970240,16842.494,32.0,0.0,278.545,0.0,0.0,0.0,,,2048,8192,0,42
branch,1024,/Users/vinroger/DATA/STUDY/latihan/about/exa-interview/e2e-inverted-bitplane-project/data/prefix-study-2026-09-13/pools/qwen-quora-d256/routers/ivf-1024-seed42,main-s00243,1,6,1,1000,1,True,True,0.953,0.16691699966031592,0.20888954977635876,168.8315449946458,0.16691699966031592,0.16691699966031592,0.16691699966031592,38663160,136970240,3287.607,6.0,0.0,54.249,0.0,0.0,0.0,,,2048,8192,0,42
branch,1024,/Users/vinroger/DATA/STUDY/latihan/about/exa-interview/e2e-inverted-bitplane-project/data/prefix-study-2026-09-13/pools/qwen-quora-d256/routers/ivf-1024-seed42,main-s00288,100,73,1,1000,1,True,True,0.50122,0.4958540002917289,0.7217952006158157,489.84517601002153,0.4958540002917289,0.4958540002917289,0.4958540002917289,38663160,136970240,6706.3,512.0,3816.282,822.913,0.0,0.0,0.0,,,128,512,0,42
branch,1024,/Users/vinroger/DATA/STUDY/latihan/about/exa-interview/e2e-inverted-bitplane-project/data/prefix-study-2026-09-13/pools/qwen-quora-d256/routers/ivf-1024-seed42,main-s00251,1,1024,1,1000,1,True,True,1.0,21.575354000106017,21.750974650603894,21571.04364198858,21.575354000106017,21.575354000106017,21.575354000106017,38663160,136970240,522931.0,1024.0,0.0,8665.0,0.0,0.0,0.0,,,2048,8192,0,42
branch,1024,/Users/vinroger/DATA/STUDY/latihan/about/exa-interview/e2e-inverted-bitplane-project/data/prefix-study-2026-09-13/pools/qwen-quora-d256/routers/ivf-1024-seed42,main-s00281,100,11,1,1000,1,True,True,0.80796,0.35308350015839096,0.4414232498675119,357.6010920050976,0.35308350015839096,0.35308350015839096,0.35308350015839096,38663160,136970240,5938.633,269.745,1382.1,1336.49,0.0,0.0,0.0,,,128,8192,0,42
branch,1024,/Users/vinroger/DATA/STUDY/latihan/about/exa-interview/e2e-inverted-bitplane-project/data/prefix-study-2026-09-13/pools/qwen-quora-d256/routers/ivf-1024-seed42,main-s00261,10,12,1,1000,1,True,True,0.9031,0.35072950004177983,0.4352184495928668,353.07370498958335,0.35072950004177983,0.35072950004177983,0.35072950004177983,38663160,136970240,6450.832,291.362,1485.707,1438.673,0.0,0.0,0.0,,,128,8192,0,42
branch,1024,/Users/vinroger/DATA/STUDY/latihan/about/exa-interview/e2e-inverted-bitplane-project/data/prefix-study-2026-09-13/pools/qwen-quora-d256/routers/ivf-1024-seed42,main-s00270,10,135,1,1000,1,True,True,0.9902,2.7577294999900914,2.9500273995836324,2757.4894100071106,2.7577294999900914,2.7577294999900914,2.7577294999900914,38663160,136970240,69787.176,135.0,0.0,1155.247,0.0,0.0,0.0,,,2048,512,0,42
branch,1024,/Users/vinroger/DATA/STUDY/latihan/about/exa-interview/e2e-inverted-bitplane-project/data/prefix-study-2026-09-13/pools/qwen-quora-d256/routers/ivf-1024-seed42,main-s00228,1,1,1,1000,1,True,True,0.729,0.0626255000497622,0.08484644963573372,64.34965099106194,0.0626255000497622,0.0626255000497622,0.0626255000497622,38663160,136970240,572.742,31.308,174.429,162.478,0.0,0.0,0.0,,,128,512,0,42
branch,1024,/Users/vinroger/DATA/STUDY/latihan/about/exa-interview/e2e-inverted-bitplane-project/data/prefix-study-2026-09-13/pools/qwen-quora-d256/routers/ivf-1024-seed42,main-s00277,100,2,1,1000,1,True,True,0.56452,0.1065420001395978,0.14154825016703398,108.92152698215796,0.1065420001395978,0.1065420001395978,0.1065420001395978,38663160,136970240,1132.15,58.655,319.405,301.303,0.0,0.0,0.0,,,128,8192,0,42
branch,1024,/Users/vinroger/DATA/STUDY/latihan/about/exa-interview/e2e-inverted-bitplane-project/data/prefix-study-2026-09-13/pools/qwen-quora-d256/routers/ivf-1024-seed42,main-s00246,1,22,1,1000,1,True,True,0.991,0.5167914996491163,0.5967625000721455,516.5415020064756,0.5167914996491163,0.5167914996491163,0.5167914996491163,38663160,136970240,11654.966,22.0,0.0,192.662,0.0,0.0,0.0,,,2048,512,0,42
branch,1024,/Users/vinroger/DATA/STUDY/latihan/about/exa-interview/e2e-inverted-bitplane-project/data/prefix-study-2026-09-13/pools/qwen-quora-d256/routers/ivf-1024-seed42,main-s00264,10,30,1,1000,1,True,True,0.9451,0.6149789996925392,0.7612666994646133,611.622524989798,0.6149789996925392,0.6149789996925392,0.6149789996925392,38663160,136970240,11089.353,505.644,2853.666,1963.938,0.0,0.0,0.0,,,128,512,0,42
branch,1024,/Users/vinroger/DATA/STUDY/latihan/about/exa-interview/e2e-inverted-bitplane-project/data/prefix-study-2026-09-13/pools/qwen-quora-d256/routers/ivf-1024-seed42,main-s00278,100,2,1,1000,1,True,True,0.56452,0.1021250000121654,0.12872675038124723,103.4681670316786,0.1021250000121654,0.1021250000121654,0.1021250000121654,38663160,136970240,1132.15,2.0,0.0,18.662,0.0,0.0,0.0,,,2048,512,0,42
branch,1024,/Users/vinroger/DATA/STUDY/latihan/about/exa-interview/e2e-inverted-bitplane-project/data/prefix-study-2026-09-13/pools/qwen-quora-d256/routers/ivf-1024-seed42,main-s00260,10,12,1,1000,1,True,True,0.9031,0.3503124999042484,0.4366791504708089,353.0040359992199,0.3503124999042484,0.3503124999042484,0.3503124999042484,38663160,136970240,6447.499,291.183,1485.588,1436.525,0.0,0.0,0.0,,,128,512,0,42
branch,1024,/Users/vinroger/DATA/STUDY/latihan/about/exa-interview/e2e-inverted-bitplane-project/data/prefix-study-2026-09-13/pools/qwen-quora-d256/routers/ivf-1024-seed42,main-s00233,1,2,1,1000,1,True,True,0.855,0.08993750043373439,0.12321220033300051,92.17884400823095,0.08993750043373439,0.08993750043373439,0.08993750043373439,38663160,136970240,1126.287,58.433,319.226,299.336,0.0,0.0,0.0,,,128,8192,0,42
branch,1024,/Users/vinroger/DATA/STUDY/latihan/about/exa-interview/e2e-inverted-bitplane-project/data/prefix-study-2026-09-13/pools/qwen-quora-d256/routers/ivf-1024-seed42,main-s00232,1,2,1,1000,1,True,True,0.855,0.09047949970408808,0.12404199969751062,92.61250899453444,0.09047949970408808,0.09047949970408808,0.09047949970408808,38663160,136970240,1126.287,58.433,319.226,299.336,0.0,0.0,0.0,,,128,512,0,42
branch,1024,/Users/vinroger/DATA/STUDY/latihan/about/exa-interview/e2e-inverted-bitplane-project/data/prefix-study-2026-09-13/pools/qwen-quora-d256/routers/ivf-1024-seed42,main-s00238,1,3,1,1000,1,True,True,0.906,0.10366699962105486,0.13277054990794562,105.4005340056392,0.10366699962105486,0.10366699962105486,0.10366699962105486,38663160,136970240,1679.939,3.0,0.0,27.715,0.0,0.0,0.0,,,2048,512,0,42
branch,1024,/Users/vinroger/DATA/STUDY/latihan/about/exa-interview/e2e-inverted-bitplane-project/data/prefix-study-2026-09-13/pools/qwen-quora-d256/routers/ivf-1024-seed42,main-s00290,100,73,1,1000,1,True,True,0.95022,1.5450834998773644,1.7134389498096425,1560.8561259805356,1.5450834998773644,1.5450834998773644,1.5450834998773644,38663160,136970240,38035.578,73.0,0.0,629.472,0.0,0.0,0.0,,,2048,512,0,42
branch,1024,/Users/vinroger/DATA/STUDY/latihan/about/exa-interview/e2e-inverted-bitplane-project/data/prefix-study-2026-09-13/pools/qwen-quora-d256/routers/ivf-1024-seed42,main-s00291,100,73,1,1000,1,True,True,0.95022,1.5359585004262044,1.6700937504992908,1534.900753003967,1.5359585004262044,1.5359585004262044,1.5359585004262044,38663160,136970240,38035.578,73.0,0.0,629.472,0.0,0.0,0.0,,,2048,8192,0,42
branch,1024,/Users/vinroger/DATA/STUDY/latihan/about/exa-interview/e2e-inverted-bitplane-project/data/prefix-study-2026-09-13/pools/qwen-quora-d256/routers/ivf-1024-seed42,main-s00296,100,1024,1,1000,1,True,True,2e-05,0.29529199991884525,0.32546104926041153,299.41804299596697,0.29529199991884525,0.29529199991884525,0.29529199991884525,38663160,136970240,11.524,512.0,4345.184,0.344,0.0,0.0,0.0,,,128,512,0,42
branch,1024,/Users/vinroger/DATA/STUDY/latihan/about/exa-interview/e2e-inverted-bitplane-project/data/prefix-study-2026-09-13/pools/qwen-quora-d256/routers/ivf-1024-seed42,main-s00241,1,6,1,1000,1,True,True,0.953,0.19987499990747892,0.260592299991913,202.78386900372425,0.19987499990747892,0.19987499990747892,0.19987499990747892,38663160,136970240,3258.214,155.593,817.942,774.964,0.0,0.0,0.0,,,128,8192,0,42
branch,1024,/Users/vinroger/DATA/STUDY/latihan/about/exa-interview/e2e-inverted-bitplane-project/data/prefix-study-2026-09-13/pools/qwen-quora-d256/routers/ivf-1024-seed42,main-s00231,1,1,1,1000,1,True,True,0.729,0.05927099982727668,0.0765208495522529,60.42152198097028,0.05927099982727668,0.05927099982727668,0.05927099982727668,38663160,136970240,575.399,1.0,0.0,9.483,0.0,0.0,0.0,,,2048,8192,0,42
branch,1024,/Users/vinroger/DATA/STUDY/latihan/about/exa-interview/e2e-inverted-bitplane-project/data/prefix-study-2026-09-13/pools/qwen-quora-d256/routers/ivf-1024-seed42,main-s00242,1,6,1,1000,1,True,True,0.953,0.16752100009398418,0.20984135053367936,169.56729000048654,0.16752100009398418,0.16752100009398418,0.16752100009398418,38663160,136970240,3287.607,6.0,0.0,54.249,0.0,0.0,0.0,,,2048,512,0,42
branch,1024,/Users/vinroger/DATA/STUDY/latihan/about/exa-interview/e2e-inverted-bitplane-project/data/prefix-study-2026-09-13/pools/qwen-quora-d256/routers/ivf-1024-seed42,main-s00240,1,6,1,1000,1,True,True,0.953,0.19891650026693242,0.2611152501231117,202.32054002281075,0.19891650026693242,0.19891650026693242,0.19891650026693242,38663160,136970240,3258.214,155.593,817.942,774.964,0.0,0.0,0.0,,,128,512,0,42
branch,1024,/Users/vinroger/DATA/STUDY/latihan/about/exa-interview/e2e-inverted-bitplane-project/data/prefix-study-2026-09-13/pools/qwen-quora-d256/routers/ivf-1024-seed42,main-s00248,1,1024,1,1000,1,True,True,0.0,0.2933545001724269,0.32251250004264875,296.93983899687737,0.2933545001724269,0.2933545001724269,0.2933545001724269,38663160,136970240,11.524,512.0,4345.184,0.344,0.0,0.0,0.0,,,128,512,0,42
branch,1024,/Users/vinroger/DATA/STUDY/latihan/about/exa-interview/e2e-inverted-bitplane-project/data/prefix-study-2026-09-13/pools/qwen-quora-d256/routers/ivf-1024-seed42,main-s00285,100,32,1,1000,1,True,True,0.90099,0.9101460000238148,1.0605464997297531,912.4023790154752,0.9101460000238148,0.9101460000238148,0.9101460000238148,38663160,136970240,16842.494,706.231,3487.186,3439.23,0.0,0.0,0.0,,,128,8192,0,42
branch,1024,/Users/vinroger/DATA/STUDY/latihan/about/exa-interview/e2e-inverted-bitplane-project/data/prefix-study-2026-09-13/pools/qwen-quora-d256/routers/ivf-1024-seed42,main-s00267,10,30,1,1000,1,True,True,0.9504,0.6523335000565567,0.7360774004155246,652.9193829965152,0.6523335000565567,0.6523335000565567,0.6523335000565567,38663160,136970240,15809.566,30.0,0.0,261.423,0.0,0.0,0.0,,,2048,8192,0,42
branch,1024,/Users/vinroger/DATA/STUDY/latihan/about/exa-interview/e2e-inverted-bitplane-project/data/prefix-study-2026-09-13/pools/qwen-quora-d256/routers/ivf-1024-seed42,main-s00230,1,1,1,1000,1,True,True,0.729,0.0588124999012507,0.07609645026604993,60.12662101602473,0.0588124999012507,0.0588124999012507,0.0588124999012507,38663160,136970240,575.399,1.0,0.0,9.483,0.0,0.0,0.0,,,2048,512,0,42
branch,1024,/Users/vinroger/DATA/STUDY/latihan/about/exa-interview/e2e-inverted-bitplane-project/data/prefix-study-2026-09-13/pools/qwen-quora-d256/routers/ivf-1024-seed42,main-s00258,10,4,1,1000,1,True,True,0.8045,0.12352099975032615,0.15759135012558545,125.7182580038716,0.12352099975032615,0.12352099975032615,0.12352099975032615,38663160,136970240,2220.636,4.0,0.0,36.649,0.0,0.0,0.0,,,2048,512,0,42
branch,1024,/Users/vinroger/DATA/STUDY/latihan/about/exa-interview/e2e-inverted-bitplane-project/data/prefix-study-2026-09-13/pools/qwen-quora-d256/routers/ivf-1024-seed42,main-s00292,100,261,1,1000,1,True,True,0.00917,0.2643960006025736,0.44650419927165785,285.5350999998336,0.2643960006025736,0.2643960006025736,0.2643960006025736,38663160,136970240,1407.758,512.0,4224.779,136.091,0.0,0.0,0.0,,,128,512,0,42
branch,1024,/Users/vinroger/DATA/STUDY/latihan/about/exa-interview/e2e-inverted-bitplane-project/data/prefix-study-2026-09-13/pools/qwen-quora-d256/routers/ivf-1024-seed42,main-s00274,10,1024,1,1000,1,True,True,0.9993,10.273020500335406,10.70098364966725,10294.159546007904,10.273020500335406,10.273020500335406,10.273020500335406,38663160,136970240,262387.176,512.0,0.0,4345.528,0.0,0.0,0.0,,,2048,512,0,42
branch,1024,/Users/vinroger/DATA/STUDY/latihan/about/exa-interview/e2e-inverted-bitplane-project/data/prefix-study-2026-09-13/pools/qwen-quora-d256/routers/ivf-1024-seed42,main-s00294,100,261,1,1000,1,True,True,0.99007,5.281166500481049,5.5748190504345985,5291.573004995371,5.281166500481049,5.281166500481049,5.281166500481049,38663160,136970240,134204.197,261.0,0.0,2222.356,0.0,0.0,0.0,,,2048,512,0,42
branch,1024,/Users/vinroger/DATA/STUDY/latihan/about/exa-interview/e2e-inverted-bitplane-project/data/prefix-study-2026-09-13/pools/qwen-quora-d256/routers/ivf-1024-seed42,main-s00253,10,1,1,1000,1,True,True,0.5705,0.06345800011331448,0.08425835030720917,65.20969600933313,0.06345800011331448,0.06345800011331448,0.06345800011331448,38663160,136970240,575.399,31.413,174.492,163.408,0.0,0.0,0.0,,,128,8192,0,42
branch,1024,/Users/vinroger/DATA/STUDY/latihan/about/exa-interview/e2e-inverted-bitplane-project/data/prefix-study-2026-09-13/pools/qwen-quora-d256/routers/ivf-1024-seed42,main-s00279,100,2,1,1000,1,True,True,0.56452,0.10264600041409722,0.12992739989385882,104.06768300435942,0.10264600041409722,0.10264600041409722,0.10264600041409722,38663160,136970240,1132.15,2.0,0.0,18.662,0.0,0.0,0.0,,,2048,8192,0,42
branch,1024,/Users/vinroger/DATA/STUDY/latihan/about/exa-interview/e2e-inverted-bitplane-project/data/prefix-study-2026-09-13/pools/qwen-quora-d256/routers/ivf-1024-seed42,main-s00266,10,30,1,1000,1,True,True,0.9504,0.6547499997395789,0.7370083494151913,653.3363419939633,0.6547499997395789,0.6547499997395789,0.6547499997395789,38663160,136970240,15809.566,30.0,0.0,261.423,0.0,0.0,0.0,,,2048,512,0,42
branch,1024,/Users/vinroger/DATA/STUDY/latihan/about/exa-interview/e2e-inverted-bitplane-project/data/prefix-study-2026-09-13/pools/qwen-quora-d256/routers/ivf-1024-seed42,main-s00289,100,73,1,1000,1,True,True,0.95022,1.9813335002254462,2.2270982495228964,1981.6179099962028,1.9813335002254462,1.9813335002254462,1.9813335002254462,38663160,136970240,38035.578,1507.248,7314.738,7330.85,0.0,0.0,0.0,,,128,8192,0,42
branch,1024,/Users/vinroger/DATA/STUDY/latihan/about/exa-interview/e2e-inverted-bitplane-project/data/prefix-study-2026-09-13/pools/qwen-quora-d256/routers/ivf-1024-seed42,main-s00276,100,2,1,1000,1,True,True,0.56452,0.1069380000444653,0.13992710005368275,109.0758620057386,0.1069380000444653,0.1069380000444653,0.1069380000444653,38663160,136970240,1132.15,58.655,319.405,301.303,0.0,0.0,0.0,,,128,512,0,42
branch,1024,/Users/vinroger/DATA/STUDY/latihan/about/exa-interview/e2e-inverted-bitplane-project/data/prefix-study-2026-09-13/pools/qwen-quora-d256/routers/ivf-1024-seed42,main-s00275,10,1024,1,1000,1,True,True,1.0,20.294708000164974,20.467979800559988,20309.05936498857,20.294708000164974,20.294708000164974,20.294708000164974,38663160,136970240,522931.0,1024.0,0.0,8665.0,0.0,0.0,0.0,,,2048,8192,0,42
branch,1024,/Users/vinroger/DATA/STUDY/latihan/about/exa-interview/e2e-inverted-bitplane-project/data/prefix-study-2026-09-13/pools/qwen-quora-d256/routers/ivf-1024-seed42,main-s00252,10,1,1,1000,1,True,True,0.5705,0.06308399997578817,0.08472354957120841,65.00652599333989,0.06308399997578817,0.06308399997578817,0.06308399997578817,38663160,136970240,575.399,31.413,174.492,163.408,0.0,0.0,0.0,,,128,512,0,42
branch,1024,/Users/vinroger/DATA/STUDY/latihan/about/exa-interview/e2e-inverted-bitplane-project/data/prefix-study-2026-09-13/pools/qwen-quora-d256/routers/ivf-1024-seed42,main-s00269,10,135,1,1000,1,True,True,0.9902,3.5411460003160755,3.9489187498929823,3553.2726340061345,3.5411460003160755,3.5411460003160755,3.5411460003160755,38663160,136970240,69782.023,2656.577,12720.928,12913.221,0.0,0.0,0.0,,,128,8192,0,42
branch,1024,/Users/vinroger/DATA/STUDY/latihan/about/exa-interview/e2e-inverted-bitplane-project/data/prefix-study-2026-09-13/pools/qwen-quora-d256/routers/ivf-1024-seed42,main-s00273,10,1024,1,1000,1,True,True,0.9922,10.228604000076302,11.740699350093564,10186.37520399352,10.228604000076302,10.228604000076302,10.228604000076302,38663160,136970240,184367.341,8192.0,47317.983,27159.213,0.0,0.0,0.0,,,128,8192,0,42
branch,1024,/Users/vinroger/DATA/STUDY/latihan/about/exa-interview/e2e-inverted-bitplane-project/data/prefix-study-2026-09-13/pools/qwen-quora-d256/routers/ivf-1024-seed42,main-s00299,100,1024,1,1000,1,True,True,1.0,20.290145999751985,20.468294050260738,20310.718469992025,20.290145999751985,20.290145999751985,20.290145999751985,38663160,136970240,522931.0,1024.0,0.0,8665.0,0.0,0.0,0.0,,,2048,8192,0,42
branch,1024,/Users/vinroger/DATA/STUDY/latihan/about/exa-interview/e2e-inverted-bitplane-project/data/prefix-study-2026-09-13/pools/qwen-quora-d256/routers/ivf-1024-seed42,main-s00284,100,32,1,1000,1,True,True,0.86999,0.6397504994311021,0.7959798002502794,640.0915549875208,0.6397504994311021,0.6397504994311021,0.6397504994311021,38663160,136970240,10973.955,508.872,2927.566,1900.448,0.0,0.0,0.0,,,128,512,0,42
branch,1024,/Users/vinroger/DATA/STUDY/latihan/about/exa-interview/e2e-inverted-bitplane-project/data/prefix-study-2026-09-13/pools/qwen-quora-d256/routers/ivf-1024-seed42,main-s00256,10,4,1,1000,1,True,True,0.8045,0.14364599974214798,0.18864375019802535,146.75995199468161,0.14364599974214798,0.14364599974214798,0.14364599974214798,38663160,136970240,2220.636,108.741,578.396,550.242,0.0,0.0,0.0,,,128,512,0,42
branch,1024,/Users/vinroger/DATA/STUDY/latihan/about/exa-interview/e2e-inverted-bitplane-project/data/prefix-study-2026-09-13/pools/qwen-quora-d256/routers/ivf-1024-seed42,main-s00263,10,12,1,1000,1,True,True,0.9031,0.28770849985448876,0.34850625065701024,289.92396301055123,0.28770849985448876,0.28770849985448876,0.28770849985448876,38663160,136970240,6450.832,12.0,0.0,106.537,0.0,0.0,0.0,,,2048,8192,0,42
branch,1024,/Users/vinroger/DATA/STUDY/latihan/about/exa-interview/e2e-inverted-bitplane-project/data/prefix-study-2026-09-13/pools/qwen-quora-d256/routers/ivf-1024-seed42,main-s00257,10,4,1,1000,1,True,True,0.8045,0.14470850010184222,0.18963125053232943,147.44179600529606,0.14470850010184222,0.14470850010184222,0.14470850010184222,38663160,136970240,2220.636,108.741,578.396,550.242,0.0,0.0,0.0,,,128,8192,0,42
branch,1024,/Users/vinroger/DATA/STUDY/latihan/about/exa-interview/e2e-inverted-bitplane-project/data/prefix-study-2026-09-13/pools/qwen-quora-d256/routers/ivf-1024-seed42,main-s00268,10,135,1,1000,1,True,True,0.09,0.30408300017370493,0.5803812499834747,334.5661179955641,0.30408300017370493,0.30408300017370493,0.30408300017370493,38663160,136970240,3321.374,512.0,4108.465,320.952,0.0,0.0,0.0,,,128,512,0,42
branch,1024,/Users/vinroger/DATA/STUDY/latihan/about/exa-interview/e2e-inverted-bitplane-project/data/prefix-study-2026-09-13/pools/qwen-quora-d256/routers/ivf-1024-seed42,main-s00239,1,3,1,1000,1,True,True,0.906,0.10283299980073934,0.13117325029270432,104.35790600422479,0.10283299980073934,0.10283299980073934,0.10283299980073934,38663160,136970240,1679.939,3.0,0.0,27.715,0.0,0.0,0.0,,,2048,8192,0,42
branch,1024,/Users/vinroger/DATA/STUDY/latihan/about/exa-interview/e2e-inverted-bitplane-project/data/prefix-study-2026-09-13/pools/qwen-quora-d256/routers/ivf-1024-seed42,main-s00280,100,11,1,1000,1,True,True,0.80796,0.3534584998305945,0.4415618494476803,357.71699198539864,0.3534584998305945,0.3534584998305945,0.3534584998305945,38663160,136970240,5937.761,269.699,1381.981,1335.964,0.0,0.0,0.0,,,128,512,0,42
branch,1024,/Users/vinroger/DATA/STUDY/latihan/about/exa-interview/e2e-inverted-bitplane-project/data/prefix-study-2026-09-13/pools/qwen-quora-d256/routers/ivf-1024-seed42,main-s00295,100,261,1,1000,1,True,True,0.99007,5.279083499772241,5.556452399741829,5282.9115179984,5.279083499772241,5.279083499772241,5.279083499772241,38663160,136970240,134204.197,261.0,0.0,2222.356,0.0,0.0,0.0,,,2048,8192,0,42
branch,1024,/Users/vinroger/DATA/STUDY/latihan/about/exa-interview/e2e-inverted-bitplane-project/data/prefix-study-2026-09-13/pools/qwen-quora-d256/routers/ivf-1024-seed42,main-s00235,1,2,1,1000,1,True,True,0.855,0.07952099986141548,0.10325210037080979,81.04147900849057,0.07952099986141548,0.07952099986141548,0.07952099986141548,38663160,136970240,1132.15,2.0,0.0,18.662,0.0,0.0,0.0,,,2048,8192,0,42
branch,1024,/Users/vinroger/DATA/STUDY/latihan/about/exa-interview/e2e-inverted-bitplane-project/data/prefix-study-2026-09-13/pools/qwen-quora-d256/routers/ivf-1024-seed42,main-s00297,100,1024,1,1000,1,True,True,0.96004,10.232208000616083,11.585600650141714,10148.630156009858,10.232208000616083,10.232208000616083,10.232208000616083,38663160,136970240,184367.341,8192.0,47317.983,27159.213,0.0,0.0,0.0,,,128,8192,0,42
branch,1024,/Users/vinroger/DATA/STUDY/latihan/about/exa-interview/e2e-inverted-bitplane-project/data/prefix-study-2026-09-13/pools/qwen-quora-d256/routers/ivf-1024-seed42,main-s00229,1,1,1,1000,1,True,True,0.729,0.06260400004975963,0.08451670037175062,64.34095999156852,0.06260400004975963,0.06260400004975963,0.06260400004975963,38663160,136970240,572.742,31.308,174.429,162.478,0.0,0.0,0.0,,,128,8192,0,42
branch,1024,/Users/vinroger/DATA/STUDY/latihan/about/exa-interview/e2e-inverted-bitplane-project/data/prefix-study-2026-09-13/pools/qwen-quora-d256/routers/ivf-1024-seed42,main-s00255,10,1,1,1000,1,True,True,0.5705,0.06091700015531387,0.07708930015724036,61.91794600181311,0.06091700015531387,0.06091700015531387,0.06091700015531387,38663160,136970240,575.399,1.0,0.0,9.483,0.0,0.0,0.0,,,2048,8192,0,42
branch,1024,/Users/vinroger/DATA/STUDY/latihan/about/exa-interview/e2e-inverted-bitplane-project/data/prefix-study-2026-09-13/pools/qwen-quora-d256/routers/ivf-1024-seed42,main-s00234,1,2,1,1000,1,True,True,0.855,0.0815830003375595,0.10607324998090914,83.03816100033146,0.0815830003375595,0.0815830003375595,0.0815830003375595,38663160,136970240,1132.15,2.0,0.0,18.662,0.0,0.0,0.0,,,2048,512,0,42
branch,1024,/Users/vinroger/DATA/STUDY/latihan/about/exa-interview/e2e-inverted-bitplane-project/data/prefix-study-2026-09-13/pools/qwen-quora-d256/routers/ivf-1024-seed42,main-s00293,100,261,1,1000,1,True,True,0.99007,6.898020499647828,7.508195850550692,6915.505320007469,6.898020499647828,6.898020499647828,6.898020499647828,38663160,136970240,134204.197,4912.24,23289.02,23949.149,0.0,0.0,0.0,,,128,8192,0,42
branch,1024,/Users/vinroger/DATA/STUDY/latihan/about/exa-interview/e2e-inverted-bitplane-project/data/prefix-study-2026-09-13/pools/qwen-quora-d256/routers/ivf-1024-seed42,main-s00286,100,32,1,1000,1,True,True,0.90099,0.7208124998214771,0.8071271003700531,719.3392960052734,0.7208124998214771,0.7208124998214771,0.7208124998214771,38663160,136970240,16842.494,32.0,0.0,278.545,0.0,0.0,0.0,,,2048,512,0,42
branch,1024,/Users/vinroger/DATA/STUDY/latihan/about/exa-interview/e2e-inverted-bitplane-project/data/prefix-study-2026-09-13/pools/qwen-quora-d256/routers/ivf-1024-seed42,main-s00245,1,22,1,1000,1,True,True,0.991,0.6305415004135284,0.7447131501976401,629.4985060130784,0.6305415004135284,0.6305415004135284,0.6305415004135284,38663160,136970240,11509.798,498.155,2499.799,2413.976,0.0,0.0,0.0,,,128,8192,0,42
branch,1024,/Users/vinroger/DATA/STUDY/latihan/about/exa-interview/e2e-inverted-bitplane-project/data/prefix-study-2026-09-13/pools/qwen-quora-d256/routers/ivf-1024-seed42,main-s00237,1,3,1,1000,1,True,True,0.906,0.11893750024682959,0.15854409957682947,121.04544800786243,0.11893750024682959,0.11893750024682959,0.11893750024682959,38663160,136970240,1668.822,83.81,452.322,425.477,0.0,0.0,0.0,,,128,8192,0,42
branch,1024,/Users/vinroger/DATA/STUDY/latihan/about/exa-interview/e2e-inverted-bitplane-project/data/prefix-study-2026-09-13/pools/qwen-quora-d256/routers/ivf-1024-seed42,main-s00249,1,1024,1,1000,1,True,True,0.999,10.658250500455324,12.098204199810423,10571.317952991194,10.658250500455324,10.658250500455324,10.658250500455324,38663160,136970240,184173.557,8183.302,47275.637,27122.678,0.0,0.0,0.0,,,128,8192,0,42
branch,1024,/Users/vinroger/DATA/STUDY/latihan/about/exa-interview/e2e-inverted-bitplane-project/data/prefix-study-2026-09-13/pools/qwen-quora-d256/routers/ivf-1024-seed42,main-s00259,10,4,1,1000,1,True,True,0.8045,0.12400000014167745,0.15850209997552156,125.69190200792946,0.12400000014167745,0.12400000014167745,0.12400000014167745,38663160,136970240,2220.636,4.0,0.0,36.649,0.0,0.0,0.0,,,2048,8192,0,42
branch,1024,/Users/vinroger/DATA/STUDY/latihan/about/exa-interview/e2e-inverted-bitplane-project/data/prefix-study-2026-09-13/pools/qwen-quora-d256/routers/ivf-1024-seed42,main-s00265,10,30,1,1000,1,True,True,0.9504,0.8168545000444283,0.9563597999658667,818.8993890198617,0.8168545000444283,0.8168545000444283,0.8168545000444283,38663160,136970240,15809.566,666.091,3295.033,3245.379,0.0,0.0,0.0,,,128,8192,0,42
branch,1024,/Users/vinroger/DATA/STUDY/latihan/about/exa-interview/e2e-inverted-bitplane-project/data/prefix-study-2026-09-13/pools/qwen-quora-d256/routers/ivf-1024-seed42,main-s00272,10,1024,1,1000,1,True,True,0.0,0.29243750032037497,0.3223350995540386,296.0931850011548,0.29243750032037497,0.29243750032037497,0.29243750032037497,38663160,136970240,11.524,512.0,4345.184,0.344,0.0,0.0,0.0,,,128,512,0,42
branch,1024,/Users/vinroger/DATA/STUDY/latihan/about/exa-interview/e2e-inverted-bitplane-project/data/prefix-study-2026-09-13/pools/qwen-quora-d256/routers/ivf-1024-seed42,main-s00282,100,11,1,1000,1,True,True,0.80796,0.29343750020416337,0.3550815997186873,295.7459319877671,0.29343750020416337,0.29343750020416337,0.29343750020416337,38663160,136970240,5938.633,11.0,0.0,98.066,0.0,0.0,0.0,,,2048,512,0,42
prefix,1,,main-s00022,10,1,1,1000,1,True,True,0.7045,7.237499999519059,13.220880899643817,7405.012595012522,7.237499999519059,7.237499999519059,7.237499999519059,23008964,98746368,182133.576,0.0,0.0,0.0,14.207,28.414,2.793,16,100000,,,,
prefix,1,,main-s00029,100,1,1,1000,1,True,True,1.0,21.19425000000774,22.63433160042041,21250.62517601509,21.19425000000774,21.19425000000774,21.19425000000774,23008964,98746368,522931.0,0.0,0.0,0.0,17.0,32.0,0.0,16,0,,,,
prefix,1,,main-s00019,1,1,1,1000,1,True,True,1.0,20.969457999854058,22.25167020033041,20780.915897028535,20.969457999854058,20.969457999854058,20.969457999854058,23008964,98746368,522931.0,0.0,0.0,0.0,17.0,32.0,0.0,16,0,,,,
prefix,1,,main-s00017,1,1,1,1000,1,True,True,0.8,7.254499999817199,13.081566050050242,7425.076742018064,7.254499999817199,7.254499999817199,7.254499999817199,23008964,98746368,182133.576,0.0,0.0,0.0,14.207,28.414,2.793,16,100000,,,,
prefix,1,,main-s00027,100,1,1,1000,1,True,True,0.62072,7.365958500031411,13.272504150199893,7573.750346005909,7.365958500031411,7.365958500031411,7.365958500031411,23008964,98746368,182133.576,0.0,0.0,0.0,14.207,28.414,2.793,16,100000,,,,
prefix,1,,main-s00020,10,1,1,1000,1,True,True,0.1536,0.06799999937356915,0.18984650055244856,212.31371000703803,0.06799999937356915,0.06799999937356915,0.06799999937356915,23008964,98746368,4954.733,0.0,0.0,0.0,7.134,14.268,9.866,16,1000,,,,
prefix,1,,main-s00016,1,1,1,1000,1,True,True,0.426,0.6344999997054401,1.3675499999862948,898.0820199876689,0.6344999997054401,0.6344999997054401,0.6344999997054401,23008964,98746368,22304.981,0.0,0.0,0.0,10.715,21.43,6.285,16,10000,,,,
prefix,1,,main-s00023,10,1,1,1000,1,True,True,0.9107,13.235833000180719,22.524972599740067,16589.899389012317,13.235833000180719,13.235833000180719,13.235833000180719,23008964,98746368,405667.71,0.0,0.0,0.0,16.455,32.0,0.545,16,261465,,,,
prefix,1,,main-s00026,100,1,1,1000,1,True,True,0.22455,0.6920214996171126,1.4856830002372583,961.19398900737,0.6920214996171126,0.6920214996171126,0.6920214996171126,23008964,98746368,22304.981,0.0,0.0,0.0,10.715,21.43,6.285,16,10000,,,,
prefix,1,,main-s00025,100,1,1,1000,1,True,True,0.08636,0.09022950052894885,0.21863059942006638,239.29658999986714,0.09022950052894885,0.09022950052894885,0.09022950052894885,23008964,98746368,4954.733,0.0,0.0,0.0,7.134,14.268,9.866,16,1000,,,,
prefix,1,,main-s00024,10,1,1,1000,1,True,True,1.0,21.104603999447136,22.580587850461598,21087.298032985927,21.104603999447136,21.104603999447136,21.104603999447136,23008964,98746368,522931.0,0.0,0.0,0.0,17.0,32.0,0.0,16,0,,,,
prefix,1,,main-s00021,10,1,1,1000,1,True,True,0.3116,0.6397704996743414,1.3906187496559117,909.0322970041598,0.6397704996743414,0.6397704996743414,0.6397704996743414,23008964,98746368,22304.981,0.0,0.0,0.0,10.715,21.43,6.285,16,10000,,,,
prefix,1,,main-s00028,100,1,1,1000,1,True,True,0.88242,13.343479000013758,22.800194050250866,16912.966398008393,13.343479000013758,13.343479000013758,13.343479000013758,23008964,98746368,405667.71,0.0,0.0,0.0,16.455,32.0,0.545,16,261465,,,,
prefix,1,,main-s00018,1,1,1,1000,1,True,True,0.946,13.137479000306485,22.410337500468813,16571.05494100233,13.137479000306485,13.137479000306485,13.137479000306485,23008964,98746368,405667.71,0.0,0.0,0.0,16.455,32.0,0.545,16,261465,,,,
prefix,1,,main-s00015,1,1,1,1000,1,True,True,0.257,0.06152100013423478,0.17064374956134995,193.0571249949935,0.06152100013423478,0.06152100013423478,0.06152100013423478,23008964,98746368,4954.733,0.0,0.0,0.0,7.134,14.268,9.866,16,1000,,,,
scan,1,,main-s00002,100,1,1,1000,1,True,True,1.0,20.953416999873298,21.104960750244572,20590.08564703072,20.953416999873298,20.953416999873298,20.953416999873298,20917240,104071168,522931.0,0.0,0.0,0.0,0.0,0.0,0.0,,,,,,
scan,1,,main-s00001,10,1,1,1000,1,True,True,1.0,20.895582999855833,21.083181600170064,20442.541143979724,20.895582999855833,20.895582999855833,20.895582999855833,20917240,104071168,522931.0,0.0,0.0,0.0,0.0,0.0,0.0,,,,,,
scan,1,,main-s00000,1,1,1,1000,1,True,True,1.0,20.741895499668317,21.070993449666275,20246.719988998848,20.741895499668317,20.741895499668317,20.741895499668317,20917240,104071168,522931.0,0.0,0.0,0.0,0.0,0.0,0.0,,,,,,
scan,1024,/Users/vinroger/DATA/STUDY/latihan/about/exa-interview/e2e-inverted-bitplane-project/data/prefix-study-2026-09-13/pools/qwen-quora-d256/routers/ivf-1024-seed42,main-s00223,100,11,1,1000,1,True,True,0.80796,0.2759164995040919,0.33301664993814484,278.4554699937871,0.2759164995040919,0.2759164995040919,0.2759164995040919,20917240,118554624,5938.633,0.0,0.0,0.0,0.0,0.0,0.0,,,,,,
scan,1024,/Users/vinroger/DATA/STUDY/latihan/about/exa-interview/e2e-inverted-bitplane-project/data/prefix-study-2026-09-13/pools/qwen-quora-d256/routers/ivf-1024-seed42,main-s00224,100,32,1,1000,1,True,True,0.90099,0.6966454993744264,0.7859628000460361,696.1828949852134,0.6966454993744264,0.6966454993744264,0.6966454993744264,20917240,118554624,16842.494,0.0,0.0,0.0,0.0,0.0,0.0,,,,,,
scan,1024,/Users/vinroger/DATA/STUDY/latihan/about/exa-interview/e2e-inverted-bitplane-project/data/prefix-study-2026-09-13/pools/qwen-quora-d256/routers/ivf-1024-seed42,main-s00216,10,1,1,1000,1,True,True,0.5705,0.04829149975194014,0.06338540051729068,49.09421498541633,0.04829149975194014,0.04829149975194014,0.04829149975194014,20917240,118554624,575.399,0.0,0.0,0.0,0.0,0.0,0.0,,,,,,
scan,1024,/Users/vinroger/DATA/STUDY/latihan/about/exa-interview/e2e-inverted-bitplane-project/data/prefix-study-2026-09-13/pools/qwen-quora-d256/routers/ivf-1024-seed42,main-s00213,1,6,1,1000,1,True,True,0.953,0.14718750026077032,0.18430654918120126,149.36851602851675,0.14718750026077032,0.14718750026077032,0.14718750026077032,20917240,118554624,3287.607,0.0,0.0,0.0,0.0,0.0,0.0,,,,,,
scan,1024,/Users/vinroger/DATA/STUDY/latihan/about/exa-interview/e2e-inverted-bitplane-project/data/prefix-study-2026-09-13/pools/qwen-quora-d256/routers/ivf-1024-seed42,main-s00227,100,1024,1,1000,1,True,True,1.0,19.7888959996817,20.62636190048579,19861.663151975335,19.7888959996817,19.7888959996817,19.7888959996817,20917240,118554624,522931.0,0.0,0.0,0.0,0.0,0.0,0.0,,,,,,
scan,1024,/Users/vinroger/DATA/STUDY/latihan/about/exa-interview/e2e-inverted-bitplane-project/data/prefix-study-2026-09-13/pools/qwen-quora-d256/routers/ivf-1024-seed42,main-s00225,100,73,1,1000,1,True,True,0.95022,1.5037914999993518,1.641752099203586,1503.2280260284097,1.5037914999993518,1.5037914999993518,1.5037914999993518,20917240,118554624,38035.578,0.0,0.0,0.0,0.0,0.0,0.0,,,,,,
scan,1024,/Users/vinroger/DATA/STUDY/latihan/about/exa-interview/e2e-inverted-bitplane-project/data/prefix-study-2026-09-13/pools/qwen-quora-d256/routers/ivf-1024-seed42,main-s00212,1,3,1,1000,1,True,True,0.906,0.08725000043341424,0.11230449940740071,88.43645399610978,0.08725000043341424,0.08725000043341424,0.08725000043341424,20917240,118554624,1679.939,0.0,0.0,0.0,0.0,0.0,0.0,,,,,,
scan,1024,/Users/vinroger/DATA/STUDY/latihan/about/exa-interview/e2e-inverted-bitplane-project/data/prefix-study-2026-09-13/pools/qwen-quora-d256/routers/ivf-1024-seed42,main-s00222,100,2,1,1000,1,True,True,0.56452,0.09049999971466605,0.11687710043588595,91.71924700876843,0.09049999971466605,0.09049999971466605,0.09049999971466605,20917240,118554624,1132.15,0.0,0.0,0.0,0.0,0.0,0.0,,,,,,
scan,1024,/Users/vinroger/DATA/STUDY/latihan/about/exa-interview/e2e-inverted-bitplane-project/data/prefix-study-2026-09-13/pools/qwen-quora-d256/routers/ivf-1024-seed42,main-s00219,10,30,1,1000,1,True,True,0.9504,0.6285630001912068,0.715270849332228,629.106340987164,0.6285630001912068,0.6285630001912068,0.6285630001912068,20917240,118554624,15809.566,0.0,0.0,0.0,0.0,0.0,0.0,,,,,,
scan,1024,/Users/vinroger/DATA/STUDY/latihan/about/exa-interview/e2e-inverted-bitplane-project/data/prefix-study-2026-09-13/pools/qwen-quora-d256/routers/ivf-1024-seed42,main-s00221,10,1024,1,1000,1,True,True,1.0,19.779479499902664,20.030800300310148,19821.844399003567,19.779479499902664,19.779479499902664,19.779479499902664,20917240,118554624,522931.0,0.0,0.0,0.0,0.0,0.0,0.0,,,,,,
scan,1024,/Users/vinroger/DATA/STUDY/latihan/about/exa-interview/e2e-inverted-bitplane-project/data/prefix-study-2026-09-13/pools/qwen-quora-d256/routers/ivf-1024-seed42,main-s00218,10,12,1,1000,1,True,True,0.9031,0.2699379997466167,0.32929615003922663,271.8459010002334,0.2699379997466167,0.2699379997466167,0.2699379997466167,20917240,118554624,6450.832,0.0,0.0,0.0,0.0,0.0,0.0,,,,,,
scan,1024,/Users/vinroger/DATA/STUDY/latihan/about/exa-interview/e2e-inverted-bitplane-project/data/prefix-study-2026-09-13/pools/qwen-quora-d256/routers/ivf-1024-seed42,main-s00226,100,261,1,1000,1,True,True,0.99007,5.155811999884463,5.497635450319649,5161.874027016893,5.155811999884463,5.155811999884463,5.155811999884463,20917240,118554624,134204.197,0.0,0.0,0.0,0.0,0.0,0.0,,,,,,
scan,1024,/Users/vinroger/DATA/STUDY/latihan/about/exa-interview/e2e-inverted-bitplane-project/data/prefix-study-2026-09-13/pools/qwen-quora-d256/routers/ivf-1024-seed42,main-s00215,1,1024,1,1000,1,True,True,1.0,19.748791500205698,19.974418149968187,19778.53044901167,19.748791500205698,19.748791500205698,19.748791500205698,20917240,118554624,522931.0,0.0,0.0,0.0,0.0,0.0,0.0,,,,,,
scan,1024,/Users/vinroger/DATA/STUDY/latihan/about/exa-interview/e2e-inverted-bitplane-project/data/prefix-study-2026-09-13/pools/qwen-quora-d256/routers/ivf-1024-seed42,main-s00220,10,135,1,1000,1,True,True,0.9902,2.678895999906672,2.871633350787306,2678.2548580094954,2.678895999906672,2.678895999906672,2.678895999906672,20917240,118554624,69787.176,0.0,0.0,0.0,0.0,0.0,0.0,,,,,,
scan,1024,/Users/vinroger/DATA/STUDY/latihan/about/exa-interview/e2e-inverted-bitplane-project/data/prefix-study-2026-09-13/pools/qwen-quora-d256/routers/ivf-1024-seed42,main-s00214,1,22,1,1000,1,True,True,0.991,0.4671039996537729,0.5339913502211857,466.6056860214667,0.4671039996537729,0.4671039996537729,0.4671039996537729,20917240,118554624,11654.966,0.0,0.0,0.0,0.0,0.0,0.0,,,,,,
scan,1024,/Users/vinroger/DATA/STUDY/latihan/about/exa-interview/e2e-inverted-bitplane-project/data/prefix-study-2026-09-13/pools/qwen-quora-d256/routers/ivf-1024-seed42,main-s00210,1,1,1,1000,1,True,True,0.729,0.045416999455483165,0.05980980022286529,46.19992599782563,0.045416999455483165,0.045416999455483165,0.045416999455483165,20917240,118554624,575.399,0.0,0.0,0.0,0.0,0.0,0.0,,,,,,
scan,1024,/Users/vinroger/DATA/STUDY/latihan/about/exa-interview/e2e-inverted-bitplane-project/data/prefix-study-2026-09-13/pools/qwen-quora-d256/routers/ivf-1024-seed42,main-s00217,10,4,1,1000,1,True,True,0.8045,0.11033349983335938,0.14060384983167748,112.25444797764794,0.11033349983335938,0.11033349983335938,0.11033349983335938,20917240,118554624,2220.636,0.0,0.0,0.0,0.0,0.0,0.0,,,,,,
scan,1024,/Users/vinroger/DATA/STUDY/latihan/about/exa-interview/e2e-inverted-bitplane-project/data/prefix-study-2026-09-13/pools/qwen-quora-d256/routers/ivf-1024-seed42,main-s00211,1,2,1,1000,1,True,True,0.855,0.06656250025116606,0.08909435014174959,68.1270389823112,0.06656250025116606,0.06656250025116606,0.06656250025116606,20917240,118554624,1132.15,0.0,0.0,0.0,0.0,0.0,0.0,,,,,,
prefix,64,/Users/vinroger/DATA/STUDY/latihan/about/exa-interview/e2e-inverted-bitplane-project/data/prefix-study-2026-09-13/pools/qwen-quora-d256/routers/ivf-64-seed42,main-s00173,10,21,1,1000,1,True,True,0.9903,7.12474999954793,8.313197600637068,7159.821710002689,7.12474999954793,7.12474999954793,7.12474999954793,23008964,100515840,174062.415,0.0,0.0,0.0,17.0,672.0,0.0,16,261465,,,,
prefix,64,/Users/vinroger/DATA/STUDY/latihan/about/exa-interview/e2e-inverted-bitplane-project/data/prefix-study-2026-09-13/pools/qwen-quora-d256/routers/ivf-64-seed42,main-s00127,1,2,1,1000,1,True,True,0.888,0.7047710000733787,1.0980666497289349,726.5957150139002,0.7047710000733787,0.7047710000733787,0.7047710000733787,23008964,100515840,17936.524,0.0,0.0,0.0,17.0,64.0,0.0,16,100000,,,,
prefix,64,/Users/vinroger/DATA/STUDY/latihan/about/exa-interview/e2e-inverted-bitplane-project/data/prefix-study-2026-09-13/pools/qwen-quora-d256/routers/ivf-64-seed42,main-s00189,100,4,1,1000,1,True,True,0.82498,1.487604499743611,2.1918562505106816,1532.2087889971954,1.487604499743611,1.487604499743611,1.487604499743611,23008964,100515840,34810.582,0.0,0.0,0.0,17.0,128.0,0.0,16,0,,,,
prefix,64,/Users/vinroger/DATA/STUDY/latihan/about/exa-interview/e2e-inverted-bitplane-project/data/prefix-study-2026-09-13/pools/qwen-quora-d256/routers/ivf-64-seed42,main-s00160,10,5,1,1000,1,True,True,0.2577,0.07912499995654798,0.25213749972863253,113.35414801396837,0.07912499995654798,0.07912499995654798,0.07912499995654798,23008964,100515840,2284.243,0.0,0.0,0.0,10.059,100.59,6.941,16,1000,,,,
prefix,64,/Users/vinroger/DATA/STUDY/latihan/about/exa-interview/e2e-inverted-bitplane-project/data/prefix-study-2026-09-13/pools/qwen-quora-d256/routers/ivf-64-seed42,main-s00161,10,5,1,1000,1,True,True,0.6599,0.6513540001833462,1.2996184501844255,742.9293169961966,0.6513540001833462,0.6513540001833462,0.6513540001833462,23008964,100515840,16988.238,0.0,0.0,0.0,13.986,139.82,3.014,16,10000,,,,
prefix,64,/Users/vinroger/DATA/STUDY/latihan/about/exa-interview/e2e-inverted-bitplane-project/data/prefix-study-2026-09-13/pools/qwen-quora-d256/routers/ivf-64-seed42,main-s00156,10,3,1,1000,1,True,True,0.7157,0.5913330001021677,1.0748458500529523,660.7778680081537,0.5913330001021677,0.5913330001021677,0.5913330001021677,23008964,100515840,15279.09,0.0,0.0,0.0,15.063,89.244,1.937,16,10000,,,,
prefix,64,/Users/vinroger/DATA/STUDY/latihan/about/exa-interview/e2e-inverted-bitplane-project/data/prefix-study-2026-09-13/pools/qwen-quora-d256/routers/ivf-64-seed42,main-s00205,100,64,1,1000,1,True,True,0.08636,0.13972950000606943,0.28411044977474365,293.0116069946962,0.13972950000606943,0.13972950000606943,0.13972950000606943,23008964,100515840,4954.733,0.0,0.0,0.0,7.134,913.152,9.866,16,1000,,,,
prefix,64,/Users/vinroger/DATA/STUDY/latihan/about/exa-interview/e2e-inverted-bitplane-project/data/prefix-study-2026-09-13/pools/qwen-quora-d256/routers/ivf-64-seed42,main-s00146,1,64,1,1000,1,True,True,0.426,0.7271459999174112,1.5038684001410727,1009.433567995984,0.7271459999174112,0.7271459999174112,0.7271459999174112,23008964,100515840,22304.981,0.0,0.0,0.0,10.715,1371.52,6.285,16,10000,,,,
prefix,64,/Users/vinroger/DATA/STUDY/latihan/about/exa-interview/e2e-inverted-bitplane-project/data/prefix-study-2026-09-13/pools/qwen-quora-d256/routers/ivf-64-seed42,main-s00167,10,7,1,1000,1,True,True,0.9504,2.469938000103866,3.4134979002374157,2546.1219849930785,2.469938000103866,2.469938000103866,2.469938000103866,23008964,100515840,59754.595,0.0,0.0,0.0,17.0,224.0,0.0,16,100000,,,,
prefix,64,/Users/vinroger/DATA/STUDY/latihan/about/exa-interview/e2e-inverted-bitplane-project/data/prefix-study-2026-09-13/pools/qwen-quora-d256/routers/ivf-64-seed42,main-s00190,100,8,1,1000,1,True,True,0.14782,0.09983299969462678,0.2903482502915717,148.03014700919448,0.09983299969462678,0.09983299969462678,0.09983299969462678,23008964,100515840,2550.193,0.0,0.0,0.0,9.424,150.784,7.576,16,1000,,,,
prefix,64,/Users/vinroger/DATA/STUDY/latihan/about/exa-interview/e2e-inverted-bitplane-project/data/prefix-study-2026-09-13/pools/qwen-quora-d256/routers/ivf-64-seed42,main-s00140,1,9,1,1000,1,True,True,0.343,0.07533300004070043,0.28176939986224153,126.1601769920162,0.07533300004070043,0.07533300004070043,0.07533300004070043,23008964,100515840,2650.981,0.0,0.0,0.0,9.274,166.932,7.726,16,1000,,,,
prefix,64,/Users/vinroger/DATA/STUDY/latihan/about/exa-interview/e2e-inverted-bitplane-project/data/prefix-study-2026-09-13/pools/qwen-quora-d256/routers/ivf-64-seed42,main-s00142,1,9,1,1000,1,True,True,0.99,3.065228999730607,4.070307700021658,3140.3977810114156,3.065228999730607,3.065228999730607,3.065228999730607,23008964,100515840,76223.684,0.0,0.0,0.0,17.0,288.0,0.0,16,100000,,,,
prefix,64,/Users/vinroger/DATA/STUDY/latihan/about/exa-interview/e2e-inverted-bitplane-project/data/prefix-study-2026-09-13/pools/qwen-quora-d256/routers/ivf-64-seed42,main-s00157,10,3,1,1000,1,True,True,0.8581,1.0542499999246502,1.5828892504032406,1098.3929510066446,1.0542499999246502,1.0542499999246502,1.0542499999246502,23008964,100515840,26422.354,0.0,0.0,0.0,17.0,96.0,0.0,16,100000,,,,
prefix,64,/Users/vinroger/DATA/STUDY/latihan/about/exa-interview/e2e-inverted-bitplane-project/data/prefix-study-2026-09-13/pools/qwen-quora-d256/routers/ivf-64-seed42,main-s00126,1,2,1,1000,1,True,True,0.84,0.5393960000219522,0.8093044997622201,570.4966780022005,0.5393960000219522,0.5393960000219522,0.5393960000219522,23008964,100515840,13827.766,0.0,0.0,0.0,16.156,62.572,0.844,16,10000,,,,
prefix,64,/Users/vinroger/DATA/STUDY/latihan/about/exa-interview/e2e-inverted-bitplane-project/data/prefix-study-2026-09-13/pools/qwen-quora-d256/routers/ivf-64-seed42,main-s00170,10,21,1,1000,1,True,True,0.1934,0.08683350006322144,0.515428850212629,188.8970980171507,0.08683350006322144,0.08683350006322144,0.08683350006322144,23008964,100515840,3867.689,0.0,0.0,0.0,8.197,344.274,8.803,16,1000,,,,
prefix,64,/Users/vinroger/DATA/STUDY/latihan/about/exa-interview/e2e-inverted-bitplane-project/data/prefix-study-2026-09-13/pools/qwen-quora-d256/routers/ivf-64-seed42,main-s00201,100,31,1,1000,1,True,True,0.26625,0.6286455000008573,1.6364336493552392,807.5533560122494,0.6286455000008573,0.6286455000008573,0.6286455000008573,23008964,100515840,18084.3,0.0,0.0,0.0,11.433,708.846,5.567,16,10000,,,,
prefix,64,/Users/vinroger/DATA/STUDY/latihan/about/exa-interview/e2e-inverted-bitplane-project/data/prefix-study-2026-09-13/pools/qwen-quora-d256/routers/ivf-64-seed42,main-s00200,100,31,1,1000,1,True,True,0.10681,0.11168800028826809,0.7762131501749494,259.47500101938203,0.11168800028826809,0.11168800028826809,0.11168800028826809,23008964,100515840,4847.65,0.0,0.0,0.0,7.745,480.19,9.255,16,1000,,,,
prefix,64,/Users/vinroger/DATA/STUDY/latihan/about/exa-interview/e2e-inverted-bitplane-project/data/prefix-study-2026-09-13/pools/qwen-quora-d256/routers/ivf-64-seed42,main-s00195,100,13,1,1000,1,True,True,0.13156,0.10164550076297019,0.3510836498207927,171.12320400974568,0.10164550076297019,0.10164550076297019,0.10164550076297019,23008964,100515840,3058.602,0.0,0.0,0.0,8.806,228.956,8.194,16,1000,,,,
prefix,64,/Users/vinroger/DATA/STUDY/latihan/about/exa-interview/e2e-inverted-bitplane-project/data/prefix-study-2026-09-13/pools/qwen-quora-d256/routers/ivf-64-seed42,main-s00144,1,9,1,1000,1,True,True,0.99,3.047979000257328,4.091882999591689,3129.289963001611,3.047979000257328,3.047979000257328,3.047979000257328,23008964,100515840,76223.684,0.0,0.0,0.0,17.0,288.0,0.0,16,0,,,,
prefix,64,/Users/vinroger/DATA/STUDY/latihan/about/exa-interview/e2e-inverted-bitplane-project/data/prefix-study-2026-09-13/pools/qwen-quora-d256/routers/ivf-64-seed42,main-s00192,100,8,1,1000,1,True,True,0.91219,2.807521000249835,3.793223250204391,2883.8648549972277,2.807521000249835,2.807521000249835,2.807521000249835,23008964,100515840,67988.47,0.0,0.0,0.0,17.0,256.0,0.0,16,100000,,,,
prefix,64,/Users/vinroger/DATA/STUDY/latihan/about/exa-interview/e2e-inverted-bitplane-project/data/prefix-study-2026-09-13/pools/qwen-quora-d256/routers/ivf-64-seed42,main-s00154,10,1,1,1000,1,True,True,0.6262,0.3642709998530336,0.6313443999715673,386.93434299511864,0.3642709998530336,0.3642709998530336,0.3642709998530336,23008964,100515840,9223.342,0.0,0.0,0.0,17.0,32.0,0.0,16,0,,,,
prefix,64,/Users/vinroger/DATA/STUDY/latihan/about/exa-interview/e2e-inverted-bitplane-project/data/prefix-study-2026-09-13/pools/qwen-quora-d256/routers/ivf-64-seed42,main-s00121,1,1,1,1000,1,True,True,0.746,0.3575210002964013,0.6222768000952782,381.7481850155673,0.3575210002964013,0.3575210002964013,0.3575210002964013,23008964,100515840,9223.342,0.0,0.0,0.0,17.0,32.0,0.0,16,10000,,,,
prefix,64,/Users/vinroger/DATA/STUDY/latihan/about/exa-interview/e2e-inverted-bitplane-project/data/prefix-study-2026-09-13/pools/qwen-quora-d256/routers/ivf-64-seed42,main-s00183,100,1,1,1000,1,True,True,0.5345,0.39479150018451037,0.6632940994677483,418.809832007355,0.39479150018451037,0.39479150018451037,0.39479150018451037,23008964,100515840,9223.342,0.0,0.0,0.0,17.0,32.0,0.0,16,261465,,,,
prefix,64,/Users/vinroger/DATA/STUDY/latihan/about/exa-interview/e2e-inverted-bitplane-project/data/prefix-study-2026-09-13/pools/qwen-quora-d256/routers/ivf-64-seed42,main-s00163,10,5,1,1000,1,True,True,0.9194,1.7306045001532766,2.5435774000925444,1797.670767989075,1.7306045001532766,1.7306045001532766,1.7306045001532766,23008964,100515840,43132.396,0.0,0.0,0.0,17.0,160.0,0.0,16,261465,,,,
prefix,64,/Users/vinroger/DATA/STUDY/latihan/about/exa-interview/e2e-inverted-bitplane-project/data/prefix-study-2026-09-13/pools/qwen-quora-d256/routers/ivf-64-seed42,main-s00162,10,5,1,1000,1,True,True,0.9194,1.739041500059102,2.511070500122514,1805.1469299989549,1.739041500059102,1.739041500059102,1.739041500059102,23008964,100515840,43132.396,0.0,0.0,0.0,17.0,160.0,0.0,16,100000,,,,
prefix,64,/Users/vinroger/DATA/STUDY/latihan/about/exa-interview/e2e-inverted-bitplane-project/data/prefix-study-2026-09-13/pools/qwen-quora-d256/routers/ivf-64-seed42,main-s00136,1,4,1,1000,1,True,True,0.804,0.5589164998127671,1.0675607498342286,619.9161269896649,0.5589164998127671,0.5589164998127671,0.5589164998127671,23008964,100515840,15932.333,0.0,0.0,0.0,14.371,114.584,2.629,16,10000,,,,
prefix,64,/Users/vinroger/DATA/STUDY/latihan/about/exa-interview/e2e-inverted-bitplane-project/data/prefix-study-2026-09-13/pools/qwen-quora-d256/routers/ivf-64-seed42,main-s00138,1,4,1,1000,1,True,True,0.958,1.3544584999181097,2.008260400361905,1398.1522310059518,1.3544584999181097,1.3544584999181097,1.3544584999181097,23008964,100515840,34810.582,0.0,0.0,0.0,17.0,128.0,0.0,16,261465,,,,
prefix,64,/Users/vinroger/DATA/STUDY/latihan/about/exa-interview/e2e-inverted-bitplane-project/data/prefix-study-2026-09-13/pools/qwen-quora-d256/routers/ivf-64-seed42,main-s00145,1,64,1,1000,1,True,True,0.257,0.11066650040447712,0.22878690010657,240.67146802735806,0.11066650040447712,0.11066650040447712,0.11066650040447712,23008964,100515840,4954.733,0.0,0.0,0.0,7.134,913.152,9.866,16,1000,,,,
prefix,64,/Users/vinroger/DATA/STUDY/latihan/about/exa-interview/e2e-inverted-bitplane-project/data/prefix-study-2026-09-13/pools/qwen-quora-d256/routers/ivf-64-seed42,main-s00193,100,8,1,1000,1,True,True,0.91219,2.792854500512476,3.7975381504111283,2869.8176420029995,2.792854500512476,2.792854500512476,2.792854500512476,23008964,100515840,67988.47,0.0,0.0,0.0,17.0,256.0,0.0,16,261465,,,,
prefix,64,/Users/vinroger/DATA/STUDY/latihan/about/exa-interview/e2e-inverted-bitplane-project/data/prefix-study-2026-09-13/pools/qwen-quora-d256/routers/ivf-64-seed42,main-s00165,10,7,1,1000,1,True,True,0.2416,0.07764599968140828,0.22397470074793088,117.51133801226388,0.07764599968140828,0.07764599968140828,0.07764599968140828,23008964,100515840,2409.126,0.0,0.0,0.0,9.587,134.218,7.413,16,1000,,,,
prefix,64,/Users/vinroger/DATA/STUDY/latihan/about/exa-interview/e2e-inverted-bitplane-project/data/prefix-study-2026-09-13/pools/qwen-quora-d256/routers/ivf-64-seed42,main-s00171,10,21,1,1000,1,True,True,0.4141,0.589395499901002,2.0120648998272355,806.6344420167297,0.589395499901002,0.589395499901002,0.589395499901002,23008964,100515840,19300.766,0.0,0.0,0.0,11.947,501.774,5.053,16,10000,,,,
prefix,64,/Users/vinroger/DATA/STUDY/latihan/about/exa-interview/e2e-inverted-bitplane-project/data/prefix-study-2026-09-13/pools/qwen-quora-d256/routers/ivf-64-seed42,main-s00135,1,4,1,1000,1,True,True,0.393,0.07156199990276946,0.2580693500476626,102.59737500746269,0.07156199990276946,0.07156199990276946,0.07156199990276946,23008964,100515840,2206.135,0.0,0.0,0.0,10.363,82.904,6.637,16,1000,,,,
prefix,64,/Users/vinroger/DATA/STUDY/latihan/about/exa-interview/e2e-inverted-bitplane-project/data/prefix-study-2026-09-13/pools/qwen-quora-d256/routers/ivf-64-seed42,main-s00198,100,13,1,1000,1,True,True,0.95189,4.472437499771331,5.540089249734592,4542.882968997219,4.472437499771331,4.472437499771331,4.472437499771331,23008964,100515840,108789.511,0.0,0.0,0.0,17.0,416.0,0.0,16,261465,,,,
prefix,64,/Users/vinroger/DATA/STUDY/latihan/about/exa-interview/e2e-inverted-bitplane-project/data/prefix-study-2026-09-13/pools/qwen-quora-d256/routers/ivf-64-seed42,main-s00158,10,3,1,1000,1,True,True,0.8581,1.0519584998291975,1.6077166495051642,1095.242652005254,1.0519584998291975,1.0519584998291975,1.0519584998291975,23008964,100515840,26422.354,0.0,0.0,0.0,17.0,96.0,0.0,16,261465,,,,
prefix,64,/Users/vinroger/DATA/STUDY/latihan/about/exa-interview/e2e-inverted-bitplane-project/data/prefix-study-2026-09-13/pools/qwen-quora-d256/routers/ivf-64-seed42,main-s00194,100,8,1,1000,1,True,True,0.91219,2.812103999985993,3.8004607000402757,2888.4311680103565,2.812103999985993,2.812103999985993,2.812103999985993,23008964,100515840,67988.47,0.0,0.0,0.0,17.0,256.0,0.0,16,0,,,,
prefix,64,/Users/vinroger/DATA/STUDY/latihan/about/exa-interview/e2e-inverted-bitplane-project/data/prefix-study-2026-09-13/pools/qwen-quora-d256/routers/ivf-64-seed42,main-s00174,10,21,1,1000,1,True,True,0.9903,7.048750000194559,8.217666649761668,7121.141946992793,7.048750000194559,7.048750000194559,7.048750000194559,23008964,100515840,174062.415,0.0,0.0,0.0,17.0,672.0,0.0,16,0,,,,
prefix,64,/Users/vinroger/DATA/STUDY/latihan/about/exa-interview/e2e-inverted-bitplane-project/data/prefix-study-2026-09-13/pools/qwen-quora-d256/routers/ivf-64-seed42,main-s00129,1,2,1,1000,1,True,True,0.888,0.7241670000439626,1.136992300143902,747.7410470100949,0.7241670000439626,0.7241670000439626,0.7241670000439626,23008964,100515840,17936.524,0.0,0.0,0.0,17.0,64.0,0.0,16,0,,,,
prefix,64,/Users/vinroger/DATA/STUDY/latihan/about/exa-interview/e2e-inverted-bitplane-project/data/prefix-study-2026-09-13/pools/qwen-quora-d256/routers/ivf-64-seed42,main-s00196,100,13,1,1000,1,True,True,0.41354,0.6858955007373879,2.228345199546311,953.4907710121843,0.6858955007373879,0.6858955007373879,0.6858955007373879,23008964,100515840,21761.424,0.0,0.0,0.0,12.691,329.966,4.309,16,10000,,,,
prefix,64,/Users/vinroger/DATA/STUDY/latihan/about/exa-interview/e2e-inverted-bitplane-project/data/prefix-study-2026-09-13/pools/qwen-quora-d256/routers/ivf-64-seed42,main-s00151,10,1,1,1000,1,True,True,0.6262,0.3591039999264467,0.6276360505125922,385.631127986926,0.3591039999264467,0.3591039999264467,0.3591039999264467,23008964,100515840,9223.342,0.0,0.0,0.0,17.0,32.0,0.0,16,10000,,,,
prefix,64,/Users/vinroger/DATA/STUDY/latihan/about/exa-interview/e2e-inverted-bitplane-project/data/prefix-study-2026-09-13/pools/qwen-quora-d256/routers/ivf-64-seed42,main-s00143,1,9,1,1000,1,True,True,0.99,3.0764379998799996,4.1128434494567045,3149.470751013723,3.0764379998799996,3.0764379998799996,3.0764379998799996,23008964,100515840,76223.684,0.0,0.0,0.0,17.0,288.0,0.0,16,261465,,,,
prefix,64,/Users/vinroger/DATA/STUDY/latihan/about/exa-interview/e2e-inverted-bitplane-project/data/prefix-study-2026-09-13/pools/qwen-quora-d256/routers/ivf-64-seed42,main-s00137,1,4,1,1000,1,True,True,0.958,1.3683540005331452,2.0088541997665743,1414.8460159922251,1.3683540005331452,1.3683540005331452,1.3683540005331452,23008964,100515840,34810.582,0.0,0.0,0.0,17.0,128.0,0.0,16,100000,,,,
prefix,64,/Users/vinroger/DATA/STUDY/latihan/about/exa-interview/e2e-inverted-bitplane-project/data/prefix-study-2026-09-13/pools/qwen-quora-d256/routers/ivf-64-seed42,main-s00124,1,1,1,1000,1,True,True,0.746,0.3516249998938292,0.6056089503545081,374.8438879938476,0.3516249998938292,0.3516249998938292,0.3516249998938292,23008964,100515840,9223.342,0.0,0.0,0.0,17.0,32.0,0.0,16,0,,,,
prefix,64,/Users/vinroger/DATA/STUDY/latihan/about/exa-interview/e2e-inverted-bitplane-project/data/prefix-study-2026-09-13/pools/qwen-quora-d256/routers/ivf-64-seed42,main-s00166,10,7,1,1000,1,True,True,0.6271,0.6796254997425422,1.524402099448707,809.7397760211607,0.6796254997425422,0.6796254997425422,0.6796254997425422,23008964,100515840,19353.223,0.0,0.0,0.0,13.527,189.378,3.473,16,10000,,,,
prefix,64,/Users/vinroger/DATA/STUDY/latihan/about/exa-interview/e2e-inverted-bitplane-project/data/prefix-study-2026-09-13/pools/qwen-quora-d256/routers/ivf-64-seed42,main-s00153,10,1,1,1000,1,True,True,0.6262,0.3561250000529981,0.6210569000813847,381.7518640016715,0.3561250000529981,0.3561250000529981,0.3561250000529981,23008964,100515840,9223.342,0.0,0.0,0.0,17.0,32.0,0.0,16,261465,,,,
prefix,64,/Users/vinroger/DATA/STUDY/latihan/about/exa-interview/e2e-inverted-bitplane-project/data/prefix-study-2026-09-13/pools/qwen-quora-d256/routers/ivf-64-seed42,main-s00123,1,1,1,1000,1,True,True,0.746,0.3532499999892025,0.618711899369373,380.2869129995088,0.3532499999892025,0.3532499999892025,0.3532499999892025,23008964,100515840,9223.342,0.0,0.0,0.0,17.0,32.0,0.0,16,261465,,,,
prefix,64,/Users/vinroger/DATA/STUDY/latihan/about/exa-interview/e2e-inverted-bitplane-project/data/prefix-study-2026-09-13/pools/qwen-quora-d256/routers/ivf-64-seed42,main-s00149,1,64,1,1000,1,True,True,1.0,21.464041500166786,22.86640479946982,21481.845252988023,21.464041500166786,21.464041500166786,21.464041500166786,23008964,100515840,522931.0,0.0,0.0,0.0,17.0,2048.0,0.0,16,0,,,,
prefix,64,/Users/vinroger/DATA/STUDY/latihan/about/exa-interview/e2e-inverted-bitplane-project/data/prefix-study-2026-09-13/pools/qwen-quora-d256/routers/ivf-64-seed42,main-s00150,10,1,1,1000,1,True,True,0.3528,0.07520799999838346,0.2346649006994993,101.50359298222611,0.07520799999838346,0.07520799999838346,0.07520799999838346,23008964,100515840,2197.318,0.0,0.0,0.0,12.655,25.288,4.345,16,1000,,,,
prefix,64,/Users/vinroger/DATA/STUDY/latihan/about/exa-interview/e2e-inverted-bitplane-project/data/prefix-study-2026-09-13/pools/qwen-quora-d256/routers/ivf-64-seed42,main-s00207,100,64,1,1000,1,True,True,0.62072,7.5988124999639695,13.539365200540487,7752.261634997012,7.5988124999639695,7.5988124999639695,7.5988124999639695,23008964,100515840,182133.576,0.0,0.0,0.0,14.207,1818.496,2.793,16,100000,,,,
prefix,64,/Users/vinroger/DATA/STUDY/latihan/about/exa-interview/e2e-inverted-bitplane-project/data/prefix-study-2026-09-13/pools/qwen-quora-d256/routers/ivf-64-seed42,main-s00208,100,64,1,1000,1,True,True,0.88242,13.541521000206558,22.917169400261628,17133.786090017566,13.541521000206558,13.541521000206558,13.541521000206558,23008964,100515840,405667.71,0.0,0.0,0.0,16.455,2048.0,0.545,16,261465,,,,
prefix,64,/Users/vinroger/DATA/STUDY/latihan/about/exa-interview/e2e-inverted-bitplane-project/data/prefix-study-2026-09-13/pools/qwen-quora-d256/routers/ivf-64-seed42,main-s00128,1,2,1,1000,1,True,True,0.888,0.7225204999485868,1.1210625002149752,743.2130490224154,0.7225204999485868,0.7225204999485868,0.7225204999485868,23008964,100515840,17936.524,0.0,0.0,0.0,17.0,64.0,0.0,16,261465,,,,
prefix,64,/Users/vinroger/DATA/STUDY/latihan/about/exa-interview/e2e-inverted-bitplane-project/data/prefix-study-2026-09-13/pools/qwen-quora-d256/routers/ivf-64-seed42,main-s00199,100,13,1,1000,1,True,True,0.95189,4.4999369997640315,5.61848509983065,4564.772562005601,4.4999369997640315,4.4999369997640315,4.4999369997640315,23008964,100515840,108789.511,0.0,0.0,0.0,17.0,416.0,0.0,16,0,,,,
prefix,64,/Users/vinroger/DATA/STUDY/latihan/about/exa-interview/e2e-inverted-bitplane-project/data/prefix-study-2026-09-13/pools/qwen-quora-d256/routers/ivf-64-seed42,main-s00209,100,64,1,1000,1,True,True,1.0,21.536354499403387,22.896556600107942,21577.391167003952,21.536354499403387,21.536354499403387,21.536354499403387,23008964,100515840,522931.0,0.0,0.0,0.0,17.0,2048.0,0.0,16,0,,,,
prefix,64,/Users/vinroger/DATA/STUDY/latihan/about/exa-interview/e2e-inverted-bitplane-project/data/prefix-study-2026-09-13/pools/qwen-quora-d256/routers/ivf-64-seed42,main-s00187,100,4,1,1000,1,True,True,0.82498,1.454499999908876,2.1508142500351823,1502.8772580108125,1.454499999908876,1.454499999908876,1.454499999908876,23008964,100515840,34810.582,0.0,0.0,0.0,17.0,128.0,0.0,16,100000,,,,
prefix,64,/Users/vinroger/DATA/STUDY/latihan/about/exa-interview/e2e-inverted-bitplane-project/data/prefix-study-2026-09-13/pools/qwen-quora-d256/routers/ivf-64-seed42,main-s00206,100,64,1,1000,1,True,True,0.22455,0.7489159997930983,1.5083580499322125,1022.7710759954789,0.7489159997930983,0.7489159997930983,0.7489159997930983,23008964,100515840,22304.981,0.0,0.0,0.0,10.715,1371.52,6.285,16,10000,,,,
prefix,64,/Users/vinroger/DATA/STUDY/latihan/about/exa-interview/e2e-inverted-bitplane-project/data/prefix-study-2026-09-13/pools/qwen-quora-d256/routers/ivf-64-seed42,main-s00184,100,1,1,1000,1,True,True,0.5345,0.40433349977320177,0.6828368501373916,428.04127300496475,0.40433349977320177,0.40433349977320177,0.40433349977320177,23008964,100515840,9223.342,0.0,0.0,0.0,17.0,32.0,0.0,16,0,,,,
prefix,64,/Users/vinroger/DATA/STUDY/latihan/about/exa-interview/e2e-inverted-bitplane-project/data/prefix-study-2026-09-13/pools/qwen-quora-d256/routers/ivf-64-seed42,main-s00164,10,5,1,1000,1,True,True,0.9194,1.7507084999124345,2.5246806497307257,1816.8172840096304,1.7507084999124345,1.7507084999124345,1.7507084999124345,23008964,100515840,43132.396,0.0,0.0,0.0,17.0,160.0,0.0,16,0,,,,
prefix,64,/Users/vinroger/DATA/STUDY/latihan/about/exa-interview/e2e-inverted-bitplane-project/data/prefix-study-2026-09-13/pools/qwen-quora-d256/routers/ivf-64-seed42,main-s00147,1,64,1,1000,1,True,True,0.8,7.144291500480904,13.332143750403702,7388.161786999262,7.144291500480904,7.144291500480904,7.144291500480904,23008964,100515840,182133.576,0.0,0.0,0.0,14.207,1818.496,2.793,16,100000,,,,
prefix,64,/Users/vinroger/DATA/STUDY/latihan/about/exa-interview/e2e-inverted-bitplane-project/data/prefix-study-2026-09-13/pools/qwen-quora-d256/routers/ivf-64-seed42,main-s00125,1,2,1,1000,1,True,True,0.458,0.07033400015643565,0.28745689992319945,101.77252200082876,0.07033400015643565,0.07033400015643565,0.07033400015643565,23008964,100515840,2275.963,0.0,0.0,0.0,11.479,45.916,5.521,16,1000,,,,
prefix,64,/Users/vinroger/DATA/STUDY/latihan/about/exa-interview/e2e-inverted-bitplane-project/data/prefix-study-2026-09-13/pools/qwen-quora-d256/routers/ivf-64-seed42,main-s00179,10,64,1,1000,1,True,True,1.0,21.414833500330133,22.84104725058569,21461.164617978284,21.414833500330133,21.414833500330133,21.414833500330133,23008964,100515840,522931.0,0.0,0.0,0.0,17.0,2048.0,0.0,16,0,,,,
prefix,64,/Users/vinroger/DATA/STUDY/latihan/about/exa-interview/e2e-inverted-bitplane-project/data/prefix-study-2026-09-13/pools/qwen-quora-d256/routers/ivf-64-seed42,main-s00176,10,64,1,1000,1,True,True,0.3116,0.7145829999899433,1.454744049442523,991.2669580007787,0.7145829999899433,0.7145829999899433,0.7145829999899433,23008964,100515840,22304.981,0.0,0.0,0.0,10.715,1371.52,6.285,16,10000,,,,
prefix,64,/Users/vinroger/DATA/STUDY/latihan/about/exa-interview/e2e-inverted-bitplane-project/data/prefix-study-2026-09-13/pools/qwen-quora-d256/routers/ivf-64-seed42,main-s00197,100,13,1,1000,1,True,True,0.95189,4.479875000015454,5.637700000352197,4551.494056984666,4.479875000015454,4.479875000015454,4.479875000015454,23008964,100515840,108789.511,0.0,0.0,0.0,17.0,416.0,0.0,16,100000,,,,
prefix,64,/Users/vinroger/DATA/STUDY/latihan/about/exa-interview/e2e-inverted-bitplane-project/data/prefix-study-2026-09-13/pools/qwen-quora-d256/routers/ivf-64-seed42,main-s00177,10,64,1,1000,1,True,True,0.7045,7.530832999691484,13.465310750461867,7699.436910008444,7.530832999691484,7.530832999691484,7.530832999691484,23008964,100515840,182133.576,0.0,0.0,0.0,14.207,1818.496,2.793,16,100000,,,,
prefix,64,/Users/vinroger/DATA/STUDY/latihan/about/exa-interview/e2e-inverted-bitplane-project/data/prefix-study-2026-09-13/pools/qwen-quora-d256/routers/ivf-64-seed42,main-s00155,10,3,1,1000,1,True,True,0.2968,0.07314599952223944,0.28089134980291347,102.12445099023171,0.07314599952223944,0.07314599952223944,0.07314599952223944,23008964,100515840,2201.631,0.0,0.0,0.0,10.799,64.794,6.201,16,1000,,,,
prefix,64,/Users/vinroger/DATA/STUDY/latihan/about/exa-interview/e2e-inverted-bitplane-project/data/prefix-study-2026-09-13/pools/qwen-quora-d256/routers/ivf-64-seed42,main-s00169,10,7,1,1000,1,True,True,0.9504,2.424791999601439,3.351479149432634,2498.910676004016,2.424791999601439,2.424791999601439,2.424791999601439,23008964,100515840,59754.595,0.0,0.0,0.0,17.0,224.0,0.0,16,0,,,,
prefix,64,/Users/vinroger/DATA/STUDY/latihan/about/exa-interview/e2e-inverted-bitplane-project/data/prefix-study-2026-09-13/pools/qwen-quora-d256/routers/ivf-64-seed42,main-s00122,1,1,1,1000,1,True,True,0.746,0.3484584995021578,0.6149815494609355,376.60328499441675,0.3484584995021578,0.3484584995021578,0.3484584995021578,23008964,100515840,9223.342,0.0,0.0,0.0,17.0,32.0,0.0,16,100000,,,,
prefix,64,/Users/vinroger/DATA/STUDY/latihan/about/exa-interview/e2e-inverted-bitplane-project/data/prefix-study-2026-09-13/pools/qwen-quora-d256/routers/ivf-64-seed42,main-s00152,10,1,1,1000,1,True,True,0.6262,0.3542504996403295,0.617721149501449,380.91429899486684,0.3542504996403295,0.3542504996403295,0.3542504996403295,23008964,100515840,9223.342,0.0,0.0,0.0,17.0,32.0,0.0,16,100000,,,,
prefix,64,/Users/vinroger/DATA/STUDY/latihan/about/exa-interview/e2e-inverted-bitplane-project/data/prefix-study-2026-09-13/pools/qwen-quora-d256/routers/ivf-64-seed42,main-s00188,100,4,1,1000,1,True,True,0.82498,1.4529789996231557,2.1673142501185794,1509.5199030056392,1.4529789996231557,1.4529789996231557,1.4529789996231557,23008964,100515840,34810.582,0.0,0.0,0.0,17.0,128.0,0.0,16,261465,,,,
prefix,64,/Users/vinroger/DATA/STUDY/latihan/about/exa-interview/e2e-inverted-bitplane-project/data/prefix-study-2026-09-13/pools/qwen-quora-d256/routers/ivf-64-seed42,main-s00191,100,8,1,1000,1,True,True,0.49164,0.7534579999628477,1.7726816002323174,910.406538976531,0.7534579999628477,0.7534579999628477,0.7534579999628477,23008964,100515840,20274.385,0.0,0.0,0.0,13.348,213.568,3.652,16,10000,,,,
prefix,64,/Users/vinroger/DATA/STUDY/latihan/about/exa-interview/e2e-inverted-bitplane-project/data/prefix-study-2026-09-13/pools/qwen-quora-d256/routers/ivf-64-seed42,main-s00168,10,7,1,1000,1,True,True,0.9504,2.416166500097461,3.3697878505336116,2496.822142009478,2.416166500097461,2.416166500097461,2.416166500097461,23008964,100515840,59754.595,0.0,0.0,0.0,17.0,224.0,0.0,16,261465,,,,
prefix,64,/Users/vinroger/DATA/STUDY/latihan/about/exa-interview/e2e-inverted-bitplane-project/data/prefix-study-2026-09-13/pools/qwen-quora-d256/routers/ivf-64-seed42,main-s00175,10,64,1,1000,1,True,True,0.1536,0.11479150043669506,0.24760595056250165,261.38631201320095,0.11479150043669506,0.11479150043669506,0.11479150043669506,23008964,100515840,4954.733,0.0,0.0,0.0,7.134,913.152,9.866,16,1000,,,,
prefix,64,/Users/vinroger/DATA/STUDY/latihan/about/exa-interview/e2e-inverted-bitplane-project/data/prefix-study-2026-09-13/pools/qwen-quora-d256/routers/ivf-64-seed42,main-s00186,100,4,1,1000,1,True,True,0.56343,0.6542500000250584,1.2459354506063391,723.6373810092118,0.6542500000250584,0.6542500000250584,0.6542500000250584,23008964,100515840,15932.333,0.0,0.0,0.0,14.371,114.584,2.629,16,10000,,,,
prefix,64,/Users/vinroger/DATA/STUDY/latihan/about/exa-interview/e2e-inverted-bitplane-project/data/prefix-study-2026-09-13/pools/qwen-quora-d256/routers/ivf-64-seed42,main-s00172,10,21,1,1000,1,True,True,0.9349,6.417624999812688,8.158917299851964,6112.674407011582,6.417624999812688,6.417624999812688,6.417624999812688,23008964,100515840,147984.971,0.0,0.0,0.0,16.619,671.748,0.381,16,100000,,,,
prefix,64,/Users/vinroger/DATA/STUDY/latihan/about/exa-interview/e2e-inverted-bitplane-project/data/prefix-study-2026-09-13/pools/qwen-quora-d256/routers/ivf-64-seed42,main-s00148,1,64,1,1000,1,True,True,0.946,13.462416500260588,22.85153959987838,16914.47221400722,13.462416500260588,13.462416500260588,13.462416500260588,23008964,100515840,405667.71,0.0,0.0,0.0,16.455,2048.0,0.545,16,261465,,,,
prefix,64,/Users/vinroger/DATA/STUDY/latihan/about/exa-interview/e2e-inverted-bitplane-project/data/prefix-study-2026-09-13/pools/qwen-quora-d256/routers/ivf-64-seed42,main-s00131,1,3,1,1000,1,True,True,0.829,0.5622710000352527,1.030858650074151,632.8625960059071,0.5622710000352527,0.5622710000352527,0.5622710000352527,23008964,100515840,15279.09,0.0,0.0,0.0,15.063,89.244,1.937,16,10000,,,,
prefix,64,/Users/vinroger/DATA/STUDY/latihan/about/exa-interview/e2e-inverted-bitplane-project/data/prefix-study-2026-09-13/pools/qwen-quora-d256/routers/ivf-64-seed42,main-s00132,1,3,1,1000,1,True,True,0.923,1.0373959999014915,1.5611044996148848,1074.7374989969103,1.0373959999014915,1.0373959999014915,1.0373959999014915,23008964,100515840,26422.354,0.0,0.0,0.0,17.0,96.0,0.0,16,100000,,,,
prefix,64,/Users/vinroger/DATA/STUDY/latihan/about/exa-interview/e2e-inverted-bitplane-project/data/prefix-study-2026-09-13/pools/qwen-quora-d256/routers/ivf-64-seed42,main-s00134,1,3,1,1000,1,True,True,0.923,1.040624999859574,1.5795288494700799,1081.9735449886139,1.040624999859574,1.040624999859574,1.040624999859574,23008964,100515840,26422.354,0.0,0.0,0.0,17.0,96.0,0.0,16,0,,,,
prefix,64,/Users/vinroger/DATA/STUDY/latihan/about/exa-interview/e2e-inverted-bitplane-project/data/prefix-study-2026-09-13/pools/qwen-quora-d256/routers/ivf-64-seed42,main-s00141,1,9,1,1000,1,True,True,0.707,0.6968124998820713,1.7809506498906558,875.6390130038199,0.6968124998820713,0.6968124998820713,0.6968124998820713,23008964,100515840,21066.75,0.0,0.0,0.0,13.208,237.744,3.792,16,10000,,,,
prefix,64,/Users/vinroger/DATA/STUDY/latihan/about/exa-interview/e2e-inverted-bitplane-project/data/prefix-study-2026-09-13/pools/qwen-quora-d256/routers/ivf-64-seed42,main-s00120,1,1,1,1000,1,True,True,0.485,0.07172949972300557,0.23148815007516518,98.47566798998741,0.07172949972300557,0.07172949972300557,0.07172949972300557,23008964,100515840,2197.318,0.0,0.0,0.0,12.655,25.288,4.345,16,1000,,,,
prefix,64,/Users/vinroger/DATA/STUDY/latihan/about/exa-interview/e2e-inverted-bitplane-project/data/prefix-study-2026-09-13/pools/qwen-quora-d256/routers/ivf-64-seed42,main-s00130,1,3,1,1000,1,True,True,0.415,0.07141699961721315,0.28534615053104045,100.69883498999843,0.07141699961721315,0.07141699961721315,0.07141699961721315,23008964,100515840,2201.631,0.0,0.0,0.0,10.799,64.794,6.201,16,1000,,,,
prefix,64,/Users/vinroger/DATA/STUDY/latihan/about/exa-interview/e2e-inverted-bitplane-project/data/prefix-study-2026-09-13/pools/qwen-quora-d256/routers/ivf-64-seed42,main-s00181,100,1,1,1000,1,True,True,0.5345,0.3993959999206709,0.6773000000976026,426.02767301013955,0.3993959999206709,0.3993959999206709,0.3993959999206709,23008964,100515840,9223.342,0.0,0.0,0.0,17.0,32.0,0.0,16,10000,,,,
prefix,64,/Users/vinroger/DATA/STUDY/latihan/about/exa-interview/e2e-inverted-bitplane-project/data/prefix-study-2026-09-13/pools/qwen-quora-d256/routers/ivf-64-seed42,main-s00182,100,1,1,1000,1,True,True,0.5345,0.3981460004069959,0.6795083499127941,425.91332400570536,0.3981460004069959,0.3981460004069959,0.3981460004069959,23008964,100515840,9223.342,0.0,0.0,0.0,17.0,32.0,0.0,16,100000,,,,
prefix,64,/Users/vinroger/DATA/STUDY/latihan/about/exa-interview/e2e-inverted-bitplane-project/data/prefix-study-2026-09-13/pools/qwen-quora-d256/routers/ivf-64-seed42,main-s00178,10,64,1,1000,1,True,True,0.9107,13.479958499829081,22.864514599677932,17024.598891990536,13.479958499829081,13.479958499829081,13.479958499829081,23008964,100515840,405667.71,0.0,0.0,0.0,16.455,2048.0,0.545,16,261465,,,,
prefix,64,/Users/vinroger/DATA/STUDY/latihan/about/exa-interview/e2e-inverted-bitplane-project/data/prefix-study-2026-09-13/pools/qwen-quora-d256/routers/ivf-64-seed42,main-s00202,100,31,1,1000,1,True,True,0.73846,5.05495850029547,10.258229799956094,5751.947089008354,5.05495850029547,5.05495850029547,5.05495850029547,23008964,100515840,135697.317,0.0,0.0,0.0,15.27,940.292,1.73,16,100000,,,,
prefix,64,/Users/vinroger/DATA/STUDY/latihan/about/exa-interview/e2e-inverted-bitplane-project/data/prefix-study-2026-09-13/pools/qwen-quora-d256/routers/ivf-64-seed42,main-s00204,100,31,1,1000,1,True,True,0.99023,10.466583500146953,11.795002399821897,10513.401957990936,10.466583500146953,10.466583500146953,10.466583500146953,23008964,100515840,255171.207,0.0,0.0,0.0,17.0,992.0,0.0,16,0,,,,
prefix,64,/Users/vinroger/DATA/STUDY/latihan/about/exa-interview/e2e-inverted-bitplane-project/data/prefix-study-2026-09-13/pools/qwen-quora-d256/routers/ivf-64-seed42,main-s00159,10,3,1,1000,1,True,True,0.8581,1.047958500294044,1.582925299726412,1086.7464619950624,1.047958500294044,1.047958500294044,1.047958500294044,23008964,100515840,26422.354,0.0,0.0,0.0,17.0,96.0,0.0,16,0,,,,
prefix,64,/Users/vinroger/DATA/STUDY/latihan/about/exa-interview/e2e-inverted-bitplane-project/data/prefix-study-2026-09-13/pools/qwen-quora-d256/routers/ivf-64-seed42,main-s00203,100,31,1,1000,1,True,True,0.99023,10.540562500409578,11.799539550065674,10562.544504997277,10.540562500409578,10.540562500409578,10.540562500409578,23008964,100515840,255171.207,0.0,0.0,0.0,17.0,992.0,0.0,16,261465,,,,
prefix,64,/Users/vinroger/DATA/STUDY/latihan/about/exa-interview/e2e-inverted-bitplane-project/data/prefix-study-2026-09-13/pools/qwen-quora-d256/routers/ivf-64-seed42,main-s00185,100,4,1,1000,1,True,True,0.17945,0.09718750015963451,0.2866899001674028,128.82695802363742,0.09718750015963451,0.09718750015963451,0.09718750015963451,23008964,100515840,2206.135,0.0,0.0,0.0,10.363,82.904,6.637,16,1000,,,,
prefix,64,/Users/vinroger/DATA/STUDY/latihan/about/exa-interview/e2e-inverted-bitplane-project/data/prefix-study-2026-09-13/pools/qwen-quora-d256/routers/ivf-64-seed42,main-s00180,100,1,1,1000,1,True,True,0.24578,0.09885400004350231,0.27102499989268836,127.0222589819241,0.09885400004350231,0.09885400004350231,0.09885400004350231,23008964,100515840,2197.318,0.0,0.0,0.0,12.655,25.288,4.345,16,1000,,,,
prefix,64,/Users/vinroger/DATA/STUDY/latihan/about/exa-interview/e2e-inverted-bitplane-project/data/prefix-study-2026-09-13/pools/qwen-quora-d256/routers/ivf-64-seed42,main-s00139,1,4,1,1000,1,True,True,0.958,1.3619585001833912,2.039780950599379,1412.9982619779184,1.3619585001833912,1.3619585001833912,1.3619585001833912,23008964,100515840,34810.582,0.0,0.0,0.0,17.0,128.0,0.0,16,0,,,,
prefix,64,/Users/vinroger/DATA/STUDY/latihan/about/exa-interview/e2e-inverted-bitplane-project/data/prefix-study-2026-09-13/pools/qwen-quora-d256/routers/ivf-64-seed42,main-s00133,1,3,1,1000,1,True,True,0.923,1.043000000208849,1.5802006501417054,1086.843909021809,1.043000000208849,1.043000000208849,1.043000000208849,23008964,100515840,26422.354,0.0,0.0,0.0,17.0,96.0,0.0,16,261465,,,,
branch,4096,/Users/vinroger/DATA/STUDY/latihan/about/exa-interview/e2e-inverted-bitplane-project/data/prefix-study-2026-09-13/pools/qwen-quora-d256/routers/ivf-4096-seed42,main-s00416,1,3,1,1000,1,True,True,0.915,0.10939599997072946,0.12521519961410377,110.9599789897402,0.10939599997072946,0.10939599997072946,0.10939599997072946,41821176,143491072,442.229,21.963,42.186,37.559,0.0,0.0,0.0,,,128,512,0,42
branch,4096,/Users/vinroger/DATA/STUDY/latihan/about/exa-interview/e2e-inverted-bitplane-project/data/prefix-study-2026-09-13/pools/qwen-quora-d256/routers/ivf-4096-seed42,main-s00430,1,4096,1,1000,1,True,True,0.998,3.546500000084052,3.810581250263567,3551.095363989589,3.546500000084052,3.546500000084052,3.546500000084052,41821176,143491072,66498.407,512.0,0.0,1292.328,0.0,0.0,0.0,,,2048,512,0,42
branch,4096,/Users/vinroger/DATA/STUDY/latihan/about/exa-interview/e2e-inverted-bitplane-project/data/prefix-study-2026-09-13/pools/qwen-quora-d256/routers/ivf-4096-seed42,main-s00417,1,3,1,1000,1,True,True,0.915,0.10783300058392342,0.12279615020815982,109.08042302435206,0.10783300058392342,0.10783300058392342,0.10783300058392342,41821176,143491072,442.229,21.963,42.186,37.559,0.0,0.0,0.0,,,128,8192,0,42
branch,4096,/Users/vinroger/DATA/STUDY/latihan/about/exa-interview/e2e-inverted-bitplane-project/data/prefix-study-2026-09-13/pools/qwen-quora-d256/routers/ivf-4096-seed42,main-s00414,1,2,1,1000,1,True,True,0.861,0.09920899992721388,0.10962709984596586,100.13076802079013,0.09920899992721388,0.09920899992721388,0.09920899992721388,41821176,143491072,300.875,2.0,0.0,5.698,0.0,0.0,0.0,,,2048,512,0,42
branch,4096,/Users/vinroger/DATA/STUDY/latihan/about/exa-interview/e2e-inverted-bitplane-project/data/prefix-study-2026-09-13/pools/qwen-quora-d256/routers/ivf-4096-seed42,main-s00456,100,3,1,1000,1,True,True,0.55271,0.12281250019441359,0.13821844995618449,123.71004399756202,0.12281250019441359,0.12281250019441359,0.12281250019441359,41821176,143491072,442.421,21.982,42.186,37.625,0.0,0.0,0.0,,,128,512,0,42
branch,4096,/Users/vinroger/DATA/STUDY/latihan/about/exa-interview/e2e-inverted-bitplane-project/data/prefix-study-2026-09-13/pools/qwen-quora-d256/routers/ivf-4096-seed42,main-s00420,1,5,1,1000,1,True,True,0.95,0.12131249968660995,0.14037500022823224,122.4908710046293,0.12131249968660995,0.12131249968660995,0.12131249968660995,41821176,143491072,722.998,33.276,62.036,57.156,0.0,0.0,0.0,,,128,512,0,42
branch,4096,/Users/vinroger/DATA/STUDY/latihan/about/exa-interview/e2e-inverted-bitplane-project/data/prefix-study-2026-09-13/pools/qwen-quora-d256/routers/ivf-4096-seed42,main-s00457,100,3,1,1000,1,True,True,0.55271,0.12316699985603918,0.13917115024923987,124.25492699458118,0.12316699985603918,0.12316699985603918,0.12316699985603918,41821176,143491072,442.421,21.982,42.186,37.625,0.0,0.0,0.0,,,128,8192,0,42
branch,4096,/Users/vinroger/DATA/STUDY/latihan/about/exa-interview/e2e-inverted-bitplane-project/data/prefix-study-2026-09-13/pools/qwen-quora-d256/routers/ivf-4096-seed42,main-s00468,100,160,1,1000,1,True,True,0.85,1.0076250000565778,1.1127604501780297,984.3743550109139,1.0076250000565778,1.0076250000565778,1.0076250000565778,41821176,143491072,17705.885,491.186,866.426,718.776,0.0,0.0,0.0,,,128,512,0,42
branch,4096,/Users/vinroger/DATA/STUDY/latihan/about/exa-interview/e2e-inverted-bitplane-project/data/prefix-study-2026-09-13/pools/qwen-quora-d256/routers/ivf-4096-seed42,main-s00442,10,17,1,1000,1,True,True,0.9004,0.18650000038178405,0.2115145506195404,187.33251300909615,0.18650000038178405,0.18650000038178405,0.18650000038178405,41821176,143491072,2354.693,17.0,0.0,45.18,0.0,0.0,0.0,,,2048,512,0,42
branch,4096,/Users/vinroger/DATA/STUDY/latihan/about/exa-interview/e2e-inverted-bitplane-project/data/prefix-study-2026-09-13/pools/qwen-quora-d256/routers/ivf-4096-seed42,main-s00446,10,54,1,1000,1,True,True,0.9506,0.39102049959183205,0.44533784935083526,392.19563701135485,0.39102049959183205,0.39102049959183205,0.39102049959183205,41821176,143491072,7249.372,54.0,0.0,139.996,0.0,0.0,0.0,,,2048,512,0,42
branch,4096,/Users/vinroger/DATA/STUDY/latihan/about/exa-interview/e2e-inverted-bitplane-project/data/prefix-study-2026-09-13/pools/qwen-quora-d256/routers/ivf-4096-seed42,main-s00474,100,668,1,1000,1,True,True,0.98529,2.9207709999354847,3.163666699629175,2926.4031780157893,2.9207709999354847,2.9207709999354847,2.9207709999354847,41821176,143491072,66498.407,512.0,0.0,1292.328,0.0,0.0,0.0,,,2048,512,0,42
branch,4096,/Users/vinroger/DATA/STUDY/latihan/about/exa-interview/e2e-inverted-bitplane-project/data/prefix-study-2026-09-13/pools/qwen-quora-d256/routers/ivf-4096-seed42,main-s00436,10,5,1,1000,1,True,True,0.8055,0.12210450040583964,0.14229200041881995,123.83133902494592,0.12210450040583964,0.12210450040583964,0.12210450040583964,41821176,143491072,723.5,33.317,62.048,57.287,0.0,0.0,0.0,,,128,512,0,42
branch,4096,/Users/vinroger/DATA/STUDY/latihan/about/exa-interview/e2e-inverted-bitplane-project/data/prefix-study-2026-09-13/pools/qwen-quora-d256/routers/ivf-4096-seed42,main-s00453,10,4096,1,1000,1,True,True,0.9328,17.097979500249494,18.68804759960767,17116.736422996837,17.097979500249494,17.097979500249494,17.097979500249494,41821176,143491072,363231.167,8192.0,12159.33,12409.871,0.0,0.0,0.0,,,128,8192,0,42
branch,4096,/Users/vinroger/DATA/STUDY/latihan/about/exa-interview/e2e-inverted-bitplane-project/data/prefix-study-2026-09-13/pools/qwen-quora-d256/routers/ivf-4096-seed42,main-s00444,10,54,1,1000,1,True,True,0.9506,0.44145850006316323,0.5251743495591654,443.9789239995662,0.44145850006316323,0.44145850006316323,0.44145850006316323,41821176,143491072,7243.43,240.048,384.924,428.826,0.0,0.0,0.0,,,128,512,0,42
branch,4096,/Users/vinroger/DATA/STUDY/latihan/about/exa-interview/e2e-inverted-bitplane-project/data/prefix-study-2026-09-13/pools/qwen-quora-d256/routers/ivf-4096-seed42,main-s00471,100,160,1,1000,1,True,True,0.95015,1.000520999696164,1.1233770501348772,1004.6326879892149,1.000520999696164,1.000520999696164,1.000520999696164,41821176,143491072,21100.935,160.0,0.0,409.025,0.0,0.0,0.0,,,2048,8192,0,42
branch,4096,/Users/vinroger/DATA/STUDY/latihan/about/exa-interview/e2e-inverted-bitplane-project/data/prefix-study-2026-09-13/pools/qwen-quora-d256/routers/ivf-4096-seed42,main-s00476,100,4096,1,1000,1,True,True,0.31119,1.8621875001372246,1.9923545000438025,1862.0175300038682,1.8621875001372246,1.8621875001372246,1.8621875001372246,41821176,143491072,25385.653,512.0,780.655,511.673,0.0,0.0,0.0,,,128,512,0,42
branch,4096,/Users/vinroger/DATA/STUDY/latihan/about/exa-interview/e2e-inverted-bitplane-project/data/prefix-study-2026-09-13/pools/qwen-quora-d256/routers/ivf-4096-seed42,main-s00465,100,65,1,1000,1,True,True,0.90083,0.5322290003277885,0.6299919999491975,535.1038330163647,0.5322290003277885,0.5322290003277885,0.5322290003277885,41821176,143491072,8688.526,282.656,447.194,508.066,0.0,0.0,0.0,,,128,8192,0,42
branch,4096,/Users/vinroger/DATA/STUDY/latihan/about/exa-interview/e2e-inverted-bitplane-project/data/prefix-study-2026-09-13/pools/qwen-quora-d256/routers/ivf-4096-seed42,main-s00427,1,43,1,1000,1,True,True,0.99,0.3402914999242057,0.3924694000488671,341.8092589745356,0.3402914999242057,0.3402914999242057,0.3402914999242057,41821176,143491072,5802.553,43.0,0.0,111.925,0.0,0.0,0.0,,,2048,8192,0,42
branch,4096,/Users/vinroger/DATA/STUDY/latihan/about/exa-interview/e2e-inverted-bitplane-project/data/prefix-study-2026-09-13/pools/qwen-quora-d256/routers/ivf-4096-seed42,main-s00437,10,5,1,1000,1,True,True,0.8055,0.12350050019449554,0.14446009936364135,124.98788698940189,0.12350050019449554,0.12350050019449554,0.12350050019449554,41821176,143491072,723.5,33.317,62.048,57.287,0.0,0.0,0.0,,,128,8192,0,42
branch,4096,/Users/vinroger/DATA/STUDY/latihan/about/exa-interview/e2e-inverted-bitplane-project/data/prefix-study-2026-09-13/pools/qwen-quora-d256/routers/ivf-4096-seed42,main-s00435,10,1,1,1000,1,True,True,0.5557,0.09345899979962269,0.10116905014001532,94.33201098909194,0.09345899979962269,0.09345899979962269,0.09345899979962269,41821176,143491072,155.864,1.0,0.0,2.935,0.0,0.0,0.0,,,2048,8192,0,42
branch,4096,/Users/vinroger/DATA/STUDY/latihan/about/exa-interview/e2e-inverted-bitplane-project/data/prefix-study-2026-09-13/pools/qwen-quora-d256/routers/ivf-4096-seed42,main-s00422,1,5,1,1000,1,True,True,0.95,0.11735399993995088,0.13158510041648697,118.14055400736834,0.11735399993995088,0.11735399993995088,0.11735399993995088,41821176,143491072,723.5,5.0,0.0,13.78,0.0,0.0,0.0,,,2048,512,0,42
branch,4096,/Users/vinroger/DATA/STUDY/latihan/about/exa-interview/e2e-inverted-bitplane-project/data/prefix-study-2026-09-13/pools/qwen-quora-d256/routers/ivf-4096-seed42,main-s00408,1,1,1,1000,1,True,True,0.728,0.09310449968324974,0.10300210028617585,94.3205789753847,0.09310449968324974,0.09310449968324974,0.09310449968324974,41821176,143491072,155.826,9.158,19.184,16.04,0.0,0.0,0.0,,,128,512,0,42
branch,4096,/Users/vinroger/DATA/STUDY/latihan/about/exa-interview/e2e-inverted-bitplane-project/data/prefix-study-2026-09-13/pools/qwen-quora-d256/routers/ivf-4096-seed42,main-s00463,100,19,1,1000,1,True,True,0.8025,0.21608349970847485,0.24650205064062902,217.4134140041133,0.21608349970847485,0.21608349970847485,0.21608349970847485,41821176,143491072,2624.06,19.0,0.0,50.388,0.0,0.0,0.0,,,2048,8192,0,42
branch,4096,/Users/vinroger/DATA/STUDY/latihan/about/exa-interview/e2e-inverted-bitplane-project/data/prefix-study-2026-09-13/pools/qwen-quora-d256/routers/ivf-4096-seed42,main-s00438,10,5,1,1000,1,True,True,0.8055,0.11852099987663678,0.131379149888744,119.09841399119614,0.11852099987663678,0.11852099987663678,0.11852099987663678,41821176,143491072,723.5,5.0,0.0,13.78,0.0,0.0,0.0,,,2048,512,0,42
branch,4096,/Users/vinroger/DATA/STUDY/latihan/about/exa-interview/e2e-inverted-bitplane-project/data/prefix-study-2026-09-13/pools/qwen-quora-d256/routers/ivf-4096-seed42,main-s00426,1,43,1,1000,1,True,True,0.99,0.3368749999026477,0.38825000046927016,338.4469309839915,0.3368749999026477,0.3368749999026477,0.3368749999026477,41821176,143491072,5802.553,43.0,0.0,111.925,0.0,0.0,0.0,,,2048,512,0,42
branch,4096,/Users/vinroger/DATA/STUDY/latihan/about/exa-interview/e2e-inverted-bitplane-project/data/prefix-study-2026-09-13/pools/qwen-quora-d256/routers/ivf-4096-seed42,main-s00472,100,668,1,1000,1,True,True,0.31119,1.3662709998243372,1.494641999806845,1362.8025980024177,1.3662709998243372,1.3662709998243372,1.3662709998243372,41821176,143491072,25385.653,512.0,780.655,511.673,0.0,0.0,0.0,,,128,512,0,42
branch,4096,/Users/vinroger/DATA/STUDY/latihan/about/exa-interview/e2e-inverted-bitplane-project/data/prefix-study-2026-09-13/pools/qwen-quora-d256/routers/ivf-4096-seed42,main-s00454,10,4096,1,1000,1,True,True,0.9946,3.3908539999174536,3.6451898994073417,3395.9437270295894,3.3908539999174536,3.3908539999174536,3.3908539999174536,41821176,143491072,66498.407,512.0,0.0,1292.328,0.0,0.0,0.0,,,2048,512,0,42
branch,4096,/Users/vinroger/DATA/STUDY/latihan/about/exa-interview/e2e-inverted-bitplane-project/data/prefix-study-2026-09-13/pools/qwen-quora-d256/routers/ivf-4096-seed42,main-s00461,100,19,1,1000,1,True,True,0.8025,0.2377294999860169,0.2869934502996329,240.1422879911479,0.2377294999860169,0.2377294999860169,0.2377294999860169,41821176,143491072,2624.06,98.669,168.693,172.973,0.0,0.0,0.0,,,128,8192,0,42
branch,4096,/Users/vinroger/DATA/STUDY/latihan/about/exa-interview/e2e-inverted-bitplane-project/data/prefix-study-2026-09-13/pools/qwen-quora-d256/routers/ivf-4096-seed42,main-s00415,1,2,1,1000,1,True,True,0.861,0.09922900017045322,0.1092646005872666,100.1830780041928,0.09922900017045322,0.09922900017045322,0.09922900017045322,41821176,143491072,300.875,2.0,0.0,5.698,0.0,0.0,0.0,,,2048,8192,0,42
branch,4096,/Users/vinroger/DATA/STUDY/latihan/about/exa-interview/e2e-inverted-bitplane-project/data/prefix-study-2026-09-13/pools/qwen-quora-d256/routers/ivf-4096-seed42,main-s00460,100,19,1,1000,1,True,True,0.8025,0.23981249978533015,0.29074999933982326,241.66461900222203,0.23981249978533015,0.23981249978533015,0.23981249978533015,41821176,143491072,2624.06,98.669,168.693,172.973,0.0,0.0,0.0,,,128,512,0,42
branch,4096,/Users/vinroger/DATA/STUDY/latihan/about/exa-interview/e2e-inverted-bitplane-project/data/prefix-study-2026-09-13/pools/qwen-quora-d256/routers/ivf-4096-seed42,main-s00419,1,3,1,1000,1,True,True,0.915,0.10566699984337902,0.11637500028882641,106.52744299932237,0.10566699984337902,0.10566699984337902,0.10566699984337902,41821176,143491072,442.421,3.0,0.0,8.402,0.0,0.0,0.0,,,2048,8192,0,42
branch,4096,/Users/vinroger/DATA/STUDY/latihan/about/exa-interview/e2e-inverted-bitplane-project/data/prefix-study-2026-09-13/pools/qwen-quora-d256/routers/ivf-4096-seed42,main-s00439,10,5,1,1000,1,True,True,0.8055,0.12029100025756634,0.13696104997507064,121.67174300338957,0.12029100025756634,0.12029100025756634,0.12029100025756634,41821176,143491072,723.5,5.0,0.0,13.78,0.0,0.0,0.0,,,2048,8192,0,42
branch,4096,/Users/vinroger/DATA/STUDY/latihan/about/exa-interview/e2e-inverted-bitplane-project/data/prefix-study-2026-09-13/pools/qwen-quora-d256/routers/ivf-4096-seed42,main-s00432,10,1,1,1000,1,True,True,0.5557,0.09522950040263822,0.10601249950923373,96.35048498512333,0.09522950040263822,0.09522950040263822,0.09522950040263822,41821176,143491072,155.864,9.164,19.184,16.058,0.0,0.0,0.0,,,128,512,0,42
branch,4096,/Users/vinroger/DATA/STUDY/latihan/about/exa-interview/e2e-inverted-bitplane-project/data/prefix-study-2026-09-13/pools/qwen-quora-d256/routers/ivf-4096-seed42,main-s00467,100,65,1,1000,1,True,True,0.90083,0.4736670002785104,0.5335565492259775,474.5024459962224,0.4736670002785104,0.4736670002785104,0.4736670002785104,41821176,143491072,8688.526,65.0,0.0,167.972,0.0,0.0,0.0,,,2048,8192,0,42
branch,4096,/Users/vinroger/DATA/STUDY/latihan/about/exa-interview/e2e-inverted-bitplane-project/data/prefix-study-2026-09-13/pools/qwen-quora-d256/routers/ivf-4096-seed42,main-s00464,100,65,1,1000,1,True,True,0.90069,0.5297084994708712,0.6276752992562251,533.3404949979013,0.5297084994708712,0.5297084994708712,0.5297084994708712,41821176,143491072,8660.291,280.786,447.066,501.333,0.0,0.0,0.0,,,128,512,0,42
branch,4096,/Users/vinroger/DATA/STUDY/latihan/about/exa-interview/e2e-inverted-bitplane-project/data/prefix-study-2026-09-13/pools/qwen-quora-d256/routers/ivf-4096-seed42,main-s00431,1,4096,1,1000,1,True,True,1.0,22.64029199977813,22.804232999806118,22627.891012002692,22.64029199977813,22.64029199977813,22.64029199977813,41821176,143491072,522931.0,4096.0,0.0,10207.0,0.0,0.0,0.0,,,2048,8192,0,42
branch,4096,/Users/vinroger/DATA/STUDY/latihan/about/exa-interview/e2e-inverted-bitplane-project/data/prefix-study-2026-09-13/pools/qwen-quora-d256/routers/ivf-4096-seed42,main-s00450,10,303,1,1000,1,True,True,0.99,1.7452914999012137,1.9342047999543865,1751.6852510289027,1.7452914999012137,1.7452914999012137,1.7452914999012137,41821176,143491072,39600.397,303.0,0.0,769.029,0.0,0.0,0.0,,,2048,512,0,42
branch,4096,/Users/vinroger/DATA/STUDY/latihan/about/exa-interview/e2e-inverted-bitplane-project/data/prefix-study-2026-09-13/pools/qwen-quora-d256/routers/ivf-4096-seed42,main-s00459,100,3,1,1000,1,True,True,0.55271,0.1204585005325498,0.134211049953592,121.2757820248953,0.1204585005325498,0.1204585005325498,0.1204585005325498,41821176,143491072,442.421,3.0,0.0,8.402,0.0,0.0,0.0,,,2048,8192,0,42
branch,4096,/Users/vinroger/DATA/STUDY/latihan/about/exa-interview/e2e-inverted-bitplane-project/data/prefix-study-2026-09-13/pools/qwen-quora-d256/routers/ivf-4096-seed42,main-s00451,10,303,1,1000,1,True,True,0.99,1.743271000123059,1.9370125000023108,1751.0882789956668,1.743271000123059,1.743271000123059,1.743271000123059,41821176,143491072,39600.397,303.0,0.0,769.029,0.0,0.0,0.0,,,2048,8192,0,42
branch,4096,/Users/vinroger/DATA/STUDY/latihan/about/exa-interview/e2e-inverted-bitplane-project/data/prefix-study-2026-09-13/pools/qwen-quora-d256/routers/ivf-4096-seed42,main-s00473,100,668,1,1000,1,True,True,0.99003,4.252478999660525,4.7309520499311475,4271.237946009933,4.252478999660525,4.252478999660525,4.252478999660525,41821176,143491072,86503.784,2280.459,3156.565,4331.681,0.0,0.0,0.0,,,128,8192,0,42
branch,4096,/Users/vinroger/DATA/STUDY/latihan/about/exa-interview/e2e-inverted-bitplane-project/data/prefix-study-2026-09-13/pools/qwen-quora-d256/routers/ivf-4096-seed42,main-s00477,100,4096,1,1000,1,True,True,0.92968,16.8145205007022,18.151185449369223,16796.845834991473,16.8145205007022,16.8145205007022,16.8145205007022,41821176,143491072,363231.167,8192.0,12159.33,12409.871,0.0,0.0,0.0,,,128,8192,0,42
branch,4096,/Users/vinroger/DATA/STUDY/latihan/about/exa-interview/e2e-inverted-bitplane-project/data/prefix-study-2026-09-13/pools/qwen-quora-d256/routers/ivf-4096-seed42,main-s00441,10,17,1,1000,1,True,True,0.9004,0.201791500330728,0.24345805009033938,204.4375939976817,0.201791500330728,0.201791500330728,0.201791500330728,41821176,143491072,2354.693,89.802,154.534,156.939,0.0,0.0,0.0,,,128,8192,0,42
branch,4096,/Users/vinroger/DATA/STUDY/latihan/about/exa-interview/e2e-inverted-bitplane-project/data/prefix-study-2026-09-13/pools/qwen-quora-d256/routers/ivf-4096-seed42,main-s00412,1,2,1,1000,1,True,True,0.861,0.1018960001601954,0.11421009999139642,103.00804800954211,0.1018960001601954,0.1018960001601954,0.1018960001601954,41821176,143491072,300.709,16.051,31.876,27.553,0.0,0.0,0.0,,,128,512,0,42
branch,4096,/Users/vinroger/DATA/STUDY/latihan/about/exa-interview/e2e-inverted-bitplane-project/data/prefix-study-2026-09-13/pools/qwen-quora-d256/routers/ivf-4096-seed42,main-s00411,1,1,1,1000,1,True,True,0.728,0.09350000027552596,0.10146314980374882,94.44059601992194,0.09350000027552596,0.09350000027552596,0.09350000027552596,41821176,143491072,155.864,1.0,0.0,2.935,0.0,0.0,0.0,,,2048,8192,0,42
branch,4096,/Users/vinroger/DATA/STUDY/latihan/about/exa-interview/e2e-inverted-bitplane-project/data/prefix-study-2026-09-13/pools/qwen-quora-d256/routers/ivf-4096-seed42,main-s00452,10,4096,1,1000,1,True,True,0.3315,1.8392500001027656,1.9668997005283018,1838.0617450065984,1.8392500001027656,1.8392500001027656,1.8392500001027656,41821176,143491072,25385.653,512.0,780.655,511.673,0.0,0.0,0.0,,,128,512,0,42
branch,4096,/Users/vinroger/DATA/STUDY/latihan/about/exa-interview/e2e-inverted-bitplane-project/data/prefix-study-2026-09-13/pools/qwen-quora-d256/routers/ivf-4096-seed42,main-s00428,1,4096,1,1000,1,True,True,0.335,1.9076669996138662,2.0381395496769983,1902.5639179853897,1.9076669996138662,1.9076669996138662,1.9076669996138662,41821176,143491072,25385.653,512.0,780.655,511.673,0.0,0.0,0.0,,,128,512,0,42
branch,4096,/Users/vinroger/DATA/STUDY/latihan/about/exa-interview/e2e-inverted-bitplane-project/data/prefix-study-2026-09-13/pools/qwen-quora-d256/routers/ivf-4096-seed42,main-s00470,100,160,1,1000,1,True,True,0.95015,1.0001879995797935,1.1224232502172526,1003.5285420080982,1.0001879995797935,1.0001879995797935,1.0001879995797935,41821176,143491072,21100.935,160.0,0.0,409.025,0.0,0.0,0.0,,,2048,512,0,42
branch,4096,/Users/vinroger/DATA/STUDY/latihan/about/exa-interview/e2e-inverted-bitplane-project/data/prefix-study-2026-09-13/pools/qwen-quora-d256/routers/ivf-4096-seed42,main-s00425,1,43,1,1000,1,True,True,0.99,0.3742704998330737,0.44853959998363274,377.18264500654186,0.3742704998330737,0.3742704998330737,0.3742704998330737,41821176,143491072,5795.772,197.447,320.904,350.92,0.0,0.0,0.0,,,128,8192,0,42
branch,4096,/Users/vinroger/DATA/STUDY/latihan/about/exa-interview/e2e-inverted-bitplane-project/data/prefix-study-2026-09-13/pools/qwen-quora-d256/routers/ivf-4096-seed42,main-s00421,1,5,1,1000,1,True,True,0.95,0.12162499979240238,0.1412122000601812,122.99102698943898,0.12162499979240238,0.12162499979240238,0.12162499979240238,41821176,143491072,722.998,33.276,62.036,57.156,0.0,0.0,0.0,,,128,8192,0,42
branch,4096,/Users/vinroger/DATA/STUDY/latihan/about/exa-interview/e2e-inverted-bitplane-project/data/prefix-study-2026-09-13/pools/qwen-quora-d256/routers/ivf-4096-seed42,main-s00423,1,5,1,1000,1,True,True,0.95,0.11777049985539634,0.13012705039727734,118.22997200852114,0.11777049985539634,0.11777049985539634,0.11777049985539634,41821176,143491072,723.5,5.0,0.0,13.78,0.0,0.0,0.0,,,2048,8192,0,42
branch,4096,/Users/vinroger/DATA/STUDY/latihan/about/exa-interview/e2e-inverted-bitplane-project/data/prefix-study-2026-09-13/pools/qwen-quora-d256/routers/ivf-4096-seed42,main-s00424,1,43,1,1000,1,True,True,0.99,0.3754999997909181,0.44963125028516515,377.8500049984359,0.3754999997909181,0.3754999997909181,0.3754999997909181,41821176,143491072,5794.676,197.338,320.904,350.526,0.0,0.0,0.0,,,128,512,0,42
branch,4096,/Users/vinroger/DATA/STUDY/latihan/about/exa-interview/e2e-inverted-bitplane-project/data/prefix-study-2026-09-13/pools/qwen-quora-d256/routers/ivf-4096-seed42,main-s00455,10,4096,1,1000,1,True,True,1.0,21.328687500044907,21.47336184989399,21336.640834991158,21.328687500044907,21.328687500044907,21.328687500044907,41821176,143491072,522931.0,4096.0,0.0,10207.0,0.0,0.0,0.0,,,2048,8192,0,42
branch,4096,/Users/vinroger/DATA/STUDY/latihan/about/exa-interview/e2e-inverted-bitplane-project/data/prefix-study-2026-09-13/pools/qwen-quora-d256/routers/ivf-4096-seed42,main-s00443,10,17,1,1000,1,True,True,0.9004,0.18808349977916805,0.2132002998678217,188.82626999675267,0.18808349977916805,0.18808349977916805,0.18808349977916805,41821176,143491072,2354.693,17.0,0.0,45.18,0.0,0.0,0.0,,,2048,8192,0,42
branch,4096,/Users/vinroger/DATA/STUDY/latihan/about/exa-interview/e2e-inverted-bitplane-project/data/prefix-study-2026-09-13/pools/qwen-quora-d256/routers/ivf-4096-seed42,main-s00478,100,4096,1,1000,1,True,True,0.98529,3.41852099973039,3.67546490051609,3425.5403000152,3.41852099973039,3.41852099973039,3.41852099973039,41821176,143491072,66498.407,512.0,0.0,1292.328,0.0,0.0,0.0,,,2048,512,0,42
branch,4096,/Users/vinroger/DATA/STUDY/latihan/about/exa-interview/e2e-inverted-bitplane-project/data/prefix-study-2026-09-13/pools/qwen-quora-d256/routers/ivf-4096-seed42,main-s00433,10,1,1,1000,1,True,True,0.5557,0.0951044999055739,0.10487705003470182,96.21041499394778,0.0951044999055739,0.0951044999055739,0.0951044999055739,41821176,143491072,155.864,9.164,19.184,16.058,0.0,0.0,0.0,,,128,8192,0,42
branch,4096,/Users/vinroger/DATA/STUDY/latihan/about/exa-interview/e2e-inverted-bitplane-project/data/prefix-study-2026-09-13/pools/qwen-quora-d256/routers/ivf-4096-seed42,main-s00448,10,303,1,1000,1,True,True,0.4932,1.1074165004174574,1.322691650238994,1100.7934549943457,1.1074165004174574,1.1074165004174574,1.1074165004174574,41821176,143491072,20896.404,512.0,956.263,518.032,0.0,0.0,0.0,,,128,512,0,42
branch,4096,/Users/vinroger/DATA/STUDY/latihan/about/exa-interview/e2e-inverted-bitplane-project/data/prefix-study-2026-09-13/pools/qwen-quora-d256/routers/ivf-4096-seed42,main-s00434,10,1,1,1000,1,True,True,0.5557,0.09395899996889057,0.10199999996984843,94.82795797885046,0.09395899996889057,0.09395899996889057,0.09395899996889057,41821176,143491072,155.864,1.0,0.0,2.935,0.0,0.0,0.0,,,2048,512,0,42
branch,4096,/Users/vinroger/DATA/STUDY/latihan/about/exa-interview/e2e-inverted-bitplane-project/data/prefix-study-2026-09-13/pools/qwen-quora-d256/routers/ivf-4096-seed42,main-s00469,100,160,1,1000,1,True,True,0.95015,1.1396664995118044,1.3356877997011907,1150.6285760251558,1.1396664995118044,1.1396664995118044,1.1396664995118044,41821176,143491072,21100.935,628.087,941.475,1153.058,0.0,0.0,0.0,,,128,8192,0,42
branch,4096,/Users/vinroger/DATA/STUDY/latihan/about/exa-interview/e2e-inverted-bitplane-project/data/prefix-study-2026-09-13/pools/qwen-quora-d256/routers/ivf-4096-seed42,main-s00410,1,1,1,1000,1,True,True,0.728,0.09179200060316361,0.09850210058175435,92.52773199750663,0.09179200060316361,0.09179200060316361,0.09179200060316361,41821176,143491072,155.864,1.0,0.0,2.935,0.0,0.0,0.0,,,2048,512,0,42
branch,4096,/Users/vinroger/DATA/STUDY/latihan/about/exa-interview/e2e-inverted-bitplane-project/data/prefix-study-2026-09-13/pools/qwen-quora-d256/routers/ivf-4096-seed42,main-s00462,100,19,1,1000,1,True,True,0.8025,0.2160210001420637,0.2467520998834516,217.23076000853325,0.2160210001420637,0.2160210001420637,0.2160210001420637,41821176,143491072,2624.06,19.0,0.0,50.388,0.0,0.0,0.0,,,2048,512,0,42
branch,4096,/Users/vinroger/DATA/STUDY/latihan/about/exa-interview/e2e-inverted-bitplane-project/data/prefix-study-2026-09-13/pools/qwen-quora-d256/routers/ivf-4096-seed42,main-s00440,10,17,1,1000,1,True,True,0.9004,0.19924999969589408,0.24062915049398725,201.3054350109087,0.19924999969589408,0.19924999969589408,0.19924999969589408,41821176,143491072,2354.693,89.802,154.534,156.939,0.0,0.0,0.0,,,128,512,0,42
branch,4096,/Users/vinroger/DATA/STUDY/latihan/about/exa-interview/e2e-inverted-bitplane-project/data/prefix-study-2026-09-13/pools/qwen-quora-d256/routers/ivf-4096-seed42,main-s00418,1,3,1,1000,1,True,True,0.915,0.10512500011827797,0.11571220047699171,105.91051698702358,0.10512500011827797,0.10512500011827797,0.10512500011827797,41821176,143491072,442.421,3.0,0.0,8.402,0.0,0.0,0.0,,,2048,512,0,42
branch,4096,/Users/vinroger/DATA/STUDY/latihan/about/exa-interview/e2e-inverted-bitplane-project/data/prefix-study-2026-09-13/pools/qwen-quora-d256/routers/ivf-4096-seed42,main-s00429,1,4096,1,1000,1,True,True,0.93,17.542229499667883,18.94445624934633,17553.02252200454,17.542229499667883,17.542229499667883,17.542229499667883,41821176,143491072,363136.949,8188.972,12156.355,12402.147,0.0,0.0,0.0,,,128,8192,0,42
branch,4096,/Users/vinroger/DATA/STUDY/latihan/about/exa-interview/e2e-inverted-bitplane-project/data/prefix-study-2026-09-13/pools/qwen-quora-d256/routers/ivf-4096-seed42,main-s00458,100,3,1,1000,1,True,True,0.55271,0.12137500016251579,0.13367324936552905,121.94506900959823,0.12137500016251579,0.12137500016251579,0.12137500016251579,41821176,143491072,442.421,3.0,0.0,8.402,0.0,0.0,0.0,,,2048,512,0,42
branch,4096,/Users/vinroger/DATA/STUDY/latihan/about/exa-interview/e2e-inverted-bitplane-project/data/prefix-study-2026-09-13/pools/qwen-quora-d256/routers/ivf-4096-seed42,main-s00466,100,65,1,1000,1,True,True,0.90083,0.4716665002888476,0.5357957994874596,472.92599701631843,0.4716665002888476,0.4716665002888476,0.4716665002888476,41821176,143491072,8688.526,65.0,0.0,167.972,0.0,0.0,0.0,,,2048,512,0,42
branch,4096,/Users/vinroger/DATA/STUDY/latihan/about/exa-interview/e2e-inverted-bitplane-project/data/prefix-study-2026-09-13/pools/qwen-quora-d256/routers/ivf-4096-seed42,main-s00413,1,2,1,1000,1,True,True,0.861,0.10079200001200661,0.11388125030862284,101.91757299617166,0.10079200001200661,0.10079200001200661,0.10079200001200661,41821176,143491072,300.709,16.051,31.876,27.553,0.0,0.0,0.0,,,128,8192,0,42
branch,4096,/Users/vinroger/DATA/STUDY/latihan/about/exa-interview/e2e-inverted-bitplane-project/data/prefix-study-2026-09-13/pools/qwen-quora-d256/routers/ivf-4096-seed42,main-s00475,100,668,1,1000,1,True,True,0.99003,3.7079789999552304,3.9746818494677427,3713.792345996808,3.7079789999552304,3.7079789999552304,3.7079789999552304,41821176,143491072,86503.784,668.0,0.0,1682.026,0.0,0.0,0.0,,,2048,8192,0,42
branch,4096,/Users/vinroger/DATA/STUDY/latihan/about/exa-interview/e2e-inverted-bitplane-project/data/prefix-study-2026-09-13/pools/qwen-quora-d256/routers/ivf-4096-seed42,main-s00409,1,1,1,1000,1,True,True,0.728,0.09293749963035225,0.10191909950663103,93.88607899563794,0.09293749963035225,0.09293749963035225,0.09293749963035225,41821176,143491072,155.826,9.158,19.184,16.04,0.0,0.0,0.0,,,128,8192,0,42
branch,4096,/Users/vinroger/DATA/STUDY/latihan/about/exa-interview/e2e-inverted-bitplane-project/data/prefix-study-2026-09-13/pools/qwen-quora-d256/routers/ivf-4096-seed42,main-s00449,10,303,1,1000,1,True,True,0.99,2.0602704998964327,2.351781850302359,2078.293617001691,2.0602704998964327,2.0602704998964327,2.0602704998964327,41821176,143491072,39600.397,1112.174,1607.159,2074.723,0.0,0.0,0.0,,,128,8192,0,42
branch,4096,/Users/vinroger/DATA/STUDY/latihan/about/exa-interview/e2e-inverted-bitplane-project/data/prefix-study-2026-09-13/pools/qwen-quora-d256/routers/ivf-4096-seed42,main-s00445,10,54,1,1000,1,True,True,0.9506,0.4381670005386695,0.5252604504221381,441.62823699571163,0.4381670005386695,0.4381670005386695,0.4381670005386695,41821176,143491072,7249.372,240.557,384.93,430.637,0.0,0.0,0.0,,,128,8192,0,42
branch,4096,/Users/vinroger/DATA/STUDY/latihan/about/exa-interview/e2e-inverted-bitplane-project/data/prefix-study-2026-09-13/pools/qwen-quora-d256/routers/ivf-4096-seed42,main-s00479,100,4096,1,1000,1,True,True,1.0,21.36733350016584,21.51086430030773,21371.43150299562,21.36733350016584,21.36733350016584,21.36733350016584,41821176,143491072,522931.0,4096.0,0.0,10207.0,0.0,0.0,0.0,,,2048,8192,0,42
branch,4096,/Users/vinroger/DATA/STUDY/latihan/about/exa-interview/e2e-inverted-bitplane-project/data/prefix-study-2026-09-13/pools/qwen-quora-d256/routers/ivf-4096-seed42,main-s00447,10,54,1,1000,1,True,True,0.9506,0.3929794997930003,0.4472152503694815,393.6447799915186,0.3929794997930003,0.3929794997930003,0.3929794997930003,41821176,143491072,7249.372,54.0,0.0,139.996,0.0,0.0,0.0,,,2048,8192,0,42
scan,4096,/Users/vinroger/DATA/STUDY/latihan/about/exa-interview/e2e-inverted-bitplane-project/data/prefix-study-2026-09-13/pools/qwen-quora-d256/routers/ivf-4096-seed42,main-s00394,1,43,1,1000,1,True,True,0.99,0.3148539999529021,0.36070799983463075,315.98118300098577,0.3148539999529021,0.3148539999529021,0.3148539999529021,20917240,122126336,5802.553,0.0,0.0,0.0,0.0,0.0,0.0,,,,,,
scan,4096,/Users/vinroger/DATA/STUDY/latihan/about/exa-interview/e2e-inverted-bitplane-project/data/prefix-study-2026-09-13/pools/qwen-quora-d256/routers/ivf-4096-seed42,main-s00390,1,1,1,1000,1,True,True,0.728,0.0825830002213479,0.08962914944277145,83.31792300668894,0.0825830002213479,0.0825830002213479,0.0825830002213479,20917240,122126336,155.864,0.0,0.0,0.0,0.0,0.0,0.0,,,,,,
scan,4096,/Users/vinroger/DATA/STUDY/latihan/about/exa-interview/e2e-inverted-bitplane-project/data/prefix-study-2026-09-13/pools/qwen-quora-d256/routers/ivf-4096-seed42,main-s00406,100,668,1,1000,1,True,True,0.99003,3.5858125002050656,3.8504535501942883,3591.59668698976,3.5858125002050656,3.5858125002050656,3.5858125002050656,20917240,122126336,86503.784,0.0,0.0,0.0,0.0,0.0,0.0,,,,,,
scan,4096,/Users/vinroger/DATA/STUDY/latihan/about/exa-interview/e2e-inverted-bitplane-project/data/prefix-study-2026-09-13/pools/qwen-quora-d256/routers/ivf-4096-seed42,main-s00405,100,160,1,1000,1,True,True,0.95015,0.9707499998512503,1.0900440502155107,973.4299260089756,0.9707499998512503,0.9707499998512503,0.9707499998512503,20917240,122126336,21100.935,0.0,0.0,0.0,0.0,0.0,0.0,,,,,,
scan,4096,/Users/vinroger/DATA/STUDY/latihan/about/exa-interview/e2e-inverted-bitplane-project/data/prefix-study-2026-09-13/pools/qwen-quora-d256/routers/ivf-4096-seed42,main-s00403,100,19,1,1000,1,True,True,0.8025,0.20531250038402504,0.23529405007138848,206.99480701387074,0.20531250038402504,0.20531250038402504,0.20531250038402504,20917240,122126336,2624.06,0.0,0.0,0.0,0.0,0.0,0.0,,,,,,
scan,4096,/Users/vinroger/DATA/STUDY/latihan/about/exa-interview/e2e-inverted-bitplane-project/data/prefix-study-2026-09-13/pools/qwen-quora-d256/routers/ivf-4096-seed42,main-s00398,10,17,1,1000,1,True,True,0.9004,0.17579150016899803,0.20033924920426216,176.771615011603,0.17579150016899803,0.17579150016899803,0.17579150016899803,20917240,122126336,2354.693,0.0,0.0,0.0,0.0,0.0,0.0,,,,,,
scan,4096,/Users/vinroger/DATA/STUDY/latihan/about/exa-interview/e2e-inverted-bitplane-project/data/prefix-study-2026-09-13/pools/qwen-quora-d256/routers/ivf-4096-seed42,main-s00407,100,4096,1,1000,1,True,True,1.0,20.62127099998179,20.762023199631585,20619.718862010814,20.62127099998179,20.62127099998179,20.62127099998179,20917240,122126336,522931.0,0.0,0.0,0.0,0.0,0.0,0.0,,,,,,
scan,4096,/Users/vinroger/DATA/STUDY/latihan/about/exa-interview/e2e-inverted-bitplane-project/data/prefix-study-2026-09-13/pools/qwen-quora-d256/routers/ivf-4096-seed42,main-s00404,100,65,1,1000,1,True,True,0.90083,0.4581459998007631,0.5230041497270577,459.6178350147966,0.4581459998007631,0.4581459998007631,0.4581459998007631,20917240,122126336,8688.526,0.0,0.0,0.0,0.0,0.0,0.0,,,,,,
scan,4096,/Users/vinroger/DATA/STUDY/latihan/about/exa-interview/e2e-inverted-bitplane-project/data/prefix-study-2026-09-13/pools/qwen-quora-d256/routers/ivf-4096-seed42,main-s00391,1,2,1,1000,1,True,True,0.861,0.08945849958763574,0.09821010007726727,90.21930999278993,0.08945849958763574,0.08945849958763574,0.08945849958763574,20917240,122126336,300.875,0.0,0.0,0.0,0.0,0.0,0.0,,,,,,
scan,4096,/Users/vinroger/DATA/STUDY/latihan/about/exa-interview/e2e-inverted-bitplane-project/data/prefix-study-2026-09-13/pools/qwen-quora-d256/routers/ivf-4096-seed42,main-s00400,10,303,1,1000,1,True,True,0.99,1.6862080001374125,1.876416999994035,1693.9327760219385,1.6862080001374125,1.6862080001374125,1.6862080001374125,20917240,122126336,39600.397,0.0,0.0,0.0,0.0,0.0,0.0,,,,,,
scan,4096,/Users/vinroger/DATA/STUDY/latihan/about/exa-interview/e2e-inverted-bitplane-project/data/prefix-study-2026-09-13/pools/qwen-quora-d256/routers/ivf-4096-seed42,main-s00396,10,1,1,1000,1,True,True,0.5557,0.08479200005240273,0.09134440001616893,85.37013200111687,0.08479200005240273,0.08479200005240273,0.08479200005240273,20917240,122126336,155.864,0.0,0.0,0.0,0.0,0.0,0.0,,,,,,
scan,4096,/Users/vinroger/DATA/STUDY/latihan/about/exa-interview/e2e-inverted-bitplane-project/data/prefix-study-2026-09-13/pools/qwen-quora-d256/routers/ivf-4096-seed42,main-s00399,10,54,1,1000,1,True,True,0.9506,0.3742294998119178,0.4278014502233418,375.7661100025871,0.3742294998119178,0.3742294998119178,0.3742294998119178,20917240,122126336,7249.372,0.0,0.0,0.0,0.0,0.0,0.0,,,,,,
scan,4096,/Users/vinroger/DATA/STUDY/latihan/about/exa-interview/e2e-inverted-bitplane-project/data/prefix-study-2026-09-13/pools/qwen-quora-d256/routers/ivf-4096-seed42,main-s00402,100,3,1,1000,1,True,True,0.55271,0.11162500049977098,0.12525209967861883,112.6034030030496,0.11162500049977098,0.11162500049977098,0.11162500049977098,20917240,122126336,442.421,0.0,0.0,0.0,0.0,0.0,0.0,,,,,,
scan,4096,/Users/vinroger/DATA/STUDY/latihan/about/exa-interview/e2e-inverted-bitplane-project/data/prefix-study-2026-09-13/pools/qwen-quora-d256/routers/ivf-4096-seed42,main-s00392,1,3,1,1000,1,True,True,0.915,0.09550000049785012,0.10497145003682816,96.2786180061812,0.09550000049785012,0.09550000049785012,0.09550000049785012,20917240,122126336,442.421,0.0,0.0,0.0,0.0,0.0,0.0,,,,,,
scan,4096,/Users/vinroger/DATA/STUDY/latihan/about/exa-interview/e2e-inverted-bitplane-project/data/prefix-study-2026-09-13/pools/qwen-quora-d256/routers/ivf-4096-seed42,main-s00395,1,4096,1,1000,1,True,True,1.0,20.58352099993499,20.71036519992049,20581.972030990983,20.58352099993499,20.58352099993499,20.58352099993499,20917240,122126336,522931.0,0.0,0.0,0.0,0.0,0.0,0.0,,,,,,
scan,4096,/Users/vinroger/DATA/STUDY/latihan/about/exa-interview/e2e-inverted-bitplane-project/data/prefix-study-2026-09-13/pools/qwen-quora-d256/routers/ivf-4096-seed42,main-s00397,10,5,1,1000,1,True,True,0.8055,0.11054199967475142,0.12296314980630996,111.14545398777409,0.11054199967475142,0.11054199967475142,0.11054199967475142,20917240,122126336,723.5,0.0,0.0,0.0,0.0,0.0,0.0,,,,,,
scan,4096,/Users/vinroger/DATA/STUDY/latihan/about/exa-interview/e2e-inverted-bitplane-project/data/prefix-study-2026-09-13/pools/qwen-quora-d256/routers/ivf-4096-seed42,main-s00393,1,5,1,1000,1,True,True,0.95,0.10795799971674569,0.12013329978799446,108.81444798906159,0.10795799971674569,0.10795799971674569,0.10795799971674569,20917240,122126336,723.5,0.0,0.0,0.0,0.0,0.0,0.0,,,,,,
scan,4096,/Users/vinroger/DATA/STUDY/latihan/about/exa-interview/e2e-inverted-bitplane-project/data/prefix-study-2026-09-13/pools/qwen-quora-d256/routers/ivf-4096-seed42,main-s00401,10,4096,1,1000,1,True,True,1.0,20.590041499872314,20.75622774996191,20609.633877997112,20.590041499872314,20.590041499872314,20.590041499872314,20917240,122126336,522931.0,0.0,0.0,0.0,0.0,0.0,0.0,,,,,,
branch,64,/Users/vinroger/DATA/STUDY/latihan/about/exa-interview/e2e-inverted-bitplane-project/data/prefix-study-2026-09-13/pools/qwen-quora-d256/routers/ivf-64-seed42,main-s00050,1,1,1,1000,1,True,True,0.746,0.3835624997918785,0.7047642498491768,416.4910939980473,0.3835624997918785,0.3835624997918785,0.3835624997918785,37716984,120274944,9157.978,21.979,1708.827,1834.45,0.0,0.0,0.0,,,2048,512,0,42
branch,64,/Users/vinroger/DATA/STUDY/latihan/about/exa-interview/e2e-inverted-bitplane-project/data/prefix-study-2026-09-13/pools/qwen-quora-d256/routers/ivf-64-seed42,main-s00094,10,64,1,1000,1,True,True,0.9961,8.981937499811465,10.865581550706338,8887.334193997958,8.981937499811465,8.981937499811465,8.981937499811465,37716984,120274944,212018.947,512.0,43817.063,26840.512,0.0,0.0,0.0,,,2048,512,0,42
branch,64,/Users/vinroger/DATA/STUDY/latihan/about/exa-interview/e2e-inverted-bitplane-project/data/prefix-study-2026-09-13/pools/qwen-quora-d256/routers/ivf-64-seed42,main-s00085,10,7,1,1000,1,True,True,0.9504,3.869103999932122,5.8390854001572725,4056.199056011792,3.869103999932122,3.869103999932122,3.869103999932122,37716984,120274944,59653.45,2012.426,152136.844,148850.472,0.0,0.0,0.0,,,128,8192,0,42
branch,64,/Users/vinroger/DATA/STUDY/latihan/about/exa-interview/e2e-inverted-bitplane-project/data/prefix-study-2026-09-13/pools/qwen-quora-d256/routers/ivf-64-seed42,main-s00084,10,7,1,1000,1,True,True,0.9347,0.7766670005366905,0.9739437495682067,786.7785450171141,0.7766670005366905,0.7766670005366905,0.7766670005366905,37716984,120274944,9589.213,512.0,52749.952,19135.968,0.0,0.0,0.0,,,128,512,0,42
branch,64,/Users/vinroger/DATA/STUDY/latihan/about/exa-interview/e2e-inverted-bitplane-project/data/prefix-study-2026-09-13/pools/qwen-quora-d256/routers/ivf-64-seed42,main-s00073,10,1,1,1000,1,True,True,0.6262,0.5568749998019484,1.0528854007588961,603.2173050043639,0.5568749998019484,0.5568749998019484,0.5568749998019484,37716984,120274944,9220.719,330.029,26996.226,26261.315,0.0,0.0,0.0,,,128,8192,0,42
branch,64,/Users/vinroger/DATA/STUDY/latihan/about/exa-interview/e2e-inverted-bitplane-project/data/prefix-study-2026-09-13/pools/qwen-quora-d256/routers/ivf-64-seed42,main-s00110,100,13,1,1000,1,True,True,0.95189,4.462166499706655,5.660391649871599,4556.299374013179,4.462166499706655,4.462166499706655,4.462166499706655,37716984,120274944,108789.511,223.82,15621.531,17312.061,0.0,0.0,0.0,,,2048,512,0,42
branch,64,/Users/vinroger/DATA/STUDY/latihan/about/exa-interview/e2e-inverted-bitplane-project/data/prefix-study-2026-09-13/pools/qwen-quora-d256/routers/ivf-64-seed42,main-s00119,100,64,1,1000,1,True,True,1.0,21.68374999973821,22.272958050052694,21756.075674987187,21.68374999973821,21.68374999973821,21.68374999973821,37716984,120274944,522931.0,986.408,66505.658,74666.73,0.0,0.0,0.0,,,2048,8192,0,42
branch,64,/Users/vinroger/DATA/STUDY/latihan/about/exa-interview/e2e-inverted-bitplane-project/data/prefix-study-2026-09-13/pools/qwen-quora-d256/routers/ivf-64-seed42,main-s00051,1,1,1,1000,1,True,True,0.746,0.3817085002992826,0.7047402002626768,413.9808389909376,0.3817085002992826,0.3817085002992826,0.3817085002992826,37716984,120274944,9157.978,21.979,1708.827,1834.45,0.0,0.0,0.0,,,2048,8192,0,42
branch,64,/Users/vinroger/DATA/STUDY/latihan/about/exa-interview/e2e-inverted-bitplane-project/data/prefix-study-2026-09-13/pools/qwen-quora-d256/routers/ivf-64-seed42,main-s00048,1,1,1,1000,1,True,True,0.746,0.5262710001261439,0.8785461495335766,550.3732290162588,0.5262710001261439,0.5262710001261439,0.5262710001261439,37716984,120274944,8370.869,305.394,25670.196,23062.813,0.0,0.0,0.0,,,128,512,0,42
branch,64,/Users/vinroger/DATA/STUDY/latihan/about/exa-interview/e2e-inverted-bitplane-project/data/prefix-study-2026-09-13/pools/qwen-quora-d256/routers/ivf-64-seed42,main-s00093,10,64,1,1000,1,True,True,0.9998,17.77052100032961,21.32633160008481,18218.572844988557,17.77052100032961,17.77052100032961,17.77052100032961,37716984,120274944,210828.065,8192.0,692821.553,437956.303,0.0,0.0,0.0,,,128,8192,0,42
branch,64,/Users/vinroger/DATA/STUDY/latihan/about/exa-interview/e2e-inverted-bitplane-project/data/prefix-study-2026-09-13/pools/qwen-quora-d256/routers/ivf-64-seed42,main-s00117,100,64,1,1000,1,True,True,0.99705,17.688395499590115,19.89975059987046,17740.015153994136,17.688395499590115,17.688395499590115,17.688395499590115,37716984,120274944,210828.065,8192.0,692821.553,437956.303,0.0,0.0,0.0,,,128,8192,0,42
branch,64,/Users/vinroger/DATA/STUDY/latihan/about/exa-interview/e2e-inverted-bitplane-project/data/prefix-study-2026-09-13/pools/qwen-quora-d256/routers/ivf-64-seed42,main-s00108,100,13,1,1000,1,True,True,0.77855,0.8132919997478893,0.9934684502695745,821.4325879907847,0.8132919997478893,0.8132919997478893,0.8132919997478893,37716984,120274944,8665.564,512.0,53822.827,16802.093,0.0,0.0,0.0,,,128,512,0,42
branch,64,/Users/vinroger/DATA/STUDY/latihan/about/exa-interview/e2e-inverted-bitplane-project/data/prefix-study-2026-09-13/pools/qwen-quora-d256/routers/ivf-64-seed42,main-s00092,10,64,1,1000,1,True,True,0.2221,0.41187550050381105,0.8315225999922403,456.01227799943445,0.41187550050381105,0.41187550050381105,0.41187550050381105,37716984,120274944,3351.695,512.0,60711.626,5640.931,0.0,0.0,0.0,,,128,512,0,42
branch,64,/Users/vinroger/DATA/STUDY/latihan/about/exa-interview/e2e-inverted-bitplane-project/data/prefix-study-2026-09-13/pools/qwen-quora-d256/routers/ivf-64-seed42,main-s00068,1,64,1,1000,1,True,True,0.256,0.40627099997436744,0.8310330007134324,451.10424700487783,0.40627099997436744,0.40627099997436744,0.40627099997436744,37716984,120274944,3351.695,512.0,60711.626,5640.931,0.0,0.0,0.0,,,128,512,0,42
branch,64,/Users/vinroger/DATA/STUDY/latihan/about/exa-interview/e2e-inverted-bitplane-project/data/prefix-study-2026-09-13/pools/qwen-quora-d256/routers/ivf-64-seed42,main-s00104,100,8,1,1000,1,True,True,0.8121,0.7824579997759429,0.9826646006786177,799.5972029857512,0.7824579997759429,0.7824579997759429,0.7824579997759429,37716984,120274944,9202.343,512.0,53482.024,18079.822,0.0,0.0,0.0,,,128,512,0,42
branch,64,/Users/vinroger/DATA/STUDY/latihan/about/exa-interview/e2e-inverted-bitplane-project/data/prefix-study-2026-09-13/pools/qwen-quora-d256/routers/ivf-64-seed42,main-s00078,10,3,1,1000,1,True,True,0.8581,1.0552915000516805,1.6416631500305812,1100.6767600038074,1.0552915000516805,1.0552915000516805,1.0552915000516805,37716984,120274944,26422.354,59.639,4404.406,4812.977,0.0,0.0,0.0,,,2048,512,0,42
branch,64,/Users/vinroger/DATA/STUDY/latihan/about/exa-interview/e2e-inverted-bitplane-project/data/prefix-study-2026-09-13/pools/qwen-quora-d256/routers/ivf-64-seed42,main-s00106,100,8,1,1000,1,True,True,0.91219,2.7746875002776505,3.877097599706758,2868.7371690011787,2.7746875002776505,2.7746875002776505,2.7746875002776505,37716984,120274944,67988.47,144.232,10261.914,11316.073,0.0,0.0,0.0,,,2048,512,0,42
branch,64,/Users/vinroger/DATA/STUDY/latihan/about/exa-interview/e2e-inverted-bitplane-project/data/prefix-study-2026-09-13/pools/qwen-quora-d256/routers/ivf-64-seed42,main-s00072,10,1,1,1000,1,True,True,0.6262,0.5566455006373872,0.8995559502636751,585.491433003881,0.5566455006373872,0.5566455006373872,0.5566455006373872,37716984,120274944,8958.312,321.888,26491.888,24814.267,0.0,0.0,0.0,,,128,512,0,42
branch,64,/Users/vinroger/DATA/STUDY/latihan/about/exa-interview/e2e-inverted-bitplane-project/data/prefix-study-2026-09-13/pools/qwen-quora-d256/routers/ivf-64-seed42,main-s00095,10,64,1,1000,1,True,True,1.0,21.66227100042306,23.146334800458135,21869.135491001543,21.66227100042306,21.66227100042306,21.66227100042306,37716984,120274944,522801.421,986.233,66500.463,74642.707,0.0,0.0,0.0,,,2048,8192,0,42
branch,64,/Users/vinroger/DATA/STUDY/latihan/about/exa-interview/e2e-inverted-bitplane-project/data/prefix-study-2026-09-13/pools/qwen-quora-d256/routers/ivf-64-seed42,main-s00061,1,4,1,1000,1,True,True,0.958,2.0271034995857917,3.3518809501401847,2072.059751998495,2.0271034995857917,2.0271034995857917,2.0271034995857917,37716984,120274944,31055.653,1092.015,86802.441,79153.614,0.0,0.0,0.0,,,128,8192,0,42
branch,64,/Users/vinroger/DATA/STUDY/latihan/about/exa-interview/e2e-inverted-bitplane-project/data/prefix-study-2026-09-13/pools/qwen-quora-d256/routers/ivf-64-seed42,main-s00114,100,31,1,1000,1,True,True,0.98957,10.148104499876354,11.26743155045915,10088.878834013485,10.148104499876354,10.148104499876354,10.148104499876354,37716984,120274944,242134.536,477.143,33419.435,34995.857,0.0,0.0,0.0,,,2048,512,0,42
branch,64,/Users/vinroger/DATA/STUDY/latihan/about/exa-interview/e2e-inverted-bitplane-project/data/prefix-study-2026-09-13/pools/qwen-quora-d256/routers/ivf-64-seed42,main-s00103,100,4,1,1000,1,True,True,0.82498,1.4334375000544242,2.1980586504923845,1489.896772000975,1.4334375000544242,1.4334375000544242,1.4334375000544242,37716984,120274944,34810.582,77.102,5625.113,6164.749,0.0,0.0,0.0,,,2048,8192,0,42
branch,64,/Users/vinroger/DATA/STUDY/latihan/about/exa-interview/e2e-inverted-bitplane-project/data/prefix-study-2026-09-13/pools/qwen-quora-d256/routers/ivf-64-seed42,main-s00066,1,9,1,1000,1,True,True,0.99,3.209520999917004,4.427554149879143,3292.945487983161,3.209520999917004,3.209520999917004,3.209520999917004,37716984,120274944,75049.206,158.429,11314.969,12281.604,0.0,0.0,0.0,,,2048,512,0,42
branch,64,/Users/vinroger/DATA/STUDY/latihan/about/exa-interview/e2e-inverted-bitplane-project/data/prefix-study-2026-09-13/pools/qwen-quora-d256/routers/ivf-64-seed42,main-s00067,1,9,1,1000,1,True,True,0.99,3.1830210000407533,4.378135399565507,3264.765677999094,3.1830210000407533,3.1830210000407533,3.1830210000407533,37716984,120274944,75049.206,158.429,11314.969,12281.604,0.0,0.0,0.0,,,2048,8192,0,42
branch,64,/Users/vinroger/DATA/STUDY/latihan/about/exa-interview/e2e-inverted-bitplane-project/data/prefix-study-2026-09-13/pools/qwen-quora-d256/routers/ivf-64-seed42,main-s00076,10,3,1,1000,1,True,True,0.8569,0.875666499723593,1.074918750055076,881.1923729972477,0.875666499723593,0.875666499723593,0.875666499723593,37716984,120274944,12498.606,511.199,46198.929,27550.92,0.0,0.0,0.0,,,128,512,0,42
branch,64,/Users/vinroger/DATA/STUDY/latihan/about/exa-interview/e2e-inverted-bitplane-project/data/prefix-study-2026-09-13/pools/qwen-quora-d256/routers/ivf-64-seed42,main-s00081,10,5,1,1000,1,True,True,0.9194,2.734271000008448,4.359570850556338,2873.856509982943,2.734271000008448,2.734271000008448,2.734271000008448,37716984,120274944,43066.662,1468.622,112040.329,109516.565,0.0,0.0,0.0,,,128,8192,0,42
branch,64,/Users/vinroger/DATA/STUDY/latihan/about/exa-interview/e2e-inverted-bitplane-project/data/prefix-study-2026-09-13/pools/qwen-quora-d256/routers/ivf-64-seed42,main-s00054,1,2,1,1000,1,True,True,0.888,0.7291040001291549,1.1600580501635702,747.0442400090178,0.7291040001291549,0.7291040001291549,0.7291040001291549,37716984,120274944,17745.711,41.111,3105.703,3341.981,0.0,0.0,0.0,,,2048,512,0,42
branch,64,/Users/vinroger/DATA/STUDY/latihan/about/exa-interview/e2e-inverted-bitplane-project/data/prefix-study-2026-09-13/pools/qwen-quora-d256/routers/ivf-64-seed42,main-s00056,1,3,1,1000,1,True,True,0.923,0.8632709996163612,1.0550226001669216,855.9567470038019,0.8632709996163612,0.8632709996163612,0.8632709996163612,37716984,120274944,12142.905,500.605,45514.427,26808.31,0.0,0.0,0.0,,,128,512,0,42
branch,64,/Users/vinroger/DATA/STUDY/latihan/about/exa-interview/e2e-inverted-bitplane-project/data/prefix-study-2026-09-13/pools/qwen-quora-d256/routers/ivf-64-seed42,main-s00118,100,64,1,1000,1,True,True,0.9792,8.976624999831984,10.765659800108551,8857.253361025869,8.976624999831984,8.976624999831984,8.976624999831984,37716984,120274944,212018.947,512.0,43817.063,26840.512,0.0,0.0,0.0,,,2048,512,0,42
branch,64,/Users/vinroger/DATA/STUDY/latihan/about/exa-interview/e2e-inverted-bitplane-project/data/prefix-study-2026-09-13/pools/qwen-quora-d256/routers/ivf-64-seed42,main-s00063,1,4,1,1000,1,True,True,0.958,1.449688000320748,2.2129187505925074,1499.9281550126398,1.449688000320748,1.449688000320748,1.449688000320748,37716984,120274944,34397.921,76.373,5607.559,6060.565,0.0,0.0,0.0,,,2048,8192,0,42
branch,64,/Users/vinroger/DATA/STUDY/latihan/about/exa-interview/e2e-inverted-bitplane-project/data/prefix-study-2026-09-13/pools/qwen-quora-d256/routers/ivf-64-seed42,main-s00075,10,1,1,1000,1,True,True,0.6262,0.3669580000860151,0.6678434500827279,399.51985998686723,0.3669580000860151,0.3669580000860151,0.3669580000860151,37716984,120274944,9223.342,22.101,1710.467,1853.251,0.0,0.0,0.0,,,2048,8192,0,42
branch,64,/Users/vinroger/DATA/STUDY/latihan/about/exa-interview/e2e-inverted-bitplane-project/data/prefix-study-2026-09-13/pools/qwen-quora-d256/routers/ivf-64-seed42,main-s00052,1,2,1,1000,1,True,True,0.888,0.8503539997946064,1.0437693503718035,832.2493249961553,0.8503539997946064,0.8503539997946064,0.8503539997946064,37716984,120274944,12390.803,467.267,39941.446,29383.996,0.0,0.0,0.0,,,128,512,0,42
branch,64,/Users/vinroger/DATA/STUDY/latihan/about/exa-interview/e2e-inverted-bitplane-project/data/prefix-study-2026-09-13/pools/qwen-quora-d256/routers/ivf-64-seed42,main-s00057,1,3,1,1000,1,True,True,0.923,1.5271249999386782,2.596148199654635,1577.809840017835,1.5271249999386782,1.5271249999386782,1.5271249999386782,37716984,120274944,23790.832,841.747,67629.294,61876.038,0.0,0.0,0.0,,,128,8192,0,42
branch,64,/Users/vinroger/DATA/STUDY/latihan/about/exa-interview/e2e-inverted-bitplane-project/data/prefix-study-2026-09-13/pools/qwen-quora-d256/routers/ivf-64-seed42,main-s00107,100,8,1,1000,1,True,True,0.91219,2.7742709994527104,3.8833618502394525,2870.4847949920804,2.7742709994527104,2.7742709994527104,2.7742709994527104,37716984,120274944,67988.47,144.232,10261.914,11316.073,0.0,0.0,0.0,,,2048,8192,0,42
branch,64,/Users/vinroger/DATA/STUDY/latihan/about/exa-interview/e2e-inverted-bitplane-project/data/prefix-study-2026-09-13/pools/qwen-quora-d256/routers/ivf-64-seed42,main-s00069,1,64,1,1000,1,True,True,1.0,17.356145499888953,20.026668750142562,16878.233610013922,17.356145499888953,17.356145499888953,17.356145499888953,37716984,120274944,200851.96,7869.446,669069.849,416535.229,0.0,0.0,0.0,,,128,8192,0,42
branch,64,/Users/vinroger/DATA/STUDY/latihan/about/exa-interview/e2e-inverted-bitplane-project/data/prefix-study-2026-09-13/pools/qwen-quora-d256/routers/ivf-64-seed42,main-s00086,10,7,1,1000,1,True,True,0.9504,2.423479499611858,3.453989249874211,2507.462285987458,2.423479499611858,2.423479499611858,2.423479499611858,37716984,120274944,59754.436,127.704,9134.731,10060.222,0.0,0.0,0.0,,,2048,512,0,42
branch,64,/Users/vinroger/DATA/STUDY/latihan/about/exa-interview/e2e-inverted-bitplane-project/data/prefix-study-2026-09-13/pools/qwen-quora-d256/routers/ivf-64-seed42,main-s00097,100,1,1,1000,1,True,True,0.5345,0.5698335003216926,1.07276045027902,618.9827490034077,0.5698335003216926,0.5698335003216926,0.5698335003216926,37716984,120274944,9223.342,330.084,26996.662,26270.237,0.0,0.0,0.0,,,128,8192,0,42
branch,64,/Users/vinroger/DATA/STUDY/latihan/about/exa-interview/e2e-inverted-bitplane-project/data/prefix-study-2026-09-13/pools/qwen-quora-d256/routers/ivf-64-seed42,main-s00098,100,1,1,1000,1,True,True,0.5345,0.39191699943330605,0.6937256501714728,424.9422990142193,0.39191699943330605,0.39191699943330605,0.39191699943330605,37716984,120274944,9223.342,22.101,1710.467,1853.251,0.0,0.0,0.0,,,2048,512,0,42
branch,64,/Users/vinroger/DATA/STUDY/latihan/about/exa-interview/e2e-inverted-bitplane-project/data/prefix-study-2026-09-13/pools/qwen-quora-d256/routers/ivf-64-seed42,main-s00100,100,4,1,1000,1,True,True,0.8023,0.8702914997229527,1.0540318994117115,872.1132960199611,0.8702914997229527,0.8702914997229527,0.8702914997229527,37716984,120274944,11488.598,512.0,48578.623,24559.772,0.0,0.0,0.0,,,128,512,0,42
branch,64,/Users/vinroger/DATA/STUDY/latihan/about/exa-interview/e2e-inverted-bitplane-project/data/prefix-study-2026-09-13/pools/qwen-quora-d256/routers/ivf-64-seed42,main-s00099,100,1,1,1000,1,True,True,0.5345,0.39041700028974446,0.6922791496890568,424.17755700080306,0.39041700028974446,0.39041700028974446,0.39041700028974446,37716984,120274944,9223.342,22.101,1710.467,1853.251,0.0,0.0,0.0,,,2048,8192,0,42
branch,64,/Users/vinroger/DATA/STUDY/latihan/about/exa-interview/e2e-inverted-bitplane-project/data/prefix-study-2026-09-13/pools/qwen-quora-d256/routers/ivf-64-seed42,main-s00083,10,5,1,1000,1,True,True,0.9194,1.7068125002879242,2.5588211505692007,1790.1378359865703,1.7068125002879242,1.7068125002879242,1.7068125002879242,37716984,120274944,43132.237,94.16,6797.192,7465.551,0.0,0.0,0.0,,,2048,8192,0,42
branch,64,/Users/vinroger/DATA/STUDY/latihan/about/exa-interview/e2e-inverted-bitplane-project/data/prefix-study-2026-09-13/pools/qwen-quora-d256/routers/ivf-64-seed42,main-s00055,1,2,1,1000,1,True,True,0.888,0.7639584996468329,1.2056065992965157,784.8294269924736,0.7639584996468329,0.7639584996468329,0.7639584996468329,37716984,120274944,17745.711,41.111,3105.703,3341.981,0.0,0.0,0.0,,,2048,8192,0,42
branch,64,/Users/vinroger/DATA/STUDY/latihan/about/exa-interview/e2e-inverted-bitplane-project/data/prefix-study-2026-09-13/pools/qwen-quora-d256/routers/ivf-64-seed42,main-s00071,1,64,1,1000,1,True,True,1.0,22.064833500280656,23.446260750597503,21612.95061099827,22.064833500280656,22.064833500280656,22.064833500280656,37716984,120274944,502487.143,957.061,65381.283,71146.991,0.0,0.0,0.0,,,2048,8192,0,42
branch,64,/Users/vinroger/DATA/STUDY/latihan/about/exa-interview/e2e-inverted-bitplane-project/data/prefix-study-2026-09-13/pools/qwen-quora-d256/routers/ivf-64-seed42,main-s00111,100,13,1,1000,1,True,True,0.95189,4.454187499959517,5.6689621996611095,4560.370964000867,4.454187499959517,4.454187499959517,4.454187499959517,37716984,120274944,108789.511,223.82,15621.531,17312.061,0.0,0.0,0.0,,,2048,8192,0,42
branch,64,/Users/vinroger/DATA/STUDY/latihan/about/exa-interview/e2e-inverted-bitplane-project/data/prefix-study-2026-09-13/pools/qwen-quora-d256/routers/ivf-64-seed42,main-s00074,10,1,1,1000,1,True,True,0.6262,0.36362499986353214,0.6647017507475538,396.69225301531696,0.36362499986353214,0.36362499986353214,0.36362499986353214,37716984,120274944,9223.342,22.101,1710.467,1853.251,0.0,0.0,0.0,,,2048,512,0,42
branch,64,/Users/vinroger/DATA/STUDY/latihan/about/exa-interview/e2e-inverted-bitplane-project/data/prefix-study-2026-09-13/pools/qwen-quora-d256/routers/ivf-64-seed42,main-s00080,10,5,1,1000,1,True,True,0.9131,0.8344795000994054,1.0109392506819859,833.671378985855,0.8344795000994054,0.8344795000994054,0.8344795000994054,37716984,120274944,10764.35,512.0,50161.924,22478.24,0.0,0.0,0.0,,,128,512,0,42
branch,64,/Users/vinroger/DATA/STUDY/latihan/about/exa-interview/e2e-inverted-bitplane-project/data/prefix-study-2026-09-13/pools/qwen-quora-d256/routers/ivf-64-seed42,main-s00070,1,64,1,1000,1,True,True,0.999,9.159312499832595,11.169920850534254,9083.22239899735,9.159312499832595,9.159312499832595,9.159312499832595,37716984,120274944,211778.244,511.425,43781.655,26796.429,0.0,0.0,0.0,,,2048,512,0,42
branch,64,/Users/vinroger/DATA/STUDY/latihan/about/exa-interview/e2e-inverted-bitplane-project/data/prefix-study-2026-09-13/pools/qwen-quora-d256/routers/ivf-64-seed42,main-s00096,100,1,1,1000,1,True,True,0.53445,0.577979500121728,0.9261457997581601,607.525688993519,0.577979500121728,0.577979500121728,0.577979500121728,37716984,120274944,8960.723,321.937,26492.324,24821.725,0.0,0.0,0.0,,,128,512,0,42
branch,64,/Users/vinroger/DATA/STUDY/latihan/about/exa-interview/e2e-inverted-bitplane-project/data/prefix-study-2026-09-13/pools/qwen-quora-d256/routers/ivf-64-seed42,main-s00058,1,3,1,1000,1,True,True,0.923,1.0528335001254163,1.6495628503889745,1099.1857940107366,1.0528335001254163,1.0528335001254163,1.0528335001254163,37716984,120274944,26133.695,59.13,4392.399,4737.399,0.0,0.0,0.0,,,2048,512,0,42
branch,64,/Users/vinroger/DATA/STUDY/latihan/about/exa-interview/e2e-inverted-bitplane-project/data/prefix-study-2026-09-13/pools/qwen-quora-d256/routers/ivf-64-seed42,main-s00077,10,3,1,1000,1,True,True,0.8581,1.6351249996660044,2.711230949580567,1728.402137003286,1.6351249996660044,1.6351249996660044,1.6351249996660044,37716984,120274944,26396.591,913.445,71271.594,69537.523,0.0,0.0,0.0,,,128,8192,0,42
branch,64,/Users/vinroger/DATA/STUDY/latihan/about/exa-interview/e2e-inverted-bitplane-project/data/prefix-study-2026-09-13/pools/qwen-quora-d256/routers/ivf-64-seed42,main-s00112,100,31,1,1000,1,True,True,0.70532,0.7991455004230374,0.9996517504532674,801.069923997602,0.7991455004230374,0.7991455004230374,0.7991455004230374,37716984,120274944,7686.367,512.0,54166.504,15246.545,0.0,0.0,0.0,,,128,512,0,42
branch,64,/Users/vinroger/DATA/STUDY/latihan/about/exa-interview/e2e-inverted-bitplane-project/data/prefix-study-2026-09-13/pools/qwen-quora-d256/routers/ivf-64-seed42,main-s00113,100,31,1,1000,1,True,True,0.99019,18.36441700015712,20.471101749944864,18439.94206500156,18.36441700015712,18.36441700015712,18.36441700015712,37716984,120274944,241411.199,7880.22,578718.233,546088.756,0.0,0.0,0.0,,,128,8192,0,42
branch,64,/Users/vinroger/DATA/STUDY/latihan/about/exa-interview/e2e-inverted-bitplane-project/data/prefix-study-2026-09-13/pools/qwen-quora-d256/routers/ivf-64-seed42,main-s00109,100,13,1,1000,1,True,True,0.95189,7.672291999369918,10.164194400113047,7869.776812985037,7.672291999369918,7.672291999369918,7.672291999369918,37716984,120274944,108789.511,3600.425,265794.964,261171.261,0.0,0.0,0.0,,,128,8192,0,42
branch,64,/Users/vinroger/DATA/STUDY/latihan/about/exa-interview/e2e-inverted-bitplane-project/data/prefix-study-2026-09-13/pools/qwen-quora-d256/routers/ivf-64-seed42,main-s00065,1,9,1,1000,1,True,True,0.99,4.628666500138934,6.773256249834957,4578.980622992276,4.628666500138934,4.628666500138934,4.628666500138934,37716984,120274944,66034.011,2276.627,176581.066,159552.829,0.0,0.0,0.0,,,128,8192,0,42
branch,64,/Users/vinroger/DATA/STUDY/latihan/about/exa-interview/e2e-inverted-bitplane-project/data/prefix-study-2026-09-13/pools/qwen-quora-d256/routers/ivf-64-seed42,main-s00087,10,7,1,1000,1,True,True,0.9504,2.41414550009722,3.4357372001522886,2496.162878983341,2.41414550009722,2.41414550009722,2.41414550009722,37716984,120274944,59754.436,127.704,9134.731,10060.222,0.0,0.0,0.0,,,2048,8192,0,42
branch,64,/Users/vinroger/DATA/STUDY/latihan/about/exa-interview/e2e-inverted-bitplane-project/data/prefix-study-2026-09-13/pools/qwen-quora-d256/routers/ivf-64-seed42,main-s00089,10,21,1,1000,1,True,True,0.9903,12.660187499932363,15.231375649455003,12786.974138992264,12.660187499932363,12.660187499932363,12.660187499932363,37716984,120274944,173508.78,5664.356,412878.496,405670.345,0.0,0.0,0.0,,,128,8192,0,42
branch,64,/Users/vinroger/DATA/STUDY/latihan/about/exa-interview/e2e-inverted-bitplane-project/data/prefix-study-2026-09-13/pools/qwen-quora-d256/routers/ivf-64-seed42,main-s00101,100,4,1,1000,1,True,True,0.82498,2.230312499705178,3.590356250288096,2331.2548370031436,2.230312499705178,2.230312499705178,2.230312499705178,37716984,120274944,34810.582,1194.499,91999.236,89963.561,0.0,0.0,0.0,,,128,8192,0,42
branch,64,/Users/vinroger/DATA/STUDY/latihan/about/exa-interview/e2e-inverted-bitplane-project/data/prefix-study-2026-09-13/pools/qwen-quora-d256/routers/ivf-64-seed42,main-s00060,1,4,1,1000,1,True,True,0.958,0.8389165000153298,1.013310699727299,831.7149650092688,0.8389165000153298,0.8389165000153298,0.8389165000153298,37716984,120274944,11306.131,506.08,48135.082,24173.268,0.0,0.0,0.0,,,128,512,0,42
branch,64,/Users/vinroger/DATA/STUDY/latihan/about/exa-interview/e2e-inverted-bitplane-project/data/prefix-study-2026-09-13/pools/qwen-quora-d256/routers/ivf-64-seed42,main-s00105,100,8,1,1000,1,True,True,0.91219,4.526750000422908,6.623743450609253,4723.495736986479,4.526750000422908,4.526750000422908,4.526750000422908,37716984,120274944,67988.47,2283.375,171634.942,168270.14,0.0,0.0,0.0,,,128,8192,0,42
branch,64,/Users/vinroger/DATA/STUDY/latihan/about/exa-interview/e2e-inverted-bitplane-project/data/prefix-study-2026-09-13/pools/qwen-quora-d256/routers/ivf-64-seed42,main-s00088,10,21,1,1000,1,True,True,0.9237,0.8042294998631405,0.9488298001087968,805.6268719974469,0.8042294998631405,0.8042294998631405,0.8042294998631405,37716984,120274944,8619.35,512.0,53016.505,17095.696,0.0,0.0,0.0,,,128,512,0,42
branch,64,/Users/vinroger/DATA/STUDY/latihan/about/exa-interview/e2e-inverted-bitplane-project/data/prefix-study-2026-09-13/pools/qwen-quora-d256/routers/ivf-64-seed42,main-s00102,100,4,1,1000,1,True,True,0.82498,1.4367499998115818,2.220088150306765,1498.6481289752192,1.4367499998115818,1.4367499998115818,1.4367499998115818,37716984,120274944,34810.582,77.102,5625.113,6164.749,0.0,0.0,0.0,,,2048,512,0,42
branch,64,/Users/vinroger/DATA/STUDY/latihan/about/exa-interview/e2e-inverted-bitplane-project/data/prefix-study-2026-09-13/pools/qwen-quora-d256/routers/ivf-64-seed42,main-s00090,10,21,1,1000,1,True,True,0.9903,7.1226039995053725,8.382504450537454,7202.618745002837,7.1226039995053725,7.1226039995053725,7.1226039995053725,37716984,120274944,174014.782,347.752,23938.033,26632.932,0.0,0.0,0.0,,,2048,512,0,42
branch,64,/Users/vinroger/DATA/STUDY/latihan/about/exa-interview/e2e-inverted-bitplane-project/data/prefix-study-2026-09-13/pools/qwen-quora-d256/routers/ivf-64-seed42,main-s00064,1,9,1,1000,1,True,True,0.989,0.7630629997947835,0.9940350995293555,780.7205049966797,0.7630629997947835,0.7630629997947835,0.7630629997947835,37716984,120274944,8905.935,510.796,53817.747,17301.648,0.0,0.0,0.0,,,128,512,0,42
branch,64,/Users/vinroger/DATA/STUDY/latihan/about/exa-interview/e2e-inverted-bitplane-project/data/prefix-study-2026-09-13/pools/qwen-quora-d256/routers/ivf-64-seed42,main-s00053,1,2,1,1000,1,True,True,0.888,1.0382709992882155,1.7661232498539903,1070.8260739893376,1.0382709992882155,1.0382709992882155,1.0382709992882155,37716984,120274944,16316.216,582.642,47531.981,43629.069,0.0,0.0,0.0,,,128,8192,0,42
branch,64,/Users/vinroger/DATA/STUDY/latihan/about/exa-interview/e2e-inverted-bitplane-project/data/prefix-study-2026-09-13/pools/qwen-quora-d256/routers/ivf-64-seed42,main-s00079,10,3,1,1000,1,True,True,0.8581,1.0530420004215557,1.6484027004935342,1099.505324987149,1.0530420004215557,1.0530420004215557,1.0530420004215557,37716984,120274944,26422.354,59.639,4404.406,4812.977,0.0,0.0,0.0,,,2048,8192,0,42
branch,64,/Users/vinroger/DATA/STUDY/latihan/about/exa-interview/e2e-inverted-bitplane-project/data/prefix-study-2026-09-13/pools/qwen-quora-d256/routers/ivf-64-seed42,main-s00049,1,1,1,1000,1,True,True,0.746,0.5222289996709151,1.0146149000775038,561.5131619979365,0.5222289996709151,0.5222289996709151,0.5222289996709151,37716984,120274944,8585.128,312.03,26092.023,24230.629,0.0,0.0,0.0,,,128,8192,0,42
branch,64,/Users/vinroger/DATA/STUDY/latihan/about/exa-interview/e2e-inverted-bitplane-project/data/prefix-study-2026-09-13/pools/qwen-quora-d256/routers/ivf-64-seed42,main-s00116,100,64,1,1000,1,True,True,0.16194,0.44977050038141897,0.9022499998536659,495.1195689773158,0.44977050038141897,0.44977050038141897,0.44977050038141897,37716984,120274944,3351.695,512.0,60711.626,5640.931,0.0,0.0,0.0,,,128,512,0,42
branch,64,/Users/vinroger/DATA/STUDY/latihan/about/exa-interview/e2e-inverted-bitplane-project/data/prefix-study-2026-09-13/pools/qwen-quora-d256/routers/ivf-64-seed42,main-s00082,10,5,1,1000,1,True,True,0.9194,1.725270499719045,2.6158749996739057,1807.001543993465,1.725270499719045,1.725270499719045,1.725270499719045,37716984,120274944,43132.237,94.16,6797.192,7465.551,0.0,0.0,0.0,,,2048,512,0,42
branch,64,/Users/vinroger/DATA/STUDY/latihan/about/exa-interview/e2e-inverted-bitplane-project/data/prefix-study-2026-09-13/pools/qwen-quora-d256/routers/ivf-64-seed42,main-s00115,100,31,1,1000,1,True,True,0.99023,10.64770850007335,11.895497600244198,10660.93588601052,10.64770850007335,10.64770850007335,10.64770850007335,37716984,120274944,255171.207,499.157,33997.607,37972.4,0.0,0.0,0.0,,,2048,8192,0,42
branch,64,/Users/vinroger/DATA/STUDY/latihan/about/exa-interview/e2e-inverted-bitplane-project/data/prefix-study-2026-09-13/pools/qwen-quora-d256/routers/ivf-64-seed42,main-s00059,1,3,1,1000,1,True,True,0.923,1.0898540003836388,1.711299999942639,1133.258964990091,1.0898540003836388,1.0898540003836388,1.0898540003836388,37716984,120274944,26133.695,59.13,4392.399,4737.399,0.0,0.0,0.0,,,2048,8192,0,42
branch,64,/Users/vinroger/DATA/STUDY/latihan/about/exa-interview/e2e-inverted-bitplane-project/data/prefix-study-2026-09-13/pools/qwen-quora-d256/routers/ivf-64-seed42,main-s00062,1,4,1,1000,1,True,True,0.958,1.4103750004323956,2.158206249396244,1466.7201739957818,1.4103750004323956,1.4103750004323956,1.4103750004323956,37716984,120274944,34397.921,76.373,5607.559,6060.565,0.0,0.0,0.0,,,2048,512,0,42
branch,64,/Users/vinroger/DATA/STUDY/latihan/about/exa-interview/e2e-inverted-bitplane-project/data/prefix-study-2026-09-13/pools/qwen-quora-d256/routers/ivf-64-seed42,main-s00091,10,21,1,1000,1,True,True,0.9903,7.353125000008731,8.698787500361503,7423.77503897842,7.353125000008731,7.353125000008731,7.353125000008731,37716984,120274944,174051.368,347.839,23939.408,26645.425,0.0,0.0,0.0,,,2048,8192,0,42
prefix,1024,/Users/vinroger/DATA/STUDY/latihan/about/exa-interview/e2e-inverted-bitplane-project/data/prefix-study-2026-09-13/pools/qwen-quora-d256/routers/ivf-1024-seed42,main-s00309,1,2,1,1000,1,True,True,0.855,0.07152050011427491,0.09479200070927618,72.98748503308161,0.07152050011427491,0.07152050011427491,0.07152050011427491,23008964,104873984,1132.15,0.0,0.0,0.0,17.0,64.0,0.0,16,0,,,,
prefix,1024,/Users/vinroger/DATA/STUDY/latihan/about/exa-interview/e2e-inverted-bitplane-project/data/prefix-study-2026-09-13/pools/qwen-quora-d256/routers/ivf-1024-seed42,main-s00361,100,2,1,1000,1,True,True,0.56452,0.09620799983167672,0.12354409955150913,98.02862901233311,0.09620799983167672,0.09620799983167672,0.09620799983167672,23008964,104873984,1132.15,0.0,0.0,0.0,17.0,64.0,0.0,16,10000,,,,
prefix,1024,/Users/vinroger/DATA/STUDY/latihan/about/exa-interview/e2e-inverted-bitplane-project/data/prefix-study-2026-09-13/pools/qwen-quora-d256/routers/ivf-1024-seed42,main-s00354,10,135,1,1000,1,True,True,0.9902,2.985645499848033,3.2297958501658286,2989.72996201519,2.985645499848033,2.985645499848033,2.985645499848033,23008964,104873984,69787.176,0.0,0.0,0.0,17.0,4320.0,0.0,16,0,,,,
prefix,1024,/Users/vinroger/DATA/STUDY/latihan/about/exa-interview/e2e-inverted-bitplane-project/data/prefix-study-2026-09-13/pools/qwen-quora-d256/routers/ivf-1024-seed42,main-s00344,10,12,1,1000,1,True,True,0.9031,0.3022499995495309,0.3694253000048775,305.20392500147864,0.3022499995495309,0.3022499995495309,0.3022499995495309,23008964,104873984,6450.832,0.0,0.0,0.0,17.0,384.0,0.0,16,0,,,,
prefix,1024,/Users/vinroger/DATA/STUDY/latihan/about/exa-interview/e2e-inverted-bitplane-project/data/prefix-study-2026-09-13/pools/qwen-quora-d256/routers/ivf-1024-seed42,main-s00332,10,1,1,1000,1,True,True,0.5705,0.05241700000624405,0.06920799937688571,53.53970800751995,0.05241700000624405,0.05241700000624405,0.05241700000624405,23008964,104873984,575.399,0.0,0.0,0.0,17.0,32.0,0.0,16,100000,,,,
prefix,1024,/Users/vinroger/DATA/STUDY/latihan/about/exa-interview/e2e-inverted-bitplane-project/data/prefix-study-2026-09-13/pools/qwen-quora-d256/routers/ivf-1024-seed42,main-s00348,10,30,1,1000,1,True,True,0.9504,0.6978749997870182,0.78620240010423,696.2786640042395,0.6978749997870182,0.6978749997870182,0.6978749997870182,23008964,104873984,15809.566,0.0,0.0,0.0,17.0,960.0,0.0,16,261465,,,,
prefix,1024,/Users/vinroger/DATA/STUDY/latihan/about/exa-interview/e2e-inverted-bitplane-project/data/prefix-study-2026-09-13/pools/qwen-quora-d256/routers/ivf-1024-seed42,main-s00323,1,22,1,1000,1,True,True,0.991,0.5169169994587719,0.5916815506679995,517.4290099994323,0.5169169994587719,0.5169169994587719,0.5169169994587719,23008964,104873984,11654.966,0.0,0.0,0.0,17.0,704.0,0.0,16,261465,,,,
prefix,1024,/Users/vinroger/DATA/STUDY/latihan/about/exa-interview/e2e-inverted-bitplane-project/data/prefix-study-2026-09-13/pools/qwen-quora-d256/routers/ivf-1024-seed42,main-s00367,100,11,1,1000,1,True,True,0.80796,0.3064999996240658,0.37217325002529833,309.9700949924227,0.3064999996240658,0.3064999996240658,0.3064999996240658,23008964,104873984,5938.633,0.0,0.0,0.0,17.0,352.0,0.0,16,100000,,,,
prefix,1024,/Users/vinroger/DATA/STUDY/latihan/about/exa-interview/e2e-inverted-bitplane-project/data/prefix-study-2026-09-13/pools/qwen-quora-d256/routers/ivf-1024-seed42,main-s00343,10,12,1,1000,1,True,True,0.9031,0.30012499973963713,0.36806490038543416,303.2132350017491,0.30012499973963713,0.30012499973963713,0.30012499973963713,23008964,104873984,6450.832,0.0,0.0,0.0,17.0,384.0,0.0,16,261465,,,,
prefix,1024,/Users/vinroger/DATA/STUDY/latihan/about/exa-interview/e2e-inverted-bitplane-project/data/prefix-study-2026-09-13/pools/qwen-quora-d256/routers/ivf-1024-seed42,main-s00350,10,135,1,1000,1,True,True,0.2294,0.18752100004348904,0.3748440998606379,234.92742497091967,0.18752100004348904,0.18752100004348904,0.18752100004348904,23008964,104873984,2556.249,0.0,0.0,0.0,9.253,2498.31,7.747,16,1000,,,,
prefix,1024,/Users/vinroger/DATA/STUDY/latihan/about/exa-interview/e2e-inverted-bitplane-project/data/prefix-study-2026-09-13/pools/qwen-quora-d256/routers/ivf-1024-seed42,main-s00359,10,1024,1,1000,1,True,True,1.0,22.152916999402805,22.858489899954293,22237.133243012977,22.152916999402805,22.152916999402805,22.152916999402805,23008964,104873984,522931.0,0.0,0.0,0.0,17.0,32768.0,0.0,16,0,,,,
prefix,1024,/Users/vinroger/DATA/STUDY/latihan/about/exa-interview/e2e-inverted-bitplane-project/data/prefix-study-2026-09-13/pools/qwen-quora-d256/routers/ivf-1024-seed42,main-s00351,10,135,1,1000,1,True,True,0.615,0.8139999999912106,1.8732895493485557,1004.8905010098679,0.8139999999912106,0.8139999999912106,0.8139999999912106,23008964,104873984,20696.273,0.0,0.0,0.0,13.273,3583.71,3.727,16,10000,,,,
prefix,1024,/Users/vinroger/DATA/STUDY/latihan/about/exa-interview/e2e-inverted-bitplane-project/data/prefix-study-2026-09-13/pools/qwen-quora-d256/routers/ivf-1024-seed42,main-s00313,1,3,1,1000,1,True,True,0.906,0.097583500064502,0.12741599953187688,99.1204770252807,0.097583500064502,0.097583500064502,0.097583500064502,23008964,104873984,1679.939,0.0,0.0,0.0,17.0,96.0,0.0,16,261465,,,,
prefix,1024,/Users/vinroger/DATA/STUDY/latihan/about/exa-interview/e2e-inverted-bitplane-project/data/prefix-study-2026-09-13/pools/qwen-quora-d256/routers/ivf-1024-seed42,main-s00368,100,11,1,1000,1,True,True,0.80796,0.30889549998391885,0.37230209959488997,311.89031701251224,0.30889549998391885,0.30889549998391885,0.30889549998391885,23008964,104873984,5938.633,0.0,0.0,0.0,17.0,352.0,0.0,16,261465,,,,
prefix,1024,/Users/vinroger/DATA/STUDY/latihan/about/exa-interview/e2e-inverted-bitplane-project/data/prefix-study-2026-09-13/pools/qwen-quora-d256/routers/ivf-1024-seed42,main-s00353,10,135,1,1000,1,True,True,0.9902,2.983520999805478,3.2380187493345147,2990.044961982676,2.983520999805478,2.983520999805478,2.983520999805478,23008964,104873984,69787.176,0.0,0.0,0.0,17.0,4320.0,0.0,16,261465,,,,
prefix,1024,/Users/vinroger/DATA/STUDY/latihan/about/exa-interview/e2e-inverted-bitplane-project/data/prefix-study-2026-09-13/pools/qwen-quora-d256/routers/ivf-1024-seed42,main-s00338,10,4,1,1000,1,True,True,0.8045,0.12450000031094532,0.15696424993620894,126.02734799929749,0.12450000031094532,0.12450000031094532,0.12450000031094532,23008964,104873984,2220.636,0.0,0.0,0.0,17.0,128.0,0.0,16,261465,,,,
prefix,1024,/Users/vinroger/DATA/STUDY/latihan/about/exa-interview/e2e-inverted-bitplane-project/data/prefix-study-2026-09-13/pools/qwen-quora-d256/routers/ivf-1024-seed42,main-s00325,1,1024,1,1000,1,True,True,0.257,0.6235210003069369,0.936563150298752,769.8417870005869,0.6235210003069369,0.6235210003069369,0.6235210003069369,23008964,104873984,4954.733,0.0,0.0,0.0,7.134,14610.432,9.866,16,1000,,,,
prefix,1024,/Users/vinroger/DATA/STUDY/latihan/about/exa-interview/e2e-inverted-bitplane-project/data/prefix-study-2026-09-13/pools/qwen-quora-d256/routers/ivf-1024-seed42,main-s00301,1,1,1,1000,1,True,True,0.729,0.050062499667546945,0.06708924956910778,51.367800974730926,0.050062499667546945,0.050062499667546945,0.050062499667546945,23008964,104873984,575.399,0.0,0.0,0.0,17.0,32.0,0.0,16,10000,,,,
prefix,1024,/Users/vinroger/DATA/STUDY/latihan/about/exa-interview/e2e-inverted-bitplane-project/data/prefix-study-2026-09-13/pools/qwen-quora-d256/routers/ivf-1024-seed42,main-s00320,1,22,1,1000,1,True,True,0.552,0.10635450007612235,0.2861145995211699,131.7772329757645,0.10635450007612235,0.10635450007612235,0.10635450007612235,23008964,104873984,2072.49,0.0,0.0,0.0,11.861,521.884,5.139,16,1000,,,,
prefix,1024,/Users/vinroger/DATA/STUDY/latihan/about/exa-interview/e2e-inverted-bitplane-project/data/prefix-study-2026-09-13/pools/qwen-quora-d256/routers/ivf-1024-seed42,main-s00308,1,2,1,1000,1,True,True,0.855,0.07385399976556073,0.09963125007743656,75.59805599703395,0.07385399976556073,0.07385399976556073,0.07385399976556073,23008964,104873984,1132.15,0.0,0.0,0.0,17.0,64.0,0.0,16,261465,,,,
prefix,1024,/Users/vinroger/DATA/STUDY/latihan/about/exa-interview/e2e-inverted-bitplane-project/data/prefix-study-2026-09-13/pools/qwen-quora-d256/routers/ivf-1024-seed42,main-s00385,100,1024,1,1000,1,True,True,0.08636,0.6438335003622342,0.9963232503196195,791.6060420184294,0.6438335003622342,0.6438335003622342,0.6438335003622342,23008964,104873984,4954.733,0.0,0.0,0.0,7.134,14610.432,9.866,16,1000,,,,
prefix,1024,/Users/vinroger/DATA/STUDY/latihan/about/exa-interview/e2e-inverted-bitplane-project/data/prefix-study-2026-09-13/pools/qwen-quora-d256/routers/ivf-1024-seed42,main-s00302,1,1,1,1000,1,True,True,0.729,0.04999999964638846,0.06563714991898445,51.11543401835661,0.04999999964638846,0.04999999964638846,0.04999999964638846,23008964,104873984,575.399,0.0,0.0,0.0,17.0,32.0,0.0,16,100000,,,,
prefix,1024,/Users/vinroger/DATA/STUDY/latihan/about/exa-interview/e2e-inverted-bitplane-project/data/prefix-study-2026-09-13/pools/qwen-quora-d256/routers/ivf-1024-seed42,main-s00355,10,1024,1,1000,1,True,True,0.1536,0.6237705001694849,0.9480082997924908,769.7982410109034,0.6237705001694849,0.6237705001694849,0.6237705001694849,23008964,104873984,4954.733,0.0,0.0,0.0,7.134,14610.432,9.866,16,1000,,,,
prefix,1024,/Users/vinroger/DATA/STUDY/latihan/about/exa-interview/e2e-inverted-bitplane-project/data/prefix-study-2026-09-13/pools/qwen-quora-d256/routers/ivf-1024-seed42,main-s00328,1,1024,1,1000,1,True,True,0.946,14.12335399982112,22.90487354975994,17823.33811200442,14.12335399982112,14.12335399982112,14.12335399982112,23008964,104873984,405667.71,0.0,0.0,0.0,16.455,32768.0,0.545,16,261465,,,,
prefix,1024,/Users/vinroger/DATA/STUDY/latihan/about/exa-interview/e2e-inverted-bitplane-project/data/prefix-study-2026-09-13/pools/qwen-quora-d256/routers/ivf-1024-seed42,main-s00386,100,1024,1,1000,1,True,True,0.22455,1.4973124998505227,2.397023249477569,1769.4239250131432,1.4973124998505227,1.4973124998505227,1.4973124998505227,23008964,104873984,22304.981,0.0,0.0,0.0,10.715,21944.32,6.285,16,10000,,,,
prefix,1024,/Users/vinroger/DATA/STUDY/latihan/about/exa-interview/e2e-inverted-bitplane-project/data/prefix-study-2026-09-13/pools/qwen-quora-d256/routers/ivf-1024-seed42,main-s00305,1,2,1,1000,1,True,True,0.849,0.07220800034701824,0.09005030001389967,73.00166901313787,0.07220800034701824,0.07220800034701824,0.07220800034701824,23008964,104873984,1080.071,0.0,0.0,0.0,16.696,63.36,0.304,16,1000,,,,
prefix,1024,/Users/vinroger/DATA/STUDY/latihan/about/exa-interview/e2e-inverted-bitplane-project/data/prefix-study-2026-09-13/pools/qwen-quora-d256/routers/ivf-1024-seed42,main-s00384,100,261,1,1000,1,True,True,0.99007,5.745500000102766,6.119223549785602,5751.793370028281,5.745500000102766,5.745500000102766,5.745500000102766,23008964,104873984,134204.197,0.0,0.0,0.0,17.0,8352.0,0.0,16,0,,,,
prefix,1024,/Users/vinroger/DATA/STUDY/latihan/about/exa-interview/e2e-inverted-bitplane-project/data/prefix-study-2026-09-13/pools/qwen-quora-d256/routers/ivf-1024-seed42,main-s00345,10,30,1,1000,1,True,True,0.3777,0.11539599972820724,0.31632055010959426,141.31642599113547,0.11539599972820724,0.11539599972820724,0.11539599972820724,23008964,104873984,2092.383,0.0,0.0,0.0,11.368,682.08,5.632,16,1000,,,,
prefix,1024,/Users/vinroger/DATA/STUDY/latihan/about/exa-interview/e2e-inverted-bitplane-project/data/prefix-study-2026-09-13/pools/qwen-quora-d256/routers/ivf-1024-seed42,main-s00300,1,1,1,1000,1,True,True,0.729,0.0502499997310224,0.06666809986199951,51.03105100897665,0.0502499997310224,0.0502499997310224,0.0502499997310224,23008964,104873984,573.77,0.0,0.0,0.0,16.99,31.996,0.01,16,1000,,,,
prefix,1024,/Users/vinroger/DATA/STUDY/latihan/about/exa-interview/e2e-inverted-bitplane-project/data/prefix-study-2026-09-13/pools/qwen-quora-d256/routers/ivf-1024-seed42,main-s00312,1,3,1,1000,1,True,True,0.906,0.09783299992704997,0.1285872003336408,99.54774400739552,0.09783299992704997,0.09783299992704997,0.09783299992704997,23008964,104873984,1679.939,0.0,0.0,0.0,17.0,96.0,0.0,16,100000,,,,
prefix,1024,/Users/vinroger/DATA/STUDY/latihan/about/exa-interview/e2e-inverted-bitplane-project/data/prefix-study-2026-09-13/pools/qwen-quora-d256/routers/ivf-1024-seed42,main-s00315,1,6,1,1000,1,True,True,0.801,0.09370800034957938,0.15312919999814767,101.67353399629064,0.09370800034957938,0.09370800034957938,0.09370800034957938,23008964,104873984,1659.905,0.0,0.0,0.0,14.166,169.296,2.834,16,1000,,,,
prefix,1024,/Users/vinroger/DATA/STUDY/latihan/about/exa-interview/e2e-inverted-bitplane-project/data/prefix-study-2026-09-13/pools/qwen-quora-d256/routers/ivf-1024-seed42,main-s00379,100,73,1,1000,1,True,True,0.95022,1.6676045001986495,1.8283149000126286,1669.9454159970628,1.6676045001986495,1.6676045001986495,1.6676045001986495,23008964,104873984,38035.578,0.0,0.0,0.0,17.0,2336.0,0.0,16,0,,,,
prefix,1024,/Users/vinroger/DATA/STUDY/latihan/about/exa-interview/e2e-inverted-bitplane-project/data/prefix-study-2026-09-13/pools/qwen-quora-d256/routers/ivf-1024-seed42,main-s00375,100,73,1,1000,1,True,True,0.18062,0.16416649987149867,0.32263329917441286,194.91246999223222,0.16416649987149867,0.16416649987149867,0.16416649987149867,23008964,104873984,2141.155,0.0,0.0,0.0,10.032,1464.672,6.968,16,1000,,,,
prefix,1024,/Users/vinroger/DATA/STUDY/latihan/about/exa-interview/e2e-inverted-bitplane-project/data/prefix-study-2026-09-13/pools/qwen-quora-d256/routers/ivf-1024-seed42,main-s00357,10,1024,1,1000,1,True,True,0.7045,8.398770999974658,14.035025000157475,8615.986122998947,8.398770999974658,8.398770999974658,8.398770999974658,23008964,104873984,182133.576,0.0,0.0,0.0,14.207,29095.936,2.793,16,100000,,,,
prefix,1024,/Users/vinroger/DATA/STUDY/latihan/about/exa-interview/e2e-inverted-bitplane-project/data/prefix-study-2026-09-13/pools/qwen-quora-d256/routers/ivf-1024-seed42,main-s00322,1,22,1,1000,1,True,True,0.991,0.5177499997444102,0.5932496994319081,517.890443995384,0.5177499997444102,0.5177499997444102,0.5177499997444102,23008964,104873984,11654.966,0.0,0.0,0.0,17.0,704.0,0.0,16,100000,,,,
prefix,1024,/Users/vinroger/DATA/STUDY/latihan/about/exa-interview/e2e-inverted-bitplane-project/data/prefix-study-2026-09-13/pools/qwen-quora-d256/routers/ivf-1024-seed42,main-s00370,100,32,1,1000,1,True,True,0.25936,0.1366460001008818,0.3342347994930605,162.2259810274045,0.1366460001008818,0.1366460001008818,0.1366460001008818,23008964,104873984,2062.657,0.0,0.0,0.0,11.257,720.448,5.743,16,1000,,,,
prefix,1024,/Users/vinroger/DATA/STUDY/latihan/about/exa-interview/e2e-inverted-bitplane-project/data/prefix-study-2026-09-13/pools/qwen-quora-d256/routers/ivf-1024-seed42,main-s00349,10,30,1,1000,1,True,True,0.9504,0.6980419998399157,0.7875461496951175,696.1350960000345,0.6980419998399157,0.6980419998399157,0.6980419998399157,23008964,104873984,15809.566,0.0,0.0,0.0,17.0,960.0,0.0,16,0,,,,
prefix,1024,/Users/vinroger/DATA/STUDY/latihan/about/exa-interview/e2e-inverted-bitplane-project/data/prefix-study-2026-09-13/pools/qwen-quora-d256/routers/ivf-1024-seed42,main-s00363,100,2,1,1000,1,True,True,0.56452,0.09633300032874104,0.12473300075725999,98.3239770102955,0.09633300032874104,0.09633300032874104,0.09633300032874104,23008964,104873984,1132.15,0.0,0.0,0.0,17.0,64.0,0.0,16,261465,,,,
prefix,1024,/Users/vinroger/DATA/STUDY/latihan/about/exa-interview/e2e-inverted-bitplane-project/data/prefix-study-2026-09-13/pools/qwen-quora-d256/routers/ivf-1024-seed42,main-s00339,10,4,1,1000,1,True,True,0.8045,0.12489600021581282,0.15922884977044302,126.66785000510572,0.12489600021581282,0.12489600021581282,0.12489600021581282,23008964,104873984,2220.636,0.0,0.0,0.0,17.0,128.0,0.0,16,0,,,,
prefix,1024,/Users/vinroger/DATA/STUDY/latihan/about/exa-interview/e2e-inverted-bitplane-project/data/prefix-study-2026-09-13/pools/qwen-quora-d256/routers/ivf-1024-seed42,main-s00307,1,2,1,1000,1,True,True,0.855,0.07445899973390624,0.09975420011869574,76.22565099245548,0.07445899973390624,0.07445899973390624,0.07445899973390624,23008964,104873984,1132.15,0.0,0.0,0.0,17.0,64.0,0.0,16,100000,,,,
prefix,1024,/Users/vinroger/DATA/STUDY/latihan/about/exa-interview/e2e-inverted-bitplane-project/data/prefix-study-2026-09-13/pools/qwen-quora-d256/routers/ivf-1024-seed42,main-s00340,10,12,1,1000,1,True,True,0.5328,0.10687450003388221,0.21072884997010985,122.51351299619273,0.10687450003388221,0.10687450003388221,0.10687450003388221,23008964,104873984,1956.408,0.0,0.0,0.0,12.899,309.552,4.101,16,1000,,,,
prefix,1024,/Users/vinroger/DATA/STUDY/latihan/about/exa-interview/e2e-inverted-bitplane-project/data/prefix-study-2026-09-13/pools/qwen-quora-d256/routers/ivf-1024-seed42,main-s00380,100,261,1,1000,1,True,True,0.12289,0.28406249975887476,0.711829499368832,363.3762200106503,0.28406249975887476,0.28406249975887476,0.28406249975887476,23008964,104873984,3417.747,0.0,0.0,0.0,8.432,4401.504,8.568,16,1000,,,,
prefix,1024,/Users/vinroger/DATA/STUDY/latihan/about/exa-interview/e2e-inverted-bitplane-project/data/prefix-study-2026-09-13/pools/qwen-quora-d256/routers/ivf-1024-seed42,main-s00346,10,30,1,1000,1,True,True,0.9196,0.6533544997182616,0.7704881498284522,627.149581005142,0.6533544997182616,0.6533544997182616,0.6533544997182616,23008964,104873984,14007.041,0.0,0.0,0.0,16.524,952.38,0.476,16,10000,,,,
prefix,1024,/Users/vinroger/DATA/STUDY/latihan/about/exa-interview/e2e-inverted-bitplane-project/data/prefix-study-2026-09-13/pools/qwen-quora-d256/routers/ivf-1024-seed42,main-s00337,10,4,1,1000,1,True,True,0.8045,0.1253329996870889,0.16005209963623196,126.74315901585942,0.1253329996870889,0.1253329996870889,0.1253329996870889,23008964,104873984,2220.636,0.0,0.0,0.0,17.0,128.0,0.0,16,100000,,,,
prefix,1024,/Users/vinroger/DATA/STUDY/latihan/about/exa-interview/e2e-inverted-bitplane-project/data/prefix-study-2026-09-13/pools/qwen-quora-d256/routers/ivf-1024-seed42,main-s00374,100,32,1,1000,1,True,True,0.90099,0.777520499923412,0.866339900812818,772.7373030202216,0.777520499923412,0.777520499923412,0.777520499923412,23008964,104873984,16842.494,0.0,0.0,0.0,17.0,1024.0,0.0,16,0,,,,
prefix,1024,/Users/vinroger/DATA/STUDY/latihan/about/exa-interview/e2e-inverted-bitplane-project/data/prefix-study-2026-09-13/pools/qwen-quora-d256/routers/ivf-1024-seed42,main-s00389,100,1024,1,1000,1,True,True,1.0,22.226145999866276,22.91407114962567,22285.89200398619,22.226145999866276,22.226145999866276,22.226145999866276,23008964,104873984,522931.0,0.0,0.0,0.0,17.0,32768.0,0.0,16,0,,,,
prefix,1024,/Users/vinroger/DATA/STUDY/latihan/about/exa-interview/e2e-inverted-bitplane-project/data/prefix-study-2026-09-13/pools/qwen-quora-d256/routers/ivf-1024-seed42,main-s00381,100,261,1,1000,1,True,True,0.3638,0.8752710000408115,2.671177400179657,1123.8943650214424,0.8752710000408115,0.8752710000408115,0.8752710000408115,23008964,104873984,20389.46,0.0,0.0,0.0,12.263,6401.286,4.737,16,10000,,,,
prefix,1024,/Users/vinroger/DATA/STUDY/latihan/about/exa-interview/e2e-inverted-bitplane-project/data/prefix-study-2026-09-13/pools/qwen-quora-d256/routers/ivf-1024-seed42,main-s00387,100,1024,1,1000,1,True,True,0.62072,8.454146000076435,14.08593575051782,8642.226112008757,8.454146000076435,8.454146000076435,8.454146000076435,23008964,104873984,182133.576,0.0,0.0,0.0,14.207,29095.936,2.793,16,100000,,,,
prefix,1024,/Users/vinroger/DATA/STUDY/latihan/about/exa-interview/e2e-inverted-bitplane-project/data/prefix-study-2026-09-13/pools/qwen-quora-d256/routers/ivf-1024-seed42,main-s00331,10,1,1,1000,1,True,True,0.5705,0.05258349983705557,0.06885270054226565,53.725466991636495,0.05258349983705557,0.05258349983705557,0.05258349983705557,23008964,104873984,575.399,0.0,0.0,0.0,17.0,32.0,0.0,16,10000,,,,
prefix,1024,/Users/vinroger/DATA/STUDY/latihan/about/exa-interview/e2e-inverted-bitplane-project/data/prefix-study-2026-09-13/pools/qwen-quora-d256/routers/ivf-1024-seed42,main-s00342,10,12,1,1000,1,True,True,0.9031,0.30112499962342554,0.36416874959286355,303.84093201428186,0.30112499962342554,0.30112499962342554,0.30112499962342554,23008964,104873984,6450.832,0.0,0.0,0.0,17.0,384.0,0.0,16,100000,,,,
prefix,1024,/Users/vinroger/DATA/STUDY/latihan/about/exa-interview/e2e-inverted-bitplane-project/data/prefix-study-2026-09-13/pools/qwen-quora-d256/routers/ivf-1024-seed42,main-s00341,10,12,1,1000,1,True,True,0.9031,0.3019795003638137,0.3695996500482579,304.65096900024946,0.3019795003638137,0.3019795003638137,0.3019795003638137,23008964,104873984,6450.832,0.0,0.0,0.0,17.0,384.0,0.0,16,10000,,,,
prefix,1024,/Users/vinroger/DATA/STUDY/latihan/about/exa-interview/e2e-inverted-bitplane-project/data/prefix-study-2026-09-13/pools/qwen-quora-d256/routers/ivf-1024-seed42,main-s00364,100,2,1,1000,1,True,True,0.56452,0.09666599999036407,0.1260083499346365,98.8028670053609,0.09666599999036407,0.09666599999036407,0.09666599999036407,23008964,104873984,1132.15,0.0,0.0,0.0,17.0,64.0,0.0,16,0,,,,
prefix,1024,/Users/vinroger/DATA/STUDY/latihan/about/exa-interview/e2e-inverted-bitplane-project/data/prefix-study-2026-09-13/pools/qwen-quora-d256/routers/ivf-1024-seed42,main-s00317,1,6,1,1000,1,True,True,0.953,0.16979150041152025,0.21328335033103937,171.69359200215695,0.16979150041152025,0.16979150041152025,0.16979150041152025,23008964,104873984,3287.607,0.0,0.0,0.0,17.0,192.0,0.0,16,100000,,,,
prefix,1024,/Users/vinroger/DATA/STUDY/latihan/about/exa-interview/e2e-inverted-bitplane-project/data/prefix-study-2026-09-13/pools/qwen-quora-d256/routers/ivf-1024-seed42,main-s00324,1,22,1,1000,1,True,True,0.991,0.5194374998609419,0.597212149796178,519.6427080081776,0.5194374998609419,0.5194374998609419,0.5194374998609419,23008964,104873984,11654.966,0.0,0.0,0.0,17.0,704.0,0.0,16,0,,,,
prefix,1024,/Users/vinroger/DATA/STUDY/latihan/about/exa-interview/e2e-inverted-bitplane-project/data/prefix-study-2026-09-13/pools/qwen-quora-d256/routers/ivf-1024-seed42,main-s00329,1,1024,1,1000,1,True,True,1.0,22.160270500080514,22.844822599836334,22224.248365990206,22.160270500080514,22.160270500080514,22.160270500080514,23008964,104873984,522931.0,0.0,0.0,0.0,17.0,32768.0,0.0,16,0,,,,
prefix,1024,/Users/vinroger/DATA/STUDY/latihan/about/exa-interview/e2e-inverted-bitplane-project/data/prefix-study-2026-09-13/pools/qwen-quora-d256/routers/ivf-1024-seed42,main-s00326,1,1024,1,1000,1,True,True,0.426,1.4571459996659542,2.3730413496195975,1733.971034995193,1.4571459996659542,1.4571459996659542,1.4571459996659542,23008964,104873984,22304.981,0.0,0.0,0.0,10.715,21944.32,6.285,16,10000,,,,
prefix,1024,/Users/vinroger/DATA/STUDY/latihan/about/exa-interview/e2e-inverted-bitplane-project/data/prefix-study-2026-09-13/pools/qwen-quora-d256/routers/ivf-1024-seed42,main-s00335,10,4,1,1000,1,True,True,0.6892,0.0928544995986158,0.13256489987725215,97.05519397266471,0.0928544995986158,0.0928544995986158,0.0928544995986158,23008964,104873984,1512.418,0.0,0.0,0.0,15.106,118.896,1.894,16,1000,,,,
prefix,1024,/Users/vinroger/DATA/STUDY/latihan/about/exa-interview/e2e-inverted-bitplane-project/data/prefix-study-2026-09-13/pools/qwen-quora-d256/routers/ivf-1024-seed42,main-s00336,10,4,1,1000,1,True,True,0.8045,0.1244165000571229,0.1600420000613667,126.47794398344558,0.1244165000571229,0.1244165000571229,0.1244165000571229,23008964,104873984,2220.636,0.0,0.0,0.0,17.0,128.0,0.0,16,10000,,,,
prefix,1024,/Users/vinroger/DATA/STUDY/latihan/about/exa-interview/e2e-inverted-bitplane-project/data/prefix-study-2026-09-13/pools/qwen-quora-d256/routers/ivf-1024-seed42,main-s00358,10,1024,1,1000,1,True,True,0.9107,14.148854500035668,22.97137049995399,17846.281616997658,14.148854500035668,14.148854500035668,14.148854500035668,23008964,104873984,405667.71,0.0,0.0,0.0,16.455,32768.0,0.545,16,261465,,,,
prefix,1024,/Users/vinroger/DATA/STUDY/latihan/about/exa-interview/e2e-inverted-bitplane-project/data/prefix-study-2026-09-13/pools/qwen-quora-d256/routers/ivf-1024-seed42,main-s00311,1,3,1,1000,1,True,True,0.906,0.09837500010689837,0.12796425012311374,99.72838100020454,0.09837500010689837,0.09837500010689837,0.09837500010689837,23008964,104873984,1679.939,0.0,0.0,0.0,17.0,96.0,0.0,16,10000,,,,
prefix,1024,/Users/vinroger/DATA/STUDY/latihan/about/exa-interview/e2e-inverted-bitplane-project/data/prefix-study-2026-09-13/pools/qwen-quora-d256/routers/ivf-1024-seed42,main-s00314,1,3,1,1000,1,True,True,0.906,0.09852099992713192,0.12837710069106834,100.21217000667093,0.09852099992713192,0.09852099992713192,0.09852099992713192,23008964,104873984,1679.939,0.0,0.0,0.0,17.0,96.0,0.0,16,0,,,,
prefix,1024,/Users/vinroger/DATA/STUDY/latihan/about/exa-interview/e2e-inverted-bitplane-project/data/prefix-study-2026-09-13/pools/qwen-quora-d256/routers/ivf-1024-seed42,main-s00304,1,1,1,1000,1,True,True,0.729,0.050666500101215206,0.06593570005861692,51.42823999267421,0.050666500101215206,0.050666500101215206,0.050666500101215206,23008964,104873984,575.399,0.0,0.0,0.0,17.0,32.0,0.0,16,0,,,,
prefix,1024,/Users/vinroger/DATA/STUDY/latihan/about/exa-interview/e2e-inverted-bitplane-project/data/prefix-study-2026-09-13/pools/qwen-quora-d256/routers/ivf-1024-seed42,main-s00306,1,2,1,1000,1,True,True,0.855,0.07487499988201307,0.09996839976338377,76.6486039983647,0.07487499988201307,0.07487499988201307,0.07487499988201307,23008964,104873984,1132.15,0.0,0.0,0.0,17.0,64.0,0.0,16,10000,,,,
prefix,1024,/Users/vinroger/DATA/STUDY/latihan/about/exa-interview/e2e-inverted-bitplane-project/data/prefix-study-2026-09-13/pools/qwen-quora-d256/routers/ivf-1024-seed42,main-s00371,100,32,1,1000,1,True,True,0.83341,0.6777079997846158,0.8403568997891853,666.6166280183461,0.6777079997846158,0.6777079997846158,0.6777079997846158,23008964,104873984,14103.033,0.0,0.0,0.0,16.307,1009.088,0.693,16,10000,,,,
prefix,1024,/Users/vinroger/DATA/STUDY/latihan/about/exa-interview/e2e-inverted-bitplane-project/data/prefix-study-2026-09-13/pools/qwen-quora-d256/routers/ivf-1024-seed42,main-s00356,10,1024,1,1000,1,True,True,0.3116,1.4705840003443882,2.3846500004765403,1747.5909089844208,1.4705840003443882,1.4705840003443882,1.4705840003443882,23008964,104873984,22304.981,0.0,0.0,0.0,10.715,21944.32,6.285,16,10000,,,,
prefix,1024,/Users/vinroger/DATA/STUDY/latihan/about/exa-interview/e2e-inverted-bitplane-project/data/prefix-study-2026-09-13/pools/qwen-quora-d256/routers/ivf-1024-seed42,main-s00310,1,3,1,1000,1,True,True,0.872,0.08525000021109008,0.11075830016125109,87.3094640128329,0.08525000021109008,0.08525000021109008,0.08525000021109008,23008964,104873984,1376.092,0.0,0.0,0.0,15.89,92.418,1.11,16,1000,,,,
prefix,1024,/Users/vinroger/DATA/STUDY/latihan/about/exa-interview/e2e-inverted-bitplane-project/data/prefix-study-2026-09-13/pools/qwen-quora-d256/routers/ivf-1024-seed42,main-s00319,1,6,1,1000,1,True,True,0.953,0.1680625000517466,0.2097360500556533,169.6423169960326,0.1680625000517466,0.1680625000517466,0.1680625000517466,23008964,104873984,3287.607,0.0,0.0,0.0,17.0,192.0,0.0,16,0,,,,
prefix,1024,/Users/vinroger/DATA/STUDY/latihan/about/exa-interview/e2e-inverted-bitplane-project/data/prefix-study-2026-09-13/pools/qwen-quora-d256/routers/ivf-1024-seed42,main-s00334,10,1,1,1000,1,True,True,0.5705,0.05237499999566353,0.0684631495460053,53.56450700037385,0.05237499999566353,0.05237499999566353,0.05237499999566353,23008964,104873984,575.399,0.0,0.0,0.0,17.0,32.0,0.0,16,0,,,,
prefix,1024,/Users/vinroger/DATA/STUDY/latihan/about/exa-interview/e2e-inverted-bitplane-project/data/prefix-study-2026-09-13/pools/qwen-quora-d256/routers/ivf-1024-seed42,main-s00377,100,73,1,1000,1,True,True,0.95022,1.6641875004097528,1.8288940501861362,1667.3835250085176,1.6641875004097528,1.6641875004097528,1.6641875004097528,23008964,104873984,38035.578,0.0,0.0,0.0,17.0,2336.0,0.0,16,100000,,,,
prefix,1024,/Users/vinroger/DATA/STUDY/latihan/about/exa-interview/e2e-inverted-bitplane-project/data/prefix-study-2026-09-13/pools/qwen-quora-d256/routers/ivf-1024-seed42,main-s00378,100,73,1,1000,1,True,True,0.95022,1.667812500272703,1.8274420006036962,1670.539656002802,1.667812500272703,1.667812500272703,1.667812500272703,23008964,104873984,38035.578,0.0,0.0,0.0,17.0,2336.0,0.0,16,261465,,,,
prefix,1024,/Users/vinroger/DATA/STUDY/latihan/about/exa-interview/e2e-inverted-bitplane-project/data/prefix-study-2026-09-13/pools/qwen-quora-d256/routers/ivf-1024-seed42,main-s00376,100,73,1,1000,1,True,True,0.61157,0.7537709998359787,1.1826732497411285,803.2520090100661,0.7537709998359787,0.7537709998359787,0.7537709998359787,23008964,104873984,16422.005,0.0,0.0,0.0,14.123,2061.812,2.877,16,10000,,,,
prefix,1024,/Users/vinroger/DATA/STUDY/latihan/about/exa-interview/e2e-inverted-bitplane-project/data/prefix-study-2026-09-13/pools/qwen-quora-d256/routers/ivf-1024-seed42,main-s00330,10,1,1,1000,1,True,True,0.5704,0.05283349946694216,0.06866905000606494,53.69759900622739,0.05283349946694216,0.05283349946694216,0.05283349946694216,23008964,104873984,573.77,0.0,0.0,0.0,16.99,31.996,0.01,16,1000,,,,
prefix,1024,/Users/vinroger/DATA/STUDY/latihan/about/exa-interview/e2e-inverted-bitplane-project/data/prefix-study-2026-09-13/pools/qwen-quora-d256/routers/ivf-1024-seed42,main-s00360,100,2,1,1000,1,True,True,0.55395,0.09541700046611368,0.11572885046007285,96.03724699263694,0.09541700046611368,0.09541700046611368,0.09541700046611368,23008964,104873984,1080.071,0.0,0.0,0.0,16.696,63.36,0.304,16,1000,,,,
prefix,1024,/Users/vinroger/DATA/STUDY/latihan/about/exa-interview/e2e-inverted-bitplane-project/data/prefix-study-2026-09-13/pools/qwen-quora-d256/routers/ivf-1024-seed42,main-s00369,100,11,1,1000,1,True,True,0.80796,0.3109794997726567,0.37438540030052536,313.3210590076487,0.3109794997726567,0.3109794997726567,0.3109794997726567,23008964,104873984,5938.633,0.0,0.0,0.0,17.0,352.0,0.0,16,0,,,,
prefix,1024,/Users/vinroger/DATA/STUDY/latihan/about/exa-interview/e2e-inverted-bitplane-project/data/prefix-study-2026-09-13/pools/qwen-quora-d256/routers/ivf-1024-seed42,main-s00373,100,32,1,1000,1,True,True,0.90099,0.7798125002409506,0.8710291501756728,775.0552690104087,0.7798125002409506,0.7798125002409506,0.7798125002409506,23008964,104873984,16842.494,0.0,0.0,0.0,17.0,1024.0,0.0,16,261465,,,,
prefix,1024,/Users/vinroger/DATA/STUDY/latihan/about/exa-interview/e2e-inverted-bitplane-project/data/prefix-study-2026-09-13/pools/qwen-quora-d256/routers/ivf-1024-seed42,main-s00303,1,1,1,1000,1,True,True,0.729,0.05000000010113581,0.06497885060525731,50.91401800109452,0.05000000010113581,0.05000000010113581,0.05000000010113581,23008964,104873984,575.399,0.0,0.0,0.0,17.0,32.0,0.0,16,261465,,,,
prefix,1024,/Users/vinroger/DATA/STUDY/latihan/about/exa-interview/e2e-inverted-bitplane-project/data/prefix-study-2026-09-13/pools/qwen-quora-d256/routers/ivf-1024-seed42,main-s00352,10,135,1,1000,1,True,True,0.9902,2.9821875000379805,3.2281743496696436,2985.7122009989325,2.9821875000379805,2.9821875000379805,2.9821875000379805,23008964,104873984,69787.176,0.0,0.0,0.0,17.0,4320.0,0.0,16,100000,,,,
prefix,1024,/Users/vinroger/DATA/STUDY/latihan/about/exa-interview/e2e-inverted-bitplane-project/data/prefix-study-2026-09-13/pools/qwen-quora-d256/routers/ivf-1024-seed42,main-s00316,1,6,1,1000,1,True,True,0.953,0.16824999966047471,0.21313125030246738,169.85167499751697,0.16824999966047471,0.16824999966047471,0.16824999966047471,23008964,104873984,3287.607,0.0,0.0,0.0,17.0,192.0,0.0,16,10000,,,,
prefix,1024,/Users/vinroger/DATA/STUDY/latihan/about/exa-interview/e2e-inverted-bitplane-project/data/prefix-study-2026-09-13/pools/qwen-quora-d256/routers/ivf-1024-seed42,main-s00365,100,11,1,1000,1,True,True,0.41052,0.12679149995165062,0.22951250039113802,142.497346005257,0.12679149995165062,0.12679149995165062,0.12679149995165062,23008964,104873984,1929.187,0.0,0.0,0.0,13.045,286.946,3.955,16,1000,,,,
prefix,1024,/Users/vinroger/DATA/STUDY/latihan/about/exa-interview/e2e-inverted-bitplane-project/data/prefix-study-2026-09-13/pools/qwen-quora-d256/routers/ivf-1024-seed42,main-s00327,1,1024,1,1000,1,True,True,0.8,8.454832999632345,14.04293065006641,8619.372743003623,8.454832999632345,8.454832999632345,8.454832999632345,23008964,104873984,182133.576,0.0,0.0,0.0,14.207,29095.936,2.793,16,100000,,,,
prefix,1024,/Users/vinroger/DATA/STUDY/latihan/about/exa-interview/e2e-inverted-bitplane-project/data/prefix-study-2026-09-13/pools/qwen-quora-d256/routers/ivf-1024-seed42,main-s00366,100,11,1,1000,1,True,True,0.80796,0.30860450033287634,0.37171010071688215,311.665169000662,0.30860450033287634,0.30860450033287634,0.30860450033287634,23008964,104873984,5938.633,0.0,0.0,0.0,17.0,352.0,0.0,16,10000,,,,
prefix,1024,/Users/vinroger/DATA/STUDY/latihan/about/exa-interview/e2e-inverted-bitplane-project/data/prefix-study-2026-09-13/pools/qwen-quora-d256/routers/ivf-1024-seed42,main-s00383,100,261,1,1000,1,True,True,0.99007,5.732978999731131,6.116954499429994,5748.121810981502,5.732978999731131,5.732978999731131,5.732978999731131,23008964,104873984,134204.197,0.0,0.0,0.0,17.0,8352.0,0.0,16,261465,,,,
prefix,1024,/Users/vinroger/DATA/STUDY/latihan/about/exa-interview/e2e-inverted-bitplane-project/data/prefix-study-2026-09-13/pools/qwen-quora-d256/routers/ivf-1024-seed42,main-s00333,10,1,1,1000,1,True,True,0.5705,0.052458000027399976,0.06829199992353097,53.50660199928825,0.052458000027399976,0.052458000027399976,0.052458000027399976,23008964,104873984,575.399,0.0,0.0,0.0,17.0,32.0,0.0,16,261465,,,,
prefix,1024,/Users/vinroger/DATA/STUDY/latihan/about/exa-interview/e2e-inverted-bitplane-project/data/prefix-study-2026-09-13/pools/qwen-quora-d256/routers/ivf-1024-seed42,main-s00347,10,30,1,1000,1,True,True,0.9504,0.698521000231267,0.790854800334273,697.1490539881415,0.698521000231267,0.698521000231267,0.698521000231267,23008964,104873984,15809.566,0.0,0.0,0.0,17.0,960.0,0.0,16,100000,,,,
prefix,1024,/Users/vinroger/DATA/STUDY/latihan/about/exa-interview/e2e-inverted-bitplane-project/data/prefix-study-2026-09-13/pools/qwen-quora-d256/routers/ivf-1024-seed42,main-s00362,100,2,1,1000,1,True,True,0.56452,0.09660449995863019,0.12600414993357845,98.37826798775495,0.09660449995863019,0.09660449995863019,0.09660449995863019,23008964,104873984,1132.15,0.0,0.0,0.0,17.0,64.0,0.0,16,100000,,,,
prefix,1024,/Users/vinroger/DATA/STUDY/latihan/about/exa-interview/e2e-inverted-bitplane-project/data/prefix-study-2026-09-13/pools/qwen-quora-d256/routers/ivf-1024-seed42,main-s00372,100,32,1,1000,1,True,True,0.90099,0.7778124995638791,0.8753791498747887,773.5587849838339,0.7778124995638791,0.7778124995638791,0.7778124995638791,23008964,104873984,16842.494,0.0,0.0,0.0,17.0,1024.0,0.0,16,100000,,,,
prefix,1024,/Users/vinroger/DATA/STUDY/latihan/about/exa-interview/e2e-inverted-bitplane-project/data/prefix-study-2026-09-13/pools/qwen-quora-d256/routers/ivf-1024-seed42,main-s00388,100,1024,1,1000,1,True,True,0.88242,14.114458499989269,22.968195850125994,17850.08032598853,14.114458499989269,14.114458499989269,14.114458499989269,23008964,104873984,405667.71,0.0,0.0,0.0,16.455,32768.0,0.545,16,261465,,,,
prefix,1024,/Users/vinroger/DATA/STUDY/latihan/about/exa-interview/e2e-inverted-bitplane-project/data/prefix-study-2026-09-13/pools/qwen-quora-d256/routers/ivf-1024-seed42,main-s00318,1,6,1,1000,1,True,True,0.953,0.16766699991421774,0.2111774000695732,169.82180101240374,0.16766699991421774,0.16766699991421774,0.16766699991421774,23008964,104873984,3287.607,0.0,0.0,0.0,17.0,192.0,0.0,16,261465,,,,
prefix,1024,/Users/vinroger/DATA/STUDY/latihan/about/exa-interview/e2e-inverted-bitplane-project/data/prefix-study-2026-09-13/pools/qwen-quora-d256/routers/ivf-1024-seed42,main-s00382,100,261,1,1000,1,True,True,0.99007,5.736437500218017,6.092658299849063,5742.645245004496,5.736437500218017,5.736437500218017,5.736437500218017,23008964,104873984,134204.197,0.0,0.0,0.0,17.0,8352.0,0.0,16,100000,,,,
prefix,1024,/Users/vinroger/DATA/STUDY/latihan/about/exa-interview/e2e-inverted-bitplane-project/data/prefix-study-2026-09-13/pools/qwen-quora-d256/routers/ivf-1024-seed42,main-s00321,1,22,1,1000,1,True,True,0.991,0.5153749998498824,0.5917340002270066,515.2045760078181,0.5153749998498824,0.5153749998498824,0.5153749998498824,23008964,104873984,11615.838,0.0,0.0,0.0,16.984,704.0,0.016,16,10000,,,,
