query,top_k,query_l1,kth_score,gap,optimistic_min_depth
0,1,12.187605327257188,9.304087596217869,2.883517731039319,9
1,1,12.424099742376711,10.208192954363767,2.215906788012944,7
2,1,11.939060263626743,10.015166487137321,1.9238937764894217,5
3,1,12.076939396909438,9.131657811929472,2.9452815849799663,8
4,1,11.730767106200801,10.586070874211146,1.1446962319896556,3
5,1,11.82388927572174,10.14974010939477,1.6741491663269699,4
6,1,12.145182038890198,11.089885828550905,1.0552962103392929,3
7,1,12.687992284831125,11.66328508395236,1.0247072008787654,3
8,1,12.025127745844657,11.092221924423939,0.932905821420718,3
9,1,12.04759616596857,9.81796092435252,2.2296352416160516,6
10,1,12.429978044921882,10.756271908656345,1.6737061362655368,5
11,1,12.216335613920819,10.92647617025068,1.2898594436701387,4
12,1,12.176741268427577,9.878426420327742,2.298314848099835,7
13,1,12.47733511714614,11.042911877477309,1.4344232396688312,4
14,1,12.512258212052984,9.702743411675328,2.8095148003776558,9
15,1,12.489067684771726,10.321490149042802,2.167577535728924,7
16,1,11.95063240735908,10.420897688978584,1.529734718380496,4
17,1,12.568967668368714,10.17958954841015,2.3893781199585646,8
18,1,11.985340781742707,10.170905389881227,1.8144353918614797,5
19,1,12.384388601003593,11.492723247440154,0.8916653535634396,2
20,1,11.850610926456284,10.87894830579171,0.9716626206645742,2
21,1,12.44311232297332,9.881523479270982,2.5615888437023386,8
22,1,11.760337896055717,10.349267481600691,1.4110704144550255,4
23,1,12.535239656514022,10.368796389346244,2.1664432671677787,6
24,1,12.461924873670796,10.558804854663322,1.9031200190074742,6
25,1,12.80563744979736,11.929101009882288,0.8765364399150712,3
26,1,11.965019254043,10.83107441329048,1.1339448407525197,3
27,1,12.319609554251656,9.151254788856022,3.168354765395634,9
28,1,12.602137459201913,11.911354381220008,0.6907830779819051,2
29,1,12.709167694127245,11.289481810432335,1.4196858836949104,5
30,1,12.192330498975934,10.875478593603475,1.3168519053724594,4
31,1,12.08769668309833,10.024787109548924,2.0629095735494047,5
0,10,12.187605327257188,7.373906812426867,4.813698514830321,16
1,10,12.424099742376711,6.523301769339014,5.900797973037697,21
2,10,11.939060263626743,8.737030486634467,3.2020297769922763,9
3,10,12.076939396909438,8.381114692543633,3.695824704365805,11
4,10,11.730767106200801,9.05483175473637,2.6759353514644317,7
5,10,11.82388927572174,8.912196621822659,2.911692653899081,8
6,10,12.145182038890198,8.636942646000534,3.5082393928896636,11
7,10,12.687992284831125,8.138559983461164,4.549432301369961,16
8,10,12.025127745844657,9.470417504751822,2.5547102410928346,7
9,10,12.04759616596857,9.071372137230355,2.9762240287382156,9
10,10,12.429978044921882,7.8999889330152655,4.529989111906616,16
11,10,12.216335613920819,8.837956533476245,3.3783790804445744,11
12,10,12.176741268427577,8.469998622138519,3.706742646289058,12
13,10,12.47733511714614,7.516498178098118,4.960836939048022,17
14,10,12.512258212052984,6.676936901843874,5.83532131020911,21
15,10,12.489067684771726,9.935147679090733,2.553920005680993,9
16,10,11.95063240735908,7.675418146915035,4.275214260444045,14
17,10,12.568967668368714,9.036806804389926,3.5321608639787883,12
18,10,11.985340781742707,8.57490133238025,3.410439449362457,10
19,10,12.384388601003593,7.018442097523803,5.36594650347979,19
20,10,11.850610926456284,10.291272386733908,1.5593385397223756,4
21,10,12.44311232297332,8.721803466585698,3.7213088563876227,12
22,10,11.760337896055717,9.618254923851055,2.142082972204662,6
23,10,12.535239656514022,9.342293159250403,3.1929464972636197,10
24,10,12.461924873670796,7.657890197675442,4.804034675995354,17
25,10,12.80563744979736,8.502287442533998,4.3033500072633615,16
26,10,11.965019254043,9.838304307340877,2.1267149467021227,5
27,10,12.319609554251656,7.865045526414178,4.454564027837478,14
28,10,12.602137459201913,7.765710994579422,4.836426464622491,17
29,10,12.709167694127245,10.388208845724876,2.3209588484023698,8
30,10,12.192330498975934,8.688856842491077,3.503473656484857,11
31,10,12.08769668309833,9.5050949708384,2.5826017122599296,7
0,100,12.187605327257188,6.489222885720665,5.698382441536523,20
1,100,12.424099742376711,5.900787150545511,6.5233125918312,24
2,100,11.939060263626743,6.788312882476021,5.1507473811507225,16
3,100,12.076939396909438,7.205334447906353,4.8716049490030855,16
4,100,11.730767106200801,7.574210537917679,4.156556568283122,12
5,100,11.82388927572174,7.789372105675284,4.034517170046456,13
6,100,12.145182038890198,7.660771791415755,4.484410247474443,15
7,100,12.687992284831125,7.494364519952796,5.193627764878329,19
8,100,12.025127745844657,8.094237845944008,3.9308898999006487,12
9,100,12.04759616596857,7.297245109279174,4.7503510566893965,16
10,100,12.429978044921882,6.311965366607183,6.118012678314699,22
11,100,12.216335613920819,7.346495562524069,4.86984005139675,17
12,100,12.176741268427577,7.365636400238145,4.811104868189432,16
13,100,12.47733511714614,5.964639232814079,6.512695884332061,24
14,100,12.512258212052984,5.3379650864808355,7.174293125572149,28
15,100,12.489067684771726,8.227606467000442,4.261461217771284,15
16,100,11.95063240735908,6.6823926780198235,5.268239729339257,17
17,100,12.568967668368714,7.0278501648281235,5.54111750354059,20
18,100,11.985340781742707,6.895349328871816,5.0899914528708905,16
19,100,12.384388601003593,6.248712478609377,6.135676122394216,23
20,100,11.850610926456284,8.735525758529548,3.115085167926736,8
21,100,12.44311232297332,6.716251649457263,5.726860673516057,20
22,100,11.760337896055717,7.067934066995804,4.692403829059913,14
23,100,12.535239656514022,8.043485669011716,4.491753987502307,15
24,100,12.461924873670796,6.420984392374521,6.040940481296275,23
25,100,12.80563744979736,6.257379579212284,6.548257870585076,25
26,100,11.965019254043,8.617595766932936,3.3474234871100634,9
27,100,12.319609554251656,6.102373617119156,6.2172359371325,22
28,100,12.602137459201913,6.709631061057735,5.892506398144178,22
29,100,12.709167694127245,9.051563524735684,3.6576041693915613,13
30,100,12.192330498975934,7.540766328078462,4.651564170897473,15
31,100,12.08769668309833,8.634549731592415,3.4531469515059143,10
32,1,11.934304119786248,9.883621239918284,2.0506828798679635,6
33,1,12.07058592652902,10.56763439567294,1.5029515308560804,5
34,1,12.193391148350202,10.013371631852351,2.1800195164978504,6
35,1,12.49391749035567,11.15503424720373,1.3388832431519404,4
36,1,11.76190948895237,7.831350004315027,3.9305594846373424,12
37,1,12.070044910651632,9.973717755987309,2.0963271546643227,6
38,1,12.323615483910544,10.770927409437718,1.552688074472826,4
39,1,12.364162286882674,11.87806991403977,0.4860923728429043,2
40,1,12.294606571813347,10.807849099423038,1.486757472390309,4
41,1,11.98382810568728,10.51469443955284,1.4691336661344394,4
42,1,12.671480115892336,10.841230383917718,1.830249731974618,6
43,1,12.124892470958002,10.87103772379487,1.2538547471631318,4
44,1,11.74301735334302,10.605091505545715,1.1379258477973053,3
45,1,12.331079854760901,9.867841371407849,2.4632384833530523,7
46,1,12.199955880118068,11.326285222312436,0.8736706578056328,3
47,1,12.1737502104952,9.582177194941323,2.5915730155538768,7
48,1,12.669430032517994,10.551656559080584,2.11777347343741,7
49,1,12.425159938051365,10.57567359006498,1.8494863479863852,6
50,1,12.393132012628485,10.976977661426645,1.4161543512018397,4
51,1,11.64382210173062,9.41805079227197,2.2257713094586506,6
52,1,11.985122321726521,9.238060975942062,2.7470613457844593,8
53,1,12.051523906306102,10.167508243746852,1.88401566255925,5
54,1,12.367463058282738,11.857557890980388,0.5099051673023496,2
55,1,12.334506241197232,9.912463338521775,2.4220429026754573,7
56,1,12.068809414253337,9.654615329141961,2.414194085111376,7
57,1,12.327956297380297,10.547209622283845,1.7807466750964522,5
58,1,12.183646453951951,9.469747709808871,2.71389874414308,7
59,1,11.928950465924572,10.004396652395371,1.9245538135292009,5
60,1,12.04128195913654,8.890232813057082,3.1510491460794583,9
61,1,12.434757318347692,10.460617780219764,1.974139538127929,6
62,1,11.996067611893523,8.479844502013293,3.5162231098802295,11
63,1,12.273644209722988,10.129796781227924,2.1438474284950644,7
32,10,11.934304119786248,8.49432234512642,3.4399817746598274,10
33,10,12.07058592652902,9.656100506777875,2.414485419751145,7
34,10,12.193391148350202,7.476111458498053,4.717279689852148,16
35,10,12.49391749035567,7.84304396819789,4.650873522157781,15
36,10,11.76190948895237,6.871313561467105,4.890595927485265,15
37,10,12.070044910651632,9.086708965012804,2.983335945638828,10
38,10,12.323615483910544,9.229174172069179,3.094441311841365,9
39,10,12.364162286882674,9.527710686909813,2.836451599972861,9
40,10,12.294606571813347,7.543865926301805,4.7507406455115415,16
41,10,11.98382810568728,8.78413893475954,3.1996891709277406,10
42,10,12.671480115892336,9.231915257714718,3.4395648581776186,12
43,10,12.124892470958002,10.31587663602113,1.8090158349368721,5
44,10,11.74301735334302,7.614082158463134,4.128935194879887,13
45,10,12.331079854760901,7.9377713140129345,4.393308540747967,15
46,10,12.199955880118068,8.124517851800192,4.075438028317876,14
47,10,12.1737502104952,6.561151123663876,5.612599086831324,19
48,10,12.669430032517994,6.9766953690268565,5.692734663491137,21
49,10,12.425159938051365,7.277725366177037,5.147434571874328,18
50,10,12.393132012628485,8.741096405487042,3.6520356071414426,11
51,10,11.64382210173062,6.625925444735913,5.017896656994708,16
52,10,11.985122321726521,8.284372977359453,3.7007493443670683,11
53,10,12.051523906306102,8.585759448400495,3.465764457905607,11
54,10,12.367463058282738,8.835320030528237,3.5321430277545005,11
55,10,12.334506241197232,7.352659537515137,4.981846703682095,17
56,10,12.068809414253337,6.92738205337082,5.141427360882517,17
57,10,12.327956297380297,9.953350675703405,2.374605621676892,7
58,10,12.183646453951951,8.3571963175782,3.826450136373751,11
59,10,11.928950465924572,8.543116204964463,3.3858342609601095,9
60,10,12.04128195913654,8.340866915859806,3.7004150432767347,11
61,10,12.434757318347692,9.019837488885969,3.4149198294617236,11
62,10,11.996067611893523,7.8852817927108845,4.110785819182638,13
63,10,12.273644209722988,9.24963762727566,3.0240065824473277,10
32,100,11.934304119786248,7.305975495139137,4.628328624647111,15
33,100,12.07058592652902,7.783702293061651,4.286883633467369,14
34,100,12.193391148350202,6.43083535914775,5.762555789202452,20
35,100,12.49391749035567,6.508405836764723,5.985511653590947,21
36,100,11.76190948895237,6.037548922133283,5.724360566819087,19
37,100,12.070044910651632,7.393824829603545,4.676220081048086,16
38,100,12.323615483910544,7.922299342259066,4.401316141651478,14
39,100,12.364162286882674,8.204391830186978,4.159770456695696,14
40,100,12.294606571813347,6.685509069386171,5.609097502427176,20
41,100,11.98382810568728,6.460672786764917,5.523155318922363,19
42,100,12.671480115892336,8.088410103770002,4.5830700121223344,16
43,100,12.124892470958002,8.914273644164496,3.2106188267935067,10
44,100,11.74301735334302,6.925047887598339,4.817969465744682,15
45,100,12.331079854760901,6.903671421940089,5.427408432820812,19
46,100,12.199955880118068,6.828264042036608,5.3716918380814604,19
47,100,12.1737502104952,5.9090165388188325,6.2647336716763675,22
48,100,12.669430032517994,5.762185700179543,6.9072443323384505,27
49,100,12.425159938051365,6.120234537986107,6.304925400065258,24
50,100,12.393132012628485,7.204076467256527,5.189055545371957,17
51,100,11.64382210173062,5.49851530030719,6.14530680142343,20
52,100,11.985122321726521,7.6324827051430475,4.352639616583474,14
53,100,12.051523906306102,7.223250523336901,4.828273382969201,16
54,100,12.367463058282738,7.102743870389531,5.264719187893206,18
55,100,12.334506241197232,6.47523626225302,5.859269978944212,20
56,100,12.068809414253337,6.0107815746741835,6.058027839579154,21
57,100,12.327956297380297,8.223242960109928,4.104713337270368,13
58,100,12.183646453951951,6.402776755625382,5.780869698326569,20
59,100,11.928950465924572,7.280969826329965,4.647980639594607,14
60,100,12.04128195913654,7.49332033374958,4.547961625386961,14
61,100,12.434757318347692,7.683243064209819,4.751514254137874,15
62,100,11.996067611893523,7.070850725212949,4.925216886680573,16
63,100,12.273644209722988,8.405920672928914,3.867723536794074,13
64,1,12.573783247229585,10.273364718035737,2.3004185291938484,7
65,1,12.20601787303167,10.359534475268447,1.8464833977632225,5
66,1,12.140683642224758,9.802576322152163,2.338107320072595,7
67,1,12.198917979258113,11.18036290735472,1.0185550719033927,3
68,1,11.862092780007515,10.12948724324815,1.7326055367593654,5
69,1,12.516917772067245,8.92029808316147,3.5966196889057755,11
70,1,11.577446047274861,8.881362940825056,2.696083106449805,7
71,1,12.407566333233262,8.299305909822579,4.108260423410684,14
72,1,11.963343406678177,10.872329628909938,1.0910137777682394,3
73,1,12.42138427188911,10.96378828860179,1.4575959832873195,4
74,1,12.627870481686841,10.409266296781425,2.2186041849054163,7
75,1,12.063590218880563,9.6499723111192,2.4136179077613633,7
76,1,11.92403601971455,10.528747405391186,1.3952886143233627,3
77,1,12.403852878705948,10.824539747889503,1.5793131308164448,5
78,1,12.298967521754093,8.970537928282283,3.32842959347181,11
79,1,12.503771906194743,10.731566878093872,1.7722050281008705,5
80,1,12.189124374061066,9.50749129626638,2.681633077794686,8
81,1,12.265272748394636,8.938610948825954,3.326661799568683,10
82,1,12.456744105285907,11.245225136670342,1.2115189686155645,4
83,1,11.916105430282187,10.13214260834502,1.7839628219371662,5
84,1,13.086644734401489,11.697767808364006,1.388876926037483,4
85,1,11.929925476229982,10.724558687972603,1.205366788257379,3
86,1,12.151189037656877,9.652844131283928,2.4983449063729495,7
87,1,12.50342912004271,10.380863962040166,2.122565158002544,7
88,1,12.514374077582033,11.3664539589372,1.1479201186448336,3
89,1,12.178552254976239,9.729417137103155,2.449135117873084,7
90,1,12.181682775320951,10.241580785426777,1.940101989894174,5
91,1,11.912412747566123,9.059128705936018,2.853284041630104,8
92,1,12.50480921388953,10.603624036622932,1.9011851772665977,5
93,1,12.18923980677937,10.210210155397363,1.9790296513820067,5
94,1,11.670534916833276,10.993281518021831,0.6772533988114446,2
95,1,12.481907787107048,11.205851627208176,1.2760561598988716,4
64,10,12.573783247229585,8.690045692237618,3.883737554991967,13
65,10,12.20601787303167,8.881691448375932,3.3243264246557374,10
66,10,12.140683642224758,8.039561281024362,4.101122361200396,13
67,10,12.198917979258113,7.4056507422355935,4.793267237022519,17
68,10,11.862092780007515,9.380779527535196,2.4813132524723187,7
69,10,12.516917772067245,8.073562067176681,4.443355704890564,14
70,10,11.577446047274861,8.191347523999866,3.3860985232749954,9
71,10,12.407566333233262,7.719610403684783,4.68795592954848,16
72,10,11.963343406678177,9.785919470828958,2.1774239358492196,7
73,10,12.42138427188911,10.147795387616497,2.2735888842726126,7
74,10,12.627870481686841,9.115967605779588,3.5119028759072535,12
75,10,12.063590218880563,7.1312178465450415,4.9323723723355215,16
76,10,11.92403601971455,8.165804608725011,3.758231410989538,11
77,10,12.403852878705948,9.678227244628943,2.725625634077005,8
78,10,12.298967521754093,8.447097477386706,3.851870044367388,13
79,10,12.503771906194743,8.503743483277503,4.000028422917239,13
80,10,12.189124374061066,6.945465239223267,5.243659134837799,18
81,10,12.265272748394636,8.539970251760678,3.725302496633958,11
82,10,12.456744105285907,7.29726688509254,5.1594772201933665,19
83,10,11.916105430282187,8.061559509660583,3.8545459206216037,11
84,10,13.086644734401489,9.446103591442807,3.640541142958682,13
85,10,11.929925476229982,10.328848027769709,1.6010774484602734,4
86,10,12.151189037656877,7.985148332139943,4.166040705516934,13
87,10,12.50342912004271,8.629416390569531,3.874012729473179,13
88,10,12.514374077582033,9.590785810461966,2.923588267120067,9
89,10,12.178552254976239,8.756679117272142,3.4218731377040967,10
90,10,12.181682775320951,9.755555323150475,2.4261274521704763,7
91,10,11.912412747566123,8.286480871203821,3.6259318763623014,10
92,10,12.50480921388953,7.194001658208435,5.3108075556810945,20
93,10,12.18923980677937,7.872850192296028,4.316389614483342,14
94,10,11.670534916833276,7.676436198089505,3.9940987187437713,12
95,10,12.481907787107048,9.196919144058484,3.284988643048564,10
64,100,12.573783247229585,7.218355883123877,5.355427364105708,19
65,100,12.20601787303167,7.3141611956380075,4.891856677393662,17
66,100,12.140683642224758,6.673962023211061,5.466721619013697,19
67,100,12.198917979258113,6.53586457145866,5.6630534077994525,20
68,100,11.862092780007515,8.367293771123514,3.4947990088840015,11
69,100,12.516917772067245,5.976127093133982,6.540790678933263,24
70,100,11.577446047274861,7.419056688842829,4.158389358432032,12
71,100,12.407566333233262,6.940216675910051,5.467349657323211,19
72,100,11.963343406678177,8.167132754810154,3.796210651868023,12
73,100,12.42138427188911,8.941487787131337,3.4798964847577736,12
74,100,12.627870481686841,7.315230255255301,5.31264022643154,20
75,100,12.063590218880563,6.383006457137526,5.680583761743037,19
76,100,11.92403601971455,6.918237957870588,5.0057980618439615,16
77,100,12.403852878705948,7.8863061441952595,4.517546734510688,15
78,100,12.298967521754093,7.037810590700246,5.261156931053847,18
79,100,12.503771906194743,7.818321228551213,4.68545067764353,16
80,100,12.189124374061066,5.984048673351936,6.205075700709131,22
81,100,12.265272748394636,7.356054653908359,4.9092180944862776,16
82,100,12.456744105285907,6.577520119179098,5.879223986106808,22
83,100,11.916105430282187,6.75566866848385,5.160436761798337,17
84,100,13.086644734401489,7.536008635681355,5.550636098720133,21
85,100,11.929925476229982,9.093821438815212,2.8361040374147706,8
86,100,12.151189037656877,7.034422757511493,5.116766280145384,17
87,100,12.50342912004271,7.735532186270575,4.7678969337721355,16
88,100,12.514374077582033,7.154561624600319,5.359812452981714,19
89,100,12.178552254976239,7.598299834469799,4.58025242050644,14
90,100,12.181682775320951,8.927909812133294,3.2537729631876573,10
91,100,11.912412747566123,7.312230048759375,4.600182698806748,14
92,100,12.50480921388953,5.7734215351811145,6.7313876787084155,27
93,100,12.18923980677937,6.903124413009209,5.28611539377016,18
94,100,11.670534916833276,6.788117293588584,4.882417623244692,15
95,100,12.481907787107048,8.011916378440219,4.469991408666829,15
96,1,12.268155367753934,11.173564815602731,1.0945905521512032,3
97,1,12.46009641548153,10.999581192969345,1.4605152225121856,4
98,1,12.499016300454969,11.016025213495595,1.4829910869593732,5
99,1,12.408463234140072,11.309300716442522,1.0991625176975504,3
100,1,12.677811554269283,11.791915450143279,0.8858961041260045,3
101,1,12.056899971561506,9.010878297442105,3.0460216741194017,9
102,1,12.389025245065568,10.691446816519601,1.6975784285459667,5
103,1,11.924797833882621,9.768046349970973,2.1567514839116484,6
104,1,12.462176758631358,10.574904734273332,1.887272024358026,6
105,1,12.093219140238944,8.78024705122516,3.3129720890137833,10
106,1,11.866035382598056,10.135164260529564,1.7308711220684927,5
107,1,12.291138826010865,10.353352263962734,1.9377865620481316,5
108,1,11.987336421501823,9.234007075312547,2.7533293461892754,8
109,1,11.923117644560989,10.248025887587573,1.6750917569734156,5
110,1,12.18717259656114,10.768132967423298,1.419039629137842,4
111,1,11.995217955802218,9.652508341401699,2.342709614400519,6
112,1,11.992973035208706,10.530565814267902,1.462407220940804,4
113,1,12.87385927210562,11.210234041325748,1.6636252307798713,6
114,1,12.080054782796651,10.380923135904595,1.6991316468920559,5
115,1,12.366913202335127,8.141101360553876,4.225811841781251,14
116,1,12.027466581668705,10.052741314342711,1.9747252673259936,5
117,1,11.990197212522617,10.480417673650663,1.5097795388719533,4
118,1,11.563007320808538,9.334593132261944,2.2284141885465942,6
119,1,12.23531110699696,9.774268634457258,2.4610424725397024,7
120,1,12.190262777206954,11.135535333130974,1.0547274440759793,3
121,1,11.870586426113732,10.907184761250392,0.9634016648633406,3
122,1,12.38901761523448,9.795544138876721,2.593473476357758,8
123,1,12.201609675699729,10.94069434395351,1.2609153317462187,4
124,1,11.909217890526634,10.299988408514764,1.6092294820118695,5
125,1,11.960544300993206,10.097833998297574,1.862710302695632,6
126,1,11.877631015413499,10.953529837810493,0.9241011776030064,3
127,1,12.137148592795711,10.888126731093507,1.2490218617022038,3
96,10,12.268155367753934,8.896172559878323,3.371982807875611,10
97,10,12.46009641548153,8.157017505145632,4.303078910335898,14
98,10,12.499016300454969,7.700337165937526,4.798679134517442,17
99,10,12.408463234140072,7.102188112621661,5.306275121518411,20
100,10,12.677811554269283,8.347466794904904,4.33034475936438,16
101,10,12.056899971561506,7.133133875235217,4.92376609632629,16
102,10,12.389025245065568,7.413868130912306,4.975157114153262,18
103,10,11.924797833882621,7.88064864462649,4.044149189256132,12
104,10,12.462176758631358,9.386626222937593,3.0755505356937647,10
105,10,12.093219140238944,8.012769920940627,4.080449219298316,13
106,10,11.866035382598056,7.572902600877569,4.293132781720487,14
107,10,12.291138826010865,9.12637846537109,3.164760360639775,9
108,10,11.987336421501823,8.403212808188982,3.5841236133128405,10
109,10,11.923117644560989,8.646171152882744,3.2769464916782454,10
110,10,12.18717259656114,8.682772438522079,3.5044001580390614,11
111,10,11.995217955802218,8.244725819371524,3.750492136430694,12
112,10,11.992973035208706,8.420286529966688,3.572686505242018,10
113,10,12.87385927210562,9.019304696470499,3.8545545756351203,15
114,10,12.080054782796651,8.37651799689047,3.7035367859061807,12
115,10,12.366913202335127,7.097847315715626,5.269065886619501,18
116,10,12.027466581668705,9.601790501561482,2.4256760801072232,7
117,10,11.990197212522617,9.045586481224746,2.944610731297871,9
118,10,11.563007320808538,7.276494367099076,4.286512953709462,12
119,10,12.23531110699696,8.514369113909197,3.720941993087763,12
120,10,12.190262777206954,9.667828035366256,2.522434741840698,8
121,10,11.870586426113732,10.18971369578503,1.6808727303287014,5
122,10,12.38901761523448,8.52385658537969,3.8651610298547894,13
123,10,12.201609675699729,9.114855178879225,3.086754496820504,10
124,10,11.909217890526634,7.931170315889176,3.9780475746374577,12
125,10,11.960544300993206,9.581587867141934,2.378956433851272,7
126,10,11.877631015413499,9.08232554843562,2.7953054669778794,8
127,10,12.137148592795711,10.470101626298856,1.667046966496855,4
96,100,12.268155367753934,7.167210543586407,5.100944824167527,17
97,100,12.46009641548153,7.237563010654412,5.222533404827118,18
98,100,12.499016300454969,6.666273658192949,5.832742642262019,21
99,100,12.408463234140072,5.859582606295589,6.548880627844483,27
100,100,12.677811554269283,7.174136661327793,5.50367489294149,21
101,100,12.056899971561506,6.086581822804874,5.970318148756633,21
102,100,12.389025245065568,6.524616517272079,5.864408727793489,22
103,100,11.924797833882621,6.7237440750323,5.201053758850321,17
104,100,12.462176758631358,7.520962024452274,4.941214734179084,17
105,100,12.093219140238944,6.9412347464385675,5.151984393800376,17
106,100,11.866035382598056,6.364997180309729,5.501038202288328,19
107,100,12.291138826010865,8.180483231481048,4.110655594529817,13
108,100,11.987336421501823,7.460988024133258,4.526348397368565,13
109,100,11.923117644560989,7.644258406420704,4.278859238140285,14
110,100,12.18717259656114,6.710688969367766,5.476483627193375,19
111,100,11.995217955802218,7.419589599754545,4.575628356047673,15
112,100,11.992973035208706,7.643178159029048,4.349794876179658,13
113,100,12.87385927210562,7.876518470235169,4.99734080187045,20
114,100,12.080054782796651,7.225519614876248,4.854535167920403,16
115,100,12.366913202335127,6.26658901036717,6.100324191967957,21
116,100,12.027466581668705,7.940983846609015,4.08648273505969,12
117,100,11.990197212522617,7.9977689307997935,3.992428281722823,13
118,100,11.563007320808538,6.402746990126616,5.160260330681922,15
119,100,12.23531110699696,7.697615635654074,4.537695471342886,15
120,100,12.190262777206954,8.048669628740754,4.1415931484662,13
121,100,11.870586426113732,8.25603112205863,3.614555304055102,11
122,100,12.38901761523448,6.9346117163077,5.45440589892678,19
123,100,12.201609675699729,8.424235517464695,3.777374158235034,12
124,100,11.909217890526634,6.816787290328648,5.092430600197986,17
125,100,11.960544300993206,8.076132374320878,3.8844119266723283,12
126,100,11.877631015413499,7.993810012667382,3.8838210027461173,12
127,100,12.137148592795711,7.908697367471177,4.228451225324534,13
128,1,12.123829333970207,11.150756126226042,0.9730732077441644,3
129,1,12.543294760544086,9.947039116494125,2.596255644049961,8
130,1,12.1384819568284,10.008775826581768,2.129706130246632,6
131,1,12.443414431982092,10.83075650302635,1.6126579289557412,5
132,1,12.56338754632452,10.530148214733345,2.033239331591176,6
133,1,12.36094250320457,10.542373427073471,1.818569076131098,5
134,1,11.853632314829156,10.267365868901834,1.586266445927322,5
135,1,12.346542696614051,11.19190740128397,1.1546352953300811,3
136,1,12.132816484663635,10.782392240595073,1.350424244068563,3
137,1,12.240667478550677,10.07919065794158,2.1614768206090957,6
138,1,12.688362294138642,8.976357982581249,3.7120043115573935,13
139,1,12.445594745222479,10.561660655308515,1.8839340899139643,6
140,1,11.956693878411897,9.619044609818957,2.3376492685929406,6
141,1,12.28542028486845,10.693695374502568,1.5917249103658833,5
142,1,12.66899808980088,12.034403023724735,0.6345950660761446,2
143,1,12.681360929418588,10.238863223203225,2.442497706215363,8
144,1,12.749933518203761,10.674696609759849,2.0752369084439124,7
145,1,11.881356692960253,10.489569451805437,1.391787241154816,3
146,1,12.515163431351539,10.53084712807322,1.9843163032783195,6
147,1,12.460626103762479,9.829640050164016,2.6309860535984626,8
148,1,11.471046456019394,9.369822349515744,2.1012241065036505,5
149,1,12.024891963490518,10.033601654082304,1.991290309408214,6
150,1,12.41805929003749,10.607601995696314,1.8104572943411767,5
151,1,12.365659792634688,10.799926640505873,1.5657331521288143,4
152,1,12.109867422972457,11.505773962315288,0.6040934606571682,2
153,1,12.041155368235195,11.528399583738064,0.5127557844971307,1
154,1,12.675919919623993,11.2831049306551,1.3928149889688939,4
155,1,12.314822680404177,10.273747040046146,2.041075640358031,6
156,1,12.240123797055276,10.117185569797584,2.1229382272576913,6
157,1,12.171917915460654,10.93643543322105,1.235482482239604,3
158,1,12.293899696174776,9.505694879364455,2.788204816810321,8
159,1,12.195950791036012,10.424950199318118,1.7710005917178933,5
128,10,12.123829333970207,7.472210572028416,4.651618761941791,15
129,10,12.543294760544086,6.881140397017589,5.662154363526497,20
130,10,12.1384819568284,8.525664901282653,3.6128170555457473,11
131,10,12.443414431982092,8.250807431628346,4.192607000353746,14
132,10,12.56338754632452,8.881517273999634,3.681870272324886,13
133,10,12.36094250320457,8.041053743334487,4.319888759870082,14
134,10,11.853632314829156,9.469489053823054,2.384143261006102,7
135,10,12.346542696614051,9.719224096421385,2.627318600192666,8
136,10,12.132816484663635,8.171284701180412,3.961531783483224,12
137,10,12.240667478550677,6.970692136268553,5.269975342282123,18
138,10,12.688362294138642,6.797513651748886,5.890848642389756,22
139,10,12.445594745222479,7.3894934605341405,5.056101284688339,17
140,10,11.956693878411897,7.383946469533839,4.572747408878058,14
141,10,12.28542028486845,8.571106055373093,3.7143142294953577,12
142,10,12.66899808980088,8.00709400796768,4.6619040818332,16
143,10,12.681360929418588,9.61030572213349,3.0710552072850987,11
144,10,12.749933518203761,6.708621437395777,6.041312080807984,23
145,10,11.881356692960253,9.35938930613338,2.521967386826873,7
146,10,12.515163431351539,8.093458881194238,4.421704550157301,16
147,10,12.460626103762479,8.2587843747242,4.201841729038279,14
148,10,11.471046456019394,5.779279948561452,5.691766507457942,18
149,10,12.024891963490518,8.28553566717892,3.7393562963115983,12
150,10,12.41805929003749,8.986767794121988,3.4312914959155023,10
151,10,12.365659792634688,8.328189970652602,4.037469821982086,13
152,10,12.109867422972457,8.922592905364581,3.187274517607875,9
153,10,12.041155368235195,7.559905640635407,4.4812497275997885,15
154,10,12.675919919623993,8.576810937025584,4.099108982598409,14
155,10,12.314822680404177,9.48370201778016,2.8311206626240164,9
156,10,12.240123797055276,8.81030892320996,3.4298148738453165,11
157,10,12.171917915460654,8.161752388929017,4.010165526531637,12
158,10,12.293899696174776,7.812492609460605,4.481407086714171,15
159,10,12.195950791036012,6.775953363539884,5.419997427496128,18
128,100,12.123829333970207,6.320700593249057,5.803128740721149,19
129,100,12.543294760544086,6.163981162913842,6.379313597630244,24
130,100,12.1384819568284,7.540203012564234,4.598278944264166,15
131,100,12.443414431982092,6.927084230308537,5.516330201673554,19
132,100,12.56338754632452,7.667509981474723,4.895877564849798,18
133,100,12.36094250320457,6.748947186861187,5.611995316343382,19
134,100,11.853632314829156,7.109648058889434,4.743984255939722,15
135,100,12.346542696614051,8.372025957942242,3.9745167386718094,14
136,100,12.132816484663635,6.814870877075009,5.3179456075886264,18
137,100,12.240667478550677,6.370395330015526,5.87027214853515,21
138,100,12.688362294138642,5.782317864563083,6.906044429575559,27
139,100,12.445594745222479,6.34348085988313,6.1021138853393495,22
140,100,11.956693878411897,6.024746437105932,5.931947441305965,20
141,100,12.28542028486845,7.474031132063828,4.811389152804622,17
142,100,12.66899808980088,6.850862958053767,5.818135131747113,22
143,100,12.681360929418588,7.975669225823367,4.705691703595221,17
144,100,12.749933518203761,5.8358698549818655,6.914063663221896,27
145,100,11.881356692960253,8.370198140473804,3.5111585524864495,10
146,100,12.515163431351539,7.118567266210448,5.396596165141091,20
147,100,12.460626103762479,7.070529342432565,5.390096761329914,19
148,100,11.471046456019394,5.245642909663729,6.225403546355665,21
149,100,12.024891963490518,7.259456123196287,4.765435840294231,16
150,100,12.41805929003749,7.617538659949787,4.8005206300877035,16
151,100,12.365659792634688,6.504833727067307,5.86082606556738,22
152,100,12.109867422972457,8.074628085261793,4.035239337710664,12
153,100,12.041155368235195,6.883538776164642,5.1576165920705535,17
154,100,12.675919919623993,7.6135952869663015,5.062324632657692,18
155,100,12.314822680404177,7.4306986069714185,4.8841240734327585,17
156,100,12.240123797055276,7.044832907347882,5.195290889707394,18
157,100,12.171917915460654,7.421256960020401,4.750660955440253,15
158,100,12.293899696174776,6.8762820349948015,5.417617661179975,19
159,100,12.195950791036012,5.894932872703066,6.3010179183329456,22
160,1,12.102949063977576,9.807282884066808,2.295666179910768,7
161,1,11.93305373279145,10.217157925537322,1.7158958072541282,5
162,1,12.287902683296124,11.486268304739497,0.8016343785566278,2
163,1,11.852097405935638,10.020850818254985,1.8312465876806527,5
164,1,12.588602874602657,10.370930172328372,2.2176727022742853,7
165,1,12.500819850247353,11.327661040006205,1.1731588102411479,4
166,1,12.246002174797468,10.470044066431,1.775958108366467,5
167,1,12.221115856678807,10.007447805066477,2.2136680516123306,6
168,1,12.01437204281683,10.230945015704492,1.7834270271123387,5
169,1,11.89581753773382,10.706648464489263,1.1891690732445568,3
170,1,12.770724569811136,10.336184621308348,2.4345399485027883,8
171,1,12.270253466122085,9.657699614414014,2.6125538517080713,8
172,1,12.420269369438756,9.984948918863665,2.435320450575091,7
173,1,12.269163452467183,10.263437106186757,2.005726346280426,6
174,1,12.583834858054615,11.22472619454129,1.3591086635133252,5
175,1,11.779477751028026,8.704373463842785,3.0751042871852405,9
176,1,12.517206224787515,11.003867580846418,1.513338643941097,5
177,1,12.120533730019815,8.352310079033487,3.7682236509863287,12
178,1,12.375198598689167,11.047967442049412,1.3272311566397548,4
179,1,12.260259058617521,10.273235999571625,1.987023059045896,6
180,1,12.736402778682532,11.493799560208572,1.2426032184739597,4
181,1,12.42125786075485,10.538934408483328,1.882323452271521,5
182,1,12.644571625074605,11.320070012152428,1.3245016129221767,4
183,1,12.228209655280807,10.612207690937794,1.6160019643430132,4
184,1,12.384996376640629,11.758783602097537,0.6262127745430917,2
185,1,12.131575186154805,10.225905518396758,1.9056696677580476,5
186,1,11.794038917510989,10.788583090188695,1.0054558273222938,3
187,1,12.346763375157025,9.880217507132329,2.4665458680246957,8
188,1,12.362497448295471,9.972646590307704,2.389850857987767,8
189,1,12.083466293315723,10.426117329534463,1.65734896378126,5
190,1,11.809691534377635,10.929605629993603,0.8800859043840319,2
191,1,11.977394085784908,10.112826609693002,1.8645674760919064,5
160,10,12.102949063977576,7.750415533912019,4.352533530065557,14
161,10,11.93305373279145,8.11926525196759,3.8137884808238596,12
162,10,12.287902683296124,10.090680444132886,2.1972222391632386,6
163,10,11.852097405935638,9.365261460770853,2.486835945164785,7
164,10,12.588602874602657,7.051557608137955,5.537045266464702,20
165,10,12.500819850247353,9.669489462859929,2.8313303873874247,9
166,10,12.246002174797468,9.248765997355804,2.997236177441664,9
167,10,12.221115856678807,8.855899555099313,3.365216301579494,10
168,10,12.01437204281683,9.279412339819828,2.7349597029970028,8
169,10,11.89581753773382,9.279278753849212,2.6165387838846073,7
170,10,12.770724569811136,8.264748204717762,4.505976365093375,17
171,10,12.270253466122085,8.63870199417579,3.6315514719462954,11
172,10,12.420269369438756,7.641171697701793,4.779097671736963,15
173,10,12.269163452467183,8.14581437574816,4.123349076719023,13
174,10,12.583834858054615,8.007514956083469,4.5763199019711465,17
175,10,11.779477751028026,7.870611604157602,3.908866146870423,12
176,10,12.517206224787515,10.467363058181945,2.0498431666055694,6
177,10,12.120533730019815,7.710261062136851,4.410272667882964,14
178,10,12.375198598689167,9.182560638262657,3.1926379604265094,10
179,10,12.260259058617521,8.75566221732879,3.5045968412887305,11
180,10,12.736402778682532,9.807504715310642,2.9288980633718893,10
181,10,12.42125786075485,7.425902227201732,4.9953556335531175,18
182,10,12.644571625074605,6.257426561875036,6.3871450631995685,24
183,10,12.228209655280807,8.444636944666854,3.783572710613953,12
184,10,12.384996376640629,8.605665787064936,3.779330589575693,12
185,10,12.131575186154805,8.718694988870993,3.412880197283812,10
186,10,11.794038917510989,6.776442716587553,5.017596200923435,16
187,10,12.346763375157025,8.630217542871833,3.716545832285192,12
188,10,12.362497448295471,7.788576498816838,4.573920949478634,16
189,10,12.083466293315723,9.044693707281112,3.038772586034611,9
190,10,11.809691534377635,8.475935865892097,3.333755668485537,9
191,10,11.977394085784908,7.622252034663688,4.35514205112122,14
160,100,12.102949063977576,6.4464661132515175,5.656482950726058,19
161,100,11.93305373279145,7.010571786377113,4.922481946414337,16
162,100,12.287902683296124,8.605522181358538,3.682380501937587,12
163,100,11.852097405935638,8.352597199031152,3.499500206904486,10
164,100,12.588602874602657,6.0764479372883216,6.512154937314335,24
165,100,12.500819850247353,8.45166375883855,4.049156091408804,13
166,100,12.246002174797468,7.476665006019175,4.769337168778293,16
167,100,12.221115856678807,7.738052224813146,4.483063631865662,15
168,100,12.01437204281683,7.908946173469303,4.105425869347528,13
169,100,11.89581753773382,8.361298676172737,3.5345188615610823,10
170,100,12.770724569811136,6.69729581043066,6.0734287593804765,24
171,100,12.270253466122085,7.129849016171647,5.140404449950438,17
172,100,12.420269369438756,6.963744139939081,5.456525229499675,18
173,100,12.269163452467183,7.265205879142741,5.003957573324442,16
174,100,12.583834858054615,6.945077265172586,5.63875759288203,21
175,100,11.779477751028026,6.557016262639081,5.222461488388944,17
176,100,12.517206224787515,7.756555232044775,4.76065099274274,16
177,100,12.120533730019815,7.04531406017486,5.075219669844955,17
178,100,12.375198598689167,6.9944899769325275,5.380708621756639,19
179,100,12.260259058617521,7.48475394496927,4.775505113648251,16
180,100,12.736402778682532,8.820263169851387,3.916139608831145,14
181,100,12.42125786075485,6.274620339594549,6.146637521160301,23
182,100,12.644571625074605,5.371467888035113,7.2731037370394915,29
183,100,12.228209655280807,7.130583741920418,5.097625913360389,18
184,100,12.384996376640629,7.267097312316764,5.117899064323865,18
185,100,12.131575186154805,6.838038080721162,5.293537105433643,18
186,100,11.794038917510989,5.876160663910923,5.917878253600065,20
187,100,12.346763375157025,7.191063971433323,5.155699403723702,18
188,100,12.362497448295471,6.723090879895608,5.639406568399863,21
189,100,12.083466293315723,7.506659815622697,4.576806477693026,15
190,100,11.809691534377635,7.40738928783685,4.402302246540785,13
191,100,11.977394085784908,6.49706223764224,5.480331848142669,19
192,1,12.373258478881326,9.369233264646027,3.0040252142352983,10
193,1,12.318317710072733,10.558519935584627,1.7597977744881064,5
194,1,12.078005548952206,10.56004981665319,1.517955732299015,4
195,1,12.562458076848998,9.596076845060452,2.966381231788546,9
196,1,11.961869349986046,9.129220712863571,2.8326486371224746,8
197,1,12.329359418014064,10.143751901341602,2.1856075166724622,7
198,1,12.547650199139753,11.779992726795172,0.767657472344581,2
199,1,12.398882955028967,11.125636206190393,1.2732467488385737,4
200,1,12.2782998457551,9.848901144461706,2.429398701293394,8
201,1,12.600595522935691,10.369298694391546,2.2312968285441457,6
202,1,11.864545828007977,9.551565231973655,2.312980596034322,7
203,1,12.38450442213798,11.62518421310233,0.7593202090356499,2
204,1,12.098737318658095,9.87740684113669,2.2213304775214056,7
205,1,11.829929281389923,10.612569725562935,1.217359555826988,3
206,1,12.046760495868511,9.058471930446103,2.9882885654224083,9
207,1,12.398309810669161,8.987528195488267,3.4107816151808947,11
208,1,11.725562162318965,9.591636925906641,2.133925236412324,6
209,1,12.219887598999776,10.364028010168113,1.8558595888316631,5
210,1,12.282307291694451,10.158157599915285,2.1241496917791665,7
211,1,12.07376062340336,10.419474300171714,1.654286323231645,4
212,1,12.593451369451941,11.360247886870638,1.2332034825813025,4
213,1,12.064311985857785,11.028179494198412,1.036132491659373,3
214,1,12.430017527658492,10.312179390806705,2.1178381368517876,6
215,1,11.853628834112897,9.208724214913673,2.644904619199224,7
216,1,12.403727417229675,9.22449108271394,3.1792363345157355,10
217,1,12.17053335622768,10.026413423445774,2.144119932781905,6
218,1,12.275934458477423,11.052595897810534,1.223338560666889,4
219,1,12.4251677338616,9.006582913629245,3.418584820232354,11
220,1,12.500028100796044,10.427553137298673,2.0724749634973705,6
221,1,12.107994873367716,10.454535656434018,1.6534592169336975,5
222,1,12.009627138264477,9.952440975233912,2.057186163030565,6
223,1,12.071524698025314,10.213534411421278,1.8579902866040356,6
192,10,12.373258478881326,8.434204960765783,3.939053518115543,13
193,10,12.318317710072733,9.564130074810237,2.7541876352624968,9
194,10,12.078005548952206,7.487301857523562,4.590703691428644,15
195,10,12.562458076848998,8.877003905698075,3.6854541711509228,12
196,10,11.961869349986046,7.519359906486898,4.442509443499148,14
197,10,12.329359418014064,8.165300154360011,4.164059263654053,14
198,10,12.547650199139753,9.54160435182348,3.0060458473162726,10
199,10,12.398882955028967,10.215894126980857,2.18298882804811,7
200,10,12.2782998457551,7.924505928880535,4.353793916874565,15
201,10,12.600595522935691,8.49253777015656,4.108057752779132,13
202,10,11.864545828007977,7.733790601880173,4.130755226127803,13
203,10,12.38450442213798,10.76971570594469,1.6147887161932886,5
204,10,12.098737318658095,8.972617376020935,3.1261199426371604,10
205,10,11.829929281389923,9.337683760517393,2.4922455208725296,7
206,10,12.046760495868511,7.2056185364490375,4.841141959419474,16
207,10,12.398309810669161,7.97623093391303,4.422078876756132,15
208,10,11.725562162318965,8.428752996813273,3.2968091655056924,9
209,10,12.219887598999776,9.19298798555974,3.0268996134400368,9
210,10,12.282307291694451,9.380391743790824,2.901915547903627,9
211,10,12.07376062340336,7.925011166895274,4.148749456508085,13
212,10,12.593451369451941,9.069506942891167,3.5239444265607744,12
213,10,12.064311985857785,9.168631207663566,2.895680778194219,9
214,10,12.430017527658492,7.339525367831811,5.090492159826681,18
215,10,11.853628834112897,7.010755440554931,4.842873393557966,16
216,10,12.403727417229675,7.375750256818719,5.0279771604109555,17
217,10,12.17053335622768,8.651249774702592,3.5192835815250874,10
218,10,12.275934458477423,9.07213784637861,3.203796612098813,10
219,10,12.4251677338616,8.281199285469484,4.1439684483921155,13
220,10,12.500028100796044,8.003199871629477,4.496828229166567,15
221,10,12.107994873367716,9.933387950819451,2.1746069225482643,6
222,10,12.009627138264477,8.12715619825758,3.882470940006897,12
223,10,12.071524698025314,8.765987653488992,3.3055370445363224,10
192,100,12.373258478881326,7.515561968262773,4.857696510618553,17
193,100,12.318317710072733,8.415080687380396,3.9032370226923376,13
194,100,12.078005548952206,6.406137029720412,5.6718685192317935,19
195,100,12.562458076848998,7.764556280701072,4.797901796147926,16
196,100,11.961869349986046,6.6266805349650895,5.335188815020956,17
197,100,12.329359418014064,7.031006356701255,5.29835306131281,19
198,100,12.547650199139753,8.075127029082068,4.472523170057684,16
199,100,12.398882955028967,8.907726761237427,3.4911561937915394,12
200,100,12.2782998457551,6.7156083373120055,5.562691508443095,20
201,100,12.600595522935691,7.322972110037881,5.27762341289781,18
202,100,11.864545828007977,6.9398193418601295,4.924726486147847,16
203,100,12.38450442213798,9.007080171606503,3.377424250531476,11
204,100,12.098737318658095,7.456708613673982,4.642028704984114,15
205,100,11.829929281389923,8.632998442757525,3.1969308386323974,9
206,100,12.046760495868511,6.277966650552116,5.768793845316395,19
207,100,12.398309810669161,7.038407749612816,5.359902061056346,19
208,100,11.725562162318965,7.347674780903617,4.3778873814153485,13
209,100,12.219887598999776,8.104348117136396,4.1155394818633795,13
210,100,12.282307291694451,8.221876226365566,4.060431065328885,14
211,100,12.07376062340336,6.761107189406175,5.312653433997184,18
212,100,12.593451369451941,7.543007467975258,5.050443901476683,18
213,100,12.064311985857785,7.261231520911679,4.803080464946106,16
214,100,12.430017527658492,6.4078065066132694,6.022211021045223,22
215,100,11.853628834112897,6.116406504341285,5.737222329771612,20
216,100,12.403727417229675,6.482200670638122,5.921526746591553,21
217,100,12.17053335622768,7.581081386277219,4.58945196995046,15
218,100,12.275934458477423,8.15353867574595,4.1223957827314734,13
219,100,12.4251677338616,7.04281590989558,5.382351823966019,19
220,100,12.500028100796044,6.738068336155266,5.761959764640778,21
221,100,12.107994873367716,8.412970020261128,3.695024853106588,12
222,100,12.009627138264477,7.360236420761794,4.649390717502683,15
223,100,12.071524698025314,7.3718656768032815,4.699659021222033,15
224,1,11.880448425436043,11.193678401978104,0.6867700234579388,2
225,1,12.239283208560664,11.179532939044293,1.0597502695163712,3
226,1,12.04925292826374,9.640815646998817,2.4084372812649235,7
227,1,12.434688444191124,11.305307864269707,1.129380579921417,3
228,1,11.775446463318076,9.074668785266113,2.7007776780519634,7
229,1,12.01764426855334,10.175033142057146,1.8426111264961946,5
230,1,11.588273626868613,10.184808542893734,1.4034650839748792,4
231,1,11.591655371470551,9.722766964237962,1.868888407232589,5
232,1,12.407622004393488,10.135252453386784,2.2723695510067046,7
233,1,11.932276528154034,9.22225500276545,2.7100215253885835,8
234,1,12.080345774651505,11.271625038003549,0.8087207366479561,3
235,1,12.05972740465586,10.997373365815292,1.0623540388405672,3
236,1,12.08085027206107,10.051415139489109,2.0294351325719617,6
237,1,12.186529384736787,10.926097689240123,1.2604316954966635,4
238,1,12.30628121108748,10.921456078533083,1.384825132554397,4
239,1,12.150486310740234,10.911345362459542,1.239140948280692,4
240,1,12.542204495766782,11.408564516124898,1.1336399796418846,4
241,1,12.11437061844481,10.00795037617354,2.1064202422712697,6
242,1,12.501783021565643,12.011584972162382,0.4901980494032614,2
243,1,12.36026292679162,11.057488942409691,1.302773984381929,4
244,1,11.575999735621735,10.087839205865748,1.4881605297559872,4
245,1,12.340080056426814,11.278074680391,1.0620053760358132,3
246,1,12.443262077926192,11.35293030081084,1.0903317771153525,3
247,1,12.411649112647865,11.840925898111891,0.570723214535974,2
248,1,12.149046910664765,10.835039655939909,1.3140072547248565,4
249,1,12.362223247575457,11.423794762275065,0.9384284853003919,3
250,1,12.37408427682385,10.748502304231806,1.6255819725920446,5
251,1,12.524632125801872,10.468397905526217,2.0562342202756554,6
252,1,11.9530574539167,10.957050325705495,0.996007128211204,3
253,1,12.34229002637585,10.91024891158304,1.4320411147928098,4
254,1,12.675689770141616,11.052150846575387,1.6235389235662296,5
255,1,12.169471573510236,10.246348219621723,1.9231233538885135,6
224,10,11.880448425436043,8.619531064745388,3.260917360690655,10
225,10,12.239283208560664,8.264983737899456,3.974299470661208,13
226,10,12.04925292826374,8.58051117658033,3.4687417516834103,11
227,10,12.434688444191124,7.085059740638826,5.349628703552298,19
228,10,11.775446463318076,7.734198376361746,4.04124808695633,12
229,10,12.01764426855334,9.297357771976749,2.720286496576591,7
230,10,11.588273626868613,7.725437964196317,3.862835662672296,11
231,10,11.591655371470551,7.480187241621024,4.111468129849527,12
232,10,12.407622004393488,8.95164400828071,3.455977996112779,11
233,10,11.932276528154034,8.521289844822604,3.41098668333143,10
234,10,12.080345774651505,7.55881566030439,4.521530114347115,15
235,10,12.05972740465586,9.041957750236179,3.0177696544196806,10
236,10,12.08085027206107,8.579083225136856,3.501767046924215,11
237,10,12.186529384736787,8.459035724910791,3.7274936598259956,12
238,10,12.30628121108748,9.008446279680356,3.297834931407124,10
239,10,12.150486310740234,8.819843548961217,3.3306427617790177,10
240,10,12.542204495766782,9.515047090433654,3.027157405333128,10
241,10,12.11437061844481,7.647941776151129,4.466428842293681,14
242,10,12.501783021565643,10.398786372577888,2.102996648987755,6
243,10,12.36026292679162,8.3189224299349,4.041340496856719,13
244,10,11.575999735621735,7.731698907446116,3.8443008281756192,10
245,10,12.340080056426814,6.599513190361904,5.74056686606491,21
246,10,12.443262077926192,9.234808304987382,3.2084537729388103,10
247,10,12.411649112647865,8.531285156670492,3.880363955977373,13
248,10,12.149046910664765,9.700631374289514,2.4484155363752507,7
249,10,12.362223247575457,7.960805481488933,4.401417766086524,14
250,10,12.37408427682385,9.664967497323232,2.7091167795006186,8
251,10,12.524632125801872,8.341525761468802,4.183106364333071,14
252,10,11.9530574539167,7.517585905799933,4.435471548116766,13
253,10,12.34229002637585,7.973908059640962,4.368381966734887,15
254,10,12.675689770141616,9.86308516387362,2.812604606267996,9
255,10,12.169471573510236,8.660258064326626,3.50921350918361,11
224,100,11.880448425436043,7.483869952600799,4.396578472835245,14
225,100,12.239283208560664,6.990191777294967,5.249091431265697,18
226,100,12.04925292826374,7.439835988130653,4.609416940133087,15
227,100,12.434688444191124,6.3085251282318495,6.126163315959275,23
228,100,11.775446463318076,6.889034115301911,4.886412348016165,15
229,100,12.01764426855334,8.364416133461418,3.653228135091922,11
230,100,11.588273626868613,6.597482994024176,4.990790632844437,15
231,100,11.591655371470551,6.428978836738679,5.162676534731872,16
232,100,12.407622004393488,7.757502098334953,4.650119906058535,16
233,100,11.932276528154034,7.565467498556245,4.366809029597789,14
234,100,12.080345774651505,5.933011828339659,6.147333946311846,22
235,100,12.05972740465586,7.386353238191077,4.673374166464782,16
236,100,12.08085027206107,6.945583125896519,5.135267146164551,17
237,100,12.186529384736787,6.691177108281408,5.495352276455378,19
238,100,12.30628121108748,7.011415920685977,5.294865290401503,18
239,100,12.150486310740234,7.690912714257138,4.4595735964830965,14
240,100,12.542204495766782,6.78810338092444,5.754101114842342,22
241,100,12.11437061844481,6.536655882031482,5.577714736413327,19
242,100,12.501783021565643,8.120328880278976,4.381454141286667,15
243,100,12.36026292679162,6.686974319694855,5.673288607096765,20
244,100,11.575999735621735,6.308093032334,5.267906703287736,15
245,100,12.340080056426814,6.001842281111749,6.338237775315065,23
246,100,12.443262077926192,8.021076906879898,4.422185171046294,15
247,100,12.411649112647865,6.078942307562102,6.332706805085763,23
248,100,12.149046910664765,8.064128762838664,4.084918147826102,13
249,100,12.362223247575457,7.264506446706946,5.097716800868511,17
250,100,12.37408427682385,8.32749279091513,4.046591485908721,13
251,100,12.524632125801872,6.809463217447046,5.715168908354826,21
252,100,11.9530574539167,6.344110349709808,5.608947104206891,18
253,100,12.34229002637585,6.72976185578591,5.61252817058994,20
254,100,12.675689770141616,8.540945449029095,4.134744321112521,14
255,100,12.169471573510236,6.299244171863393,5.870227401646844,21
256,1,12.431938519090181,10.249073703686008,2.182864815404173,7
257,1,12.424028142588213,11.265541516127996,1.158486626460217,4
258,1,11.926714799075853,9.513324605009984,2.413390194065869,6
259,1,12.481135798283503,11.373811619458138,1.1073241788253654,3
260,1,12.102823363704374,10.82032717441325,1.2824961892911233,3
261,1,12.10946008623796,10.910049558126047,1.1994105281119118,3
262,1,12.377344435529267,10.109695804671901,2.267648630857366,7
263,1,12.06143988056283,10.448881989475922,1.612557891086908,5
264,1,11.98435984144453,10.014141715713777,1.970218125730753,6
265,1,11.882728097989457,9.099302376416745,2.783425721572712,8
266,1,12.802077525833738,12.142222485956154,0.6598550398775842,2
267,1,12.231410798849538,11.051946001593024,1.1794647972565144,4
268,1,12.762791282049875,11.480191805301729,1.2825994767481461,4
269,1,12.239935046542087,11.040397325981758,1.199537720560329,3
270,1,12.087587359630561,10.824994283691922,1.2625930759386392,4
271,1,12.447193701875221,10.292254963591404,2.1549387382838177,7
272,1,12.514026249642484,11.242190445424058,1.2718358042184263,4
273,1,12.555143605168269,11.617005179206899,0.9381384259613696,3
274,1,12.177160455503326,9.905213217374694,2.2719472381286323,7
275,1,12.286459142866079,9.41796525445534,2.8684938884107396,9
276,1,11.779004954834818,10.271772054125904,1.5072329007089138,4
277,1,11.779705215025388,10.140591050685543,1.6391141643398441,4
278,1,12.087109657979454,10.283179108475451,1.8039305495040026,5
279,1,12.523240058333613,11.155718634021468,1.3675214243121445,4
280,1,12.229737518151524,10.552979964500992,1.676757553650532,5
281,1,12.059247585799312,10.003638582391432,2.0556090034078807,5
282,1,12.490768795832992,10.661708088126034,1.829060707706958,5
283,1,12.112839818611974,10.062489295291016,2.050350523320958,6
284,1,12.192148196118069,10.118080369589734,2.074067826528335,6
285,1,12.48332245403435,11.28831723780604,1.19500521622831,4
286,1,12.443008423928404,11.865501722000772,0.5775067019276321,2
287,1,12.361511081893696,10.565783066820586,1.7957280150731094,5
256,10,12.431938519090181,7.7600691620318685,4.671869357058313,16
257,10,12.424028142588213,10.120251800050028,2.3037763425381854,8
258,10,11.926714799075853,9.06461027142359,2.8621045276522636,8
259,10,12.481135798283503,7.648562293630675,4.832573504652828,17
260,10,12.102823363704374,7.7360519451031,4.3667714186012745,14
261,10,12.10946008623796,9.288025908961572,2.8214341772763873,9
262,10,12.377344435529267,8.086128458363419,4.291215977165848,15
263,10,12.06143988056283,9.31586959779088,2.7455702827719506,8
264,10,11.98435984144453,8.960081377648748,3.024278463795781,9
265,10,11.882728097989457,6.334937642124714,5.547790455864742,18
266,10,12.802077525833738,8.68181639238901,4.120261133444728,15
267,10,12.231410798849538,7.572016283054836,4.659394515794702,16
268,10,12.762791282049875,8.37524592191403,4.387545360135846,16
269,10,12.239935046542087,7.497814668007777,4.74212037853431,16
270,10,12.087587359630561,7.5281095330938115,4.5594778265367495,15
271,10,12.447193701875221,9.23461148788192,3.2125822139933007,10
272,10,12.514026249642484,9.763655227259733,2.750371022382751,9
273,10,12.555143605168269,8.100566579065344,4.454577026102925,16
274,10,12.177160455503326,8.451213733751501,3.725946721751825,12
275,10,12.286459142866079,8.140186536533292,4.146272606332786,14
276,10,11.779004954834818,8.838814119560993,2.9401908352738246,8
277,10,11.779705215025388,9.132939100976728,2.64676611404866,7
278,10,12.087109657979454,9.282381439072196,2.8047282189072575,8
279,10,12.523240058333613,8.97199543879833,3.5512446195352823,12
280,10,12.229737518151524,8.565425672539277,3.6643118456122465,11
281,10,12.059247585799312,6.99334037778317,5.065907208016142,17
282,10,12.490768795832992,7.3532759845256805,5.137492811307311,18
283,10,12.112839818611974,8.954875604162225,3.1579642144497484,10
284,10,12.192148196118069,9.109340655224514,3.0828075408935547,9
285,10,12.48332245403435,9.234587296785321,3.2487351572490297,11
286,10,12.443008423928404,10.919346852315357,1.5236615716130473,5
287,10,12.361511081893696,9.364719547942514,2.996791533951182,9
256,100,12.431938519090181,5.752846985269571,6.6790915338206105,25
257,100,12.424028142588213,8.338550413725898,4.085477728862315,14
258,100,11.926714799075853,7.992337736941408,3.9343770621344447,11
259,100,12.481135798283503,6.609876234186231,5.871259564097272,22
260,100,12.102823363704374,6.7995816994516645,5.30324166425271,18
261,100,12.10946008623796,5.682484221204504,6.426975865033455,23
262,100,12.377344435529267,6.7298262545546095,5.647518180974657,20
263,100,12.06143988056283,7.355382566413027,4.7060573141498026,15
264,100,11.98435984144453,7.39059881051071,4.59376103093382,15
265,100,11.882728097989457,5.499618181871483,6.383109916117974,21
266,100,12.802077525833738,7.408533882538904,5.393543643294834,20
267,100,12.231410798849538,6.0180474803783,6.213363318471238,22
268,100,12.762791282049875,7.10249741808002,5.660293863969855,21
269,100,12.239935046542087,6.5005522632127395,5.739382783329347,20
270,100,12.087587359630561,6.405083400859439,5.682503958771122,20
271,100,12.447193701875221,8.08221202011191,4.364981681763311,15
272,100,12.514026249642484,8.129003511625342,4.385022738017142,15
273,100,12.555143605168269,6.105849785912142,6.449293819256127,25
274,100,12.177160455503326,7.069407163995493,5.107753291507834,17
275,100,12.286459142866079,7.2344562520156614,5.052002890850417,17
276,100,11.779004954834818,7.079044539234019,4.699960415600799,14
277,100,11.779705215025388,7.113204513048913,4.666500701976474,14
278,100,12.087109657979454,7.56258603608876,4.524523621890694,15
279,100,12.523240058333613,6.858058295794763,5.66518176253885,21
280,100,12.229737518151524,7.386585550120799,4.843151968030725,16
281,100,12.059247585799312,6.393804870225722,5.66544271557359,20
282,100,12.490768795832992,6.5702077224850655,5.920561073347926,21
283,100,12.112839818611974,7.711656116734957,4.401183701877017,14
284,100,12.192148196118069,7.975018101118621,4.2171300949994475,14
285,100,12.48332245403435,8.033522804791573,4.449799649242777,15
286,100,12.443008423928404,7.028707800986012,5.414300622942392,20
287,100,12.361511081893696,8.121897779550636,4.239613302343059,14
288,1,12.135888803662965,10.836420918029035,1.2994678856339306,4
289,1,11.822200346585305,10.271890837138926,1.5503095094463788,4
290,1,12.315973071847111,10.719632105785422,1.596340966061689,4
291,1,12.616250137216412,10.916620962903835,1.6996291743125767,5
292,1,12.056055613735225,10.34575491520809,1.710300698527135,4
293,1,12.655185376075679,9.625759355825721,3.029426020249957,10
294,1,12.034993821995158,10.365847154527728,1.6691466674674302,4
295,1,11.983311341726221,10.137645101291128,1.8456662404350936,5
296,1,11.896395569958258,10.462443175085355,1.4339523948729038,4
297,1,12.303006122325314,11.029151515365811,1.2738546069595031,4
298,1,11.813675161800347,9.135851220053155,2.6778239417471923,7
299,1,11.90737256265129,10.11030193118495,1.7970706314663403,6
300,1,12.6080641298322,11.026024903403595,1.5820392264286056,5
301,1,12.367918809268303,10.247233259931818,2.1206855493364856,6
302,1,11.66150724410545,10.530233676428907,1.1312735676765442,3
303,1,12.64527911663754,11.228258523333352,1.417020593304187,5
304,1,11.847693876643461,10.079854725150653,1.767839151492808,5
305,1,12.144296864142234,9.432743350880628,2.711553513261606,9
306,1,12.521457263501361,9.628970494086388,2.8924867694149725,10
307,1,12.115582090184034,10.031615619569493,2.0839664706145413,6
308,1,11.796741585130803,10.153642976190895,1.6430986089399084,4
309,1,11.942792490124702,10.269392671529204,1.6733998185954988,5
310,1,12.129550608675345,10.087462117589894,2.042088491085451,5
311,1,11.113130018413358,9.685408237441152,1.427721780972206,3
312,1,11.845722083584405,10.254707779851742,1.5910143037326634,4
313,1,11.92550125537673,9.624670117918868,2.3008311374578625,7
314,1,12.092209911239479,10.280990195893537,1.811219715345942,5
315,1,12.360823999799322,8.477324762789067,3.8834992370102555,12
316,1,12.355082794339978,11.053258729822119,1.3018240645178594,4
317,1,12.123035138705745,11.167337289545685,0.9556978491600603,3
318,1,12.226448148867348,9.4266282345925,2.799819914274849,8
319,1,12.061224061457324,10.126087098804419,1.935136962652905,5
288,10,12.135888803662965,9.93164637676091,2.2042424269020557,6
289,10,11.822200346585305,8.176444649136101,3.6457556974492036,11
290,10,12.315973071847111,8.577560566249304,3.7384125055978075,11
291,10,12.616250137216412,10.007766306924168,2.6084838302922435,8
292,10,12.056055613735225,6.590382650785614,5.465672962949611,18
293,10,12.655185376075679,7.4762424372456735,5.178942938830005,18
294,10,12.034993821995158,9.357790957212273,2.6772028647828847,7
295,10,11.983311341726221,9.466009256546386,2.5173020851798356,7
296,10,11.896395569958258,8.523771706561092,3.372623863397166,9
297,10,12.303006122325314,9.376961529516848,2.9260445928084664,10
298,10,11.813675161800347,7.850981368275825,3.9626937935245223,12
299,10,11.90737256265129,7.621097701805411,4.286274860845879,13
300,10,12.6080641298322,8.385712831979617,4.222351297852583,15
301,10,12.367918809268303,9.369772055211797,2.9981467540565063,9
302,10,11.66150724410545,8.926198840141296,2.7353084039641544,7
303,10,12.64527911663754,9.545804313209374,3.0994748034281656,11
304,10,11.847693876643461,7.990326635703241,3.8573672409402207,11
305,10,12.144296864142234,8.439690938372223,3.704605925770011,12
306,10,12.521457263501361,8.253666706616059,4.267790556885302,15
307,10,12.115582090184034,7.911201030037773,4.204381060146261,14
308,10,11.796741585130803,8.310274634393863,3.48646695073694,10
309,10,11.942792490124702,9.873902905266732,2.0688895848579705,6
310,10,12.129550608675345,8.574116071991739,3.555434536683606,10
311,10,11.113130018413358,8.736085266638838,2.3770447517745197,5
312,10,11.845722083584405,8.339847982511856,3.50587410107255,10
313,10,11.92550125537673,7.917922953260131,4.007578302116599,12
314,10,12.092209911239479,8.290346012185182,3.801863899054297,12
315,10,12.360823999799322,7.373013677366544,4.987810322432779,17
316,10,12.355082794339978,8.069796619485714,4.285286174854264,14
317,10,12.123035138705745,9.906673217192292,2.216361921513453,6
318,10,12.226448148867348,7.345041581982514,4.881406566884834,17
319,10,12.061224061457324,7.18920211114164,4.872021950315684,15
288,100,12.135888803662965,8.84544913363061,3.290439670032356,10
289,100,11.822200346585305,7.260428857138322,4.561771489446983,15
290,100,12.315973071847111,7.417068874521647,4.898904197325464,16
291,100,12.616250137216412,7.482726386166178,5.133523751050234,19
292,100,12.056055613735225,5.788231627375353,6.267823986359872,22
293,100,12.655185376075679,6.182052476578974,6.473132899496704,24
294,100,12.034993821995158,7.743163049577561,4.2918307724175975,13
295,100,11.983311341726221,8.442145205219276,3.541166136506945,11
296,100,11.896395569958258,7.614658279286232,4.281737290672027,13
297,100,12.303006122325314,6.67716048375587,5.625845638569444,20
298,100,11.813675161800347,6.460438362730201,5.353236799070146,18
299,100,11.90737256265129,6.421390815143241,5.485981747508049,18
300,100,12.6080641298322,7.068810845783446,5.539253284048755,21
301,100,12.367918809268303,8.52610095360069,3.841817855667614,12
302,100,11.66150724410545,8.006235230364837,3.655272013740614,10
303,100,12.64527911663754,8.641972631623503,4.003306485014036,14
304,100,11.847693876643461,6.744322747679689,5.103371128963772,17
305,100,12.144296864142234,6.935604268532188,5.208692595610046,18
306,100,12.521457263501361,6.6897691585472785,5.8316881049540825,22
307,100,12.115582090184034,6.593093706025684,5.5224883841583505,20
308,100,11.796741585130803,7.556563284480944,4.240178300649859,13
309,100,11.942792490124702,8.820200338959694,3.1225921511650085,9
310,100,12.129550608675345,7.573717192994081,4.555833415681263,14
311,100,11.113130018413358,7.663488939047966,3.449641079365392,8
312,100,11.845722083584405,7.443221469526179,4.402500614058226,14
313,100,11.92550125537673,6.810852983559016,5.114648271817714,16
314,100,12.092209911239479,7.156222936730046,4.935986974509433,16
315,100,12.360823999799322,6.478308487974573,5.882515511824749,21
316,100,12.355082794339978,6.46911606095091,5.885966733389068,21
317,100,12.123035138705745,8.694776509422809,3.4282586292829365,10
318,100,12.226448148867348,5.708236227539601,6.518211921327747,25
319,100,12.061224061457324,6.355721162239206,5.705502899218118,19
320,1,11.954521779465722,10.506268436001847,1.4482533434638754,4
321,1,12.32106925896369,8.750648012617603,3.5704212463460863,11
322,1,12.272695579798892,11.539581542368978,0.7331140374299139,2
323,1,12.316648529231315,10.534574231220176,1.782074298011139,5
324,1,12.350552757328842,10.498504055023659,1.8520487023051828,5
325,1,12.144505020813085,11.100481839035638,1.0440231817774475,3
326,1,12.53276976995403,11.052255372575019,1.480514397379011,5
327,1,12.458347888597928,11.342441375767521,1.1159065128304064,4
328,1,12.117055763403187,10.214420252566924,1.9026355108362623,5
329,1,12.36818268202478,10.389735751843546,1.978446930181235,6
330,1,11.94123143615434,9.692468364431988,2.248763071722351,7
331,1,12.389629064622568,9.248783640359761,3.1408454242628068,10
332,1,12.0533043114483,10.127819924811774,1.9254843866365263,5
333,1,12.375977755786153,11.321835949696833,1.0541418060893193,3
334,1,12.281429376642336,9.967226393098827,2.3142029835435096,7
335,1,11.731787363620242,10.132664437784115,1.5991229258361273,4
336,1,12.013804989226628,10.125032479001675,1.8887725102249533,5
337,1,12.034831950208172,10.263491535559297,1.7713404146488756,5
338,1,11.655824860441498,9.925837237853557,1.7299876225879416,4
339,1,12.48023352567543,10.445450701263326,2.0347828244121047,6
340,1,11.81499987008283,10.193333623406943,1.6216662466758862,4
341,1,12.780866116088873,11.13948628903745,1.6413798270514235,5
342,1,12.427545863916748,11.702201140215038,0.7253447237017099,2
343,1,12.237875477738271,9.791419431778195,2.446456045960076,7
344,1,11.861018354524276,9.320568074836046,2.54045027968823,7
345,1,12.659403009689413,10.883023392292671,1.776379617396742,5
346,1,11.895074404135812,9.003673980711028,2.891400423424784,8
347,1,12.459611448133728,10.381394831905709,2.078216616228019,6
348,1,11.908040124282707,10.961534090864006,0.9465060334187001,3
349,1,12.378617658410803,10.843021026536007,1.535596631874796,5
350,1,12.086498037650017,9.493360211869003,2.593137825781014,8
351,1,12.195977127659717,10.911680762699689,1.2842963649600279,4
320,10,11.954521779465722,8.92680724253296,3.0277145369327627,9
321,10,12.32106925896369,7.36283266544342,4.958236593520269,17
322,10,12.272695579798892,10.946122761699371,1.326572818099521,4
323,10,12.316648529231315,8.682921469939174,3.6337270592921413,12
324,10,12.350552757328842,8.458799572603311,3.8917531847255304,13
325,10,12.144505020813085,9.396306387265213,2.7481986335478723,9
326,10,12.53276976995403,8.148310552060138,4.384459217893891,16
327,10,12.458347888597928,7.923453907082148,4.534893981515779,15
328,10,12.117055763403187,9.615362343814922,2.501693419588264,7
329,10,12.36818268202478,7.739917656115722,4.628265025909059,15
330,10,11.94123143615434,7.560392593732104,4.380838842422236,15
331,10,12.389629064622568,7.200827622349607,5.188801442272961,18
332,10,12.0533043114483,8.500818487511424,3.552485823936877,11
333,10,12.375977755786153,8.588977712701308,3.787000043084845,13
334,10,12.281429376642336,9.065523512472282,3.215905864170054,10
335,10,11.731787363620242,9.726551678526448,2.005235685093794,5
336,10,12.013804989226628,8.905024763720576,3.1087802255060524,9
337,10,12.034831950208172,6.796557737630792,5.23827421257738,18
338,10,11.655824860441498,6.698271309724078,4.957553550717421,15
339,10,12.48023352567543,8.81262115577556,3.667612369899871,12
340,10,11.81499987008283,9.256640322098974,2.558359547983855,7
341,10,12.780866116088873,9.504821819755307,3.2760442963335663,11
342,10,12.427545863916748,8.85724883597868,3.570297027938068,12
343,10,12.237875477738271,8.363490818206628,3.8743846595316427,12
344,10,11.861018354524276,7.250436653135694,4.610581701388583,14
345,10,12.659403009689413,8.045727978576906,4.613675031112507,15
346,10,11.895074404135812,7.394110155815724,4.500964248320088,14
347,10,12.459611448133728,8.903289124928051,3.556322323205677,12
348,10,11.908040124282707,8.723720027657691,3.184320096625015,9
349,10,12.378617658410803,9.500974998998572,2.8776426594122313,10
350,10,12.086498037650017,8.323143484332832,3.7633545533171855,12
351,10,12.195977127659717,8.31082436327415,3.885152764385566,12
320,100,11.954521779465722,7.885497908311663,4.069023871154059,13
321,100,12.32106925896369,6.119160287256818,6.201908971706871,23
322,100,12.272695579798892,9.290292064193636,2.982403515605256,9
323,100,12.316648529231315,6.676904572028434,5.639743957202882,20
324,100,12.350552757328842,7.126767911424395,5.223784845904447,18
325,100,12.144505020813085,7.524588521453552,4.619916499359533,15
326,100,12.53276976995403,6.938688494672533,5.594081275281496,21
327,100,12.458347888597928,7.177197948731191,5.2811499398667365,19
328,100,12.117055763403187,8.35307551335427,3.763980250048917,12
329,100,12.36818268202478,6.8101846590288915,5.557998022995889,19
330,100,11.94123143615434,6.666760464839172,5.274470971315168,18
331,100,12.389629064622568,5.658862749376567,6.730766315246001,25
332,100,12.0533043114483,7.093755115442036,4.9595491960062645,16
333,100,12.375977755786153,7.316534334124299,5.059443421661854,18
334,100,12.281429376642336,7.241839234906365,5.039590141735971,17
335,100,11.731787363620242,8.4535434464633,3.278243917156942,10
336,100,12.013804989226628,7.145474966906477,4.868330022320151,16
337,100,12.034831950208172,5.679008344188333,6.35582360601984,23
338,100,11.655824860441498,6.025877050356939,5.629947810084559,18
339,100,12.48023352567543,7.787646600314474,4.692586925360956,16
340,100,11.81499987008283,6.5092851159279235,5.305714754154906,17
341,100,12.780866116088873,7.867806054731773,4.9130600613571005,17
342,100,12.427545863916748,8.147221369072213,4.280324494844535,15
343,100,12.237875477738271,7.212956600320467,5.024918877417804,17
344,100,11.861018354524276,6.3150953826116165,5.54592297191266,17
345,100,12.659403009689413,6.874711819807999,5.784691189881414,20
346,100,11.895074404135812,6.546722704602871,5.348351699532941,18
347,100,12.459611448133728,7.2603050293164415,5.199306418817287,19
348,100,11.908040124282707,7.208885244617704,4.699154879665002,15
349,100,12.378617658410803,7.703674450182007,4.674943208228797,16
350,100,12.086498037650017,6.744874937430723,5.341623100219294,18
351,100,12.195977127659717,6.633629398464109,5.562347729195608,19
352,1,12.138804941932904,9.613187596463831,2.5256173454690725,7
353,1,12.38228312994761,11.189824094049982,1.1924590358976275,3
354,1,12.131245397235034,10.38906454553944,1.7421808516955934,5
355,1,12.40308961943083,11.157152979445527,1.2459366399853025,3
356,1,12.328158875083318,11.158057669788832,1.1701012052944861,3
357,1,12.453981324295455,10.60450057763228,1.8494807466631755,5
358,1,11.966664524872613,8.761009436864697,3.2056550880079158,10
359,1,12.400010158045916,11.085149758000625,1.3148604000452906,4
360,1,12.227425326884259,10.526228678703774,1.7011966481804848,5
361,1,12.08000927750254,10.534277633356396,1.5457316441461444,4
362,1,11.994427623634692,9.7304672805476,2.263960343087092,6
363,1,11.315208114887355,9.62410574106616,1.6911023738211952,4
364,1,12.12679208505142,9.196757144192816,2.9300349408586044,9
365,1,12.205987734836526,10.17890224722214,2.027085487614386,5
366,1,12.247302255942486,10.086565701873042,2.1607365540694445,6
367,1,12.120195268107636,10.73004035527265,1.390154912834987,4
368,1,12.587470510276034,9.86143491580151,2.7260355944745243,9
369,1,12.356740142640774,10.794586027463083,1.562154115177691,5
370,1,12.422973840730265,10.60232638346497,1.820647457265295,6
371,1,12.52484613112756,10.902225201571127,1.6226209295564331,4
372,1,11.954035102957278,9.65952076263784,2.294514340319438,6
373,1,12.103516708702955,10.377070283757348,1.7264464249456069,5
374,1,11.85593312504352,9.60079984398908,2.255133281054441,6
375,1,12.470809310781988,10.744626509598675,1.7261828011833131,5
376,1,12.084973436180007,10.669646592014033,1.4153268441659748,4
377,1,12.48503289616201,11.289193042786792,1.1958398533752188,4
378,1,12.221632907632738,10.995555497240275,1.2260774103924632,4
379,1,11.704130249345326,10.457622327565332,1.246507921779994,3
380,1,11.724155432078987,9.560107844299637,2.1640475877793506,6
381,1,12.248310821254563,10.037823038750503,2.2104877825040603,7
382,1,12.343345568384393,10.410335264794412,1.933010303589981,6
383,1,12.16853037707915,10.301093841917464,1.867436535161687,5
352,10,12.138804941932904,9.042984980362235,3.095819961570669,9
353,10,12.38228312994761,7.656651856625103,4.725631273322506,16
354,10,12.131245397235034,9.68331448736717,2.447930909867864,7
355,10,12.40308961943083,8.216348987465608,4.186740631965222,14
356,10,12.328158875083318,8.084205257095164,4.243953617988154,14
357,10,12.453981324295455,9.375508056800754,3.078473267494701,10
358,10,11.966664524872613,7.738449367701833,4.22821515717078,14
359,10,12.400010158045916,9.567490765970433,2.8325193920754828,8
360,10,12.227425326884259,7.621282893291209,4.60614243359305,15
361,10,12.08000927750254,8.514035861531738,3.5659734159708023,11
362,10,11.994427623634692,9.178801508329343,2.8156261153053492,8
363,10,11.315208114887355,8.839605901652249,2.4756022132351063,6
364,10,12.12679208505142,7.478774445931776,4.648017639119644,16
365,10,12.205987734836526,7.919896055129357,4.2860916797071695,13
366,10,12.247302255942486,8.539525454048999,3.7077768018934876,12
367,10,12.120195268107636,7.518925289019535,4.6012699790881015,15
368,10,12.587470510276034,7.7707649485673755,4.816705561708659,17
369,10,12.356740142640774,9.424435372886364,2.93230476975441,9
370,10,12.422973840730265,7.76603485213127,4.656938988598995,16
371,10,12.52484613112756,8.796652543678647,3.7281935874489136,11
372,10,11.954035102957278,8.376274282680242,3.5777608202770352,11
373,10,12.103516708702955,7.711723658205301,4.391793050497654,14
374,10,11.85593312504352,7.905406172707444,3.9505269523360766,12
375,10,12.470809310781988,10.065575397713474,2.405233913068514,8
376,10,12.084973436180007,8.786477384757745,3.298496051422262,10
377,10,12.48503289616201,9.432358447345905,3.0526744488161057,10
378,10,12.221632907632738,9.35853156936355,2.863101338269189,9
379,10,11.704130249345326,9.365831874296418,2.3382983750489075,6
380,10,11.724155432078987,8.792593188933097,2.9315622431458905,8
381,10,12.248310821254563,9.272508933740028,2.9758018875145353,9
382,10,12.343345568384393,8.23557760399126,4.107767964393133,14
383,10,12.16853037707915,8.752644834617968,3.415885542461183,11
352,100,12.138804941932904,7.928583047847496,4.210221894085407,13
353,100,12.38228312994761,6.126558123403811,6.255725006543798,24
354,100,12.131245397235034,8.639494890085189,3.4917505071498454,11
355,100,12.40308961943083,6.979975664798985,5.4231139546318445,19
356,100,12.328158875083318,6.962498247536132,5.365660627547186,19
357,100,12.453981324295455,8.20375115036586,4.2502301739295945,14
358,100,11.966664524872613,6.781050043362484,5.185614481510129,17
359,100,12.400010158045916,7.916317042574519,4.483693115471397,14
360,100,12.227425326884259,6.649956264940556,5.577469061943702,20
361,100,12.08000927750254,7.459191392234061,4.62081788526848,15
362,100,11.994427623634692,7.9371284654480405,4.057299158186652,13
363,100,11.315208114887355,7.645607195125194,3.6696009197621606,10
364,100,12.12679208505142,6.522212089577806,5.604579995473614,20
365,100,12.205987734836526,6.977722341194749,5.228265393641777,17
366,100,12.247302255942486,6.837615016032942,5.409687239909545,19
367,100,12.120195268107636,6.303004860026704,5.817190408080933,20
368,100,12.587470510276034,7.057349949609488,5.530120560666546,20
369,100,12.356740142640774,7.388794926882838,4.967945215757936,17
370,100,12.422973840730265,6.7391546765575185,5.683819164172746,21
371,100,12.52484613112756,7.469354823377216,5.055491307750344,17
372,100,11.954035102957278,7.203248289544717,4.75078681341256,15
373,100,12.103516708702955,6.379307968258217,5.7242087404447375,20
374,100,11.85593312504352,6.735318605642533,5.120614519400988,17
375,100,12.470809310781988,9.074186667940012,3.396622642841976,11
376,100,12.084973436180007,6.96475365317383,5.120219783006178,17
377,100,12.48503289616201,8.385881856898777,4.0991510392632335,14
378,100,12.221632907632738,7.659885687986389,4.5617472196463495,15
379,100,11.704130249345326,8.235358547637588,3.4687717017077375,10
380,100,11.724155432078987,7.993103896151297,3.7310515359276906,10
381,100,12.248310821254563,8.243776619965502,4.0045342012890615,13
382,100,12.343345568384393,6.950368090430857,5.392977477953536,19
383,100,12.16853037707915,7.364415816540713,4.804114560538437,16
384,1,11.987965015410737,10.131463789315603,1.8565012260951335,5
385,1,11.894845742441248,9.7624306899379,2.1324150525033474,5
386,1,12.133625750604551,10.962622769235168,1.1710029813693836,3
387,1,12.028642146469792,9.31398643614375,2.714655710326042,8
388,1,12.214069633395411,10.848997160850558,1.3650724725448526,4
389,1,12.171845163684338,9.2100907091517,2.961754454532638,9
390,1,12.36197589943913,10.78911581257853,1.5728600868606009,5
391,1,12.542882038156677,11.57455848785321,0.9683235503034666,3
392,1,11.914946628879989,10.359622360410867,1.5553242684691213,4
393,1,12.625239532644628,10.307364669424715,2.317874863219913,8
394,1,12.270073608437087,10.60418403398944,1.6658895744476467,5
395,1,12.316110569634475,10.305538177024573,2.0105723926099017,6
396,1,12.228201923600864,10.808810580638237,1.4193913429626264,5
397,1,12.035515688941814,10.12482190632727,1.910693782614544,5
398,1,12.487704354571179,11.017086641746573,1.4706177128246054,4
399,1,12.164143710047938,10.567747720400803,1.5963959896471351,5
400,1,12.167871208774159,9.51808301822166,2.649788190552499,8
401,1,12.034684906509938,10.403550675342558,1.6311342311673798,5
402,1,12.177943248880183,10.239821151310025,1.938122097570158,5
403,1,12.254593705234583,11.099223691446241,1.1553700137883425,3
404,1,12.131566920743353,9.662530386045546,2.469036534697807,8
405,1,12.534594458033098,11.124131024786038,1.4104634332470596,4
406,1,12.21035994576232,10.964079347686493,1.2462805980758276,4
407,1,12.306819840014214,10.005557472031796,2.3012623679824173,7
408,1,11.282393333836808,9.18340988412092,2.098983449715888,5
409,1,12.424725753749954,10.702454899233999,1.7222708545159549,5
410,1,12.29780888024834,10.24229289314826,2.0555159871000797,6
411,1,12.453629977622768,11.047874063573545,1.405755914049223,4
412,1,11.995036669104593,11.295042568381177,0.6999941007234156,2
413,1,12.398713736765785,10.352656339731766,2.0460573970340192,6
414,1,12.25575448005111,9.00947899845778,3.2462754815933295,10
415,1,11.759728252945933,9.52418269001646,2.235545562929474,5
384,10,11.987965015410737,8.890249309821229,3.0977157055895077,9
385,10,11.894845742441248,8.61255381553201,3.282291926909238,9
386,10,12.133625750604551,9.267872253956739,2.8657534966478124,9
387,10,12.028642146469792,8.027768510539318,4.000873635930475,13
388,10,12.214069633395411,8.033839889161754,4.180229744233657,14
389,10,12.171845163684338,7.308122123242356,4.8637230404419824,16
390,10,12.36197589943913,8.22914992407459,4.13282597536454,15
391,10,12.542882038156677,8.712434845037933,3.8304471931187436,12
392,10,11.914946628879989,9.287435348407598,2.6275112804723904,8
393,10,12.625239532644628,8.413243942457484,4.2119955901871435,15
394,10,12.270073608437087,9.05087119055679,3.2192024178802967,10
395,10,12.316110569634475,9.025058788363822,3.291051781270653,10
396,10,12.228201923600864,8.085208479431458,4.142993444169406,14
397,10,12.035515688941814,8.38985095161479,3.6456647373270243,11
398,10,12.487704354571179,8.214533730992116,4.2731706235790625,14
399,10,12.164143710047938,8.440155526041053,3.7239881840068847,12
400,10,12.167871208774159,7.82066027217661,4.347210936597548,14
401,10,12.034684906509938,7.133499617426423,4.901185289083514,16
402,10,12.177943248880183,8.3995645285504,3.7783787203297834,12
403,10,12.254593705234583,10.22694996924838,2.027643735986203,6
404,10,12.131566920743353,8.74173922526461,3.3898276954787434,11
405,10,12.534594458033098,9.72751034560497,2.8070841124281287,9
406,10,12.21035994576232,8.340902262119926,3.869457683642395,12
407,10,12.306819840014214,7.326615662459517,4.980204177554697,17
408,10,11.282393333836808,6.987487015474471,4.294906318362337,12
409,10,12.424725753749954,9.771995715651428,2.6527300380985253,8
410,10,12.29780888024834,9.554201866063522,2.7436070141848177,8
411,10,12.453629977622768,7.161260243010474,5.2923697346122935,19
412,10,11.995036669104593,8.158200804173248,3.836835864931345,12
413,10,12.398713736765785,7.064829692331841,5.333884044433944,19
414,10,12.25575448005111,7.4232363217452075,4.832518158305902,16
415,10,11.759728252945933,8.181099655863363,3.57862859708257,10
384,100,11.987965015410737,6.783371349454683,5.204593665956054,17
385,100,11.894845742441248,7.8060794390621595,4.088766303379089,12
386,100,12.133625750604551,7.744763243535999,4.388862507068552,15
387,100,12.028642146469792,6.84252739380463,5.186114752665162,17
388,100,12.214069633395411,6.447743238706607,5.766326394688804,21
389,100,12.171845163684338,5.903849643305875,6.267995520378463,22
390,100,12.36197589943913,6.505807180372358,5.856168719066773,22
391,100,12.542882038156677,7.391417327635281,5.151464710521395,18
392,100,11.914946628879989,7.377534673345508,4.5374119555344805,14
393,100,12.625239532644628,7.21865583586623,5.406583696778398,21
394,100,12.270073608437087,7.4734134574537165,4.796660150983371,15
395,100,12.316110569634475,7.995768173481338,4.320342396153137,14
396,100,12.228201923600864,7.147521047038026,5.0806808765628375,17
397,100,12.035515688941814,6.787593471701257,5.247922217240557,17
398,100,12.487704354571179,7.131487042759545,5.356217311811633,18
399,100,12.164143710047938,7.085722286836244,5.078421423211694,17
400,100,12.167871208774159,6.900210298510501,5.267660910263658,17
401,100,12.034684906509938,6.260536279267399,5.774148627242539,19
402,100,12.177943248880183,7.31218872889076,4.865754519989423,16
403,100,12.254593705234583,8.928359379817266,3.3262343254173175,10
404,100,12.131566920743353,7.522207422221982,4.609359498521371,16
405,100,12.534594458033098,8.079363380762516,4.455231077270582,16
406,100,12.21035994576232,7.1298083199508255,5.080551625811495,17
407,100,12.306819840014214,6.510051117482362,5.796768722531851,21
408,100,11.282393333836808,6.29272352658154,4.989669807255268,15
409,100,12.424725753749954,8.23797400391777,4.186751749832183,14
410,100,12.29780888024834,8.202930978121003,4.094877902127337,13
411,100,12.453629977622768,6.041262687154813,6.412367290467955,24
412,100,11.995036669104593,7.18974252595217,4.805294143152423,16
413,100,12.398713736765785,6.234205643384485,6.164508093381301,23
414,100,12.25575448005111,6.345423035993008,5.910331444058102,21
415,100,11.759728252945933,7.1659491385216825,4.593779114424251,14
416,1,12.390256570361089,10.006506997451652,2.383749572909437,7
417,1,12.55124924869233,10.249366732332419,2.3018825163599104,7
418,1,12.125326484150719,10.045629995933268,2.0796964882174507,6
419,1,12.370166968379635,9.906766767904628,2.4634002004750073,7
420,1,12.520868355437415,10.96983989313594,1.551028462301474,5
421,1,11.823974805185571,10.467552245943807,1.3564225592417642,4
422,1,12.608007232287491,11.184637304955686,1.4233699273318052,4
423,1,12.019017038634047,10.551416402391624,1.4676006362424232,4
424,1,11.994875834989216,9.689059390217153,2.305816444772063,7
425,1,12.703867903910577,11.611858321120963,1.0920095827896148,3
426,1,12.049952209279581,10.619298911427904,1.430653297851677,5
427,1,12.00923083233647,9.756849200464785,2.2523816318716854,7
428,1,12.083879894416896,9.346090712657315,2.737789181759581,8
429,1,12.413927145433263,10.75985268734803,1.6540744580852333,5
430,1,12.374101574067026,10.951441267505288,1.4226603065617383,4
431,1,12.580205858743284,10.273189895378891,2.3070159633643925,8
432,1,12.17158187853056,11.110225190437632,1.0613566880929284,3
433,1,12.939716202672571,11.7247711380478,1.2149450646247715,4
434,1,11.520935104141245,8.978880929149454,2.54205417499179,7
435,1,12.088994789732169,11.147182936527315,0.9418118532048538,3
436,1,12.078637118844199,10.140012191535789,1.9386249273084104,5
437,1,12.391440981358755,10.807177945564035,1.58426303579472,4
438,1,12.139789285793086,10.352842536623939,1.7869467491691466,5
439,1,12.24026999581838,9.662662564602215,2.5776074312161654,7
440,1,12.210081779339816,9.665014907426666,2.54506687191315,8
441,1,12.613358039758168,11.64965406502597,0.9637039747321978,3
442,1,12.496363882091828,11.289421367342584,1.2069425147492439,4
443,1,12.154117671772838,8.728307279059663,3.4258103927131742,10
444,1,12.108592574950308,11.667895285179839,0.44069728977046907,2
445,1,11.797783882560907,9.827421072375728,1.9703628101851791,5
446,1,12.025677904548502,10.416945632579882,1.60873227196862,5
447,1,12.268261940786033,10.944093735000934,1.3241682057850994,3
416,10,12.390256570361089,8.060387937759515,4.329868632601574,15
417,10,12.55124924869233,7.8037597234178975,4.747489525274432,16
418,10,12.125326484150719,7.840906549303327,4.284419934847392,14
419,10,12.370166968379635,7.546019375615288,4.824147592764348,17
420,10,12.520868355437415,9.3429843535705,3.1778840018669143,10
421,10,11.823974805185571,7.88616671890486,3.937808086280711,12
422,10,12.608007232287491,8.185821494924312,4.422185737363179,15
423,10,12.019017038634047,7.657555893121753,4.361461145512294,14
424,10,11.994875834989216,9.030641986053524,2.9642338489356916,9
425,10,12.703867903910577,7.864626484457403,4.839241419453174,17
426,10,12.049952209279581,9.546623551294033,2.5033286579855485,8
427,10,12.00923083233647,9.231784713920206,2.7774461184162647,8
428,10,12.083879894416896,8.469822056780686,3.61405783763621,11
429,10,12.413927145433263,9.75186211008986,2.662065035343403,9
430,10,12.374101574067026,9.295308344531804,3.078793229535222,10
431,10,12.580205858743284,8.630495774501469,3.949710084241815,14
432,10,12.17158187853056,6.898959577345522,5.272622301185038,18
433,10,12.939716202672571,7.6909613537136465,5.248754848958924,20
434,10,11.520935104141245,7.704007356107468,3.816927748033777,11
435,10,12.088994789732169,10.53765760726128,1.5513371824708884,4
436,10,12.078637118844199,8.229157746929559,3.84947937191464,12
437,10,12.391440981358755,9.138516744307708,3.2529242370510474,9
438,10,12.139789285793086,9.248487530610873,2.891301755182212,9
439,10,12.24026999581838,8.04086366581032,4.19940633000806,13
440,10,12.210081779339816,8.003816646232735,4.206265133107081,14
441,10,12.613358039758168,9.044146987609565,3.569211052148603,12
442,10,12.496363882091828,9.592913546017371,2.9034503360744566,9
443,10,12.154117671772838,7.4325108849443495,4.721606786828488,15
444,10,12.108592574950308,8.861104514217004,3.2474880607333034,10
445,10,11.797783882560907,6.745679257874144,5.052104624686763,16
446,10,12.025677904548502,8.945127922113898,3.0805499824346043,9
447,10,12.268261940786033,10.145829387867707,2.122432552918326,6
416,100,12.390256570361089,6.962204362673219,5.42805220768787,20
417,100,12.55124924869233,6.409165091132309,6.142084157560021,22
418,100,12.125326484150719,6.97111508261878,5.1542114015319385,17
419,100,12.370166968379635,6.125170017883647,6.244996950495988,23
420,100,12.520868355437415,7.967626041005133,4.553242314432282,16
421,100,11.823974805185571,7.077975078020245,4.7459997271653265,15
422,100,12.608007232287491,7.379268582582881,5.22873864970461,19
423,100,12.019017038634047,6.35861972643761,5.660397312196437,19
424,100,11.994875834989216,8.040745453359705,3.9541303816295112,13
425,100,12.703867903910577,6.820626393891871,5.883241510018706,22
426,100,12.049952209279581,8.45566327690176,3.5942889323778218,12
427,100,12.00923083233647,8.340535203227773,3.668695629108697,11
428,100,12.083879894416896,6.907096017341246,5.17678387707565,17
429,100,12.413927145433263,8.282988175327773,4.13093897010549,15
430,100,12.374101574067026,7.705013030441478,4.6690885436255485,16
431,100,12.580205858743284,7.163809212099295,5.416396646643989,20
432,100,12.17158187853056,5.894460101175355,6.277121777355205,23
433,100,12.939716202672571,6.332848045509309,6.606868157163262,26
434,100,11.520935104141245,6.855629691010108,4.6653054131311364,14
435,100,12.088994789732169,9.197244680866788,2.8917501088653808,8
436,100,12.078637118844199,7.175158172336523,4.903478946507676,15
437,100,12.391440981358755,7.982835547823925,4.408605433534831,14
438,100,12.139789285793086,7.2678658291260945,4.871923456666991,17
439,100,12.24026999581838,6.68738306540763,5.55288693041075,19
440,100,12.210081779339816,6.513546202273574,5.696535577066243,20
441,100,12.613358039758168,7.169245426077396,5.4441126136807725,20
442,100,12.496363882091828,7.000699634547345,5.495664247544482,20
443,100,12.154117671772838,6.185283180791885,5.968834490980953,20
444,100,12.108592574950308,8.233243448659778,3.87534912629053,12
445,100,11.797783882560907,5.674141894531203,6.1236419880297035,21
446,100,12.025677904548502,7.329747093874175,4.6959308106743265,15
447,100,12.268261940786033,8.25034620128281,4.0179157395032234,13
448,1,12.262100645399187,10.096789240196813,2.165311405202374,6
449,1,12.205879364257271,11.011186393305252,1.194692970952019,3
450,1,12.356370340021385,9.502891973439546,2.8534783665818395,9
451,1,11.935560326324776,9.38335859036306,2.5522017359617166,7
452,1,12.015874219730904,8.802570066320186,3.213304153410718,9
453,1,12.073741316096857,10.530507028917782,1.5432342871790752,5
454,1,12.257567579625174,9.518609036080306,2.738958543544868,8
455,1,12.031250361993443,11.144557169696782,0.8866931922966614,3
456,1,11.854321365986834,9.689325465777074,2.1649959002097603,6
457,1,12.58751434952137,11.476224926038412,1.1112894234829582,3
458,1,12.32850101893564,10.154988091198902,2.1735129277367378,6
459,1,12.046231022459324,9.948778956017122,2.0974520664422016,6
460,1,11.978038844303228,9.57426124846097,2.403777595842257,7
461,1,12.057121928839479,10.35563510999782,1.7014868188416585,5
462,1,12.127952560869744,9.65984295620001,2.468109604669735,7
463,1,12.12470213114284,10.950520685873926,1.174181445268914,4
464,1,12.384589539840817,9.468326170695946,2.916263369144872,9
465,1,11.694398009116412,9.775323817899334,1.919074191217078,5
466,1,12.432909399052733,9.632624756297446,2.8002846427552868,8
467,1,12.515856967016589,10.688638859137427,1.8272181078791618,6
468,1,12.104593116047909,10.333589643341838,1.7710034727060702,6
469,1,12.317537048453232,10.121701283293078,2.1958357651601546,7
470,1,11.944720803527161,10.925227441359311,1.0194933621678501,3
471,1,11.96023192496068,10.39140156526264,1.5688303596980404,5
472,1,12.474420632701367,10.758124674903229,1.7162959577981383,6
473,1,12.337440193194197,10.810998890752671,1.5264413024415262,5
474,1,12.019946556072682,10.091414262074977,1.928532293997705,5
475,1,12.438430035923375,12.05542544266791,0.383004593255464,1
476,1,12.107976774612325,10.099283687144634,2.008693087467691,6
477,1,12.002269428106956,10.172639221069403,1.8296302070375532,5
478,1,12.291854810144287,8.180425817496143,4.111428992648143,14
479,1,12.223880244011525,11.12485376856057,1.0990264754509553,3
448,10,12.262100645399187,8.55129819031572,3.710802455083467,12
449,10,12.205879364257271,6.110219548361783,6.0956598158954876,22
450,10,12.356370340021385,7.1642080555539,5.192162284467486,19
451,10,11.935560326324776,9.136124606069643,2.7994357202551328,8
452,10,12.015874219730904,7.780276599667559,4.235597620063345,13
453,10,12.073741316096857,9.64051788172219,2.4332234343746677,7
454,10,12.257567579625174,8.326720891083824,3.930846688541351,13
455,10,12.031250361993443,8.130278044787701,3.900972317205742,12
456,10,11.854321365986834,8.839456970061292,3.0148643959255423,8
457,10,12.58751434952137,7.8565995324461255,4.730914817075245,17
458,10,12.32850101893564,9.513920337187301,2.814580681748339,9
459,10,12.046231022459324,8.222066730953884,3.82416429150544,11
460,10,11.978038844303228,8.843648641719483,3.134390202583745,9
461,10,12.057121928839479,7.60490482847672,4.452217100362759,14
462,10,12.127952560869744,9.061388109665131,3.066564451204613,10
463,10,12.12470213114284,8.849762189085595,3.2749399420572445,10
464,10,12.384589539840817,7.1660969434306026,5.218492596410215,18
465,10,11.694398009116412,8.97031341904949,2.724084590066923,8
466,10,12.432909399052733,8.239361780913896,4.193547618138837,14
467,10,12.515856967016589,8.60178449616069,3.914072470855899,13
468,10,12.104593116047909,7.655336816897034,4.449256299150875,15
469,10,12.317537048453232,8.07429447202594,4.243242576427292,14
470,10,11.944720803527161,9.361093687009998,2.583627116517164,7
471,10,11.96023192496068,8.698826397165249,3.261405527795432,10
472,10,12.474420632701367,8.042137528536841,4.432283104164526,15
473,10,12.337440193194197,7.238225593435345,5.099214599758852,18
474,10,12.019946556072682,8.412157622165978,3.607788933906704,10
475,10,12.438430035923375,7.592249990004348,4.846180045919027,17
476,10,12.107976774612325,9.370316881730105,2.7376598928822204,8
477,10,12.002269428106956,9.812971457489766,2.18929797061719,6
478,10,12.291854810144287,7.1976039371220395,5.094250873022247,18
479,10,12.223880244011525,8.265377871051896,3.9585023729596287,13
448,100,12.262100645399187,7.031917324697133,5.230183320702054,19
449,100,12.205879364257271,5.504750192492793,6.701129171764478,25
450,100,12.356370340021385,6.29316614552954,6.0632041944918456,23
451,100,11.935560326324776,7.83121718588518,4.104343140439596,13
452,100,12.015874219730904,6.923764584491437,5.092109635239467,17
453,100,12.073741316096857,7.849197567324154,4.224543748772703,13
454,100,12.257567579625174,6.983032369753346,5.274535209871829,18
455,100,12.031250361993443,6.6258617340936325,5.405388627899811,18
456,100,11.854321365986834,6.918941612428171,4.935379753558664,16
457,100,12.58751434952137,7.017740430339472,5.569773919181898,20
458,100,12.32850101893564,7.379698093289335,4.948802925646305,17
459,100,12.046231022459324,6.967269747628961,5.0789612748303625,16
460,100,11.978038844303228,7.97869089548476,3.9993479488184676,12
461,100,12.057121928839479,6.927863293502014,5.1292586353374645,16
462,100,12.127952560869744,7.040910532610724,5.08704202825902,17
463,100,12.12470213114284,7.540143323596567,4.584558807546273,15
464,100,12.384589539840817,5.7374288365244865,6.647160703316331,25
465,100,11.694398009116412,6.826606256028754,4.867791753087658,15
466,100,12.432909399052733,7.147603183388128,5.285306215664605,19
467,100,12.515856967016589,7.738251806644257,4.777605160372332,17
468,100,12.104593116047909,6.399320307056769,5.70527280899114,20
469,100,12.317537048453232,7.020317319402238,5.297219729050994,18
470,100,11.944720803527161,7.8284960887394845,4.116224714787677,12
471,100,11.96023192496068,7.922187455995299,4.038044468965381,13
472,100,12.474420632701367,6.517032398493029,5.957388234208338,22
473,100,12.337440193194197,6.199609670758946,6.137830522435252,22
474,100,12.019946556072682,7.861911282176152,4.15803527389653,12
475,100,12.438430035923375,6.919230813306058,5.519199222617317,19
476,100,12.107976774612325,8.088901538212667,4.019075236399658,12
477,100,12.002269428106956,8.379116895026527,3.623152533080429,11
478,100,12.291854810144287,6.4558776305639185,5.835977179580368,21
479,100,12.223880244011525,6.712379293865524,5.511500950146001,19
480,1,12.167300930585043,9.473356212594808,2.6939447179902345,8
481,1,12.18125379178673,10.82397182029672,1.3572819714900106,4
482,1,12.071530378016178,10.522791336348746,1.5487390416674316,5
483,1,12.517986418461078,10.215131972116069,2.302854446345009,7
484,1,12.583158416906372,10.26321908144746,2.319939335458912,7
485,1,12.439878485245572,10.932613086341007,1.5072653989045648,5
486,1,12.270935454609571,9.932021793181775,2.338913661427796,7
487,1,11.854090469889343,8.867666093632579,2.986424376256764,9
488,1,12.342042506759753,10.515102433710126,1.8269400730496272,6
489,1,11.528002290909171,10.295188175553449,1.2328141153557226,3
490,1,12.150061894382816,10.535958910069894,1.6141029843129218,4
491,1,12.22975105268415,10.793169962591492,1.436581090092659,4
492,1,12.299284940243524,10.65214347840083,1.6471414618426934,5
493,1,12.323525607891497,9.399897075272747,2.92362853261875,8
494,1,12.066671738743025,10.32041861180187,1.7462531269411556,5
495,1,12.031449662987143,9.476620556320995,2.5548291066661477,7
496,1,12.232255561102647,11.388659945281688,0.8435956158209592,3
497,1,12.423330415037071,11.545685017018968,0.8776453980181032,3
498,1,12.54300922370021,12.07049477421242,0.47251444948778953,2
499,1,12.039068695121387,10.144377590426302,1.8946911046950845,5
500,1,11.946754720556783,10.002630312315887,1.9441244082408957,5
501,1,12.14357853445108,10.53833087408566,1.6052476603654213,5
502,1,11.6878419155546,10.007727681222605,1.6801142343319952,4
503,1,12.419816622452345,11.086520954791922,1.3332956676604226,4
504,1,11.979796258412534,11.048151171096833,0.931645087315701,3
505,1,12.78293895177194,11.2132552897383,1.5696836620336398,5
506,1,12.404687435613596,11.009692141567939,1.394995294045657,4
507,1,11.806109054828994,10.165033607976511,1.6410754468524829,4
508,1,12.190743852872401,10.648468869039789,1.5422749838326126,5
509,1,11.958289180125576,9.581290082947817,2.376999097177759,6
510,1,12.07642496371409,10.255455474019982,1.8209694896941073,5
511,1,12.622711311545572,9.837145505021908,2.785565806523664,9
480,10,12.167300930585043,7.99712537868254,4.170175551902503,14
481,10,12.18125379178673,9.387221592012793,2.7940321997739375,8
482,10,12.071530378016178,8.77355703926878,3.297973338747397,10
483,10,12.517986418461078,9.109055926193832,3.4089304922672454,11
484,10,12.583158416906372,9.389987354399636,3.1931710625067353,10
485,10,12.439878485245572,7.796093238830508,4.643785246415064,16
486,10,12.270935454609571,9.18907146321726,3.0818639913923107,10
487,10,11.854090469889343,8.344404094386846,3.509686375502497,11
488,10,12.342042506759753,9.863410384132294,2.4786321226274595,8
489,10,11.528002290909171,7.4326694199216945,4.095332870987477,12
490,10,12.150061894382816,8.86142513185041,3.2886367625324056,10
491,10,12.22975105268415,7.96848823747132,4.261262815212831,14
492,10,12.299284940243524,9.748838407926087,2.5504465323174372,8
493,10,12.323525607891497,7.786670571149443,4.536855036742054,15
494,10,12.066671738743025,9.786145911442873,2.2805258273001527,6
495,10,12.031449662987143,7.43556667631492,4.595882986672223,14
496,10,12.232255561102647,7.990082094736863,4.242173466365784,14
497,10,12.423330415037071,9.023186050824279,3.4001443642127924,11
498,10,12.54300922370021,9.101213231733709,3.441795991966501,12
499,10,12.039068695121387,9.383513035681972,2.6555556594394147,8
500,10,11.946754720556783,8.106626172462711,3.8401285480940714,11
501,10,12.14357853445108,7.940055627230322,4.2035229072207585,14
502,10,11.6878419155546,9.036984393576859,2.6508575219777413,7
503,10,12.419816622452345,6.709786266845185,5.710030355607159,21
504,10,11.979796258412534,8.635081041633384,3.34471521677915,10
505,10,12.78293895177194,8.933860694087343,3.849078257684596,13
506,10,12.404687435613596,7.999733374468633,4.404954061144963,15
507,10,11.806109054828994,8.60533005167963,3.200779003149364,9
508,10,12.190743852872401,7.968965794192627,4.221778058679774,14
509,10,11.958289180125576,7.559460477728862,4.398828702396713,13
510,10,12.07642496371409,9.235952997929417,2.8404719657846726,8
511,10,12.622711311545572,9.12375674584473,3.498954565700842,12
480,100,12.167300930585043,7.273115650856198,4.894185279728845,17
481,100,12.18125379178673,7.886532513657585,4.2947212781291455,13
482,100,12.071530378016178,7.491769623302389,4.579760754713789,15
483,100,12.517986418461078,7.621548044131487,4.896438374329591,17
484,100,12.583158416906372,8.452295113471337,4.130863303435035,14
485,100,12.439878485245572,6.568683965750097,5.871194519495475,22
486,100,12.270935454609571,8.420133303123293,3.8508021514862776,13
487,100,11.854090469889343,7.4461259031668305,4.407964566722512,14
488,100,12.342042506759753,8.161999074014602,4.180043432745151,14
489,100,11.528002290909171,6.247350465778254,5.280651825130917,17
490,100,12.150061894382816,7.235887362796348,4.914174531586468,17
491,100,12.22975105268415,6.730904178344645,5.498846874339506,19
492,100,12.299284940243524,8.19686756264855,4.102417377594975,14
493,100,12.323525607891497,6.711906534110312,5.611619073781185,20
494,100,12.066671738743025,8.468321466927591,3.598350271815434,11
495,100,12.031449662987143,6.533869153354317,5.497580509632826,18
496,100,12.232255561102647,6.6318387785577215,5.600416782544926,20
497,100,12.423330415037071,8.247629955879802,4.1757004591572695,14
498,100,12.54300922370021,8.021918212944001,4.521091010756209,16
499,100,12.039068695121387,8.022160533429997,4.01690816169139,13
500,100,11.946754720556783,7.3389235927315895,4.607831127825193,14
501,100,12.14357853445108,5.528429302066797,6.615149232384283,24
502,100,11.6878419155546,7.923937949090032,3.763903966464568,11
503,100,12.419816622452345,5.983517904591281,6.436298717861064,25
504,100,11.979796258412534,7.446703295951011,4.533092962461524,14
505,100,12.78293895177194,7.916937465692172,4.866001486079767,17
506,100,12.404687435613596,6.973104662276455,5.431582773337141,20
507,100,11.806109054828994,7.293772637320217,4.512336417508777,14
508,100,12.190743852872401,6.897917585680261,5.29282626719214,18
509,100,11.958289180125576,6.256596661580261,5.701692518545315,19
510,100,12.07642496371409,7.153306110936683,4.923118852777407,16
511,100,12.622711311545572,7.372428755988949,5.250282555556623,20
512,1,12.294559984878106,9.2910076435046,3.0035523413735064,10
513,1,12.124983234331012,9.960245368536562,2.16473786579445,7
514,1,11.562525860936148,9.116897977510234,2.4456278834259138,6
515,1,11.883708618726814,10.445687564293621,1.438021054433193,4
516,1,12.308978715969715,10.065297911933158,2.2436808040365577,7
517,1,12.086681398097426,10.778698161593638,1.3079832365037873,4
518,1,12.275215227913577,11.852879835816566,0.4223353920970112,2
519,1,12.18452370079467,12.007801914820448,0.17672178597422317,1
520,1,12.625734202301828,10.992081422795309,1.6336527795065194,5
521,1,12.745229909240152,12.093665853506536,0.6515640557336155,2
522,1,12.00778825442103,10.340382868838788,1.6674053855822422,4
523,1,12.742814040801022,9.856329218891915,2.8864848219091073,9
524,1,12.000510996294906,10.958805869537173,1.0417051267577335,3
525,1,12.622529729123926,11.298170574620599,1.3243591545033269,4
526,1,12.541374351603736,10.107366864911455,2.4340074866922805,7
527,1,12.178918668378174,10.987750398071512,1.1911682703066617,3
528,1,12.025105499793426,10.787673296508729,1.2374322032846976,4
529,1,11.927858347509755,10.665282781090355,1.2625755664194003,4
530,1,12.0869714395958,10.883066560782026,1.2039048788137734,4
531,1,12.12847181903635,10.552660431661934,1.575811387374415,4
532,1,11.639920327797881,10.098275870564976,1.5416444572329056,4
533,1,11.491789473046083,8.964234591287095,2.527554881758988,6
534,1,12.725997460569488,9.580427372682607,3.145570087886881,11
535,1,12.282127294987731,10.978581421128183,1.303545873859548,4
536,1,12.39510287961457,10.18114304926712,2.2139598303474486,6
537,1,11.961983582936227,10.09407648211345,1.8679071008227766,5
538,1,12.254312334916904,10.21875905514753,2.035553279769374,6
539,1,12.253684811614221,10.321355197025696,1.9323296145885251,5
540,1,12.439014245188446,11.357362046619528,1.0816521985689178,4
541,1,12.357040606064402,10.547786595441721,1.8092540106226807,5
542,1,12.590388904500287,9.598691219987813,2.9916976845124736,10
543,1,11.995166092179716,11.13826083287131,0.8569052593084052,2
512,10,12.294559984878106,7.927169874715219,4.367390110162887,15
513,10,12.124983234331012,8.180830486235209,3.944152748095803,13
514,10,11.562525860936148,8.195794004393974,3.3667318565421738,9
515,10,11.883708618726814,8.763060989760561,3.1206476289662533,9
516,10,12.308978715969715,8.430873257631902,3.8781054583378136,12
517,10,12.086681398097426,8.862102187355049,3.2245792107423767,9
518,10,12.275215227913577,10.617294387018774,1.6579208408948034,5
519,10,12.18452370079467,6.363598267082125,5.820925433712546,20
520,10,12.625734202301828,7.864320712425979,4.761413489875849,17
521,10,12.745229909240152,7.640863104854361,5.104366804385791,19
522,10,12.00778825442103,8.654169193432608,3.3536190609884216,10
523,10,12.742814040801022,8.134149732941296,4.608664307859726,16
524,10,12.000510996294906,7.995613898528973,4.004897097765934,13
525,10,12.622529729123926,8.220823408482829,4.401706320641097,16
526,10,12.541374351603736,9.006400047677744,3.534974303925992,11
527,10,12.178918668378174,8.349606426043465,3.8293122423347086,12
528,10,12.025105499793426,9.132361051961198,2.8927444478322286,9
529,10,11.927858347509755,8.85171784288832,3.076140504621435,9
530,10,12.0869714395958,8.980784138548188,3.106187301047612,9
531,10,12.12847181903635,7.986685496180144,4.1417863228562055,13
532,10,11.639920327797881,8.275334957623272,3.364585370174609,10
533,10,11.491789473046083,7.288866492745001,4.202922980301082,12
534,10,12.725997460569488,8.614268409408396,4.111729051161092,15
535,10,12.282127294987731,7.982005231715448,4.300122063272283,15
536,10,12.39510287961457,8.28458041662816,4.11052246298641,13
537,10,11.961983582936227,8.959135679760948,3.0028479031752795,8
538,10,12.254312334916904,8.485551713223686,3.768760621693218,11
539,10,12.253684811614221,7.839369557012105,4.414315254602116,15
540,10,12.439014245188446,8.40993971961143,4.029074525577016,14
541,10,12.357040606064402,8.97904784595812,3.377992760106281,10
542,10,12.590388904500287,7.743559667025693,4.846829237474594,18
543,10,11.995166092179716,10.808273089234717,1.1868930029449984,3
512,100,12.294559984878106,6.706445617889585,5.5881143669885205,19
513,100,12.124983234331012,7.309851013473235,4.815132220857777,16
514,100,11.562525860936148,7.044979858997976,4.517546001938172,14
515,100,11.883708618726814,7.863596791838063,4.020111826888751,12
516,100,12.308978715969715,6.9974838880007155,5.311494827969,18
517,100,12.086681398097426,7.774712041369639,4.311969356727786,14
518,100,12.275215227913577,8.069088858610485,4.206126369303092,14
519,100,12.18452370079467,5.487680720805656,6.696842979989015,25
520,100,12.625734202301828,6.544885727547808,6.080848474754021,23
521,100,12.745229909240152,6.376076897387975,6.369153011852177,25
522,100,12.00778825442103,6.8353686509726685,5.172419603448361,17
523,100,12.742814040801022,5.821415783546399,6.921398257254623,27
524,100,12.000510996294906,6.901062866934808,5.099448129360098,17
525,100,12.622529729123926,7.141381486115279,5.481148243008647,21
526,100,12.541374351603736,6.941716545035888,5.599657806567848,19
527,100,12.178918668378174,7.147679645760945,5.031239022617228,17
528,100,12.025105499793426,8.041413573882892,3.9836919259105343,13
529,100,11.927858347509755,7.988518193451455,3.9393401540583,12
530,100,12.0869714395958,7.703258150431793,4.383713289164007,14
531,100,12.12847181903635,7.064738035369373,5.063733783666976,17
532,100,11.639920327797881,7.330157085656538,4.309763242141344,14
533,100,11.491789473046083,6.539062692027073,4.95272678101901,14
534,100,12.725997460569488,7.045854452677304,5.680143007892184,22
535,100,12.282127294987731,6.935835277421575,5.346292017566157,19
536,100,12.39510287961457,7.2944980977335945,5.100604781880975,17
537,100,11.961983582936227,7.6349802238401026,4.327003359096125,14
538,100,12.254312334916904,7.393871977270464,4.860440357646439,16
539,100,12.253684811614221,6.7969333374348935,5.4567514741793275,20
540,100,12.439014245188446,7.196745654582628,5.242268590605818,18
541,100,12.357040606064402,7.161749650000274,5.195290956064127,18
542,100,12.590388904500287,6.282778693479486,6.307610211020801,24
543,100,11.995166092179716,8.185467129689641,3.8096989624900743,12
544,1,11.977873701289354,10.871791672463587,1.1060820288257673,3
545,1,12.443832157121506,11.087486634205561,1.3563455229159445,4
546,1,11.972170609747991,10.639137592399493,1.333033017348498,3
547,1,11.969031449931208,10.778385211306158,1.1906462386250496,3
548,1,12.42828768081381,11.745303365954896,0.6829843148589134,2
549,1,12.085235317150364,10.427077268104767,1.6581580490455963,5
550,1,11.974042099856888,10.112256825945224,1.8617852739116643,5
551,1,11.665548348450102,10.06388180050999,1.6016665479401127,4
552,1,12.592858469753992,9.714443874370772,2.8784145953832194,10
553,1,12.241791698412271,10.944885207456537,1.2969064909557346,4
554,1,12.313014573592227,11.501431659504306,0.8115829140879214,2
555,1,12.114889392847545,10.401137723689317,1.7137516691582277,6
556,1,12.365894370446767,9.749518881351833,2.616375489094935,8
557,1,12.3330534803099,10.341747606697027,1.9913058736128733,5
558,1,12.621988634433364,9.25019257076201,3.371796063671354,11
559,1,12.405152348568663,10.611623520147987,1.7935288284206763,6
560,1,12.641906770179048,10.551601460436359,2.090305309742689,7
561,1,12.074017900595209,9.721404376352439,2.35261352424277,7
562,1,11.623624676984036,9.356400293385377,2.267224383598659,6
563,1,12.466515913252806,11.333767799547786,1.13274811370502,4
564,1,12.098233931639697,10.078386646171566,2.0198472854681313,6
565,1,12.023299961525481,10.910275474365335,1.1130244871601462,3
566,1,12.24917596729938,11.173170249559917,1.0760057177394629,3
567,1,12.129850644683756,10.414681492540694,1.715169152143062,5
568,1,11.834421127961832,10.0653161053051,1.7691050226567313,5
569,1,11.93401478076703,10.642987051018281,1.2910277297487482,3
570,1,12.113170890799665,10.089421149306872,2.023749741492793,6
571,1,12.172758425258507,10.642847634204372,1.5299107910541352,4
572,1,12.036734319641255,11.236280638142489,0.800453681498766,2
573,1,11.962727378500858,9.638499208173016,2.3242281703278422,6
574,1,12.352171490638284,9.502762420015642,2.8494090706226416,9
575,1,12.267434183857404,10.344766540569253,1.9226676432881504,6
544,10,11.977873701289354,8.868713016468973,3.109160684820381,9
545,10,12.443832157121506,8.739162029174622,3.7046701279468834,12
546,10,11.972170609747991,9.730478899786249,2.241691709961742,6
547,10,11.969031449931208,9.378330717503559,2.590700732427649,7
548,10,12.42828768081381,8.409111602144549,4.019176078669261,14
549,10,12.085235317150364,7.8393341754272114,4.245901141723152,14
550,10,11.974042099856888,7.888029659181484,4.086012440675404,12
551,10,11.665548348450102,7.110556020634249,4.554992327815853,14
552,10,12.592858469753992,8.68221712304512,3.9106413467088714,14
553,10,12.241791698412271,7.630381232796935,4.611410465615336,16
554,10,12.313014573592227,8.839698990166653,3.473315583425574,11
555,10,12.114889392847545,7.401672149557271,4.7132172432902735,16
556,10,12.365894370446767,8.04300891413368,4.322885456313088,14
557,10,12.3330534803099,8.146596330043394,4.186457150266506,13
558,10,12.621988634433364,8.423404805973405,4.1985838284599595,15
559,10,12.405152348568663,9.919592552585527,2.4855597959831357,8
560,10,12.641906770179048,8.62773175840266,4.014175011776388,14
561,10,12.074017900595209,8.046959346305812,4.027058554289397,13
562,10,11.623624676984036,8.754250944737578,2.8693737322464585,7
563,10,12.466515913252806,10.269394898674364,2.1971210145784426,7
564,10,12.098233931639697,7.725317495351192,4.372916436288506,15
565,10,12.023299961525481,10.185628729232121,1.83767123229336,5
566,10,12.24917596729938,9.431014533271082,2.8181614340282977,9
567,10,12.129850644683756,8.465554699818313,3.6642959448654437,12
568,10,11.834421127961832,9.449911655668984,2.384509472292848,7
569,10,11.93401478076703,9.85813941663946,2.075875364127569,6
570,10,12.113170890799665,7.579369990773557,4.533800900026108,15
571,10,12.172758425258507,6.822663807593926,5.350094617664581,18
572,10,12.036734319641255,10.184058020007797,1.8526762996334583,5
573,10,11.962727378500858,8.61724610478268,3.3454812737181783,10
574,10,12.352171490638284,9.000146890903125,3.3520245997351594,11
575,10,12.267434183857404,8.362452430068515,3.9049817537888885,12
544,100,11.977873701289354,7.956783867302875,4.02108983398648,13
545,100,12.443832157121506,7.172591272799764,5.271240884321742,19
546,100,11.972170609747991,8.722974681993946,3.2491959277540445,9
547,100,11.969031449931208,8.431440747808665,3.537590702122543,10
548,100,12.42828768081381,7.28166841584607,5.14661926496774,19
549,100,12.085235317150364,6.793116740387632,5.292118576762732,18
550,100,11.974042099856888,6.785796465046587,5.1882456348103005,16
551,100,11.665548348450102,5.9460066764149815,5.71954167203512,19
552,100,12.592858469753992,7.1995350595680065,5.393323410185985,20
553,100,12.241791698412271,6.668941245181486,5.572850453230785,20
554,100,12.313014573592227,7.621086326602381,4.691928246989846,16
555,100,12.114889392847545,6.764290125822299,5.350599267025245,19
556,100,12.365894370446767,7.14498064023428,5.220913730212487,18
557,100,12.3330534803099,6.915545599826146,5.417507880483754,18
558,100,12.621988634433364,7.594975742249517,5.027012892183848,18
559,100,12.405152348568663,8.048513099784032,4.3566392487846315,15
560,100,12.641906770179048,7.416854543844238,5.22505222633481,19
561,100,12.074017900595209,7.082751959940651,4.991265940654557,17
562,100,11.623624676984036,7.723720653768396,3.8999040232156403,11
563,100,12.466515913252806,9.151246998921124,3.315268914331682,10
564,100,12.098233931639697,6.494127837067936,5.604106094571762,20
565,100,12.023299961525481,8.940347446419764,3.082952515105717,9
566,100,12.24917596729938,8.225237899809144,4.023938067490235,13
567,100,12.129850644683756,6.416380845075764,5.713469799607992,20
568,100,11.834421127961832,7.954425298215938,3.8799958297458943,12
569,100,11.93401478076703,8.482184533408144,3.4518302473588847,10
570,100,12.113170890799665,6.826931862240599,5.286239028559066,18
571,100,12.172758425258507,5.795463007780199,6.377295417478308,23
572,100,12.036734319641255,7.935203714412637,4.101530605228618,12
573,100,11.962727378500858,6.9145709554723,5.0481564230285585,17
574,100,12.352171490638284,7.133895679056877,5.218275811581407,18
575,100,12.267434183857404,7.3347951610339805,4.932639022823423,16
576,1,12.313436008869758,10.535577501232183,1.7778585076375748,5
577,1,12.258082714208285,11.503076911627431,0.7550058025808539,2
578,1,12.465388504133443,11.113395419481094,1.3519930846523494,4
579,1,12.04599231663451,10.72677540530276,1.3192169113317505,4
580,1,12.051200372050516,10.397867158404551,1.6533332136459649,5
581,1,12.185835826036055,10.81306448142277,1.3727713446132839,4
582,1,12.132554914584034,10.09064993764332,2.041904976940714,6
583,1,11.991814742796123,9.653627905761823,2.3381868370343,6
584,1,11.862071578099858,10.224315476196352,1.6377561019035056,4
585,1,12.273735255526844,10.128250685462262,2.145484570064582,6
586,1,12.060762388864532,10.548897430766374,1.5118649580981582,4
587,1,12.193623910628958,11.384353364439448,0.8092705461895093,2
588,1,12.576312086632242,10.444913349841954,2.1313987367902882,7
589,1,12.538041929103201,10.935858816694235,1.6021831124089658,5
590,1,12.577419866938726,10.78985237366578,1.7875674932729453,6
591,1,12.816513556681457,11.104036990946042,1.7124765657354146,5
592,1,11.819586448113114,10.70738598450771,1.1122004636054044,3
593,1,12.322557178908028,10.042169813998044,2.280387364909984,7
594,1,11.990611146844458,11.296600619854871,0.6940105269895867,2
595,1,11.983740851515904,10.641743581742048,1.3419972697738558,3
596,1,12.064871256468905,10.731973401274445,1.3328978551944601,3
597,1,11.698603985772934,10.09939146292163,1.5992125228513032,4
598,1,11.940269760787487,10.27012481505517,1.6701449457323179,5
599,1,12.228316418098984,10.578334832942346,1.6499815851566382,5
600,1,12.01855918194633,9.755738594685681,2.2628205872606486,6
601,1,12.022393013878172,9.56176538782529,2.460627626052883,7
602,1,12.180160690440971,10.686028510746837,1.4941321796941338,4
603,1,11.805398492375389,9.67356276139617,2.131835730979219,6
604,1,12.18226195549687,10.938066589840673,1.2441953656561964,4
605,1,12.170767267649353,9.56887231492874,2.601894952720613,7
606,1,12.236330992396688,10.460223647736711,1.7761073446599767,5
607,1,12.28861120178044,11.422794453821552,0.8658167479588883,3
576,10,12.313436008869758,9.571727130856743,2.7417088780130143,8
577,10,12.258082714208285,9.757941728064907,2.5001409861433785,8
578,10,12.465388504133443,8.161940903912182,4.303447600221261,15
579,10,12.04599231663451,7.428070052337716,4.617922264296794,15
580,10,12.051200372050516,7.420106249046512,4.631094123004004,15
581,10,12.185835826036055,9.041305341699626,3.1445304843364283,10
582,10,12.132554914584034,7.982147771297605,4.150407143286429,13
583,10,11.991814742796123,7.222605599323288,4.769209143472835,15
584,10,11.862071578099858,7.700399425404612,4.161672152695246,13
585,10,12.273735255526844,8.104102842218708,4.169632413308136,14
586,10,12.060762388864532,9.96494915545918,2.0958132334053516,6
587,10,12.193623910628958,8.947186074306956,3.246437836322002,10
588,10,12.576312086632242,8.283406969771022,4.2929051168612204,15
589,10,12.538041929103201,8.680250270379474,3.857791658723727,12
590,10,12.577419866938726,8.28849447191169,4.288925395027036,15
591,10,12.816513556681457,8.215732971366378,4.6007805853150785,16
592,10,11.819586448113114,8.573027478556469,3.246558969556645,9
593,10,12.322557178908028,6.952142432099208,5.3704147468088195,18
594,10,11.990611146844458,9.96449850796489,2.0261126388795674,5
595,10,11.983740851515904,8.083553559146821,3.9001872923690826,12
596,10,12.064871256468905,6.894183534317563,5.170687722151342,17
597,10,11.698603985772934,8.179412683763076,3.519191302009858,10
598,10,11.940269760787487,8.042305977549404,3.897963783238083,11
599,10,12.228316418098984,9.015093141846592,3.2132232762523927,10
600,10,12.01855918194633,8.168246274231933,3.8503129077143967,11
601,10,12.022393013878172,8.390580349307129,3.6318126645710436,11
602,10,12.180160690440971,7.33594732236088,4.844213368080091,16
603,10,11.805398492375389,6.9932312299497426,4.812167262425646,16
604,10,12.18226195549687,7.8600015755891945,4.322260379907675,14
605,10,12.170767267649353,6.881733764130331,5.289033503519022,17
606,10,12.236330992396688,8.215095658466453,4.021235333930235,13
607,10,12.28861120178044,6.693990189138276,5.594621012642165,20
576,100,12.313436008869758,8.292561583624774,4.020874425244983,13
577,100,12.258082714208285,8.60916268992878,3.648920024279505,12
578,100,12.465388504133443,7.2014139066886855,5.263974597444758,19
579,100,12.04599231663451,6.671655778583954,5.3743365380505566,19
580,100,12.051200372050516,6.621279028826393,5.429921343224123,19
581,100,12.185835826036055,8.031498367956374,4.154337458079681,14
582,100,12.132554914584034,6.799652010187856,5.332902904396178,18
583,100,11.991814742796123,6.492237317143008,5.499577425653115,18
584,100,11.862071578099858,6.603779798198957,5.258291779900901,17
585,100,12.273735255526844,6.130068267753813,6.143666987773031,22
586,100,12.060762388864532,8.42703557247296,3.6337268163915724,11
587,100,12.193623910628958,7.489684713451425,4.703939197177533,15
588,100,12.576312086632242,6.8627440074051265,5.713568079227116,21
589,100,12.538041929103201,7.757132671918953,4.780909257184248,16
590,100,12.577419866938726,7.494601140919258,5.082818726019468,18
591,100,12.816513556681457,6.910917433837312,5.905596122844145,23
592,100,11.819586448113114,6.891136083195306,4.928450364917808,16
593,100,12.322557178908028,5.882074535707943,6.440482643200085,23
594,100,11.990611146844458,8.940160210884642,3.050450935959816,9
595,100,11.983740851515904,7.043693606741726,4.940047244774178,16
596,100,12.064871256468905,5.643028471971775,6.42184278449713,23
597,100,11.698603985772934,7.329483928566333,4.369120057206601,13
598,100,11.940269760787487,6.637006753822789,5.303263006964698,17
599,100,12.228316418098984,7.8333212201541755,4.394995197944809,14
600,100,12.01855918194633,7.011663569021039,5.006895612925291,16
601,100,12.022393013878172,6.579506499980198,5.4428865138979745,18
602,100,12.180160690440971,6.672287582689023,5.507873107751948,19
603,100,11.805398492375389,6.1957403717096895,5.609658120665699,19
604,100,12.18226195549687,6.941454943191275,5.240807012305595,18
605,100,12.170767267649353,5.851891541205987,6.318875726443366,22
606,100,12.236330992396688,6.692764628707664,5.543566363689024,19
607,100,12.28861120178044,5.747720365972782,6.540890835807659,24
608,1,12.210887476110656,10.026072345099237,2.184815131011419,7
609,1,12.338985314912861,9.959509672102286,2.3794756428105757,7
610,1,12.378842559544864,11.900062824181077,0.47877973536378704,2
611,1,11.933484213339398,10.28474351784098,1.648740695498418,4
612,1,11.467394457580667,8.351572627576388,3.115821830004279,9
613,1,12.073643071908009,9.927905619046214,2.1457374528617947,6
614,1,11.95504531916231,9.839905795815866,2.1151395233464427,6
615,1,12.244386191210651,10.365886488034448,1.8784997031762032,6
616,1,11.812153199542081,9.72830983196036,2.0838433675817214,6
617,1,12.324379819910973,11.523946671164595,0.8004331487463787,3
618,1,12.410998467355967,10.461241935787257,1.9497565315687098,6
619,1,12.290553553262725,10.860028743511066,1.4305248097516596,4
620,1,12.113115839660168,10.267270443728194,1.845845395931974,5
621,1,12.261220894928556,9.699152497225441,2.562068397703115,8
622,1,12.27429498815036,11.241959459861391,1.032335528288968,3
623,1,12.439498031744733,10.355468134162948,2.084029897581786,7
624,1,12.478436487348517,10.960054574621608,1.518381912726909,5
625,1,12.34613033302594,10.141112882643938,2.2050174503820017,7
626,1,12.493188367217954,11.670015555813734,0.8231728114042198,2
627,1,12.571226271593332,11.14550871812753,1.4257175534658018,4
628,1,12.357491605216637,7.883108169888146,4.474383435328491,15
629,1,12.16127366150613,11.069623571325792,1.0916500901803374,3
630,1,12.375945199542912,10.563258754002163,1.8126864455407485,6
631,1,12.141608024845482,10.29199769081606,1.8496103340294212,5
632,1,12.449047848698683,11.369367667357437,1.0796801813412458,3
633,1,12.086572628060821,10.953849053767044,1.1327235742937773,3
634,1,12.551422400676529,10.031459036763408,2.5199633639131207,8
635,1,11.940120216357172,10.354726686273352,1.5853935300838202,4
636,1,12.33401327653337,10.770642443883844,1.5633708326495253,4
637,1,12.382317974668695,11.05208562061307,1.3302323540556245,4
638,1,12.183600925593055,11.216367152621388,0.9672337729716673,2
639,1,12.069840844123974,10.779328832999454,1.2905120111245196,3
608,10,12.210887476110656,6.4914558767704875,5.719431599340169,20
609,10,12.338985314912861,8.369630128581775,3.969355186331086,13
610,10,12.378842559544864,7.490618001396797,4.8882245581480674,17
611,10,11.933484213339398,7.550462299463106,4.383021913876291,14
612,10,11.467394457580667,7.715345052678458,3.752049404902209,11
613,10,12.073643071908009,9.30504890517841,2.7685941667295992,8
614,10,11.95504531916231,7.76868076849496,4.186364550667349,13
615,10,12.244386191210651,9.10961744296219,3.1347687482484616,10
616,10,11.812153199542081,7.739229008497205,4.072924191044876,12
617,10,12.324379819910973,10.602419004193507,1.7219608157174662,5
618,10,12.410998467355967,7.825971541402396,4.585026925953571,16
619,10,12.290553553262725,9.420466214651242,2.8700873386114836,9
620,10,12.113115839660168,8.126636692555621,3.9864791471045464,12
621,10,12.261220894928556,8.870526311337017,3.3906945835915394,11
622,10,12.27429498815036,8.64515487117751,3.6291401169728488,12
623,10,12.439498031744733,9.673657889012247,2.765840142732486,9
624,10,12.478436487348517,7.996985239064088,4.481451248284429,16
625,10,12.34613033302594,8.154130237177014,4.192000095848925,14
626,10,12.493188367217954,7.559529748985369,4.933658618232585,18
627,10,12.571226271593332,7.236223121373769,5.335003150219563,19
628,10,12.357491605216637,7.066866540815681,5.290625064400956,19
629,10,12.16127366150613,7.31146998560871,4.8498036758974195,16
630,10,12.375945199542912,9.496006097266218,2.879939102276694,10
631,10,12.141608024845482,7.989052605713368,4.1525554191321135,13
632,10,12.449047848698683,9.938752019428648,2.510295829270035,8
633,10,12.086572628060821,8.799569009628613,3.287003618432209,10
634,10,12.551422400676529,9.144977955656941,3.406444445019588,11
635,10,11.940120216357172,9.7753900015814,2.1647302147757728,6
636,10,12.33401327653337,8.382547356446594,3.9514659200867754,12
637,10,12.382317974668695,9.35487104326603,3.0274469314026646,9
638,10,12.183600925593055,8.906343878959888,3.277257046633167,10
639,10,12.069840844123974,9.468543227398186,2.6012976167257875,8
608,100,12.210887476110656,5.638465681804519,6.572421794306138,24
609,100,12.338985314912861,7.196952995174797,5.142032319738064,17
610,100,12.378842559544864,6.507905964030215,5.8709365955146495,21
611,100,11.933484213339398,6.2827171332610305,5.650767080078367,19
612,100,11.467394457580667,6.4797700838207675,4.9876243737599,16
613,100,12.073643071908009,7.795192996116384,4.278450075791625,14
614,100,11.95504531916231,6.730762099265121,5.224283219897188,17
615,100,12.244386191210651,7.74302845136117,4.501357739849482,15
616,100,11.812153199542081,6.433111873833695,5.379041325708386,18
617,100,12.324379819910973,8.764188104425557,3.5601917154854164,11
618,100,12.410998467355967,6.551878121623304,5.859120345732663,21
619,100,12.290553553262725,8.42852356727235,3.8620299859903753,13
620,100,12.113115839660168,6.905324931256473,5.207790908403695,17
621,100,12.261220894928556,6.656843223492615,5.604377671435941,20
622,100,12.27429498815036,7.282604274121695,4.991690714028664,18
623,100,12.439498031744733,8.155395834241062,4.284102197503671,15
624,100,12.478436487348517,7.027876708336407,5.45055977901211,20
625,100,12.34613033302594,7.469006466679275,4.877123866346665,17
626,100,12.493188367217954,6.674038118733733,5.81915024848422,22
627,100,12.571226271593332,6.2553653516552,6.315860919938132,24
628,100,12.357491605216637,6.270735016907565,6.086756588309072,22
629,100,12.16127366150613,6.315998414036585,5.845275247469544,20
630,100,12.375945199542912,8.335796136438148,4.040149063104764,14
631,100,12.141608024845482,6.764581534182071,5.377026490663411,19
632,100,12.449047848698683,8.861817669938318,3.5872301787603647,12
633,100,12.086572628060821,7.162419401167426,4.924153226893395,16
634,100,12.551422400676529,8.174124512981507,4.377297887695022,15
635,100,11.940120216357172,8.775785034886212,3.1643351814709604,9
636,100,12.33401327653337,7.602264336168446,4.731748940364923,15
637,100,12.382317974668695,7.217876263457583,5.164441711211111,18
638,100,12.183600925593055,7.560278314966126,4.6233226106269285,15
639,100,12.069840844123974,7.935229306676774,4.134611537447199,13
640,1,12.426352756883716,10.417194857931463,2.009157898952253,6
641,1,12.42157442192547,10.395775930956006,2.025798490969464,6
642,1,12.316152880797745,10.43047007000132,1.8856828107964247,5
643,1,11.948675441271916,9.349913747566461,2.5987616937054554,7
644,1,12.26341255382431,11.434422846177767,0.8289897076465422,3
645,1,12.077093837611756,10.162968059888954,1.914125777722802,6
646,1,12.065887220436707,10.431776042794809,1.6341111776418984,4
647,1,12.039450519579987,11.001724428053421,1.0377260915265651,3
648,1,11.82904534386762,9.729563520566444,2.0994818233011756,5
649,1,12.172982988224248,10.289274510651012,1.8837084775732365,5
650,1,12.120882583411003,9.595174530775694,2.5257080526353093,7
651,1,12.069793406160898,9.892987238490605,2.176806167670293,6
652,1,12.216898987360764,11.673216778726783,0.5436822086339816,2
653,1,12.316604298644961,9.312300902460265,3.004303396184696,9
654,1,12.516745835964684,10.808368130397866,1.708377705566818,5
655,1,12.001467516820412,10.952598058676813,1.0488694581435993,3
656,1,12.285515064457286,10.28690186885433,1.9986131956029567,7
657,1,12.426400157273747,10.974635766004212,1.4517643912695348,4
658,1,12.104444944139686,9.161788072626223,2.9426568715134636,8
659,1,11.937542378625949,10.365815382872825,1.5717269957531244,4
660,1,12.504219422276947,11.238985273681465,1.265234148595482,4
661,1,11.704920211879653,10.411368460670928,1.2935517512087245,3
662,1,12.080017097585369,10.368933227669913,1.7110838699154556,5
663,1,12.199545926123392,10.616716596472543,1.582829329650849,5
664,1,12.290718590724282,11.125573157682084,1.1651454330421984,3
665,1,12.300989498849958,11.428912184434012,0.8720773144159466,3
666,1,12.244912799040321,10.36751510767499,1.8773976913653314,6
667,1,12.225572433424531,10.78581750196463,1.4397549314599019,4
668,1,12.171860297967214,10.027849866484758,2.1440104314824566,6
669,1,12.547440118214581,11.338778026460204,1.2086620917543769,4
670,1,12.705417388438946,11.10053833280108,1.6048790556378663,5
671,1,12.411765715456568,11.910360050736926,0.5014056647196412,2
640,10,12.426352756883716,9.44692950634635,2.9794232505373657,10
641,10,12.42157442192547,7.723643937380984,4.697930484544486,15
642,10,12.316152880797745,8.359319365918054,3.9568335148796905,13
643,10,11.948675441271916,8.18913955847529,3.7595358827966265,11
644,10,12.26341255382431,8.950855030612729,3.3125575232115807,11
645,10,12.077093837611756,8.736533308521757,3.3405605290899985,11
646,10,12.065887220436707,8.877998838666826,3.1878883817698807,10
647,10,12.039450519579987,7.838328282079601,4.201122237500385,13
648,10,11.82904534386762,8.603083465292002,3.2259618785756174,9
649,10,12.172982988224248,8.850917173127527,3.322065815096721,10
650,10,12.120882583411003,6.879052361335198,5.241830222075805,17
651,10,12.069793406160898,9.399630897227325,2.670162508933572,7
652,10,12.216898987360764,7.671696647012141,4.545202340348624,16
653,10,12.316604298644961,7.715000441658049,4.601603856986912,15
654,10,12.516745835964684,7.398938659011037,5.117807176953647,19
655,10,12.001467516820412,9.050296595494729,2.9511709213256836,9
656,10,12.285515064457286,8.490213735818543,3.795301328638743,13
657,10,12.426400157273747,6.7270679554203525,5.6993322018533945,20
658,10,12.104444944139686,7.420189717653557,4.68425522648613,15
659,10,11.937542378625949,9.403259602215257,2.5342827764106914,7
660,10,12.504219422276947,8.843496920497273,3.6607225017796736,12
661,10,11.704920211879653,8.12817393131263,3.576746280567022,10
662,10,12.080017097585369,9.515351674810518,2.5646654227748513,8
663,10,12.199545926123392,8.884698883804958,3.3148470423184335,10
664,10,12.290718590724282,9.144067710614763,3.1466508801095188,10
665,10,12.300989498849958,10.02150615840219,2.2794833404477686,7
666,10,12.244912799040321,6.722731195914093,5.522181603126228,20
667,10,12.225572433424531,7.935962714851485,4.289609718573047,14
668,10,12.171860297967214,7.753063727461267,4.418796570505947,14
669,10,12.547440118214581,7.949373455077875,4.598066663136706,16
670,10,12.705417388438946,10.102322202263167,2.6030951861757785,9
671,10,12.411765715456568,8.93335962423589,3.478406091220677,12
640,100,12.426352756883716,7.819289991544792,4.607062765338924,16
641,100,12.42157442192547,6.939847684232518,5.481726737692952,19
642,100,12.316152880797745,7.016603811309324,5.299549069488421,18
643,100,11.948675441271916,7.108400808465376,4.8402746328065405,16
644,100,12.26341255382431,7.71506623573805,4.54834631808626,15
645,100,12.077093837611756,6.511513729459693,5.565580108152062,19
646,100,12.065887220436707,7.161825202405453,4.904062018031254,16
647,100,12.039450519579987,6.547473962440563,5.491976557139424,18
648,100,11.82904534386762,7.573803542545647,4.255241801321972,13
649,100,12.172982988224248,7.680479495364125,4.4925034928601235,14
650,100,12.120882583411003,6.092499653670529,6.028382929740474,21
651,100,12.069793406160898,8.29798970920092,3.771803696959978,11
652,100,12.216898987360764,6.9948353843647055,5.222063602996059,18
653,100,12.316604298644961,6.9107407693700225,5.405863529274939,19
654,100,12.516745835964684,6.177609202612075,6.339136633352609,24
655,100,12.001467516820412,8.023710794572253,3.9777567222481593,12
656,100,12.285515064457286,7.034416569451423,5.251098495005863,18
657,100,12.426400157273747,5.908860054449178,6.517540102824569,24
658,100,12.104444944139686,6.546778226023889,5.557666718115797,19
659,100,11.937542378625949,7.936834141451982,4.000708237173967,12
660,100,12.504219422276947,7.322666309555643,5.1815531127213035,18
661,100,11.704920211879653,6.899920925774495,4.804999286105158,15
662,100,12.080017097585369,8.514558416849468,3.565458680735901,11
663,100,12.199545926123392,8.025043273053598,4.174502653069794,13
664,100,12.290718590724282,7.760496820206754,4.530221770517528,15
665,100,12.300989498849958,8.16342754312791,4.137561955722049,13
666,100,12.244912799040321,5.81336349103367,6.431549308006652,24
667,100,12.225572433424531,6.617994634099887,5.607577799324645,20
668,100,12.171860297967214,6.8659275029203855,5.305932795046829,18
669,100,12.547440118214581,6.812854071438778,5.734586046775803,21
670,100,12.705417388438946,7.089901095518144,5.615516292920802,21
671,100,12.411765715456568,7.325717264669947,5.08604845078662,18
672,1,12.37743442163628,10.307549004282919,2.069885417353362,6
673,1,12.201627021517197,10.881672841591353,1.319954179925844,4
674,1,12.593607461778447,11.015786134172231,1.577821327606216,5
675,1,12.170517877384555,10.82468967710156,1.3458282002829947,4
676,1,12.542972470902896,10.737423466947803,1.8055490039550932,6
677,1,12.140886490116827,10.701681494479999,1.4392049956368282,3
678,1,12.301449665514156,10.420341439215917,1.8811082262982382,5
679,1,12.174363210317097,10.725797260689433,1.448565949627664,4
680,1,12.10145958676003,9.971338540082797,2.130121046677232,6
681,1,12.529501350480132,10.706420427071862,1.8230809234082699,6
682,1,11.732230619280017,10.692659032341908,1.0395715869381092,3
683,1,12.173298794194125,10.625059812446125,1.5482389817479998,4
684,1,12.000774516360252,11.014541541357175,0.9862329750030767,3
685,1,12.220836501412123,10.667000126170024,1.5538363752420992,5
686,1,12.197516139858635,11.043797681719298,1.1537184581393376,3
687,1,12.190406618930865,11.039320746494923,1.1510858724359423,3
688,1,12.503099059540546,11.07526368953404,1.4278353700065054,4
689,1,12.004789515165612,10.118589009391144,1.8862005057744682,5
690,1,12.113438050935656,11.135814245997608,0.9776238049380481,3
691,1,12.496541251108283,8.753964067349443,3.74257718375884,12
692,1,11.933419586559467,9.55095480329328,2.3824647832661867,6
693,1,11.977539030951448,10.134418187080882,1.8431208438705653,5
694,1,12.301861378829926,10.781648221192881,1.5202131576370448,5
695,1,12.15962135823247,10.547406323987161,1.6122150342453097,4
696,1,12.438786552389502,11.0822123397229,1.356574212666601,4
697,1,11.75962572426215,9.781586806369887,1.9780389178922633,6
698,1,12.206498431769433,10.076073449541582,2.1304249822278507,6
699,1,12.058974267740268,11.53419488138752,0.5247793863527477,2
700,1,12.13660116894971,10.116481918197678,2.020119250752032,6
701,1,12.365273087285459,10.30493385961745,2.0603392276680097,6
702,1,12.574756049580174,10.594855193892727,1.979900855687447,6
703,1,12.19020636548521,9.738872939895373,2.451333425589837,7
672,10,12.37743442163628,8.985454273599316,3.3919801480369642,11
673,10,12.201627021517197,8.128991169076471,4.072635852440726,14
674,10,12.593607461778447,8.008190900553018,4.585416561225429,17
675,10,12.170517877384555,8.69327746401541,3.4772404133691452,10
676,10,12.542972470902896,8.872278279195598,3.670694191707298,13
677,10,12.140886490116827,8.993225704994984,3.147660785121843,10
678,10,12.301449665514156,7.948742376413065,4.35270728910109,14
679,10,12.174363210317097,6.792633214747184,5.381729995569913,18
680,10,12.10145958676003,9.04366799374111,3.0577915930189192,10
681,10,12.529501350480132,7.749316127854399,4.780185222625732,17
682,10,11.732230619280017,9.778661628093687,1.95356899118633,6
683,10,12.173298794194125,7.84299352101516,4.330305273178965,13
684,10,12.000774516360252,9.754976816606359,2.2457976997538935,6
685,10,12.220836501412123,10.413456466532807,1.8073800348793156,5
686,10,12.197516139858635,9.644013933226233,2.553502206632402,7
687,10,12.190406618930865,7.6690234279376455,4.52138319099322,15
688,10,12.503099059540546,9.914835144096287,2.5882639154442586,8
689,10,12.004789515165612,8.556760670617223,3.4480288445483893,11
690,10,12.113438050935656,9.682286514875159,2.431151536060497,7
691,10,12.496541251108283,8.29006754551665,4.206473705591634,14
692,10,11.933419586559467,6.896871344120882,5.036548242438585,16
693,10,11.977539030951448,8.394763012533076,3.5827760184183717,11
694,10,12.301861378829926,8.76696702814661,3.5348943506833166,11
695,10,12.15962135823247,9.212162327288752,2.947459030943719,8
696,10,12.438786552389502,8.512194284339785,3.926592268049717,13
697,10,11.75962572426215,8.368798324452655,3.3908273998094955,10
698,10,12.206498431769433,8.883646703528939,3.3228517282404937,11
699,10,12.058974267740268,9.801206332223956,2.2577679355163127,6
700,10,12.13660116894971,8.294324199490802,3.842276969458908,12
701,10,12.365273087285459,7.137244307436049,5.22802877984941,19
702,10,12.574756049580174,7.714593536307802,4.860162513272371,18
703,10,12.19020636548521,8.309289453260135,3.880916912225075,12
672,100,12.37743442163628,8.262188346430776,4.115246075205505,14
673,100,12.201627021517197,6.713950110228325,5.487676911288872,19
674,100,12.593607461778447,7.1487220316194,5.444885430159047,21
675,100,12.170517877384555,7.427739666076377,4.742778211308178,16
676,100,12.542972470902896,7.411667657586804,5.131304813316092,19
677,100,12.140886490116827,7.973175154300407,4.167711335816421,14
678,100,12.301449665514156,6.81591417349955,5.4855354920146056,19
679,100,12.174363210317097,5.610319471001276,6.564043739315821,23
680,100,12.10145958676003,7.9113085207063705,4.190151066053659,14
681,100,12.529501350480132,6.850037974189036,5.679463376291096,21
682,100,11.732230619280017,8.543528974798392,3.1887016444816254,10
683,100,12.173298794194125,6.711419076775201,5.461879717418924,18
684,100,12.000774516360252,6.983297386454069,5.017477129906183,16
685,100,12.220836501412123,8.586648561136826,3.6341879402752966,12
686,100,12.197516139858635,8.976110222487478,3.2214059173711576,10
687,100,12.190406618930865,6.338355626270641,5.852050992660224,21
688,100,12.503099059540546,8.516880732175196,3.98621832736535,13
689,100,12.004789515165612,7.581916296854615,4.422873218310997,14
690,100,12.113438050935656,8.5560214402758,3.557416610659857,11
691,100,12.496541251108283,7.40956940074102,5.086971850367263,18
692,100,11.933419586559467,6.246876366138167,5.686543220421299,19
693,100,11.977539030951448,7.076744292513467,4.90079473843798,16
694,100,12.301861378829926,7.642201327136718,4.6596600516932085,16
695,100,12.15962135823247,8.201775004888987,3.9578463533434842,12
696,100,12.438786552389502,7.124387961914181,5.314398590475321,19
697,100,11.75962572426215,7.00740200382279,4.7522237204393605,15
698,100,12.206498431769433,7.896487435122253,4.310010996647179,14
699,100,12.058974267740268,7.124614002823364,4.934360264916904,15
700,100,12.13660116894971,6.458539789487986,5.678061379461724,20
701,100,12.365273087285459,6.252941332757473,6.112331754527986,23
702,100,12.574756049580174,6.615889857377624,5.958866192202549,23
703,100,12.19020636548521,7.19312390050618,4.99708246497903,17
704,1,12.362426928622881,11.174582194391405,1.1878447342314757,3
705,1,11.63949036053964,8.529755664145341,3.1097346963942982,8
706,1,12.493211542165227,10.4849327738375,2.0082787683277274,7
707,1,12.458314801609959,10.567326938253245,1.8909878633567132,6
708,1,12.217161904496606,10.41714729607338,1.8000146084232256,5
709,1,12.658489123627078,11.494936638104264,1.163552485522814,4
710,1,12.418253706244286,10.515531110751908,1.9027225954923779,6
711,1,12.365910375672684,10.715552218658559,1.650358157014125,5
712,1,12.547214394578987,11.57335804318609,0.9738563513928966,3
713,1,11.92755120437505,10.565166487438546,1.3623847169365035,4
714,1,12.384582295024302,9.765206163807306,2.6193761312169954,8
715,1,12.206098780996399,10.126578692957992,2.0795200880384073,6
716,1,12.023579692991916,10.40966141683748,1.6139182761544362,4
717,1,12.363414905034006,11.39940365892835,0.964011246105656,3
718,1,12.376477581114159,11.444377040592371,0.9321005405217875,3
719,1,12.031604120507836,10.527514630695805,1.5040894898120314,5
720,1,12.059023807843914,9.83943061940954,2.2195931884343736,6
721,1,11.843623341781495,10.287996539169399,1.555626802612096,4
722,1,12.079549131492968,11.139447463137913,0.9401016683550552,3
723,1,11.600496611208655,9.857988678035326,1.7425079331733286,5
724,1,12.09758035413688,11.119154470565263,0.9784258835716173,3
725,1,12.402114352604258,10.272524945947225,2.1295894066570327,7
726,1,11.935545909189386,10.859700452099787,1.0758454570895992,3
727,1,11.974001519090962,9.952808384143282,2.02119313494768,5
728,1,12.00810476695915,9.533524371559906,2.4745803953992436,7
729,1,12.543632683344185,10.625214751111344,1.9184179322328418,6
730,1,12.046320086461492,10.541939369315514,1.5043807171459775,4
731,1,12.26710345997708,11.004247631470207,1.262855828506872,4
732,1,11.853856010682648,10.208028338704025,1.6458276719786227,4
733,1,12.020588504936313,10.16453209213796,1.8560564127983525,5
734,1,11.826888756957487,10.2381827293284,1.5887060276290867,4
735,1,12.41155077444273,9.984647306875559,2.426903467567172,7
704,10,12.362426928622881,8.731989220104879,3.630437708518002,12
705,10,11.63949036053964,7.879459339979803,3.760031020559836,10
706,10,12.493211542165227,8.573016012462176,3.920195529703051,13
707,10,12.458314801609959,7.708676577181905,4.749638224428054,16
708,10,12.217161904496606,9.25022172468016,2.966940179816447,9
709,10,12.658489123627078,9.817147096095141,2.8413420275319368,9
710,10,12.418253706244286,8.898980569734704,3.5192731365095824,11
711,10,12.365910375672684,6.603368168864108,5.762542206808575,21
712,10,12.547214394578987,9.137234138530403,3.409980256048584,11
713,10,11.92755120437505,9.935868909036799,1.9916822953382507,6
714,10,12.384582295024302,8.713804234808777,3.6707780602155253,12
715,10,12.206098780996399,8.632959062146256,3.5731397188501433,11
716,10,12.023579692991916,8.705456078227144,3.3181236147647724,10
717,10,12.363414905034006,8.4506995100528,3.9127153949812055,13
718,10,12.376477581114159,9.689578207064187,2.686899374049972,8
719,10,12.031604120507836,8.132850775728002,3.898753344779834,13
720,10,12.059023807843914,8.946957368316362,3.1120664395275526,9
721,10,11.843623341781495,7.7078465110607794,4.135776830720715,12
722,10,12.079549131492968,8.225199271415477,3.854349860077491,13
723,10,11.600496611208655,8.140560424071737,3.4599361871369183,10
724,10,12.09758035413688,9.941784640832338,2.155795713304542,6
725,10,12.402114352604258,8.660008316321182,3.742106036283076,12
726,10,11.935545909189386,9.690491688466864,2.2450542207225226,6
727,10,11.974001519090962,7.732453379838262,4.2415481392527,13
728,10,12.00810476695915,8.639335703926918,3.3687690630322322,10
729,10,12.543632683344185,8.707079021492973,3.8365536618512124,13
730,10,12.046320086461492,7.606374575407244,4.439945511054248,14
731,10,12.26710345997708,9.76872219791403,2.498381262063049,8
732,10,11.853856010682648,8.526879257668043,3.3269767530146055,10
733,10,12.020588504936313,7.528027642838424,4.492560862097889,15
734,10,11.826888756957487,9.671856199609465,2.1550325573480222,6
735,10,12.41155077444273,7.718713693931932,4.692837080510799,16
704,100,12.362426928622881,7.730558966373792,4.631867962249089,16
705,100,11.63949036053964,7.270997802581405,4.368492557958234,13
706,100,12.493211542165227,6.581019812354498,5.912191729810729,22
707,100,12.458314801609959,5.794050953656551,6.664263847953407,25
708,100,12.217161904496606,7.696664122922812,4.520497781573795,14
709,100,12.658489123627078,7.916078560578171,4.742410563048907,17
710,100,12.418253706244286,7.307822727423627,5.110430978820659,18
711,100,12.365910375672684,5.708971681720868,6.656938693951815,25
712,100,12.547214394578987,7.883960025124907,4.66325436945408,16
713,100,11.92755120437505,7.669854592742922,4.257696611632127,14
714,100,12.384582295024302,7.737484896148089,4.6470973988762125,15
715,100,12.206098780996399,7.141772147297161,5.064326633699238,17
716,100,12.023579692991916,7.987999719276559,4.0355799737153575,13
717,100,12.363414905034006,7.473590986104682,4.8898239189293236,17
718,100,12.376477581114159,8.779657369435881,3.5968202116782777,12
719,100,12.031604120507836,6.556660479749553,5.474943640758283,18
720,100,12.059023807843914,7.334406717127422,4.724617090716492,15
721,100,11.843623341781495,6.437478225583618,5.406145116197877,17
722,100,12.079549131492968,6.96062677000009,5.118922361492878,17
723,100,11.600496611208655,7.016835476621054,4.583661134587601,14
724,100,12.09758035413688,7.016486540029291,5.081093814107589,16
725,100,12.402114352604258,7.534728491285932,4.867385861318326,17
726,100,11.935545909189386,8.340400343964575,3.5951455652248114,10
727,100,11.974001519090962,6.709353485086467,5.2646480340044945,17
728,100,12.00810476695915,7.505674074163835,4.502430692795315,14
729,100,12.543632683344185,7.251659914618358,5.291972768725827,19
730,100,12.046320086461492,6.538404606748372,5.50791547971312,18
731,100,12.26710345997708,8.403660622250754,3.863442837726325,13
732,100,11.853856010682648,7.805480431910837,4.048375578771811,13
733,100,12.020588504936313,6.680681855796138,5.339906649140175,19
734,100,11.826888756957487,8.444783545783139,3.3821052111743484,10
735,100,12.41155077444273,6.920716069900664,5.490834704542067,20
736,1,11.87001960350608,8.726230978398235,3.1437886251078453,9
737,1,11.909784845425747,10.594969858997501,1.314814986428246,4
738,1,12.335875931370538,10.975545577530283,1.3603303538402542,4
739,1,12.323986924617202,10.635249843340716,1.6887370812764857,5
740,1,11.858070548405522,9.314977226065821,2.5430933223397005,8
741,1,12.26728526010993,11.116215457412181,1.151069802697748,3
742,1,12.238103027877514,8.602837092956179,3.6352659349213354,11
743,1,12.43794293247629,9.975045288563706,2.4628976439125836,7
744,1,12.760980382852722,10.3857386232703,2.3752417595824227,8
745,1,11.881391833187081,8.612379020429216,3.2690128127578646,10
746,1,12.924685843318002,10.552892704406986,2.3717931389110163,8
747,1,12.709104135050438,11.067693559802137,1.641410575248301,6
748,1,12.201726079802029,11.209509729640558,0.9922163501614705,3
749,1,12.339153286797227,11.42028165407828,0.9188716327189468,3
750,1,12.45614858420231,11.131586355102627,1.3245622290996835,4
751,1,11.806049620645354,9.682972227717983,2.123077392927371,6
752,1,12.099670385236095,10.430515306426969,1.6691550788091263,5
753,1,12.25143693559221,10.59501027231454,1.6564266632776707,5
754,1,11.916069822713325,8.894515755593602,3.021554067119723,9
755,1,12.417832085629925,9.417656262870878,3.000175822759047,10
756,1,12.094771795673296,10.04519955883734,2.0495722368359566,6
757,1,12.16239617136307,10.714286333997734,1.4481098373653367,4
758,1,11.851639137195889,9.581316878378857,2.270322258817032,6
759,1,11.635579307214357,9.835591255803593,1.7999880514107645,5
760,1,12.252316230966244,9.930694702838082,2.321621528128162,7
761,1,12.12908017072914,10.91228705773392,1.2167931129952194,4
762,1,11.736938800706412,9.38941352434631,2.347525276360102,6
763,1,12.283848331979243,10.172065053047845,2.111783278931398,6
764,1,12.069588331687555,9.738676750617742,2.330911581069813,6
765,1,12.58649290347239,10.234222709259484,2.352270194212906,8
766,1,12.153042028599884,9.821523634193,2.331518394406885,6
767,1,12.39785224886873,10.00727348728833,2.3905787615804,7
736,10,11.87001960350608,7.595601281049312,4.274418322456768,13
737,10,11.909784845425747,9.132524325425038,2.777260520000709,8
738,10,12.335875931370538,9.686262562696356,2.6496133686741814,9
739,10,12.323986924617202,8.325056047397084,3.9989308772201184,13
740,10,11.858070548405522,8.018231168374768,3.839839380030753,12
741,10,12.26728526010993,8.19943233646336,4.067852923646569,14
742,10,12.238103027877514,7.094048401588225,5.1440546262892894,17
743,10,12.43794293247629,7.374673863989301,5.0632690684869885,17
744,10,12.760980382852722,8.213193142728414,4.547787240124308,16
745,10,11.881391833187081,7.792323792469688,4.089068040717393,12
746,10,12.924685843318002,8.128174302837579,4.796511540480424,19
747,10,12.709104135050438,9.62122347659897,3.0878806584514678,11
748,10,12.201726079802029,7.954126976314001,4.247599103488028,14
749,10,12.339153286797227,9.249064155883389,3.0900891309138387,10
750,10,12.45614858420231,6.548817879465787,5.907330704736523,21
751,10,11.806049620645354,7.630079850991024,4.17596976965433,13
752,10,12.099670385236095,9.298274813576427,2.8013955716596683,9
753,10,12.25143693559221,9.211385087430244,3.0400518481619656,9
754,10,11.916069822713325,8.58793582290673,3.328133999806596,10
755,10,12.417832085629925,8.064484976697713,4.353347108932212,15
756,10,12.094771795673296,9.020589806837961,3.0741819888353348,9
757,10,12.16239617136307,10.022639369708486,2.1397568016545847,6
758,10,11.851639137195889,8.510600364475977,3.3410387727199122,9
759,10,11.635579307214357,7.426215554354712,4.209363752859645,13
760,10,12.252316230966244,8.836769149114843,3.4155470818514004,11
761,10,12.12908017072914,7.560207669514057,4.568872501215083,16
762,10,11.736938800706412,7.622812661036733,4.114126139669679,12
763,10,12.283848331979243,7.287213846604573,4.9966344853746705,17
764,10,12.069588331687555,8.834509133354004,3.235079198333551,9
765,10,12.58649290347239,8.381226264347788,4.205266639124602,15
766,10,12.153042028599884,8.79741631395882,3.3556257146410644,10
767,10,12.39785224886873,8.165109793080774,4.232742455787957,14
736,100,11.87001960350608,6.781243036282831,5.088776567223249,16
737,100,11.909784845425747,7.70599839152419,4.203786453901557,13
738,100,12.335875931370538,7.09109342348529,5.2447825078852475,19
739,100,12.323986924617202,7.436758118463331,4.887228806153871,17
740,100,11.858070548405522,7.045115894070477,4.812954654335044,16
741,100,12.26728526010993,6.629150642285822,5.638134617824107,20
742,100,12.238103027877514,6.387645416209125,5.850457611668389,20
743,100,12.43794293247629,6.147869529318996,6.290073403157294,23
744,100,12.760980382852722,6.81531366816489,5.945666714687832,22
745,100,11.881391833187081,7.027145687839948,4.854246145347133,15
746,100,12.924685843318002,7.102652945759473,5.822032897558529,23
747,100,12.709104135050438,8.216577042709105,4.492527092341334,16
748,100,12.201726079802029,6.181430579978041,6.0202954998239875,21
749,100,12.339153286797227,7.26055205866578,5.078601228131447,18
750,100,12.45614858420231,5.861496340894519,6.594652243307792,24
751,100,11.806049620645354,6.933545662352117,4.872503958293237,16
752,100,12.099670385236095,8.361419186818239,3.7382511984178564,12
753,100,12.25143693559221,8.084619524568552,4.166817411023658,14
754,100,11.916069822713325,7.793737285122916,4.12233253759041,13
755,100,12.417832085629925,6.960400589974597,5.457431495655328,20
756,100,12.094771795673296,8.065841568401083,4.0289302272722125,12
757,100,12.16239617136307,8.260841099661775,3.9015550717012957,12
758,100,11.851639137195889,6.558925113582518,5.292714023613371,17
759,100,11.635579307214357,6.154555066721514,5.481024240492843,17
760,100,12.252316230966244,7.789912808046211,4.462403422920033,16
761,100,12.12908017072914,6.343887102142617,5.785193068586523,21
762,100,11.736938800706412,6.495121507134172,5.24181729357224,17
763,100,12.283848331979243,5.823665836214786,6.460182495764457,23
764,100,12.069588331687555,8.196284486439254,3.8733038452483015,12
765,100,12.58649290347239,7.096441092842724,5.490051810629666,20
766,100,12.153042028599884,8.013684122415725,4.139357906184159,13
767,100,12.39785224886873,6.557092967203062,5.840759281665669,21
768,1,12.124864722631173,11.883217975351727,0.24164674727944657,1
769,1,12.716458740644157,11.269153417088091,1.4473053235560656,5
770,1,12.481492022867315,10.202820591337513,2.2786714315298013,7
771,1,12.643534473434556,9.992044282436837,2.6514901909977198,8
772,1,12.34551811980782,11.13958241342334,1.20593570638448,3
773,1,12.01569811864465,10.071634639331023,1.9440634793136269,6
774,1,12.170587202184834,10.656387958675623,1.5141992435092106,5
775,1,12.223537486886926,10.442422996533423,1.7811144903535023,6
776,1,11.751831705507357,8.698664999275934,3.0531667062314227,9
777,1,12.49596016711439,9.360477860987885,3.135482306126505,10
778,1,12.141828573279781,10.33437333375332,1.8074552395264618,5
779,1,12.128389102079382,9.028263992768188,3.1001251093111932,9
780,1,12.313635244092438,10.322611932002474,1.9910233120899647,6
781,1,11.988134012790397,10.21773406653665,1.7703999462537467,4
782,1,12.523711549831205,11.161200932358042,1.3625106174731627,4
783,1,12.098685294709867,11.039216121047502,1.0594691736623645,3
784,1,12.646568688564003,10.355657119187526,2.290911569376476,7
785,1,11.960538424697006,8.746869957220042,3.213668467476964,10
786,1,12.090910853759851,10.25815473071998,1.8327561230398715,5
787,1,12.574875526104734,11.302862517968606,1.2720130081361276,4
788,1,12.169154853967484,9.87847182241967,2.2906830315478146,7
789,1,12.463735290046316,8.979638703225646,3.4840965868206695,12
790,1,11.338466221786803,8.742001810314832,2.5964644114719704,6
791,1,11.999494060568395,9.435821396837127,2.5636726637312677,7
792,1,12.285054258507444,9.432423249148997,2.852631009358447,8
793,1,12.064724322641268,10.871253793360665,1.193470529280603,4
794,1,12.113177615668974,9.218215671731741,2.8949619439372327,9
795,1,12.57818423162098,9.8225503617723,2.7556338698486798,8
796,1,12.244258579521556,10.166608469400671,2.077650110120885,6
797,1,12.12703933333978,10.080356125719845,2.0466832076199353,6
798,1,12.307786538614891,11.292108383378945,1.0156781552359462,3
799,1,12.319233154732501,10.868805097561562,1.4504280571709387,4
768,10,12.124864722631173,7.2889954027778,4.835869319853373,16
769,10,12.716458740644157,8.740559810772538,3.9758989298716187,15
770,10,12.481492022867315,7.425750548369251,5.055741474498063,17
771,10,12.643534473434556,9.391743236395996,3.25179123703856,10
772,10,12.34551811980782,9.241035327489953,3.1044827923178673,10
773,10,12.01569811864465,8.982960480221664,3.0327376384229865,9
774,10,12.170587202184834,8.478020742186345,3.6925664599984884,12
775,10,12.223537486886926,7.579383494590729,4.6441539922961965,15
776,10,11.751831705507357,7.673913841776084,4.0779178637312725,12
777,10,12.49596016711439,8.432884098467184,4.063076068647206,13
778,10,12.141828573279781,8.385726366162999,3.7561022071167827,11
779,10,12.128389102079382,8.158500463679957,3.969888638399425,12
780,10,12.313635244092438,8.84633103077067,3.4673042133217677,11
781,10,11.988134012790397,8.511595920426771,3.4765380923636258,10
782,10,12.523711549831205,8.13152647826064,4.392185071570566,15
783,10,12.098685294709867,7.932553761667805,4.166131533042062,12
784,10,12.646568688564003,9.653794998885132,2.99277368967887,10
785,10,11.960538424697006,8.010127147339517,3.950411277357489,12
786,10,12.090910853759851,8.775089765433222,3.3158210883266293,10
787,10,12.574875526104734,7.1215395315339265,5.453335994570807,20
788,10,12.169154853967484,8.13697054394288,4.032184310024604,13
789,10,12.463735290046316,7.514717852172907,4.949017437873408,17
790,10,11.338466221786803,7.101666124042822,4.236800097743981,12
791,10,11.999494060568395,7.656276147972676,4.343217912595719,13
792,10,12.285054258507444,8.598361034382833,3.6866932241246104,11
793,10,12.064724322641268,7.924553116550669,4.140171206090599,13
794,10,12.113177615668974,7.653046283157892,4.460131332511082,15
795,10,12.57818423162098,8.079253392032115,4.498930839588866,15
796,10,12.244258579521556,9.552311613733764,2.6919469657877926,8
797,10,12.12703933333978,7.569871834013611,4.5571674993261695,15
798,10,12.307786538614891,6.606403335230425,5.7013832033844665,20
799,10,12.319233154732501,8.178379158460302,4.140853996272199,13
768,100,12.124864722631173,6.69878528258414,5.426079440047033,19
769,100,12.716458740644157,6.692862803116441,6.023595937527716,23
770,100,12.481492022867315,6.022580702381674,6.45891132048564,23
771,100,12.643534473434556,7.92259169818135,4.7209427752532065,16
772,100,12.34551811980782,7.705008665274363,4.640509454533458,17
773,100,12.01569811864465,7.675863547556219,4.339834571088431,14
774,100,12.170587202184834,6.803303649416193,5.36728355276864,18
775,100,12.223537486886926,6.524721477038838,5.698816009848088,19
776,100,11.751831705507357,6.924050516856369,4.827781188650988,15
777,100,12.49596016711439,6.649481513974024,5.846478653140366,21
778,100,12.141828573279781,7.112633653712692,5.0291949195670895,16
779,100,12.128389102079382,6.869985061675834,5.258404040403548,17
780,100,12.313635244092438,6.973474947444629,5.3401602966478094,19
781,100,11.988134012790397,6.409413959598169,5.578720053192228,18
782,100,12.523711549831205,6.741132262730389,5.782579287100816,21
783,100,12.098685294709867,7.067531762149883,5.031153532559983,16
784,100,12.646568688564003,8.452323808684014,4.194244879879989,14
785,100,11.960538424697006,6.901380328607047,5.059158096089959,16
786,100,12.090910853759851,7.377931000548415,4.712979853211436,16
787,100,12.574875526104734,6.305139967265859,6.269735558838875,24
788,100,12.169154853967484,6.685270430811215,5.483884423156269,19
789,100,12.463735290046316,6.293694908206817,6.170040381839499,23
790,100,11.338466221786803,6.538110943307402,4.800355278479401,14
791,100,11.999494060568395,6.852886093620327,5.146607966948068,16
792,100,12.285054258507444,7.435223985958146,4.849830272549298,16
793,100,12.064724322641268,6.5018652302678674,5.562859092373401,19
794,100,12.113177615668974,6.719285751707503,5.393891863961471,18
795,100,12.57818423162098,6.761631621309789,5.8165526103111915,21
796,100,12.244258579521556,6.762836640540627,5.4814219389809296,18
797,100,12.12703933333978,6.5029381641652435,5.624101169174537,20
798,100,12.307786538614891,6.00985414464958,6.297932393965311,23
799,100,12.319233154732501,7.213380469620461,5.1058526851120405,17
800,1,12.607080292247701,10.541631571075413,2.065448721172288,6
801,1,12.391808108892292,11.837254247628152,0.5545538612641394,2
802,1,12.05398301029345,10.611382987408433,1.442600022885017,4
803,1,12.279232583954581,10.145615215660655,2.133617368293926,7
804,1,12.012972550583072,9.81256486021448,2.2004076903685927,6
805,1,12.34065516325063,9.712993046123302,2.627662117127329,8
806,1,12.710747994773556,9.589550740958657,3.1211972538148984,11
807,1,11.716726373357233,9.696406442380976,2.0203199309762567,5
808,1,12.367757714702748,11.493486070947256,0.8742716437554918,3
809,1,11.840909670107067,10.762026988202706,1.0788826819043607,3
810,1,12.169963957421714,11.210720200120704,0.9592437573010102,3
811,1,11.832476506417152,9.491435604228172,2.341040902188979,7
812,1,12.151016765536042,9.214544860384194,2.9364719051518477,8
813,1,12.498053871211596,10.525772481109016,1.9722813901025802,6
814,1,12.342218650563154,11.384475544618908,0.957743105944246,2
815,1,12.921925760514569,12.450286848878022,0.47163891163654625,2
816,1,12.641222449019551,11.4519492094405,1.1892732395790517,4
817,1,12.553382421698188,10.716449953528354,1.8369324681698345,5
818,1,12.668932427630352,9.627331641524506,3.041600786105846,10
819,1,12.525352312019095,10.354644549777731,2.1707077622413635,7
820,1,12.379970880196197,11.061204211291624,1.3187666689045727,4
821,1,12.460149720645859,11.338308510530624,1.1218412101152353,3
822,1,12.227520931861363,10.508630137657747,1.7188907942036167,5
823,1,12.27606332412688,10.968796469445806,1.3072668546810746,3
824,1,12.141279255825793,10.5514845981088,1.5897946577169932,4
825,1,11.868034206585435,9.2015245461007,2.666509660484735,7
826,1,12.475003313826164,11.734893586108228,0.740109727717936,3
827,1,12.312054506794084,10.381545360025484,1.9305091467685997,6
828,1,12.266582029347774,8.981453658023383,3.28512837132439,10
829,1,12.236213938362198,10.169565599557245,2.066648338804953,6
830,1,12.487463197062425,11.09107273645077,1.3963904606116557,4
831,1,12.378898432507413,9.8529047385382,2.5259936939692125,8
800,10,12.607080292247701,8.635907081246842,3.9711732110008597,13
801,10,12.391808108892292,8.401362559758127,3.990445549134165,14
802,10,12.05398301029345,9.918976462155115,2.1350065481383353,6
803,10,12.279232583954581,9.553139077979722,2.726093505974859,9
804,10,12.012972550583072,7.4811840244801715,4.5317885261029005,15
805,10,12.34065516325063,8.358378454722697,3.982276708527934,13
806,10,12.710747994773556,7.748111976950895,4.9626360178226605,18
807,10,11.716726373357233,8.386479128559586,3.330247244797647,9
808,10,12.367757714702748,7.325946673809085,5.041811040893663,18
809,10,11.840909670107067,8.47106090397574,3.3698487661313266,10
810,10,12.169963957421714,9.081374853354646,3.0885891040670685,8
811,10,11.832476506417152,8.365508891816717,3.466967614600435,10
812,10,12.151016765536042,8.5324036340171,3.6186131315189414,11
813,10,12.498053871211596,9.338683060952462,3.1593708102591336,10
814,10,12.342218650563154,10.362409520777874,1.9798091297852807,5
815,10,12.921925760514569,9.085008652938996,3.836917107575573,14
816,10,12.641222449019551,10.145654449705034,2.495567999314517,8
817,10,12.553382421698188,8.59472368643037,3.958658735267818,13
818,10,12.668932427630352,6.498535123530019,6.170397304100334,23
819,10,12.525352312019095,7.478520364267752,5.046831947751343,18
820,10,12.379970880196197,9.461861830175621,2.9181090500205755,9
821,10,12.460149720645859,10.397492012329167,2.062657708316692,6
822,10,12.227520931861363,7.867777422186919,4.359743509674445,14
823,10,12.27606332412688,9.35280766285723,2.92325566126965,9
824,10,12.141279255825793,9.210181097121676,2.931098158704117,9
825,10,11.868034206585435,8.08554449609801,3.7824897104874253,11
826,10,12.475003313826164,8.278972913481994,4.196030400344171,15
827,10,12.312054506794084,9.85680244473042,2.455252062063664,7
828,10,12.266582029347774,8.083317091863137,4.183264937484637,14
829,10,12.236213938362198,8.429847491002874,3.8063664473593235,12
830,10,12.487463197062425,8.387980305266865,4.09948289179556,13
831,10,12.378898432507413,7.851909171004081,4.526989261503331,15
800,100,12.607080292247701,6.8960754130384885,5.711004879209213,21
801,100,12.391808108892292,7.74665817944333,4.645149929448962,16
802,100,12.05398301029345,8.19352099247044,3.8604620178230107,12
803,100,12.279232583954581,7.4659347208362306,4.8132978631183505,17
804,100,12.012972550583072,6.341527717537247,5.671444833045825,19
805,100,12.34065516325063,7.772640172712272,4.568014990538359,16
806,100,12.710747994773556,7.025632278469857,5.685115716303699,22
807,100,11.716726373357233,7.584882344992366,4.131844028364867,13
808,100,12.367757714702748,5.997618357127067,6.370139357575681,23
809,100,11.840909670107067,6.7523454781621695,5.088564191944897,17
810,100,12.169963957421714,7.823086941760266,4.346877015661448,13
811,100,11.832476506417152,6.6629847011645325,5.169491805252619,17
812,100,12.151016765536042,7.729091089480789,4.4219256760552526,14
813,100,12.498053871211596,7.7473780864384025,4.750675784773193,17
814,100,12.342218650563154,8.812869842047803,3.5293488085153513,11
815,100,12.921925760514569,7.828256076260004,5.093669684254564,19
816,100,12.641222449019551,8.911619048099965,3.7296034009195864,13
817,100,12.553382421698188,6.848479927197332,5.704902494500857,21
818,100,12.668932427630352,5.685709143152053,6.983223284478299,27
819,100,12.525352312019095,5.771310639334843,6.754041672684252,26
820,100,12.379970880196197,8.586090282275109,3.7938805979210883,12
821,100,12.460149720645859,8.922805594658712,3.537344125987147,11
822,100,12.227520931861363,6.519637944147689,5.707882987713674,20
823,100,12.27606332412688,7.87145734281512,4.404605981311761,15
824,100,12.141279255825793,7.938934182544472,4.202345073281322,14
825,100,11.868034206585435,7.1970545209842385,4.670979685601196,14
826,100,12.475003313826164,6.579330675274832,5.895672638551332,22
827,100,12.312054506794084,7.655335666902829,4.656718839891255,16
828,100,12.266582029347774,7.02393969980767,5.242642329540104,18
829,100,12.236213938362198,7.133710608788533,5.102503329573665,17
830,100,12.487463197062425,6.649378033497669,5.838085163564756,21
831,100,12.378898432507413,6.630927512567723,5.747970919939689,21
832,1,11.902335203500115,9.885956939033349,2.0163782644667663,5
833,1,12.557662886418257,9.95957618000466,2.5980867064135964,8
834,1,12.173458612989634,9.384758141124621,2.7887004718650132,8
835,1,12.641921122907661,11.066791860503145,1.5751292624045163,5
836,1,11.962203330433113,9.787064836753416,2.1751384936796967,6
837,1,12.244937137991656,10.430181824543979,1.8147553134476766,6
838,1,12.908097595151048,11.344381354458164,1.5637162406928837,5
839,1,12.0948815146985,10.693068117514485,1.4018133971840143,4
840,1,12.18853550759377,10.709659456915688,1.4788760506780818,4
841,1,12.733690766071959,10.538382821869163,2.1953079442027956,7
842,1,12.40222065904527,9.805538152257213,2.5966825067880563,7
843,1,11.631475749018136,9.870137610589154,1.7613381384289823,4
844,1,11.799664023972582,10.537125811271835,1.262538212700747,3
845,1,12.196201561484486,10.962282734108157,1.2339188273763284,3
846,1,13.006098366167862,10.394140744872857,2.611957621295005,8
847,1,11.763651465647854,9.471843391773291,2.291808073874563,6
848,1,11.949119977885857,8.980787572683766,2.9683324052020907,8
849,1,12.176386756502325,10.915540060464991,1.2608466960373335,3
850,1,12.084613832237665,11.2387204701663,0.8458933620713651,3
851,1,12.580189089552732,11.016057147906395,1.5641319416463375,5
852,1,12.15171491599176,10.646327054244466,1.5053878617472947,5
853,1,12.478559668699745,10.137556679022964,2.341002989676781,7
854,1,11.939138391317101,10.562566903914558,1.3765714874025434,4
855,1,11.590543028491084,9.973769050848205,1.616773977642879,4
856,1,12.120283565924183,10.5195709067375,1.6007126591866836,4
857,1,12.553957388059644,11.5335163890486,1.0204409990110435,3
858,1,12.124388633543276,10.029198986347183,2.0951896471960936,6
859,1,12.720493663611705,11.433871231405647,1.2866224322060589,4
860,1,12.101596971151594,10.345183620731405,1.756413350420189,5
861,1,12.274921555654146,10.801524954207707,1.4733966014464386,4
862,1,11.996997090653167,11.152428268789663,0.8445688218635041,2
863,1,12.628256982166931,11.3696262755293,1.258630706637632,4
832,10,11.902335203500115,7.633813485488645,4.2685217180114705,13
833,10,12.557662886418257,8.087461943188828,4.470200943229429,15
834,10,12.173458612989634,8.486198974540457,3.687259638449177,12
835,10,12.641921122907661,9.604982558754273,3.036938564153388,9
836,10,11.962203330433113,9.073985266542877,2.8882180638902355,8
837,10,12.244937137991656,8.352973007888068,3.891964130103588,13
838,10,12.908097595151048,8.070041784259956,4.838055810891092,18
839,10,12.0948815146985,8.035856177244568,4.059025337453932,13
840,10,12.18853550759377,8.467234219482634,3.7213012881111354,12
841,10,12.733690766071959,8.633606225870608,4.100084540201351,14
842,10,12.40222065904527,7.851253326196456,4.550967332848813,15
843,10,11.631475749018136,7.428851520642638,4.202624228375498,13
844,10,11.799664023972582,9.349382935033645,2.4502810889389366,6
845,10,12.196201561484486,7.014590144739486,5.181611416745,17
846,10,13.006098366167862,6.679704896348994,6.326393469818868,25
847,10,11.763651465647854,8.290870232391171,3.4727812332566828,10
848,10,11.949119977885857,7.9625457976944745,3.9865741801913828,12
849,10,12.176386756502325,8.399203255510656,3.7771835009916686,12
850,10,12.084613832237665,7.6799424202763475,4.404671411961317,14
851,10,12.580189089552732,10.374626165052177,2.205562924500555,6
852,10,12.15171491599176,8.914214804186486,3.237500111805275,10
853,10,12.478559668699745,8.81913034414174,3.6594293245580047,11
854,10,11.939138391317101,9.844184800778748,2.0949535905383527,6
855,10,11.590543028491084,9.422402531316038,2.1681404971750453,6
856,10,12.120283565924183,9.55377490839237,2.566508657531813,7
857,10,12.553957388059644,8.835577296071278,3.718380091988365,13
858,10,12.124388633543276,8.866659875129699,3.2577287584135775,10
859,10,12.720493663611705,8.286824605384027,4.433669058227679,15
860,10,12.101596971151594,9.083946723992995,3.017650247158599,9
861,10,12.274921555654146,9.163051041017752,3.1118705146363936,10
862,10,11.996997090653167,9.084044240284129,2.912952850369038,8
863,10,12.628256982166931,6.733597004236799,5.894659977930132,22
832,100,11.902335203500115,6.4764996727899415,5.425835530710174,17
833,100,12.557662886418257,6.328413481274765,6.2292494051434915,22
834,100,12.173458612989634,7.635713527677581,4.537745085312054,15
835,100,12.641921122907661,8.585894884425215,4.0560262384824455,13
836,100,11.962203330433113,8.056973333514179,3.9052299969189335,12
837,100,12.244937137991656,7.005336743721273,5.239600394270383,18
838,100,12.908097595151048,6.52268089010613,6.385416705044918,25
839,100,12.0948815146985,6.746863199252402,5.348018315446097,18
840,100,12.18853550759377,7.037976561521646,5.150558946072124,18
841,100,12.733690766071959,6.867198911648302,5.866491854423657,22
842,100,12.40222065904527,6.559972545976052,5.842248113069218,22
843,100,11.631475749018136,6.43346227274742,5.198013476270717,17
844,100,11.799664023972582,8.451696179981809,3.347967843990773,9
845,100,12.196201561484486,6.244715648703277,5.951485912781209,20
846,100,13.006098366167862,6.086915681313258,6.919182684854604,28
847,100,11.763651465647854,7.139182435930707,4.624469029717147,14
848,100,11.949119977885857,7.029253611457534,4.919866366428323,16
849,100,12.176386756502325,6.878193742100848,5.298193014401477,18
850,100,12.084613832237665,6.923873151128646,5.160740681109019,17
851,100,12.580189089552732,8.772007662133547,3.8081814274191856,12
852,100,12.15171491599176,7.934704966028221,4.21700994996354,14
853,100,12.478559668699745,7.2424444376374595,5.236115231062286,18
854,100,11.939138391317101,8.590316180983791,3.34882221033331,10
855,100,11.590543028491084,8.010135195509065,3.5804078329820186,10
856,100,12.120283565924183,8.50721751162564,3.6130660542985424,11
857,100,12.553957388059644,7.608049697904789,4.945907690154854,19
858,100,12.124388633543276,7.778269872433157,4.3461187611101195,15
859,100,12.720493663611705,6.802328883160953,5.918164780450752,22
860,100,12.101596971151594,8.115373354907206,3.986223616244388,12
861,100,12.274921555654146,7.911148755287286,4.36377280036686,15
862,100,11.996997090653167,7.956333325113519,4.040663765539648,12
863,100,12.628256982166931,5.746463643594325,6.8817933385726064,27
864,1,12.184347792441258,8.19053061446175,3.9938171779795084,12
865,1,12.350747624004725,11.017166933102999,1.3335806909017265,4
866,1,12.082827537928097,9.07621615307653,3.006611384851567,9
867,1,12.061754316502629,9.983420846718218,2.078333469784411,6
868,1,12.14281874531298,11.202068702783436,0.9407500425295439,3
869,1,12.059064830798889,10.833561145380372,1.2255036854185164,3
870,1,11.846765710379259,10.496293892920221,1.350471817459038,3
871,1,11.437927126011346,10.127494808693882,1.3104323173174635,3
872,1,12.42288387438748,10.435156161664054,1.9877277127234265,5
873,1,12.555609923787415,11.467741322005168,1.0878686017822474,4
874,1,12.748504474991933,11.733244459232083,1.01526001575985,3
875,1,12.032763563722256,10.10411643605039,1.9286471276718657,6
876,1,12.396119384095073,10.466944137122482,1.9291752469725907,6
877,1,11.951459018731839,11.00950650939194,0.9419525093398988,3
878,1,11.57568110502325,9.855282776406966,1.7203983286162838,4
879,1,12.446277207913226,10.43999734146928,2.006279866443947,6
880,1,12.069037217879668,10.43925888184458,1.6297783360350877,4
881,1,12.004425019418704,9.455138889708905,2.549286129709799,7
882,1,12.464807525444485,10.83276854671567,1.632038978728815,5
883,1,12.22906246414641,10.583113728032913,1.6459487361134961,5
884,1,11.872642642991195,9.705733342389067,2.1669093006021285,6
885,1,12.181440865577315,10.479489971752628,1.7019508938246872,5
886,1,11.701244959935138,10.389579691363906,1.3116652685712324,4
887,1,12.083093717330485,10.082856038454338,2.0002376788761467,6
888,1,12.836229106527753,11.502461062162183,1.33376804436557,4
889,1,12.63980488514062,10.636720916139893,2.003083969000727,6
890,1,12.67026094335597,9.96736900426913,2.7028919390868396,9
891,1,12.272730590939318,10.925819279229472,1.346911311709846,4
892,1,12.668027497653384,10.816977071750443,1.8510504259029403,5
893,1,12.481900654311175,10.896928468064289,1.5849721862468868,5
894,1,12.350704976073757,10.448076384454907,1.90262859161885,6
895,1,11.776432224964083,9.922662384640716,1.8537698403233662,5
864,10,12.184347792441258,7.75325408752542,4.431093704915838,14
865,10,12.350747624004725,9.857764887914527,2.492982736090198,8
866,10,12.082827537928097,8.261407507558033,3.8214200303700636,12
867,10,12.061754316502629,8.04304596557995,4.0187083509226795,13
868,10,12.14281874531298,9.838993390760152,2.3038253545528278,6
869,10,12.059064830798889,8.981118875177344,3.0779459556215443,8
870,10,11.846765710379259,8.883744495211431,2.963021215167828,8
871,10,11.437927126011346,9.06750986276893,2.370417263242416,6
872,10,12.42288387438748,8.971849500434473,3.451034373953007,11
873,10,12.555609923787415,8.645778856007382,3.9098310677800328,13
874,10,12.748504474991933,8.772408890275983,3.9760955847159494,15
875,10,12.032763563722256,8.398436663483153,3.6343269002391025,11
876,10,12.396119384095073,9.365942344069481,3.030177040025592,10
877,10,11.951459018731839,9.413848863376188,2.537610155355651,8
878,10,11.57568110502325,8.317402946733637,3.258278158289613,9
879,10,12.446277207913226,6.455202878059936,5.991074329853291,21
880,10,12.069037217879668,7.373843859182671,4.695193358696997,15
881,10,12.004425019418704,9.053418750190758,2.951006269227946,8
882,10,12.464807525444485,7.206167389937036,5.258640135507449,18
883,10,12.22906246414641,9.653714835527353,2.575347628619056,8
884,10,11.872642642991195,7.980173859281422,3.8924687837097736,12
885,10,12.181440865577315,7.848550983107998,4.332889882469317,15
886,10,11.701244959935138,8.722701831626182,2.9785431283089565,9
887,10,12.083093717330485,9.570817958199768,2.5122757591307163,7
888,10,12.836229106527753,8.504370668320917,4.331858438206837,16
889,10,12.63980488514062,8.009088596678339,4.630716288462281,16
890,10,12.67026094335597,6.523073777905665,6.147187165450305,23
891,10,12.272730590939318,9.301988661678479,2.9707419292608392,9
892,10,12.668027497653384,9.349241845018696,3.3187856526346877,11
893,10,12.481900654311175,9.642035442448105,2.8398652118630707,9
894,10,12.350704976073757,9.27693009434006,3.073774881733698,10
895,10,11.776432224964083,8.72161812120612,3.0548141037579626,8
864,100,12.184347792441258,7.002394228155026,5.181953564286232,17
865,100,12.350747624004725,8.269866669841576,4.080880954163149,14
866,100,12.082827537928097,7.07496028186506,5.007867256063037,17
867,100,12.061754316502629,7.135023911770986,4.926730404731643,16
868,100,12.14281874531298,8.502493112435332,3.640325632877648,11
869,100,12.059064830798889,8.116939641913632,3.9421251888852566,12
870,100,11.846765710379259,6.810714661736711,5.036051048642548,16
871,100,11.437927126011346,7.723630082036834,3.7142970439745113,10
872,100,12.42288387438748,7.3549955720081925,5.067888302379288,18
873,100,12.555609923787415,7.2443924935068935,5.3112174302805215,19
874,100,12.748504474991933,7.236788492708001,5.511715982283931,22
875,100,12.032763563722256,7.526807823494892,4.505955740227364,15
876,100,12.396119384095073,8.320702436380088,4.075416947714984,14
877,100,11.951459018731839,7.983093025788548,3.9683659929432906,13
878,100,11.57568110502325,7.521494235334103,4.054186869689147,11
879,100,12.446277207913226,5.672331112684333,6.773946095228894,25
880,100,12.069037217879668,6.260359592270106,5.808677625609562,20
881,100,12.004425019418704,8.329695334847202,3.6747296845715027,11
882,100,12.464807525444485,6.1814092712666024,6.283398254177882,23
883,100,12.22906246414641,8.652835556480568,3.5762269076658413,12
884,100,11.872642642991195,7.05220404645479,4.820438596536405,15
885,100,12.181440865577315,5.811876252628281,6.369564612949034,24
886,100,11.701244959935138,7.511477072279376,4.189767887655762,13
887,100,12.083093717330485,8.525042446897714,3.5580512704327703,11
888,100,12.836229106527753,7.20890569279436,5.627323413733393,22
889,100,12.63980488514062,6.82452317152638,5.81528171361424,21
890,100,12.67026094335597,5.58528369537089,7.08497724798508,28
891,100,12.272730590939318,7.978234666126809,4.294495924812509,14
892,100,12.668027497653384,7.983629439317156,4.684398058336228,17
893,100,12.481900654311175,7.622838347902871,4.859062306408305,17
894,100,12.350704976073757,8.205010663434223,4.1456943126395345,14
895,100,11.776432224964083,7.686121594226279,4.090310630737804,12
896,1,12.010674191173166,11.181809384841472,0.8288648063316941,2
897,1,12.562863525468856,11.423675140715204,1.139188384753652,4
898,1,12.20491086023685,9.966925524218823,2.2379853360180277,7
899,1,12.469918218121165,11.08583434126922,1.3840838768519461,4
900,1,12.483666447922587,11.909648461267352,0.5740179866552353,2
901,1,12.313453884631599,11.39364316994397,0.9198107146876282,2
902,1,12.008945001351094,10.688880407538818,1.3200645938122761,4
903,1,12.338191945607832,11.204211449039576,1.133980496568256,3
904,1,12.238563272272586,7.911156125730486,4.3274071465421,14
905,1,11.958397952723317,10.28604243916925,1.6723555135540664,5
906,1,12.216741624011775,9.065799818417872,3.1509418055939022,10
907,1,12.422135412765783,10.31736945589364,2.104765956872143,7
908,1,12.213788941517123,10.79193217518332,1.4218567663338035,4
909,1,12.459098767241812,11.247624756550067,1.2114740106917452,4
910,1,12.062277599558001,10.79129960006685,1.2709779994911514,4
911,1,12.215826412517345,11.428042060724692,0.7877843517926522,2
912,1,12.339041609258857,10.23943435010733,2.099607259151526,6
913,1,12.333935714879772,10.927945964125684,1.4059897507540882,4
914,1,12.16130785617861,10.022006132901879,2.1393017232767306,7
915,1,12.415011825214606,9.643730736279394,2.7712810889352113,8
916,1,12.403101761679864,10.228087021940155,2.1750147397397086,6
917,1,12.505534370371606,10.117415134853218,2.3881192355183885,7
918,1,12.636112870386569,11.541980594192864,1.0941322761937045,3
919,1,11.829274001007434,9.795464007707778,2.0338099932996556,6
920,1,12.257717974571278,9.439423489064211,2.8182944855070673,8
921,1,12.875748157559428,11.493798263196368,1.3819498943630606,4
922,1,12.464978177427838,10.737655511336925,1.7273226660909131,5
923,1,12.005133186321473,9.364481958473334,2.6406512278481387,7
924,1,12.199854004378722,11.216335466080636,0.9835185382980853,3
925,1,12.202219868428074,10.394644555868581,1.8075753125594929,5
926,1,12.188531270367093,10.79281218413962,1.3957190862274729,4
927,1,12.199855105766801,10.795010099832325,1.404845005934476,4
896,10,12.010674191173166,10.4994194265455,1.5112547646276653,4
897,10,12.562863525468856,10.675983544439077,1.8868799810297787,6
898,10,12.20491086023685,8.927503776110825,3.2774070841260254,11
899,10,12.469918218121165,7.8708393474516924,4.599078870669473,16
900,10,12.483666447922587,8.96458127303049,3.5190851748920977,11
901,10,12.313453884631599,9.108613523607346,3.204840361024253,10
902,10,12.008945001351094,7.711229938253382,4.297715063097712,14
903,10,12.338191945607832,8.863822225648619,3.4743697199592134,10
904,10,12.238563272272586,7.180944753301446,5.05761851897114,17
905,10,11.958397952723317,8.276705605559982,3.6816923471633345,11
906,10,12.216741624011775,7.876783507454093,4.339958116557682,14
907,10,12.422135412765783,9.720961156956037,2.7011742558097467,9
908,10,12.213788941517123,9.447118416414014,2.766670525103109,9
909,10,12.459098767241812,7.9965449056908255,4.462553861550987,15
910,10,12.062277599558001,9.314372422726592,2.7479051768314093,8
911,10,12.215826412517345,8.987076157485717,3.2287502550316276,10
912,10,12.339041609258857,9.415775341738481,2.9232662675203755,9
913,10,12.333935714879772,9.275679273385322,3.05825644149445,10
914,10,12.16130785617861,9.624102499132277,2.537205357046332,8
915,10,12.415011825214606,7.068011499883141,5.347000325331464,18
916,10,12.403101761679864,9.664105729054427,2.738996032625437,8
917,10,12.505534370371606,9.086648506170604,3.418885864201002,11
918,10,12.636112870386569,8.923860073817195,3.7122527965693735,12
919,10,11.829274001007434,8.77969217201462,3.049581828992814,9
920,10,12.257717974571278,7.42902837364818,4.828689600923099,16
921,10,12.875748157559428,7.4662304352386855,5.409517722320743,20
922,10,12.464978177427838,9.230580128474685,3.234398048953153,10
923,10,12.005133186321473,8.319347143085906,3.6857860432355665,11
924,10,12.199854004378722,9.385564851523668,2.8142891528550535,8
925,10,12.202219868428074,6.998424582183361,5.203795286244713,18
926,10,12.188531270367093,7.5450268741115,4.643504396255594,16
927,10,12.199855105766801,9.288020222850719,2.9118348829160823,9
896,100,12.010674191173166,9.420655546244234,2.590018644928932,7
897,100,12.562863525468856,9.683997196145356,2.8788663293235004,10
898,100,12.20491086023685,7.843265320218052,4.361645540018799,15
899,100,12.469918218121165,6.854818322084611,5.615099896036554,21
900,100,12.483666447922587,7.978075563441962,4.505590884480625,15
901,100,12.313453884631599,8.013179891579057,4.300273993052542,14
902,100,12.008945001351094,6.279559792357759,5.729385208993335,19
903,100,12.338191945607832,7.778621181401832,4.559570764206001,15
904,100,12.238563272272586,6.084911257130443,6.153652015142143,22
905,100,11.958397952723317,7.054142055683769,4.904255897039548,15
906,100,12.216741624011775,6.644714740847121,5.5720268831646536,19
907,100,12.422135412765783,8.804728913775762,3.6174064989900216,12
908,100,12.213788941517123,8.286583243971108,3.9272056975460146,13
909,100,12.459098767241812,7.128854401657009,5.330244365584804,19
910,100,12.062277599558001,7.748314130032668,4.3139634695253335,14
911,100,12.215826412517345,7.8867349644133355,4.329091448104009,14
912,100,12.339041609258857,7.620998001249973,4.718043608008884,16
913,100,12.333935714879772,7.614784301928012,4.71915141295176,16
914,100,12.16130785617861,8.201224345742958,3.960083510435652,13
915,100,12.415011825214606,6.153455249324907,6.261556575889699,23
916,100,12.403101761679864,7.961133234523004,4.44196852715686,15
917,100,12.505534370371606,7.757086009543855,4.7484483608277515,17
918,100,12.636112870386569,7.204690516664414,5.431422353722155,20
919,100,11.829274001007434,7.963672166632023,3.8656018343754113,12
920,100,12.257717974571278,6.069048058037879,6.188669916533399,22
921,100,12.875748157559428,6.4597372864955105,6.416010871063918,25
922,100,12.464978177427838,7.949292177545431,4.5156859998824075,15
923,100,12.005133186321473,7.499893892178079,4.505239294143394,14
924,100,12.199854004378722,8.464695102484256,3.735158901894465,12
925,100,12.202219868428074,6.1774467342766,6.024773134151474,22
926,100,12.188531270367093,6.298431889503263,5.8900993808638304,22
927,100,12.199855105766801,8.022407520907109,4.177447584859692,14
928,1,12.014261770127632,11.1653334637449,0.8489283063827315,3
929,1,12.399007070227526,10.819952076126356,1.5790549941011705,5
930,1,11.800865010125563,10.130767352180555,1.670097657945007,5
931,1,12.660339463927812,11.178917962435662,1.4814215014921501,5
932,1,12.274859208569978,9.66103888505313,2.6138203235168476,7
933,1,12.584487586456817,10.546585205185693,2.037902381271124,6
934,1,12.38891559431795,10.515642419282813,1.8732731750351377,6
935,1,12.438157433534798,11.852028225119284,0.5861292084155139,2
936,1,12.491784895813907,10.649228760987171,1.8425561348267365,6
937,1,12.169131086033303,10.572273789846804,1.5968572961864993,4
938,1,12.592839150835061,10.433052091306308,2.159787059528753,7
939,1,12.003725717542693,11.101255823392421,0.902469894150272,3
940,1,11.3870505712257,9.61569340249116,1.7713571687345393,4
941,1,12.57553717654082,9.894367472297745,2.681169704243075,8
942,1,12.372408531809924,10.135970871284371,2.236437660525553,7
943,1,12.496091477456503,11.225742396316491,1.2703490811400115,4
944,1,12.245764834580768,11.006869588505651,1.238895246075117,4
945,1,12.21472756100411,10.86804927243793,1.3466782885661814,3
946,1,12.344948435173137,10.724864363175584,1.620084071997553,5
947,1,12.50810050261498,10.543766627830337,1.9643338747846428,5
948,1,12.230855365021853,10.034634249081137,2.196221115940716,7
949,1,12.277690906601492,9.695736395893618,2.581954510707874,8
950,1,11.992275229276856,10.673600443959003,1.318674785317853,3
951,1,11.969208419945062,10.615696611446765,1.3535118084982969,4
952,1,12.384802289527215,10.382481939612262,2.002320349914953,6
953,1,12.895413925900357,10.113382255862234,2.7820316700381227,9
954,1,11.796315924453666,10.283894437874551,1.5124214865791146,4
955,1,12.35388285361455,10.829297704727878,1.524585148886672,5
956,1,12.082342333596898,10.518734901357675,1.5636074322392233,4
957,1,12.077179885376609,9.923746690130429,2.15343319524618,6
958,1,12.819640479283407,11.688635717146099,1.1310047621373087,3
959,1,12.492574387521017,10.58930740953656,1.9032669779844582,5
928,10,12.014261770127632,10.544997162585787,1.4692646075418452,4
929,10,12.399007070227526,7.826492364227306,4.57251470600022,15
930,10,11.800865010125563,8.348324846941978,3.452540163183585,11
931,10,12.660339463927812,9.176970477699797,3.4833689862280153,12
932,10,12.274859208569978,7.8570567795977695,4.417802428972209,14
933,10,12.584487586456817,8.584201741672587,4.00028584478423,13
934,10,12.38891559431795,9.252310748328455,3.1366048459894955,10
935,10,12.438157433534798,7.898466977632779,4.539690455902019,16
936,10,12.491784895813907,9.290540645932197,3.201244249881711,10
937,10,12.169131086033303,9.535767638066318,2.6333634479669854,8
938,10,12.592839150835061,7.309790706000058,5.2830484448350035,19
939,10,12.003725717542693,8.988080465700477,3.0156452518422157,8
940,10,11.3870505712257,8.353862074189237,3.0331884970364626,8
941,10,12.57553717654082,8.430053212243365,4.145483964297455,14
942,10,12.372408531809924,8.806622797477758,3.5657857343321666,12
943,10,12.496091477456503,9.923115181154571,2.572976296301931,8
944,10,12.245764834580768,9.28820962645841,2.9575552081223577,10
945,10,12.21472756100411,9.69569424157089,2.5190333194332197,7
946,10,12.344948435173137,8.300619060610188,4.044329374562949,14
947,10,12.50810050261498,9.62289636892092,2.88520413369406,9
948,10,12.230855365021853,7.313121919083642,4.917733445938211,17
949,10,12.277690906601492,7.33450984157389,4.943181065027602,17
950,10,11.992275229276856,9.121753831597744,2.870521397679113,8
951,10,11.969208419945062,8.455751938436151,3.5134564815089107,11
952,10,12.384802289527215,6.971496410655163,5.413305878872052,19
953,10,12.895413925900357,7.971280468191253,4.924133457709104,18
954,10,11.796315924453666,8.926710977728362,2.8696049467253033,8
955,10,12.35388285361455,8.379981838039612,3.9739010155749384,13
956,10,12.082342333596898,8.022824990242952,4.059517343353946,12
957,10,12.077179885376609,8.339948164042653,3.7372317213339556,11
958,10,12.819640479283407,9.924890831112862,2.8947496481705457,10
959,10,12.492574387521017,7.96682111575501,4.525753271766007,15
928,100,12.014261770127632,8.885448107677803,3.1288136624498293,10
929,100,12.399007070227526,6.229814221384004,6.169192848843522,22
930,100,11.800865010125563,5.723287669243291,6.0775773408822715,20
931,100,12.660339463927812,8.256372800173267,4.403966663754545,16
932,100,12.274859208569978,6.635035741768661,5.639823466801317,20
933,100,12.584487586456817,7.108904279477429,5.475583306979388,20
934,100,12.38891559431795,8.022433594684117,4.366481999633834,15
935,100,12.438157433534798,7.119678269089491,5.318479164445307,19
936,100,12.491784895813907,7.672637418014347,4.819147477799561,16
937,100,12.169131086033303,7.575816081196535,4.593315004836768,15
938,100,12.592839150835061,6.302031393715879,6.2908077571191825,24
939,100,12.003725717542693,7.884685750352219,4.119039967190474,12
940,100,11.3870505712257,7.082727031302056,4.304323539923644,12
941,100,12.57553717654082,7.267746700468706,5.307790476072114,19
942,100,12.372408531809924,7.003193352225935,5.369215179583989,20
943,100,12.496091477456503,8.974398325080983,3.5216931523755193,11
944,100,12.245764834580768,8.406132290612732,3.8396325439680368,13
945,100,12.21472756100411,8.372583691161708,3.8421438698424026,11
946,100,12.344948435173137,7.385845083539607,4.95910335163353,17
947,100,12.50810050261498,8.30535680129833,4.202743701316649,14
948,100,12.230855365021853,6.469382605253486,5.761472759768367,21
949,100,12.277690906601492,6.332459135504905,5.945231771096587,22
950,100,11.992275229276856,7.6313063370471355,4.360968892229721,14
951,100,11.969208419945062,7.170994820789929,4.798213599155133,15
952,100,12.384802289527215,5.929362978158679,6.455439311368536,23
953,100,12.895413925900357,7.042684808402555,5.852729117497802,22
954,100,11.796315924453666,7.7033101076231105,4.093005816830555,12
955,100,12.35388285361455,7.265522538673622,5.088360314940928,18
956,100,12.082342333596898,7.316630245331908,4.765712088264991,15
957,100,12.077179885376609,7.10436482672776,4.972815058648848,16
958,100,12.819640479283407,7.613544257124886,5.206096222158521,20
959,100,12.492574387521017,7.138482442300301,5.354091945220716,19
960,1,11.73488359375915,8.381316221217276,3.3535673725418746,9
961,1,12.26178972303751,9.784636481228517,2.477153241808992,7
962,1,12.355910447833594,10.699387617816683,1.656522830016911,5
963,1,12.30551110918168,10.71812466031406,1.587386448867619,5
964,1,12.730156479286961,10.89874057972338,1.8314158995635808,5
965,1,12.386267163390585,10.48830137000914,1.897965793381445,6
966,1,11.800533837405965,9.811517514754087,1.989016322651878,5
967,1,12.241991850591148,10.469470896889106,1.7725209537020419,5
968,1,12.081790128577268,9.55176717104041,2.5300229575368576,7
969,1,12.48486871399291,11.489966394070507,0.994902319922403,3
970,1,11.929502642613443,10.1277793817153,1.801723260898143,4
971,1,12.289340026371065,10.845581302812207,1.443758723558858,4
972,1,12.371420238749124,10.372265779529698,1.999154459219426,6
973,1,11.890074506402016,10.523657609010115,1.3664168973919004,4
974,1,12.218763343989849,10.267420656484319,1.9513426875055302,5
975,1,11.954839531361358,9.81420326474472,2.1406362666166387,6
976,1,11.733624566724757,10.72040031015058,1.0132242565741763,3
977,1,12.203135144663975,9.421955994912423,2.7811791497515514,8
978,1,12.205457451855182,10.349813632070436,1.8556438197847456,5
979,1,12.041497020909446,11.177577306589228,0.8639197143202182,2
980,1,11.646588017436443,9.496099950891221,2.150488066545222,5
981,1,12.162608509039273,10.405767699790886,1.7568408092483878,5
982,1,12.344314693051274,11.348028929482098,0.9962857635691762,3
983,1,12.40110990424364,10.8917630325559,1.5093468716877396,5
984,1,12.8450556647731,10.586182638187893,2.2588730265852064,8
985,1,12.138781010551611,10.168169251206564,1.9706117593450472,5
986,1,11.995778898985009,9.470941680905526,2.524837218079483,7
987,1,11.606117484261631,9.954610417233198,1.651507067028433,4
988,1,11.834789571090369,9.422883843275486,2.411905727814883,7
989,1,12.214850768330507,8.996883524465375,3.2179672438651323,10
990,1,11.69255774456542,9.074732164328452,2.6178255802369677,7
991,1,11.926577313199232,10.546227669990913,1.3803496432083193,4
960,10,11.73488359375915,7.904682606938877,3.830200986820273,11
961,10,12.26178972303751,8.758764411468292,3.5030253115692176,10
962,10,12.355910447833594,8.280991973995697,4.074918473837897,13
963,10,12.30551110918168,7.861434891005047,4.444076218176633,15
964,10,12.730156479286961,8.646611331962049,4.083545147324912,13
965,10,12.386267163390585,8.834819331699691,3.5514478316908935,12
966,10,11.800533837405965,8.504460931988433,3.2960729054175317,10
967,10,12.241991850591148,8.20641646948934,4.035575381101808,13
968,10,12.081790128577268,7.828807789977873,4.252982338599395,13
969,10,12.48486871399291,9.106623132083769,3.378245581909141,11
970,10,11.929502642613443,8.295882913384048,3.6336197292293946,11
971,10,12.289340026371065,9.437546343004215,2.85179368336685,8
972,10,12.371420238749124,7.247173964860849,5.124246273888275,18
973,10,11.890074506402016,8.59801775822416,3.292056748177856,9
974,10,12.218763343989849,6.8919615714403335,5.326801772549516,18
975,10,11.954839531361358,8.888932385161752,3.0659071461996064,9
976,10,11.733624566724757,8.025706285465276,3.707918281259481,11
977,10,12.203135144663975,7.971413706021849,4.231721438642126,13
978,10,12.205457451855182,7.996050348607241,4.2094071032479405,14
979,10,12.041497020909446,8.629717848074506,3.4117791728349403,11
980,10,11.646588017436443,6.236258741962956,5.410329275473487,17
981,10,12.162608509039273,9.194407938484801,2.9682005705544725,9
982,10,12.344314693051274,8.280080881158938,4.064233811892336,14
983,10,12.40110990424364,8.540060299124889,3.861049605118751,13
984,10,12.8450556647731,8.526901966310106,4.318153698462993,16
985,10,12.138781010551611,8.319680562388385,3.8191004481632262,11
986,10,11.995778898985009,6.907463567142258,5.08831533184275,16
987,10,11.606117484261631,9.63232659442292,1.9737908898387104,5
988,10,11.834789571090369,6.973590827343287,4.861198743747082,16
989,10,12.214850768330507,8.144922948558815,4.069927819771692,13
990,10,11.69255774456542,8.5395106485812,3.1530470959842205,8
991,10,11.926577313199232,8.364925393507292,3.56165191969194,11
960,100,11.73488359375915,7.302900599563145,4.431982994196005,13
961,100,12.26178972303751,7.229723804950481,5.032065918087028,16
962,100,12.355910447833594,6.303414044843521,6.052496402990073,21
963,100,12.30551110918168,7.0974517945433035,5.208059314638376,18
964,100,12.730156479286961,7.1770697419997305,5.553086737287231,20
965,100,12.386267163390585,7.059118116456375,5.32714904693421,19
966,100,11.800533837405965,7.144045131048188,4.656488706357777,14
967,100,12.241991850591148,7.23781169000722,5.004180160583928,18
968,100,12.081790128577268,6.309580418659607,5.772209709917661,19
969,100,12.48486871399291,7.707071764791181,4.777796949201729,17
970,100,11.929502642613443,7.564564228656309,4.364938413957134,14
971,100,12.289340026371065,8.570222571244813,3.719117455126252,12
972,100,12.371420238749124,6.409053616574965,5.962366622174159,21
973,100,11.890074506402016,7.243902023881674,4.646172482520342,14
974,100,12.218763343989849,5.842472770542372,6.376290573447477,23
975,100,11.954839531361358,7.424801546469098,4.53003798489226,15
976,100,11.733624566724757,7.363113452709513,4.370511114015244,13
977,100,12.203135144663975,5.710587604902685,6.49254753976129,23
978,100,12.205457451855182,7.227979622184648,4.9774778296705335,17
979,100,12.041497020909446,6.818634696377558,5.222862324531889,18
980,100,11.646588017436443,5.497967633447843,6.1486203839886,20
981,100,12.162608509039273,8.043932901025983,4.118675608013291,14
982,100,12.344314693051274,7.222628046452883,5.121686646598391,18
983,100,12.40110990424364,7.399203291202866,5.001906613040774,18
984,100,12.8450556647731,6.934102841070853,5.910952823702246,23
985,100,12.138781010551611,7.580567984346999,4.558213026204612,14
986,100,11.995778898985009,6.058199738574331,5.937579160410678,20
987,100,11.606117484261631,8.22368984563218,3.3824276386294514,9
988,100,11.834789571090369,5.736557865253417,6.098231705836952,21
989,100,12.214850768330507,6.655753121594898,5.559097646735609,20
990,100,11.69255774456542,7.790930613060482,3.901627131504938,11
991,100,11.926577313199232,6.760923036425083,5.1656542767741485,17
992,1,12.384255366603611,10.417873502039583,1.9663818645640276,5
993,1,12.20160510744222,10.960949460200709,1.2406556472415105,4
994,1,12.327675475506112,11.448909812606871,0.8787656628992409,3
995,1,12.664859086318756,10.84435420979571,1.8205048765230458,6
996,1,11.60147150249395,9.246913493916509,2.354558008577442,6
997,1,12.246607457083883,8.955870386009337,3.2907370710745454,10
998,1,12.066581748891622,10.295525712077506,1.771056036814116,5
999,1,12.959018532303162,10.744221189175732,2.2147973431274295,7
992,10,12.384255366603611,8.172764620248927,4.211490746354684,14
993,10,12.20160510744222,8.935795504756015,3.265809602686204,11
994,10,12.327675475506112,7.533830024302006,4.793845451204106,17
995,10,12.664859086318756,8.792680218975875,3.872178867342882,13
996,10,11.60147150249395,8.536508657693048,3.0649628448009025,8
997,10,12.246607457083883,6.71185874126968,5.534748715814203,19
998,10,12.066581748891622,8.822099816403352,3.24448193248827,10
999,10,12.959018532303162,7.767953310860321,5.191065221442841,19
992,100,12.384255366603611,6.731100888020592,5.653154478583019,20
993,100,12.20160510744222,7.388759763252665,4.8128453441895545,17
994,100,12.327675475506112,6.792449773289263,5.535225702216849,20
995,100,12.664859086318756,6.982282298456994,5.682576787861763,21
996,100,11.60147150249395,7.770130023985985,3.831341478507966,11
997,100,12.246607457083883,5.951225077325944,6.295382379757939,23
998,100,12.066581748891622,7.3271773755550385,4.739404373336583,16
999,100,12.959018532303162,6.333419347763993,6.625599184539169,26
